algorithm,buildConfiguration,graphicsBackend,graphicsAdapter,graphicsVersion,vSyncEnabled,heightMapPath,heightMapWidth,heightMapHeight,terrainSize,heightScale,maxDepthSetting,screenSpaceSplitThresholdPixels,screenSpaceMergeThresholdPixels,triangleBudget,timeSeconds,cameraX,cameraY,cameraZ,frameMilliseconds,triangles,nodes,activeSplits,splits,forcedSplits,merges,candidatePeak,persistentSplitQueueSize,persistentMergeQueueSize,queueCrossoverCount,queueMembershipUpdateCount,cpuMeshFullRebuildCount,cpuMeshUpdatedTriangleCount,cpuMeshReusedTriangleCount,cpuMeshDirtyRangeCount,budgetRejectedSplits,tjunctions,invalidNeighbors,invalidTopology,cpuWorkers,cpuUtilizationPercent,lodTotalMilliseconds,cpuUpdateMilliseconds,cpuPrepareMilliseconds,cpuMergeCandidateMarkMilliseconds,cpuMergeTopologyMilliseconds,cpuBudgetLeafCollectMilliseconds,cpuErrorEvalMilliseconds,cpuSplitCandidateMarkMilliseconds,cpuSplitTopologyMilliseconds,cpuFinalLeafCollectMilliseconds,cpuMeshEmitMilliseconds,cpuFinalizeMilliseconds,cpuUploadMilliseconds,gpuInitialLeafCompactionMilliseconds,gpuErrorEvaluationMilliseconds,gpuSplitCandidateMarkingMilliseconds,gpuMergeCandidateMarkingMilliseconds,gpuSplitTopologyMilliseconds,gpuActiveLeafResetMilliseconds,gpuFinalLeafCompactionMilliseconds,gpuMeshEmitMilliseconds,gpuPassSumMilliseconds,gpuSnapshotBuildMilliseconds,gpuBufferAllocationMilliseconds,gpuDispatchWallMilliseconds,gpuQueryWaitMilliseconds,gpuReadbackWaitMilliseconds,frameFenceWaitMilliseconds,renderMilliseconds,cpuGpuUploadBytes,cpuGpuReadbackBytes,splitMilliseconds,mergeMilliseconds,emitMilliseconds,validateMilliseconds,maxDepthReached
Classic CPU ROAM,RelWithDebInfo,OpenGL,NVIDIA GeForce RTX 5090 D/PCIe/SSE2,4.3.0 NVIDIA 591.86,false,assets/heightmaps/Hm_Terrain_Peking_513.png,547,547,80.000,12.000,20,0.250,0.100,200000,0.000,58.000,20.000,0.000,0.453,200000,399998,199998,199998,99931,0,233547,200000,33547,0,1369301,1,200000,0,1,1,0,0,0,1,100.105,677.954,671.163,94.957,0.000,0.000,0.000,0.000,0.001,343.586,0.000,166.654,63.727,6.772,0.000,0.000,0.000,0.000,0.000,0.000,0.000,0.000,0.000,0.000,0.000,0.000,0.000,0.000,0.000,0.000,33600000,0,343.587,0.000,166.654,0.000,20
Classic CPU ROAM,RelWithDebInfo,OpenGL,NVIDIA GeForce RTX 5090 D/PCIe/SSE2,4.3.0 NVIDIA 591.86,false,assets/heightmaps/Hm_Terrain_Peking_513.png,547,547,80.000,12.000,20,0.250,0.100,200000,1.447,35.626,22.908,45.768,1447.293,200000,571772,199998,86020,42962,86020,238322,200000,34010,32280,1078751,0,200000,0,1,16974,0,0,0,1,100.073,568.666,562.085,5.516,18.063,113.148,0.000,0.000,48.361,184.774,0.000,133.607,56.294,6.565,0.000,0.000,0.000,0.000,0.000,0.000,0.000,0.000,0.000,0.000,0.000,0.000,0.000,0.000,0.000,0.000,33600000,0,233.135,131.211,133.607,0.000,20
Classic CPU ROAM,RelWithDebInfo,OpenGL,NVIDIA GeForce RTX 5090 D/PCIe/SSE2,4.3.0 NVIDIA 591.86,false,assets/heightmaps/Hm_Terrain_Peking_513.png,547,547,80.000,12.000,20,0.250,0.100,200000,2.017,17.346,21.712,55.345,569.326,200000,647894,199998,44577,22434,44577,235620,200000,33674,19800,549692,0,182841,17159,8069,10428,0,0,0,1,100.378,364.330,357.933,6.492,15.193,62.161,0.000,0.000,49.177,90.300,0.000,77.452,55.881,6.292,0.000,0.000,0.000,0.000,0.000,0.000,0.000,0.000,0.000,0.000,0.000,0.000,0.000,0.000,0.000,0.000,30717288,0,139.477,77.354,77.452,0.000,20
Classic CPU ROAM,RelWithDebInfo,OpenGL,NVIDIA GeForce RTX 5090 D/PCIe/SSE2,4.3.0 NVIDIA 591.86,false,assets/heightmaps/Hm_Terrain_Peking_513.png,547,547,80.000,12.000,20,0.250,0.100,200000,2.382,4.302,20.444,57.840,365.218,200000,707016,199998,34066,17144,34066,234540,200000,33439,12765,404383,0,143394,56606,20168,7124,0,0,0,1,98.922,310.203,299.994,5.336,15.271,44.826,0.000,0.000,49.305,69.449,0.000,58.786,56.029,10.065,0.000,0.000,0.000,0.000,0.000,0.000,0.000,0.000,0.000,0.000,0.000,0.000,0.000,0.000,0.000,0.000,24090192,0,118.753,60.097,58.786,0.000,20
Classic CPU ROAM,RelWithDebInfo,OpenGL,NVIDIA GeForce RTX 5090 D/PCIe/SSE2,4.3.0 NVIDIA 591.86,false,assets/heightmaps/Hm_Terrain_Peking_513.png,547,547,80.000,12.000,20,0.250,0.100,200000,2.693,-7.015,19.280,57.574,311.143,200000,755908,199998,27803,13934,27803,233816,200000,33431,9668,328400,0,115543,84457,24984,5483,0,0,0,1,100.270,276.260,264.766,6.127,15.204,34.311,0.000,0.000,49.733,55.597,0.000,47.493,55.507,11.319,0.000,0.000,0.000,0.000,0.000,0.000,0.000,0.000,0.000,0.000,0.000,0.000,0.000,0.000,0.000,0.000,19411224,0,105.329,49.515,47.493,0.000,20
Classic CPU ROAM,RelWithDebInfo,OpenGL,NVIDIA GeForce RTX 5090 D/PCIe/SSE2,4.3.0 NVIDIA 591.86,false,assets/heightmaps/Hm_Terrain_Peking_513.png,547,547,80.000,12.000,20,0.250,0.100,200000,2.970,-16.884,18.329,55.488,277.133,200000,796726,199998,25227,12822,25227,233956,200000,33522,7975,296089,0,103258,96742,25781,4488,0,0,0,1,99.547,265.243,250.990,5.824,15.197,30.624,0.000,0.000,49.486,50.425,0.000,43.293,55.397,14.073,0.000,0.000,0.000,0.000,0.000,0.000,0.000,0.000,0.000,0.000,0.000,0.000,0.000,0.000,0.000,0.000,17347344,0,99.910,45.821,43.293,0.000,20
Classic CPU ROAM,RelWithDebInfo,OpenGL,NVIDIA GeForce RTX 5090 D/PCIe/SSE2,4.3.0 NVIDIA 591.86,false,assets/heightmaps/Hm_Terrain_Peking_513.png,547,547,80.000,12.000,20,0.250,0.100,200000,3.236,-25.874,17.604,51.909,265.843,200000,840432,199998,28456,14406,28456,234211,200000,33443,7474,331819,0,99063,100937,25449,3808,0,0,0,1,100.215,276.965,264.926,6.614,15.297,32.504,0.000,0.000,49.655,56.995,0.000,46.439,56.697,11.877,0.000,0.000,0.000,0.000,0.000,0.000,0.000,0.000,0.000,0.000,0.000,0.000,0.000,0.000,0.000,0.000,16642584,0,106.650,47.802,46.439,0.000,20
Classic CPU ROAM,RelWithDebInfo,OpenGL,NVIDIA GeForce RTX 5090 D/PCIe/SSE2,4.3.0 NVIDIA 591.86,false,assets/heightmaps/Hm_Terrain_Peking_513.png,547,547,80.000,12.000,20,0.250,0.100,200000,3.514,-34.489,17.131,46.632,277.563,200000,883638,199998,28385,14266,28385,234235,200000,33441,7856,331320,0,100597,99403,25800,3927,0,0,0,1,100.687,275.622,263.680,6.002,15.233,32.039,0.000,0.000,49.553,57.142,0.000,46.829,56.141,11.777,0.000,0.000,0.000,0.000,0.000,0.000,0.000,0.000,0.000,0.000,0.000,0.000,0.000,0.000,0.000,0.000,16900296,0,106.695,47.273,46.829,0.000,20
Classic CPU ROAM,RelWithDebInfo,OpenGL,NVIDIA GeForce RTX 5090 D/PCIe/SSE2,4.3.0 NVIDIA 591.86,false,assets/heightmaps/Hm_Terrain_Peking_513.png,547,547,80.000,12.000,20,0.250,0.100,200000,3.790,-42.031,17.004,39.968,276.507,200000,923674,199998,27695,13975,27695,233992,200000,33365,9854,317666,0,104012,95988,26673,4722,0,0,0,1,96.561,270.860,258.758,5.409,14.257,33.945,0.000,0.000,48.731,52.870,0.000,46.273,56.543,11.922,0.000,0.000,0.000,0.000,0.000,0.000,0.000,0.000,0.000,0.000,0.000,0.000,0.000,0.000,0.000,0.000,17474016,0,101.601,48.202,46.273,0.000,20
Classic CPU ROAM,RelWithDebInfo,OpenGL,NVIDIA GeForce RTX 5090 D/PCIe/SSE2,4.3.0 NVIDIA 591.86,false,assets/heightmaps/Hm_Terrain_Peking_513.png,547,547,80.000,12.000,20,0.250,0.100,200000,4.062,-48.211,17.227,32.245,271.750,200000,963688,199998,28608,14371,28608,233996,200000,33406,9882,331483,0,105479,94521,27459,4606,0,0,0,1,100.376,276.651,264.439,5.719,15.213,34.843,0.000,0.000,48.891,56.070,0.000,48.268,54.587,11.986,0.000,0.000,0.000,0.000,0.000,0.000,0.000,0.000,0.000,0.000,0.000,0.000,0.000,0.000,0.000,0.000,17720472,0,104.961,50.056,48.268,0.000,20
Classic CPU ROAM,RelWithDebInfo,OpenGL,NVIDIA GeForce RTX 5090 D/PCIe/SSE2,4.3.0 NVIDIA 591.86,false,assets/heightmaps/Hm_Terrain_Peking_513.png,547,547,80.000,12.000,20,0.250,0.100,200000,4.339,-53.070,17.785,23.401,277.257,200000,1001264,199998,25517,12884,25517,234259,200000,33479,8601,302315,0,104609,95391,27603,3947,0,0,0,1,98.776,265.169,252.956,6.011,14.886,31.444,0.000,0.000,48.785,51.812,0.000,44.073,55.285,12.035,0.000,0.000,0.000,0.000,0.000,0.000,0.000,0.000,0.000,0.000,0.000,0.000,0.000,0.000,0.000,0.000,17574312,0,100.597,46.329,44.073,0.000,20
Classic CPU ROAM,RelWithDebInfo,OpenGL,NVIDIA GeForce RTX 5090 D/PCIe/SSE2,4.3.0 NVIDIA 591.86,false,assets/heightmaps/Hm_Terrain_Peking_513.png,547,547,80.000,12.000,20,0.250,0.100,200000,4.605,-56.223,18.571,14.247,265.988,200000,1036202,199998,24163,12241,24163,234061,200000,33584,8800,286971,0,99108,100892,28203,5420,0,0,0,1,99.293,264.325,251.636,6.730,15.579,30.531,0.000,0.000,50.441,49.222,0.000,41.704,56.566,12.509,0.000,0.000,0.000,0.000,0.000,0.000,0.000,0.000,0.000,0.000,0.000,0.000,0.000,0.000,0.000,0.000,16650144,0,99.663,46.110,41.704,0.000,20
Classic CPU ROAM,RelWithDebInfo,OpenGL,NVIDIA GeForce RTX 5090 D/PCIe/SSE2,4.3.0 NVIDIA 591.86,false,assets/heightmaps/Hm_Terrain_Peking_513.png,547,547,80.000,12.000,20,0.250,0.100,200000,4.870,-57.807,19.512,4.731,265.008,200000,1070902,199998,25066,12701,25066,233964,200000,33556,9664,293198,0,99373,100627,28847,5416,0,0,0,1,91.532,268.685,255.888,5.485,15.658,33.022,0.000,0.000,49.697,52.804,0.000,43.129,55.399,12.593,0.000,0.000,0.000,0.000,0.000,0.000,0.000,0.000,0.000,0.000,0.000,0.000,0.000,0.000,0.000,0.000,16694664,0,102.502,48.680,43.129,0.000,20
Classic CPU ROAM,RelWithDebInfo,OpenGL,NVIDIA GeForce RTX 5090 D/PCIe/SSE2,4.3.0 NVIDIA 591.86,false,assets/heightmaps/Hm_Terrain_Peking_513.png,547,547,80.000,12.000,20,0.250,0.100,200000,5.141,-57.772,20.529,-5.139,271.163,200000,1103432,199998,23490,11769,23490,234114,200000,33546,9736,279946,0,96615,103385,29330,4678,0,0,0,1,99.780,263.388,250.377,5.709,15.561,32.187,0.000,0.000,49.992,48.380,0.000,40.628,57.269,12.800,0.000,0.000,0.000,0.000,0.000,0.000,0.000,0.000,0.000,0.000,0.000,0.000,0.000,0.000,0.000,0.000,16231320,0,98.372,47.747,40.628,0.000,20
Classic CPU ROAM,RelWithDebInfo,OpenGL,NVIDIA GeForce RTX 5090 D/PCIe/SSE2,4.3.0 NVIDIA 591.86,false,assets/heightmaps/Hm_Terrain_Peking_513.png,547,547,80.000,12.000,20,0.250,0.100,200000,5.405,-56.130,21.462,-14.607,264.005,200000,1134404,199998,22843,11538,22843,233987,200000,33558,6959,270186,0,94489,105511,28985,4709,0,0,0,1,103.355,254.527,241.712,5.708,15.470,27.698,0.000,0.000,48.762,48.236,0.000,39.315,55.355,12.604,0.000,0.000,0.000,0.000,0.000,0.000,0.000,0.000,0.000,0.000,0.000,0.000,0.000,0.000,0.000,0.000,15874152,0,96.997,43.168,39.315,0.000,20
Classic CPU ROAM,RelWithDebInfo,OpenGL,NVIDIA GeForce RTX 5090 D/PCIe/SSE2,4.3.0 NVIDIA 591.86,false,assets/heightmaps/Hm_Terrain_Peking_513.png,547,547,80.000,12.000,20,0.250,0.100,200000,5.661,-53.075,22.214,-23.390,255.435,200000,1164124,199998,23233,11750,23233,234187,200000,33635,6197,277853,0,90549,109451,28847,3033,0,0,0,1,102.799,255.706,243.030,6.052,15.699,26.885,0.000,0.000,49.391,49.721,0.000,39.307,55.377,12.475,0.000,0.000,0.000,0.000,0.000,0.000,0.000,0.000,0.000,0.000,0.000,0.000,0.000,0.000,0.000,0.000,15212232,0,99.112,42.585,39.307,0.000,20
Classic CPU ROAM,RelWithDebInfo,OpenGL,NVIDIA GeForce RTX 5090 D/PCIe/SSE2,4.3.0 NVIDIA 591.86,false,assets/heightmaps/Hm_Terrain_Peking_513.png,547,547,80.000,12.000,20,0.250,0.100,200000,5.917,-48.638,22.741,-31.597,256.294,200000,1194674,199998,24169,12210,24169,234488,200000,33920,6797,289183,0,87763,112237,29035,3585,0,0,0,1,102.528,256.481,243.690,4.909,15.446,28.078,0.000,0.000,49.336,49.770,0.000,40.173,55.333,12.609,0.000,0.000,0.000,0.000,0.000,0.000,0.000,0.000,0.000,0.000,0.000,0.000,0.000,0.000,0.000,0.000,14744184,0,99.106,43.524,40.173,0.000,20
Classic CPU ROAM,RelWithDebInfo,OpenGL,NVIDIA GeForce RTX 5090 D/PCIe/SSE2,4.3.0 NVIDIA 591.86,false,assets/heightmaps/Hm_Terrain_Peking_513.png,547,547,80.000,12.000,20,0.250,0.100,200000,6.174,-42.923,22.986,-39.008,257.076,200000,1220508,199998,25214,12728,25214,234454,200000,34189,8406,303315,0,90183,109817,29514,4092,0,0,0,1,93.734,262.740,249.876,4.978,14.569,30.795,0.000,0.000,49.464,51.382,0.000,42.033,55.743,12.658,0.000,0.000,0.000,0.000,0.000,0.000,0.000,0.000,0.000,0.000,0.000,0.000,0.000,0.000,0.000,0.000,15150744,0,100.845,45.364,42.033,0.000,20
Classic CPU ROAM,RelWithDebInfo,OpenGL,NVIDIA GeForce RTX 5090 D/PCIe/SSE2,4.3.0 NVIDIA 591.86,false,assets/heightmaps/Hm_Terrain_Peking_513.png,547,547,80.000,12.000,20,0.250,0.100,200000,6.437,-35.912,22.917,-45.545,263.333,200000,1247638,199998,26085,13129,26085,234569,200000,34219,10319,313028,0,95883,104117,30408,4922,0,0,0,1,102.217,272.859,259.703,4.566,15.900,34.611,0.000,0.000,49.549,53.094,0.000,44.479,56.781,12.956,0.000,0.000,0.000,0.000,0.000,0.000,0.000,0.000,0.000,0.000,0.000,0.000,0.000,0.000,0.000,0.000,16108344,0,102.643,50.511,44.479,0.000,20
Classic CPU ROAM,RelWithDebInfo,OpenGL,NVIDIA GeForce RTX 5090 D/PCIe/SSE2,4.3.0 NVIDIA 591.86,false,assets/heightmaps/Hm_Terrain_Peking_513.png,547,547,80.000,12.000,20,0.250,0.100,200000,6.711,-27.596,22.511,-51.014,273.475,200000,1275538,199998,24625,12454,24625,234527,200000,34033,10652,296538,0,99782,100218,30841,5639,0,0,0,1,98.705,266.351,253.116,5.024,15.724,34.170,0.000,0.000,49.372,49.734,0.000,42.523,55.893,13.035,0.000,0.000,0.000,0.000,0.000,0.000,0.000,0.000,0.000,0.000,0.000,0.000,0.000,0.000,0.000,0.000,16763376,0,99.105,49.894,42.523,0.000,20
Classic CPU ROAM,RelWithDebInfo,OpenGL,NVIDIA GeForce RTX 5090 D/PCIe/SSE2,4.3.0 NVIDIA 591.86,false,assets/heightmaps/Hm_Terrain_Peking_513.png,547,547,80.000,12.000,20,0.250,0.100,200000,6.978,-18.692,21.830,-54.906,266.966,200000,1303654,199998,23300,11794,23300,234464,200000,33988,8848,280397,0,96658,103342,30809,4585,0,0,0,1,101.301,259.920,246.613,6.056,15.520,30.840,0.000,0.000,49.676,47.296,0.000,40.209,56.332,13.091,0.000,0.000,0.000,0.000,0.000,0.000,0.000,0.000,0.000,0.000,0.000,0.000,0.000,0.000,0.000,0.000,16238544,0,96.972,46.360,40.209,0.000,20
Classic CPU ROAM,RelWithDebInfo,OpenGL,NVIDIA GeForce RTX 5090 D/PCIe/SSE2,4.3.0 NVIDIA 591.86,false,assets/heightmaps/Hm_Terrain_Peking_513.png,547,547,80.000,12.000,20,0.250,0.100,200000,7.238,-9.494,20.969,-57.218,260.516,200000,1334582,199998,24622,12475,24622,234383,200000,33598,9284,289034,0,93754,106246,31312,4392,0,0,0,1,100.074,263.133,249.634,5.915,14.382,32.414,0.000,0.000,49.974,49.136,0.000,41.308,55.847,13.281,0.000,0.000,0.000,0.000,0.000,0.000,0.000,0.000,0.000,0.000,0.000,0.000,0.000,0.000,0.000,0.000,15750672,0,99.110,46.796,41.308,0.000,20
Classic CPU ROAM,RelWithDebInfo,OpenGL,NVIDIA GeForce RTX 5090 D/PCIe/SSE2,4.3.0 NVIDIA 591.86,false,assets/heightmaps/Hm_Terrain_Peking_513.png,547,547,80.000,12.000,20,0.250,0.100,200000,7.502,0.086,19.991,-58.000,264.079,200000,1360532,199998,23929,12064,23929,234082,200000,33539,8663,279647,0,93463,106537,31521,5137,0,0,0,1,101.075,260.670,247.171,6.094,15.390,30.538,0.000,0.000,49.920,48.145,0.000,40.937,55.356,13.293,0.000,0.000,0.000,0.000,0.000,0.000,0.000,0.000,0.000,0.000,0.000,0.000,0.000,0.000,0.000,0.000,15701784,0,98.065,45.928,40.937,0.000,20
Classic CPU ROAM,RelWithDebInfo,OpenGL,NVIDIA GeForce RTX 5090 D/PCIe/SSE2,4.3.0 NVIDIA 591.86,false,assets/heightmaps/Hm_Terrain_Peking_513.png,547,547,80.000,12.000,20,0.250,0.100,200000,7.764,9.564,19.024,-57.206,261.285,200000,1381146,199998,22196,11162,22196,233900,200000,33690,8642,261665,0,91351,108649,31460,4821,0,0,0,1,101.056,260.681,247.222,5.960,14.525,31.491,0.000,0.000,50.027,49.304,0.000,39.808,55.490,13.254,0.000,0.000,0.000,0.000,0.000,0.000,0.000,0.000,0.000,0.000,0.000,0.000,0.000,0.000,0.000,0.000,15346968,0,99.331,46.016,39.808,0.000,20
Classic CPU ROAM,RelWithDebInfo,OpenGL,NVIDIA GeForce RTX 5090 D/PCIe/SSE2,4.3.0 NVIDIA 591.86,false,assets/heightmaps/Hm_Terrain_Peking_513.png,547,547,80.000,12.000,20,0.250,0.100,200000,8.025,18.785,18.161,-54.874,261.283,200000,1405902,199998,24911,12658,24911,233993,200000,33284,7385,291494,0,96014,103986,31430,3804,0,0,0,1,99.027,265.667,252.278,6.141,15.069,29.930,0.000,0.000,50.006,51.736,0.000,42.337,56.403,13.170,0.000,0.000,0.000,0.000,0.000,0.000,0.000,0.000,0.000,0.000,0.000,0.000,0.000,0.000,0.000,0.000,16130352,0,101.742,44.999,42.337,0.000,20
Classic CPU ROAM,RelWithDebInfo,OpenGL,NVIDIA GeForce RTX 5090 D/PCIe/SSE2,4.3.0 NVIDIA 591.86,false,assets/heightmaps/Hm_Terrain_Peking_513.png,547,547,80.000,12.000,20,0.250,0.100,200000,8.291,27.666,17.485,-50.977,266.429,200000,1436866,199998,27890,14100,27890,234001,200000,33246,7293,324662,0,97545,102455,31231,3793,0,0,0,1,100.331,278.530,264.577,5.596,15.366,32.265,0.000,0.000,50.161,57.767,0.000,46.433,56.245,13.743,0.000,0.000,0.000,0.000,0.000,0.000,0.000,0.000,0.000,0.000,0.000,0.000,0.000,0.000,0.000,0.000,16387560,0,107.928,47.630,46.433,0.000,20
Classic CPU ROAM,RelWithDebInfo,OpenGL,NVIDIA GeForce RTX 5090 D/PCIe/SSE2,4.3.0 NVIDIA 591.86,false,assets/heightmaps/Hm_Terrain_Peking_513.png,547,547,80.000,12.000,20,0.250,0.100,200000,8.571,36.136,17.076,-45.367,279.139,200000,1463848,199998,28759,14466,28759,234230,200000,33512,8230,338538,0,100007,99993,31682,4687,0,0,0,1,98.599,282.762,269.231,5.683,15.416,33.604,0.000,0.000,49.345,60.196,0.000,48.163,56.063,13.325,0.000,0.000,0.000,0.000,0.000,0.000,0.000,0.000,0.000,0.000,0.000,0.000,0.000,0.000,0.000,0.000,16801176,0,109.541,49.020,48.163,0.000,20
Classic CPU ROAM,RelWithDebInfo,OpenGL,NVIDIA GeForce RTX 5090 D/PCIe/SSE2,4.3.0 NVIDIA 591.86,false,assets/heightmaps/Hm_Terrain_Peking_513.png,547,547,80.000,12.000,20,0.250,0.100,200000,8.854,43.600,17.026,-38.250,283.376,200000,1483612,199998,29531,14883,29531,234110,200000,33519,10904,343419,0,105715,94285,32130,5389,0,0,0,1,97.113,286.686,273.332,5.438,15.551,37.527,0.000,0.000,49.730,59.296,0.000,49.750,55.241,13.125,0.000,0.000,0.000,0.000,0.000,0.000,0.000,0.000,0.000,0.000,0.000,0.000,0.000,0.000,0.000,0.000,17760120,0,109.026,53.079,49.750,0.000,20
Classic CPU ROAM,RelWithDebInfo,OpenGL,NVIDIA GeForce RTX 5090 D/PCIe/SSE2,4.3.0 NVIDIA 591.86,false,assets/heightmaps/Hm_Terrain_Peking_513.png,547,547,80.000,12.000,20,0.250,0.100,200000,9.141,49.758,17.355,-29.801,287.286,200000,1501062,199998,29774,14986,29774,234185,200000,33659,9879,348038,0,110074,89926,32175,5788,0,0,0,1,101.993,289.221,275.572,5.674,15.430,36.239,0.000,0.000,49.083,62.859,0.000,51.274,54.207,13.427,0.000,0.000,0.000,0.000,0.000,0.000,0.000,0.000,0.000,0.000,0.000,0.000,0.000,0.000,0.000,0.000,18492432,0,111.941,51.668,51.274,0.000,20
Classic CPU ROAM,RelWithDebInfo,OpenGL,NVIDIA GeForce RTX 5090 D/PCIe/SSE2,4.3.0 NVIDIA 591.86,false,assets/heightmaps/Hm_Terrain_Peking_513.png,547,547,80.000,12.000,20,0.250,0.100,200000,9.431,54.333,18.033,-20.297,289.835,200000,1511222,199998,25145,12680,25145,234423,200000,33704,8816,303939,0,107066,92934,32607,4653,0,0,0,1,97.141,270.981,257.181,6.312,14.951,32.289,0.000,0.000,49.449,53.772,0.000,44.626,54.999,13.583,0.000,0.000,0.000,0.000,0.000,0.000,0.000,0.000,0.000,0.000,0.000,0.000,0.000,0.000,0.000,0.000,17987088,0,103.221,47.240,44.626,0.000,20
Classic CPU ROAM,RelWithDebInfo,OpenGL,NVIDIA GeForce RTX 5090 D/PCIe/SSE2,4.3.0 NVIDIA 591.86,false,assets/heightmaps/Hm_Terrain_Peking_513.png,547,547,80.000,12.000,20,0.250,0.100,200000,9.703,56.991,18.905,-10.773,271.644,200000,1515948,199998,25665,13017,25665,234104,200000,33550,9732,302372,0,103200,96800,33500,4732,0,0,0,1,103.402,270.706,256.702,5.861,15.368,33.366,0.000,0.000,49.400,52.482,0.000,44.732,54.821,13.776,0.000,0.000,0.000,0.000,0.000,0.000,0.000,0.000,0.000,0.000,0.000,0.000,0.000,0.000,0.000,0.000,17337600,0,101.881,48.734,44.732,0.000,20
Classic CPU ROAM,RelWithDebInfo,OpenGL,NVIDIA GeForce RTX 5090 D/PCIe/SSE2,4.3.0 NVIDIA 591.86,false,assets/heightmaps/Hm_Terrain_Peking_513.png,547,547,80.000,12.000,20,0.250,0.100,200000,9.974,57.992,19.902,-0.946,271.400,200000,1516132,199998,24148,12194,24148,234026,200000,33560,9804,287526,0,100257,99743,33996,4378,0,0,0,1,98.440,268.168,253.753,6.159,15.220,32.717,0.000,0.000,49.884,51.434,0.000,42.308,55.319,14.164,0.000,0.000,0.000,0.000,0.000,0.000,0.000,0.000,0.000,0.000,0.000,0.000,0.000,0.000,0.000,0.000,16843176,0,101.318,47.937,42.308,0.000,20
Classic CPU ROAM,RelWithDebInfo,OpenGL,NVIDIA GeForce RTX 5090 D/PCIe/SSE2,4.3.0 NVIDIA 591.86,false,assets/heightmaps/Hm_Terrain_Peking_513.png,547,547,80.000,12.000,20,0.250,0.100,200000,10.000,58.000,20.000,0.000,268.849,200000,1516132,199998,2300,1213,2300,233578,200000,33549,980,26453,0,58517,141483,28090,260,0,0,0,1,99.179,155.955,141.652,5.979,15.233,3.334,0.000,0.000,48.709,4.921,0.000,7.923,55.496,14.131,0.000,0.000,0.000,0.000,0.000,0.000,0.000,0.000,0.000,0.000,0.000,0.000,0.000,0.000,0.000,0.000,9830856,0,53.630,18.568,7.923,0.000,20
Data-Oriented CPU ROAM,RelWithDebInfo,OpenGL,NVIDIA GeForce RTX 5090 D/PCIe/SSE2,4.3.0 NVIDIA 591.86,false,assets/heightmaps/Hm_Terrain_Peking_513.png,547,547,80.000,12.000,20,0.250,0.100,200000,0.000,58.000,20.000,0.000,942.717,200000,399998,199998,199998,99931,0,233547,200000,33547,0,1369299,0,0,0,0,1,0,0,0,8,116.088,719.592,713.356,95.169,0.000,0.004,0.000,0.000,0.002,560.739,0.000,13.308,44.133,5.502,0.000,0.000,0.000,0.000,0.000,0.000,0.000,0.000,0.000,0.000,0.000,0.000,0.000,0.000,0.000,0.000,33600000,0,560.741,0.004,13.308,0.000,20
Data-Oriented CPU ROAM,RelWithDebInfo,OpenGL,NVIDIA GeForce RTX 5090 D/PCIe/SSE2,4.3.0 NVIDIA 591.86,false,assets/heightmaps/Hm_Terrain_Peking_513.png,547,547,80.000,12.000,20,0.250,0.100,200000,0.720,52.161,22.359,25.361,720.252,199999,436706,199997,18354,9204,18355,235158,199999,35159,128,234299,0,0,0,0,129,0,0,0,8,151.486,210.611,206.284,7.080,3.522,40.767,0.000,0.000,12.688,85.763,0.000,16.561,39.904,3.553,0.000,0.000,0.000,0.000,0.000,0.000,0.000,0.000,0.000,0.000,0.000,0.000,0.000,0.000,0.000,0.000,33599832,0,98.450,44.289,16.561,0.000,19
Data-Oriented CPU ROAM,RelWithDebInfo,OpenGL,NVIDIA GeForce RTX 5090 D/PCIe/SSE2,4.3.0 NVIDIA 591.86,false,assets/heightmaps/Hm_Terrain_Peking_513.png,547,547,80.000,12.000,20,0.250,0.100,200000,0.931,48.347,22.763,32.039,211.195,199999,446836,199997,5719,2927,5719,235873,199999,35874,128,74255,0,0,0,0,129,0,0,0,8,186.844,129.718,125.433,5.580,3.158,13.361,0.000,0.000,13.878,36.724,0.000,14.204,38.528,3.500,0.000,0.000,0.000,0.000,0.000,0.000,0.000,0.000,0.000,0.000,0.000,0.000,0.000,0.000,0.000,0.000,33599832,0,50.603,16.518,14.204,0.000,19
Data-Oriented CPU ROAM,RelWithDebInfo,OpenGL,NVIDIA GeForce RTX 5090 D/PCIe/SSE2,4.3.0 NVIDIA 591.86,false,assets/heightmaps/Hm_Terrain_Peking_513.png,547,547,80.000,12.000,20,0.250,0.100,200000,1.062,45.565,22.916,35.886,130.298,200000,451376,199998,2806,1477,2805,236218,200000,36218,128,35595,0,0,0,0,129,0,0,0,8,211.565,115.226,110.776,4.860,2.797,7.126,0.000,0.000,12.062,26.928,0.000,18.497,38.507,3.664,0.000,0.000,0.000,0.000,0.000,0.000,0.000,0.000,0.000,0.000,0.000,0.000,0.000,0.000,0.000,0.000,33600000,0,38.989,9.923,18.497,0.000,19
Data-Oriented CPU ROAM,RelWithDebInfo,OpenGL,NVIDIA GeForce RTX 5090 D/PCIe/SSE2,4.3.0 NVIDIA 591.86,false,assets/heightmaps/Hm_Terrain_Peking_513.png,547,547,80.000,12.000,20,0.250,0.100,200000,1.178,42.836,22.988,39.104,115.811,199999,454802,199997,2024,1055,2025,236481,199999,36482,128,25495,0,0,0,0,129,0,0,0,8,320.102,106.813,102.501,4.098,2.971,5.010,0.000,0.000,12.601,25.420,0.000,13.909,38.491,3.550,0.000,0.000,0.000,0.000,0.000,0.000,0.000,0.000,0.000,0.000,0.000,0.000,0.000,0.000,0.000,0.000,33599832,0,38.021,7.981,13.909,0.000,19
Data-Oriented CPU ROAM,RelWithDebInfo,OpenGL,NVIDIA GeForce RTX 5090 D/PCIe/SSE2,4.3.0 NVIDIA 591.86,false,assets/heightmaps/Hm_Terrain_Peking_513.png,547,547,80.000,12.000,20,0.250,0.100,200000,1.285,40.102,22.997,41.903,107.388,200000,457004,199998,1495,773,1494,236624,200000,36623,128,17928,0,0,0,0,129,0,0,0,8,185.917,105.275,100.846,5.146,3.161,3.569,0.000,0.000,12.097,24.320,0.000,13.568,38.984,3.662,0.000,0.000,0.000,0.000,0.000,0.000,0.000,0.000,0.000,0.000,0.000,0.000,0.000,0.000,0.000,0.000,33600000,0,36.418,6.730,13.568,0.000,19
Data-Oriented CPU ROAM,RelWithDebInfo,OpenGL,NVIDIA GeForce RTX 5090 D/PCIe/SSE2,4.3.0 NVIDIA 591.86,false,assets/heightmaps/Hm_Terrain_Peking_513.png,547,547,80.000,12.000,20,0.250,0.100,200000,1.391,37.228,22.953,44.476,105.872,199999,458100,199997,1009,530,1010,236670,199999,36670,128,11820,0,0,0,0,129,0,0,0,8,327.197,100.026,95.502,4.685,2.827,1.949,0.000,0.000,11.877,20.938,0.000,13.632,39.593,3.743,0.000,0.000,0.000,0.000,0.000,0.000,0.000,0.000,0.000,0.000,0.000,0.000,0.000,0.000,0.000,0.000,33599832,0,32.815,4.776,13.632,0.000,19
Data-Oriented CPU ROAM,RelWithDebInfo,OpenGL,NVIDIA GeForce RTX 5090 D/PCIe/SSE2,4.3.0 NVIDIA 591.86,false,assets/heightmaps/Hm_Terrain_Peking_513.png,547,547,80.000,12.000,20,0.250,0.100,200000,1.491,34.344,22.863,46.739,100.620,200000,458586,199998,811,461,810,236700,200000,36700,128,9429,0,0,0,0,129,0,0,0,8,204.149,103.802,99.493,5.335,2.928,1.476,0.000,0.000,11.814,20.197,0.000,16.346,41.397,3.541,0.000,0.000,0.000,0.000,0.000,0.000,0.000,0.000,0.000,0.000,0.000,0.000,0.000,0.000,0.000,0.000,33600000,0,32.011,4.404,16.346,0.000,19
Data-Oriented CPU ROAM,RelWithDebInfo,OpenGL,NVIDIA GeForce RTX 5090 D/PCIe/SSE2,4.3.0 NVIDIA 591.86,false,assets/heightmaps/Hm_Terrain_Peking_513.png,547,547,80.000,12.000,20,0.250,0.100,200000,1.596,31.206,22.721,48.890,104.407,200000,458586,199998,560,320,560,236699,200000,36688,128,5846,0,0,0,0,129,0,0,0,8,217.153,97.883,93.535,5.841,2.890,0.834,0.000,0.000,12.018,19.463,0.000,13.899,38.590,3.586,0.000,0.000,0.000,0.000,0.000,0.000,0.000,0.000,0.000,0.000,0.000,0.000,0.000,0.000,0.000,0.000,33600000,0,31.480,3.724,13.899,0.000,19
Data-Oriented CPU ROAM,RelWithDebInfo,OpenGL,NVIDIA GeForce RTX 5090 D/PCIe/SSE2,4.3.0 NVIDIA 591.86,false,assets/heightmaps/Hm_Terrain_Peking_513.png,547,547,80.000,12.000,20,0.250,0.100,200000,1.694,28.123,22.544,50.725,98.461,199999,458586,199997,627,365,628,236686,199999,36674,128,6561,0,0,0,0,129,0,0,0,8,230.217,99.433,95.015,4.136,2.984,1.026,0.000,0.000,12.421,19.583,0.000,16.044,38.821,3.639,0.000,0.000,0.000,0.000,0.000,0.000,0.000,0.000,0.000,0.000,0.000,0.000,0.000,0.000,0.000,0.000,33599832,0,32.004,4.010,16.044,0.000,19
Data-Oriented CPU ROAM,RelWithDebInfo,OpenGL,NVIDIA GeForce RTX 5090 D/PCIe/SSE2,4.3.0 NVIDIA 591.86,false,assets/heightmaps/Hm_Terrain_Peking_513.png,547,547,80.000,12.000,20,0.250,0.100,200000,1.794,24.883,22.325,52.391,100.001,199995,458586,199993,780,445,784,236662,199995,36656,128,8118,0,0,0,0,129,0,0,0,8,214.223,99.126,94.814,4.717,3.067,1.389,0.000,0.000,12.927,20.063,0.000,14.171,38.479,3.524,0.000,0.000,0.000,0.000,0.000,0.000,0.000,0.000,0.000,0.000,0.000,0.000,0.000,0.000,0.000,0.000,33599160,0,32.990,4.456,14.171,0.000,19
Data-Oriented CPU ROAM,RelWithDebInfo,OpenGL,NVIDIA GeForce RTX 5090 D/PCIe/SSE2,4.3.0 NVIDIA 591.86,false,assets/heightmaps/Hm_Terrain_Peking_513.png,547,547,80.000,12.000,20,0.250,0.100,200000,1.894,21.554,22.070,53.846,99.715,200000,458628,199998,849,489,844,236673,200000,36671,128,8676,0,0,0,0,129,0,0,0,8,218.235,104.614,100.231,5.236,3.082,1.473,0.000,0.000,12.116,20.238,0.000,17.932,40.152,3.611,0.000,0.000,0.000,0.000,0.000,0.000,0.000,0.000,0.000,0.000,0.000,0.000,0.000,0.000,0.000,0.000,33600000,0,32.355,4.555,17.932,0.000,19
Data-Oriented CPU ROAM,RelWithDebInfo,OpenGL,NVIDIA GeForce RTX 5090 D/PCIe/SSE2,4.3.0 NVIDIA 591.86,false,assets/heightmaps/Hm_Terrain_Peking_513.png,547,547,80.000,12.000,20,0.250,0.100,200000,1.999,17.950,21.766,55.152,105.186,199999,459008,199997,923,523,924,236718,199999,36719,128,9599,0,0,0,0,129,0,0,0,8,314.088,103.897,99.488,5.595,2.999,1.667,0.000,0.000,11.999,20.819,0.000,17.164,39.245,3.642,0.000,0.000,0.000,0.000,0.000,0.000,0.000,0.000,0.000,0.000,0.000,0.000,0.000,0.000,0.000,0.000,33599832,0,32.819,4.665,17.164,0.000,19
Data-Oriented CPU ROAM,RelWithDebInfo,OpenGL,NVIDIA GeForce RTX 5090 D/PCIe/SSE2,4.3.0 NVIDIA 591.86,false,assets/heightmaps/Hm_Terrain_Peking_513.png,547,547,80.000,12.000,20,0.250,0.100,200000,2.104,14.295,21.433,56.211,104.459,199999,459772,199997,1012,567,1012,236806,199999,36806,128,11089,0,0,0,0,129,0,0,0,8,218.481,104.529,100.118,4.470,3.119,1.890,0.000,0.000,12.593,20.997,0.000,17.390,39.659,3.638,0.000,0.000,0.000,0.000,0.000,0.000,0.000,0.000,0.000,0.000,0.000,0.000,0.000,0.000,0.000,0.000,33599832,0,33.590,5.009,17.390,0.000,19
Data-Oriented CPU ROAM,RelWithDebInfo,OpenGL,NVIDIA GeForce RTX 5090 D/PCIe/SSE2,4.3.0 NVIDIA 591.86,false,assets/heightmaps/Hm_Terrain_Peking_513.png,547,547,80.000,12.000,20,0.250,0.100,200000,2.209,10.554,21.074,57.032,105.113,200000,460972,199998,1072,586,1071,236870,200000,36870,128,11905,0,0,0,0,129,0,0,0,8,205.095,103.426,99.034,5.897,2.674,2.040,0.000,0.000,13.118,21.117,0.000,15.672,38.517,3.632,0.000,0.000,0.000,0.000,0.000,0.000,0.000,0.000,0.000,0.000,0.000,0.000,0.000,0.000,0.000,0.000,33600000,0,34.235,4.714,15.672,0.000,19
Data-Oriented CPU ROAM,RelWithDebInfo,OpenGL,NVIDIA GeForce RTX 5090 D/PCIe/SSE2,4.3.0 NVIDIA 591.86,false,assets/heightmaps/Hm_Terrain_Peking_513.png,547,547,80.000,12.000,20,0.250,0.100,200000,2.313,6.804,20.699,57.599,104.076,199999,462622,199997,1123,594,1124,236983,199999,36984,128,12903,0,0,0,0,129,0,0,0,8,194.902,108.562,104.213,5.621,7.100,2.290,0.000,0.000,13.342,21.709,0.000,15.402,38.748,3.569,0.000,0.000,0.000,0.000,0.000,0.000,0.000,0.000,0.000,0.000,0.000,0.000,0.000,0.000,0.000,0.000,33599832,0,35.051,9.390,15.402,0.000,19
Data-Oriented CPU ROAM,RelWithDebInfo,OpenGL,NVIDIA GeForce RTX 5090 D/PCIe/SSE2,4.3.0 NVIDIA 591.86,false,assets/heightmaps/Hm_Terrain_Peking_513.png,547,547,80.000,12.000,20,0.250,0.100,200000,2.422,2.840,20.293,57.930,109.171,199999,464582,199997,1208,614,1208,237133,199999,37134,128,14446,0,0,0,0,129,0,0,0,8,325.087,100.500,96.124,5.111,2.976,2.427,0.000,0.000,11.926,21.810,0.000,13.762,38.110,3.594,0.000,0.000,0.000,0.000,0.000,0.000,0.000,0.000,0.000,0.000,0.000,0.000,0.000,0.000,0.000,0.000,33599832,0,33.737,5.403,13.762,0.000,19
Data-Oriented CPU ROAM,RelWithDebInfo,OpenGL,NVIDIA GeForce RTX 5090 D/PCIe/SSE2,4.3.0 NVIDIA 591.86,false,assets/heightmaps/Hm_Terrain_Peking_513.png,547,547,80.000,12.000,20,0.250,0.100,200000,2.523,-0.844,19.913,57.994,101.146,199999,466682,199997,1101,550,1101,237272,199999,37273,128,13617,0,0,0,0,129,0,0,0,8,209.938,101.121,96.749,5.272,2.842,2.183,0.000,0.000,11.844,21.569,0.000,13.820,39.218,3.594,0.000,0.000,0.000,0.000,0.000,0.000,0.000,0.000,0.000,0.000,0.000,0.000,0.000,0.000,0.000,0.000,33599832,0,33.414,5.026,13.820,0.000,19
Data-Oriented CPU ROAM,RelWithDebInfo,OpenGL,NVIDIA GeForce RTX 5090 D/PCIe/SSE2,4.3.0 NVIDIA 591.86,false,assets/heightmaps/Hm_Terrain_Peking_513.png,547,547,80.000,12.000,20,0.250,0.100,200000,2.625,-4.547,19.531,57.822,101.715,200000,468698,199998,1043,523,1042,237425,200000,37425,128,13567,0,0,0,0,129,0,0,0,8,317.834,102.662,98.316,4.551,3.059,2.117,0.000,0.000,11.764,21.592,0.000,16.715,38.518,3.585,0.000,0.000,0.000,0.000,0.000,0.000,0.000,0.000,0.000,0.000,0.000,0.000,0.000,0.000,0.000,0.000,33600000,0,33.356,5.176,16.715,0.000,19
Data-Oriented CPU ROAM,RelWithDebInfo,OpenGL,NVIDIA GeForce RTX 5090 D/PCIe/SSE2,4.3.0 NVIDIA 591.86,false,assets/heightmaps/Hm_Terrain_Peking_513.png,547,547,80.000,12.000,20,0.250,0.100,200000,2.728,-8.285,19.152,57.405,103.233,200000,470380,199998,907,459,907,237475,200000,37475,128,11264,0,0,0,0,129,0,0,0,8,257.331,101.621,97.146,4.931,2.813,1.818,0.000,0.000,11.862,21.179,0.000,17.003,37.541,3.708,0.000,0.000,0.000,0.000,0.000,0.000,0.000,0.000,0.000,0.000,0.000,0.000,0.000,0.000,0.000,0.000,33600000,0,33.040,4.631,17.003,0.000,19
Data-Oriented CPU ROAM,RelWithDebInfo,OpenGL,NVIDIA GeForce RTX 5090 D/PCIe/SSE2,4.3.0 NVIDIA 591.86,false,assets/heightmaps/Hm_Terrain_Peking_513.png,547,547,80.000,12.000,20,0.250,0.100,200000,2.830,-11.951,18.790,56.755,102.200,200000,472200,199998,1018,527,1018,237535,200000,37535,128,12372,0,0,0,0,129,0,0,0,8,109.609,104.122,99.780,5.540,3.018,2.080,0.000,0.000,13.063,21.858,0.000,15.858,38.364,3.559,0.000,0.000,0.000,0.000,0.000,0.000,0.000,0.000,0.000,0.000,0.000,0.000,0.000,0.000,0.000,0.000,33600000,0,34.921,5.098,15.858,0.000,19
Data-Oriented CPU ROAM,RelWithDebInfo,OpenGL,NVIDIA GeForce RTX 5090 D/PCIe/SSE2,4.3.0 NVIDIA 591.86,false,assets/heightmaps/Hm_Terrain_Peking_513.png,547,547,80.000,12.000,20,0.250,0.100,200000,2.935,-15.656,18.441,55.847,104.692,200000,474238,199998,1151,588,1151,237599,200000,37599,128,13524,0,0,0,0,129,0,0,0,8,208.628,101.759,97.357,4.423,2.882,2.777,0.000,0.000,11.754,22.003,0.000,16.053,37.465,3.625,0.000,0.000,0.000,0.000,0.000,0.000,0.000,0.000,0.000,0.000,0.000,0.000,0.000,0.000,0.000,0.000,33600000,0,33.757,5.659,16.053,0.000,19
Data-Oriented CPU ROAM,RelWithDebInfo,OpenGL,NVIDIA GeForce RTX 5090 D/PCIe/SSE2,4.3.0 NVIDIA 591.86,false,assets/heightmaps/Hm_Terrain_Peking_513.png,547,547,80.000,12.000,20,0.250,0.100,200000,3.037,-19.214,18.125,54.725,102.381,199999,476100,199997,1153,626,1154,237626,199999,37627,128,12899,0,0,0,0,129,0,0,0,8,203.150,104.502,99.982,5.560,3.045,2.400,0.000,0.000,13.670,22.270,0.000,13.905,39.131,3.571,0.000,0.000,0.000,0.000,0.000,0.000,0.000,0.000,0.000,0.000,0.000,0.000,0.000,0.000,0.000,0.000,33599832,0,35.940,5.445,13.905,0.000,19
Data-Oriented CPU ROAM,RelWithDebInfo,OpenGL,NVIDIA GeForce RTX 5090 D/PCIe/SSE2,4.3.0 NVIDIA 591.86,false,assets/heightmaps/Hm_Terrain_Peking_513.png,547,547,80.000,12.000,20,0.250,0.100,200000,3.143,-22.784,17.832,53.337,105.127,199999,478236,199997,1337,732,1337,237645,199999,37645,128,14998,0,0,0,0,129,0,0,0,8,108.929,104.900,100.404,5.605,2.976,3.338,0.000,0.000,13.454,22.521,0.000,14.095,38.415,3.736,0.000,0.000,0.000,0.000,0.000,0.000,0.000,0.000,0.000,0.000,0.000,0.000,0.000,0.000,0.000,0.000,33599832,0,35.975,6.314,14.095,0.000,19
Data-Oriented CPU ROAM,RelWithDebInfo,OpenGL,NVIDIA GeForce RTX 5090 D/PCIe/SSE2,4.3.0 NVIDIA 591.86,false,assets/heightmaps/Hm_Terrain_Peking_513.png,547,547,80.000,12.000,20,0.250,0.100,200000,3.248,-26.266,17.577,51.712,105.463,200000,480820,199998,1512,793,1511,237675,200000,37675,128,16937,0,0,0,0,129,0,0,0,8,314.327,108.780,104.384,5.237,3.177,3.626,0.000,0.000,12.298,23.086,0.000,14.181,42.778,3.606,0.000,0.000,0.000,0.000,0.000,0.000,0.000,0.000,0.000,0.000,0.000,0.000,0.000,0.000,0.000,0.000,33600000,0,35.384,6.804,14.181,0.000,19
Data-Oriented CPU ROAM,RelWithDebInfo,OpenGL,NVIDIA GeForce RTX 5090 D/PCIe/SSE2,4.3.0 NVIDIA 591.86,false,assets/heightmaps/Hm_Terrain_Peking_513.png,547,547,80.000,12.000,20,0.250,0.100,200000,3.357,-29.754,17.358,49.787,109.345,199999,483252,199997,1516,790,1517,237702,199999,37703,128,16913,0,0,0,0,129,0,0,0,8,314.027,103.893,99.508,5.095,3.107,3.533,0.000,0.000,12.602,22.730,0.000,13.593,38.847,3.530,0.000,0.000,0.000,0.000,0.000,0.000,0.000,0.000,0.000,0.000,0.000,0.000,0.000,0.000,0.000,0.000,33599832,0,35.332,6.641,13.593,0.000,19
Data-Oriented CPU ROAM,RelWithDebInfo,OpenGL,NVIDIA GeForce RTX 5090 D/PCIe/SSE2,4.3.0 NVIDIA 591.86,false,assets/heightmaps/Hm_Terrain_Peking_513.png,547,547,80.000,12.000,20,0.250,0.100,200000,3.462,-32.956,17.195,47.727,104.481,200000,485096,199998,1247,653,1246,237741,200000,37741,128,14253,0,0,0,0,129,0,0,0,8,279.528,104.991,100.610,4.801,2.921,2.842,0.000,0.000,13.470,21.878,0.000,16.267,38.430,3.602,0.000,0.000,0.000,0.000,0.000,0.000,0.000,0.000,0.000,0.000,0.000,0.000,0.000,0.000,0.000,0.000,33600000,0,35.348,5.763,16.267,0.000,19
Data-Oriented CPU ROAM,RelWithDebInfo,OpenGL,NVIDIA GeForce RTX 5090 D/PCIe/SSE2,4.3.0 NVIDIA 591.86,false,assets/heightmaps/Hm_Terrain_Peking_513.png,547,547,80.000,12.000,20,0.250,0.100,200000,3.567,-36.046,17.079,45.438,105.555,200000,486500,199998,1072,571,1072,237796,200000,37796,128,12143,0,0,0,0,129,0,0,0,8,216.915,105.178,100.841,4.986,3.293,2.126,0.000,0.000,14.700,22.432,0.000,14.128,39.177,3.587,0.000,0.000,0.000,0.000,0.000,0.000,0.000,0.000,0.000,0.000,0.000,0.000,0.000,0.000,0.000,0.000,33600000,0,37.132,5.418,14.128,0.000,19
Data-Oriented CPU ROAM,RelWithDebInfo,OpenGL,NVIDIA GeForce RTX 5090 D/PCIe/SSE2,4.3.0 NVIDIA 591.86,false,assets/heightmaps/Hm_Terrain_Peking_513.png,547,547,80.000,12.000,20,0.250,0.100,200000,3.673,-38.984,17.014,42.945,105.748,199999,487650,199997,956,509,957,237852,199999,37853,128,11036,0,0,0,0,129,0,0,0,8,216.126,105.590,101.208,5.345,3.161,1.919,0.000,0.000,14.084,20.590,0.000,17.228,38.882,3.614,0.000,0.000,0.000,0.000,0.000,0.000,0.000,0.000,0.000,0.000,0.000,0.000,0.000,0.000,0.000,0.000,33599832,0,34.674,5.079,17.228,0.000,19
Data-Oriented CPU ROAM,RelWithDebInfo,OpenGL,NVIDIA GeForce RTX 5090 D/PCIe/SSE2,4.3.0 NVIDIA 591.86,false,assets/heightmaps/Hm_Terrain_Peking_513.png,547,547,80.000,12.000,20,0.250,0.100,200000,3.779,-41.759,17.002,40.251,106.157,200000,488564,199998,797,421,796,237918,200000,37917,128,9191,0,0,0,0,129,0,0,0,8,303.462,102.163,97.824,5.001,3.486,1.553,0.000,0.000,15.070,19.845,0.000,13.880,38.989,3.553,0.000,0.000,0.000,0.000,0.000,0.000,0.000,0.000,0.000,0.000,0.000,0.000,0.000,0.000,0.000,0.000,33600000,0,34.915,5.039,13.880,0.000,19
Data-Oriented CPU ROAM,RelWithDebInfo,OpenGL,NVIDIA GeForce RTX 5090 D/PCIe/SSE2,4.3.0 NVIDIA 591.86,false,assets/heightmaps/Hm_Terrain_Peking_513.png,547,547,80.000,12.000,20,0.250,0.100,200000,3.882,-44.270,17.041,37.472,102.790,200000,489238,199998,697,368,697,237977,200000,37977,128,7784,0,0,0,0,129,0,0,0,8,176.876,101.494,97.167,4.043,3.036,1.302,0.000,0.000,14.715,19.384,0.000,15.226,39.460,3.564,0.000,0.000,0.000,0.000,0.000,0.000,0.000,0.000,0.000,0.000,0.000,0.000,0.000,0.000,0.000,0.000,33600000,0,34.100,4.339,15.226,0.000,19
Data-Oriented CPU ROAM,RelWithDebInfo,OpenGL,NVIDIA GeForce RTX 5090 D/PCIe/SSE2,4.3.0 NVIDIA 591.86,false,assets/heightmaps/Hm_Terrain_Peking_513.png,547,547,80.000,12.000,20,0.250,0.100,200000,3.984,-46.581,17.129,34.557,102.083,200000,490924,199998,1101,562,1101,238111,200000,38111,128,13822,0,0,0,0,129,0,0,0,8,314.323,103.960,99.415,4.456,3.357,2.437,0.000,0.000,14.586,21.615,0.000,14.118,38.847,3.751,0.000,0.000,0.000,0.000,0.000,0.000,0.000,0.000,0.000,0.000,0.000,0.000,0.000,0.000,0.000,0.000,33600000,0,36.201,5.794,14.118,0.000,19
Data-Oriented CPU ROAM,RelWithDebInfo,OpenGL,NVIDIA GeForce RTX 5090 D/PCIe/SSE2,4.3.0 NVIDIA 591.86,false,assets/heightmaps/Hm_Terrain_Peking_513.png,547,547,80.000,12.000,20,0.250,0.100,200000,4.089,-48.752,17.268,31.421,104.701,200000,492750,199998,1120,599,1120,238254,200000,38254,128,14627,0,0,0,0,129,0,0,0,8,201.680,105.060,100.711,6.104,3.092,2.628,0.000,0.000,14.384,21.585,0.000,14.172,38.746,3.571,0.000,0.000,0.000,0.000,0.000,0.000,0.000,0.000,0.000,0.000,0.000,0.000,0.000,0.000,0.000,0.000,33600000,0,35.969,5.720,14.172,0.000,19
Data-Oriented CPU ROAM,RelWithDebInfo,OpenGL,NVIDIA GeForce RTX 5090 D/PCIe/SSE2,4.3.0 NVIDIA 591.86,false,assets/heightmaps/Hm_Terrain_Peking_513.png,547,547,80.000,12.000,20,0.250,0.100,200000,4.196,-50.764,17.460,28.054,107.632,200000,494582,199998,1124,599,1124,238467,200000,38467,128,15289,0,0,0,0,129,0,0,0,8,296.615,109.725,105.350,5.237,3.039,2.189,0.000,0.000,15.255,21.735,0.000,18.235,39.660,3.610,0.000,0.000,0.000,0.000,0.000,0.000,0.000,0.000,0.000,0.000,0.000,0.000,0.000,0.000,0.000,0.000,33600000,0,36.990,5.228,18.235,0.000,19
Data-Oriented CPU ROAM,RelWithDebInfo,OpenGL,NVIDIA GeForce RTX 5090 D/PCIe/SSE2,4.3.0 NVIDIA 591.86,false,assets/heightmaps/Hm_Terrain_Peking_513.png,547,547,80.000,12.000,20,0.250,0.100,200000,4.307,-52.585,17.705,24.470,110.338,200000,496144,199998,1004,543,1004,238679,200000,38679,128,13582,0,0,0,0,129,0,0,0,8,207.839,109.620,105.243,5.598,3.562,2.156,0.000,0.000,19.758,21.113,0.000,14.106,38.950,3.599,0.000,0.000,0.000,0.000,0.000,0.000,0.000,0.000,0.000,0.000,0.000,0.000,0.000,0.000,0.000,0.000,33600000,0,40.871,5.718,14.106,0.000,19
Data-Oriented CPU ROAM,RelWithDebInfo,OpenGL,NVIDIA GeForce RTX 5090 D/PCIe/SSE2,4.3.0 NVIDIA 591.86,false,assets/heightmaps/Hm_Terrain_Peking_513.png,547,547,80.000,12.000,20,0.250,0.100,200000,4.417,-54.155,17.994,20.767,110.410,199999,497458,199997,870,464,871,238799,199999,38800,128,10846,0,0,0,0,129,0,0,0,8,200.206,105.821,101.451,6.057,3.511,1.678,0.000,0.000,15.502,20.493,0.000,15.979,38.230,3.600,0.000,0.000,0.000,0.000,0.000,0.000,0.000,0.000,0.000,0.000,0.000,0.000,0.000,0.000,0.000,0.000,33599832,0,35.995,5.189,15.979,0.000,19
Data-Oriented CPU ROAM,RelWithDebInfo,OpenGL,NVIDIA GeForce RTX 5090 D/PCIe/SSE2,4.3.0 NVIDIA 591.86,false,assets/heightmaps/Hm_Terrain_Peking_513.png,547,547,80.000,12.000,20,0.250,0.100,200000,4.524,-55.422,18.310,17.101,106.453,200000,498748,199998,892,476,891,238864,200000,38864,128,10559,0,0,0,0,129,0,0,0,8,205.924,103.098,98.635,5.389,3.011,1.716,0.000,0.000,14.885,20.781,0.000,13.909,38.943,3.666,0.000,0.000,0.000,0.000,0.000,0.000,0.000,0.000,0.000,0.000,0.000,0.000,0.000,0.000,0.000,0.000,33600000,0,35.666,4.727,13.909,0.000,19
Data-Oriented CPU ROAM,RelWithDebInfo,OpenGL,NVIDIA GeForce RTX 5090 D/PCIe/SSE2,4.3.0 NVIDIA 591.86,false,assets/heightmaps/Hm_Terrain_Peking_513.png,547,547,80.000,12.000,20,0.250,0.100,200000,4.627,-56.418,18.646,13.456,103.697,200000,500106,199998,878,455,878,238899,200000,38899,128,10009,0,0,0,0,129,0,0,0,8,107.982,105.696,101.285,5.294,3.013,1.722,0.000,0.000,14.688,21.207,0.000,16.544,38.817,3.626,0.000,0.000,0.000,0.000,0.000,0.000,0.000,0.000,0.000,0.000,0.000,0.000,0.000,0.000,0.000,0.000,33600000,0,35.895,4.735,16.544,0.000,19
Data-Oriented CPU ROAM,RelWithDebInfo,OpenGL,NVIDIA GeForce RTX 5090 D/PCIe/SSE2,4.3.0 NVIDIA 591.86,false,assets/heightmaps/Hm_Terrain_Peking_513.png,547,547,80.000,12.000,20,0.250,0.100,200000,4.734,-57.190,19.014,9.662,106.263,200000,501264,199998,787,399,787,238953,200000,38953,128,8972,0,0,0,0,129,0,0,0,8,312.528,104.432,99.986,5.277,3.336,1.547,0.000,0.000,14.844,20.342,0.000,16.306,38.334,3.669,0.000,0.000,0.000,0.000,0.000,0.000,0.000,0.000,0.000,0.000,0.000,0.000,0.000,0.000,0.000,0.000,33600000,0,35.186,4.883,16.306,0.000,19
Data-Oriented CPU ROAM,RelWithDebInfo,OpenGL,NVIDIA GeForce RTX 5090 D/PCIe/SSE2,4.3.0 NVIDIA 591.86,false,assets/heightmaps/Hm_Terrain_Peking_513.png,547,547,80.000,12.000,20,0.250,0.100,200000,4.839,-57.702,19.396,5.871,104.998,199999,502174,199997,660,353,661,238995,199999,38996,128,7278,0,0,0,0,129,0,0,0,8,290.906,100.947,96.674,5.139,2.964,1.226,0.000,0.000,14.615,19.883,0.000,14.284,38.562,3.491,0.000,0.000,0.000,0.000,0.000,0.000,0.000,0.000,0.000,0.000,0.000,0.000,0.000,0.000,0.000,0.000,33599832,0,34.499,4.190,14.284,0.000,19
Data-Oriented CPU ROAM,RelWithDebInfo,OpenGL,NVIDIA GeForce RTX 5090 D/PCIe/SSE2,4.3.0 NVIDIA 591.86,false,assets/heightmaps/Hm_Terrain_Peking_513.png,547,547,80.000,12.000,20,0.250,0.100,200000,4.940,-57.959,19.775,2.180,101.540,200000,503032,199998,589,309,588,239012,200000,39011,128,6884,0,0,0,0,129,0,0,0,8,108.450,105.248,100.847,5.165,3.122,0.997,0.000,0.000,16.591,19.719,0.000,16.544,38.710,3.632,0.000,0.000,0.000,0.000,0.000,0.000,0.000,0.000,0.000,0.000,0.000,0.000,0.000,0.000,0.000,0.000,33600000,0,36.309,4.119,16.544,0.000,19
Data-Oriented CPU ROAM,RelWithDebInfo,OpenGL,NVIDIA GeForce RTX 5090 D/PCIe/SSE2,4.3.0 NVIDIA 591.86,false,assets/heightmaps/Hm_Terrain_Peking_513.png,547,547,80.000,12.000,20,0.250,0.100,200000,5.046,-57.976,20.173,-1.676,105.823,200000,503680,199998,515,243,515,239038,200000,38993,128,6308,0,0,0,0,129,0,0,0,8,312.570,104.377,99.972,5.830,3.241,0.798,0.000,0.000,15.278,19.861,0.000,16.041,38.923,3.620,0.000,0.000,0.000,0.000,0.000,0.000,0.000,0.000,0.000,0.000,0.000,0.000,0.000,0.000,0.000,0.000,33600000,0,35.139,4.040,16.041,0.000,19
Data-Oriented CPU ROAM,RelWithDebInfo,OpenGL,NVIDIA GeForce RTX 5090 D/PCIe/SSE2,4.3.0 NVIDIA 591.86,false,assets/heightmaps/Hm_Terrain_Peking_513.png,547,547,80.000,12.000,20,0.250,0.100,200000,5.151,-57.739,20.566,-5.492,104.943,199999,504412,199997,436,217,437,239019,199999,38951,128,5727,0,0,0,0,129,0,0,0,8,226.563,100.805,96.547,4.525,3.108,0.553,0.000,0.000,14.465,19.586,0.000,16.055,38.255,3.490,0.000,0.000,0.000,0.000,0.000,0.000,0.000,0.000,0.000,0.000,0.000,0.000,0.000,0.000,0.000,0.000,33599832,0,34.051,3.661,16.055,0.000,19
Data-Oriented CPU ROAM,RelWithDebInfo,OpenGL,NVIDIA GeForce RTX 5090 D/PCIe/SSE2,4.3.0 NVIDIA 591.86,false,assets/heightmaps/Hm_Terrain_Peking_513.png,547,547,80.000,12.000,20,0.250,0.100,200000,5.252,-57.273,20.935,-9.156,101.375,199999,505350,199997,626,348,626,238947,199999,38852,128,7667,0,0,0,0,129,0,0,0,8,209.451,108.704,104.435,4.568,3.378,1.055,0.000,0.000,15.757,20.279,0.000,16.612,42.786,3.505,0.000,0.000,0.000,0.000,0.000,0.000,0.000,0.000,0.000,0.000,0.000,0.000,0.000,0.000,0.000,0.000,33599832,0,36.036,4.433,16.612,0.000,19
Data-Oriented CPU ROAM,RelWithDebInfo,OpenGL,NVIDIA GeForce RTX 5090 D/PCIe/SSE2,4.3.0 NVIDIA 591.86,false,assets/heightmaps/Hm_Terrain_Peking_513.png,547,547,80.000,12.000,20,0.250,0.100,200000,5.362,-56.510,21.317,-13.064,109.277,199999,507516,199997,1193,609,1193,238761,199999,38644,128,13408,0,0,0,0,129,0,0,0,8,116.851,111.337,106.968,5.626,3.173,2.883,0.000,0.000,16.019,22.116,0.000,15.942,41.209,3.594,0.000,0.000,0.000,0.000,0.000,0.000,0.000,0.000,0.000,0.000,0.000,0.000,0.000,0.000,0.000,0.000,33599832,0,38.135,6.056,15.942,0.000,19
Data-Oriented CPU ROAM,RelWithDebInfo,OpenGL,NVIDIA GeForce RTX 5090 D/PCIe/SSE2,4.3.0 NVIDIA 591.86,false,assets/heightmaps/Hm_Terrain_Peking_513.png,547,547,80.000,12.000,20,0.250,0.100,200000,5.474,-55.452,21.682,-17.002,111.919,200000,509784,199998,1290,663,1289,238569,200000,38506,128,14165,0,0,0,0,129,0,0,0,8,199.409,106.245,101.859,4.776,3.188,3.117,0.000,0.000,15.285,22.132,0.000,14.097,39.264,3.604,0.000,0.000,0.000,0.000,0.000,0.000,0.000,0.000,0.000,0.000,0.000,0.000,0.000,0.000,0.000,0.000,33600000,0,37.417,6.305,14.097,0.000,19
Data-Oriented CPU ROAM,RelWithDebInfo,OpenGL,NVIDIA GeForce RTX 5090 D/PCIe/SSE2,4.3.0 NVIDIA 591.86,false,assets/heightmaps/Hm_Terrain_Peking_513.png,547,547,80.000,12.000,20,0.250,0.100,200000,5.580,-54.187,21.999,-20.683,106.831,199999,511840,199997,1212,622,1213,238537,199999,38537,128,13872,0,0,0,0,129,0,0,0,8,107.651,105.953,101.596,5.301,3.095,2.992,0.000,0.000,14.462,22.220,0.000,14.029,39.497,3.591,0.000,0.000,0.000,0.000,0.000,0.000,0.000,0.000,0.000,0.000,0.000,0.000,0.000,0.000,0.000,0.000,33599832,0,36.682,6.087,14.029,0.000,19
Data-Oriented CPU ROAM,RelWithDebInfo,OpenGL,NVIDIA GeForce RTX 5090 D/PCIe/SSE2,4.3.0 NVIDIA 591.86,false,assets/heightmaps/Hm_Terrain_Peking_513.png,547,547,80.000,12.000,20,0.250,0.100,200000,5.687,-52.682,22.280,-24.261,106.533,199999,513740,199997,1168,595,1168,238602,199999,38599,128,13530,0,0,0,0,129,0,0,0,8,313.435,109.012,104.681,5.112,3.293,2.443,0.000,0.000,15.330,21.906,0.000,16.956,39.641,3.562,0.000,0.000,0.000,0.000,0.000,0.000,0.000,0.000,0.000,0.000,0.000,0.000,0.000,0.000,0.000,0.000,33599832,0,37.236,5.736,16.956,0.000,19
Data-Oriented CPU ROAM,RelWithDebInfo,OpenGL,NVIDIA GeForce RTX 5090 D/PCIe/SSE2,4.3.0 NVIDIA 591.86,false,assets/heightmaps/Hm_Terrain_Peking_513.png,547,547,80.000,12.000,20,0.250,0.100,200000,5.796,-50.888,22.526,-27.828,109.582,199999,515244,199997,1071,563,1071,238658,199999,38658,128,12037,0,0,0,0,129,0,0,0,8,318.704,107.264,102.951,5.666,3.455,2.149,0.000,0.000,13.921,21.909,0.000,16.442,39.409,3.531,0.000,0.000,0.000,0.000,0.000,0.000,0.000,0.000,0.000,0.000,0.000,0.000,0.000,0.000,0.000,0.000,33599832,0,35.830,5.604,16.442,0.000,19
Data-Oriented CPU ROAM,RelWithDebInfo,OpenGL,NVIDIA GeForce RTX 5090 D/PCIe/SSE2,4.3.0 NVIDIA 591.86,false,assets/heightmaps/Hm_Terrain_Peking_513.png,547,547,80.000,12.000,20,0.250,0.100,200000,5.904,-48.887,22.721,-31.210,107.827,200000,516472,199998,972,514,971,238730,200000,38730,128,10907,0,0,0,0,129,0,0,0,8,316.836,107.811,103.558,4.798,3.415,1.957,0.000,0.000,14.310,21.454,0.000,17.625,40.000,3.480,0.000,0.000,0.000,0.000,0.000,0.000,0.000,0.000,0.000,0.000,0.000,0.000,0.000,0.000,0.000,0.000,33600000,0,35.764,5.372,17.625,0.000,19
Data-Oriented CPU ROAM,RelWithDebInfo,OpenGL,NVIDIA GeForce RTX 5090 D/PCIe/SSE2,4.3.0 NVIDIA 591.86,false,assets/heightmaps/Hm_Terrain_Peking_513.png,547,547,80.000,12.000,20,0.250,0.100,200000,6.013,-46.650,22.868,-34.464,108.373,200000,517446,199998,918,495,918,238773,200000,38772,128,10536,0,0,0,0,129,0,0,0,8,199.230,106.328,101.950,4.019,3.239,1.868,0.000,0.000,13.980,21.541,0.000,17.757,39.546,3.595,0.000,0.000,0.000,0.000,0.000,0.000,0.000,0.000,0.000,0.000,0.000,0.000,0.000,0.000,0.000,0.000,33600000,0,35.521,5.107,17.757,0.000,19
Data-Oriented CPU ROAM,RelWithDebInfo,OpenGL,NVIDIA GeForce RTX 5090 D/PCIe/SSE2,4.3.0 NVIDIA 591.86,false,assets/heightmaps/Hm_Terrain_Peking_513.png,547,547,80.000,12.000,20,0.250,0.100,200000,6.120,-44.232,22.960,-37.517,106.890,199999,518188,199997,831,442,832,238795,199999,38790,128,9289,0,0,0,0,129,0,0,0,8,301.866,107.944,103.518,5.253,3.048,1.682,0.000,0.000,14.052,21.618,0.000,17.716,40.148,3.646,0.000,0.000,0.000,0.000,0.000,0.000,0.000,0.000,0.000,0.000,0.000,0.000,0.000,0.000,0.000,0.000,33599832,0,35.670,4.730,17.716,0.000,19
Data-Oriented CPU ROAM,RelWithDebInfo,OpenGL,NVIDIA GeForce RTX 5090 D/PCIe/SSE2,4.3.0 NVIDIA 591.86,false,assets/heightmaps/Hm_Terrain_Peking_513.png,547,547,80.000,12.000,20,0.250,0.100,200000,6.228,-41.574,22.999,-40.443,108.515,199999,518680,199997,702,377,702,238810,199999,38800,128,8206,0,0,0,0,129,0,0,0,8,293.219,110.939,106.570,5.725,3.046,1.309,0.000,0.000,14.384,20.588,0.000,16.818,44.699,3.646,0.000,0.000,0.000,0.000,0.000,0.000,0.000,0.000,0.000,0.000,0.000,0.000,0.000,0.000,0.000,0.000,33599832,0,34.972,4.355,16.818,0.000,19
Data-Oriented CPU ROAM,RelWithDebInfo,OpenGL,NVIDIA GeForce RTX 5090 D/PCIe/SSE2,4.3.0 NVIDIA 591.86,false,assets/heightmaps/Hm_Terrain_Peking_513.png,547,547,80.000,12.000,20,0.250,0.100,200000,6.340,-38.640,22.981,-43.254,111.510,200000,519424,199998,633,303,632,238888,200000,38882,128,8485,0,0,0,0,129,0,0,0,8,202.922,104.516,100.095,5.311,3.229,1.154,0.000,0.000,14.101,20.618,0.000,15.971,39.711,3.648,0.000,0.000,0.000,0.000,0.000,0.000,0.000,0.000,0.000,0.000,0.000,0.000,0.000,0.000,0.000,0.000,33600000,0,34.719,4.383,15.971,0.000,19
Data-Oriented CPU ROAM,RelWithDebInfo,OpenGL,NVIDIA GeForce RTX 5090 D/PCIe/SSE2,4.3.0 NVIDIA 591.86,false,assets/heightmaps/Hm_Terrain_Peking_513.png,547,547,80.000,12.000,20,0.250,0.100,200000,6.445,-35.702,22.911,-45.710,105.093,199999,519780,199997,433,241,434,238897,199999,38893,128,5882,0,0,0,0,129,0,0,0,8,208.782,101.693,97.285,5.547,3.456,0.625,0.000,0.000,14.710,19.851,0.000,13.934,39.162,3.623,0.000,0.000,0.000,0.000,0.000,0.000,0.000,0.000,0.000,0.000,0.000,0.000,0.000,0.000,0.000,0.000,33599832,0,34.560,4.081,13.934,0.000,19
Data-Oriented CPU ROAM,RelWithDebInfo,OpenGL,NVIDIA GeForce RTX 5090 D/PCIe/SSE2,4.3.0 NVIDIA 591.86,false,assets/heightmaps/Hm_Terrain_Peking_513.png,547,547,80.000,12.000,20,0.250,0.100,200000,6.547,-32.690,22.793,-47.910,102.363,199999,520142,199997,421,227,421,238889,199999,38872,128,6151,0,0,0,0,129,0,0,0,8,207.427,102.297,97.920,5.503,3.152,0.614,0.000,0.000,15.092,19.975,0.000,13.629,39.955,3.595,0.000,0.000,0.000,0.000,0.000,0.000,0.000,0.000,0.000,0.000,0.000,0.000,0.000,0.000,0.000,0.000,33599832,0,35.067,3.766,13.629,0.000,19
Data-Oriented CPU ROAM,RelWithDebInfo,OpenGL,NVIDIA GeForce RTX 5090 D/PCIe/SSE2,4.3.0 NVIDIA 591.86,false,assets/heightmaps/Hm_Terrain_Peking_513.png,547,547,80.000,12.000,20,0.250,0.100,200000,6.650,-29.527,22.629,-49.922,102.897,199999,520374,199997,421,238,421,238868,199999,38811,128,5921,0,0,0,0,129,0,0,0,8,243.239,107.116,102.774,5.446,3.161,0.606,0.000,0.000,14.184,20.318,0.000,17.772,41.287,3.577,0.000,0.000,0.000,0.000,0.000,0.000,0.000,0.000,0.000,0.000,0.000,0.000,0.000,0.000,0.000,0.000,33599832,0,34.502,3.767,17.772,0.000,19
Data-Oriented CPU ROAM,RelWithDebInfo,OpenGL,NVIDIA GeForce RTX 5090 D/PCIe/SSE2,4.3.0 NVIDIA 591.86,false,assets/heightmaps/Hm_Terrain_Peking_513.png,547,547,80.000,12.000,20,0.250,0.100,200000,6.758,-26.084,22.410,-51.804,107.692,199999,520914,199997,601,328,601,238851,199999,38852,128,8137,0,0,0,0,129,0,0,0,8,286.940,113.305,108.901,4.642,3.109,1.093,0.000,0.000,14.067,23.262,0.000,16.309,46.419,3.616,0.000,0.000,0.000,0.000,0.000,0.000,0.000,0.000,0.000,0.000,0.000,0.000,0.000,0.000,0.000,0.000,33599832,0,37.329,4.202,16.309,0.000,19
Data-Oriented CPU ROAM,RelWithDebInfo,OpenGL,NVIDIA GeForce RTX 5090 D/PCIe/SSE2,4.3.0 NVIDIA 591.86,false,assets/heightmaps/Hm_Terrain_Peking_513.png,547,547,80.000,12.000,20,0.250,0.100,200000,6.872,-22.313,22.131,-53.536,113.897,199999,521510,199997,673,372,673,238968,199999,38969,128,8527,0,0,0,0,129,0,0,0,8,221.523,103.066,98.743,5.960,3.090,1.201,0.000,0.000,12.308,21.566,0.000,13.915,40.702,3.555,0.000,0.000,0.000,0.000,0.000,0.000,0.000,0.000,0.000,0.000,0.000,0.000,0.000,0.000,0.000,0.000,33599832,0,33.874,4.291,13.915,0.000,19
Data-Oriented CPU ROAM,RelWithDebInfo,OpenGL,NVIDIA GeForce RTX 5090 D/PCIe/SSE2,4.3.0 NVIDIA 591.86,false,assets/heightmaps/Hm_Terrain_Peking_513.png,547,547,80.000,12.000,20,0.250,0.100,200000,6.975,-18.781,21.838,-54.875,103.670,199999,522050,199997,619,352,619,239054,199999,39055,128,7484,0,0,0,0,129,0,0,0,8,220.597,103.626,99.156,5.464,3.088,1.123,0.000,0.000,12.104,21.307,0.000,16.049,40.020,3.698,0.000,0.000,0.000,0.000,0.000,0.000,0.000,0.000,0.000,0.000,0.000,0.000,0.000,0.000,0.000,0.000,33599832,0,33.411,4.211,16.049,0.000,19
Data-Oriented CPU ROAM,RelWithDebInfo,OpenGL,NVIDIA GeForce RTX 5090 D/PCIe/SSE2,4.3.0 NVIDIA 591.86,false,assets/heightmaps/Hm_Terrain_Peking_513.png,547,547,80.000,12.000,20,0.250,0.100,200000,7.079,-15.151,21.513,-55.986,104.185,199999,522798,199997,676,364,676,239128,199999,39129,128,8172,0,0,0,0,129,0,0,0,8,218.156,104.603,100.266,5.865,3.380,1.258,0.000,0.000,12.156,22.291,0.000,13.963,41.353,3.564,0.000,0.000,0.000,0.000,0.000,0.000,0.000,0.000,0.000,0.000,0.000,0.000,0.000,0.000,0.000,0.000,33599832,0,34.447,4.638,13.963,0.000,19
Data-Oriented CPU ROAM,RelWithDebInfo,OpenGL,NVIDIA GeForce RTX 5090 D/PCIe/SSE2,4.3.0 NVIDIA 591.86,false,assets/heightmaps/Hm_Terrain_Peking_513.png,547,547,80.000,12.000,20,0.250,0.100,200000,7.185,-11.421,21.158,-56.864,105.167,200000,523726,199998,767,413,766,239163,200000,39163,128,8987,0,0,0,0,129,0,0,0,8,185.826,105.317,100.896,4.869,3.345,1.481,0.000,0.000,13.285,21.810,0.000,16.692,39.415,3.646,0.000,0.000,0.000,0.000,0.000,0.000,0.000,0.000,0.000,0.000,0.000,0.000,0.000,0.000,0.000,0.000,33600000,0,35.095,4.826,16.692,0.000,19
Data-Oriented CPU ROAM,RelWithDebInfo,OpenGL,NVIDIA GeForce RTX 5090 D/PCIe/SSE2,4.3.0 NVIDIA 591.86,false,assets/heightmaps/Hm_Terrain_Peking_513.png,547,547,80.000,12.000,20,0.250,0.100,200000,7.290,-7.615,20.781,-57.498,105.891,199999,524740,199997,789,424,790,239195,199999,39196,128,9130,0,0,0,0,129,0,0,0,8,308.738,105.681,101.212,5.499,3.538,1.505,0.000,0.000,13.113,22.391,0.000,15.685,39.481,3.692,0.000,0.000,0.000,0.000,0.000,0.000,0.000,0.000,0.000,0.000,0.000,0.000,0.000,0.000,0.000,0.000,33599832,0,35.504,5.043,15.685,0.000,19
Data-Oriented CPU ROAM,RelWithDebInfo,OpenGL,NVIDIA GeForce RTX 5090 D/PCIe/SSE2,4.3.0 NVIDIA 591.86,false,assets/heightmaps/Hm_Terrain_Peking_513.png,547,547,80.000,12.000,20,0.250,0.100,200000,7.397,-3.762,20.388,-57.878,106.259,200000,525712,199998,787,419,786,239247,200000,39247,128,9052,0,0,0,0,129,0,0,0,8,220.302,103.725,99.289,5.611,3.149,1.474,0.000,0.000,12.365,21.845,0.000,13.831,41.013,3.654,0.000,0.000,0.000,0.000,0.000,0.000,0.000,0.000,0.000,0.000,0.000,0.000,0.000,0.000,0.000,0.000,33600000,0,34.210,4.624,13.831,0.000,19
Data-Oriented CPU ROAM,RelWithDebInfo,OpenGL,NVIDIA GeForce RTX 5090 D/PCIe/SSE2,4.3.0 NVIDIA 591.86,false,assets/heightmaps/Hm_Terrain_Peking_513.png,547,547,80.000,12.000,20,0.250,0.100,200000,7.501,0.036,19.996,-58.000,104.297,200000,526698,199998,743,389,743,239304,200000,39304,128,8731,0,0,0,0,129,0,0,0,8,206.286,102.821,98.462,5.146,3.732,1.367,0.000,0.000,12.771,21.886,0.000,13.993,39.566,3.582,0.000,0.000,0.000,0.000,0.000,0.000,0.000,0.000,0.000,0.000,0.000,0.000,0.000,0.000,0.000,0.000,33600000,0,34.657,5.099,13.993,0.000,19
Data-Oriented CPU ROAM,RelWithDebInfo,OpenGL,NVIDIA GeForce RTX 5090 D/PCIe/SSE2,4.3.0 NVIDIA 591.86,false,assets/heightmaps/Hm_Terrain_Peking_513.png,547,547,80.000,12.000,20,0.250,0.100,200000,7.604,3.801,19.608,-57.875,103.389,200000,527774,199998,713,345,713,239381,200000,39376,128,8642,0,0,0,0,129,0,0,0,8,276.223,106.154,101.814,4.880,3.142,1.238,0.000,0.000,12.057,21.877,0.000,16.761,41.858,3.561,0.000,0.000,0.000,0.000,0.000,0.000,0.000,0.000,0.000,0.000,0.000,0.000,0.000,0.000,0.000,0.000,33600000,0,33.934,4.380,16.761,0.000,19
Data-Oriented CPU ROAM,RelWithDebInfo,OpenGL,NVIDIA GeForce RTX 5090 D/PCIe/SSE2,4.3.0 NVIDIA 591.86,false,assets/heightmaps/Hm_Terrain_Peking_513.png,547,547,80.000,12.000,20,0.250,0.100,200000,7.711,7.670,19.213,-57.491,106.724,199999,528946,199997,673,346,674,239470,199999,39471,128,9008,0,0,0,0,129,0,0,0,8,209.992,101.038,96.726,4.242,3.125,1.140,0.000,0.000,12.318,21.987,0.000,13.889,40.025,3.555,0.000,0.000,0.000,0.000,0.000,0.000,0.000,0.000,0.000,0.000,0.000,0.000,0.000,0.000,0.000,0.000,33599832,0,34.305,4.265,13.889,0.000,19
Data-Oriented CPU ROAM,RelWithDebInfo,OpenGL,NVIDIA GeForce RTX 5090 D/PCIe/SSE2,4.3.0 NVIDIA 591.86,false,assets/heightmaps/Hm_Terrain_Peking_513.png,547,547,80.000,12.000,20,0.250,0.100,200000,7.813,11.322,18.851,-56.884,101.599,200000,530482,199998,933,499,932,239585,200000,39584,128,12496,0,0,0,0,129,0,0,0,8,331.191,103.401,99.068,4.944,3.182,1.807,0.000,0.000,12.112,22.860,0.000,14.252,39.911,3.555,0.000,0.000,0.000,0.000,0.000,0.000,0.000,0.000,0.000,0.000,0.000,0.000,0.000,0.000,0.000,0.000,33600000,0,34.972,4.989,14.252,0.000,19
Data-Oriented CPU ROAM,RelWithDebInfo,OpenGL,NVIDIA GeForce RTX 5090 D/PCIe/SSE2,4.3.0 NVIDIA 591.86,false,assets/heightmaps/Hm_Terrain_Peking_513.png,547,547,80.000,12.000,20,0.250,0.100,200000,7.917,15.012,18.500,-56.024,103.972,200000,532286,199998,1158,649,1158,239692,200000,39679,128,15245,0,0,0,0,129,0,0,0,8,311.689,109.713,105.267,4.273,3.302,2.284,0.000,0.000,12.684,23.630,0.000,17.930,41.164,3.688,0.000,0.000,0.000,0.000,0.000,0.000,0.000,0.000,0.000,0.000,0.000,0.000,0.000,0.000,0.000,0.000,33600000,0,36.313,5.586,17.930,0.000,19
Data-Oriented CPU ROAM,RelWithDebInfo,OpenGL,NVIDIA GeForce RTX 5090 D/PCIe/SSE2,4.3.0 NVIDIA 591.86,false,assets/heightmaps/Hm_Terrain_Peking_513.png,547,547,80.000,12.000,20,0.250,0.100,200000,8.027,18.855,18.155,-54.850,110.302,200000,534798,199998,1623,908,1623,239723,200000,39717,128,19702,0,0,0,0,129,0,0,0,8,202.610,112.291,107.960,5.406,3.440,3.890,0.000,0.000,13.202,24.949,0.000,17.380,39.693,3.547,0.000,0.000,0.000,0.000,0.000,0.000,0.000,0.000,0.000,0.000,0.000,0.000,0.000,0.000,0.000,0.000,33600000,0,38.151,7.331,17.380,0.000,19
Data-Oriented CPU ROAM,RelWithDebInfo,OpenGL,NVIDIA GeForce RTX 5090 D/PCIe/SSE2,4.3.0 NVIDIA 591.86,false,assets/heightmaps/Hm_Terrain_Peking_513.png,547,547,80.000,12.000,20,0.250,0.100,200000,8.140,22.694,17.840,-53.376,112.857,200000,537868,199998,1849,960,1849,239765,200000,39739,128,21446,0,0,0,0,129,0,0,0,8,212.498,107.178,102.936,4.050,2.920,4.172,0.000,0.000,12.140,25.436,0.000,14.311,39.907,3.477,0.000,0.000,0.000,0.000,0.000,0.000,0.000,0.000,0.000,0.000,0.000,0.000,0.000,0.000,0.000,0.000,33600000,0,37.576,7.092,14.311,0.000,19
Data-Oriented CPU ROAM,RelWithDebInfo,OpenGL,NVIDIA GeForce RTX 5090 D/PCIe/SSE2,4.3.0 NVIDIA 591.86,false,assets/heightmaps/Hm_Terrain_Peking_513.png,547,547,80.000,12.000,20,0.250,0.100,200000,8.248,26.252,17.578,-51.719,107.732,200000,540664,199998,1749,892,1749,239754,200000,39685,128,20006,0,0,0,0,129,0,0,0,8,98.219,115.740,111.354,4.395,3.460,3.979,0.000,0.000,12.460,25.522,0.000,17.542,43.995,3.655,0.000,0.000,0.000,0.000,0.000,0.000,0.000,0.000,0.000,0.000,0.000,0.000,0.000,0.000,0.000,0.000,33600000,0,37.982,7.439,17.542,0.000,19
Data-Oriented CPU ROAM,RelWithDebInfo,OpenGL,NVIDIA GeForce RTX 5090 D/PCIe/SSE2,4.3.0 NVIDIA 591.86,false,assets/heightmaps/Hm_Terrain_Peking_513.png,547,547,80.000,12.000,20,0.250,0.100,200000,8.364,29.958,17.346,-49.664,116.314,200000,542818,199998,1686,873,1686,239687,200000,39611,128,19408,0,0,0,0,129,0,0,0,8,305.474,112.053,107.408,5.738,3.100,3.706,0.000,0.000,13.678,25.407,0.000,15.323,40.455,3.835,0.000,0.000,0.000,0.000,0.000,0.000,0.000,0.000,0.000,0.000,0.000,0.000,0.000,0.000,0.000,0.000,33600000,0,39.085,6.806,15.323,0.000,19
Data-Oriented CPU ROAM,RelWithDebInfo,OpenGL,NVIDIA GeForce RTX 5090 D/PCIe/SSE2,4.3.0 NVIDIA 591.86,false,assets/heightmaps/Hm_Terrain_Peking_513.png,547,547,80.000,12.000,20,0.250,0.100,200000,8.477,33.397,17.175,-47.420,112.689,199999,544412,199997,1593,832,1594,239621,199999,39573,128,18713,0,0,0,0,129,0,0,0,8,291.636,111.619,107.148,5.977,3.094,3.661,0.000,0.000,13.255,25.352,0.000,14.044,41.765,3.684,0.000,0.000,0.000,0.000,0.000,0.000,0.000,0.000,0.000,0.000,0.000,0.000,0.000,0.000,0.000,0.000,33599832,0,38.606,6.755,14.044,0.000,19
Data-Oriented CPU ROAM,RelWithDebInfo,OpenGL,NVIDIA GeForce RTX 5090 D/PCIe/SSE2,4.3.0 NVIDIA 591.86,false,assets/heightmaps/Hm_Terrain_Peking_513.png,547,547,80.000,12.000,20,0.250,0.100,200000,8.589,36.655,17.061,-44.949,112.218,200000,545296,199998,1370,724,1369,239622,200000,39580,128,16242,0,0,0,0,129,0,0,0,8,205.032,111.043,106.685,5.632,3.128,3.103,0.000,0.000,12.378,24.491,0.000,18.402,39.551,3.599,0.000,0.000,0.000,0.000,0.000,0.000,0.000,0.000,0.000,0.000,0.000,0.000,0.000,0.000,0.000,0.000,33600000,0,36.869,6.230,18.402,0.000,19
Data-Oriented CPU ROAM,RelWithDebInfo,OpenGL,NVIDIA GeForce RTX 5090 D/PCIe/SSE2,4.3.0 NVIDIA 591.86,false,assets/heightmaps/Hm_Terrain_Peking_513.png,547,547,80.000,12.000,20,0.250,0.100,200000,8.700,39.714,17.006,-42.270,111.626,199999,545710,199997,1145,613,1146,239618,199999,39568,128,12933,0,0,0,0,129,0,0,0,8,220.545,103.743,99.181,4.793,3.585,2.117,0.000,0.000,12.319,23.376,0.000,13.945,39.045,3.781,0.000,0.000,0.000,0.000,0.000,0.000,0.000,0.000,0.000,0.000,0.000,0.000,0.000,0.000,0.000,0.000,33599832,0,35.695,5.703,13.945,0.000,19
Data-Oriented CPU ROAM,RelWithDebInfo,OpenGL,NVIDIA GeForce RTX 5090 D/PCIe/SSE2,4.3.0 NVIDIA 591.86,false,assets/heightmaps/Hm_Terrain_Peking_513.png,547,547,80.000,12.000,20,0.250,0.100,200000,8.805,42.398,17.007,-39.578,104.327,200000,546020,199998,889,468,888,239568,200000,39540,128,9799,0,0,0,0,129,0,0,0,8,284.306,108.687,104.415,5.511,3.474,1.614,0.000,0.000,13.695,22.387,0.000,17.613,40.120,3.493,0.000,0.000,0.000,0.000,0.000,0.000,0.000,0.000,0.000,0.000,0.000,0.000,0.000,0.000,0.000,0.000,33600000,0,36.083,5.088,17.613,0.000,19
Data-Oriented CPU ROAM,RelWithDebInfo,OpenGL,NVIDIA GeForce RTX 5090 D/PCIe/SSE2,4.3.0 NVIDIA 591.86,false,assets/heightmaps/Hm_Terrain_Peking_513.png,547,547,80.000,12.000,20,0.250,0.100,200000,8.914,45.013,17.063,-36.576,109.258,200000,546440,199998,1002,507,1002,239548,200000,39519,128,10901,0,0,0,0,129,0,0,0,8,308.724,105.510,101.217,4.883,3.465,2.059,0.000,0.000,13.583,22.784,0.000,14.176,40.268,3.525,0.000,0.000,0.000,0.000,0.000,0.000,0.000,0.000,0.000,0.000,0.000,0.000,0.000,0.000,0.000,0.000,33600000,0,36.367,5.524,14.176,0.000,19
Data-Oriented CPU ROAM,RelWithDebInfo,OpenGL,NVIDIA GeForce RTX 5090 D/PCIe/SSE2,4.3.0 NVIDIA 591.86,false,assets/heightmaps/Hm_Terrain_Peking_513.png,547,547,80.000,12.000,20,0.250,0.100,200000,9.020,47.349,17.171,-33.497,106.085,200000,547412,199998,1431,749,1431,239489,200000,39452,128,15733,0,0,0,0,129,0,0,0,8,247.531,111.672,107.305,4.257,3.390,3.445,0.000,0.000,12.832,24.774,0.000,17.743,40.862,3.556,0.000,0.000,0.000,0.000,0.000,0.000,0.000,0.000,0.000,0.000,0.000,0.000,0.000,0.000,0.000,0.000,33600000,0,37.606,6.835,17.743,0.000,19
Data-Oriented CPU ROAM,RelWithDebInfo,OpenGL,NVIDIA GeForce RTX 5090 D/PCIe/SSE2,4.3.0 NVIDIA 591.86,false,assets/heightmaps/Hm_Terrain_Peking_513.png,547,547,80.000,12.000,20,0.250,0.100,200000,9.132,49.592,17.340,-30.077,112.243,200000,548528,199998,1532,814,1532,239423,200000,39379,128,17145,0,0,0,0,129,0,0,0,8,297.876,109.260,104.904,5.057,3.137,3.888,0.000,0.000,13.507,24.825,0.000,14.757,39.733,3.585,0.000,0.000,0.000,0.000,0.000,0.000,0.000,0.000,0.000,0.000,0.000,0.000,0.000,0.000,0.000,0.000,33600000,0,38.332,7.025,14.757,0.000,19
Data-Oriented CPU ROAM,RelWithDebInfo,OpenGL,NVIDIA GeForce RTX 5090 D/PCIe/SSE2,4.3.0 NVIDIA 591.86,false,assets/heightmaps/Hm_Terrain_Peking_513.png,547,547,80.000,12.000,20,0.250,0.100,200000,9.242,51.548,17.556,-26.585,109.852,199999,549580,199997,1512,805,1513,239353,199999,39325,128,16737,0,0,0,0,129,0,0,0,8,291.272,111.593,107.283,5.425,3.084,3.741,0.000,0.000,12.537,24.393,0.000,14.616,43.486,3.549,0.000,0.000,0.000,0.000,0.000,0.000,0.000,0.000,0.000,0.000,0.000,0.000,0.000,0.000,0.000,0.000,33599832,0,36.930,6.825,14.616,0.000,19
Data-Oriented CPU ROAM,RelWithDebInfo,OpenGL,NVIDIA GeForce RTX 5090 D/PCIe/SSE2,4.3.0 NVIDIA 591.86,false,assets/heightmaps/Hm_Terrain_Peking_513.png,547,547,80.000,12.000,20,0.250,0.100,200000,9.354,53.293,17.824,-22.889,112.181,199999,550506,199997,1508,811,1508,239285,199999,39276,128,16429,0,0,0,0,129,0,0,0,8,197.168,107.370,103.016,5.241,3.447,3.739,0.000,0.000,12.724,24.264,0.000,14.118,39.483,3.570,0.000,0.000,0.000,0.000,0.000,0.000,0.000,0.000,0.000,0.000,0.000,0.000,0.000,0.000,0.000,0.000,33599832,0,36.988,7.186,14.118,0.000,19
Data-Oriented CPU ROAM,RelWithDebInfo,OpenGL,NVIDIA GeForce RTX 5090 D/PCIe/SSE2,4.3.0 NVIDIA 591.86,false,assets/heightmaps/Hm_Terrain_Peking_513.png,547,547,80.000,12.000,20,0.250,0.100,200000,9.462,54.721,18.124,-19.225,107.943,200000,551574,199998,1427,753,1426,239236,200000,39229,128,15452,0,0,0,0,129,0,0,0,8,201.993,112.594,108.289,5.648,3.165,3.557,0.000,0.000,12.716,24.056,0.000,17.176,41.972,3.546,0.000,0.000,0.000,0.000,0.000,0.000,0.000,0.000,0.000,0.000,0.000,0.000,0.000,0.000,0.000,0.000,33600000,0,36.771,6.722,17.176,0.000,19
Data-Oriented CPU ROAM,RelWithDebInfo,OpenGL,NVIDIA GeForce RTX 5090 D/PCIe/SSE2,4.3.0 NVIDIA 591.86,false,assets/heightmaps/Hm_Terrain_Peking_513.png,547,547,80.000,12.000,20,0.250,0.100,200000,9.576,55.951,18.475,-15.278,113.451,200000,552410,199998,1600,855,1600,239231,200000,39231,128,17094,0,0,0,0,129,0,0,0,8,310.620,110.123,105.631,3.877,3.328,3.906,0.000,0.000,12.505,24.274,0.000,16.984,40.757,3.698,0.000,0.000,0.000,0.000,0.000,0.000,0.000,0.000,0.000,0.000,0.000,0.000,0.000,0.000,0.000,0.000,33600000,0,36.779,7.234,16.984,0.000,19
Data-Oriented CPU ROAM,RelWithDebInfo,OpenGL,NVIDIA GeForce RTX 5090 D/PCIe/SSE2,4.3.0 NVIDIA 591.86,false,assets/heightmaps/Hm_Terrain_Peking_513.png,547,547,80.000,12.000,20,0.250,0.100,200000,9.686,56.878,18.848,-11.352,110.731,200000,552890,199998,1472,798,1472,239218,200000,39215,128,15598,0,0,0,0,129,0,0,0,8,313.444,109.127,104.679,4.723,3.215,3.482,0.000,0.000,12.953,24.364,0.000,16.440,39.502,3.672,0.000,0.000,0.000,0.000,0.000,0.000,0.000,0.000,0.000,0.000,0.000,0.000,0.000,0.000,0.000,0.000,33600000,0,37.317,6.697,16.440,0.000,19
Data-Oriented CPU ROAM,RelWithDebInfo,OpenGL,NVIDIA GeForce RTX 5090 D/PCIe/SSE2,4.3.0 NVIDIA 591.86,false,assets/heightmaps/Hm_Terrain_Peking_513.png,547,547,80.000,12.000,20,0.250,0.100,200000,9.796,57.525,19.240,-7.407,109.712,200000,553158,199998,1323,727,1323,239205,200000,39133,128,14678,0,0,0,0,129,0,0,0,8,312.308,109.382,105.060,4.177,3.241,3.146,0.000,0.000,12.932,24.098,0.000,17.073,40.392,3.558,0.000,0.000,0.000,0.000,0.000,0.000,0.000,0.000,0.000,0.000,0.000,0.000,0.000,0.000,0.000,0.000,33600000,0,37.030,6.387,17.073,0.000,19
Data-Oriented CPU ROAM,RelWithDebInfo,OpenGL,NVIDIA GeForce RTX 5090 D/PCIe/SSE2,4.3.0 NVIDIA 591.86,false,assets/heightmaps/Hm_Terrain_Peking_513.png,547,547,80.000,12.000,20,0.250,0.100,200000,9.906,57.899,19.647,-3.418,109.975,199999,553278,199997,1168,666,1169,239135,199999,39061,128,13263,0,0,0,0,129,0,0,0,8,106.563,107.137,102.633,5.404,3.383,2.973,0.000,0.000,12.924,23.965,0.000,14.513,39.471,3.727,0.000,0.000,0.000,0.000,0.000,0.000,0.000,0.000,0.000,0.000,0.000,0.000,0.000,0.000,0.000,0.000,33599832,0,36.889,6.356,14.513,0.000,19
Data-Oriented CPU ROAM,RelWithDebInfo,OpenGL,NVIDIA GeForce RTX 5090 D/PCIe/SSE2,4.3.0 NVIDIA 591.86,false,assets/heightmaps/Hm_Terrain_Peking_513.png,547,547,80.000,12.000,20,0.250,0.100,200000,10.000,58.000,20.000,0.000,107.718,200000,553278,199998,969,554,968,239082,200000,39019,128,10809,0,0,0,0,129,0,0,0,8,297.207,104.257,99.883,4.808,3.297,1.822,0.000,0.000,12.816,22.450,0.000,14.481,40.209,3.589,0.000,0.000,0.000,0.000,0.000,0.000,0.000,0.000,0.000,0.000,0.000,0.000,0.000,0.000,0.000,0.000,33600000,0,35.265,5.119,14.481,0.000,19
GPU ROAM-like,RelWithDebInfo,OpenGL,NVIDIA GeForce RTX 5090 D/PCIe/SSE2,4.3.0 NVIDIA 591.86,false,assets/heightmaps/Hm_Terrain_Peking_513.png,547,547,80.000,12.000,20,0.250,0.100,200000,0.000,58.000,20.000,0.000,842.666,200000,399998,199998,199998,99931,0,233547,0,0,0,0,0,0,0,0,1,0,0,0,1,99.627,722.473,698.292,94.954,0.000,0.004,0.000,0.000,0.002,557.049,0.000,0.000,46.282,8.258,0.000,0.000,0.000,0.000,0.000,0.000,0.000,0.000,0.000,10.626,0.074,2.103,0.000,0.000,0.000,0.000,45996664,0,557.051,0.004,0.000,0.000,20
GPU ROAM-like,RelWithDebInfo,OpenGL,NVIDIA GeForce RTX 5090 D/PCIe/SSE2,4.3.0 NVIDIA 591.86,false,assets/heightmaps/Hm_Terrain_Peking_513.png,547,547,80.000,12.000,20,0.250,0.100,200000,0.723,52.115,22.366,25.456,723.142,199999,436834,199997,18418,9230,18419,235178,0,0,0,0,0,0,0,0,129,0,0,0,8,100.875,217.953,195.827,7.048,3.463,41.874,0.000,0.000,11.476,89.723,0.000,0.000,42.243,8.001,0.000,0.000,0.000,0.000,0.000,0.000,0.000,0.000,0.000,11.528,1.170,0.299,0.000,0.000,0.000,0.000,48925460,0,101.199,45.337,0.000,0.000,19
GPU ROAM-like,RelWithDebInfo,OpenGL,NVIDIA GeForce RTX 5090 D/PCIe/SSE2,4.3.0 NVIDIA 591.86,false,assets/heightmaps/Hm_Terrain_Peking_513.png,547,547,80.000,12.000,20,0.250,0.100,200000,0.942,48.141,22.778,32.348,218.492,199999,447218,199997,5888,3019,5888,235913,0,0,0,0,0,0,0,0,129,0,0,0,8,99.525,142.402,118.063,7.213,3.350,14.658,0.000,0.000,12.706,38.275,0.000,0.000,41.860,10.052,0.000,0.000,0.000,0.000,0.000,0.000,0.000,0.000,0.000,11.597,1.237,0.319,0.000,0.000,0.000,0.000,50088468,0,50.981,18.008,0.000,0.000,19
GPU ROAM-like,RelWithDebInfo,OpenGL,NVIDIA GeForce RTX 5090 D/PCIe/SSE2,4.3.0 NVIDIA 591.86,false,assets/heightmaps/Hm_Terrain_Peking_513.png,547,547,80.000,12.000,20,0.250,0.100,200000,1.085,45.045,22.935,36.537,142.970,199999,452094,199997,2971,1551,2971,236275,0,0,0,0,0,0,0,0,129,0,0,0,8,101.564,124.181,99.446,7.143,3.087,7.521,0.000,0.000,11.761,28.482,0.000,0.000,41.451,9.847,0.000,0.000,0.000,0.000,0.000,0.000,0.000,0.000,0.000,12.240,1.277,0.236,0.000,0.000,0.000,0.000,50634580,0,40.243,10.608,0.000,0.000,19
GPU ROAM-like,RelWithDebInfo,OpenGL,NVIDIA GeForce RTX 5090 D/PCIe/SSE2,4.3.0 NVIDIA 591.86,false,assets/heightmaps/Hm_Terrain_Peking_513.png,547,547,80.000,12.000,20,0.250,0.100,200000,1.209,42.046,22.996,39.951,124.743,200000,455392,199998,2021,1053,2020,236526,0,0,0,0,0,0,0,0,35590,0,0,0,8,196.159,128.540,92.087,6.903,2.784,5.054,0.000,0.000,11.913,24.902,0.000,0.000,40.530,8.584,0.036,0.024,0.037,0.023,0.027,0.006,0.015,0.204,0.373,12.454,1.257,0.078,0.005,12.961,0.000,0.000,51003956,96,36.815,7.838,0.000,0.000,19
GPU ROAM-like,RelWithDebInfo,OpenGL,NVIDIA GeForce RTX 5090 D/PCIe/SSE2,4.3.0 NVIDIA 591.86,false,assets/heightmaps/Hm_Terrain_Peking_513.png,547,547,80.000,12.000,20,0.250,0.100,200000,1.339,38.668,22.981,43.229,129.198,199999,457410,199997,1522,792,1523,236631,0,0,0,0,0,0,0,0,42061,0,0,0,8,100.323,126.932,88.762,6.880,2.738,3.677,0.000,0.000,12.944,22.824,0.000,0.000,39.698,8.848,0.035,0.085,0.022,0.025,0.035,0.006,0.018,0.869,1.095,12.449,1.319,0.216,0.006,12.957,0.000,0.000,51229972,96,35.769,6.415,0.000,0.000,19
GPU ROAM-like,RelWithDebInfo,OpenGL,NVIDIA GeForce RTX 5090 D/PCIe/SSE2,4.3.0 NVIDIA 591.86,false,assets/heightmaps/Hm_Terrain_Peking_513.png,547,547,80.000,12.000,20,0.250,0.100,200000,1.467,35.057,22.889,46.206,128.448,200000,458130,199998,930,474,929,236661,0,0,0,0,0,0,0,0,44970,0,0,0,8,192.751,122.706,87.855,7.963,2.868,1.820,0.000,0.000,12.888,20.957,0.000,0.000,41.359,8.028,0.042,0.078,0.023,0.025,0.029,0.006,0.022,1.109,1.335,11.552,1.266,0.080,0.005,12.783,0.000,0.000,51310612,96,33.845,4.688,0.000,0.000,19
GPU ROAM-like,RelWithDebInfo,OpenGL,NVIDIA GeForce RTX 5090 D/PCIe/SSE2,4.3.0 NVIDIA 591.86,false,assets/heightmaps/Hm_Terrain_Peking_513.png,547,547,80.000,12.000,20,0.250,0.100,200000,1.591,31.369,22.729,48.785,123.534,199999,458130,199997,733,405,734,236652,0,0,0,0,0,0,0,0,46453,0,0,0,8,186.282,118.509,83.406,6.918,2.660,1.297,0.000,0.000,12.198,20.032,0.000,0.000,40.301,8.044,0.036,0.095,0.022,0.026,0.026,0.008,0.018,1.122,1.354,11.698,1.284,0.077,0.005,12.891,0.000,0.000,51310612,96,32.230,3.957,0.000,0.000,19
GPU ROAM-like,RelWithDebInfo,OpenGL,NVIDIA GeForce RTX 5090 D/PCIe/SSE2,4.3.0 NVIDIA 591.86,false,assets/heightmaps/Hm_Terrain_Peking_513.png,547,547,80.000,12.000,20,0.250,0.100,200000,1.710,27.634,22.513,50.994,119.086,199999,458130,199997,678,395,678,236643,0,0,0,0,0,0,0,0,47414,0,0,0,8,98.666,111.962,83.012,6.722,2.816,1.150,0.000,0.000,12.024,19.910,0.000,0.000,40.389,2.889,0.046,0.102,0.024,0.024,0.032,0.010,0.019,1.082,1.339,11.786,0.000,0.078,0.005,13.061,0.000,0.000,51310612,96,31.934,3.966,0.000,0.000,19
GPU ROAM-like,RelWithDebInfo,OpenGL,NVIDIA GeForce RTX 5090 D/PCIe/SSE2,4.3.0 NVIDIA 591.86,false,assets/heightmaps/Hm_Terrain_Peking_513.png,547,547,80.000,12.000,20,0.250,0.100,200000,1.822,23.963,22.257,52.818,112.510,199999,458130,199997,878,515,878,236633,0,0,0,0,0,0,0,0,47810,0,0,0,8,194.352,113.721,84.666,7.015,2.733,1.588,0.000,0.000,12.297,20.516,0.000,0.000,40.516,2.853,0.040,0.078,0.026,0.024,0.031,0.009,0.017,1.125,1.350,11.934,0.000,0.078,0.006,12.995,0.000,0.000,51310612,96,32.813,4.321,0.000,0.000,19
GPU ROAM-like,RelWithDebInfo,OpenGL,NVIDIA GeForce RTX 5090 D/PCIe/SSE2,4.3.0 NVIDIA 591.86,false,assets/heightmaps/Hm_Terrain_Peking_513.png,547,547,80.000,12.000,20,0.250,0.100,200000,1.936,20.111,21.951,54.402,114.317,200000,458216,199998,926,530,925,236633,0,0,0,0,0,0,0,0,47971,0,0,0,8,176.687,124.904,87.679,7.136,2.840,1.679,0.000,0.000,13.237,21.047,0.000,0.000,41.740,9.097,0.042,0.069,0.022,0.024,0.034,0.006,0.019,1.070,1.286,12.741,1.363,0.090,0.004,12.809,0.000,0.000,51320244,96,34.284,4.519,0.000,0.000,19
GPU ROAM-like,RelWithDebInfo,OpenGL,NVIDIA GeForce RTX 5090 D/PCIe/SSE2,4.3.0 NVIDIA 591.86,false,assets/heightmaps/Hm_Terrain_Peking_513.png,547,547,80.000,12.000,20,0.250,0.100,200000,2.062,15.764,21.569,55.817,125.475,200000,458872,199998,1114,612,1114,236701,0,0,0,0,0,0,0,0,47958,0,0,0,8,191.452,123.547,86.571,6.951,3.025,2.190,0.000,0.000,12.143,21.462,0.000,0.000,40.800,8.691,0.040,0.093,0.029,0.024,0.033,0.011,0.024,1.042,1.295,12.608,1.278,0.321,0.005,12.922,0.000,0.000,51393716,96,33.605,5.214,0.000,0.000,19
GPU ROAM-like,RelWithDebInfo,OpenGL,NVIDIA GeForce RTX 5090 D/PCIe/SSE2,4.3.0 NVIDIA 591.86,false,assets/heightmaps/Hm_Terrain_Peking_513.png,547,547,80.000,12.000,20,0.250,0.100,200000,2.186,11.369,21.153,56.875,124.087,199999,460152,199997,1186,629,1187,236781,0,0,0,0,0,0,0,0,47954,0,0,0,8,101.719,123.993,87.324,6.959,2.902,2.362,0.000,0.000,12.245,21.968,0.000,0.000,40.886,8.790,0.032,0.085,0.027,0.021,0.032,0.008,0.018,1.231,1.454,12.614,1.316,0.084,0.007,12.728,0.000,0.000,51537076,96,34.214,5.265,0.000,0.000,19
GPU ROAM-like,RelWithDebInfo,OpenGL,NVIDIA GeForce RTX 5090 D/PCIe/SSE2,4.3.0 NVIDIA 591.86,false,assets/heightmaps/Hm_Terrain_Peking_513.png,547,547,80.000,12.000,20,0.250,0.100,200000,2.311,6.887,20.707,57.590,124.563,199999,461964,199997,1236,648,1236,236905,0,0,0,0,0,0,0,0,47947,0,0,0,8,100.867,125.038,88.119,7.184,3.103,2.536,0.000,0.000,12.182,22.055,0.000,0.000,41.059,8.659,0.041,0.056,0.021,0.021,0.037,0.008,0.019,1.163,1.365,12.721,1.330,0.081,0.005,12.984,0.000,0.000,51740020,96,34.237,5.639,0.000,0.000,19
GPU ROAM-like,RelWithDebInfo,OpenGL,NVIDIA GeForce RTX 5090 D/PCIe/SSE2,4.3.0 NVIDIA 591.86,false,assets/heightmaps/Hm_Terrain_Peking_513.png,547,547,80.000,12.000,20,0.250,0.100,200000,2.436,2.326,20.240,57.953,125.593,199999,464014,199997,1253,626,1253,237064,0,0,0,0,0,0,0,0,48095,0,0,0,8,153.695,123.112,87.866,7.154,2.611,2.572,0.000,0.000,12.219,22.690,0.000,0.000,40.618,8.077,0.038,0.056,0.027,0.026,0.032,0.009,0.017,1.117,1.321,11.583,1.313,0.220,0.005,12.904,0.000,0.000,51969620,96,34.909,5.184,0.000,0.000,19
GPU ROAM-like,RelWithDebInfo,OpenGL,NVIDIA GeForce RTX 5090 D/PCIe/SSE2,4.3.0 NVIDIA 591.86,false,assets/heightmaps/Hm_Terrain_Peking_513.png,547,547,80.000,12.000,20,0.250,0.100,200000,2.560,-2.179,19.775,57.959,123.654,200000,466382,199998,1216,607,1215,237226,0,0,0,0,0,0,0,0,48395,0,0,0,8,101.074,124.787,87.600,6.997,3.400,3.195,0.000,0.000,12.105,22.326,0.000,0.000,39.577,8.239,0.038,0.157,0.037,0.023,0.065,0.007,0.029,0.128,0.485,11.981,2.607,0.073,0.005,13.143,0.000,0.000,52234836,96,34.431,6.594,0.000,0.000,19
GPU ROAM-like,RelWithDebInfo,OpenGL,NVIDIA GeForce RTX 5090 D/PCIe/SSE2,4.3.0 NVIDIA 591.86,false,assets/heightmaps/Hm_Terrain_Peking_513.png,547,547,80.000,12.000,20,0.250,0.100,200000,2.685,-6.733,19.308,57.608,125.367,200000,468470,199998,1109,562,1109,237354,0,0,0,0,0,0,0,0,48846,0,0,0,8,100.330,125.707,89.314,6.861,2.850,2.876,0.000,0.000,12.934,23.394,0.000,0.000,40.399,8.500,0.052,0.081,0.025,0.026,0.030,0.007,0.027,1.436,1.684,12.148,1.332,0.072,0.005,13.193,0.000,0.000,52468692,96,36.328,5.726,0.000,0.000,19
GPU ROAM-like,RelWithDebInfo,OpenGL,NVIDIA GeForce RTX 5090 D/PCIe/SSE2,4.3.0 NVIDIA 591.86,false,assets/heightmaps/Hm_Terrain_Peking_513.png,547,547,80.000,12.000,20,0.250,0.100,200000,2.811,-11.277,18.856,56.893,126.262,200000,470310,199998,1030,529,1030,237393,0,0,0,0,0,0,0,0,49301,0,0,0,8,175.301,125.925,88.225,6.859,2.853,2.571,0.000,0.000,14.082,21.933,0.000,0.000,39.927,9.019,0.046,0.122,0.037,0.024,0.033,0.008,0.022,1.114,1.405,12.820,1.339,0.072,0.005,13.280,0.000,0.000,52674772,96,36.015,5.424,0.000,0.000,19
GPU ROAM-like,RelWithDebInfo,OpenGL,NVIDIA GeForce RTX 5090 D/PCIe/SSE2,4.3.0 NVIDIA 591.86,false,assets/heightmaps/Hm_Terrain_Peking_513.png,547,547,80.000,12.000,20,0.250,0.100,200000,2.938,-15.758,18.431,55.818,126.482,199999,472592,199997,1300,673,1301,237460,0,0,0,0,0,0,0,0,49862,0,0,0,8,187.123,126.396,88.506,6.977,3.098,3.236,0.000,0.000,12.012,23.213,0.000,0.000,39.970,8.906,0.055,0.177,0.021,0.021,0.030,0.018,0.017,0.110,0.449,12.986,1.510,0.073,0.005,13.241,0.000,0.000,52930356,96,35.225,6.334,0.000,0.000,19
GPU ROAM-like,RelWithDebInfo,OpenGL,NVIDIA GeForce RTX 5090 D/PCIe/SSE2,4.3.0 NVIDIA 591.86,false,assets/heightmaps/Hm_Terrain_Peking_513.png,547,547,80.000,12.000,20,0.250,0.100,200000,3.065,-20.157,18.045,54.385,126.973,200000,474832,199998,1343,707,1342,237492,0,0,0,0,0,0,0,0,50479,0,0,0,8,99.012,127.392,89.763,7.096,2.964,3.411,0.000,0.000,12.848,22.803,0.000,0.000,40.641,8.985,0.034,0.105,0.034,0.069,0.024,0.008,0.019,2.075,2.369,12.878,1.315,0.069,0.005,13.208,0.000,0.000,53181236,96,35.651,6.375,0.000,0.000,19
GPU ROAM-like,RelWithDebInfo,OpenGL,NVIDIA GeForce RTX 5090 D/PCIe/SSE2,4.3.0 NVIDIA 591.86,false,assets/heightmaps/Hm_Terrain_Peking_513.png,547,547,80.000,12.000,20,0.250,0.100,200000,3.193,-24.459,17.706,52.591,127.944,199999,477236,199997,1489,801,1490,237504,0,0,0,0,0,0,0,0,50956,0,0,0,8,184.305,128.324,89.792,7.040,3.239,3.847,0.000,0.000,12.318,23.021,0.000,0.000,40.326,9.010,0.051,0.129,0.031,0.077,0.030,0.008,0.022,1.190,1.540,13.322,1.304,0.279,0.005,13.431,0.000,0.000,53450484,96,35.339,7.086,0.000,0.000,19
GPU ROAM-like,RelWithDebInfo,OpenGL,NVIDIA GeForce RTX 5090 D/PCIe/SSE2,4.3.0 NVIDIA 591.86,false,assets/heightmaps/Hm_Terrain_Peking_513.png,547,547,80.000,12.000,20,0.250,0.100,200000,3.322,-28.633,17.424,50.440,128.881,200000,479954,199998,1701,902,1700,237526,0,0,0,0,0,0,0,0,51148,0,0,0,8,182.403,129.685,91.641,6.950,2.917,4.058,0.000,0.000,13.517,23.578,0.000,0.000,40.622,9.028,0.030,0.069,0.021,0.059,0.029,0.011,0.026,1.570,1.816,13.019,1.331,0.071,0.005,13.374,0.000,0.000,53754900,96,37.094,6.975,0.000,0.000,19
GPU ROAM-like,RelWithDebInfo,OpenGL,NVIDIA GeForce RTX 5090 D/PCIe/SSE2,4.3.0 NVIDIA 591.86,false,assets/heightmaps/Hm_Terrain_Peking_513.png,547,547,80.000,12.000,20,0.250,0.100,200000,3.454,-32.707,17.206,47.898,131.797,199999,482220,199997,1526,801,1527,237560,0,0,0,0,0,0,0,0,51467,0,0,0,8,193.029,130.668,94.216,6.902,5.470,4.692,0.000,0.000,14.542,22.813,0.000,0.000,39.796,8.356,0.039,0.103,0.026,0.074,0.041,0.009,0.021,1.542,1.855,12.083,1.296,0.070,0.005,13.465,0.000,0.000,54008692,96,37.356,10.162,0.000,0.000,19
GPU ROAM-like,RelWithDebInfo,OpenGL,NVIDIA GeForce RTX 5090 D/PCIe/SSE2,4.3.0 NVIDIA 591.86,false,assets/heightmaps/Hm_Terrain_Peking_513.png,547,547,80.000,12.000,20,0.250,0.100,200000,3.585,-36.548,17.064,45.036,131.505,200000,483864,199998,1268,675,1267,237613,0,0,0,0,0,0,0,0,51659,0,0,0,8,192.766,130.836,93.536,7.590,3.054,3.045,0.000,0.000,15.340,22.188,0.000,0.000,42.318,8.650,0.040,0.101,0.030,0.076,0.029,0.010,0.020,2.063,2.369,12.464,1.355,0.070,0.005,13.590,0.000,0.000,54192820,96,37.528,6.099,0.000,0.000,19
GPU ROAM-like,RelWithDebInfo,OpenGL,NVIDIA GeForce RTX 5090 D/PCIe/SSE2,4.3.0 NVIDIA 591.86,false,assets/heightmaps/Hm_Terrain_Peking_513.png,547,547,80.000,12.000,20,0.250,0.100,200000,3.716,-40.139,17.003,41.867,131.435,199999,485130,199997,1042,555,1043,237685,0,0,0,0,0,0,0,0,51776,0,0,0,8,99.023,127.386,89.667,6.763,3.115,2.167,0.000,0.000,16.596,20.937,0.000,0.000,40.087,8.984,0.058,0.081,0.015,0.047,0.039,0.008,0.021,0.262,0.531,12.568,1.384,0.074,0.005,13.527,0.000,0.000,54334612,96,37.534,5.282,0.000,0.000,19
GPU ROAM-like,RelWithDebInfo,OpenGL,NVIDIA GeForce RTX 5090 D/PCIe/SSE2,4.3.0 NVIDIA 591.86,false,assets/heightmaps/Hm_Terrain_Peking_513.png,547,547,80.000,12.000,20,0.250,0.100,200000,3.844,-43.371,17.021,38.509,127.950,199999,486016,199997,809,424,809,237731,0,0,0,0,0,0,0,0,51897,0,0,0,8,98.886,127.559,88.970,8.063,3.161,1.631,0.000,0.000,14.991,20.298,0.000,0.000,40.827,9.181,0.036,0.063,0.016,0.056,0.030,0.009,0.024,0.202,0.436,13.371,1.357,0.069,0.005,13.432,0.000,0.000,54433844,96,35.289,4.792,0.000,0.000,19
GPU ROAM-like,RelWithDebInfo,OpenGL,NVIDIA GeForce RTX 5090 D/PCIe/SSE2,4.3.0 NVIDIA 591.86,false,assets/heightmaps/Hm_Terrain_Peking_513.png,547,547,80.000,12.000,20,0.250,0.100,200000,3.973,-46.327,17.117,34.897,128.103,199999,487544,199997,1125,574,1125,237823,0,0,0,0,0,0,0,0,51434,0,0,0,8,97.016,130.020,91.129,7.034,2.782,2.631,0.000,0.000,16.245,21.311,0.000,0.000,41.127,9.223,0.039,0.082,0.020,0.060,0.049,0.011,0.026,1.672,1.960,13.299,1.373,0.073,0.005,13.716,0.000,0.000,54604980,96,37.556,5.413,0.000,0.000,19
GPU ROAM-like,RelWithDebInfo,OpenGL,NVIDIA GeForce RTX 5090 D/PCIe/SSE2,4.3.0 NVIDIA 591.86,false,assets/heightmaps/Hm_Terrain_Peking_513.png,547,547,80.000,12.000,20,0.250,0.100,200000,4.103,-49.031,17.290,30.983,130.574,200000,489704,199998,1328,698,1327,238006,0,0,0,0,0,0,0,0,51024,0,0,0,8,176.522,133.966,92.461,7.177,3.160,3.521,0.000,0.000,15.113,22.421,0.000,0.000,41.067,11.430,0.041,0.067,0.020,0.066,0.026,0.008,0.021,1.710,1.959,13.356,1.348,0.073,0.005,14.077,0.000,0.000,54846900,96,37.535,6.681,0.000,0.000,19
GPU ROAM-like,RelWithDebInfo,OpenGL,NVIDIA GeForce RTX 5090 D/PCIe/SSE2,4.3.0 NVIDIA 591.86,false,assets/heightmaps/Hm_Terrain_Peking_513.png,547,547,80.000,12.000,20,0.250,0.100,200000,4.238,-51.472,17.546,26.733,134.509,200000,491648,199998,1214,637,1214,238264,0,0,0,0,0,0,0,0,50971,0,0,0,8,97.307,129.639,90.509,6.855,2.938,2.875,0.000,0.000,15.896,22.262,0.000,0.000,39.683,9.179,0.046,0.101,0.031,0.066,0.036,0.010,0.020,1.865,2.175,13.465,1.350,0.272,0.005,13.656,0.000,0.000,55064628,96,38.158,5.813,0.000,0.000,19
GPU ROAM-like,RelWithDebInfo,OpenGL,NVIDIA GeForce RTX 5090 D/PCIe/SSE2,4.3.0 NVIDIA 591.86,false,assets/heightmaps/Hm_Terrain_Peking_513.png,547,547,80.000,12.000,20,0.250,0.100,200000,4.368,-53.483,17.859,22.439,130.163,199999,493104,199997,1002,513,1003,238502,0,0,0,0,0,0,0,0,51150,0,0,0,8,192.111,131.293,89.237,6.970,3.174,1.986,0.000,0.000,15.378,21.547,0.000,0.000,40.183,8.719,0.035,0.067,0.022,0.062,0.039,0.011,0.023,1.564,1.824,16.788,1.549,0.071,0.005,13.744,0.000,0.000,55227700,96,36.925,5.159,0.000,0.000,19
GPU ROAM-like,RelWithDebInfo,OpenGL,NVIDIA GeForce RTX 5090 D/PCIe/SSE2,4.3.0 NVIDIA 591.86,false,assets/heightmaps/Hm_Terrain_Peking_513.png,547,547,80.000,12.000,20,0.250,0.100,200000,4.500,-55.157,18.235,17.937,131.850,199999,494514,199997,959,517,959,238594,0,0,0,0,0,0,0,0,51142,0,0,0,8,187.740,125.999,88.524,6.855,2.901,1.940,0.000,0.000,15.837,20.923,0.000,0.000,40.069,8.519,0.039,0.102,0.025,0.066,0.045,0.010,0.019,2.072,2.379,12.548,1.397,0.070,0.005,13.753,0.000,0.000,55385620,96,36.759,4.840,0.000,0.000,19
GPU ROAM-like,RelWithDebInfo,OpenGL,NVIDIA GeForce RTX 5090 D/PCIe/SSE2,4.3.0 NVIDIA 591.86,false,assets/heightmaps/Hm_Terrain_Peking_513.png,547,547,80.000,12.000,20,0.250,0.100,200000,4.626,-56.407,18.642,13.499,126.547,200000,495932,199998,922,472,921,238635,0,0,0,0,0,0,0,0,51819,0,0,0,8,135.893,127.649,88.801,6.948,3.519,1.884,0.000,0.000,15.690,20.636,0.000,0.000,40.123,9.614,0.039,0.069,0.017,0.063,0.028,0.008,0.027,1.584,1.834,12.840,1.395,0.070,0.005,13.727,0.000,0.000,55544436,96,36.327,5.403,0.000,0.000,19
GPU ROAM-like,RelWithDebInfo,OpenGL,NVIDIA GeForce RTX 5090 D/PCIe/SSE2,4.3.0 NVIDIA 591.86,false,assets/heightmaps/Hm_Terrain_Peking_513.png,547,547,80.000,12.000,20,0.250,0.100,200000,4.754,-57.311,19.089,8.916,128.212,199999,496982,199997,761,403,762,238672,0,0,0,0,0,0,0,0,52662,0,0,0,8,99.798,126.420,86.960,7.058,2.935,1.499,0.000,0.000,15.466,20.260,0.000,0.000,39.743,9.291,0.056,0.199,0.035,0.092,0.028,0.009,0.023,0.246,0.688,13.559,1.424,0.071,0.005,13.921,0.000,0.000,55662036,96,35.725,4.434,0.000,0.000,19
GPU ROAM-like,RelWithDebInfo,OpenGL,NVIDIA GeForce RTX 5090 D/PCIe/SSE2,4.3.0 NVIDIA 591.86,false,assets/heightmaps/Hm_Terrain_Peking_513.png,547,547,80.000,12.000,20,0.250,0.100,200000,4.881,-57.839,19.554,4.320,126.970,200000,497878,199998,672,346,671,238721,0,0,0,0,0,0,0,0,53439,0,0,0,8,111.465,127.334,87.699,7.101,2.917,1.200,0.000,0.000,16.167,19.777,0.000,0.000,40.537,9.351,0.036,0.154,0.027,0.087,0.059,0.010,0.035,2.194,2.602,13.597,1.406,0.068,0.005,14.010,0.000,0.000,55762388,96,35.944,4.116,0.000,0.000,19
GPU ROAM-like,RelWithDebInfo,OpenGL,NVIDIA GeForce RTX 5090 D/PCIe/SSE2,4.3.0 NVIDIA 591.86,false,assets/heightmaps/Hm_Terrain_Peking_513.png,547,547,80.000,12.000,20,0.250,0.100,200000,5.009,-57.999,20.035,-0.336,127.880,199999,498664,199997,599,313,600,238762,0,0,0,0,0,0,0,0,53745,0,0,0,8,187.078,126.468,86.746,7.249,2.885,1.003,0.000,0.000,15.019,19.659,0.000,0.000,40.930,9.431,0.035,0.070,0.030,0.058,0.038,0.010,0.020,1.880,2.140,13.530,1.459,0.072,0.005,14.017,0.000,0.000,55850420,96,34.678,3.888,0.000,0.000,19
GPU ROAM-like,RelWithDebInfo,OpenGL,NVIDIA GeForce RTX 5090 D/PCIe/SSE2,4.3.0 NVIDIA 591.86,false,assets/heightmaps/Hm_Terrain_Peking_513.png,547,547,80.000,12.000,20,0.250,0.100,200000,5.136,-57.788,20.511,-4.959,127.014,199999,499498,199997,524,262,524,238788,0,0,0,0,0,0,0,0,53790,0,0,0,8,185.799,127.332,87.534,7.132,3.078,0.812,0.000,0.000,15.002,20.204,0.000,0.000,41.305,9.599,0.039,0.099,0.030,0.070,0.033,0.008,0.021,1.712,2.013,13.667,1.414,0.075,0.005,13.827,0.000,0.000,55943828,96,35.206,3.890,0.000,0.000,19
GPU ROAM-like,RelWithDebInfo,OpenGL,NVIDIA GeForce RTX 5090 D/PCIe/SSE2,4.3.0 NVIDIA 591.86,false,assets/heightmaps/Hm_Terrain_Peking_513.png,547,547,80.000,12.000,20,0.250,0.100,200000,5.264,-57.203,20.978,-9.581,127.897,199999,500552,199997,690,373,690,238703,0,0,0,0,0,0,0,0,53915,0,0,0,8,123.731,127.467,87.859,6.916,3.163,1.205,0.000,0.000,15.154,20.522,0.000,0.000,40.900,9.354,0.038,0.110,0.034,0.078,0.042,0.011,0.026,2.125,2.465,13.671,1.372,0.073,0.006,13.923,0.000,0.000,56061876,96,35.676,4.368,0.000,0.000,19
GPU ROAM-like,RelWithDebInfo,OpenGL,NVIDIA GeForce RTX 5090 D/PCIe/SSE2,4.3.0 NVIDIA 591.86,false,assets/heightmaps/Hm_Terrain_Peking_513.png,547,547,80.000,12.000,20,0.250,0.100,200000,5.392,-56.248,21.419,-14.147,128.020,200000,502990,199998,1341,680,1340,238470,0,0,0,0,0,0,0,0,54150,0,0,0,8,105.702,134.241,96.241,7.045,3.113,3.278,0.000,0.000,15.295,22.200,0.000,0.000,45.309,8.666,0.047,0.072,0.022,0.061,0.025,0.009,0.023,1.823,2.083,12.579,1.377,0.072,0.005,14.069,0.000,0.000,56334932,96,37.495,6.391,0.000,0.000,19
GPU ROAM-like,RelWithDebInfo,OpenGL,NVIDIA GeForce RTX 5090 D/PCIe/SSE2,4.3.0 NVIDIA 591.86,false,assets/heightmaps/Hm_Terrain_Peking_513.png,547,547,80.000,12.000,20,0.250,0.100,200000,5.527,-54.849,21.845,-18.858,134.920,200000,505544,199998,1477,753,1477,238292,0,0,0,0,0,0,0,0,54385,0,0,0,8,96.433,130.820,92.146,7.138,2.898,3.547,0.000,0.000,15.321,23.037,0.000,0.000,40.204,8.845,0.037,0.106,0.030,0.061,0.037,0.010,0.020,1.947,2.249,12.942,1.359,0.070,0.005,14.233,0.000,0.000,56620980,96,38.358,6.446,0.000,0.000,19
GPU ROAM-like,RelWithDebInfo,OpenGL,NVIDIA GeForce RTX 5090 D/PCIe/SSE2,4.3.0 NVIDIA 591.86,false,assets/heightmaps/Hm_Terrain_Peking_513.png,547,547,80.000,12.000,20,0.250,0.100,200000,5.659,-53.105,22.209,-23.321,131.517,199999,507872,199997,1399,722,1400,238325,0,0,0,0,0,0,0,0,54420,0,0,0,8,96.368,130.911,90.866,7.071,2.915,3.483,0.000,0.000,14.882,22.885,0.000,0.000,39.629,9.691,0.055,0.141,0.039,0.079,0.067,0.017,0.027,1.896,2.321,13.410,1.397,0.069,0.005,14.249,0.000,0.000,56881716,96,37.767,6.398,0.000,0.000,19
GPU ROAM-like,RelWithDebInfo,OpenGL,NVIDIA GeForce RTX 5090 D/PCIe/SSE2,4.3.0 NVIDIA 591.86,false,assets/heightmaps/Hm_Terrain_Peking_513.png,547,547,80.000,12.000,20,0.250,0.100,200000,5.790,-50.999,22.513,-27.624,131.482,200000,509724,199998,1237,642,1236,238391,0,0,0,0,0,0,0,0,54272,0,0,0,8,189.592,133.075,92.257,6.813,3.199,2.575,0.000,0.000,16.150,22.545,0.000,0.000,40.973,9.645,0.034,0.099,0.032,0.071,0.040,0.010,0.020,1.859,2.166,13.985,1.402,0.318,0.005,14.225,0.000,0.000,57089140,96,38.696,5.774,0.000,0.000,19
GPU ROAM-like,RelWithDebInfo,OpenGL,NVIDIA GeForce RTX 5090 D/PCIe/SSE2,4.3.0 NVIDIA 591.86,false,assets/heightmaps/Hm_Terrain_Peking_513.png,547,547,80.000,12.000,20,0.250,0.100,200000,5.924,-48.503,22.751,-31.803,133.624,199999,511072,199997,1113,595,1114,238434,0,0,0,0,0,0,0,0,53637,0,0,0,8,95.076,132.726,91.281,7.282,3.260,2.312,0.000,0.000,15.610,22.149,0.000,0.000,40.667,9.784,0.046,0.103,0.027,0.077,0.027,0.011,0.024,2.281,2.595,14.740,1.411,0.072,0.004,14.156,0.000,0.000,57240116,96,37.759,5.573,0.000,0.000,19
GPU ROAM-like,RelWithDebInfo,OpenGL,NVIDIA GeForce RTX 5090 D/PCIe/SSE2,4.3.0 NVIDIA 591.86,false,assets/heightmaps/Hm_Terrain_Peking_513.png,547,547,80.000,12.000,20,0.250,0.100,200000,6.057,-45.673,22.912,-35.749,133.281,199999,512058,199997,975,522,975,238476,0,0,0,0,0,0,0,0,53523,0,0,0,8,180.449,131.108,90.361,6.937,2.839,1.960,0.000,0.000,14.721,22.379,0.000,0.000,41.526,9.646,0.038,0.109,0.031,0.065,0.030,0.007,0.020,2.139,2.439,13.953,1.429,0.073,0.005,14.393,0.000,0.000,57350548,96,37.099,4.799,0.000,0.000,19
GPU ROAM-like,RelWithDebInfo,OpenGL,NVIDIA GeForce RTX 5090 D/PCIe/SSE2,4.3.0 NVIDIA 591.86,false,assets/heightmaps/Hm_Terrain_Peking_513.png,547,547,80.000,12.000,20,0.250,0.100,200000,6.189,-42.562,22.991,-39.401,131.681,200000,512690,199998,848,438,847,238540,0,0,0,0,0,0,0,0,53742,0,0,0,8,95.921,131.549,90.664,6.967,3.269,1.626,0.000,0.000,14.958,21.461,0.000,0.000,42.382,9.757,0.047,0.104,0.028,0.064,0.035,0.011,0.023,1.843,2.155,14.009,1.431,0.075,0.005,14.348,0.000,0.000,57421332,96,36.420,4.895,0.000,0.000,19
GPU ROAM-like,RelWithDebInfo,OpenGL,NVIDIA GeForce RTX 5090 D/PCIe/SSE2,4.3.0 NVIDIA 591.86,false,assets/heightmaps/Hm_Terrain_Peking_513.png,547,547,80.000,12.000,20,0.250,0.100,200000,6.322,-39.108,22.988,-42.832,133.632,199999,513466,199997,667,345,668,238625,0,0,0,0,0,0,0,0,54020,0,0,0,8,182.853,129.384,88.456,7.242,2.824,1.247,0.000,0.000,15.698,20.969,0.000,0.000,40.475,9.706,0.048,0.078,0.018,0.048,0.024,0.009,0.021,0.465,0.712,14.055,1.424,0.069,0.005,14.442,0.000,0.000,57508244,96,36.667,4.071,0.000,0.000,19
GPU ROAM-like,RelWithDebInfo,OpenGL,NVIDIA GeForce RTX 5090 D/PCIe/SSE2,4.3.0 NVIDIA 591.86,false,assets/heightmaps/Hm_Terrain_Peking_513.png,547,547,80.000,12.000,20,0.250,0.100,200000,6.452,-35.484,22.904,-45.879,129.947,200000,513868,199998,445,250,444,238649,0,0,0,0,0,0,0,0,54235,0,0,0,8,178.633,132.404,93.582,7.066,4.057,1.511,0.000,0.000,17.765,20.111,0.000,0.000,43.071,8.893,0.039,0.070,0.021,0.059,0.045,0.009,0.020,1.923,2.187,12.817,1.438,0.071,0.005,14.376,0.000,0.000,57553268,96,37.876,5.568,0.000,0.000,19
GPU ROAM-like,RelWithDebInfo,OpenGL,NVIDIA GeForce RTX 5090 D/PCIe/SSE2,4.3.0 NVIDIA 591.86,false,assets/heightmaps/Hm_Terrain_Peking_513.png,547,547,80.000,12.000,20,0.250,0.100,200000,6.585,-31.532,22.738,-48.680,132.960,199999,514128,199997,436,235,437,238650,0,0,0,0,0,0,0,0,54129,0,0,0,8,136.645,126.990,87.758,6.998,2.956,0.653,0.000,0.000,16.119,20.141,0.000,0.000,40.891,9.090,0.051,0.064,0.023,0.058,0.038,0.010,0.024,1.982,2.251,13.090,1.432,0.071,0.004,14.312,0.000,0.000,57582388,96,36.260,3.608,0.000,0.000,19
GPU ROAM-like,RelWithDebInfo,OpenGL,NVIDIA GeForce RTX 5090 D/PCIe/SSE2,4.3.0 NVIDIA 591.86,false,assets/heightmaps/Hm_Terrain_Peking_513.png,547,547,80.000,12.000,20,0.250,0.100,200000,6.713,-27.533,22.507,-51.048,127.564,200000,514410,199998,503,280,502,238652,0,0,0,0,0,0,0,0,53724,0,0,0,8,198.379,127.242,87.166,7.167,3.352,0.807,0.000,0.000,14.602,20.840,0.000,0.000,40.398,9.776,0.062,0.071,0.018,0.051,0.030,0.007,0.021,0.270,0.531,13.348,1.414,0.080,0.005,14.210,0.000,0.000,57613972,96,35.442,4.160,0.000,0.000,19
GPU ROAM-like,RelWithDebInfo,OpenGL,NVIDIA GeForce RTX 5090 D/PCIe/SSE2,4.3.0 NVIDIA 591.86,false,assets/heightmaps/Hm_Terrain_Peking_513.png,547,547,80.000,12.000,20,0.250,0.100,200000,6.841,-23.350,22.211,-53.092,127.796,199999,514942,199997,666,371,667,238649,0,0,0,0,0,0,0,0,53513,0,0,0,8,185.315,127.692,86.975,6.841,2.931,1.265,0.000,0.000,13.713,21.868,0.000,0.000,40.357,9.678,0.080,0.137,0.040,0.086,0.064,0.016,0.028,2.008,2.459,14.009,1.438,0.071,0.005,14.274,0.000,0.000,57673556,96,35.581,4.195,0.000,0.000,19
GPU ROAM-like,RelWithDebInfo,OpenGL,NVIDIA GeForce RTX 5090 D/PCIe/SSE2,4.3.0 NVIDIA 591.86,false,assets/heightmaps/Hm_Terrain_Peking_513.png,547,547,80.000,12.000,20,0.250,0.100,200000,6.969,-19.001,21.857,-54.799,128.242,199999,515478,199997,671,371,671,238629,0,0,0,0,0,0,0,0,53418,0,0,0,8,183.114,129.230,88.199,6.908,2.842,1.288,0.000,0.000,12.845,22.074,0.000,0.000,42.241,9.921,0.045,0.070,0.027,0.064,0.030,0.007,0.021,1.703,1.968,13.905,1.457,0.072,0.005,14.410,0.000,0.000,57733588,96,34.919,4.130,0.000,0.000,19
GPU ROAM-like,RelWithDebInfo,OpenGL,NVIDIA GeForce RTX 5090 D/PCIe/SSE2,4.3.0 NVIDIA 591.86,false,assets/heightmaps/Hm_Terrain_Peking_513.png,547,547,80.000,12.000,20,0.250,0.100,200000,7.099,-14.474,21.450,-56.165,129.785,199999,516202,199997,734,397,734,238582,0,0,0,0,0,0,0,0,54266,0,0,0,8,98.019,128.743,87.770,7.821,2.904,1.408,0.000,0.000,12.576,22.130,0.000,0.000,40.931,9.818,0.046,0.106,0.031,0.071,0.045,0.007,0.022,1.777,2.106,14.053,1.421,0.072,0.004,14.363,0.000,0.000,57814676,96,34.706,4.312,0.000,0.000,19
GPU ROAM-like,RelWithDebInfo,OpenGL,NVIDIA GeForce RTX 5090 D/PCIe/SSE2,4.3.0 NVIDIA 591.86,false,assets/heightmaps/Hm_Terrain_Peking_513.png,547,547,80.000,12.000,20,0.250,0.100,200000,7.228,-9.869,21.006,-57.154,129.291,200000,517274,199998,868,466,867,238560,0,0,0,0,0,0,0,0,55843,0,0,0,8,181.514,130.374,89.169,7.028,3.126,1.702,0.000,0.000,13.882,22.498,0.000,0.000,40.933,9.697,0.051,0.097,0.029,0.077,0.031,0.007,0.024,2.128,2.444,14.198,1.462,0.078,0.005,14.481,0.000,0.000,57934740,96,36.379,4.828,0.000,0.000,19
GPU ROAM-like,RelWithDebInfo,OpenGL,NVIDIA GeForce RTX 5090 D/PCIe/SSE2,4.3.0 NVIDIA 591.86,false,assets/heightmaps/Hm_Terrain_Peking_513.png,547,547,80.000,12.000,20,0.250,0.100,200000,7.359,-5.139,20.530,-57.772,130.935,199999,518378,199997,883,472,884,238605,0,0,0,0,0,0,0,0,56338,0,0,0,8,180.405,131.111,88.145,7.265,3.264,1.716,0.000,0.000,12.818,22.350,0.000,0.000,40.732,10.815,0.047,0.075,0.021,0.061,0.043,0.011,0.024,1.930,2.211,14.059,2.528,0.070,0.005,14.268,0.000,0.000,58058388,96,35.167,4.980,0.000,0.000,19
GPU ROAM-like,RelWithDebInfo,OpenGL,NVIDIA GeForce RTX 5090 D/PCIe/SSE2,4.3.0 NVIDIA 591.86,false,assets/heightmaps/Hm_Terrain_Peking_513.png,547,547,80.000,12.000,20,0.250,0.100,200000,7.490,-0.348,20.036,-57.999,131.655,199999,519448,199997,836,418,836,238703,0,0,0,0,0,0,0,0,56144,0,0,0,8,123.714,127.528,87.904,6.886,2.860,1.612,0.000,0.000,13.519,22.344,0.000,0.000,40.683,9.056,0.063,0.122,0.035,0.076,0.066,0.014,0.027,1.846,2.248,13.127,1.421,0.072,0.005,14.691,0.000,0.000,58178228,96,35.863,4.471,0.000,0.000,19
GPU ROAM-like,RelWithDebInfo,OpenGL,NVIDIA GeForce RTX 5090 D/PCIe/SSE2,4.3.0 NVIDIA 591.86,false,assets/heightmaps/Hm_Terrain_Peking_513.png,547,547,80.000,12.000,20,0.250,0.100,200000,7.619,4.316,19.555,-57.839,128.081,199999,520806,199997,804,394,804,238817,0,0,0,0,0,0,0,0,55996,0,0,0,8,195.280,129.264,88.954,7.076,2.928,1.491,0.000,0.000,14.061,22.335,0.000,0.000,41.063,9.391,0.041,0.104,0.028,0.057,0.034,0.011,0.023,2.009,2.308,13.483,1.416,0.072,0.005,14.679,0.000,0.000,58330324,96,36.396,4.419,0.000,0.000,19
GPU ROAM-like,RelWithDebInfo,OpenGL,NVIDIA GeForce RTX 5090 D/PCIe/SSE2,4.3.0 NVIDIA 591.86,false,assets/heightmaps/Hm_Terrain_Peking_513.png,547,547,80.000,12.000,20,0.250,0.100,200000,7.748,9.014,19.079,-57.295,129.819,200000,522104,199998,752,386,751,238946,0,0,0,0,0,0,0,0,56114,0,0,0,8,96.551,130.704,89.294,7.001,2.919,1.377,0.000,0.000,13.502,22.434,0.000,0.000,42.060,9.916,0.048,0.096,0.032,0.062,0.033,0.009,0.025,1.790,2.095,14.348,1.431,0.071,0.005,14.377,0.000,0.000,58475700,96,35.936,4.296,0.000,0.000,19
GPU ROAM-like,RelWithDebInfo,OpenGL,NVIDIA GeForce RTX 5090 D/PCIe/SSE2,4.3.0 NVIDIA 591.86,false,assets/heightmaps/Hm_Terrain_Peking_513.png,547,547,80.000,12.000,20,0.250,0.100,200000,7.880,13.703,18.623,-56.358,131.253,199999,523980,199997,1163,608,1164,239136,0,0,0,0,0,0,0,0,56245,0,0,0,8,131.040,132.414,90.908,6.802,3.124,3.115,0.000,0.000,13.539,23.991,0.000,0.000,40.336,9.851,0.043,0.104,0.025,0.061,0.037,0.010,0.025,1.914,2.218,14.240,1.429,0.069,0.005,14.638,0.000,0.000,58685812,96,37.530,6.239,0.000,0.000,19
GPU ROAM-like,RelWithDebInfo,OpenGL,NVIDIA GeForce RTX 5090 D/PCIe/SSE2,4.3.0 NVIDIA 591.86,false,assets/heightmaps/Hm_Terrain_Peking_513.png,547,547,80.000,12.000,20,0.250,0.100,200000,8.013,18.358,18.199,-55.018,132.965,200000,526064,199998,1392,778,1391,239235,0,0,0,0,0,0,0,0,56495,0,0,0,8,93.694,134.729,92.432,6.802,3.009,3.342,0.000,0.000,12.712,24.708,0.000,0.000,41.861,10.040,0.043,0.102,0.027,0.068,0.038,0.011,0.023,2.225,2.536,14.581,1.462,0.303,0.005,14.565,0.000,0.000,58919220,96,37.419,6.350,0.000,0.000,19
GPU ROAM-like,RelWithDebInfo,OpenGL,NVIDIA GeForce RTX 5090 D/PCIe/SSE2,4.3.0 NVIDIA 591.86,false,assets/heightmaps/Hm_Terrain_Peking_513.png,547,547,80.000,12.000,20,0.250,0.100,200000,8.148,22.964,17.819,-53.260,135.300,200000,529196,199998,2003,1087,2003,239308,0,0,0,0,0,0,0,0,56871,0,0,0,8,182.526,138.227,96.179,7.058,3.134,4.678,0.000,0.000,12.589,26.857,0.000,0.000,41.864,10.027,0.050,0.102,0.026,0.069,0.038,0.007,0.022,1.866,2.181,14.384,1.487,0.071,0.005,14.791,0.000,0.000,59270004,96,39.446,7.811,0.000,0.000,19
GPU ROAM-like,RelWithDebInfo,OpenGL,NVIDIA GeForce RTX 5090 D/PCIe/SSE2,4.3.0 NVIDIA 591.86,false,assets/heightmaps/Hm_Terrain_Peking_513.png,547,547,80.000,12.000,20,0.250,0.100,200000,8.287,27.515,17.494,-51.058,138.801,199999,532432,199997,2100,1072,2101,239329,0,0,0,0,0,0,0,0,57419,0,0,0,8,181.093,139.354,97.131,7.176,3.312,4.738,0.000,0.000,13.259,26.930,0.000,0.000,41.715,10.037,0.046,0.103,0.027,0.061,0.028,0.007,0.022,1.994,2.289,14.565,1.466,0.075,0.005,14.748,0.000,0.000,59632436,96,40.189,8.050,0.000,0.000,19
GPU ROAM-like,RelWithDebInfo,OpenGL,NVIDIA GeForce RTX 5090 D/PCIe/SSE2,4.3.0 NVIDIA 591.86,false,assets/heightmaps/Hm_Terrain_Peking_513.png,547,547,80.000,12.000,20,0.250,0.100,200000,8.427,31.892,17.244,-48.445,139.928,200000,534454,199998,1843,966,1842,239248,0,0,0,0,0,0,0,0,58222,0,0,0,8,184.783,136.570,96.345,7.431,3.211,4.209,0.000,0.000,14.090,26.686,0.000,0.000,40.716,9.248,0.044,0.110,0.030,0.069,0.050,0.008,0.022,1.993,2.327,13.201,1.512,0.073,0.005,14.884,0.000,0.000,59858900,96,40.777,7.421,0.000,0.000,19
GPU ROAM-like,RelWithDebInfo,OpenGL,NVIDIA GeForce RTX 5090 D/PCIe/SSE2,4.3.0 NVIDIA 591.86,false,assets/heightmaps/Hm_Terrain_Peking_513.png,547,547,80.000,12.000,20,0.250,0.100,200000,8.564,35.942,17.082,-45.521,137.109,199999,535788,199997,1675,876,1676,239240,0,0,0,0,0,0,0,0,58815,0,0,0,8,101.958,139.208,95.264,7.114,3.140,3.929,0.000,0.000,13.653,25.669,0.000,0.000,41.760,11.845,0.070,0.196,0.032,0.076,0.026,0.009,0.028,0.329,0.765,13.772,1.498,0.073,0.006,15.442,0.000,0.000,60008308,96,39.322,7.069,0.000,0.000,19
GPU ROAM-like,RelWithDebInfo,OpenGL,NVIDIA GeForce RTX 5090 D/PCIe/SSE2,4.3.0 NVIDIA 591.86,false,assets/heightmaps/Hm_Terrain_Peking_513.png,547,547,80.000,12.000,20,0.250,0.100,200000,8.703,39.796,17.005,-42.194,139.754,200000,536304,199998,1391,739,1390,239235,0,0,0,0,0,0,0,0,59128,0,0,0,8,185.864,135.780,93.688,7.005,3.310,3.231,0.000,0.000,13.106,25.907,0.000,0.000,41.129,10.264,0.066,0.126,0.029,0.082,0.044,0.016,0.029,2.368,2.760,14.146,2.211,0.071,0.005,14.097,0.000,0.000,60066100,96,39.012,6.542,0.000,0.000,19
GPU ROAM-like,RelWithDebInfo,OpenGL,NVIDIA GeForce RTX 5090 D/PCIe/SSE2,4.3.0 NVIDIA 591.86,false,assets/heightmaps/Hm_Terrain_Peking_513.png,547,547,80.000,12.000,20,0.250,0.100,200000,8.840,43.259,17.019,-38.634,136.321,200000,536680,199998,1090,565,1090,239205,0,0,0,0,0,0,0,0,58844,0,0,0,8,95.073,132.745,90.358,7.118,3.067,2.127,0.000,0.000,13.160,23.456,0.000,0.000,41.429,10.088,0.040,0.068,0.018,0.063,0.043,0.007,0.021,1.905,2.166,14.557,2.164,0.072,0.006,14.210,0.000,0.000,60108212,96,36.616,5.194,0.000,0.000,19
GPU ROAM-like,RelWithDebInfo,OpenGL,NVIDIA GeForce RTX 5090 D/PCIe/SSE2,4.3.0 NVIDIA 591.86,false,assets/heightmaps/Hm_Terrain_Peking_513.png,547,547,80.000,12.000,20,0.250,0.100,200000,8.973,46.340,17.117,-34.880,133.315,200000,537384,199998,1382,695,1382,239141,0,0,0,0,0,0,0,0,58560,0,0,0,8,115.249,136.837,94.374,6.981,3.303,3.364,0.000,0.000,13.658,24.505,0.000,0.000,42.562,10.044,0.042,0.109,0.031,0.071,0.035,0.009,0.021,2.140,2.458,14.415,2.149,0.072,0.005,14.489,0.000,0.000,60187060,96,38.164,6.667,0.000,0.000,19
GPU ROAM-like,RelWithDebInfo,OpenGL,NVIDIA GeForce RTX 5090 D/PCIe/SSE2,4.3.0 NVIDIA 591.86,false,assets/heightmaps/Hm_Terrain_Peking_513.png,547,547,80.000,12.000,20,0.250,0.100,200000,9.110,49.175,17.303,-30.755,137.373,200000,538638,199998,1724,895,1724,239073,0,0,0,0,0,0,0,0,58512,0,0,0,8,102.312,138.701,96.157,7.360,3.296,4.367,0.000,0.000,13.225,25.731,0.000,0.000,42.176,10.185,0.035,0.113,0.030,0.092,0.071,0.016,0.034,2.171,2.562,14.482,2.242,0.074,0.004,14.277,0.000,0.000,60327508,96,38.957,7.664,0.000,0.000,19
GPU ROAM-like,RelWithDebInfo,OpenGL,NVIDIA GeForce RTX 5090 D/PCIe/SSE2,4.3.0 NVIDIA 591.86,false,assets/heightmaps/Hm_Terrain_Peking_513.png,547,547,80.000,12.000,20,0.250,0.100,200000,9.251,51.700,17.576,-26.290,140.814,199999,539822,199997,1749,921,1750,239022,0,0,0,0,0,0,0,0,58473,0,0,0,8,101.869,139.311,96.686,7.794,3.279,4.509,0.000,0.000,12.961,25.552,0.000,0.000,42.590,10.172,0.039,0.102,0.021,0.066,0.031,0.007,0.025,1.935,2.225,14.500,2.258,0.072,0.004,14.327,0.000,0.000,60460116,96,38.513,7.788,0.000,0.000,19
GPU ROAM-like,RelWithDebInfo,OpenGL,NVIDIA GeForce RTX 5090 D/PCIe/SSE2,4.3.0 NVIDIA 591.86,false,assets/heightmaps/Hm_Terrain_Peking_513.png,547,547,80.000,12.000,20,0.250,0.100,200000,9.391,53.808,17.922,-21.651,139.866,200000,540858,199998,1718,911,1717,238941,0,0,0,0,0,0,0,0,58325,0,0,0,8,179.526,140.554,99.290,7.126,3.394,4.276,0.000,0.000,13.032,25.310,0.000,0.000,46.152,9.402,0.043,0.100,0.021,0.074,0.030,0.008,0.020,2.251,2.548,13.510,2.237,0.291,0.005,14.494,0.000,0.000,60576148,96,38.342,7.670,0.000,0.000,19
GPU ROAM-like,RelWithDebInfo,OpenGL,NVIDIA GeForce RTX 5090 D/PCIe/SSE2,4.3.0 NVIDIA 591.86,false,assets/heightmaps/Hm_Terrain_Peking_513.png,547,547,80.000,12.000,20,0.250,0.100,200000,9.532,55.513,18.336,-16.802,141.094,200000,541970,199998,1774,922,1774,238919,0,0,0,0,0,0,0,0,58090,0,0,0,8,185.276,136.220,94.945,7.069,3.311,4.465,0.000,0.000,13.737,25.155,0.000,0.000,41.207,9.547,0.041,0.105,0.022,0.067,0.030,0.007,0.021,2.008,2.300,13.717,2.395,0.071,0.005,14.229,0.000,0.000,60700692,96,38.892,7.777,0.000,0.000,19
GPU ROAM-like,RelWithDebInfo,OpenGL,NVIDIA GeForce RTX 5090 D/PCIe/SSE2,4.3.0 NVIDIA 591.86,false,assets/heightmaps/Hm_Terrain_Peking_513.png,547,547,80.000,12.000,20,0.250,0.100,200000,9.669,56.750,18.788,-11.975,136.762,199999,542742,199997,1704,920,1705,238919,0,0,0,0,0,0,0,0,57802,0,0,0,8,103.139,137.644,94.902,6.951,3.104,4.166,0.000,0.000,14.633,25.123,0.000,0.000,40.924,10.330,0.038,0.058,0.019,0.051,0.030,0.009,0.021,0.277,0.503,14.258,2.293,0.073,0.004,14.459,0.000,0.000,60787156,96,39.756,7.270,0.000,0.000,19
GPU ROAM-like,RelWithDebInfo,OpenGL,NVIDIA GeForce RTX 5090 D/PCIe/SSE2,4.3.0 NVIDIA 591.86,false,assets/heightmaps/Hm_Terrain_Peking_513.png,547,547,80.000,12.000,20,0.250,0.100,200000,9.807,57.575,19.280,-7.009,138.184,200000,543058,199998,1505,813,1504,238889,0,0,0,0,0,0,0,0,57592,0,0,0,8,92.718,136.112,93.194,7.075,3.430,3.569,0.000,0.000,13.311,24.756,0.000,0.000,41.052,10.192,0.053,0.102,0.025,0.074,0.048,0.011,0.023,2.460,2.796,14.699,2.354,0.070,0.005,14.279,0.000,0.000,60822548,96,38.067,6.999,0.000,0.000,19
GPU ROAM-like,RelWithDebInfo,OpenGL,NVIDIA GeForce RTX 5090 D/PCIe/SSE2,4.3.0 NVIDIA 591.86,false,assets/heightmaps/Hm_Terrain_Peking_513.png,547,547,80.000,12.000,20,0.250,0.100,200000,9.944,57.964,19.788,-2.046,136.655,200000,543142,199998,1288,714,1288,238838,0,0,0,0,0,0,0,0,57458,0,0,0,8,170.596,138.681,92.415,6.895,2.951,3.479,0.000,0.000,13.299,23.892,0.000,0.000,41.899,13.224,0.042,0.065,0.015,0.048,0.030,0.009,0.025,0.279,0.514,15.057,2.434,0.081,0.005,14.144,0.000,0.000,60831956,96,37.191,6.430,0.000,0.000,19
GPU ROAM-like,RelWithDebInfo,OpenGL,NVIDIA GeForce RTX 5090 D/PCIe/SSE2,4.3.0 NVIDIA 591.86,false,assets/heightmaps/Hm_Terrain_Peking_513.png,547,547,80.000,12.000,20,0.250,0.100,200000,10.000,58.000,20.000,0.000,139.226,199999,543142,199997,666,389,667,238769,0,0,0,0,0,0,0,0,57321,0,0,0,8,96.413,130.943,87.807,7.035,3.037,1.182,0.000,0.000,13.048,22.180,0.000,0.000,41.325,10.260,0.037,0.101,0.024,0.070,0.039,0.008,0.021,2.430,2.730,14.769,2.275,0.073,0.004,14.437,0.000,0.000,60831956,96,35.228,4.219,0.000,0.000,19
