algorithm,algorithmKey,buildConfiguration,graphicsBackend,graphicsAdapter,graphicsVersion,vSyncEnabled,drawableWidth,drawableHeight,heightMapPath,heightMapWidth,heightMapHeight,terrainSize,heightScale,maxDepthSetting,screenSpaceSplitThresholdPixels,screenSpaceMergeThresholdPixels,triangleBudget,dodParallelSplitEnabled,pathSampleIndex,pathSampleCount,pathProgress,timeSeconds,cameraX,cameraY,cameraZ,frameMilliseconds,triangles,nodes,activeSplits,splits,forcedSplits,merges,candidatePeak,persistentSplitQueueSize,persistentMergeQueueSize,queueCrossoverCount,queueMembershipUpdateCount,cpuMeshFullRebuildCount,cpuMeshUpdatedTriangleCount,cpuMeshReusedTriangleCount,cpuMeshDirtyRangeCount,budgetRejectedSplits,tjunctions,invalidNeighbors,invalidTopology,cpuWorkers,cpuUtilizationPercent,lodTotalMilliseconds,cpuUpdateMilliseconds,cpuPrepareMilliseconds,cpuMergeCandidateMarkMilliseconds,cpuMergeTopologyMilliseconds,cpuBudgetLeafCollectMilliseconds,cpuErrorEvalMilliseconds,cpuSplitCandidateMarkMilliseconds,cpuSplitTopologyMilliseconds,cpuSplitTopologyChunkBuildMilliseconds,cpuSplitTopologyQueueInvalidationMilliseconds,cpuSplitTopologyParallelCommitMilliseconds,cpuSplitTopologyResultMergeMilliseconds,cpuSplitTopologyIndexQueueRefreshMilliseconds,cpuSplitTopologySerialConvergenceMilliseconds,cpuMergeTopologyChunkBuildMilliseconds,cpuMergeTopologyQueueInvalidationMilliseconds,cpuMergeTopologyParallelCommitMilliseconds,cpuMergeTopologyResultMergeMilliseconds,cpuMergeTopologyIndexQueueRefreshMilliseconds,cpuMergeTopologySerialConvergenceMilliseconds,cpuFinalLeafCollectMilliseconds,cpuMeshEmitMilliseconds,cpuFinalizeMilliseconds,cpuUploadMilliseconds,frameFenceWaitMilliseconds,renderMilliseconds,cpuGpuUploadBytes,cpuGpuReadbackBytes,splitMilliseconds,mergeMilliseconds,emitMilliseconds,validateMilliseconds,maxDepthReached,cbtCapacity,cbtTriangleAreaPixels,cbtValidationMode,cbtGeometryMode,cbtResourceGeneration,cbtTopologyGeneration,cbtDiagnosticSampleGeneration,cbtGpuTimingSampleGeneration,cbtTerrainRenderSampleGeneration,cbtDiagnosticSampleAge,cbtDiagnosticSampleDropped,cbtActiveDynamicSlots,cbtRemainingDynamicSlots,cbtSplitCandidates,cbtSimplifyCandidates,cbtCommittedSlots,cbtSplitPropagation,cbtPreparedSimplification,cbtReleasedSlots,cbtSimplifyPropagation,cbtPairMerges,cbtQuadMerges,cbtTemplateCenter,cbtTemplateRight,cbtTemplateLeft,cbtTemplateTriple,cbtGpuStageSumMilliseconds,cbtBlockingValidationWaitMilliseconds,cbtGpuclassificationGeometryMilliseconds,cbtGpuresetMilliseconds,cbtGpuclassifyMilliseconds,cbtGpusplitMilliseconds,cbtGpuallocateMilliseconds,cbtGpuneighborCopyMilliseconds,cbtGpubisectMilliseconds,cbtGpupropagateBisectMilliseconds,cbtGpuprepareSimplifyMilliseconds,cbtGpusimplifyMilliseconds,cbtGpupropagateSimplifyMilliseconds,cbtGpureducePreMilliseconds,cbtGpureduceFirstMilliseconds,cbtGpureduceSecondMilliseconds,cbtGpuindexationMilliseconds,cbtGpurenderGeometryMilliseconds,cbtGpuvalidationMilliseconds,cbtGputerrainRenderMilliseconds
Classic CPU ROAM,classic_cpu_roam,Release,D3D12,NVIDIA GeForce RTX 5090 D,Direct3D 12 (feature level 12_0); requested Agility SDK 614; runtime 6.2.26100.8972 (C:\WINDOWS\SYSTEM32\D3D12Core.dll); driver 32.0.15.9186,false,1280,720,assets/heightmaps/Hm_Terrain_Peking_513.png,547,547,80.000,12.000,20,0.250,0.100,200000,false,0,64,0.000,0.000,58.000,20.000,0.000,113.425,200000,400000,199998,1,0,1,233559,200000,33559,1,13,0,7,199993,6,796,0,0,0,1,96.454,97.208,97.194,2.745,12.115,0.007,0.000,0.000,42.796,0.175,0.000,0.000,0.000,0.000,0.000,0.175,0.000,0.000,0.000,0.000,0.000,0.000,0.000,0.900,38.456,0.005,0.000,0.052,1176,0,42.971,12.122,0.900,0.000,20,0,0.000,Off,ModifiedOnly,0,0,0,0,0,0,false,0,0,0,0,0,0,0,0,0,0,0,0,0,0,0,0.000,0.000,0.000,0.000,0.000,0.000,0.000,0.000,0.000,0.000,0.000,0.000,0.000,0.000,0.000,0.000,0.000,0.000,0.000,0.000
Classic CPU ROAM,classic_cpu_roam,Release,D3D12,NVIDIA GeForce RTX 5090 D,Direct3D 12 (feature level 12_0); requested Agility SDK 614; runtime 6.2.26100.8972 (C:\WINDOWS\SYSTEM32\D3D12Core.dll); driver 32.0.15.9186,false,1280,720,assets/heightmaps/Hm_Terrain_Peking_513.png,547,547,80.000,12.000,20,0.250,0.100,200000,false,1,64,0.016,0.098,57.712,20.594,5.775,97.528,200000,427218,199998,13610,6871,13610,233748,200000,33615,5943,158530,0,43394,156606,13047,4214,0,0,0,1,99.495,158.198,156.954,2.631,13.654,16.649,0.000,0.000,36.687,26.998,0.000,0.000,0.000,0.000,0.000,26.998,0.000,0.000,0.000,0.000,0.000,0.000,0.000,17.628,42.706,1.134,0.000,0.052,7290192,0,63.685,30.303,17.628,0.000,20,0,0.000,Off,ModifiedOnly,0,0,0,0,0,0,false,0,0,0,0,0,0,0,0,0,0,0,0,0,0,0,0.000,0.000,0.000,0.000,0.000,0.000,0.000,0.000,0.000,0.000,0.000,0.000,0.000,0.000,0.000,0.000,0.000,0.000,0.000,0.000
Classic CPU ROAM,classic_cpu_roam,Release,D3D12,NVIDIA GeForce RTX 5090 D,Direct3D 12 (feature level 12_0); requested Agility SDK 614; runtime 6.2.26100.8972 (C:\WINDOWS\SYSTEM32\D3D12Core.dll); driver 32.0.15.9186,false,1280,720,assets/heightmaps/Hm_Terrain_Peking_513.png,547,547,80.000,12.000,20,0.250,0.100,200000,false,2,64,0.032,0.256,56.850,21.165,11.492,158.577,200000,455332,199998,14461,7346,14461,233842,200000,33715,4236,171124,0,75618,124382,18060,3417,0,0,0,1,105.068,182.226,178.298,3.127,13.836,15.185,0.000,0.000,43.577,29.470,0.000,0.000,0.000,0.000,0.000,29.470,0.000,0.000,0.000,0.000,0.000,0.000,0.000,22.370,50.732,3.738,0.000,0.052,12787656,0,73.047,29.021,22.370,0.000,20,0,0.000,Off,ModifiedOnly,0,0,0,0,0,0,false,0,0,0,0,0,0,0,0,0,0,0,0,0,0,0,0.000,0.000,0.000,0.000,0.000,0.000,0.000,0.000,0.000,0.000,0.000,0.000,0.000,0.000,0.000,0.000,0.000,0.000,0.000,0.000
Classic CPU ROAM,classic_cpu_roam,Release,D3D12,NVIDIA GeForce RTX 5090 D,Direct3D 12 (feature level 12_0); requested Agility SDK 614; runtime 6.2.26100.8972 (C:\WINDOWS\SYSTEM32\D3D12Core.dll); driver 32.0.15.9186,false,1280,720,assets/heightmaps/Hm_Terrain_Peking_513.png,547,547,80.000,12.000,20,0.250,0.100,200000,false,3,64,0.048,0.439,55.423,21.690,17.096,182.673,200000,484580,199998,15341,7854,15341,234092,200000,33927,3881,183466,0,79337,120663,19274,2345,0,0,0,1,98.437,194.706,190.321,9.282,14.904,16.039,0.000,0.000,42.473,29.187,0.000,0.000,0.000,0.000,0.000,29.187,0.000,0.000,0.000,0.000,0.000,0.000,0.000,27.471,50.964,4.192,0.000,0.052,17876208,0,71.660,30.943,27.471,0.000,20,0,0.000,Off,ModifiedOnly,0,0,0,0,0,0,false,0,0,0,0,0,0,0,0,0,0,0,0,0,0,0,0.000,0.000,0.000,0.000,0.000,0.000,0.000,0.000,0.000,0.000,0.000,0.000,0.000,0.000,0.000,0.000,0.000,0.000,0.000,0.000
Classic CPU ROAM,classic_cpu_roam,Release,D3D12,NVIDIA GeForce RTX 5090 D,Direct3D 12 (feature level 12_0); requested Agility SDK 614; runtime 6.2.26100.8972 (C:\WINDOWS\SYSTEM32\D3D12Core.dll); driver 32.0.15.9186,false,1280,720,assets/heightmaps/Hm_Terrain_Peking_513.png,547,547,80.000,12.000,20,0.250,0.100,200000,false,4,64,0.063,0.634,53.446,22.148,22.529,195.169,200000,515876,199998,16557,8422,16557,234322,200000,34140,4242,200383,0,82841,117159,19314,2090,0,0,0,1,100.254,207.104,202.409,2.740,15.580,19.532,0.000,0.000,47.259,35.653,0.000,0.000,0.000,0.000,0.000,35.653,0.000,0.000,0.000,0.000,0.000,0.000,0.000,28.481,53.164,4.451,0.000,0.247,18675552,0,82.912,35.111,28.481,0.000,20,0,0.000,Off,ModifiedOnly,0,0,0,0,0,0,false,0,0,0,0,0,0,0,0,0,0,0,0,0,0,0,0.000,0.000,0.000,0.000,0.000,0.000,0.000,0.000,0.000,0.000,0.000,0.000,0.000,0.000,0.000,0.000,0.000,0.000,0.000,0.000
Classic CPU ROAM,classic_cpu_roam,Release,D3D12,NVIDIA GeForce RTX 5090 D,Direct3D 12 (feature level 12_0); requested Agility SDK 614; runtime 6.2.26100.8972 (C:\WINDOWS\SYSTEM32\D3D12Core.dll); driver 32.0.15.9186,false,1280,720,assets/heightmaps/Hm_Terrain_Peking_513.png,547,547,80.000,12.000,20,0.250,0.100,200000,false,5,64,0.079,0.841,50.937,22.520,27.739,207.507,200000,545954,199998,16443,8347,16443,234477,200000,34173,3967,195671,0,83013,116987,20690,1110,0,0,0,1,102.300,203.500,198.380,3.184,15.841,17.716,0.000,0.000,47.616,35.408,0.000,0.000,0.000,0.000,0.000,35.408,0.000,0.000,0.000,0.000,0.000,0.000,0.000,26.855,51.759,4.905,0.000,0.053,18595752,0,83.025,33.558,26.855,0.000,20,0,0.000,Off,ModifiedOnly,0,0,0,0,0,0,false,0,0,0,0,0,0,0,0,0,0,0,0,0,0,0,0.000,0.000,0.000,0.000,0.000,0.000,0.000,0.000,0.000,0.000,0.000,0.000,0.000,0.000,0.000,0.000,0.000,0.000,0.000,0.000
Classic CPU ROAM,classic_cpu_roam,Release,D3D12,NVIDIA GeForce RTX 5090 D,Direct3D 12 (feature level 12_0); requested Agility SDK 614; runtime 6.2.26100.8972 (C:\WINDOWS\SYSTEM32\D3D12Core.dll); driver 32.0.15.9186,false,1280,720,assets/heightmaps/Hm_Terrain_Peking_513.png,547,547,80.000,12.000,20,0.250,0.100,200000,false,6,64,0.095,1.045,47.922,22.793,32.673,203.950,200000,573734,199998,15473,7848,15473,234509,200000,34107,4324,183782,0,82606,117394,21542,2455,0,0,0,1,96.329,199.150,194.476,8.531,13.995,16.480,0.000,0.000,43.972,35.091,0.000,0.000,0.000,0.000,0.000,35.091,0.000,0.000,0.000,0.000,0.000,0.000,0.000,24.486,51.920,4.466,0.000,0.053,18438504,0,79.063,30.475,24.486,0.000,20,0,0.000,Off,ModifiedOnly,0,0,0,0,0,0,false,0,0,0,0,0,0,0,0,0,0,0,0,0,0,0,0.000,0.000,0.000,0.000,0.000,0.000,0.000,0.000,0.000,0.000,0.000,0.000,0.000,0.000,0.000,0.000,0.000,0.000,0.000,0.000
Classic CPU ROAM,classic_cpu_roam,Release,D3D12,NVIDIA GeForce RTX 5090 D,Direct3D 12 (feature level 12_0); requested Agility SDK 614; runtime 6.2.26100.8972 (C:\WINDOWS\SYSTEM32\D3D12Core.dll); driver 32.0.15.9186,false,1280,720,assets/heightmaps/Hm_Terrain_Peking_513.png,547,547,80.000,12.000,20,0.250,0.100,200000,false,7,64,0.111,1.245,44.431,22.954,37.282,199.608,200000,601084,199998,15848,8037,15848,234498,200000,34174,5324,189925,0,83549,116451,22302,1978,0,0,0,1,97.042,197.980,193.047,3.090,13.043,17.798,0.000,0.000,47.729,34.504,0.000,0.000,0.000,0.000,0.000,34.504,0.000,0.000,0.000,0.000,0.000,0.000,0.000,23.689,53.193,4.719,0.000,0.053,18807936,0,82.232,30.842,23.689,0.000,20,0,0.000,Off,ModifiedOnly,0,0,0,0,0,0,false,0,0,0,0,0,0,0,0,0,0,0,0,0,0,0,0.000,0.000,0.000,0.000,0.000,0.000,0.000,0.000,0.000,0.000,0.000,0.000,0.000,0.000,0.000,0.000,0.000,0.000,0.000,0.000
Classic CPU ROAM,classic_cpu_roam,Release,D3D12,NVIDIA GeForce RTX 5090 D,Direct3D 12 (feature level 12_0); requested Agility SDK 614; runtime 6.2.26100.8972 (C:\WINDOWS\SYSTEM32\D3D12Core.dll); driver 32.0.15.9186,false,1280,720,assets/heightmaps/Hm_Terrain_Peking_513.png,547,547,80.000,12.000,20,0.250,0.100,200000,false,8,64,0.127,1.443,40.498,22.999,41.520,198.372,200000,627902,199998,16041,8141,16041,234356,200000,34197,6160,186703,0,85734,114266,23294,3283,0,0,0,1,96.051,199.978,195.026,3.010,16.439,17.660,0.000,0.000,50.820,27.500,0.000,0.000,0.000,0.000,0.000,27.500,0.000,0.000,0.000,0.000,0.000,0.000,0.000,28.290,51.307,4.729,0.000,0.055,19141920,0,78.319,34.099,28.290,0.000,20,0,0.000,Off,ModifiedOnly,0,0,0,0,0,0,false,0,0,0,0,0,0,0,0,0,0,0,0,0,0,0,0.000,0.000,0.000,0.000,0.000,0.000,0.000,0.000,0.000,0.000,0.000,0.000,0.000,0.000,0.000,0.000,0.000,0.000,0.000,0.000
Classic CPU ROAM,classic_cpu_roam,Release,D3D12,NVIDIA GeForce RTX 5090 D,Direct3D 12 (feature level 12_0); requested Agility SDK 614; runtime 6.2.26100.8972 (C:\WINDOWS\SYSTEM32\D3D12Core.dll); driver 32.0.15.9186,false,1280,720,assets/heightmaps/Hm_Terrain_Peking_513.png,547,547,80.000,12.000,20,0.250,0.100,200000,false,9,64,0.143,1.644,36.162,22.925,45.346,200.346,200000,654594,199998,16361,8241,16361,234311,200000,34044,6795,189921,0,86963,113037,23993,4015,0,0,0,1,103.380,216.515,211.420,3.118,15.609,24.520,0.000,0.000,49.541,38.102,0.000,0.000,0.000,0.000,0.000,38.102,0.000,0.000,0.000,0.000,0.000,0.000,0.000,30.153,50.376,4.879,0.000,0.054,19666416,0,87.644,40.128,30.153,0.000,20,0,0.000,Off,ModifiedOnly,0,0,0,0,0,0,false,0,0,0,0,0,0,0,0,0,0,0,0,0,0,0,0.000,0.000,0.000,0.000,0.000,0.000,0.000,0.000,0.000,0.000,0.000,0.000,0.000,0.000,0.000,0.000,0.000,0.000,0.000,0.000
Classic CPU ROAM,classic_cpu_roam,Release,D3D12,NVIDIA GeForce RTX 5090 D,Direct3D 12 (feature level 12_0); requested Agility SDK 614; runtime 6.2.26100.8972 (C:\WINDOWS\SYSTEM32\D3D12Core.dll); driver 32.0.15.9186,false,1280,720,assets/heightmaps/Hm_Terrain_Peking_513.png,547,547,80.000,12.000,20,0.250,0.100,200000,false,10,64,0.159,1.861,31.468,22.735,48.722,216.905,200000,678674,199998,15540,7903,15540,234064,200000,33859,6816,182869,0,86172,113828,24341,3381,0,0,0,1,97.505,197.579,192.046,3.067,13.512,19.599,0.000,0.000,49.128,30.920,0.000,0.000,0.000,0.000,0.000,30.920,0.000,0.000,0.000,0.000,0.000,0.000,0.000,23.834,51.985,5.242,0.000,0.053,19581408,0,80.048,33.111,23.834,0.000,20,0,0.000,Off,ModifiedOnly,0,0,0,0,0,0,false,0,0,0,0,0,0,0,0,0,0,0,0,0,0,0,0.000,0.000,0.000,0.000,0.000,0.000,0.000,0.000,0.000,0.000,0.000,0.000,0.000,0.000,0.000,0.000,0.000,0.000,0.000,0.000
Classic CPU ROAM,classic_cpu_roam,Release,D3D12,NVIDIA GeForce RTX 5090 D,Direct3D 12 (feature level 12_0); requested Agility SDK 614; runtime 6.2.26100.8972 (C:\WINDOWS\SYSTEM32\D3D12Core.dll); driver 32.0.15.9186,false,1280,720,assets/heightmaps/Hm_Terrain_Peking_513.png,547,547,80.000,12.000,20,0.250,0.100,200000,false,11,64,0.175,2.059,26.460,22.436,51.613,197.970,200000,700598,199998,14497,7420,14497,233892,200000,33757,5778,170854,0,84744,115256,24627,2149,0,0,0,1,95.765,200.899,195.607,2.989,15.811,20.275,0.000,0.000,50.696,32.881,0.000,0.000,0.000,0.000,0.000,32.881,0.000,0.000,0.000,0.000,0.000,0.000,0.000,21.489,51.465,5.067,0.000,0.053,19451208,0,83.578,36.086,21.489,0.000,20,0,0.000,Off,ModifiedOnly,0,0,0,0,0,0,false,0,0,0,0,0,0,0,0,0,0,0,0,0,0,0,0.000,0.000,0.000,0.000,0.000,0.000,0.000,0.000,0.000,0.000,0.000,0.000,0.000,0.000,0.000,0.000,0.000,0.000,0.000,0.000
Classic CPU ROAM,classic_cpu_roam,Release,D3D12,NVIDIA GeForce RTX 5090 D,Direct3D 12 (feature level 12_0); requested Agility SDK 614; runtime 6.2.26100.8972 (C:\WINDOWS\SYSTEM32\D3D12Core.dll); driver 32.0.15.9186,false,1280,720,assets/heightmaps/Hm_Terrain_Peking_513.png,547,547,80.000,12.000,20,0.250,0.100,200000,false,12,64,0.190,2.260,21.190,22.041,53.991,201.363,200000,721738,199998,14366,7329,14366,233943,200000,33694,5388,170215,0,80370,119630,24464,2583,0,0,0,1,107.638,208.291,202.993,4.120,17.223,20.351,0.000,0.000,53.318,31.460,0.000,0.000,0.000,0.000,0.000,31.460,0.000,0.000,0.000,0.000,0.000,0.000,0.000,23.019,53.501,5.019,0.000,0.054,19049016,0,84.778,37.574,23.019,0.000,20,0,0.000,Off,ModifiedOnly,0,0,0,0,0,0,false,0,0,0,0,0,0,0,0,0,0,0,0,0,0,0,0.000,0.000,0.000,0.000,0.000,0.000,0.000,0.000,0.000,0.000,0.000,0.000,0.000,0.000,0.000,0.000,0.000,0.000,0.000,0.000
Classic CPU ROAM,classic_cpu_roam,Release,D3D12,NVIDIA GeForce RTX 5090 D,Direct3D 12 (feature level 12_0); requested Agility SDK 614; runtime 6.2.26100.8972 (C:\WINDOWS\SYSTEM32\D3D12Core.dll); driver 32.0.15.9186,false,1280,720,assets/heightmaps/Hm_Terrain_Peking_513.png,547,547,80.000,12.000,20,0.250,0.100,200000,false,13,64,0.206,2.469,15.709,21.564,55.832,208.706,200000,745076,199998,15353,7804,15353,233853,200000,33627,5584,178533,0,82510,117490,25224,2689,0,0,0,1,97.167,198.038,192.763,3.186,16.162,19.022,0.000,0.000,46.151,31.161,0.000,0.000,0.000,0.000,0.000,31.161,0.000,0.000,0.000,0.000,0.000,0.000,0.000,24.172,52.909,5.029,0.000,0.054,18615408,0,77.312,35.183,24.172,0.000,20,0,0.000,Off,ModifiedOnly,0,0,0,0,0,0,false,0,0,0,0,0,0,0,0,0,0,0,0,0,0,0,0.000,0.000,0.000,0.000,0.000,0.000,0.000,0.000,0.000,0.000,0.000,0.000,0.000,0.000,0.000,0.000,0.000,0.000,0.000,0.000
Classic CPU ROAM,classic_cpu_roam,Release,D3D12,NVIDIA GeForce RTX 5090 D,Direct3D 12 (feature level 12_0); requested Agility SDK 614; runtime 6.2.26100.8972 (C:\WINDOWS\SYSTEM32\D3D12Core.dll); driver 32.0.15.9186,false,1280,720,assets/heightmaps/Hm_Terrain_Peking_513.png,547,547,80.000,12.000,20,0.250,0.100,200000,false,14,64,0.222,2.667,10.072,21.026,57.119,198.430,200000,770362,199998,16206,8304,16206,233908,200000,33565,5787,188492,0,86191,113809,25704,3054,0,0,0,1,107.806,193.842,188.217,3.034,15.162,17.164,0.000,0.000,47.698,26.285,0.000,0.000,0.000,0.000,0.000,26.285,0.000,0.000,0.000,0.000,0.000,0.000,0.000,25.731,53.143,5.379,0.000,0.055,19273464,0,73.983,32.325,25.731,0.000,20,0,0.000,Off,ModifiedOnly,0,0,0,0,0,0,false,0,0,0,0,0,0,0,0,0,0,0,0,0,0,0,0.000,0.000,0.000,0.000,0.000,0.000,0.000,0.000,0.000,0.000,0.000,0.000,0.000,0.000,0.000,0.000,0.000,0.000,0.000,0.000
Classic CPU ROAM,classic_cpu_roam,Release,D3D12,NVIDIA GeForce RTX 5090 D,Direct3D 12 (feature level 12_0); requested Agility SDK 614; runtime 6.2.26100.8972 (C:\WINDOWS\SYSTEM32\D3D12Core.dll); driver 32.0.15.9186,false,1280,720,assets/heightmaps/Hm_Terrain_Peking_513.png,547,547,80.000,12.000,20,0.250,0.100,200000,false,15,64,0.238,2.861,4.334,20.447,57.838,194.228,200000,795986,199998,16399,8303,16399,233659,200000,33433,5579,189692,0,85941,114059,25523,3387,0,0,0,1,103.643,216.296,210.811,3.355,15.485,23.380,0.000,0.000,49.301,37.213,0.000,0.000,0.000,0.000,0.000,37.213,0.000,0.000,0.000,0.000,0.000,0.000,0.000,26.767,55.308,5.175,0.000,0.054,19385016,0,86.514,38.865,26.767,0.000,20,0,0.000,Off,ModifiedOnly,0,0,0,0,0,0,false,0,0,0,0,0,0,0,0,0,0,0,0,0,0,0,0.000,0.000,0.000,0.000,0.000,0.000,0.000,0.000,0.000,0.000,0.000,0.000,0.000,0.000,0.000,0.000,0.000,0.000,0.000,0.000
Classic CPU ROAM,classic_cpu_roam,Release,D3D12,NVIDIA GeForce RTX 5090 D,Direct3D 12 (feature level 12_0); requested Agility SDK 614; runtime 6.2.26100.8972 (C:\WINDOWS\SYSTEM32\D3D12Core.dll); driver 32.0.15.9186,false,1280,720,assets/heightmaps/Hm_Terrain_Peking_513.png,547,547,80.000,12.000,20,0.250,0.100,200000,false,16,64,0.254,3.078,-1.446,19.850,57.982,216.716,200000,822450,199998,15856,7931,15856,233705,200000,33504,5256,187341,0,83319,116681,25299,2434,0,0,0,1,102.186,219.180,213.884,3.819,16.300,22.116,0.000,0.000,52.886,37.600,0.000,0.000,0.000,0.000,0.000,37.600,0.000,0.000,0.000,0.000,0.000,0.000,0.000,29.664,51.496,5.068,0.000,0.054,18809784,0,90.487,38.416,29.664,0.000,20,0,0.000,Off,ModifiedOnly,0,0,0,0,0,0,false,0,0,0,0,0,0,0,0,0,0,0,0,0,0,0,0.000,0.000,0.000,0.000,0.000,0.000,0.000,0.000,0.000,0.000,0.000,0.000,0.000,0.000,0.000,0.000,0.000,0.000,0.000,0.000
Classic CPU ROAM,classic_cpu_roam,Release,D3D12,NVIDIA GeForce RTX 5090 D,Direct3D 12 (feature level 12_0); requested Agility SDK 614; runtime 6.2.26100.8972 (C:\WINDOWS\SYSTEM32\D3D12Core.dll); driver 32.0.15.9186,false,1280,720,assets/heightmaps/Hm_Terrain_Peking_513.png,547,547,80.000,12.000,20,0.250,0.100,200000,false,17,64,0.270,3.298,-7.212,19.260,57.550,219.606,200000,847026,199998,14299,7231,14299,233572,200000,33442,5127,167228,0,78584,121416,25065,2484,0,0,0,1,102.857,201.446,197.322,3.106,14.949,19.173,0.000,0.000,52.682,31.728,0.000,0.000,0.000,0.000,0.000,31.728,0.000,0.000,0.000,0.000,0.000,0.000,0.000,26.110,49.574,3.932,0.000,0.054,18466224,0,84.410,34.121,26.110,0.000,20,0,0.000,Off,ModifiedOnly,0,0,0,0,0,0,false,0,0,0,0,0,0,0,0,0,0,0,0,0,0,0,0.000,0.000,0.000,0.000,0.000,0.000,0.000,0.000,0.000,0.000,0.000,0.000,0.000,0.000,0.000,0.000,0.000,0.000,0.000,0.000
Classic CPU ROAM,classic_cpu_roam,Release,D3D12,NVIDIA GeForce RTX 5090 D,Direct3D 12 (feature level 12_0); requested Agility SDK 614; runtime 6.2.26100.8972 (C:\WINDOWS\SYSTEM32\D3D12Core.dll); driver 32.0.15.9186,false,1280,720,assets/heightmaps/Hm_Terrain_Peking_513.png,547,547,80.000,12.000,20,0.250,0.100,200000,false,18,64,0.286,3.499,-12.906,18.698,56.546,201.822,200000,871614,199998,14982,7663,14982,233779,200000,33658,4708,176364,0,78061,121939,25341,2845,0,0,0,1,101.976,203.149,199.028,2.928,16.025,19.453,0.000,0.000,52.080,33.258,0.000,0.000,0.000,0.000,0.000,33.258,0.000,0.000,0.000,0.000,0.000,0.000,0.000,25.786,49.497,3.929,0.000,0.054,18065376,0,85.338,35.478,25.786,0.000,20,0,0.000,Off,ModifiedOnly,0,0,0,0,0,0,false,0,0,0,0,0,0,0,0,0,0,0,0,0,0,0,0.000,0.000,0.000,0.000,0.000,0.000,0.000,0.000,0.000,0.000,0.000,0.000,0.000,0.000,0.000,0.000,0.000,0.000,0.000,0.000
Classic CPU ROAM,classic_cpu_roam,Release,D3D12,NVIDIA GeForce RTX 5090 D,Direct3D 12 (feature level 12_0); requested Agility SDK 614; runtime 6.2.26100.8972 (C:\WINDOWS\SYSTEM32\D3D12Core.dll); driver 32.0.15.9186,false,1280,720,assets/heightmaps/Hm_Terrain_Peking_513.png,547,547,80.000,12.000,20,0.250,0.100,200000,false,19,64,0.302,3.703,-18.472,18.189,54.980,203.548,200000,899698,199998,17923,9200,17923,233769,200000,33508,4576,207446,0,82011,117989,25290,2650,0,0,0,1,103.438,215.983,211.336,9.448,15.676,22.627,0.000,0.000,48.289,40.615,0.000,0.000,0.000,0.000,0.000,40.615,0.000,0.000,0.000,0.000,0.000,0.000,0.000,27.735,46.944,4.471,0.000,0.053,18598440,0,88.904,38.304,27.735,0.000,20,0,0.000,Off,ModifiedOnly,0,0,0,0,0,0,false,0,0,0,0,0,0,0,0,0,0,0,0,0,0,0,0.000,0.000,0.000,0.000,0.000,0.000,0.000,0.000,0.000,0.000,0.000,0.000,0.000,0.000,0.000,0.000,0.000,0.000,0.000,0.000
Classic CPU ROAM,classic_cpu_roam,Release,D3D12,NVIDIA GeForce RTX 5090 D,Direct3D 12 (feature level 12_0); requested Agility SDK 614; runtime 6.2.26100.8972 (C:\WINDOWS\SYSTEM32\D3D12Core.dll); driver 32.0.15.9186,false,1280,720,assets/heightmaps/Hm_Terrain_Peking_513.png,547,547,80.000,12.000,20,0.250,0.100,200000,false,20,64,0.317,3.920,-23.855,17.751,52.867,216.524,200000,927212,199998,18183,9182,18183,233841,200000,33466,4638,208372,0,84263,115737,26070,2840,0,0,0,1,96.524,215.632,210.250,3.185,15.703,22.866,0.000,0.000,49.887,42.017,0.000,0.000,0.000,0.000,0.000,42.017,0.000,0.000,0.000,0.000,0.000,0.000,0.000,27.066,49.526,5.149,0.000,0.054,18787272,0,91.904,38.569,27.066,0.000,20,0,0.000,Off,ModifiedOnly,0,0,0,0,0,0,false,0,0,0,0,0,0,0,0,0,0,0,0,0,0,0,0.000,0.000,0.000,0.000,0.000,0.000,0.000,0.000,0.000,0.000,0.000,0.000,0.000,0.000,0.000,0.000,0.000,0.000,0.000,0.000
Classic CPU ROAM,classic_cpu_roam,Release,D3D12,NVIDIA GeForce RTX 5090 D,Direct3D 12 (feature level 12_0); requested Agility SDK 614; runtime 6.2.26100.8972 (C:\WINDOWS\SYSTEM32\D3D12Core.dll); driver 32.0.15.9186,false,1280,720,assets/heightmaps/Hm_Terrain_Peking_513.png,547,547,80.000,12.000,20,0.250,0.100,200000,false,21,64,0.333,4.136,-29.000,17.402,50.229,216.095,200000,954138,199998,17457,8796,17457,233802,200000,33474,4409,200830,0,87763,112237,26905,2669,0,0,0,1,95.918,217.290,211.550,3.722,14.898,21.166,0.000,0.000,48.860,38.605,0.000,0.000,0.000,0.000,0.000,38.605,0.000,0.000,0.000,0.000,0.000,0.000,0.000,29.475,54.823,5.479,0.000,0.054,19106136,0,87.465,36.065,29.475,0.000,20,0,0.000,Off,ModifiedOnly,0,0,0,0,0,0,false,0,0,0,0,0,0,0,0,0,0,0,0,0,0,0,0.000,0.000,0.000,0.000,0.000,0.000,0.000,0.000,0.000,0.000,0.000,0.000,0.000,0.000,0.000,0.000,0.000,0.000,0.000,0.000
Classic CPU ROAM,classic_cpu_roam,Release,D3D12,NVIDIA GeForce RTX 5090 D,Direct3D 12 (feature level 12_0); requested Agility SDK 614; runtime 6.2.26100.8972 (C:\WINDOWS\SYSTEM32\D3D12Core.dll); driver 32.0.15.9186,false,1280,720,assets/heightmaps/Hm_Terrain_Peking_513.png,547,547,80.000,12.000,20,0.250,0.100,200000,false,22,64,0.349,4.353,-33.857,17.156,47.092,217.730,200000,978138,199998,16429,8321,16429,233796,200000,33445,4742,188065,0,87971,112029,27134,2585,0,0,0,1,97.573,196.492,191.990,2.816,15.608,17.669,0.000,0.000,46.380,33.205,0.000,0.000,0.000,0.000,0.000,33.205,0.000,0.000,0.000,0.000,0.000,0.000,0.000,28.829,47.482,4.295,0.000,0.053,19516560,0,79.585,33.278,28.829,0.000,20,0,0.000,Off,ModifiedOnly,0,0,0,0,0,0,false,0,0,0,0,0,0,0,0,0,0,0,0,0,0,0,0.000,0.000,0.000,0.000,0.000,0.000,0.000,0.000,0.000,0.000,0.000,0.000,0.000,0.000,0.000,0.000,0.000,0.000,0.000,0.000
Classic CPU ROAM,classic_cpu_roam,Release,D3D12,NVIDIA GeForce RTX 5090 D,Direct3D 12 (feature level 12_0); requested Agility SDK 614; runtime 6.2.26100.8972 (C:\WINDOWS\SYSTEM32\D3D12Core.dll); driver 32.0.15.9186,false,1280,720,assets/heightmaps/Hm_Terrain_Peking_513.png,547,547,80.000,12.000,20,0.250,0.100,200000,false,23,64,0.365,4.550,-38.378,17.023,43.487,196.922,200000,1001030,199998,16206,8213,16206,233710,200000,33422,5315,185037,0,84075,115925,26965,2334,0,0,0,1,95.542,201.687,196.054,3.102,15.651,19.184,0.000,0.000,48.572,31.833,0.000,0.000,0.000,0.000,0.000,31.833,0.000,0.000,0.000,0.000,0.000,0.000,0.000,26.518,51.193,5.394,0.000,0.053,19711272,0,80.406,34.834,26.518,0.000,20,0,0.000,Off,ModifiedOnly,0,0,0,0,0,0,false,0,0,0,0,0,0,0,0,0,0,0,0,0,0,0,0.000,0.000,0.000,0.000,0.000,0.000,0.000,0.000,0.000,0.000,0.000,0.000,0.000,0.000,0.000,0.000,0.000,0.000,0.000,0.000
Classic CPU ROAM,classic_cpu_roam,Release,D3D12,NVIDIA GeForce RTX 5090 D,Direct3D 12 (feature level 12_0); requested Agility SDK 614; runtime 6.2.26100.8972 (C:\WINDOWS\SYSTEM32\D3D12Core.dll); driver 32.0.15.9186,false,1280,720,assets/heightmaps/Hm_Terrain_Peking_513.png,547,547,80.000,12.000,20,0.250,0.100,200000,false,24,64,0.381,4.752,-42.517,17.008,39.450,202.062,200000,1023714,199998,16738,8552,16738,233540,200000,33351,6071,187759,0,84180,115820,27278,3844,0,0,0,1,104.029,199.893,195.086,3.004,16.488,18.516,0.000,0.000,47.604,29.214,0.000,0.000,0.000,0.000,0.000,29.214,0.000,0.000,0.000,0.000,0.000,0.000,0.000,28.481,51.778,4.602,0.000,0.053,19608120,0,76.818,35.004,28.481,0.000,20,0,0.000,Off,ModifiedOnly,0,0,0,0,0,0,false,0,0,0,0,0,0,0,0,0,0,0,0,0,0,0,0.000,0.000,0.000,0.000,0.000,0.000,0.000,0.000,0.000,0.000,0.000,0.000,0.000,0.000,0.000,0.000,0.000,0.000,0.000,0.000
Classic CPU ROAM,classic_cpu_roam,Release,D3D12,NVIDIA GeForce RTX 5090 D,Direct3D 12 (feature level 12_0); requested Agility SDK 614; runtime 6.2.26100.8972 (C:\WINDOWS\SYSTEM32\D3D12Core.dll); driver 32.0.15.9186,false,1280,720,assets/heightmaps/Hm_Terrain_Peking_513.png,547,547,80.000,12.000,20,0.250,0.100,200000,false,25,64,0.397,4.953,-46.234,17.112,35.021,200.331,200000,1047570,199998,18663,9442,18663,233609,200000,33413,6131,212170,0,88013,111987,27575,2682,0,0,0,1,103.228,216.477,211.733,2.623,15.551,23.721,0.000,0.000,46.438,42.553,0.000,0.000,0.000,0.000,0.000,42.553,0.000,0.000,0.000,0.000,0.000,0.000,0.000,32.553,48.293,4.534,0.000,0.052,19907496,0,88.992,39.272,32.553,0.000,20,0,0.000,Off,ModifiedOnly,0,0,0,0,0,0,false,0,0,0,0,0,0,0,0,0,0,0,0,0,0,0,0.000,0.000,0.000,0.000,0.000,0.000,0.000,0.000,0.000,0.000,0.000,0.000,0.000,0.000,0.000,0.000,0.000,0.000,0.000,0.000
Classic CPU ROAM,classic_cpu_roam,Release,D3D12,NVIDIA GeForce RTX 5090 D,Direct3D 12 (feature level 12_0); requested Agility SDK 614; runtime 6.2.26100.8972 (C:\WINDOWS\SYSTEM32\D3D12Core.dll); driver 32.0.15.9186,false,1280,720,assets/heightmaps/Hm_Terrain_Peking_513.png,547,547,80.000,12.000,20,0.250,0.100,200000,false,26,64,0.413,5.170,-49.491,17.330,30.243,216.866,200000,1071056,199998,17064,8616,17064,233732,200000,33495,5302,197076,0,88199,111801,27737,1952,0,0,0,1,99.556,225.276,219.510,3.152,15.984,22.083,0.000,0.000,46.575,40.168,0.000,0.000,0.000,0.000,0.000,40.168,0.000,0.000,0.000,0.000,0.000,0.000,0.000,36.685,54.862,5.506,0.000,0.053,19875576,0,86.743,38.067,36.685,0.000,20,0,0.000,Off,ModifiedOnly,0,0,0,0,0,0,false,0,0,0,0,0,0,0,0,0,0,0,0,0,0,0,0.000,0.000,0.000,0.000,0.000,0.000,0.000,0.000,0.000,0.000,0.000,0.000,0.000,0.000,0.000,0.000,0.000,0.000,0.000,0.000
Classic CPU ROAM,classic_cpu_roam,Release,D3D12,NVIDIA GeForce RTX 5090 D,Direct3D 12 (feature level 12_0); requested Agility SDK 614; runtime 6.2.26100.8972 (C:\WINDOWS\SYSTEM32\D3D12Core.dll); driver 32.0.15.9186,false,1280,720,assets/heightmaps/Hm_Terrain_Peking_513.png,547,547,80.000,12.000,20,0.250,0.100,200000,false,27,64,0.429,5.395,-52.256,17.655,25.165,225.655,200000,1092716,199998,15122,7684,15122,233813,200000,33477,4966,177472,0,85281,114719,28111,3005,0,0,0,1,105.292,197.929,192.679,3.079,16.108,17.974,0.000,0.000,48.664,30.266,0.000,0.000,0.000,0.000,0.000,30.266,0.000,0.000,0.000,0.000,0.000,0.000,0.000,25.390,51.198,4.969,0.000,0.052,19711104,0,78.930,34.082,25.390,0.000,20,0,0.000,Off,ModifiedOnly,0,0,0,0,0,0,false,0,0,0,0,0,0,0,0,0,0,0,0,0,0,0,0.000,0.000,0.000,0.000,0.000,0.000,0.000,0.000,0.000,0.000,0.000,0.000,0.000,0.000,0.000,0.000,0.000,0.000,0.000,0.000
Classic CPU ROAM,classic_cpu_roam,Release,D3D12,NVIDIA GeForce RTX 5090 D,Direct3D 12 (feature level 12_0); requested Agility SDK 614; runtime 6.2.26100.8972 (C:\WINDOWS\SYSTEM32\D3D12Core.dll); driver 32.0.15.9186,false,1280,720,assets/heightmaps/Hm_Terrain_Peking_513.png,547,547,80.000,12.000,20,0.250,0.100,200000,false,28,64,0.444,5.594,-54.502,18.072,19.837,198.352,200000,1113216,199998,14335,7290,14335,233772,200000,33465,4834,167994,0,81031,118969,27940,2208,0,0,0,1,100.737,207.237,201.430,3.115,14.313,17.280,0.000,0.000,50.603,32.815,0.000,0.000,0.000,0.000,0.000,32.815,0.000,0.000,0.000,0.000,0.000,0.000,0.000,25.946,57.357,5.552,0.000,0.053,19044144,0,83.418,31.593,25.946,0.000,20,0,0.000,Off,ModifiedOnly,0,0,0,0,0,0,false,0,0,0,0,0,0,0,0,0,0,0,0,0,0,0,0.000,0.000,0.000,0.000,0.000,0.000,0.000,0.000,0.000,0.000,0.000,0.000,0.000,0.000,0.000,0.000,0.000,0.000,0.000,0.000
Classic CPU ROAM,classic_cpu_roam,Release,D3D12,NVIDIA GeForce RTX 5090 D,Direct3D 12 (feature level 12_0); requested Agility SDK 614; runtime 6.2.26100.8972 (C:\WINDOWS\SYSTEM32\D3D12Core.dll); driver 32.0.15.9186,false,1280,720,assets/heightmaps/Hm_Terrain_Peking_513.png,547,547,80.000,12.000,20,0.250,0.100,200000,false,29,64,0.460,5.801,-56.206,18.565,14.312,207.602,200000,1134936,199998,15312,7824,15312,233718,200000,33572,5365,179891,0,82768,117232,28783,2859,0,0,0,1,101.153,206.387,200.648,6.496,15.610,18.070,0.000,0.000,48.662,32.728,0.000,0.000,0.000,0.000,0.000,32.728,0.000,0.000,0.000,0.000,0.000,0.000,0.000,29.277,49.804,5.542,0.000,0.053,19001136,0,81.390,33.680,29.277,0.000,20,0,0.000,Off,ModifiedOnly,0,0,0,0,0,0,false,0,0,0,0,0,0,0,0,0,0,0,0,0,0,0,0.000,0.000,0.000,0.000,0.000,0.000,0.000,0.000,0.000,0.000,0.000,0.000,0.000,0.000,0.000,0.000,0.000,0.000,0.000,0.000
Classic CPU ROAM,classic_cpu_roam,Release,D3D12,NVIDIA GeForce RTX 5090 D,Direct3D 12 (feature level 12_0); requested Agility SDK 614; runtime 6.2.26100.8972 (C:\WINDOWS\SYSTEM32\D3D12Core.dll); driver 32.0.15.9186,false,1280,720,assets/heightmaps/Hm_Terrain_Peking_513.png,547,547,80.000,12.000,20,0.250,0.100,200000,false,30,64,0.476,6.008,-57.352,19.116,8.644,206.813,200000,1156274,199998,15483,7916,15483,233751,200000,33515,5638,179939,0,84963,115037,29348,2122,0,0,0,1,100.158,208.441,202.585,2.389,16.314,19.399,0.000,0.000,48.502,32.118,0.000,0.000,0.000,0.000,0.000,32.118,0.000,0.000,0.000,0.000,0.000,0.000,0.000,29.469,54.392,5.593,0.000,0.053,19337472,0,80.621,35.713,29.469,0.000,20,0,0.000,Off,ModifiedOnly,0,0,0,0,0,0,false,0,0,0,0,0,0,0,0,0,0,0,0,0,0,0,0.000,0.000,0.000,0.000,0.000,0.000,0.000,0.000,0.000,0.000,0.000,0.000,0.000,0.000,0.000,0.000,0.000,0.000,0.000,0.000
Classic CPU ROAM,classic_cpu_roam,Release,D3D12,NVIDIA GeForce RTX 5090 D,Direct3D 12 (feature level 12_0); requested Agility SDK 614; runtime 6.2.26100.8972 (C:\WINDOWS\SYSTEM32\D3D12Core.dll); driver 32.0.15.9186,false,1280,720,assets/heightmaps/Hm_Terrain_Peking_513.png,547,547,80.000,12.000,20,0.250,0.100,200000,false,31,64,0.492,6.217,-57.928,19.701,2.891,208.824,200000,1177026,199998,15570,7932,15570,233689,200000,33631,6012,181652,0,85543,114457,29516,3867,0,0,0,1,101.587,221.101,215.127,3.146,16.041,20.630,0.000,0.000,50.227,35.060,0.000,0.000,0.000,0.000,0.000,35.060,0.000,0.000,0.000,0.000,0.000,0.000,0.000,29.845,60.176,5.721,0.000,0.054,19388712,0,85.287,36.672,29.845,0.000,20,0,0.000,Off,ModifiedOnly,0,0,0,0,0,0,false,0,0,0,0,0,0,0,0,0,0,0,0,0,0,0,0.000,0.000,0.000,0.000,0.000,0.000,0.000,0.000,0.000,0.000,0.000,0.000,0.000,0.000,0.000,0.000,0.000,0.000,0.000,0.000
Classic CPU ROAM,classic_cpu_roam,Release,D3D12,NVIDIA GeForce RTX 5090 D,Direct3D 12 (feature level 12_0); requested Agility SDK 614; runtime 6.2.26100.8972 (C:\WINDOWS\SYSTEM32\D3D12Core.dll); driver 32.0.15.9186,false,1280,720,assets/heightmaps/Hm_Terrain_Peking_513.png,547,547,80.000,12.000,20,0.250,0.100,200000,false,32,64,0.508,6.438,-57.928,20.299,-2.891,221.532,200000,1196024,199998,14598,7361,14598,233843,200000,33535,5976,172556,0,81374,118626,29001,1942,0,0,0,1,103.563,202.006,195.930,2.940,12.940,19.932,0.000,0.000,47.034,33.193,0.000,0.000,0.000,0.000,0.000,33.193,0.000,0.000,0.000,0.000,0.000,0.000,0.000,28.369,51.522,5.824,0.000,0.054,18808440,0,80.227,32.872,28.369,0.000,20,0,0.000,Off,ModifiedOnly,0,0,0,0,0,0,false,0,0,0,0,0,0,0,0,0,0,0,0,0,0,0,0.000,0.000,0.000,0.000,0.000,0.000,0.000,0.000,0.000,0.000,0.000,0.000,0.000,0.000,0.000,0.000,0.000,0.000,0.000,0.000
Classic CPU ROAM,classic_cpu_roam,Release,D3D12,NVIDIA GeForce RTX 5090 D,Direct3D 12 (feature level 12_0); requested Agility SDK 614; runtime 6.2.26100.8972 (C:\WINDOWS\SYSTEM32\D3D12Core.dll); driver 32.0.15.9186,false,1280,720,assets/heightmaps/Hm_Terrain_Peking_513.png,547,547,80.000,12.000,20,0.250,0.100,200000,false,33,64,0.524,6.641,-57.352,20.884,-8.644,202.622,200000,1214838,199998,13220,6709,13220,233707,200000,33635,5268,155446,0,76802,123198,28606,3538,0,0,0,1,101.587,205.363,199.741,3.043,16.130,17.087,0.000,0.000,53.007,28.152,0.000,0.000,0.000,0.000,0.000,28.152,0.000,0.000,0.000,0.000,0.000,0.000,0.000,25.156,57.166,5.363,0.000,0.054,18210696,0,81.159,33.216,25.156,0.000,20,0,0.000,Off,ModifiedOnly,0,0,0,0,0,0,false,0,0,0,0,0,0,0,0,0,0,0,0,0,0,0,0.000,0.000,0.000,0.000,0.000,0.000,0.000,0.000,0.000,0.000,0.000,0.000,0.000,0.000,0.000,0.000,0.000,0.000,0.000,0.000
Classic CPU ROAM,classic_cpu_roam,Release,D3D12,NVIDIA GeForce RTX 5090 D,Direct3D 12 (feature level 12_0); requested Agility SDK 614; runtime 6.2.26100.8972 (C:\WINDOWS\SYSTEM32\D3D12Core.dll); driver 32.0.15.9186,false,1280,720,assets/heightmaps/Hm_Terrain_Peking_513.png,547,547,80.000,12.000,20,0.250,0.100,200000,false,34,64,0.540,6.847,-56.206,21.435,-14.312,205.733,200000,1233768,199998,15182,7732,15182,233801,200000,33571,3811,178636,0,78306,121694,28139,2375,0,0,0,1,102.816,202.060,197.392,3.068,15.734,16.170,0.000,0.000,51.855,35.363,0.000,0.000,0.000,0.000,0.000,35.363,0.000,0.000,0.000,0.000,0.000,0.000,0.000,25.664,49.537,4.465,0.000,0.055,17940048,0,87.217,31.904,25.664,0.000,20,0,0.000,Off,ModifiedOnly,0,0,0,0,0,0,false,0,0,0,0,0,0,0,0,0,0,0,0,0,0,0,0.000,0.000,0.000,0.000,0.000,0.000,0.000,0.000,0.000,0.000,0.000,0.000,0.000,0.000,0.000,0.000,0.000,0.000,0.000,0.000
Classic CPU ROAM,classic_cpu_roam,Release,D3D12,NVIDIA GeForce RTX 5090 D,Direct3D 12 (feature level 12_0); requested Agility SDK 614; runtime 6.2.26100.8972 (C:\WINDOWS\SYSTEM32\D3D12Core.dll); driver 32.0.15.9186,false,1280,720,assets/heightmaps/Hm_Terrain_Peking_513.png,547,547,80.000,12.000,20,0.250,0.100,200000,false,35,64,0.556,7.049,-54.502,21.928,-19.837,202.472,200000,1251996,199998,15132,7707,15132,233898,200000,33656,3965,179945,0,79305,120695,28442,2552,0,0,0,1,91.269,211.170,205.269,3.140,14.938,17.144,0.000,0.000,53.136,33.207,0.000,0.000,0.000,0.000,0.000,33.207,0.000,0.000,0.000,0.000,0.000,0.000,0.000,29.323,54.381,5.700,0.000,0.056,18076128,0,86.342,32.082,29.323,0.000,20,0,0.000,Off,ModifiedOnly,0,0,0,0,0,0,false,0,0,0,0,0,0,0,0,0,0,0,0,0,0,0,0.000,0.000,0.000,0.000,0.000,0.000,0.000,0.000,0.000,0.000,0.000,0.000,0.000,0.000,0.000,0.000,0.000,0.000,0.000,0.000
Classic CPU ROAM,classic_cpu_roam,Release,D3D12,NVIDIA GeForce RTX 5090 D,Direct3D 12 (feature level 12_0); requested Agility SDK 614; runtime 6.2.26100.8972 (C:\WINDOWS\SYSTEM32\D3D12Core.dll); driver 32.0.15.9186,false,1280,720,assets/heightmaps/Hm_Terrain_Peking_513.png,547,547,80.000,12.000,20,0.250,0.100,200000,false,36,64,0.571,7.261,-52.256,22.345,-25.165,211.551,200000,1273930,199998,15948,8142,15948,234002,200000,33754,3873,188618,0,78683,121317,28705,2140,0,0,0,1,95.933,201.161,195.227,3.073,14.911,15.038,0.000,0.000,52.202,32.982,0.000,0.000,0.000,0.000,0.000,32.982,0.000,0.000,0.000,0.000,0.000,0.000,0.000,25.073,51.948,5.663,0.000,0.055,18149040,0,85.183,29.949,25.073,0.000,20,0,0.000,Off,ModifiedOnly,0,0,0,0,0,0,false,0,0,0,0,0,0,0,0,0,0,0,0,0,0,0,0.000,0.000,0.000,0.000,0.000,0.000,0.000,0.000,0.000,0.000,0.000,0.000,0.000,0.000,0.000,0.000,0.000,0.000,0.000,0.000
Classic CPU ROAM,classic_cpu_roam,Release,D3D12,NVIDIA GeForce RTX 5090 D,Direct3D 12 (feature level 12_0); requested Agility SDK 614; runtime 6.2.26100.8972 (C:\WINDOWS\SYSTEM32\D3D12Core.dll); driver 32.0.15.9186,false,1280,720,assets/heightmaps/Hm_Terrain_Peking_513.png,547,547,80.000,12.000,20,0.250,0.100,200000,false,37,64,0.587,7.462,-49.491,22.670,-30.243,201.551,200000,1295570,199998,16398,8316,16398,234264,200000,33958,4263,195984,0,81037,118963,29025,2508,0,0,0,1,95.373,202.403,196.360,3.157,15.053,16.776,0.000,0.000,48.596,32.329,0.000,0.000,0.000,0.000,0.000,32.329,0.000,0.000,0.000,0.000,0.000,0.000,0.000,28.802,51.647,5.761,0.000,0.055,18114264,0,80.925,31.829,28.802,0.000,20,0,0.000,Off,ModifiedOnly,0,0,0,0,0,0,false,0,0,0,0,0,0,0,0,0,0,0,0,0,0,0,0.000,0.000,0.000,0.000,0.000,0.000,0.000,0.000,0.000,0.000,0.000,0.000,0.000,0.000,0.000,0.000,0.000,0.000,0.000,0.000
Classic CPU ROAM,classic_cpu_roam,Release,D3D12,NVIDIA GeForce RTX 5090 D,Direct3D 12 (feature level 12_0); requested Agility SDK 614; runtime 6.2.26100.8972 (C:\WINDOWS\SYSTEM32\D3D12Core.dll); driver 32.0.15.9186,false,1280,720,assets/heightmaps/Hm_Terrain_Peking_513.png,547,547,80.000,12.000,20,0.250,0.100,200000,false,38,64,0.603,7.665,-46.234,22.888,-35.021,202.781,200000,1312514,199998,15820,8019,15820,234257,200000,33912,4588,185956,0,79972,120028,29266,2010,0,0,0,1,96.415,200.339,194.243,2.987,16.266,17.787,0.000,0.000,47.792,30.218,0.000,0.000,0.000,0.000,0.000,30.218,0.000,0.000,0.000,0.000,0.000,0.000,0.000,24.993,54.201,5.820,0.000,0.055,17939544,0,78.009,34.053,24.993,0.000,20,0,0.000,Off,ModifiedOnly,0,0,0,0,0,0,false,0,0,0,0,0,0,0,0,0,0,0,0,0,0,0,0.000,0.000,0.000,0.000,0.000,0.000,0.000,0.000,0.000,0.000,0.000,0.000,0.000,0.000,0.000,0.000,0.000,0.000,0.000,0.000
Classic CPU ROAM,classic_cpu_roam,Release,D3D12,NVIDIA GeForce RTX 5090 D,Direct3D 12 (feature level 12_0); requested Agility SDK 614; runtime 6.2.26100.8972 (C:\WINDOWS\SYSTEM32\D3D12Core.dll); driver 32.0.15.9186,false,1280,720,assets/heightmaps/Hm_Terrain_Peking_513.png,547,547,80.000,12.000,20,0.250,0.100,200000,false,39,64,0.619,7.866,-42.517,22.992,-39.450,200.723,200000,1329038,199998,16753,8514,16753,234337,200000,34243,5773,202435,0,83994,116006,30303,2942,0,0,0,1,106.734,210.536,204.765,3.349,13.812,19.846,0.000,0.000,53.756,37.229,0.000,0.000,0.000,0.000,0.000,37.229,0.000,0.000,0.000,0.000,0.000,0.000,0.000,27.960,48.814,5.551,0.000,0.055,18850944,0,90.985,33.657,27.960,0.000,20,0,0.000,Off,ModifiedOnly,0,0,0,0,0,0,false,0,0,0,0,0,0,0,0,0,0,0,0,0,0,0,0.000,0.000,0.000,0.000,0.000,0.000,0.000,0.000,0.000,0.000,0.000,0.000,0.000,0.000,0.000,0.000,0.000,0.000,0.000,0.000
Classic CPU ROAM,classic_cpu_roam,Release,D3D12,NVIDIA GeForce RTX 5090 D,Direct3D 12 (feature level 12_0); requested Agility SDK 614; runtime 6.2.26100.8972 (C:\WINDOWS\SYSTEM32\D3D12Core.dll); driver 32.0.15.9186,false,1280,720,assets/heightmaps/Hm_Terrain_Peking_513.png,547,547,80.000,12.000,20,0.250,0.100,200000,false,40,64,0.635,8.077,-38.378,22.977,-43.487,210.947,200000,1343102,199998,16591,8356,16591,234386,200000,34252,6463,194309,0,87275,112725,31089,3695,0,0,0,1,101.970,189.802,183.669,3.052,13.684,18.144,0.000,0.000,44.706,30.091,0.000,0.000,0.000,0.000,0.000,30.091,0.000,0.000,0.000,0.000,0.000,0.000,0.000,22.943,51.050,5.876,0.000,0.055,19245576,0,74.796,31.827,22.943,0.000,20,0,0.000,Off,ModifiedOnly,0,0,0,0,0,0,false,0,0,0,0,0,0,0,0,0,0,0,0,0,0,0,0.000,0.000,0.000,0.000,0.000,0.000,0.000,0.000,0.000,0.000,0.000,0.000,0.000,0.000,0.000,0.000,0.000,0.000,0.000,0.000
Classic CPU ROAM,classic_cpu_roam,Release,D3D12,NVIDIA GeForce RTX 5090 D,Direct3D 12 (feature level 12_0); requested Agility SDK 614; runtime 6.2.26100.8972 (C:\WINDOWS\SYSTEM32\D3D12Core.dll); driver 32.0.15.9186,false,1280,720,assets/heightmaps/Hm_Terrain_Peking_513.png,547,547,80.000,12.000,20,0.250,0.100,200000,false,41,64,0.651,8.267,-33.857,22.844,-47.092,190.183,200000,1356936,199998,15778,8021,15778,234333,200000,34210,6690,189874,0,87424,112576,31433,3034,0,0,0,1,98.346,195.667,190.370,2.885,16.490,18.414,0.000,0.000,47.476,30.247,0.000,0.000,0.000,0.000,0.000,30.247,0.000,0.000,0.000,0.000,0.000,0.000,0.000,24.174,50.683,4.950,0.000,0.055,19735464,0,77.723,34.904,24.174,0.000,20,0,0.000,Off,ModifiedOnly,0,0,0,0,0,0,false,0,0,0,0,0,0,0,0,0,0,0,0,0,0,0,0.000,0.000,0.000,0.000,0.000,0.000,0.000,0.000,0.000,0.000,0.000,0.000,0.000,0.000,0.000,0.000,0.000,0.000,0.000,0.000
Classic CPU ROAM,classic_cpu_roam,Release,D3D12,NVIDIA GeForce RTX 5090 D,Direct3D 12 (feature level 12_0); requested Agility SDK 614; runtime 6.2.26100.8972 (C:\WINDOWS\SYSTEM32\D3D12Core.dll); driver 32.0.15.9186,false,1280,720,assets/heightmaps/Hm_Terrain_Peking_513.png,547,547,80.000,12.000,20,0.250,0.100,200000,false,42,64,0.667,8.463,-29.000,22.598,-50.229,196.072,200000,1372434,199998,14677,7472,14677,234221,200000,34055,6046,175387,0,85035,114965,31633,3246,0,0,0,1,94.174,205.258,198.882,3.112,16.440,19.332,0.000,0.000,48.525,31.408,0.000,0.000,0.000,0.000,0.000,31.408,0.000,0.000,0.000,0.000,0.000,0.000,0.000,27.043,53.022,6.107,0.000,0.055,19525296,0,79.932,35.772,27.043,0.000,20,0,0.000,Off,ModifiedOnly,0,0,0,0,0,0,false,0,0,0,0,0,0,0,0,0,0,0,0,0,0,0,0.000,0.000,0.000,0.000,0.000,0.000,0.000,0.000,0.000,0.000,0.000,0.000,0.000,0.000,0.000,0.000,0.000,0.000,0.000,0.000
Classic CPU ROAM,classic_cpu_roam,Release,D3D12,NVIDIA GeForce RTX 5090 D,Direct3D 12 (feature level 12_0); requested Agility SDK 614; runtime 6.2.26100.8972 (C:\WINDOWS\SYSTEM32\D3D12Core.dll); driver 32.0.15.9186,false,1280,720,assets/heightmaps/Hm_Terrain_Peking_513.png,547,547,80.000,12.000,20,0.250,0.100,200000,false,43,64,0.683,8.669,-23.855,22.249,-52.867,205.645,200000,1388576,199998,14286,7280,14286,234179,200000,34082,5145,171531,0,83472,116528,31591,2082,0,0,0,1,96.359,199.232,194.391,3.227,16.183,19.604,0.000,0.000,46.634,33.061,0.000,0.000,0.000,0.000,0.000,33.061,0.000,0.000,0.000,0.000,0.000,0.000,0.000,26.661,49.021,4.612,0.000,0.055,19384512,0,79.695,35.786,26.661,0.000,20,0,0.000,Off,ModifiedOnly,0,0,0,0,0,0,false,0,0,0,0,0,0,0,0,0,0,0,0,0,0,0,0.000,0.000,0.000,0.000,0.000,0.000,0.000,0.000,0.000,0.000,0.000,0.000,0.000,0.000,0.000,0.000,0.000,0.000,0.000,0.000
Classic CPU ROAM,classic_cpu_roam,Release,D3D12,NVIDIA GeForce RTX 5090 D,Direct3D 12 (feature level 12_0); requested Agility SDK 614; runtime 6.2.26100.8972 (C:\WINDOWS\SYSTEM32\D3D12Core.dll); driver 32.0.15.9186,false,1280,720,assets/heightmaps/Hm_Terrain_Peking_513.png,547,547,80.000,12.000,20,0.250,0.100,200000,false,44,64,0.698,8.868,-18.472,21.811,-54.980,199.688,200000,1405436,199998,14584,7441,14584,234229,200000,33998,5280,173596,0,81456,118544,31521,2477,0,0,0,1,100.349,192.700,186.684,3.083,16.110,16.197,0.000,0.000,48.842,27.013,0.000,0.000,0.000,0.000,0.000,27.013,0.000,0.000,0.000,0.000,0.000,0.000,0.000,26.525,48.913,5.814,0.000,0.055,19046832,0,75.855,32.306,26.525,0.000,20,0,0.000,Off,ModifiedOnly,0,0,0,0,0,0,false,0,0,0,0,0,0,0,0,0,0,0,0,0,0,0,0.000,0.000,0.000,0.000,0.000,0.000,0.000,0.000,0.000,0.000,0.000,0.000,0.000,0.000,0.000,0.000,0.000,0.000,0.000,0.000
Classic CPU ROAM,classic_cpu_roam,Release,D3D12,NVIDIA GeForce RTX 5090 D,Direct3D 12 (feature level 12_0); requested Agility SDK 614; runtime 6.2.26100.8972 (C:\WINDOWS\SYSTEM32\D3D12Core.dll); driver 32.0.15.9186,false,1280,720,assets/heightmaps/Hm_Terrain_Peking_513.png,547,547,80.000,12.000,20,0.250,0.100,200000,false,45,64,0.714,9.061,-12.906,21.302,-56.546,193.077,200000,1422106,199998,15499,7915,15499,234137,200000,33808,5625,181450,0,85022,114978,32130,3132,0,0,0,1,100.680,206.468,201.562,3.130,15.482,21.376,0.000,0.000,50.017,34.409,0.000,0.000,0.000,0.000,0.000,34.409,0.000,0.000,0.000,0.000,0.000,0.000,0.000,27.233,49.913,4.679,0.000,0.055,19010040,0,84.426,36.859,27.233,0.000,20,0,0.000,Off,ModifiedOnly,0,0,0,0,0,0,false,0,0,0,0,0,0,0,0,0,0,0,0,0,0,0,0.000,0.000,0.000,0.000,0.000,0.000,0.000,0.000,0.000,0.000,0.000,0.000,0.000,0.000,0.000,0.000,0.000,0.000,0.000,0.000
Classic CPU ROAM,classic_cpu_roam,Release,D3D12,NVIDIA GeForce RTX 5090 D,Direct3D 12 (feature level 12_0); requested Agility SDK 614; runtime 6.2.26100.8972 (C:\WINDOWS\SYSTEM32\D3D12Core.dll); driver 32.0.15.9186,false,1280,720,assets/heightmaps/Hm_Terrain_Peking_513.png,547,547,80.000,12.000,20,0.250,0.100,200000,false,46,64,0.730,9.268,-7.212,20.740,-57.550,206.853,200000,1438704,199998,15927,8130,15927,233951,200000,33610,5578,184800,0,85183,114817,32112,3288,0,0,0,1,95.614,202.238,195.855,2.441,15.587,20.033,0.000,0.000,47.359,34.045,0.000,0.000,0.000,0.000,0.000,34.045,0.000,0.000,0.000,0.000,0.000,0.000,0.000,23.842,52.547,6.090,0.000,0.055,19284552,0,81.404,35.619,23.842,0.000,20,0,0.000,Off,ModifiedOnly,0,0,0,0,0,0,false,0,0,0,0,0,0,0,0,0,0,0,0,0,0,0,0.000,0.000,0.000,0.000,0.000,0.000,0.000,0.000,0.000,0.000,0.000,0.000,0.000,0.000,0.000,0.000,0.000,0.000,0.000,0.000
Classic CPU ROAM,classic_cpu_roam,Release,D3D12,NVIDIA GeForce RTX 5090 D,Direct3D 12 (feature level 12_0); requested Agility SDK 614; runtime 6.2.26100.8972 (C:\WINDOWS\SYSTEM32\D3D12Core.dll); driver 32.0.15.9186,false,1280,720,assets/heightmaps/Hm_Terrain_Peking_513.png,547,547,80.000,12.000,20,0.250,0.100,200000,false,47,64,0.746,9.471,-1.446,20.150,-57.982,202.624,200000,1452546,199998,15176,7716,15176,233813,200000,33584,5407,176066,0,82015,117985,31598,2759,0,0,0,1,98.652,195.589,189.788,3.075,14.856,17.250,0.000,0.000,49.759,31.911,0.000,0.000,0.000,0.000,0.000,31.911,0.000,0.000,0.000,0.000,0.000,0.000,0.000,22.215,50.720,5.482,0.000,0.055,18748296,0,81.670,32.107,22.215,0.000,20,0,0.000,Off,ModifiedOnly,0,0,0,0,0,0,false,0,0,0,0,0,0,0,0,0,0,0,0,0,0,0,0.000,0.000,0.000,0.000,0.000,0.000,0.000,0.000,0.000,0.000,0.000,0.000,0.000,0.000,0.000,0.000,0.000,0.000,0.000,0.000
Classic CPU ROAM,classic_cpu_roam,Release,D3D12,NVIDIA GeForce RTX 5090 D,Direct3D 12 (feature level 12_0); requested Agility SDK 614; runtime 6.2.26100.8972 (C:\WINDOWS\SYSTEM32\D3D12Core.dll); driver 32.0.15.9186,false,1280,720,assets/heightmaps/Hm_Terrain_Peking_513.png,547,547,80.000,12.000,20,0.250,0.100,200000,false,48,64,0.762,9.667,4.334,19.553,-57.838,195.966,200000,1465556,199998,14510,7293,14510,233790,200000,33664,5540,169718,0,78880,121120,31292,4898,0,0,0,1,100.198,193.207,186.928,3.160,12.840,19.098,0.000,0.000,45.494,31.239,0.000,0.000,0.000,0.000,0.000,31.239,0.000,0.000,0.000,0.000,0.000,0.000,0.000,25.462,49.634,6.027,0.000,0.055,18388104,0,76.732,31.938,25.462,0.000,20,0,0.000,Off,ModifiedOnly,0,0,0,0,0,0,false,0,0,0,0,0,0,0,0,0,0,0,0,0,0,0,0.000,0.000,0.000,0.000,0.000,0.000,0.000,0.000,0.000,0.000,0.000,0.000,0.000,0.000,0.000,0.000,0.000,0.000,0.000,0.000
Classic CPU ROAM,classic_cpu_roam,Release,D3D12,NVIDIA GeForce RTX 5090 D,Direct3D 12 (feature level 12_0); requested Agility SDK 614; runtime 6.2.26100.8972 (C:\WINDOWS\SYSTEM32\D3D12Core.dll); driver 32.0.15.9186,false,1280,720,assets/heightmaps/Hm_Terrain_Peking_513.png,547,547,80.000,12.000,20,0.250,0.100,200000,false,49,64,0.778,9.861,10.072,18.974,-57.119,193.693,200000,1478618,199998,14092,7098,14092,233867,200000,33680,4909,163882,0,76799,123201,31055,1769,0,0,0,1,100.438,208.358,202.014,2.961,16.924,18.502,0.000,0.000,52.937,32.273,0.000,0.000,0.000,0.000,0.000,32.273,0.000,0.000,0.000,0.000,0.000,0.000,0.000,25.820,52.596,6.070,0.000,0.055,17885952,0,85.209,35.426,25.820,0.000,20,0,0.000,Off,ModifiedOnly,0,0,0,0,0,0,false,0,0,0,0,0,0,0,0,0,0,0,0,0,0,0,0.000,0.000,0.000,0.000,0.000,0.000,0.000,0.000,0.000,0.000,0.000,0.000,0.000,0.000,0.000,0.000,0.000,0.000,0.000,0.000
Classic CPU ROAM,classic_cpu_roam,Release,D3D12,NVIDIA GeForce RTX 5090 D,Direct3D 12 (feature level 12_0); requested Agility SDK 614; runtime 6.2.26100.8972 (C:\WINDOWS\SYSTEM32\D3D12Core.dll); driver 32.0.15.9186,false,1280,720,assets/heightmaps/Hm_Terrain_Peking_513.png,547,547,80.000,12.000,20,0.250,0.100,200000,false,50,64,0.794,10.069,15.709,18.436,-55.832,208.751,200000,1494856,199998,16102,8263,16102,233804,200000,33363,4642,187191,0,82179,117821,31465,1336,0,0,0,1,104.435,200.466,194.281,3.231,14.516,17.433,0.000,0.000,46.999,32.171,0.000,0.000,0.000,0.000,0.000,32.171,0.000,0.000,0.000,0.000,0.000,0.000,0.000,29.953,49.978,5.921,0.000,0.055,18305952,0,79.170,31.948,29.953,0.000,20,0,0.000,Off,ModifiedOnly,0,0,0,0,0,0,false,0,0,0,0,0,0,0,0,0,0,0,0,0,0,0,0.000,0.000,0.000,0.000,0.000,0.000,0.000,0.000,0.000,0.000,0.000,0.000,0.000,0.000,0.000,0.000,0.000,0.000,0.000,0.000
Classic CPU ROAM,classic_cpu_roam,Release,D3D12,NVIDIA GeForce RTX 5090 D,Direct3D 12 (feature level 12_0); requested Agility SDK 614; runtime 6.2.26100.8972 (C:\WINDOWS\SYSTEM32\D3D12Core.dll); driver 32.0.15.9186,false,1280,720,assets/heightmaps/Hm_Terrain_Peking_513.png,547,547,80.000,12.000,20,0.250,0.100,200000,false,51,64,0.810,10.270,21.190,17.959,-53.991,200.864,200000,1514374,199998,17971,9136,17971,233638,200000,33277,4528,208636,0,84852,115148,31517,1627,0,0,0,1,101.045,206.708,200.822,3.237,15.632,21.914,0.000,0.000,47.084,36.669,0.000,0.000,0.000,0.000,0.000,36.669,0.000,0.000,0.000,0.000,0.000,0.000,0.000,24.454,51.833,5.647,0.000,0.055,19066656,0,83.753,37.545,24.454,0.000,20,0,0.000,Off,ModifiedOnly,0,0,0,0,0,0,false,0,0,0,0,0,0,0,0,0,0,0,0,0,0,0,0.000,0.000,0.000,0.000,0.000,0.000,0.000,0.000,0.000,0.000,0.000,0.000,0.000,0.000,0.000,0.000,0.000,0.000,0.000,0.000
Classic CPU ROAM,classic_cpu_roam,Release,D3D12,NVIDIA GeForce RTX 5090 D,Direct3D 12 (feature level 12_0); requested Agility SDK 614; runtime 6.2.26100.8972 (C:\WINDOWS\SYSTEM32\D3D12Core.dll); driver 32.0.15.9186,false,1280,720,assets/heightmaps/Hm_Terrain_Peking_513.png,547,547,80.000,12.000,20,0.250,0.100,200000,false,52,64,0.825,10.477,26.460,17.564,-51.613,207.131,200000,1534184,199998,17601,8847,17601,233584,200000,33237,4434,200822,0,83597,116403,31642,2257,0,0,0,1,94.304,221.483,215.148,3.137,16.173,21.138,0.000,0.000,48.975,37.491,0.000,0.000,0.000,0.000,0.000,37.491,0.000,0.000,0.000,0.000,0.000,0.000,0.000,32.869,55.364,6.037,0.000,0.055,18897144,0,86.466,37.310,32.869,0.000,20,0,0.000,Off,ModifiedOnly,0,0,0,0,0,0,false,0,0,0,0,0,0,0,0,0,0,0,0,0,0,0,0.000,0.000,0.000,0.000,0.000,0.000,0.000,0.000,0.000,0.000,0.000,0.000,0.000,0.000,0.000,0.000,0.000,0.000,0.000,0.000
Classic CPU ROAM,classic_cpu_roam,Release,D3D12,NVIDIA GeForce RTX 5090 D,Direct3D 12 (feature level 12_0); requested Agility SDK 614; runtime 6.2.26100.8972 (C:\WINDOWS\SYSTEM32\D3D12Core.dll); driver 32.0.15.9186,false,1280,720,assets/heightmaps/Hm_Terrain_Peking_513.png,547,547,80.000,12.000,20,0.250,0.100,200000,false,53,64,0.841,10.699,31.468,17.265,-48.722,221.869,200000,1551700,199998,16802,8469,16802,233656,200000,33381,4470,194526,0,86309,113691,32148,2955,0,0,0,1,96.568,199.696,193.899,3.284,14.156,15.242,0.000,0.000,47.554,29.708,0.000,0.000,0.000,0.000,0.000,29.708,0.000,0.000,0.000,0.000,0.000,0.000,0.000,32.531,51.424,5.479,0.000,0.055,18799704,0,77.262,29.397,32.531,0.000,20,0,0.000,Off,ModifiedOnly,0,0,0,0,0,0,false,0,0,0,0,0,0,0,0,0,0,0,0,0,0,0,0.000,0.000,0.000,0.000,0.000,0.000,0.000,0.000,0.000,0.000,0.000,0.000,0.000,0.000,0.000,0.000,0.000,0.000,0.000,0.000
Classic CPU ROAM,classic_cpu_roam,Release,D3D12,NVIDIA GeForce RTX 5090 D,Direct3D 12 (feature level 12_0); requested Agility SDK 614; runtime 6.2.26100.8972 (C:\WINDOWS\SYSTEM32\D3D12Core.dll); driver 32.0.15.9186,false,1280,720,assets/heightmaps/Hm_Terrain_Peking_513.png,547,547,80.000,12.000,20,0.250,0.100,200000,false,54,64,0.857,10.899,36.162,17.075,-45.346,200.122,200000,1565178,199998,16670,8438,16670,233849,200000,33498,4914,193821,0,86261,113739,32527,2862,0,0,0,1,98.810,211.680,205.370,3.119,15.715,19.642,0.000,0.000,47.239,35.664,0.000,0.000,0.000,0.000,0.000,35.664,0.000,0.000,0.000,0.000,0.000,0.000,0.000,30.552,53.438,6.055,0.000,0.055,19221720,0,82.903,35.357,30.552,0.000,20,0,0.000,Off,ModifiedOnly,0,0,0,0,0,0,false,0,0,0,0,0,0,0,0,0,0,0,0,0,0,0,0.000,0.000,0.000,0.000,0.000,0.000,0.000,0.000,0.000,0.000,0.000,0.000,0.000,0.000,0.000,0.000,0.000,0.000,0.000,0.000
Classic CPU ROAM,classic_cpu_roam,Release,D3D12,NVIDIA GeForce RTX 5090 D,Direct3D 12 (feature level 12_0); requested Agility SDK 614; runtime 6.2.26100.8972 (C:\WINDOWS\SYSTEM32\D3D12Core.dll); driver 32.0.15.9186,false,1280,720,assets/heightmaps/Hm_Terrain_Peking_513.png,547,547,80.000,12.000,20,0.250,0.100,200000,false,55,64,0.873,11.111,40.498,17.001,-41.520,212.067,200000,1576172,199998,16899,8576,16899,233815,200000,33558,5850,194450,0,86215,113785,32584,3891,0,0,0,1,100.622,222.515,217.132,3.101,14.203,23.745,0.000,0.000,48.997,42.821,0.000,0.000,0.000,0.000,0.000,42.821,0.000,0.000,0.000,0.000,0.000,0.000,0.000,30.631,53.633,5.060,0.000,0.055,19580064,0,91.818,37.948,30.631,0.000,20,0,0.000,Off,ModifiedOnly,0,0,0,0,0,0,false,0,0,0,0,0,0,0,0,0,0,0,0,0,0,0,0.000,0.000,0.000,0.000,0.000,0.000,0.000,0.000,0.000,0.000,0.000,0.000,0.000,0.000,0.000,0.000,0.000,0.000,0.000,0.000
Classic CPU ROAM,classic_cpu_roam,Release,D3D12,NVIDIA GeForce RTX 5090 D,Direct3D 12 (feature level 12_0); requested Agility SDK 614; runtime 6.2.26100.8972 (C:\WINDOWS\SYSTEM32\D3D12Core.dll); driver 32.0.15.9186,false,1280,720,assets/heightmaps/Hm_Terrain_Peking_513.png,547,547,80.000,12.000,20,0.250,0.100,200000,false,56,64,0.889,11.334,44.431,17.046,-37.282,223.061,200000,1586108,199998,18110,9206,18110,233670,200000,33445,6414,204891,0,86323,113677,32858,3345,0,0,0,1,98.387,229.089,222.089,3.079,16.882,24.550,0.000,0.000,51.603,41.729,0.000,0.000,0.000,0.000,0.000,41.729,0.000,0.000,0.000,0.000,0.000,0.000,0.000,32.722,51.524,6.699,0.000,0.055,19688256,0,93.332,41.433,32.722,0.000,20,0,0.000,Off,ModifiedOnly,0,0,0,0,0,0,false,0,0,0,0,0,0,0,0,0,0,0,0,0,0,0,0.000,0.000,0.000,0.000,0.000,0.000,0.000,0.000,0.000,0.000,0.000,0.000,0.000,0.000,0.000,0.000,0.000,0.000,0.000,0.000
Classic CPU ROAM,classic_cpu_roam,Release,D3D12,NVIDIA GeForce RTX 5090 D,Direct3D 12 (feature level 12_0); requested Agility SDK 614; runtime 6.2.26100.8972 (C:\WINDOWS\SYSTEM32\D3D12Core.dll); driver 32.0.15.9186,false,1280,720,assets/heightmaps/Hm_Terrain_Peking_513.png,547,547,80.000,12.000,20,0.250,0.100,200000,false,57,64,0.905,11.564,47.922,17.207,-32.673,229.504,200000,1595956,199998,17926,9041,17926,233810,200000,33598,5648,206245,0,89515,110485,33223,3127,0,0,0,1,101.732,206.331,199.434,2.822,13.497,21.399,0.000,0.000,45.616,36.491,0.000,0.000,0.000,0.000,0.000,36.491,0.000,0.000,0.000,0.000,0.000,0.000,0.000,32.624,46.985,6.613,0.000,0.054,20161344,0,82.106,34.896,32.624,0.000,20,0,0.000,Off,ModifiedOnly,0,0,0,0,0,0,false,0,0,0,0,0,0,0,0,0,0,0,0,0,0,0,0.000,0.000,0.000,0.000,0.000,0.000,0.000,0.000,0.000,0.000,0.000,0.000,0.000,0.000,0.000,0.000,0.000,0.000,0.000,0.000
Classic CPU ROAM,classic_cpu_roam,Release,D3D12,NVIDIA GeForce RTX 5090 D,Direct3D 12 (feature level 12_0); requested Agility SDK 614; runtime 6.2.26100.8972 (C:\WINDOWS\SYSTEM32\D3D12Core.dll); driver 32.0.15.9186,false,1280,720,assets/heightmaps/Hm_Terrain_Peking_513.png,547,547,80.000,12.000,20,0.250,0.100,200000,false,58,64,0.921,11.771,50.937,17.480,-27.739,206.756,200000,1604498,199998,15972,8097,15972,233983,200000,33776,5160,189504,0,88125,111875,33630,2440,0,0,0,1,104.351,216.201,209.395,3.119,15.116,22.355,0.000,0.000,47.997,37.627,0.000,0.000,0.000,0.000,0.000,37.627,0.000,0.000,0.000,0.000,0.000,0.000,0.000,28.346,54.832,6.515,0.000,0.054,20251056,0,85.624,37.471,28.346,0.000,20,0,0.000,Off,ModifiedOnly,0,0,0,0,0,0,false,0,0,0,0,0,0,0,0,0,0,0,0,0,0,0,0.000,0.000,0.000,0.000,0.000,0.000,0.000,0.000,0.000,0.000,0.000,0.000,0.000,0.000,0.000,0.000,0.000,0.000,0.000,0.000
Classic CPU ROAM,classic_cpu_roam,Release,D3D12,NVIDIA GeForce RTX 5090 D,Direct3D 12 (feature level 12_0); requested Agility SDK 614; runtime 6.2.26100.8972 (C:\WINDOWS\SYSTEM32\D3D12Core.dll); driver 32.0.15.9186,false,1280,720,assets/heightmaps/Hm_Terrain_Peking_513.png,547,547,80.000,12.000,20,0.250,0.100,200000,false,59,64,0.937,11.987,53.446,17.852,-22.529,216.630,200000,1610400,199998,14004,7137,14004,233963,200000,33635,4676,164499,0,82824,117176,33212,2639,0,0,0,1,105.238,199.598,192.775,3.435,15.086,16.977,0.000,0.000,47.646,32.778,0.000,0.000,0.000,0.000,0.000,32.778,0.000,0.000,0.000,0.000,0.000,0.000,0.000,27.223,49.630,6.531,0.000,0.054,19327560,0,80.423,32.063,27.223,0.000,20,0,0.000,Off,ModifiedOnly,0,0,0,0,0,0,false,0,0,0,0,0,0,0,0,0,0,0,0,0,0,0,0.000,0.000,0.000,0.000,0.000,0.000,0.000,0.000,0.000,0.000,0.000,0.000,0.000,0.000,0.000,0.000,0.000,0.000,0.000,0.000
Classic CPU ROAM,classic_cpu_roam,Release,D3D12,NVIDIA GeForce RTX 5090 D,Direct3D 12 (feature level 12_0); requested Agility SDK 614; runtime 6.2.26100.8972 (C:\WINDOWS\SYSTEM32\D3D12Core.dll); driver 32.0.15.9186,false,1280,720,assets/heightmaps/Hm_Terrain_Peking_513.png,547,547,80.000,12.000,20,0.250,0.100,200000,false,60,64,0.952,12.187,55.423,18.310,-17.096,200.063,200000,1613728,199998,15077,7673,15077,233914,200000,33628,5206,177259,0,82765,117235,33668,2412,0,0,0,1,101.685,205.532,199.549,2.578,15.056,17.890,0.000,0.000,47.404,31.920,0.000,0.000,0.000,0.000,0.000,31.920,0.000,0.000,0.000,0.000,0.000,0.000,0.000,25.802,58.899,5.736,0.000,0.054,19066656,0,79.324,32.946,25.802,0.000,20,0,0.000,Off,ModifiedOnly,0,0,0,0,0,0,false,0,0,0,0,0,0,0,0,0,0,0,0,0,0,0,0.000,0.000,0.000,0.000,0.000,0.000,0.000,0.000,0.000,0.000,0.000,0.000,0.000,0.000,0.000,0.000,0.000,0.000,0.000,0.000
Classic CPU ROAM,classic_cpu_roam,Release,D3D12,NVIDIA GeForce RTX 5090 D,Direct3D 12 (feature level 12_0); requested Agility SDK 614; runtime 6.2.26100.8972 (C:\WINDOWS\SYSTEM32\D3D12Core.dll); driver 32.0.15.9186,false,1280,720,assets/heightmaps/Hm_Terrain_Peking_513.png,547,547,80.000,12.000,20,0.250,0.100,200000,false,61,64,0.968,12.393,56.850,18.835,-11.492,206.006,200000,1616268,199998,15566,7957,15566,233818,200000,33577,5724,181255,0,85890,114110,34127,3031,0,0,0,1,91.875,209.237,203.873,8.768,16.627,20.120,0.000,0.000,47.918,34.797,0.000,0.000,0.000,0.000,0.000,34.797,0.000,0.000,0.000,0.000,0.000,0.000,0.000,30.977,44.665,5.115,0.000,0.055,19441632,0,82.715,36.747,30.977,0.000,20,0,0.000,Off,ModifiedOnly,0,0,0,0,0,0,false,0,0,0,0,0,0,0,0,0,0,0,0,0,0,0,0.000,0.000,0.000,0.000,0.000,0.000,0.000,0.000,0.000,0.000,0.000,0.000,0.000,0.000,0.000,0.000,0.000,0.000,0.000,0.000
Classic CPU ROAM,classic_cpu_roam,Release,D3D12,NVIDIA GeForce RTX 5090 D,Direct3D 12 (feature level 12_0); requested Agility SDK 614; runtime 6.2.26100.8972 (C:\WINDOWS\SYSTEM32\D3D12Core.dll); driver 32.0.15.9186,false,1280,720,assets/heightmaps/Hm_Terrain_Peking_513.png,547,547,80.000,12.000,20,0.250,0.100,200000,false,62,64,0.984,12.603,57.712,19.406,-5.775,209.640,200000,1618212,199998,15775,8075,15775,233768,200000,33553,6164,183484,0,87605,112395,34182,3117,0,0,0,1,99.673,210.690,203.537,3.227,16.153,20.899,0.000,0.000,50.446,36.413,0.000,0.000,0.000,0.000,0.000,36.413,0.000,0.000,0.000,0.000,0.000,0.000,0.000,27.692,48.705,6.847,0.000,0.054,19825848,0,86.860,37.053,27.692,0.000,20,0,0.000,Off,ModifiedOnly,0,0,0,0,0,0,false,0,0,0,0,0,0,0,0,0,0,0,0,0,0,0,0.000,0.000,0.000,0.000,0.000,0.000,0.000,0.000,0.000,0.000,0.000,0.000,0.000,0.000,0.000,0.000,0.000,0.000,0.000,0.000
Classic CPU ROAM,classic_cpu_roam,Release,D3D12,NVIDIA GeForce RTX 5090 D,Direct3D 12 (feature level 12_0); requested Agility SDK 614; runtime 6.2.26100.8972 (C:\WINDOWS\SYSTEM32\D3D12Core.dll); driver 32.0.15.9186,false,1280,720,assets/heightmaps/Hm_Terrain_Peking_513.png,547,547,80.000,12.000,20,0.250,0.100,200000,false,63,64,1.000,12.814,58.000,20.000,0.000,211.147,200000,1618212,199998,14237,7228,14237,233858,200000,33558,5847,168875,0,83027,116973,33667,3984,0,0,0,1,100.556,208.567,201.763,3.117,13.364,20.447,0.000,0.000,49.169,35.021,0.000,0.000,0.000,0.000,0.000,35.021,0.000,0.000,0.000,0.000,0.000,0.000,0.000,28.902,51.743,6.516,0.000,0.054,19090512,0,84.190,33.811,28.902,0.000,20,0,0.000,Off,ModifiedOnly,0,0,0,0,0,0,false,0,0,0,0,0,0,0,0,0,0,0,0,0,0,0,0.000,0.000,0.000,0.000,0.000,0.000,0.000,0.000,0.000,0.000,0.000,0.000,0.000,0.000,0.000,0.000,0.000,0.000,0.000,0.000
Data-Oriented CPU ROAM,data_oriented_cpu_roam,Release,D3D12,NVIDIA GeForce RTX 5090 D,Direct3D 12 (feature level 12_0); requested Agility SDK 614; runtime 6.2.26100.8972 (C:\WINDOWS\SYSTEM32\D3D12Core.dll); driver 32.0.15.9186,false,1280,720,assets/heightmaps/Hm_Terrain_Peking_513.png,547,547,80.000,12.000,20,0.250,0.100,200000,false,0,64,0.000,0.000,58.000,20.000,0.000,26.751,199999,399996,199997,0,0,0,233557,199999,33558,0,0,0,0,199999,0,1,0,0,0,8,91.903,34.008,34.001,2.108,2.236,0.003,0.000,0.000,4.953,0.001,0.000,0.000,0.000,0.000,0.000,0.000,0.001,0.000,0.000,0.000,0.000,0.000,0.000,0.129,24.571,0.002,0.000,0.055,0,0,4.954,2.239,0.129,0.000,20,0,0.000,Off,ModifiedOnly,0,0,0,0,0,0,false,0,0,0,0,0,0,0,0,0,0,0,0,0,0,0,0.000,0.000,0.000,0.000,0.000,0.000,0.000,0.000,0.000,0.000,0.000,0.000,0.000,0.000,0.000,0.000,0.000,0.000,0.000,0.000
Data-Oriented CPU ROAM,data_oriented_cpu_roam,Release,D3D12,NVIDIA GeForce RTX 5090 D,Direct3D 12 (feature level 12_0); requested Agility SDK 614; runtime 6.2.26100.8972 (C:\WINDOWS\SYSTEM32\D3D12Core.dll); driver 32.0.15.9186,false,1280,720,assets/heightmaps/Hm_Terrain_Peking_513.png,547,547,80.000,12.000,20,0.250,0.100,200000,false,1,64,0.016,0.034,57.712,20.594,5.775,34.350,199999,427214,199997,13609,6871,13609,233748,199999,33614,5942,159076,0,43425,156574,18978,5943,0,0,0,8,96.942,98.535,96.592,3.297,2.538,18.449,0.000,0.000,6.623,35.526,0.000,0.000,0.000,0.000,0.000,35.525,0.080,0.306,0.210,0.004,1.265,16.573,0.000,7.757,22.402,1.799,0.000,0.054,7295400,0,57.764,20.988,7.757,0.000,20,0,0.000,Off,ModifiedOnly,0,0,0,0,0,0,false,0,0,0,297,0,0,0,0,0,0,0,0,0,0,0,0.000,0.000,0.000,0.000,0.000,0.000,0.000,0.000,0.000,0.000,0.000,0.000,0.000,0.000,0.000,0.000,0.000,0.000,0.000,0.000
Data-Oriented CPU ROAM,data_oriented_cpu_roam,Release,D3D12,NVIDIA GeForce RTX 5090 D,Direct3D 12 (feature level 12_0); requested Agility SDK 614; runtime 6.2.26100.8972 (C:\WINDOWS\SYSTEM32\D3D12Core.dll); driver 32.0.15.9186,false,1280,720,assets/heightmaps/Hm_Terrain_Peking_513.png,547,547,80.000,12.000,20,0.250,0.100,200000,false,2,64,0.032,0.133,56.850,21.165,11.492,98.876,199999,455328,199997,14461,7346,14461,233842,199999,33714,4236,173336,0,75610,124389,26775,4237,0,0,0,8,112.114,102.229,97.405,2.423,2.732,23.024,0.000,0.000,6.650,30.587,0.000,0.000,0.000,0.000,0.000,30.586,0.223,1.314,0.437,0.031,5.951,15.050,0.000,10.710,21.279,4.642,0.000,0.054,12793536,0,48.214,25.756,10.710,0.000,20,0,0.000,Off,ModifiedOnly,0,0,0,0,0,0,false,0,0,0,1085,0,0,0,0,0,0,0,0,0,0,0,0.000,0.000,0.000,0.000,0.000,0.000,0.000,0.000,0.000,0.000,0.000,0.000,0.000,0.000,0.000,0.000,0.000,0.000,0.000,0.000
Data-Oriented CPU ROAM,data_oriented_cpu_roam,Release,D3D12,NVIDIA GeForce RTX 5090 D,Direct3D 12 (feature level 12_0); requested Agility SDK 614; runtime 6.2.26100.8972 (C:\WINDOWS\SYSTEM32\D3D12Core.dll); driver 32.0.15.9186,false,1280,720,assets/heightmaps/Hm_Terrain_Peking_513.png,547,547,80.000,12.000,20,0.250,0.100,200000,false,3,64,0.048,0.236,55.423,21.690,17.096,102.595,199999,484576,199997,15341,7854,15341,234092,199999,33926,3881,185556,0,79309,120690,29157,3882,0,0,0,8,208.897,110.405,104.524,3.318,2.546,24.241,0.000,0.000,6.821,32.470,0.000,0.000,0.000,0.000,0.000,32.470,0.211,1.355,0.548,0.024,6.495,15.591,0.000,10.555,24.573,5.639,0.000,0.056,17873688,0,49.373,26.787,10.555,0.000,20,0,0.000,Off,ModifiedOnly,0,0,0,0,0,0,false,0,0,0,1329,0,0,0,0,0,0,0,0,0,0,0,0.000,0.000,0.000,0.000,0.000,0.000,0.000,0.000,0.000,0.000,0.000,0.000,0.000,0.000,0.000,0.000,0.000,0.000,0.000,0.000
Data-Oriented CPU ROAM,data_oriented_cpu_roam,Release,D3D12,NVIDIA GeForce RTX 5090 D,Direct3D 12 (feature level 12_0); requested Agility SDK 614; runtime 6.2.26100.8972 (C:\WINDOWS\SYSTEM32\D3D12Core.dll); driver 32.0.15.9186,false,1280,720,assets/heightmaps/Hm_Terrain_Peking_513.png,547,547,80.000,12.000,20,0.250,0.100,200000,false,4,64,0.063,0.347,53.446,22.148,22.529,111.109,199999,515872,199997,16557,8422,16557,234322,199999,34139,4242,201391,0,82835,117164,29484,4243,0,0,0,8,211.575,107.892,103.224,3.139,2.925,22.671,0.000,0.000,7.386,30.231,0.000,0.000,0.000,0.000,0.000,30.231,0.258,1.650,0.736,0.047,7.013,12.952,0.000,10.749,26.121,4.465,0.000,0.057,18666984,0,46.651,25.596,10.749,0.000,20,0,0.000,Off,ModifiedOnly,0,0,0,0,0,0,false,0,0,0,1500,0,0,0,0,0,0,0,0,0,0,0,0.000,0.000,0.000,0.000,0.000,0.000,0.000,0.000,0.000,0.000,0.000,0.000,0.000,0.000,0.000,0.000,0.000,0.000,0.000,0.000
Data-Oriented CPU ROAM,data_oriented_cpu_roam,Release,D3D12,NVIDIA GeForce RTX 5090 D,Direct3D 12 (feature level 12_0); requested Agility SDK 614; runtime 6.2.26100.8972 (C:\WINDOWS\SYSTEM32\D3D12Core.dll); driver 32.0.15.9186,false,1280,720,assets/heightmaps/Hm_Terrain_Peking_513.png,547,547,80.000,12.000,20,0.250,0.100,200000,false,5,64,0.079,0.455,50.937,22.520,27.739,108.296,200000,545952,199998,16444,8347,16443,234477,200000,34173,3967,197069,0,83033,116967,31361,3968,0,0,0,8,93.172,122.599,117.195,9.366,2.824,24.961,0.000,0.000,6.838,35.761,0.000,0.000,0.000,0.000,0.000,35.761,0.268,1.787,0.733,0.020,7.464,14.675,0.000,11.771,25.674,5.156,0.000,0.057,18605496,0,52.786,27.785,11.771,0.000,20,0,0.000,Off,ModifiedOnly,0,0,0,0,0,0,false,0,0,0,1501,0,0,0,0,0,0,0,0,0,0,0,0.000,0.000,0.000,0.000,0.000,0.000,0.000,0.000,0.000,0.000,0.000,0.000,0.000,0.000,0.000,0.000,0.000,0.000,0.000,0.000
Data-Oriented CPU ROAM,data_oriented_cpu_roam,Release,D3D12,NVIDIA GeForce RTX 5090 D,Direct3D 12 (feature level 12_0); requested Agility SDK 614; runtime 6.2.26100.8972 (C:\WINDOWS\SYSTEM32\D3D12Core.dll); driver 32.0.15.9186,false,1280,720,assets/heightmaps/Hm_Terrain_Peking_513.png,547,547,80.000,12.000,20,0.250,0.100,200000,false,6,64,0.095,0.578,47.922,22.793,32.673,122.951,199999,573730,199997,15472,7848,15473,234509,199999,34106,4324,185316,0,82608,117391,33073,4325,0,0,0,8,198.255,108.235,102.208,3.552,3.007,23.078,0.000,0.000,6.728,29.601,0.000,0.000,0.000,0.000,0.000,29.601,0.208,1.191,0.503,0.006,5.532,15.619,0.000,11.458,24.785,5.724,0.000,0.057,18447912,0,47.493,26.084,11.458,0.000,20,0,0.000,Off,ModifiedOnly,0,0,0,0,0,0,false,0,0,0,1209,0,0,0,0,0,0,0,0,0,0,0,0.000,0.000,0.000,0.000,0.000,0.000,0.000,0.000,0.000,0.000,0.000,0.000,0.000,0.000,0.000,0.000,0.000,0.000,0.000,0.000
Data-Oriented CPU ROAM,data_oriented_cpu_roam,Release,D3D12,NVIDIA GeForce RTX 5090 D,Direct3D 12 (feature level 12_0); requested Agility SDK 614; runtime 6.2.26100.8972 (C:\WINDOWS\SYSTEM32\D3D12Core.dll); driver 32.0.15.9186,false,1280,720,assets/heightmaps/Hm_Terrain_Peking_513.png,547,547,80.000,12.000,20,0.250,0.100,200000,false,7,64,0.111,0.687,44.431,22.954,37.282,108.704,200000,601082,199998,15849,8037,15848,234498,200000,34174,5324,191255,0,83549,116451,34465,5325,0,0,0,8,147.518,123.060,116.258,3.408,2.687,22.623,0.000,0.000,6.368,43.020,0.000,0.000,0.000,0.000,0.000,43.020,0.179,1.094,0.647,0.014,4.679,15.994,0.000,11.754,26.396,6.496,0.000,0.057,18808608,0,61.535,25.310,11.754,0.000,20,0,0.000,Off,ModifiedOnly,0,0,0,0,0,0,false,0,0,0,932,0,0,0,0,0,0,0,0,0,0,0,0.000,0.000,0.000,0.000,0.000,0.000,0.000,0.000,0.000,0.000,0.000,0.000,0.000,0.000,0.000,0.000,0.000,0.000,0.000,0.000
Data-Oriented CPU ROAM,data_oriented_cpu_roam,Release,D3D12,NVIDIA GeForce RTX 5090 D,Direct3D 12 (feature level 12_0); requested Agility SDK 614; runtime 6.2.26100.8972 (C:\WINDOWS\SYSTEM32\D3D12Core.dll); driver 32.0.15.9186,false,1280,720,assets/heightmaps/Hm_Terrain_Peking_513.png,547,547,80.000,12.000,20,0.250,0.100,200000,false,8,64,0.127,0.810,40.498,22.999,41.520,123.478,199999,627898,199997,16040,8141,16041,234356,199999,34196,6160,187607,0,85736,114263,35724,6161,0,0,0,8,192.087,112.268,105.502,3.463,2.941,22.558,0.000,0.000,6.871,29.234,0.000,0.000,0.000,0.000,0.000,29.233,0.156,0.832,0.391,0.005,3.477,17.684,0.000,12.405,28.031,6.457,0.000,0.058,19141752,0,51.302,25.499,12.405,0.000,20,0,0.000,Off,ModifiedOnly,0,0,0,0,0,0,false,0,0,0,685,0,0,0,0,0,0,0,0,0,0,0,0.000,0.000,0.000,0.000,0.000,0.000,0.000,0.000,0.000,0.000,0.000,0.000,0.000,0.000,0.000,0.000,0.000,0.000,0.000,0.000
Data-Oriented CPU ROAM,data_oriented_cpu_roam,Release,D3D12,NVIDIA GeForce RTX 5090 D,Direct3D 12 (feature level 12_0); requested Agility SDK 614; runtime 6.2.26100.8972 (C:\WINDOWS\SYSTEM32\D3D12Core.dll); driver 32.0.15.9186,false,1280,720,assets/heightmaps/Hm_Terrain_Peking_513.png,547,547,80.000,12.000,20,0.250,0.100,200000,false,9,64,0.143,0.923,36.162,22.925,45.346,112.693,199999,654588,199997,16360,8241,16360,234311,199999,34043,6794,190397,0,86960,113039,37077,6795,0,0,0,8,204.299,106.727,99.181,3.309,2.684,20.534,0.000,0.000,6.726,28.456,0.000,0.000,0.000,0.000,0.000,28.455,0.109,0.607,0.382,0.008,2.378,17.039,0.000,12.374,25.097,7.244,0.000,0.058,19666416,0,50.672,23.218,12.374,0.000,20,0,0.000,Off,ModifiedOnly,0,0,0,0,0,0,false,0,0,0,503,0,0,0,0,0,0,0,0,0,0,0,0.000,0.000,0.000,0.000,0.000,0.000,0.000,0.000,0.000,0.000,0.000,0.000,0.000,0.000,0.000,0.000,0.000,0.000,0.000,0.000
Data-Oriented CPU ROAM,data_oriented_cpu_roam,Release,D3D12,NVIDIA GeForce RTX 5090 D,Direct3D 12 (feature level 12_0); requested Agility SDK 614; runtime 6.2.26100.8972 (C:\WINDOWS\SYSTEM32\D3D12Core.dll); driver 32.0.15.9186,false,1280,720,assets/heightmaps/Hm_Terrain_Peking_513.png,547,547,80.000,12.000,20,0.250,0.100,200000,false,10,64,0.159,1.030,31.468,22.735,48.722,107.170,200000,678670,199998,15541,7903,15540,234064,200000,33859,6816,183005,0,86172,113828,37885,6817,0,0,0,8,297.532,111.312,104.782,3.694,2.707,21.429,0.000,0.000,7.046,30.680,0.000,0.000,0.000,0.000,0.000,30.679,0.079,0.426,0.165,0.002,1.377,19.373,0.000,12.020,27.207,6.223,0.000,0.058,19581408,0,56.239,24.136,12.020,0.000,20,0,0.000,Off,ModifiedOnly,0,0,0,0,0,0,false,0,0,0,366,0,0,0,0,0,0,0,0,0,0,0,0.000,0.000,0.000,0.000,0.000,0.000,0.000,0.000,0.000,0.000,0.000,0.000,0.000,0.000,0.000,0.000,0.000,0.000,0.000,0.000
Data-Oriented CPU ROAM,data_oriented_cpu_roam,Release,D3D12,NVIDIA GeForce RTX 5090 D,Direct3D 12 (feature level 12_0); requested Agility SDK 614; runtime 6.2.26100.8972 (C:\WINDOWS\SYSTEM32\D3D12Core.dll); driver 32.0.15.9186,false,1280,720,assets/heightmaps/Hm_Terrain_Peking_513.png,547,547,80.000,12.000,20,0.250,0.100,200000,false,11,64,0.175,1.142,26.460,22.436,51.613,111.712,199999,700592,199997,14496,7420,14497,233892,199999,33756,5778,171324,0,84741,115258,38545,5779,0,0,0,8,106.486,109.176,102.507,3.279,2.763,21.095,0.000,0.000,6.831,31.248,0.000,0.000,0.000,0.000,0.000,31.248,0.104,0.645,0.318,0.009,2.362,17.644,0.000,12.112,25.178,6.419,0.000,0.058,19450704,0,54.430,23.858,12.112,0.000,20,0,0.000,Off,ModifiedOnly,0,0,0,0,0,0,false,0,0,0,580,0,0,0,0,0,0,0,0,0,0,0,0.000,0.000,0.000,0.000,0.000,0.000,0.000,0.000,0.000,0.000,0.000,0.000,0.000,0.000,0.000,0.000,0.000,0.000,0.000,0.000
Data-Oriented CPU ROAM,data_oriented_cpu_roam,Release,D3D12,NVIDIA GeForce RTX 5090 D,Direct3D 12 (feature level 12_0); requested Agility SDK 614; runtime 6.2.26100.8972 (C:\WINDOWS\SYSTEM32\D3D12Core.dll); driver 32.0.15.9186,false,1280,720,assets/heightmaps/Hm_Terrain_Peking_513.png,547,547,80.000,12.000,20,0.250,0.100,200000,false,12,64,0.190,1.252,21.190,22.041,53.991,109.603,200000,721734,199998,14367,7329,14366,233943,200000,33694,5388,171299,0,80379,119621,38260,5389,0,0,0,8,98.503,101.122,94.953,3.429,2.899,20.387,0.000,0.000,6.491,26.308,0.000,0.000,0.000,0.000,0.000,26.308,0.114,0.758,0.419,0.009,3.070,16.006,0.000,11.535,23.904,5.903,0.000,0.058,19049016,0,46.447,23.286,11.535,0.000,20,0,0.000,Off,ModifiedOnly,0,0,0,0,0,0,false,0,0,0,646,0,0,0,0,0,0,0,0,0,0,0,0.000,0.000,0.000,0.000,0.000,0.000,0.000,0.000,0.000,0.000,0.000,0.000,0.000,0.000,0.000,0.000,0.000,0.000,0.000,0.000
Data-Oriented CPU ROAM,data_oriented_cpu_roam,Release,D3D12,NVIDIA GeForce RTX 5090 D,Direct3D 12 (feature level 12_0); requested Agility SDK 614; runtime 6.2.26100.8972 (C:\WINDOWS\SYSTEM32\D3D12Core.dll); driver 32.0.15.9186,false,1280,720,assets/heightmaps/Hm_Terrain_Peking_513.png,547,547,80.000,12.000,20,0.250,0.100,200000,false,13,64,0.206,1.353,15.709,21.564,55.832,101.551,200000,745072,199998,15353,7804,15353,233853,200000,33627,5584,180389,0,82504,117496,38974,5585,0,0,0,8,207.801,112.708,105.011,3.477,3.032,23.091,0.000,0.000,6.340,30.543,0.000,0.000,0.000,0.000,0.000,30.542,0.137,0.983,0.383,0.015,3.759,17.801,0.000,10.718,27.810,7.376,0.000,0.058,18614568,0,51.855,26.122,10.718,0.000,20,0,0.000,Off,ModifiedOnly,0,0,0,0,0,0,false,0,0,0,728,0,0,0,0,0,0,0,0,0,0,0,0.000,0.000,0.000,0.000,0.000,0.000,0.000,0.000,0.000,0.000,0.000,0.000,0.000,0.000,0.000,0.000,0.000,0.000,0.000,0.000
Data-Oriented CPU ROAM,data_oriented_cpu_roam,Release,D3D12,NVIDIA GeForce RTX 5090 D,Direct3D 12 (feature level 12_0); requested Agility SDK 614; runtime 6.2.26100.8972 (C:\WINDOWS\SYSTEM32\D3D12Core.dll); driver 32.0.15.9186,false,1280,720,assets/heightmaps/Hm_Terrain_Peking_513.png,547,547,80.000,12.000,20,0.250,0.100,200000,false,14,64,0.222,1.466,10.072,21.026,57.119,113.096,200000,770358,199998,16206,8304,16206,233908,200000,33565,5787,190490,0,86191,113809,39662,5788,0,0,0,8,194.374,119.248,112.270,3.344,2.802,22.346,0.000,0.000,6.870,32.339,0.000,0.000,0.000,0.000,0.000,32.338,0.177,0.874,0.304,0.009,3.048,17.920,0.000,11.935,32.633,6.642,0.000,0.059,19273632,0,54.729,25.149,11.935,0.000,20,0,0.000,Off,ModifiedOnly,0,0,0,0,0,0,false,0,0,0,751,0,0,0,0,0,0,0,0,0,0,0,0.000,0.000,0.000,0.000,0.000,0.000,0.000,0.000,0.000,0.000,0.000,0.000,0.000,0.000,0.000,0.000,0.000,0.000,0.000,0.000
Data-Oriented CPU ROAM,data_oriented_cpu_roam,Release,D3D12,NVIDIA GeForce RTX 5090 D,Direct3D 12 (feature level 12_0); requested Agility SDK 614; runtime 6.2.26100.8972 (C:\WINDOWS\SYSTEM32\D3D12Core.dll); driver 32.0.15.9186,false,1280,720,assets/heightmaps/Hm_Terrain_Peking_513.png,547,547,80.000,12.000,20,0.250,0.100,200000,false,15,64,0.238,1.586,4.334,20.447,57.838,119.734,199999,795980,199997,16398,8303,16399,233659,199999,33433,5579,191619,0,85935,114064,39626,5580,0,0,0,8,208.975,119.859,111.819,8.776,2.464,21.877,0.000,0.000,5.927,31.045,0.000,0.000,0.000,0.000,0.000,31.045,0.149,0.963,0.519,0.014,3.658,16.562,0.000,12.496,29.233,7.640,0.000,0.059,19383840,0,50.081,24.342,12.496,0.000,20,0,0.000,Off,ModifiedOnly,0,0,0,0,0,0,false,0,0,0,886,0,0,0,0,0,0,0,0,0,0,0,0.000,0.000,0.000,0.000,0.000,0.000,0.000,0.000,0.000,0.000,0.000,0.000,0.000,0.000,0.000,0.000,0.000,0.000,0.000,0.000
Data-Oriented CPU ROAM,data_oriented_cpu_roam,Release,D3D12,NVIDIA GeForce RTX 5090 D,Direct3D 12 (feature level 12_0); requested Agility SDK 614; runtime 6.2.26100.8972 (C:\WINDOWS\SYSTEM32\D3D12Core.dll); driver 32.0.15.9186,false,1280,720,assets/heightmaps/Hm_Terrain_Peking_513.png,547,547,80.000,12.000,20,0.250,0.100,200000,false,16,64,0.254,1.706,-1.446,19.850,57.982,120.453,200000,822444,199998,15856,7931,15855,233704,200000,33504,5255,188074,0,83318,116682,39335,5256,0,0,0,8,146.737,113.931,106.227,3.517,2.920,24.116,0.000,0.000,6.640,31.659,0.000,0.000,0.000,0.000,0.000,31.659,0.205,1.235,0.621,0.018,4.901,17.121,0.000,11.058,26.318,7.384,0.000,0.059,18809616,0,51.959,27.035,11.058,0.000,20,0,0.000,Off,ModifiedOnly,0,0,0,0,0,0,false,0,0,0,1021,0,0,0,0,0,0,0,0,0,0,0,0.000,0.000,0.000,0.000,0.000,0.000,0.000,0.000,0.000,0.000,0.000,0.000,0.000,0.000,0.000,0.000,0.000,0.000,0.000,0.000
Data-Oriented CPU ROAM,data_oriented_cpu_roam,Release,D3D12,NVIDIA GeForce RTX 5090 D,Direct3D 12 (feature level 12_0); requested Agility SDK 614; runtime 6.2.26100.8972 (C:\WINDOWS\SYSTEM32\D3D12Core.dll); driver 32.0.15.9186,false,1280,720,assets/heightmaps/Hm_Terrain_Peking_513.png,547,547,80.000,12.000,20,0.250,0.100,200000,false,17,64,0.270,1.821,-7.212,19.260,57.550,114.335,199999,847018,199997,14298,7231,14299,233572,199999,33441,5127,167266,0,78583,121416,38735,5128,0,0,0,8,200.731,116.003,108.702,3.549,2.810,22.002,0.000,0.000,6.626,31.355,0.000,0.000,0.000,0.000,0.000,31.355,0.155,0.949,0.341,0.011,3.963,16.570,0.000,11.404,30.955,6.964,0.000,0.059,18465720,0,52.500,24.812,11.404,0.000,20,0,0.000,Off,ModifiedOnly,0,0,0,0,0,0,false,0,0,0,802,0,0,0,0,0,0,0,0,0,0,0,0.000,0.000,0.000,0.000,0.000,0.000,0.000,0.000,0.000,0.000,0.000,0.000,0.000,0.000,0.000,0.000,0.000,0.000,0.000,0.000
Data-Oriented CPU ROAM,data_oriented_cpu_roam,Release,D3D12,NVIDIA GeForce RTX 5090 D,Direct3D 12 (feature level 12_0); requested Agility SDK 614; runtime 6.2.26100.8972 (C:\WINDOWS\SYSTEM32\D3D12Core.dll); driver 32.0.15.9186,false,1280,720,assets/heightmaps/Hm_Terrain_Peking_513.png,547,547,80.000,12.000,20,0.250,0.100,200000,false,18,64,0.286,1.937,-12.906,18.698,56.546,116.563,199999,871604,199997,14981,7663,14981,233779,199999,33658,4708,178727,0,78056,121943,38822,4709,0,0,0,8,106.333,125.197,117.261,7.893,2.795,22.758,0.000,0.000,6.838,34.304,0.000,0.000,0.000,0.000,0.000,34.304,0.182,1.124,0.536,0.014,4.097,16.793,0.000,10.700,31.973,7.572,0.000,0.059,18066552,0,55.148,25.553,10.700,0.000,20,0,0.000,Off,ModifiedOnly,0,0,0,0,0,0,false,0,0,0,979,0,0,0,0,0,0,0,0,0,0,0,0.000,0.000,0.000,0.000,0.000,0.000,0.000,0.000,0.000,0.000,0.000,0.000,0.000,0.000,0.000,0.000,0.000,0.000,0.000,0.000
Data-Oriented CPU ROAM,data_oriented_cpu_roam,Release,D3D12,NVIDIA GeForce RTX 5090 D,Direct3D 12 (feature level 12_0); requested Agility SDK 614; runtime 6.2.26100.8972 (C:\WINDOWS\SYSTEM32\D3D12Core.dll); driver 32.0.15.9186,false,1280,720,assets/heightmaps/Hm_Terrain_Peking_513.png,547,547,80.000,12.000,20,0.250,0.100,200000,false,19,64,0.302,2.063,-18.472,18.189,54.980,125.633,200000,899688,199998,17923,9200,17922,233769,200000,33508,4576,209181,0,82006,117994,39304,4577,0,0,0,8,282.259,128.694,121.494,7.815,2.984,30.149,0.000,0.000,6.930,33.404,0.000,0.000,0.000,0.000,0.000,33.403,0.265,1.999,0.782,0.038,8.677,18.358,0.000,10.624,29.588,6.833,0.000,0.059,18592728,0,53.019,33.133,10.624,0.000,20,0,0.000,Off,ModifiedOnly,0,0,0,0,0,0,false,0,0,0,1605,0,0,0,0,0,0,0,0,0,0,0,0.000,0.000,0.000,0.000,0.000,0.000,0.000,0.000,0.000,0.000,0.000,0.000,0.000,0.000,0.000,0.000,0.000,0.000,0.000,0.000
Data-Oriented CPU ROAM,data_oriented_cpu_roam,Release,D3D12,NVIDIA GeForce RTX 5090 D,Direct3D 12 (feature level 12_0); requested Agility SDK 614; runtime 6.2.26100.8972 (C:\WINDOWS\SYSTEM32\D3D12Core.dll); driver 32.0.15.9186,false,1280,720,assets/heightmaps/Hm_Terrain_Peking_513.png,547,547,80.000,12.000,20,0.250,0.100,200000,false,20,64,0.317,2.192,-23.855,17.751,52.867,129.094,199999,927200,199997,18182,9182,18183,233841,199999,33465,4638,211870,0,84250,115749,40095,4639,0,0,0,8,186.851,140.955,133.568,3.456,2.815,27.558,0.000,0.000,7.098,54.629,0.000,0.000,0.000,0.000,0.000,54.628,0.310,1.786,0.478,0.024,7.721,17.225,0.000,11.234,26.778,7.111,0.000,0.059,18788112,0,72.988,30.373,11.234,0.000,20,0,0.000,Off,ModifiedOnly,0,0,0,0,0,0,false,0,0,0,1541,0,0,0,0,0,0,0,0,0,0,0,0.000,0.000,0.000,0.000,0.000,0.000,0.000,0.000,0.000,0.000,0.000,0.000,0.000,0.000,0.000,0.000,0.000,0.000,0.000,0.000
Data-Oriented CPU ROAM,data_oriented_cpu_roam,Release,D3D12,NVIDIA GeForce RTX 5090 D,Direct3D 12 (feature level 12_0); requested Agility SDK 614; runtime 6.2.26100.8972 (C:\WINDOWS\SYSTEM32\D3D12Core.dll); driver 32.0.15.9186,false,1280,720,assets/heightmaps/Hm_Terrain_Peking_513.png,547,547,80.000,12.000,20,0.250,0.100,200000,false,21,64,0.333,2.333,-29.000,17.402,50.229,141.362,199999,954126,199997,17457,8796,17457,233802,199999,33473,4409,204084,0,87762,112237,41144,4410,0,0,0,8,296.738,123.077,115.569,3.493,2.979,26.691,0.000,0.000,7.209,36.236,0.000,0.000,0.000,0.000,0.000,36.235,0.252,1.743,0.727,0.017,6.714,17.224,0.000,11.619,27.342,7.167,0.000,0.058,19107648,0,54.751,29.670,11.619,0.000,20,0,0.000,Off,ModifiedOnly,0,0,0,0,0,0,false,0,0,0,1454,0,0,0,0,0,0,0,0,0,0,0,0.000,0.000,0.000,0.000,0.000,0.000,0.000,0.000,0.000,0.000,0.000,0.000,0.000,0.000,0.000,0.000,0.000,0.000,0.000,0.000
Data-Oriented CPU ROAM,data_oriented_cpu_roam,Release,D3D12,NVIDIA GeForce RTX 5090 D,Direct3D 12 (feature level 12_0); requested Agility SDK 614; runtime 6.2.26100.8972 (C:\WINDOWS\SYSTEM32\D3D12Core.dll); driver 32.0.15.9186,false,1280,720,assets/heightmaps/Hm_Terrain_Peking_513.png,547,547,80.000,12.000,20,0.250,0.100,200000,false,22,64,0.349,2.457,-33.857,17.156,47.092,123.490,199999,978124,199997,16428,8321,16428,233796,199999,33444,4742,190907,0,87970,112029,41456,4743,0,0,0,8,293.914,124.990,116.676,3.501,2.863,26.403,0.000,0.000,7.144,35.362,0.000,0.000,0.000,0.000,0.000,35.362,0.199,1.370,0.620,0.011,5.798,18.390,0.000,12.876,28.526,7.970,0.000,0.058,19516392,0,56.055,29.266,12.876,0.000,20,0,0.000,Off,ModifiedOnly,0,0,0,0,0,0,false,0,0,0,1151,0,0,0,0,0,0,0,0,0,0,0,0.000,0.000,0.000,0.000,0.000,0.000,0.000,0.000,0.000,0.000,0.000,0.000,0.000,0.000,0.000,0.000,0.000,0.000,0.000,0.000
Data-Oriented CPU ROAM,data_oriented_cpu_roam,Release,D3D12,NVIDIA GeForce RTX 5090 D,Direct3D 12 (feature level 12_0); requested Agility SDK 614; runtime 6.2.26100.8972 (C:\WINDOWS\SYSTEM32\D3D12Core.dll); driver 32.0.15.9186,false,1280,720,assets/heightmaps/Hm_Terrain_Peking_513.png,547,547,80.000,12.000,20,0.250,0.100,200000,false,23,64,0.365,2.582,-38.378,17.023,43.487,125.406,200000,1001018,199998,16207,8213,16206,233711,200000,33422,5315,187623,0,84075,115925,41387,5316,0,0,0,8,259.626,114.847,107.980,3.518,3.042,23.964,0.000,0.000,7.321,30.841,0.000,0.000,0.000,0.000,0.000,30.841,0.172,1.099,0.484,0.017,4.447,17.730,0.000,12.719,26.576,6.452,0.000,0.058,19711272,0,51.991,27.005,12.719,0.000,20,0,0.000,Off,ModifiedOnly,0,0,0,0,0,0,false,0,0,0,902,0,0,0,0,0,0,0,0,0,0,0,0.000,0.000,0.000,0.000,0.000,0.000,0.000,0.000,0.000,0.000,0.000,0.000,0.000,0.000,0.000,0.000,0.000,0.000,0.000,0.000
Data-Oriented CPU ROAM,data_oriented_cpu_roam,Release,D3D12,NVIDIA GeForce RTX 5090 D,Direct3D 12 (feature level 12_0); requested Agility SDK 614; runtime 6.2.26100.8972 (C:\WINDOWS\SYSTEM32\D3D12Core.dll); driver 32.0.15.9186,false,1280,720,assets/heightmaps/Hm_Terrain_Peking_513.png,547,547,80.000,12.000,20,0.250,0.100,200000,false,24,64,0.381,2.698,-42.517,17.008,39.450,115.268,199999,1023700,199997,16737,8552,16738,233540,199999,33351,6071,189766,0,84180,115819,41790,6072,0,0,0,8,96.647,119.624,112.926,3.428,3.139,26.058,0.000,0.000,7.232,35.363,0.000,0.000,0.000,0.000,0.000,35.362,0.162,1.109,0.491,0.019,4.094,20.164,0.000,12.627,25.079,6.409,0.000,0.057,19607616,0,59.639,29.198,12.627,0.000,20,0,0.000,Off,ModifiedOnly,0,0,0,0,0,0,false,0,0,0,786,0,0,0,0,0,0,0,0,0,0,0,0.000,0.000,0.000,0.000,0.000,0.000,0.000,0.000,0.000,0.000,0.000,0.000,0.000,0.000,0.000,0.000,0.000,0.000,0.000,0.000
Data-Oriented CPU ROAM,data_oriented_cpu_roam,Release,D3D12,NVIDIA GeForce RTX 5090 D,Direct3D 12 (feature level 12_0); requested Agility SDK 614; runtime 6.2.26100.8972 (C:\WINDOWS\SYSTEM32\D3D12Core.dll); driver 32.0.15.9186,false,1280,720,assets/heightmaps/Hm_Terrain_Peking_513.png,547,547,80.000,12.000,20,0.250,0.100,200000,false,25,64,0.397,2.818,-46.234,17.112,35.021,120.035,200000,1047560,199998,18664,9442,18663,233609,200000,33413,6131,214997,0,88013,111987,42135,6132,0,0,0,8,380.702,123.033,114.631,3.581,2.886,25.752,0.000,0.000,7.111,34.794,0.000,0.000,0.000,0.000,0.000,34.794,0.200,1.083,0.659,0.027,4.964,18.800,0.000,12.505,28.002,8.039,0.000,0.058,19908000,0,56.281,28.638,12.505,0.000,20,0,0.000,Off,ModifiedOnly,0,0,0,0,0,0,false,0,0,0,1111,0,0,0,0,0,0,0,0,0,0,0,0.000,0.000,0.000,0.000,0.000,0.000,0.000,0.000,0.000,0.000,0.000,0.000,0.000,0.000,0.000,0.000,0.000,0.000,0.000,0.000
Data-Oriented CPU ROAM,data_oriented_cpu_roam,Release,D3D12,NVIDIA GeForce RTX 5090 D,Direct3D 12 (feature level 12_0); requested Agility SDK 614; runtime 6.2.26100.8972 (C:\WINDOWS\SYSTEM32\D3D12Core.dll); driver 32.0.15.9186,false,1280,720,assets/heightmaps/Hm_Terrain_Peking_513.png,547,547,80.000,12.000,20,0.250,0.100,200000,false,26,64,0.413,2.941,-49.491,17.330,30.243,123.459,200000,1071046,199998,17064,8616,17064,233732,200000,33495,5302,199638,0,88200,111800,42552,5303,0,0,0,8,113.987,117.742,109.370,3.504,2.767,23.701,0.000,0.000,6.487,33.786,0.000,0.000,0.000,0.000,0.000,33.786,0.195,1.105,0.525,0.019,5.339,16.502,0.000,12.939,26.186,8.009,0.000,0.057,19875576,0,53.400,26.467,12.939,0.000,20,0,0.000,Off,ModifiedOnly,0,0,0,0,0,0,false,0,0,0,1053,0,0,0,0,0,0,0,0,0,0,0,0.000,0.000,0.000,0.000,0.000,0.000,0.000,0.000,0.000,0.000,0.000,0.000,0.000,0.000,0.000,0.000,0.000,0.000,0.000,0.000
Data-Oriented CPU ROAM,data_oriented_cpu_roam,Release,D3D12,NVIDIA GeForce RTX 5090 D,Direct3D 12 (feature level 12_0); requested Agility SDK 614; runtime 6.2.26100.8972 (C:\WINDOWS\SYSTEM32\D3D12Core.dll); driver 32.0.15.9186,false,1280,720,assets/heightmaps/Hm_Terrain_Peking_513.png,547,547,80.000,12.000,20,0.250,0.100,200000,false,27,64,0.429,3.059,-52.256,17.655,25.165,118.169,199999,1092704,199997,15121,7684,15122,233813,199999,33476,4966,179266,0,85278,114721,42517,4967,0,0,0,8,87.440,115.046,106.965,3.404,2.893,22.795,0.000,0.000,7.534,34.170,0.000,0.000,0.000,0.000,0.000,34.170,0.170,1.071,0.454,0.014,4.002,17.070,0.000,10.425,25.744,7.760,0.000,0.057,19710768,0,56.226,25.688,10.425,0.000,20,0,0.000,Off,ModifiedOnly,0,0,0,0,0,0,false,0,0,0,890,0,0,0,0,0,0,0,0,0,0,0,0.000,0.000,0.000,0.000,0.000,0.000,0.000,0.000,0.000,0.000,0.000,0.000,0.000,0.000,0.000,0.000,0.000,0.000,0.000,0.000
Data-Oriented CPU ROAM,data_oriented_cpu_roam,Release,D3D12,NVIDIA GeForce RTX 5090 D,Direct3D 12 (feature level 12_0); requested Agility SDK 614; runtime 6.2.26100.8972 (C:\WINDOWS\SYSTEM32\D3D12Core.dll); driver 32.0.15.9186,false,1280,720,assets/heightmaps/Hm_Terrain_Peking_513.png,547,547,80.000,12.000,20,0.250,0.100,200000,false,28,64,0.444,3.175,-54.502,18.072,19.837,115.459,200000,1113206,199998,14336,7290,14335,233772,200000,33465,4834,169510,0,81031,118969,42657,4835,0,0,0,8,103.503,113.931,105.382,3.690,3.033,21.878,0.000,0.000,7.244,30.505,0.000,0.000,0.000,0.000,0.000,30.504,0.161,0.990,0.531,0.005,4.254,15.923,0.000,11.893,27.139,8.190,0.000,0.057,19044144,0,50.474,24.911,11.893,0.000,20,0,0.000,Off,ModifiedOnly,0,0,0,0,0,0,false,0,0,0,848,0,0,0,0,0,0,0,0,0,0,0,0.000,0.000,0.000,0.000,0.000,0.000,0.000,0.000,0.000,0.000,0.000,0.000,0.000,0.000,0.000,0.000,0.000,0.000,0.000,0.000
Data-Oriented CPU ROAM,data_oriented_cpu_roam,Release,D3D12,NVIDIA GeForce RTX 5090 D,Direct3D 12 (feature level 12_0); requested Agility SDK 614; runtime 6.2.26100.8972 (C:\WINDOWS\SYSTEM32\D3D12Core.dll); driver 32.0.15.9186,false,1280,720,assets/heightmaps/Hm_Terrain_Peking_513.png,547,547,80.000,12.000,20,0.250,0.100,200000,false,29,64,0.460,3.289,-56.206,18.565,14.312,114.360,200000,1134926,199998,15312,7824,15312,233718,200000,33572,5365,181397,0,82768,117232,43258,5366,0,0,0,8,200.540,116.762,108.763,3.729,3.014,23.323,0.000,0.000,6.754,31.078,0.000,0.000,0.000,0.000,0.000,31.078,0.147,0.929,0.411,0.015,3.825,17.985,0.000,11.936,28.928,7.628,0.000,0.057,19001136,0,53.034,26.337,11.936,0.000,20,0,0.000,Off,ModifiedOnly,0,0,0,0,0,0,false,0,0,0,789,0,0,0,0,0,0,0,0,0,0,0,0.000,0.000,0.000,0.000,0.000,0.000,0.000,0.000,0.000,0.000,0.000,0.000,0.000,0.000,0.000,0.000,0.000,0.000,0.000,0.000
Data-Oriented CPU ROAM,data_oriented_cpu_roam,Release,D3D12,NVIDIA GeForce RTX 5090 D,Direct3D 12 (feature level 12_0); requested Agility SDK 614; runtime 6.2.26100.8972 (C:\WINDOWS\SYSTEM32\D3D12Core.dll); driver 32.0.15.9186,false,1280,720,assets/heightmaps/Hm_Terrain_Peking_513.png,547,547,80.000,12.000,20,0.250,0.100,200000,false,30,64,0.476,3.406,-57.352,19.116,8.644,117.187,200000,1156264,199998,15483,7916,15483,233751,200000,33515,5638,181205,0,84963,115037,43790,5639,0,0,0,8,104.315,111.905,104.606,3.544,2.879,22.637,0.000,0.000,7.035,29.622,0.000,0.000,0.000,0.000,0.000,29.622,0.140,0.912,0.290,0.023,3.598,17.661,0.000,12.075,26.814,7.003,0.000,0.058,19337472,0,51.231,25.516,12.075,0.000,20,0,0.000,Off,ModifiedOnly,0,0,0,0,0,0,false,0,0,0,721,0,0,0,0,0,0,0,0,0,0,0,0.000,0.000,0.000,0.000,0.000,0.000,0.000,0.000,0.000,0.000,0.000,0.000,0.000,0.000,0.000,0.000,0.000,0.000,0.000,0.000
Data-Oriented CPU ROAM,data_oriented_cpu_roam,Release,D3D12,NVIDIA GeForce RTX 5090 D,Direct3D 12 (feature level 12_0); requested Agility SDK 614; runtime 6.2.26100.8972 (C:\WINDOWS\SYSTEM32\D3D12Core.dll); driver 32.0.15.9186,false,1280,720,assets/heightmaps/Hm_Terrain_Peking_513.png,547,547,80.000,12.000,20,0.250,0.100,200000,false,31,64,0.492,3.519,-57.928,19.701,2.891,112.322,199999,1177014,199997,15569,7932,15570,233689,199999,33631,6012,182599,0,85540,114459,43664,6013,0,0,0,8,99.187,118.522,109.987,3.509,2.952,23.638,0.000,0.000,7.304,33.422,0.000,0.000,0.000,0.000,0.000,33.422,0.119,0.745,0.438,0.011,2.991,19.319,0.000,12.033,27.129,8.180,0.000,0.058,19388208,0,57.645,26.590,12.033,0.000,20,0,0.000,Off,ModifiedOnly,0,0,0,0,0,0,false,0,0,0,631,0,0,0,0,0,0,0,0,0,0,0,0.000,0.000,0.000,0.000,0.000,0.000,0.000,0.000,0.000,0.000,0.000,0.000,0.000,0.000,0.000,0.000,0.000,0.000,0.000,0.000
Data-Oriented CPU ROAM,data_oriented_cpu_roam,Release,D3D12,NVIDIA GeForce RTX 5090 D,Direct3D 12 (feature level 12_0); requested Agility SDK 614; runtime 6.2.26100.8972 (C:\WINDOWS\SYSTEM32\D3D12Core.dll); driver 32.0.15.9186,false,1280,720,assets/heightmaps/Hm_Terrain_Peking_513.png,547,547,80.000,12.000,20,0.250,0.100,200000,false,32,64,0.508,3.637,-57.928,20.299,-2.891,118.943,199999,1196014,199997,14598,7361,14598,233842,199999,33534,5976,172573,0,81373,118626,43257,5977,0,0,0,8,198.010,110.882,102.300,3.486,2.945,19.674,0.000,0.000,6.491,28.306,0.000,0.000,0.000,0.000,0.000,28.305,0.106,0.625,0.364,0.003,2.520,16.046,0.000,11.934,29.464,8.229,0.000,0.058,18808272,0,49.145,22.619,11.934,0.000,20,0,0.000,Off,ModifiedOnly,0,0,0,0,0,0,false,0,0,0,541,0,0,0,0,0,0,0,0,0,0,0,0.000,0.000,0.000,0.000,0.000,0.000,0.000,0.000,0.000,0.000,0.000,0.000,0.000,0.000,0.000,0.000,0.000,0.000,0.000,0.000
Data-Oriented CPU ROAM,data_oriented_cpu_roam,Release,D3D12,NVIDIA GeForce RTX 5090 D,Direct3D 12 (feature level 12_0); requested Agility SDK 614; runtime 6.2.26100.8972 (C:\WINDOWS\SYSTEM32\D3D12Core.dll); driver 32.0.15.9186,false,1280,720,assets/heightmaps/Hm_Terrain_Peking_513.png,547,547,80.000,12.000,20,0.250,0.100,200000,false,33,64,0.524,3.749,-57.352,20.884,-8.644,111.303,199999,1214828,199997,13220,6709,13220,233707,199999,33635,5268,156377,0,76801,123198,42595,5269,0,0,0,8,173.501,116.282,107.783,3.767,2.753,19.910,0.000,0.000,6.882,29.891,0.000,0.000,0.000,0.000,0.000,29.891,0.095,0.559,0.293,0.004,2.193,16.754,0.000,11.808,32.772,8.144,0.000,0.059,18210528,0,52.106,22.662,11.808,0.000,20,0,0.000,Off,ModifiedOnly,0,0,0,0,0,0,false,0,0,0,475,0,0,0,0,0,0,0,0,0,0,0,0.000,0.000,0.000,0.000,0.000,0.000,0.000,0.000,0.000,0.000,0.000,0.000,0.000,0.000,0.000,0.000,0.000,0.000,0.000,0.000
Data-Oriented CPU ROAM,data_oriented_cpu_roam,Release,D3D12,NVIDIA GeForce RTX 5090 D,Direct3D 12 (feature level 12_0); requested Agility SDK 614; runtime 6.2.26100.8972 (C:\WINDOWS\SYSTEM32\D3D12Core.dll); driver 32.0.15.9186,false,1280,720,assets/heightmaps/Hm_Terrain_Peking_513.png,547,547,80.000,12.000,20,0.250,0.100,200000,false,34,64,0.540,3.865,-56.206,21.435,-14.312,116.701,200000,1233758,199998,15182,7732,15181,233802,200000,33571,3810,180851,0,78248,121752,42008,3811,0,0,0,8,301.210,122.283,113.834,3.271,3.070,24.889,0.000,0.000,7.423,34.425,0.000,0.000,0.000,0.000,0.000,34.424,0.203,1.332,0.531,0.012,6.997,15.799,0.000,11.568,29.188,8.095,0.000,0.059,17947440,0,52.850,27.959,11.568,0.000,20,0,0.000,Off,ModifiedOnly,0,0,0,0,0,0,false,0,0,0,1364,0,0,0,0,0,0,0,0,0,0,0,0.000,0.000,0.000,0.000,0.000,0.000,0.000,0.000,0.000,0.000,0.000,0.000,0.000,0.000,0.000,0.000,0.000,0.000,0.000,0.000
Data-Oriented CPU ROAM,data_oriented_cpu_roam,Release,D3D12,NVIDIA GeForce RTX 5090 D,Direct3D 12 (feature level 12_0); requested Agility SDK 614; runtime 6.2.26100.8972 (C:\WINDOWS\SYSTEM32\D3D12Core.dll); driver 32.0.15.9186,false,1280,720,assets/heightmaps/Hm_Terrain_Peking_513.png,547,547,80.000,12.000,20,0.250,0.100,200000,false,35,64,0.556,3.988,-54.502,21.928,-19.837,122.729,199999,1251984,199997,15131,7707,15132,233898,199999,33655,3965,181529,0,79302,120697,42081,3966,0,0,0,8,243.491,122.908,115.214,3.545,3.311,24.892,0.000,0.000,7.147,34.381,0.000,0.000,0.000,0.000,0.000,34.381,0.246,1.319,0.481,0.018,6.985,15.825,0.000,11.411,30.528,7.350,0.000,0.059,18055296,0,52.649,28.203,11.411,0.000,20,0,0.000,Off,ModifiedOnly,0,0,0,0,0,0,false,0,0,0,1305,0,0,0,0,0,0,0,0,0,0,0,0.000,0.000,0.000,0.000,0.000,0.000,0.000,0.000,0.000,0.000,0.000,0.000,0.000,0.000,0.000,0.000,0.000,0.000,0.000,0.000
Data-Oriented CPU ROAM,data_oriented_cpu_roam,Release,D3D12,NVIDIA GeForce RTX 5090 D,Direct3D 12 (feature level 12_0); requested Agility SDK 614; runtime 6.2.26100.8972 (C:\WINDOWS\SYSTEM32\D3D12Core.dll); driver 32.0.15.9186,false,1280,720,assets/heightmaps/Hm_Terrain_Peking_513.png,547,547,80.000,12.000,20,0.250,0.100,200000,false,36,64,0.571,4.112,-52.256,22.345,-25.165,123.336,200000,1273920,199998,15949,8142,15948,234002,200000,33754,3873,190838,0,78705,121295,41706,3874,0,0,0,8,191.915,121.911,113.705,3.435,3.451,26.666,0.000,0.000,7.191,33.870,0.000,0.000,0.000,0.000,0.000,33.869,0.222,1.590,0.674,0.014,7.023,17.127,0.000,11.782,27.311,7.865,0.000,0.060,18151224,0,52.530,30.116,11.782,0.000,20,0,0.000,Off,ModifiedOnly,0,0,0,0,0,0,false,0,0,0,1391,0,0,0,0,0,0,0,0,0,0,0,0.000,0.000,0.000,0.000,0.000,0.000,0.000,0.000,0.000,0.000,0.000,0.000,0.000,0.000,0.000,0.000,0.000,0.000,0.000,0.000
Data-Oriented CPU ROAM,data_oriented_cpu_roam,Release,D3D12,NVIDIA GeForce RTX 5090 D,Direct3D 12 (feature level 12_0); requested Agility SDK 614; runtime 6.2.26100.8972 (C:\WINDOWS\SYSTEM32\D3D12Core.dll); driver 32.0.15.9186,false,1280,720,assets/heightmaps/Hm_Terrain_Peking_513.png,547,547,80.000,12.000,20,0.250,0.100,200000,false,37,64,0.587,4.234,-49.491,22.670,-30.243,122.345,199999,1295558,199997,16397,8316,16398,234264,199999,33957,4263,197400,0,81033,118966,42444,4264,0,0,0,8,283.976,127.802,120.719,3.350,2.930,29.041,0.000,0.000,7.111,36.935,0.000,0.000,0.000,0.000,0.000,36.935,0.255,1.712,0.790,0.007,7.099,19.163,0.000,12.224,29.128,6.687,0.000,0.060,18115440,0,57.479,31.971,12.224,0.000,20,0,0.000,Off,ModifiedOnly,0,0,0,0,0,0,false,0,0,0,1397,0,0,0,0,0,0,0,0,0,0,0,0.000,0.000,0.000,0.000,0.000,0.000,0.000,0.000,0.000,0.000,0.000,0.000,0.000,0.000,0.000,0.000,0.000,0.000,0.000,0.000
Data-Oriented CPU ROAM,data_oriented_cpu_roam,Release,D3D12,NVIDIA GeForce RTX 5090 D,Direct3D 12 (feature level 12_0); requested Agility SDK 614; runtime 6.2.26100.8972 (C:\WINDOWS\SYSTEM32\D3D12Core.dll); driver 32.0.15.9186,false,1280,720,assets/heightmaps/Hm_Terrain_Peking_513.png,547,547,80.000,12.000,20,0.250,0.100,200000,false,38,64,0.603,4.362,-46.234,22.888,-35.021,128.219,199999,1312504,199997,15820,8019,15820,234255,199999,33911,4588,187606,0,79970,120029,42401,4589,0,0,0,8,291.610,125.711,117.602,3.278,3.102,25.893,0.000,0.000,7.175,35.948,0.000,0.000,0.000,0.000,0.000,35.948,0.170,1.197,0.556,0.015,5.891,18.050,0.000,12.611,29.595,7.768,0.000,0.060,17939376,0,56.747,28.995,12.611,0.000,20,0,0.000,Off,ModifiedOnly,0,0,0,0,0,0,false,0,0,0,1194,0,0,0,0,0,0,0,0,0,0,0,0.000,0.000,0.000,0.000,0.000,0.000,0.000,0.000,0.000,0.000,0.000,0.000,0.000,0.000,0.000,0.000,0.000,0.000,0.000,0.000
Data-Oriented CPU ROAM,data_oriented_cpu_roam,Release,D3D12,NVIDIA GeForce RTX 5090 D,Direct3D 12 (feature level 12_0); requested Agility SDK 614; runtime 6.2.26100.8972 (C:\WINDOWS\SYSTEM32\D3D12Core.dll); driver 32.0.15.9186,false,1280,720,assets/heightmaps/Hm_Terrain_Peking_513.png,547,547,80.000,12.000,20,0.250,0.100,200000,false,39,64,0.619,4.488,-42.517,22.992,-39.450,126.094,199999,1329026,199997,16753,8514,16753,234335,199999,34242,5773,203511,0,83991,116008,43538,5774,0,0,0,8,213.178,124.581,117.030,3.466,2.883,25.547,0.000,0.000,7.633,36.432,0.000,0.000,0.000,0.000,0.000,36.432,0.168,1.150,0.587,0.012,4.156,19.463,0.000,12.759,28.309,7.258,0.000,0.059,18850440,0,60.480,28.430,12.759,0.000,20,0,0.000,Off,ModifiedOnly,0,0,0,0,0,0,false,0,0,0,953,0,0,0,0,0,0,0,0,0,0,0,0.000,0.000,0.000,0.000,0.000,0.000,0.000,0.000,0.000,0.000,0.000,0.000,0.000,0.000,0.000,0.000,0.000,0.000,0.000,0.000
Data-Oriented CPU ROAM,data_oriented_cpu_roam,Release,D3D12,NVIDIA GeForce RTX 5090 D,Direct3D 12 (feature level 12_0); requested Agility SDK 614; runtime 6.2.26100.8972 (C:\WINDOWS\SYSTEM32\D3D12Core.dll); driver 32.0.15.9186,false,1280,720,assets/heightmaps/Hm_Terrain_Peking_513.png,547,547,80.000,12.000,20,0.250,0.100,200000,false,40,64,0.635,4.613,-38.378,22.977,-43.487,125.002,200000,1343092,199998,16592,8356,16591,234386,200000,34252,6463,194007,0,87278,112722,44292,6464,0,0,0,8,100.835,114.966,108.213,3.488,2.839,21.261,0.000,0.000,6.596,30.594,0.000,0.000,0.000,0.000,0.000,30.594,0.185,0.859,0.299,0.003,2.827,17.076,0.000,12.860,30.573,6.443,0.000,0.060,19245576,0,52.260,24.101,12.860,0.000,20,0,0.000,Off,ModifiedOnly,0,0,0,0,0,0,false,0,0,0,716,0,0,0,0,0,0,0,0,0,0,0,0.000,0.000,0.000,0.000,0.000,0.000,0.000,0.000,0.000,0.000,0.000,0.000,0.000,0.000,0.000,0.000,0.000,0.000,0.000,0.000
Data-Oriented CPU ROAM,data_oriented_cpu_roam,Release,D3D12,NVIDIA GeForce RTX 5090 D,Direct3D 12 (feature level 12_0); requested Agility SDK 614; runtime 6.2.26100.8972 (C:\WINDOWS\SYSTEM32\D3D12Core.dll); driver 32.0.15.9186,false,1280,720,assets/heightmaps/Hm_Terrain_Peking_513.png,547,547,80.000,12.000,20,0.250,0.100,200000,false,41,64,0.651,4.729,-33.857,22.844,-47.092,115.554,199999,1356924,199997,15777,8021,15778,234333,199999,34209,6690,188868,0,87421,112578,44533,6691,0,0,0,8,103.906,159.053,150.087,7.973,3.045,24.992,0.000,0.000,6.253,63.533,0.000,0.000,0.000,0.000,0.000,63.533,0.094,0.599,0.317,0.004,2.475,21.494,0.000,13.216,31.075,8.609,0.000,0.059,19735464,0,89.975,28.037,13.216,0.000,20,0,0.000,Off,ModifiedOnly,0,0,0,0,0,0,false,0,0,0,552,0,0,0,0,0,0,0,0,0,0,0,0.000,0.000,0.000,0.000,0.000,0.000,0.000,0.000,0.000,0.000,0.000,0.000,0.000,0.000,0.000,0.000,0.000,0.000,0.000,0.000
Data-Oriented CPU ROAM,data_oriented_cpu_roam,Release,D3D12,NVIDIA GeForce RTX 5090 D,Direct3D 12 (feature level 12_0); requested Agility SDK 614; runtime 6.2.26100.8972 (C:\WINDOWS\SYSTEM32\D3D12Core.dll); driver 32.0.15.9186,false,1280,720,assets/heightmaps/Hm_Terrain_Peking_513.png,547,547,80.000,12.000,20,0.250,0.100,200000,false,42,64,0.667,4.888,-29.000,22.598,-50.229,159.513,200000,1372424,199998,14678,7472,14677,234221,200000,34055,6046,174979,0,85035,114965,44696,6047,0,0,0,8,192.125,114.240,105.443,3.642,2.955,20.108,0.000,0.000,7.358,28.833,0.000,0.000,0.000,0.000,0.000,28.833,0.092,0.587,0.195,0.002,2.322,16.902,0.000,11.423,31.124,8.444,0.000,0.059,19525296,0,52.018,23.063,11.423,0.000,20,0,0.000,Off,ModifiedOnly,0,0,0,0,0,0,false,0,0,0,592,0,0,0,0,0,0,0,0,0,0,0,0.000,0.000,0.000,0.000,0.000,0.000,0.000,0.000,0.000,0.000,0.000,0.000,0.000,0.000,0.000,0.000,0.000,0.000,0.000,0.000
Data-Oriented CPU ROAM,data_oriented_cpu_roam,Release,D3D12,NVIDIA GeForce RTX 5090 D,Direct3D 12 (feature level 12_0); requested Agility SDK 614; runtime 6.2.26100.8972 (C:\WINDOWS\SYSTEM32\D3D12Core.dll); driver 32.0.15.9186,false,1280,720,assets/heightmaps/Hm_Terrain_Peking_513.png,547,547,80.000,12.000,20,0.250,0.100,200000,false,43,64,0.683,5.003,-23.855,22.249,-52.867,114.653,200000,1388566,199998,14286,7280,14286,234179,200000,34082,5145,172373,0,83461,116539,44188,5146,0,0,0,8,100.873,116.761,108.153,3.583,2.815,22.078,0.000,0.000,6.171,30.020,0.000,0.000,0.000,0.000,0.000,30.020,0.128,0.885,0.436,0.005,3.672,16.939,0.000,12.809,30.677,8.263,0.000,0.059,19384512,0,50.943,24.893,12.809,0.000,20,0,0.000,Off,ModifiedOnly,0,0,0,0,0,0,false,0,0,0,751,0,0,0,0,0,0,0,0,0,0,0,0.000,0.000,0.000,0.000,0.000,0.000,0.000,0.000,0.000,0.000,0.000,0.000,0.000,0.000,0.000,0.000,0.000,0.000,0.000,0.000
Data-Oriented CPU ROAM,data_oriented_cpu_roam,Release,D3D12,NVIDIA GeForce RTX 5090 D,Direct3D 12 (feature level 12_0); requested Agility SDK 614; runtime 6.2.26100.8972 (C:\WINDOWS\SYSTEM32\D3D12Core.dll); driver 32.0.15.9186,false,1280,720,assets/heightmaps/Hm_Terrain_Peking_513.png,547,547,80.000,12.000,20,0.250,0.100,200000,false,44,64,0.698,5.120,-18.472,21.811,-54.980,117.339,200000,1405426,199998,14584,7441,14584,234229,200000,33998,5280,174870,0,81456,118544,44145,5281,0,0,0,8,198.836,110.267,101.945,3.316,2.865,21.447,0.000,0.000,6.954,27.593,0.000,0.000,0.000,0.000,0.000,27.593,0.126,0.833,0.297,0.003,3.434,16.742,0.000,11.399,28.371,8.057,0.000,0.059,19047000,0,48.610,24.312,11.399,0.000,20,0,0.000,Off,ModifiedOnly,0,0,0,0,0,0,false,0,0,0,719,0,0,0,0,0,0,0,0,0,0,0,0.000,0.000,0.000,0.000,0.000,0.000,0.000,0.000,0.000,0.000,0.000,0.000,0.000,0.000,0.000,0.000,0.000,0.000,0.000,0.000
Data-Oriented CPU ROAM,data_oriented_cpu_roam,Release,D3D12,NVIDIA GeForce RTX 5090 D,Direct3D 12 (feature level 12_0); requested Agility SDK 614; runtime 6.2.26100.8972 (C:\WINDOWS\SYSTEM32\D3D12Core.dll); driver 32.0.15.9186,false,1280,720,assets/heightmaps/Hm_Terrain_Peking_513.png,547,547,80.000,12.000,20,0.250,0.100,200000,false,45,64,0.714,5.231,-12.906,21.302,-56.546,110.796,200000,1422096,199998,15499,7915,15499,234137,200000,33808,5625,183210,0,85022,114978,44878,5626,0,0,0,8,99.116,119.205,110.078,7.148,2.808,23.017,0.000,0.000,6.349,30.069,0.000,0.000,0.000,0.000,0.000,30.069,0.124,0.704,0.301,0.005,3.549,18.321,0.000,12.455,28.231,8.784,0.000,0.060,19009872,0,51.959,25.825,12.455,0.000,20,0,0.000,Off,ModifiedOnly,0,0,0,0,0,0,false,0,0,0,740,0,0,0,0,0,0,0,0,0,0,0,0.000,0.000,0.000,0.000,0.000,0.000,0.000,0.000,0.000,0.000,0.000,0.000,0.000,0.000,0.000,0.000,0.000,0.000,0.000,0.000
Data-Oriented CPU ROAM,data_oriented_cpu_roam,Release,D3D12,NVIDIA GeForce RTX 5090 D,Direct3D 12 (feature level 12_0); requested Agility SDK 614; runtime 6.2.26100.8972 (C:\WINDOWS\SYSTEM32\D3D12Core.dll); driver 32.0.15.9186,false,1280,720,assets/heightmaps/Hm_Terrain_Peking_513.png,547,547,80.000,12.000,20,0.250,0.100,200000,false,46,64,0.730,5.351,-7.212,20.740,-57.550,119.754,200000,1438694,199998,15927,8130,15927,233951,200000,33610,5578,186732,0,85200,114800,44659,5579,0,0,0,8,214.311,108.934,101.777,3.374,3.179,22.869,0.000,0.000,6.952,28.374,0.000,0.000,0.000,0.000,0.000,28.374,0.177,1.023,0.319,0.007,3.984,17.341,0.000,11.952,25.077,6.790,0.000,0.059,19286064,0,49.255,26.048,11.952,0.000,20,0,0.000,Off,ModifiedOnly,0,0,0,0,0,0,false,0,0,0,784,0,0,0,0,0,0,0,0,0,0,0,0.000,0.000,0.000,0.000,0.000,0.000,0.000,0.000,0.000,0.000,0.000,0.000,0.000,0.000,0.000,0.000,0.000,0.000,0.000,0.000
Data-Oriented CPU ROAM,data_oriented_cpu_roam,Release,D3D12,NVIDIA GeForce RTX 5090 D,Direct3D 12 (feature level 12_0); requested Agility SDK 614; runtime 6.2.26100.8972 (C:\WINDOWS\SYSTEM32\D3D12Core.dll); driver 32.0.15.9186,false,1280,720,assets/heightmaps/Hm_Terrain_Peking_513.png,547,547,80.000,12.000,20,0.250,0.100,200000,false,47,64,0.746,5.460,-1.446,20.150,-57.982,109.350,200000,1452536,199998,15176,7716,15176,233813,200000,33584,5407,177664,0,82015,117985,43809,5408,0,0,0,8,206.460,121.965,113.231,3.333,2.963,22.417,0.000,0.000,7.128,31.510,0.000,0.000,0.000,0.000,0.000,31.510,0.171,0.931,0.337,0.006,3.699,17.252,0.000,12.209,33.671,8.378,0.000,0.060,18748968,0,52.872,25.380,12.209,0.000,20,0,0.000,Off,ModifiedOnly,0,0,0,0,0,0,false,0,0,0,742,0,0,0,0,0,0,0,0,0,0,0,0.000,0.000,0.000,0.000,0.000,0.000,0.000,0.000,0.000,0.000,0.000,0.000,0.000,0.000,0.000,0.000,0.000,0.000,0.000,0.000
Data-Oriented CPU ROAM,data_oriented_cpu_roam,Release,D3D12,NVIDIA GeForce RTX 5090 D,Direct3D 12 (feature level 12_0); requested Agility SDK 614; runtime 6.2.26100.8972 (C:\WINDOWS\SYSTEM32\D3D12Core.dll); driver 32.0.15.9186,false,1280,720,assets/heightmaps/Hm_Terrain_Peking_513.png,547,547,80.000,12.000,20,0.250,0.100,200000,false,48,64,0.762,5.583,4.334,19.553,-57.838,122.382,199999,1465546,199997,14509,7293,14510,233790,199999,33663,5540,170278,0,78876,121123,43186,5541,0,0,0,8,149.257,113.069,104.418,3.628,3.078,20.970,0.000,0.000,6.494,28.521,0.000,0.000,0.000,0.000,0.000,28.521,0.127,0.636,0.287,0.003,2.789,17.108,0.000,12.321,29.405,8.331,0.000,0.059,18387936,0,49.993,24.048,12.321,0.000,20,0,0.000,Off,ModifiedOnly,0,0,0,0,0,0,false,0,0,0,650,0,0,0,0,0,0,0,0,0,0,0,0.000,0.000,0.000,0.000,0.000,0.000,0.000,0.000,0.000,0.000,0.000,0.000,0.000,0.000,0.000,0.000,0.000,0.000,0.000,0.000
Data-Oriented CPU ROAM,data_oriented_cpu_roam,Release,D3D12,NVIDIA GeForce RTX 5090 D,Direct3D 12 (feature level 12_0); requested Agility SDK 614; runtime 6.2.26100.8972 (C:\WINDOWS\SYSTEM32\D3D12Core.dll); driver 32.0.15.9186,false,1280,720,assets/heightmaps/Hm_Terrain_Peking_513.png,547,547,80.000,12.000,20,0.250,0.100,200000,false,49,64,0.778,5.696,10.072,18.974,-57.119,113.504,199999,1478606,199997,14092,7098,14092,233867,199999,33680,4909,165641,0,76800,123199,42820,4910,0,0,0,8,197.682,117.189,110.432,8.395,2.698,21.978,0.000,0.000,7.093,30.900,0.000,0.000,0.000,0.000,0.000,30.900,0.119,0.678,0.303,0.009,4.185,16.670,0.000,11.354,28.013,6.480,0.000,0.060,17885616,0,51.539,24.676,11.354,0.000,20,0,0.000,Off,ModifiedOnly,0,0,0,0,0,0,false,0,0,0,743,0,0,0,0,0,0,0,0,0,0,0,0.000,0.000,0.000,0.000,0.000,0.000,0.000,0.000,0.000,0.000,0.000,0.000,0.000,0.000,0.000,0.000,0.000,0.000,0.000,0.000
Data-Oriented CPU ROAM,data_oriented_cpu_roam,Release,D3D12,NVIDIA GeForce RTX 5090 D,Direct3D 12 (feature level 12_0); requested Agility SDK 614; runtime 6.2.26100.8972 (C:\WINDOWS\SYSTEM32\D3D12Core.dll); driver 32.0.15.9186,false,1280,720,assets/heightmaps/Hm_Terrain_Peking_513.png,547,547,80.000,12.000,20,0.250,0.100,200000,false,50,64,0.794,5.814,15.709,18.436,-55.832,117.711,200000,1494844,199998,16102,8263,16101,233804,200000,33363,4642,189702,0,82154,117846,43526,4643,0,0,0,8,99.024,116.974,110.147,2.818,2.884,23.912,0.000,0.000,6.823,32.758,0.000,0.000,0.000,0.000,0.000,32.757,0.262,1.531,0.385,0.010,5.000,16.708,0.000,11.383,29.570,6.451,0.000,0.060,18295032,0,52.695,26.796,11.383,0.000,20,0,0.000,Off,ModifiedOnly,0,0,0,0,0,0,false,0,0,0,1168,0,0,0,0,0,0,0,0,0,0,0,0.000,0.000,0.000,0.000,0.000,0.000,0.000,0.000,0.000,0.000,0.000,0.000,0.000,0.000,0.000,0.000,0.000,0.000,0.000,0.000
Data-Oriented CPU ROAM,data_oriented_cpu_roam,Release,D3D12,NVIDIA GeForce RTX 5090 D,Direct3D 12 (feature level 12_0); requested Agility SDK 614; runtime 6.2.26100.8972 (C:\WINDOWS\SYSTEM32\D3D12Core.dll); driver 32.0.15.9186,false,1280,720,assets/heightmaps/Hm_Terrain_Peking_513.png,547,547,80.000,12.000,20,0.250,0.100,200000,false,51,64,0.810,5.931,21.190,17.959,-53.991,117.392,199999,1514362,199997,17970,9136,17971,233638,199999,33276,4528,211986,0,84876,115123,43758,4529,0,0,0,8,102.276,130.871,121.938,3.562,2.726,30.991,0.000,0.000,6.693,36.594,0.000,0.000,0.000,0.000,0.000,36.593,0.245,1.947,0.810,0.030,8.462,19.480,0.000,13.452,27.920,8.581,0.000,0.059,19063632,0,56.486,33.717,13.452,0.000,20,0,0.000,Off,ModifiedOnly,0,0,0,0,0,0,false,0,0,0,1516,0,0,0,0,0,0,0,0,0,0,0,0.000,0.000,0.000,0.000,0.000,0.000,0.000,0.000,0.000,0.000,0.000,0.000,0.000,0.000,0.000,0.000,0.000,0.000,0.000,0.000
Data-Oriented CPU ROAM,data_oriented_cpu_roam,Release,D3D12,NVIDIA GeForce RTX 5090 D,Direct3D 12 (feature level 12_0); requested Agility SDK 614; runtime 6.2.26100.8972 (C:\WINDOWS\SYSTEM32\D3D12Core.dll); driver 32.0.15.9186,false,1280,720,assets/heightmaps/Hm_Terrain_Peking_513.png,547,547,80.000,12.000,20,0.250,0.100,200000,false,52,64,0.825,6.062,26.460,17.564,-51.613,131.301,200000,1534172,199998,17602,8847,17601,233584,200000,33237,4434,204630,0,83597,116403,43382,4435,0,0,0,8,183.515,126.058,118.966,3.197,2.927,26.123,0.000,0.000,7.439,35.219,0.000,0.000,0.000,0.000,0.000,35.219,0.210,1.771,0.670,0.014,5.952,17.493,0.000,12.539,31.523,6.808,0.000,0.059,18901680,0,53.966,29.050,12.539,0.000,20,0,0.000,Off,ModifiedOnly,0,0,0,0,0,0,false,0,0,0,1443,0,0,0,0,0,0,0,0,0,0,0,0.000,0.000,0.000,0.000,0.000,0.000,0.000,0.000,0.000,0.000,0.000,0.000,0.000,0.000,0.000,0.000,0.000,0.000,0.000,0.000
Data-Oriented CPU ROAM,data_oriented_cpu_roam,Release,D3D12,NVIDIA GeForce RTX 5090 D,Direct3D 12 (feature level 12_0); requested Agility SDK 614; runtime 6.2.26100.8972 (C:\WINDOWS\SYSTEM32\D3D12Core.dll); driver 32.0.15.9186,false,1280,720,assets/heightmaps/Hm_Terrain_Peking_513.png,547,547,80.000,12.000,20,0.250,0.100,200000,false,53,64,0.841,6.189,31.468,17.265,-48.722,126.679,199999,1551688,199997,16801,8469,16802,233656,199999,33380,4470,197952,0,86312,113687,44366,4471,0,0,0,8,101.850,129.922,122.489,8.266,3.012,25.768,0.000,0.000,6.582,37.494,0.000,0.000,0.000,0.000,0.000,37.494,0.245,1.529,0.533,0.010,5.726,17.709,0.000,12.583,28.784,7.134,0.000,0.059,18799536,0,57.065,28.780,12.583,0.000,20,0,0.000,Off,ModifiedOnly,0,0,0,0,0,0,false,0,0,0,1277,0,0,0,0,0,0,0,0,0,0,0,0.000,0.000,0.000,0.000,0.000,0.000,0.000,0.000,0.000,0.000,0.000,0.000,0.000,0.000,0.000,0.000,0.000,0.000,0.000,0.000
Data-Oriented CPU ROAM,data_oriented_cpu_roam,Release,D3D12,NVIDIA GeForce RTX 5090 D,Direct3D 12 (feature level 12_0); requested Agility SDK 614; runtime 6.2.26100.8972 (C:\WINDOWS\SYSTEM32\D3D12Core.dll); driver 32.0.15.9186,false,1280,720,assets/heightmaps/Hm_Terrain_Peking_513.png,547,547,80.000,12.000,20,0.250,0.100,200000,false,54,64,0.857,6.320,36.162,17.075,-45.346,130.406,199999,1565166,199997,16670,8438,16670,233849,199999,33497,4914,197023,0,86257,113742,44434,4915,0,0,0,8,109.016,122.996,114.384,3.274,2.849,27.221,0.000,0.000,7.142,36.183,0.000,0.000,0.000,0.000,0.000,36.182,0.192,1.358,0.766,0.014,5.622,19.254,0.000,11.753,25.962,8.270,0.000,0.059,19221720,0,57.953,30.069,11.753,0.000,20,0,0.000,Off,ModifiedOnly,0,0,0,0,0,0,false,0,0,0,1124,0,0,0,0,0,0,0,0,0,0,0,0.000,0.000,0.000,0.000,0.000,0.000,0.000,0.000,0.000,0.000,0.000,0.000,0.000,0.000,0.000,0.000,0.000,0.000,0.000,0.000
Data-Oriented CPU ROAM,data_oriented_cpu_roam,Release,D3D12,NVIDIA GeForce RTX 5090 D,Direct3D 12 (feature level 12_0); requested Agility SDK 614; runtime 6.2.26100.8972 (C:\WINDOWS\SYSTEM32\D3D12Core.dll); driver 32.0.15.9186,false,1280,720,assets/heightmaps/Hm_Terrain_Peking_513.png,547,547,80.000,12.000,20,0.250,0.100,200000,false,55,64,0.873,6.443,40.498,17.001,-41.520,123.564,199999,1576158,199997,16899,8576,16899,233815,199999,33558,5850,196599,0,86217,113782,44508,5851,0,0,0,8,371.240,121.338,113.406,3.416,2.993,25.701,0.000,0.000,6.203,33.607,0.000,0.000,0.000,0.000,0.000,33.607,0.165,1.077,0.608,0.013,4.309,19.513,0.000,12.550,28.936,7.646,0.000,0.059,19579896,0,55.690,28.694,12.550,0.000,20,0,0.000,Off,ModifiedOnly,0,0,0,0,0,0,false,0,0,0,884,0,0,0,0,0,0,0,0,0,0,0,0.000,0.000,0.000,0.000,0.000,0.000,0.000,0.000,0.000,0.000,0.000,0.000,0.000,0.000,0.000,0.000,0.000,0.000,0.000,0.000
Data-Oriented CPU ROAM,data_oriented_cpu_roam,Release,D3D12,NVIDIA GeForce RTX 5090 D,Direct3D 12 (feature level 12_0); requested Agility SDK 614; runtime 6.2.26100.8972 (C:\WINDOWS\SYSTEM32\D3D12Core.dll); driver 32.0.15.9186,false,1280,720,assets/heightmaps/Hm_Terrain_Peking_513.png,547,547,80.000,12.000,20,0.250,0.100,200000,false,56,64,0.889,6.565,44.431,17.046,-37.282,121.786,199999,1586094,199997,18109,9206,18109,233670,199999,33444,6413,206930,0,86320,113679,44642,6414,0,0,0,8,175.589,124.569,115.398,3.461,3.092,27.379,0.000,0.000,7.052,34.024,0.000,0.000,0.000,0.000,0.000,34.023,0.183,1.145,0.395,0.005,4.512,21.127,0.000,12.429,27.962,8.817,0.000,0.059,19688256,0,58.701,30.471,12.429,0.000,20,0,0.000,Off,ModifiedOnly,0,0,0,0,0,0,false,0,0,0,915,0,0,0,0,0,0,0,0,0,0,0,0.000,0.000,0.000,0.000,0.000,0.000,0.000,0.000,0.000,0.000,0.000,0.000,0.000,0.000,0.000,0.000,0.000,0.000,0.000,0.000
Data-Oriented CPU ROAM,data_oriented_cpu_roam,Release,D3D12,NVIDIA GeForce RTX 5090 D,Direct3D 12 (feature level 12_0); requested Agility SDK 614; runtime 6.2.26100.8972 (C:\WINDOWS\SYSTEM32\D3D12Core.dll); driver 32.0.15.9186,false,1280,720,assets/heightmaps/Hm_Terrain_Peking_513.png,547,547,80.000,12.000,20,0.250,0.100,200000,false,57,64,0.905,6.690,47.922,17.207,-32.673,125.095,200000,1595942,199998,17927,9041,17926,233810,200000,33598,5648,208671,0,89469,110531,44903,5649,0,0,0,8,101.316,131.115,123.142,9.526,2.777,26.644,0.000,0.000,6.802,39.743,0.000,0.000,0.000,0.000,0.000,39.743,0.201,1.221,0.444,0.010,5.232,19.521,0.000,13.817,23.833,7.688,0.000,0.059,20161344,0,62.413,29.421,13.817,0.000,20,0,0.000,Off,ModifiedOnly,0,0,0,0,0,0,false,0,0,0,1124,0,0,0,0,0,0,0,0,0,0,0,0.000,0.000,0.000,0.000,0.000,0.000,0.000,0.000,0.000,0.000,0.000,0.000,0.000,0.000,0.000,0.000,0.000,0.000,0.000,0.000
Data-Oriented CPU ROAM,data_oriented_cpu_roam,Release,D3D12,NVIDIA GeForce RTX 5090 D,Direct3D 12 (feature level 12_0); requested Agility SDK 614; runtime 6.2.26100.8972 (C:\WINDOWS\SYSTEM32\D3D12Core.dll); driver 32.0.15.9186,false,1280,720,assets/heightmaps/Hm_Terrain_Peking_513.png,547,547,80.000,12.000,20,0.250,0.100,200000,false,58,64,0.921,6.822,50.937,17.480,-27.739,131.819,199999,1604484,199997,15971,8097,15972,233983,199999,33776,5160,191329,0,88123,111876,44976,5161,0,0,0,8,297.600,118.801,109.961,3.399,2.779,22.317,0.000,0.000,6.664,33.815,0.000,0.000,0.000,0.000,0.000,33.815,0.184,1.156,0.520,0.005,4.049,16.393,0.000,12.959,28.028,8.478,0.000,0.058,20249208,0,54.093,25.096,12.959,0.000,20,0,0.000,Off,ModifiedOnly,0,0,0,0,0,0,false,0,0,0,975,0,0,0,0,0,0,0,0,0,0,0,0.000,0.000,0.000,0.000,0.000,0.000,0.000,0.000,0.000,0.000,0.000,0.000,0.000,0.000,0.000,0.000,0.000,0.000,0.000,0.000
Data-Oriented CPU ROAM,data_oriented_cpu_roam,Release,D3D12,NVIDIA GeForce RTX 5090 D,Direct3D 12 (feature level 12_0); requested Agility SDK 614; runtime 6.2.26100.8972 (C:\WINDOWS\SYSTEM32\D3D12Core.dll); driver 32.0.15.9186,false,1280,720,assets/heightmaps/Hm_Terrain_Peking_513.png,547,547,80.000,12.000,20,0.250,0.100,200000,false,59,64,0.937,6.941,53.446,17.852,-22.529,119.219,199999,1610386,199997,14004,7137,14004,233963,199999,33634,4676,165578,0,82823,117176,44439,4677,0,0,0,8,205.656,107.297,98.470,3.579,2.777,20.288,0.000,0.000,6.500,27.914,0.000,0.000,0.000,0.000,0.000,27.914,0.161,1.040,0.510,0.005,4.277,14.283,0.000,11.189,26.224,8.459,0.000,0.057,19327560,0,45.629,23.065,11.189,0.000,20,0,0.000,Off,ModifiedOnly,0,0,0,0,0,0,false,0,0,0,865,0,0,0,0,0,0,0,0,0,0,0,0.000,0.000,0.000,0.000,0.000,0.000,0.000,0.000,0.000,0.000,0.000,0.000,0.000,0.000,0.000,0.000,0.000,0.000,0.000,0.000
Data-Oriented CPU ROAM,data_oriented_cpu_roam,Release,D3D12,NVIDIA GeForce RTX 5090 D,Direct3D 12 (feature level 12_0); requested Agility SDK 614; runtime 6.2.26100.8972 (C:\WINDOWS\SYSTEM32\D3D12Core.dll); driver 32.0.15.9186,false,1280,720,assets/heightmaps/Hm_Terrain_Peking_513.png,547,547,80.000,12.000,20,0.250,0.100,200000,false,60,64,0.952,7.049,55.423,18.310,-17.096,107.729,200000,1613714,199998,15077,7673,15076,233913,200000,33628,5205,178779,0,82769,117231,44649,5206,0,0,0,8,204.985,107.210,98.769,3.224,2.843,20.545,0.000,0.000,6.949,29.698,0.000,0.000,0.000,0.000,0.000,29.697,0.154,0.884,0.366,0.006,3.851,15.270,0.000,12.423,23.088,8.052,0.000,0.058,19066656,0,48.933,23.388,12.423,0.000,20,0,0.000,Off,ModifiedOnly,0,0,0,0,0,0,false,0,0,0,850,0,0,0,0,0,0,0,0,0,0,0,0.000,0.000,0.000,0.000,0.000,0.000,0.000,0.000,0.000,0.000,0.000,0.000,0.000,0.000,0.000,0.000,0.000,0.000,0.000,0.000
Data-Oriented CPU ROAM,data_oriented_cpu_roam,Release,D3D12,NVIDIA GeForce RTX 5090 D,Direct3D 12 (feature level 12_0); requested Agility SDK 614; runtime 6.2.26100.8972 (C:\WINDOWS\SYSTEM32\D3D12Core.dll); driver 32.0.15.9186,false,1280,720,assets/heightmaps/Hm_Terrain_Peking_513.png,547,547,80.000,12.000,20,0.250,0.100,200000,false,61,64,0.968,7.156,56.850,18.835,-11.492,107.646,200000,1616254,199998,15566,7957,15566,233818,200000,33577,5724,182543,0,85887,114113,44850,5725,0,0,0,8,92.697,109.651,100.850,3.311,2.416,21.061,0.000,0.000,6.444,33.021,0.000,0.000,0.000,0.000,0.000,33.020,0.114,0.666,0.194,0.003,2.636,17.440,0.000,12.685,21.914,8.449,0.000,0.058,19441968,0,54.950,23.477,12.685,0.000,20,0,0.000,Off,ModifiedOnly,0,0,0,0,0,0,false,0,0,0,685,0,0,0,0,0,0,0,0,0,0,0,0.000,0.000,0.000,0.000,0.000,0.000,0.000,0.000,0.000,0.000,0.000,0.000,0.000,0.000,0.000,0.000,0.000,0.000,0.000,0.000
Data-Oriented CPU ROAM,data_oriented_cpu_roam,Release,D3D12,NVIDIA GeForce RTX 5090 D,Direct3D 12 (feature level 12_0); requested Agility SDK 614; runtime 6.2.26100.8972 (C:\WINDOWS\SYSTEM32\D3D12Core.dll); driver 32.0.15.9186,false,1280,720,assets/heightmaps/Hm_Terrain_Peking_513.png,547,547,80.000,12.000,20,0.250,0.100,200000,false,62,64,0.984,7.266,57.712,19.406,-5.775,110.085,199999,1618198,199997,15774,8075,15775,233768,199999,33552,6164,184632,0,87604,112395,45194,6165,0,0,0,8,204.505,113.799,106.640,3.588,2.943,19.766,0.000,0.000,7.165,29.727,0.000,0.000,0.000,0.000,0.000,29.727,0.113,0.680,0.191,0.004,2.244,16.524,0.000,12.530,30.921,6.782,0.000,0.058,19825680,0,51.327,22.709,12.530,0.000,20,0,0.000,Off,ModifiedOnly,0,0,0,0,0,0,false,0,0,0,591,0,0,0,0,0,0,0,0,0,0,0,0.000,0.000,0.000,0.000,0.000,0.000,0.000,0.000,0.000,0.000,0.000,0.000,0.000,0.000,0.000,0.000,0.000,0.000,0.000,0.000
Data-Oriented CPU ROAM,data_oriented_cpu_roam,Release,D3D12,NVIDIA GeForce RTX 5090 D,Direct3D 12 (feature level 12_0); requested Agility SDK 614; runtime 6.2.26100.8972 (C:\WINDOWS\SYSTEM32\D3D12Core.dll); driver 32.0.15.9186,false,1280,720,assets/heightmaps/Hm_Terrain_Peking_513.png,547,547,80.000,12.000,20,0.250,0.100,200000,false,63,64,1.000,7.381,58.000,20.000,0.000,114.250,199999,1618198,199997,14236,7228,14236,233858,199999,33558,5846,169606,0,83024,116975,44534,5847,0,0,0,8,155.022,107.834,100.564,8.508,2.632,19.844,0.000,0.000,6.475,28.090,0.000,0.000,0.000,0.000,0.000,28.090,0.068,0.489,0.230,0.004,1.996,17.046,0.000,12.787,22.227,6.990,0.000,0.058,19090008,0,50.521,22.476,12.787,0.000,20,0,0.000,Off,ModifiedOnly,0,0,0,0,0,0,false,0,0,0,465,0,0,0,0,0,0,0,0,0,0,0,0.000,0.000,0.000,0.000,0.000,0.000,0.000,0.000,0.000,0.000,0.000,0.000,0.000,0.000,0.000,0.000,0.000,0.000,0.000,0.000
CBT 2024,cbt_2024_official_baseline_v1,Release,D3D12,NVIDIA GeForce RTX 5090 D,Direct3D 12 (feature level 12_0); requested Agility SDK 614; runtime 6.2.26100.8972 (C:\WINDOWS\SYSTEM32\D3D12Core.dll); driver 32.0.15.9186,false,1280,720,assets/heightmaps/Hm_Terrain_Peking_513.png,547,547,80.000,12.000,20,0.250,0.100,200000,false,0,64,0.000,0.000,58.000,20.000,0.000,0.996,198496,198496,0,0,0,0,1337,0,0,0,0,0,0,0,0,0,0,0,0,0,0.000,0.154,0.148,0.000,0.000,0.000,0.000,0.000,0.000,0.000,0.000,0.000,0.000,0.000,0.000,0.000,0.000,0.000,0.000,0.000,0.000,0.000,0.000,0.000,0.000,0.000,0.000,0.129,0,428,0.017,0.009,0.002,0.001,20,1048576,2.050,Off,ModifiedOnly,1,25,23,23,23,2,false,198490,850086,0,1337,0,0,0,0,0,0,0,0,0,0,0,0.114,0.000,0.000,0.005,0.009,0.003,0.002,0.008,0.001,0.003,0.005,0.002,0.003,0.002,0.002,0.001,0.012,0.002,0.001,0.053
CBT 2024,cbt_2024_official_baseline_v1,Release,D3D12,NVIDIA GeForce RTX 5090 D,Direct3D 12 (feature level 12_0); requested Agility SDK 614; runtime 6.2.26100.8972 (C:\WINDOWS\SYSTEM32\D3D12Core.dll); driver 32.0.15.9186,false,1280,720,assets/heightmaps/Hm_Terrain_Peking_513.png,547,547,80.000,12.000,20,0.250,0.100,200000,false,1,64,0.016,0.001,57.712,20.594,5.775,0.830,198496,198496,0,0,0,0,1337,0,0,0,0,0,0,0,0,0,0,0,0,0,0.000,0.065,0.060,0.000,0.000,0.000,0.000,0.000,0.000,0.000,0.000,0.000,0.000,0.000,0.000,0.000,0.000,0.000,0.000,0.000,0.000,0.000,0.000,0.000,0.000,0.000,0.000,0.130,0,428,0.016,0.009,0.002,0.001,20,1048576,2.050,Off,ModifiedOnly,1,26,24,24,24,2,false,198490,850086,0,1337,0,0,0,0,0,0,0,0,0,0,0,0.114,0.000,0.000,0.004,0.010,0.003,0.002,0.007,0.001,0.003,0.004,0.002,0.003,0.002,0.002,0.001,0.012,0.002,0.001,0.054
CBT 2024,cbt_2024_official_baseline_v1,Release,D3D12,NVIDIA GeForce RTX 5090 D,Direct3D 12 (feature level 12_0); requested Agility SDK 614; runtime 6.2.26100.8972 (C:\WINDOWS\SYSTEM32\D3D12Core.dll); driver 32.0.15.9186,false,1280,720,assets/heightmaps/Hm_Terrain_Peking_513.png,547,547,80.000,12.000,20,0.250,0.100,200000,false,2,64,0.032,0.001,56.850,21.165,11.492,0.311,198496,198496,0,0,0,0,1337,0,0,0,0,0,0,0,0,0,0,0,0,0,0.000,0.054,0.050,0.000,0.000,0.000,0.000,0.000,0.000,0.000,0.000,0.000,0.000,0.000,0.000,0.000,0.000,0.000,0.000,0.000,0.000,0.000,0.000,0.000,0.000,0.000,0.000,0.128,0,428,0.016,0.009,0.002,0.002,20,1048576,2.050,Off,ModifiedOnly,1,27,25,25,25,2,false,198490,850086,0,1337,0,0,0,0,0,0,0,0,0,0,0,0.113,0.000,0.000,0.005,0.009,0.003,0.001,0.007,0.001,0.003,0.004,0.002,0.003,0.002,0.002,0.001,0.012,0.002,0.002,0.054
CBT 2024,cbt_2024_official_baseline_v1,Release,D3D12,NVIDIA GeForce RTX 5090 D,Direct3D 12 (feature level 12_0); requested Agility SDK 614; runtime 6.2.26100.8972 (C:\WINDOWS\SYSTEM32\D3D12Core.dll); driver 32.0.15.9186,false,1280,720,assets/heightmaps/Hm_Terrain_Peking_513.png,547,547,80.000,12.000,20,0.250,0.100,200000,false,3,64,0.048,0.001,55.423,21.690,17.096,0.230,200977,200977,5698,5698,507,1744,9662,0,0,0,0,0,0,0,0,0,0,0,0,0,0.000,0.055,0.050,0.000,0.000,0.000,0.000,0.000,0.000,0.000,0.000,0.000,0.000,0.000,0.000,0.000,0.000,0.000,0.000,0.000,0.000,0.000,0.000,0.000,0.000,0.000,0.041,0.180,0,428,0.051,0.015,0.015,0.001,20,1048576,2.050,Off,ModifiedOnly,1,28,26,26,26,2,false,200971,847605,5191,4471,5969,5560,1744,3488,3469,0,1744,5473,87,92,46,0.167,0.000,0.000,0.002,0.011,0.013,0.017,0.009,0.008,0.005,0.004,0.006,0.005,0.002,0.002,0.001,0.012,0.015,0.001,0.053
CBT 2024,cbt_2024_official_baseline_v1,Release,D3D12,NVIDIA GeForce RTX 5090 D,Direct3D 12 (feature level 12_0); requested Agility SDK 614; runtime 6.2.26100.8972 (C:\WINDOWS\SYSTEM32\D3D12Core.dll); driver 32.0.15.9186,false,1280,720,assets/heightmaps/Hm_Terrain_Peking_513.png,547,547,80.000,12.000,20,0.250,0.100,200000,false,4,64,0.063,0.002,53.446,22.148,22.529,0.291,203338,203338,5818,5818,528,1852,9954,0,0,0,0,0,0,0,0,0,0,0,0,0,0.000,0.053,0.049,0.000,0.000,0.000,0.000,0.000,0.000,0.000,0.000,0.000,0.000,0.000,0.000,0.000,0.000,0.000,0.000,0.000,0.000,0.000,0.000,0.000,0.000,0.000,0.179,0.183,0,428,0.051,0.016,0.015,0.001,20,1048576,2.050,Off,ModifiedOnly,1,29,27,27,27,2,false,203332,845244,5290,4664,6058,5695,1852,3697,3653,7,1845,5589,106,112,11,0.168,0.000,0.000,0.003,0.012,0.012,0.018,0.009,0.007,0.005,0.005,0.006,0.005,0.002,0.002,0.001,0.013,0.015,0.001,0.053
CBT 2024,cbt_2024_official_baseline_v1,Release,D3D12,NVIDIA GeForce RTX 5090 D,Direct3D 12 (feature level 12_0); requested Agility SDK 614; runtime 6.2.26100.8972 (C:\WINDOWS\SYSTEM32\D3D12Core.dll); driver 32.0.15.9186,false,1280,720,assets/heightmaps/Hm_Terrain_Peking_513.png,547,547,80.000,12.000,20,0.250,0.100,200000,false,5,64,0.079,0.002,50.937,22.520,27.739,0.425,204612,204612,5580,5580,603,2318,10590,0,0,0,0,0,0,0,0,0,0,0,0,0,0.000,0.061,0.056,0.000,0.000,0.000,0.000,0.000,0.000,0.000,0.000,0.000,0.000,0.000,0.000,0.000,0.000,0.000,0.000,0.000,0.000,0.000,0.000,0.000,0.000,0.000,0.174,0.184,0,428,0.051,0.016,0.016,0.001,20,1048576,2.050,Off,ModifiedOnly,1,30,28,28,28,2,false,204606,843970,4977,5613,5867,5436,2318,4593,4590,43,2275,5337,99,100,44,0.169,0.000,0.000,0.003,0.012,0.013,0.015,0.009,0.008,0.005,0.004,0.006,0.005,0.002,0.002,0.001,0.013,0.016,0.001,0.053
CBT 2024,cbt_2024_official_baseline_v1,Release,D3D12,NVIDIA GeForce RTX 5090 D,Direct3D 12 (feature level 12_0); requested Agility SDK 614; runtime 6.2.26100.8972 (C:\WINDOWS\SYSTEM32\D3D12Core.dll); driver 32.0.15.9186,false,1280,720,assets/heightmaps/Hm_Terrain_Peking_513.png,547,547,80.000,12.000,20,0.250,0.100,200000,false,6,64,0.095,0.003,47.922,22.793,32.673,0.452,205753,205753,5765,5765,651,2456,11188,0,0,0,0,0,0,0,0,0,0,0,0,0,0.000,0.069,0.064,0.000,0.000,0.000,0.000,0.000,0.000,0.000,0.000,0.000,0.000,0.000,0.000,0.000,0.000,0.000,0.000,0.000,0.000,0.000,0.000,0.000,0.000,0.000,0.146,0.184,0,428,0.050,0.015,0.019,0.001,20,1048576,2.050,Off,ModifiedOnly,1,31,29,29,29,2,false,205747,842829,5114,6074,6038,5628,2456,4897,4876,15,2441,5517,111,112,25,0.169,0.000,0.000,0.003,0.011,0.013,0.015,0.009,0.008,0.005,0.004,0.006,0.005,0.002,0.002,0.001,0.013,0.018,0.001,0.052
CBT 2024,cbt_2024_official_baseline_v1,Release,D3D12,NVIDIA GeForce RTX 5090 D,Direct3D 12 (feature level 12_0); requested Agility SDK 614; runtime 6.2.26100.8972 (C:\WINDOWS\SYSTEM32\D3D12Core.dll); driver 32.0.15.9186,false,1280,720,assets/heightmaps/Hm_Terrain_Peking_513.png,547,547,80.000,12.000,20,0.250,0.100,200000,false,7,64,0.111,0.003,44.431,22.954,37.282,0.461,205313,205313,6531,6531,628,3662,14673,0,0,0,0,0,0,0,0,0,0,0,0,0,0.000,0.058,0.054,0.000,0.000,0.000,0.000,0.000,0.000,0.000,0.000,0.000,0.000,0.000,0.000,0.000,0.000,0.000,0.000,0.000,0.000,0.000,0.000,0.000,0.000,0.000,0.114,0.190,0,428,0.053,0.016,0.020,0.001,20,1048576,2.050,Off,ModifiedOnly,1,32,30,30,30,2,false,205307,843269,5903,8770,6841,6376,3662,7281,7275,43,3619,6252,124,124,31,0.175,0.000,0.000,0.003,0.012,0.014,0.017,0.009,0.008,0.005,0.004,0.006,0.005,0.002,0.002,0.001,0.013,0.019,0.001,0.051
CBT 2024,cbt_2024_official_baseline_v1,Release,D3D12,NVIDIA GeForce RTX 5090 D,Direct3D 12 (feature level 12_0); requested Agility SDK 614; runtime 6.2.26100.8972 (C:\WINDOWS\SYSTEM32\D3D12Core.dll); driver 32.0.15.9186,false,1280,720,assets/heightmaps/Hm_Terrain_Peking_513.png,547,547,80.000,12.000,20,0.250,0.100,200000,false,8,64,0.127,0.003,40.498,22.999,41.520,0.427,203836,203836,5698,5698,617,3750,13994,0,0,0,0,0,0,0,0,0,0,0,0,0,0.000,0.074,0.070,0.000,0.000,0.000,0.000,0.000,0.000,0.000,0.000,0.000,0.000,0.000,0.000,0.000,0.000,0.000,0.000,0.000,0.000,0.000,0.000,0.000,0.000,0.000,0.113,0.184,0,428,0.051,0.016,0.018,0.001,20,1048576,2.050,Off,ModifiedOnly,1,33,31,31,31,2,false,203830,844746,5081,8913,6016,5537,3750,7493,7480,7,3743,5398,139,143,18,0.170,0.000,0.000,0.003,0.012,0.012,0.016,0.009,0.008,0.005,0.004,0.006,0.005,0.002,0.002,0.001,0.013,0.018,0.001,0.051
CBT 2024,cbt_2024_official_baseline_v1,Release,D3D12,NVIDIA GeForce RTX 5090 D,Direct3D 12 (feature level 12_0); requested Agility SDK 614; runtime 6.2.26100.8972 (C:\WINDOWS\SYSTEM32\D3D12Core.dll); driver 32.0.15.9186,false,1280,720,assets/heightmaps/Hm_Terrain_Peking_513.png,547,547,80.000,12.000,20,0.250,0.100,200000,false,9,64,0.143,0.004,36.162,22.925,45.346,0.463,205218,205218,6802,6802,728,2891,13010,0,0,0,0,0,0,0,0,0,0,0,0,0,0.000,0.069,0.064,0.000,0.000,0.000,0.000,0.000,0.000,0.000,0.000,0.000,0.000,0.000,0.000,0.000,0.000,0.000,0.000,0.000,0.000,0.000,0.000,0.000,0.000,0.000,0.076,0.185,0,428,0.051,0.016,0.019,0.001,20,1048576,2.050,Off,ModifiedOnly,1,34,32,32,32,2,false,205212,843364,6074,6936,7151,6626,2891,5769,5757,13,2878,6469,157,160,16,0.170,0.000,0.000,0.003,0.012,0.012,0.016,0.009,0.008,0.005,0.004,0.006,0.005,0.002,0.002,0.001,0.014,0.018,0.001,0.050
CBT 2024,cbt_2024_official_baseline_v1,Release,D3D12,NVIDIA GeForce RTX 5090 D,Direct3D 12 (feature level 12_0); requested Agility SDK 614; runtime 6.2.26100.8972 (C:\WINDOWS\SYSTEM32\D3D12Core.dll); driver 32.0.15.9186,false,1280,720,assets/heightmaps/Hm_Terrain_Peking_513.png,547,547,80.000,12.000,20,0.250,0.100,200000,false,10,64,0.159,0.004,31.468,22.735,48.722,0.391,207387,207387,7433,7433,600,2813,13595,0,0,0,0,0,0,0,0,0,0,0,0,0,0.000,0.066,0.061,0.000,0.000,0.000,0.000,0.000,0.000,0.000,0.000,0.000,0.000,0.000,0.000,0.000,0.000,0.000,0.000,0.000,0.000,0.000,0.000,0.000,0.000,0.000,0.113,0.182,0,428,0.050,0.015,0.019,0.001,20,1048576,2.050,Off,ModifiedOnly,1,35,33,33,33,2,false,207381,841195,6833,6762,7782,7259,2813,5613,5606,13,2800,7104,155,154,20,0.168,0.000,0.001,0.003,0.012,0.012,0.017,0.009,0.008,0.005,0.004,0.006,0.005,0.002,0.002,0.001,0.013,0.018,0.001,0.049
CBT 2024,cbt_2024_official_baseline_v1,Release,D3D12,NVIDIA GeForce RTX 5090 D,Direct3D 12 (feature level 12_0); requested Agility SDK 614; runtime 6.2.26100.8972 (C:\WINDOWS\SYSTEM32\D3D12Core.dll); driver 32.0.15.9186,false,1280,720,assets/heightmaps/Hm_Terrain_Peking_513.png,547,547,80.000,12.000,20,0.250,0.100,200000,false,11,64,0.175,0.005,26.460,22.436,51.613,0.437,208856,208856,7176,7176,592,3014,13737,0,0,0,0,0,0,0,0,0,0,0,0,0,0.000,0.118,0.107,0.000,0.000,0.000,0.000,0.000,0.000,0.000,0.000,0.000,0.000,0.000,0.000,0.000,0.000,0.000,0.000,0.000,0.000,0.000,0.000,0.000,0.000,0.000,0.305,0.180,0,428,0.048,0.016,0.018,0.001,20,1048576,2.050,Off,ModifiedOnly,1,36,34,34,34,2,false,208850,839726,6584,7153,7482,7023,3014,6013,6002,15,2999,6879,144,144,9,0.166,0.000,0.000,0.003,0.012,0.011,0.014,0.009,0.008,0.005,0.005,0.006,0.005,0.002,0.002,0.001,0.013,0.018,0.001,0.049
CBT 2024,cbt_2024_official_baseline_v1,Release,D3D12,NVIDIA GeForce RTX 5090 D,Direct3D 12 (feature level 12_0); requested Agility SDK 614; runtime 6.2.26100.8972 (C:\WINDOWS\SYSTEM32\D3D12Core.dll); driver 32.0.15.9186,false,1280,720,assets/heightmaps/Hm_Terrain_Peking_513.png,547,547,80.000,12.000,20,0.250,0.100,200000,false,12,64,0.190,0.006,21.190,22.041,53.991,0.790,209894,209894,6090,6090,506,2668,12241,0,0,0,0,0,0,0,0,0,0,0,0,0,0.000,0.067,0.062,0.000,0.000,0.000,0.000,0.000,0.000,0.000,0.000,0.000,0.000,0.000,0.000,0.000,0.000,0.000,0.000,0.000,0.000,0.000,0.000,0.000,0.000,0.000,0.000,0.181,0,428,0.048,0.015,0.018,0.001,20,1048576,2.050,Off,ModifiedOnly,1,37,35,35,35,2,false,209888,838688,5584,6657,6360,5955,2668,5322,5313,14,2654,5831,124,124,11,0.166,0.000,0.000,0.003,0.012,0.012,0.015,0.009,0.008,0.005,0.004,0.006,0.005,0.002,0.002,0.001,0.013,0.018,0.001,0.050
CBT 2024,cbt_2024_official_baseline_v1,Release,D3D12,NVIDIA GeForce RTX 5090 D,Direct3D 12 (feature level 12_0); requested Agility SDK 614; runtime 6.2.26100.8972 (C:\WINDOWS\SYSTEM32\D3D12Core.dll); driver 32.0.15.9186,false,1280,720,assets/heightmaps/Hm_Terrain_Peking_513.png,547,547,80.000,12.000,20,0.250,0.100,200000,false,13,64,0.206,0.006,15.709,21.564,55.832,0.278,209111,209111,6409,6409,452,3695,14976,0,0,0,0,0,0,0,0,0,0,0,0,0,0.000,0.041,0.037,0.000,0.000,0.000,0.000,0.000,0.000,0.000,0.000,0.000,0.000,0.000,0.000,0.000,0.000,0.000,0.000,0.000,0.000,0.000,0.000,0.000,0.000,0.000,0.114,0.216,0,428,0.050,0.016,0.051,0.001,20,1048576,2.050,Off,ModifiedOnly,1,38,36,36,36,2,false,209105,839471,5957,9019,6594,6316,3695,7377,7360,13,3682,6240,76,77,16,0.201,0.000,0.000,0.003,0.013,0.011,0.016,0.010,0.008,0.005,0.004,0.006,0.005,0.002,0.002,0.001,0.013,0.051,0.001,0.050
CBT 2024,cbt_2024_official_baseline_v1,Release,D3D12,NVIDIA GeForce RTX 5090 D,Direct3D 12 (feature level 12_0); requested Agility SDK 614; runtime 6.2.26100.8972 (C:\WINDOWS\SYSTEM32\D3D12Core.dll); driver 32.0.15.9186,false,1280,720,assets/heightmaps/Hm_Terrain_Peking_513.png,547,547,80.000,12.000,20,0.250,0.100,200000,false,14,64,0.222,0.006,10.072,21.026,57.119,0.335,209014,209014,6320,6320,484,3288,13869,0,0,0,0,0,0,0,0,0,0,0,0,0,0.000,0.038,0.035,0.000,0.000,0.000,0.000,0.000,0.000,0.000,0.000,0.000,0.000,0.000,0.000,0.000,0.000,0.000,0.000,0.000,0.000,0.000,0.000,0.000,0.000,0.000,0.199,0.179,0,428,0.047,0.016,0.016,0.001,20,1048576,2.050,Off,ModifiedOnly,1,39,37,37,37,2,false,209008,839568,5836,8033,6466,6247,3288,6563,6533,13,3275,6185,62,62,11,0.165,0.000,0.000,0.003,0.012,0.011,0.014,0.009,0.008,0.005,0.005,0.006,0.005,0.002,0.002,0.001,0.013,0.016,0.001,0.051
CBT 2024,cbt_2024_official_baseline_v1,Release,D3D12,NVIDIA GeForce RTX 5090 D,Direct3D 12 (feature level 12_0); requested Agility SDK 614; runtime 6.2.26100.8972 (C:\WINDOWS\SYSTEM32\D3D12Core.dll); driver 32.0.15.9186,false,1280,720,assets/heightmaps/Hm_Terrain_Peking_513.png,547,547,80.000,12.000,20,0.250,0.100,200000,false,15,64,0.238,0.006,4.334,20.447,57.838,0.370,208033,208033,4670,4670,399,2893,11438,0,0,0,0,0,0,0,0,0,0,0,0,0,0.000,0.034,0.031,0.000,0.000,0.000,0.000,0.000,0.000,0.000,0.000,0.000,0.000,0.000,0.000,0.000,0.000,0.000,0.000,0.000,0.000,0.000,0.000,0.000,0.000,0.000,0.248,0.213,0,428,0.047,0.015,0.050,0.001,20,1048576,2.050,Off,ModifiedOnly,1,40,38,38,38,2,false,208027,840549,4271,7167,4789,4611,2893,5770,5736,16,2877,4555,56,55,4,0.198,0.000,0.000,0.003,0.011,0.011,0.014,0.009,0.008,0.005,0.004,0.006,0.005,0.002,0.002,0.001,0.013,0.050,0.001,0.051
CBT 2024,cbt_2024_official_baseline_v1,Release,D3D12,NVIDIA GeForce RTX 5090 D,Direct3D 12 (feature level 12_0); requested Agility SDK 614; runtime 6.2.26100.8972 (C:\WINDOWS\SYSTEM32\D3D12Core.dll); driver 32.0.15.9186,false,1280,720,assets/heightmaps/Hm_Terrain_Peking_513.png,547,547,80.000,12.000,20,0.250,0.100,200000,false,16,64,0.254,0.007,-1.446,19.850,57.982,0.416,206240,206240,4020,4020,273,2972,11034,0,0,0,0,0,0,0,0,0,0,0,0,0,0.000,0.039,0.036,0.000,0.000,0.000,0.000,0.000,0.000,0.000,0.000,0.000,0.000,0.000,0.000,0.000,0.000,0.000,0.000,0.000,0.000,0.000,0.000,0.000,0.000,0.000,0.258,0.186,0,428,0.047,0.016,0.023,0.001,20,1048576,2.050,Off,ModifiedOnly,1,41,39,39,39,2,false,206234,842342,3747,7287,4128,3964,2972,5921,5891,23,2949,3919,45,49,7,0.171,0.000,0.000,0.003,0.012,0.010,0.015,0.009,0.008,0.005,0.004,0.006,0.005,0.002,0.002,0.001,0.013,0.023,0.001,0.051
CBT 2024,cbt_2024_official_baseline_v1,Release,D3D12,NVIDIA GeForce RTX 5090 D,Direct3D 12 (feature level 12_0); requested Agility SDK 614; runtime 6.2.26100.8972 (C:\WINDOWS\SYSTEM32\D3D12Core.dll); driver 32.0.15.9186,false,1280,720,assets/heightmaps/Hm_Terrain_Peking_513.png,547,547,80.000,12.000,20,0.250,0.100,200000,false,17,64,0.270,0.007,-7.212,19.260,57.550,0.475,202769,202769,3434,3434,287,3519,11520,0,0,0,0,0,0,0,0,0,0,0,0,0,0.000,0.048,0.044,0.000,0.000,0.000,0.000,0.000,0.000,0.000,0.000,0.000,0.000,0.000,0.000,0.000,0.000,0.000,0.000,0.000,0.000,0.000,0.000,0.000,0.000,0.000,0.201,0.178,0,428,0.047,0.016,0.014,0.001,20,1048576,2.050,Off,ModifiedOnly,1,42,40,40,40,2,false,202763,845813,3147,8373,3541,3378,3519,7012,6984,26,3493,3337,41,46,10,0.163,0.000,0.000,0.003,0.012,0.010,0.014,0.009,0.008,0.005,0.004,0.006,0.005,0.002,0.002,0.001,0.013,0.014,0.001,0.052
CBT 2024,cbt_2024_official_baseline_v1,Release,D3D12,NVIDIA GeForce RTX 5090 D,Direct3D 12 (feature level 12_0); requested Agility SDK 614; runtime 6.2.26100.8972 (C:\WINDOWS\SYSTEM32\D3D12Core.dll); driver 32.0.15.9186,false,1280,720,assets/heightmaps/Hm_Terrain_Peking_513.png,547,547,80.000,12.000,20,0.250,0.100,200000,false,18,64,0.286,0.008,-12.906,18.698,56.546,0.441,198925,198925,3099,3099,299,3525,11293,0,0,0,0,0,0,0,0,0,0,0,0,0,0.000,0.072,0.066,0.000,0.000,0.000,0.000,0.000,0.000,0.000,0.000,0.000,0.000,0.000,0.000,0.000,0.000,0.000,0.000,0.000,0.000,0.000,0.000,0.000,0.000,0.000,0.174,0.177,0,428,0.047,0.016,0.014,0.001,20,1048576,2.050,Off,ModifiedOnly,1,43,41,41,41,2,false,198919,849657,2800,8493,3184,3056,3525,7028,7005,22,3503,3023,33,34,9,0.162,0.000,0.000,0.003,0.012,0.010,0.014,0.009,0.008,0.005,0.005,0.006,0.005,0.002,0.002,0.001,0.013,0.013,0.001,0.052
CBT 2024,cbt_2024_official_baseline_v1,Release,D3D12,NVIDIA GeForce RTX 5090 D,Direct3D 12 (feature level 12_0); requested Agility SDK 614; runtime 6.2.26100.8972 (C:\WINDOWS\SYSTEM32\D3D12Core.dll); driver 32.0.15.9186,false,1280,720,assets/heightmaps/Hm_Terrain_Peking_513.png,547,547,80.000,12.000,20,0.250,0.100,200000,false,19,64,0.302,0.008,-18.472,18.189,54.980,0.496,196152,196152,4270,4270,395,3568,12603,0,0,0,0,0,0,0,0,0,0,0,0,0,0.000,0.069,0.064,0.000,0.000,0.000,0.000,0.000,0.000,0.000,0.000,0.000,0.000,0.000,0.000,0.000,0.000,0.000,0.000,0.000,0.000,0.000,0.000,0.000,0.000,0.000,0.097,0.178,0,428,0.048,0.016,0.015,0.001,20,1048576,2.050,Off,ModifiedOnly,1,44,42,42,42,2,false,196146,852430,3875,8728,4351,4230,3568,7124,7109,12,3556,4196,34,33,7,0.164,0.000,0.000,0.003,0.012,0.011,0.015,0.009,0.008,0.005,0.005,0.006,0.005,0.002,0.002,0.001,0.013,0.015,0.001,0.051
CBT 2024,cbt_2024_official_baseline_v1,Release,D3D12,NVIDIA GeForce RTX 5090 D,Direct3D 12 (feature level 12_0); requested Agility SDK 614; runtime 6.2.26100.8972 (C:\WINDOWS\SYSTEM32\D3D12Core.dll); driver 32.0.15.9186,false,1280,720,assets/heightmaps/Hm_Terrain_Peking_513.png,547,547,80.000,12.000,20,0.250,0.100,200000,false,20,64,0.317,0.009,-23.855,17.751,52.867,0.430,193168,193168,4626,4626,513,3871,13453,0,0,0,0,0,0,0,0,0,0,0,0,0,0.000,0.057,0.053,0.000,0.000,0.000,0.000,0.000,0.000,0.000,0.000,0.000,0.000,0.000,0.000,0.000,0.000,0.000,0.000,0.000,0.000,0.000,0.000,0.000,0.000,0.000,0.091,0.187,0,428,0.048,0.016,0.023,0.001,20,1048576,2.050,Off,ModifiedOnly,1,45,43,43,43,2,false,193162,855414,4113,9340,4744,4567,3871,7728,7690,14,3857,4524,43,43,16,0.172,0.000,0.000,0.003,0.012,0.011,0.015,0.009,0.008,0.005,0.005,0.006,0.005,0.002,0.002,0.001,0.013,0.023,0.001,0.051
CBT 2024,cbt_2024_official_baseline_v1,Release,D3D12,NVIDIA GeForce RTX 5090 D,Direct3D 12 (feature level 12_0); requested Agility SDK 614; runtime 6.2.26100.8972 (C:\WINDOWS\SYSTEM32\D3D12Core.dll); driver 32.0.15.9186,false,1280,720,assets/heightmaps/Hm_Terrain_Peking_513.png,547,547,80.000,12.000,20,0.250,0.100,200000,false,21,64,0.333,0.009,-29.000,17.402,50.229,0.356,190206,190206,4800,4800,466,3982,13798,0,0,0,0,0,0,0,0,0,0,0,0,0,0.000,0.054,0.051,0.000,0.000,0.000,0.000,0.000,0.000,0.000,0.000,0.000,0.000,0.000,0.000,0.000,0.000,0.000,0.000,0.000,0.000,0.000,0.000,0.000,0.000,0.000,0.155,0.180,0,428,0.049,0.016,0.017,0.001,20,1048576,2.050,Off,ModifiedOnly,1,46,44,44,44,2,false,190200,858376,4334,9464,4952,4725,3982,7914,7899,50,3932,4668,57,55,20,0.166,0.000,0.000,0.003,0.012,0.013,0.015,0.009,0.008,0.005,0.005,0.006,0.005,0.002,0.002,0.001,0.013,0.017,0.001,0.050
CBT 2024,cbt_2024_official_baseline_v1,Release,D3D12,NVIDIA GeForce RTX 5090 D,Direct3D 12 (feature level 12_0); requested Agility SDK 614; runtime 6.2.26100.8972 (C:\WINDOWS\SYSTEM32\D3D12Core.dll); driver 32.0.15.9186,false,1280,720,assets/heightmaps/Hm_Terrain_Peking_513.png,547,547,80.000,12.000,20,0.250,0.100,200000,false,22,64,0.349,0.010,-33.857,17.156,47.092,0.409,187381,187381,5346,5346,473,4171,14733,0,0,0,0,0,0,0,0,0,0,0,0,0,0.000,0.058,0.053,0.000,0.000,0.000,0.000,0.000,0.000,0.000,0.000,0.000,0.000,0.000,0.000,0.000,0.000,0.000,0.000,0.000,0.000,0.000,0.000,0.000,0.000,0.000,0.162,0.178,0,428,0.049,0.016,0.016,0.001,20,1048576,2.050,Off,ModifiedOnly,1,47,45,45,45,2,false,187375,861201,4873,9860,5495,5272,4171,8320,8298,22,4149,5213,59,58,16,0.164,0.000,0.000,0.003,0.012,0.011,0.016,0.009,0.008,0.005,0.004,0.006,0.005,0.002,0.002,0.001,0.013,0.016,0.001,0.049
CBT 2024,cbt_2024_official_baseline_v1,Release,D3D12,NVIDIA GeForce RTX 5090 D,Direct3D 12 (feature level 12_0); requested Agility SDK 614; runtime 6.2.26100.8972 (C:\WINDOWS\SYSTEM32\D3D12Core.dll); driver 32.0.15.9186,false,1280,720,assets/heightmaps/Hm_Terrain_Peking_513.png,547,547,80.000,12.000,20,0.250,0.100,200000,false,23,64,0.365,0.010,-38.378,17.023,43.487,0.440,185438,185438,4661,4661,393,3385,12422,0,0,0,0,0,0,0,0,0,0,0,0,0,0.000,0.046,0.042,0.000,0.000,0.000,0.000,0.000,0.000,0.000,0.000,0.000,0.000,0.000,0.000,0.000,0.000,0.000,0.000,0.000,0.000,0.000,0.000,0.000,0.000,0.000,0.172,0.213,0,428,0.047,0.016,0.054,0.001,20,1048576,2.050,Off,ModifiedOnly,1,48,46,46,46,2,false,185432,863144,4268,8154,4801,4590,3385,6744,6730,26,3359,4533,57,59,12,0.198,0.000,0.000,0.003,0.011,0.011,0.014,0.009,0.007,0.005,0.004,0.006,0.005,0.002,0.002,0.001,0.013,0.053,0.001,0.048
CBT 2024,cbt_2024_official_baseline_v1,Release,D3D12,NVIDIA GeForce RTX 5090 D,Direct3D 12 (feature level 12_0); requested Agility SDK 614; runtime 6.2.26100.8972 (C:\WINDOWS\SYSTEM32\D3D12Core.dll); driver 32.0.15.9186,false,1280,720,assets/heightmaps/Hm_Terrain_Peking_513.png,547,547,80.000,12.000,20,0.250,0.100,200000,false,24,64,0.381,0.010,-42.517,17.008,39.450,0.422,184297,184297,4575,4575,370,2955,11475,0,0,0,0,0,0,0,0,0,0,0,0,0,0.000,0.067,0.062,0.000,0.000,0.000,0.000,0.000,0.000,0.000,0.000,0.000,0.000,0.000,0.000,0.000,0.000,0.000,0.000,0.000,0.000,0.000,0.000,0.000,0.000,0.000,0.170,0.178,0,428,0.049,0.016,0.017,0.002,20,1048576,2.050,Off,ModifiedOnly,1,49,47,47,47,2,false,184291,864285,4205,7270,4751,4485,2955,5892,5873,18,2937,4416,69,73,17,0.163,0.000,0.000,0.003,0.011,0.011,0.016,0.009,0.008,0.005,0.004,0.006,0.005,0.002,0.002,0.001,0.013,0.017,0.002,0.048
CBT 2024,cbt_2024_official_baseline_v1,Release,D3D12,NVIDIA GeForce RTX 5090 D,Direct3D 12 (feature level 12_0); requested Agility SDK 614; runtime 6.2.26100.8972 (C:\WINDOWS\SYSTEM32\D3D12Core.dll); driver 32.0.15.9186,false,1280,720,assets/heightmaps/Hm_Terrain_Peking_513.png,547,547,80.000,12.000,20,0.250,0.100,200000,false,25,64,0.397,0.011,-46.234,17.112,35.021,0.476,182953,182953,5963,5963,441,3779,14416,0,0,0,0,0,0,0,0,0,0,0,0,0,0.000,0.058,0.054,0.000,0.000,0.000,0.000,0.000,0.000,0.000,0.000,0.000,0.000,0.000,0.000,0.000,0.000,0.000,0.000,0.000,0.000,0.000,0.000,0.000,0.000,0.000,0.147,0.219,0,428,0.052,0.016,0.055,0.001,20,1048576,2.050,Off,ModifiedOnly,1,50,48,48,48,2,false,182947,865629,5522,8894,6192,5848,3779,7536,7513,22,3757,5751,97,98,17,0.205,0.000,0.000,0.003,0.012,0.013,0.017,0.009,0.007,0.005,0.005,0.006,0.005,0.002,0.002,0.001,0.013,0.054,0.001,0.048
CBT 2024,cbt_2024_official_baseline_v1,Release,D3D12,NVIDIA GeForce RTX 5090 D,Direct3D 12 (feature level 12_0); requested Agility SDK 614; runtime 6.2.26100.8972 (C:\WINDOWS\SYSTEM32\D3D12Core.dll); driver 32.0.15.9186,false,1280,720,assets/heightmaps/Hm_Terrain_Peking_513.png,547,547,80.000,12.000,20,0.250,0.100,200000,false,26,64,0.413,0.011,-49.491,17.330,30.243,0.408,185105,185105,7238,7238,510,2675,13246,0,0,0,0,0,0,0,0,0,0,0,0,0,0.000,0.175,0.164,0.000,0.000,0.000,0.000,0.000,0.000,0.000,0.000,0.000,0.000,0.000,0.000,0.000,0.000,0.000,0.000,0.000,0.000,0.000,0.000,0.000,0.000,0.000,0.167,0.180,0,428,0.051,0.016,0.017,0.001,20,1048576,2.050,Off,ModifiedOnly,1,51,49,49,49,2,false,185099,863477,6728,6518,7484,7113,2675,5332,5308,18,2657,7009,104,108,17,0.166,0.000,0.000,0.003,0.011,0.011,0.018,0.009,0.008,0.005,0.005,0.006,0.005,0.002,0.002,0.001,0.013,0.017,0.001,0.048
CBT 2024,cbt_2024_official_baseline_v1,Release,D3D12,NVIDIA GeForce RTX 5090 D,Direct3D 12 (feature level 12_0); requested Agility SDK 614; runtime 6.2.26100.8972 (C:\WINDOWS\SYSTEM32\D3D12Core.dll); driver 32.0.15.9186,false,1280,720,assets/heightmaps/Hm_Terrain_Peking_513.png,547,547,80.000,12.000,20,0.250,0.100,200000,false,27,64,0.429,0.012,-52.256,17.655,25.165,0.746,187293,187293,5868,5868,407,1988,10538,0,0,0,0,0,0,0,0,0,0,0,0,0,0.000,0.125,0.115,0.000,0.000,0.000,0.000,0.000,0.000,0.000,0.000,0.000,0.000,0.000,0.000,0.000,0.000,0.000,0.000,0.000,0.000,0.000,0.000,0.000,0.000,0.000,0.059,0.389,0,428,0.050,0.015,0.016,0.001,20,1048576,2.050,Off,ModifiedOnly,1,52,50,50,50,2,false,187287,861289,5461,5077,6141,5732,1988,3953,3929,23,1965,5617,115,114,22,0.374,0.000,0.000,0.003,0.011,0.012,0.016,0.009,0.008,0.005,0.005,0.006,0.005,0.002,0.002,0.001,0.223,0.016,0.001,0.049
CBT 2024,cbt_2024_official_baseline_v1,Release,D3D12,NVIDIA GeForce RTX 5090 D,Direct3D 12 (feature level 12_0); requested Agility SDK 614; runtime 6.2.26100.8972 (C:\WINDOWS\SYSTEM32\D3D12Core.dll); driver 32.0.15.9186,false,1280,720,assets/heightmaps/Hm_Terrain_Peking_513.png,547,547,80.000,12.000,20,0.250,0.100,200000,false,28,64,0.444,0.013,-54.502,18.072,19.837,0.550,190989,190989,6837,6837,535,1719,10840,0,0,0,0,0,0,0,0,0,0,0,0,0,0.000,0.047,0.043,0.000,0.000,0.000,0.000,0.000,0.000,0.000,0.000,0.000,0.000,0.000,0.000,0.000,0.000,0.000,0.000,0.000,0.000,0.000,0.000,0.000,0.000,0.000,0.000,0.177,0,428,0.050,0.015,0.016,0.001,20,1048576,2.050,Off,ModifiedOnly,1,53,51,51,51,2,false,190983,857593,6302,4538,7112,6698,1719,3416,3402,22,1697,6593,105,108,31,0.163,0.000,0.001,0.003,0.011,0.012,0.016,0.009,0.008,0.005,0.004,0.006,0.005,0.002,0.002,0.001,0.013,0.016,0.001,0.049
CBT 2024,cbt_2024_official_baseline_v1,Release,D3D12,NVIDIA GeForce RTX 5090 D,Direct3D 12 (feature level 12_0); requested Agility SDK 614; runtime 6.2.26100.8972 (C:\WINDOWS\SYSTEM32\D3D12Core.dll); driver 32.0.15.9186,false,1280,720,assets/heightmaps/Hm_Terrain_Peking_513.png,547,547,80.000,12.000,20,0.250,0.100,200000,false,29,64,0.460,0.013,-56.206,18.565,14.312,0.200,197368,197368,10368,10368,641,2117,15237,0,0,0,0,0,0,0,0,0,0,0,0,0,0.000,0.074,0.066,0.000,0.000,0.000,0.000,0.000,0.000,0.000,0.000,0.000,0.000,0.000,0.000,0.000,0.000,0.000,0.000,0.000,0.000,0.000,0.000,0.000,0.000,0.000,0.155,0.188,0,428,0.051,0.016,0.021,0.001,20,1048576,2.050,Off,ModifiedOnly,1,54,52,52,52,2,false,197362,851214,9727,5510,10605,10248,2117,4226,4204,8,2109,10156,92,95,25,0.174,0.000,0.000,0.003,0.012,0.013,0.016,0.009,0.008,0.005,0.005,0.006,0.005,0.002,0.002,0.001,0.014,0.020,0.001,0.052
CBT 2024,cbt_2024_official_baseline_v1,Release,D3D12,NVIDIA GeForce RTX 5090 D,Direct3D 12 (feature level 12_0); requested Agility SDK 614; runtime 6.2.26100.8972 (C:\WINDOWS\SYSTEM32\D3D12Core.dll); driver 32.0.15.9186,false,1280,720,assets/heightmaps/Hm_Terrain_Peking_513.png,547,547,80.000,12.000,20,0.250,0.100,200000,false,30,64,0.476,0.013,-57.352,19.116,8.644,0.516,198148,198148,6653,6653,535,3028,13443,0,0,0,0,0,0,0,0,0,0,0,0,0,0.000,0.059,0.054,0.000,0.000,0.000,0.000,0.000,0.000,0.000,0.000,0.000,0.000,0.000,0.000,0.000,0.000,0.000,0.000,0.000,0.000,0.000,0.000,0.000,0.000,0.000,0.053,0.184,0,428,0.051,0.015,0.018,0.001,20,1048576,2.050,Off,ModifiedOnly,1,55,53,53,53,2,false,198142,850434,6118,7325,6817,6571,3028,6037,6012,19,3009,6518,53,53,29,0.170,0.000,0.000,0.003,0.012,0.012,0.016,0.009,0.008,0.005,0.004,0.006,0.005,0.002,0.002,0.001,0.013,0.018,0.001,0.051
CBT 2024,cbt_2024_official_baseline_v1,Release,D3D12,NVIDIA GeForce RTX 5090 D,Direct3D 12 (feature level 12_0); requested Agility SDK 614; runtime 6.2.26100.8972 (C:\WINDOWS\SYSTEM32\D3D12Core.dll); driver 32.0.15.9186,false,1280,720,assets/heightmaps/Hm_Terrain_Peking_513.png,547,547,80.000,12.000,20,0.250,0.100,200000,false,31,64,0.492,0.014,-57.928,19.701,2.891,0.326,199101,199101,5653,5653,535,2427,11167,0,0,0,0,0,0,0,0,0,0,0,0,0,0.000,0.053,0.049,0.000,0.000,0.000,0.000,0.000,0.000,0.000,0.000,0.000,0.000,0.000,0.000,0.000,0.000,0.000,0.000,0.000,0.000,0.000,0.000,0.000,0.000,0.000,0.153,0.184,0,428,0.050,0.016,0.016,0.001,20,1048576,2.050,Off,ModifiedOnly,1,56,54,54,54,2,false,199095,849481,5118,6049,5786,5587,2427,4833,4810,21,2406,5537,50,49,17,0.169,0.000,0.000,0.003,0.011,0.012,0.016,0.009,0.008,0.005,0.004,0.006,0.005,0.002,0.002,0.001,0.013,0.016,0.001,0.053
CBT 2024,cbt_2024_official_baseline_v1,Release,D3D12,NVIDIA GeForce RTX 5090 D,Direct3D 12 (feature level 12_0); requested Agility SDK 614; runtime 6.2.26100.8972 (C:\WINDOWS\SYSTEM32\D3D12Core.dll); driver 32.0.15.9186,false,1280,720,assets/heightmaps/Hm_Terrain_Peking_513.png,547,547,80.000,12.000,20,0.250,0.100,200000,false,32,64,0.508,0.014,-57.928,20.299,-2.891,0.409,203124,203124,8110,8110,656,2124,12996,0,0,0,0,0,0,0,0,0,0,0,0,0,0.000,0.062,0.057,0.000,0.000,0.000,0.000,0.000,0.000,0.000,0.000,0.000,0.000,0.000,0.000,0.000,0.000,0.000,0.000,0.000,0.000,0.000,0.000,0.000,0.000,0.000,0.169,0.186,0,428,0.050,0.016,0.018,0.001,20,1048576,2.050,Off,ModifiedOnly,1,57,55,55,55,2,false,203118,845458,7454,5542,8256,8038,2124,4233,4214,15,2109,7979,59,57,15,0.172,0.000,0.000,0.003,0.012,0.012,0.016,0.009,0.008,0.005,0.004,0.006,0.005,0.002,0.002,0.001,0.013,0.018,0.001,0.054
CBT 2024,cbt_2024_official_baseline_v1,Release,D3D12,NVIDIA GeForce RTX 5090 D,Direct3D 12 (feature level 12_0); requested Agility SDK 614; runtime 6.2.26100.8972 (C:\WINDOWS\SYSTEM32\D3D12Core.dll); driver 32.0.15.9186,false,1280,720,assets/heightmaps/Hm_Terrain_Peking_513.png,547,547,80.000,12.000,20,0.250,0.100,200000,false,33,64,0.524,0.014,-57.352,20.884,-8.644,0.436,204997,204997,7207,7207,502,2761,13570,0,0,0,0,0,0,0,0,0,0,0,0,0,0.000,0.068,0.062,0.000,0.000,0.000,0.000,0.000,0.000,0.000,0.000,0.000,0.000,0.000,0.000,0.000,0.000,0.000,0.000,0.000,0.000,0.000,0.000,0.000,0.000,0.000,0.162,0.188,0,428,0.051,0.015,0.018,0.001,20,1048576,2.050,Off,ModifiedOnly,1,58,56,56,56,2,false,204991,843585,6705,6865,7372,7124,2761,5499,5481,23,2738,7063,61,62,21,0.173,0.000,0.000,0.003,0.013,0.011,0.017,0.009,0.008,0.005,0.004,0.006,0.005,0.002,0.002,0.001,0.013,0.017,0.001,0.054
CBT 2024,cbt_2024_official_baseline_v1,Release,D3D12,NVIDIA GeForce RTX 5090 D,Direct3D 12 (feature level 12_0); requested Agility SDK 614; runtime 6.2.26100.8972 (C:\WINDOWS\SYSTEM32\D3D12Core.dll); driver 32.0.15.9186,false,1280,720,assets/heightmaps/Hm_Terrain_Peking_513.png,547,547,80.000,12.000,20,0.250,0.100,200000,false,34,64,0.540,0.015,-56.206,21.435,-14.312,0.470,207207,207207,6352,6352,451,2176,11478,0,0,0,0,0,0,0,0,0,0,0,0,0,0.000,0.059,0.054,0.000,0.000,0.000,0.000,0.000,0.000,0.000,0.000,0.000,0.000,0.000,0.000,0.000,0.000,0.000,0.000,0.000,0.000,0.000,0.000,0.000,0.000,0.000,0.109,0.186,0,428,0.051,0.016,0.017,0.001,20,1048576,2.050,Off,ModifiedOnly,1,59,57,57,57,2,false,207201,841375,5901,5577,6545,6257,2176,4335,4316,17,2159,6181,76,73,22,0.171,0.000,0.000,0.003,0.012,0.012,0.017,0.009,0.008,0.005,0.004,0.006,0.005,0.002,0.002,0.001,0.013,0.016,0.001,0.054
CBT 2024,cbt_2024_official_baseline_v1,Release,D3D12,NVIDIA GeForce RTX 5090 D,Direct3D 12 (feature level 12_0); requested Agility SDK 614; runtime 6.2.26100.8972 (C:\WINDOWS\SYSTEM32\D3D12Core.dll); driver 32.0.15.9186,false,1280,720,assets/heightmaps/Hm_Terrain_Peking_513.png,547,547,80.000,12.000,20,0.250,0.100,200000,false,35,64,0.556,0.015,-54.502,21.928,-19.837,0.368,209088,209088,5513,5513,476,1931,10093,0,0,0,0,0,0,0,0,0,0,0,0,0,0.000,0.146,0.141,0.000,0.000,0.000,0.000,0.000,0.000,0.000,0.000,0.000,0.000,0.000,0.000,0.000,0.000,0.000,0.000,0.000,0.000,0.000,0.000,0.000,0.000,0.000,0.179,0.184,0,428,0.050,0.015,0.015,0.001,20,1048576,2.050,Off,ModifiedOnly,1,60,58,58,58,2,false,209082,839494,5037,5056,5719,5410,1931,3838,3810,24,1907,5326,84,84,19,0.169,0.000,0.000,0.003,0.012,0.011,0.017,0.009,0.008,0.005,0.005,0.006,0.005,0.002,0.002,0.001,0.013,0.015,0.001,0.054
CBT 2024,cbt_2024_official_baseline_v1,Release,D3D12,NVIDIA GeForce RTX 5090 D,Direct3D 12 (feature level 12_0); requested Agility SDK 614; runtime 6.2.26100.8972 (C:\WINDOWS\SYSTEM32\D3D12Core.dll); driver 32.0.15.9186,false,1280,720,assets/heightmaps/Hm_Terrain_Peking_513.png,547,547,80.000,12.000,20,0.250,0.100,200000,false,36,64,0.571,0.016,-52.256,22.345,-25.165,0.629,209499,209499,5004,5004,469,2422,10693,0,0,0,0,0,0,0,0,0,0,0,0,0,0.000,0.061,0.056,0.000,0.000,0.000,0.000,0.000,0.000,0.000,0.000,0.000,0.000,0.000,0.000,0.000,0.000,0.000,0.000,0.000,0.000,0.000,0.000,0.000,0.000,0.000,0.195,0.183,0,428,0.050,0.016,0.016,0.001,20,1048576,2.050,Off,ModifiedOnly,1,61,59,59,59,2,false,209493,839083,4535,6158,5231,4888,2422,4820,4787,24,2398,4797,91,96,20,0.169,0.000,0.000,0.003,0.012,0.012,0.016,0.009,0.008,0.005,0.004,0.006,0.005,0.002,0.002,0.001,0.013,0.015,0.001,0.053
CBT 2024,cbt_2024_official_baseline_v1,Release,D3D12,NVIDIA GeForce RTX 5090 D,Direct3D 12 (feature level 12_0); requested Agility SDK 614; runtime 6.2.26100.8972 (C:\WINDOWS\SYSTEM32\D3D12Core.dll); driver 32.0.15.9186,false,1280,720,assets/heightmaps/Hm_Terrain_Peking_513.png,547,547,80.000,12.000,20,0.250,0.100,200000,false,37,64,0.587,0.016,-49.491,22.670,-30.243,0.496,208218,208218,4671,4671,498,3116,11737,0,0,0,0,0,0,0,0,0,0,0,0,0,0.000,0.071,0.064,0.000,0.000,0.000,0.000,0.000,0.000,0.000,0.000,0.000,0.000,0.000,0.000,0.000,0.000,0.000,0.000,0.000,0.000,0.000,0.000,0.000,0.000,0.000,0.283,0.221,0,428,0.050,0.016,0.053,0.001,20,1048576,2.050,Off,ModifiedOnly,1,62,60,60,60,2,false,208212,840364,4173,7564,4923,4545,3116,6204,6195,28,3088,4444,101,101,25,0.206,0.000,0.001,0.003,0.012,0.012,0.015,0.010,0.008,0.005,0.004,0.006,0.005,0.002,0.002,0.001,0.013,0.052,0.001,0.053
CBT 2024,cbt_2024_official_baseline_v1,Release,D3D12,NVIDIA GeForce RTX 5090 D,Direct3D 12 (feature level 12_0); requested Agility SDK 614; runtime 6.2.26100.8972 (C:\WINDOWS\SYSTEM32\D3D12Core.dll); driver 32.0.15.9186,false,1280,720,assets/heightmaps/Hm_Terrain_Peking_513.png,547,547,80.000,12.000,20,0.250,0.100,200000,false,38,64,0.603,0.017,-46.234,22.888,-35.021,0.686,209100,209100,6472,6472,733,2938,12948,0,0,0,0,0,0,0,0,0,0,0,0,0,0.000,0.068,0.061,0.000,0.000,0.000,0.000,0.000,0.000,0.000,0.000,0.000,0.000,0.000,0.000,0.000,0.000,0.000,0.000,0.000,0.000,0.000,0.000,0.000,0.000,0.000,0.032,0.188,0,428,0.052,0.016,0.018,0.002,20,1048576,2.050,Off,ModifiedOnly,1,63,61,61,61,2,false,209094,839482,5739,7209,6744,6332,2938,5862,5843,14,2924,6219,113,121,19,0.174,0.000,0.000,0.003,0.012,0.014,0.016,0.009,0.008,0.006,0.004,0.006,0.005,0.002,0.002,0.001,0.013,0.018,0.002,0.053
CBT 2024,cbt_2024_official_baseline_v1,Release,D3D12,NVIDIA GeForce RTX 5090 D,Direct3D 12 (feature level 12_0); requested Agility SDK 614; runtime 6.2.26100.8972 (C:\WINDOWS\SYSTEM32\D3D12Core.dll); driver 32.0.15.9186,false,1280,720,assets/heightmaps/Hm_Terrain_Peking_513.png,547,547,80.000,12.000,20,0.250,0.100,200000,false,39,64,0.619,0.017,-42.517,22.992,-39.450,0.349,211224,211224,7462,7462,741,2850,13666,0,0,0,0,0,0,0,0,0,0,0,0,0,0.000,0.054,0.050,0.000,0.000,0.000,0.000,0.000,0.000,0.000,0.000,0.000,0.000,0.000,0.000,0.000,0.000,0.000,0.000,0.000,0.000,0.000,0.000,0.000,0.000,0.000,0.115,0.190,0,428,0.053,0.016,0.019,0.003,20,1048576,2.050,Off,ModifiedOnly,1,64,62,62,62,2,false,211218,837358,6721,6945,7780,7304,2850,5656,5647,44,2806,7171,133,131,27,0.175,0.000,0.000,0.003,0.013,0.013,0.017,0.010,0.008,0.005,0.004,0.006,0.005,0.002,0.002,0.001,0.013,0.018,0.003,0.051
CBT 2024,cbt_2024_official_baseline_v1,Release,D3D12,NVIDIA GeForce RTX 5090 D,Direct3D 12 (feature level 12_0); requested Agility SDK 614; runtime 6.2.26100.8972 (C:\WINDOWS\SYSTEM32\D3D12Core.dll); driver 32.0.15.9186,false,1280,720,assets/heightmaps/Hm_Terrain_Peking_513.png,547,547,80.000,12.000,20,0.250,0.100,200000,false,40,64,0.635,0.018,-38.378,22.977,-43.487,0.346,212818,212818,6824,6824,682,2794,12934,0,0,0,0,0,0,0,0,0,0,0,0,0,0.000,0.071,0.064,0.000,0.000,0.000,0.000,0.000,0.000,0.000,0.000,0.000,0.000,0.000,0.000,0.000,0.000,0.000,0.000,0.000,0.000,0.000,0.000,0.000,0.000,0.000,0.193,0.184,0,428,0.050,0.016,0.018,0.001,20,1048576,2.050,Off,ModifiedOnly,1,65,63,63,63,2,false,212812,835764,6142,6792,7163,6657,2794,5569,5555,19,2775,6500,157,152,15,0.170,0.000,0.000,0.003,0.012,0.012,0.015,0.010,0.008,0.005,0.004,0.006,0.005,0.002,0.002,0.001,0.013,0.018,0.001,0.050
CBT 2024,cbt_2024_official_baseline_v1,Release,D3D12,NVIDIA GeForce RTX 5090 D,Direct3D 12 (feature level 12_0); requested Agility SDK 614; runtime 6.2.26100.8972 (C:\WINDOWS\SYSTEM32\D3D12Core.dll); driver 32.0.15.9186,false,1280,720,assets/heightmaps/Hm_Terrain_Peking_513.png,547,547,80.000,12.000,20,0.250,0.100,200000,false,41,64,0.651,0.018,-33.857,22.844,-47.092,0.542,212120,212120,5621,5621,568,3339,13057,0,0,0,0,0,0,0,0,0,0,0,0,0,0.000,0.060,0.056,0.000,0.000,0.000,0.000,0.000,0.000,0.000,0.000,0.000,0.000,0.000,0.000,0.000,0.000,0.000,0.000,0.000,0.000,0.000,0.000,0.000,0.000,0.000,0.067,0.181,0,428,0.050,0.016,0.017,0.001,20,1048576,2.050,Off,ModifiedOnly,1,66,64,64,64,2,false,212114,836462,5053,8004,5969,5446,3339,6667,6655,11,3328,5303,143,145,30,0.167,0.000,0.000,0.003,0.012,0.012,0.016,0.009,0.008,0.005,0.004,0.006,0.005,0.002,0.002,0.001,0.013,0.016,0.001,0.050
CBT 2024,cbt_2024_official_baseline_v1,Release,D3D12,NVIDIA GeForce RTX 5090 D,Direct3D 12 (feature level 12_0); requested Agility SDK 614; runtime 6.2.26100.8972 (C:\WINDOWS\SYSTEM32\D3D12Core.dll); driver 32.0.15.9186,false,1280,720,assets/heightmaps/Hm_Terrain_Peking_513.png,547,547,80.000,12.000,20,0.250,0.100,200000,false,42,64,0.667,0.019,-29.000,22.598,-50.229,0.346,210381,210381,5938,5938,504,4004,14597,0,0,0,0,0,0,0,0,0,0,0,0,0,0.000,0.056,0.052,0.000,0.000,0.000,0.000,0.000,0.000,0.000,0.000,0.000,0.000,0.000,0.000,0.000,0.000,0.000,0.000,0.000,0.000,0.000,0.000,0.000,0.000,0.000,0.144,0.183,0,428,0.049,0.016,0.018,0.001,20,1048576,2.050,Off,ModifiedOnly,1,67,65,65,65,2,false,210375,838201,5434,9163,6260,5778,4004,7999,7988,9,3995,5633,145,143,17,0.169,0.000,0.000,0.003,0.013,0.012,0.015,0.010,0.008,0.005,0.004,0.006,0.005,0.002,0.002,0.001,0.013,0.018,0.001,0.050
CBT 2024,cbt_2024_official_baseline_v1,Release,D3D12,NVIDIA GeForce RTX 5090 D,Direct3D 12 (feature level 12_0); requested Agility SDK 614; runtime 6.2.26100.8972 (C:\WINDOWS\SYSTEM32\D3D12Core.dll); driver 32.0.15.9186,false,1280,720,assets/heightmaps/Hm_Terrain_Peking_513.png,547,547,80.000,12.000,20,0.250,0.100,200000,false,43,64,0.683,0.019,-23.855,22.249,-52.867,0.436,211335,211335,6354,6354,527,2845,12507,0,0,0,0,0,0,0,0,0,0,0,0,0,0.000,0.077,0.073,0.000,0.000,0.000,0.000,0.000,0.000,0.000,0.000,0.000,0.000,0.000,0.000,0.000,0.000,0.000,0.000,0.000,0.000,0.000,0.000,0.000,0.000,0.000,0.130,0.182,0,428,0.049,0.016,0.018,0.001,20,1048576,2.050,Off,ModifiedOnly,1,68,66,66,66,2,false,211329,837247,5827,6680,6633,6215,2845,5679,5661,11,2834,6085,130,129,10,0.168,0.000,0.000,0.003,0.013,0.011,0.015,0.010,0.008,0.005,0.004,0.006,0.005,0.002,0.002,0.001,0.013,0.017,0.001,0.050
CBT 2024,cbt_2024_official_baseline_v1,Release,D3D12,NVIDIA GeForce RTX 5090 D,Direct3D 12 (feature level 12_0); requested Agility SDK 614; runtime 6.2.26100.8972 (C:\WINDOWS\SYSTEM32\D3D12Core.dll); driver 32.0.15.9186,false,1280,720,assets/heightmaps/Hm_Terrain_Peking_513.png,547,547,80.000,12.000,20,0.250,0.100,200000,false,44,64,0.698,0.020,-18.472,21.811,-54.980,0.454,214502,214502,8015,8015,663,2547,13420,0,0,0,0,0,0,0,0,0,0,0,0,0,0.000,0.064,0.059,0.000,0.000,0.000,0.000,0.000,0.000,0.000,0.000,0.000,0.000,0.000,0.000,0.000,0.000,0.000,0.000,0.000,0.000,0.000,0.000,0.000,0.000,0.000,0.309,0.184,0,428,0.050,0.015,0.018,0.001,20,1048576,2.050,Off,ModifiedOnly,1,69,67,67,67,2,false,214496,834080,7352,6068,8246,7899,2547,5079,5062,15,2532,7796,103,104,12,0.169,0.000,0.000,0.003,0.013,0.012,0.015,0.009,0.008,0.005,0.004,0.006,0.005,0.002,0.002,0.001,0.013,0.018,0.001,0.050
CBT 2024,cbt_2024_official_baseline_v1,Release,D3D12,NVIDIA GeForce RTX 5090 D,Direct3D 12 (feature level 12_0); requested Agility SDK 614; runtime 6.2.26100.8972 (C:\WINDOWS\SYSTEM32\D3D12Core.dll); driver 32.0.15.9186,false,1280,720,assets/heightmaps/Hm_Terrain_Peking_513.png,547,547,80.000,12.000,20,0.250,0.100,200000,false,45,64,0.714,0.020,-12.906,21.302,-56.546,0.548,216723,216723,7650,7650,622,2798,13777,0,0,0,0,0,0,0,0,0,0,0,0,0,0.000,0.042,0.038,0.000,0.000,0.000,0.000,0.000,0.000,0.000,0.000,0.000,0.000,0.000,0.000,0.000,0.000,0.000,0.000,0.000,0.000,0.000,0.000,0.000,0.000,0.000,0.190,0.181,0,428,0.049,0.016,0.017,0.001,20,1048576,2.050,Off,ModifiedOnly,1,70,68,68,68,2,false,216717,831859,7028,6749,7808,7568,2798,5587,5565,9,2789,7502,66,72,10,0.166,0.000,0.000,0.003,0.012,0.012,0.014,0.009,0.008,0.005,0.004,0.006,0.005,0.002,0.002,0.001,0.013,0.017,0.001,0.050
CBT 2024,cbt_2024_official_baseline_v1,Release,D3D12,NVIDIA GeForce RTX 5090 D,Direct3D 12 (feature level 12_0); requested Agility SDK 614; runtime 6.2.26100.8972 (C:\WINDOWS\SYSTEM32\D3D12Core.dll); driver 32.0.15.9186,false,1280,720,assets/heightmaps/Hm_Terrain_Peking_513.png,547,547,80.000,12.000,20,0.250,0.100,200000,false,46,64,0.730,0.021,-7.212,20.740,-57.550,0.434,215505,215505,5053,5053,593,3206,12038,0,0,0,0,0,0,0,0,0,0,0,0,0,0.000,0.055,0.048,0.000,0.000,0.000,0.000,0.000,0.000,0.000,0.000,0.000,0.000,0.000,0.000,0.000,0.000,0.000,0.000,0.000,0.000,0.000,0.000,0.000,0.000,0.000,0.181,0.177,0,428,0.046,0.016,0.015,0.001,20,1048576,2.050,Off,ModifiedOnly,1,71,69,69,69,2,false,215499,833077,4460,7578,5182,4989,3206,6400,6373,12,3194,4930,59,58,6,0.163,0.000,0.000,0.003,0.012,0.011,0.013,0.009,0.008,0.005,0.004,0.006,0.005,0.002,0.002,0.001,0.013,0.014,0.001,0.051
CBT 2024,cbt_2024_official_baseline_v1,Release,D3D12,NVIDIA GeForce RTX 5090 D,Direct3D 12 (feature level 12_0); requested Agility SDK 614; runtime 6.2.26100.8972 (C:\WINDOWS\SYSTEM32\D3D12Core.dll); driver 32.0.15.9186,false,1280,720,assets/heightmaps/Hm_Terrain_Peking_513.png,547,547,80.000,12.000,20,0.250,0.100,200000,false,47,64,0.746,0.021,-1.446,20.150,-57.982,0.463,214977,214977,5318,5318,559,2994,12083,0,0,0,0,0,0,0,0,0,0,0,0,0,0.000,0.065,0.060,0.000,0.000,0.000,0.000,0.000,0.000,0.000,0.000,0.000,0.000,0.000,0.000,0.000,0.000,0.000,0.000,0.000,0.000,0.000,0.000,0.000,0.000,0.000,0.137,0.183,0,428,0.048,0.016,0.017,0.001,20,1048576,2.050,Off,ModifiedOnly,1,72,70,70,70,2,false,214971,833605,4759,7324,5432,5261,2994,5960,5931,28,2966,5210,51,51,6,0.168,0.000,0.000,0.003,0.012,0.011,0.015,0.010,0.008,0.005,0.005,0.006,0.005,0.002,0.002,0.001,0.013,0.016,0.001,0.052
CBT 2024,cbt_2024_official_baseline_v1,Release,D3D12,NVIDIA GeForce RTX 5090 D,Direct3D 12 (feature level 12_0); requested Agility SDK 614; runtime 6.2.26100.8972 (C:\WINDOWS\SYSTEM32\D3D12Core.dll); driver 32.0.15.9186,false,1280,720,assets/heightmaps/Hm_Terrain_Peking_513.png,547,547,80.000,12.000,20,0.250,0.100,200000,false,48,64,0.762,0.021,4.334,19.553,-57.838,0.409,212662,212662,4830,4830,483,3643,13018,0,0,0,0,0,0,0,0,0,0,0,0,0,0.000,0.053,0.049,0.000,0.000,0.000,0.000,0.000,0.000,0.000,0.000,0.000,0.000,0.000,0.000,0.000,0.000,0.000,0.000,0.000,0.000,0.000,0.000,0.000,0.000,0.000,0.150,0.182,0,428,0.047,0.016,0.016,0.001,20,1048576,2.050,Off,ModifiedOnly,1,73,71,71,71,2,false,212656,835920,4347,8671,4947,4772,3643,7262,7236,24,3619,4718,54,53,5,0.168,0.000,0.000,0.003,0.012,0.011,0.014,0.009,0.008,0.005,0.004,0.006,0.005,0.002,0.002,0.001,0.013,0.016,0.001,0.053
CBT 2024,cbt_2024_official_baseline_v1,Release,D3D12,NVIDIA GeForce RTX 5090 D,Direct3D 12 (feature level 12_0); requested Agility SDK 614; runtime 6.2.26100.8972 (C:\WINDOWS\SYSTEM32\D3D12Core.dll); driver 32.0.15.9186,false,1280,720,assets/heightmaps/Hm_Terrain_Peking_513.png,547,547,80.000,12.000,20,0.250,0.100,200000,false,49,64,0.778,0.022,10.072,18.974,-57.119,0.401,209853,209853,3873,3873,395,3422,11664,0,0,0,0,0,0,0,0,0,0,0,0,0,0.000,0.054,0.050,0.000,0.000,0.000,0.000,0.000,0.000,0.000,0.000,0.000,0.000,0.000,0.000,0.000,0.000,0.000,0.000,0.000,0.000,0.000,0.000,0.000,0.000,0.000,0.174,0.182,0,428,0.048,0.016,0.016,0.001,20,1048576,2.050,Off,ModifiedOnly,1,74,72,72,72,2,false,209847,838729,3478,8186,4010,3805,3422,6819,6789,25,3397,3750,55,54,14,0.167,0.000,0.000,0.003,0.012,0.011,0.014,0.010,0.008,0.005,0.005,0.006,0.005,0.002,0.002,0.001,0.013,0.015,0.001,0.053
CBT 2024,cbt_2024_official_baseline_v1,Release,D3D12,NVIDIA GeForce RTX 5090 D,Direct3D 12 (feature level 12_0); requested Agility SDK 614; runtime 6.2.26100.8972 (C:\WINDOWS\SYSTEM32\D3D12Core.dll); driver 32.0.15.9186,false,1280,720,assets/heightmaps/Hm_Terrain_Peking_513.png,547,547,80.000,12.000,20,0.250,0.100,200000,false,50,64,0.794,0.022,15.709,18.436,-55.832,0.410,204854,204854,2846,2846,301,4003,11855,0,0,0,0,0,0,0,0,0,0,0,0,0,0.000,0.071,0.064,0.000,0.000,0.000,0.000,0.000,0.000,0.000,0.000,0.000,0.000,0.000,0.000,0.000,0.000,0.000,0.000,0.000,0.000,0.000,0.000,0.000,0.000,0.000,0.181,0.179,0,428,0.047,0.016,0.014,0.001,20,1048576,2.050,Off,ModifiedOnly,1,75,73,73,73,2,false,204848,843728,2545,9310,2987,2776,4003,7986,7965,20,3983,2714,62,61,9,0.165,0.000,0.000,0.003,0.012,0.011,0.014,0.009,0.008,0.005,0.005,0.006,0.005,0.002,0.002,0.001,0.013,0.014,0.001,0.053
CBT 2024,cbt_2024_official_baseline_v1,Release,D3D12,NVIDIA GeForce RTX 5090 D,Direct3D 12 (feature level 12_0); requested Agility SDK 614; runtime 6.2.26100.8972 (C:\WINDOWS\SYSTEM32\D3D12Core.dll); driver 32.0.15.9186,false,1280,720,assets/heightmaps/Hm_Terrain_Peking_513.png,547,547,80.000,12.000,20,0.250,0.100,200000,false,51,64,0.810,0.023,21.190,17.959,-53.991,0.483,201725,201725,3943,3943,408,3603,11950,0,0,0,0,0,0,0,0,0,0,0,0,0,0.000,0.058,0.054,0.000,0.000,0.000,0.000,0.000,0.000,0.000,0.000,0.000,0.000,0.000,0.000,0.000,0.000,0.000,0.000,0.000,0.000,0.000,0.000,0.000,0.000,0.000,0.118,0.183,0,428,0.049,0.016,0.015,0.001,20,1048576,2.050,Off,ModifiedOnly,1,76,74,74,74,2,false,201719,846857,3535,8415,4065,3881,3603,7194,7161,12,3591,3828,53,55,7,0.168,0.000,0.000,0.003,0.012,0.011,0.015,0.010,0.008,0.005,0.005,0.006,0.005,0.002,0.002,0.001,0.013,0.014,0.001,0.054
CBT 2024,cbt_2024_official_baseline_v1,Release,D3D12,NVIDIA GeForce RTX 5090 D,Direct3D 12 (feature level 12_0); requested Agility SDK 614; runtime 6.2.26100.8972 (C:\WINDOWS\SYSTEM32\D3D12Core.dll); driver 32.0.15.9186,false,1280,720,assets/heightmaps/Hm_Terrain_Peking_513.png,547,547,80.000,12.000,20,0.250,0.100,200000,false,52,64,0.825,0.023,26.460,17.564,-51.613,0.394,199288,199288,3900,3900,395,3254,11140,0,0,0,0,0,0,0,0,0,0,0,0,0,0.000,0.059,0.054,0.000,0.000,0.000,0.000,0.000,0.000,0.000,0.000,0.000,0.000,0.000,0.000,0.000,0.000,0.000,0.000,0.000,0.000,0.000,0.000,0.000,0.000,0.000,0.145,0.180,0,428,0.048,0.015,0.014,0.001,20,1048576,2.050,Off,ModifiedOnly,1,77,75,75,75,2,false,199282,849294,3505,7635,4041,3830,3254,6478,6453,30,3224,3775,55,54,16,0.165,0.000,0.000,0.003,0.012,0.011,0.015,0.009,0.008,0.005,0.004,0.006,0.005,0.002,0.002,0.001,0.013,0.014,0.001,0.053
CBT 2024,cbt_2024_official_baseline_v1,Release,D3D12,NVIDIA GeForce RTX 5090 D,Direct3D 12 (feature level 12_0); requested Agility SDK 614; runtime 6.2.26100.8972 (C:\WINDOWS\SYSTEM32\D3D12Core.dll); driver 32.0.15.9186,false,1280,720,assets/heightmaps/Hm_Terrain_Peking_513.png,547,547,80.000,12.000,20,0.250,0.100,200000,false,53,64,0.841,0.024,31.468,17.265,-48.722,0.408,196933,196933,3941,3941,433,3242,11098,0,0,0,0,0,0,0,0,0,0,0,0,0,0.000,0.056,0.051,0.000,0.000,0.000,0.000,0.000,0.000,0.000,0.000,0.000,0.000,0.000,0.000,0.000,0.000,0.000,0.000,0.000,0.000,0.000,0.000,0.000,0.000,0.000,0.158,0.182,0,428,0.051,0.015,0.015,0.001,20,1048576,2.050,Off,ModifiedOnly,1,78,76,76,76,2,false,196927,851649,3508,7590,4095,3864,3242,6450,6433,34,3208,3797,67,67,10,0.167,0.000,0.000,0.003,0.012,0.011,0.017,0.009,0.008,0.005,0.004,0.006,0.005,0.002,0.002,0.001,0.013,0.015,0.001,0.052
CBT 2024,cbt_2024_official_baseline_v1,Release,D3D12,NVIDIA GeForce RTX 5090 D,Direct3D 12 (feature level 12_0); requested Agility SDK 614; runtime 6.2.26100.8972 (C:\WINDOWS\SYSTEM32\D3D12Core.dll); driver 32.0.15.9186,false,1280,720,assets/heightmaps/Hm_Terrain_Peking_513.png,547,547,80.000,12.000,20,0.250,0.100,200000,false,54,64,0.857,0.024,36.162,17.075,-45.346,0.427,195380,195380,5087,5087,527,3417,12649,0,0,0,0,0,0,0,0,0,0,0,0,0,0.000,0.066,0.061,0.000,0.000,0.000,0.000,0.000,0.000,0.000,0.000,0.000,0.000,0.000,0.000,0.000,0.000,0.000,0.000,0.000,0.000,0.000,0.000,0.000,0.000,0.000,0.116,0.179,0,428,0.047,0.016,0.017,0.002,20,1048576,2.050,Off,ModifiedOnly,1,79,77,77,77,2,false,195374,853202,4560,8089,5259,5000,3417,6812,6795,22,3395,4925,75,77,10,0.165,0.000,0.000,0.003,0.012,0.011,0.015,0.008,0.008,0.005,0.004,0.006,0.005,0.002,0.002,0.001,0.013,0.016,0.002,0.051
CBT 2024,cbt_2024_official_baseline_v1,Release,D3D12,NVIDIA GeForce RTX 5090 D,Direct3D 12 (feature level 12_0); requested Agility SDK 614; runtime 6.2.26100.8972 (C:\WINDOWS\SYSTEM32\D3D12Core.dll); driver 32.0.15.9186,false,1280,720,assets/heightmaps/Hm_Terrain_Peking_513.png,547,547,80.000,12.000,20,0.250,0.100,200000,false,55,64,0.873,0.024,40.498,17.001,-41.520,0.407,192610,192610,4821,4821,394,3899,13440,0,0,0,0,0,0,0,0,0,0,0,0,0,0.000,0.057,0.053,0.000,0.000,0.000,0.000,0.000,0.000,0.000,0.000,0.000,0.000,0.000,0.000,0.000,0.000,0.000,0.000,0.000,0.000,0.000,0.000,0.000,0.000,0.000,0.162,0.218,0,428,0.049,0.016,0.055,0.001,20,1048576,2.050,Off,ModifiedOnly,1,80,78,78,78,2,false,192604,855972,4427,9013,5009,4727,3899,7779,7763,19,3880,4648,79,79,15,0.203,0.000,0.000,0.003,0.012,0.012,0.015,0.009,0.008,0.005,0.004,0.006,0.005,0.002,0.002,0.001,0.013,0.055,0.001,0.050
CBT 2024,cbt_2024_official_baseline_v1,Release,D3D12,NVIDIA GeForce RTX 5090 D,Direct3D 12 (feature level 12_0); requested Agility SDK 614; runtime 6.2.26100.8972 (C:\WINDOWS\SYSTEM32\D3D12Core.dll); driver 32.0.15.9186,false,1280,720,assets/heightmaps/Hm_Terrain_Peking_513.png,547,547,80.000,12.000,20,0.250,0.100,200000,false,56,64,0.889,0.025,44.431,17.046,-37.282,0.420,191494,191494,5215,5215,464,3284,12471,0,0,0,0,0,0,0,0,0,0,0,0,0,0.000,0.067,0.061,0.000,0.000,0.000,0.000,0.000,0.000,0.000,0.000,0.000,0.000,0.000,0.000,0.000,0.000,0.000,0.000,0.000,0.000,0.000,0.000,0.000,0.000,0.000,0.162,0.179,0,428,0.050,0.016,0.016,0.001,20,1048576,2.050,Off,ModifiedOnly,1,81,79,79,79,2,false,191488,857088,4751,7720,5427,5107,3284,6543,6527,25,3259,5014,93,97,11,0.165,0.000,0.000,0.003,0.011,0.012,0.015,0.010,0.008,0.005,0.005,0.006,0.005,0.002,0.002,0.001,0.013,0.016,0.001,0.050
CBT 2024,cbt_2024_official_baseline_v1,Release,D3D12,NVIDIA GeForce RTX 5090 D,Direct3D 12 (feature level 12_0); requested Agility SDK 614; runtime 6.2.26100.8972 (C:\WINDOWS\SYSTEM32\D3D12Core.dll); driver 32.0.15.9186,false,1280,720,assets/heightmaps/Hm_Terrain_Peking_513.png,547,547,80.000,12.000,20,0.250,0.100,200000,false,57,64,0.905,0.025,47.922,17.207,-32.673,0.465,192298,192298,6293,6293,528,2889,12710,0,0,0,0,0,0,0,0,0,0,0,0,0,0.000,0.059,0.054,0.000,0.000,0.000,0.000,0.000,0.000,0.000,0.000,0.000,0.000,0.000,0.000,0.000,0.000,0.000,0.000,0.000,0.000,0.000,0.000,0.000,0.000,0.000,0.114,0.181,0,428,0.050,0.016,0.017,0.001,20,1048576,2.050,Off,ModifiedOnly,1,82,80,80,80,2,false,192292,856284,5765,6945,6560,6158,2889,5756,5736,22,2867,6042,116,119,16,0.167,0.000,0.000,0.003,0.012,0.012,0.017,0.009,0.008,0.005,0.005,0.006,0.005,0.002,0.002,0.001,0.013,0.017,0.001,0.049
CBT 2024,cbt_2024_official_baseline_v1,Release,D3D12,NVIDIA GeForce RTX 5090 D,Direct3D 12 (feature level 12_0); requested Agility SDK 614; runtime 6.2.26100.8972 (C:\WINDOWS\SYSTEM32\D3D12Core.dll); driver 32.0.15.9186,false,1280,720,assets/heightmaps/Hm_Terrain_Peking_513.png,547,547,80.000,12.000,20,0.250,0.100,200000,false,58,64,0.921,0.026,50.937,17.480,-27.739,0.375,193579,193579,7142,7142,508,3086,13884,0,0,0,0,0,0,0,0,0,0,0,0,0,0.000,0.090,0.084,0.000,0.000,0.000,0.000,0.000,0.000,0.000,0.000,0.000,0.000,0.000,0.000,0.000,0.000,0.000,0.000,0.000,0.000,0.000,0.000,0.000,0.000,0.000,0.163,0.184,0,428,0.050,0.016,0.019,0.001,20,1048576,2.050,Off,ModifiedOnly,1,83,81,81,81,2,false,193573,855003,6634,7250,7434,6993,3086,6153,6120,19,3067,6871,122,128,21,0.169,0.000,0.000,0.003,0.012,0.011,0.016,0.009,0.008,0.005,0.005,0.006,0.005,0.002,0.002,0.001,0.013,0.019,0.001,0.050
CBT 2024,cbt_2024_official_baseline_v1,Release,D3D12,NVIDIA GeForce RTX 5090 D,Direct3D 12 (feature level 12_0); requested Agility SDK 614; runtime 6.2.26100.8972 (C:\WINDOWS\SYSTEM32\D3D12Core.dll); driver 32.0.15.9186,false,1280,720,assets/heightmaps/Hm_Terrain_Peking_513.png,547,547,80.000,12.000,20,0.250,0.100,200000,false,59,64,0.937,0.026,53.446,17.852,-22.529,0.493,194803,194803,7420,7420,471,3267,14460,0,0,0,0,0,0,0,0,0,0,0,0,0,0.000,0.059,0.055,0.000,0.000,0.000,0.000,0.000,0.000,0.000,0.000,0.000,0.000,0.000,0.000,0.000,0.000,0.000,0.000,0.000,0.000,0.000,0.000,0.000,0.000,0.000,0.092,0.186,0,428,0.053,0.016,0.019,0.002,20,1048576,2.050,Off,ModifiedOnly,1,84,82,82,82,2,false,194797,853779,6949,7511,7723,7269,3267,6499,6488,35,3232,7139,130,129,22,0.172,0.000,0.000,0.003,0.012,0.013,0.018,0.009,0.008,0.005,0.005,0.006,0.005,0.002,0.002,0.001,0.013,0.019,0.002,0.050
CBT 2024,cbt_2024_official_baseline_v1,Release,D3D12,NVIDIA GeForce RTX 5090 D,Direct3D 12 (feature level 12_0); requested Agility SDK 614; runtime 6.2.26100.8972 (C:\WINDOWS\SYSTEM32\D3D12Core.dll); driver 32.0.15.9186,false,1280,720,assets/heightmaps/Hm_Terrain_Peking_513.png,547,547,80.000,12.000,20,0.250,0.100,200000,false,60,64,0.952,0.026,55.423,18.310,-17.096,0.359,197364,197364,8457,8457,583,3075,15066,0,0,0,0,0,0,0,0,0,0,0,0,0,0.000,0.114,0.107,0.000,0.000,0.000,0.000,0.000,0.000,0.000,0.000,0.000,0.000,0.000,0.000,0.000,0.000,0.000,0.000,0.000,0.000,0.000,0.000,0.000,0.000,0.000,0.410,0.420,0,428,0.050,0.016,0.019,0.001,20,1048576,2.050,Off,ModifiedOnly,1,85,83,83,83,2,false,197358,851218,7874,7192,8703,8333,3075,6142,6135,8,3067,8228,105,107,17,0.406,0.000,0.000,0.003,0.012,0.012,0.016,0.009,0.008,0.005,0.004,0.006,0.005,0.002,0.002,0.001,0.013,0.019,0.001,0.286
CBT 2024,cbt_2024_official_baseline_v1,Release,D3D12,NVIDIA GeForce RTX 5090 D,Direct3D 12 (feature level 12_0); requested Agility SDK 614; runtime 6.2.26100.8972 (C:\WINDOWS\SYSTEM32\D3D12Core.dll); driver 32.0.15.9186,false,1280,720,assets/heightmaps/Hm_Terrain_Peking_513.png,547,547,80.000,12.000,20,0.250,0.100,200000,false,61,64,0.968,0.027,56.850,18.835,-11.492,0.884,199553,199553,7438,7438,510,2725,13336,0,0,0,0,0,0,0,0,0,0,0,0,0,0.000,0.069,0.064,0.000,0.000,0.000,0.000,0.000,0.000,0.000,0.000,0.000,0.000,0.000,0.000,0.000,0.000,0.000,0.000,0.000,0.000,0.000,0.000,0.000,0.000,0.000,0.000,0.187,0,428,0.052,0.015,0.018,0.001,20,1048576,2.050,Off,ModifiedOnly,1,86,84,84,84,2,false,199547,849029,6928,6408,7632,7340,2725,5443,5406,7,2718,7268,72,74,24,0.172,0.000,0.000,0.003,0.013,0.013,0.016,0.010,0.008,0.005,0.004,0.006,0.005,0.002,0.002,0.001,0.013,0.018,0.001,0.052
CBT 2024,cbt_2024_official_baseline_v1,Release,D3D12,NVIDIA GeForce RTX 5090 D,Direct3D 12 (feature level 12_0); requested Agility SDK 614; runtime 6.2.26100.8972 (C:\WINDOWS\SYSTEM32\D3D12Core.dll); driver 32.0.15.9186,false,1280,720,assets/heightmaps/Hm_Terrain_Peking_513.png,547,547,80.000,12.000,20,0.250,0.100,200000,false,62,64,0.984,0.028,57.712,19.406,-5.775,0.220,201217,201217,6218,6218,464,2367,11551,0,0,0,0,0,0,0,0,0,0,0,0,0,0.000,0.052,0.046,0.000,0.000,0.000,0.000,0.000,0.000,0.000,0.000,0.000,0.000,0.000,0.000,0.000,0.000,0.000,0.000,0.000,0.000,0.000,0.000,0.000,0.000,0.000,0.145,0.182,0,428,0.049,0.015,0.016,0.001,20,1048576,2.050,Off,ModifiedOnly,1,87,85,85,85,2,false,201211,847365,5754,5797,6373,6141,2367,4709,4689,25,2342,6079,62,61,16,0.168,0.000,0.000,0.003,0.012,0.011,0.016,0.009,0.008,0.005,0.004,0.006,0.005,0.002,0.002,0.001,0.013,0.016,0.001,0.053
CBT 2024,cbt_2024_official_baseline_v1,Release,D3D12,NVIDIA GeForce RTX 5090 D,Direct3D 12 (feature level 12_0); requested Agility SDK 614; runtime 6.2.26100.8972 (C:\WINDOWS\SYSTEM32\D3D12Core.dll); driver 32.0.15.9186,false,1280,720,assets/heightmaps/Hm_Terrain_Peking_513.png,547,547,80.000,12.000,20,0.250,0.100,200000,false,63,64,1.000,0.028,58.000,20.000,0.000,0.392,199121,199121,3825,3825,388,3044,10678,0,0,0,0,0,0,0,0,0,0,0,0,0,0.000,0.131,0.122,0.000,0.000,0.000,0.000,0.000,0.000,0.000,0.000,0.000,0.000,0.000,0.000,0.000,0.000,0.000,0.000,0.000,0.000,0.000,0.000,0.000,0.000,0.000,0.186,0.189,0,428,0.050,0.016,0.024,0.001,20,1048576,2.050,Off,ModifiedOnly,1,88,86,86,86,2,false,199115,849461,3437,7241,3974,3751,3044,6070,6040,18,3026,3698,53,52,22,0.175,0.000,0.000,0.003,0.012,0.011,0.015,0.009,0.008,0.005,0.004,0.006,0.005,0.002,0.002,0.001,0.013,0.023,0.001,0.051
