algorithm,algorithmKey,buildConfiguration,graphicsBackend,graphicsAdapter,graphicsVersion,vSyncEnabled,drawableWidth,drawableHeight,heightMapPath,heightMapWidth,heightMapHeight,terrainSize,heightScale,maxDepthSetting,screenSpaceSplitThresholdPixels,screenSpaceMergeThresholdPixels,triangleBudget,dodParallelSplitEnabled,pathSampleIndex,pathSampleCount,pathProgress,timeSeconds,cameraX,cameraY,cameraZ,frameMilliseconds,triangles,nodes,activeSplits,splits,forcedSplits,merges,candidatePeak,persistentSplitQueueSize,persistentMergeQueueSize,queueCrossoverCount,queueMembershipUpdateCount,cpuMeshFullRebuildCount,cpuMeshUpdatedTriangleCount,cpuMeshReusedTriangleCount,cpuMeshDirtyRangeCount,budgetRejectedSplits,tjunctions,invalidNeighbors,invalidTopology,cpuWorkers,cpuUtilizationPercent,lodTotalMilliseconds,cpuUpdateMilliseconds,cpuPrepareMilliseconds,cpuMergeCandidateMarkMilliseconds,cpuMergeTopologyMilliseconds,cpuBudgetLeafCollectMilliseconds,cpuErrorEvalMilliseconds,cpuSplitCandidateMarkMilliseconds,cpuSplitTopologyMilliseconds,cpuSplitTopologyChunkBuildMilliseconds,cpuSplitTopologyQueueInvalidationMilliseconds,cpuSplitTopologyParallelCommitMilliseconds,cpuSplitTopologyResultMergeMilliseconds,cpuSplitTopologyIndexQueueRefreshMilliseconds,cpuSplitTopologySerialConvergenceMilliseconds,cpuMergeTopologyChunkBuildMilliseconds,cpuMergeTopologyQueueInvalidationMilliseconds,cpuMergeTopologyParallelCommitMilliseconds,cpuMergeTopologyResultMergeMilliseconds,cpuMergeTopologyIndexQueueRefreshMilliseconds,cpuMergeTopologySerialConvergenceMilliseconds,cpuFinalLeafCollectMilliseconds,cpuMeshEmitMilliseconds,cpuFinalizeMilliseconds,cpuUploadMilliseconds,frameFenceWaitMilliseconds,renderMilliseconds,cpuGpuUploadBytes,cpuGpuReadbackBytes,splitMilliseconds,mergeMilliseconds,emitMilliseconds,validateMilliseconds,maxDepthReached,cbtCapacity,cbtTriangleAreaPixels,cbtValidationMode,cbtGeometryMode,cbtResourceGeneration,cbtTopologyGeneration,cbtDiagnosticSampleGeneration,cbtGpuTimingSampleGeneration,cbtTerrainRenderSampleGeneration,cbtDiagnosticSampleAge,cbtDiagnosticSampleDropped,cbtActiveDynamicSlots,cbtRemainingDynamicSlots,cbtSplitCandidates,cbtSimplifyCandidates,cbtCommittedSlots,cbtSplitPropagation,cbtPreparedSimplification,cbtReleasedSlots,cbtSimplifyPropagation,cbtPairMerges,cbtQuadMerges,cbtTemplateCenter,cbtTemplateRight,cbtTemplateLeft,cbtTemplateTriple,cbtGpuStageSumMilliseconds,cbtBlockingValidationWaitMilliseconds,cbtGpuclassificationGeometryMilliseconds,cbtGpuresetMilliseconds,cbtGpuclassifyMilliseconds,cbtGpusplitMilliseconds,cbtGpuallocateMilliseconds,cbtGpuneighborCopyMilliseconds,cbtGpubisectMilliseconds,cbtGpupropagateBisectMilliseconds,cbtGpuprepareSimplifyMilliseconds,cbtGpusimplifyMilliseconds,cbtGpupropagateSimplifyMilliseconds,cbtGpureducePreMilliseconds,cbtGpureduceFirstMilliseconds,cbtGpureduceSecondMilliseconds,cbtGpuindexationMilliseconds,cbtGpurenderGeometryMilliseconds,cbtGpuvalidationMilliseconds,cbtGputerrainRenderMilliseconds
Classic CPU ROAM,classic_cpu_roam,Release,D3D12,NVIDIA GeForce RTX 5090 D,Direct3D 12 (feature level 12_0); requested Agility SDK 614; runtime 6.2.26100.8972 (C:\WINDOWS\SYSTEM32\D3D12Core.dll); driver 32.0.15.9186,false,2048,1129,assets/heightmaps/Hm_Terrain_Peking_513.png,547,547,80.000,12.000,20,0.250,0.100,200000,false,0,64,0.000,0.000,58.000,20.000,0.000,105.192,200000,399998,199998,0,0,0,233547,200000,33547,0,0,0,0,200000,0,1,0,0,0,1,104.159,105.018,105.006,2.167,12.709,0.000,0.000,0.000,38.579,0.000,0.000,0.000,0.000,0.000,0.000,0.000,0.000,0.000,0.000,0.000,0.000,0.000,0.000,0.861,50.688,0.003,0.000,0.409,0,0,38.579,12.709,0.861,0.000,20,0,0.000,Off,ModifiedOnly,0,0,0,0,0,0,false,0,0,0,0,0,0,0,0,0,0,0,0,0,0,0,0.000,0.000,0.000,0.000,0.000,0.000,0.000,0.000,0.000,0.000,0.000,0.000,0.000,0.000,0.000,0.000,0.000,0.000,0.000,0.000
Classic CPU ROAM,classic_cpu_roam,Release,D3D12,NVIDIA GeForce RTX 5090 D,Direct3D 12 (feature level 12_0); requested Agility SDK 614; runtime 6.2.26100.8972 (C:\WINDOWS\SYSTEM32\D3D12Core.dll); driver 32.0.15.9186,false,2048,1129,assets/heightmaps/Hm_Terrain_Peking_513.png,547,547,80.000,12.000,20,0.250,0.100,200000,false,1,64,0.016,0.106,57.712,20.594,5.775,105.624,200000,427368,199998,13685,6900,13685,233767,200000,33647,6040,159376,0,43526,156474,13125,3870,0,0,0,1,105.454,164.825,162.884,2.376,12.954,14.839,0.000,0.000,39.094,22.818,0.000,0.000,0.000,0.000,0.000,22.818,0.000,0.000,0.000,0.000,0.000,0.000,0.000,19.250,51.551,1.821,0.000,0.513,7312368,0,61.912,27.794,19.250,0.000,20,0,0.000,Off,ModifiedOnly,0,0,0,0,0,0,false,0,0,0,0,0,0,0,0,0,0,0,0,0,0,0,0.000,0.000,0.000,0.000,0.000,0.000,0.000,0.000,0.000,0.000,0.000,0.000,0.000,0.000,0.000,0.000,0.000,0.000,0.000,0.000
Classic CPU ROAM,classic_cpu_roam,Release,D3D12,NVIDIA GeForce RTX 5090 D,Direct3D 12 (feature level 12_0); requested Agility SDK 614; runtime 6.2.26100.8972 (C:\WINDOWS\SYSTEM32\D3D12Core.dll); driver 32.0.15.9186,false,2048,1129,assets/heightmaps/Hm_Terrain_Peking_513.png,547,547,80.000,12.000,20,0.250,0.100,200000,false,2,64,0.032,0.271,56.850,21.165,11.492,165.453,200000,455414,199998,14446,7328,14446,233838,200000,33704,4265,170461,0,75720,124280,18031,2412,0,0,0,1,100.059,175.793,171.646,3.896,13.112,14.003,0.000,0.000,39.223,25.263,0.000,0.000,0.000,0.000,0.000,25.263,0.000,0.000,0.000,0.000,0.000,0.000,0.000,23.440,52.709,3.995,0.000,0.563,12797568,0,64.486,27.114,23.440,0.000,20,0,0.000,Off,ModifiedOnly,0,0,0,0,0,0,false,0,0,0,0,0,0,0,0,0,0,0,0,0,0,0,0.000,0.000,0.000,0.000,0.000,0.000,0.000,0.000,0.000,0.000,0.000,0.000,0.000,0.000,0.000,0.000,0.000,0.000,0.000,0.000
Classic CPU ROAM,classic_cpu_roam,Release,D3D12,NVIDIA GeForce RTX 5090 D,Direct3D 12 (feature level 12_0); requested Agility SDK 614; runtime 6.2.26100.8972 (C:\WINDOWS\SYSTEM32\D3D12Core.dll); driver 32.0.15.9186,false,2048,1129,assets/heightmaps/Hm_Terrain_Peking_513.png,547,547,80.000,12.000,20,0.250,0.100,200000,false,3,64,0.048,0.447,55.423,21.690,17.096,176.410,200000,484810,199998,15418,7882,15418,234099,200000,33915,3895,184041,0,79547,120453,19299,1640,0,0,0,1,104.193,187.892,179.827,5.130,14.338,15.012,0.000,0.000,39.768,28.184,0.000,0.000,0.000,0.000,0.000,28.184,0.000,0.000,0.000,0.000,0.000,0.000,0.000,25.256,52.138,7.912,0.000,0.492,17871168,0,67.951,29.350,25.256,0.000,20,0,0.000,Off,ModifiedOnly,0,0,0,0,0,0,false,0,0,0,0,0,0,0,0,0,0,0,0,0,0,0,0.000,0.000,0.000,0.000,0.000,0.000,0.000,0.000,0.000,0.000,0.000,0.000,0.000,0.000,0.000,0.000,0.000,0.000,0.000,0.000
Classic CPU ROAM,classic_cpu_roam,Release,D3D12,NVIDIA GeForce RTX 5090 D,Direct3D 12 (feature level 12_0); requested Agility SDK 614; runtime 6.2.26100.8972 (C:\WINDOWS\SYSTEM32\D3D12Core.dll); driver 32.0.15.9186,false,2048,1129,assets/heightmaps/Hm_Terrain_Peking_513.png,547,547,80.000,12.000,20,0.250,0.100,200000,false,4,64,0.063,0.636,53.446,22.148,22.529,188.884,200000,516248,199998,16567,8420,16567,234303,200000,34123,4247,200382,0,83336,116664,19317,1657,0,0,0,1,102.283,186.829,183.206,5.145,13.309,15.747,0.000,0.000,39.789,29.244,0.000,0.000,0.000,0.000,0.000,29.244,0.000,0.000,0.000,0.000,0.000,0.000,0.000,26.948,53.024,3.491,0.000,0.436,18743424,0,69.033,29.056,26.948,0.000,20,0,0.000,Off,ModifiedOnly,0,0,0,0,0,0,false,0,0,0,0,0,0,0,0,0,0,0,0,0,0,0,0.000,0.000,0.000,0.000,0.000,0.000,0.000,0.000,0.000,0.000,0.000,0.000,0.000,0.000,0.000,0.000,0.000,0.000,0.000,0.000
Classic CPU ROAM,classic_cpu_roam,Release,D3D12,NVIDIA GeForce RTX 5090 D,Direct3D 12 (feature level 12_0); requested Agility SDK 614; runtime 6.2.26100.8972 (C:\WINDOWS\SYSTEM32\D3D12Core.dll); driver 32.0.15.9186,false,2048,1129,assets/heightmaps/Hm_Terrain_Peking_513.png,547,547,80.000,12.000,20,0.250,0.100,200000,false,5,64,0.079,0.824,50.937,22.520,27.739,187.416,200000,546298,199998,16457,8355,16457,234468,200000,34158,4077,195573,0,83123,116877,20475,2264,0,0,0,1,103.159,185.550,181.618,5.158,13.438,15.547,0.000,0.000,40.059,28.534,0.000,0.000,0.000,0.000,0.000,28.534,0.000,0.000,0.000,0.000,0.000,0.000,0.000,26.713,52.167,3.766,0.000,1.110,18685296,0,68.593,28.985,26.713,0.000,20,0,0.000,Off,ModifiedOnly,0,0,0,0,0,0,false,0,0,0,0,0,0,0,0,0,0,0,0,0,0,0,0.000,0.000,0.000,0.000,0.000,0.000,0.000,0.000,0.000,0.000,0.000,0.000,0.000,0.000,0.000,0.000,0.000,0.000,0.000,0.000
Classic CPU ROAM,classic_cpu_roam,Release,D3D12,NVIDIA GeForce RTX 5090 D,Direct3D 12 (feature level 12_0); requested Agility SDK 614; runtime 6.2.26100.8972 (C:\WINDOWS\SYSTEM32\D3D12Core.dll); driver 32.0.15.9186,false,2048,1129,assets/heightmaps/Hm_Terrain_Peking_513.png,547,547,80.000,12.000,20,0.250,0.100,200000,false,6,64,0.095,1.010,47.922,22.793,32.673,186.178,200000,574082,199998,15496,7849,15496,234509,200000,34114,4361,184208,0,82831,117169,21560,1948,0,0,0,1,102.497,186.429,182.807,7.088,13.604,15.060,0.000,0.000,40.884,27.031,0.000,0.000,0.000,0.000,0.000,27.031,0.000,0.000,0.000,0.000,0.000,0.000,0.000,25.806,53.332,3.470,0.000,1.077,18509400,0,67.915,28.664,25.806,0.000,20,0,0.000,Off,ModifiedOnly,0,0,0,0,0,0,false,0,0,0,0,0,0,0,0,0,0,0,0,0,0,0,0.000,0.000,0.000,0.000,0.000,0.000,0.000,0.000,0.000,0.000,0.000,0.000,0.000,0.000,0.000,0.000,0.000,0.000,0.000,0.000
Classic CPU ROAM,classic_cpu_roam,Release,D3D12,NVIDIA GeForce RTX 5090 D,Direct3D 12 (feature level 12_0); requested Agility SDK 614; runtime 6.2.26100.8972 (C:\WINDOWS\SYSTEM32\D3D12Core.dll); driver 32.0.15.9186,false,2048,1129,assets/heightmaps/Hm_Terrain_Peking_513.png,547,547,80.000,12.000,20,0.250,0.100,200000,false,7,64,0.111,1.197,44.431,22.954,37.282,187.445,200000,601646,199998,15837,8018,15837,234508,200000,34186,5332,189922,0,83781,116219,22035,2519,0,0,0,1,103.776,184.277,180.521,5.314,13.630,16.067,0.000,0.000,40.342,27.105,0.000,0.000,0.000,0.000,0.000,27.105,0.000,0.000,0.000,0.000,0.000,0.000,0.000,26.342,51.719,3.573,0.000,1.091,18885888,0,67.447,29.697,26.342,0.000,20,0,0.000,Off,ModifiedOnly,0,0,0,0,0,0,false,0,0,0,0,0,0,0,0,0,0,0,0,0,0,0,0.000,0.000,0.000,0.000,0.000,0.000,0.000,0.000,0.000,0.000,0.000,0.000,0.000,0.000,0.000,0.000,0.000,0.000,0.000,0.000
Classic CPU ROAM,classic_cpu_roam,Release,D3D12,NVIDIA GeForce RTX 5090 D,Direct3D 12 (feature level 12_0); requested Agility SDK 614; runtime 6.2.26100.8972 (C:\WINDOWS\SYSTEM32\D3D12Core.dll); driver 32.0.15.9186,false,2048,1129,assets/heightmaps/Hm_Terrain_Peking_513.png,547,547,80.000,12.000,20,0.250,0.100,200000,false,8,64,0.127,1.382,40.498,22.999,41.520,184.930,200000,628588,199998,15915,8055,15915,234377,200000,34209,6104,185613,0,85641,114359,23118,2866,0,0,0,1,101.303,188.897,184.951,5.802,13.651,17.035,0.000,0.000,40.871,26.425,0.000,0.000,0.000,0.000,0.000,26.425,0.000,0.000,0.000,0.000,0.000,0.000,0.000,26.763,54.403,3.780,0.000,0.932,19157208,0,67.296,30.686,26.763,0.000,20,0,0.000,Off,ModifiedOnly,0,0,0,0,0,0,false,0,0,0,0,0,0,0,0,0,0,0,0,0,0,0,0.000,0.000,0.000,0.000,0.000,0.000,0.000,0.000,0.000,0.000,0.000,0.000,0.000,0.000,0.000,0.000,0.000,0.000,0.000,0.000
Classic CPU ROAM,classic_cpu_roam,Release,D3D12,NVIDIA GeForce RTX 5090 D,Direct3D 12 (feature level 12_0); requested Agility SDK 614; runtime 6.2.26100.8972 (C:\WINDOWS\SYSTEM32\D3D12Core.dll); driver 32.0.15.9186,false,2048,1129,assets/heightmaps/Hm_Terrain_Peking_513.png,547,547,80.000,12.000,20,0.250,0.100,200000,false,9,64,0.143,1.572,36.162,22.925,45.346,189.951,200000,654506,199998,16019,8080,16019,234312,200000,34044,6626,186273,0,86784,113216,23720,4250,0,0,0,1,100.205,190.934,186.968,6.767,14.310,18.384,0.000,0.000,41.806,27.125,0.000,0.000,0.000,0.000,0.000,27.125,0.000,0.000,0.000,0.000,0.000,0.000,0.000,27.085,51.490,3.787,0.000,1.089,19644408,0,68.931,32.694,27.085,0.000,20,0,0.000,Off,ModifiedOnly,0,0,0,0,0,0,false,0,0,0,0,0,0,0,0,0,0,0,0,0,0,0,0.000,0.000,0.000,0.000,0.000,0.000,0.000,0.000,0.000,0.000,0.000,0.000,0.000,0.000,0.000,0.000,0.000,0.000,0.000,0.000
Classic CPU ROAM,classic_cpu_roam,Release,D3D12,NVIDIA GeForce RTX 5090 D,Direct3D 12 (feature level 12_0); requested Agility SDK 614; runtime 6.2.26100.8972 (C:\WINDOWS\SYSTEM32\D3D12Core.dll); driver 32.0.15.9186,false,2048,1129,assets/heightmaps/Hm_Terrain_Peking_513.png,547,547,80.000,12.000,20,0.250,0.100,200000,false,10,64,0.159,1.764,31.468,22.735,48.722,191.542,200000,678776,199998,15560,7909,15560,234065,200000,33861,6826,183029,0,86220,113780,23853,3662,0,0,0,1,103.737,184.745,180.604,5.267,13.605,17.618,0.000,0.000,40.342,25.373,0.000,0.000,0.000,0.000,0.000,25.373,0.000,0.000,0.000,0.000,0.000,0.000,0.000,26.545,51.852,3.970,0.000,1.096,19585440,0,65.715,31.223,26.545,0.000,20,0,0.000,Off,ModifiedOnly,0,0,0,0,0,0,false,0,0,0,0,0,0,0,0,0,0,0,0,0,0,0,0.000,0.000,0.000,0.000,0.000,0.000,0.000,0.000,0.000,0.000,0.000,0.000,0.000,0.000,0.000,0.000,0.000,0.000,0.000,0.000
Classic CPU ROAM,classic_cpu_roam,Release,D3D12,NVIDIA GeForce RTX 5090 D,Direct3D 12 (feature level 12_0); requested Agility SDK 614; runtime 6.2.26100.8972 (C:\WINDOWS\SYSTEM32\D3D12Core.dll); driver 32.0.15.9186,false,2048,1129,assets/heightmaps/Hm_Terrain_Peking_513.png,547,547,80.000,12.000,20,0.250,0.100,200000,false,11,64,0.175,1.949,26.460,22.436,51.613,185.356,200000,700212,199998,14268,7308,14268,233867,200000,33756,6101,168545,0,84336,115664,24507,2647,0,0,0,1,105.674,181.477,177.272,4.941,13.638,16.343,0.000,0.000,40.309,24.522,0.000,0.000,0.000,0.000,0.000,24.522,0.000,0.000,0.000,0.000,0.000,0.000,0.000,25.116,52.402,4.016,0.000,1.074,19489008,0,64.831,29.981,25.116,0.000,20,0,0.000,Off,ModifiedOnly,0,0,0,0,0,0,false,0,0,0,0,0,0,0,0,0,0,0,0,0,0,0,0.000,0.000,0.000,0.000,0.000,0.000,0.000,0.000,0.000,0.000,0.000,0.000,0.000,0.000,0.000,0.000,0.000,0.000,0.000,0.000
Classic CPU ROAM,classic_cpu_roam,Release,D3D12,NVIDIA GeForce RTX 5090 D,Direct3D 12 (feature level 12_0); requested Agility SDK 614; runtime 6.2.26100.8972 (C:\WINDOWS\SYSTEM32\D3D12Core.dll); driver 32.0.15.9186,false,2048,1129,assets/heightmaps/Hm_Terrain_Peking_513.png,547,547,80.000,12.000,20,0.250,0.100,200000,false,12,64,0.190,2.131,21.190,22.041,53.991,182.118,200000,721238,199998,14417,7364,14417,233927,200000,33701,5594,170531,0,80690,119310,24378,2509,0,0,0,1,97.880,179.661,175.433,5.951,13.505,15.785,0.000,0.000,40.404,23.527,0.000,0.000,0.000,0.000,0.000,23.527,0.000,0.000,0.000,0.000,0.000,0.000,0.000,24.601,51.660,4.034,0.000,1.138,19101096,0,63.931,29.290,24.601,0.000,20,0,0.000,Off,ModifiedOnly,0,0,0,0,0,0,false,0,0,0,0,0,0,0,0,0,0,0,0,0,0,0,0.000,0.000,0.000,0.000,0.000,0.000,0.000,0.000,0.000,0.000,0.000,0.000,0.000,0.000,0.000,0.000,0.000,0.000,0.000,0.000
Classic CPU ROAM,classic_cpu_roam,Release,D3D12,NVIDIA GeForce RTX 5090 D,Direct3D 12 (feature level 12_0); requested Agility SDK 614; runtime 6.2.26100.8972 (C:\WINDOWS\SYSTEM32\D3D12Core.dll); driver 32.0.15.9186,false,2048,1129,assets/heightmaps/Hm_Terrain_Peking_513.png,547,547,80.000,12.000,20,0.250,0.100,200000,false,13,64,0.206,2.312,15.709,21.564,55.832,180.226,200000,744270,199998,15276,7779,15276,233842,200000,33642,5758,177463,0,82540,117460,24949,6558,0,0,0,1,103.456,185.241,181.020,6.108,13.508,16.793,0.000,0.000,40.168,26.044,0.000,0.000,0.000,0.000,0.000,26.044,0.000,0.000,0.000,0.000,0.000,0.000,0.000,26.026,52.371,3.975,0.000,1.010,18648504,0,66.212,30.301,26.026,0.000,20,0,0.000,Off,ModifiedOnly,0,0,0,0,0,0,false,0,0,0,0,0,0,0,0,0,0,0,0,0,0,0,0.000,0.000,0.000,0.000,0.000,0.000,0.000,0.000,0.000,0.000,0.000,0.000,0.000,0.000,0.000,0.000,0.000,0.000,0.000,0.000
Classic CPU ROAM,classic_cpu_roam,Release,D3D12,NVIDIA GeForce RTX 5090 D,Direct3D 12 (feature level 12_0); requested Agility SDK 614; runtime 6.2.26100.8972 (C:\WINDOWS\SYSTEM32\D3D12Core.dll); driver 32.0.15.9186,false,2048,1129,assets/heightmaps/Hm_Terrain_Peking_513.png,547,547,80.000,12.000,20,0.250,0.100,200000,false,14,64,0.222,2.497,10.072,21.026,57.119,185.834,200000,769730,199998,16362,8378,16362,233906,200000,33573,6036,190275,0,86611,113389,25474,3245,0,0,0,1,101.900,187.860,183.863,6.141,13.590,17.655,0.000,0.000,40.660,26.723,0.000,0.000,0.000,0.000,0.000,26.723,0.000,0.000,0.000,0.000,0.000,0.000,0.000,27.233,51.860,3.826,0.000,0.915,19324368,0,67.383,31.245,27.233,0.000,20,0,0.000,Off,ModifiedOnly,0,0,0,0,0,0,false,0,0,0,0,0,0,0,0,0,0,0,0,0,0,0,0.000,0.000,0.000,0.000,0.000,0.000,0.000,0.000,0.000,0.000,0.000,0.000,0.000,0.000,0.000,0.000,0.000,0.000,0.000,0.000
Classic CPU ROAM,classic_cpu_roam,Release,D3D12,NVIDIA GeForce RTX 5090 D,Direct3D 12 (feature level 12_0); requested Agility SDK 614; runtime 6.2.26100.8972 (C:\WINDOWS\SYSTEM32\D3D12Core.dll); driver 32.0.15.9186,false,2048,1129,assets/heightmaps/Hm_Terrain_Peking_513.png,547,547,80.000,12.000,20,0.250,0.100,200000,false,15,64,0.238,2.686,4.334,20.447,57.838,188.469,200000,795432,199998,16599,8406,16599,233653,200000,33436,5789,192327,0,86888,113112,25341,3196,0,0,0,1,101.691,188.389,184.240,5.154,13.540,17.816,0.000,0.000,40.790,27.137,0.000,0.000,0.000,0.000,0.000,27.137,0.000,0.000,0.000,0.000,0.000,0.000,0.000,27.723,52.079,3.977,0.000,1.059,19491360,0,67.927,31.356,27.723,0.000,20,0,0.000,Off,ModifiedOnly,0,0,0,0,0,0,false,0,0,0,0,0,0,0,0,0,0,0,0,0,0,0,0.000,0.000,0.000,0.000,0.000,0.000,0.000,0.000,0.000,0.000,0.000,0.000,0.000,0.000,0.000,0.000,0.000,0.000,0.000,0.000
Classic CPU ROAM,classic_cpu_roam,Release,D3D12,NVIDIA GeForce RTX 5090 D,Direct3D 12 (feature level 12_0); requested Agility SDK 614; runtime 6.2.26100.8972 (C:\WINDOWS\SYSTEM32\D3D12Core.dll); driver 32.0.15.9186,false,2048,1129,assets/heightmaps/Hm_Terrain_Peking_513.png,547,547,80.000,12.000,20,0.250,0.100,200000,false,16,64,0.254,2.875,-1.446,19.850,57.982,188.959,200000,821502,199998,15791,7902,15791,233701,200000,33502,5325,186684,0,83258,116742,25299,2339,0,0,0,1,102.798,186.429,182.248,5.049,13.537,17.020,0.000,0.000,40.772,28.662,0.000,0.000,0.000,0.000,0.000,28.662,0.000,0.000,0.000,0.000,0.000,0.000,0.000,26.556,50.652,4.002,0.000,0.919,18874968,0,69.433,30.558,26.556,0.000,20,0,0.000,Off,ModifiedOnly,0,0,0,0,0,0,false,0,0,0,0,0,0,0,0,0,0,0,0,0,0,0,0.000,0.000,0.000,0.000,0.000,0.000,0.000,0.000,0.000,0.000,0.000,0.000,0.000,0.000,0.000,0.000,0.000,0.000,0.000,0.000
Classic CPU ROAM,classic_cpu_roam,Release,D3D12,NVIDIA GeForce RTX 5090 D,Direct3D 12 (feature level 12_0); requested Agility SDK 614; runtime 6.2.26100.8972 (C:\WINDOWS\SYSTEM32\D3D12Core.dll); driver 32.0.15.9186,false,2048,1129,assets/heightmaps/Hm_Terrain_Peking_513.png,547,547,80.000,12.000,20,0.250,0.100,200000,false,17,64,0.270,3.062,-7.212,19.260,57.550,187.014,200000,846072,199998,14261,7191,14261,233539,200000,33437,5210,166377,0,78283,121717,25124,2997,0,0,0,1,106.244,180.397,176.345,5.714,13.551,15.363,0.000,0.000,41.034,24.361,0.000,0.000,0.000,0.000,0.000,24.361,0.000,0.000,0.000,0.000,0.000,0.000,0.000,24.365,51.955,3.886,0.000,1.060,18479832,0,65.395,28.914,24.365,0.000,20,0,0.000,Off,ModifiedOnly,0,0,0,0,0,0,false,0,0,0,0,0,0,0,0,0,0,0,0,0,0,0,0.000,0.000,0.000,0.000,0.000,0.000,0.000,0.000,0.000,0.000,0.000,0.000,0.000,0.000,0.000,0.000,0.000,0.000,0.000,0.000
Classic CPU ROAM,classic_cpu_roam,Release,D3D12,NVIDIA GeForce RTX 5090 D,Direct3D 12 (feature level 12_0); requested Agility SDK 614; runtime 6.2.26100.8972 (C:\WINDOWS\SYSTEM32\D3D12Core.dll); driver 32.0.15.9186,false,2048,1129,assets/heightmaps/Hm_Terrain_Peking_513.png,547,547,80.000,12.000,20,0.250,0.100,200000,false,18,64,0.286,3.243,-12.906,18.698,56.546,180.946,200000,870464,199998,14979,7677,14979,233749,200000,33647,4655,176090,0,77969,122031,25168,2644,0,0,0,1,96.624,181.727,177.754,5.422,13.535,15.195,0.000,0.000,41.101,25.708,0.000,0.000,0.000,0.000,0.000,25.708,0.000,0.000,0.000,0.000,0.000,0.000,0.000,24.986,51.808,3.818,0.000,0.920,17999184,0,66.809,28.729,24.986,0.000,20,0,0.000,Off,ModifiedOnly,0,0,0,0,0,0,false,0,0,0,0,0,0,0,0,0,0,0,0,0,0,0,0.000,0.000,0.000,0.000,0.000,0.000,0.000,0.000,0.000,0.000,0.000,0.000,0.000,0.000,0.000,0.000,0.000,0.000,0.000,0.000
Classic CPU ROAM,classic_cpu_roam,Release,D3D12,NVIDIA GeForce RTX 5090 D,Direct3D 12 (feature level 12_0); requested Agility SDK 614; runtime 6.2.26100.8972 (C:\WINDOWS\SYSTEM32\D3D12Core.dll); driver 32.0.15.9186,false,2048,1129,assets/heightmaps/Hm_Terrain_Peking_513.png,547,547,80.000,12.000,20,0.250,0.100,200000,false,19,64,0.302,3.425,-18.472,18.189,54.980,182.300,200000,898438,199998,17882,9187,17882,233762,200000,33512,4651,207773,0,82121,117879,25368,2700,0,0,0,1,99.622,192.325,188.080,5.016,13.544,17.633,0.000,0.000,40.839,30.572,0.000,0.000,0.000,0.000,0.000,30.572,0.000,0.000,0.000,0.000,0.000,0.000,0.000,28.652,51.822,4.083,0.000,0.995,18581472,0,71.411,31.177,28.652,0.000,20,0,0.000,Off,ModifiedOnly,0,0,0,0,0,0,false,0,0,0,0,0,0,0,0,0,0,0,0,0,0,0,0.000,0.000,0.000,0.000,0.000,0.000,0.000,0.000,0.000,0.000,0.000,0.000,0.000,0.000,0.000,0.000,0.000,0.000,0.000,0.000
Classic CPU ROAM,classic_cpu_roam,Release,D3D12,NVIDIA GeForce RTX 5090 D,Direct3D 12 (feature level 12_0); requested Agility SDK 614; runtime 6.2.26100.8972 (C:\WINDOWS\SYSTEM32\D3D12Core.dll); driver 32.0.15.9186,false,2048,1129,assets/heightmaps/Hm_Terrain_Peking_513.png,547,547,80.000,12.000,20,0.250,0.100,200000,false,20,64,0.317,3.618,-23.855,17.751,52.867,192.959,200000,926160,199998,18331,9248,18331,233865,200000,33486,4625,210412,0,84704,115296,26029,1876,0,0,0,1,98.840,193.685,189.547,5.701,13.434,17.199,0.000,0.000,40.326,30.786,0.000,0.000,0.000,0.000,0.000,30.786,0.000,0.000,0.000,0.000,0.000,0.000,0.000,29.594,52.505,3.953,0.000,0.977,18834480,0,71.112,30.633,29.594,0.000,20,0,0.000,Off,ModifiedOnly,0,0,0,0,0,0,false,0,0,0,0,0,0,0,0,0,0,0,0,0,0,0,0.000,0.000,0.000,0.000,0.000,0.000,0.000,0.000,0.000,0.000,0.000,0.000,0.000,0.000,0.000,0.000,0.000,0.000,0.000,0.000
Classic CPU ROAM,classic_cpu_roam,Release,D3D12,NVIDIA GeForce RTX 5090 D,Direct3D 12 (feature level 12_0); requested Agility SDK 614; runtime 6.2.26100.8972 (C:\WINDOWS\SYSTEM32\D3D12Core.dll); driver 32.0.15.9186,false,2048,1129,assets/heightmaps/Hm_Terrain_Peking_513.png,547,547,80.000,12.000,20,0.250,0.100,200000,false,21,64,0.333,3.812,-29.000,17.402,50.229,194.292,200000,953206,199998,17663,8905,17663,233812,200000,33461,4484,202723,0,88045,111955,26659,1382,0,0,0,1,99.901,191.847,187.534,5.586,13.410,16.797,0.000,0.000,40.026,30.153,0.000,0.000,0.000,0.000,0.000,30.153,0.000,0.000,0.000,0.000,0.000,0.000,0.000,29.461,52.101,4.128,0.000,0.940,19221888,0,70.178,30.207,29.461,0.000,20,0,0.000,Off,ModifiedOnly,0,0,0,0,0,0,false,0,0,0,0,0,0,0,0,0,0,0,0,0,0,0,0.000,0.000,0.000,0.000,0.000,0.000,0.000,0.000,0.000,0.000,0.000,0.000,0.000,0.000,0.000,0.000,0.000,0.000,0.000,0.000
Classic CPU ROAM,classic_cpu_roam,Release,D3D12,NVIDIA GeForce RTX 5090 D,Direct3D 12 (feature level 12_0); requested Agility SDK 614; runtime 6.2.26100.8972 (C:\WINDOWS\SYSTEM32\D3D12Core.dll); driver 32.0.15.9186,false,2048,1129,assets/heightmaps/Hm_Terrain_Peking_513.png,547,547,80.000,12.000,20,0.250,0.100,200000,false,22,64,0.349,4.005,-33.857,17.156,47.092,192.435,200000,977176,199998,16479,8341,16479,233794,200000,33453,4891,188736,0,88790,111210,27116,2589,0,0,0,1,101.621,188.708,184.355,5.924,13.526,16.255,0.000,0.000,39.635,28.007,0.000,0.000,0.000,0.000,0.000,28.007,0.000,0.000,0.000,0.000,0.000,0.000,0.000,27.830,53.176,4.167,0.000,0.874,19602408,0,67.642,29.781,27.830,0.000,20,0,0.000,Off,ModifiedOnly,0,0,0,0,0,0,false,0,0,0,0,0,0,0,0,0,0,0,0,0,0,0,0.000,0.000,0.000,0.000,0.000,0.000,0.000,0.000,0.000,0.000,0.000,0.000,0.000,0.000,0.000,0.000,0.000,0.000,0.000,0.000
Classic CPU ROAM,classic_cpu_roam,Release,D3D12,NVIDIA GeForce RTX 5090 D,Direct3D 12 (feature level 12_0); requested Agility SDK 614; runtime 6.2.26100.8972 (C:\WINDOWS\SYSTEM32\D3D12Core.dll); driver 32.0.15.9186,false,2048,1129,assets/heightmaps/Hm_Terrain_Peking_513.png,547,547,80.000,12.000,20,0.250,0.100,200000,false,23,64,0.365,4.194,-38.378,17.023,43.487,189.278,200000,999936,199998,16180,8200,16180,233726,200000,33430,5466,184687,0,84433,115567,27127,2037,0,0,0,1,93.986,187.108,182.708,6.208,13.545,16.645,0.000,0.000,39.585,27.009,0.000,0.000,0.000,0.000,0.000,27.009,0.000,0.000,0.000,0.000,0.000,0.000,0.000,27.287,52.427,4.202,0.000,0.941,19796784,0,66.595,30.190,27.287,0.000,20,0,0.000,Off,ModifiedOnly,0,0,0,0,0,0,false,0,0,0,0,0,0,0,0,0,0,0,0,0,0,0,0.000,0.000,0.000,0.000,0.000,0.000,0.000,0.000,0.000,0.000,0.000,0.000,0.000,0.000,0.000,0.000,0.000,0.000,0.000,0.000
Classic CPU ROAM,classic_cpu_roam,Release,D3D12,NVIDIA GeForce RTX 5090 D,Direct3D 12 (feature level 12_0); requested Agility SDK 614; runtime 6.2.26100.8972 (C:\WINDOWS\SYSTEM32\D3D12Core.dll); driver 32.0.15.9186,false,2048,1129,assets/heightmaps/Hm_Terrain_Peking_513.png,547,547,80.000,12.000,20,0.250,0.100,200000,false,24,64,0.381,4.382,-42.517,17.008,39.450,187.738,200000,1022572,199998,16674,8500,16674,233573,200000,33391,6362,187531,0,84250,115750,27349,3865,0,0,0,1,92.283,190.480,186.097,5.994,13.596,17.889,0.000,0.000,39.991,27.399,0.000,0.000,0.000,0.000,0.000,27.399,0.000,0.000,0.000,0.000,0.000,0.000,0.000,27.901,53.328,4.201,0.000,0.886,19635840,0,67.389,31.484,27.901,0.000,20,0,0.000,Off,ModifiedOnly,0,0,0,0,0,0,false,0,0,0,0,0,0,0,0,0,0,0,0,0,0,0,0.000,0.000,0.000,0.000,0.000,0.000,0.000,0.000,0.000,0.000,0.000,0.000,0.000,0.000,0.000,0.000,0.000,0.000,0.000,0.000
Classic CPU ROAM,classic_cpu_roam,Release,D3D12,NVIDIA GeForce RTX 5090 D,Direct3D 12 (feature level 12_0); requested Agility SDK 614; runtime 6.2.26100.8972 (C:\WINDOWS\SYSTEM32\D3D12Core.dll); driver 32.0.15.9186,false,2048,1129,assets/heightmaps/Hm_Terrain_Peking_513.png,547,547,80.000,12.000,20,0.250,0.100,200000,false,25,64,0.397,4.573,-46.234,17.112,35.021,191.076,200000,1046030,199998,17827,8998,17827,233647,200000,33468,6324,203789,0,87295,112705,27890,2450,0,0,0,1,97.775,196.030,191.622,5.940,13.404,18.472,0.000,0.000,39.848,30.103,0.000,0.000,0.000,0.000,0.000,30.103,0.000,0.000,0.000,0.000,0.000,0.000,0.000,29.398,54.455,4.231,0.000,0.871,19769568,0,69.951,31.876,29.398,0.000,20,0,0.000,Off,ModifiedOnly,0,0,0,0,0,0,false,0,0,0,0,0,0,0,0,0,0,0,0,0,0,0,0.000,0.000,0.000,0.000,0.000,0.000,0.000,0.000,0.000,0.000,0.000,0.000,0.000,0.000,0.000,0.000,0.000,0.000,0.000,0.000
Classic CPU ROAM,classic_cpu_roam,Release,D3D12,NVIDIA GeForce RTX 5090 D,Direct3D 12 (feature level 12_0); requested Agility SDK 614; runtime 6.2.26100.8972 (C:\WINDOWS\SYSTEM32\D3D12Core.dll); driver 32.0.15.9186,false,2048,1129,assets/heightmaps/Hm_Terrain_Peking_513.png,547,547,80.000,12.000,20,0.250,0.100,200000,false,26,64,0.413,4.769,-49.491,17.330,30.243,196.605,200000,1069760,199998,16792,8506,16792,233746,200000,33512,5338,194538,0,87768,112232,27922,2930,0,0,0,1,98.114,195.475,190.924,6.015,13.416,16.926,0.000,0.000,39.938,31.266,0.000,0.000,0.000,0.000,0.000,31.266,0.000,0.000,0.000,0.000,0.000,0.000,0.000,28.541,54.821,4.337,0.000,0.859,19796616,0,71.204,30.342,28.541,0.000,20,0,0.000,Off,ModifiedOnly,0,0,0,0,0,0,false,0,0,0,0,0,0,0,0,0,0,0,0,0,0,0,0.000,0.000,0.000,0.000,0.000,0.000,0.000,0.000,0.000,0.000,0.000,0.000,0.000,0.000,0.000,0.000,0.000,0.000,0.000,0.000
Classic CPU ROAM,classic_cpu_roam,Release,D3D12,NVIDIA GeForce RTX 5090 D,Direct3D 12 (feature level 12_0); requested Agility SDK 614; runtime 6.2.26100.8972 (C:\WINDOWS\SYSTEM32\D3D12Core.dll); driver 32.0.15.9186,false,2048,1129,assets/heightmaps/Hm_Terrain_Peking_513.png,547,547,80.000,12.000,20,0.250,0.100,200000,false,27,64,0.429,4.966,-52.256,17.655,25.165,196.068,200000,1091346,199998,15042,7638,15042,233816,200000,33487,5045,177001,0,85053,114947,28142,2144,0,0,0,1,104.357,184.620,179.509,6.319,13.413,15.828,0.000,0.000,40.138,26.017,0.000,0.000,0.000,0.000,0.000,26.017,0.000,0.000,0.000,0.000,0.000,0.000,0.000,26.429,51.363,4.917,0.000,0.947,19624584,0,66.156,29.241,26.429,0.000,20,0,0.000,Off,ModifiedOnly,0,0,0,0,0,0,false,0,0,0,0,0,0,0,0,0,0,0,0,0,0,0,0.000,0.000,0.000,0.000,0.000,0.000,0.000,0.000,0.000,0.000,0.000,0.000,0.000,0.000,0.000,0.000,0.000,0.000,0.000,0.000
Classic CPU ROAM,classic_cpu_roam,Release,D3D12,NVIDIA GeForce RTX 5090 D,Direct3D 12 (feature level 12_0); requested Agility SDK 614; runtime 6.2.26100.8972 (C:\WINDOWS\SYSTEM32\D3D12Core.dll); driver 32.0.15.9186,false,2048,1129,assets/heightmaps/Hm_Terrain_Peking_513.png,547,547,80.000,12.000,20,0.250,0.100,200000,false,28,64,0.444,5.151,-54.502,18.072,19.837,185.216,200000,1111500,199998,14210,7226,14210,233767,200000,33478,5006,166743,0,80993,119007,28260,2316,0,0,0,1,95.677,184.119,179.458,6.346,13.526,15.047,0.000,0.000,40.263,24.501,0.000,0.000,0.000,0.000,0.000,24.501,0.000,0.000,0.000,0.000,0.000,0.000,0.000,24.819,54.955,4.442,0.000,0.864,19059600,0,64.764,28.573,24.819,0.000,20,0,0.000,Off,ModifiedOnly,0,0,0,0,0,0,false,0,0,0,0,0,0,0,0,0,0,0,0,0,0,0,0.000,0.000,0.000,0.000,0.000,0.000,0.000,0.000,0.000,0.000,0.000,0.000,0.000,0.000,0.000,0.000,0.000,0.000,0.000,0.000
Classic CPU ROAM,classic_cpu_roam,Release,D3D12,NVIDIA GeForce RTX 5090 D,Direct3D 12 (feature level 12_0); requested Agility SDK 614; runtime 6.2.26100.8972 (C:\WINDOWS\SYSTEM32\D3D12Core.dll); driver 32.0.15.9186,false,2048,1129,assets/heightmaps/Hm_Terrain_Peking_513.png,547,547,80.000,12.000,20,0.250,0.100,200000,false,29,64,0.460,5.335,-56.206,18.565,14.312,184.756,200000,1133264,199998,15384,7855,15384,233713,200000,33579,5608,180587,0,83044,116956,29139,2874,0,0,0,1,100.420,191.282,186.518,7.819,13.573,16.526,0.000,0.000,41.741,26.759,0.000,0.000,0.000,0.000,0.000,26.759,0.000,0.000,0.000,0.000,0.000,0.000,0.000,26.771,53.327,4.528,0.000,0.935,19076064,0,68.500,30.099,26.771,0.000,20,0,0.000,Off,ModifiedOnly,0,0,0,0,0,0,false,0,0,0,0,0,0,0,0,0,0,0,0,0,0,0,0.000,0.000,0.000,0.000,0.000,0.000,0.000,0.000,0.000,0.000,0.000,0.000,0.000,0.000,0.000,0.000,0.000,0.000,0.000,0.000
Classic CPU ROAM,classic_cpu_roam,Release,D3D12,NVIDIA GeForce RTX 5090 D,Direct3D 12 (feature level 12_0); requested Agility SDK 614; runtime 6.2.26100.8972 (C:\WINDOWS\SYSTEM32\D3D12Core.dll); driver 32.0.15.9186,false,2048,1129,assets/heightmaps/Hm_Terrain_Peking_513.png,547,547,80.000,12.000,20,0.250,0.100,200000,false,30,64,0.476,5.527,-57.352,19.116,8.644,191.943,200000,1154888,199998,15689,8012,15689,233763,200000,33514,5885,182341,0,85931,114069,29608,2223,0,0,0,1,102.045,188.234,183.577,5.228,13.540,16.979,0.000,0.000,40.602,26.692,0.000,0.000,0.000,0.000,0.000,26.692,0.000,0.000,0.000,0.000,0.000,0.000,0.000,27.322,53.213,4.457,0.000,0.858,19502784,0,67.294,30.519,27.322,0.000,20,0,0.000,Off,ModifiedOnly,0,0,0,0,0,0,false,0,0,0,0,0,0,0,0,0,0,0,0,0,0,0,0.000,0.000,0.000,0.000,0.000,0.000,0.000,0.000,0.000,0.000,0.000,0.000,0.000,0.000,0.000,0.000,0.000,0.000,0.000,0.000
Classic CPU ROAM,classic_cpu_roam,Release,D3D12,NVIDIA GeForce RTX 5090 D,Direct3D 12 (feature level 12_0); requested Agility SDK 614; runtime 6.2.26100.8972 (C:\WINDOWS\SYSTEM32\D3D12Core.dll); driver 32.0.15.9186,false,2048,1129,assets/heightmaps/Hm_Terrain_Peking_513.png,547,547,80.000,12.000,20,0.250,0.100,200000,false,31,64,0.492,5.716,-57.928,19.701,2.891,188.925,200000,1175788,199998,15794,8073,15794,233678,200000,33608,6193,184328,0,86340,113660,29752,4337,0,0,0,1,100.647,190.848,186.134,6.105,13.550,17.310,0.000,0.000,41.001,27.422,0.000,0.000,0.000,0.000,0.000,27.422,0.000,0.000,0.000,0.000,0.000,0.000,0.000,27.191,53.553,4.520,0.000,0.912,19559568,0,68.424,30.860,27.191,0.000,20,0,0.000,Off,ModifiedOnly,0,0,0,0,0,0,false,0,0,0,0,0,0,0,0,0,0,0,0,0,0,0,0.000,0.000,0.000,0.000,0.000,0.000,0.000,0.000,0.000,0.000,0.000,0.000,0.000,0.000,0.000,0.000,0.000,0.000,0.000,0.000
Classic CPU ROAM,classic_cpu_roam,Release,D3D12,NVIDIA GeForce RTX 5090 D,Direct3D 12 (feature level 12_0); requested Agility SDK 614; runtime 6.2.26100.8972 (C:\WINDOWS\SYSTEM32\D3D12Core.dll); driver 32.0.15.9186,false,2048,1129,assets/heightmaps/Hm_Terrain_Peking_513.png,547,547,80.000,12.000,20,0.250,0.100,200000,false,32,64,0.508,5.908,-57.928,20.299,-2.891,191.541,200000,1194616,199998,14594,7357,14594,233820,200000,33522,6052,172172,0,81508,118492,29221,2395,0,0,0,1,94.185,187.033,182.337,5.686,13.593,16.679,0.000,0.000,41.378,25.478,0.000,0.000,0.000,0.000,0.000,25.478,0.000,0.000,0.000,0.000,0.000,0.000,0.000,25.255,54.268,4.512,0.000,0.909,18911256,0,66.856,30.272,25.255,0.000,20,0,0.000,Off,ModifiedOnly,0,0,0,0,0,0,false,0,0,0,0,0,0,0,0,0,0,0,0,0,0,0,0.000,0.000,0.000,0.000,0.000,0.000,0.000,0.000,0.000,0.000,0.000,0.000,0.000,0.000,0.000,0.000,0.000,0.000,0.000,0.000
Classic CPU ROAM,classic_cpu_roam,Release,D3D12,NVIDIA GeForce RTX 5090 D,Direct3D 12 (feature level 12_0); requested Agility SDK 614; runtime 6.2.26100.8972 (C:\WINDOWS\SYSTEM32\D3D12Core.dll); driver 32.0.15.9186,false,2048,1129,assets/heightmaps/Hm_Terrain_Peking_513.png,547,547,80.000,12.000,20,0.250,0.100,200000,false,33,64,0.524,6.095,-57.352,20.884,-8.644,187.609,200000,1213464,199998,13301,6742,13301,233675,200000,33603,5335,156069,0,76567,123433,29108,3950,0,0,0,1,97.237,181.170,176.522,6.211,13.554,14.950,0.000,0.000,41.376,23.606,0.000,0.000,0.000,0.000,0.000,23.606,0.000,0.000,0.000,0.000,0.000,0.000,0.000,23.264,53.559,4.378,0.000,0.891,18232872,0,64.982,28.504,23.264,0.000,20,0,0.000,Off,ModifiedOnly,0,0,0,0,0,0,false,0,0,0,0,0,0,0,0,0,0,0,0,0,0,0,0.000,0.000,0.000,0.000,0.000,0.000,0.000,0.000,0.000,0.000,0.000,0.000,0.000,0.000,0.000,0.000,0.000,0.000,0.000,0.000
Classic CPU ROAM,classic_cpu_roam,Release,D3D12,NVIDIA GeForce RTX 5090 D,Direct3D 12 (feature level 12_0); requested Agility SDK 614; runtime 6.2.26100.8972 (C:\WINDOWS\SYSTEM32\D3D12Core.dll); driver 32.0.15.9186,false,2048,1129,assets/heightmaps/Hm_Terrain_Peking_513.png,547,547,80.000,12.000,20,0.250,0.100,200000,false,34,64,0.540,6.277,-56.206,21.435,-14.312,181.798,200000,1232536,199998,15230,7719,15230,233785,200000,33541,3788,178620,0,78335,121665,28293,2213,0,0,0,1,101.576,188.880,184.448,5.488,13.528,14.657,0.000,0.000,41.469,27.649,0.000,0.000,0.000,0.000,0.000,27.649,0.000,0.000,0.000,0.000,0.000,0.000,0.000,25.814,55.840,4.257,0.000,0.884,17932992,0,69.118,28.185,25.814,0.000,20,0,0.000,Off,ModifiedOnly,0,0,0,0,0,0,false,0,0,0,0,0,0,0,0,0,0,0,0,0,0,0,0.000,0.000,0.000,0.000,0.000,0.000,0.000,0.000,0.000,0.000,0.000,0.000,0.000,0.000,0.000,0.000,0.000,0.000,0.000,0.000
Classic CPU ROAM,classic_cpu_roam,Release,D3D12,NVIDIA GeForce RTX 5090 D,Direct3D 12 (feature level 12_0); requested Agility SDK 614; runtime 6.2.26100.8972 (C:\WINDOWS\SYSTEM32\D3D12Core.dll); driver 32.0.15.9186,false,2048,1129,assets/heightmaps/Hm_Terrain_Peking_513.png,547,547,80.000,12.000,20,0.250,0.100,200000,false,35,64,0.556,6.467,-54.502,21.928,-19.837,189.507,200000,1250620,199998,15164,7716,15164,233892,200000,33657,3973,180140,0,79605,120395,28625,2137,0,0,0,1,102.029,188.116,183.614,5.957,13.803,14.679,0.000,0.000,41.632,27.537,0.000,0.000,0.000,0.000,0.000,27.537,0.000,0.000,0.000,0.000,0.000,0.000,0.000,26.013,53.990,4.312,0.000,1.039,18128712,0,69.169,28.483,26.013,0.000,20,0,0.000,Off,ModifiedOnly,0,0,0,0,0,0,false,0,0,0,0,0,0,0,0,0,0,0,0,0,0,0,0.000,0.000,0.000,0.000,0.000,0.000,0.000,0.000,0.000,0.000,0.000,0.000,0.000,0.000,0.000,0.000,0.000,0.000,0.000,0.000
Classic CPU ROAM,classic_cpu_roam,Release,D3D12,NVIDIA GeForce RTX 5090 D,Direct3D 12 (feature level 12_0); requested Agility SDK 614; runtime 6.2.26100.8972 (C:\WINDOWS\SYSTEM32\D3D12Core.dll); driver 32.0.15.9186,false,2048,1129,assets/heightmaps/Hm_Terrain_Peking_513.png,547,547,80.000,12.000,20,0.250,0.100,200000,false,36,64,0.571,6.656,-52.256,22.345,-25.165,188.741,200000,1272356,199998,15904,8086,15904,233998,200000,33737,3922,187900,0,78905,121095,28858,1738,0,0,0,1,101.871,188.460,183.894,5.793,13.562,15.217,0.000,0.000,41.260,28.493,0.000,0.000,0.000,0.000,0.000,28.493,0.000,0.000,0.000,0.000,0.000,0.000,0.000,26.688,52.878,4.371,0.000,0.950,18198096,0,69.754,28.779,26.688,0.000,20,0,0.000,Off,ModifiedOnly,0,0,0,0,0,0,false,0,0,0,0,0,0,0,0,0,0,0,0,0,0,0,0.000,0.000,0.000,0.000,0.000,0.000,0.000,0.000,0.000,0.000,0.000,0.000,0.000,0.000,0.000,0.000,0.000,0.000,0.000,0.000
Classic CPU ROAM,classic_cpu_roam,Release,D3D12,NVIDIA GeForce RTX 5090 D,Direct3D 12 (feature level 12_0); requested Agility SDK 614; runtime 6.2.26100.8972 (C:\WINDOWS\SYSTEM32\D3D12Core.dll); driver 32.0.15.9186,false,2048,1129,assets/heightmaps/Hm_Terrain_Peking_513.png,547,547,80.000,12.000,20,0.250,0.100,200000,false,37,64,0.587,6.845,-49.491,22.670,-30.243,189.059,200000,1294002,199998,16445,8345,16445,234263,200000,33975,4360,196734,0,81250,118750,29397,2731,0,0,0,1,100.179,191.470,187.009,5.787,13.629,15.811,0.000,0.000,41.098,29.193,0.000,0.000,0.000,0.000,0.000,29.193,0.000,0.000,0.000,0.000,0.000,0.000,0.000,27.364,54.126,4.272,0.000,0.959,18205320,0,70.291,29.440,27.364,0.000,20,0,0.000,Off,ModifiedOnly,0,0,0,0,0,0,false,0,0,0,0,0,0,0,0,0,0,0,0,0,0,0,0.000,0.000,0.000,0.000,0.000,0.000,0.000,0.000,0.000,0.000,0.000,0.000,0.000,0.000,0.000,0.000,0.000,0.000,0.000,0.000
Classic CPU ROAM,classic_cpu_roam,Release,D3D12,NVIDIA GeForce RTX 5090 D,Direct3D 12 (feature level 12_0); requested Agility SDK 614; runtime 6.2.26100.8972 (C:\WINDOWS\SYSTEM32\D3D12Core.dll); driver 32.0.15.9186,false,2048,1129,assets/heightmaps/Hm_Terrain_Peking_513.png,547,547,80.000,12.000,20,0.250,0.100,200000,false,38,64,0.603,7.037,-46.234,22.888,-35.021,192.081,200000,1311006,199998,15872,8061,15872,234265,200000,33924,4639,186697,0,80182,119818,29541,1955,0,0,0,1,101.952,188.311,183.755,5.418,13.738,15.751,0.000,0.000,41.146,27.456,0.000,0.000,0.000,0.000,0.000,27.456,0.000,0.000,0.000,0.000,0.000,0.000,0.000,27.099,53.145,4.367,0.000,0.953,18028248,0,68.603,29.489,27.099,0.000,20,0,0.000,Off,ModifiedOnly,0,0,0,0,0,0,false,0,0,0,0,0,0,0,0,0,0,0,0,0,0,0,0.000,0.000,0.000,0.000,0.000,0.000,0.000,0.000,0.000,0.000,0.000,0.000,0.000,0.000,0.000,0.000,0.000,0.000,0.000,0.000
Classic CPU ROAM,classic_cpu_roam,Release,D3D12,NVIDIA GeForce RTX 5090 D,Direct3D 12 (feature level 12_0); requested Agility SDK 614; runtime 6.2.26100.8972 (C:\WINDOWS\SYSTEM32\D3D12Core.dll); driver 32.0.15.9186,false,2048,1129,assets/heightmaps/Hm_Terrain_Peking_513.png,547,547,80.000,12.000,20,0.250,0.100,200000,false,39,64,0.619,7.226,-42.517,22.992,-39.450,188.990,200000,1327504,199998,16703,8476,16703,234337,200000,34249,5771,201943,0,84139,115861,30316,3009,0,0,0,1,99.003,193.962,189.177,6.310,13.710,17.351,0.000,0.000,40.988,29.849,0.000,0.000,0.000,0.000,0.000,29.849,0.000,0.000,0.000,0.000,0.000,0.000,0.000,28.240,52.727,4.540,0.000,0.920,18876816,0,70.838,31.061,28.240,0.000,20,0,0.000,Off,ModifiedOnly,0,0,0,0,0,0,false,0,0,0,0,0,0,0,0,0,0,0,0,0,0,0,0.000,0.000,0.000,0.000,0.000,0.000,0.000,0.000,0.000,0.000,0.000,0.000,0.000,0.000,0.000,0.000,0.000,0.000,0.000,0.000
Classic CPU ROAM,classic_cpu_roam,Release,D3D12,NVIDIA GeForce RTX 5090 D,Direct3D 12 (feature level 12_0); requested Agility SDK 614; runtime 6.2.26100.8972 (C:\WINDOWS\SYSTEM32\D3D12Core.dll); driver 32.0.15.9186,false,2048,1129,assets/heightmaps/Hm_Terrain_Peking_513.png,547,547,80.000,12.000,20,0.250,0.100,200000,false,40,64,0.635,7.420,-38.378,22.977,-43.487,194.582,200000,1341966,199998,16298,8183,16298,234412,200000,34282,6332,191457,0,87171,112829,31201,2997,0,0,0,1,100.183,191.709,186.999,6.218,13.823,17.890,0.000,0.000,41.167,27.869,0.000,0.000,0.000,0.000,0.000,27.869,0.000,0.000,0.000,0.000,0.000,0.000,0.000,28.185,51.844,4.516,0.000,0.836,19291272,0,69.036,31.713,28.185,0.000,20,0,0.000,Off,ModifiedOnly,0,0,0,0,0,0,false,0,0,0,0,0,0,0,0,0,0,0,0,0,0,0,0.000,0.000,0.000,0.000,0.000,0.000,0.000,0.000,0.000,0.000,0.000,0.000,0.000,0.000,0.000,0.000,0.000,0.000,0.000,0.000
Classic CPU ROAM,classic_cpu_roam,Release,D3D12,NVIDIA GeForce RTX 5090 D,Direct3D 12 (feature level 12_0); requested Agility SDK 614; runtime 6.2.26100.8972 (C:\WINDOWS\SYSTEM32\D3D12Core.dll); driver 32.0.15.9186,false,2048,1129,assets/heightmaps/Hm_Terrain_Peking_513.png,547,547,80.000,12.000,20,0.250,0.100,200000,false,41,64,0.651,7.613,-33.857,22.844,-47.092,192.285,200000,1355988,199998,15762,8024,15762,234345,200000,34210,6688,189948,0,87428,112572,31658,3282,0,0,0,1,92.783,189.934,185.070,4.931,13.893,17.732,0.000,0.000,41.048,27.724,0.000,0.000,0.000,0.000,0.000,27.724,0.000,0.000,0.000,0.000,0.000,0.000,0.000,27.651,52.090,4.655,0.000,0.920,19733784,0,68.772,31.625,27.651,0.000,20,0,0.000,Off,ModifiedOnly,0,0,0,0,0,0,false,0,0,0,0,0,0,0,0,0,0,0,0,0,0,0,0.000,0.000,0.000,0.000,0.000,0.000,0.000,0.000,0.000,0.000,0.000,0.000,0.000,0.000,0.000,0.000,0.000,0.000,0.000,0.000
Classic CPU ROAM,classic_cpu_roam,Release,D3D12,NVIDIA GeForce RTX 5090 D,Direct3D 12 (feature level 12_0); requested Agility SDK 614; runtime 6.2.26100.8972 (C:\WINDOWS\SYSTEM32\D3D12Core.dll); driver 32.0.15.9186,false,2048,1129,assets/heightmaps/Hm_Terrain_Peking_513.png,547,547,80.000,12.000,20,0.250,0.100,200000,false,42,64,0.667,7.803,-29.000,22.598,-50.229,190.540,200000,1371076,199998,14441,7358,14441,234208,200000,34059,6247,172849,0,84903,115097,31827,4666,0,0,0,1,102.691,187.363,182.394,5.657,13.760,16.710,0.000,0.000,40.997,24.722,0.000,0.000,0.000,0.000,0.000,24.722,0.000,0.000,0.000,0.000,0.000,0.000,0.000,25.804,54.743,4.741,0.000,0.875,19537896,0,65.719,30.469,25.804,0.000,20,0,0.000,Off,ModifiedOnly,0,0,0,0,0,0,false,0,0,0,0,0,0,0,0,0,0,0,0,0,0,0,0.000,0.000,0.000,0.000,0.000,0.000,0.000,0.000,0.000,0.000,0.000,0.000,0.000,0.000,0.000,0.000,0.000,0.000,0.000,0.000
Classic CPU ROAM,classic_cpu_roam,Release,D3D12,NVIDIA GeForce RTX 5090 D,Direct3D 12 (feature level 12_0); requested Agility SDK 614; runtime 6.2.26100.8972 (C:\WINDOWS\SYSTEM32\D3D12Core.dll); driver 32.0.15.9186,false,2048,1129,assets/heightmaps/Hm_Terrain_Peking_513.png,547,547,80.000,12.000,20,0.250,0.100,200000,false,43,64,0.683,7.991,-23.855,22.249,-52.867,187.978,200000,1386996,199998,14247,7267,14247,234159,200000,34074,5350,171115,0,83406,116594,31627,2661,0,0,0,1,95.936,183.905,178.962,6.178,13.831,15.924,0.000,0.000,40.971,24.380,0.000,0.000,0.000,0.000,0.000,24.380,0.000,0.000,0.000,0.000,0.000,0.000,0.000,25.001,52.677,4.714,0.000,0.892,19385856,0,65.350,29.755,25.001,0.000,20,0,0.000,Off,ModifiedOnly,0,0,0,0,0,0,false,0,0,0,0,0,0,0,0,0,0,0,0,0,0,0,0.000,0.000,0.000,0.000,0.000,0.000,0.000,0.000,0.000,0.000,0.000,0.000,0.000,0.000,0.000,0.000,0.000,0.000,0.000,0.000
Classic CPU ROAM,classic_cpu_roam,Release,D3D12,NVIDIA GeForce RTX 5090 D,Direct3D 12 (feature level 12_0); requested Agility SDK 614; runtime 6.2.26100.8972 (C:\WINDOWS\SYSTEM32\D3D12Core.dll); driver 32.0.15.9186,false,2048,1129,assets/heightmaps/Hm_Terrain_Peking_513.png,547,547,80.000,12.000,20,0.250,0.100,200000,false,44,64,0.698,8.176,-18.472,21.811,-54.980,184.501,200000,1403468,199998,14535,7422,14535,234189,200000,33987,5449,172845,0,81489,118511,31690,3147,0,0,0,1,95.646,184.345,179.517,5.472,13.853,16.214,0.000,0.000,40.821,24.639,0.000,0.000,0.000,0.000,0.000,24.639,0.000,0.000,0.000,0.000,0.000,0.000,0.000,25.338,53.178,4.610,0.000,0.894,19045992,0,65.460,30.067,25.338,0.000,20,0,0.000,Off,ModifiedOnly,0,0,0,0,0,0,false,0,0,0,0,0,0,0,0,0,0,0,0,0,0,0,0.000,0.000,0.000,0.000,0.000,0.000,0.000,0.000,0.000,0.000,0.000,0.000,0.000,0.000,0.000,0.000,0.000,0.000,0.000,0.000
Classic CPU ROAM,classic_cpu_roam,Release,D3D12,NVIDIA GeForce RTX 5090 D,Direct3D 12 (feature level 12_0); requested Agility SDK 614; runtime 6.2.26100.8972 (C:\WINDOWS\SYSTEM32\D3D12Core.dll); driver 32.0.15.9186,false,2048,1129,assets/heightmaps/Hm_Terrain_Peking_513.png,547,547,80.000,12.000,20,0.250,0.100,200000,false,45,64,0.714,8.361,-12.906,21.302,-56.546,185.085,200000,1420066,199998,15604,7966,15604,234104,200000,33800,5863,182857,0,85583,114417,32109,2600,0,0,0,1,92.939,189.584,184.775,5.515,13.767,17.331,0.000,0.000,41.039,26.437,0.000,0.000,0.000,0.000,0.000,26.437,0.000,0.000,0.000,0.000,0.000,0.000,0.000,26.981,53.704,4.609,0.000,0.940,19077240,0,67.476,31.098,26.981,0.000,20,0,0.000,Off,ModifiedOnly,0,0,0,0,0,0,false,0,0,0,0,0,0,0,0,0,0,0,0,0,0,0,0.000,0.000,0.000,0.000,0.000,0.000,0.000,0.000,0.000,0.000,0.000,0.000,0.000,0.000,0.000,0.000,0.000,0.000,0.000,0.000
Classic CPU ROAM,classic_cpu_roam,Release,D3D12,NVIDIA GeForce RTX 5090 D,Direct3D 12 (feature level 12_0); requested Agility SDK 614; runtime 6.2.26100.8972 (C:\WINDOWS\SYSTEM32\D3D12Core.dll); driver 32.0.15.9186,false,2048,1129,assets/heightmaps/Hm_Terrain_Peking_513.png,547,547,80.000,12.000,20,0.250,0.100,200000,false,46,64,0.730,8.551,-7.212,20.740,-57.550,190.216,200000,1436222,199998,15864,8104,15864,233920,200000,33622,5701,183842,0,85562,114438,32192,4463,0,0,0,1,101.101,190.225,185.227,5.780,13.720,17.174,0.000,0.000,41.572,27.178,0.000,0.000,0.000,0.000,0.000,27.178,0.000,0.000,0.000,0.000,0.000,0.000,0.000,27.442,52.358,4.731,0.000,0.914,19352424,0,68.749,30.895,27.442,0.000,20,0,0.000,Off,ModifiedOnly,0,0,0,0,0,0,false,0,0,0,0,0,0,0,0,0,0,0,0,0,0,0,0.000,0.000,0.000,0.000,0.000,0.000,0.000,0.000,0.000,0.000,0.000,0.000,0.000,0.000,0.000,0.000,0.000,0.000,0.000,0.000
Classic CPU ROAM,classic_cpu_roam,Release,D3D12,NVIDIA GeForce RTX 5090 D,Direct3D 12 (feature level 12_0); requested Agility SDK 614; runtime 6.2.26100.8972 (C:\WINDOWS\SYSTEM32\D3D12Core.dll); driver 32.0.15.9186,false,2048,1129,assets/heightmaps/Hm_Terrain_Peking_513.png,547,547,80.000,12.000,20,0.250,0.100,200000,false,47,64,0.746,8.742,-1.446,20.150,-57.982,190.833,200000,1449752,199998,15277,7774,15277,233808,200000,33579,5556,177339,0,82258,117742,31830,2438,0,0,0,1,102.048,188.441,183.559,6.085,13.670,16.390,0.000,0.000,41.637,26.353,0.000,0.000,0.000,0.000,0.000,26.353,0.000,0.000,0.000,0.000,0.000,0.000,0.000,26.452,52.972,4.668,0.000,0.961,18859680,0,67.990,30.060,26.452,0.000,20,0,0.000,Off,ModifiedOnly,0,0,0,0,0,0,false,0,0,0,0,0,0,0,0,0,0,0,0,0,0,0,0.000,0.000,0.000,0.000,0.000,0.000,0.000,0.000,0.000,0.000,0.000,0.000,0.000,0.000,0.000,0.000,0.000,0.000,0.000,0.000
Classic CPU ROAM,classic_cpu_roam,Release,D3D12,NVIDIA GeForce RTX 5090 D,Direct3D 12 (feature level 12_0); requested Agility SDK 614; runtime 6.2.26100.8972 (C:\WINDOWS\SYSTEM32\D3D12Core.dll); driver 32.0.15.9186,false,2048,1129,assets/heightmaps/Hm_Terrain_Peking_513.png,547,547,80.000,12.000,20,0.250,0.100,200000,false,48,64,0.762,8.931,4.334,19.553,-57.838,188.987,200000,1462344,199998,14608,7358,14608,233772,200000,33652,5623,170397,0,79000,121000,31377,4125,0,0,0,1,103.998,184.954,180.135,5.419,13.669,15.973,0.000,0.000,41.956,25.687,0.000,0.000,0.000,0.000,0.000,25.687,0.000,0.000,0.000,0.000,0.000,0.000,0.000,25.577,51.853,4.624,0.000,0.911,18406248,0,67.643,29.642,25.577,0.000,20,0,0.000,Off,ModifiedOnly,0,0,0,0,0,0,false,0,0,0,0,0,0,0,0,0,0,0,0,0,0,0,0.000,0.000,0.000,0.000,0.000,0.000,0.000,0.000,0.000,0.000,0.000,0.000,0.000,0.000,0.000,0.000,0.000,0.000,0.000,0.000
Classic CPU ROAM,classic_cpu_roam,Release,D3D12,NVIDIA GeForce RTX 5090 D,Direct3D 12 (feature level 12_0); requested Agility SDK 614; runtime 6.2.26100.8972 (C:\WINDOWS\SYSTEM32\D3D12Core.dll); driver 32.0.15.9186,false,2048,1129,assets/heightmaps/Hm_Terrain_Peking_513.png,547,547,80.000,12.000,20,0.250,0.100,200000,false,49,64,0.778,9.116,10.072,18.974,-57.119,185.551,200000,1475114,199998,14187,7175,14187,233857,200000,33690,4946,165286,0,76644,123356,31124,2155,0,0,0,1,96.127,183.498,178.629,5.479,13.580,14.966,0.000,0.000,41.832,25.447,0.000,0.000,0.000,0.000,0.000,25.447,0.000,0.000,0.000,0.000,0.000,0.000,0.000,24.670,52.653,4.661,0.000,0.921,17903088,0,67.279,28.546,24.670,0.000,20,0,0.000,Off,ModifiedOnly,0,0,0,0,0,0,false,0,0,0,0,0,0,0,0,0,0,0,0,0,0,0,0.000,0.000,0.000,0.000,0.000,0.000,0.000,0.000,0.000,0.000,0.000,0.000,0.000,0.000,0.000,0.000,0.000,0.000,0.000,0.000
Classic CPU ROAM,classic_cpu_roam,Release,D3D12,NVIDIA GeForce RTX 5090 D,Direct3D 12 (feature level 12_0); requested Agility SDK 614; runtime 6.2.26100.8972 (C:\WINDOWS\SYSTEM32\D3D12Core.dll); driver 32.0.15.9186,false,2048,1129,assets/heightmaps/Hm_Terrain_Peking_513.png,547,547,80.000,12.000,20,0.250,0.100,200000,false,50,64,0.794,9.300,15.709,18.436,-55.832,184.066,200000,1491114,199998,16042,8229,16042,233818,200000,33370,4643,186724,0,82294,117706,31683,2792,0,0,0,1,99.538,192.969,188.194,6.066,13.564,16.399,0.000,0.000,42.034,28.884,0.000,0.000,0.000,0.000,0.000,28.884,0.000,0.000,0.000,0.000,0.000,0.000,0.000,27.570,53.675,4.563,0.000,0.982,18235896,0,70.918,29.963,27.570,0.000,20,0,0.000,Off,ModifiedOnly,0,0,0,0,0,0,false,0,0,0,0,0,0,0,0,0,0,0,0,0,0,0,0.000,0.000,0.000,0.000,0.000,0.000,0.000,0.000,0.000,0.000,0.000,0.000,0.000,0.000,0.000,0.000,0.000,0.000,0.000,0.000
Classic CPU ROAM,classic_cpu_roam,Release,D3D12,NVIDIA GeForce RTX 5090 D,Direct3D 12 (feature level 12_0); requested Agility SDK 614; runtime 6.2.26100.8972 (C:\WINDOWS\SYSTEM32\D3D12Core.dll); driver 32.0.15.9186,false,2048,1129,assets/heightmaps/Hm_Terrain_Peking_513.png,547,547,80.000,12.000,20,0.250,0.100,200000,false,51,64,0.810,9.494,21.190,17.959,-53.991,193.674,200000,1510454,199998,17982,9149,17982,233639,200000,33274,4555,208924,0,85144,114856,31787,1984,0,0,0,1,96.933,198.143,193.260,5.830,13.416,17.537,0.000,0.000,41.589,31.863,0.000,0.000,0.000,0.000,0.000,31.863,0.000,0.000,0.000,0.000,0.000,0.000,0.000,29.661,53.364,4.672,0.000,0.964,19121592,0,73.452,30.952,29.661,0.000,20,0,0.000,Off,ModifiedOnly,0,0,0,0,0,0,false,0,0,0,0,0,0,0,0,0,0,0,0,0,0,0,0.000,0.000,0.000,0.000,0.000,0.000,0.000,0.000,0.000,0.000,0.000,0.000,0.000,0.000,0.000,0.000,0.000,0.000,0.000,0.000
Classic CPU ROAM,classic_cpu_roam,Release,D3D12,NVIDIA GeForce RTX 5090 D,Direct3D 12 (feature level 12_0); requested Agility SDK 614; runtime 6.2.26100.8972 (C:\WINDOWS\SYSTEM32\D3D12Core.dll); driver 32.0.15.9186,false,2048,1129,assets/heightmaps/Hm_Terrain_Peking_513.png,547,547,80.000,12.000,20,0.250,0.100,200000,false,52,64,0.825,9.693,26.460,17.564,-51.613,198.809,200000,1530352,199998,17814,8962,17814,233584,200000,33245,4455,203237,0,83675,116325,31819,2457,0,0,0,1,99.286,193.487,188.648,5.373,13.451,16.845,0.000,0.000,40.888,30.631,0.000,0.000,0.000,0.000,0.000,30.631,0.000,0.000,0.000,0.000,0.000,0.000,0.000,29.496,51.964,4.602,0.000,0.938,18980472,0,71.518,30.296,29.496,0.000,20,0,0.000,Off,ModifiedOnly,0,0,0,0,0,0,false,0,0,0,0,0,0,0,0,0,0,0,0,0,0,0,0.000,0.000,0.000,0.000,0.000,0.000,0.000,0.000,0.000,0.000,0.000,0.000,0.000,0.000,0.000,0.000,0.000,0.000,0.000,0.000
Classic CPU ROAM,classic_cpu_roam,Release,D3D12,NVIDIA GeForce RTX 5090 D,Direct3D 12 (feature level 12_0); requested Agility SDK 614; runtime 6.2.26100.8972 (C:\WINDOWS\SYSTEM32\D3D12Core.dll); driver 32.0.15.9186,false,2048,1129,assets/heightmaps/Hm_Terrain_Peking_513.png,547,547,80.000,12.000,20,0.250,0.100,200000,false,53,64,0.841,9.887,31.468,17.265,-48.722,194.105,200000,1547616,199998,16790,8470,16790,233653,200000,33358,4575,194153,0,86207,113793,32424,2610,0,0,0,1,99.710,193.108,187.879,5.583,13.426,16.360,0.000,0.000,40.562,29.428,0.000,0.000,0.000,0.000,0.000,29.428,0.000,0.000,0.000,0.000,0.000,0.000,0.000,28.899,53.619,5.022,0.000,0.946,18838512,0,69.990,29.786,28.899,0.000,20,0,0.000,Off,ModifiedOnly,0,0,0,0,0,0,false,0,0,0,0,0,0,0,0,0,0,0,0,0,0,0,0.000,0.000,0.000,0.000,0.000,0.000,0.000,0.000,0.000,0.000,0.000,0.000,0.000,0.000,0.000,0.000,0.000,0.000,0.000,0.000
Classic CPU ROAM,classic_cpu_roam,Release,D3D12,NVIDIA GeForce RTX 5090 D,Direct3D 12 (feature level 12_0); requested Agility SDK 614; runtime 6.2.26100.8972 (C:\WINDOWS\SYSTEM32\D3D12Core.dll); driver 32.0.15.9186,false,2048,1129,assets/heightmaps/Hm_Terrain_Peking_513.png,547,547,80.000,12.000,20,0.250,0.100,200000,false,54,64,0.857,10.081,36.162,17.075,-45.346,193.729,200000,1560998,199998,16727,8468,16727,233846,200000,33509,5079,194579,0,86575,113425,32823,2192,0,0,0,1,99.130,194.016,188.960,7.023,13.361,16.638,0.000,0.000,40.353,29.610,0.000,0.000,0.000,0.000,0.000,29.610,0.000,0.000,0.000,0.000,0.000,0.000,0.000,28.533,53.441,4.833,0.000,0.888,19295472,0,69.963,29.998,28.533,0.000,20,0,0.000,Off,ModifiedOnly,0,0,0,0,0,0,false,0,0,0,0,0,0,0,0,0,0,0,0,0,0,0,0.000,0.000,0.000,0.000,0.000,0.000,0.000,0.000,0.000,0.000,0.000,0.000,0.000,0.000,0.000,0.000,0.000,0.000,0.000,0.000
Classic CPU ROAM,classic_cpu_roam,Release,D3D12,NVIDIA GeForce RTX 5090 D,Direct3D 12 (feature level 12_0); requested Agility SDK 614; runtime 6.2.26100.8972 (C:\WINDOWS\SYSTEM32\D3D12Core.dll); driver 32.0.15.9186,false,2048,1129,assets/heightmaps/Hm_Terrain_Peking_513.png,547,547,80.000,12.000,20,0.250,0.100,200000,false,55,64,0.873,10.275,40.498,17.001,-41.520,194.680,200000,1572094,199998,16939,8595,16939,233827,200000,33572,6039,194951,0,86572,113428,32864,3191,0,0,0,1,99.656,193.436,187.946,6.521,13.549,17.704,0.000,0.000,40.300,29.222,0.000,0.000,0.000,0.000,0.000,29.222,0.000,0.000,0.000,0.000,0.000,0.000,0.000,28.774,51.875,5.251,0.000,0.971,19641384,0,69.522,31.253,28.774,0.000,20,0,0.000,Off,ModifiedOnly,0,0,0,0,0,0,false,0,0,0,0,0,0,0,0,0,0,0,0,0,0,0,0.000,0.000,0.000,0.000,0.000,0.000,0.000,0.000,0.000,0.000,0.000,0.000,0.000,0.000,0.000,0.000,0.000,0.000,0.000,0.000
Classic CPU ROAM,classic_cpu_roam,Release,D3D12,NVIDIA GeForce RTX 5090 D,Direct3D 12 (feature level 12_0); requested Agility SDK 614; runtime 6.2.26100.8972 (C:\WINDOWS\SYSTEM32\D3D12Core.dll); driver 32.0.15.9186,false,2048,1129,assets/heightmaps/Hm_Terrain_Peking_513.png,547,547,80.000,12.000,20,0.250,0.100,200000,false,56,64,0.889,10.469,44.431,17.046,-37.282,194.072,200000,1581666,199998,17395,8767,17395,233730,200000,33516,6905,198368,0,85545,114455,33084,3730,0,0,0,1,103.732,201.000,195.635,7.010,13.774,19.550,0.000,0.000,40.300,32.951,0.000,0.000,0.000,0.000,0.000,32.951,0.000,0.000,0.000,0.000,0.000,0.000,0.000,29.364,52.685,5.147,0.000,0.963,19559400,0,73.250,33.324,29.364,0.000,20,0,0.000,Off,ModifiedOnly,0,0,0,0,0,0,false,0,0,0,0,0,0,0,0,0,0,0,0,0,0,0,0.000,0.000,0.000,0.000,0.000,0.000,0.000,0.000,0.000,0.000,0.000,0.000,0.000,0.000,0.000,0.000,0.000,0.000,0.000,0.000
Classic CPU ROAM,classic_cpu_roam,Release,D3D12,NVIDIA GeForce RTX 5090 D,Direct3D 12 (feature level 12_0); requested Agility SDK 614; runtime 6.2.26100.8972 (C:\WINDOWS\SYSTEM32\D3D12Core.dll); driver 32.0.15.9186,false,2048,1129,assets/heightmaps/Hm_Terrain_Peking_513.png,547,547,80.000,12.000,20,0.250,0.100,200000,false,57,64,0.905,10.671,47.922,17.207,-32.673,201.650,200000,1591694,199998,17430,8811,17430,233824,200000,33626,5542,201836,0,88739,111261,33383,2985,0,0,0,1,106.008,196.734,191.428,6.174,13.408,17.166,0.000,0.000,40.498,31.471,0.000,0.000,0.000,0.000,0.000,31.471,0.000,0.000,0.000,0.000,0.000,0.000,0.000,29.956,52.753,5.084,0.000,0.888,20021904,0,71.970,30.574,29.956,0.000,20,0,0.000,Off,ModifiedOnly,0,0,0,0,0,0,false,0,0,0,0,0,0,0,0,0,0,0,0,0,0,0,0.000,0.000,0.000,0.000,0.000,0.000,0.000,0.000,0.000,0.000,0.000,0.000,0.000,0.000,0.000,0.000,0.000,0.000,0.000,0.000
Classic CPU ROAM,classic_cpu_roam,Release,D3D12,NVIDIA GeForce RTX 5090 D,Direct3D 12 (feature level 12_0); requested Agility SDK 614; runtime 6.2.26100.8972 (C:\WINDOWS\SYSTEM32\D3D12Core.dll); driver 32.0.15.9186,false,2048,1129,assets/heightmaps/Hm_Terrain_Peking_513.png,547,547,80.000,12.000,20,0.250,0.100,200000,false,58,64,0.921,10.868,50.937,17.480,-27.739,197.351,200000,1600254,199998,15934,8088,15934,233966,200000,33767,5299,189265,0,87867,112133,33591,2649,0,0,0,1,101.043,190.869,185.378,6.408,13.479,16.391,0.000,0.000,40.338,29.090,0.000,0.000,0.000,0.000,0.000,29.090,0.000,0.000,0.000,0.000,0.000,0.000,0.000,28.312,51.360,5.267,0.000,0.880,20126568,0,69.428,29.869,28.312,0.000,20,0,0.000,Off,ModifiedOnly,0,0,0,0,0,0,false,0,0,0,0,0,0,0,0,0,0,0,0,0,0,0,0.000,0.000,0.000,0.000,0.000,0.000,0.000,0.000,0.000,0.000,0.000,0.000,0.000,0.000,0.000,0.000,0.000,0.000,0.000,0.000
Classic CPU ROAM,classic_cpu_roam,Release,D3D12,NVIDIA GeForce RTX 5090 D,Direct3D 12 (feature level 12_0); requested Agility SDK 614; runtime 6.2.26100.8972 (C:\WINDOWS\SYSTEM32\D3D12Core.dll); driver 32.0.15.9186,false,2048,1129,assets/heightmaps/Hm_Terrain_Peking_513.png,547,547,80.000,12.000,20,0.250,0.100,200000,false,59,64,0.937,11.060,53.446,17.852,-22.529,191.553,200000,1606058,199998,13904,7077,13904,233950,200000,33664,4810,164003,0,82925,117075,33605,1824,0,0,0,1,104.563,184.443,179.114,6.220,13.555,14.818,0.000,0.000,40.421,25.102,0.000,0.000,0.000,0.000,0.000,25.102,0.000,0.000,0.000,0.000,0.000,0.000,0.000,25.233,53.764,5.088,0.000,0.903,19338480,0,65.523,28.373,25.233,0.000,20,0,0.000,Off,ModifiedOnly,0,0,0,0,0,0,false,0,0,0,0,0,0,0,0,0,0,0,0,0,0,0,0.000,0.000,0.000,0.000,0.000,0.000,0.000,0.000,0.000,0.000,0.000,0.000,0.000,0.000,0.000,0.000,0.000,0.000,0.000,0.000
Classic CPU ROAM,classic_cpu_roam,Release,D3D12,NVIDIA GeForce RTX 5090 D,Direct3D 12 (feature level 12_0); requested Agility SDK 614; runtime 6.2.26100.8972 (C:\WINDOWS\SYSTEM32\D3D12Core.dll); driver 32.0.15.9186,false,2048,1129,assets/heightmaps/Hm_Terrain_Peking_513.png,547,547,80.000,12.000,20,0.250,0.100,200000,false,60,64,0.952,11.245,55.423,18.310,-17.096,185.090,200000,1609478,199998,14980,7628,14980,233923,200000,33630,5375,176588,0,82654,117346,33877,2243,0,0,0,1,103.264,186.770,181.356,6.023,13.559,16.000,0.000,0.000,40.566,27.054,0.000,0.000,0.000,0.000,0.000,27.054,0.000,0.000,0.000,0.000,0.000,0.000,0.000,26.577,51.574,5.157,0.000,0.900,19105464,0,67.621,29.559,26.577,0.000,20,0,0.000,Off,ModifiedOnly,0,0,0,0,0,0,false,0,0,0,0,0,0,0,0,0,0,0,0,0,0,0,0.000,0.000,0.000,0.000,0.000,0.000,0.000,0.000,0.000,0.000,0.000,0.000,0.000,0.000,0.000,0.000,0.000,0.000,0.000,0.000
Classic CPU ROAM,classic_cpu_roam,Release,D3D12,NVIDIA GeForce RTX 5090 D,Direct3D 12 (feature level 12_0); requested Agility SDK 614; runtime 6.2.26100.8972 (C:\WINDOWS\SYSTEM32\D3D12Core.dll); driver 32.0.15.9186,false,2048,1129,assets/heightmaps/Hm_Terrain_Peking_513.png,547,547,80.000,12.000,20,0.250,0.100,200000,false,61,64,0.968,11.432,56.850,18.835,-11.492,187.416,200000,1612158,199998,15693,8025,15693,233780,200000,33579,5938,182533,0,86488,113512,34284,3261,0,0,0,1,100.916,190.871,185.627,5.689,13.480,17.264,0.000,0.000,40.825,28.029,0.000,0.000,0.000,0.000,0.000,28.029,0.000,0.000,0.000,0.000,0.000,0.000,0.000,27.640,52.698,5.032,0.000,0.957,19549824,0,68.854,30.744,27.640,0.000,20,0,0.000,Off,ModifiedOnly,0,0,0,0,0,0,false,0,0,0,0,0,0,0,0,0,0,0,0,0,0,0,0.000,0.000,0.000,0.000,0.000,0.000,0.000,0.000,0.000,0.000,0.000,0.000,0.000,0.000,0.000,0.000,0.000,0.000,0.000,0.000
Classic CPU ROAM,classic_cpu_roam,Release,D3D12,NVIDIA GeForce RTX 5090 D,Direct3D 12 (feature level 12_0); requested Agility SDK 614; runtime 6.2.26100.8972 (C:\WINDOWS\SYSTEM32\D3D12Core.dll); driver 32.0.15.9186,false,2048,1129,assets/heightmaps/Hm_Terrain_Peking_513.png,547,547,80.000,12.000,20,0.250,0.100,200000,false,62,64,0.984,11.624,57.712,19.406,-5.775,191.532,200000,1614326,199998,16041,8193,16041,233771,200000,33544,6359,186637,0,88671,111329,34626,4114,0,0,0,1,104.557,199.453,194.079,5.979,13.725,19.684,0.000,0.000,41.656,31.916,0.000,0.000,0.000,0.000,0.000,31.916,0.000,0.000,0.000,0.000,0.000,0.000,0.000,28.462,52.656,5.142,0.000,0.926,19958064,0,73.572,33.409,28.462,0.000,20,0,0.000,Off,ModifiedOnly,0,0,0,0,0,0,false,0,0,0,0,0,0,0,0,0,0,0,0,0,0,0,0.000,0.000,0.000,0.000,0.000,0.000,0.000,0.000,0.000,0.000,0.000,0.000,0.000,0.000,0.000,0.000,0.000,0.000,0.000,0.000
Classic CPU ROAM,classic_cpu_roam,Release,D3D12,NVIDIA GeForce RTX 5090 D,Direct3D 12 (feature level 12_0); requested Agility SDK 614; runtime 6.2.26100.8972 (C:\WINDOWS\SYSTEM32\D3D12Core.dll); driver 32.0.15.9186,false,2048,1129,assets/heightmaps/Hm_Terrain_Peking_513.png,547,547,80.000,12.000,20,0.250,0.100,200000,false,63,64,1.000,11.824,58.000,20.000,0.000,200.074,200000,1614326,199998,14236,7231,14236,233843,200000,33549,5923,168679,0,83379,116621,34069,3007,0,0,0,1,103.438,186.506,181.074,5.979,13.212,16.087,0.000,0.000,41.010,26.014,0.000,0.000,0.000,0.000,0.000,26.014,0.000,0.000,0.000,0.000,0.000,0.000,0.000,25.641,53.129,5.201,0.000,0.929,19238184,0,67.024,29.299,25.641,0.000,20,0,0.000,Off,ModifiedOnly,0,0,0,0,0,0,false,0,0,0,0,0,0,0,0,0,0,0,0,0,0,0,0.000,0.000,0.000,0.000,0.000,0.000,0.000,0.000,0.000,0.000,0.000,0.000,0.000,0.000,0.000,0.000,0.000,0.000,0.000,0.000
Data-Oriented CPU ROAM,data_oriented_cpu_roam,Release,D3D12,NVIDIA GeForce RTX 5090 D,Direct3D 12 (feature level 12_0); requested Agility SDK 614; runtime 6.2.26100.8972 (C:\WINDOWS\SYSTEM32\D3D12Core.dll); driver 32.0.15.9186,false,2048,1129,assets/heightmaps/Hm_Terrain_Peking_513.png,547,547,80.000,12.000,20,0.250,0.100,200000,false,0,64,0.000,0.000,58.000,20.000,0.000,33.069,200000,399998,199998,0,0,0,233547,200000,33547,0,0,0,0,200000,0,1,0,0,0,8,437.286,32.172,32.157,2.419,1.955,0.007,0.000,0.000,3.936,0.001,0.000,0.000,0.000,0.000,0.000,0.001,0.002,0.000,0.000,0.000,0.000,0.000,0.000,0.221,23.618,0.003,0.000,1.126,0,0,3.937,1.961,0.221,0.000,20,0,0.000,Off,ModifiedOnly,0,0,0,0,0,0,false,0,0,0,0,0,0,0,0,0,0,0,0,0,0,0,0.000,0.000,0.000,0.000,0.000,0.000,0.000,0.000,0.000,0.000,0.000,0.000,0.000,0.000,0.000,0.000,0.000,0.000,0.000,0.000
Data-Oriented CPU ROAM,data_oriented_cpu_roam,Release,D3D12,NVIDIA GeForce RTX 5090 D,Direct3D 12 (feature level 12_0); requested Agility SDK 614; runtime 6.2.26100.8972 (C:\WINDOWS\SYSTEM32\D3D12Core.dll); driver 32.0.15.9186,false,2048,1129,assets/heightmaps/Hm_Terrain_Peking_513.png,547,547,80.000,12.000,20,0.250,0.100,200000,false,1,64,0.016,0.033,57.712,20.594,5.775,32.698,199999,427366,199997,13684,6900,13685,233767,199999,33646,6040,159934,0,43554,156445,19103,6041,0,0,0,8,111.261,85.611,84.139,2.498,2.350,15.328,0.000,0.000,5.000,30.364,0.000,0.000,0.000,0.000,0.000,30.364,0.072,0.285,0.144,0.005,1.163,13.648,0.000,5.834,22.764,1.325,0.000,1.150,7317072,0,48.154,17.678,5.834,0.000,20,0,0.000,Off,ModifiedOnly,0,0,0,0,0,0,false,0,0,0,291,0,0,0,0,0,0,0,0,0,0,0,0.000,0.000,0.000,0.000,0.000,0.000,0.000,0.000,0.000,0.000,0.000,0.000,0.000,0.000,0.000,0.000,0.000,0.000,0.000,0.000
Data-Oriented CPU ROAM,data_oriented_cpu_roam,Release,D3D12,NVIDIA GeForce RTX 5090 D,Direct3D 12 (feature level 12_0); requested Agility SDK 614; runtime 6.2.26100.8972 (C:\WINDOWS\SYSTEM32\D3D12Core.dll); driver 32.0.15.9186,false,2048,1129,assets/heightmaps/Hm_Terrain_Peking_513.png,547,547,80.000,12.000,20,0.250,0.100,200000,false,2,64,0.032,0.119,56.850,21.165,11.492,86.199,200000,455414,199998,14447,7328,14446,233838,200000,33704,4265,172629,0,75738,124262,26971,4266,0,0,0,8,93.950,86.658,83.015,4.757,2.144,17.448,0.000,0.000,4.593,23.148,0.000,0.000,0.000,0.000,0.000,23.147,0.215,1.031,0.394,0.009,4.427,11.361,0.000,8.452,22.473,3.467,0.000,1.148,12806640,0,36.251,19.592,8.452,0.000,20,0,0.000,Off,ModifiedOnly,0,0,0,0,0,0,false,0,0,0,1077,0,0,0,0,0,0,0,0,0,0,0,0.000,0.000,0.000,0.000,0.000,0.000,0.000,0.000,0.000,0.000,0.000,0.000,0.000,0.000,0.000,0.000,0.000,0.000,0.000,0.000
Data-Oriented CPU ROAM,data_oriented_cpu_roam,Release,D3D12,NVIDIA GeForce RTX 5090 D,Direct3D 12 (feature level 12_0); requested Agility SDK 614; runtime 6.2.26100.8972 (C:\WINDOWS\SYSTEM32\D3D12Core.dll); driver 32.0.15.9186,false,2048,1129,assets/heightmaps/Hm_Terrain_Peking_513.png,547,547,80.000,12.000,20,0.250,0.100,200000,false,3,64,0.048,0.206,55.423,21.690,17.096,87.235,200000,484810,199998,15418,7882,15418,234099,200000,33915,3895,186215,0,79523,120477,29269,3896,0,0,0,8,229.258,93.087,88.440,5.726,2.663,18.853,0.000,0.000,4.437,24.737,0.000,0.000,0.000,0.000,0.000,24.736,0.250,1.307,0.258,0.014,5.405,11.607,0.000,8.568,23.454,4.450,0.000,1.086,17877048,0,37.019,21.517,8.568,0.000,20,0,0.000,Off,ModifiedOnly,0,0,0,0,0,0,false,0,0,0,1327,0,0,0,0,0,0,0,0,0,0,0,0.000,0.000,0.000,0.000,0.000,0.000,0.000,0.000,0.000,0.000,0.000,0.000,0.000,0.000,0.000,0.000,0.000,0.000,0.000,0.000
Data-Oriented CPU ROAM,data_oriented_cpu_roam,Release,D3D12,NVIDIA GeForce RTX 5090 D,Direct3D 12 (feature level 12_0); requested Agility SDK 614; runtime 6.2.26100.8972 (C:\WINDOWS\SYSTEM32\D3D12Core.dll); driver 32.0.15.9186,false,2048,1129,assets/heightmaps/Hm_Terrain_Peking_513.png,547,547,80.000,12.000,20,0.250,0.100,200000,false,4,64,0.063,0.300,53.446,22.148,22.529,93.669,200000,516248,199998,16567,8420,16567,234303,200000,34123,4247,201322,0,83325,116675,29653,4248,0,0,0,8,114.724,100.170,95.113,6.386,2.274,21.204,0.000,0.000,4.907,27.342,0.000,0.000,0.000,0.000,0.000,27.342,0.258,1.470,0.598,0.013,6.154,12.700,0.000,9.281,23.719,4.796,0.000,1.063,18736032,0,41.074,23.478,9.281,0.000,20,0,0.000,Off,ModifiedOnly,0,0,0,0,0,0,false,0,0,0,1504,0,0,0,0,0,0,0,0,0,0,0,0.000,0.000,0.000,0.000,0.000,0.000,0.000,0.000,0.000,0.000,0.000,0.000,0.000,0.000,0.000,0.000,0.000,0.000,0.000,0.000
Data-Oriented CPU ROAM,data_oriented_cpu_roam,Release,D3D12,NVIDIA GeForce RTX 5090 D,Direct3D 12 (feature level 12_0); requested Agility SDK 614; runtime 6.2.26100.8972 (C:\WINDOWS\SYSTEM32\D3D12Core.dll); driver 32.0.15.9186,false,2048,1129,assets/heightmaps/Hm_Terrain_Peking_513.png,547,547,80.000,12.000,20,0.250,0.100,200000,false,5,64,0.079,0.401,50.937,22.520,27.739,100.753,200000,546298,199998,16457,8355,16457,234468,200000,34158,4077,196957,0,83134,116866,31538,4078,0,0,0,8,260.213,100.872,95.907,6.962,2.293,20.796,0.000,0.000,5.467,27.239,0.000,0.000,0.000,0.000,0.000,27.238,0.260,1.500,0.508,0.020,5.951,12.545,0.000,8.895,24.256,4.757,0.000,0.957,18690672,0,41.452,23.089,8.895,0.000,20,0,0.000,Off,ModifiedOnly,0,0,0,0,0,0,false,0,0,0,1459,0,0,0,0,0,0,0,0,0,0,0,0.000,0.000,0.000,0.000,0.000,0.000,0.000,0.000,0.000,0.000,0.000,0.000,0.000,0.000,0.000,0.000,0.000,0.000,0.000,0.000
Data-Oriented CPU ROAM,data_oriented_cpu_roam,Release,D3D12,NVIDIA GeForce RTX 5090 D,Direct3D 12 (feature level 12_0); requested Agility SDK 614; runtime 6.2.26100.8972 (C:\WINDOWS\SYSTEM32\D3D12Core.dll); driver 32.0.15.9186,false,2048,1129,assets/heightmaps/Hm_Terrain_Peking_513.png,547,547,80.000,12.000,20,0.250,0.100,200000,false,6,64,0.095,0.502,47.922,22.793,32.673,101.424,199999,574080,199997,15495,7849,15496,234509,199999,34113,4361,185690,0,82827,117172,33270,4362,0,0,0,8,100.883,97.862,92.750,6.879,2.403,19.082,0.000,0.000,5.913,25.078,0.000,0.000,0.000,0.000,0.000,25.078,0.220,1.168,0.323,0.014,4.825,12.524,0.000,9.338,24.056,4.894,0.000,0.880,18511416,0,40.372,21.485,9.338,0.000,20,0,0.000,Off,ModifiedOnly,0,0,0,0,0,0,false,0,0,0,1202,0,0,0,0,0,0,0,0,0,0,0,0.000,0.000,0.000,0.000,0.000,0.000,0.000,0.000,0.000,0.000,0.000,0.000,0.000,0.000,0.000,0.000,0.000,0.000,0.000,0.000
Data-Oriented CPU ROAM,data_oriented_cpu_roam,Release,D3D12,NVIDIA GeForce RTX 5090 D,Direct3D 12 (feature level 12_0); requested Agility SDK 614; runtime 6.2.26100.8972 (C:\WINDOWS\SYSTEM32\D3D12Core.dll); driver 32.0.15.9186,false,2048,1129,assets/heightmaps/Hm_Terrain_Peking_513.png,547,547,80.000,12.000,20,0.250,0.100,200000,false,7,64,0.111,0.600,44.431,22.954,37.282,98.458,200000,601646,199998,15838,8018,15837,234506,200000,34186,5332,191200,0,83781,116219,34583,5333,0,0,0,8,100.250,114.421,108.890,7.702,2.393,19.755,0.000,0.000,4.770,39.270,0.000,0.000,0.000,0.000,0.000,39.270,0.181,0.918,0.299,0.007,3.780,14.559,0.000,9.859,25.141,5.279,0.000,0.927,18885888,0,56.034,22.148,9.859,0.000,20,0,0.000,Off,ModifiedOnly,0,0,0,0,0,0,false,0,0,0,933,0,0,0,0,0,0,0,0,0,0,0,0.000,0.000,0.000,0.000,0.000,0.000,0.000,0.000,0.000,0.000,0.000,0.000,0.000,0.000,0.000,0.000,0.000,0.000,0.000,0.000
Data-Oriented CPU ROAM,data_oriented_cpu_roam,Release,D3D12,NVIDIA GeForce RTX 5090 D,Direct3D 12 (feature level 12_0); requested Agility SDK 614; runtime 6.2.26100.8972 (C:\WINDOWS\SYSTEM32\D3D12Core.dll); driver 32.0.15.9186,false,2048,1129,assets/heightmaps/Hm_Terrain_Peking_513.png,547,547,80.000,12.000,20,0.250,0.100,200000,false,8,64,0.127,0.715,40.498,22.999,41.520,115.034,200000,628588,199998,15915,8055,15915,234377,200000,34209,6104,186501,0,85641,114359,36003,6105,0,0,0,8,101.165,98.294,92.469,6.664,2.333,18.945,0.000,0.000,5.827,24.700,0.000,0.000,0.000,0.000,0.000,24.700,0.131,0.684,0.392,0.003,2.883,14.843,0.000,9.399,24.600,5.580,0.000,0.883,19157208,0,43.572,21.277,9.399,0.000,20,0,0.000,Off,ModifiedOnly,0,0,0,0,0,0,false,0,0,0,685,0,0,0,0,0,0,0,0,0,0,0,0.000,0.000,0.000,0.000,0.000,0.000,0.000,0.000,0.000,0.000,0.000,0.000,0.000,0.000,0.000,0.000,0.000,0.000,0.000,0.000
Data-Oriented CPU ROAM,data_oriented_cpu_roam,Release,D3D12,NVIDIA GeForce RTX 5090 D,Direct3D 12 (feature level 12_0); requested Agility SDK 614; runtime 6.2.26100.8972 (C:\WINDOWS\SYSTEM32\D3D12Core.dll); driver 32.0.15.9186,false,2048,1129,assets/heightmaps/Hm_Terrain_Peking_513.png,547,547,80.000,12.000,20,0.250,0.100,200000,false,9,64,0.143,0.814,36.162,22.925,45.346,98.998,199999,654504,199997,16018,8080,16019,234312,199999,34043,6626,186747,0,86781,113218,37062,6627,0,0,0,8,216.670,99.253,93.561,6.435,2.418,19.255,0.000,0.000,5.136,26.061,0.000,0.000,0.000,0.000,0.000,26.060,0.113,0.496,0.189,0.007,2.022,16.416,0.000,9.711,24.545,5.462,0.000,0.961,19643904,0,46.264,21.673,9.711,0.000,20,0,0.000,Off,ModifiedOnly,0,0,0,0,0,0,false,0,0,0,503,0,0,0,0,0,0,0,0,0,0,0,0.000,0.000,0.000,0.000,0.000,0.000,0.000,0.000,0.000,0.000,0.000,0.000,0.000,0.000,0.000,0.000,0.000,0.000,0.000,0.000
Data-Oriented CPU ROAM,data_oriented_cpu_roam,Release,D3D12,NVIDIA GeForce RTX 5090 D,Direct3D 12 (feature level 12_0); requested Agility SDK 614; runtime 6.2.26100.8972 (C:\WINDOWS\SYSTEM32\D3D12Core.dll); driver 32.0.15.9186,false,2048,1129,assets/heightmaps/Hm_Terrain_Peking_513.png,547,547,80.000,12.000,20,0.250,0.100,200000,false,10,64,0.159,0.914,31.468,22.735,48.722,99.964,199999,678774,199997,15560,7909,15560,234065,199999,33860,6826,183159,0,86217,113782,37828,6827,0,0,0,8,103.245,96.592,90.608,6.434,2.401,17.825,0.000,0.000,5.144,24.543,0.000,0.000,0.000,0.000,0.000,24.542,0.086,0.359,0.105,0.004,1.400,15.865,0.000,9.495,24.766,5.744,0.000,0.957,19584936,0,44.626,20.226,9.495,0.000,20,0,0.000,Off,ModifiedOnly,0,0,0,0,0,0,false,0,0,0,366,0,0,0,0,0,0,0,0,0,0,0,0.000,0.000,0.000,0.000,0.000,0.000,0.000,0.000,0.000,0.000,0.000,0.000,0.000,0.000,0.000,0.000,0.000,0.000,0.000,0.000
Data-Oriented CPU ROAM,data_oriented_cpu_roam,Release,D3D12,NVIDIA GeForce RTX 5090 D,Direct3D 12 (feature level 12_0); requested Agility SDK 614; runtime 6.2.26100.8972 (C:\WINDOWS\SYSTEM32\D3D12Core.dll); driver 32.0.15.9186,false,2048,1129,assets/heightmaps/Hm_Terrain_Peking_513.png,547,547,80.000,12.000,20,0.250,0.100,200000,false,11,64,0.175,1.012,26.460,22.436,51.613,97.262,199999,700210,199997,14268,7308,14268,233867,199999,33755,6101,168557,0,84332,115667,38651,6102,0,0,0,8,227.252,95.129,89.174,6.809,2.273,17.258,0.000,0.000,5.271,22.768,0.000,0.000,0.000,0.000,0.000,22.768,0.088,0.416,0.172,0.004,1.703,14.866,0.000,9.130,25.665,5.703,0.000,0.958,19488504,0,41.984,19.530,9.130,0.000,20,0,0.000,Off,ModifiedOnly,0,0,0,0,0,0,false,0,0,0,436,0,0,0,0,0,0,0,0,0,0,0,0.000,0.000,0.000,0.000,0.000,0.000,0.000,0.000,0.000,0.000,0.000,0.000,0.000,0.000,0.000,0.000,0.000,0.000,0.000,0.000
Data-Oriented CPU ROAM,data_oriented_cpu_roam,Release,D3D12,NVIDIA GeForce RTX 5090 D,Direct3D 12 (feature level 12_0); requested Agility SDK 614; runtime 6.2.26100.8972 (C:\WINDOWS\SYSTEM32\D3D12Core.dll); driver 32.0.15.9186,false,2048,1129,assets/heightmaps/Hm_Terrain_Peking_513.png,547,547,80.000,12.000,20,0.250,0.100,200000,false,12,64,0.190,1.107,21.190,22.041,53.991,95.773,199999,721236,199997,14417,7364,14417,233927,199999,33700,5594,171473,0,80693,119306,38350,5595,0,0,0,8,105.088,95.026,88.998,6.552,2.464,17.522,0.000,0.000,5.598,22.654,0.000,0.000,0.000,0.000,0.000,22.653,0.106,0.547,0.203,0.004,2.287,14.365,0.000,8.883,25.324,5.772,0.000,0.908,19100928,0,41.073,19.987,8.883,0.000,20,0,0.000,Off,ModifiedOnly,0,0,0,0,0,0,false,0,0,0,581,0,0,0,0,0,0,0,0,0,0,0,0.000,0.000,0.000,0.000,0.000,0.000,0.000,0.000,0.000,0.000,0.000,0.000,0.000,0.000,0.000,0.000,0.000,0.000,0.000,0.000
Data-Oriented CPU ROAM,data_oriented_cpu_roam,Release,D3D12,NVIDIA GeForce RTX 5090 D,Direct3D 12 (feature level 12_0); requested Agility SDK 614; runtime 6.2.26100.8972 (C:\WINDOWS\SYSTEM32\D3D12Core.dll); driver 32.0.15.9186,false,2048,1129,assets/heightmaps/Hm_Terrain_Peking_513.png,547,547,80.000,12.000,20,0.250,0.100,200000,false,13,64,0.206,1.203,15.709,21.564,55.832,95.722,199999,744268,199997,15276,7779,15276,233842,199999,33642,5758,179058,0,82550,117449,39222,5759,0,0,0,8,102.766,97.089,91.006,6.468,2.214,18.680,0.000,0.000,5.118,23.781,0.000,0.000,0.000,0.000,0.000,23.780,0.134,0.621,0.233,0.005,2.624,15.055,0.000,9.232,25.514,5.818,0.000,0.968,18647832,0,42.001,20.894,9.232,0.000,20,0,0.000,Off,ModifiedOnly,0,0,0,0,0,0,false,0,0,0,656,0,0,0,0,0,0,0,0,0,0,0,0.000,0.000,0.000,0.000,0.000,0.000,0.000,0.000,0.000,0.000,0.000,0.000,0.000,0.000,0.000,0.000,0.000,0.000,0.000,0.000
Data-Oriented CPU ROAM,data_oriented_cpu_roam,Release,D3D12,NVIDIA GeForce RTX 5090 D,Direct3D 12 (feature level 12_0); requested Agility SDK 614; runtime 6.2.26100.8972 (C:\WINDOWS\SYSTEM32\D3D12Core.dll); driver 32.0.15.9186,false,2048,1129,assets/heightmaps/Hm_Terrain_Peking_513.png,547,547,80.000,12.000,20,0.250,0.100,200000,false,14,64,0.222,1.301,10.072,21.026,57.119,97.712,200000,769730,199998,16363,8378,16362,233906,200000,33573,6036,192180,0,86612,113388,40088,6037,0,0,0,8,97.178,102.493,96.245,6.504,2.305,20.159,0.000,0.000,5.067,25.810,0.000,0.000,0.000,0.000,0.000,25.809,0.147,0.786,0.219,0.012,2.838,16.147,0.000,10.495,25.905,5.975,0.000,0.883,19326216,0,44.805,22.464,10.495,0.000,20,0,0.000,Off,ModifiedOnly,0,0,0,0,0,0,false,0,0,0,701,0,0,0,0,0,0,0,0,0,0,0,0.000,0.000,0.000,0.000,0.000,0.000,0.000,0.000,0.000,0.000,0.000,0.000,0.000,0.000,0.000,0.000,0.000,0.000,0.000,0.000
Data-Oriented CPU ROAM,data_oriented_cpu_roam,Release,D3D12,NVIDIA GeForce RTX 5090 D,Direct3D 12 (feature level 12_0); requested Agility SDK 614; runtime 6.2.26100.8972 (C:\WINDOWS\SYSTEM32\D3D12Core.dll); driver 32.0.15.9186,false,2048,1129,assets/heightmaps/Hm_Terrain_Peking_513.png,547,547,80.000,12.000,20,0.250,0.100,200000,false,15,64,0.238,1.404,4.334,20.447,57.838,103.115,200000,795432,199998,16599,8406,16599,233653,200000,33436,5789,194161,0,86890,113110,39939,5790,0,0,0,8,318.686,103.848,97.834,6.646,2.473,21.334,0.000,0.000,5.084,25.628,0.000,0.000,0.000,0.000,0.000,25.627,0.172,0.879,0.472,0.051,3.801,15.949,0.000,10.013,26.656,5.744,0.000,0.933,19491024,0,44.131,23.807,10.013,0.000,20,0,0.000,Off,ModifiedOnly,0,0,0,0,0,0,false,0,0,0,865,0,0,0,0,0,0,0,0,0,0,0,0.000,0.000,0.000,0.000,0.000,0.000,0.000,0.000,0.000,0.000,0.000,0.000,0.000,0.000,0.000,0.000,0.000,0.000,0.000,0.000
Data-Oriented CPU ROAM,data_oriented_cpu_roam,Release,D3D12,NVIDIA GeForce RTX 5090 D,Direct3D 12 (feature level 12_0); requested Agility SDK 614; runtime 6.2.26100.8972 (C:\WINDOWS\SYSTEM32\D3D12Core.dll); driver 32.0.15.9186,false,2048,1129,assets/heightmaps/Hm_Terrain_Peking_513.png,547,547,80.000,12.000,20,0.250,0.100,200000,false,16,64,0.254,1.509,-1.446,19.850,57.982,104.613,200000,821502,199998,15791,7902,15791,233701,200000,33502,5325,187246,0,83257,116743,39265,5326,0,0,0,8,97.526,102.098,95.913,6.761,2.355,19.980,0.000,0.000,5.388,26.140,0.000,0.000,0.000,0.000,0.000,26.139,0.205,0.975,0.316,0.010,3.967,14.493,0.000,9.299,25.989,5.924,0.000,0.900,18874800,0,43.576,22.335,9.299,0.000,20,0,0.000,Off,ModifiedOnly,0,0,0,0,0,0,false,0,0,0,1001,0,0,0,0,0,0,0,0,0,0,0,0.000,0.000,0.000,0.000,0.000,0.000,0.000,0.000,0.000,0.000,0.000,0.000,0.000,0.000,0.000,0.000,0.000,0.000,0.000,0.000
Data-Oriented CPU ROAM,data_oriented_cpu_roam,Release,D3D12,NVIDIA GeForce RTX 5090 D,Direct3D 12 (feature level 12_0); requested Agility SDK 614; runtime 6.2.26100.8972 (C:\WINDOWS\SYSTEM32\D3D12Core.dll); driver 32.0.15.9186,false,2048,1129,assets/heightmaps/Hm_Terrain_Peking_513.png,547,547,80.000,12.000,20,0.250,0.100,200000,false,17,64,0.270,1.611,-7.212,19.260,57.550,102.751,199999,846070,199997,14260,7191,14261,233539,199999,33436,5210,166515,0,78282,121717,38545,5211,0,0,0,8,339.262,97.759,91.915,6.570,2.448,17.780,0.000,0.000,6.188,23.439,0.000,0.000,0.000,0.000,0.000,23.439,0.154,0.754,0.299,0.007,3.077,13.478,0.000,9.241,26.249,5.601,0.000,0.950,18479664,0,41.343,20.228,9.241,0.000,20,0,0.000,Off,ModifiedOnly,0,0,0,0,0,0,false,0,0,0,777,0,0,0,0,0,0,0,0,0,0,0,0.000,0.000,0.000,0.000,0.000,0.000,0.000,0.000,0.000,0.000,0.000,0.000,0.000,0.000,0.000,0.000,0.000,0.000,0.000,0.000
Data-Oriented CPU ROAM,data_oriented_cpu_roam,Release,D3D12,NVIDIA GeForce RTX 5090 D,Direct3D 12 (feature level 12_0); requested Agility SDK 614; runtime 6.2.26100.8972 (C:\WINDOWS\SYSTEM32\D3D12Core.dll); driver 32.0.15.9186,false,2048,1129,assets/heightmaps/Hm_Terrain_Peking_513.png,547,547,80.000,12.000,20,0.250,0.100,200000,false,18,64,0.286,1.710,-12.906,18.698,56.546,98.405,199999,870460,199997,14978,7677,14978,233749,199999,33646,4655,178438,0,77956,122043,38959,4656,0,0,0,8,82.828,99.920,94.092,6.814,2.324,19.528,0.000,0.000,5.493,24.608,0.000,0.000,0.000,0.000,0.000,24.608,0.193,0.951,0.294,0.013,3.986,14.080,0.000,9.311,26.013,5.554,0.000,0.947,17998344,0,41.289,21.852,9.311,0.000,20,0,0.000,Off,ModifiedOnly,0,0,0,0,0,0,false,0,0,0,981,0,0,0,0,0,0,0,0,0,0,0,0.000,0.000,0.000,0.000,0.000,0.000,0.000,0.000,0.000,0.000,0.000,0.000,0.000,0.000,0.000,0.000,0.000,0.000,0.000,0.000
Data-Oriented CPU ROAM,data_oriented_cpu_roam,Release,D3D12,NVIDIA GeForce RTX 5090 D,Direct3D 12 (feature level 12_0); requested Agility SDK 614; runtime 6.2.26100.8972 (C:\WINDOWS\SYSTEM32\D3D12Core.dll); driver 32.0.15.9186,false,2048,1129,assets/heightmaps/Hm_Terrain_Peking_513.png,547,547,80.000,12.000,20,0.250,0.100,200000,false,19,64,0.302,1.810,-18.472,18.189,54.980,100.694,199999,898434,199997,17882,9187,17882,233762,199999,33511,4651,209135,0,82122,117877,39431,4652,0,0,0,8,105.765,109.135,103.222,6.787,2.371,23.705,0.000,0.000,4.892,28.692,0.000,0.000,0.000,0.000,0.000,28.692,0.263,1.533,0.449,0.013,6.503,14.931,0.000,9.726,27.049,5.678,0.000,0.976,18583320,0,44.426,26.076,9.726,0.000,20,0,0.000,Off,ModifiedOnly,0,0,0,0,0,0,false,0,0,0,1569,0,0,0,0,0,0,0,0,0,0,0,0.000,0.000,0.000,0.000,0.000,0.000,0.000,0.000,0.000,0.000,0.000,0.000,0.000,0.000,0.000,0.000,0.000,0.000,0.000,0.000
Data-Oriented CPU ROAM,data_oriented_cpu_roam,Release,D3D12,NVIDIA GeForce RTX 5090 D,Direct3D 12 (feature level 12_0); requested Agility SDK 614; runtime 6.2.26100.8972 (C:\WINDOWS\SYSTEM32\D3D12Core.dll); driver 32.0.15.9186,false,2048,1129,assets/heightmaps/Hm_Terrain_Peking_513.png,547,547,80.000,12.000,20,0.250,0.100,200000,false,20,64,0.317,1.920,-23.855,17.751,52.867,109.796,200000,926158,199998,18332,9248,18331,233865,200000,33486,4625,213964,0,84742,115258,40404,4626,0,0,0,8,98.922,132.675,126.044,6.588,2.284,23.921,0.000,0.000,5.286,49.294,0.000,0.000,0.000,0.000,0.000,49.294,0.256,1.499,0.592,0.019,6.357,15.185,0.000,11.071,27.599,6.266,0.000,0.905,18844728,0,65.488,26.205,11.071,0.000,20,0,0.000,Off,ModifiedOnly,0,0,0,0,0,0,false,0,0,0,1577,0,0,0,0,0,0,0,0,0,0,0,0.000,0.000,0.000,0.000,0.000,0.000,0.000,0.000,0.000,0.000,0.000,0.000,0.000,0.000,0.000,0.000,0.000,0.000,0.000,0.000
Data-Oriented CPU ROAM,data_oriented_cpu_roam,Release,D3D12,NVIDIA GeForce RTX 5090 D,Direct3D 12 (feature level 12_0); requested Agility SDK 614; runtime 6.2.26100.8972 (C:\WINDOWS\SYSTEM32\D3D12Core.dll); driver 32.0.15.9186,false,2048,1129,assets/heightmaps/Hm_Terrain_Peking_513.png,547,547,80.000,12.000,20,0.250,0.100,200000,false,21,64,0.333,2.054,-29.000,17.402,50.229,133.283,200000,953204,199998,17663,8905,17663,233812,200000,33461,4484,205883,0,88045,111955,41216,4485,0,0,0,8,105.028,110.086,103.903,6.520,2.576,22.965,0.000,0.000,5.184,27.919,0.000,0.000,0.000,0.000,0.000,27.919,0.259,1.584,0.559,0.053,6.139,14.355,0.000,10.247,28.492,5.900,0.000,0.940,19231632,0,43.329,25.540,10.247,0.000,20,0,0.000,Off,ModifiedOnly,0,0,0,0,0,0,false,0,0,0,1464,0,0,0,0,0,0,0,0,0,0,0,0.000,0.000,0.000,0.000,0.000,0.000,0.000,0.000,0.000,0.000,0.000,0.000,0.000,0.000,0.000,0.000,0.000,0.000,0.000,0.000
Data-Oriented CPU ROAM,data_oriented_cpu_roam,Release,D3D12,NVIDIA GeForce RTX 5090 D,Direct3D 12 (feature level 12_0); requested Agility SDK 614; runtime 6.2.26100.8972 (C:\WINDOWS\SYSTEM32\D3D12Core.dll); driver 32.0.15.9186,false,2048,1129,assets/heightmaps/Hm_Terrain_Peking_513.png,547,547,80.000,12.000,20,0.250,0.100,200000,false,22,64,0.349,2.164,-33.857,17.156,47.092,110.737,200000,977174,199998,16479,8341,16479,233794,200000,33453,4891,191498,0,88790,111210,41695,4892,0,0,0,8,94.900,105.054,98.563,6.720,2.443,20.277,0.000,0.000,5.078,26.382,0.000,0.000,0.000,0.000,0.000,26.382,0.198,1.052,0.286,0.005,4.286,14.438,0.000,10.546,27.116,6.219,0.000,0.876,19602408,0,42.480,22.721,10.546,0.000,20,0,0.000,Off,ModifiedOnly,0,0,0,0,0,0,false,0,0,0,1104,0,0,0,0,0,0,0,0,0,0,0,0.000,0.000,0.000,0.000,0.000,0.000,0.000,0.000,0.000,0.000,0.000,0.000,0.000,0.000,0.000,0.000,0.000,0.000,0.000,0.000
Data-Oriented CPU ROAM,data_oriented_cpu_roam,Release,D3D12,NVIDIA GeForce RTX 5090 D,Direct3D 12 (feature level 12_0); requested Agility SDK 614; runtime 6.2.26100.8972 (C:\WINDOWS\SYSTEM32\D3D12Core.dll); driver 32.0.15.9186,false,2048,1129,assets/heightmaps/Hm_Terrain_Peking_513.png,547,547,80.000,12.000,20,0.250,0.100,200000,false,23,64,0.365,2.270,-38.378,17.023,43.487,105.680,200000,999934,199998,16180,8200,16180,233726,200000,33430,5466,187097,0,84433,115567,41472,5467,0,0,0,8,95.098,104.746,98.347,6.792,2.462,20.052,0.000,0.000,5.319,25.748,0.000,0.000,0.000,0.000,0.000,25.748,0.174,0.813,0.296,0.002,3.439,15.320,0.000,9.982,27.991,6.116,0.000,1.025,19796784,0,43.701,22.514,9.982,0.000,20,0,0.000,Off,ModifiedOnly,0,0,0,0,0,0,false,0,0,0,849,0,0,0,0,0,0,0,0,0,0,0,0.000,0.000,0.000,0.000,0.000,0.000,0.000,0.000,0.000,0.000,0.000,0.000,0.000,0.000,0.000,0.000,0.000,0.000,0.000,0.000
Data-Oriented CPU ROAM,data_oriented_cpu_roam,Release,D3D12,NVIDIA GeForce RTX 5090 D,Direct3D 12 (feature level 12_0); requested Agility SDK 614; runtime 6.2.26100.8972 (C:\WINDOWS\SYSTEM32\D3D12Core.dll); driver 32.0.15.9186,false,2048,1129,assets/heightmaps/Hm_Terrain_Peking_513.png,547,547,80.000,12.000,20,0.250,0.100,200000,false,24,64,0.381,2.375,-42.517,17.008,39.450,105.429,199999,1022568,199997,16673,8500,16674,233573,199999,33390,6362,189199,0,84249,115750,41785,6363,0,0,0,8,224.248,103.656,97.310,7.235,2.452,19.947,0.000,0.000,5.313,25.607,0.000,0.000,0.000,0.000,0.000,25.607,0.139,0.661,0.253,0.007,2.701,16.175,0.000,9.621,27.135,6.054,0.000,0.879,19635672,0,45.140,22.399,9.621,0.000,20,0,0.000,Off,ModifiedOnly,0,0,0,0,0,0,false,0,0,0,671,0,0,0,0,0,0,0,0,0,0,0,0.000,0.000,0.000,0.000,0.000,0.000,0.000,0.000,0.000,0.000,0.000,0.000,0.000,0.000,0.000,0.000,0.000,0.000,0.000,0.000
Data-Oriented CPU ROAM,data_oriented_cpu_roam,Release,D3D12,NVIDIA GeForce RTX 5090 D,Direct3D 12 (feature level 12_0); requested Agility SDK 614; runtime 6.2.26100.8972 (C:\WINDOWS\SYSTEM32\D3D12Core.dll); driver 32.0.15.9186,false,2048,1129,assets/heightmaps/Hm_Terrain_Peking_513.png,547,547,80.000,12.000,20,0.250,0.100,200000,false,25,64,0.397,2.480,-46.234,17.112,35.021,104.323,200000,1046028,199998,17828,8998,17827,233647,200000,33468,6324,205977,0,87295,112705,42331,6325,0,0,0,8,322.847,108.213,101.420,6.672,2.363,21.332,0.000,0.000,5.486,28.279,0.000,0.000,0.000,0.000,0.000,28.279,0.173,0.874,0.314,0.012,3.622,16.324,0.000,9.846,27.442,6.532,0.000,0.944,19769568,0,47.654,23.695,9.846,0.000,20,0,0.000,Off,ModifiedOnly,0,0,0,0,0,0,false,0,0,0,923,0,0,0,0,0,0,0,0,0,0,0,0.000,0.000,0.000,0.000,0.000,0.000,0.000,0.000,0.000,0.000,0.000,0.000,0.000,0.000,0.000,0.000,0.000,0.000,0.000,0.000
Data-Oriented CPU ROAM,data_oriented_cpu_roam,Release,D3D12,NVIDIA GeForce RTX 5090 D,Direct3D 12 (feature level 12_0); requested Agility SDK 614; runtime 6.2.26100.8972 (C:\WINDOWS\SYSTEM32\D3D12Core.dll); driver 32.0.15.9186,false,2048,1129,assets/heightmaps/Hm_Terrain_Peking_513.png,547,547,80.000,12.000,20,0.250,0.100,200000,false,26,64,0.413,2.589,-49.491,17.330,30.243,108.843,199999,1069756,199997,16791,8506,16792,233746,199999,33511,5338,196884,0,87813,112186,42675,5339,0,0,0,8,309.688,107.114,100.674,6.900,2.292,20.858,0.000,0.000,5.352,27.537,0.000,0.000,0.000,0.000,0.000,27.537,0.188,0.958,0.303,0.012,4.159,15.223,0.000,10.576,27.158,6.158,0.000,0.909,19796112,0,45.012,23.150,10.576,0.000,20,0,0.000,Off,ModifiedOnly,0,0,0,0,0,0,false,0,0,0,1002,0,0,0,0,0,0,0,0,0,0,0,0.000,0.000,0.000,0.000,0.000,0.000,0.000,0.000,0.000,0.000,0.000,0.000,0.000,0.000,0.000,0.000,0.000,0.000,0.000,0.000
Data-Oriented CPU ROAM,data_oriented_cpu_roam,Release,D3D12,NVIDIA GeForce RTX 5090 D,Direct3D 12 (feature level 12_0); requested Agility SDK 614; runtime 6.2.26100.8972 (C:\WINDOWS\SYSTEM32\D3D12Core.dll); driver 32.0.15.9186,false,2048,1129,assets/heightmaps/Hm_Terrain_Peking_513.png,547,547,80.000,12.000,20,0.250,0.100,200000,false,27,64,0.429,2.696,-52.256,17.655,25.165,107.767,200000,1091344,199998,15043,7638,15042,233816,200000,33487,5045,178553,0,85053,114947,42455,5046,0,0,0,8,98.839,101.119,94.646,6.794,2.538,18.739,0.000,0.000,5.239,24.961,0.000,0.000,0.000,0.000,0.000,24.960,0.167,0.830,0.186,0.012,3.397,14.135,0.000,9.586,26.789,6.220,0.000,0.921,19625592,0,41.834,21.277,9.586,0.000,20,0,0.000,Off,ModifiedOnly,0,0,0,0,0,0,false,0,0,0,859,0,0,0,0,0,0,0,0,0,0,0,0.000,0.000,0.000,0.000,0.000,0.000,0.000,0.000,0.000,0.000,0.000,0.000,0.000,0.000,0.000,0.000,0.000,0.000,0.000,0.000
Data-Oriented CPU ROAM,data_oriented_cpu_roam,Release,D3D12,NVIDIA GeForce RTX 5090 D,Direct3D 12 (feature level 12_0); requested Agility SDK 614; runtime 6.2.26100.8972 (C:\WINDOWS\SYSTEM32\D3D12Core.dll); driver 32.0.15.9186,false,2048,1129,assets/heightmaps/Hm_Terrain_Peking_513.png,547,547,80.000,12.000,20,0.250,0.100,200000,false,28,64,0.444,2.798,-54.502,18.072,19.837,101.832,200000,1111498,199998,14210,7226,14210,233767,200000,33478,5006,167899,0,80993,119007,42668,5007,0,0,0,8,318.530,99.331,92.994,6.912,2.509,17.833,0.000,0.000,5.285,23.715,0.000,0.000,0.000,0.000,0.000,23.715,0.148,0.731,0.203,0.010,3.043,13.688,0.000,9.701,27.038,6.082,0.000,0.853,19059600,0,40.609,20.342,9.701,0.000,20,0,0.000,Off,ModifiedOnly,0,0,0,0,0,0,false,0,0,0,768,0,0,0,0,0,0,0,0,0,0,0,0.000,0.000,0.000,0.000,0.000,0.000,0.000,0.000,0.000,0.000,0.000,0.000,0.000,0.000,0.000,0.000,0.000,0.000,0.000,0.000
Data-Oriented CPU ROAM,data_oriented_cpu_roam,Release,D3D12,NVIDIA GeForce RTX 5090 D,Direct3D 12 (feature level 12_0); requested Agility SDK 614; runtime 6.2.26100.8972 (C:\WINDOWS\SYSTEM32\D3D12Core.dll); driver 32.0.15.9186,false,2048,1129,assets/heightmaps/Hm_Terrain_Peking_513.png,547,547,80.000,12.000,20,0.250,0.100,200000,false,29,64,0.460,2.898,-56.206,18.565,14.312,99.998,199999,1133262,199997,15383,7855,15384,233713,199999,33578,5608,181887,0,83043,116956,43363,5609,0,0,0,8,97.786,102.210,95.638,6.997,2.382,18.996,0.000,0.000,5.191,24.931,0.000,0.000,0.000,0.000,0.000,24.931,0.147,0.759,0.278,0.004,2.952,14.846,0.000,9.660,27.479,6.289,0.000,0.990,19075896,0,42.910,21.378,9.660,0.000,20,0,0.000,Off,ModifiedOnly,0,0,0,0,0,0,false,0,0,0,742,0,0,0,0,0,0,0,0,0,0,0,0.000,0.000,0.000,0.000,0.000,0.000,0.000,0.000,0.000,0.000,0.000,0.000,0.000,0.000,0.000,0.000,0.000,0.000,0.000,0.000
Data-Oriented CPU ROAM,data_oriented_cpu_roam,Release,D3D12,NVIDIA GeForce RTX 5090 D,Direct3D 12 (feature level 12_0); requested Agility SDK 614; runtime 6.2.26100.8972 (C:\WINDOWS\SYSTEM32\D3D12Core.dll); driver 32.0.15.9186,false,2048,1129,assets/heightmaps/Hm_Terrain_Peking_513.png,547,547,80.000,12.000,20,0.250,0.100,200000,false,30,64,0.476,3.001,-57.352,19.116,8.644,102.822,200000,1154886,199998,15689,8012,15688,233763,200000,33514,5884,183433,0,85931,114069,43881,5885,0,0,0,8,218.527,106.518,99.872,6.782,2.254,19.528,0.000,0.000,5.478,25.412,0.000,0.000,0.000,0.000,0.000,25.411,0.141,0.662,0.217,0.002,2.789,15.708,0.000,10.255,30.164,6.365,0.000,0.970,19502784,0,44.544,21.781,10.255,0.000,20,0,0.000,Off,ModifiedOnly,0,0,0,0,0,0,false,0,0,0,681,0,0,0,0,0,0,0,0,0,0,0,0.000,0.000,0.000,0.000,0.000,0.000,0.000,0.000,0.000,0.000,0.000,0.000,0.000,0.000,0.000,0.000,0.000,0.000,0.000,0.000
Data-Oriented CPU ROAM,data_oriented_cpu_roam,Release,D3D12,NVIDIA GeForce RTX 5090 D,Direct3D 12 (feature level 12_0); requested Agility SDK 614; runtime 6.2.26100.8972 (C:\WINDOWS\SYSTEM32\D3D12Core.dll); driver 32.0.15.9186,false,2048,1129,assets/heightmaps/Hm_Terrain_Peking_513.png,547,547,80.000,12.000,20,0.250,0.100,200000,false,31,64,0.492,3.108,-57.928,19.701,2.891,107.156,199999,1175786,199997,15793,8073,15794,233678,199999,33607,6193,185148,0,86339,113660,43851,6194,0,0,0,8,208.184,103.926,97.357,7.538,2.505,19.138,0.000,0.000,5.431,25.688,0.000,0.000,0.000,0.000,0.000,25.687,0.124,0.576,0.249,0.005,2.352,15.821,0.000,11.134,25.923,6.304,0.000,0.971,19559400,0,45.201,21.643,11.134,0.000,20,0,0.000,Off,ModifiedOnly,0,0,0,0,0,0,false,0,0,0,608,0,0,0,0,0,0,0,0,0,0,0,0.000,0.000,0.000,0.000,0.000,0.000,0.000,0.000,0.000,0.000,0.000,0.000,0.000,0.000,0.000,0.000,0.000,0.000,0.000,0.000
Data-Oriented CPU ROAM,data_oriented_cpu_roam,Release,D3D12,NVIDIA GeForce RTX 5090 D,Direct3D 12 (feature level 12_0); requested Agility SDK 614; runtime 6.2.26100.8972 (C:\WINDOWS\SYSTEM32\D3D12Core.dll); driver 32.0.15.9186,false,2048,1129,assets/heightmaps/Hm_Terrain_Peking_513.png,547,547,80.000,12.000,20,0.250,0.100,200000,false,32,64,0.508,3.213,-57.928,20.299,-2.891,104.570,200000,1194614,199998,14594,7357,14593,233820,200000,33522,6051,172138,0,81508,118492,43309,6052,0,0,0,8,81.136,102.914,96.076,7.030,2.207,17.934,0.000,0.000,5.095,24.060,0.000,0.000,0.000,0.000,0.000,24.059,0.102,0.534,0.212,0.005,1.927,15.145,0.000,9.630,30.120,6.575,0.000,0.891,18911256,0,43.139,20.141,9.630,0.000,20,0,0.000,Off,ModifiedOnly,0,0,0,0,0,0,false,0,0,0,513,0,0,0,0,0,0,0,0,0,0,0,0.000,0.000,0.000,0.000,0.000,0.000,0.000,0.000,0.000,0.000,0.000,0.000,0.000,0.000,0.000,0.000,0.000,0.000,0.000,0.000
Data-Oriented CPU ROAM,data_oriented_cpu_roam,Release,D3D12,NVIDIA GeForce RTX 5090 D,Direct3D 12 (feature level 12_0); requested Agility SDK 614; runtime 6.2.26100.8972 (C:\WINDOWS\SYSTEM32\D3D12Core.dll); driver 32.0.15.9186,false,2048,1129,assets/heightmaps/Hm_Terrain_Peking_513.png,547,547,80.000,12.000,20,0.250,0.100,200000,false,33,64,0.524,3.316,-57.352,20.884,-8.644,103.593,199999,1213460,199997,13300,6742,13301,233675,199999,33602,5335,156935,0,76551,123448,42483,5336,0,0,0,8,323.148,98.168,91.639,7.843,2.599,16.584,0.000,0.000,5.526,22.584,0.000,0.000,0.000,0.000,0.000,22.584,0.103,0.488,0.202,0.006,2.104,13.671,0.000,9.252,27.251,6.251,0.000,0.954,18232704,0,40.429,19.183,9.252,0.000,20,0,0.000,Off,ModifiedOnly,0,0,0,0,0,0,false,0,0,0,460,0,0,0,0,0,0,0,0,0,0,0,0.000,0.000,0.000,0.000,0.000,0.000,0.000,0.000,0.000,0.000,0.000,0.000,0.000,0.000,0.000,0.000,0.000,0.000,0.000,0.000
Data-Oriented CPU ROAM,data_oriented_cpu_roam,Release,D3D12,NVIDIA GeForce RTX 5090 D,Direct3D 12 (feature level 12_0); requested Agility SDK 614; runtime 6.2.26100.8972 (C:\WINDOWS\SYSTEM32\D3D12Core.dll); driver 32.0.15.9186,false,2048,1129,assets/heightmaps/Hm_Terrain_Peking_513.png,547,547,80.000,12.000,20,0.250,0.100,200000,false,34,64,0.540,3.415,-56.206,21.435,-14.312,98.827,200000,1232534,199998,15231,7719,15230,233785,200000,33541,3788,180958,0,78255,121745,41829,3789,0,0,0,8,97.224,102.723,96.196,6.668,2.456,19.887,0.000,0.000,5.244,25.937,0.000,0.000,0.000,0.000,0.000,25.936,0.278,1.317,0.267,0.010,5.530,12.472,0.000,9.025,26.978,6.249,0.000,0.996,17918544,0,39.943,22.344,9.025,0.000,20,0,0.000,Off,ModifiedOnly,0,0,0,0,0,0,false,0,0,0,1374,0,0,0,0,0,0,0,0,0,0,0,0.000,0.000,0.000,0.000,0.000,0.000,0.000,0.000,0.000,0.000,0.000,0.000,0.000,0.000,0.000,0.000,0.000,0.000,0.000,0.000
Data-Oriented CPU ROAM,data_oriented_cpu_roam,Release,D3D12,NVIDIA GeForce RTX 5090 D,Direct3D 12 (feature level 12_0); requested Agility SDK 614; runtime 6.2.26100.8972 (C:\WINDOWS\SYSTEM32\D3D12Core.dll); driver 32.0.15.9186,false,2048,1129,assets/heightmaps/Hm_Terrain_Peking_513.png,547,547,80.000,12.000,20,0.250,0.100,200000,false,35,64,0.556,3.518,-54.502,21.928,-19.837,103.341,200000,1250618,199998,15164,7716,15164,233892,200000,33657,3973,181950,0,79605,120395,42015,3974,0,0,0,8,111.964,103.967,97.458,6.828,2.481,19.952,0.000,0.000,5.000,26.059,0.000,0.000,0.000,0.000,0.000,26.059,0.256,1.290,0.344,0.013,5.328,12.710,0.000,9.709,27.428,6.232,0.000,1.052,18109728,0,40.145,22.433,9.709,0.000,20,0,0.000,Off,ModifiedOnly,0,0,0,0,0,0,false,0,0,0,1297,0,0,0,0,0,0,0,0,0,0,0,0.000,0.000,0.000,0.000,0.000,0.000,0.000,0.000,0.000,0.000,0.000,0.000,0.000,0.000,0.000,0.000,0.000,0.000,0.000,0.000
Data-Oriented CPU ROAM,data_oriented_cpu_roam,Release,D3D12,NVIDIA GeForce RTX 5090 D,Direct3D 12 (feature level 12_0); requested Agility SDK 614; runtime 6.2.26100.8972 (C:\WINDOWS\SYSTEM32\D3D12Core.dll); driver 32.0.15.9186,false,2048,1129,assets/heightmaps/Hm_Terrain_Peking_513.png,547,547,80.000,12.000,20,0.250,0.100,200000,false,36,64,0.571,3.623,-52.256,22.345,-25.165,104.594,200000,1272354,199998,15904,8086,15904,233998,200000,33737,3922,190106,0,78903,121097,41697,3923,0,0,0,8,107.048,108.464,101.948,6.948,2.385,20.994,0.000,0.000,5.122,27.429,0.000,0.000,0.000,0.000,0.000,27.429,0.252,1.344,0.367,0.016,5.526,13.477,0.000,9.794,29.275,6.244,0.000,0.959,18196920,0,42.039,23.379,9.794,0.000,20,0,0.000,Off,ModifiedOnly,0,0,0,0,0,0,false,0,0,0,1366,0,0,0,0,0,0,0,0,0,0,0,0.000,0.000,0.000,0.000,0.000,0.000,0.000,0.000,0.000,0.000,0.000,0.000,0.000,0.000,0.000,0.000,0.000,0.000,0.000,0.000
Data-Oriented CPU ROAM,data_oriented_cpu_roam,Release,D3D12,NVIDIA GeForce RTX 5090 D,Direct3D 12 (feature level 12_0); requested Agility SDK 614; runtime 6.2.26100.8972 (C:\WINDOWS\SYSTEM32\D3D12Core.dll); driver 32.0.15.9186,false,2048,1129,assets/heightmaps/Hm_Terrain_Peking_513.png,547,547,80.000,12.000,20,0.250,0.100,200000,false,37,64,0.587,3.732,-49.491,22.670,-30.243,109.125,200000,1294000,199998,16445,8345,16445,234263,200000,33975,4360,198106,0,81250,118750,42527,4361,0,0,0,8,213.401,108.797,102.275,6.875,2.478,21.550,0.000,0.000,5.091,28.038,0.000,0.000,0.000,0.000,0.000,28.037,0.229,1.436,0.360,0.013,5.575,13.926,0.000,10.110,28.133,6.242,0.000,0.977,18206328,0,43.262,24.028,10.110,0.000,20,0,0.000,Off,ModifiedOnly,0,0,0,0,0,0,false,0,0,0,1367,0,0,0,0,0,0,0,0,0,0,0,0.000,0.000,0.000,0.000,0.000,0.000,0.000,0.000,0.000,0.000,0.000,0.000,0.000,0.000,0.000,0.000,0.000,0.000,0.000,0.000
Data-Oriented CPU ROAM,data_oriented_cpu_roam,Release,D3D12,NVIDIA GeForce RTX 5090 D,Direct3D 12 (feature level 12_0); requested Agility SDK 614; runtime 6.2.26100.8972 (C:\WINDOWS\SYSTEM32\D3D12Core.dll); driver 32.0.15.9186,false,2048,1129,assets/heightmaps/Hm_Terrain_Peking_513.png,547,547,80.000,12.000,20,0.250,0.100,200000,false,38,64,0.603,3.842,-46.234,22.888,-35.021,109.439,200000,1311004,199998,15872,8061,15872,234265,200000,33924,4639,188277,0,80182,119818,42446,4640,0,0,0,8,314.175,105.564,99.236,6.988,2.359,21.031,0.000,0.000,5.280,26.251,0.000,0.000,0.000,0.000,0.000,26.251,0.210,1.173,0.769,0.012,4.992,13.865,0.000,9.487,27.838,6.050,0.000,0.974,18028248,0,42.261,23.390,9.487,0.000,20,0,0.000,Off,ModifiedOnly,0,0,0,0,0,0,false,0,0,0,1188,0,0,0,0,0,0,0,0,0,0,0,0.000,0.000,0.000,0.000,0.000,0.000,0.000,0.000,0.000,0.000,0.000,0.000,0.000,0.000,0.000,0.000,0.000,0.000,0.000,0.000
Data-Oriented CPU ROAM,data_oriented_cpu_roam,Release,D3D12,NVIDIA GeForce RTX 5090 D,Direct3D 12 (feature level 12_0); requested Agility SDK 614; runtime 6.2.26100.8972 (C:\WINDOWS\SYSTEM32\D3D12Core.dll); driver 32.0.15.9186,false,2048,1129,assets/heightmaps/Hm_Terrain_Peking_513.png,547,547,80.000,12.000,20,0.250,0.100,200000,false,39,64,0.619,3.948,-42.517,22.992,-39.450,106.207,200000,1327502,199998,16703,8476,16703,234337,200000,34249,5771,202919,0,84139,115861,43455,5772,0,0,0,8,307.428,107.991,101.409,7.075,2.270,21.111,0.000,0.000,5.397,28.306,0.000,0.000,0.000,0.000,0.000,28.306,0.178,0.956,0.507,0.024,3.895,15.540,0.000,9.734,27.515,6.295,0.000,0.963,18876816,0,46.798,23.381,9.734,0.000,20,0,0.000,Off,ModifiedOnly,0,0,0,0,0,0,false,0,0,0,952,0,0,0,0,0,0,0,0,0,0,0,0.000,0.000,0.000,0.000,0.000,0.000,0.000,0.000,0.000,0.000,0.000,0.000,0.000,0.000,0.000,0.000,0.000,0.000,0.000,0.000
Data-Oriented CPU ROAM,data_oriented_cpu_roam,Release,D3D12,NVIDIA GeForce RTX 5090 D,Direct3D 12 (feature level 12_0); requested Agility SDK 614; runtime 6.2.26100.8972 (C:\WINDOWS\SYSTEM32\D3D12Core.dll); driver 32.0.15.9186,false,2048,1129,assets/heightmaps/Hm_Terrain_Peking_513.png,547,547,80.000,12.000,20,0.250,0.100,200000,false,40,64,0.635,4.056,-38.378,22.977,-43.487,108.649,200000,1341964,199998,16298,8183,16298,234412,200000,34282,6332,191073,0,87171,112829,44213,6333,0,0,0,8,187.176,106.474,99.930,7.183,2.377,20.263,0.000,0.000,5.362,26.457,0.000,0.000,0.000,0.000,0.000,26.457,0.135,0.684,0.399,0.017,2.933,16.081,0.000,10.717,27.570,6.253,0.000,0.892,19291272,0,46.227,22.640,10.717,0.000,20,0,0.000,Off,ModifiedOnly,0,0,0,0,0,0,false,0,0,0,716,0,0,0,0,0,0,0,0,0,0,0,0.000,0.000,0.000,0.000,0.000,0.000,0.000,0.000,0.000,0.000,0.000,0.000,0.000,0.000,0.000,0.000,0.000,0.000,0.000,0.000
Data-Oriented CPU ROAM,data_oriented_cpu_roam,Release,D3D12,NVIDIA GeForce RTX 5090 D,Direct3D 12 (feature level 12_0); requested Agility SDK 614; runtime 6.2.26100.8972 (C:\WINDOWS\SYSTEM32\D3D12Core.dll); driver 32.0.15.9186,false,2048,1129,assets/heightmaps/Hm_Terrain_Peking_513.png,547,547,80.000,12.000,20,0.250,0.100,200000,false,41,64,0.651,4.164,-33.857,22.844,-47.092,107.148,199999,1355984,199997,15761,8024,15762,234345,199999,34209,6688,188940,0,87425,112574,44566,6689,0,0,0,8,96.209,136.576,129.690,6.732,2.391,20.473,0.000,0.000,5.334,54.883,0.000,0.000,0.000,0.000,0.000,54.883,0.099,0.517,0.152,0.002,2.200,17.493,0.000,10.606,29.271,6.601,0.000,0.921,19733280,0,76.715,22.864,10.606,0.000,20,0,0.000,Off,ModifiedOnly,0,0,0,0,0,0,false,0,0,0,552,0,0,0,0,0,0,0,0,0,0,0,0.000,0.000,0.000,0.000,0.000,0.000,0.000,0.000,0.000,0.000,0.000,0.000,0.000,0.000,0.000,0.000,0.000,0.000,0.000,0.000
Data-Oriented CPU ROAM,data_oriented_cpu_roam,Release,D3D12,NVIDIA GeForce RTX 5090 D,Direct3D 12 (feature level 12_0); requested Agility SDK 614; runtime 6.2.26100.8972 (C:\WINDOWS\SYSTEM32\D3D12Core.dll); driver 32.0.15.9186,false,2048,1129,assets/heightmaps/Hm_Terrain_Peking_513.png,547,547,80.000,12.000,20,0.250,0.100,200000,false,42,64,0.667,4.301,-29.000,22.598,-50.229,137.247,199999,1371072,199997,14441,7358,14441,234206,199999,34058,6247,172081,0,84900,115099,44280,6248,0,0,0,8,230.214,101.634,94.784,6.514,2.400,18.211,0.000,0.000,5.573,23.559,0.000,0.000,0.000,0.000,0.000,23.558,0.088,0.491,0.152,0.004,1.865,15.601,0.000,10.747,27.780,6.565,0.000,0.905,19537392,0,43.927,20.611,10.747,0.000,20,0,0.000,Off,ModifiedOnly,0,0,0,0,0,0,false,0,0,0,478,0,0,0,0,0,0,0,0,0,0,0,0.000,0.000,0.000,0.000,0.000,0.000,0.000,0.000,0.000,0.000,0.000,0.000,0.000,0.000,0.000,0.000,0.000,0.000,0.000,0.000
Data-Oriented CPU ROAM,data_oriented_cpu_roam,Release,D3D12,NVIDIA GeForce RTX 5090 D,Direct3D 12 (feature level 12_0); requested Agility SDK 614; runtime 6.2.26100.8972 (C:\WINDOWS\SYSTEM32\D3D12Core.dll); driver 32.0.15.9186,false,2048,1129,assets/heightmaps/Hm_Terrain_Peking_513.png,547,547,80.000,12.000,20,0.250,0.100,200000,false,43,64,0.683,4.403,-23.855,22.249,-52.867,102.269,200000,1386994,199998,14248,7267,14247,234159,200000,34074,5350,171745,0,83426,116574,44116,5351,0,0,0,8,98.373,101.773,95.061,6.545,2.396,18.049,0.000,0.000,6.154,23.332,0.000,0.000,0.000,0.000,0.000,23.332,0.113,0.628,0.176,0.003,2.643,14.475,0.000,9.688,28.898,6.423,0.000,0.958,19385856,0,42.327,20.445,9.688,0.000,20,0,0.000,Off,ModifiedOnly,0,0,0,0,0,0,false,0,0,0,678,0,0,0,0,0,0,0,0,0,0,0,0.000,0.000,0.000,0.000,0.000,0.000,0.000,0.000,0.000,0.000,0.000,0.000,0.000,0.000,0.000,0.000,0.000,0.000,0.000,0.000
Data-Oriented CPU ROAM,data_oriented_cpu_roam,Release,D3D12,NVIDIA GeForce RTX 5090 D,Direct3D 12 (feature level 12_0); requested Agility SDK 614; runtime 6.2.26100.8972 (C:\WINDOWS\SYSTEM32\D3D12Core.dll); driver 32.0.15.9186,false,2048,1129,assets/heightmaps/Hm_Terrain_Peking_513.png,547,547,80.000,12.000,20,0.250,0.100,200000,false,44,64,0.698,4.506,-18.472,21.811,-54.980,102.396,199999,1403466,199997,14534,7422,14535,234189,199999,33986,5449,173901,0,81490,118509,44110,5450,0,0,0,8,99.355,101.253,94.122,6.799,2.591,18.245,0.000,0.000,5.353,23.627,0.000,0.000,0.000,0.000,0.000,23.627,0.117,0.624,0.157,0.005,2.475,14.856,0.000,9.660,27.847,6.846,0.000,0.944,19047000,0,42.081,20.835,9.660,0.000,20,0,0.000,Off,ModifiedOnly,0,0,0,0,0,0,false,0,0,0,655,0,0,0,0,0,0,0,0,0,0,0,0.000,0.000,0.000,0.000,0.000,0.000,0.000,0.000,0.000,0.000,0.000,0.000,0.000,0.000,0.000,0.000,0.000,0.000,0.000,0.000
Data-Oriented CPU ROAM,data_oriented_cpu_roam,Release,D3D12,NVIDIA GeForce RTX 5090 D,Direct3D 12 (feature level 12_0); requested Agility SDK 614; runtime 6.2.26100.8972 (C:\WINDOWS\SYSTEM32\D3D12Core.dll); driver 32.0.15.9186,false,2048,1129,assets/heightmaps/Hm_Terrain_Peking_513.png,547,547,80.000,12.000,20,0.250,0.100,200000,false,45,64,0.714,4.607,-12.906,21.302,-56.546,101.880,200000,1420064,199998,15605,7966,15604,234104,200000,33800,5863,184457,0,85589,114411,44988,5864,0,0,0,8,207.665,104.398,97.565,6.370,2.518,19.625,0.000,0.000,5.614,25.313,0.000,0.000,0.000,0.000,0.000,25.312,0.138,0.679,0.358,0.004,2.762,15.677,0.000,10.172,27.953,6.534,0.000,0.902,19077912,0,44.682,22.144,10.172,0.000,20,0,0.000,Off,ModifiedOnly,0,0,0,0,0,0,false,0,0,0,679,0,0,0,0,0,0,0,0,0,0,0,0.000,0.000,0.000,0.000,0.000,0.000,0.000,0.000,0.000,0.000,0.000,0.000,0.000,0.000,0.000,0.000,0.000,0.000,0.000,0.000
Data-Oriented CPU ROAM,data_oriented_cpu_roam,Release,D3D12,NVIDIA GeForce RTX 5090 D,Direct3D 12 (feature level 12_0); requested Agility SDK 614; runtime 6.2.26100.8972 (C:\WINDOWS\SYSTEM32\D3D12Core.dll); driver 32.0.15.9186,false,2048,1129,assets/heightmaps/Hm_Terrain_Peking_513.png,547,547,80.000,12.000,20,0.250,0.100,200000,false,46,64,0.730,4.712,-7.212,20.740,-57.550,105.063,199999,1436220,199997,15863,8104,15864,233920,199999,33621,5701,185638,0,85558,114441,44760,5702,0,0,0,8,95.539,105.004,97.888,6.793,2.420,20.073,0.000,0.000,5.424,26.067,0.000,0.000,0.000,0.000,0.000,26.067,0.159,0.759,0.209,0.003,2.896,16.037,0.000,9.761,27.349,6.826,0.000,0.883,19352424,0,45.253,22.493,9.761,0.000,20,0,0.000,Off,ModifiedOnly,0,0,0,0,0,0,false,0,0,0,735,0,0,0,0,0,0,0,0,0,0,0,0.000,0.000,0.000,0.000,0.000,0.000,0.000,0.000,0.000,0.000,0.000,0.000,0.000,0.000,0.000,0.000,0.000,0.000,0.000,0.000
Data-Oriented CPU ROAM,data_oriented_cpu_roam,Release,D3D12,NVIDIA GeForce RTX 5090 D,Direct3D 12 (feature level 12_0); requested Agility SDK 614; runtime 6.2.26100.8972 (C:\WINDOWS\SYSTEM32\D3D12Core.dll); driver 32.0.15.9186,false,2048,1129,assets/heightmaps/Hm_Terrain_Peking_513.png,547,547,80.000,12.000,20,0.250,0.100,200000,false,47,64,0.746,4.818,-1.446,20.150,-57.982,105.669,199999,1449750,199997,15277,7774,15277,233808,199999,33578,5556,178791,0,82257,117742,44006,5557,0,0,0,8,93.813,106.306,99.689,6.812,2.266,19.623,0.000,0.000,5.672,25.885,0.000,0.000,0.000,0.000,0.000,25.885,0.160,0.750,0.181,0.008,2.835,15.677,0.000,10.222,29.210,6.324,0.000,0.967,18859008,0,45.180,21.888,10.222,0.000,20,0,0.000,Off,ModifiedOnly,0,0,0,0,0,0,false,0,0,0,714,0,0,0,0,0,0,0,0,0,0,0,0.000,0.000,0.000,0.000,0.000,0.000,0.000,0.000,0.000,0.000,0.000,0.000,0.000,0.000,0.000,0.000,0.000,0.000,0.000,0.000
Data-Oriented CPU ROAM,data_oriented_cpu_roam,Release,D3D12,NVIDIA GeForce RTX 5090 D,Direct3D 12 (feature level 12_0); requested Agility SDK 614; runtime 6.2.26100.8972 (C:\WINDOWS\SYSTEM32\D3D12Core.dll); driver 32.0.15.9186,false,2048,1129,assets/heightmaps/Hm_Terrain_Peking_513.png,547,547,80.000,12.000,20,0.250,0.100,200000,false,48,64,0.762,4.925,4.334,19.553,-57.838,106.959,199999,1462342,199997,14607,7358,14607,233773,199999,33651,5622,170847,0,78996,121003,43165,5623,0,0,0,8,228.981,101.744,95.299,6.771,2.357,18.279,0.000,0.000,5.465,24.340,0.000,0.000,0.000,0.000,0.000,24.340,0.148,0.652,0.216,0.002,2.530,14.720,0.000,10.201,27.886,6.164,0.000,0.954,18406080,0,42.863,20.636,10.201,0.000,20,0,0.000,Off,ModifiedOnly,0,0,0,0,0,0,false,0,0,0,646,0,0,0,0,0,0,0,0,0,0,0,0.000,0.000,0.000,0.000,0.000,0.000,0.000,0.000,0.000,0.000,0.000,0.000,0.000,0.000,0.000,0.000,0.000,0.000,0.000,0.000
Data-Oriented CPU ROAM,data_oriented_cpu_roam,Release,D3D12,NVIDIA GeForce RTX 5090 D,Direct3D 12 (feature level 12_0); requested Agility SDK 614; runtime 6.2.26100.8972 (C:\WINDOWS\SYSTEM32\D3D12Core.dll); driver 32.0.15.9186,false,2048,1129,assets/heightmaps/Hm_Terrain_Peking_513.png,547,547,80.000,12.000,20,0.250,0.100,200000,false,49,64,0.778,5.027,10.072,18.974,-57.119,102.372,199999,1475110,199997,14187,7175,14187,233858,199999,33690,4946,166959,0,76660,123339,42923,4947,0,0,0,8,97.687,102.292,95.738,7.282,2.671,18.202,0.000,0.000,5.727,24.726,0.000,0.000,0.000,0.000,0.000,24.725,0.158,0.774,0.252,0.018,2.994,13.994,0.000,9.485,27.645,6.275,0.000,0.948,17900232,0,42.155,20.873,9.485,0.000,20,0,0.000,Off,ModifiedOnly,0,0,0,0,0,0,false,0,0,0,741,0,0,0,0,0,0,0,0,0,0,0,0.000,0.000,0.000,0.000,0.000,0.000,0.000,0.000,0.000,0.000,0.000,0.000,0.000,0.000,0.000,0.000,0.000,0.000,0.000,0.000
Data-Oriented CPU ROAM,data_oriented_cpu_roam,Release,D3D12,NVIDIA GeForce RTX 5090 D,Direct3D 12 (feature level 12_0); requested Agility SDK 614; runtime 6.2.26100.8972 (C:\WINDOWS\SYSTEM32\D3D12Core.dll); driver 32.0.15.9186,false,2048,1129,assets/heightmaps/Hm_Terrain_Peking_513.png,547,547,80.000,12.000,20,0.250,0.100,200000,false,50,64,0.794,5.130,15.709,18.436,-55.832,102.956,200000,1491110,199998,16042,8229,16041,233818,200000,33370,4643,189211,0,82292,117708,43839,4644,0,0,0,8,93.101,107.079,100.458,7.008,2.426,21.194,0.000,0.000,5.368,27.290,0.000,0.000,0.000,0.000,0.000,27.290,0.227,1.135,0.378,0.016,5.081,14.343,0.000,9.775,27.397,6.335,0.000,0.901,18230352,0,43.750,23.620,9.775,0.000,20,0,0.000,Off,ModifiedOnly,0,0,0,0,0,0,false,0,0,0,1162,0,0,0,0,0,0,0,0,0,0,0,0.000,0.000,0.000,0.000,0.000,0.000,0.000,0.000,0.000,0.000,0.000,0.000,0.000,0.000,0.000,0.000,0.000,0.000,0.000,0.000
Data-Oriented CPU ROAM,data_oriented_cpu_roam,Release,D3D12,NVIDIA GeForce RTX 5090 D,Direct3D 12 (feature level 12_0); requested Agility SDK 614; runtime 6.2.26100.8972 (C:\WINDOWS\SYSTEM32\D3D12Core.dll); driver 32.0.15.9186,false,2048,1129,assets/heightmaps/Hm_Terrain_Peking_513.png,547,547,80.000,12.000,20,0.250,0.100,200000,false,51,64,0.810,5.238,21.190,17.959,-53.991,107.709,199999,1510448,199997,17981,9149,17982,233639,199999,33273,4555,212124,0,85131,114868,43876,4556,0,0,0,8,191.103,112.689,106.051,6.793,2.280,23.799,0.000,0.000,5.600,29.481,0.000,0.000,0.000,0.000,0.000,29.481,0.241,1.606,0.541,0.009,6.354,15.038,0.000,11.143,26.954,6.347,0.000,0.982,19120752,0,45.711,26.079,11.143,0.000,20,0,0.000,Off,ModifiedOnly,0,0,0,0,0,0,false,0,0,0,1504,0,0,0,0,0,0,0,0,0,0,0,0.000,0.000,0.000,0.000,0.000,0.000,0.000,0.000,0.000,0.000,0.000,0.000,0.000,0.000,0.000,0.000,0.000,0.000,0.000,0.000
Data-Oriented CPU ROAM,data_oriented_cpu_roam,Release,D3D12,NVIDIA GeForce RTX 5090 D,Direct3D 12 (feature level 12_0); requested Agility SDK 614; runtime 6.2.26100.8972 (C:\WINDOWS\SYSTEM32\D3D12Core.dll); driver 32.0.15.9186,false,2048,1129,assets/heightmaps/Hm_Terrain_Peking_513.png,547,547,80.000,12.000,20,0.250,0.100,200000,false,52,64,0.825,5.352,26.460,17.564,-51.613,113.351,199999,1530348,199997,17814,8962,17814,233584,199999,33244,4455,207045,0,83673,116326,43645,4456,0,0,0,8,209.683,110.613,104.094,6.765,2.442,22.827,0.000,0.000,5.188,28.552,0.000,0.000,0.000,0.000,0.000,28.551,0.215,1.430,0.472,0.014,5.959,14.726,0.000,11.229,27.092,6.240,0.000,0.895,18977952,0,44.264,25.269,11.229,0.000,20,0,0.000,Off,ModifiedOnly,0,0,0,0,0,0,false,0,0,0,1475,0,0,0,0,0,0,0,0,0,0,0,0.000,0.000,0.000,0.000,0.000,0.000,0.000,0.000,0.000,0.000,0.000,0.000,0.000,0.000,0.000,0.000,0.000,0.000,0.000,0.000
Data-Oriented CPU ROAM,data_oriented_cpu_roam,Release,D3D12,NVIDIA GeForce RTX 5090 D,Direct3D 12 (feature level 12_0); requested Agility SDK 614; runtime 6.2.26100.8972 (C:\WINDOWS\SYSTEM32\D3D12Core.dll); driver 32.0.15.9186,false,2048,1129,assets/heightmaps/Hm_Terrain_Peking_513.png,547,547,80.000,12.000,20,0.250,0.100,200000,false,53,64,0.841,5.463,31.468,17.265,-48.722,111.280,199999,1547612,199997,16790,8470,16790,233653,199999,33357,4575,197467,0,86207,113792,44294,4576,0,0,0,8,197.574,109.160,102.579,6.660,2.571,21.296,0.000,0.000,5.576,27.475,0.000,0.000,0.000,0.000,0.000,27.475,0.223,1.307,0.435,0.018,4.963,14.337,0.000,10.776,28.223,6.301,0.000,0.984,18838008,0,43.736,23.867,10.776,0.000,20,0,0.000,Off,ModifiedOnly,0,0,0,0,0,0,false,0,0,0,1242,0,0,0,0,0,0,0,0,0,0,0,0.000,0.000,0.000,0.000,0.000,0.000,0.000,0.000,0.000,0.000,0.000,0.000,0.000,0.000,0.000,0.000,0.000,0.000,0.000,0.000
Data-Oriented CPU ROAM,data_oriented_cpu_roam,Release,D3D12,NVIDIA GeForce RTX 5090 D,Direct3D 12 (feature level 12_0); requested Agility SDK 614; runtime 6.2.26100.8972 (C:\WINDOWS\SYSTEM32\D3D12Core.dll); driver 32.0.15.9186,false,2048,1129,assets/heightmaps/Hm_Terrain_Peking_513.png,547,547,80.000,12.000,20,0.250,0.100,200000,false,54,64,0.857,5.573,36.162,17.075,-45.346,109.792,200000,1560994,199998,16728,8468,16727,233846,200000,33509,5079,197651,0,86575,113425,44567,5080,0,0,0,8,309.114,107.410,100.869,6.952,2.609,21.101,0.000,0.000,5.613,28.023,0.000,0.000,0.000,0.000,0.000,28.023,0.188,1.042,0.307,0.003,4.395,15.153,0.000,10.285,26.284,6.265,0.000,0.986,19296144,0,45.587,23.711,10.285,0.000,20,0,0.000,Off,ModifiedOnly,0,0,0,0,0,0,false,0,0,0,1077,0,0,0,0,0,0,0,0,0,0,0,0.000,0.000,0.000,0.000,0.000,0.000,0.000,0.000,0.000,0.000,0.000,0.000,0.000,0.000,0.000,0.000,0.000,0.000,0.000,0.000
Data-Oriented CPU ROAM,data_oriented_cpu_roam,Release,D3D12,NVIDIA GeForce RTX 5090 D,Direct3D 12 (feature level 12_0); requested Agility SDK 614; runtime 6.2.26100.8972 (C:\WINDOWS\SYSTEM32\D3D12Core.dll); driver 32.0.15.9186,false,2048,1129,assets/heightmaps/Hm_Terrain_Peking_513.png,547,547,80.000,12.000,20,0.250,0.100,200000,false,55,64,0.873,5.681,40.498,17.001,-41.520,108.087,200000,1572090,199998,16939,8595,16939,233827,200000,33572,6039,196979,0,86572,113428,44575,6040,0,0,0,8,170.961,107.024,100.303,6.598,2.529,20.674,0.000,0.000,5.799,27.304,0.000,0.000,0.000,0.000,0.000,27.304,0.155,0.909,0.285,0.007,3.186,16.123,0.000,10.651,26.747,6.440,0.000,0.923,19641384,0,46.951,23.203,10.651,0.000,20,0,0.000,Off,ModifiedOnly,0,0,0,0,0,0,false,0,0,0,828,0,0,0,0,0,0,0,0,0,0,0,0.000,0.000,0.000,0.000,0.000,0.000,0.000,0.000,0.000,0.000,0.000,0.000,0.000,0.000,0.000,0.000,0.000,0.000,0.000,0.000
Data-Oriented CPU ROAM,data_oriented_cpu_roam,Release,D3D12,NVIDIA GeForce RTX 5090 D,Direct3D 12 (feature level 12_0); requested Agility SDK 614; runtime 6.2.26100.8972 (C:\WINDOWS\SYSTEM32\D3D12Core.dll); driver 32.0.15.9186,false,2048,1129,assets/heightmaps/Hm_Terrain_Peking_513.png,547,547,80.000,12.000,20,0.250,0.100,200000,false,56,64,0.889,5.788,44.431,17.046,-37.282,107.747,199999,1581662,199997,17394,8767,17395,233730,199999,33516,6905,199491,0,85542,114457,44730,6906,0,0,0,8,92.485,107.854,101.134,6.894,2.371,20.955,0.000,0.000,5.566,27.462,0.000,0.000,0.000,0.000,0.000,27.461,0.129,0.603,0.224,0.006,2.428,17.556,0.000,10.870,27.016,6.438,0.000,0.894,19558896,0,48.815,23.326,10.870,0.000,20,0,0.000,Off,ModifiedOnly,0,0,0,0,0,0,false,0,0,0,623,0,0,0,0,0,0,0,0,0,0,0,0.000,0.000,0.000,0.000,0.000,0.000,0.000,0.000,0.000,0.000,0.000,0.000,0.000,0.000,0.000,0.000,0.000,0.000,0.000,0.000
Data-Oriented CPU ROAM,data_oriented_cpu_roam,Release,D3D12,NVIDIA GeForce RTX 5090 D,Direct3D 12 (feature level 12_0); requested Agility SDK 614; runtime 6.2.26100.8972 (C:\WINDOWS\SYSTEM32\D3D12Core.dll); driver 32.0.15.9186,false,2048,1129,assets/heightmaps/Hm_Terrain_Peking_513.png,547,547,80.000,12.000,20,0.250,0.100,200000,false,57,64,0.905,5.897,47.922,17.207,-32.673,108.510,200000,1591690,199998,17431,8811,17430,233825,200000,33626,5542,204207,0,88720,111280,44944,5543,0,0,0,8,137.367,108.810,102.130,7.044,2.240,21.242,0.000,0.000,5.703,28.928,0.000,0.000,0.000,0.000,0.000,28.927,0.207,1.047,0.327,0.007,4.471,15.174,0.000,11.465,25.508,6.389,0.000,0.869,20021904,0,46.881,23.482,11.465,0.000,20,0,0.000,Off,ModifiedOnly,0,0,0,0,0,0,false,0,0,0,1114,0,0,0,0,0,0,0,0,0,0,0,0.000,0.000,0.000,0.000,0.000,0.000,0.000,0.000,0.000,0.000,0.000,0.000,0.000,0.000,0.000,0.000,0.000,0.000,0.000,0.000
Data-Oriented CPU ROAM,data_oriented_cpu_roam,Release,D3D12,NVIDIA GeForce RTX 5090 D,Direct3D 12 (feature level 12_0); requested Agility SDK 614; runtime 6.2.26100.8972 (C:\WINDOWS\SYSTEM32\D3D12Core.dll); driver 32.0.15.9186,false,2048,1129,assets/heightmaps/Hm_Terrain_Peking_513.png,547,547,80.000,12.000,20,0.250,0.100,200000,false,58,64,0.921,6.006,50.937,17.480,-27.739,109.411,200000,1600250,199998,15934,8088,15934,233966,200000,33767,5299,190885,0,87869,112131,45001,5300,0,0,0,8,95.453,104.715,97.977,6.875,2.389,19.743,0.000,0.000,5.805,27.052,0.000,0.000,0.000,0.000,0.000,27.052,0.175,0.900,0.220,0.009,3.727,14.703,0.000,10.867,25.244,6.448,0.000,0.899,20126064,0,44.953,22.132,10.867,0.000,20,0,0.000,Off,ModifiedOnly,0,0,0,0,0,0,false,0,0,0,939,0,0,0,0,0,0,0,0,0,0,0,0.000,0.000,0.000,0.000,0.000,0.000,0.000,0.000,0.000,0.000,0.000,0.000,0.000,0.000,0.000,0.000,0.000,0.000,0.000,0.000
Data-Oriented CPU ROAM,data_oriented_cpu_roam,Release,D3D12,NVIDIA GeForce RTX 5090 D,Direct3D 12 (feature level 12_0); requested Agility SDK 614; runtime 6.2.26100.8972 (C:\WINDOWS\SYSTEM32\D3D12Core.dll); driver 32.0.15.9186,false,2048,1129,assets/heightmaps/Hm_Terrain_Peking_513.png,547,547,80.000,12.000,20,0.250,0.100,200000,false,59,64,0.937,6.112,53.446,17.852,-22.529,105.339,199999,1606054,199997,13903,7077,13904,233950,199999,33663,4810,164749,0,82922,117077,44403,4811,0,0,0,8,285.159,99.786,92.898,6.856,2.411,17.334,0.000,0.000,5.396,22.924,0.000,0.000,0.000,0.000,0.000,22.923,0.159,0.762,0.243,0.011,3.217,12.928,0.000,9.848,28.128,6.584,0.000,0.912,19338312,0,39.228,19.746,9.848,0.000,20,0,0.000,Off,ModifiedOnly,0,0,0,0,0,0,false,0,0,0,802,0,0,0,0,0,0,0,0,0,0,0,0.000,0.000,0.000,0.000,0.000,0.000,0.000,0.000,0.000,0.000,0.000,0.000,0.000,0.000,0.000,0.000,0.000,0.000,0.000,0.000
Data-Oriented CPU ROAM,data_oriented_cpu_roam,Release,D3D12,NVIDIA GeForce RTX 5090 D,Direct3D 12 (feature level 12_0); requested Agility SDK 614; runtime 6.2.26100.8972 (C:\WINDOWS\SYSTEM32\D3D12Core.dll); driver 32.0.15.9186,false,2048,1129,assets/heightmaps/Hm_Terrain_Peking_513.png,547,547,80.000,12.000,20,0.250,0.100,200000,false,60,64,0.952,6.212,55.423,18.310,-17.096,100.437,199999,1609474,199997,14980,7628,14980,233923,199999,33629,5375,177764,0,82653,117346,44775,5376,0,0,0,8,119.482,98.105,91.301,6.620,2.198,18.136,0.000,0.000,5.197,24.098,0.000,0.000,0.000,0.000,0.000,24.097,0.149,0.763,0.222,0.002,3.116,13.873,0.000,9.664,25.389,6.512,0.000,0.882,19105296,0,41.223,20.334,9.664,0.000,20,0,0.000,Off,ModifiedOnly,0,0,0,0,0,0,false,0,0,0,791,0,0,0,0,0,0,0,0,0,0,0,0.000,0.000,0.000,0.000,0.000,0.000,0.000,0.000,0.000,0.000,0.000,0.000,0.000,0.000,0.000,0.000,0.000,0.000,0.000,0.000
Data-Oriented CPU ROAM,data_oriented_cpu_roam,Release,D3D12,NVIDIA GeForce RTX 5090 D,Direct3D 12 (feature level 12_0); requested Agility SDK 614; runtime 6.2.26100.8972 (C:\WINDOWS\SYSTEM32\D3D12Core.dll); driver 32.0.15.9186,false,2048,1129,assets/heightmaps/Hm_Terrain_Peking_513.png,547,547,80.000,12.000,20,0.250,0.100,200000,false,61,64,0.968,6.311,56.850,18.835,-11.492,98.727,200000,1612154,199998,15693,8025,15692,233780,200000,33579,5937,183675,0,86486,113514,45297,5938,0,0,0,8,102.141,98.367,91.538,6.652,2.288,18.318,0.000,0.000,5.167,24.647,0.000,0.000,0.000,0.000,0.000,24.647,0.136,0.616,0.188,0.002,2.477,14.886,0.000,10.346,24.121,6.532,0.000,0.951,19549824,0,42.832,20.606,10.346,0.000,20,0,0.000,Off,ModifiedOnly,0,0,0,0,0,0,false,0,0,0,650,0,0,0,0,0,0,0,0,0,0,0,0.000,0.000,0.000,0.000,0.000,0.000,0.000,0.000,0.000,0.000,0.000,0.000,0.000,0.000,0.000,0.000,0.000,0.000,0.000,0.000
Data-Oriented CPU ROAM,data_oriented_cpu_roam,Release,D3D12,NVIDIA GeForce RTX 5090 D,Direct3D 12 (feature level 12_0); requested Agility SDK 614; runtime 6.2.26100.8972 (C:\WINDOWS\SYSTEM32\D3D12Core.dll); driver 32.0.15.9186,false,2048,1129,assets/heightmaps/Hm_Terrain_Peking_513.png,547,547,80.000,12.000,20,0.250,0.100,200000,false,62,64,0.984,6.410,57.712,19.406,-5.775,98.995,199999,1614322,199997,16040,8193,16041,233771,199999,33543,6359,187703,0,88667,111332,45237,6360,0,0,0,8,221.099,98.544,91.632,6.556,2.299,18.491,0.000,0.000,5.136,25.589,0.000,0.000,0.000,0.000,0.000,25.588,0.126,0.557,0.139,0.002,2.281,15.373,0.000,9.892,23.669,6.622,0.000,0.908,19957560,0,44.522,20.790,9.892,0.000,20,0,0.000,Off,ModifiedOnly,0,0,0,0,0,0,false,0,0,0,569,0,0,0,0,0,0,0,0,0,0,0,0.000,0.000,0.000,0.000,0.000,0.000,0.000,0.000,0.000,0.000,0.000,0.000,0.000,0.000,0.000,0.000,0.000,0.000,0.000,0.000
Data-Oriented CPU ROAM,data_oriented_cpu_roam,Release,D3D12,NVIDIA GeForce RTX 5090 D,Direct3D 12 (feature level 12_0); requested Agility SDK 614; runtime 6.2.26100.8972 (C:\WINDOWS\SYSTEM32\D3D12Core.dll); driver 32.0.15.9186,false,2048,1129,assets/heightmaps/Hm_Terrain_Peking_513.png,547,547,80.000,12.000,20,0.250,0.100,200000,false,63,64,1.000,6.509,58.000,20.000,0.000,99.161,200000,1614322,199998,14236,7231,14235,233843,200000,33549,5922,169341,0,83379,116621,44563,5923,0,0,0,8,91.628,91.748,85.026,6.764,2.121,16.436,0.000,0.000,5.677,22.309,0.000,0.000,0.000,0.000,0.000,22.309,0.089,0.425,0.125,0.003,1.673,14.108,0.000,9.137,22.582,6.432,0.000,0.956,19238184,0,40.866,18.557,9.137,0.000,20,0,0.000,Off,ModifiedOnly,0,0,0,0,0,0,false,0,0,0,436,0,0,0,0,0,0,0,0,0,0,0,0.000,0.000,0.000,0.000,0.000,0.000,0.000,0.000,0.000,0.000,0.000,0.000,0.000,0.000,0.000,0.000,0.000,0.000,0.000,0.000
CBT 2024,cbt_2024_official_baseline_v1,Release,D3D12,NVIDIA GeForce RTX 5090 D,Direct3D 12 (feature level 12_0); requested Agility SDK 614; runtime 6.2.26100.8972 (C:\WINDOWS\SYSTEM32\D3D12Core.dll); driver 32.0.15.9186,false,2048,1129,assets/heightmaps/Hm_Terrain_Peking_513.png,547,547,80.000,12.000,20,0.250,0.100,200000,false,0,64,0.000,0.000,58.000,20.000,0.000,5.765,294967,294967,0,0,0,0,1316,0,0,0,0,0,0,0,0,0,0,0,0,0,0.000,0.078,0.073,0.000,0.000,0.000,0.000,0.000,0.000,0.000,0.000,0.000,0.000,0.000,0.000,0.000,0.000,0.000,0.000,0.000,0.000,0.000,0.000,0.000,0.000,0.000,4.126,3.896,0,428,0.654,0.078,0.025,0.001,20,1048576,2.050,Off,ModifiedOnly,1,25,23,23,23,2,false,294961,753615,1,1315,0,0,0,0,0,0,0,0,0,0,0,3.778,0.000,0.000,0.069,0.764,0.034,0.021,0.532,0.022,0.045,0.034,0.018,0.025,0.020,0.017,0.010,0.249,0.025,0.001,1.890
CBT 2024,cbt_2024_official_baseline_v1,Release,D3D12,NVIDIA GeForce RTX 5090 D,Direct3D 12 (feature level 12_0); requested Agility SDK 614; runtime 6.2.26100.8972 (C:\WINDOWS\SYSTEM32\D3D12Core.dll); driver 32.0.15.9186,false,2048,1129,assets/heightmaps/Hm_Terrain_Peking_513.png,547,547,80.000,12.000,20,0.250,0.100,200000,false,1,64,0.016,0.004,57.712,20.594,5.775,4.447,294967,294967,0,0,0,0,1316,0,0,0,0,0,0,0,0,0,0,0,0,0,0.000,0.046,0.043,0.000,0.000,0.000,0.000,0.000,0.000,0.000,0.000,0.000,0.000,0.000,0.000,0.000,0.000,0.000,0.000,0.000,0.000,0.000,0.000,0.000,0.000,0.000,3.085,3.151,0,428,0.408,0.064,0.017,0.001,20,1048576,2.050,Off,ModifiedOnly,1,26,24,24,24,2,false,294961,753615,1,1315,0,0,0,0,0,0,0,0,0,0,0,3.039,0.000,0.000,0.078,0.581,0.027,0.017,0.323,0.013,0.028,0.016,0.020,0.028,0.020,0.020,0.011,0.148,0.017,0.001,1.692
CBT 2024,cbt_2024_official_baseline_v1,Release,D3D12,NVIDIA GeForce RTX 5090 D,Direct3D 12 (feature level 12_0); requested Agility SDK 614; runtime 6.2.26100.8972 (C:\WINDOWS\SYSTEM32\D3D12Core.dll); driver 32.0.15.9186,false,2048,1129,assets/heightmaps/Hm_Terrain_Peking_513.png,547,547,80.000,12.000,20,0.250,0.100,200000,false,2,64,0.032,0.008,56.850,21.165,11.492,3.298,294967,294967,0,0,0,0,1316,0,0,0,0,0,0,0,0,0,0,0,0,0,0.000,0.077,0.072,0.000,0.000,0.000,0.000,0.000,0.000,0.000,0.000,0.000,0.000,0.000,0.000,0.000,0.000,0.000,0.000,0.000,0.000,0.000,0.000,0.000,0.000,0.000,3.184,3.178,0,428,0.422,0.065,0.014,0.001,20,1048576,2.050,Off,ModifiedOnly,1,27,25,25,25,2,false,294961,753615,1,1315,0,0,0,0,0,0,0,0,0,0,0,3.070,0.000,0.000,0.058,0.630,0.025,0.016,0.331,0.024,0.026,0.016,0.019,0.030,0.021,0.011,0.008,0.144,0.014,0.001,1.695
CBT 2024,cbt_2024_official_baseline_v1,Release,D3D12,NVIDIA GeForce RTX 5090 D,Direct3D 12 (feature level 12_0); requested Agility SDK 614; runtime 6.2.26100.8972 (C:\WINDOWS\SYSTEM32\D3D12Core.dll); driver 32.0.15.9186,false,2048,1129,assets/heightmaps/Hm_Terrain_Peking_513.png,547,547,80.000,12.000,20,0.250,0.100,200000,false,3,64,0.048,0.011,55.423,21.690,17.096,3.501,294939,294939,4401,4401,522,2338,9635,0,0,0,0,0,0,0,0,0,0,0,0,0,0.000,0.097,0.090,0.000,0.000,0.000,0.000,0.000,0.000,0.000,0.000,0.000,0.000,0.000,0.000,0.000,0.000,0.000,0.000,0.000,0.000,0.000,0.000,0.000,0.000,0.000,5.425,5.462,0,428,0.526,0.077,0.067,0.001,20,1048576,2.050,Off,ModifiedOnly,1,28,26,26,26,2,false,294933,753643,3879,5756,4640,4281,2338,4668,4656,8,2330,4195,86,87,33,3.944,0.000,0.000,0.063,0.610,0.056,0.039,0.379,0.024,0.028,0.014,0.035,0.027,0.021,0.019,0.013,0.786,0.067,0.001,1.762
CBT 2024,cbt_2024_official_baseline_v1,Release,D3D12,NVIDIA GeForce RTX 5090 D,Direct3D 12 (feature level 12_0); requested Agility SDK 614; runtime 6.2.26100.8972 (C:\WINDOWS\SYSTEM32\D3D12Core.dll); driver 32.0.15.9186,false,2048,1129,assets/heightmaps/Hm_Terrain_Peking_513.png,547,547,80.000,12.000,20,0.250,0.100,200000,false,4,64,0.063,0.017,53.446,22.148,22.529,5.861,295771,295771,5334,5334,622,2394,10473,0,0,0,0,0,0,0,0,0,0,0,0,0,0.000,0.074,0.070,0.000,0.000,0.000,0.000,0.000,0.000,0.000,0.000,0.000,0.000,0.000,0.000,0.000,0.000,0.000,0.000,0.000,0.000,0.000,0.000,0.000,0.000,0.000,3.916,3.661,0,428,0.627,0.083,0.099,0.001,20,1048576,2.050,Off,ModifiedOnly,1,29,27,27,27,2,false,295765,752811,4712,5761,5606,5197,2394,4774,4725,14,2380,5104,93,95,42,3.549,0.000,0.000,0.074,0.656,0.062,0.078,0.412,0.036,0.040,0.027,0.030,0.026,0.017,0.016,0.009,0.201,0.099,0.001,1.765
CBT 2024,cbt_2024_official_baseline_v1,Release,D3D12,NVIDIA GeForce RTX 5090 D,Direct3D 12 (feature level 12_0); requested Agility SDK 614; runtime 6.2.26100.8972 (C:\WINDOWS\SYSTEM32\D3D12Core.dll); driver 32.0.15.9186,false,2048,1129,assets/heightmaps/Hm_Terrain_Peking_513.png,547,547,80.000,12.000,20,0.250,0.100,200000,false,5,64,0.079,0.021,50.937,22.520,27.739,4.227,297056,297056,5189,5189,648,2096,9490,0,0,0,0,0,0,0,0,0,0,0,0,0,0.000,0.071,0.067,0.000,0.000,0.000,0.000,0.000,0.000,0.000,0.000,0.000,0.000,0.000,0.000,0.000,0.000,0.000,0.000,0.000,0.000,0.000,0.000,0.000,0.000,0.000,3.188,3.256,0,428,0.475,0.070,0.086,0.001,20,1048576,2.050,Off,ModifiedOnly,1,30,28,28,28,2,false,297050,751526,4541,4949,5431,5067,2096,4146,4143,46,2050,4950,117,119,3,3.131,0.000,0.000,0.073,0.518,0.054,0.055,0.307,0.028,0.030,0.018,0.025,0.026,0.020,0.017,0.010,0.177,0.086,0.001,1.683
CBT 2024,cbt_2024_official_baseline_v1,Release,D3D12,NVIDIA GeForce RTX 5090 D,Direct3D 12 (feature level 12_0); requested Agility SDK 614; runtime 6.2.26100.8972 (C:\WINDOWS\SYSTEM32\D3D12Core.dll); driver 32.0.15.9186,false,2048,1129,assets/heightmaps/Hm_Terrain_Peking_513.png,547,547,80.000,12.000,20,0.250,0.100,200000,false,6,64,0.095,0.025,47.922,22.793,32.673,3.483,298487,298487,4791,4791,574,1827,8698,0,0,0,0,0,0,0,0,0,0,0,0,0,0.000,0.058,0.055,0.000,0.000,0.000,0.000,0.000,0.000,0.000,0.000,0.000,0.000,0.000,0.000,0.000,0.000,0.000,0.000,0.000,0.000,0.000,0.000,0.000,0.000,0.000,3.297,3.341,0,428,0.509,0.074,0.074,0.001,20,1048576,2.050,Off,ModifiedOnly,1,31,29,29,29,2,false,298481,750095,4217,4481,5082,4645,1827,3651,3629,3,1824,4534,111,112,34,3.223,0.000,0.000,0.079,0.561,0.058,0.046,0.327,0.038,0.040,0.019,0.028,0.027,0.018,0.015,0.009,0.169,0.074,0.001,1.715
CBT 2024,cbt_2024_official_baseline_v1,Release,D3D12,NVIDIA GeForce RTX 5090 D,Direct3D 12 (feature level 12_0); requested Agility SDK 614; runtime 6.2.26100.8972 (C:\WINDOWS\SYSTEM32\D3D12Core.dll); driver 32.0.15.9186,false,2048,1129,assets/heightmaps/Hm_Terrain_Peking_513.png,547,547,80.000,12.000,20,0.250,0.100,200000,false,7,64,0.111,0.028,44.431,22.954,37.282,3.563,301234,301234,6540,6540,719,2063,10779,0,0,0,0,0,0,0,0,0,0,0,0,0,0.000,0.092,0.085,0.000,0.000,0.000,0.000,0.000,0.000,0.000,0.000,0.000,0.000,0.000,0.000,0.000,0.000,0.000,0.000,0.000,0.000,0.000,0.000,0.000,0.000,0.000,5.620,5.608,0,428,1.941,0.112,0.079,0.001,20,1048576,2.050,Off,ModifiedOnly,1,32,30,30,30,2,false,301228,747348,5821,4958,6854,6381,2063,4107,4097,19,2044,6247,134,138,21,4.906,0.000,0.000,0.072,0.585,0.054,1.396,0.398,0.053,0.041,0.023,0.045,0.044,0.029,0.017,0.012,0.230,0.078,0.001,1.829
CBT 2024,cbt_2024_official_baseline_v1,Release,D3D12,NVIDIA GeForce RTX 5090 D,Direct3D 12 (feature level 12_0); requested Agility SDK 614; runtime 6.2.26100.8972 (C:\WINDOWS\SYSTEM32\D3D12Core.dll); driver 32.0.15.9186,false,2048,1129,assets/heightmaps/Hm_Terrain_Peking_513.png,547,547,80.000,12.000,20,0.250,0.100,200000,false,8,64,0.127,0.034,40.498,22.999,41.520,6.028,304280,304280,6789,6789,618,2052,11125,0,0,0,0,0,0,0,0,0,0,0,0,0,0.000,0.112,0.104,0.000,0.000,0.000,0.000,0.000,0.000,0.000,0.000,0.000,0.000,0.000,0.000,0.000,0.000,0.000,0.000,0.000,0.000,0.000,0.000,0.000,0.000,0.000,3.888,3.601,0,428,0.560,0.085,0.100,0.001,20,1048576,2.050,Off,ModifiedOnly,1,33,31,31,31,2,false,304274,744302,6171,4954,7144,6612,2052,4098,4068,6,2046,6454,158,157,20,3.490,0.000,0.000,0.073,0.657,0.059,0.056,0.374,0.035,0.036,0.030,0.025,0.030,0.019,0.014,0.010,0.197,0.100,0.001,1.773
CBT 2024,cbt_2024_official_baseline_v1,Release,D3D12,NVIDIA GeForce RTX 5090 D,Direct3D 12 (feature level 12_0); requested Agility SDK 614; runtime 6.2.26100.8972 (C:\WINDOWS\SYSTEM32\D3D12Core.dll); driver 32.0.15.9186,false,2048,1129,assets/heightmaps/Hm_Terrain_Peking_513.png,547,547,80.000,12.000,20,0.250,0.100,200000,false,9,64,0.143,0.039,36.162,22.925,45.346,4.418,307669,307669,6792,6792,623,1902,10770,0,0,0,0,0,0,0,0,0,0,0,0,0,0.000,0.076,0.071,0.000,0.000,0.000,0.000,0.000,0.000,0.000,0.000,0.000,0.000,0.000,0.000,0.000,0.000,0.000,0.000,0.000,0.000,0.000,0.000,0.000,0.000,0.000,3.063,3.331,0,428,0.493,0.067,0.085,0.001,20,1048576,2.050,Off,ModifiedOnly,1,34,32,32,32,2,false,307663,740913,6169,4601,7183,6597,1902,3794,3772,10,1892,6417,180,179,16,3.210,0.000,0.000,0.084,0.518,0.053,0.059,0.318,0.030,0.033,0.018,0.023,0.026,0.018,0.017,0.010,0.188,0.084,0.001,1.729
CBT 2024,cbt_2024_official_baseline_v1,Release,D3D12,NVIDIA GeForce RTX 5090 D,Direct3D 12 (feature level 12_0); requested Agility SDK 614; runtime 6.2.26100.8972 (C:\WINDOWS\SYSTEM32\D3D12Core.dll); driver 32.0.15.9186,false,2048,1129,assets/heightmaps/Hm_Terrain_Peking_513.png,547,547,80.000,12.000,20,0.250,0.100,200000,false,10,64,0.159,0.042,31.468,22.735,48.722,3.380,312014,312014,6617,6617,556,1331,9601,0,0,0,0,0,0,0,0,0,0,0,0,0,0.000,0.066,0.062,0.000,0.000,0.000,0.000,0.000,0.000,0.000,0.000,0.000,0.000,0.000,0.000,0.000,0.000,0.000,0.000,0.000,0.000,0.000,0.000,0.000,0.000,0.000,3.432,3.473,0,428,0.527,0.067,0.071,0.001,20,1048576,2.050,Off,ModifiedOnly,1,35,33,33,33,2,false,312008,736568,6061,3540,7000,6425,1331,2655,2647,7,1324,6247,178,179,13,3.331,0.000,0.000,0.052,0.626,0.053,0.056,0.357,0.030,0.031,0.016,0.026,0.025,0.019,0.017,0.008,0.174,0.071,0.001,1.769
CBT 2024,cbt_2024_official_baseline_v1,Release,D3D12,NVIDIA GeForce RTX 5090 D,Direct3D 12 (feature level 12_0); requested Agility SDK 614; runtime 6.2.26100.8972 (C:\WINDOWS\SYSTEM32\D3D12Core.dll); driver 32.0.15.9186,false,2048,1129,assets/heightmaps/Hm_Terrain_Peking_513.png,547,547,80.000,12.000,20,0.250,0.100,200000,false,11,64,0.175,0.046,26.460,22.436,51.613,3.722,313563,313563,4495,4495,324,1650,8568,0,0,0,0,0,0,0,0,0,0,0,0,0,0.000,0.113,0.106,0.000,0.000,0.000,0.000,0.000,0.000,0.000,0.000,0.000,0.000,0.000,0.000,0.000,0.000,0.000,0.000,0.000,0.000,0.000,0.000,0.000,0.000,0.000,5.250,3.877,0,428,0.641,0.107,0.077,0.001,20,1048576,2.050,Off,ModifiedOnly,1,36,34,34,34,2,false,313557,735019,4171,4397,4840,4322,1650,3291,3276,9,1641,4159,163,164,9,3.765,0.000,0.000,0.069,0.717,0.058,0.079,0.410,0.052,0.042,0.027,0.040,0.040,0.023,0.018,0.013,0.241,0.077,0.001,1.858
CBT 2024,cbt_2024_official_baseline_v1,Release,D3D12,NVIDIA GeForce RTX 5090 D,Direct3D 12 (feature level 12_0); requested Agility SDK 614; runtime 6.2.26100.8972 (C:\WINDOWS\SYSTEM32\D3D12Core.dll); driver 32.0.15.9186,false,2048,1129,assets/heightmaps/Hm_Terrain_Peking_513.png,547,547,80.000,12.000,20,0.250,0.100,200000,false,12,64,0.190,0.052,21.190,22.041,53.991,5.739,314038,314038,4168,4168,293,2011,9247,0,0,0,0,0,0,0,0,0,0,0,0,0,0.000,0.056,0.052,0.000,0.000,0.000,0.000,0.000,0.000,0.000,0.000,0.000,0.000,0.000,0.000,0.000,0.000,0.000,0.000,0.000,0.000,0.000,0.000,0.000,0.000,0.000,3.910,3.638,0,428,0.551,0.070,0.067,0.001,20,1048576,2.050,Off,ModifiedOnly,1,37,35,35,35,2,false,314032,734544,3875,5372,4487,4007,2011,4012,3997,10,2001,3860,147,150,11,3.525,0.000,0.000,0.073,0.687,0.050,0.052,0.377,0.036,0.036,0.023,0.023,0.024,0.021,0.017,0.009,0.199,0.067,0.001,1.830
CBT 2024,cbt_2024_official_baseline_v1,Release,D3D12,NVIDIA GeForce RTX 5090 D,Direct3D 12 (feature level 12_0); requested Agility SDK 614; runtime 6.2.26100.8972 (C:\WINDOWS\SYSTEM32\D3D12Core.dll); driver 32.0.15.9186,false,2048,1129,assets/heightmaps/Hm_Terrain_Peking_513.png,547,547,80.000,12.000,20,0.250,0.100,200000,false,13,64,0.206,0.056,15.709,21.564,55.832,4.176,314328,314328,4737,4737,280,2373,10780,0,0,0,0,0,0,0,0,0,0,0,0,0,0.000,0.118,0.110,0.000,0.000,0.000,0.000,0.000,0.000,0.000,0.000,0.000,0.000,0.000,0.000,0.000,0.000,0.000,0.000,0.000,0.000,0.000,0.000,0.000,0.000,0.000,3.447,3.453,0,428,0.486,0.076,0.070,0.001,20,1048576,2.050,Off,ModifiedOnly,1,38,36,36,36,2,false,314322,734254,4457,6323,5024,4594,2373,4734,4718,12,2361,4466,128,127,16,3.342,0.000,0.000,0.083,0.604,0.051,0.060,0.321,0.024,0.031,0.017,0.033,0.026,0.019,0.019,0.011,0.182,0.070,0.001,1.789
CBT 2024,cbt_2024_official_baseline_v1,Release,D3D12,NVIDIA GeForce RTX 5090 D,Direct3D 12 (feature level 12_0); requested Agility SDK 614; runtime 6.2.26100.8972 (C:\WINDOWS\SYSTEM32\D3D12Core.dll); driver 32.0.15.9186,false,2048,1129,assets/heightmaps/Hm_Terrain_Peking_513.png,547,547,80.000,12.000,20,0.250,0.100,200000,false,14,64,0.222,0.060,10.072,21.026,57.119,3.968,311628,311628,2970,2970,194,2943,10584,0,0,0,0,0,0,0,0,0,0,0,0,0,0.000,0.059,0.055,0.000,0.000,0.000,0.000,0.000,0.000,0.000,0.000,0.000,0.000,0.000,0.000,0.000,0.000,0.000,0.000,0.000,0.000,0.000,0.000,0.000,0.000,0.000,4.764,5.079,0,428,0.506,0.077,0.066,0.001,20,1048576,2.050,Off,ModifiedOnly,1,39,37,37,37,2,false,311622,736954,2776,7808,3175,2867,2943,5875,5860,11,2932,2776,91,92,11,4.944,0.000,0.000,0.043,0.653,0.050,0.059,0.338,0.030,0.029,0.019,0.032,0.026,0.018,0.015,0.012,0.168,0.066,0.001,3.383
CBT 2024,cbt_2024_official_baseline_v1,Release,D3D12,NVIDIA GeForce RTX 5090 D,Direct3D 12 (feature level 12_0); requested Agility SDK 614; runtime 6.2.26100.8972 (C:\WINDOWS\SYSTEM32\D3D12Core.dll); driver 32.0.15.9186,false,2048,1129,assets/heightmaps/Hm_Terrain_Peking_513.png,547,547,80.000,12.000,20,0.250,0.100,200000,false,15,64,0.238,0.065,4.334,20.447,57.838,5.032,304179,304179,1835,1835,174,4725,13204,0,0,0,0,0,0,0,0,0,0,0,0,0,0.000,0.091,0.085,0.000,0.000,0.000,0.000,0.000,0.000,0.000,0.000,0.000,0.000,0.000,0.000,0.000,0.000,0.000,0.000,0.000,0.000,0.000,0.000,0.000,0.000,0.000,4.879,3.911,0,428,0.641,0.133,0.091,0.001,20,1048576,2.050,Off,ModifiedOnly,1,40,38,38,38,2,false,304173,744403,1661,11543,1980,1763,4725,9429,9409,21,4704,1694,69,68,4,3.799,0.000,0.000,0.060,0.797,0.065,0.075,0.429,0.031,0.041,0.038,0.054,0.041,0.031,0.029,0.013,0.235,0.091,0.001,1.769
CBT 2024,cbt_2024_official_baseline_v1,Release,D3D12,NVIDIA GeForce RTX 5090 D,Direct3D 12 (feature level 12_0); requested Agility SDK 614; runtime 6.2.26100.8972 (C:\WINDOWS\SYSTEM32\D3D12Core.dll); driver 32.0.15.9186,false,2048,1129,assets/heightmaps/Hm_Terrain_Peking_513.png,547,547,80.000,12.000,20,0.250,0.100,200000,false,16,64,0.254,0.070,-1.446,19.850,57.982,5.297,298907,298907,3037,3037,317,4225,13093,0,0,0,0,0,0,0,0,0,0,0,0,0,0.000,0.060,0.055,0.000,0.000,0.000,0.000,0.000,0.000,0.000,0.000,0.000,0.000,0.000,0.000,0.000,0.000,0.000,0.000,0.000,0.000,0.000,0.000,0.000,0.000,0.000,3.179,3.330,0,428,0.498,0.074,0.069,0.002,20,1048576,2.050,Off,ModifiedOnly,1,41,39,39,39,2,false,298901,749675,2720,10373,3146,2982,4225,8418,8403,32,4193,2934,48,49,6,3.211,0.000,0.000,0.059,0.614,0.050,0.057,0.329,0.032,0.030,0.015,0.036,0.024,0.019,0.016,0.010,0.166,0.069,0.002,1.683
CBT 2024,cbt_2024_official_baseline_v1,Release,D3D12,NVIDIA GeForce RTX 5090 D,Direct3D 12 (feature level 12_0); requested Agility SDK 614; runtime 6.2.26100.8972 (C:\WINDOWS\SYSTEM32\D3D12Core.dll); driver 32.0.15.9186,false,2048,1129,assets/heightmaps/Hm_Terrain_Peking_513.png,547,547,80.000,12.000,20,0.250,0.100,200000,false,17,64,0.270,0.074,-7.212,19.260,57.550,3.457,295170,295170,3530,3530,278,3704,12373,0,0,0,0,0,0,0,0,0,0,0,0,0,0.000,0.090,0.084,0.000,0.000,0.000,0.000,0.000,0.000,0.000,0.000,0.000,0.000,0.000,0.000,0.000,0.000,0.000,0.000,0.000,0.000,0.000,0.000,0.000,0.000,0.000,3.298,3.321,0,428,0.477,0.083,0.071,0.001,20,1048576,2.050,Off,ModifiedOnly,1,42,40,40,40,2,false,295164,753412,3252,9121,3642,3473,3704,7379,7365,29,3675,3427,46,48,9,3.209,0.000,0.000,0.081,0.592,0.049,0.054,0.314,0.028,0.032,0.015,0.043,0.025,0.021,0.016,0.011,0.177,0.071,0.001,1.678
CBT 2024,cbt_2024_official_baseline_v1,Release,D3D12,NVIDIA GeForce RTX 5090 D,Direct3D 12 (feature level 12_0); requested Agility SDK 614; runtime 6.2.26100.8972 (C:\WINDOWS\SYSTEM32\D3D12Core.dll); driver 32.0.15.9186,false,2048,1129,assets/heightmaps/Hm_Terrain_Peking_513.png,547,547,80.000,12.000,20,0.250,0.100,200000,false,18,64,0.286,0.077,-12.906,18.698,56.546,3.713,292893,292893,3710,3710,359,3056,10933,0,0,0,0,0,0,0,0,0,0,0,0,0,0.000,0.058,0.054,0.000,0.000,0.000,0.000,0.000,0.000,0.000,0.000,0.000,0.000,0.000,0.000,0.000,0.000,0.000,0.000,0.000,0.000,0.000,0.000,0.000,0.000,0.000,5.750,5.963,0,428,0.493,0.079,0.068,0.002,20,1048576,2.050,Off,ModifiedOnly,1,43,41,41,41,2,false,292887,755689,3351,7582,3797,3667,3056,6074,6050,38,3018,3632,35,34,9,5.833,0.000,0.000,0.048,0.607,0.050,0.044,0.327,0.032,0.040,0.018,0.037,0.024,0.020,0.015,0.008,0.166,0.067,0.002,4.327
CBT 2024,cbt_2024_official_baseline_v1,Release,D3D12,NVIDIA GeForce RTX 5090 D,Direct3D 12 (feature level 12_0); requested Agility SDK 614; runtime 6.2.26100.8972 (C:\WINDOWS\SYSTEM32\D3D12Core.dll); driver 32.0.15.9186,false,2048,1129,assets/heightmaps/Hm_Terrain_Peking_513.png,547,547,80.000,12.000,20,0.250,0.100,200000,false,19,64,0.302,0.083,-18.472,18.189,54.980,6.019,291703,291703,3988,3988,378,2635,10438,0,0,0,0,0,0,0,0,0,0,0,0,0,0.000,0.074,0.070,0.000,0.000,0.000,0.000,0.000,0.000,0.000,0.000,0.000,0.000,0.000,0.000,0.000,0.000,0.000,0.000,0.000,0.000,0.000,0.000,0.000,0.000,0.000,4.303,3.921,0,428,0.692,0.105,0.111,0.001,20,1048576,2.050,Off,ModifiedOnly,1,44,42,42,42,2,false,291697,756879,3610,6828,4065,3949,2635,5255,5239,15,2620,3916,33,34,5,3.811,0.000,0.000,0.078,0.794,0.075,0.079,0.466,0.031,0.040,0.025,0.048,0.033,0.020,0.017,0.011,0.235,0.111,0.001,1.747
CBT 2024,cbt_2024_official_baseline_v1,Release,D3D12,NVIDIA GeForce RTX 5090 D,Direct3D 12 (feature level 12_0); requested Agility SDK 614; runtime 6.2.26100.8972 (C:\WINDOWS\SYSTEM32\D3D12Core.dll); driver 32.0.15.9186,false,2048,1129,assets/heightmaps/Hm_Terrain_Peking_513.png,547,547,80.000,12.000,20,0.250,0.100,200000,false,20,64,0.317,0.088,-23.855,17.751,52.867,4.605,289331,289331,2856,2856,323,2676,9490,0,0,0,0,0,0,0,0,0,0,0,0,0,0.000,0.058,0.054,0.000,0.000,0.000,0.000,0.000,0.000,0.000,0.000,0.000,0.000,0.000,0.000,0.000,0.000,0.000,0.000,0.000,0.000,0.000,0.000,0.000,0.000,0.000,3.247,3.301,0,428,0.492,0.069,0.072,0.001,20,1048576,2.050,Off,ModifiedOnly,1,45,43,43,43,2,false,289325,759251,2533,6957,2965,2801,2676,5337,5303,15,2661,2754,47,48,7,3.177,0.000,0.000,0.062,0.611,0.051,0.045,0.337,0.029,0.030,0.019,0.029,0.022,0.019,0.018,0.010,0.168,0.072,0.001,1.655
CBT 2024,cbt_2024_official_baseline_v1,Release,D3D12,NVIDIA GeForce RTX 5090 D,Direct3D 12 (feature level 12_0); requested Agility SDK 614; runtime 6.2.26100.8972 (C:\WINDOWS\SYSTEM32\D3D12Core.dll); driver 32.0.15.9186,false,2048,1129,assets/heightmaps/Hm_Terrain_Peking_513.png,547,547,80.000,12.000,20,0.250,0.100,200000,false,21,64,0.333,0.091,-29.000,17.402,50.229,3.510,285940,285940,2795,2795,350,3185,10547,0,0,0,0,0,0,0,0,0,0,0,0,0,0.000,0.075,0.070,0.000,0.000,0.000,0.000,0.000,0.000,0.000,0.000,0.000,0.000,0.000,0.000,0.000,0.000,0.000,0.000,0.000,0.000,0.000,0.000,0.000,0.000,0.000,3.264,3.264,0,428,0.488,0.084,0.081,0.001,20,1048576,2.050,Off,ModifiedOnly,1,46,44,44,44,2,false,285934,762642,2445,8102,2943,2721,3185,6334,6313,36,3149,2659,62,62,12,3.154,0.000,0.000,0.089,0.575,0.055,0.051,0.323,0.025,0.034,0.018,0.040,0.026,0.017,0.016,0.011,0.181,0.081,0.001,1.609
CBT 2024,cbt_2024_official_baseline_v1,Release,D3D12,NVIDIA GeForce RTX 5090 D,Direct3D 12 (feature level 12_0); requested Agility SDK 614; runtime 6.2.26100.8972 (C:\WINDOWS\SYSTEM32\D3D12Core.dll); driver 32.0.15.9186,false,2048,1129,assets/heightmaps/Hm_Terrain_Peking_513.png,547,547,80.000,12.000,20,0.250,0.100,200000,false,22,64,0.349,0.095,-33.857,17.156,47.092,3.562,283287,283287,3099,3099,328,2975,10368,0,0,0,0,0,0,0,0,0,0,0,0,0,0.000,0.091,0.084,0.000,0.000,0.000,0.000,0.000,0.000,0.000,0.000,0.000,0.000,0.000,0.000,0.000,0.000,0.000,0.000,0.000,0.000,0.000,0.000,0.000,0.000,0.000,5.542,5.568,0,428,1.918,0.130,0.073,0.001,20,1048576,2.050,Off,ModifiedOnly,1,47,45,45,45,2,false,283281,765295,2771,7597,3281,3006,2975,5934,5903,16,2959,2929,77,81,12,4.910,0.000,0.000,0.065,0.651,0.052,0.047,1.741,0.031,0.048,0.036,0.057,0.037,0.028,0.017,0.012,0.219,0.073,0.001,1.794
CBT 2024,cbt_2024_official_baseline_v1,Release,D3D12,NVIDIA GeForce RTX 5090 D,Direct3D 12 (feature level 12_0); requested Agility SDK 614; runtime 6.2.26100.8972 (C:\WINDOWS\SYSTEM32\D3D12Core.dll); driver 32.0.15.9186,false,2048,1129,assets/heightmaps/Hm_Terrain_Peking_513.png,547,547,80.000,12.000,20,0.250,0.100,200000,false,23,64,0.365,0.101,-38.378,17.023,43.487,5.974,279570,279570,3089,3089,271,3518,11577,0,0,0,0,0,0,0,0,0,0,0,0,0,0.000,0.098,0.092,0.000,0.000,0.000,0.000,0.000,0.000,0.000,0.000,0.000,0.000,0.000,0.000,0.000,0.000,0.000,0.000,0.000,0.000,0.000,0.000,0.000,0.000,0.000,3.761,3.476,0,428,0.530,0.098,0.087,0.001,20,1048576,2.050,Off,ModifiedOnly,1,48,46,46,46,2,false,279564,769012,2818,8759,3292,2988,3518,7009,6989,27,3491,2898,90,89,12,3.368,0.000,0.000,0.063,0.669,0.053,0.073,0.336,0.031,0.036,0.022,0.044,0.032,0.019,0.018,0.010,0.213,0.087,0.001,1.660
CBT 2024,cbt_2024_official_baseline_v1,Release,D3D12,NVIDIA GeForce RTX 5090 D,Direct3D 12 (feature level 12_0); requested Agility SDK 614; runtime 6.2.26100.8972 (C:\WINDOWS\SYSTEM32\D3D12Core.dll); driver 32.0.15.9186,false,2048,1129,assets/heightmaps/Hm_Terrain_Peking_513.png,547,547,80.000,12.000,20,0.250,0.100,200000,false,24,64,0.381,0.105,-42.517,17.008,39.450,4.184,278664,278664,5300,5300,481,3233,12867,0,0,0,0,0,0,0,0,0,0,0,0,0,0.000,0.058,0.054,0.000,0.000,0.000,0.000,0.000,0.000,0.000,0.000,0.000,0.000,0.000,0.000,0.000,0.000,0.000,0.000,0.000,0.000,0.000,0.000,0.000,0.000,0.000,3.074,3.231,0,428,0.471,0.075,0.088,0.002,20,1048576,2.050,Off,ModifiedOnly,1,49,47,47,47,2,false,278658,769918,4819,8048,5540,5178,3233,6446,6428,20,3213,5068,110,114,8,3.119,0.000,0.000,0.056,0.606,0.053,0.042,0.317,0.026,0.033,0.018,0.035,0.022,0.018,0.015,0.008,0.159,0.088,0.002,1.621
CBT 2024,cbt_2024_official_baseline_v1,Release,D3D12,NVIDIA GeForce RTX 5090 D,Direct3D 12 (feature level 12_0); requested Agility SDK 614; runtime 6.2.26100.8972 (C:\WINDOWS\SYSTEM32\D3D12Core.dll); driver 32.0.15.9186,false,2048,1129,assets/heightmaps/Hm_Terrain_Peking_513.png,547,547,80.000,12.000,20,0.250,0.100,200000,false,25,64,0.397,0.109,-46.234,17.112,35.021,3.340,281050,281050,7137,7137,502,2534,13444,0,0,0,0,0,0,0,0,0,0,0,0,0,0.000,0.079,0.074,0.000,0.000,0.000,0.000,0.000,0.000,0.000,0.000,0.000,0.000,0.000,0.000,0.000,0.000,0.000,0.000,0.000,0.000,0.000,0.000,0.000,0.000,0.000,3.234,3.218,0,428,0.515,0.083,0.105,0.001,20,1048576,2.050,Off,ModifiedOnly,1,50,48,48,48,2,false,281044,767532,6635,6809,7430,6991,2534,5044,5018,24,2510,6864,127,126,20,3.111,0.000,0.000,0.086,0.553,0.056,0.072,0.319,0.032,0.036,0.018,0.039,0.026,0.021,0.014,0.009,0.174,0.105,0.001,1.550
CBT 2024,cbt_2024_official_baseline_v1,Release,D3D12,NVIDIA GeForce RTX 5090 D,Direct3D 12 (feature level 12_0); requested Agility SDK 614; runtime 6.2.26100.8972 (C:\WINDOWS\SYSTEM32\D3D12Core.dll); driver 32.0.15.9186,false,2048,1129,assets/heightmaps/Hm_Terrain_Peking_513.png,547,547,80.000,12.000,20,0.250,0.100,200000,false,26,64,0.413,0.112,-49.491,17.330,30.243,3.556,280836,280836,6086,6086,443,3320,14071,0,0,0,0,0,0,0,0,0,0,0,0,0,0.000,0.092,0.085,0.000,0.000,0.000,0.000,0.000,0.000,0.000,0.000,0.000,0.000,0.000,0.000,0.000,0.000,0.000,0.000,0.000,0.000,0.000,0.000,0.000,0.000,0.000,5.557,5.620,0,428,1.213,0.104,0.121,0.001,20,1048576,2.050,Off,ModifiedOnly,1,51,49,49,49,2,false,280830,767746,5643,8428,6404,5925,3320,6618,6596,22,3298,5782,143,147,14,5.494,0.000,0.000,0.062,1.994,0.067,0.068,0.420,0.049,0.609,0.032,0.039,0.033,0.020,0.018,0.008,0.218,0.121,0.001,1.735
CBT 2024,cbt_2024_official_baseline_v1,Release,D3D12,NVIDIA GeForce RTX 5090 D,Direct3D 12 (feature level 12_0); requested Agility SDK 614; runtime 6.2.26100.8972 (C:\WINDOWS\SYSTEM32\D3D12Core.dll); driver 32.0.15.9186,false,2048,1129,assets/heightmaps/Hm_Terrain_Peking_513.png,547,547,80.000,12.000,20,0.250,0.100,200000,false,27,64,0.429,0.118,-52.256,17.655,25.165,5.972,280914,280914,5552,5552,575,2910,12376,0,0,0,0,0,0,0,0,0,0,0,0,0,0.000,0.058,0.054,0.000,0.000,0.000,0.000,0.000,0.000,0.000,0.000,0.000,0.000,0.000,0.000,0.000,0.000,0.000,0.000,0.000,0.000,0.000,0.000,0.000,0.000,0.000,3.777,3.442,0,428,0.521,0.100,0.126,0.001,20,1048576,2.050,Off,ModifiedOnly,1,52,50,50,50,2,false,280908,767668,4977,7399,5882,5388,2910,5804,5772,16,2894,5245,143,141,23,3.330,0.000,0.000,0.068,0.651,0.052,0.072,0.327,0.032,0.038,0.027,0.044,0.029,0.019,0.018,0.011,0.205,0.126,0.001,1.608
CBT 2024,cbt_2024_official_baseline_v1,Release,D3D12,NVIDIA GeForce RTX 5090 D,Direct3D 12 (feature level 12_0); requested Agility SDK 614; runtime 6.2.26100.8972 (C:\WINDOWS\SYSTEM32\D3D12Core.dll); driver 32.0.15.9186,false,2048,1129,assets/heightmaps/Hm_Terrain_Peking_513.png,547,547,80.000,12.000,20,0.250,0.100,200000,false,28,64,0.444,0.122,-54.502,18.072,19.837,4.043,283576,283576,6719,6719,588,2192,11868,0,0,0,0,0,0,0,0,0,0,0,0,0,0.000,0.048,0.045,0.000,0.000,0.000,0.000,0.000,0.000,0.000,0.000,0.000,0.000,0.000,0.000,0.000,0.000,0.000,0.000,0.000,0.000,0.000,0.000,0.000,0.000,0.000,3.194,3.216,0,428,0.477,0.071,0.099,0.001,20,1048576,2.050,Off,ModifiedOnly,1,53,51,51,51,2,false,283570,765006,6131,5737,7012,6571,2192,4350,4342,34,2158,6457,114,117,31,3.103,0.000,0.000,0.074,0.563,0.058,0.044,0.307,0.031,0.038,0.016,0.031,0.024,0.018,0.017,0.011,0.163,0.099,0.001,1.610
CBT 2024,cbt_2024_official_baseline_v1,Release,D3D12,NVIDIA GeForce RTX 5090 D,Direct3D 12 (feature level 12_0); requested Agility SDK 614; runtime 6.2.26100.8972 (C:\WINDOWS\SYSTEM32\D3D12Core.dll); driver 32.0.15.9186,false,2048,1129,assets/heightmaps/Hm_Terrain_Peking_513.png,547,547,80.000,12.000,20,0.250,0.100,200000,false,29,64,0.460,0.125,-56.206,18.565,14.312,3.394,286706,286706,6099,6099,585,1611,10059,0,0,0,0,0,0,0,0,0,0,0,0,0,0.000,0.048,0.045,0.000,0.000,0.000,0.000,0.000,0.000,0.000,0.000,0.000,0.000,0.000,0.000,0.000,0.000,0.000,0.000,0.000,0.000,0.000,0.000,0.000,0.000,0.000,3.238,3.179,0,428,0.476,0.076,0.079,0.001,20,1048576,2.050,Off,ModifiedOnly,1,54,52,52,52,2,false,286700,761876,5514,4545,6340,5978,1611,3210,3197,12,1599,5880,98,99,22,3.068,0.000,0.000,0.075,0.563,0.062,0.044,0.304,0.029,0.037,0.016,0.035,0.024,0.017,0.015,0.010,0.172,0.079,0.001,1.583
CBT 2024,cbt_2024_official_baseline_v1,Release,D3D12,NVIDIA GeForce RTX 5090 D,Direct3D 12 (feature level 12_0); requested Agility SDK 614; runtime 6.2.26100.8972 (C:\WINDOWS\SYSTEM32\D3D12Core.dll); driver 32.0.15.9186,false,2048,1129,assets/heightmaps/Hm_Terrain_Peking_513.png,547,547,80.000,12.000,20,0.250,0.100,200000,false,30,64,0.476,0.129,-57.352,19.116,8.644,3.438,289760,289760,6008,6008,620,1593,9865,0,0,0,0,0,0,0,0,0,0,0,0,0,0.000,0.058,0.054,0.000,0.000,0.000,0.000,0.000,0.000,0.000,0.000,0.000,0.000,0.000,0.000,0.000,0.000,0.000,0.000,0.000,0.000,0.000,0.000,0.000,0.000,0.000,5.675,5.591,0,428,1.167,0.103,0.067,0.001,20,1048576,2.050,Off,ModifiedOnly,1,55,53,53,53,2,false,289754,758822,5388,4477,6219,5902,1593,3165,3145,21,1572,5827,75,76,30,5.481,0.000,0.000,0.102,1.961,0.067,0.078,0.944,0.032,0.046,0.027,0.049,0.027,0.020,0.017,0.011,0.226,0.067,0.001,1.805
CBT 2024,cbt_2024_official_baseline_v1,Release,D3D12,NVIDIA GeForce RTX 5090 D,Direct3D 12 (feature level 12_0); requested Agility SDK 614; runtime 6.2.26100.8972 (C:\WINDOWS\SYSTEM32\D3D12Core.dll); driver 32.0.15.9186,false,2048,1129,assets/heightmaps/Hm_Terrain_Peking_513.png,547,547,80.000,12.000,20,0.250,0.100,200000,false,31,64,0.492,0.135,-57.928,19.701,2.891,5.955,291476,291476,4985,4985,499,1720,9301,0,0,0,0,0,0,0,0,0,0,0,0,0,0.000,0.059,0.055,0.000,0.000,0.000,0.000,0.000,0.000,0.000,0.000,0.000,0.000,0.000,0.000,0.000,0.000,0.000,0.000,0.000,0.000,0.000,0.000,0.000,0.000,0.000,4.004,3.510,0,428,0.537,0.088,0.122,0.001,20,1048576,2.050,Off,ModifiedOnly,1,56,54,54,54,2,false,291470,757106,4486,4815,5124,4912,1720,3408,3392,32,1688,4863,49,56,17,3.395,0.000,0.000,0.066,0.665,0.062,0.071,0.332,0.034,0.038,0.020,0.039,0.029,0.019,0.016,0.012,0.210,0.122,0.001,1.659
CBT 2024,cbt_2024_official_baseline_v1,Release,D3D12,NVIDIA GeForce RTX 5090 D,Direct3D 12 (feature level 12_0); requested Agility SDK 614; runtime 6.2.26100.8972 (C:\WINDOWS\SYSTEM32\D3D12Core.dll); driver 32.0.15.9186,false,2048,1129,assets/heightmaps/Hm_Terrain_Peking_513.png,547,547,80.000,12.000,20,0.250,0.100,200000,false,32,64,0.508,0.139,-57.928,20.299,-2.891,4.269,292270,292270,4219,4219,479,1794,8689,0,0,0,0,0,0,0,0,0,0,0,0,0,0.000,0.073,0.069,0.000,0.000,0.000,0.000,0.000,0.000,0.000,0.000,0.000,0.000,0.000,0.000,0.000,0.000,0.000,0.000,0.000,0.000,0.000,0.000,0.000,0.000,0.000,3.272,3.272,0,428,0.500,0.068,0.067,0.001,20,1048576,2.050,Off,ModifiedOnly,1,57,55,55,55,2,false,292264,756312,3740,4949,4358,4152,1794,3564,3546,24,1770,4093,59,54,13,3.162,0.000,0.000,0.063,0.576,0.055,0.051,0.332,0.030,0.032,0.014,0.030,0.025,0.018,0.016,0.008,0.163,0.067,0.001,1.681
CBT 2024,cbt_2024_official_baseline_v1,Release,D3D12,NVIDIA GeForce RTX 5090 D,Direct3D 12 (feature level 12_0); requested Agility SDK 614; runtime 6.2.26100.8972 (C:\WINDOWS\SYSTEM32\D3D12Core.dll); driver 32.0.15.9186,false,2048,1129,assets/heightmaps/Hm_Terrain_Peking_513.png,547,547,80.000,12.000,20,0.250,0.100,200000,false,33,64,0.524,0.143,-57.352,20.884,-8.644,3.567,294591,294591,5386,5386,525,1629,9414,0,0,0,0,0,0,0,0,0,0,0,0,0,0.000,0.058,0.054,0.000,0.000,0.000,0.000,0.000,0.000,0.000,0.000,0.000,0.000,0.000,0.000,0.000,0.000,0.000,0.000,0.000,0.000,0.000,0.000,0.000,0.000,0.000,4.834,4.857,0,428,0.471,0.081,0.068,0.001,20,1048576,2.050,Off,ModifiedOnly,1,58,56,56,56,2,false,294585,753991,4861,4553,5560,5295,1629,3239,3222,19,1610,5226,69,77,14,3.180,0.000,0.000,0.077,0.580,0.057,0.050,0.307,0.028,0.029,0.019,0.035,0.027,0.019,0.016,0.008,0.171,0.067,0.001,1.687
CBT 2024,cbt_2024_official_baseline_v1,Release,D3D12,NVIDIA GeForce RTX 5090 D,Direct3D 12 (feature level 12_0); requested Agility SDK 614; runtime 6.2.26100.8972 (C:\WINDOWS\SYSTEM32\D3D12Core.dll); driver 32.0.15.9186,false,2048,1129,assets/heightmaps/Hm_Terrain_Peking_513.png,547,547,80.000,12.000,20,0.250,0.100,200000,false,34,64,0.540,0.148,-56.206,21.435,-14.312,5.096,296609,296609,4403,4403,501,1299,7736,0,0,0,0,0,0,0,0,0,0,0,0,0,0.000,0.080,0.075,0.000,0.000,0.000,0.000,0.000,0.000,0.000,0.000,0.000,0.000,0.000,0.000,0.000,0.000,0.000,0.000,0.000,0.000,0.000,0.000,0.000,0.000,0.000,4.924,3.902,0,428,0.679,0.115,0.087,0.002,20,1048576,2.050,Off,ModifiedOnly,1,59,57,57,57,2,false,296603,751973,3902,3834,4599,4305,1299,2581,2574,17,1282,4228,77,77,21,3.793,0.000,0.000,0.066,0.746,0.071,0.075,0.443,0.049,0.040,0.029,0.048,0.037,0.028,0.020,0.011,0.240,0.087,0.002,1.798
CBT 2024,cbt_2024_official_baseline_v1,Release,D3D12,NVIDIA GeForce RTX 5090 D,Direct3D 12 (feature level 12_0); requested Agility SDK 614; runtime 6.2.26100.8972 (C:\WINDOWS\SYSTEM32\D3D12Core.dll); driver 32.0.15.9186,false,2048,1129,assets/heightmaps/Hm_Terrain_Peking_513.png,547,547,80.000,12.000,20,0.250,0.100,200000,false,35,64,0.556,0.153,-54.502,21.928,-19.837,5.302,297693,297693,4011,4011,562,1570,7837,0,0,0,0,0,0,0,0,0,0,0,0,0,0.000,0.088,0.082,0.000,0.000,0.000,0.000,0.000,0.000,0.000,0.000,0.000,0.000,0.000,0.000,0.000,0.000,0.000,0.000,0.000,0.000,0.000,0.000,0.000,0.000,0.000,3.205,3.300,0,428,0.468,0.075,0.073,0.002,20,1048576,2.050,Off,ModifiedOnly,1,60,58,58,58,2,false,297687,750889,3449,4388,4222,3908,1570,3138,3109,2,1568,3821,87,82,21,3.183,0.000,0.000,0.065,0.578,0.057,0.050,0.306,0.027,0.028,0.017,0.030,0.029,0.019,0.018,0.011,0.183,0.073,0.002,1.691
CBT 2024,cbt_2024_official_baseline_v1,Release,D3D12,NVIDIA GeForce RTX 5090 D,Direct3D 12 (feature level 12_0); requested Agility SDK 614; runtime 6.2.26100.8972 (C:\WINDOWS\SYSTEM32\D3D12Core.dll); driver 32.0.15.9186,false,2048,1129,assets/heightmaps/Hm_Terrain_Peking_513.png,547,547,80.000,12.000,20,0.250,0.100,200000,false,36,64,0.571,0.157,-52.256,22.345,-25.165,3.573,298358,298358,4572,4572,600,2073,9391,0,0,0,0,0,0,0,0,0,0,0,0,0,0.000,0.050,0.047,0.000,0.000,0.000,0.000,0.000,0.000,0.000,0.000,0.000,0.000,0.000,0.000,0.000,0.000,0.000,0.000,0.000,0.000,0.000,0.000,0.000,0.000,0.000,3.347,3.451,0,428,0.504,0.072,0.075,0.001,20,1048576,2.050,Off,ModifiedOnly,1,61,59,59,59,2,false,298352,750224,3972,5419,4786,4464,2073,4121,4086,25,2048,4372,92,94,14,3.319,0.000,0.000,0.060,0.636,0.051,0.046,0.341,0.029,0.036,0.017,0.033,0.023,0.018,0.014,0.010,0.175,0.075,0.001,1.755
CBT 2024,cbt_2024_official_baseline_v1,Release,D3D12,NVIDIA GeForce RTX 5090 D,Direct3D 12 (feature level 12_0); requested Agility SDK 614; runtime 6.2.26100.8972 (C:\WINDOWS\SYSTEM32\D3D12Core.dll); driver 32.0.15.9186,false,2048,1129,assets/heightmaps/Hm_Terrain_Peking_513.png,547,547,80.000,12.000,20,0.250,0.100,200000,false,37,64,0.587,0.160,-49.491,22.670,-30.243,3.559,300204,300204,6295,6295,820,2372,11457,0,0,0,0,0,0,0,0,0,0,0,0,0,0.000,0.092,0.086,0.000,0.000,0.000,0.000,0.000,0.000,0.000,0.000,0.000,0.000,0.000,0.000,0.000,0.000,0.000,0.000,0.000,0.000,0.000,0.000,0.000,0.000,0.000,5.673,5.692,0,428,0.477,0.075,0.100,0.001,20,1048576,2.050,Off,ModifiedOnly,1,62,60,60,60,2,false,300198,748378,5475,5982,6560,6164,2372,4714,4692,30,2342,6060,104,101,30,5.555,0.000,0.000,0.046,0.583,0.061,0.057,0.301,0.027,0.030,0.019,0.030,0.026,0.016,0.016,0.010,0.177,0.099,0.001,4.055
CBT 2024,cbt_2024_official_baseline_v1,Release,D3D12,NVIDIA GeForce RTX 5090 D,Direct3D 12 (feature level 12_0); requested Agility SDK 614; runtime 6.2.26100.8972 (C:\WINDOWS\SYSTEM32\D3D12Core.dll); driver 32.0.15.9186,false,2048,1129,assets/heightmaps/Hm_Terrain_Peking_513.png,547,547,80.000,12.000,20,0.250,0.100,200000,false,38,64,0.603,0.166,-46.234,22.888,-35.021,6.104,302313,302313,6262,6262,822,2229,11079,0,0,0,0,0,0,0,0,0,0,0,0,0,0.000,0.111,0.103,0.000,0.000,0.000,0.000,0.000,0.000,0.000,0.000,0.000,0.000,0.000,0.000,0.000,0.000,0.000,0.000,0.000,0.000,0.000,0.000,0.000,0.000,0.000,4.248,4.001,0,428,0.731,0.110,0.114,0.001,20,1048576,2.050,Off,ModifiedOnly,1,63,61,61,61,2,false,302307,746269,5440,5639,6554,6115,2229,4445,4426,13,2216,5993,122,124,23,3.886,0.000,0.000,0.071,0.778,0.096,0.093,0.445,0.054,0.044,0.029,0.043,0.037,0.031,0.026,0.010,0.235,0.114,0.001,1.779
CBT 2024,cbt_2024_official_baseline_v1,Release,D3D12,NVIDIA GeForce RTX 5090 D,Direct3D 12 (feature level 12_0); requested Agility SDK 614; runtime 6.2.26100.8972 (C:\WINDOWS\SYSTEM32\D3D12Core.dll); driver 32.0.15.9186,false,2048,1129,assets/heightmaps/Hm_Terrain_Peking_513.png,547,547,80.000,12.000,20,0.250,0.100,200000,false,39,64,0.619,0.171,-42.517,22.992,-39.450,4.733,303957,303957,6086,6086,644,2399,11519,0,0,0,0,0,0,0,0,0,0,0,0,0,0.000,0.091,0.085,0.000,0.000,0.000,0.000,0.000,0.000,0.000,0.000,0.000,0.000,0.000,0.000,0.000,0.000,0.000,0.000,0.000,0.000,0.000,0.000,0.000,0.000,0.000,3.173,3.362,0,428,0.481,0.076,0.113,0.001,20,1048576,2.050,Off,ModifiedOnly,1,64,62,62,62,2,false,303951,744625,5442,6077,6424,5916,2399,4780,4768,18,2381,5773,143,145,25,3.254,0.000,0.000,0.052,0.593,0.052,0.056,0.307,0.029,0.037,0.016,0.030,0.030,0.019,0.020,0.009,0.182,0.113,0.001,1.707
CBT 2024,cbt_2024_official_baseline_v1,Release,D3D12,NVIDIA GeForce RTX 5090 D,Direct3D 12 (feature level 12_0); requested Agility SDK 614; runtime 6.2.26100.8972 (C:\WINDOWS\SYSTEM32\D3D12Core.dll); driver 32.0.15.9186,false,2048,1129,assets/heightmaps/Hm_Terrain_Peking_513.png,547,547,80.000,12.000,20,0.250,0.100,200000,false,40,64,0.635,0.175,-38.378,22.977,-43.487,3.579,304088,304088,5121,5121,647,2689,11014,0,0,0,0,0,0,0,0,0,0,0,0,0,0.000,0.078,0.073,0.000,0.000,0.000,0.000,0.000,0.000,0.000,0.000,0.000,0.000,0.000,0.000,0.000,0.000,0.000,0.000,0.000,0.000,0.000,0.000,0.000,0.000,0.000,3.209,3.375,0,428,0.506,0.066,0.089,0.001,20,1048576,2.050,Off,ModifiedOnly,1,65,63,63,63,2,false,304082,744494,4474,6540,5499,4933,2689,5368,5339,10,2679,4764,169,167,21,3.249,0.000,0.000,0.065,0.597,0.056,0.039,0.348,0.031,0.032,0.015,0.024,0.026,0.018,0.015,0.012,0.174,0.089,0.001,1.706
CBT 2024,cbt_2024_official_baseline_v1,Release,D3D12,NVIDIA GeForce RTX 5090 D,Direct3D 12 (feature level 12_0); requested Agility SDK 614; runtime 6.2.26100.8972 (C:\WINDOWS\SYSTEM32\D3D12Core.dll); driver 32.0.15.9186,false,2048,1129,assets/heightmaps/Hm_Terrain_Peking_513.png,547,547,80.000,12.000,20,0.250,0.100,200000,false,41,64,0.651,0.178,-33.857,22.844,-47.092,3.537,304185,304185,4762,4762,500,2536,10402,0,0,0,0,0,0,0,0,0,0,0,0,0,0.000,0.058,0.054,0.000,0.000,0.000,0.000,0.000,0.000,0.000,0.000,0.000,0.000,0.000,0.000,0.000,0.000,0.000,0.000,0.000,0.000,0.000,0.000,0.000,0.000,0.000,5.298,5.393,0,428,0.570,0.070,0.088,0.001,20,1048576,2.050,Off,ModifiedOnly,1,66,64,64,64,2,false,304179,744397,4262,6140,5159,4563,2536,5062,5031,10,2526,4387,176,177,22,4.041,0.000,0.000,0.071,0.574,0.053,0.055,0.388,0.034,0.041,0.017,0.028,0.025,0.020,0.019,0.011,0.782,0.088,0.001,1.834
CBT 2024,cbt_2024_official_baseline_v1,Release,D3D12,NVIDIA GeForce RTX 5090 D,Direct3D 12 (feature level 12_0); requested Agility SDK 614; runtime 6.2.26100.8972 (C:\WINDOWS\SYSTEM32\D3D12Core.dll); driver 32.0.15.9186,false,2048,1129,assets/heightmaps/Hm_Terrain_Peking_513.png,547,547,80.000,12.000,20,0.250,0.100,200000,false,42,64,0.667,0.184,-29.000,22.598,-50.229,5.566,305022,305022,4740,4740,423,2144,9612,0,0,0,0,0,0,0,0,0,0,0,0,0,0.000,0.062,0.057,0.000,0.000,0.000,0.000,0.000,0.000,0.000,0.000,0.000,0.000,0.000,0.000,0.000,0.000,0.000,0.000,0.000,0.000,0.000,0.000,0.000,0.000,0.000,28.953,0.261,0,428,0.053,0.016,0.015,0.001,20,1048576,2.050,Off,ModifiedOnly,1,67,65,65,65,2,false,305016,743560,4317,5295,5115,4553,2144,4278,4266,10,2134,4379,174,173,14,0.246,0.000,0.000,0.003,0.022,0.012,0.017,0.011,0.008,0.005,0.004,0.006,0.005,0.002,0.002,0.001,0.019,0.015,0.001,0.112
CBT 2024,cbt_2024_official_baseline_v1,Release,D3D12,NVIDIA GeForce RTX 5090 D,Direct3D 12 (feature level 12_0); requested Agility SDK 614; runtime 6.2.26100.8972 (C:\WINDOWS\SYSTEM32\D3D12Core.dll); driver 32.0.15.9186,false,2048,1129,assets/heightmaps/Hm_Terrain_Peking_513.png,547,547,80.000,12.000,20,0.250,0.100,200000,false,43,64,0.683,0.213,-23.855,22.249,-52.867,29.264,305958,305958,4206,4206,296,1815,8544,0,0,0,0,0,0,0,0,0,0,0,0,0,0.000,0.048,0.044,0.000,0.000,0.000,0.000,0.000,0.000,0.000,0.000,0.000,0.000,0.000,0.000,0.000,0.000,0.000,0.000,0.000,0.000,0.000,0.000,0.000,0.000,0.000,16.380,0.260,0,428,0.053,0.015,0.014,0.001,20,1048576,2.050,Off,ModifiedOnly,1,68,66,66,66,2,false,305952,742624,3910,4634,4552,4033,1815,3616,3607,14,1801,3870,163,163,10,0.247,0.000,0.000,0.004,0.022,0.012,0.017,0.011,0.008,0.005,0.004,0.006,0.005,0.002,0.002,0.001,0.019,0.014,0.001,0.113
CBT 2024,cbt_2024_official_baseline_v1,Release,D3D12,NVIDIA GeForce RTX 5090 D,Direct3D 12 (feature level 12_0); requested Agility SDK 614; runtime 6.2.26100.8972 (C:\WINDOWS\SYSTEM32\D3D12Core.dll); driver 32.0.15.9186,false,2048,1129,assets/heightmaps/Hm_Terrain_Peking_513.png,547,547,80.000,12.000,20,0.250,0.100,200000,false,44,64,0.698,0.230,-18.472,21.811,-54.980,16.689,306848,306848,4573,4573,458,2007,9192,0,0,0,0,0,0,0,0,0,0,0,0,0,0.000,0.050,0.045,0.000,0.000,0.000,0.000,0.000,0.000,0.000,0.000,0.000,0.000,0.000,0.000,0.000,0.000,0.000,0.000,0.000,0.000,0.000,0.000,0.000,0.000,0.000,16.337,0.258,0,428,0.052,0.015,0.014,0.001,20,1048576,2.050,Off,ModifiedOnly,1,69,67,67,67,2,false,306842,741734,4115,5077,4886,4418,2007,3996,3987,18,1989,4272,146,143,12,0.245,0.000,0.000,0.004,0.020,0.012,0.016,0.011,0.008,0.005,0.004,0.006,0.005,0.002,0.002,0.001,0.019,0.014,0.001,0.114
CBT 2024,cbt_2024_official_baseline_v1,Release,D3D12,NVIDIA GeForce RTX 5090 D,Direct3D 12 (feature level 12_0); requested Agility SDK 614; runtime 6.2.26100.8972 (C:\WINDOWS\SYSTEM32\D3D12Core.dll); driver 32.0.15.9186,false,2048,1129,assets/heightmaps/Hm_Terrain_Peking_513.png,547,547,80.000,12.000,20,0.250,0.100,200000,false,45,64,0.714,0.246,-12.906,21.302,-56.546,16.736,308063,308063,5158,5158,513,2108,9944,0,0,0,0,0,0,0,0,0,0,0,0,0,0.000,0.096,0.089,0.000,0.000,0.000,0.000,0.000,0.000,0.000,0.000,0.000,0.000,0.000,0.000,0.000,0.000,0.000,0.000,0.000,0.000,0.000,0.000,0.000,0.000,0.000,16.326,0.261,0,428,0.052,0.015,0.015,0.001,20,1048576,2.050,Off,ModifiedOnly,1,70,68,68,68,2,false,308057,740519,4645,5299,5407,5033,2108,4192,4176,24,2084,4919,114,115,10,0.245,0.000,0.000,0.004,0.017,0.012,0.017,0.011,0.008,0.005,0.004,0.006,0.005,0.002,0.002,0.001,0.018,0.015,0.001,0.116
CBT 2024,cbt_2024_official_baseline_v1,Release,D3D12,NVIDIA GeForce RTX 5090 D,Direct3D 12 (feature level 12_0); requested Agility SDK 614; runtime 6.2.26100.8972 (C:\WINDOWS\SYSTEM32\D3D12Core.dll); driver 32.0.15.9186,false,2048,1129,assets/heightmaps/Hm_Terrain_Peking_513.png,547,547,80.000,12.000,20,0.250,0.100,200000,false,46,64,0.730,0.263,-7.212,20.740,-57.550,16.740,306746,306746,3542,3542,351,2521,9406,0,0,0,0,0,0,0,0,0,0,0,0,0,0.000,0.078,0.072,0.000,0.000,0.000,0.000,0.000,0.000,0.000,0.000,0.000,0.000,0.000,0.000,0.000,0.000,0.000,0.000,0.000,0.000,0.000,0.000,0.000,0.000,0.000,16.332,0.257,0,428,0.051,0.015,0.013,0.002,20,1048576,2.050,Off,ModifiedOnly,1,71,69,69,69,2,false,306740,741836,3191,6215,3703,3462,2521,5020,5003,22,2499,3387,75,74,6,0.241,0.000,0.000,0.003,0.018,0.012,0.015,0.012,0.008,0.005,0.004,0.006,0.005,0.002,0.002,0.001,0.019,0.013,0.002,0.115
CBT 2024,cbt_2024_official_baseline_v1,Release,D3D12,NVIDIA GeForce RTX 5090 D,Direct3D 12 (feature level 12_0); requested Agility SDK 614; runtime 6.2.26100.8972 (C:\WINDOWS\SYSTEM32\D3D12Core.dll); driver 32.0.15.9186,false,2048,1129,assets/heightmaps/Hm_Terrain_Peking_513.png,547,547,80.000,12.000,20,0.250,0.100,200000,false,47,64,0.746,0.280,-1.446,20.150,-57.982,16.761,303012,303012,2447,2447,355,3166,9543,0,0,0,0,0,0,0,0,0,0,0,0,0,0.000,0.051,0.047,0.000,0.000,0.000,0.000,0.000,0.000,0.000,0.000,0.000,0.000,0.000,0.000,0.000,0.000,0.000,0.000,0.000,0.000,0.000,0.000,0.000,0.000,0.000,0.208,0.256,0,428,0.051,0.015,0.013,0.001,20,1048576,2.050,Off,ModifiedOnly,1,72,70,70,70,2,false,303006,745570,2092,7451,2569,2385,3166,6303,6282,29,3137,2330,55,57,5,0.240,0.000,0.000,0.003,0.018,0.011,0.016,0.011,0.008,0.005,0.004,0.006,0.005,0.002,0.002,0.001,0.019,0.012,0.001,0.116
CBT 2024,cbt_2024_official_baseline_v1,Release,D3D12,NVIDIA GeForce RTX 5090 D,Direct3D 12 (feature level 12_0); requested Agility SDK 614; runtime 6.2.26100.8972 (C:\WINDOWS\SYSTEM32\D3D12Core.dll); driver 32.0.15.9186,false,2048,1129,assets/heightmaps/Hm_Terrain_Peking_513.png,547,547,80.000,12.000,20,0.250,0.100,200000,false,48,64,0.762,0.280,4.334,19.553,-57.838,0.486,301166,301166,2404,2404,351,2196,7530,0,0,0,0,0,0,0,0,0,0,0,0,0,0.000,0.037,0.034,0.000,0.000,0.000,0.000,0.000,0.000,0.000,0.000,0.000,0.000,0.000,0.000,0.000,0.000,0.000,0.000,0.000,0.000,0.000,0.000,0.000,0.000,0.000,0.200,0.252,0,428,0.050,0.015,0.012,0.001,20,1048576,2.050,Off,ModifiedOnly,1,73,71,71,71,2,false,301160,747416,2053,5477,2523,2346,2196,4369,4346,23,2173,2289,57,54,4,0.237,0.000,0.000,0.003,0.017,0.011,0.014,0.011,0.008,0.005,0.004,0.006,0.005,0.002,0.002,0.002,0.018,0.012,0.001,0.114
CBT 2024,cbt_2024_official_baseline_v1,Release,D3D12,NVIDIA GeForce RTX 5090 D,Direct3D 12 (feature level 12_0); requested Agility SDK 614; runtime 6.2.26100.8972 (C:\WINDOWS\SYSTEM32\D3D12Core.dll); driver 32.0.15.9186,false,2048,1129,assets/heightmaps/Hm_Terrain_Peking_513.png,547,547,80.000,12.000,20,0.250,0.100,200000,false,49,64,0.778,0.281,10.072,18.974,-57.119,0.385,299280,299280,2959,2959,433,2504,8835,0,0,0,0,0,0,0,0,0,0,0,0,0,0.000,0.035,0.032,0.000,0.000,0.000,0.000,0.000,0.000,0.000,0.000,0.000,0.000,0.000,0.000,0.000,0.000,0.000,0.000,0.000,0.000,0.000,0.000,0.000,0.000,0.000,0.204,0.252,0,428,0.051,0.016,0.013,0.001,20,1048576,2.050,Off,ModifiedOnly,1,74,72,72,72,2,false,299274,749302,2526,6309,3097,2889,2504,4983,4965,25,2479,2834,55,57,13,0.236,0.000,0.000,0.003,0.017,0.011,0.016,0.010,0.008,0.005,0.004,0.006,0.005,0.002,0.002,0.001,0.018,0.013,0.001,0.112
CBT 2024,cbt_2024_official_baseline_v1,Release,D3D12,NVIDIA GeForce RTX 5090 D,Direct3D 12 (feature level 12_0); requested Agility SDK 614; runtime 6.2.26100.8972 (C:\WINDOWS\SYSTEM32\D3D12Core.dll); driver 32.0.15.9186,false,2048,1129,assets/heightmaps/Hm_Terrain_Peking_513.png,547,547,80.000,12.000,20,0.250,0.100,200000,false,50,64,0.794,0.281,15.709,18.436,-55.832,0.373,297081,297081,3659,3659,456,3015,10495,0,0,0,0,0,0,0,0,0,0,0,0,0,0.000,0.034,0.031,0.000,0.000,0.000,0.000,0.000,0.000,0.000,0.000,0.000,0.000,0.000,0.000,0.000,0.000,0.000,0.000,0.000,0.000,0.000,0.000,0.000,0.000,0.000,0.217,0.255,0,428,0.051,0.016,0.015,0.002,20,1048576,2.050,Off,ModifiedOnly,1,75,73,73,73,2,false,297075,751501,3203,7292,3799,3589,3015,5998,5978,32,2983,3529,60,60,10,0.240,0.000,0.000,0.003,0.017,0.012,0.015,0.011,0.008,0.005,0.004,0.006,0.005,0.002,0.002,0.001,0.019,0.015,0.002,0.112
CBT 2024,cbt_2024_official_baseline_v1,Release,D3D12,NVIDIA GeForce RTX 5090 D,Direct3D 12 (feature level 12_0); requested Agility SDK 614; runtime 6.2.26100.8972 (C:\WINDOWS\SYSTEM32\D3D12Core.dll); driver 32.0.15.9186,false,2048,1129,assets/heightmaps/Hm_Terrain_Peking_513.png,547,547,80.000,12.000,20,0.250,0.100,200000,false,51,64,0.810,0.282,21.190,17.959,-53.991,0.383,294684,294684,3866,3866,414,3202,11462,0,0,0,0,0,0,0,0,0,0,0,0,0,0.000,0.034,0.031,0.000,0.000,0.000,0.000,0.000,0.000,0.000,0.000,0.000,0.000,0.000,0.000,0.000,0.000,0.000,0.000,0.000,0.000,0.000,0.000,0.000,0.000,0.000,0.218,0.255,0,428,0.052,0.016,0.015,0.001,20,1048576,2.050,Off,ModifiedOnly,1,76,74,74,74,2,false,294678,753898,3452,8010,3992,3802,3202,6389,6356,15,3187,3746,56,58,6,0.241,0.000,0.000,0.003,0.017,0.012,0.016,0.011,0.008,0.005,0.004,0.006,0.005,0.002,0.002,0.001,0.019,0.015,0.001,0.111
CBT 2024,cbt_2024_official_baseline_v1,Release,D3D12,NVIDIA GeForce RTX 5090 D,Direct3D 12 (feature level 12_0); requested Agility SDK 614; runtime 6.2.26100.8972 (C:\WINDOWS\SYSTEM32\D3D12Core.dll); driver 32.0.15.9186,false,2048,1129,assets/heightmaps/Hm_Terrain_Peking_513.png,547,547,80.000,12.000,20,0.250,0.100,200000,false,52,64,0.825,0.282,26.460,17.564,-51.613,0.383,291285,291285,3667,3667,429,3615,11899,0,0,0,0,0,0,0,0,0,0,0,0,0,0.000,0.036,0.033,0.000,0.000,0.000,0.000,0.000,0.000,0.000,0.000,0.000,0.000,0.000,0.000,0.000,0.000,0.000,0.000,0.000,0.000,0.000,0.000,0.000,0.000,0.000,0.416,0.456,0,428,0.051,0.016,0.016,0.001,20,1048576,2.050,Off,ModifiedOnly,1,77,75,75,75,2,false,291279,757297,3238,8661,3804,3599,3615,7203,7175,27,3588,3538,61,60,8,0.241,0.000,0.000,0.003,0.018,0.012,0.015,0.011,0.008,0.005,0.005,0.006,0.005,0.002,0.002,0.001,0.019,0.016,0.001,0.112
CBT 2024,cbt_2024_official_baseline_v1,Release,D3D12,NVIDIA GeForce RTX 5090 D,Direct3D 12 (feature level 12_0); requested Agility SDK 614; runtime 6.2.26100.8972 (C:\WINDOWS\SYSTEM32\D3D12Core.dll); driver 32.0.15.9186,false,2048,1129,assets/heightmaps/Hm_Terrain_Peking_513.png,547,547,80.000,12.000,20,0.250,0.100,200000,false,53,64,0.841,0.283,31.468,17.265,-48.722,0.619,289877,289877,4702,4702,397,3152,11938,0,0,0,0,0,0,0,0,0,0,0,0,0,0.000,0.035,0.032,0.000,0.000,0.000,0.000,0.000,0.000,0.000,0.000,0.000,0.000,0.000,0.000,0.000,0.000,0.000,0.000,0.000,0.000,0.000,0.000,0.000,0.000,0.000,0.280,0.259,0,428,0.055,0.016,0.016,0.001,20,1048576,2.050,Off,ModifiedOnly,1,78,76,76,76,2,false,289871,758705,4305,7633,4866,4619,3152,6274,6256,30,3122,4546,73,75,8,0.244,0.000,0.000,0.003,0.019,0.012,0.018,0.011,0.008,0.005,0.005,0.006,0.005,0.002,0.002,0.001,0.019,0.016,0.001,0.109
CBT 2024,cbt_2024_official_baseline_v1,Release,D3D12,NVIDIA GeForce RTX 5090 D,Direct3D 12 (feature level 12_0); requested Agility SDK 614; runtime 6.2.26100.8972 (C:\WINDOWS\SYSTEM32\D3D12Core.dll); driver 32.0.15.9186,false,2048,1129,assets/heightmaps/Hm_Terrain_Peking_513.png,547,547,80.000,12.000,20,0.250,0.100,200000,false,54,64,0.857,0.283,36.162,17.075,-45.346,0.448,287679,287679,4628,4628,443,3517,12372,0,0,0,0,0,0,0,0,0,0,0,0,0,0.000,0.034,0.031,0.000,0.000,0.000,0.000,0.000,0.000,0.000,0.000,0.000,0.000,0.000,0.000,0.000,0.000,0.000,0.000,0.000,0.000,0.000,0.000,0.000,0.000,0.000,0.218,0.254,0,428,0.052,0.016,0.017,0.002,20,1048576,2.050,Off,ModifiedOnly,1,79,77,77,77,2,false,287673,760903,4185,8187,4814,4533,3517,7012,6993,22,3495,4450,83,87,8,0.238,0.000,0.000,0.003,0.017,0.013,0.016,0.011,0.008,0.005,0.004,0.006,0.005,0.002,0.002,0.001,0.019,0.016,0.002,0.108
CBT 2024,cbt_2024_official_baseline_v1,Release,D3D12,NVIDIA GeForce RTX 5090 D,Direct3D 12 (feature level 12_0); requested Agility SDK 614; runtime 6.2.26100.8972 (C:\WINDOWS\SYSTEM32\D3D12Core.dll); driver 32.0.15.9186,false,2048,1129,assets/heightmaps/Hm_Terrain_Peking_513.png,547,547,80.000,12.000,20,0.250,0.100,200000,false,55,64,0.873,0.283,40.498,17.001,-41.520,0.383,288492,288492,5383,5383,566,2405,10761,0,0,0,0,0,0,0,0,0,0,0,0,0,0.000,0.034,0.031,0.000,0.000,0.000,0.000,0.000,0.000,0.000,0.000,0.000,0.000,0.000,0.000,0.000,0.000,0.000,0.000,0.000,0.000,0.000,0.000,0.000,0.000,0.000,0.209,0.248,0,428,0.054,0.015,0.016,0.002,20,1048576,2.050,Off,ModifiedOnly,1,80,78,78,78,2,false,288486,760090,4817,5944,5610,5269,2405,4797,4778,13,2392,5174,95,96,18,0.235,0.000,0.000,0.003,0.017,0.013,0.017,0.011,0.008,0.005,0.004,0.006,0.005,0.002,0.002,0.001,0.018,0.016,0.002,0.104
CBT 2024,cbt_2024_official_baseline_v1,Release,D3D12,NVIDIA GeForce RTX 5090 D,Direct3D 12 (feature level 12_0); requested Agility SDK 614; runtime 6.2.26100.8972 (C:\WINDOWS\SYSTEM32\D3D12Core.dll); driver 32.0.15.9186,false,2048,1129,assets/heightmaps/Hm_Terrain_Peking_513.png,547,547,80.000,12.000,20,0.250,0.100,200000,false,56,64,0.889,0.284,44.431,17.046,-37.282,0.374,289089,289089,6111,6111,627,2903,12344,0,0,0,0,0,0,0,0,0,0,0,0,0,0.000,0.033,0.030,0.000,0.000,0.000,0.000,0.000,0.000,0.000,0.000,0.000,0.000,0.000,0.000,0.000,0.000,0.000,0.000,0.000,0.000,0.000,0.000,0.000,0.000,0.000,0.210,0.251,0,428,0.053,0.016,0.018,0.002,20,1048576,2.050,Off,ModifiedOnly,1,81,79,79,79,2,false,289083,759493,5484,6860,6379,5977,2903,5782,5757,24,2879,5861,116,116,18,0.236,0.000,0.000,0.003,0.017,0.012,0.017,0.011,0.008,0.005,0.004,0.006,0.005,0.002,0.002,0.001,0.019,0.017,0.002,0.104
CBT 2024,cbt_2024_official_baseline_v1,Release,D3D12,NVIDIA GeForce RTX 5090 D,Direct3D 12 (feature level 12_0); requested Agility SDK 614; runtime 6.2.26100.8972 (C:\WINDOWS\SYSTEM32\D3D12Core.dll); driver 32.0.15.9186,false,2048,1129,assets/heightmaps/Hm_Terrain_Peking_513.png,547,547,80.000,12.000,20,0.250,0.100,200000,false,57,64,0.905,0.284,47.922,17.207,-32.673,0.377,291201,291201,6443,6443,643,2336,11552,0,0,0,0,0,0,0,0,0,0,0,0,0,0.000,0.034,0.031,0.000,0.000,0.000,0.000,0.000,0.000,0.000,0.000,0.000,0.000,0.000,0.000,0.000,0.000,0.000,0.000,0.000,0.000,0.000,0.000,0.000,0.000,0.000,0.210,0.248,0,428,0.052,0.015,0.018,0.001,20,1048576,2.050,Off,ModifiedOnly,1,82,80,80,80,2,false,291195,757381,5800,5752,6766,6281,2336,4654,4633,18,2318,6136,145,146,16,0.234,0.000,0.000,0.003,0.017,0.012,0.016,0.010,0.007,0.005,0.004,0.006,0.005,0.002,0.002,0.001,0.017,0.017,0.001,0.106
CBT 2024,cbt_2024_official_baseline_v1,Release,D3D12,NVIDIA GeForce RTX 5090 D,Direct3D 12 (feature level 12_0); requested Agility SDK 614; runtime 6.2.26100.8972 (C:\WINDOWS\SYSTEM32\D3D12Core.dll); driver 32.0.15.9186,false,2048,1129,assets/heightmaps/Hm_Terrain_Peking_513.png,547,547,80.000,12.000,20,0.250,0.100,200000,false,58,64,0.921,0.285,50.937,17.480,-27.739,0.376,292690,292690,5865,5865,438,2379,11225,0,0,0,0,0,0,0,0,0,0,0,0,0,0.000,0.034,0.031,0.000,0.000,0.000,0.000,0.000,0.000,0.000,0.000,0.000,0.000,0.000,0.000,0.000,0.000,0.000,0.000,0.000,0.000,0.000,0.000,0.000,0.000,0.000,0.219,0.251,0,428,0.053,0.016,0.019,0.001,20,1048576,2.050,Off,ModifiedOnly,1,83,81,81,81,2,false,292684,755892,5427,5798,6235,5679,2379,4746,4731,12,2367,5513,166,168,18,0.237,0.000,0.000,0.003,0.017,0.013,0.017,0.011,0.007,0.005,0.005,0.006,0.005,0.002,0.002,0.001,0.018,0.018,0.001,0.105
CBT 2024,cbt_2024_official_baseline_v1,Release,D3D12,NVIDIA GeForce RTX 5090 D,Direct3D 12 (feature level 12_0); requested Agility SDK 614; runtime 6.2.26100.8972 (C:\WINDOWS\SYSTEM32\D3D12Core.dll); driver 32.0.15.9186,false,2048,1129,assets/heightmaps/Hm_Terrain_Peking_513.png,547,547,80.000,12.000,20,0.250,0.100,200000,false,59,64,0.937,0.285,53.446,17.852,-22.529,0.384,292254,292254,4120,4120,335,2448,9737,0,0,0,0,0,0,0,0,0,0,0,0,0,0.000,0.034,0.031,0.000,0.000,0.000,0.000,0.000,0.000,0.000,0.000,0.000,0.000,0.000,0.000,0.000,0.000,0.000,0.000,0.000,0.000,0.000,0.000,0.000,0.000,0.000,0.209,0.251,0,428,0.054,0.015,0.015,0.002,20,1048576,2.050,Off,ModifiedOnly,1,84,82,82,82,2,false,292248,756328,3785,5952,4448,3956,2448,4884,4846,12,2436,3812,144,144,20,0.236,0.000,0.000,0.003,0.016,0.013,0.017,0.010,0.008,0.005,0.004,0.006,0.005,0.002,0.002,0.001,0.018,0.015,0.002,0.107
CBT 2024,cbt_2024_official_baseline_v1,Release,D3D12,NVIDIA GeForce RTX 5090 D,Direct3D 12 (feature level 12_0); requested Agility SDK 614; runtime 6.2.26100.8972 (C:\WINDOWS\SYSTEM32\D3D12Core.dll); driver 32.0.15.9186,false,2048,1129,assets/heightmaps/Hm_Terrain_Peking_513.png,547,547,80.000,12.000,20,0.250,0.100,200000,false,60,64,0.952,0.285,55.423,18.310,-17.096,0.373,290404,290404,3421,3421,361,2783,9606,0,0,0,0,0,0,0,0,0,0,0,0,0,0.000,0.034,0.032,0.000,0.000,0.000,0.000,0.000,0.000,0.000,0.000,0.000,0.000,0.000,0.000,0.000,0.000,0.000,0.000,0.000,0.000,0.000,0.000,0.000,0.000,0.000,0.201,0.245,0,428,0.051,0.016,0.014,0.001,20,1048576,2.050,Off,ModifiedOnly,1,85,83,83,83,2,false,290398,758178,3060,6546,3686,3288,2783,5536,5527,30,2753,3170,118,119,14,0.230,0.000,0.000,0.003,0.017,0.012,0.015,0.011,0.008,0.005,0.004,0.006,0.005,0.002,0.002,0.002,0.018,0.014,0.001,0.106
CBT 2024,cbt_2024_official_baseline_v1,Release,D3D12,NVIDIA GeForce RTX 5090 D,Direct3D 12 (feature level 12_0); requested Agility SDK 614; runtime 6.2.26100.8972 (C:\WINDOWS\SYSTEM32\D3D12Core.dll); driver 32.0.15.9186,false,2048,1129,assets/heightmaps/Hm_Terrain_Peking_513.png,547,547,80.000,12.000,20,0.250,0.100,200000,false,61,64,0.968,0.286,56.850,18.835,-11.492,0.366,291622,291622,4319,4319,441,1671,8184,0,0,0,0,0,0,0,0,0,0,0,0,0,0.000,0.034,0.032,0.000,0.000,0.000,0.000,0.000,0.000,0.000,0.000,0.000,0.000,0.000,0.000,0.000,0.000,0.000,0.000,0.000,0.000,0.000,0.000,0.000,0.000,0.000,0.208,0.246,0,428,0.051,0.015,0.014,0.001,20,1048576,2.050,Off,ModifiedOnly,1,86,84,84,84,2,false,291616,756960,3878,4306,4550,4202,1671,3332,3311,10,1661,4108,94,97,20,0.231,0.000,0.000,0.003,0.016,0.012,0.016,0.010,0.008,0.005,0.004,0.006,0.005,0.002,0.002,0.001,0.017,0.013,0.001,0.108
CBT 2024,cbt_2024_official_baseline_v1,Release,D3D12,NVIDIA GeForce RTX 5090 D,Direct3D 12 (feature level 12_0); requested Agility SDK 614; runtime 6.2.26100.8972 (C:\WINDOWS\SYSTEM32\D3D12Core.dll); driver 32.0.15.9186,false,2048,1129,assets/heightmaps/Hm_Terrain_Peking_513.png,547,547,80.000,12.000,20,0.250,0.100,200000,false,62,64,0.984,0.286,57.712,19.406,-5.775,0.387,292094,292094,4200,4200,455,1967,8585,0,0,0,0,0,0,0,0,0,0,0,0,0,0.000,0.034,0.032,0.000,0.000,0.000,0.000,0.000,0.000,0.000,0.000,0.000,0.000,0.000,0.000,0.000,0.000,0.000,0.000,0.000,0.000,0.000,0.000,0.000,0.000,0.000,0.190,0.249,0,428,0.051,0.016,0.013,0.001,20,1048576,2.050,Off,ModifiedOnly,1,87,85,85,85,2,false,292088,756488,3745,4840,4372,4114,1967,3900,3882,34,1933,4045,69,69,17,0.233,0.000,0.000,0.003,0.016,0.013,0.015,0.010,0.008,0.005,0.004,0.006,0.005,0.002,0.002,0.001,0.017,0.013,0.001,0.109
CBT 2024,cbt_2024_official_baseline_v1,Release,D3D12,NVIDIA GeForce RTX 5090 D,Direct3D 12 (feature level 12_0); requested Agility SDK 614; runtime 6.2.26100.8972 (C:\WINDOWS\SYSTEM32\D3D12Core.dll); driver 32.0.15.9186,false,2048,1129,assets/heightmaps/Hm_Terrain_Peking_513.png,547,547,80.000,12.000,20,0.250,0.100,200000,false,63,64,1.000,0.286,58.000,20.000,0.000,0.357,293937,293937,5471,5471,572,1902,9676,0,0,0,0,0,0,0,0,0,0,0,0,0,0.000,0.033,0.031,0.000,0.000,0.000,0.000,0.000,0.000,0.000,0.000,0.000,0.000,0.000,0.000,0.000,0.000,0.000,0.000,0.000,0.000,0.000,0.000,0.000,0.000,0.000,0.206,0.254,0,428,0.053,0.015,0.015,0.001,20,1048576,2.050,Off,ModifiedOnly,1,88,86,86,86,2,false,293931,754645,4899,4777,5622,5396,1902,3779,3762,25,1877,5344,52,51,24,0.240,0.000,0.000,0.003,0.016,0.013,0.017,0.010,0.008,0.005,0.004,0.006,0.005,0.002,0.002,0.001,0.018,0.015,0.001,0.112
