algorithm,algorithmKey,buildConfiguration,graphicsBackend,graphicsAdapter,graphicsVersion,vSyncEnabled,drawableWidth,drawableHeight,heightMapPath,heightMapWidth,heightMapHeight,terrainSize,heightScale,maxDepthSetting,screenSpaceSplitThresholdPixels,screenSpaceMergeThresholdPixels,triangleBudget,dodParallelSplitEnabled,pathSampleIndex,pathSampleCount,pathProgress,timeSeconds,cameraX,cameraY,cameraZ,frameMilliseconds,triangles,nodes,activeSplits,splits,forcedSplits,merges,candidatePeak,persistentSplitQueueSize,persistentMergeQueueSize,queueCrossoverCount,queueMembershipUpdateCount,cpuMeshFullRebuildCount,cpuMeshUpdatedTriangleCount,cpuMeshReusedTriangleCount,cpuMeshDirtyRangeCount,budgetRejectedSplits,tjunctions,invalidNeighbors,invalidTopology,cpuWorkers,cpuUtilizationPercent,lodTotalMilliseconds,cpuUpdateMilliseconds,cpuPrepareMilliseconds,cpuMergeCandidateMarkMilliseconds,cpuMergeTopologyMilliseconds,cpuBudgetLeafCollectMilliseconds,cpuErrorEvalMilliseconds,cpuSplitCandidateMarkMilliseconds,cpuSplitTopologyMilliseconds,cpuSplitTopologyChunkBuildMilliseconds,cpuSplitTopologyQueueInvalidationMilliseconds,cpuSplitTopologyParallelCommitMilliseconds,cpuSplitTopologyResultMergeMilliseconds,cpuSplitTopologyIndexQueueRefreshMilliseconds,cpuSplitTopologySerialConvergenceMilliseconds,cpuMergeTopologyChunkBuildMilliseconds,cpuMergeTopologyQueueInvalidationMilliseconds,cpuMergeTopologyParallelCommitMilliseconds,cpuMergeTopologyResultMergeMilliseconds,cpuMergeTopologyIndexQueueRefreshMilliseconds,cpuMergeTopologySerialConvergenceMilliseconds,cpuFinalLeafCollectMilliseconds,cpuMeshEmitMilliseconds,cpuFinalizeMilliseconds,cpuUploadMilliseconds,frameFenceWaitMilliseconds,renderMilliseconds,cpuGpuUploadBytes,cpuGpuReadbackBytes,splitMilliseconds,mergeMilliseconds,emitMilliseconds,validateMilliseconds,maxDepthReached,cbtCapacity,cbtTriangleAreaPixels,cbtValidationMode,cbtGeometryMode,cbtResourceGeneration,cbtTopologyGeneration,cbtDiagnosticSampleGeneration,cbtGpuTimingSampleGeneration,cbtTerrainRenderSampleGeneration,cbtDiagnosticSampleAge,cbtDiagnosticSampleDropped,cbtActiveDynamicSlots,cbtRemainingDynamicSlots,cbtSplitCandidates,cbtSimplifyCandidates,cbtCommittedSlots,cbtSplitPropagation,cbtPreparedSimplification,cbtReleasedSlots,cbtSimplifyPropagation,cbtPairMerges,cbtQuadMerges,cbtTemplateCenter,cbtTemplateRight,cbtTemplateLeft,cbtTemplateTriple,cbtGpuStageSumMilliseconds,cbtBlockingValidationWaitMilliseconds,cbtGpuclassificationGeometryMilliseconds,cbtGpuresetMilliseconds,cbtGpuclassifyMilliseconds,cbtGpusplitMilliseconds,cbtGpuallocateMilliseconds,cbtGpuneighborCopyMilliseconds,cbtGpubisectMilliseconds,cbtGpupropagateBisectMilliseconds,cbtGpuprepareSimplifyMilliseconds,cbtGpusimplifyMilliseconds,cbtGpupropagateSimplifyMilliseconds,cbtGpureducePreMilliseconds,cbtGpureduceFirstMilliseconds,cbtGpureduceSecondMilliseconds,cbtGpuindexationMilliseconds,cbtGpurenderGeometryMilliseconds,cbtGpuvalidationMilliseconds,cbtGputerrainRenderMilliseconds
Classic CPU ROAM,classic_cpu_roam,Release,D3D12,NVIDIA GeForce RTX 5090 D,Direct3D 12 (feature level 12_0); requested Agility SDK 614; runtime 6.2.26100.8972 (C:\WINDOWS\SYSTEM32\D3D12Core.dll); driver 32.0.15.9186,false,1280,720,assets/heightmaps/Hm_Terrain_Peking_513.png,547,547,80.000,12.000,20,0.250,0.100,200000,false,0,64,0.000,0.000,58.000,20.000,0.000,125.619,200000,400000,199998,1,0,1,233559,200000,33559,1,13,0,7,199993,6,796,0,0,0,1,95.309,131.165,131.150,2.534,13.329,0.006,0.000,0.000,44.464,0.174,0.000,0.000,0.000,0.000,0.000,0.174,0.000,0.000,0.000,0.000,0.000,0.000,0.000,0.918,69.722,0.005,0.000,0.053,1176,0,44.639,13.335,0.918,0.000,20,0,0.000,Off,ModifiedOnly,0,0,0,0,0,0,false,0,0,0,0,0,0,0,0,0,0,0,0,0,0,0,0.000,0.000,0.000,0.000,0.000,0.000,0.000,0.000,0.000,0.000,0.000,0.000,0.000,0.000,0.000,0.000,0.000,0.000,0.000,0.000
Classic CPU ROAM,classic_cpu_roam,Release,D3D12,NVIDIA GeForce RTX 5090 D,Direct3D 12 (feature level 12_0); requested Agility SDK 614; runtime 6.2.26100.8972 (C:\WINDOWS\SYSTEM32\D3D12Core.dll); driver 32.0.15.9186,false,1280,720,assets/heightmaps/Hm_Terrain_Peking_513.png,547,547,80.000,12.000,20,0.250,0.100,200000,false,1,64,0.016,0.132,57.712,20.594,5.775,131.537,200000,427218,199998,13610,6871,13610,233748,200000,33615,5943,158530,0,43394,156606,13047,4214,0,0,0,1,103.410,183.009,181.218,2.900,15.402,17.215,0.000,0.000,51.430,27.164,0.000,0.000,0.000,0.000,0.000,27.164,0.000,0.000,0.000,0.000,0.000,0.000,0.000,18.334,48.772,1.668,0.000,0.053,7290192,0,78.594,32.617,18.334,0.000,20,0,0.000,Off,ModifiedOnly,0,0,0,0,0,0,false,0,0,0,0,0,0,0,0,0,0,0,0,0,0,0,0.000,0.000,0.000,0.000,0.000,0.000,0.000,0.000,0.000,0.000,0.000,0.000,0.000,0.000,0.000,0.000,0.000,0.000,0.000,0.000
Classic CPU ROAM,classic_cpu_roam,Release,D3D12,NVIDIA GeForce RTX 5090 D,Direct3D 12 (feature level 12_0); requested Agility SDK 614; runtime 6.2.26100.8972 (C:\WINDOWS\SYSTEM32\D3D12Core.dll); driver 32.0.15.9186,false,1280,720,assets/heightmaps/Hm_Terrain_Peking_513.png,547,547,80.000,12.000,20,0.250,0.100,200000,false,2,64,0.032,0.315,56.850,21.165,11.492,183.389,200000,455332,199998,14461,7346,14461,233842,200000,33715,4236,171124,0,75618,124382,18060,3417,0,0,0,1,93.268,186.930,184.150,3.077,13.117,15.024,0.000,0.000,48.170,29.642,0.000,0.000,0.000,0.000,0.000,29.642,0.000,0.000,0.000,0.000,0.000,0.000,0.000,25.250,49.870,2.626,0.000,0.053,12787656,0,77.813,28.140,25.250,0.000,20,0,0.000,Off,ModifiedOnly,0,0,0,0,0,0,false,0,0,0,0,0,0,0,0,0,0,0,0,0,0,0,0.000,0.000,0.000,0.000,0.000,0.000,0.000,0.000,0.000,0.000,0.000,0.000,0.000,0.000,0.000,0.000,0.000,0.000,0.000,0.000
Classic CPU ROAM,classic_cpu_roam,Release,D3D12,NVIDIA GeForce RTX 5090 D,Direct3D 12 (feature level 12_0); requested Agility SDK 614; runtime 6.2.26100.8972 (C:\WINDOWS\SYSTEM32\D3D12Core.dll); driver 32.0.15.9186,false,1280,720,assets/heightmaps/Hm_Terrain_Peking_513.png,547,547,80.000,12.000,20,0.250,0.100,200000,false,3,64,0.048,0.502,55.423,21.690,17.096,187.298,200000,484580,199998,15341,7854,15341,234092,200000,33927,3881,183466,0,79337,120663,19274,2345,0,0,0,1,100.319,191.163,186.744,2.431,14.868,16.170,0.000,0.000,45.293,33.819,0.000,0.000,0.000,0.000,0.000,33.819,0.000,0.000,0.000,0.000,0.000,0.000,0.000,26.536,47.627,4.223,0.000,0.054,17876208,0,79.112,31.038,26.536,0.000,20,0,0.000,Off,ModifiedOnly,0,0,0,0,0,0,false,0,0,0,0,0,0,0,0,0,0,0,0,0,0,0,0.000,0.000,0.000,0.000,0.000,0.000,0.000,0.000,0.000,0.000,0.000,0.000,0.000,0.000,0.000,0.000,0.000,0.000,0.000,0.000
Classic CPU ROAM,classic_cpu_roam,Release,D3D12,NVIDIA GeForce RTX 5090 D,Direct3D 12 (feature level 12_0); requested Agility SDK 614; runtime 6.2.26100.8972 (C:\WINDOWS\SYSTEM32\D3D12Core.dll); driver 32.0.15.9186,false,1280,720,assets/heightmaps/Hm_Terrain_Peking_513.png,547,547,80.000,12.000,20,0.250,0.100,200000,false,4,64,0.063,0.694,53.446,22.148,22.529,191.528,200000,515876,199998,16557,8422,16557,234322,200000,34140,4242,200383,0,82841,117159,19314,2090,0,0,0,1,99.337,192.827,188.647,2.980,14.028,17.701,0.000,0.000,45.073,36.735,0.000,0.000,0.000,0.000,0.000,36.735,0.000,0.000,0.000,0.000,0.000,0.000,0.000,25.018,47.111,4.047,0.000,0.053,18675552,0,81.808,31.729,25.018,0.000,20,0,0.000,Off,ModifiedOnly,0,0,0,0,0,0,false,0,0,0,0,0,0,0,0,0,0,0,0,0,0,0,0.000,0.000,0.000,0.000,0.000,0.000,0.000,0.000,0.000,0.000,0.000,0.000,0.000,0.000,0.000,0.000,0.000,0.000,0.000,0.000
Classic CPU ROAM,classic_cpu_roam,Release,D3D12,NVIDIA GeForce RTX 5090 D,Direct3D 12 (feature level 12_0); requested Agility SDK 614; runtime 6.2.26100.8972 (C:\WINDOWS\SYSTEM32\D3D12Core.dll); driver 32.0.15.9186,false,1280,720,assets/heightmaps/Hm_Terrain_Peking_513.png,547,547,80.000,12.000,20,0.250,0.100,200000,false,5,64,0.079,0.887,50.937,22.520,27.739,193.329,200000,545954,199998,16443,8347,16443,234477,200000,34173,3967,195671,0,83013,116987,20690,1110,0,0,0,1,104.388,199.129,194.429,2.474,15.462,18.830,0.000,0.000,46.242,36.760,0.000,0.000,0.000,0.000,0.000,36.760,0.000,0.000,0.000,0.000,0.000,0.000,0.000,27.053,47.608,4.505,0.000,0.054,18595752,0,83.002,34.291,27.053,0.000,20,0,0.000,Off,ModifiedOnly,0,0,0,0,0,0,false,0,0,0,0,0,0,0,0,0,0,0,0,0,0,0,0.000,0.000,0.000,0.000,0.000,0.000,0.000,0.000,0.000,0.000,0.000,0.000,0.000,0.000,0.000,0.000,0.000,0.000,0.000,0.000
Classic CPU ROAM,classic_cpu_roam,Release,D3D12,NVIDIA GeForce RTX 5090 D,Direct3D 12 (feature level 12_0); requested Agility SDK 614; runtime 6.2.26100.8972 (C:\WINDOWS\SYSTEM32\D3D12Core.dll); driver 32.0.15.9186,false,1280,720,assets/heightmaps/Hm_Terrain_Peking_513.png,547,547,80.000,12.000,20,0.250,0.100,200000,false,6,64,0.095,1.087,47.922,22.793,32.673,199.545,200000,573734,199998,15473,7848,15473,234509,200000,34107,4324,183782,0,82606,117394,21542,2455,0,0,0,1,101.782,203.995,199.380,2.589,15.369,18.497,0.000,0.000,48.835,34.857,0.000,0.000,0.000,0.000,0.000,34.857,0.000,0.000,0.000,0.000,0.000,0.000,0.000,30.878,48.353,4.383,0.000,0.054,18438504,0,83.693,33.866,30.878,0.000,20,0,0.000,Off,ModifiedOnly,0,0,0,0,0,0,false,0,0,0,0,0,0,0,0,0,0,0,0,0,0,0,0.000,0.000,0.000,0.000,0.000,0.000,0.000,0.000,0.000,0.000,0.000,0.000,0.000,0.000,0.000,0.000,0.000,0.000,0.000,0.000
Classic CPU ROAM,classic_cpu_roam,Release,D3D12,NVIDIA GeForce RTX 5090 D,Direct3D 12 (feature level 12_0); requested Agility SDK 614; runtime 6.2.26100.8972 (C:\WINDOWS\SYSTEM32\D3D12Core.dll); driver 32.0.15.9186,false,1280,720,assets/heightmaps/Hm_Terrain_Peking_513.png,547,547,80.000,12.000,20,0.250,0.100,200000,false,7,64,0.111,1.291,44.431,22.954,37.282,204.422,200000,601084,199998,15848,8037,15848,234498,200000,34174,5324,189925,0,83549,116451,22302,1978,0,0,0,1,99.598,192.833,188.124,10.620,13.602,16.906,0.000,0.000,46.116,30.776,0.000,0.000,0.000,0.000,0.000,30.776,0.000,0.000,0.000,0.000,0.000,0.000,0.000,22.497,47.606,4.546,0.000,0.054,18807936,0,76.892,30.508,22.497,0.000,20,0,0.000,Off,ModifiedOnly,0,0,0,0,0,0,false,0,0,0,0,0,0,0,0,0,0,0,0,0,0,0,0.000,0.000,0.000,0.000,0.000,0.000,0.000,0.000,0.000,0.000,0.000,0.000,0.000,0.000,0.000,0.000,0.000,0.000,0.000,0.000
Classic CPU ROAM,classic_cpu_roam,Release,D3D12,NVIDIA GeForce RTX 5090 D,Direct3D 12 (feature level 12_0); requested Agility SDK 614; runtime 6.2.26100.8972 (C:\WINDOWS\SYSTEM32\D3D12Core.dll); driver 32.0.15.9186,false,1280,720,assets/heightmaps/Hm_Terrain_Peking_513.png,547,547,80.000,12.000,20,0.250,0.100,200000,false,8,64,0.127,1.484,40.498,22.999,41.520,193.301,200000,627902,199998,16041,8141,16041,234356,200000,34197,6160,186703,0,85734,114266,23294,3283,0,0,0,1,100.906,205.737,201.128,3.159,15.290,20.428,0.000,0.000,49.231,34.034,0.000,0.000,0.000,0.000,0.000,34.034,0.000,0.000,0.000,0.000,0.000,0.000,0.000,27.623,51.361,4.398,0.000,0.054,19141920,0,83.265,35.718,27.623,0.000,20,0,0.000,Off,ModifiedOnly,0,0,0,0,0,0,false,0,0,0,0,0,0,0,0,0,0,0,0,0,0,0,0.000,0.000,0.000,0.000,0.000,0.000,0.000,0.000,0.000,0.000,0.000,0.000,0.000,0.000,0.000,0.000,0.000,0.000,0.000,0.000
Classic CPU ROAM,classic_cpu_roam,Release,D3D12,NVIDIA GeForce RTX 5090 D,Direct3D 12 (feature level 12_0); requested Agility SDK 614; runtime 6.2.26100.8972 (C:\WINDOWS\SYSTEM32\D3D12Core.dll); driver 32.0.15.9186,false,1280,720,assets/heightmaps/Hm_Terrain_Peking_513.png,547,547,80.000,12.000,20,0.250,0.100,200000,false,9,64,0.143,1.690,36.162,22.925,45.346,206.145,200000,654594,199998,16361,8241,16361,234311,200000,34044,6795,189921,0,86963,113037,23993,4015,0,0,0,1,95.956,200.033,195.239,2.987,15.015,21.699,0.000,0.000,41.433,34.380,0.000,0.000,0.000,0.000,0.000,34.380,0.000,0.000,0.000,0.000,0.000,0.000,0.000,29.256,50.468,4.586,0.000,0.055,19666416,0,75.813,36.714,29.256,0.000,20,0,0.000,Off,ModifiedOnly,0,0,0,0,0,0,false,0,0,0,0,0,0,0,0,0,0,0,0,0,0,0,0.000,0.000,0.000,0.000,0.000,0.000,0.000,0.000,0.000,0.000,0.000,0.000,0.000,0.000,0.000,0.000,0.000,0.000,0.000,0.000
Classic CPU ROAM,classic_cpu_roam,Release,D3D12,NVIDIA GeForce RTX 5090 D,Direct3D 12 (feature level 12_0); requested Agility SDK 614; runtime 6.2.26100.8972 (C:\WINDOWS\SYSTEM32\D3D12Core.dll); driver 32.0.15.9186,false,1280,720,assets/heightmaps/Hm_Terrain_Peking_513.png,547,547,80.000,12.000,20,0.250,0.100,200000,false,10,64,0.159,1.891,31.468,22.735,48.722,200.412,200000,678674,199998,15540,7903,15540,234064,200000,33859,6816,182869,0,86172,113828,24341,3381,0,0,0,1,97.722,197.673,191.654,3.138,13.948,20.951,0.000,0.000,43.150,33.160,0.000,0.000,0.000,0.000,0.000,33.160,0.000,0.000,0.000,0.000,0.000,0.000,0.000,27.256,50.052,5.760,0.000,0.054,19581408,0,76.310,34.898,27.256,0.000,20,0,0.000,Off,ModifiedOnly,0,0,0,0,0,0,false,0,0,0,0,0,0,0,0,0,0,0,0,0,0,0,0.000,0.000,0.000,0.000,0.000,0.000,0.000,0.000,0.000,0.000,0.000,0.000,0.000,0.000,0.000,0.000,0.000,0.000,0.000,0.000
Classic CPU ROAM,classic_cpu_roam,Release,D3D12,NVIDIA GeForce RTX 5090 D,Direct3D 12 (feature level 12_0); requested Agility SDK 614; runtime 6.2.26100.8972 (C:\WINDOWS\SYSTEM32\D3D12Core.dll); driver 32.0.15.9186,false,1280,720,assets/heightmaps/Hm_Terrain_Peking_513.png,547,547,80.000,12.000,20,0.250,0.100,200000,false,11,64,0.175,2.089,26.460,22.436,51.613,198.240,200000,700598,199998,14497,7420,14497,233892,200000,33757,5778,170854,0,84744,115256,24627,2149,0,0,0,1,97.299,197.760,192.530,2.926,15.619,19.044,0.000,0.000,48.824,33.028,0.000,0.000,0.000,0.000,0.000,33.028,0.000,0.000,0.000,0.000,0.000,0.000,0.000,24.666,48.424,5.014,0.000,0.054,19451208,0,81.851,34.663,24.666,0.000,20,0,0.000,Off,ModifiedOnly,0,0,0,0,0,0,false,0,0,0,0,0,0,0,0,0,0,0,0,0,0,0,0.000,0.000,0.000,0.000,0.000,0.000,0.000,0.000,0.000,0.000,0.000,0.000,0.000,0.000,0.000,0.000,0.000,0.000,0.000,0.000
Classic CPU ROAM,classic_cpu_roam,Release,D3D12,NVIDIA GeForce RTX 5090 D,Direct3D 12 (feature level 12_0); requested Agility SDK 614; runtime 6.2.26100.8972 (C:\WINDOWS\SYSTEM32\D3D12Core.dll); driver 32.0.15.9186,false,1280,720,assets/heightmaps/Hm_Terrain_Peking_513.png,547,547,80.000,12.000,20,0.250,0.100,200000,false,12,64,0.190,2.287,21.190,22.041,53.991,198.135,200000,721738,199998,14366,7329,14366,233943,200000,33694,5388,170215,0,80370,119630,24464,2583,0,0,0,1,94.484,186.644,181.762,2.574,15.645,17.289,0.000,0.000,45.865,29.602,0.000,0.000,0.000,0.000,0.000,29.602,0.000,0.000,0.000,0.000,0.000,0.000,0.000,23.220,47.566,4.701,0.000,0.055,19049016,0,75.467,32.934,23.220,0.000,20,0,0.000,Off,ModifiedOnly,0,0,0,0,0,0,false,0,0,0,0,0,0,0,0,0,0,0,0,0,0,0,0.000,0.000,0.000,0.000,0.000,0.000,0.000,0.000,0.000,0.000,0.000,0.000,0.000,0.000,0.000,0.000,0.000,0.000,0.000,0.000
Classic CPU ROAM,classic_cpu_roam,Release,D3D12,NVIDIA GeForce RTX 5090 D,Direct3D 12 (feature level 12_0); requested Agility SDK 614; runtime 6.2.26100.8972 (C:\WINDOWS\SYSTEM32\D3D12Core.dll); driver 32.0.15.9186,false,1280,720,assets/heightmaps/Hm_Terrain_Peking_513.png,547,547,80.000,12.000,20,0.250,0.100,200000,false,13,64,0.206,2.474,15.709,21.564,55.832,187.029,200000,745076,199998,15353,7804,15353,233853,200000,33627,5584,178533,0,82510,117490,25224,2689,0,0,0,1,96.797,199.294,193.522,2.939,14.982,19.886,0.000,0.000,47.077,33.165,0.000,0.000,0.000,0.000,0.000,33.165,0.000,0.000,0.000,0.000,0.000,0.000,0.000,25.657,49.815,5.546,0.000,0.054,18615408,0,80.242,34.868,25.657,0.000,20,0,0.000,Off,ModifiedOnly,0,0,0,0,0,0,false,0,0,0,0,0,0,0,0,0,0,0,0,0,0,0,0.000,0.000,0.000,0.000,0.000,0.000,0.000,0.000,0.000,0.000,0.000,0.000,0.000,0.000,0.000,0.000,0.000,0.000,0.000,0.000
Classic CPU ROAM,classic_cpu_roam,Release,D3D12,NVIDIA GeForce RTX 5090 D,Direct3D 12 (feature level 12_0); requested Agility SDK 614; runtime 6.2.26100.8972 (C:\WINDOWS\SYSTEM32\D3D12Core.dll); driver 32.0.15.9186,false,1280,720,assets/heightmaps/Hm_Terrain_Peking_513.png,547,547,80.000,12.000,20,0.250,0.100,200000,false,14,64,0.222,2.674,10.072,21.026,57.119,199.743,200000,770362,199998,16206,8304,16206,233908,200000,33565,5787,188492,0,86191,113809,25704,3054,0,0,0,1,92.654,207.248,202.183,3.015,16.031,21.280,0.000,0.000,48.517,35.145,0.000,0.000,0.000,0.000,0.000,35.145,0.000,0.000,0.000,0.000,0.000,0.000,0.000,27.426,50.769,4.839,0.000,0.055,19273464,0,83.662,37.311,27.426,0.000,20,0,0.000,Off,ModifiedOnly,0,0,0,0,0,0,false,0,0,0,0,0,0,0,0,0,0,0,0,0,0,0,0.000,0.000,0.000,0.000,0.000,0.000,0.000,0.000,0.000,0.000,0.000,0.000,0.000,0.000,0.000,0.000,0.000,0.000,0.000,0.000
Classic CPU ROAM,classic_cpu_roam,Release,D3D12,NVIDIA GeForce RTX 5090 D,Direct3D 12 (feature level 12_0); requested Agility SDK 614; runtime 6.2.26100.8972 (C:\WINDOWS\SYSTEM32\D3D12Core.dll); driver 32.0.15.9186,false,1280,720,assets/heightmaps/Hm_Terrain_Peking_513.png,547,547,80.000,12.000,20,0.250,0.100,200000,false,15,64,0.238,2.882,4.334,20.447,57.838,207.662,200000,795986,199998,16399,8303,16399,233659,200000,33433,5579,189692,0,85941,114059,25523,3387,0,0,0,1,100.326,208.262,202.275,3.041,15.623,20.827,0.000,0.000,49.675,33.086,0.000,0.000,0.000,0.000,0.000,33.086,0.000,0.000,0.000,0.000,0.000,0.000,0.000,28.567,51.455,5.756,0.000,0.055,19385016,0,82.761,36.450,28.567,0.000,20,0,0.000,Off,ModifiedOnly,0,0,0,0,0,0,false,0,0,0,0,0,0,0,0,0,0,0,0,0,0,0,0.000,0.000,0.000,0.000,0.000,0.000,0.000,0.000,0.000,0.000,0.000,0.000,0.000,0.000,0.000,0.000,0.000,0.000,0.000,0.000
Classic CPU ROAM,classic_cpu_roam,Release,D3D12,NVIDIA GeForce RTX 5090 D,Direct3D 12 (feature level 12_0); requested Agility SDK 614; runtime 6.2.26100.8972 (C:\WINDOWS\SYSTEM32\D3D12Core.dll); driver 32.0.15.9186,false,1280,720,assets/heightmaps/Hm_Terrain_Peking_513.png,547,547,80.000,12.000,20,0.250,0.100,200000,false,16,64,0.254,3.090,-1.446,19.850,57.982,208.656,200000,822450,199998,15856,7931,15856,233705,200000,33504,5256,187341,0,83319,116681,25299,2434,0,0,0,1,104.784,199.570,193.660,4.780,15.417,19.290,0.000,0.000,47.111,31.617,0.000,0.000,0.000,0.000,0.000,31.617,0.000,0.000,0.000,0.000,0.000,0.000,0.000,26.558,48.886,5.674,0.000,0.055,18809784,0,78.727,34.707,26.558,0.000,20,0,0.000,Off,ModifiedOnly,0,0,0,0,0,0,false,0,0,0,0,0,0,0,0,0,0,0,0,0,0,0,0.000,0.000,0.000,0.000,0.000,0.000,0.000,0.000,0.000,0.000,0.000,0.000,0.000,0.000,0.000,0.000,0.000,0.000,0.000,0.000
Classic CPU ROAM,classic_cpu_roam,Release,D3D12,NVIDIA GeForce RTX 5090 D,Direct3D 12 (feature level 12_0); requested Agility SDK 614; runtime 6.2.26100.8972 (C:\WINDOWS\SYSTEM32\D3D12Core.dll); driver 32.0.15.9186,false,1280,720,assets/heightmaps/Hm_Terrain_Peking_513.png,547,547,80.000,12.000,20,0.250,0.100,200000,false,17,64,0.270,3.290,-7.212,19.260,57.550,200.076,200000,847026,199998,14299,7231,14299,233572,200000,33442,5127,167228,0,78584,121416,25065,2484,0,0,0,1,104.527,200.116,194.145,2.862,15.109,19.355,0.000,0.000,49.365,32.075,0.000,0.000,0.000,0.000,0.000,32.075,0.000,0.000,0.000,0.000,0.000,0.000,0.000,25.407,49.971,5.742,0.000,0.055,18466224,0,81.440,34.464,25.407,0.000,20,0,0.000,Off,ModifiedOnly,0,0,0,0,0,0,false,0,0,0,0,0,0,0,0,0,0,0,0,0,0,0,0.000,0.000,0.000,0.000,0.000,0.000,0.000,0.000,0.000,0.000,0.000,0.000,0.000,0.000,0.000,0.000,0.000,0.000,0.000,0.000
Classic CPU ROAM,classic_cpu_roam,Release,D3D12,NVIDIA GeForce RTX 5090 D,Direct3D 12 (feature level 12_0); requested Agility SDK 614; runtime 6.2.26100.8972 (C:\WINDOWS\SYSTEM32\D3D12Core.dll); driver 32.0.15.9186,false,1280,720,assets/heightmaps/Hm_Terrain_Peking_513.png,547,547,80.000,12.000,20,0.250,0.100,200000,false,18,64,0.286,3.491,-12.906,18.698,56.546,200.531,200000,871614,199998,14982,7663,14982,233779,200000,33658,4708,176364,0,78061,121939,25341,2845,0,0,0,1,102.351,203.611,198.131,2.920,15.409,18.595,0.000,0.000,49.601,32.635,0.000,0.000,0.000,0.000,0.000,32.635,0.000,0.000,0.000,0.000,0.000,0.000,0.000,25.914,53.055,5.120,0.000,0.055,18065376,0,82.236,34.005,25.914,0.000,20,0,0.000,Off,ModifiedOnly,0,0,0,0,0,0,false,0,0,0,0,0,0,0,0,0,0,0,0,0,0,0,0.000,0.000,0.000,0.000,0.000,0.000,0.000,0.000,0.000,0.000,0.000,0.000,0.000,0.000,0.000,0.000,0.000,0.000,0.000,0.000
Classic CPU ROAM,classic_cpu_roam,Release,D3D12,NVIDIA GeForce RTX 5090 D,Direct3D 12 (feature level 12_0); requested Agility SDK 614; runtime 6.2.26100.8972 (C:\WINDOWS\SYSTEM32\D3D12Core.dll); driver 32.0.15.9186,false,1280,720,assets/heightmaps/Hm_Terrain_Peking_513.png,547,547,80.000,12.000,20,0.250,0.100,200000,false,19,64,0.302,3.695,-18.472,18.189,54.980,204.094,200000,899698,199998,17923,9200,17923,233769,200000,33508,4576,207446,0,82011,117989,25290,2650,0,0,0,1,97.972,212.674,207.180,3.241,14.169,21.997,0.000,0.000,49.641,37.906,0.000,0.000,0.000,0.000,0.000,37.906,0.000,0.000,0.000,0.000,0.000,0.000,0.000,30.010,50.215,5.312,0.000,0.055,18598440,0,87.547,36.166,30.010,0.000,20,0,0.000,Off,ModifiedOnly,0,0,0,0,0,0,false,0,0,0,0,0,0,0,0,0,0,0,0,0,0,0,0.000,0.000,0.000,0.000,0.000,0.000,0.000,0.000,0.000,0.000,0.000,0.000,0.000,0.000,0.000,0.000,0.000,0.000,0.000,0.000
Classic CPU ROAM,classic_cpu_roam,Release,D3D12,NVIDIA GeForce RTX 5090 D,Direct3D 12 (feature level 12_0); requested Agility SDK 614; runtime 6.2.26100.8972 (C:\WINDOWS\SYSTEM32\D3D12Core.dll); driver 32.0.15.9186,false,1280,720,assets/heightmaps/Hm_Terrain_Peking_513.png,547,547,80.000,12.000,20,0.250,0.100,200000,false,20,64,0.317,3.908,-23.855,17.751,52.867,213.082,200000,927212,199998,18183,9182,18183,233841,200000,33466,4638,208372,0,84263,115737,26070,2840,0,0,0,1,98.769,210.797,205.460,2.985,15.121,20.822,0.000,0.000,46.195,39.421,0.000,0.000,0.000,0.000,0.000,39.421,0.000,0.000,0.000,0.000,0.000,0.000,0.000,30.381,50.534,5.094,0.000,0.054,18787272,0,85.616,35.944,30.381,0.000,20,0,0.000,Off,ModifiedOnly,0,0,0,0,0,0,false,0,0,0,0,0,0,0,0,0,0,0,0,0,0,0,0.000,0.000,0.000,0.000,0.000,0.000,0.000,0.000,0.000,0.000,0.000,0.000,0.000,0.000,0.000,0.000,0.000,0.000,0.000,0.000
Classic CPU ROAM,classic_cpu_roam,Release,D3D12,NVIDIA GeForce RTX 5090 D,Direct3D 12 (feature level 12_0); requested Agility SDK 614; runtime 6.2.26100.8972 (C:\WINDOWS\SYSTEM32\D3D12Core.dll); driver 32.0.15.9186,false,1280,720,assets/heightmaps/Hm_Terrain_Peking_513.png,547,547,80.000,12.000,20,0.250,0.100,200000,false,21,64,0.333,4.119,-29.000,17.402,50.229,211.205,200000,954138,199998,17457,8796,17457,233802,200000,33474,4409,200830,0,87763,112237,26905,2669,0,0,0,1,102.624,218.525,212.967,9.522,15.270,19.942,0.000,0.000,48.358,38.342,0.000,0.000,0.000,0.000,0.000,38.342,0.000,0.000,0.000,0.000,0.000,0.000,0.000,30.149,51.383,5.325,0.000,0.055,19106136,0,86.701,35.212,30.149,0.000,20,0,0.000,Off,ModifiedOnly,0,0,0,0,0,0,false,0,0,0,0,0,0,0,0,0,0,0,0,0,0,0,0.000,0.000,0.000,0.000,0.000,0.000,0.000,0.000,0.000,0.000,0.000,0.000,0.000,0.000,0.000,0.000,0.000,0.000,0.000,0.000
Classic CPU ROAM,classic_cpu_roam,Release,D3D12,NVIDIA GeForce RTX 5090 D,Direct3D 12 (feature level 12_0); requested Agility SDK 614; runtime 6.2.26100.8972 (C:\WINDOWS\SYSTEM32\D3D12Core.dll); driver 32.0.15.9186,false,1280,720,assets/heightmaps/Hm_Terrain_Peking_513.png,547,547,80.000,12.000,20,0.250,0.100,200000,false,22,64,0.349,4.338,-33.857,17.156,47.092,218.963,200000,978138,199998,16429,8321,16429,233796,200000,33445,4742,188065,0,87971,112029,27134,2585,0,0,0,1,101.773,204.256,199.415,2.579,16.282,20.051,0.000,0.000,47.169,35.698,0.000,0.000,0.000,0.000,0.000,35.698,0.000,0.000,0.000,0.000,0.000,0.000,0.000,27.992,49.642,4.637,0.000,0.054,19516560,0,82.866,36.334,27.992,0.000,20,0,0.000,Off,ModifiedOnly,0,0,0,0,0,0,false,0,0,0,0,0,0,0,0,0,0,0,0,0,0,0,0.000,0.000,0.000,0.000,0.000,0.000,0.000,0.000,0.000,0.000,0.000,0.000,0.000,0.000,0.000,0.000,0.000,0.000,0.000,0.000
Classic CPU ROAM,classic_cpu_roam,Release,D3D12,NVIDIA GeForce RTX 5090 D,Direct3D 12 (feature level 12_0); requested Agility SDK 614; runtime 6.2.26100.8972 (C:\WINDOWS\SYSTEM32\D3D12Core.dll); driver 32.0.15.9186,false,1280,720,assets/heightmaps/Hm_Terrain_Peking_513.png,547,547,80.000,12.000,20,0.250,0.100,200000,false,23,64,0.365,4.543,-38.378,17.023,43.487,204.637,200000,1001030,199998,16206,8213,16206,233710,200000,33422,5315,185037,0,84075,115925,26965,2334,0,0,0,1,102.085,204.433,198.755,2.863,15.707,19.118,0.000,0.000,47.082,34.556,0.000,0.000,0.000,0.000,0.000,34.556,0.000,0.000,0.000,0.000,0.000,0.000,0.000,28.343,51.084,5.415,0.000,0.054,19711272,0,81.639,34.825,28.343,0.000,20,0,0.000,Off,ModifiedOnly,0,0,0,0,0,0,false,0,0,0,0,0,0,0,0,0,0,0,0,0,0,0,0.000,0.000,0.000,0.000,0.000,0.000,0.000,0.000,0.000,0.000,0.000,0.000,0.000,0.000,0.000,0.000,0.000,0.000,0.000,0.000
Classic CPU ROAM,classic_cpu_roam,Release,D3D12,NVIDIA GeForce RTX 5090 D,Direct3D 12 (feature level 12_0); requested Agility SDK 614; runtime 6.2.26100.8972 (C:\WINDOWS\SYSTEM32\D3D12Core.dll); driver 32.0.15.9186,false,1280,720,assets/heightmaps/Hm_Terrain_Peking_513.png,547,547,80.000,12.000,20,0.250,0.100,200000,false,24,64,0.381,4.748,-42.517,17.008,39.450,204.892,200000,1023714,199998,16738,8552,16738,233540,200000,33351,6071,187759,0,84180,115820,27278,3844,0,0,0,1,102.161,234.898,229.135,2.590,16.737,22.139,0.000,0.000,52.641,36.773,0.000,0.000,0.000,0.000,0.000,36.773,0.000,0.000,0.000,0.000,0.000,0.000,0.000,31.109,67.144,5.429,0.000,0.054,19608120,0,89.414,38.877,31.109,0.000,20,0,0.000,Off,ModifiedOnly,0,0,0,0,0,0,false,0,0,0,0,0,0,0,0,0,0,0,0,0,0,0,0.000,0.000,0.000,0.000,0.000,0.000,0.000,0.000,0.000,0.000,0.000,0.000,0.000,0.000,0.000,0.000,0.000,0.000,0.000,0.000
Classic CPU ROAM,classic_cpu_roam,Release,D3D12,NVIDIA GeForce RTX 5090 D,Direct3D 12 (feature level 12_0); requested Agility SDK 614; runtime 6.2.26100.8972 (C:\WINDOWS\SYSTEM32\D3D12Core.dll); driver 32.0.15.9186,false,1280,720,assets/heightmaps/Hm_Terrain_Peking_513.png,547,547,80.000,12.000,20,0.250,0.100,200000,false,25,64,0.397,4.983,-46.234,17.112,35.021,235.279,200000,1047570,199998,18663,9442,18663,233609,200000,33413,6131,212170,0,88013,111987,27575,2682,0,0,0,1,103.495,232.857,226.256,8.134,17.177,23.997,0.000,0.000,52.491,40.489,0.000,0.000,0.000,0.000,0.000,40.489,0.000,0.000,0.000,0.000,0.000,0.000,0.000,32.186,51.781,6.349,0.000,0.054,19907496,0,92.980,41.174,32.186,0.000,20,0,0.000,Off,ModifiedOnly,0,0,0,0,0,0,false,0,0,0,0,0,0,0,0,0,0,0,0,0,0,0,0.000,0.000,0.000,0.000,0.000,0.000,0.000,0.000,0.000,0.000,0.000,0.000,0.000,0.000,0.000,0.000,0.000,0.000,0.000,0.000
Classic CPU ROAM,classic_cpu_roam,Release,D3D12,NVIDIA GeForce RTX 5090 D,Direct3D 12 (feature level 12_0); requested Agility SDK 614; runtime 6.2.26100.8972 (C:\WINDOWS\SYSTEM32\D3D12Core.dll); driver 32.0.15.9186,false,1280,720,assets/heightmaps/Hm_Terrain_Peking_513.png,547,547,80.000,12.000,20,0.250,0.100,200000,false,26,64,0.413,5.216,-49.491,17.330,30.243,233.242,200000,1071056,199998,17064,8616,17064,233732,200000,33495,5302,197076,0,88199,111801,27737,1952,0,0,0,1,103.525,216.867,211.084,3.040,15.189,21.573,0.000,0.000,49.240,40.407,0.000,0.000,0.000,0.000,0.000,40.407,0.000,0.000,0.000,0.000,0.000,0.000,0.000,29.968,51.668,5.510,0.000,0.054,19875576,0,89.647,36.761,29.968,0.000,20,0,0.000,Off,ModifiedOnly,0,0,0,0,0,0,false,0,0,0,0,0,0,0,0,0,0,0,0,0,0,0,0.000,0.000,0.000,0.000,0.000,0.000,0.000,0.000,0.000,0.000,0.000,0.000,0.000,0.000,0.000,0.000,0.000,0.000,0.000,0.000
Classic CPU ROAM,classic_cpu_roam,Release,D3D12,NVIDIA GeForce RTX 5090 D,Direct3D 12 (feature level 12_0); requested Agility SDK 614; runtime 6.2.26100.8972 (C:\WINDOWS\SYSTEM32\D3D12Core.dll); driver 32.0.15.9186,false,1280,720,assets/heightmaps/Hm_Terrain_Peking_513.png,547,547,80.000,12.000,20,0.250,0.100,200000,false,27,64,0.429,5.434,-52.256,17.655,25.165,217.250,200000,1092716,199998,15122,7684,15122,233813,200000,33477,4966,177472,0,85281,114719,28111,3005,0,0,0,1,101.457,205.831,199.993,3.116,16.450,18.155,0.000,0.000,49.801,32.823,0.000,0.000,0.000,0.000,0.000,32.823,0.000,0.000,0.000,0.000,0.000,0.000,0.000,27.470,52.176,5.590,0.000,0.053,19711104,0,82.624,34.605,27.470,0.000,20,0,0.000,Off,ModifiedOnly,0,0,0,0,0,0,false,0,0,0,0,0,0,0,0,0,0,0,0,0,0,0,0.000,0.000,0.000,0.000,0.000,0.000,0.000,0.000,0.000,0.000,0.000,0.000,0.000,0.000,0.000,0.000,0.000,0.000,0.000,0.000
Classic CPU ROAM,classic_cpu_roam,Release,D3D12,NVIDIA GeForce RTX 5090 D,Direct3D 12 (feature level 12_0); requested Agility SDK 614; runtime 6.2.26100.8972 (C:\WINDOWS\SYSTEM32\D3D12Core.dll); driver 32.0.15.9186,false,1280,720,assets/heightmaps/Hm_Terrain_Peking_513.png,547,547,80.000,12.000,20,0.250,0.100,200000,false,28,64,0.444,5.640,-54.502,18.072,19.837,206.336,200000,1113216,199998,14335,7290,14335,233772,200000,33465,4834,167994,0,81031,118969,27940,2208,0,0,0,1,99.044,194.051,189.103,4.603,14.574,17.653,0.000,0.000,47.919,31.578,0.000,0.000,0.000,0.000,0.000,31.578,0.000,0.000,0.000,0.000,0.000,0.000,0.000,25.132,47.645,4.694,0.000,0.053,19044144,0,79.496,32.227,25.132,0.000,20,0,0.000,Off,ModifiedOnly,0,0,0,0,0,0,false,0,0,0,0,0,0,0,0,0,0,0,0,0,0,0,0.000,0.000,0.000,0.000,0.000,0.000,0.000,0.000,0.000,0.000,0.000,0.000,0.000,0.000,0.000,0.000,0.000,0.000,0.000,0.000
Classic CPU ROAM,classic_cpu_roam,Release,D3D12,NVIDIA GeForce RTX 5090 D,Direct3D 12 (feature level 12_0); requested Agility SDK 614; runtime 6.2.26100.8972 (C:\WINDOWS\SYSTEM32\D3D12Core.dll); driver 32.0.15.9186,false,1280,720,assets/heightmaps/Hm_Terrain_Peking_513.png,547,547,80.000,12.000,20,0.250,0.100,200000,false,29,64,0.460,5.835,-56.206,18.565,14.312,194.600,200000,1134936,199998,15312,7824,15312,233718,200000,33572,5365,179891,0,82768,117232,28783,2859,0,0,0,1,103.164,202.503,196.696,2.304,15.148,19.026,0.000,0.000,48.253,33.688,0.000,0.000,0.000,0.000,0.000,33.688,0.000,0.000,0.000,0.000,0.000,0.000,0.000,26.994,51.281,5.561,0.000,0.054,19001136,0,81.941,34.174,26.994,0.000,20,0,0.000,Off,ModifiedOnly,0,0,0,0,0,0,false,0,0,0,0,0,0,0,0,0,0,0,0,0,0,0,0.000,0.000,0.000,0.000,0.000,0.000,0.000,0.000,0.000,0.000,0.000,0.000,0.000,0.000,0.000,0.000,0.000,0.000,0.000,0.000
Classic CPU ROAM,classic_cpu_roam,Release,D3D12,NVIDIA GeForce RTX 5090 D,Direct3D 12 (feature level 12_0); requested Agility SDK 614; runtime 6.2.26100.8972 (C:\WINDOWS\SYSTEM32\D3D12Core.dll); driver 32.0.15.9186,false,1280,720,assets/heightmaps/Hm_Terrain_Peking_513.png,547,547,80.000,12.000,20,0.250,0.100,200000,false,30,64,0.476,6.037,-57.352,19.116,8.644,202.880,200000,1156274,199998,15483,7916,15483,233751,200000,33515,5638,179939,0,84963,115037,29348,2122,0,0,0,1,102.657,203.886,197.671,2.848,14.949,19.510,0.000,0.000,49.423,33.769,0.000,0.000,0.000,0.000,0.000,33.769,0.000,0.000,0.000,0.000,0.000,0.000,0.000,27.871,49.301,5.971,0.000,0.054,19337472,0,83.192,34.459,27.871,0.000,20,0,0.000,Off,ModifiedOnly,0,0,0,0,0,0,false,0,0,0,0,0,0,0,0,0,0,0,0,0,0,0,0.000,0.000,0.000,0.000,0.000,0.000,0.000,0.000,0.000,0.000,0.000,0.000,0.000,0.000,0.000,0.000,0.000,0.000,0.000,0.000
Classic CPU ROAM,classic_cpu_roam,Release,D3D12,NVIDIA GeForce RTX 5090 D,Direct3D 12 (feature level 12_0); requested Agility SDK 614; runtime 6.2.26100.8972 (C:\WINDOWS\SYSTEM32\D3D12Core.dll); driver 32.0.15.9186,false,1280,720,assets/heightmaps/Hm_Terrain_Peking_513.png,547,547,80.000,12.000,20,0.250,0.100,200000,false,31,64,0.492,6.242,-57.928,19.701,2.891,204.425,200000,1177026,199998,15570,7932,15570,233689,200000,33631,6012,181652,0,85543,114457,29516,3867,0,0,0,1,98.676,211.862,205.560,2.924,15.651,21.298,0.000,0.000,50.316,34.894,0.000,0.000,0.000,0.000,0.000,34.894,0.000,0.000,0.000,0.000,0.000,0.000,0.000,30.095,50.381,5.965,0.000,0.054,19388712,0,85.210,36.949,30.095,0.000,20,0,0.000,Off,ModifiedOnly,0,0,0,0,0,0,false,0,0,0,0,0,0,0,0,0,0,0,0,0,0,0,0.000,0.000,0.000,0.000,0.000,0.000,0.000,0.000,0.000,0.000,0.000,0.000,0.000,0.000,0.000,0.000,0.000,0.000,0.000,0.000
Classic CPU ROAM,classic_cpu_roam,Release,D3D12,NVIDIA GeForce RTX 5090 D,Direct3D 12 (feature level 12_0); requested Agility SDK 614; runtime 6.2.26100.8972 (C:\WINDOWS\SYSTEM32\D3D12Core.dll); driver 32.0.15.9186,false,1280,720,assets/heightmaps/Hm_Terrain_Peking_513.png,547,547,80.000,12.000,20,0.250,0.100,200000,false,32,64,0.508,6.454,-57.928,20.299,-2.891,212.279,200000,1196024,199998,14598,7361,14598,233843,200000,33535,5976,172556,0,81374,118626,29001,1942,0,0,0,1,98.187,228.504,222.573,2.925,17.273,24.809,0.000,0.000,54.056,37.956,0.000,0.000,0.000,0.000,0.000,37.956,0.000,0.000,0.000,0.000,0.000,0.000,0.000,31.103,54.450,5.668,0.000,0.055,18808440,0,92.012,42.082,31.103,0.000,20,0,0.000,Off,ModifiedOnly,0,0,0,0,0,0,false,0,0,0,0,0,0,0,0,0,0,0,0,0,0,0,0.000,0.000,0.000,0.000,0.000,0.000,0.000,0.000,0.000,0.000,0.000,0.000,0.000,0.000,0.000,0.000,0.000,0.000,0.000,0.000
Classic CPU ROAM,classic_cpu_roam,Release,D3D12,NVIDIA GeForce RTX 5090 D,Direct3D 12 (feature level 12_0); requested Agility SDK 614; runtime 6.2.26100.8972 (C:\WINDOWS\SYSTEM32\D3D12Core.dll); driver 32.0.15.9186,false,1280,720,assets/heightmaps/Hm_Terrain_Peking_513.png,547,547,80.000,12.000,20,0.250,0.100,200000,false,33,64,0.524,6.683,-57.352,20.884,-8.644,228.891,200000,1214838,199998,13220,6709,13220,233707,200000,33635,5268,155446,0,76802,123198,28606,3538,0,0,0,1,99.156,210.451,204.678,2.929,15.732,18.895,0.000,0.000,51.055,31.372,0.000,0.000,0.000,0.000,0.000,31.372,0.000,0.000,0.000,0.000,0.000,0.000,0.000,29.557,55.137,5.552,0.000,0.056,18210696,0,82.427,34.627,29.557,0.000,20,0,0.000,Off,ModifiedOnly,0,0,0,0,0,0,false,0,0,0,0,0,0,0,0,0,0,0,0,0,0,0,0.000,0.000,0.000,0.000,0.000,0.000,0.000,0.000,0.000,0.000,0.000,0.000,0.000,0.000,0.000,0.000,0.000,0.000,0.000,0.000
Classic CPU ROAM,classic_cpu_roam,Release,D3D12,NVIDIA GeForce RTX 5090 D,Direct3D 12 (feature level 12_0); requested Agility SDK 614; runtime 6.2.26100.8972 (C:\WINDOWS\SYSTEM32\D3D12Core.dll); driver 32.0.15.9186,false,1280,720,assets/heightmaps/Hm_Terrain_Peking_513.png,547,547,80.000,12.000,20,0.250,0.100,200000,false,34,64,0.540,6.894,-56.206,21.435,-14.312,210.940,200000,1233768,199998,15182,7732,15182,233801,200000,33571,3811,178636,0,78306,121694,28139,2375,0,0,0,1,96.326,200.032,194.449,3.071,14.573,16.415,0.000,0.000,51.099,34.153,0.000,0.000,0.000,0.000,0.000,34.153,0.000,0.000,0.000,0.000,0.000,0.000,0.000,25.618,49.520,5.333,0.000,0.055,17940048,0,85.251,30.987,25.618,0.000,20,0,0.000,Off,ModifiedOnly,0,0,0,0,0,0,false,0,0,0,0,0,0,0,0,0,0,0,0,0,0,0,0.000,0.000,0.000,0.000,0.000,0.000,0.000,0.000,0.000,0.000,0.000,0.000,0.000,0.000,0.000,0.000,0.000,0.000,0.000,0.000
Classic CPU ROAM,classic_cpu_roam,Release,D3D12,NVIDIA GeForce RTX 5090 D,Direct3D 12 (feature level 12_0); requested Agility SDK 614; runtime 6.2.26100.8972 (C:\WINDOWS\SYSTEM32\D3D12Core.dll); driver 32.0.15.9186,false,1280,720,assets/heightmaps/Hm_Terrain_Peking_513.png,547,547,80.000,12.000,20,0.250,0.100,200000,false,35,64,0.556,7.094,-54.502,21.928,-19.837,200.440,200000,1251996,199998,15132,7707,15132,233898,200000,33656,3965,179945,0,79305,120695,28442,2552,0,0,0,1,94.061,204.947,199.112,3.024,15.114,18.159,0.000,0.000,50.469,34.849,0.000,0.000,0.000,0.000,0.000,34.849,0.000,0.000,0.000,0.000,0.000,0.000,0.000,26.315,51.180,5.564,0.000,0.056,18076128,0,85.318,33.273,26.315,0.000,20,0,0.000,Off,ModifiedOnly,0,0,0,0,0,0,false,0,0,0,0,0,0,0,0,0,0,0,0,0,0,0,0.000,0.000,0.000,0.000,0.000,0.000,0.000,0.000,0.000,0.000,0.000,0.000,0.000,0.000,0.000,0.000,0.000,0.000,0.000,0.000
Classic CPU ROAM,classic_cpu_roam,Release,D3D12,NVIDIA GeForce RTX 5090 D,Direct3D 12 (feature level 12_0); requested Agility SDK 614; runtime 6.2.26100.8972 (C:\WINDOWS\SYSTEM32\D3D12Core.dll); driver 32.0.15.9186,false,1280,720,assets/heightmaps/Hm_Terrain_Peking_513.png,547,547,80.000,12.000,20,0.250,0.100,200000,false,36,64,0.571,7.300,-52.256,22.345,-25.165,205.340,200000,1273930,199998,15948,8142,15948,234002,200000,33754,3873,188618,0,78683,121317,28705,2140,0,0,0,1,94.382,204.458,198.464,3.032,15.452,18.845,0.000,0.000,49.451,35.428,0.000,0.000,0.000,0.000,0.000,35.428,0.000,0.000,0.000,0.000,0.000,0.000,0.000,25.597,50.660,5.760,0.000,0.056,18149040,0,84.879,34.297,25.597,0.000,20,0,0.000,Off,ModifiedOnly,0,0,0,0,0,0,false,0,0,0,0,0,0,0,0,0,0,0,0,0,0,0,0.000,0.000,0.000,0.000,0.000,0.000,0.000,0.000,0.000,0.000,0.000,0.000,0.000,0.000,0.000,0.000,0.000,0.000,0.000,0.000
Classic CPU ROAM,classic_cpu_roam,Release,D3D12,NVIDIA GeForce RTX 5090 D,Direct3D 12 (feature level 12_0); requested Agility SDK 614; runtime 6.2.26100.8972 (C:\WINDOWS\SYSTEM32\D3D12Core.dll); driver 32.0.15.9186,false,1280,720,assets/heightmaps/Hm_Terrain_Peking_513.png,547,547,80.000,12.000,20,0.250,0.100,200000,false,37,64,0.587,7.505,-49.491,22.670,-30.243,204.831,200000,1295570,199998,16398,8316,16398,234264,200000,33958,4263,195984,0,81037,118963,29025,2508,0,0,0,1,100.280,207.761,202.372,3.481,16.328,18.659,0.000,0.000,50.128,35.293,0.000,0.000,0.000,0.000,0.000,35.293,0.000,0.000,0.000,0.000,0.000,0.000,0.000,28.692,49.790,5.170,0.000,0.056,18114264,0,85.421,34.987,28.692,0.000,20,0,0.000,Off,ModifiedOnly,0,0,0,0,0,0,false,0,0,0,0,0,0,0,0,0,0,0,0,0,0,0,0.000,0.000,0.000,0.000,0.000,0.000,0.000,0.000,0.000,0.000,0.000,0.000,0.000,0.000,0.000,0.000,0.000,0.000,0.000,0.000
Classic CPU ROAM,classic_cpu_roam,Release,D3D12,NVIDIA GeForce RTX 5090 D,Direct3D 12 (feature level 12_0); requested Agility SDK 614; runtime 6.2.26100.8972 (C:\WINDOWS\SYSTEM32\D3D12Core.dll); driver 32.0.15.9186,false,1280,720,assets/heightmaps/Hm_Terrain_Peking_513.png,547,547,80.000,12.000,20,0.250,0.100,200000,false,38,64,0.603,7.713,-46.234,22.888,-35.021,208.154,200000,1312514,199998,15820,8019,15820,234257,200000,33912,4588,185956,0,79972,120028,29266,2010,0,0,0,1,98.464,211.892,206.092,3.013,15.560,19.067,0.000,0.000,49.602,34.937,0.000,0.000,0.000,0.000,0.000,34.937,0.000,0.000,0.000,0.000,0.000,0.000,0.000,26.535,57.379,5.551,0.000,0.056,17939544,0,84.539,34.627,26.535,0.000,20,0,0.000,Off,ModifiedOnly,0,0,0,0,0,0,false,0,0,0,0,0,0,0,0,0,0,0,0,0,0,0,0.000,0.000,0.000,0.000,0.000,0.000,0.000,0.000,0.000,0.000,0.000,0.000,0.000,0.000,0.000,0.000,0.000,0.000,0.000,0.000
Classic CPU ROAM,classic_cpu_roam,Release,D3D12,NVIDIA GeForce RTX 5090 D,Direct3D 12 (feature level 12_0); requested Agility SDK 614; runtime 6.2.26100.8972 (C:\WINDOWS\SYSTEM32\D3D12Core.dll); driver 32.0.15.9186,false,1280,720,assets/heightmaps/Hm_Terrain_Peking_513.png,547,547,80.000,12.000,20,0.250,0.100,200000,false,39,64,0.619,7.925,-42.517,22.992,-39.450,212.304,200000,1329038,199998,16753,8514,16753,234337,200000,34243,5773,202435,0,83994,116006,30303,2942,0,0,0,1,94.610,203.688,197.969,2.815,15.936,19.626,0.000,0.000,49.742,34.163,0.000,0.000,0.000,0.000,0.000,34.163,0.000,0.000,0.000,0.000,0.000,0.000,0.000,24.815,50.871,5.459,0.000,0.056,18850944,0,83.905,35.563,24.815,0.000,20,0,0.000,Off,ModifiedOnly,0,0,0,0,0,0,false,0,0,0,0,0,0,0,0,0,0,0,0,0,0,0,0.000,0.000,0.000,0.000,0.000,0.000,0.000,0.000,0.000,0.000,0.000,0.000,0.000,0.000,0.000,0.000,0.000,0.000,0.000,0.000
Classic CPU ROAM,classic_cpu_roam,Release,D3D12,NVIDIA GeForce RTX 5090 D,Direct3D 12 (feature level 12_0); requested Agility SDK 614; runtime 6.2.26100.8972 (C:\WINDOWS\SYSTEM32\D3D12Core.dll); driver 32.0.15.9186,false,1280,720,assets/heightmaps/Hm_Terrain_Peking_513.png,547,547,80.000,12.000,20,0.250,0.100,200000,false,40,64,0.635,8.129,-38.378,22.977,-43.487,204.057,200000,1343102,199998,16591,8356,16591,234386,200000,34252,6463,194309,0,87275,112725,31089,3695,0,0,0,1,95.026,220.052,213.438,3.048,15.349,23.139,0.000,0.000,47.973,38.297,0.000,0.000,0.000,0.000,0.000,38.297,0.000,0.000,0.000,0.000,0.000,0.000,0.000,31.785,53.846,6.240,0.000,0.056,19245576,0,86.271,38.488,31.785,0.000,20,0,0.000,Off,ModifiedOnly,0,0,0,0,0,0,false,0,0,0,0,0,0,0,0,0,0,0,0,0,0,0,0.000,0.000,0.000,0.000,0.000,0.000,0.000,0.000,0.000,0.000,0.000,0.000,0.000,0.000,0.000,0.000,0.000,0.000,0.000,0.000
Classic CPU ROAM,classic_cpu_roam,Release,D3D12,NVIDIA GeForce RTX 5090 D,Direct3D 12 (feature level 12_0); requested Agility SDK 614; runtime 6.2.26100.8972 (C:\WINDOWS\SYSTEM32\D3D12Core.dll); driver 32.0.15.9186,false,1280,720,assets/heightmaps/Hm_Terrain_Peking_513.png,547,547,80.000,12.000,20,0.250,0.100,200000,false,41,64,0.651,8.350,-33.857,22.844,-47.092,220.447,200000,1356936,199998,15778,8021,15778,234333,200000,34210,6690,189874,0,87424,112576,31433,3034,0,0,0,1,96.884,215.722,209.405,3.004,15.882,20.760,0.000,0.000,51.530,34.805,0.000,0.000,0.000,0.000,0.000,34.805,0.000,0.000,0.000,0.000,0.000,0.000,0.000,27.456,55.967,6.012,0.000,0.056,19735464,0,86.335,36.642,27.456,0.000,20,0,0.000,Off,ModifiedOnly,0,0,0,0,0,0,false,0,0,0,0,0,0,0,0,0,0,0,0,0,0,0,0.000,0.000,0.000,0.000,0.000,0.000,0.000,0.000,0.000,0.000,0.000,0.000,0.000,0.000,0.000,0.000,0.000,0.000,0.000,0.000
Classic CPU ROAM,classic_cpu_roam,Release,D3D12,NVIDIA GeForce RTX 5090 D,Direct3D 12 (feature level 12_0); requested Agility SDK 614; runtime 6.2.26100.8972 (C:\WINDOWS\SYSTEM32\D3D12Core.dll); driver 32.0.15.9186,false,1280,720,assets/heightmaps/Hm_Terrain_Peking_513.png,547,547,80.000,12.000,20,0.250,0.100,200000,false,42,64,0.667,8.566,-29.000,22.598,-50.229,216.087,200000,1372434,199998,14677,7472,14677,234221,200000,34055,6046,175387,0,85035,114965,31633,3246,0,0,0,1,97.539,197.687,192.053,3.430,15.250,19.768,0.000,0.000,49.165,31.758,0.000,0.000,0.000,0.000,0.000,31.758,0.000,0.000,0.000,0.000,0.000,0.000,0.000,25.900,46.782,5.418,0.000,0.055,19525296,0,80.923,35.018,25.900,0.000,20,0,0.000,Off,ModifiedOnly,0,0,0,0,0,0,false,0,0,0,0,0,0,0,0,0,0,0,0,0,0,0,0.000,0.000,0.000,0.000,0.000,0.000,0.000,0.000,0.000,0.000,0.000,0.000,0.000,0.000,0.000,0.000,0.000,0.000,0.000,0.000
Classic CPU ROAM,classic_cpu_roam,Release,D3D12,NVIDIA GeForce RTX 5090 D,Direct3D 12 (feature level 12_0); requested Agility SDK 614; runtime 6.2.26100.8972 (C:\WINDOWS\SYSTEM32\D3D12Core.dll); driver 32.0.15.9186,false,1280,720,assets/heightmaps/Hm_Terrain_Peking_513.png,547,547,80.000,12.000,20,0.250,0.100,200000,false,43,64,0.683,8.764,-23.855,22.249,-52.867,198.062,200000,1388576,199998,14286,7280,14286,234179,200000,34082,5145,171531,0,83472,116528,31591,2082,0,0,0,1,102.620,203.792,197.708,2.995,16.004,18.906,0.000,0.000,49.547,31.863,0.000,0.000,0.000,0.000,0.000,31.863,0.000,0.000,0.000,0.000,0.000,0.000,0.000,26.480,51.911,5.804,0.000,0.056,19384512,0,81.410,34.911,26.480,0.000,20,0,0.000,Off,ModifiedOnly,0,0,0,0,0,0,false,0,0,0,0,0,0,0,0,0,0,0,0,0,0,0,0.000,0.000,0.000,0.000,0.000,0.000,0.000,0.000,0.000,0.000,0.000,0.000,0.000,0.000,0.000,0.000,0.000,0.000,0.000,0.000
Classic CPU ROAM,classic_cpu_roam,Release,D3D12,NVIDIA GeForce RTX 5090 D,Direct3D 12 (feature level 12_0); requested Agility SDK 614; runtime 6.2.26100.8972 (C:\WINDOWS\SYSTEM32\D3D12Core.dll); driver 32.0.15.9186,false,1280,720,assets/heightmaps/Hm_Terrain_Peking_513.png,547,547,80.000,12.000,20,0.250,0.100,200000,false,44,64,0.698,8.968,-18.472,21.811,-54.980,204.224,200000,1405436,199998,14584,7441,14584,234229,200000,33998,5280,173596,0,81456,118544,31521,2477,0,0,0,1,98.796,211.512,205.368,9.730,14.802,19.859,0.000,0.000,49.593,33.332,0.000,0.000,0.000,0.000,0.000,33.332,0.000,0.000,0.000,0.000,0.000,0.000,0.000,26.844,51.208,5.860,0.000,0.056,19046832,0,82.925,34.661,26.844,0.000,20,0,0.000,Off,ModifiedOnly,0,0,0,0,0,0,false,0,0,0,0,0,0,0,0,0,0,0,0,0,0,0,0.000,0.000,0.000,0.000,0.000,0.000,0.000,0.000,0.000,0.000,0.000,0.000,0.000,0.000,0.000,0.000,0.000,0.000,0.000,0.000
Classic CPU ROAM,classic_cpu_roam,Release,D3D12,NVIDIA GeForce RTX 5090 D,Direct3D 12 (feature level 12_0); requested Agility SDK 614; runtime 6.2.26100.8972 (C:\WINDOWS\SYSTEM32\D3D12Core.dll); driver 32.0.15.9186,false,1280,720,assets/heightmaps/Hm_Terrain_Peking_513.png,547,547,80.000,12.000,20,0.250,0.100,200000,false,45,64,0.714,9.180,-12.906,21.302,-56.546,211.922,200000,1422106,199998,15499,7915,15499,234137,200000,33808,5625,181450,0,85022,114978,32130,3132,0,0,0,1,101.870,205.655,199.155,3.039,15.629,19.661,0.000,0.000,49.865,33.860,0.000,0.000,0.000,0.000,0.000,33.860,0.000,0.000,0.000,0.000,0.000,0.000,0.000,26.940,50.162,6.211,0.000,0.056,19010040,0,83.724,35.290,26.940,0.000,20,0,0.000,Off,ModifiedOnly,0,0,0,0,0,0,false,0,0,0,0,0,0,0,0,0,0,0,0,0,0,0,0.000,0.000,0.000,0.000,0.000,0.000,0.000,0.000,0.000,0.000,0.000,0.000,0.000,0.000,0.000,0.000,0.000,0.000,0.000,0.000
Classic CPU ROAM,classic_cpu_roam,Release,D3D12,NVIDIA GeForce RTX 5090 D,Direct3D 12 (feature level 12_0); requested Agility SDK 614; runtime 6.2.26100.8972 (C:\WINDOWS\SYSTEM32\D3D12Core.dll); driver 32.0.15.9186,false,1280,720,assets/heightmaps/Hm_Terrain_Peking_513.png,547,547,80.000,12.000,20,0.250,0.100,200000,false,46,64,0.730,9.386,-7.212,20.740,-57.550,206.077,200000,1438704,199998,15927,8130,15927,233951,200000,33610,5578,184800,0,85183,114817,32112,3288,0,0,0,1,103.434,217.635,211.263,3.014,15.923,22.201,0.000,0.000,50.598,36.755,0.000,0.000,0.000,0.000,0.000,36.755,0.000,0.000,0.000,0.000,0.000,0.000,0.000,30.285,52.487,6.096,0.000,0.056,19284552,0,87.353,38.124,30.285,0.000,20,0,0.000,Off,ModifiedOnly,0,0,0,0,0,0,false,0,0,0,0,0,0,0,0,0,0,0,0,0,0,0,0.000,0.000,0.000,0.000,0.000,0.000,0.000,0.000,0.000,0.000,0.000,0.000,0.000,0.000,0.000,0.000,0.000,0.000,0.000,0.000
Classic CPU ROAM,classic_cpu_roam,Release,D3D12,NVIDIA GeForce RTX 5090 D,Direct3D 12 (feature level 12_0); requested Agility SDK 614; runtime 6.2.26100.8972 (C:\WINDOWS\SYSTEM32\D3D12Core.dll); driver 32.0.15.9186,false,1280,720,assets/heightmaps/Hm_Terrain_Peking_513.png,547,547,80.000,12.000,20,0.250,0.100,200000,false,47,64,0.746,9.604,-1.446,20.150,-57.982,218.019,200000,1452546,199998,15176,7716,15176,233813,200000,33584,5407,176066,0,82015,117985,31598,2759,0,0,0,1,101.384,205.839,200.131,3.166,15.869,19.938,0.000,0.000,49.503,33.950,0.000,0.000,0.000,0.000,0.000,33.950,0.000,0.000,0.000,0.000,0.000,0.000,0.000,26.719,50.985,5.449,0.000,0.056,18748296,0,83.453,35.808,26.719,0.000,20,0,0.000,Off,ModifiedOnly,0,0,0,0,0,0,false,0,0,0,0,0,0,0,0,0,0,0,0,0,0,0,0.000,0.000,0.000,0.000,0.000,0.000,0.000,0.000,0.000,0.000,0.000,0.000,0.000,0.000,0.000,0.000,0.000,0.000,0.000,0.000
Classic CPU ROAM,classic_cpu_roam,Release,D3D12,NVIDIA GeForce RTX 5090 D,Direct3D 12 (feature level 12_0); requested Agility SDK 614; runtime 6.2.26100.8972 (C:\WINDOWS\SYSTEM32\D3D12Core.dll); driver 32.0.15.9186,false,1280,720,assets/heightmaps/Hm_Terrain_Peking_513.png,547,547,80.000,12.000,20,0.250,0.100,200000,false,48,64,0.762,9.810,4.334,19.553,-57.838,206.200,200000,1465556,199998,14510,7293,14510,233790,200000,33664,5540,169718,0,78880,121120,31292,4898,0,0,0,1,100.711,207.815,201.402,2.435,15.746,20.267,0.000,0.000,50.508,35.321,0.000,0.000,0.000,0.000,0.000,35.321,0.000,0.000,0.000,0.000,0.000,0.000,0.000,26.536,50.587,6.078,0.000,0.056,18388104,0,85.829,36.013,26.536,0.000,20,0,0.000,Off,ModifiedOnly,0,0,0,0,0,0,false,0,0,0,0,0,0,0,0,0,0,0,0,0,0,0,0.000,0.000,0.000,0.000,0.000,0.000,0.000,0.000,0.000,0.000,0.000,0.000,0.000,0.000,0.000,0.000,0.000,0.000,0.000,0.000
Classic CPU ROAM,classic_cpu_roam,Release,D3D12,NVIDIA GeForce RTX 5090 D,Direct3D 12 (feature level 12_0); requested Agility SDK 614; runtime 6.2.26100.8972 (C:\WINDOWS\SYSTEM32\D3D12Core.dll); driver 32.0.15.9186,false,1280,720,assets/heightmaps/Hm_Terrain_Peking_513.png,547,547,80.000,12.000,20,0.250,0.100,200000,false,49,64,0.778,10.018,10.072,18.974,-57.119,208.176,200000,1478618,199998,14092,7098,14092,233867,200000,33680,4909,163882,0,76799,123201,31055,1769,0,0,0,1,96.379,200.691,194.321,3.091,15.458,17.567,0.000,0.000,50.591,31.963,0.000,0.000,0.000,0.000,0.000,31.963,0.000,0.000,0.000,0.000,0.000,0.000,0.000,25.221,50.430,6.096,0.000,0.056,17885952,0,82.554,33.024,25.221,0.000,20,0,0.000,Off,ModifiedOnly,0,0,0,0,0,0,false,0,0,0,0,0,0,0,0,0,0,0,0,0,0,0,0.000,0.000,0.000,0.000,0.000,0.000,0.000,0.000,0.000,0.000,0.000,0.000,0.000,0.000,0.000,0.000,0.000,0.000,0.000,0.000
Classic CPU ROAM,classic_cpu_roam,Release,D3D12,NVIDIA GeForce RTX 5090 D,Direct3D 12 (feature level 12_0); requested Agility SDK 614; runtime 6.2.26100.8972 (C:\WINDOWS\SYSTEM32\D3D12Core.dll); driver 32.0.15.9186,false,1280,720,assets/heightmaps/Hm_Terrain_Peking_513.png,547,547,80.000,12.000,20,0.250,0.100,200000,false,50,64,0.794,10.219,15.709,18.436,-55.832,201.089,200000,1494856,199998,16102,8263,16102,233804,200000,33363,4642,187191,0,82179,117821,31465,1336,0,0,0,1,98.160,212.614,206.728,2.998,15.671,20.312,0.000,0.000,50.157,36.884,0.000,0.000,0.000,0.000,0.000,36.884,0.000,0.000,0.000,0.000,0.000,0.000,0.000,29.513,51.191,5.634,0.000,0.056,18305952,0,87.042,35.983,29.513,0.000,20,0,0.000,Off,ModifiedOnly,0,0,0,0,0,0,false,0,0,0,0,0,0,0,0,0,0,0,0,0,0,0,0.000,0.000,0.000,0.000,0.000,0.000,0.000,0.000,0.000,0.000,0.000,0.000,0.000,0.000,0.000,0.000,0.000,0.000,0.000,0.000
Classic CPU ROAM,classic_cpu_roam,Release,D3D12,NVIDIA GeForce RTX 5090 D,Direct3D 12 (feature level 12_0); requested Agility SDK 614; runtime 6.2.26100.8972 (C:\WINDOWS\SYSTEM32\D3D12Core.dll); driver 32.0.15.9186,false,1280,720,assets/heightmaps/Hm_Terrain_Peking_513.png,547,547,80.000,12.000,20,0.250,0.100,200000,false,51,64,0.810,10.432,21.190,17.959,-53.991,212.990,200000,1514374,199998,17971,9136,17971,233638,200000,33277,4528,208636,0,84852,115148,31517,1627,0,0,0,1,98.690,212.126,205.599,3.013,15.649,21.206,0.000,0.000,50.147,37.291,0.000,0.000,0.000,0.000,0.000,37.291,0.000,0.000,0.000,0.000,0.000,0.000,0.000,28.622,49.669,6.251,0.000,0.056,19066656,0,87.439,36.855,28.622,0.000,20,0,0.000,Off,ModifiedOnly,0,0,0,0,0,0,false,0,0,0,0,0,0,0,0,0,0,0,0,0,0,0,0.000,0.000,0.000,0.000,0.000,0.000,0.000,0.000,0.000,0.000,0.000,0.000,0.000,0.000,0.000,0.000,0.000,0.000,0.000,0.000
Classic CPU ROAM,classic_cpu_roam,Release,D3D12,NVIDIA GeForce RTX 5090 D,Direct3D 12 (feature level 12_0); requested Agility SDK 614; runtime 6.2.26100.8972 (C:\WINDOWS\SYSTEM32\D3D12Core.dll); driver 32.0.15.9186,false,1280,720,assets/heightmaps/Hm_Terrain_Peking_513.png,547,547,80.000,12.000,20,0.250,0.100,200000,false,52,64,0.825,10.645,26.460,17.564,-51.613,212.588,200000,1534184,199998,17601,8847,17601,233584,200000,33237,4434,200822,0,83597,116403,31642,2257,0,0,0,1,100.727,208.167,201.434,2.862,15.737,19.462,0.000,0.000,49.197,37.003,0.000,0.000,0.000,0.000,0.000,37.003,0.000,0.000,0.000,0.000,0.000,0.000,0.000,26.484,50.688,6.455,0.000,0.057,18897144,0,86.199,35.199,26.484,0.000,20,0,0.000,Off,ModifiedOnly,0,0,0,0,0,0,false,0,0,0,0,0,0,0,0,0,0,0,0,0,0,0,0.000,0.000,0.000,0.000,0.000,0.000,0.000,0.000,0.000,0.000,0.000,0.000,0.000,0.000,0.000,0.000,0.000,0.000,0.000,0.000
Classic CPU ROAM,classic_cpu_roam,Release,D3D12,NVIDIA GeForce RTX 5090 D,Direct3D 12 (feature level 12_0); requested Agility SDK 614; runtime 6.2.26100.8972 (C:\WINDOWS\SYSTEM32\D3D12Core.dll); driver 32.0.15.9186,false,1280,720,assets/heightmaps/Hm_Terrain_Peking_513.png,547,547,80.000,12.000,20,0.250,0.100,200000,false,53,64,0.841,10.854,31.468,17.265,-48.722,208.575,200000,1551700,199998,16802,8469,16802,233656,200000,33381,4470,194526,0,86309,113691,32148,2955,0,0,0,1,100.743,221.911,216.948,2.901,15.408,18.170,0.000,0.000,48.056,36.602,0.000,0.000,0.000,0.000,0.000,36.602,0.000,0.000,0.000,0.000,0.000,0.000,0.000,33.295,62.515,4.734,0.000,0.057,18799704,0,84.658,33.578,33.295,0.000,20,0,0.000,Off,ModifiedOnly,0,0,0,0,0,0,false,0,0,0,0,0,0,0,0,0,0,0,0,0,0,0,0.000,0.000,0.000,0.000,0.000,0.000,0.000,0.000,0.000,0.000,0.000,0.000,0.000,0.000,0.000,0.000,0.000,0.000,0.000,0.000
Classic CPU ROAM,classic_cpu_roam,Release,D3D12,NVIDIA GeForce RTX 5090 D,Direct3D 12 (feature level 12_0); requested Agility SDK 614; runtime 6.2.26100.8972 (C:\WINDOWS\SYSTEM32\D3D12Core.dll); driver 32.0.15.9186,false,1280,720,assets/heightmaps/Hm_Terrain_Peking_513.png,547,547,80.000,12.000,20,0.250,0.100,200000,false,54,64,0.857,11.076,36.162,17.075,-45.346,222.352,200000,1565178,199998,16670,8438,16670,233849,200000,33498,4914,193821,0,86261,113739,32527,2862,0,0,0,1,95.239,218.942,213.046,8.678,15.348,19.175,0.000,0.000,44.640,34.340,0.000,0.000,0.000,0.000,0.000,34.340,0.000,0.000,0.000,0.000,0.000,0.000,0.000,30.563,60.300,5.621,0.000,0.056,19221720,0,78.981,34.523,30.563,0.000,20,0,0.000,Off,ModifiedOnly,0,0,0,0,0,0,false,0,0,0,0,0,0,0,0,0,0,0,0,0,0,0,0.000,0.000,0.000,0.000,0.000,0.000,0.000,0.000,0.000,0.000,0.000,0.000,0.000,0.000,0.000,0.000,0.000,0.000,0.000,0.000
Classic CPU ROAM,classic_cpu_roam,Release,D3D12,NVIDIA GeForce RTX 5090 D,Direct3D 12 (feature level 12_0); requested Agility SDK 614; runtime 6.2.26100.8972 (C:\WINDOWS\SYSTEM32\D3D12Core.dll); driver 32.0.15.9186,false,1280,720,assets/heightmaps/Hm_Terrain_Peking_513.png,547,547,80.000,12.000,20,0.250,0.100,200000,false,55,64,0.873,11.298,40.498,17.001,-41.520,221.817,200000,1576172,199998,16899,8576,16899,233815,200000,33558,5850,194450,0,86215,113785,32584,3891,0,0,0,1,100.866,222.106,216.690,6.643,15.111,21.346,0.000,0.000,42.951,38.608,0.000,0.000,0.000,0.000,0.000,38.608,0.000,0.000,0.000,0.000,0.000,0.000,0.000,30.737,61.291,5.198,0.000,0.057,19580064,0,81.560,36.457,30.737,0.000,20,0,0.000,Off,ModifiedOnly,0,0,0,0,0,0,false,0,0,0,0,0,0,0,0,0,0,0,0,0,0,0,0.000,0.000,0.000,0.000,0.000,0.000,0.000,0.000,0.000,0.000,0.000,0.000,0.000,0.000,0.000,0.000,0.000,0.000,0.000,0.000
Classic CPU ROAM,classic_cpu_roam,Release,D3D12,NVIDIA GeForce RTX 5090 D,Direct3D 12 (feature level 12_0); requested Agility SDK 614; runtime 6.2.26100.8972 (C:\WINDOWS\SYSTEM32\D3D12Core.dll); driver 32.0.15.9186,false,1280,720,assets/heightmaps/Hm_Terrain_Peking_513.png,547,547,80.000,12.000,20,0.250,0.100,200000,false,56,64,0.889,11.524,44.431,17.046,-37.282,225.887,200000,1586108,199998,18110,9206,18110,233670,200000,33445,6414,204891,0,86323,113677,32858,3345,0,0,0,1,96.899,214.687,209.400,7.499,13.832,20.008,0.000,0.000,42.708,32.276,0.000,0.000,0.000,0.000,0.000,32.276,0.000,0.000,0.000,0.000,0.000,0.000,0.000,31.148,61.927,5.023,0.000,0.394,19688256,0,74.984,33.840,31.148,0.000,20,0,0.000,Off,ModifiedOnly,0,0,0,0,0,0,false,0,0,0,0,0,0,0,0,0,0,0,0,0,0,0,0.000,0.000,0.000,0.000,0.000,0.000,0.000,0.000,0.000,0.000,0.000,0.000,0.000,0.000,0.000,0.000,0.000,0.000,0.000,0.000
Classic CPU ROAM,classic_cpu_roam,Release,D3D12,NVIDIA GeForce RTX 5090 D,Direct3D 12 (feature level 12_0); requested Agility SDK 614; runtime 6.2.26100.8972 (C:\WINDOWS\SYSTEM32\D3D12Core.dll); driver 32.0.15.9186,false,1280,720,assets/heightmaps/Hm_Terrain_Peking_513.png,547,547,80.000,12.000,20,0.250,0.100,200000,false,57,64,0.905,11.739,47.922,17.207,-32.673,215.327,200000,1595956,199998,17926,9041,17926,233810,200000,33598,5648,206245,0,89515,110485,33223,3127,0,0,0,1,99.751,208.736,203.451,7.104,13.573,18.726,0.000,0.000,40.864,33.835,0.000,0.000,0.000,0.000,0.000,33.835,0.000,0.000,0.000,0.000,0.000,0.000,0.000,31.694,57.653,5.059,0.000,0.054,20161344,0,74.699,32.300,31.694,0.000,20,0,0.000,Off,ModifiedOnly,0,0,0,0,0,0,false,0,0,0,0,0,0,0,0,0,0,0,0,0,0,0,0.000,0.000,0.000,0.000,0.000,0.000,0.000,0.000,0.000,0.000,0.000,0.000,0.000,0.000,0.000,0.000,0.000,0.000,0.000,0.000
Classic CPU ROAM,classic_cpu_roam,Release,D3D12,NVIDIA GeForce RTX 5090 D,Direct3D 12 (feature level 12_0); requested Agility SDK 614; runtime 6.2.26100.8972 (C:\WINDOWS\SYSTEM32\D3D12Core.dll); driver 32.0.15.9186,false,1280,720,assets/heightmaps/Hm_Terrain_Peking_513.png,547,547,80.000,12.000,20,0.250,0.100,200000,false,58,64,0.921,11.949,50.937,17.480,-27.739,210.092,200000,1604498,199998,15972,8097,15972,233983,200000,33776,5160,189504,0,88125,111875,33630,2440,0,0,0,1,103.114,202.294,196.809,5.979,13.604,17.250,0.000,0.000,41.117,30.549,0.000,0.000,0.000,0.000,0.000,30.549,0.000,0.000,0.000,0.000,0.000,0.000,0.000,29.053,59.255,5.264,0.000,0.055,20251056,0,71.666,30.853,29.053,0.000,20,0,0.000,Off,ModifiedOnly,0,0,0,0,0,0,false,0,0,0,0,0,0,0,0,0,0,0,0,0,0,0,0.000,0.000,0.000,0.000,0.000,0.000,0.000,0.000,0.000,0.000,0.000,0.000,0.000,0.000,0.000,0.000,0.000,0.000,0.000,0.000
Classic CPU ROAM,classic_cpu_roam,Release,D3D12,NVIDIA GeForce RTX 5090 D,Direct3D 12 (feature level 12_0); requested Agility SDK 614; runtime 6.2.26100.8972 (C:\WINDOWS\SYSTEM32\D3D12Core.dll); driver 32.0.15.9186,false,1280,720,assets/heightmaps/Hm_Terrain_Peking_513.png,547,547,80.000,12.000,20,0.250,0.100,200000,false,59,64,0.937,12.152,53.446,17.852,-22.529,203.448,200000,1610400,199998,14004,7137,14004,233963,200000,33635,4676,164499,0,82824,117176,33212,2639,0,0,0,1,100.335,192.160,186.683,6.134,13.637,15.714,0.000,0.000,40.925,26.507,0.000,0.000,0.000,0.000,0.000,26.507,0.000,0.000,0.000,0.000,0.000,0.000,0.000,26.197,57.567,5.249,0.000,0.055,19327560,0,67.433,29.351,26.197,0.000,20,0,0.000,Off,ModifiedOnly,0,0,0,0,0,0,false,0,0,0,0,0,0,0,0,0,0,0,0,0,0,0,0.000,0.000,0.000,0.000,0.000,0.000,0.000,0.000,0.000,0.000,0.000,0.000,0.000,0.000,0.000,0.000,0.000,0.000,0.000,0.000
Classic CPU ROAM,classic_cpu_roam,Release,D3D12,NVIDIA GeForce RTX 5090 D,Direct3D 12 (feature level 12_0); requested Agility SDK 614; runtime 6.2.26100.8972 (C:\WINDOWS\SYSTEM32\D3D12Core.dll); driver 32.0.15.9186,false,1280,720,assets/heightmaps/Hm_Terrain_Peking_513.png,547,547,80.000,12.000,20,0.250,0.100,200000,false,60,64,0.952,12.345,55.423,18.310,-17.096,192.688,200000,1613728,199998,15077,7673,15077,233914,200000,33628,5206,177259,0,82765,117235,33668,2412,0,0,0,1,97.373,198.215,192.317,6.499,14.325,21.092,0.000,0.000,40.702,33.898,0.000,0.000,0.000,0.000,0.000,33.898,0.000,0.000,0.000,0.000,0.000,0.000,0.000,27.753,48.045,5.606,0.000,0.054,19066656,0,74.600,35.418,27.753,0.000,20,0,0.000,Off,ModifiedOnly,0,0,0,0,0,0,false,0,0,0,0,0,0,0,0,0,0,0,0,0,0,0,0.000,0.000,0.000,0.000,0.000,0.000,0.000,0.000,0.000,0.000,0.000,0.000,0.000,0.000,0.000,0.000,0.000,0.000,0.000,0.000
Classic CPU ROAM,classic_cpu_roam,Release,D3D12,NVIDIA GeForce RTX 5090 D,Direct3D 12 (feature level 12_0); requested Agility SDK 614; runtime 6.2.26100.8972 (C:\WINDOWS\SYSTEM32\D3D12Core.dll); driver 32.0.15.9186,false,1280,720,assets/heightmaps/Hm_Terrain_Peking_513.png,547,547,80.000,12.000,20,0.250,0.100,200000,false,61,64,0.968,12.544,56.850,18.835,-11.492,198.685,200000,1616268,199998,15566,7957,15566,233818,200000,33577,5724,181255,0,85890,114110,34127,3031,0,0,0,1,104.912,200.054,193.371,5.350,16.012,18.855,0.000,0.000,45.753,33.812,0.000,0.000,0.000,0.000,0.000,33.812,0.000,0.000,0.000,0.000,0.000,0.000,0.000,24.753,48.836,6.386,0.000,0.054,19441632,0,79.565,34.866,24.753,0.000,20,0,0.000,Off,ModifiedOnly,0,0,0,0,0,0,false,0,0,0,0,0,0,0,0,0,0,0,0,0,0,0,0.000,0.000,0.000,0.000,0.000,0.000,0.000,0.000,0.000,0.000,0.000,0.000,0.000,0.000,0.000,0.000,0.000,0.000,0.000,0.000
Classic CPU ROAM,classic_cpu_roam,Release,D3D12,NVIDIA GeForce RTX 5090 D,Direct3D 12 (feature level 12_0); requested Agility SDK 614; runtime 6.2.26100.8972 (C:\WINDOWS\SYSTEM32\D3D12Core.dll); driver 32.0.15.9186,false,1280,720,assets/heightmaps/Hm_Terrain_Peking_513.png,547,547,80.000,12.000,20,0.250,0.100,200000,false,62,64,0.984,12.745,57.712,19.406,-5.775,201.358,200000,1618212,199998,15775,8075,15775,233768,200000,33553,6164,183484,0,87605,112395,34182,3117,0,0,0,1,101.931,236.447,229.708,2.698,15.286,23.358,0.000,0.000,48.343,36.877,0.000,0.000,0.000,0.000,0.000,36.877,0.000,0.000,0.000,0.000,0.000,0.000,0.000,38.907,64.237,6.459,0.000,0.055,19825848,0,85.219,38.645,38.907,0.000,20,0,0.000,Off,ModifiedOnly,0,0,0,0,0,0,false,0,0,0,0,0,0,0,0,0,0,0,0,0,0,0,0.000,0.000,0.000,0.000,0.000,0.000,0.000,0.000,0.000,0.000,0.000,0.000,0.000,0.000,0.000,0.000,0.000,0.000,0.000,0.000
Classic CPU ROAM,classic_cpu_roam,Release,D3D12,NVIDIA GeForce RTX 5090 D,Direct3D 12 (feature level 12_0); requested Agility SDK 614; runtime 6.2.26100.8972 (C:\WINDOWS\SYSTEM32\D3D12Core.dll); driver 32.0.15.9186,false,1280,720,assets/heightmaps/Hm_Terrain_Peking_513.png,547,547,80.000,12.000,20,0.250,0.100,200000,false,63,64,1.000,12.983,58.000,20.000,0.000,237.363,200000,1618212,199998,14237,7228,14237,233858,200000,33558,5847,168875,0,83027,116973,33667,3984,0,0,0,1,99.619,210.312,203.662,9.085,15.344,20.030,0.000,0.000,49.473,34.919,0.000,0.000,0.000,0.000,0.000,34.919,0.000,0.000,0.000,0.000,0.000,0.000,0.000,26.851,47.959,6.360,0.000,0.056,19090512,0,84.392,35.374,26.851,0.000,20,0,0.000,Off,ModifiedOnly,0,0,0,0,0,0,false,0,0,0,0,0,0,0,0,0,0,0,0,0,0,0,0.000,0.000,0.000,0.000,0.000,0.000,0.000,0.000,0.000,0.000,0.000,0.000,0.000,0.000,0.000,0.000,0.000,0.000,0.000,0.000
Data-Oriented CPU ROAM,data_oriented_cpu_roam,Release,D3D12,NVIDIA GeForce RTX 5090 D,Direct3D 12 (feature level 12_0); requested Agility SDK 614; runtime 6.2.26100.8972 (C:\WINDOWS\SYSTEM32\D3D12Core.dll); driver 32.0.15.9186,false,1280,720,assets/heightmaps/Hm_Terrain_Peking_513.png,547,547,80.000,12.000,20,0.250,0.100,200000,false,0,64,0.000,0.000,58.000,20.000,0.000,30.976,199999,399996,199997,0,0,0,233557,199999,33558,0,0,0,0,199999,0,1,0,0,0,8,75.922,41.166,41.159,2.882,2.098,0.003,0.000,0.000,5.280,0.002,0.000,0.000,0.000,0.000,0.000,0.001,0.001,0.000,0.000,0.000,0.000,0.000,0.000,0.216,30.679,0.001,0.000,0.055,0,0,5.281,2.101,0.216,0.000,20,0,0.000,Off,ModifiedOnly,0,0,0,0,0,0,false,0,0,0,0,0,0,0,0,0,0,0,0,0,0,0,0.000,0.000,0.000,0.000,0.000,0.000,0.000,0.000,0.000,0.000,0.000,0.000,0.000,0.000,0.000,0.000,0.000,0.000,0.000,0.000
Data-Oriented CPU ROAM,data_oriented_cpu_roam,Release,D3D12,NVIDIA GeForce RTX 5090 D,Direct3D 12 (feature level 12_0); requested Agility SDK 614; runtime 6.2.26100.8972 (C:\WINDOWS\SYSTEM32\D3D12Core.dll); driver 32.0.15.9186,false,1280,720,assets/heightmaps/Hm_Terrain_Peking_513.png,547,547,80.000,12.000,20,0.250,0.100,200000,false,1,64,0.016,0.041,57.712,20.594,5.775,41.365,199999,427214,199997,13609,6871,13609,233748,199999,33614,5942,159076,0,43425,156574,18978,5943,0,0,0,8,108.396,117.194,115.200,8.125,2.854,21.556,0.000,0.000,7.244,41.718,0.000,0.000,0.000,0.000,0.000,41.718,0.063,0.273,0.137,0.004,1.226,19.845,0.000,8.006,25.696,1.853,0.000,0.054,7295400,0,67.524,24.410,8.006,0.000,20,0,0.000,Off,ModifiedOnly,0,0,0,0,0,0,false,0,0,0,297,0,0,0,0,0,0,0,0,0,0,0,0.000,0.000,0.000,0.000,0.000,0.000,0.000,0.000,0.000,0.000,0.000,0.000,0.000,0.000,0.000,0.000,0.000,0.000,0.000,0.000
Data-Oriented CPU ROAM,data_oriented_cpu_roam,Release,D3D12,NVIDIA GeForce RTX 5090 D,Direct3D 12 (feature level 12_0); requested Agility SDK 614; runtime 6.2.26100.8972 (C:\WINDOWS\SYSTEM32\D3D12Core.dll); driver 32.0.15.9186,false,1280,720,assets/heightmaps/Hm_Terrain_Peking_513.png,547,547,80.000,12.000,20,0.250,0.100,200000,false,2,64,0.032,0.159,56.850,21.165,11.492,117.469,199999,455328,199997,14461,7346,14461,233842,199999,33714,4236,173336,0,75610,124389,26775,4237,0,0,0,8,101.633,95.669,92.075,3.306,2.632,21.524,0.000,0.000,6.221,26.423,0.000,0.000,0.000,0.000,0.000,26.423,0.227,1.275,0.443,0.021,5.660,13.883,0.000,10.187,21.782,3.395,0.000,0.054,12793536,0,41.629,24.155,10.187,0.000,20,0,0.000,Off,ModifiedOnly,0,0,0,0,0,0,false,0,0,0,1085,0,0,0,0,0,0,0,0,0,0,0,0.000,0.000,0.000,0.000,0.000,0.000,0.000,0.000,0.000,0.000,0.000,0.000,0.000,0.000,0.000,0.000,0.000,0.000,0.000,0.000
Data-Oriented CPU ROAM,data_oriented_cpu_roam,Release,D3D12,NVIDIA GeForce RTX 5090 D,Direct3D 12 (feature level 12_0); requested Agility SDK 614; runtime 6.2.26100.8972 (C:\WINDOWS\SYSTEM32\D3D12Core.dll); driver 32.0.15.9186,false,1280,720,assets/heightmaps/Hm_Terrain_Peking_513.png,547,547,80.000,12.000,20,0.250,0.100,200000,false,3,64,0.048,0.255,55.423,21.690,17.096,96.013,199999,484576,199997,15341,7854,15341,234092,199999,33926,3881,185556,0,79309,120690,29157,3882,0,0,0,8,101.266,96.901,92.416,3.218,2.388,22.105,0.000,0.000,5.569,27.278,0.000,0.000,0.000,0.000,0.000,27.278,0.215,1.327,0.491,0.015,6.560,13.478,0.000,9.209,22.649,4.289,0.000,0.057,17873688,0,41.457,24.493,9.209,0.000,20,0,0.000,Off,ModifiedOnly,0,0,0,0,0,0,false,0,0,0,1329,0,0,0,0,0,0,0,0,0,0,0,0.000,0.000,0.000,0.000,0.000,0.000,0.000,0.000,0.000,0.000,0.000,0.000,0.000,0.000,0.000,0.000,0.000,0.000,0.000,0.000
Data-Oriented CPU ROAM,data_oriented_cpu_roam,Release,D3D12,NVIDIA GeForce RTX 5090 D,Direct3D 12 (feature level 12_0); requested Agility SDK 614; runtime 6.2.26100.8972 (C:\WINDOWS\SYSTEM32\D3D12Core.dll); driver 32.0.15.9186,false,1280,720,assets/heightmaps/Hm_Terrain_Peking_513.png,547,547,80.000,12.000,20,0.250,0.100,200000,false,4,64,0.063,0.352,53.446,22.148,22.529,97.482,199999,515872,199997,16557,8422,16557,234322,199999,34139,4242,201391,0,82835,117164,29484,4243,0,0,0,8,206.444,111.801,105.780,2.950,2.792,24.909,0.000,0.000,5.563,34.823,0.000,0.000,0.000,0.000,0.000,34.822,0.235,1.783,0.657,0.017,7.140,15.064,0.000,11.496,23.248,5.794,0.000,0.057,18666984,0,50.621,27.700,11.496,0.000,20,0,0.000,Off,ModifiedOnly,0,0,0,0,0,0,false,0,0,0,1500,0,0,0,0,0,0,0,0,0,0,0,0.000,0.000,0.000,0.000,0.000,0.000,0.000,0.000,0.000,0.000,0.000,0.000,0.000,0.000,0.000,0.000,0.000,0.000,0.000,0.000
Data-Oriented CPU ROAM,data_oriented_cpu_roam,Release,D3D12,NVIDIA GeForce RTX 5090 D,Direct3D 12 (feature level 12_0); requested Agility SDK 614; runtime 6.2.26100.8972 (C:\WINDOWS\SYSTEM32\D3D12Core.dll); driver 32.0.15.9186,false,1280,720,assets/heightmaps/Hm_Terrain_Peking_513.png,547,547,80.000,12.000,20,0.250,0.100,200000,false,5,64,0.079,0.464,50.937,22.520,27.739,112.152,200000,545952,199998,16444,8347,16443,234477,200000,34173,3967,197069,0,83033,116967,31361,3968,0,0,0,8,406.935,112.968,107.354,3.416,2.617,22.899,0.000,0.000,6.255,36.737,0.000,0.000,0.000,0.000,0.000,36.737,0.218,1.725,0.517,0.015,5.664,14.752,0.000,11.984,23.445,5.423,0.000,0.057,18605496,0,54.144,25.516,11.984,0.000,20,0,0.000,Off,ModifiedOnly,0,0,0,0,0,0,false,0,0,0,1501,0,0,0,0,0,0,0,0,0,0,0,0.000,0.000,0.000,0.000,0.000,0.000,0.000,0.000,0.000,0.000,0.000,0.000,0.000,0.000,0.000,0.000,0.000,0.000,0.000,0.000
Data-Oriented CPU ROAM,data_oriented_cpu_roam,Release,D3D12,NVIDIA GeForce RTX 5090 D,Direct3D 12 (feature level 12_0); requested Agility SDK 614; runtime 6.2.26100.8972 (C:\WINDOWS\SYSTEM32\D3D12Core.dll); driver 32.0.15.9186,false,1280,720,assets/heightmaps/Hm_Terrain_Peking_513.png,547,547,80.000,12.000,20,0.250,0.100,200000,false,6,64,0.095,0.578,47.922,22.793,32.673,113.706,199999,573730,199997,15472,7848,15473,234509,199999,34106,4324,185316,0,82608,117391,33073,4325,0,0,0,8,95.365,104.655,98.095,8.597,2.794,19.962,0.000,0.000,6.313,27.588,0.000,0.000,0.000,0.000,0.000,27.588,0.181,1.368,0.589,0.022,4.907,12.883,0.000,9.815,23.026,6.294,0.000,0.057,18447912,0,43.771,22.756,9.815,0.000,20,0,0.000,Off,ModifiedOnly,0,0,0,0,0,0,false,0,0,0,1209,0,0,0,0,0,0,0,0,0,0,0,0.000,0.000,0.000,0.000,0.000,0.000,0.000,0.000,0.000,0.000,0.000,0.000,0.000,0.000,0.000,0.000,0.000,0.000,0.000,0.000
Data-Oriented CPU ROAM,data_oriented_cpu_roam,Release,D3D12,NVIDIA GeForce RTX 5090 D,Direct3D 12 (feature level 12_0); requested Agility SDK 614; runtime 6.2.26100.8972 (C:\WINDOWS\SYSTEM32\D3D12Core.dll); driver 32.0.15.9186,false,1280,720,assets/heightmaps/Hm_Terrain_Peking_513.png,547,547,80.000,12.000,20,0.250,0.100,200000,false,7,64,0.111,0.683,44.431,22.954,37.282,105.090,200000,601082,199998,15849,8037,15848,234498,200000,34174,5324,191255,0,83549,116451,34465,5325,0,0,0,8,274.279,131.864,125.120,3.316,2.717,24.620,0.000,0.000,6.654,47.470,0.000,0.000,0.000,0.000,0.000,47.470,0.174,1.071,0.362,0.011,4.555,18.434,0.000,12.532,27.812,6.482,0.000,0.058,18808608,0,69.168,27.336,12.532,0.000,20,0,0.000,Off,ModifiedOnly,0,0,0,0,0,0,false,0,0,0,932,0,0,0,0,0,0,0,0,0,0,0,0.000,0.000,0.000,0.000,0.000,0.000,0.000,0.000,0.000,0.000,0.000,0.000,0.000,0.000,0.000,0.000,0.000,0.000,0.000,0.000
Data-Oriented CPU ROAM,data_oriented_cpu_roam,Release,D3D12,NVIDIA GeForce RTX 5090 D,Direct3D 12 (feature level 12_0); requested Agility SDK 614; runtime 6.2.26100.8972 (C:\WINDOWS\SYSTEM32\D3D12Core.dll); driver 32.0.15.9186,false,1280,720,assets/heightmaps/Hm_Terrain_Peking_513.png,547,547,80.000,12.000,20,0.250,0.100,200000,false,8,64,0.127,0.816,40.498,22.999,41.520,132.266,199999,627898,199997,16040,8141,16041,234356,199999,34196,6160,187607,0,85736,114263,35724,6161,0,0,0,8,193.189,111.857,104.931,3.368,2.847,22.320,0.000,0.000,6.743,33.272,0.000,0.000,0.000,0.000,0.000,33.272,0.131,0.849,0.355,0.004,3.155,17.818,0.000,10.663,25.717,6.672,0.000,0.059,19141752,0,56.099,25.167,10.663,0.000,20,0,0.000,Off,ModifiedOnly,0,0,0,0,0,0,false,0,0,0,685,0,0,0,0,0,0,0,0,0,0,0,0.000,0.000,0.000,0.000,0.000,0.000,0.000,0.000,0.000,0.000,0.000,0.000,0.000,0.000,0.000,0.000,0.000,0.000,0.000,0.000
Data-Oriented CPU ROAM,data_oriented_cpu_roam,Release,D3D12,NVIDIA GeForce RTX 5090 D,Direct3D 12 (feature level 12_0); requested Agility SDK 614; runtime 6.2.26100.8972 (C:\WINDOWS\SYSTEM32\D3D12Core.dll); driver 32.0.15.9186,false,1280,720,assets/heightmaps/Hm_Terrain_Peking_513.png,547,547,80.000,12.000,20,0.250,0.100,200000,false,9,64,0.143,0.928,36.162,22.925,45.346,112.249,199999,654588,199997,16360,8241,16360,234311,199999,34043,6794,190397,0,86960,113039,37077,6795,0,0,0,8,201.851,106.080,100.435,3.288,2.613,20.911,0.000,0.000,6.160,29.987,0.000,0.000,0.000,0.000,0.000,29.987,0.101,0.628,0.401,0.006,2.499,17.267,0.000,11.963,25.512,5.406,0.000,0.057,19666416,0,51.593,23.524,11.963,0.000,20,0,0.000,Off,ModifiedOnly,0,0,0,0,0,0,false,0,0,0,503,0,0,0,0,0,0,0,0,0,0,0,0.000,0.000,0.000,0.000,0.000,0.000,0.000,0.000,0.000,0.000,0.000,0.000,0.000,0.000,0.000,0.000,0.000,0.000,0.000,0.000
Data-Oriented CPU ROAM,data_oriented_cpu_roam,Release,D3D12,NVIDIA GeForce RTX 5090 D,Direct3D 12 (feature level 12_0); requested Agility SDK 614; runtime 6.2.26100.8972 (C:\WINDOWS\SYSTEM32\D3D12Core.dll); driver 32.0.15.9186,false,1280,720,assets/heightmaps/Hm_Terrain_Peking_513.png,547,547,80.000,12.000,20,0.250,0.100,200000,false,10,64,0.159,1.034,31.468,22.735,48.722,106.484,200000,678670,199998,15541,7903,15540,234064,200000,33859,6816,183005,0,86172,113828,37885,6817,0,0,0,8,301.939,110.840,103.257,3.224,2.812,21.638,0.000,0.000,5.775,32.358,0.000,0.000,0.000,0.000,0.000,32.358,0.060,0.392,0.206,0.003,1.653,19.315,0.000,12.297,25.153,7.283,0.000,0.058,19581408,0,56.218,24.449,12.297,0.000,20,0,0.000,Off,ModifiedOnly,0,0,0,0,0,0,false,0,0,0,366,0,0,0,0,0,0,0,0,0,0,0,0.000,0.000,0.000,0.000,0.000,0.000,0.000,0.000,0.000,0.000,0.000,0.000,0.000,0.000,0.000,0.000,0.000,0.000,0.000,0.000
Data-Oriented CPU ROAM,data_oriented_cpu_roam,Release,D3D12,NVIDIA GeForce RTX 5090 D,Direct3D 12 (feature level 12_0); requested Agility SDK 614; runtime 6.2.26100.8972 (C:\WINDOWS\SYSTEM32\D3D12Core.dll); driver 32.0.15.9186,false,1280,720,assets/heightmaps/Hm_Terrain_Peking_513.png,547,547,80.000,12.000,20,0.250,0.100,200000,false,11,64,0.175,1.146,26.460,22.436,51.613,111.258,199999,700592,199997,14496,7420,14497,233892,199999,33756,5778,171324,0,84741,115258,38545,5779,0,0,0,8,96.253,103.569,97.162,3.267,3.052,20.602,0.000,0.000,6.658,26.827,0.000,0.000,0.000,0.000,0.000,26.827,0.122,0.677,0.335,0.007,2.813,16.627,0.000,11.662,25.093,6.110,0.000,0.057,19450704,0,47.740,23.653,11.662,0.000,20,0,0.000,Off,ModifiedOnly,0,0,0,0,0,0,false,0,0,0,580,0,0,0,0,0,0,0,0,0,0,0,0.000,0.000,0.000,0.000,0.000,0.000,0.000,0.000,0.000,0.000,0.000,0.000,0.000,0.000,0.000,0.000,0.000,0.000,0.000,0.000
Data-Oriented CPU ROAM,data_oriented_cpu_roam,Release,D3D12,NVIDIA GeForce RTX 5090 D,Direct3D 12 (feature level 12_0); requested Agility SDK 614; runtime 6.2.26100.8972 (C:\WINDOWS\SYSTEM32\D3D12Core.dll); driver 32.0.15.9186,false,1280,720,assets/heightmaps/Hm_Terrain_Peking_513.png,547,547,80.000,12.000,20,0.250,0.100,200000,false,12,64,0.190,1.249,21.190,22.041,53.991,103.968,200000,721734,199998,14367,7329,14366,233943,200000,33694,5388,171299,0,80379,119621,38260,5389,0,0,0,8,187.004,116.003,108.378,3.249,3.037,20.303,0.000,0.000,6.764,30.768,0.000,0.000,0.000,0.000,0.000,30.767,0.114,0.756,0.450,0.003,2.415,16.556,0.000,11.269,32.989,7.327,0.000,0.059,19049016,0,52.406,23.340,11.269,0.000,20,0,0.000,Off,ModifiedOnly,0,0,0,0,0,0,false,0,0,0,646,0,0,0,0,0,0,0,0,0,0,0,0.000,0.000,0.000,0.000,0.000,0.000,0.000,0.000,0.000,0.000,0.000,0.000,0.000,0.000,0.000,0.000,0.000,0.000,0.000,0.000
Data-Oriented CPU ROAM,data_oriented_cpu_roam,Release,D3D12,NVIDIA GeForce RTX 5090 D,Direct3D 12 (feature level 12_0); requested Agility SDK 614; runtime 6.2.26100.8972 (C:\WINDOWS\SYSTEM32\D3D12Core.dll); driver 32.0.15.9186,false,1280,720,assets/heightmaps/Hm_Terrain_Peking_513.png,547,547,80.000,12.000,20,0.250,0.100,200000,false,13,64,0.206,1.366,15.709,21.564,55.832,116.401,200000,745072,199998,15353,7804,15353,233853,200000,33627,5584,180389,0,82504,117496,38974,5585,0,0,0,8,103.215,113.663,105.736,3.392,2.951,22.098,0.000,0.000,6.460,30.459,0.000,0.000,0.000,0.000,0.000,30.459,0.127,0.830,0.542,0.004,3.417,17.165,0.000,11.935,28.440,7.635,0.000,0.058,18614568,0,51.239,25.049,11.935,0.000,20,0,0.000,Off,ModifiedOnly,0,0,0,0,0,0,false,0,0,0,728,0,0,0,0,0,0,0,0,0,0,0,0.000,0.000,0.000,0.000,0.000,0.000,0.000,0.000,0.000,0.000,0.000,0.000,0.000,0.000,0.000,0.000,0.000,0.000,0.000,0.000
Data-Oriented CPU ROAM,data_oriented_cpu_roam,Release,D3D12,NVIDIA GeForce RTX 5090 D,Direct3D 12 (feature level 12_0); requested Agility SDK 614; runtime 6.2.26100.8972 (C:\WINDOWS\SYSTEM32\D3D12Core.dll); driver 32.0.15.9186,false,1280,720,assets/heightmaps/Hm_Terrain_Peking_513.png,547,547,80.000,12.000,20,0.250,0.100,200000,false,14,64,0.222,1.480,10.072,21.026,57.119,114.303,200000,770358,199998,16206,8304,16206,233908,200000,33565,5787,190490,0,86191,113809,39662,5788,0,0,0,8,99.783,132.456,125.087,9.709,3.092,25.889,0.000,0.000,6.705,35.719,0.000,0.000,0.000,0.000,0.000,35.718,0.195,0.973,0.502,0.008,3.896,20.292,0.000,12.128,31.846,7.138,0.000,0.059,19273632,0,59.742,28.980,12.128,0.000,20,0,0.000,Off,ModifiedOnly,0,0,0,0,0,0,false,0,0,0,751,0,0,0,0,0,0,0,0,0,0,0,0.000,0.000,0.000,0.000,0.000,0.000,0.000,0.000,0.000,0.000,0.000,0.000,0.000,0.000,0.000,0.000,0.000,0.000,0.000,0.000
Data-Oriented CPU ROAM,data_oriented_cpu_roam,Release,D3D12,NVIDIA GeForce RTX 5090 D,Direct3D 12 (feature level 12_0); requested Agility SDK 614; runtime 6.2.26100.8972 (C:\WINDOWS\SYSTEM32\D3D12Core.dll); driver 32.0.15.9186,false,1280,720,assets/heightmaps/Hm_Terrain_Peking_513.png,547,547,80.000,12.000,20,0.250,0.100,200000,false,15,64,0.238,1.613,4.334,20.447,57.838,132.897,199999,795980,199997,16398,8303,16399,233659,199999,33433,5579,191619,0,85935,114064,39626,5580,0,0,0,8,89.529,110.537,104.522,3.575,3.080,23.790,0.000,0.000,6.671,31.343,0.000,0.000,0.000,0.000,0.000,31.343,0.157,0.871,0.377,0.008,3.683,18.682,0.000,12.876,23.187,5.774,0.000,0.059,19383840,0,53.053,26.869,12.876,0.000,20,0,0.000,Off,ModifiedOnly,0,0,0,0,0,0,false,0,0,0,886,0,0,0,0,0,0,0,0,0,0,0,0.000,0.000,0.000,0.000,0.000,0.000,0.000,0.000,0.000,0.000,0.000,0.000,0.000,0.000,0.000,0.000,0.000,0.000,0.000,0.000
Data-Oriented CPU ROAM,data_oriented_cpu_roam,Release,D3D12,NVIDIA GeForce RTX 5090 D,Direct3D 12 (feature level 12_0); requested Agility SDK 614; runtime 6.2.26100.8972 (C:\WINDOWS\SYSTEM32\D3D12Core.dll); driver 32.0.15.9186,false,1280,720,assets/heightmaps/Hm_Terrain_Peking_513.png,547,547,80.000,12.000,20,0.250,0.100,200000,false,16,64,0.254,1.724,-1.446,19.850,57.982,110.951,200000,822444,199998,15856,7931,15855,233704,200000,33504,5255,188074,0,83318,116682,39335,5256,0,0,0,8,99.818,117.016,109.347,3.193,2.724,27.425,0.000,0.000,7.296,33.561,0.000,0.000,0.000,0.000,0.000,33.561,0.170,1.168,0.734,0.015,4.759,20.565,0.000,11.479,23.668,7.384,0.000,0.059,18809616,0,57.353,30.149,11.479,0.000,20,0,0.000,Off,ModifiedOnly,0,0,0,0,0,0,false,0,0,0,1021,0,0,0,0,0,0,0,0,0,0,0,0.000,0.000,0.000,0.000,0.000,0.000,0.000,0.000,0.000,0.000,0.000,0.000,0.000,0.000,0.000,0.000,0.000,0.000,0.000,0.000
Data-Oriented CPU ROAM,data_oriented_cpu_roam,Release,D3D12,NVIDIA GeForce RTX 5090 D,Direct3D 12 (feature level 12_0); requested Agility SDK 614; runtime 6.2.26100.8972 (C:\WINDOWS\SYSTEM32\D3D12Core.dll); driver 32.0.15.9186,false,1280,720,assets/heightmaps/Hm_Terrain_Peking_513.png,547,547,80.000,12.000,20,0.250,0.100,200000,false,17,64,0.270,1.841,-7.212,19.260,57.550,117.385,199999,847018,199997,14298,7231,14299,233572,199999,33441,5127,167266,0,78583,121416,38735,5128,0,0,0,8,182.913,118.494,110.820,2.478,2.829,22.384,0.000,0.000,7.091,29.360,0.000,0.000,0.000,0.000,0.000,29.360,0.159,0.945,0.418,0.005,3.860,16.983,0.000,11.150,35.527,7.381,0.000,0.059,18465720,0,50.796,25.213,11.150,0.000,20,0,0.000,Off,ModifiedOnly,0,0,0,0,0,0,false,0,0,0,802,0,0,0,0,0,0,0,0,0,0,0,0.000,0.000,0.000,0.000,0.000,0.000,0.000,0.000,0.000,0.000,0.000,0.000,0.000,0.000,0.000,0.000,0.000,0.000,0.000,0.000
Data-Oriented CPU ROAM,data_oriented_cpu_roam,Release,D3D12,NVIDIA GeForce RTX 5090 D,Direct3D 12 (feature level 12_0); requested Agility SDK 614; runtime 6.2.26100.8972 (C:\WINDOWS\SYSTEM32\D3D12Core.dll); driver 32.0.15.9186,false,1280,720,assets/heightmaps/Hm_Terrain_Peking_513.png,547,547,80.000,12.000,20,0.250,0.100,200000,false,18,64,0.286,1.960,-12.906,18.698,56.546,118.912,199999,871604,199997,14981,7663,14981,233779,199999,33658,4708,178727,0,78056,121943,38822,4709,0,0,0,8,119.399,111.575,104.458,3.445,2.892,22.947,0.000,0.000,6.527,30.199,0.000,0.000,0.000,0.000,0.000,30.198,0.176,1.130,0.331,0.011,4.718,16.567,0.000,10.966,27.482,6.822,0.000,0.058,18066552,0,49.509,25.839,10.966,0.000,20,0,0.000,Off,ModifiedOnly,0,0,0,0,0,0,false,0,0,0,979,0,0,0,0,0,0,0,0,0,0,0,0.000,0.000,0.000,0.000,0.000,0.000,0.000,0.000,0.000,0.000,0.000,0.000,0.000,0.000,0.000,0.000,0.000,0.000,0.000,0.000
Data-Oriented CPU ROAM,data_oriented_cpu_roam,Release,D3D12,NVIDIA GeForce RTX 5090 D,Direct3D 12 (feature level 12_0); requested Agility SDK 614; runtime 6.2.26100.8972 (C:\WINDOWS\SYSTEM32\D3D12Core.dll); driver 32.0.15.9186,false,1280,720,assets/heightmaps/Hm_Terrain_Peking_513.png,547,547,80.000,12.000,20,0.250,0.100,200000,false,19,64,0.302,2.072,-18.472,18.189,54.980,111.976,200000,899688,199998,17923,9200,17922,233769,200000,33508,4576,209181,0,82006,117994,39304,4577,0,0,0,8,289.564,120.870,113.070,3.146,2.954,28.943,0.000,0.000,6.524,35.680,0.000,0.000,0.000,0.000,0.000,35.680,0.235,1.578,0.570,0.024,8.233,18.284,0.000,10.615,25.208,7.492,0.000,0.058,18592728,0,54.625,31.897,10.615,0.000,20,0,0.000,Off,ModifiedOnly,0,0,0,0,0,0,false,0,0,0,1605,0,0,0,0,0,0,0,0,0,0,0,0.000,0.000,0.000,0.000,0.000,0.000,0.000,0.000,0.000,0.000,0.000,0.000,0.000,0.000,0.000,0.000,0.000,0.000,0.000,0.000
Data-Oriented CPU ROAM,data_oriented_cpu_roam,Release,D3D12,NVIDIA GeForce RTX 5090 D,Direct3D 12 (feature level 12_0); requested Agility SDK 614; runtime 6.2.26100.8972 (C:\WINDOWS\SYSTEM32\D3D12Core.dll); driver 32.0.15.9186,false,1280,720,assets/heightmaps/Hm_Terrain_Peking_513.png,547,547,80.000,12.000,20,0.250,0.100,200000,false,20,64,0.317,2.194,-23.855,17.751,52.867,121.277,199999,927200,199997,18182,9182,18183,233841,199999,33465,4638,211870,0,84250,115749,40095,4639,0,0,0,8,175.680,150.045,142.045,3.422,2.702,27.294,0.000,0.000,6.618,57.173,0.000,0.000,0.000,0.000,0.000,57.172,0.215,1.813,0.720,0.024,7.400,17.105,0.000,12.359,32.476,7.696,0.000,0.058,18788112,0,76.239,29.997,12.359,0.000,20,0,0.000,Off,ModifiedOnly,0,0,0,0,0,0,false,0,0,0,1541,0,0,0,0,0,0,0,0,0,0,0,0.000,0.000,0.000,0.000,0.000,0.000,0.000,0.000,0.000,0.000,0.000,0.000,0.000,0.000,0.000,0.000,0.000,0.000,0.000,0.000
Data-Oriented CPU ROAM,data_oriented_cpu_roam,Release,D3D12,NVIDIA GeForce RTX 5090 D,Direct3D 12 (feature level 12_0); requested Agility SDK 614; runtime 6.2.26100.8972 (C:\WINDOWS\SYSTEM32\D3D12Core.dll); driver 32.0.15.9186,false,1280,720,assets/heightmaps/Hm_Terrain_Peking_513.png,547,547,80.000,12.000,20,0.250,0.100,200000,false,21,64,0.333,2.344,-29.000,17.402,50.229,150.508,199999,954126,199997,17457,8796,17457,233802,199999,33473,4409,204084,0,87762,112237,41144,4410,0,0,0,8,95.469,121.287,114.292,7.906,2.635,25.994,0.000,0.000,6.136,33.655,0.000,0.000,0.000,0.000,0.000,33.655,0.214,1.591,0.815,0.016,6.685,16.658,0.000,13.135,24.832,6.658,0.000,0.058,19107648,0,51.582,28.628,13.135,0.000,20,0,0.000,Off,ModifiedOnly,0,0,0,0,0,0,false,0,0,0,1454,0,0,0,0,0,0,0,0,0,0,0,0.000,0.000,0.000,0.000,0.000,0.000,0.000,0.000,0.000,0.000,0.000,0.000,0.000,0.000,0.000,0.000,0.000,0.000,0.000,0.000
Data-Oriented CPU ROAM,data_oriented_cpu_roam,Release,D3D12,NVIDIA GeForce RTX 5090 D,Direct3D 12 (feature level 12_0); requested Agility SDK 614; runtime 6.2.26100.8972 (C:\WINDOWS\SYSTEM32\D3D12Core.dll); driver 32.0.15.9186,false,1280,720,assets/heightmaps/Hm_Terrain_Peking_513.png,547,547,80.000,12.000,20,0.250,0.100,200000,false,22,64,0.349,2.466,-33.857,17.156,47.092,121.689,199999,978124,199997,16428,8321,16428,233796,199999,33444,4742,190907,0,87970,112029,41456,4743,0,0,0,8,196.246,126.956,119.159,3.355,2.701,26.696,0.000,0.000,6.445,32.912,0.000,0.000,0.000,0.000,0.000,32.911,0.186,1.393,0.627,0.005,5.651,18.818,0.000,12.456,34.594,7.466,0.000,0.059,19516392,0,53.655,29.397,12.456,0.000,20,0,0.000,Off,ModifiedOnly,0,0,0,0,0,0,false,0,0,0,1151,0,0,0,0,0,0,0,0,0,0,0,0.000,0.000,0.000,0.000,0.000,0.000,0.000,0.000,0.000,0.000,0.000,0.000,0.000,0.000,0.000,0.000,0.000,0.000,0.000,0.000
Data-Oriented CPU ROAM,data_oriented_cpu_roam,Release,D3D12,NVIDIA GeForce RTX 5090 D,Direct3D 12 (feature level 12_0); requested Agility SDK 614; runtime 6.2.26100.8972 (C:\WINDOWS\SYSTEM32\D3D12Core.dll); driver 32.0.15.9186,false,1280,720,assets/heightmaps/Hm_Terrain_Peking_513.png,547,547,80.000,12.000,20,0.250,0.100,200000,false,23,64,0.365,2.593,-38.378,17.023,43.487,127.451,200000,1001018,199998,16207,8213,16206,233711,200000,33422,5315,187623,0,84075,115925,41387,5316,0,0,0,8,211.163,117.671,110.769,5.492,2.750,22.438,0.000,0.000,6.935,31.426,0.000,0.000,0.000,0.000,0.000,31.426,0.172,1.115,0.485,0.019,4.055,16.578,0.000,12.189,29.538,6.629,0.000,0.057,19711272,0,51.287,25.188,12.189,0.000,20,0,0.000,Off,ModifiedOnly,0,0,0,0,0,0,false,0,0,0,902,0,0,0,0,0,0,0,0,0,0,0,0.000,0.000,0.000,0.000,0.000,0.000,0.000,0.000,0.000,0.000,0.000,0.000,0.000,0.000,0.000,0.000,0.000,0.000,0.000,0.000
Data-Oriented CPU ROAM,data_oriented_cpu_roam,Release,D3D12,NVIDIA GeForce RTX 5090 D,Direct3D 12 (feature level 12_0); requested Agility SDK 614; runtime 6.2.26100.8972 (C:\WINDOWS\SYSTEM32\D3D12Core.dll); driver 32.0.15.9186,false,1280,720,assets/heightmaps/Hm_Terrain_Peking_513.png,547,547,80.000,12.000,20,0.250,0.100,200000,false,24,64,0.381,2.711,-42.517,17.008,39.450,118.101,199999,1023700,199997,16737,8552,16738,233540,199999,33351,6071,189766,0,84180,115819,41790,6072,0,0,0,8,140.810,119.147,110.679,8.130,2.630,21.007,0.000,0.000,6.949,30.960,0.000,0.000,0.000,0.000,0.000,30.960,0.147,0.743,0.366,0.012,3.412,16.313,0.000,12.475,28.528,8.121,0.000,0.057,19607616,0,52.191,23.637,12.475,0.000,20,0,0.000,Off,ModifiedOnly,0,0,0,0,0,0,false,0,0,0,786,0,0,0,0,0,0,0,0,0,0,0,0.000,0.000,0.000,0.000,0.000,0.000,0.000,0.000,0.000,0.000,0.000,0.000,0.000,0.000,0.000,0.000,0.000,0.000,0.000,0.000
Data-Oriented CPU ROAM,data_oriented_cpu_roam,Release,D3D12,NVIDIA GeForce RTX 5090 D,Direct3D 12 (feature level 12_0); requested Agility SDK 614; runtime 6.2.26100.8972 (C:\WINDOWS\SYSTEM32\D3D12Core.dll); driver 32.0.15.9186,false,1280,720,assets/heightmaps/Hm_Terrain_Peking_513.png,547,547,80.000,12.000,20,0.250,0.100,200000,false,25,64,0.397,2.831,-46.234,17.112,35.021,119.575,200000,1047560,199998,18664,9442,18663,233609,200000,33413,6131,214997,0,88013,111987,42135,6132,0,0,0,8,98.429,118.027,110.864,9.434,2.851,23.128,0.000,0.000,6.910,32.293,0.000,0.000,0.000,0.000,0.000,32.293,0.136,1.020,0.725,0.010,4.188,17.039,0.000,12.710,23.537,6.841,0.000,0.058,19908000,0,52.594,25.979,12.710,0.000,20,0,0.000,Off,ModifiedOnly,0,0,0,0,0,0,false,0,0,0,1111,0,0,0,0,0,0,0,0,0,0,0,0.000,0.000,0.000,0.000,0.000,0.000,0.000,0.000,0.000,0.000,0.000,0.000,0.000,0.000,0.000,0.000,0.000,0.000,0.000,0.000
Data-Oriented CPU ROAM,data_oriented_cpu_roam,Release,D3D12,NVIDIA GeForce RTX 5090 D,Direct3D 12 (feature level 12_0); requested Agility SDK 614; runtime 6.2.26100.8972 (C:\WINDOWS\SYSTEM32\D3D12Core.dll); driver 32.0.15.9186,false,1280,720,assets/heightmaps/Hm_Terrain_Peking_513.png,547,547,80.000,12.000,20,0.250,0.100,200000,false,26,64,0.413,2.949,-49.491,17.330,30.243,118.423,200000,1071046,199998,17064,8616,17064,233732,200000,33495,5302,199638,0,88200,111800,42552,5303,0,0,0,8,300.027,117.172,109.142,2.717,2.746,23.840,0.000,0.000,6.813,32.418,0.000,0.000,0.000,0.000,0.000,32.418,0.184,1.274,0.500,0.017,5.110,16.742,0.000,13.186,27.422,7.759,0.000,0.057,19875576,0,52.899,26.587,13.186,0.000,20,0,0.000,Off,ModifiedOnly,0,0,0,0,0,0,false,0,0,0,1053,0,0,0,0,0,0,0,0,0,0,0,0.000,0.000,0.000,0.000,0.000,0.000,0.000,0.000,0.000,0.000,0.000,0.000,0.000,0.000,0.000,0.000,0.000,0.000,0.000,0.000
Data-Oriented CPU ROAM,data_oriented_cpu_roam,Release,D3D12,NVIDIA GeForce RTX 5090 D,Direct3D 12 (feature level 12_0); requested Agility SDK 614; runtime 6.2.26100.8972 (C:\WINDOWS\SYSTEM32\D3D12Core.dll); driver 32.0.15.9186,false,1280,720,assets/heightmaps/Hm_Terrain_Peking_513.png,547,547,80.000,12.000,20,0.250,0.100,200000,false,27,64,0.429,3.067,-52.256,17.655,25.165,117.603,199999,1092704,199997,15121,7684,15122,233813,199999,33476,4966,179266,0,85278,114721,42517,4967,0,0,0,8,103.141,113.273,105.782,3.298,2.632,24.364,0.000,0.000,6.577,32.649,0.000,0.000,0.000,0.000,0.000,32.649,0.166,1.081,0.499,0.012,4.358,18.235,0.000,11.040,25.223,7.162,0.000,0.057,19710768,0,53.821,26.996,11.040,0.000,20,0,0.000,Off,ModifiedOnly,0,0,0,0,0,0,false,0,0,0,890,0,0,0,0,0,0,0,0,0,0,0,0.000,0.000,0.000,0.000,0.000,0.000,0.000,0.000,0.000,0.000,0.000,0.000,0.000,0.000,0.000,0.000,0.000,0.000,0.000,0.000
Data-Oriented CPU ROAM,data_oriented_cpu_roam,Release,D3D12,NVIDIA GeForce RTX 5090 D,Direct3D 12 (feature level 12_0); requested Agility SDK 614; runtime 6.2.26100.8972 (C:\WINDOWS\SYSTEM32\D3D12Core.dll); driver 32.0.15.9186,false,1280,720,assets/heightmaps/Hm_Terrain_Peking_513.png,547,547,80.000,12.000,20,0.250,0.100,200000,false,28,64,0.444,3.181,-54.502,18.072,19.837,113.647,200000,1113206,199998,14336,7290,14335,233772,200000,33465,4834,169510,0,81031,118969,42657,4835,0,0,0,8,102.582,115.003,106.318,3.151,2.827,20.887,0.000,0.000,6.539,29.821,0.000,0.000,0.000,0.000,0.000,29.821,0.157,0.990,0.328,0.004,4.116,15.280,0.000,12.070,31.023,8.328,0.000,0.058,19044144,0,48.595,23.713,12.070,0.000,20,0,0.000,Off,ModifiedOnly,0,0,0,0,0,0,false,0,0,0,848,0,0,0,0,0,0,0,0,0,0,0,0.000,0.000,0.000,0.000,0.000,0.000,0.000,0.000,0.000,0.000,0.000,0.000,0.000,0.000,0.000,0.000,0.000,0.000,0.000,0.000
Data-Oriented CPU ROAM,data_oriented_cpu_roam,Release,D3D12,NVIDIA GeForce RTX 5090 D,Direct3D 12 (feature level 12_0); requested Agility SDK 614; runtime 6.2.26100.8972 (C:\WINDOWS\SYSTEM32\D3D12Core.dll); driver 32.0.15.9186,false,1280,720,assets/heightmaps/Hm_Terrain_Peking_513.png,547,547,80.000,12.000,20,0.250,0.100,200000,false,29,64,0.460,3.296,-56.206,18.565,14.312,115.408,200000,1134926,199998,15312,7824,15312,233718,200000,33572,5365,181397,0,82768,117232,43258,5366,0,0,0,8,98.795,118.274,110.501,9.006,2.858,22.291,0.000,0.000,6.304,31.397,0.000,0.000,0.000,0.000,0.000,31.396,0.134,0.870,0.376,0.005,3.716,17.176,0.000,12.655,25.991,7.511,0.000,0.057,19001136,0,51.834,25.149,12.655,0.000,20,0,0.000,Off,ModifiedOnly,0,0,0,0,0,0,false,0,0,0,789,0,0,0,0,0,0,0,0,0,0,0,0.000,0.000,0.000,0.000,0.000,0.000,0.000,0.000,0.000,0.000,0.000,0.000,0.000,0.000,0.000,0.000,0.000,0.000,0.000,0.000
Data-Oriented CPU ROAM,data_oriented_cpu_roam,Release,D3D12,NVIDIA GeForce RTX 5090 D,Direct3D 12 (feature level 12_0); requested Agility SDK 614; runtime 6.2.26100.8972 (C:\WINDOWS\SYSTEM32\D3D12Core.dll); driver 32.0.15.9186,false,1280,720,assets/heightmaps/Hm_Terrain_Peking_513.png,547,547,80.000,12.000,20,0.250,0.100,200000,false,30,64,0.476,3.415,-57.352,19.116,8.644,118.667,200000,1156264,199998,15483,7916,15483,233751,200000,33515,5638,181205,0,84963,115037,43790,5639,0,0,0,8,105.713,109.810,103.260,2.415,2.882,23.421,0.000,0.000,6.274,30.765,0.000,0.000,0.000,0.000,0.000,30.765,0.165,0.882,0.317,0.007,3.387,18.644,0.000,12.618,24.885,6.294,0.000,0.058,19337472,0,52.649,26.303,12.618,0.000,20,0,0.000,Off,ModifiedOnly,0,0,0,0,0,0,false,0,0,0,721,0,0,0,0,0,0,0,0,0,0,0,0.000,0.000,0.000,0.000,0.000,0.000,0.000,0.000,0.000,0.000,0.000,0.000,0.000,0.000,0.000,0.000,0.000,0.000,0.000,0.000
Data-Oriented CPU ROAM,data_oriented_cpu_roam,Release,D3D12,NVIDIA GeForce RTX 5090 D,Direct3D 12 (feature level 12_0); requested Agility SDK 614; runtime 6.2.26100.8972 (C:\WINDOWS\SYSTEM32\D3D12Core.dll); driver 32.0.15.9186,false,1280,720,assets/heightmaps/Hm_Terrain_Peking_513.png,547,547,80.000,12.000,20,0.250,0.100,200000,false,31,64,0.492,3.525,-57.928,19.701,2.891,110.214,199999,1177014,199997,15569,7932,15570,233689,199999,33631,6012,182599,0,85540,114459,43664,6013,0,0,0,8,100.082,116.358,109.026,2.687,2.932,22.548,0.000,0.000,6.874,32.850,0.000,0.000,0.000,0.000,0.000,32.850,0.113,0.727,0.349,0.004,2.935,18.408,0.000,11.942,29.193,7.002,0.000,0.058,19388208,0,55.782,25.480,11.942,0.000,20,0,0.000,Off,ModifiedOnly,0,0,0,0,0,0,false,0,0,0,631,0,0,0,0,0,0,0,0,0,0,0,0.000,0.000,0.000,0.000,0.000,0.000,0.000,0.000,0.000,0.000,0.000,0.000,0.000,0.000,0.000,0.000,0.000,0.000,0.000,0.000
Data-Oriented CPU ROAM,data_oriented_cpu_roam,Release,D3D12,NVIDIA GeForce RTX 5090 D,Direct3D 12 (feature level 12_0); requested Agility SDK 614; runtime 6.2.26100.8972 (C:\WINDOWS\SYSTEM32\D3D12Core.dll); driver 32.0.15.9186,false,1280,720,assets/heightmaps/Hm_Terrain_Peking_513.png,547,547,80.000,12.000,20,0.250,0.100,200000,false,32,64,0.508,3.642,-57.928,20.299,-2.891,116.751,199999,1196014,199997,14598,7361,14598,233842,199999,33534,5976,172573,0,81373,118626,43257,5977,0,0,0,8,196.542,119.026,111.049,3.549,2.797,24.448,0.000,0.000,6.458,33.839,0.000,0.000,0.000,0.000,0.000,33.838,0.107,0.634,0.432,0.004,2.581,20.678,0.000,13.438,26.521,7.661,0.000,0.058,18808272,0,59.242,27.245,13.438,0.000,20,0,0.000,Off,ModifiedOnly,0,0,0,0,0,0,false,0,0,0,541,0,0,0,0,0,0,0,0,0,0,0,0.000,0.000,0.000,0.000,0.000,0.000,0.000,0.000,0.000,0.000,0.000,0.000,0.000,0.000,0.000,0.000,0.000,0.000,0.000,0.000
Data-Oriented CPU ROAM,data_oriented_cpu_roam,Release,D3D12,NVIDIA GeForce RTX 5090 D,Direct3D 12 (feature level 12_0); requested Agility SDK 614; runtime 6.2.26100.8972 (C:\WINDOWS\SYSTEM32\D3D12Core.dll); driver 32.0.15.9186,false,1280,720,assets/heightmaps/Hm_Terrain_Peking_513.png,547,547,80.000,12.000,20,0.250,0.100,200000,false,33,64,0.524,3.761,-57.352,20.884,-8.644,119.425,199999,1214828,199997,13220,6709,13220,233707,199999,33635,5268,156377,0,76801,123198,42595,5269,0,0,0,8,293.274,103.326,95.699,3.428,3.021,17.977,0.000,0.000,7.154,25.847,0.000,0.000,0.000,0.000,0.000,25.846,0.104,0.559,0.272,0.004,2.429,14.596,0.000,10.805,27.467,7.366,0.000,0.058,18210528,0,45.700,20.999,10.805,0.000,20,0,0.000,Off,ModifiedOnly,0,0,0,0,0,0,false,0,0,0,475,0,0,0,0,0,0,0,0,0,0,0,0.000,0.000,0.000,0.000,0.000,0.000,0.000,0.000,0.000,0.000,0.000,0.000,0.000,0.000,0.000,0.000,0.000,0.000,0.000,0.000
Data-Oriented CPU ROAM,data_oriented_cpu_roam,Release,D3D12,NVIDIA GeForce RTX 5090 D,Direct3D 12 (feature level 12_0); requested Agility SDK 614; runtime 6.2.26100.8972 (C:\WINDOWS\SYSTEM32\D3D12Core.dll); driver 32.0.15.9186,false,1280,720,assets/heightmaps/Hm_Terrain_Peking_513.png,547,547,80.000,12.000,20,0.250,0.100,200000,false,34,64,0.540,3.865,-56.206,21.435,-14.312,103.746,200000,1233758,199998,15182,7732,15181,233802,200000,33571,3810,180851,0,78248,121752,42008,3811,0,0,0,8,129.986,115.913,107.921,3.244,2.670,24.464,0.000,0.000,6.542,33.669,0.000,0.000,0.000,0.000,0.000,33.669,0.302,1.643,0.628,0.008,6.440,15.424,0.000,10.410,26.922,7.664,0.000,0.059,17947440,0,50.581,27.134,10.410,0.000,20,0,0.000,Off,ModifiedOnly,0,0,0,0,0,0,false,0,0,0,1364,0,0,0,0,0,0,0,0,0,0,0,0.000,0.000,0.000,0.000,0.000,0.000,0.000,0.000,0.000,0.000,0.000,0.000,0.000,0.000,0.000,0.000,0.000,0.000,0.000,0.000
Data-Oriented CPU ROAM,data_oriented_cpu_roam,Release,D3D12,NVIDIA GeForce RTX 5090 D,Direct3D 12 (feature level 12_0); requested Agility SDK 614; runtime 6.2.26100.8972 (C:\WINDOWS\SYSTEM32\D3D12Core.dll); driver 32.0.15.9186,false,1280,720,assets/heightmaps/Hm_Terrain_Peking_513.png,547,547,80.000,12.000,20,0.250,0.100,200000,false,35,64,0.556,3.981,-54.502,21.928,-19.837,116.359,199999,1251984,199997,15131,7707,15132,233898,199999,33655,3965,181529,0,79302,120697,42081,3966,0,0,0,8,102.813,113.800,106.129,3.263,3.166,23.054,0.000,0.000,7.115,28.017,0.000,0.000,0.000,0.000,0.000,28.017,0.215,1.541,0.633,0.013,5.951,14.687,0.000,13.117,28.396,7.348,0.000,0.058,18055296,0,45.026,26.220,13.117,0.000,20,0,0.000,Off,ModifiedOnly,0,0,0,0,0,0,false,0,0,0,1305,0,0,0,0,0,0,0,0,0,0,0,0.000,0.000,0.000,0.000,0.000,0.000,0.000,0.000,0.000,0.000,0.000,0.000,0.000,0.000,0.000,0.000,0.000,0.000,0.000,0.000
Data-Oriented CPU ROAM,data_oriented_cpu_roam,Release,D3D12,NVIDIA GeForce RTX 5090 D,Direct3D 12 (feature level 12_0); requested Agility SDK 614; runtime 6.2.26100.8972 (C:\WINDOWS\SYSTEM32\D3D12Core.dll); driver 32.0.15.9186,false,1280,720,assets/heightmaps/Hm_Terrain_Peking_513.png,547,547,80.000,12.000,20,0.250,0.100,200000,false,36,64,0.571,4.095,-52.256,22.345,-25.165,114.193,200000,1273920,199998,15949,8142,15948,234002,200000,33754,3873,190838,0,78705,121295,41706,3874,0,0,0,8,199.955,117.186,109.094,3.406,2.962,24.096,0.000,0.000,5.821,33.251,0.000,0.000,0.000,0.000,0.000,33.251,0.238,1.704,0.545,0.017,6.789,14.792,0.000,10.620,28.938,7.709,0.000,0.059,18151224,0,49.906,27.058,10.620,0.000,20,0,0.000,Off,ModifiedOnly,0,0,0,0,0,0,false,0,0,0,1391,0,0,0,0,0,0,0,0,0,0,0,0.000,0.000,0.000,0.000,0.000,0.000,0.000,0.000,0.000,0.000,0.000,0.000,0.000,0.000,0.000,0.000,0.000,0.000,0.000,0.000
Data-Oriented CPU ROAM,data_oriented_cpu_roam,Release,D3D12,NVIDIA GeForce RTX 5090 D,Direct3D 12 (feature level 12_0); requested Agility SDK 614; runtime 6.2.26100.8972 (C:\WINDOWS\SYSTEM32\D3D12Core.dll); driver 32.0.15.9186,false,1280,720,assets/heightmaps/Hm_Terrain_Peking_513.png,547,547,80.000,12.000,20,0.250,0.100,200000,false,37,64,0.587,4.213,-49.491,22.670,-30.243,117.568,199999,1295558,199997,16397,8316,16398,234264,199999,33957,4263,197400,0,81033,118966,42444,4264,0,0,0,8,227.525,110.965,102.756,3.179,2.513,23.150,0.000,0.000,6.411,28.599,0.000,0.000,0.000,0.000,0.000,28.599,0.212,1.756,0.676,0.022,5.806,14.661,0.000,10.664,28.239,7.889,0.000,0.060,18115440,0,44.560,25.663,10.664,0.000,20,0,0.000,Off,ModifiedOnly,0,0,0,0,0,0,false,0,0,0,1397,0,0,0,0,0,0,0,0,0,0,0,0.000,0.000,0.000,0.000,0.000,0.000,0.000,0.000,0.000,0.000,0.000,0.000,0.000,0.000,0.000,0.000,0.000,0.000,0.000,0.000
Data-Oriented CPU ROAM,data_oriented_cpu_roam,Release,D3D12,NVIDIA GeForce RTX 5090 D,Direct3D 12 (feature level 12_0); requested Agility SDK 614; runtime 6.2.26100.8972 (C:\WINDOWS\SYSTEM32\D3D12Core.dll); driver 32.0.15.9186,false,1280,720,assets/heightmaps/Hm_Terrain_Peking_513.png,547,547,80.000,12.000,20,0.250,0.100,200000,false,38,64,0.603,4.324,-46.234,22.888,-35.021,111.360,199999,1312504,199997,15820,8019,15820,234255,199999,33911,4588,187606,0,79970,120029,42401,4589,0,0,0,8,314.823,111.865,103.967,3.130,2.601,23.730,0.000,0.000,6.269,30.508,0.000,0.000,0.000,0.000,0.000,30.508,0.182,1.184,0.433,0.009,5.496,16.403,0.000,11.215,26.513,7.577,0.000,0.059,17939376,0,48.916,26.332,11.215,0.000,20,0,0.000,Off,ModifiedOnly,0,0,0,0,0,0,false,0,0,0,1194,0,0,0,0,0,0,0,0,0,0,0,0.000,0.000,0.000,0.000,0.000,0.000,0.000,0.000,0.000,0.000,0.000,0.000,0.000,0.000,0.000,0.000,0.000,0.000,0.000,0.000
Data-Oriented CPU ROAM,data_oriented_cpu_roam,Release,D3D12,NVIDIA GeForce RTX 5090 D,Direct3D 12 (feature level 12_0); requested Agility SDK 614; runtime 6.2.26100.8972 (C:\WINDOWS\SYSTEM32\D3D12Core.dll); driver 32.0.15.9186,false,1280,720,assets/heightmaps/Hm_Terrain_Peking_513.png,547,547,80.000,12.000,20,0.250,0.100,200000,false,39,64,0.619,4.437,-42.517,22.992,-39.450,112.251,199999,1329026,199997,16753,8514,16753,234335,199999,34242,5773,203511,0,83991,116008,43538,5774,0,0,0,8,208.350,120.465,112.212,3.244,2.870,21.806,0.000,0.000,6.823,29.729,0.000,0.000,0.000,0.000,0.000,29.729,0.161,1.107,0.566,0.012,4.501,15.447,0.000,11.282,36.458,7.904,0.000,0.059,18850440,0,49.183,24.676,11.282,0.000,20,0,0.000,Off,ModifiedOnly,0,0,0,0,0,0,false,0,0,0,953,0,0,0,0,0,0,0,0,0,0,0,0.000,0.000,0.000,0.000,0.000,0.000,0.000,0.000,0.000,0.000,0.000,0.000,0.000,0.000,0.000,0.000,0.000,0.000,0.000,0.000
Data-Oriented CPU ROAM,data_oriented_cpu_roam,Release,D3D12,NVIDIA GeForce RTX 5090 D,Direct3D 12 (feature level 12_0); requested Agility SDK 614; runtime 6.2.26100.8972 (C:\WINDOWS\SYSTEM32\D3D12Core.dll); driver 32.0.15.9186,false,1280,720,assets/heightmaps/Hm_Terrain_Peking_513.png,547,547,80.000,12.000,20,0.250,0.100,200000,false,40,64,0.635,4.557,-38.378,22.977,-43.487,120.874,200000,1343092,199998,16592,8356,16591,234386,200000,34252,6463,194007,0,87278,112722,44292,6464,0,0,0,8,192.940,129.742,121.153,9.277,2.845,25.504,0.000,0.000,6.293,34.476,0.000,0.000,0.000,0.000,0.000,34.476,0.128,0.803,0.543,0.005,3.353,20.662,0.000,12.972,29.785,8.197,0.000,0.060,19245576,0,59.120,28.349,12.972,0.000,20,0,0.000,Off,ModifiedOnly,0,0,0,0,0,0,false,0,0,0,716,0,0,0,0,0,0,0,0,0,0,0,0.000,0.000,0.000,0.000,0.000,0.000,0.000,0.000,0.000,0.000,0.000,0.000,0.000,0.000,0.000,0.000,0.000,0.000,0.000,0.000
Data-Oriented CPU ROAM,data_oriented_cpu_roam,Release,D3D12,NVIDIA GeForce RTX 5090 D,Direct3D 12 (feature level 12_0); requested Agility SDK 614; runtime 6.2.26100.8972 (C:\WINDOWS\SYSTEM32\D3D12Core.dll); driver 32.0.15.9186,false,1280,720,assets/heightmaps/Hm_Terrain_Peking_513.png,547,547,80.000,12.000,20,0.250,0.100,200000,false,41,64,0.651,4.688,-33.857,22.844,-47.092,130.189,199999,1356924,199997,15777,8021,15778,234333,199999,34209,6690,188868,0,87421,112578,44533,6691,0,0,0,8,97.201,153.013,144.381,9.545,2.930,22.414,0.000,0.000,6.771,61.550,0.000,0.000,0.000,0.000,0.000,61.550,0.098,0.544,0.190,0.005,2.381,19.186,0.000,11.619,29.552,8.269,0.000,0.061,19735464,0,86.538,25.344,11.619,0.000,20,0,0.000,Off,ModifiedOnly,0,0,0,0,0,0,false,0,0,0,552,0,0,0,0,0,0,0,0,0,0,0,0.000,0.000,0.000,0.000,0.000,0.000,0.000,0.000,0.000,0.000,0.000,0.000,0.000,0.000,0.000,0.000,0.000,0.000,0.000,0.000
Data-Oriented CPU ROAM,data_oriented_cpu_roam,Release,D3D12,NVIDIA GeForce RTX 5090 D,Direct3D 12 (feature level 12_0); requested Agility SDK 614; runtime 6.2.26100.8972 (C:\WINDOWS\SYSTEM32\D3D12Core.dll); driver 32.0.15.9186,false,1280,720,assets/heightmaps/Hm_Terrain_Peking_513.png,547,547,80.000,12.000,20,0.250,0.100,200000,false,42,64,0.667,4.841,-29.000,22.598,-50.229,153.523,200000,1372424,199998,14678,7472,14677,234221,200000,34055,6046,174979,0,85035,114965,44696,6047,0,0,0,8,101.288,116.547,107.690,3.280,2.812,23.092,0.000,0.000,7.181,31.564,0.000,0.000,0.000,0.000,0.000,31.564,0.106,0.681,0.326,0.004,2.835,19.129,0.000,12.450,27.310,8.495,0.000,0.060,19525296,0,56.391,25.905,12.450,0.000,20,0,0.000,Off,ModifiedOnly,0,0,0,0,0,0,false,0,0,0,592,0,0,0,0,0,0,0,0,0,0,0,0.000,0.000,0.000,0.000,0.000,0.000,0.000,0.000,0.000,0.000,0.000,0.000,0.000,0.000,0.000,0.000,0.000,0.000,0.000,0.000
Data-Oriented CPU ROAM,data_oriented_cpu_roam,Release,D3D12,NVIDIA GeForce RTX 5090 D,Direct3D 12 (feature level 12_0); requested Agility SDK 614; runtime 6.2.26100.8972 (C:\WINDOWS\SYSTEM32\D3D12Core.dll); driver 32.0.15.9186,false,1280,720,assets/heightmaps/Hm_Terrain_Peking_513.png,547,547,80.000,12.000,20,0.250,0.100,200000,false,43,64,0.683,4.958,-23.855,22.249,-52.867,116.966,200000,1388566,199998,14286,7280,14286,234179,200000,34082,5145,172373,0,83461,116539,44188,5146,0,0,0,8,95.808,105.555,97.609,3.048,2.830,17.847,0.000,0.000,7.007,25.382,0.000,0.000,0.000,0.000,0.000,25.381,0.124,0.777,0.236,0.006,2.892,13.801,0.000,12.199,29.296,7.653,0.000,0.059,19384512,0,44.399,20.677,12.199,0.000,20,0,0.000,Off,ModifiedOnly,0,0,0,0,0,0,false,0,0,0,751,0,0,0,0,0,0,0,0,0,0,0,0.000,0.000,0.000,0.000,0.000,0.000,0.000,0.000,0.000,0.000,0.000,0.000,0.000,0.000,0.000,0.000,0.000,0.000,0.000,0.000
Data-Oriented CPU ROAM,data_oriented_cpu_roam,Release,D3D12,NVIDIA GeForce RTX 5090 D,Direct3D 12 (feature level 12_0); requested Agility SDK 614; runtime 6.2.26100.8972 (C:\WINDOWS\SYSTEM32\D3D12Core.dll); driver 32.0.15.9186,false,1280,720,assets/heightmaps/Hm_Terrain_Peking_513.png,547,547,80.000,12.000,20,0.250,0.100,200000,false,44,64,0.698,5.064,-18.472,21.811,-54.980,106.017,200000,1405426,199998,14584,7441,14584,234229,200000,33998,5280,174870,0,81456,118544,44145,5281,0,0,0,8,188.772,115.934,107.305,8.817,2.911,20.420,0.000,0.000,7.834,26.996,0.000,0.000,0.000,0.000,0.000,26.995,0.149,0.813,0.270,0.009,3.470,15.690,0.000,11.604,28.724,8.259,0.000,0.060,19047000,0,47.754,23.331,11.604,0.000,20,0,0.000,Off,ModifiedOnly,0,0,0,0,0,0,false,0,0,0,719,0,0,0,0,0,0,0,0,0,0,0,0.000,0.000,0.000,0.000,0.000,0.000,0.000,0.000,0.000,0.000,0.000,0.000,0.000,0.000,0.000,0.000,0.000,0.000,0.000,0.000
Data-Oriented CPU ROAM,data_oriented_cpu_roam,Release,D3D12,NVIDIA GeForce RTX 5090 D,Direct3D 12 (feature level 12_0); requested Agility SDK 614; runtime 6.2.26100.8972 (C:\WINDOWS\SYSTEM32\D3D12Core.dll); driver 32.0.15.9186,false,1280,720,assets/heightmaps/Hm_Terrain_Peking_513.png,547,547,80.000,12.000,20,0.250,0.100,200000,false,45,64,0.714,5.180,-12.906,21.302,-56.546,116.303,200000,1422096,199998,15499,7915,15499,234137,200000,33808,5625,183210,0,85022,114978,44878,5626,0,0,0,8,202.052,108.938,100.233,3.200,2.989,20.538,0.000,0.000,7.026,27.866,0.000,0.000,0.000,0.000,0.000,27.866,0.139,0.851,0.471,0.005,3.547,15.511,0.000,12.640,25.974,8.338,0.000,0.060,19009872,0,47.556,23.527,12.640,0.000,20,0,0.000,Off,ModifiedOnly,0,0,0,0,0,0,false,0,0,0,740,0,0,0,0,0,0,0,0,0,0,0,0.000,0.000,0.000,0.000,0.000,0.000,0.000,0.000,0.000,0.000,0.000,0.000,0.000,0.000,0.000,0.000,0.000,0.000,0.000,0.000
Data-Oriented CPU ROAM,data_oriented_cpu_roam,Release,D3D12,NVIDIA GeForce RTX 5090 D,Direct3D 12 (feature level 12_0); requested Agility SDK 614; runtime 6.2.26100.8972 (C:\WINDOWS\SYSTEM32\D3D12Core.dll); driver 32.0.15.9186,false,1280,720,assets/heightmaps/Hm_Terrain_Peking_513.png,547,547,80.000,12.000,20,0.250,0.100,200000,false,46,64,0.730,5.290,-7.212,20.740,-57.550,109.383,200000,1438694,199998,15927,8130,15927,233951,200000,33610,5578,186732,0,85200,114800,44659,5579,0,0,0,8,100.256,117.551,108.793,3.346,2.813,23.660,0.000,0.000,6.099,33.511,0.000,0.000,0.000,0.000,0.000,33.511,0.157,0.914,0.254,0.010,3.769,18.543,0.000,12.604,26.759,8.385,0.000,0.059,19286064,0,54.895,26.473,12.604,0.000,20,0,0.000,Off,ModifiedOnly,0,0,0,0,0,0,false,0,0,0,784,0,0,0,0,0,0,0,0,0,0,0,0.000,0.000,0.000,0.000,0.000,0.000,0.000,0.000,0.000,0.000,0.000,0.000,0.000,0.000,0.000,0.000,0.000,0.000,0.000,0.000
Data-Oriented CPU ROAM,data_oriented_cpu_roam,Release,D3D12,NVIDIA GeForce RTX 5090 D,Direct3D 12 (feature level 12_0); requested Agility SDK 614; runtime 6.2.26100.8972 (C:\WINDOWS\SYSTEM32\D3D12Core.dll); driver 32.0.15.9186,false,1280,720,assets/heightmaps/Hm_Terrain_Peking_513.png,547,547,80.000,12.000,20,0.250,0.100,200000,false,47,64,0.746,5.408,-1.446,20.150,-57.982,117.995,200000,1452536,199998,15176,7716,15176,233813,200000,33584,5407,177664,0,82015,117985,43809,5408,0,0,0,8,92.161,109.949,101.434,3.233,3.141,21.296,0.000,0.000,6.917,29.583,0.000,0.000,0.000,0.000,0.000,29.583,0.141,0.754,0.208,0.022,3.942,16.214,0.000,12.017,25.247,8.156,0.000,0.059,18748968,0,50.220,24.437,12.017,0.000,20,0,0.000,Off,ModifiedOnly,0,0,0,0,0,0,false,0,0,0,742,0,0,0,0,0,0,0,0,0,0,0,0.000,0.000,0.000,0.000,0.000,0.000,0.000,0.000,0.000,0.000,0.000,0.000,0.000,0.000,0.000,0.000,0.000,0.000,0.000,0.000
Data-Oriented CPU ROAM,data_oriented_cpu_roam,Release,D3D12,NVIDIA GeForce RTX 5090 D,Direct3D 12 (feature level 12_0); requested Agility SDK 614; runtime 6.2.26100.8972 (C:\WINDOWS\SYSTEM32\D3D12Core.dll); driver 32.0.15.9186,false,1280,720,assets/heightmaps/Hm_Terrain_Peking_513.png,547,547,80.000,12.000,20,0.250,0.100,200000,false,48,64,0.762,5.518,4.334,19.553,-57.838,110.366,199999,1465546,199997,14509,7293,14510,233790,199999,33663,5540,170278,0,78876,121123,43186,5541,0,0,0,8,203.194,106.182,99.705,3.191,2.762,20.143,0.000,0.000,7.112,27.020,0.000,0.000,0.000,0.000,0.000,27.020,0.126,0.773,0.277,0.003,3.025,15.925,0.000,12.960,26.517,6.167,0.000,0.060,18387936,0,47.800,22.905,12.960,0.000,20,0,0.000,Off,ModifiedOnly,0,0,0,0,0,0,false,0,0,0,650,0,0,0,0,0,0,0,0,0,0,0,0.000,0.000,0.000,0.000,0.000,0.000,0.000,0.000,0.000,0.000,0.000,0.000,0.000,0.000,0.000,0.000,0.000,0.000,0.000,0.000
Data-Oriented CPU ROAM,data_oriented_cpu_roam,Release,D3D12,NVIDIA GeForce RTX 5090 D,Direct3D 12 (feature level 12_0); requested Agility SDK 614; runtime 6.2.26100.8972 (C:\WINDOWS\SYSTEM32\D3D12Core.dll); driver 32.0.15.9186,false,1280,720,assets/heightmaps/Hm_Terrain_Peking_513.png,547,547,80.000,12.000,20,0.250,0.100,200000,false,49,64,0.778,5.625,10.072,18.974,-57.119,106.584,199999,1478606,199997,14092,7098,14092,233867,199999,33680,4909,165641,0,76800,123199,42820,4910,0,0,0,8,209.875,119.850,111.390,2.988,2.951,25.261,0.000,0.000,6.876,34.635,0.000,0.000,0.000,0.000,0.000,34.635,0.126,0.743,0.326,0.010,3.900,20.139,0.000,10.513,28.166,8.110,0.000,0.059,17885616,0,58.217,28.212,10.513,0.000,20,0,0.000,Off,ModifiedOnly,0,0,0,0,0,0,false,0,0,0,743,0,0,0,0,0,0,0,0,0,0,0,0.000,0.000,0.000,0.000,0.000,0.000,0.000,0.000,0.000,0.000,0.000,0.000,0.000,0.000,0.000,0.000,0.000,0.000,0.000,0.000
Data-Oriented CPU ROAM,data_oriented_cpu_roam,Release,D3D12,NVIDIA GeForce RTX 5090 D,Direct3D 12 (feature level 12_0); requested Agility SDK 614; runtime 6.2.26100.8972 (C:\WINDOWS\SYSTEM32\D3D12Core.dll); driver 32.0.15.9186,false,1280,720,assets/heightmaps/Hm_Terrain_Peking_513.png,547,547,80.000,12.000,20,0.250,0.100,200000,false,50,64,0.794,5.745,15.709,18.436,-55.832,120.276,200000,1494844,199998,16102,8263,16101,233804,200000,33363,4642,189702,0,82154,117846,43526,4643,0,0,0,8,364.054,124.220,115.586,3.362,3.098,25.022,0.000,0.000,6.240,34.344,0.000,0.000,0.000,0.000,0.000,34.344,0.238,1.436,0.438,0.017,5.896,16.984,0.000,12.344,31.175,8.269,0.000,0.060,18295032,0,53.315,28.121,12.344,0.000,20,0,0.000,Off,ModifiedOnly,0,0,0,0,0,0,false,0,0,0,1168,0,0,0,0,0,0,0,0,0,0,0,0.000,0.000,0.000,0.000,0.000,0.000,0.000,0.000,0.000,0.000,0.000,0.000,0.000,0.000,0.000,0.000,0.000,0.000,0.000,0.000
Data-Oriented CPU ROAM,data_oriented_cpu_roam,Release,D3D12,NVIDIA GeForce RTX 5090 D,Direct3D 12 (feature level 12_0); requested Agility SDK 614; runtime 6.2.26100.8972 (C:\WINDOWS\SYSTEM32\D3D12Core.dll); driver 32.0.15.9186,false,1280,720,assets/heightmaps/Hm_Terrain_Peking_513.png,547,547,80.000,12.000,20,0.250,0.100,200000,false,51,64,0.810,5.870,21.190,17.959,-53.991,124.639,199999,1514362,199997,17970,9136,17971,233638,199999,33276,4528,211986,0,84876,115123,43758,4529,0,0,0,8,194.163,127.859,120.467,3.536,3.115,27.460,0.000,0.000,6.852,38.088,0.000,0.000,0.000,0.000,0.000,38.087,0.234,1.744,0.595,0.009,7.670,17.193,0.000,13.545,27.872,7.096,0.000,0.059,19063632,0,57.373,30.575,13.545,0.000,20,0,0.000,Off,ModifiedOnly,0,0,0,0,0,0,false,0,0,0,1516,0,0,0,0,0,0,0,0,0,0,0,0.000,0.000,0.000,0.000,0.000,0.000,0.000,0.000,0.000,0.000,0.000,0.000,0.000,0.000,0.000,0.000,0.000,0.000,0.000,0.000
Data-Oriented CPU ROAM,data_oriented_cpu_roam,Release,D3D12,NVIDIA GeForce RTX 5090 D,Direct3D 12 (feature level 12_0); requested Agility SDK 614; runtime 6.2.26100.8972 (C:\WINDOWS\SYSTEM32\D3D12Core.dll); driver 32.0.15.9186,false,1280,720,assets/heightmaps/Hm_Terrain_Peking_513.png,547,547,80.000,12.000,20,0.250,0.100,200000,false,52,64,0.825,5.998,26.460,17.564,-51.613,128.262,200000,1534172,199998,17602,8847,17601,233584,200000,33237,4434,204630,0,83597,116403,43382,4435,0,0,0,8,109.965,121.850,113.371,8.923,2.937,24.047,0.000,0.000,6.833,30.356,0.000,0.000,0.000,0.000,0.000,30.356,0.251,1.564,0.620,0.015,5.861,15.722,0.000,12.591,27.684,8.111,0.000,0.059,18901680,0,48.703,26.984,12.591,0.000,20,0,0.000,Off,ModifiedOnly,0,0,0,0,0,0,false,0,0,0,1443,0,0,0,0,0,0,0,0,0,0,0,0.000,0.000,0.000,0.000,0.000,0.000,0.000,0.000,0.000,0.000,0.000,0.000,0.000,0.000,0.000,0.000,0.000,0.000,0.000,0.000
Data-Oriented CPU ROAM,data_oriented_cpu_roam,Release,D3D12,NVIDIA GeForce RTX 5090 D,Direct3D 12 (feature level 12_0); requested Agility SDK 614; runtime 6.2.26100.8972 (C:\WINDOWS\SYSTEM32\D3D12Core.dll); driver 32.0.15.9186,false,1280,720,assets/heightmaps/Hm_Terrain_Peking_513.png,547,547,80.000,12.000,20,0.250,0.100,200000,false,53,64,0.841,6.120,31.468,17.265,-48.722,122.249,199999,1551688,199997,16801,8469,16802,233656,199999,33380,4470,197952,0,86312,113687,44366,4471,0,0,0,8,393.076,123.554,114.981,3.102,2.746,25.021,0.000,0.000,6.575,37.495,0.000,0.000,0.000,0.000,0.000,37.495,0.190,1.506,0.571,0.012,5.419,17.309,0.000,12.796,27.246,8.208,0.000,0.059,18799536,0,57.306,27.767,12.796,0.000,20,0,0.000,Off,ModifiedOnly,0,0,0,0,0,0,false,0,0,0,1277,0,0,0,0,0,0,0,0,0,0,0,0.000,0.000,0.000,0.000,0.000,0.000,0.000,0.000,0.000,0.000,0.000,0.000,0.000,0.000,0.000,0.000,0.000,0.000,0.000,0.000
Data-Oriented CPU ROAM,data_oriented_cpu_roam,Release,D3D12,NVIDIA GeForce RTX 5090 D,Direct3D 12 (feature level 12_0); requested Agility SDK 614; runtime 6.2.26100.8972 (C:\WINDOWS\SYSTEM32\D3D12Core.dll); driver 32.0.15.9186,false,1280,720,assets/heightmaps/Hm_Terrain_Peking_513.png,547,547,80.000,12.000,20,0.250,0.100,200000,false,54,64,0.857,6.244,36.162,17.075,-45.346,124.066,199999,1565166,199997,16670,8438,16670,233849,199999,33497,4914,197023,0,86257,113742,44434,4915,0,0,0,8,373.419,120.316,112.651,3.200,2.745,26.749,0.000,0.000,6.924,34.450,0.000,0.000,0.000,0.000,0.000,34.450,0.186,1.366,0.780,0.005,5.639,18.760,0.000,12.979,25.603,7.276,0.000,0.059,19221720,0,55.632,29.494,12.979,0.000,20,0,0.000,Off,ModifiedOnly,0,0,0,0,0,0,false,0,0,0,1124,0,0,0,0,0,0,0,0,0,0,0,0.000,0.000,0.000,0.000,0.000,0.000,0.000,0.000,0.000,0.000,0.000,0.000,0.000,0.000,0.000,0.000,0.000,0.000,0.000,0.000
Data-Oriented CPU ROAM,data_oriented_cpu_roam,Release,D3D12,NVIDIA GeForce RTX 5090 D,Direct3D 12 (feature level 12_0); requested Agility SDK 614; runtime 6.2.26100.8972 (C:\WINDOWS\SYSTEM32\D3D12Core.dll); driver 32.0.15.9186,false,1280,720,assets/heightmaps/Hm_Terrain_Peking_513.png,547,547,80.000,12.000,20,0.250,0.100,200000,false,55,64,0.873,6.365,40.498,17.001,-41.520,120.713,199999,1576158,199997,16899,8576,16899,233815,199999,33558,5850,196599,0,86217,113782,44508,5851,0,0,0,8,101.468,114.543,107.576,3.236,3.072,24.406,0.000,0.000,6.248,33.519,0.000,0.000,0.000,0.000,0.000,33.519,0.154,1.021,0.356,0.006,4.340,18.515,0.000,11.923,25.171,6.700,0.000,0.058,19579896,0,54.940,27.478,11.923,0.000,20,0,0.000,Off,ModifiedOnly,0,0,0,0,0,0,false,0,0,0,884,0,0,0,0,0,0,0,0,0,0,0,0.000,0.000,0.000,0.000,0.000,0.000,0.000,0.000,0.000,0.000,0.000,0.000,0.000,0.000,0.000,0.000,0.000,0.000,0.000,0.000
Data-Oriented CPU ROAM,data_oriented_cpu_roam,Release,D3D12,NVIDIA GeForce RTX 5090 D,Direct3D 12 (feature level 12_0); requested Agility SDK 614; runtime 6.2.26100.8972 (C:\WINDOWS\SYSTEM32\D3D12Core.dll); driver 32.0.15.9186,false,1280,720,assets/heightmaps/Hm_Terrain_Peking_513.png,547,547,80.000,12.000,20,0.250,0.100,200000,false,56,64,0.889,6.480,44.431,17.046,-37.282,114.965,199999,1586094,199997,18109,9206,18109,233670,199999,33444,6413,206930,0,86320,113679,44642,6414,0,0,0,8,287.297,125.872,119.407,3.198,2.855,27.515,0.000,0.000,6.634,37.831,0.000,0.000,0.000,0.000,0.000,37.831,0.179,1.082,0.372,0.012,4.400,21.456,0.000,13.491,27.884,6.173,0.000,0.059,19688256,0,62.521,30.370,13.491,0.000,20,0,0.000,Off,ModifiedOnly,0,0,0,0,0,0,false,0,0,0,915,0,0,0,0,0,0,0,0,0,0,0,0.000,0.000,0.000,0.000,0.000,0.000,0.000,0.000,0.000,0.000,0.000,0.000,0.000,0.000,0.000,0.000,0.000,0.000,0.000,0.000
Data-Oriented CPU ROAM,data_oriented_cpu_roam,Release,D3D12,NVIDIA GeForce RTX 5090 D,Direct3D 12 (feature level 12_0); requested Agility SDK 614; runtime 6.2.26100.8972 (C:\WINDOWS\SYSTEM32\D3D12Core.dll); driver 32.0.15.9186,false,1280,720,assets/heightmaps/Hm_Terrain_Peking_513.png,547,547,80.000,12.000,20,0.250,0.100,200000,false,57,64,0.905,6.606,47.922,17.207,-32.673,126.248,200000,1595942,199998,17927,9041,17926,233810,200000,33598,5648,208671,0,89469,110531,44903,5649,0,0,0,8,103.674,128.417,120.366,8.953,2.893,26.906,0.000,0.000,6.249,37.425,0.000,0.000,0.000,0.000,0.000,37.425,0.217,1.324,0.380,0.009,5.470,19.493,0.000,12.527,25.414,7.799,0.000,0.059,20161344,0,59.542,29.799,12.527,0.000,20,0,0.000,Off,ModifiedOnly,0,0,0,0,0,0,false,0,0,0,1124,0,0,0,0,0,0,0,0,0,0,0,0.000,0.000,0.000,0.000,0.000,0.000,0.000,0.000,0.000,0.000,0.000,0.000,0.000,0.000,0.000,0.000,0.000,0.000,0.000,0.000
Data-Oriented CPU ROAM,data_oriented_cpu_roam,Release,D3D12,NVIDIA GeForce RTX 5090 D,Direct3D 12 (feature level 12_0); requested Agility SDK 614; runtime 6.2.26100.8972 (C:\WINDOWS\SYSTEM32\D3D12Core.dll); driver 32.0.15.9186,false,1280,720,assets/heightmaps/Hm_Terrain_Peking_513.png,547,547,80.000,12.000,20,0.250,0.100,200000,false,58,64,0.921,6.735,50.937,17.480,-27.739,128.864,199999,1604484,199997,15971,8097,15972,233983,199999,33776,5160,191329,0,88123,111876,44976,5161,0,0,0,8,94.780,123.981,115.108,3.404,3.132,24.086,0.000,0.000,6.538,33.418,0.000,0.000,0.000,0.000,0.000,33.418,0.281,1.595,0.404,0.007,5.571,16.201,0.000,13.408,31.122,8.517,0.000,0.057,20249208,0,53.068,27.218,13.408,0.000,20,0,0.000,Off,ModifiedOnly,0,0,0,0,0,0,false,0,0,0,975,0,0,0,0,0,0,0,0,0,0,0,0.000,0.000,0.000,0.000,0.000,0.000,0.000,0.000,0.000,0.000,0.000,0.000,0.000,0.000,0.000,0.000,0.000,0.000,0.000,0.000
Data-Oriented CPU ROAM,data_oriented_cpu_roam,Release,D3D12,NVIDIA GeForce RTX 5090 D,Direct3D 12 (feature level 12_0); requested Agility SDK 614; runtime 6.2.26100.8972 (C:\WINDOWS\SYSTEM32\D3D12Core.dll); driver 32.0.15.9186,false,1280,720,assets/heightmaps/Hm_Terrain_Peking_513.png,547,547,80.000,12.000,20,0.250,0.100,200000,false,59,64,0.937,6.859,53.446,17.852,-22.529,124.394,199999,1610386,199997,14004,7137,14004,233963,199999,33634,4676,165578,0,82823,117176,44439,4677,0,0,0,8,148.503,111.964,104.992,8.640,2.940,19.925,0.000,0.000,6.530,28.492,0.000,0.000,0.000,0.000,0.000,28.492,0.140,0.916,0.485,0.004,3.864,14.502,0.000,11.832,26.632,6.696,0.000,0.058,19327560,0,46.756,22.865,11.832,0.000,20,0,0.000,Off,ModifiedOnly,0,0,0,0,0,0,false,0,0,0,865,0,0,0,0,0,0,0,0,0,0,0,0.000,0.000,0.000,0.000,0.000,0.000,0.000,0.000,0.000,0.000,0.000,0.000,0.000,0.000,0.000,0.000,0.000,0.000,0.000,0.000
Data-Oriented CPU ROAM,data_oriented_cpu_roam,Release,D3D12,NVIDIA GeForce RTX 5090 D,Direct3D 12 (feature level 12_0); requested Agility SDK 614; runtime 6.2.26100.8972 (C:\WINDOWS\SYSTEM32\D3D12Core.dll); driver 32.0.15.9186,false,1280,720,assets/heightmaps/Hm_Terrain_Peking_513.png,547,547,80.000,12.000,20,0.250,0.100,200000,false,60,64,0.952,6.972,55.423,18.310,-17.096,112.368,200000,1613714,199998,15077,7673,15076,233913,200000,33628,5205,178779,0,82769,117231,44649,5206,0,0,0,8,92.201,108.477,101.437,3.247,2.838,20.575,0.000,0.000,6.830,28.172,0.000,0.000,0.000,0.000,0.000,28.171,0.152,0.937,0.391,0.010,3.979,15.093,0.000,12.356,27.419,6.748,0.000,0.058,19066656,0,47.164,23.413,12.356,0.000,20,0,0.000,Off,ModifiedOnly,0,0,0,0,0,0,false,0,0,0,850,0,0,0,0,0,0,0,0,0,0,0,0.000,0.000,0.000,0.000,0.000,0.000,0.000,0.000,0.000,0.000,0.000,0.000,0.000,0.000,0.000,0.000,0.000,0.000,0.000,0.000
Data-Oriented CPU ROAM,data_oriented_cpu_roam,Release,D3D12,NVIDIA GeForce RTX 5090 D,Direct3D 12 (feature level 12_0); requested Agility SDK 614; runtime 6.2.26100.8972 (C:\WINDOWS\SYSTEM32\D3D12Core.dll); driver 32.0.15.9186,false,1280,720,assets/heightmaps/Hm_Terrain_Peking_513.png,547,547,80.000,12.000,20,0.250,0.100,200000,false,61,64,0.968,7.081,56.850,18.835,-11.492,108.891,200000,1616254,199998,15566,7957,15566,233818,200000,33577,5724,182543,0,85887,114113,44850,5725,0,0,0,8,198.918,110.609,101.813,3.739,2.329,22.552,0.000,0.000,6.283,32.768,0.000,0.000,0.000,0.000,0.000,32.768,0.141,0.788,0.266,0.003,3.283,18.059,0.000,12.230,21.912,8.429,0.000,0.058,19441968,0,54.338,24.881,12.230,0.000,20,0,0.000,Off,ModifiedOnly,0,0,0,0,0,0,false,0,0,0,685,0,0,0,0,0,0,0,0,0,0,0,0.000,0.000,0.000,0.000,0.000,0.000,0.000,0.000,0.000,0.000,0.000,0.000,0.000,0.000,0.000,0.000,0.000,0.000,0.000,0.000
Data-Oriented CPU ROAM,data_oriented_cpu_roam,Release,D3D12,NVIDIA GeForce RTX 5090 D,Direct3D 12 (feature level 12_0); requested Agility SDK 614; runtime 6.2.26100.8972 (C:\WINDOWS\SYSTEM32\D3D12Core.dll); driver 32.0.15.9186,false,1280,720,assets/heightmaps/Hm_Terrain_Peking_513.png,547,547,80.000,12.000,20,0.250,0.100,200000,false,62,64,0.984,7.192,57.712,19.406,-5.775,111.030,199999,1618198,199997,15774,8075,15775,233768,199999,33552,6164,184632,0,87604,112395,45194,6165,0,0,0,8,185.861,109.236,100.587,3.264,2.770,21.874,0.000,0.000,5.924,31.753,0.000,0.000,0.000,0.000,0.000,31.753,0.114,0.686,0.370,0.005,2.848,17.839,0.000,11.399,23.603,8.291,0.000,0.057,19825680,0,53.272,24.644,11.399,0.000,20,0,0.000,Off,ModifiedOnly,0,0,0,0,0,0,false,0,0,0,591,0,0,0,0,0,0,0,0,0,0,0,0.000,0.000,0.000,0.000,0.000,0.000,0.000,0.000,0.000,0.000,0.000,0.000,0.000,0.000,0.000,0.000,0.000,0.000,0.000,0.000
Data-Oriented CPU ROAM,data_oriented_cpu_roam,Release,D3D12,NVIDIA GeForce RTX 5090 D,Direct3D 12 (feature level 12_0); requested Agility SDK 614; runtime 6.2.26100.8972 (C:\WINDOWS\SYSTEM32\D3D12Core.dll); driver 32.0.15.9186,false,1280,720,assets/heightmaps/Hm_Terrain_Peking_513.png,547,547,80.000,12.000,20,0.250,0.100,200000,false,63,64,1.000,7.301,58.000,20.000,0.000,109.704,199999,1618198,199997,14236,7228,14236,233858,199999,33558,5846,169606,0,83024,116975,44534,5847,0,0,0,8,209.844,97.726,89.060,9.060,2.154,16.200,0.000,0.000,5.661,24.172,0.000,0.000,0.000,0.000,0.000,24.172,0.073,0.429,0.173,0.005,2.157,13.352,0.000,10.915,20.898,8.297,0.000,0.058,19090008,0,41.739,18.354,10.915,0.000,20,0,0.000,Off,ModifiedOnly,0,0,0,0,0,0,false,0,0,0,465,0,0,0,0,0,0,0,0,0,0,0,0.000,0.000,0.000,0.000,0.000,0.000,0.000,0.000,0.000,0.000,0.000,0.000,0.000,0.000,0.000,0.000,0.000,0.000,0.000,0.000
CBT 2024,cbt_2024_official_baseline_v1,Release,D3D12,NVIDIA GeForce RTX 5090 D,Direct3D 12 (feature level 12_0); requested Agility SDK 614; runtime 6.2.26100.8972 (C:\WINDOWS\SYSTEM32\D3D12Core.dll); driver 32.0.15.9186,false,1280,720,assets/heightmaps/Hm_Terrain_Peking_513.png,547,547,80.000,12.000,20,0.250,0.100,200000,false,0,64,0.000,0.000,58.000,20.000,0.000,0.344,198496,198496,0,0,0,0,1337,0,0,0,0,0,0,0,0,0,0,0,0,0,0.000,0.039,0.036,0.000,0.000,0.000,0.000,0.000,0.000,0.000,0.000,0.000,0.000,0.000,0.000,0.000,0.000,0.000,0.000,0.000,0.000,0.000,0.000,0.000,0.000,0.000,0.167,0.127,0,428,0.017,0.009,0.002,0.001,20,1048576,2.050,Off,ModifiedOnly,1,25,23,23,23,2,false,198490,850086,0,1337,0,0,0,0,0,0,0,0,0,0,0,0.113,0.000,0.000,0.002,0.009,0.003,0.002,0.008,0.001,0.003,0.004,0.002,0.003,0.002,0.002,0.001,0.012,0.002,0.001,0.055
CBT 2024,cbt_2024_official_baseline_v1,Release,D3D12,NVIDIA GeForce RTX 5090 D,Direct3D 12 (feature level 12_0); requested Agility SDK 614; runtime 6.2.26100.8972 (C:\WINDOWS\SYSTEM32\D3D12Core.dll); driver 32.0.15.9186,false,1280,720,assets/heightmaps/Hm_Terrain_Peking_513.png,547,547,80.000,12.000,20,0.250,0.100,200000,false,1,64,0.016,0.000,57.712,20.594,5.775,0.386,198496,198496,0,0,0,0,1337,0,0,0,0,0,0,0,0,0,0,0,0,0,0.000,0.039,0.036,0.000,0.000,0.000,0.000,0.000,0.000,0.000,0.000,0.000,0.000,0.000,0.000,0.000,0.000,0.000,0.000,0.000,0.000,0.000,0.000,0.000,0.000,0.000,0.141,0.126,0,428,0.017,0.009,0.002,0.002,20,1048576,2.050,Off,ModifiedOnly,1,26,24,24,24,2,false,198490,850086,0,1337,0,0,0,0,0,0,0,0,0,0,0,0.112,0.000,0.000,0.003,0.009,0.003,0.002,0.009,0.001,0.003,0.004,0.002,0.003,0.002,0.002,0.001,0.012,0.002,0.002,0.053
CBT 2024,cbt_2024_official_baseline_v1,Release,D3D12,NVIDIA GeForce RTX 5090 D,Direct3D 12 (feature level 12_0); requested Agility SDK 614; runtime 6.2.26100.8972 (C:\WINDOWS\SYSTEM32\D3D12Core.dll); driver 32.0.15.9186,false,1280,720,assets/heightmaps/Hm_Terrain_Peking_513.png,547,547,80.000,12.000,20,0.250,0.100,200000,false,2,64,0.032,0.001,56.850,21.165,11.492,0.336,198496,198496,0,0,0,0,1337,0,0,0,0,0,0,0,0,0,0,0,0,0,0.000,0.038,0.035,0.000,0.000,0.000,0.000,0.000,0.000,0.000,0.000,0.000,0.000,0.000,0.000,0.000,0.000,0.000,0.000,0.000,0.000,0.000,0.000,0.000,0.000,0.000,0.168,0.126,0,428,0.017,0.009,0.002,0.001,20,1048576,2.050,Off,ModifiedOnly,1,27,25,25,25,2,false,198490,850086,0,1337,0,0,0,0,0,0,0,0,0,0,0,0.112,0.000,0.000,0.003,0.009,0.003,0.002,0.008,0.001,0.003,0.004,0.002,0.003,0.002,0.002,0.001,0.012,0.002,0.001,0.054
CBT 2024,cbt_2024_official_baseline_v1,Release,D3D12,NVIDIA GeForce RTX 5090 D,Direct3D 12 (feature level 12_0); requested Agility SDK 614; runtime 6.2.26100.8972 (C:\WINDOWS\SYSTEM32\D3D12Core.dll); driver 32.0.15.9186,false,1280,720,assets/heightmaps/Hm_Terrain_Peking_513.png,547,547,80.000,12.000,20,0.250,0.100,200000,false,3,64,0.048,0.001,55.423,21.690,17.096,0.358,200977,200977,5698,5698,507,1744,9662,0,0,0,0,0,0,0,0,0,0,0,0,0,0.000,0.038,0.035,0.000,0.000,0.000,0.000,0.000,0.000,0.000,0.000,0.000,0.000,0.000,0.000,0.000,0.000,0.000,0.000,0.000,0.000,0.000,0.000,0.000,0.000,0.000,0.231,0.186,0,428,0.053,0.015,0.015,0.001,20,1048576,2.050,Off,ModifiedOnly,1,28,26,26,26,2,false,200971,847605,5191,4471,5969,5560,1744,3488,3469,0,1744,5473,87,92,46,0.171,0.000,0.000,0.003,0.012,0.014,0.016,0.008,0.009,0.005,0.004,0.006,0.005,0.002,0.002,0.001,0.012,0.015,0.001,0.055
CBT 2024,cbt_2024_official_baseline_v1,Release,D3D12,NVIDIA GeForce RTX 5090 D,Direct3D 12 (feature level 12_0); requested Agility SDK 614; runtime 6.2.26100.8972 (C:\WINDOWS\SYSTEM32\D3D12Core.dll); driver 32.0.15.9186,false,1280,720,assets/heightmaps/Hm_Terrain_Peking_513.png,547,547,80.000,12.000,20,0.250,0.100,200000,false,4,64,0.063,0.002,53.446,22.148,22.529,0.427,203338,203338,5818,5818,528,1852,9954,0,0,0,0,0,0,0,0,0,0,0,0,0,0.000,0.039,0.036,0.000,0.000,0.000,0.000,0.000,0.000,0.000,0.000,0.000,0.000,0.000,0.000,0.000,0.000,0.000,0.000,0.000,0.000,0.000,0.000,0.000,0.000,0.000,0.228,0.186,0,428,0.052,0.016,0.015,0.001,20,1048576,2.050,Off,ModifiedOnly,1,29,27,27,27,2,false,203332,845244,5290,4664,6058,5695,1852,3697,3653,7,1845,5589,106,112,11,0.171,0.000,0.000,0.003,0.011,0.013,0.017,0.008,0.009,0.005,0.004,0.006,0.005,0.002,0.002,0.001,0.013,0.015,0.001,0.054
CBT 2024,cbt_2024_official_baseline_v1,Release,D3D12,NVIDIA GeForce RTX 5090 D,Direct3D 12 (feature level 12_0); requested Agility SDK 614; runtime 6.2.26100.8972 (C:\WINDOWS\SYSTEM32\D3D12Core.dll); driver 32.0.15.9186,false,1280,720,assets/heightmaps/Hm_Terrain_Peking_513.png,547,547,80.000,12.000,20,0.250,0.100,200000,false,5,64,0.079,0.002,50.937,22.520,27.739,0.424,204612,204612,5580,5580,603,2318,10590,0,0,0,0,0,0,0,0,0,0,0,0,0,0.000,0.038,0.035,0.000,0.000,0.000,0.000,0.000,0.000,0.000,0.000,0.000,0.000,0.000,0.000,0.000,0.000,0.000,0.000,0.000,0.000,0.000,0.000,0.000,0.000,0.000,0.227,0.184,0,428,0.052,0.015,0.016,0.001,20,1048576,2.050,Off,ModifiedOnly,1,30,28,28,28,2,false,204606,843970,4977,5613,5867,5436,2318,4593,4590,43,2275,5337,99,100,44,0.170,0.000,0.000,0.003,0.011,0.013,0.016,0.009,0.009,0.005,0.005,0.006,0.005,0.002,0.002,0.001,0.013,0.015,0.001,0.054
CBT 2024,cbt_2024_official_baseline_v1,Release,D3D12,NVIDIA GeForce RTX 5090 D,Direct3D 12 (feature level 12_0); requested Agility SDK 614; runtime 6.2.26100.8972 (C:\WINDOWS\SYSTEM32\D3D12Core.dll); driver 32.0.15.9186,false,1280,720,assets/heightmaps/Hm_Terrain_Peking_513.png,547,547,80.000,12.000,20,0.250,0.100,200000,false,6,64,0.095,0.002,47.922,22.793,32.673,0.419,205753,205753,5765,5765,651,2456,11188,0,0,0,0,0,0,0,0,0,0,0,0,0,0.000,0.038,0.035,0.000,0.000,0.000,0.000,0.000,0.000,0.000,0.000,0.000,0.000,0.000,0.000,0.000,0.000,0.000,0.000,0.000,0.000,0.000,0.000,0.000,0.000,0.000,0.233,0.190,0,428,0.051,0.015,0.022,0.001,20,1048576,2.050,Off,ModifiedOnly,1,31,29,29,29,2,false,205747,842829,5114,6074,6038,5628,2456,4897,4876,15,2441,5517,111,112,25,0.175,0.000,0.000,0.003,0.012,0.013,0.014,0.009,0.009,0.006,0.004,0.006,0.005,0.002,0.002,0.001,0.013,0.021,0.001,0.053
CBT 2024,cbt_2024_official_baseline_v1,Release,D3D12,NVIDIA GeForce RTX 5090 D,Direct3D 12 (feature level 12_0); requested Agility SDK 614; runtime 6.2.26100.8972 (C:\WINDOWS\SYSTEM32\D3D12Core.dll); driver 32.0.15.9186,false,1280,720,assets/heightmaps/Hm_Terrain_Peking_513.png,547,547,80.000,12.000,20,0.250,0.100,200000,false,7,64,0.111,0.003,44.431,22.954,37.282,0.428,205313,205313,6531,6531,628,3662,14673,0,0,0,0,0,0,0,0,0,0,0,0,0,0.000,0.039,0.036,0.000,0.000,0.000,0.000,0.000,0.000,0.000,0.000,0.000,0.000,0.000,0.000,0.000,0.000,0.000,0.000,0.000,0.000,0.000,0.000,0.000,0.000,0.000,0.232,0.189,0,428,0.055,0.016,0.019,0.001,20,1048576,2.050,Off,ModifiedOnly,1,32,30,30,30,2,false,205307,843269,5903,8770,6841,6376,3662,7281,7275,43,3619,6252,124,124,31,0.174,0.000,0.000,0.003,0.012,0.015,0.017,0.009,0.009,0.005,0.004,0.006,0.005,0.002,0.002,0.001,0.013,0.018,0.001,0.050
CBT 2024,cbt_2024_official_baseline_v1,Release,D3D12,NVIDIA GeForce RTX 5090 D,Direct3D 12 (feature level 12_0); requested Agility SDK 614; runtime 6.2.26100.8972 (C:\WINDOWS\SYSTEM32\D3D12Core.dll); driver 32.0.15.9186,false,1280,720,assets/heightmaps/Hm_Terrain_Peking_513.png,547,547,80.000,12.000,20,0.250,0.100,200000,false,8,64,0.127,0.003,40.498,22.999,41.520,0.428,203836,203836,5698,5698,617,3750,13994,0,0,0,0,0,0,0,0,0,0,0,0,0,0.000,0.039,0.036,0.000,0.000,0.000,0.000,0.000,0.000,0.000,0.000,0.000,0.000,0.000,0.000,0.000,0.000,0.000,0.000,0.000,0.000,0.000,0.000,0.000,0.000,0.000,0.226,0.183,0,428,0.051,0.015,0.018,0.001,20,1048576,2.050,Off,ModifiedOnly,1,33,31,31,31,2,false,203830,844746,5081,8913,6016,5537,3750,7493,7480,7,3743,5398,139,143,18,0.169,0.000,0.000,0.002,0.012,0.012,0.016,0.009,0.009,0.005,0.004,0.006,0.005,0.002,0.002,0.001,0.013,0.018,0.001,0.050
CBT 2024,cbt_2024_official_baseline_v1,Release,D3D12,NVIDIA GeForce RTX 5090 D,Direct3D 12 (feature level 12_0); requested Agility SDK 614; runtime 6.2.26100.8972 (C:\WINDOWS\SYSTEM32\D3D12Core.dll); driver 32.0.15.9186,false,1280,720,assets/heightmaps/Hm_Terrain_Peking_513.png,547,547,80.000,12.000,20,0.250,0.100,200000,false,9,64,0.143,0.004,36.162,22.925,45.346,0.422,205218,205218,6802,6802,728,2891,13010,0,0,0,0,0,0,0,0,0,0,0,0,0,0.000,0.039,0.036,0.000,0.000,0.000,0.000,0.000,0.000,0.000,0.000,0.000,0.000,0.000,0.000,0.000,0.000,0.000,0.000,0.000,0.000,0.000,0.000,0.000,0.000,0.000,0.234,0.186,0,428,0.053,0.016,0.019,0.001,20,1048576,2.050,Off,ModifiedOnly,1,34,32,32,32,2,false,205212,843364,6074,6936,7151,6626,2891,5769,5757,13,2878,6469,157,160,16,0.172,0.000,0.000,0.002,0.012,0.013,0.016,0.010,0.009,0.005,0.004,0.006,0.005,0.002,0.002,0.001,0.013,0.019,0.001,0.051
CBT 2024,cbt_2024_official_baseline_v1,Release,D3D12,NVIDIA GeForce RTX 5090 D,Direct3D 12 (feature level 12_0); requested Agility SDK 614; runtime 6.2.26100.8972 (C:\WINDOWS\SYSTEM32\D3D12Core.dll); driver 32.0.15.9186,false,1280,720,assets/heightmaps/Hm_Terrain_Peking_513.png,547,547,80.000,12.000,20,0.250,0.100,200000,false,10,64,0.159,0.004,31.468,22.735,48.722,0.469,207387,207387,7433,7433,600,2813,13595,0,0,0,0,0,0,0,0,0,0,0,0,0,0.000,0.127,0.119,0.000,0.000,0.000,0.000,0.000,0.000,0.000,0.000,0.000,0.000,0.000,0.000,0.000,0.000,0.000,0.000,0.000,0.000,0.000,0.000,0.000,0.000,0.000,0.187,0.186,0,428,0.053,0.016,0.019,0.002,20,1048576,2.050,Off,ModifiedOnly,1,35,33,33,33,2,false,207381,841195,6833,6762,7782,7259,2813,5613,5606,13,2800,7104,155,154,20,0.171,0.000,0.000,0.003,0.011,0.012,0.017,0.009,0.009,0.005,0.004,0.006,0.005,0.002,0.002,0.001,0.013,0.018,0.002,0.050
CBT 2024,cbt_2024_official_baseline_v1,Release,D3D12,NVIDIA GeForce RTX 5090 D,Direct3D 12 (feature level 12_0); requested Agility SDK 614; runtime 6.2.26100.8972 (C:\WINDOWS\SYSTEM32\D3D12Core.dll); driver 32.0.15.9186,false,1280,720,assets/heightmaps/Hm_Terrain_Peking_513.png,547,547,80.000,12.000,20,0.250,0.100,200000,false,11,64,0.175,0.005,26.460,22.436,51.613,0.643,208856,208856,7176,7176,592,3014,13737,0,0,0,0,0,0,0,0,0,0,0,0,0,0.000,0.107,0.102,0.000,0.000,0.000,0.000,0.000,0.000,0.000,0.000,0.000,0.000,0.000,0.000,0.000,0.000,0.000,0.000,0.000,0.000,0.000,0.000,0.000,0.000,0.000,0.000,0.185,0,428,0.051,0.016,0.019,0.002,20,1048576,2.050,Off,ModifiedOnly,1,36,34,34,34,2,false,208850,839726,6584,7153,7482,7023,3014,6013,6002,15,2999,6879,144,144,9,0.171,0.000,0.000,0.003,0.012,0.012,0.014,0.010,0.010,0.006,0.004,0.006,0.005,0.002,0.002,0.001,0.013,0.019,0.002,0.051
CBT 2024,cbt_2024_official_baseline_v1,Release,D3D12,NVIDIA GeForce RTX 5090 D,Direct3D 12 (feature level 12_0); requested Agility SDK 614; runtime 6.2.26100.8972 (C:\WINDOWS\SYSTEM32\D3D12Core.dll); driver 32.0.15.9186,false,1280,720,assets/heightmaps/Hm_Terrain_Peking_513.png,547,547,80.000,12.000,20,0.250,0.100,200000,false,12,64,0.190,0.005,21.190,22.041,53.991,0.273,209894,209894,6090,6090,506,2668,12241,0,0,0,0,0,0,0,0,0,0,0,0,0,0.000,0.040,0.036,0.000,0.000,0.000,0.000,0.000,0.000,0.000,0.000,0.000,0.000,0.000,0.000,0.000,0.000,0.000,0.000,0.000,0.000,0.000,0.000,0.000,0.000,0.000,0.118,0.187,0,428,0.050,0.016,0.023,0.001,20,1048576,2.050,Off,ModifiedOnly,1,37,35,35,35,2,false,209888,838688,5584,6657,6360,5955,2668,5322,5313,14,2654,5831,124,124,11,0.173,0.000,0.000,0.003,0.012,0.011,0.015,0.009,0.009,0.005,0.004,0.006,0.005,0.002,0.002,0.001,0.013,0.023,0.001,0.051
CBT 2024,cbt_2024_official_baseline_v1,Release,D3D12,NVIDIA GeForce RTX 5090 D,Direct3D 12 (feature level 12_0); requested Agility SDK 614; runtime 6.2.26100.8972 (C:\WINDOWS\SYSTEM32\D3D12Core.dll); driver 32.0.15.9186,false,1280,720,assets/heightmaps/Hm_Terrain_Peking_513.png,547,547,80.000,12.000,20,0.250,0.100,200000,false,13,64,0.206,0.005,15.709,21.564,55.832,0.311,209111,209111,6409,6409,452,3695,14976,0,0,0,0,0,0,0,0,0,0,0,0,0,0.000,0.039,0.036,0.000,0.000,0.000,0.000,0.000,0.000,0.000,0.000,0.000,0.000,0.000,0.000,0.000,0.000,0.000,0.000,0.000,0.000,0.000,0.000,0.000,0.000,0.000,0.227,0.184,0,428,0.050,0.016,0.020,0.001,20,1048576,2.050,Off,ModifiedOnly,1,38,36,36,36,2,false,209105,839471,5957,9019,6594,6316,3695,7377,7360,13,3682,6240,76,77,16,0.170,0.000,0.000,0.003,0.012,0.012,0.015,0.010,0.009,0.005,0.004,0.006,0.005,0.002,0.002,0.001,0.013,0.019,0.001,0.051
CBT 2024,cbt_2024_official_baseline_v1,Release,D3D12,NVIDIA GeForce RTX 5090 D,Direct3D 12 (feature level 12_0); requested Agility SDK 614; runtime 6.2.26100.8972 (C:\WINDOWS\SYSTEM32\D3D12Core.dll); driver 32.0.15.9186,false,1280,720,assets/heightmaps/Hm_Terrain_Peking_513.png,547,547,80.000,12.000,20,0.250,0.100,200000,false,14,64,0.222,0.006,10.072,21.026,57.119,0.409,209014,209014,6320,6320,484,3288,13869,0,0,0,0,0,0,0,0,0,0,0,0,0,0.000,0.039,0.036,0.000,0.000,0.000,0.000,0.000,0.000,0.000,0.000,0.000,0.000,0.000,0.000,0.000,0.000,0.000,0.000,0.000,0.000,0.000,0.000,0.000,0.000,0.000,0.216,0.191,0,428,0.048,0.015,0.029,0.001,20,1048576,2.050,Off,ModifiedOnly,1,39,37,37,37,2,false,209008,839568,5836,8033,6466,6247,3288,6563,6533,13,3275,6185,62,62,11,0.177,0.000,0.000,0.003,0.012,0.011,0.014,0.009,0.009,0.005,0.004,0.006,0.005,0.002,0.002,0.001,0.013,0.029,0.001,0.051
CBT 2024,cbt_2024_official_baseline_v1,Release,D3D12,NVIDIA GeForce RTX 5090 D,Direct3D 12 (feature level 12_0); requested Agility SDK 614; runtime 6.2.26100.8972 (C:\WINDOWS\SYSTEM32\D3D12Core.dll); driver 32.0.15.9186,false,1280,720,assets/heightmaps/Hm_Terrain_Peking_513.png,547,547,80.000,12.000,20,0.250,0.100,200000,false,15,64,0.238,0.006,4.334,20.447,57.838,0.409,208033,208033,4670,4670,399,2893,11438,0,0,0,0,0,0,0,0,0,0,0,0,0,0.000,0.038,0.035,0.000,0.000,0.000,0.000,0.000,0.000,0.000,0.000,0.000,0.000,0.000,0.000,0.000,0.000,0.000,0.000,0.000,0.000,0.000,0.000,0.000,0.000,0.000,0.223,0.180,0,428,0.047,0.016,0.016,0.001,20,1048576,2.050,Off,ModifiedOnly,1,40,38,38,38,2,false,208027,840549,4271,7167,4789,4611,2893,5770,5736,16,2877,4555,56,55,4,0.165,0.000,0.000,0.002,0.012,0.011,0.013,0.009,0.009,0.005,0.004,0.006,0.005,0.002,0.002,0.001,0.013,0.016,0.001,0.052
CBT 2024,cbt_2024_official_baseline_v1,Release,D3D12,NVIDIA GeForce RTX 5090 D,Direct3D 12 (feature level 12_0); requested Agility SDK 614; runtime 6.2.26100.8972 (C:\WINDOWS\SYSTEM32\D3D12Core.dll); driver 32.0.15.9186,false,1280,720,assets/heightmaps/Hm_Terrain_Peking_513.png,547,547,80.000,12.000,20,0.250,0.100,200000,false,16,64,0.254,0.007,-1.446,19.850,57.982,0.417,206240,206240,4020,4020,273,2972,11034,0,0,0,0,0,0,0,0,0,0,0,0,0,0.000,0.040,0.036,0.000,0.000,0.000,0.000,0.000,0.000,0.000,0.000,0.000,0.000,0.000,0.000,0.000,0.000,0.000,0.000,0.000,0.000,0.000,0.000,0.000,0.000,0.000,0.439,0.181,0,428,0.049,0.016,0.014,0.001,20,1048576,2.050,Off,ModifiedOnly,1,41,39,39,39,2,false,206234,842342,3747,7287,4128,3964,2972,5921,5891,23,2949,3919,45,49,7,0.167,0.000,0.000,0.003,0.012,0.011,0.014,0.009,0.009,0.005,0.005,0.006,0.005,0.002,0.002,0.001,0.013,0.014,0.001,0.053
CBT 2024,cbt_2024_official_baseline_v1,Release,D3D12,NVIDIA GeForce RTX 5090 D,Direct3D 12 (feature level 12_0); requested Agility SDK 614; runtime 6.2.26100.8972 (C:\WINDOWS\SYSTEM32\D3D12Core.dll); driver 32.0.15.9186,false,1280,720,assets/heightmaps/Hm_Terrain_Peking_513.png,547,547,80.000,12.000,20,0.250,0.100,200000,false,17,64,0.270,0.007,-7.212,19.260,57.550,0.631,202769,202769,3434,3434,287,3519,11520,0,0,0,0,0,0,0,0,0,0,0,0,0,0.000,0.038,0.035,0.000,0.000,0.000,0.000,0.000,0.000,0.000,0.000,0.000,0.000,0.000,0.000,0.000,0.000,0.000,0.000,0.000,0.000,0.000,0.000,0.000,0.000,0.000,0.222,0.179,0,428,0.049,0.016,0.015,0.001,20,1048576,2.050,Off,ModifiedOnly,1,42,40,40,40,2,false,202763,845813,3147,8373,3541,3378,3519,7012,6984,26,3493,3337,41,46,10,0.165,0.000,0.000,0.002,0.012,0.011,0.015,0.009,0.009,0.005,0.004,0.006,0.005,0.002,0.002,0.001,0.013,0.014,0.001,0.052
CBT 2024,cbt_2024_official_baseline_v1,Release,D3D12,NVIDIA GeForce RTX 5090 D,Direct3D 12 (feature level 12_0); requested Agility SDK 614; runtime 6.2.26100.8972 (C:\WINDOWS\SYSTEM32\D3D12Core.dll); driver 32.0.15.9186,false,1280,720,assets/heightmaps/Hm_Terrain_Peking_513.png,547,547,80.000,12.000,20,0.250,0.100,200000,false,18,64,0.286,0.008,-12.906,18.698,56.546,0.420,198925,198925,3099,3099,299,3525,11293,0,0,0,0,0,0,0,0,0,0,0,0,0,0.000,0.039,0.036,0.000,0.000,0.000,0.000,0.000,0.000,0.000,0.000,0.000,0.000,0.000,0.000,0.000,0.000,0.000,0.000,0.000,0.000,0.000,0.000,0.000,0.000,0.000,0.218,0.181,0,428,0.050,0.015,0.013,0.001,20,1048576,2.050,Off,ModifiedOnly,1,43,41,41,41,2,false,198919,849657,2800,8493,3184,3056,3525,7028,7005,22,3503,3023,33,34,9,0.166,0.000,0.000,0.003,0.012,0.010,0.016,0.009,0.009,0.005,0.005,0.006,0.005,0.002,0.002,0.001,0.013,0.013,0.001,0.054
CBT 2024,cbt_2024_official_baseline_v1,Release,D3D12,NVIDIA GeForce RTX 5090 D,Direct3D 12 (feature level 12_0); requested Agility SDK 614; runtime 6.2.26100.8972 (C:\WINDOWS\SYSTEM32\D3D12Core.dll); driver 32.0.15.9186,false,1280,720,assets/heightmaps/Hm_Terrain_Peking_513.png,547,547,80.000,12.000,20,0.250,0.100,200000,false,19,64,0.302,0.008,-18.472,18.189,54.980,0.411,196152,196152,4270,4270,395,3568,12603,0,0,0,0,0,0,0,0,0,0,0,0,0,0.000,0.038,0.035,0.000,0.000,0.000,0.000,0.000,0.000,0.000,0.000,0.000,0.000,0.000,0.000,0.000,0.000,0.000,0.000,0.000,0.000,0.000,0.000,0.000,0.000,0.000,0.225,0.181,0,428,0.049,0.016,0.016,0.001,20,1048576,2.050,Off,ModifiedOnly,1,44,42,42,42,2,false,196146,852430,3875,8728,4351,4230,3568,7124,7109,12,3556,4196,34,33,7,0.167,0.000,0.000,0.003,0.011,0.010,0.016,0.009,0.009,0.005,0.005,0.006,0.005,0.002,0.002,0.001,0.013,0.016,0.001,0.053
CBT 2024,cbt_2024_official_baseline_v1,Release,D3D12,NVIDIA GeForce RTX 5090 D,Direct3D 12 (feature level 12_0); requested Agility SDK 614; runtime 6.2.26100.8972 (C:\WINDOWS\SYSTEM32\D3D12Core.dll); driver 32.0.15.9186,false,1280,720,assets/heightmaps/Hm_Terrain_Peking_513.png,547,547,80.000,12.000,20,0.250,0.100,200000,false,20,64,0.317,0.008,-23.855,17.751,52.867,0.417,193168,193168,4626,4626,513,3871,13453,0,0,0,0,0,0,0,0,0,0,0,0,0,0.000,0.038,0.035,0.000,0.000,0.000,0.000,0.000,0.000,0.000,0.000,0.000,0.000,0.000,0.000,0.000,0.000,0.000,0.000,0.000,0.000,0.000,0.000,0.000,0.000,0.000,0.223,0.180,0,428,0.048,0.016,0.017,0.001,20,1048576,2.050,Off,ModifiedOnly,1,45,43,43,43,2,false,193162,855414,4113,9340,4744,4567,3871,7728,7690,14,3857,4524,43,43,16,0.166,0.000,0.000,0.002,0.012,0.011,0.014,0.009,0.009,0.005,0.005,0.006,0.005,0.002,0.002,0.001,0.013,0.016,0.001,0.051
CBT 2024,cbt_2024_official_baseline_v1,Release,D3D12,NVIDIA GeForce RTX 5090 D,Direct3D 12 (feature level 12_0); requested Agility SDK 614; runtime 6.2.26100.8972 (C:\WINDOWS\SYSTEM32\D3D12Core.dll); driver 32.0.15.9186,false,1280,720,assets/heightmaps/Hm_Terrain_Peking_513.png,547,547,80.000,12.000,20,0.250,0.100,200000,false,21,64,0.333,0.009,-29.000,17.402,50.229,0.414,190206,190206,4800,4800,466,3982,13798,0,0,0,0,0,0,0,0,0,0,0,0,0,0.000,0.039,0.036,0.000,0.000,0.000,0.000,0.000,0.000,0.000,0.000,0.000,0.000,0.000,0.000,0.000,0.000,0.000,0.000,0.000,0.000,0.000,0.000,0.000,0.000,0.000,0.233,0.186,0,428,0.051,0.016,0.018,0.002,20,1048576,2.050,Off,ModifiedOnly,1,46,44,44,44,2,false,190200,858376,4334,9464,4952,4725,3982,7914,7899,50,3932,4668,57,55,20,0.171,0.000,0.000,0.003,0.012,0.012,0.015,0.009,0.009,0.005,0.005,0.006,0.005,0.002,0.002,0.001,0.013,0.018,0.002,0.051
CBT 2024,cbt_2024_official_baseline_v1,Release,D3D12,NVIDIA GeForce RTX 5090 D,Direct3D 12 (feature level 12_0); requested Agility SDK 614; runtime 6.2.26100.8972 (C:\WINDOWS\SYSTEM32\D3D12Core.dll); driver 32.0.15.9186,false,1280,720,assets/heightmaps/Hm_Terrain_Peking_513.png,547,547,80.000,12.000,20,0.250,0.100,200000,false,22,64,0.349,0.009,-33.857,17.156,47.092,0.486,187381,187381,5346,5346,473,4171,14733,0,0,0,0,0,0,0,0,0,0,0,0,0,0.000,0.039,0.036,0.000,0.000,0.000,0.000,0.000,0.000,0.000,0.000,0.000,0.000,0.000,0.000,0.000,0.000,0.000,0.000,0.000,0.000,0.000,0.000,0.000,0.000,0.000,0.205,0.220,0,428,0.050,0.016,0.056,0.002,20,1048576,2.050,Off,ModifiedOnly,1,47,45,45,45,2,false,187375,861201,4873,9860,5495,5272,4171,8320,8298,22,4149,5213,59,58,16,0.205,0.000,0.000,0.002,0.012,0.011,0.016,0.009,0.009,0.005,0.005,0.006,0.005,0.002,0.002,0.001,0.013,0.055,0.002,0.050
CBT 2024,cbt_2024_official_baseline_v1,Release,D3D12,NVIDIA GeForce RTX 5090 D,Direct3D 12 (feature level 12_0); requested Agility SDK 614; runtime 6.2.26100.8972 (C:\WINDOWS\SYSTEM32\D3D12Core.dll); driver 32.0.15.9186,false,1280,720,assets/heightmaps/Hm_Terrain_Peking_513.png,547,547,80.000,12.000,20,0.250,0.100,200000,false,23,64,0.365,0.010,-38.378,17.023,43.487,0.412,185438,185438,4661,4661,393,3385,12422,0,0,0,0,0,0,0,0,0,0,0,0,0,0.000,0.039,0.036,0.000,0.000,0.000,0.000,0.000,0.000,0.000,0.000,0.000,0.000,0.000,0.000,0.000,0.000,0.000,0.000,0.000,0.000,0.000,0.000,0.000,0.000,0.000,0.247,0.215,0,428,0.049,0.016,0.052,0.002,20,1048576,2.050,Off,ModifiedOnly,1,48,46,46,46,2,false,185432,863144,4268,8154,4801,4590,3385,6744,6730,26,3359,4533,57,59,12,0.200,0.000,0.000,0.003,0.011,0.011,0.015,0.009,0.009,0.005,0.004,0.006,0.005,0.002,0.002,0.001,0.013,0.052,0.002,0.049
CBT 2024,cbt_2024_official_baseline_v1,Release,D3D12,NVIDIA GeForce RTX 5090 D,Direct3D 12 (feature level 12_0); requested Agility SDK 614; runtime 6.2.26100.8972 (C:\WINDOWS\SYSTEM32\D3D12Core.dll); driver 32.0.15.9186,false,1280,720,assets/heightmaps/Hm_Terrain_Peking_513.png,547,547,80.000,12.000,20,0.250,0.100,200000,false,24,64,0.381,0.010,-42.517,17.008,39.450,0.431,184297,184297,4575,4575,370,2955,11475,0,0,0,0,0,0,0,0,0,0,0,0,0,0.000,0.039,0.036,0.000,0.000,0.000,0.000,0.000,0.000,0.000,0.000,0.000,0.000,0.000,0.000,0.000,0.000,0.000,0.000,0.000,0.000,0.000,0.000,0.000,0.000,0.000,0.336,0.177,0,428,0.050,0.016,0.015,0.001,20,1048576,2.050,Off,ModifiedOnly,1,49,47,47,47,2,false,184291,864285,4205,7270,4751,4485,2955,5892,5873,18,2937,4416,69,73,17,0.163,0.000,0.000,0.002,0.011,0.011,0.015,0.009,0.009,0.005,0.004,0.006,0.005,0.002,0.002,0.001,0.013,0.015,0.001,0.049
CBT 2024,cbt_2024_official_baseline_v1,Release,D3D12,NVIDIA GeForce RTX 5090 D,Direct3D 12 (feature level 12_0); requested Agility SDK 614; runtime 6.2.26100.8972 (C:\WINDOWS\SYSTEM32\D3D12Core.dll); driver 32.0.15.9186,false,1280,720,assets/heightmaps/Hm_Terrain_Peking_513.png,547,547,80.000,12.000,20,0.250,0.100,200000,false,25,64,0.397,0.011,-46.234,17.112,35.021,0.531,182953,182953,5963,5963,441,3779,14416,0,0,0,0,0,0,0,0,0,0,0,0,0,0.000,0.038,0.035,0.000,0.000,0.000,0.000,0.000,0.000,0.000,0.000,0.000,0.000,0.000,0.000,0.000,0.000,0.000,0.000,0.000,0.000,0.000,0.000,0.000,0.000,0.000,0.228,0.183,0,428,0.052,0.016,0.018,0.002,20,1048576,2.050,Off,ModifiedOnly,1,50,48,48,48,2,false,182947,865629,5522,8894,6192,5848,3779,7536,7513,22,3757,5751,97,98,17,0.168,0.000,0.000,0.002,0.011,0.012,0.017,0.009,0.009,0.005,0.004,0.006,0.005,0.002,0.002,0.001,0.013,0.018,0.002,0.050
CBT 2024,cbt_2024_official_baseline_v1,Release,D3D12,NVIDIA GeForce RTX 5090 D,Direct3D 12 (feature level 12_0); requested Agility SDK 614; runtime 6.2.26100.8972 (C:\WINDOWS\SYSTEM32\D3D12Core.dll); driver 32.0.15.9186,false,1280,720,assets/heightmaps/Hm_Terrain_Peking_513.png,547,547,80.000,12.000,20,0.250,0.100,200000,false,26,64,0.413,0.011,-49.491,17.330,30.243,0.434,185105,185105,7238,7238,510,2675,13246,0,0,0,0,0,0,0,0,0,0,0,0,0,0.000,0.038,0.035,0.000,0.000,0.000,0.000,0.000,0.000,0.000,0.000,0.000,0.000,0.000,0.000,0.000,0.000,0.000,0.000,0.000,0.000,0.000,0.000,0.000,0.000,0.000,0.213,0.183,0,428,0.052,0.016,0.019,0.001,20,1048576,2.050,Off,ModifiedOnly,1,51,49,49,49,2,false,185099,863477,6728,6518,7484,7113,2675,5332,5308,18,2657,7009,104,108,17,0.168,0.000,0.000,0.003,0.011,0.012,0.017,0.009,0.009,0.005,0.004,0.006,0.005,0.002,0.002,0.001,0.013,0.018,0.001,0.048
CBT 2024,cbt_2024_official_baseline_v1,Release,D3D12,NVIDIA GeForce RTX 5090 D,Direct3D 12 (feature level 12_0); requested Agility SDK 614; runtime 6.2.26100.8972 (C:\WINDOWS\SYSTEM32\D3D12Core.dll); driver 32.0.15.9186,false,1280,720,assets/heightmaps/Hm_Terrain_Peking_513.png,547,547,80.000,12.000,20,0.250,0.100,200000,false,27,64,0.429,0.012,-52.256,17.655,25.165,0.406,187293,187293,5868,5868,407,1988,10538,0,0,0,0,0,0,0,0,0,0,0,0,0,0.000,0.038,0.035,0.000,0.000,0.000,0.000,0.000,0.000,0.000,0.000,0.000,0.000,0.000,0.000,0.000,0.000,0.000,0.000,0.000,0.000,0.000,0.000,0.000,0.000,0.000,0.225,0.181,0,428,0.052,0.016,0.016,0.001,20,1048576,2.050,Off,ModifiedOnly,1,52,50,50,50,2,false,187287,861289,5461,5077,6141,5732,1988,3953,3929,23,1965,5617,115,114,22,0.166,0.000,0.000,0.003,0.011,0.013,0.016,0.009,0.009,0.005,0.004,0.006,0.005,0.002,0.002,0.001,0.013,0.016,0.001,0.050
CBT 2024,cbt_2024_official_baseline_v1,Release,D3D12,NVIDIA GeForce RTX 5090 D,Direct3D 12 (feature level 12_0); requested Agility SDK 614; runtime 6.2.26100.8972 (C:\WINDOWS\SYSTEM32\D3D12Core.dll); driver 32.0.15.9186,false,1280,720,assets/heightmaps/Hm_Terrain_Peking_513.png,547,547,80.000,12.000,20,0.250,0.100,200000,false,28,64,0.444,0.012,-54.502,18.072,19.837,0.418,190989,190989,6837,6837,535,1719,10840,0,0,0,0,0,0,0,0,0,0,0,0,0,0.000,0.039,0.036,0.000,0.000,0.000,0.000,0.000,0.000,0.000,0.000,0.000,0.000,0.000,0.000,0.000,0.000,0.000,0.000,0.000,0.000,0.000,0.000,0.000,0.000,0.000,0.227,0.181,0,428,0.051,0.015,0.017,0.001,20,1048576,2.050,Off,ModifiedOnly,1,53,51,51,51,2,false,190983,857593,6302,4538,7112,6698,1719,3416,3402,22,1697,6593,105,108,31,0.167,0.000,0.000,0.003,0.011,0.012,0.016,0.009,0.009,0.005,0.004,0.006,0.005,0.002,0.002,0.002,0.013,0.017,0.001,0.051
CBT 2024,cbt_2024_official_baseline_v1,Release,D3D12,NVIDIA GeForce RTX 5090 D,Direct3D 12 (feature level 12_0); requested Agility SDK 614; runtime 6.2.26100.8972 (C:\WINDOWS\SYSTEM32\D3D12Core.dll); driver 32.0.15.9186,false,1280,720,assets/heightmaps/Hm_Terrain_Peking_513.png,547,547,80.000,12.000,20,0.250,0.100,200000,false,29,64,0.460,0.012,-56.206,18.565,14.312,0.418,197368,197368,10368,10368,641,2117,15237,0,0,0,0,0,0,0,0,0,0,0,0,0,0.000,0.039,0.036,0.000,0.000,0.000,0.000,0.000,0.000,0.000,0.000,0.000,0.000,0.000,0.000,0.000,0.000,0.000,0.000,0.000,0.000,0.000,0.000,0.000,0.000,0.000,0.256,0.210,0,428,0.052,0.015,0.043,0.002,20,1048576,2.050,Off,ModifiedOnly,1,54,52,52,52,2,false,197362,851214,9727,5510,10605,10248,2117,4226,4204,8,2109,10156,92,95,25,0.196,0.000,0.000,0.003,0.012,0.012,0.017,0.009,0.009,0.005,0.004,0.006,0.005,0.002,0.002,0.001,0.013,0.043,0.002,0.051
CBT 2024,cbt_2024_official_baseline_v1,Release,D3D12,NVIDIA GeForce RTX 5090 D,Direct3D 12 (feature level 12_0); requested Agility SDK 614; runtime 6.2.26100.8972 (C:\WINDOWS\SYSTEM32\D3D12Core.dll); driver 32.0.15.9186,false,1280,720,assets/heightmaps/Hm_Terrain_Peking_513.png,547,547,80.000,12.000,20,0.250,0.100,200000,false,30,64,0.476,0.013,-57.352,19.116,8.644,0.449,198148,198148,6653,6653,535,3028,13443,0,0,0,0,0,0,0,0,0,0,0,0,0,0.000,0.038,0.035,0.000,0.000,0.000,0.000,0.000,0.000,0.000,0.000,0.000,0.000,0.000,0.000,0.000,0.000,0.000,0.000,0.000,0.000,0.000,0.000,0.000,0.000,0.000,0.236,0.188,0,428,0.052,0.016,0.019,0.001,20,1048576,2.050,Off,ModifiedOnly,1,55,53,53,53,2,false,198142,850434,6118,7325,6817,6571,3028,6037,6012,19,3009,6518,53,53,29,0.174,0.000,0.000,0.002,0.012,0.012,0.017,0.009,0.009,0.005,0.004,0.006,0.005,0.002,0.002,0.001,0.013,0.019,0.001,0.053
CBT 2024,cbt_2024_official_baseline_v1,Release,D3D12,NVIDIA GeForce RTX 5090 D,Direct3D 12 (feature level 12_0); requested Agility SDK 614; runtime 6.2.26100.8972 (C:\WINDOWS\SYSTEM32\D3D12Core.dll); driver 32.0.15.9186,false,1280,720,assets/heightmaps/Hm_Terrain_Peking_513.png,547,547,80.000,12.000,20,0.250,0.100,200000,false,31,64,0.492,0.013,-57.928,19.701,2.891,0.432,199101,199101,5653,5653,535,2427,11167,0,0,0,0,0,0,0,0,0,0,0,0,0,0.000,0.038,0.035,0.000,0.000,0.000,0.000,0.000,0.000,0.000,0.000,0.000,0.000,0.000,0.000,0.000,0.000,0.000,0.000,0.000,0.000,0.000,0.000,0.000,0.000,0.000,0.225,0.185,0,428,0.051,0.016,0.017,0.001,20,1048576,2.050,Off,ModifiedOnly,1,56,54,54,54,2,false,199095,849481,5118,6049,5786,5587,2427,4833,4810,21,2406,5537,50,49,17,0.170,0.000,0.000,0.003,0.011,0.012,0.016,0.009,0.009,0.005,0.004,0.006,0.005,0.002,0.002,0.001,0.013,0.016,0.001,0.053
CBT 2024,cbt_2024_official_baseline_v1,Release,D3D12,NVIDIA GeForce RTX 5090 D,Direct3D 12 (feature level 12_0); requested Agility SDK 614; runtime 6.2.26100.8972 (C:\WINDOWS\SYSTEM32\D3D12Core.dll); driver 32.0.15.9186,false,1280,720,assets/heightmaps/Hm_Terrain_Peking_513.png,547,547,80.000,12.000,20,0.250,0.100,200000,false,32,64,0.508,0.014,-57.928,20.299,-2.891,0.416,203124,203124,8110,8110,656,2124,12996,0,0,0,0,0,0,0,0,0,0,0,0,0,0.000,0.039,0.036,0.000,0.000,0.000,0.000,0.000,0.000,0.000,0.000,0.000,0.000,0.000,0.000,0.000,0.000,0.000,0.000,0.000,0.000,0.000,0.000,0.000,0.000,0.000,0.446,0.401,0,428,0.052,0.015,0.020,0.002,20,1048576,2.050,Off,ModifiedOnly,1,57,55,55,55,2,false,203118,845458,7454,5542,8256,8038,2124,4233,4214,15,2109,7979,59,57,15,0.387,0.000,0.000,0.003,0.012,0.012,0.017,0.009,0.008,0.005,0.004,0.006,0.005,0.002,0.002,0.001,0.225,0.020,0.002,0.053
CBT 2024,cbt_2024_official_baseline_v1,Release,D3D12,NVIDIA GeForce RTX 5090 D,Direct3D 12 (feature level 12_0); requested Agility SDK 614; runtime 6.2.26100.8972 (C:\WINDOWS\SYSTEM32\D3D12Core.dll); driver 32.0.15.9186,false,1280,720,assets/heightmaps/Hm_Terrain_Peking_513.png,547,547,80.000,12.000,20,0.250,0.100,200000,false,33,64,0.524,0.014,-57.352,20.884,-8.644,0.640,204997,204997,7207,7207,502,2761,13570,0,0,0,0,0,0,0,0,0,0,0,0,0,0.000,0.038,0.034,0.000,0.000,0.000,0.000,0.000,0.000,0.000,0.000,0.000,0.000,0.000,0.000,0.000,0.000,0.000,0.000,0.000,0.000,0.000,0.000,0.000,0.000,0.000,0.229,0.189,0,428,0.052,0.016,0.019,0.002,20,1048576,2.050,Off,ModifiedOnly,1,58,56,56,56,2,false,204991,843585,6705,6865,7372,7124,2761,5499,5481,23,2738,7063,61,62,21,0.174,0.000,0.000,0.003,0.012,0.012,0.017,0.009,0.008,0.005,0.004,0.006,0.005,0.002,0.002,0.001,0.013,0.019,0.002,0.054
CBT 2024,cbt_2024_official_baseline_v1,Release,D3D12,NVIDIA GeForce RTX 5090 D,Direct3D 12 (feature level 12_0); requested Agility SDK 614; runtime 6.2.26100.8972 (C:\WINDOWS\SYSTEM32\D3D12Core.dll); driver 32.0.15.9186,false,1280,720,assets/heightmaps/Hm_Terrain_Peking_513.png,547,547,80.000,12.000,20,0.250,0.100,200000,false,34,64,0.540,0.015,-56.206,21.435,-14.312,0.420,207207,207207,6352,6352,451,2176,11478,0,0,0,0,0,0,0,0,0,0,0,0,0,0.000,0.038,0.035,0.000,0.000,0.000,0.000,0.000,0.000,0.000,0.000,0.000,0.000,0.000,0.000,0.000,0.000,0.000,0.000,0.000,0.000,0.000,0.000,0.000,0.000,0.000,0.235,0.189,0,428,0.053,0.016,0.017,0.001,20,1048576,2.050,Off,ModifiedOnly,1,59,57,57,57,2,false,207201,841375,5901,5577,6545,6257,2176,4335,4316,17,2159,6181,76,73,22,0.175,0.000,0.000,0.002,0.012,0.012,0.018,0.009,0.009,0.005,0.004,0.006,0.005,0.002,0.002,0.001,0.013,0.017,0.001,0.055
CBT 2024,cbt_2024_official_baseline_v1,Release,D3D12,NVIDIA GeForce RTX 5090 D,Direct3D 12 (feature level 12_0); requested Agility SDK 614; runtime 6.2.26100.8972 (C:\WINDOWS\SYSTEM32\D3D12Core.dll); driver 32.0.15.9186,false,1280,720,assets/heightmaps/Hm_Terrain_Peking_513.png,547,547,80.000,12.000,20,0.250,0.100,200000,false,35,64,0.556,0.015,-54.502,21.928,-19.837,0.428,209088,209088,5513,5513,476,1931,10093,0,0,0,0,0,0,0,0,0,0,0,0,0,0.000,0.038,0.035,0.000,0.000,0.000,0.000,0.000,0.000,0.000,0.000,0.000,0.000,0.000,0.000,0.000,0.000,0.000,0.000,0.000,0.000,0.000,0.000,0.000,0.000,0.000,0.250,0.207,0,428,0.051,0.016,0.036,0.002,20,1048576,2.050,Off,ModifiedOnly,1,60,58,58,58,2,false,209082,839494,5037,5056,5719,5410,1931,3838,3810,24,1907,5326,84,84,19,0.192,0.000,0.000,0.003,0.012,0.012,0.016,0.009,0.009,0.005,0.004,0.006,0.005,0.002,0.002,0.001,0.013,0.036,0.002,0.055
CBT 2024,cbt_2024_official_baseline_v1,Release,D3D12,NVIDIA GeForce RTX 5090 D,Direct3D 12 (feature level 12_0); requested Agility SDK 614; runtime 6.2.26100.8972 (C:\WINDOWS\SYSTEM32\D3D12Core.dll); driver 32.0.15.9186,false,1280,720,assets/heightmaps/Hm_Terrain_Peking_513.png,547,547,80.000,12.000,20,0.250,0.100,200000,false,36,64,0.571,0.016,-52.256,22.345,-25.165,0.443,209499,209499,5004,5004,469,2422,10693,0,0,0,0,0,0,0,0,0,0,0,0,0,0.000,0.038,0.035,0.000,0.000,0.000,0.000,0.000,0.000,0.000,0.000,0.000,0.000,0.000,0.000,0.000,0.000,0.000,0.000,0.000,0.000,0.000,0.000,0.000,0.000,0.000,0.231,0.188,0,428,0.053,0.016,0.015,0.001,20,1048576,2.050,Off,ModifiedOnly,1,61,59,59,59,2,false,209493,839083,4535,6158,5231,4888,2422,4820,4787,24,2398,4797,91,96,20,0.173,0.000,0.000,0.003,0.012,0.012,0.017,0.010,0.009,0.005,0.004,0.006,0.005,0.002,0.002,0.001,0.013,0.015,0.001,0.055
CBT 2024,cbt_2024_official_baseline_v1,Release,D3D12,NVIDIA GeForce RTX 5090 D,Direct3D 12 (feature level 12_0); requested Agility SDK 614; runtime 6.2.26100.8972 (C:\WINDOWS\SYSTEM32\D3D12Core.dll); driver 32.0.15.9186,false,1280,720,assets/heightmaps/Hm_Terrain_Peking_513.png,547,547,80.000,12.000,20,0.250,0.100,200000,false,37,64,0.587,0.016,-49.491,22.670,-30.243,0.425,208218,208218,4671,4671,498,3116,11737,0,0,0,0,0,0,0,0,0,0,0,0,0,0.000,0.038,0.035,0.000,0.000,0.000,0.000,0.000,0.000,0.000,0.000,0.000,0.000,0.000,0.000,0.000,0.000,0.000,0.000,0.000,0.000,0.000,0.000,0.000,0.000,0.000,0.231,0.185,0,428,0.051,0.016,0.016,0.001,20,1048576,2.050,Off,ModifiedOnly,1,62,60,60,60,2,false,208212,840364,4173,7564,4923,4545,3116,6204,6195,28,3088,4444,101,101,25,0.171,0.000,0.000,0.003,0.012,0.012,0.015,0.010,0.009,0.005,0.004,0.006,0.005,0.002,0.002,0.001,0.013,0.015,0.001,0.054
CBT 2024,cbt_2024_official_baseline_v1,Release,D3D12,NVIDIA GeForce RTX 5090 D,Direct3D 12 (feature level 12_0); requested Agility SDK 614; runtime 6.2.26100.8972 (C:\WINDOWS\SYSTEM32\D3D12Core.dll); driver 32.0.15.9186,false,1280,720,assets/heightmaps/Hm_Terrain_Peking_513.png,547,547,80.000,12.000,20,0.250,0.100,200000,false,38,64,0.603,0.016,-46.234,22.888,-35.021,0.423,209100,209100,6472,6472,733,2938,12948,0,0,0,0,0,0,0,0,0,0,0,0,0,0.000,0.037,0.034,0.000,0.000,0.000,0.000,0.000,0.000,0.000,0.000,0.000,0.000,0.000,0.000,0.000,0.000,0.000,0.000,0.000,0.000,0.000,0.000,0.000,0.000,0.000,0.233,0.188,0,428,0.053,0.016,0.018,0.001,20,1048576,2.050,Off,ModifiedOnly,1,63,61,61,61,2,false,209094,839482,5739,7209,6744,6332,2938,5862,5843,14,2924,6219,113,121,19,0.174,0.000,0.000,0.003,0.012,0.013,0.017,0.009,0.009,0.005,0.004,0.006,0.005,0.002,0.002,0.001,0.013,0.018,0.001,0.052
CBT 2024,cbt_2024_official_baseline_v1,Release,D3D12,NVIDIA GeForce RTX 5090 D,Direct3D 12 (feature level 12_0); requested Agility SDK 614; runtime 6.2.26100.8972 (C:\WINDOWS\SYSTEM32\D3D12Core.dll); driver 32.0.15.9186,false,1280,720,assets/heightmaps/Hm_Terrain_Peking_513.png,547,547,80.000,12.000,20,0.250,0.100,200000,false,39,64,0.619,0.017,-42.517,22.992,-39.450,0.433,211224,211224,7462,7462,741,2850,13666,0,0,0,0,0,0,0,0,0,0,0,0,0,0.000,0.038,0.035,0.000,0.000,0.000,0.000,0.000,0.000,0.000,0.000,0.000,0.000,0.000,0.000,0.000,0.000,0.000,0.000,0.000,0.000,0.000,0.000,0.000,0.000,0.000,0.233,0.190,0,428,0.054,0.016,0.020,0.001,20,1048576,2.050,Off,ModifiedOnly,1,64,62,62,62,2,false,211218,837358,6721,6945,7780,7304,2850,5656,5647,44,2806,7171,133,131,27,0.176,0.000,0.000,0.003,0.012,0.013,0.017,0.010,0.009,0.005,0.005,0.006,0.005,0.002,0.002,0.001,0.013,0.020,0.001,0.051
CBT 2024,cbt_2024_official_baseline_v1,Release,D3D12,NVIDIA GeForce RTX 5090 D,Direct3D 12 (feature level 12_0); requested Agility SDK 614; runtime 6.2.26100.8972 (C:\WINDOWS\SYSTEM32\D3D12Core.dll); driver 32.0.15.9186,false,1280,720,assets/heightmaps/Hm_Terrain_Peking_513.png,547,547,80.000,12.000,20,0.250,0.100,200000,false,40,64,0.635,0.017,-38.378,22.977,-43.487,0.425,212818,212818,6824,6824,682,2794,12934,0,0,0,0,0,0,0,0,0,0,0,0,0,0.000,0.038,0.035,0.000,0.000,0.000,0.000,0.000,0.000,0.000,0.000,0.000,0.000,0.000,0.000,0.000,0.000,0.000,0.000,0.000,0.000,0.000,0.000,0.000,0.000,0.000,0.231,0.186,0,428,0.054,0.016,0.018,0.001,20,1048576,2.050,Off,ModifiedOnly,1,65,63,63,63,2,false,212812,835764,6142,6792,7163,6657,2794,5569,5555,19,2775,6500,157,152,15,0.172,0.000,0.000,0.002,0.012,0.013,0.017,0.010,0.009,0.005,0.004,0.006,0.005,0.002,0.002,0.001,0.013,0.017,0.001,0.051
CBT 2024,cbt_2024_official_baseline_v1,Release,D3D12,NVIDIA GeForce RTX 5090 D,Direct3D 12 (feature level 12_0); requested Agility SDK 614; runtime 6.2.26100.8972 (C:\WINDOWS\SYSTEM32\D3D12Core.dll); driver 32.0.15.9186,false,1280,720,assets/heightmaps/Hm_Terrain_Peking_513.png,547,547,80.000,12.000,20,0.250,0.100,200000,false,41,64,0.651,0.018,-33.857,22.844,-47.092,0.421,212120,212120,5621,5621,568,3339,13057,0,0,0,0,0,0,0,0,0,0,0,0,0,0.000,0.037,0.034,0.000,0.000,0.000,0.000,0.000,0.000,0.000,0.000,0.000,0.000,0.000,0.000,0.000,0.000,0.000,0.000,0.000,0.000,0.000,0.000,0.000,0.000,0.000,0.233,0.187,0,428,0.053,0.016,0.018,0.002,20,1048576,2.050,Off,ModifiedOnly,1,66,64,64,64,2,false,212114,836462,5053,8004,5969,5446,3339,6667,6655,11,3328,5303,143,145,30,0.173,0.000,0.000,0.003,0.013,0.013,0.016,0.010,0.009,0.005,0.004,0.006,0.005,0.002,0.002,0.001,0.013,0.017,0.002,0.051
CBT 2024,cbt_2024_official_baseline_v1,Release,D3D12,NVIDIA GeForce RTX 5090 D,Direct3D 12 (feature level 12_0); requested Agility SDK 614; runtime 6.2.26100.8972 (C:\WINDOWS\SYSTEM32\D3D12Core.dll); driver 32.0.15.9186,false,1280,720,assets/heightmaps/Hm_Terrain_Peking_513.png,547,547,80.000,12.000,20,0.250,0.100,200000,false,42,64,0.667,0.018,-29.000,22.598,-50.229,0.424,210381,210381,5938,5938,504,4004,14597,0,0,0,0,0,0,0,0,0,0,0,0,0,0.000,0.038,0.035,0.000,0.000,0.000,0.000,0.000,0.000,0.000,0.000,0.000,0.000,0.000,0.000,0.000,0.000,0.000,0.000,0.000,0.000,0.000,0.000,0.000,0.000,0.000,0.270,0.225,0,428,0.052,0.016,0.057,0.001,20,1048576,2.050,Off,ModifiedOnly,1,67,65,65,65,2,false,210375,838201,5434,9163,6260,5778,4004,7999,7988,9,3995,5633,145,143,17,0.211,0.000,0.000,0.003,0.012,0.011,0.016,0.009,0.009,0.005,0.005,0.006,0.005,0.002,0.002,0.001,0.013,0.057,0.001,0.051
CBT 2024,cbt_2024_official_baseline_v1,Release,D3D12,NVIDIA GeForce RTX 5090 D,Direct3D 12 (feature level 12_0); requested Agility SDK 614; runtime 6.2.26100.8972 (C:\WINDOWS\SYSTEM32\D3D12Core.dll); driver 32.0.15.9186,false,1280,720,assets/heightmaps/Hm_Terrain_Peking_513.png,547,547,80.000,12.000,20,0.250,0.100,200000,false,43,64,0.683,0.019,-23.855,22.249,-52.867,0.463,211335,211335,6354,6354,527,2845,12507,0,0,0,0,0,0,0,0,0,0,0,0,0,0.000,0.038,0.035,0.000,0.000,0.000,0.000,0.000,0.000,0.000,0.000,0.000,0.000,0.000,0.000,0.000,0.000,0.000,0.000,0.000,0.000,0.000,0.000,0.000,0.000,0.000,0.228,0.185,0,428,0.051,0.016,0.018,0.002,20,1048576,2.050,Off,ModifiedOnly,1,68,66,66,66,2,false,211329,837247,5827,6680,6633,6215,2845,5679,5661,11,2834,6085,130,129,10,0.171,0.000,0.000,0.003,0.012,0.012,0.015,0.010,0.009,0.005,0.005,0.006,0.005,0.002,0.002,0.001,0.013,0.018,0.002,0.050
CBT 2024,cbt_2024_official_baseline_v1,Release,D3D12,NVIDIA GeForce RTX 5090 D,Direct3D 12 (feature level 12_0); requested Agility SDK 614; runtime 6.2.26100.8972 (C:\WINDOWS\SYSTEM32\D3D12Core.dll); driver 32.0.15.9186,false,1280,720,assets/heightmaps/Hm_Terrain_Peking_513.png,547,547,80.000,12.000,20,0.250,0.100,200000,false,44,64,0.698,0.019,-18.472,21.811,-54.980,0.422,214502,214502,8015,8015,663,2547,13420,0,0,0,0,0,0,0,0,0,0,0,0,0,0.000,0.038,0.035,0.000,0.000,0.000,0.000,0.000,0.000,0.000,0.000,0.000,0.000,0.000,0.000,0.000,0.000,0.000,0.000,0.000,0.000,0.000,0.000,0.000,0.000,0.000,0.231,0.185,0,428,0.051,0.015,0.020,0.001,20,1048576,2.050,Off,ModifiedOnly,1,69,67,67,67,2,false,214496,834080,7352,6068,8246,7899,2547,5079,5062,15,2532,7796,103,104,12,0.171,0.000,0.000,0.003,0.012,0.012,0.015,0.009,0.009,0.005,0.004,0.006,0.005,0.002,0.002,0.001,0.013,0.019,0.001,0.051
CBT 2024,cbt_2024_official_baseline_v1,Release,D3D12,NVIDIA GeForce RTX 5090 D,Direct3D 12 (feature level 12_0); requested Agility SDK 614; runtime 6.2.26100.8972 (C:\WINDOWS\SYSTEM32\D3D12Core.dll); driver 32.0.15.9186,false,1280,720,assets/heightmaps/Hm_Terrain_Peking_513.png,547,547,80.000,12.000,20,0.250,0.100,200000,false,45,64,0.714,0.020,-12.906,21.302,-56.546,0.464,216723,216723,7650,7650,622,2798,13777,0,0,0,0,0,0,0,0,0,0,0,0,0,0.000,0.111,0.105,0.000,0.000,0.000,0.000,0.000,0.000,0.000,0.000,0.000,0.000,0.000,0.000,0.000,0.000,0.000,0.000,0.000,0.000,0.000,0.000,0.000,0.000,0.000,0.205,0.183,0,428,0.049,0.016,0.019,0.001,20,1048576,2.050,Off,ModifiedOnly,1,70,68,68,68,2,false,216717,831859,7028,6749,7808,7568,2798,5587,5565,9,2789,7502,66,72,10,0.169,0.000,0.000,0.002,0.012,0.011,0.014,0.010,0.009,0.005,0.004,0.006,0.005,0.002,0.002,0.001,0.013,0.018,0.001,0.051
CBT 2024,cbt_2024_official_baseline_v1,Release,D3D12,NVIDIA GeForce RTX 5090 D,Direct3D 12 (feature level 12_0); requested Agility SDK 614; runtime 6.2.26100.8972 (C:\WINDOWS\SYSTEM32\D3D12Core.dll); driver 32.0.15.9186,false,1280,720,assets/heightmaps/Hm_Terrain_Peking_513.png,547,547,80.000,12.000,20,0.250,0.100,200000,false,46,64,0.730,0.020,-7.212,20.740,-57.550,0.604,215505,215505,5053,5053,593,3206,12038,0,0,0,0,0,0,0,0,0,0,0,0,0,0.000,0.044,0.040,0.000,0.000,0.000,0.000,0.000,0.000,0.000,0.000,0.000,0.000,0.000,0.000,0.000,0.000,0.000,0.000,0.000,0.000,0.000,0.000,0.000,0.000,0.000,0.001,0.182,0,428,0.047,0.016,0.017,0.002,20,1048576,2.050,Off,ModifiedOnly,1,71,69,69,69,2,false,215499,833077,4460,7578,5182,4989,3206,6400,6373,12,3194,4930,59,58,6,0.168,0.000,0.000,0.003,0.012,0.011,0.013,0.010,0.009,0.005,0.004,0.006,0.005,0.002,0.002,0.001,0.013,0.017,0.002,0.052
CBT 2024,cbt_2024_official_baseline_v1,Release,D3D12,NVIDIA GeForce RTX 5090 D,Direct3D 12 (feature level 12_0); requested Agility SDK 614; runtime 6.2.26100.8972 (C:\WINDOWS\SYSTEM32\D3D12Core.dll); driver 32.0.15.9186,false,1280,720,assets/heightmaps/Hm_Terrain_Peking_513.png,547,547,80.000,12.000,20,0.250,0.100,200000,false,47,64,0.746,0.020,-1.446,20.150,-57.982,0.254,214977,214977,5318,5318,559,2994,12083,0,0,0,0,0,0,0,0,0,0,0,0,0,0.000,0.049,0.043,0.000,0.000,0.000,0.000,0.000,0.000,0.000,0.000,0.000,0.000,0.000,0.000,0.000,0.000,0.000,0.000,0.000,0.000,0.000,0.000,0.000,0.000,0.000,0.183,0.185,0,428,0.049,0.016,0.017,0.001,20,1048576,2.050,Off,ModifiedOnly,1,72,70,70,70,2,false,214971,833605,4759,7324,5432,5261,2994,5960,5931,28,2966,5210,51,51,6,0.171,0.000,0.000,0.003,0.013,0.011,0.015,0.009,0.009,0.005,0.004,0.006,0.005,0.002,0.002,0.001,0.013,0.016,0.001,0.054
CBT 2024,cbt_2024_official_baseline_v1,Release,D3D12,NVIDIA GeForce RTX 5090 D,Direct3D 12 (feature level 12_0); requested Agility SDK 614; runtime 6.2.26100.8972 (C:\WINDOWS\SYSTEM32\D3D12Core.dll); driver 32.0.15.9186,false,1280,720,assets/heightmaps/Hm_Terrain_Peking_513.png,547,547,80.000,12.000,20,0.250,0.100,200000,false,48,64,0.762,0.021,4.334,19.553,-57.838,0.470,212662,212662,4830,4830,483,3643,13018,0,0,0,0,0,0,0,0,0,0,0,0,0,0.000,0.111,0.107,0.000,0.000,0.000,0.000,0.000,0.000,0.000,0.000,0.000,0.000,0.000,0.000,0.000,0.000,0.000,0.000,0.000,0.000,0.000,0.000,0.000,0.000,0.000,0.349,0.186,0,428,0.049,0.016,0.017,0.001,20,1048576,2.050,Off,ModifiedOnly,1,73,71,71,71,2,false,212656,835920,4347,8671,4947,4772,3643,7262,7236,24,3619,4718,54,53,5,0.171,0.000,0.000,0.003,0.013,0.011,0.015,0.009,0.008,0.005,0.005,0.006,0.005,0.002,0.002,0.001,0.013,0.017,0.001,0.054
CBT 2024,cbt_2024_official_baseline_v1,Release,D3D12,NVIDIA GeForce RTX 5090 D,Direct3D 12 (feature level 12_0); requested Agility SDK 614; runtime 6.2.26100.8972 (C:\WINDOWS\SYSTEM32\D3D12Core.dll); driver 32.0.15.9186,false,1280,720,assets/heightmaps/Hm_Terrain_Peking_513.png,547,547,80.000,12.000,20,0.250,0.100,200000,false,49,64,0.778,0.022,10.072,18.974,-57.119,0.701,209853,209853,3873,3873,395,3422,11664,0,0,0,0,0,0,0,0,0,0,0,0,0,0.000,0.130,0.120,0.000,0.000,0.000,0.000,0.000,0.000,0.000,0.000,0.000,0.000,0.000,0.000,0.000,0.000,0.000,0.000,0.000,0.000,0.000,0.000,0.000,0.000,0.000,0.070,0.187,0,428,0.051,0.016,0.016,0.002,20,1048576,2.050,Off,ModifiedOnly,1,74,72,72,72,2,false,209847,838729,3478,8186,4010,3805,3422,6819,6789,25,3397,3750,55,54,14,0.172,0.000,0.000,0.003,0.013,0.011,0.015,0.010,0.009,0.005,0.005,0.006,0.005,0.002,0.002,0.001,0.013,0.016,0.002,0.054
CBT 2024,cbt_2024_official_baseline_v1,Release,D3D12,NVIDIA GeForce RTX 5090 D,Direct3D 12 (feature level 12_0); requested Agility SDK 614; runtime 6.2.26100.8972 (C:\WINDOWS\SYSTEM32\D3D12Core.dll); driver 32.0.15.9186,false,1280,720,assets/heightmaps/Hm_Terrain_Peking_513.png,547,547,80.000,12.000,20,0.250,0.100,200000,false,50,64,0.794,0.022,15.709,18.436,-55.832,0.542,204854,204854,2846,2846,301,4003,11855,0,0,0,0,0,0,0,0,0,0,0,0,0,0.000,0.059,0.055,0.000,0.000,0.000,0.000,0.000,0.000,0.000,0.000,0.000,0.000,0.000,0.000,0.000,0.000,0.000,0.000,0.000,0.000,0.000,0.000,0.000,0.000,0.000,0.000,0.183,0,428,0.049,0.016,0.015,0.001,20,1048576,2.050,Off,ModifiedOnly,1,75,73,73,73,2,false,204848,843728,2545,9310,2987,2776,4003,7986,7965,20,3983,2714,62,61,9,0.170,0.000,0.000,0.004,0.012,0.011,0.015,0.009,0.009,0.005,0.005,0.006,0.005,0.002,0.002,0.001,0.013,0.015,0.001,0.055
CBT 2024,cbt_2024_official_baseline_v1,Release,D3D12,NVIDIA GeForce RTX 5090 D,Direct3D 12 (feature level 12_0); requested Agility SDK 614; runtime 6.2.26100.8972 (C:\WINDOWS\SYSTEM32\D3D12Core.dll); driver 32.0.15.9186,false,1280,720,assets/heightmaps/Hm_Terrain_Peking_513.png,547,547,80.000,12.000,20,0.250,0.100,200000,false,51,64,0.810,0.022,21.190,17.959,-53.991,0.277,201725,201725,3943,3943,408,3603,11950,0,0,0,0,0,0,0,0,0,0,0,0,0,0.000,0.061,0.055,0.000,0.000,0.000,0.000,0.000,0.000,0.000,0.000,0.000,0.000,0.000,0.000,0.000,0.000,0.000,0.000,0.000,0.000,0.000,0.000,0.000,0.000,0.000,0.095,0.183,0,428,0.049,0.016,0.015,0.001,20,1048576,2.050,Off,ModifiedOnly,1,76,74,74,74,2,false,201719,846857,3535,8415,4065,3881,3603,7194,7161,12,3591,3828,53,55,7,0.169,0.000,0.000,0.003,0.012,0.010,0.014,0.010,0.009,0.005,0.004,0.006,0.005,0.002,0.002,0.001,0.013,0.015,0.001,0.054
CBT 2024,cbt_2024_official_baseline_v1,Release,D3D12,NVIDIA GeForce RTX 5090 D,Direct3D 12 (feature level 12_0); requested Agility SDK 614; runtime 6.2.26100.8972 (C:\WINDOWS\SYSTEM32\D3D12Core.dll); driver 32.0.15.9186,false,1280,720,assets/heightmaps/Hm_Terrain_Peking_513.png,547,547,80.000,12.000,20,0.250,0.100,200000,false,52,64,0.825,0.023,26.460,17.564,-51.613,0.370,199288,199288,3900,3900,395,3254,11140,0,0,0,0,0,0,0,0,0,0,0,0,0,0.000,0.062,0.058,0.000,0.000,0.000,0.000,0.000,0.000,0.000,0.000,0.000,0.000,0.000,0.000,0.000,0.000,0.000,0.000,0.000,0.000,0.000,0.000,0.000,0.000,0.000,0.109,0.181,0,428,0.049,0.016,0.015,0.001,20,1048576,2.050,Off,ModifiedOnly,1,77,75,75,75,2,false,199282,849294,3505,7635,4041,3830,3254,6478,6453,30,3224,3775,55,54,16,0.166,0.000,0.000,0.002,0.012,0.011,0.015,0.009,0.009,0.005,0.004,0.006,0.005,0.002,0.002,0.001,0.013,0.014,0.001,0.053
CBT 2024,cbt_2024_official_baseline_v1,Release,D3D12,NVIDIA GeForce RTX 5090 D,Direct3D 12 (feature level 12_0); requested Agility SDK 614; runtime 6.2.26100.8972 (C:\WINDOWS\SYSTEM32\D3D12Core.dll); driver 32.0.15.9186,false,1280,720,assets/heightmaps/Hm_Terrain_Peking_513.png,547,547,80.000,12.000,20,0.250,0.100,200000,false,53,64,0.841,0.023,31.468,17.265,-48.722,0.383,196933,196933,3941,3941,433,3242,11098,0,0,0,0,0,0,0,0,0,0,0,0,0,0.000,0.044,0.040,0.000,0.000,0.000,0.000,0.000,0.000,0.000,0.000,0.000,0.000,0.000,0.000,0.000,0.000,0.000,0.000,0.000,0.000,0.000,0.000,0.000,0.000,0.000,0.142,0.180,0,428,0.050,0.016,0.015,0.001,20,1048576,2.050,Off,ModifiedOnly,1,78,76,76,76,2,false,196927,851649,3508,7590,4095,3864,3242,6450,6433,34,3208,3797,67,67,10,0.166,0.000,0.000,0.002,0.012,0.011,0.016,0.009,0.009,0.005,0.005,0.006,0.005,0.002,0.002,0.001,0.013,0.014,0.001,0.051
CBT 2024,cbt_2024_official_baseline_v1,Release,D3D12,NVIDIA GeForce RTX 5090 D,Direct3D 12 (feature level 12_0); requested Agility SDK 614; runtime 6.2.26100.8972 (C:\WINDOWS\SYSTEM32\D3D12Core.dll); driver 32.0.15.9186,false,1280,720,assets/heightmaps/Hm_Terrain_Peking_513.png,547,547,80.000,12.000,20,0.250,0.100,200000,false,54,64,0.857,0.023,36.162,17.075,-45.346,0.374,195380,195380,5087,5087,527,3417,12649,0,0,0,0,0,0,0,0,0,0,0,0,0,0.000,0.040,0.037,0.000,0.000,0.000,0.000,0.000,0.000,0.000,0.000,0.000,0.000,0.000,0.000,0.000,0.000,0.000,0.000,0.000,0.000,0.000,0.000,0.000,0.000,0.000,0.191,0.183,0,428,0.050,0.016,0.016,0.001,20,1048576,2.050,Off,ModifiedOnly,1,79,77,77,77,2,false,195374,853202,4560,8089,5259,5000,3417,6812,6795,22,3395,4925,75,77,10,0.168,0.000,0.000,0.003,0.012,0.012,0.015,0.009,0.009,0.005,0.005,0.006,0.005,0.002,0.002,0.002,0.013,0.016,0.001,0.052
CBT 2024,cbt_2024_official_baseline_v1,Release,D3D12,NVIDIA GeForce RTX 5090 D,Direct3D 12 (feature level 12_0); requested Agility SDK 614; runtime 6.2.26100.8972 (C:\WINDOWS\SYSTEM32\D3D12Core.dll); driver 32.0.15.9186,false,1280,720,assets/heightmaps/Hm_Terrain_Peking_513.png,547,547,80.000,12.000,20,0.250,0.100,200000,false,55,64,0.873,0.024,40.498,17.001,-41.520,0.406,192610,192610,4821,4821,394,3899,13440,0,0,0,0,0,0,0,0,0,0,0,0,0,0.000,0.039,0.036,0.000,0.000,0.000,0.000,0.000,0.000,0.000,0.000,0.000,0.000,0.000,0.000,0.000,0.000,0.000,0.000,0.000,0.000,0.000,0.000,0.000,0.000,0.000,0.206,0.184,0,428,0.051,0.016,0.016,0.001,20,1048576,2.050,Off,ModifiedOnly,1,80,78,78,78,2,false,192604,855972,4427,9013,5009,4727,3899,7779,7763,19,3880,4648,79,79,15,0.169,0.000,0.000,0.003,0.012,0.012,0.015,0.009,0.009,0.005,0.004,0.006,0.005,0.002,0.002,0.001,0.013,0.016,0.001,0.052
CBT 2024,cbt_2024_official_baseline_v1,Release,D3D12,NVIDIA GeForce RTX 5090 D,Direct3D 12 (feature level 12_0); requested Agility SDK 614; runtime 6.2.26100.8972 (C:\WINDOWS\SYSTEM32\D3D12Core.dll); driver 32.0.15.9186,false,1280,720,assets/heightmaps/Hm_Terrain_Peking_513.png,547,547,80.000,12.000,20,0.250,0.100,200000,false,56,64,0.889,0.024,44.431,17.046,-37.282,0.403,191494,191494,5215,5215,464,3284,12471,0,0,0,0,0,0,0,0,0,0,0,0,0,0.000,0.038,0.036,0.000,0.000,0.000,0.000,0.000,0.000,0.000,0.000,0.000,0.000,0.000,0.000,0.000,0.000,0.000,0.000,0.000,0.000,0.000,0.000,0.000,0.000,0.000,0.226,0.182,0,428,0.050,0.016,0.018,0.001,20,1048576,2.050,Off,ModifiedOnly,1,81,79,79,79,2,false,191488,857088,4751,7720,5427,5107,3284,6543,6527,25,3259,5014,93,97,11,0.168,0.000,0.000,0.003,0.012,0.011,0.015,0.009,0.009,0.005,0.004,0.006,0.005,0.002,0.002,0.001,0.013,0.018,0.001,0.050
CBT 2024,cbt_2024_official_baseline_v1,Release,D3D12,NVIDIA GeForce RTX 5090 D,Direct3D 12 (feature level 12_0); requested Agility SDK 614; runtime 6.2.26100.8972 (C:\WINDOWS\SYSTEM32\D3D12Core.dll); driver 32.0.15.9186,false,1280,720,assets/heightmaps/Hm_Terrain_Peking_513.png,547,547,80.000,12.000,20,0.250,0.100,200000,false,57,64,0.905,0.025,47.922,17.207,-32.673,0.420,192298,192298,6293,6293,528,2889,12710,0,0,0,0,0,0,0,0,0,0,0,0,0,0.000,0.039,0.035,0.000,0.000,0.000,0.000,0.000,0.000,0.000,0.000,0.000,0.000,0.000,0.000,0.000,0.000,0.000,0.000,0.000,0.000,0.000,0.000,0.000,0.000,0.000,0.227,0.184,0,428,0.052,0.016,0.018,0.001,20,1048576,2.050,Off,ModifiedOnly,1,82,80,80,80,2,false,192292,856284,5765,6945,6560,6158,2889,5756,5736,22,2867,6042,116,119,16,0.170,0.000,0.000,0.002,0.012,0.012,0.017,0.009,0.009,0.005,0.004,0.006,0.005,0.002,0.002,0.001,0.013,0.018,0.001,0.050
CBT 2024,cbt_2024_official_baseline_v1,Release,D3D12,NVIDIA GeForce RTX 5090 D,Direct3D 12 (feature level 12_0); requested Agility SDK 614; runtime 6.2.26100.8972 (C:\WINDOWS\SYSTEM32\D3D12Core.dll); driver 32.0.15.9186,false,1280,720,assets/heightmaps/Hm_Terrain_Peking_513.png,547,547,80.000,12.000,20,0.250,0.100,200000,false,58,64,0.921,0.025,50.937,17.480,-27.739,0.420,193579,193579,7142,7142,508,3086,13884,0,0,0,0,0,0,0,0,0,0,0,0,0,0.000,0.039,0.036,0.000,0.000,0.000,0.000,0.000,0.000,0.000,0.000,0.000,0.000,0.000,0.000,0.000,0.000,0.000,0.000,0.000,0.000,0.000,0.000,0.000,0.000,0.000,0.235,0.192,0,428,0.052,0.016,0.026,0.001,20,1048576,2.050,Off,ModifiedOnly,1,83,81,81,81,2,false,193573,855003,6634,7250,7434,6993,3086,6153,6120,19,3067,6871,122,128,21,0.178,0.000,0.000,0.003,0.012,0.012,0.017,0.009,0.009,0.005,0.004,0.006,0.005,0.002,0.002,0.001,0.013,0.025,0.001,0.050
CBT 2024,cbt_2024_official_baseline_v1,Release,D3D12,NVIDIA GeForce RTX 5090 D,Direct3D 12 (feature level 12_0); requested Agility SDK 614; runtime 6.2.26100.8972 (C:\WINDOWS\SYSTEM32\D3D12Core.dll); driver 32.0.15.9186,false,1280,720,assets/heightmaps/Hm_Terrain_Peking_513.png,547,547,80.000,12.000,20,0.250,0.100,200000,false,59,64,0.937,0.026,53.446,17.852,-22.529,0.430,194803,194803,7420,7420,471,3267,14460,0,0,0,0,0,0,0,0,0,0,0,0,0,0.000,0.039,0.035,0.000,0.000,0.000,0.000,0.000,0.000,0.000,0.000,0.000,0.000,0.000,0.000,0.000,0.000,0.000,0.000,0.000,0.000,0.000,0.000,0.000,0.000,0.000,0.227,0.188,0,428,0.052,0.016,0.020,0.001,20,1048576,2.050,Off,ModifiedOnly,1,84,82,82,82,2,false,194797,853779,6949,7511,7723,7269,3267,6499,6488,35,3232,7139,130,129,22,0.174,0.000,0.000,0.003,0.012,0.013,0.016,0.009,0.009,0.006,0.004,0.006,0.005,0.002,0.002,0.001,0.013,0.020,0.001,0.051
CBT 2024,cbt_2024_official_baseline_v1,Release,D3D12,NVIDIA GeForce RTX 5090 D,Direct3D 12 (feature level 12_0); requested Agility SDK 614; runtime 6.2.26100.8972 (C:\WINDOWS\SYSTEM32\D3D12Core.dll); driver 32.0.15.9186,false,1280,720,assets/heightmaps/Hm_Terrain_Peking_513.png,547,547,80.000,12.000,20,0.250,0.100,200000,false,60,64,0.952,0.026,55.423,18.310,-17.096,0.443,197364,197364,8457,8457,583,3075,15066,0,0,0,0,0,0,0,0,0,0,0,0,0,0.000,0.040,0.036,0.000,0.000,0.000,0.000,0.000,0.000,0.000,0.000,0.000,0.000,0.000,0.000,0.000,0.000,0.000,0.000,0.000,0.000,0.000,0.000,0.000,0.000,0.000,0.245,0.221,0,428,0.053,0.015,0.051,0.002,20,1048576,2.050,Off,ModifiedOnly,1,85,83,83,83,2,false,197358,851218,7874,7192,8703,8333,3075,6142,6135,8,3067,8228,105,107,17,0.207,0.000,0.000,0.003,0.012,0.012,0.017,0.009,0.009,0.005,0.004,0.006,0.005,0.002,0.002,0.001,0.014,0.051,0.002,0.053
CBT 2024,cbt_2024_official_baseline_v1,Release,D3D12,NVIDIA GeForce RTX 5090 D,Direct3D 12 (feature level 12_0); requested Agility SDK 614; runtime 6.2.26100.8972 (C:\WINDOWS\SYSTEM32\D3D12Core.dll); driver 32.0.15.9186,false,1280,720,assets/heightmaps/Hm_Terrain_Peking_513.png,547,547,80.000,12.000,20,0.250,0.100,200000,false,61,64,0.968,0.026,56.850,18.835,-11.492,0.462,199553,199553,7438,7438,510,2725,13336,0,0,0,0,0,0,0,0,0,0,0,0,0,0.000,0.038,0.035,0.000,0.000,0.000,0.000,0.000,0.000,0.000,0.000,0.000,0.000,0.000,0.000,0.000,0.000,0.000,0.000,0.000,0.000,0.000,0.000,0.000,0.000,0.000,0.213,0.188,0,428,0.052,0.016,0.020,0.001,20,1048576,2.050,Off,ModifiedOnly,1,86,84,84,84,2,false,199547,849029,6928,6408,7632,7340,2725,5443,5406,7,2718,7268,72,74,24,0.174,0.000,0.000,0.003,0.012,0.012,0.016,0.010,0.009,0.005,0.005,0.006,0.005,0.002,0.002,0.001,0.013,0.019,0.001,0.053
CBT 2024,cbt_2024_official_baseline_v1,Release,D3D12,NVIDIA GeForce RTX 5090 D,Direct3D 12 (feature level 12_0); requested Agility SDK 614; runtime 6.2.26100.8972 (C:\WINDOWS\SYSTEM32\D3D12Core.dll); driver 32.0.15.9186,false,1280,720,assets/heightmaps/Hm_Terrain_Peking_513.png,547,547,80.000,12.000,20,0.250,0.100,200000,false,62,64,0.984,0.027,57.712,19.406,-5.775,0.392,201217,201217,6218,6218,464,2367,11551,0,0,0,0,0,0,0,0,0,0,0,0,0,0.000,0.039,0.036,0.000,0.000,0.000,0.000,0.000,0.000,0.000,0.000,0.000,0.000,0.000,0.000,0.000,0.000,0.000,0.000,0.000,0.000,0.000,0.000,0.000,0.000,0.000,0.349,0.187,0,428,0.052,0.016,0.017,0.002,20,1048576,2.050,Off,ModifiedOnly,1,87,85,85,85,2,false,201211,847365,5754,5797,6373,6141,2367,4709,4689,25,2342,6079,62,61,16,0.173,0.000,0.000,0.003,0.012,0.012,0.017,0.009,0.009,0.005,0.004,0.006,0.005,0.002,0.002,0.001,0.013,0.017,0.002,0.053
CBT 2024,cbt_2024_official_baseline_v1,Release,D3D12,NVIDIA GeForce RTX 5090 D,Direct3D 12 (feature level 12_0); requested Agility SDK 614; runtime 6.2.26100.8972 (C:\WINDOWS\SYSTEM32\D3D12Core.dll); driver 32.0.15.9186,false,1280,720,assets/heightmaps/Hm_Terrain_Peking_513.png,547,547,80.000,12.000,20,0.250,0.100,200000,false,63,64,1.000,0.027,58.000,20.000,0.000,0.544,199121,199121,3825,3825,388,3044,10678,0,0,0,0,0,0,0,0,0,0,0,0,0,0.000,0.038,0.035,0.000,0.000,0.000,0.000,0.000,0.000,0.000,0.000,0.000,0.000,0.000,0.000,0.000,0.000,0.000,0.000,0.000,0.000,0.000,0.000,0.000,0.000,0.000,0.227,0.184,0,428,0.052,0.015,0.015,0.001,20,1048576,2.050,Off,ModifiedOnly,1,88,86,86,86,2,false,199115,849461,3437,7241,3974,3751,3044,6070,6040,18,3026,3698,53,52,22,0.170,0.000,0.000,0.003,0.012,0.012,0.017,0.009,0.009,0.005,0.004,0.006,0.005,0.002,0.002,0.001,0.013,0.014,0.001,0.054
