algorithm,algorithmKey,buildConfiguration,graphicsBackend,graphicsAdapter,graphicsVersion,vSyncEnabled,drawableWidth,drawableHeight,heightMapPath,heightMapWidth,heightMapHeight,terrainSize,heightScale,maxDepthSetting,screenSpaceSplitThresholdPixels,screenSpaceMergeThresholdPixels,triangleBudget,dodParallelSplitEnabled,pathSampleIndex,pathSampleCount,pathProgress,timeSeconds,cameraX,cameraY,cameraZ,frameMilliseconds,triangles,nodes,activeSplits,splits,forcedSplits,merges,candidatePeak,persistentSplitQueueSize,persistentMergeQueueSize,queueCrossoverCount,queueMembershipUpdateCount,cpuMeshFullRebuildCount,cpuMeshUpdatedTriangleCount,cpuMeshReusedTriangleCount,cpuMeshDirtyRangeCount,budgetRejectedSplits,tjunctions,invalidNeighbors,invalidTopology,cpuWorkers,cpuUtilizationPercent,lodTotalMilliseconds,cpuUpdateMilliseconds,cpuPrepareMilliseconds,cpuMergeCandidateMarkMilliseconds,cpuMergeTopologyMilliseconds,cpuBudgetLeafCollectMilliseconds,cpuErrorEvalMilliseconds,cpuSplitCandidateMarkMilliseconds,cpuSplitTopologyMilliseconds,cpuSplitTopologyChunkBuildMilliseconds,cpuSplitTopologyQueueInvalidationMilliseconds,cpuSplitTopologyParallelCommitMilliseconds,cpuSplitTopologyResultMergeMilliseconds,cpuSplitTopologyIndexQueueRefreshMilliseconds,cpuSplitTopologySerialConvergenceMilliseconds,cpuMergeTopologyChunkBuildMilliseconds,cpuMergeTopologyQueueInvalidationMilliseconds,cpuMergeTopologyParallelCommitMilliseconds,cpuMergeTopologyResultMergeMilliseconds,cpuMergeTopologyIndexQueueRefreshMilliseconds,cpuMergeTopologySerialConvergenceMilliseconds,cpuFinalLeafCollectMilliseconds,cpuMeshEmitMilliseconds,cpuFinalizeMilliseconds,cpuUploadMilliseconds,frameFenceWaitMilliseconds,renderMilliseconds,cpuGpuUploadBytes,cpuGpuReadbackBytes,splitMilliseconds,mergeMilliseconds,emitMilliseconds,validateMilliseconds,maxDepthReached,cbtCapacity,cbtTriangleAreaPixels,cbtValidationMode,cbtGeometryMode,cbtResourceGeneration,cbtTopologyGeneration,cbtDiagnosticSampleGeneration,cbtGpuTimingSampleGeneration,cbtTerrainRenderSampleGeneration,cbtDiagnosticSampleAge,cbtDiagnosticSampleDropped,cbtActiveDynamicSlots,cbtRemainingDynamicSlots,cbtSplitCandidates,cbtSimplifyCandidates,cbtCommittedSlots,cbtSplitPropagation,cbtPreparedSimplification,cbtReleasedSlots,cbtSimplifyPropagation,cbtPairMerges,cbtQuadMerges,cbtTemplateCenter,cbtTemplateRight,cbtTemplateLeft,cbtTemplateTriple,cbtGpuStageSumMilliseconds,cbtBlockingValidationWaitMilliseconds,cbtGpuclassificationGeometryMilliseconds,cbtGpuresetMilliseconds,cbtGpuclassifyMilliseconds,cbtGpusplitMilliseconds,cbtGpuallocateMilliseconds,cbtGpuneighborCopyMilliseconds,cbtGpubisectMilliseconds,cbtGpupropagateBisectMilliseconds,cbtGpuprepareSimplifyMilliseconds,cbtGpusimplifyMilliseconds,cbtGpupropagateSimplifyMilliseconds,cbtGpureducePreMilliseconds,cbtGpureduceFirstMilliseconds,cbtGpureduceSecondMilliseconds,cbtGpuindexationMilliseconds,cbtGpurenderGeometryMilliseconds,cbtGpuvalidationMilliseconds,cbtGputerrainRenderMilliseconds
Classic CPU ROAM,classic_cpu_roam,Release,D3D12,NVIDIA GeForce RTX 5090 D,Direct3D 12 (feature level 12_0); requested Agility SDK 614; runtime 6.2.26100.8972 (C:\WINDOWS\SYSTEM32\D3D12Core.dll); driver 32.0.15.9186,false,2048,1129,assets/heightmaps/Hm_Terrain_Peking_513.png,547,547,80.000,12.000,20,0.250,0.100,200000,false,0,64,0.000,0.000,58.000,20.000,0.000,109.444,200000,399998,199998,0,0,0,233547,200000,33547,0,0,0,0,200000,0,1,0,0,0,1,100.202,109.165,109.152,2.419,12.634,0.000,0.000,0.000,44.460,0.000,0.000,0.000,0.000,0.000,0.000,0.000,0.000,0.000,0.000,0.000,0.000,0.000,0.000,0.876,48.761,0.002,0.000,0.084,0,0,44.461,12.634,0.876,0.000,20,0,0.000,Off,ModifiedOnly,0,0,0,0,0,0,false,0,0,0,0,0,0,0,0,0,0,0,0,0,0,0,0.000,0.000,0.000,0.000,0.000,0.000,0.000,0.000,0.000,0.000,0.000,0.000,0.000,0.000,0.000,0.000,0.000,0.000,0.000,0.000
Classic CPU ROAM,classic_cpu_roam,Release,D3D12,NVIDIA GeForce RTX 5090 D,Direct3D 12 (feature level 12_0); requested Agility SDK 614; runtime 6.2.26100.8972 (C:\WINDOWS\SYSTEM32\D3D12Core.dll); driver 32.0.15.9186,false,2048,1129,assets/heightmaps/Hm_Terrain_Peking_513.png,547,547,80.000,12.000,20,0.250,0.100,200000,false,1,64,0.016,0.110,57.712,20.594,5.775,109.793,200000,427368,199998,13685,6900,13685,233767,200000,33647,6040,159376,0,43526,156474,13125,3870,0,0,0,1,101.153,171.646,169.839,2.355,12.915,16.723,0.000,0.000,41.882,25.578,0.000,0.000,0.000,0.000,0.000,25.578,0.000,0.000,0.000,0.000,0.000,0.000,0.000,19.778,50.607,1.710,0.000,0.085,7312368,0,67.459,29.638,19.778,0.000,20,0,0.000,Off,ModifiedOnly,0,0,0,0,0,0,false,0,0,0,0,0,0,0,0,0,0,0,0,0,0,0,0.000,0.000,0.000,0.000,0.000,0.000,0.000,0.000,0.000,0.000,0.000,0.000,0.000,0.000,0.000,0.000,0.000,0.000,0.000,0.000
Classic CPU ROAM,classic_cpu_roam,Release,D3D12,NVIDIA GeForce RTX 5090 D,Direct3D 12 (feature level 12_0); requested Agility SDK 614; runtime 6.2.26100.8972 (C:\WINDOWS\SYSTEM32\D3D12Core.dll); driver 32.0.15.9186,false,2048,1129,assets/heightmaps/Hm_Terrain_Peking_513.png,547,547,80.000,12.000,20,0.250,0.100,200000,false,2,64,0.032,0.282,56.850,21.165,11.492,172.297,200000,455414,199998,14446,7328,14446,233838,200000,33704,4265,170461,0,75720,124280,18031,2412,0,0,0,1,97.220,180.737,176.678,3.708,13.531,14.111,0.000,0.000,45.199,25.129,0.000,0.000,0.000,0.000,0.000,25.129,0.000,0.000,0.000,0.000,0.000,0.000,0.000,23.568,51.430,3.924,0.000,0.084,12797568,0,70.328,27.642,23.568,0.000,20,0,0.000,Off,ModifiedOnly,0,0,0,0,0,0,false,0,0,0,0,0,0,0,0,0,0,0,0,0,0,0,0.000,0.000,0.000,0.000,0.000,0.000,0.000,0.000,0.000,0.000,0.000,0.000,0.000,0.000,0.000,0.000,0.000,0.000,0.000,0.000
Classic CPU ROAM,classic_cpu_roam,Release,D3D12,NVIDIA GeForce RTX 5090 D,Direct3D 12 (feature level 12_0); requested Agility SDK 614; runtime 6.2.26100.8972 (C:\WINDOWS\SYSTEM32\D3D12Core.dll); driver 32.0.15.9186,false,2048,1129,assets/heightmaps/Hm_Terrain_Peking_513.png,547,547,80.000,12.000,20,0.250,0.100,200000,false,3,64,0.048,0.463,55.423,21.690,17.096,181.405,200000,484810,199998,15418,7882,15418,234099,200000,33915,3895,184041,0,79547,120453,19299,1640,0,0,0,1,107.726,193.705,188.441,5.137,13.617,14.642,0.000,0.000,49.444,28.282,0.000,0.000,0.000,0.000,0.000,28.282,0.000,0.000,0.000,0.000,0.000,0.000,0.000,25.293,52.024,5.121,0.000,0.487,17871168,0,77.727,28.259,25.293,0.000,20,0,0.000,Off,ModifiedOnly,0,0,0,0,0,0,false,0,0,0,0,0,0,0,0,0,0,0,0,0,0,0,0.000,0.000,0.000,0.000,0.000,0.000,0.000,0.000,0.000,0.000,0.000,0.000,0.000,0.000,0.000,0.000,0.000,0.000,0.000,0.000
Classic CPU ROAM,classic_cpu_roam,Release,D3D12,NVIDIA GeForce RTX 5090 D,Direct3D 12 (feature level 12_0); requested Agility SDK 614; runtime 6.2.26100.8972 (C:\WINDOWS\SYSTEM32\D3D12Core.dll); driver 32.0.15.9186,false,2048,1129,assets/heightmaps/Hm_Terrain_Peking_513.png,547,547,80.000,12.000,20,0.250,0.100,200000,false,4,64,0.063,0.658,53.446,22.148,22.529,194.493,200000,516248,199998,16567,8420,16567,234303,200000,34123,4247,200382,0,83336,116664,19317,1657,0,0,0,1,95.950,200.761,195.289,6.951,13.619,15.683,0.000,0.000,50.498,29.428,0.000,0.000,0.000,0.000,0.000,29.428,0.000,0.000,0.000,0.000,0.000,0.000,0.000,26.990,52.119,5.323,0.000,0.534,18743424,0,79.926,29.302,26.990,0.000,20,0,0.000,Off,ModifiedOnly,0,0,0,0,0,0,false,0,0,0,0,0,0,0,0,0,0,0,0,0,0,0,0.000,0.000,0.000,0.000,0.000,0.000,0.000,0.000,0.000,0.000,0.000,0.000,0.000,0.000,0.000,0.000,0.000,0.000,0.000,0.000
Classic CPU ROAM,classic_cpu_roam,Release,D3D12,NVIDIA GeForce RTX 5090 D,Direct3D 12 (feature level 12_0); requested Agility SDK 614; runtime 6.2.26100.8972 (C:\WINDOWS\SYSTEM32\D3D12Core.dll); driver 32.0.15.9186,false,2048,1129,assets/heightmaps/Hm_Terrain_Peking_513.png,547,547,80.000,12.000,20,0.250,0.100,200000,false,5,64,0.079,0.860,50.937,22.520,27.739,201.544,200000,546298,199998,16457,8355,16457,234468,200000,34158,4077,195573,0,83123,116877,20475,2264,0,0,0,1,99.149,194.726,188.998,5.630,13.728,15.372,0.000,0.000,48.352,28.418,0.000,0.000,0.000,0.000,0.000,28.418,0.000,0.000,0.000,0.000,0.000,0.000,0.000,26.816,50.681,5.589,0.000,0.508,18685296,0,76.770,29.100,26.816,0.000,20,0,0.000,Off,ModifiedOnly,0,0,0,0,0,0,false,0,0,0,0,0,0,0,0,0,0,0,0,0,0,0,0.000,0.000,0.000,0.000,0.000,0.000,0.000,0.000,0.000,0.000,0.000,0.000,0.000,0.000,0.000,0.000,0.000,0.000,0.000,0.000
Classic CPU ROAM,classic_cpu_roam,Release,D3D12,NVIDIA GeForce RTX 5090 D,Direct3D 12 (feature level 12_0); requested Agility SDK 614; runtime 6.2.26100.8972 (C:\WINDOWS\SYSTEM32\D3D12Core.dll); driver 32.0.15.9186,false,2048,1129,assets/heightmaps/Hm_Terrain_Peking_513.png,547,547,80.000,12.000,20,0.250,0.100,200000,false,6,64,0.095,1.055,47.922,22.793,32.673,195.388,200000,574082,199998,15496,7849,15496,234509,200000,34114,4361,184208,0,82831,117169,21560,1948,0,0,0,1,101.153,204.213,200.684,6.875,13.590,17.522,0.000,0.000,48.759,33.540,0.000,0.000,0.000,0.000,0.000,33.540,0.000,0.000,0.000,0.000,0.000,0.000,0.000,29.005,51.393,3.376,0.000,0.488,18509400,0,82.298,31.111,29.005,0.000,20,0,0.000,Off,ModifiedOnly,0,0,0,0,0,0,false,0,0,0,0,0,0,0,0,0,0,0,0,0,0,0,0.000,0.000,0.000,0.000,0.000,0.000,0.000,0.000,0.000,0.000,0.000,0.000,0.000,0.000,0.000,0.000,0.000,0.000,0.000,0.000
Classic CPU ROAM,classic_cpu_roam,Release,D3D12,NVIDIA GeForce RTX 5090 D,Direct3D 12 (feature level 12_0); requested Agility SDK 614; runtime 6.2.26100.8972 (C:\WINDOWS\SYSTEM32\D3D12Core.dll); driver 32.0.15.9186,false,2048,1129,assets/heightmaps/Hm_Terrain_Peking_513.png,547,547,80.000,12.000,20,0.250,0.100,200000,false,7,64,0.111,1.260,44.431,22.954,37.282,205.200,200000,601646,199998,15837,8018,15837,234508,200000,34186,5332,189922,0,83781,116219,22035,2519,0,0,0,1,104.862,182.607,178.667,4.842,13.553,16.078,0.000,0.000,39.973,27.272,0.000,0.000,0.000,0.000,0.000,27.272,0.000,0.000,0.000,0.000,0.000,0.000,0.000,26.391,50.557,3.773,0.000,0.489,18885888,0,67.245,29.632,26.391,0.000,20,0,0.000,Off,ModifiedOnly,0,0,0,0,0,0,false,0,0,0,0,0,0,0,0,0,0,0,0,0,0,0,0.000,0.000,0.000,0.000,0.000,0.000,0.000,0.000,0.000,0.000,0.000,0.000,0.000,0.000,0.000,0.000,0.000,0.000,0.000,0.000
Classic CPU ROAM,classic_cpu_roam,Release,D3D12,NVIDIA GeForce RTX 5090 D,Direct3D 12 (feature level 12_0); requested Agility SDK 614; runtime 6.2.26100.8972 (C:\WINDOWS\SYSTEM32\D3D12Core.dll); driver 32.0.15.9186,false,2048,1129,assets/heightmaps/Hm_Terrain_Peking_513.png,547,547,80.000,12.000,20,0.250,0.100,200000,false,8,64,0.127,1.444,40.498,22.999,41.520,183.433,200000,628588,199998,15915,8055,15915,234377,200000,34209,6104,185613,0,85641,114359,23118,2866,0,0,0,1,102.983,201.124,197.081,7.345,13.746,16.747,0.000,0.000,53.616,26.087,0.000,0.000,0.000,0.000,0.000,26.087,0.000,0.000,0.000,0.000,0.000,0.000,0.000,26.874,52.666,3.855,0.000,0.499,19157208,0,79.702,30.492,26.874,0.000,20,0,0.000,Off,ModifiedOnly,0,0,0,0,0,0,false,0,0,0,0,0,0,0,0,0,0,0,0,0,0,0,0.000,0.000,0.000,0.000,0.000,0.000,0.000,0.000,0.000,0.000,0.000,0.000,0.000,0.000,0.000,0.000,0.000,0.000,0.000,0.000
Classic CPU ROAM,classic_cpu_roam,Release,D3D12,NVIDIA GeForce RTX 5090 D,Direct3D 12 (feature level 12_0); requested Agility SDK 614; runtime 6.2.26100.8972 (C:\WINDOWS\SYSTEM32\D3D12Core.dll); driver 32.0.15.9186,false,2048,1129,assets/heightmaps/Hm_Terrain_Peking_513.png,547,547,80.000,12.000,20,0.250,0.100,200000,false,9,64,0.143,1.645,36.162,22.925,45.346,201.783,200000,654506,199998,16019,8080,16019,234312,200000,34044,6626,186273,0,86784,113216,23720,4250,0,0,0,1,104.616,197.974,194.014,7.291,13.719,17.475,0.000,0.000,50.053,26.723,0.000,0.000,0.000,0.000,0.000,26.723,0.000,0.000,0.000,0.000,0.000,0.000,0.000,27.364,51.389,3.781,0.000,0.506,19644408,0,76.776,31.193,27.364,0.000,20,0,0.000,Off,ModifiedOnly,0,0,0,0,0,0,false,0,0,0,0,0,0,0,0,0,0,0,0,0,0,0,0.000,0.000,0.000,0.000,0.000,0.000,0.000,0.000,0.000,0.000,0.000,0.000,0.000,0.000,0.000,0.000,0.000,0.000,0.000,0.000
Classic CPU ROAM,classic_cpu_roam,Release,D3D12,NVIDIA GeForce RTX 5090 D,Direct3D 12 (feature level 12_0); requested Agility SDK 614; runtime 6.2.26100.8972 (C:\WINDOWS\SYSTEM32\D3D12Core.dll); driver 32.0.15.9186,false,2048,1129,assets/heightmaps/Hm_Terrain_Peking_513.png,547,547,80.000,12.000,20,0.250,0.100,200000,false,10,64,0.159,1.844,31.468,22.735,48.722,198.652,200000,678776,199998,15560,7909,15560,234065,200000,33861,6826,183029,0,86220,113780,23853,3662,0,0,0,1,97.548,202.029,192.082,5.432,13.781,17.459,0.000,0.000,48.963,25.522,0.000,0.000,0.000,0.000,0.000,25.522,0.000,0.000,0.000,0.000,0.000,0.000,0.000,27.036,53.887,9.788,0.000,0.503,19585440,0,74.485,31.240,27.036,0.000,20,0,0.000,Off,ModifiedOnly,0,0,0,0,0,0,false,0,0,0,0,0,0,0,0,0,0,0,0,0,0,0,0.000,0.000,0.000,0.000,0.000,0.000,0.000,0.000,0.000,0.000,0.000,0.000,0.000,0.000,0.000,0.000,0.000,0.000,0.000,0.000
Classic CPU ROAM,classic_cpu_roam,Release,D3D12,NVIDIA GeForce RTX 5090 D,Direct3D 12 (feature level 12_0); requested Agility SDK 614; runtime 6.2.26100.8972 (C:\WINDOWS\SYSTEM32\D3D12Core.dll); driver 32.0.15.9186,false,2048,1129,assets/heightmaps/Hm_Terrain_Peking_513.png,547,547,80.000,12.000,20,0.250,0.100,200000,false,11,64,0.175,2.047,26.460,22.436,51.613,202.719,200000,700212,199998,14268,7308,14268,233867,200000,33756,6101,168545,0,84336,115664,24507,2647,0,0,0,1,101.782,209.035,199.413,7.093,13.936,16.395,0.000,0.000,47.781,24.592,0.000,0.000,0.000,0.000,0.000,24.592,0.000,0.000,0.000,0.000,0.000,0.000,0.000,25.365,64.250,9.436,0.000,0.455,19489008,0,72.373,30.331,25.365,0.000,20,0,0.000,Off,ModifiedOnly,0,0,0,0,0,0,false,0,0,0,0,0,0,0,0,0,0,0,0,0,0,0,0.000,0.000,0.000,0.000,0.000,0.000,0.000,0.000,0.000,0.000,0.000,0.000,0.000,0.000,0.000,0.000,0.000,0.000,0.000,0.000
Classic CPU ROAM,classic_cpu_roam,Release,D3D12,NVIDIA GeForce RTX 5090 D,Direct3D 12 (feature level 12_0); requested Agility SDK 614; runtime 6.2.26100.8972 (C:\WINDOWS\SYSTEM32\D3D12Core.dll); driver 32.0.15.9186,false,2048,1129,assets/heightmaps/Hm_Terrain_Peking_513.png,547,547,80.000,12.000,20,0.250,0.100,200000,false,12,64,0.190,2.257,21.190,22.041,53.991,209.938,200000,721238,199998,14417,7364,14417,233927,200000,33701,5594,170531,0,80690,119310,24378,2509,0,0,0,1,106.222,180.507,176.378,6.282,13.623,15.830,0.000,0.000,40.566,23.941,0.000,0.000,0.000,0.000,0.000,23.941,0.000,0.000,0.000,0.000,0.000,0.000,0.000,24.683,51.451,3.959,0.000,1.124,19101096,0,64.507,29.453,24.683,0.000,20,0,0.000,Off,ModifiedOnly,0,0,0,0,0,0,false,0,0,0,0,0,0,0,0,0,0,0,0,0,0,0,0.000,0.000,0.000,0.000,0.000,0.000,0.000,0.000,0.000,0.000,0.000,0.000,0.000,0.000,0.000,0.000,0.000,0.000,0.000,0.000
Classic CPU ROAM,classic_cpu_roam,Release,D3D12,NVIDIA GeForce RTX 5090 D,Direct3D 12 (feature level 12_0); requested Agility SDK 614; runtime 6.2.26100.8972 (C:\WINDOWS\SYSTEM32\D3D12Core.dll); driver 32.0.15.9186,false,2048,1129,assets/heightmaps/Hm_Terrain_Peking_513.png,547,547,80.000,12.000,20,0.250,0.100,200000,false,13,64,0.206,2.438,15.709,21.564,55.832,181.121,200000,744270,199998,15276,7779,15276,233842,200000,33642,5758,177463,0,82540,117460,24949,6558,0,0,0,1,97.154,196.907,192.857,5.710,13.691,16.531,0.000,0.000,52.906,26.091,0.000,0.000,0.000,0.000,0.000,26.091,0.000,0.000,0.000,0.000,0.000,0.000,0.000,26.124,51.802,3.885,0.000,1.182,18648504,0,78.996,30.221,26.124,0.000,20,0,0.000,Off,ModifiedOnly,0,0,0,0,0,0,false,0,0,0,0,0,0,0,0,0,0,0,0,0,0,0,0.000,0.000,0.000,0.000,0.000,0.000,0.000,0.000,0.000,0.000,0.000,0.000,0.000,0.000,0.000,0.000,0.000,0.000,0.000,0.000
Classic CPU ROAM,classic_cpu_roam,Release,D3D12,NVIDIA GeForce RTX 5090 D,Direct3D 12 (feature level 12_0); requested Agility SDK 614; runtime 6.2.26100.8972 (C:\WINDOWS\SYSTEM32\D3D12Core.dll); driver 32.0.15.9186,false,2048,1129,assets/heightmaps/Hm_Terrain_Peking_513.png,547,547,80.000,12.000,20,0.250,0.100,200000,false,14,64,0.222,2.635,10.072,21.026,57.119,197.553,200000,769730,199998,16362,8378,16362,233906,200000,33573,6036,190275,0,86611,113389,25474,3245,0,0,0,1,104.053,199.196,195.086,5.731,13.729,17.762,0.000,0.000,51.184,27.224,0.000,0.000,0.000,0.000,0.000,27.224,0.000,0.000,0.000,0.000,0.000,0.000,0.000,27.680,51.774,3.951,0.000,1.287,19324368,0,78.408,31.491,27.680,0.000,20,0,0.000,Off,ModifiedOnly,0,0,0,0,0,0,false,0,0,0,0,0,0,0,0,0,0,0,0,0,0,0,0.000,0.000,0.000,0.000,0.000,0.000,0.000,0.000,0.000,0.000,0.000,0.000,0.000,0.000,0.000,0.000,0.000,0.000,0.000,0.000
Classic CPU ROAM,classic_cpu_roam,Release,D3D12,NVIDIA GeForce RTX 5090 D,Direct3D 12 (feature level 12_0); requested Agility SDK 614; runtime 6.2.26100.8972 (C:\WINDOWS\SYSTEM32\D3D12Core.dll); driver 32.0.15.9186,false,2048,1129,assets/heightmaps/Hm_Terrain_Peking_513.png,547,547,80.000,12.000,20,0.250,0.100,200000,false,15,64,0.238,2.835,4.334,20.447,57.838,199.974,200000,795432,199998,16599,8406,16599,233653,200000,33436,5789,192327,0,86888,113112,25341,3196,0,0,0,1,103.830,199.562,195.467,5.382,13.610,17.972,0.000,0.000,48.550,27.659,0.000,0.000,0.000,0.000,0.000,27.659,0.000,0.000,0.000,0.000,0.000,0.000,0.000,28.848,53.446,3.897,0.000,1.183,19491360,0,76.209,31.582,28.848,0.000,20,0,0.000,Off,ModifiedOnly,0,0,0,0,0,0,false,0,0,0,0,0,0,0,0,0,0,0,0,0,0,0,0.000,0.000,0.000,0.000,0.000,0.000,0.000,0.000,0.000,0.000,0.000,0.000,0.000,0.000,0.000,0.000,0.000,0.000,0.000,0.000
Classic CPU ROAM,classic_cpu_roam,Release,D3D12,NVIDIA GeForce RTX 5090 D,Direct3D 12 (feature level 12_0); requested Agility SDK 614; runtime 6.2.26100.8972 (C:\WINDOWS\SYSTEM32\D3D12Core.dll); driver 32.0.15.9186,false,2048,1129,assets/heightmaps/Hm_Terrain_Peking_513.png,547,547,80.000,12.000,20,0.250,0.100,200000,false,16,64,0.254,3.035,-1.446,19.850,57.982,200.194,200000,821502,199998,15791,7902,15791,233701,200000,33502,5325,186684,0,83258,116742,25299,2339,0,0,0,1,96.758,213.833,209.796,5.740,13.597,16.692,0.000,0.000,52.147,27.787,0.000,0.000,0.000,0.000,0.000,27.787,0.000,0.000,0.000,0.000,0.000,0.000,0.000,26.804,67.028,3.872,0.000,1.131,18874968,0,79.934,30.289,26.804,0.000,20,0,0.000,Off,ModifiedOnly,0,0,0,0,0,0,false,0,0,0,0,0,0,0,0,0,0,0,0,0,0,0,0.000,0.000,0.000,0.000,0.000,0.000,0.000,0.000,0.000,0.000,0.000,0.000,0.000,0.000,0.000,0.000,0.000,0.000,0.000,0.000
Classic CPU ROAM,classic_cpu_roam,Release,D3D12,NVIDIA GeForce RTX 5090 D,Direct3D 12 (feature level 12_0); requested Agility SDK 614; runtime 6.2.26100.8972 (C:\WINDOWS\SYSTEM32\D3D12Core.dll); driver 32.0.15.9186,false,2048,1129,assets/heightmaps/Hm_Terrain_Peking_513.png,547,547,80.000,12.000,20,0.250,0.100,200000,false,17,64,0.270,3.250,-7.212,19.260,57.550,214.460,200000,846072,199998,14261,7191,14261,233539,200000,33437,5210,166377,0,78283,121717,25124,2997,0,0,0,1,97.377,180.463,176.367,5.705,13.581,15.409,0.000,0.000,41.262,24.857,0.000,0.000,0.000,0.000,0.000,24.857,0.000,0.000,0.000,0.000,0.000,0.000,0.000,24.812,50.740,3.928,0.000,1.137,18479832,0,66.118,28.991,24.812,0.000,20,0,0.000,Off,ModifiedOnly,0,0,0,0,0,0,false,0,0,0,0,0,0,0,0,0,0,0,0,0,0,0,0.000,0.000,0.000,0.000,0.000,0.000,0.000,0.000,0.000,0.000,0.000,0.000,0.000,0.000,0.000,0.000,0.000,0.000,0.000,0.000
Classic CPU ROAM,classic_cpu_roam,Release,D3D12,NVIDIA GeForce RTX 5090 D,Direct3D 12 (feature level 12_0); requested Agility SDK 614; runtime 6.2.26100.8972 (C:\WINDOWS\SYSTEM32\D3D12Core.dll); driver 32.0.15.9186,false,2048,1129,assets/heightmaps/Hm_Terrain_Peking_513.png,547,547,80.000,12.000,20,0.250,0.100,200000,false,18,64,0.286,3.431,-12.906,18.698,56.546,181.101,200000,870464,199998,14979,7677,14979,233749,200000,33647,4655,176090,0,77969,122031,25168,2644,0,0,0,1,110.157,202.675,198.383,5.750,13.638,15.439,0.000,0.000,53.326,26.213,0.000,0.000,0.000,0.000,0.000,26.213,0.000,0.000,0.000,0.000,0.000,0.000,0.000,25.679,58.337,4.064,0.000,1.186,17999184,0,79.540,29.077,25.679,0.000,20,0,0.000,Off,ModifiedOnly,0,0,0,0,0,0,false,0,0,0,0,0,0,0,0,0,0,0,0,0,0,0,0.000,0.000,0.000,0.000,0.000,0.000,0.000,0.000,0.000,0.000,0.000,0.000,0.000,0.000,0.000,0.000,0.000,0.000,0.000,0.000
Classic CPU ROAM,classic_cpu_roam,Release,D3D12,NVIDIA GeForce RTX 5090 D,Direct3D 12 (feature level 12_0); requested Agility SDK 614; runtime 6.2.26100.8972 (C:\WINDOWS\SYSTEM32\D3D12Core.dll); driver 32.0.15.9186,false,2048,1129,assets/heightmaps/Hm_Terrain_Peking_513.png,547,547,80.000,12.000,20,0.250,0.100,200000,false,19,64,0.302,3.634,-18.472,18.189,54.980,203.330,200000,898438,199998,17882,9187,17882,233762,200000,33512,4651,207773,0,82121,117879,25368,2700,0,0,0,1,103.336,215.612,211.520,6.055,14.776,18.452,0.000,0.000,54.080,32.417,0.000,0.000,0.000,0.000,0.000,32.417,0.000,0.000,0.000,0.000,0.000,0.000,0.000,28.874,56.864,3.895,0.000,1.304,18581472,0,86.497,33.228,28.874,0.000,20,0,0.000,Off,ModifiedOnly,0,0,0,0,0,0,false,0,0,0,0,0,0,0,0,0,0,0,0,0,0,0,0.000,0.000,0.000,0.000,0.000,0.000,0.000,0.000,0.000,0.000,0.000,0.000,0.000,0.000,0.000,0.000,0.000,0.000,0.000,0.000
Classic CPU ROAM,classic_cpu_roam,Release,D3D12,NVIDIA GeForce RTX 5090 D,Direct3D 12 (feature level 12_0); requested Agility SDK 614; runtime 6.2.26100.8972 (C:\WINDOWS\SYSTEM32\D3D12Core.dll); driver 32.0.15.9186,false,2048,1129,assets/heightmaps/Hm_Terrain_Peking_513.png,547,547,80.000,12.000,20,0.250,0.100,200000,false,20,64,0.317,3.851,-23.855,17.751,52.867,216.539,200000,926160,199998,18331,9248,18331,233865,200000,33486,4625,210412,0,84704,115296,26029,1876,0,0,0,1,103.211,200.770,196.664,7.933,13.600,17.498,0.000,0.000,45.523,31.315,0.000,0.000,0.000,0.000,0.000,31.315,0.000,0.000,0.000,0.000,0.000,0.000,0.000,30.116,50.677,3.933,0.000,2.673,18834480,0,76.839,31.098,30.116,0.000,20,0,0.000,Off,ModifiedOnly,0,0,0,0,0,0,false,0,0,0,0,0,0,0,0,0,0,0,0,0,0,0,0.000,0.000,0.000,0.000,0.000,0.000,0.000,0.000,0.000,0.000,0.000,0.000,0.000,0.000,0.000,0.000,0.000,0.000,0.000,0.000
Classic CPU ROAM,classic_cpu_roam,Release,D3D12,NVIDIA GeForce RTX 5090 D,Direct3D 12 (feature level 12_0); requested Agility SDK 614; runtime 6.2.26100.8972 (C:\WINDOWS\SYSTEM32\D3D12Core.dll); driver 32.0.15.9186,false,2048,1129,assets/heightmaps/Hm_Terrain_Peking_513.png,547,547,80.000,12.000,20,0.250,0.100,200000,false,21,64,0.333,4.053,-29.000,17.402,50.229,201.699,200000,953206,199998,17663,8905,17663,233812,200000,33461,4484,202723,0,88045,111955,26659,1382,0,0,0,1,101.935,218.889,214.464,5.717,13.559,16.780,0.000,0.000,53.340,29.995,0.000,0.000,0.000,0.000,0.000,29.995,0.000,0.000,0.000,0.000,0.000,0.000,0.000,29.548,65.523,4.259,0.000,1.047,19221888,0,83.335,30.339,29.548,0.000,20,0,0.000,Off,ModifiedOnly,0,0,0,0,0,0,false,0,0,0,0,0,0,0,0,0,0,0,0,0,0,0,0.000,0.000,0.000,0.000,0.000,0.000,0.000,0.000,0.000,0.000,0.000,0.000,0.000,0.000,0.000,0.000,0.000,0.000,0.000,0.000
Classic CPU ROAM,classic_cpu_roam,Release,D3D12,NVIDIA GeForce RTX 5090 D,Direct3D 12 (feature level 12_0); requested Agility SDK 614; runtime 6.2.26100.8972 (C:\WINDOWS\SYSTEM32\D3D12Core.dll); driver 32.0.15.9186,false,2048,1129,assets/heightmaps/Hm_Terrain_Peking_513.png,547,547,80.000,12.000,20,0.250,0.100,200000,false,22,64,0.349,4.272,-33.857,17.156,47.092,219.541,200000,977176,199998,16479,8341,16479,233794,200000,33453,4891,188736,0,88790,111210,27116,2589,0,0,0,1,101.533,189.053,184.513,6.685,13.446,16.090,0.000,0.000,41.036,27.815,0.000,0.000,0.000,0.000,0.000,27.815,0.000,0.000,0.000,0.000,0.000,0.000,0.000,28.539,50.901,4.353,0.000,1.238,19602408,0,68.851,29.535,28.539,0.000,20,0,0.000,Off,ModifiedOnly,0,0,0,0,0,0,false,0,0,0,0,0,0,0,0,0,0,0,0,0,0,0,0.000,0.000,0.000,0.000,0.000,0.000,0.000,0.000,0.000,0.000,0.000,0.000,0.000,0.000,0.000,0.000,0.000,0.000,0.000,0.000
Classic CPU ROAM,classic_cpu_roam,Release,D3D12,NVIDIA GeForce RTX 5090 D,Direct3D 12 (feature level 12_0); requested Agility SDK 614; runtime 6.2.26100.8972 (C:\WINDOWS\SYSTEM32\D3D12Core.dll); driver 32.0.15.9186,false,2048,1129,assets/heightmaps/Hm_Terrain_Peking_513.png,547,547,80.000,12.000,20,0.250,0.100,200000,false,23,64,0.365,4.462,-38.378,17.023,43.487,189.682,200000,999936,199998,16180,8200,16180,233726,200000,33430,5466,184687,0,84433,115567,27127,2037,0,0,0,1,105.351,197.106,192.636,6.386,13.661,16.784,0.000,0.000,50.456,27.027,0.000,0.000,0.000,0.000,0.000,27.027,0.000,0.000,0.000,0.000,0.000,0.000,0.000,27.679,50.641,4.266,0.000,1.158,19796784,0,77.483,30.445,27.679,0.000,20,0,0.000,Off,ModifiedOnly,0,0,0,0,0,0,false,0,0,0,0,0,0,0,0,0,0,0,0,0,0,0,0.000,0.000,0.000,0.000,0.000,0.000,0.000,0.000,0.000,0.000,0.000,0.000,0.000,0.000,0.000,0.000,0.000,0.000,0.000,0.000
Classic CPU ROAM,classic_cpu_roam,Release,D3D12,NVIDIA GeForce RTX 5090 D,Direct3D 12 (feature level 12_0); requested Agility SDK 614; runtime 6.2.26100.8972 (C:\WINDOWS\SYSTEM32\D3D12Core.dll); driver 32.0.15.9186,false,2048,1129,assets/heightmaps/Hm_Terrain_Peking_513.png,547,547,80.000,12.000,20,0.250,0.100,200000,false,24,64,0.381,4.660,-42.517,17.008,39.450,197.732,200000,1022572,199998,16674,8500,16674,233573,200000,33391,6362,187531,0,84250,115750,27349,3865,0,0,0,1,102.233,203.273,198.544,6.028,13.560,18.040,0.000,0.000,53.505,27.902,0.000,0.000,0.000,0.000,0.000,27.902,0.000,0.000,0.000,0.000,0.000,0.000,0.000,28.312,51.195,4.554,0.000,1.317,19635840,0,81.407,31.600,28.312,0.000,20,0,0.000,Off,ModifiedOnly,0,0,0,0,0,0,false,0,0,0,0,0,0,0,0,0,0,0,0,0,0,0,0.000,0.000,0.000,0.000,0.000,0.000,0.000,0.000,0.000,0.000,0.000,0.000,0.000,0.000,0.000,0.000,0.000,0.000,0.000,0.000
Classic CPU ROAM,classic_cpu_roam,Release,D3D12,NVIDIA GeForce RTX 5090 D,Direct3D 12 (feature level 12_0); requested Agility SDK 614; runtime 6.2.26100.8972 (C:\WINDOWS\SYSTEM32\D3D12Core.dll); driver 32.0.15.9186,false,2048,1129,assets/heightmaps/Hm_Terrain_Peking_513.png,547,547,80.000,12.000,20,0.250,0.100,200000,false,25,64,0.397,4.863,-46.234,17.112,35.021,203.909,200000,1046030,199998,17827,8998,17827,233647,200000,33468,6324,203789,0,87295,112705,27890,2450,0,0,0,1,102.316,203.095,198.362,6.615,13.553,18.259,0.000,0.000,48.911,29.924,0.000,0.000,0.000,0.000,0.000,29.924,0.000,0.000,0.000,0.000,0.000,0.000,0.000,29.971,51.128,4.537,0.000,1.170,19769568,0,78.834,31.812,29.971,0.000,20,0,0.000,Off,ModifiedOnly,0,0,0,0,0,0,false,0,0,0,0,0,0,0,0,0,0,0,0,0,0,0,0.000,0.000,0.000,0.000,0.000,0.000,0.000,0.000,0.000,0.000,0.000,0.000,0.000,0.000,0.000,0.000,0.000,0.000,0.000,0.000
Classic CPU ROAM,classic_cpu_roam,Release,D3D12,NVIDIA GeForce RTX 5090 D,Direct3D 12 (feature level 12_0); requested Agility SDK 614; runtime 6.2.26100.8972 (C:\WINDOWS\SYSTEM32\D3D12Core.dll); driver 32.0.15.9186,false,2048,1129,assets/heightmaps/Hm_Terrain_Peking_513.png,547,547,80.000,12.000,20,0.250,0.100,200000,false,26,64,0.413,5.067,-49.491,17.330,30.243,203.736,200000,1069760,199998,16792,8506,16792,233746,200000,33512,5338,194538,0,87768,112232,27922,2930,0,0,0,1,97.824,212.171,207.504,6.486,13.598,17.001,0.000,0.000,50.632,31.168,0.000,0.000,0.000,0.000,0.000,31.168,0.000,0.000,0.000,0.000,0.000,0.000,0.000,29.397,59.220,4.494,0.000,1.176,19796616,0,81.800,30.599,29.397,0.000,20,0,0.000,Off,ModifiedOnly,0,0,0,0,0,0,false,0,0,0,0,0,0,0,0,0,0,0,0,0,0,0,0.000,0.000,0.000,0.000,0.000,0.000,0.000,0.000,0.000,0.000,0.000,0.000,0.000,0.000,0.000,0.000,0.000,0.000,0.000,0.000
Classic CPU ROAM,classic_cpu_roam,Release,D3D12,NVIDIA GeForce RTX 5090 D,Direct3D 12 (feature level 12_0); requested Agility SDK 614; runtime 6.2.26100.8972 (C:\WINDOWS\SYSTEM32\D3D12Core.dll); driver 32.0.15.9186,false,2048,1129,assets/heightmaps/Hm_Terrain_Peking_513.png,547,547,80.000,12.000,20,0.250,0.100,200000,false,27,64,0.429,5.280,-52.256,17.655,25.165,212.874,200000,1091346,199998,15042,7638,15042,233816,200000,33487,5045,177001,0,85053,114947,28142,2144,0,0,0,1,94.347,187.112,181.993,6.600,13.561,15.717,0.000,0.000,40.069,26.270,0.000,0.000,0.000,0.000,0.000,26.270,0.000,0.000,0.000,0.000,0.000,0.000,0.000,26.814,52.959,4.905,0.000,1.196,19624584,0,66.339,29.279,26.814,0.000,20,0,0.000,Off,ModifiedOnly,0,0,0,0,0,0,false,0,0,0,0,0,0,0,0,0,0,0,0,0,0,0,0.000,0.000,0.000,0.000,0.000,0.000,0.000,0.000,0.000,0.000,0.000,0.000,0.000,0.000,0.000,0.000,0.000,0.000,0.000,0.000
Classic CPU ROAM,classic_cpu_roam,Release,D3D12,NVIDIA GeForce RTX 5090 D,Direct3D 12 (feature level 12_0); requested Agility SDK 614; runtime 6.2.26100.8972 (C:\WINDOWS\SYSTEM32\D3D12Core.dll); driver 32.0.15.9186,false,2048,1129,assets/heightmaps/Hm_Terrain_Peking_513.png,547,547,80.000,12.000,20,0.250,0.100,200000,false,28,64,0.444,5.468,-54.502,18.072,19.837,187.739,200000,1111500,199998,14210,7226,14210,233767,200000,33478,5006,166743,0,80993,119007,28260,2316,0,0,0,1,96.984,197.816,193.180,6.585,13.669,14.963,0.000,0.000,57.284,24.540,0.000,0.000,0.000,0.000,0.000,24.540,0.000,0.000,0.000,0.000,0.000,0.000,0.000,25.322,50.815,4.452,0.000,1.094,19059600,0,81.824,28.633,25.322,0.000,20,0,0.000,Off,ModifiedOnly,0,0,0,0,0,0,false,0,0,0,0,0,0,0,0,0,0,0,0,0,0,0,0.000,0.000,0.000,0.000,0.000,0.000,0.000,0.000,0.000,0.000,0.000,0.000,0.000,0.000,0.000,0.000,0.000,0.000,0.000,0.000
Classic CPU ROAM,classic_cpu_roam,Release,D3D12,NVIDIA GeForce RTX 5090 D,Direct3D 12 (feature level 12_0); requested Agility SDK 614; runtime 6.2.26100.8972 (C:\WINDOWS\SYSTEM32\D3D12Core.dll); driver 32.0.15.9186,false,2048,1129,assets/heightmaps/Hm_Terrain_Peking_513.png,547,547,80.000,12.000,20,0.250,0.100,200000,false,29,64,0.460,5.666,-56.206,18.565,14.312,198.463,200000,1133264,199998,15384,7855,15384,233713,200000,33579,5608,180587,0,83044,116956,29139,2874,0,0,0,1,103.285,201.266,196.511,6.686,13.877,18.354,0.000,0.000,50.006,29.361,0.000,0.000,0.000,0.000,0.000,29.361,0.000,0.000,0.000,0.000,0.000,0.000,0.000,27.607,50.619,4.568,0.000,1.449,19076064,0,79.366,32.231,27.607,0.000,20,0,0.000,Off,ModifiedOnly,0,0,0,0,0,0,false,0,0,0,0,0,0,0,0,0,0,0,0,0,0,0,0.000,0.000,0.000,0.000,0.000,0.000,0.000,0.000,0.000,0.000,0.000,0.000,0.000,0.000,0.000,0.000,0.000,0.000,0.000,0.000
Classic CPU ROAM,classic_cpu_roam,Release,D3D12,NVIDIA GeForce RTX 5090 D,Direct3D 12 (feature level 12_0); requested Agility SDK 614; runtime 6.2.26100.8972 (C:\WINDOWS\SYSTEM32\D3D12Core.dll); driver 32.0.15.9186,false,2048,1129,assets/heightmaps/Hm_Terrain_Peking_513.png,547,547,80.000,12.000,20,0.250,0.100,200000,false,30,64,0.476,5.868,-57.352,19.116,8.644,201.917,200000,1154888,199998,15689,8012,15689,233763,200000,33514,5885,182341,0,85931,114069,29608,2223,0,0,0,1,106.416,195.550,190.715,5.884,13.828,16.746,0.000,0.000,48.946,26.403,0.000,0.000,0.000,0.000,0.000,26.403,0.000,0.000,0.000,0.000,0.000,0.000,0.000,27.407,51.501,4.637,0.000,1.186,19502784,0,75.349,30.573,27.407,0.000,20,0,0.000,Off,ModifiedOnly,0,0,0,0,0,0,false,0,0,0,0,0,0,0,0,0,0,0,0,0,0,0,0.000,0.000,0.000,0.000,0.000,0.000,0.000,0.000,0.000,0.000,0.000,0.000,0.000,0.000,0.000,0.000,0.000,0.000,0.000,0.000
Classic CPU ROAM,classic_cpu_roam,Release,D3D12,NVIDIA GeForce RTX 5090 D,Direct3D 12 (feature level 12_0); requested Agility SDK 614; runtime 6.2.26100.8972 (C:\WINDOWS\SYSTEM32\D3D12Core.dll); driver 32.0.15.9186,false,2048,1129,assets/heightmaps/Hm_Terrain_Peking_513.png,547,547,80.000,12.000,20,0.250,0.100,200000,false,31,64,0.492,6.064,-57.928,19.701,2.891,196.182,200000,1175788,199998,15794,8073,15794,233678,200000,33608,6193,184328,0,86340,113660,29752,4337,0,0,0,1,99.817,223.742,218.997,6.595,14.071,18.508,0.000,0.000,56.387,29.050,0.000,0.000,0.000,0.000,0.000,29.050,0.000,0.000,0.000,0.000,0.000,0.000,0.000,27.856,66.528,4.557,0.000,1.081,19559568,0,85.437,32.579,27.856,0.000,20,0,0.000,Off,ModifiedOnly,0,0,0,0,0,0,false,0,0,0,0,0,0,0,0,0,0,0,0,0,0,0,0.000,0.000,0.000,0.000,0.000,0.000,0.000,0.000,0.000,0.000,0.000,0.000,0.000,0.000,0.000,0.000,0.000,0.000,0.000,0.000
Classic CPU ROAM,classic_cpu_roam,Release,D3D12,NVIDIA GeForce RTX 5090 D,Direct3D 12 (feature level 12_0); requested Agility SDK 614; runtime 6.2.26100.8972 (C:\WINDOWS\SYSTEM32\D3D12Core.dll); driver 32.0.15.9186,false,2048,1129,assets/heightmaps/Hm_Terrain_Peking_513.png,547,547,80.000,12.000,20,0.250,0.100,200000,false,32,64,0.508,6.289,-57.928,20.299,-2.891,224.396,200000,1194616,199998,14594,7357,14594,233820,200000,33522,6052,172172,0,81508,118492,29221,2395,0,0,0,1,104.130,184.572,179.912,6.446,13.485,16.512,0.000,0.000,41.106,25.273,0.000,0.000,0.000,0.000,0.000,25.273,0.000,0.000,0.000,0.000,0.000,0.000,0.000,25.701,51.387,4.473,0.000,1.216,18911256,0,66.379,29.997,25.701,0.000,20,0,0.000,Off,ModifiedOnly,0,0,0,0,0,0,false,0,0,0,0,0,0,0,0,0,0,0,0,0,0,0,0.000,0.000,0.000,0.000,0.000,0.000,0.000,0.000,0.000,0.000,0.000,0.000,0.000,0.000,0.000,0.000,0.000,0.000,0.000,0.000
Classic CPU ROAM,classic_cpu_roam,Release,D3D12,NVIDIA GeForce RTX 5090 D,Direct3D 12 (feature level 12_0); requested Agility SDK 614; runtime 6.2.26100.8972 (C:\WINDOWS\SYSTEM32\D3D12Core.dll); driver 32.0.15.9186,false,2048,1129,assets/heightmaps/Hm_Terrain_Peking_513.png,547,547,80.000,12.000,20,0.250,0.100,200000,false,33,64,0.524,6.474,-57.352,20.884,-8.644,185.207,200000,1213464,199998,13301,6742,13301,233675,200000,33603,5335,156069,0,76567,123433,29108,3950,0,0,0,1,99.086,193.862,189.085,6.636,13.531,14.654,0.000,0.000,54.367,23.642,0.000,0.000,0.000,0.000,0.000,23.642,0.000,0.000,0.000,0.000,0.000,0.000,0.000,23.977,52.278,4.599,0.000,1.158,18232872,0,78.008,28.184,23.977,0.000,20,0,0.000,Off,ModifiedOnly,0,0,0,0,0,0,false,0,0,0,0,0,0,0,0,0,0,0,0,0,0,0,0.000,0.000,0.000,0.000,0.000,0.000,0.000,0.000,0.000,0.000,0.000,0.000,0.000,0.000,0.000,0.000,0.000,0.000,0.000,0.000
Classic CPU ROAM,classic_cpu_roam,Release,D3D12,NVIDIA GeForce RTX 5090 D,Direct3D 12 (feature level 12_0); requested Agility SDK 614; runtime 6.2.26100.8972 (C:\WINDOWS\SYSTEM32\D3D12Core.dll); driver 32.0.15.9186,false,2048,1129,assets/heightmaps/Hm_Terrain_Peking_513.png,547,547,80.000,12.000,20,0.250,0.100,200000,false,34,64,0.540,6.669,-56.206,21.435,-14.312,194.546,200000,1232536,199998,15230,7719,15230,233785,200000,33541,3788,178620,0,78335,121665,28293,2213,0,0,0,1,99.771,208.136,203.450,7.242,13.867,15.923,0.000,0.000,52.801,30.155,0.000,0.000,0.000,0.000,0.000,30.155,0.000,0.000,0.000,0.000,0.000,0.000,0.000,27.343,56.118,4.512,0.000,1.272,17932992,0,82.956,29.790,27.343,0.000,20,0,0.000,Off,ModifiedOnly,0,0,0,0,0,0,false,0,0,0,0,0,0,0,0,0,0,0,0,0,0,0,0.000,0.000,0.000,0.000,0.000,0.000,0.000,0.000,0.000,0.000,0.000,0.000,0.000,0.000,0.000,0.000,0.000,0.000,0.000,0.000
Classic CPU ROAM,classic_cpu_roam,Release,D3D12,NVIDIA GeForce RTX 5090 D,Direct3D 12 (feature level 12_0); requested Agility SDK 614; runtime 6.2.26100.8972 (C:\WINDOWS\SYSTEM32\D3D12Core.dll); driver 32.0.15.9186,false,2048,1129,assets/heightmaps/Hm_Terrain_Peking_513.png,547,547,80.000,12.000,20,0.250,0.100,200000,false,35,64,0.556,6.877,-54.502,21.928,-19.837,208.844,200000,1250620,199998,15164,7716,15164,233892,200000,33657,3973,180140,0,79605,120395,28625,2137,0,0,0,1,101.846,203.904,199.296,7.015,13.702,15.483,0.000,0.000,51.742,28.826,0.000,0.000,0.000,0.000,0.000,28.826,0.000,0.000,0.000,0.000,0.000,0.000,0.000,27.429,55.097,4.427,0.000,1.324,18128712,0,80.568,29.186,27.429,0.000,20,0,0.000,Off,ModifiedOnly,0,0,0,0,0,0,false,0,0,0,0,0,0,0,0,0,0,0,0,0,0,0,0.000,0.000,0.000,0.000,0.000,0.000,0.000,0.000,0.000,0.000,0.000,0.000,0.000,0.000,0.000,0.000,0.000,0.000,0.000,0.000
Classic CPU ROAM,classic_cpu_roam,Release,D3D12,NVIDIA GeForce RTX 5090 D,Direct3D 12 (feature level 12_0); requested Agility SDK 614; runtime 6.2.26100.8972 (C:\WINDOWS\SYSTEM32\D3D12Core.dll); driver 32.0.15.9186,false,2048,1129,assets/heightmaps/Hm_Terrain_Peking_513.png,547,547,80.000,12.000,20,0.250,0.100,200000,false,36,64,0.571,7.082,-52.256,22.345,-25.165,204.563,200000,1272356,199998,15904,8086,15904,233998,200000,33737,3922,187900,0,78905,121095,28858,1738,0,0,0,1,104.147,214.580,209.880,7.044,13.691,15.965,0.000,0.000,53.380,29.613,0.000,0.000,0.000,0.000,0.000,29.613,0.000,0.000,0.000,0.000,0.000,0.000,0.000,28.967,61.218,4.506,0.000,1.223,18198096,0,82.993,29.656,28.967,0.000,20,0,0.000,Off,ModifiedOnly,0,0,0,0,0,0,false,0,0,0,0,0,0,0,0,0,0,0,0,0,0,0,0.000,0.000,0.000,0.000,0.000,0.000,0.000,0.000,0.000,0.000,0.000,0.000,0.000,0.000,0.000,0.000,0.000,0.000,0.000,0.000
Classic CPU ROAM,classic_cpu_roam,Release,D3D12,NVIDIA GeForce RTX 5090 D,Direct3D 12 (feature level 12_0); requested Agility SDK 614; runtime 6.2.26100.8972 (C:\WINDOWS\SYSTEM32\D3D12Core.dll); driver 32.0.15.9186,false,2048,1129,assets/heightmaps/Hm_Terrain_Peking_513.png,547,547,80.000,12.000,20,0.250,0.100,200000,false,37,64,0.587,7.297,-49.491,22.670,-30.243,215.275,200000,1294002,199998,16445,8345,16445,234263,200000,33975,4360,196734,0,81250,118750,29397,2731,0,0,0,1,102.255,203.330,198.490,6.834,13.755,16.666,0.000,0.000,41.343,30.762,0.000,0.000,0.000,0.000,0.000,30.762,0.000,0.000,0.000,0.000,0.000,0.000,0.000,28.880,60.249,4.652,0.000,1.192,18205320,0,72.105,30.421,28.880,0.000,20,0,0.000,Off,ModifiedOnly,0,0,0,0,0,0,false,0,0,0,0,0,0,0,0,0,0,0,0,0,0,0,0.000,0.000,0.000,0.000,0.000,0.000,0.000,0.000,0.000,0.000,0.000,0.000,0.000,0.000,0.000,0.000,0.000,0.000,0.000,0.000
Classic CPU ROAM,classic_cpu_roam,Release,D3D12,NVIDIA GeForce RTX 5090 D,Direct3D 12 (feature level 12_0); requested Agility SDK 614; runtime 6.2.26100.8972 (C:\WINDOWS\SYSTEM32\D3D12Core.dll); driver 32.0.15.9186,false,2048,1129,assets/heightmaps/Hm_Terrain_Peking_513.png,547,547,80.000,12.000,20,0.250,0.100,200000,false,38,64,0.603,7.501,-46.234,22.888,-35.021,203.996,200000,1311006,199998,15872,8061,15872,234265,200000,33924,4639,186697,0,80182,119818,29541,1955,0,0,0,1,98.693,226.186,221.467,6.943,13.969,16.956,0.000,0.000,59.883,29.438,0.000,0.000,0.000,0.000,0.000,29.438,0.000,0.000,0.000,0.000,0.000,0.000,0.000,28.312,65.965,4.504,0.000,1.197,18028248,0,89.321,30.925,28.312,0.000,20,0,0.000,Off,ModifiedOnly,0,0,0,0,0,0,false,0,0,0,0,0,0,0,0,0,0,0,0,0,0,0,0.000,0.000,0.000,0.000,0.000,0.000,0.000,0.000,0.000,0.000,0.000,0.000,0.000,0.000,0.000,0.000,0.000,0.000,0.000,0.000
Classic CPU ROAM,classic_cpu_roam,Release,D3D12,NVIDIA GeForce RTX 5090 D,Direct3D 12 (feature level 12_0); requested Agility SDK 614; runtime 6.2.26100.8972 (C:\WINDOWS\SYSTEM32\D3D12Core.dll); driver 32.0.15.9186,false,2048,1129,assets/heightmaps/Hm_Terrain_Peking_513.png,547,547,80.000,12.000,20,0.250,0.100,200000,false,39,64,0.619,7.728,-42.517,22.992,-39.450,226.867,200000,1327504,199998,16703,8476,16703,234337,200000,34249,5771,201943,0,84139,115861,30316,3009,0,0,0,1,106.156,225.443,220.625,9.313,14.363,19.026,0.000,0.000,57.162,32.043,0.000,0.000,0.000,0.000,0.000,32.043,0.000,0.000,0.000,0.000,0.000,0.000,0.000,29.587,59.129,4.624,0.000,1.306,18876816,0,89.205,33.389,29.587,0.000,20,0,0.000,Off,ModifiedOnly,0,0,0,0,0,0,false,0,0,0,0,0,0,0,0,0,0,0,0,0,0,0,0.000,0.000,0.000,0.000,0.000,0.000,0.000,0.000,0.000,0.000,0.000,0.000,0.000,0.000,0.000,0.000,0.000,0.000,0.000,0.000
Classic CPU ROAM,classic_cpu_roam,Release,D3D12,NVIDIA GeForce RTX 5090 D,Direct3D 12 (feature level 12_0); requested Agility SDK 614; runtime 6.2.26100.8972 (C:\WINDOWS\SYSTEM32\D3D12Core.dll); driver 32.0.15.9186,false,2048,1129,assets/heightmaps/Hm_Terrain_Peking_513.png,547,547,80.000,12.000,20,0.250,0.100,200000,false,40,64,0.635,7.954,-38.378,22.977,-43.487,226.119,200000,1341966,199998,16298,8183,16298,234412,200000,34282,6332,191457,0,87171,112829,31201,2997,0,0,0,1,99.438,224.678,219.823,8.139,14.089,19.124,0.000,0.000,58.093,29.803,0.000,0.000,0.000,0.000,0.000,29.803,0.000,0.000,0.000,0.000,0.000,0.000,0.000,30.660,59.912,4.654,0.000,1.240,19291272,0,87.896,33.213,30.660,0.000,20,0,0.000,Off,ModifiedOnly,0,0,0,0,0,0,false,0,0,0,0,0,0,0,0,0,0,0,0,0,0,0,0.000,0.000,0.000,0.000,0.000,0.000,0.000,0.000,0.000,0.000,0.000,0.000,0.000,0.000,0.000,0.000,0.000,0.000,0.000,0.000
Classic CPU ROAM,classic_cpu_roam,Release,D3D12,NVIDIA GeForce RTX 5090 D,Direct3D 12 (feature level 12_0); requested Agility SDK 614; runtime 6.2.26100.8972 (C:\WINDOWS\SYSTEM32\D3D12Core.dll); driver 32.0.15.9186,false,2048,1129,assets/heightmaps/Hm_Terrain_Peking_513.png,547,547,80.000,12.000,20,0.250,0.100,200000,false,41,64,0.651,8.180,-33.857,22.844,-47.092,225.375,200000,1355988,199998,15762,8024,15762,234345,200000,34210,6688,189948,0,87428,112572,31658,3282,0,0,0,1,103.877,215.511,210.427,8.453,14.665,18.907,0.000,0.000,52.809,29.210,0.000,0.000,0.000,0.000,0.000,29.210,0.000,0.000,0.000,0.000,0.000,0.000,0.000,28.817,57.563,4.888,0.000,1.181,19733784,0,82.019,33.572,28.817,0.000,20,0,0.000,Off,ModifiedOnly,0,0,0,0,0,0,false,0,0,0,0,0,0,0,0,0,0,0,0,0,0,0,0.000,0.000,0.000,0.000,0.000,0.000,0.000,0.000,0.000,0.000,0.000,0.000,0.000,0.000,0.000,0.000,0.000,0.000,0.000,0.000
Classic CPU ROAM,classic_cpu_roam,Release,D3D12,NVIDIA GeForce RTX 5090 D,Direct3D 12 (feature level 12_0); requested Agility SDK 614; runtime 6.2.26100.8972 (C:\WINDOWS\SYSTEM32\D3D12Core.dll); driver 32.0.15.9186,false,2048,1129,assets/heightmaps/Hm_Terrain_Peking_513.png,547,547,80.000,12.000,20,0.250,0.100,200000,false,42,64,0.667,8.396,-29.000,22.598,-50.229,216.186,200000,1371076,199998,14441,7358,14441,234208,200000,34059,6247,172849,0,84903,115097,31827,4666,0,0,0,1,98.451,211.274,206.158,7.262,14.011,20.043,0.000,0.000,47.902,28.925,0.000,0.000,0.000,0.000,0.000,28.925,0.000,0.000,0.000,0.000,0.000,0.000,0.000,27.429,60.583,4.915,0.000,1.124,19537896,0,76.827,34.054,27.429,0.000,20,0,0.000,Off,ModifiedOnly,0,0,0,0,0,0,false,0,0,0,0,0,0,0,0,0,0,0,0,0,0,0,0.000,0.000,0.000,0.000,0.000,0.000,0.000,0.000,0.000,0.000,0.000,0.000,0.000,0.000,0.000,0.000,0.000,0.000,0.000,0.000
Classic CPU ROAM,classic_cpu_roam,Release,D3D12,NVIDIA GeForce RTX 5090 D,Direct3D 12 (feature level 12_0); requested Agility SDK 614; runtime 6.2.26100.8972 (C:\WINDOWS\SYSTEM32\D3D12Core.dll); driver 32.0.15.9186,false,2048,1129,assets/heightmaps/Hm_Terrain_Peking_513.png,547,547,80.000,12.000,20,0.250,0.100,200000,false,43,64,0.683,8.608,-23.855,22.249,-52.867,211.944,200000,1386996,199998,14247,7267,14247,234159,200000,34074,5350,171115,0,83406,116594,31627,2661,0,0,0,1,95.265,218.119,213.041,8.753,14.031,16.884,0.000,0.000,58.582,25.555,0.000,0.000,0.000,0.000,0.000,25.555,0.000,0.000,0.000,0.000,0.000,0.000,0.000,26.232,63.004,4.860,0.000,1.273,19385856,0,84.137,30.915,26.232,0.000,20,0,0.000,Off,ModifiedOnly,0,0,0,0,0,0,false,0,0,0,0,0,0,0,0,0,0,0,0,0,0,0,0.000,0.000,0.000,0.000,0.000,0.000,0.000,0.000,0.000,0.000,0.000,0.000,0.000,0.000,0.000,0.000,0.000,0.000,0.000,0.000
Classic CPU ROAM,classic_cpu_roam,Release,D3D12,NVIDIA GeForce RTX 5090 D,Direct3D 12 (feature level 12_0); requested Agility SDK 614; runtime 6.2.26100.8972 (C:\WINDOWS\SYSTEM32\D3D12Core.dll); driver 32.0.15.9186,false,2048,1129,assets/heightmaps/Hm_Terrain_Peking_513.png,547,547,80.000,12.000,20,0.250,0.100,200000,false,44,64,0.698,8.827,-18.472,21.811,-54.980,218.824,200000,1403468,199998,14535,7422,14535,234189,200000,33987,5449,172845,0,81489,118511,31690,3147,0,0,0,1,101.473,220.616,215.352,8.258,14.260,18.072,0.000,0.000,51.988,26.906,0.000,0.000,0.000,0.000,0.000,26.906,0.000,0.000,0.000,0.000,0.000,0.000,0.000,26.791,69.075,5.002,0.000,1.202,19045992,0,78.894,32.332,26.791,0.000,20,0,0.000,Off,ModifiedOnly,0,0,0,0,0,0,false,0,0,0,0,0,0,0,0,0,0,0,0,0,0,0,0.000,0.000,0.000,0.000,0.000,0.000,0.000,0.000,0.000,0.000,0.000,0.000,0.000,0.000,0.000,0.000,0.000,0.000,0.000,0.000
Classic CPU ROAM,classic_cpu_roam,Release,D3D12,NVIDIA GeForce RTX 5090 D,Direct3D 12 (feature level 12_0); requested Agility SDK 614; runtime 6.2.26100.8972 (C:\WINDOWS\SYSTEM32\D3D12Core.dll); driver 32.0.15.9186,false,2048,1129,assets/heightmaps/Hm_Terrain_Peking_513.png,547,547,80.000,12.000,20,0.250,0.100,200000,false,45,64,0.714,9.048,-12.906,21.302,-56.546,221.305,200000,1420066,199998,15604,7966,15604,234104,200000,33800,5863,182857,0,85583,114417,32109,2600,0,0,0,1,98.090,243.652,238.774,8.870,15.837,19.041,0.000,0.000,68.130,28.700,0.000,0.000,0.000,0.000,0.000,28.700,0.000,0.000,0.000,0.000,0.000,0.000,0.000,28.596,69.598,4.675,0.000,1.149,19077240,0,96.830,34.878,28.596,0.000,20,0,0.000,Off,ModifiedOnly,0,0,0,0,0,0,false,0,0,0,0,0,0,0,0,0,0,0,0,0,0,0,0.000,0.000,0.000,0.000,0.000,0.000,0.000,0.000,0.000,0.000,0.000,0.000,0.000,0.000,0.000,0.000,0.000,0.000,0.000,0.000
Classic CPU ROAM,classic_cpu_roam,Release,D3D12,NVIDIA GeForce RTX 5090 D,Direct3D 12 (feature level 12_0); requested Agility SDK 614; runtime 6.2.26100.8972 (C:\WINDOWS\SYSTEM32\D3D12Core.dll); driver 32.0.15.9186,false,2048,1129,assets/heightmaps/Hm_Terrain_Peking_513.png,547,547,80.000,12.000,20,0.250,0.100,200000,false,46,64,0.730,9.292,-7.212,20.740,-57.550,244.457,200000,1436222,199998,15864,8104,15864,233920,200000,33622,5701,183842,0,85562,114438,32192,4463,0,0,0,1,97.266,197.543,192.586,6.753,13.754,18.536,0.000,0.000,41.810,29.636,0.000,0.000,0.000,0.000,0.000,29.636,0.000,0.000,0.000,0.000,0.000,0.000,0.000,28.191,53.906,4.736,0.000,1.176,19352424,0,71.446,32.290,28.191,0.000,20,0,0.000,Off,ModifiedOnly,0,0,0,0,0,0,false,0,0,0,0,0,0,0,0,0,0,0,0,0,0,0,0.000,0.000,0.000,0.000,0.000,0.000,0.000,0.000,0.000,0.000,0.000,0.000,0.000,0.000,0.000,0.000,0.000,0.000,0.000,0.000
Classic CPU ROAM,classic_cpu_roam,Release,D3D12,NVIDIA GeForce RTX 5090 D,Direct3D 12 (feature level 12_0); requested Agility SDK 614; runtime 6.2.26100.8972 (C:\WINDOWS\SYSTEM32\D3D12Core.dll); driver 32.0.15.9186,false,2048,1129,assets/heightmaps/Hm_Terrain_Peking_513.png,547,547,80.000,12.000,20,0.250,0.100,200000,false,47,64,0.746,9.490,-1.446,20.150,-57.982,198.190,200000,1449752,199998,15277,7774,15277,233808,200000,33579,5556,177339,0,82258,117742,31830,2438,0,0,0,1,102.436,202.972,198.107,6.583,13.655,16.327,0.000,0.000,55.915,26.171,0.000,0.000,0.000,0.000,0.000,26.171,0.000,0.000,0.000,0.000,0.000,0.000,0.000,26.764,52.691,4.639,0.000,1.204,18859680,0,82.086,29.981,26.764,0.000,20,0,0.000,Off,ModifiedOnly,0,0,0,0,0,0,false,0,0,0,0,0,0,0,0,0,0,0,0,0,0,0,0.000,0.000,0.000,0.000,0.000,0.000,0.000,0.000,0.000,0.000,0.000,0.000,0.000,0.000,0.000,0.000,0.000,0.000,0.000,0.000
Classic CPU ROAM,classic_cpu_roam,Release,D3D12,NVIDIA GeForce RTX 5090 D,Direct3D 12 (feature level 12_0); requested Agility SDK 614; runtime 6.2.26100.8972 (C:\WINDOWS\SYSTEM32\D3D12Core.dll); driver 32.0.15.9186,false,2048,1129,assets/heightmaps/Hm_Terrain_Peking_513.png,547,547,80.000,12.000,20,0.250,0.100,200000,false,48,64,0.762,9.694,4.334,19.553,-57.838,203.669,200000,1462344,199998,14608,7358,14608,233772,200000,33652,5623,170397,0,79000,121000,31377,4125,0,0,0,1,103.873,200.251,195.410,6.041,13.576,16.107,0.000,0.000,51.612,25.783,0.000,0.000,0.000,0.000,0.000,25.783,0.000,0.000,0.000,0.000,0.000,0.000,0.000,26.050,56.239,4.663,0.000,1.322,18406248,0,77.395,29.683,26.050,0.000,20,0,0.000,Off,ModifiedOnly,0,0,0,0,0,0,false,0,0,0,0,0,0,0,0,0,0,0,0,0,0,0,0.000,0.000,0.000,0.000,0.000,0.000,0.000,0.000,0.000,0.000,0.000,0.000,0.000,0.000,0.000,0.000,0.000,0.000,0.000,0.000
Classic CPU ROAM,classic_cpu_roam,Release,D3D12,NVIDIA GeForce RTX 5090 D,Direct3D 12 (feature level 12_0); requested Agility SDK 614; runtime 6.2.26100.8972 (C:\WINDOWS\SYSTEM32\D3D12Core.dll); driver 32.0.15.9186,false,2048,1129,assets/heightmaps/Hm_Terrain_Peking_513.png,547,547,80.000,12.000,20,0.250,0.100,200000,false,49,64,0.778,9.895,10.072,18.974,-57.119,201.133,200000,1475114,199998,14187,7175,14187,233857,200000,33690,4946,165286,0,76644,123356,31124,2155,0,0,0,1,98.167,195.976,190.836,6.469,13.626,15.093,0.000,0.000,51.505,25.643,0.000,0.000,0.000,0.000,0.000,25.643,0.000,0.000,0.000,0.000,0.000,0.000,0.000,25.172,53.327,4.939,0.000,1.189,17903088,0,77.148,28.719,25.172,0.000,20,0,0.000,Off,ModifiedOnly,0,0,0,0,0,0,false,0,0,0,0,0,0,0,0,0,0,0,0,0,0,0,0.000,0.000,0.000,0.000,0.000,0.000,0.000,0.000,0.000,0.000,0.000,0.000,0.000,0.000,0.000,0.000,0.000,0.000,0.000,0.000
Classic CPU ROAM,classic_cpu_roam,Release,D3D12,NVIDIA GeForce RTX 5090 D,Direct3D 12 (feature level 12_0); requested Agility SDK 614; runtime 6.2.26100.8972 (C:\WINDOWS\SYSTEM32\D3D12Core.dll); driver 32.0.15.9186,false,2048,1129,assets/heightmaps/Hm_Terrain_Peking_513.png,547,547,80.000,12.000,20,0.250,0.100,200000,false,50,64,0.794,10.092,15.709,18.436,-55.832,196.589,200000,1491114,199998,16042,8229,16042,233818,200000,33370,4643,186724,0,82294,117706,31683,2792,0,0,0,1,95.439,217.432,212.675,8.218,13.569,16.155,0.000,0.000,54.123,28.423,0.000,0.000,0.000,0.000,0.000,28.423,0.000,0.000,0.000,0.000,0.000,0.000,0.000,28.268,63.918,4.565,0.000,1.182,18235896,0,82.546,29.723,28.268,0.000,20,0,0.000,Off,ModifiedOnly,0,0,0,0,0,0,false,0,0,0,0,0,0,0,0,0,0,0,0,0,0,0,0.000,0.000,0.000,0.000,0.000,0.000,0.000,0.000,0.000,0.000,0.000,0.000,0.000,0.000,0.000,0.000,0.000,0.000,0.000,0.000
Classic CPU ROAM,classic_cpu_roam,Release,D3D12,NVIDIA GeForce RTX 5090 D,Direct3D 12 (feature level 12_0); requested Agility SDK 614; runtime 6.2.26100.8972 (C:\WINDOWS\SYSTEM32\D3D12Core.dll); driver 32.0.15.9186,false,2048,1129,assets/heightmaps/Hm_Terrain_Peking_513.png,547,547,80.000,12.000,20,0.250,0.100,200000,false,51,64,0.810,10.310,21.190,17.959,-53.991,218.231,200000,1510454,199998,17982,9149,17982,233639,200000,33274,4555,208924,0,85144,114856,31787,1984,0,0,0,1,97.615,197.339,191.919,6.310,13.390,17.297,0.000,0.000,41.336,31.989,0.000,0.000,0.000,0.000,0.000,31.989,0.000,0.000,0.000,0.000,0.000,0.000,0.000,30.261,51.334,5.222,0.000,1.200,19121592,0,73.325,30.687,30.261,0.000,20,0,0.000,Off,ModifiedOnly,0,0,0,0,0,0,false,0,0,0,0,0,0,0,0,0,0,0,0,0,0,0,0.000,0.000,0.000,0.000,0.000,0.000,0.000,0.000,0.000,0.000,0.000,0.000,0.000,0.000,0.000,0.000,0.000,0.000,0.000,0.000
Classic CPU ROAM,classic_cpu_roam,Release,D3D12,NVIDIA GeForce RTX 5090 D,Direct3D 12 (feature level 12_0); requested Agility SDK 614; runtime 6.2.26100.8972 (C:\WINDOWS\SYSTEM32\D3D12Core.dll); driver 32.0.15.9186,false,2048,1129,assets/heightmaps/Hm_Terrain_Peking_513.png,547,547,80.000,12.000,20,0.250,0.100,200000,false,52,64,0.825,10.508,26.460,17.564,-51.613,197.991,200000,1530352,199998,17814,8962,17814,233584,200000,33245,4455,203237,0,83675,116325,31819,2457,0,0,0,1,105.515,212.090,207.119,6.669,13.524,16.684,0.000,0.000,58.411,30.167,0.000,0.000,0.000,0.000,0.000,30.167,0.000,0.000,0.000,0.000,0.000,0.000,0.000,29.703,51.959,4.737,0.000,1.196,18980472,0,88.578,30.208,29.703,0.000,20,0,0.000,Off,ModifiedOnly,0,0,0,0,0,0,false,0,0,0,0,0,0,0,0,0,0,0,0,0,0,0,0.000,0.000,0.000,0.000,0.000,0.000,0.000,0.000,0.000,0.000,0.000,0.000,0.000,0.000,0.000,0.000,0.000,0.000,0.000,0.000
Classic CPU ROAM,classic_cpu_roam,Release,D3D12,NVIDIA GeForce RTX 5090 D,Direct3D 12 (feature level 12_0); requested Agility SDK 614; runtime 6.2.26100.8972 (C:\WINDOWS\SYSTEM32\D3D12Core.dll); driver 32.0.15.9186,false,2048,1129,assets/heightmaps/Hm_Terrain_Peking_513.png,547,547,80.000,12.000,20,0.250,0.100,200000,false,53,64,0.841,10.721,31.468,17.265,-48.722,212.906,200000,1547616,199998,16790,8470,16790,233653,200000,33358,4575,194153,0,86207,113793,32424,2610,0,0,0,1,101.307,205.463,200.326,6.469,13.515,16.398,0.000,0.000,49.843,29.876,0.000,0.000,0.000,0.000,0.000,29.876,0.000,0.000,0.000,0.000,0.000,0.000,0.000,29.322,54.902,4.922,0.000,1.335,18838512,0,79.719,29.913,29.322,0.000,20,0,0.000,Off,ModifiedOnly,0,0,0,0,0,0,false,0,0,0,0,0,0,0,0,0,0,0,0,0,0,0,0.000,0.000,0.000,0.000,0.000,0.000,0.000,0.000,0.000,0.000,0.000,0.000,0.000,0.000,0.000,0.000,0.000,0.000,0.000,0.000
Classic CPU ROAM,classic_cpu_roam,Release,D3D12,NVIDIA GeForce RTX 5090 D,Direct3D 12 (feature level 12_0); requested Agility SDK 614; runtime 6.2.26100.8972 (C:\WINDOWS\SYSTEM32\D3D12Core.dll); driver 32.0.15.9186,false,2048,1129,assets/heightmaps/Hm_Terrain_Peking_513.png,547,547,80.000,12.000,20,0.250,0.100,200000,false,54,64,0.857,10.927,36.162,17.075,-45.346,206.261,200000,1560998,199998,16727,8468,16727,233846,200000,33509,5079,194579,0,86575,113425,32823,2192,0,0,0,1,93.634,205.070,200.069,6.706,13.498,16.766,0.000,0.000,51.555,29.927,0.000,0.000,0.000,0.000,0.000,29.927,0.000,0.000,0.000,0.000,0.000,0.000,0.000,28.950,52.665,4.784,0.000,1.187,19295472,0,81.482,30.264,28.950,0.000,20,0,0.000,Off,ModifiedOnly,0,0,0,0,0,0,false,0,0,0,0,0,0,0,0,0,0,0,0,0,0,0,0.000,0.000,0.000,0.000,0.000,0.000,0.000,0.000,0.000,0.000,0.000,0.000,0.000,0.000,0.000,0.000,0.000,0.000,0.000,0.000
Classic CPU ROAM,classic_cpu_roam,Release,D3D12,NVIDIA GeForce RTX 5090 D,Direct3D 12 (feature level 12_0); requested Agility SDK 614; runtime 6.2.26100.8972 (C:\WINDOWS\SYSTEM32\D3D12Core.dll); driver 32.0.15.9186,false,2048,1129,assets/heightmaps/Hm_Terrain_Peking_513.png,547,547,80.000,12.000,20,0.250,0.100,200000,false,55,64,0.873,11.133,40.498,17.001,-41.520,205.851,200000,1572094,199998,16939,8595,16939,233827,200000,33572,6039,194951,0,86572,113428,32864,3191,0,0,0,1,106.808,210.295,204.617,5.928,13.673,18.415,0.000,0.000,49.213,30.205,0.000,0.000,0.000,0.000,0.000,30.205,0.000,0.000,0.000,0.000,0.000,0.000,0.000,32.524,54.659,5.447,0.000,1.152,19641384,0,79.418,32.087,32.524,0.000,20,0,0.000,Off,ModifiedOnly,0,0,0,0,0,0,false,0,0,0,0,0,0,0,0,0,0,0,0,0,0,0,0.000,0.000,0.000,0.000,0.000,0.000,0.000,0.000,0.000,0.000,0.000,0.000,0.000,0.000,0.000,0.000,0.000,0.000,0.000,0.000
Classic CPU ROAM,classic_cpu_roam,Release,D3D12,NVIDIA GeForce RTX 5090 D,Direct3D 12 (feature level 12_0); requested Agility SDK 614; runtime 6.2.26100.8972 (C:\WINDOWS\SYSTEM32\D3D12Core.dll); driver 32.0.15.9186,false,2048,1129,assets/heightmaps/Hm_Terrain_Peking_513.png,547,547,80.000,12.000,20,0.250,0.100,200000,false,56,64,0.889,11.344,44.431,17.046,-37.282,211.060,200000,1581666,199998,17395,8767,17395,233730,200000,33516,6905,198368,0,85545,114455,33084,3730,0,0,0,1,94.997,202.661,197.200,6.657,13.557,19.274,0.000,0.000,42.147,33.036,0.000,0.000,0.000,0.000,0.000,33.036,0.000,0.000,0.000,0.000,0.000,0.000,0.000,30.139,52.388,5.247,0.000,1.170,19559400,0,75.182,32.830,30.139,0.000,20,0,0.000,Off,ModifiedOnly,0,0,0,0,0,0,false,0,0,0,0,0,0,0,0,0,0,0,0,0,0,0,0.000,0.000,0.000,0.000,0.000,0.000,0.000,0.000,0.000,0.000,0.000,0.000,0.000,0.000,0.000,0.000,0.000,0.000,0.000,0.000
Classic CPU ROAM,classic_cpu_roam,Release,D3D12,NVIDIA GeForce RTX 5090 D,Direct3D 12 (feature level 12_0); requested Agility SDK 614; runtime 6.2.26100.8972 (C:\WINDOWS\SYSTEM32\D3D12Core.dll); driver 32.0.15.9186,false,2048,1129,assets/heightmaps/Hm_Terrain_Peking_513.png,547,547,80.000,12.000,20,0.250,0.100,200000,false,57,64,0.905,11.548,47.922,17.207,-32.673,203.363,200000,1591694,199998,17430,8811,17430,233824,200000,33626,5542,201836,0,88739,111261,33383,2985,0,0,0,1,96.977,214.934,209.280,6.798,13.599,17.227,0.000,0.000,56.711,31.594,0.000,0.000,0.000,0.000,0.000,31.594,0.000,0.000,0.000,0.000,0.000,0.000,0.000,30.382,52.967,5.441,0.000,1.156,20021904,0,88.305,30.827,30.382,0.000,20,0,0.000,Off,ModifiedOnly,0,0,0,0,0,0,false,0,0,0,0,0,0,0,0,0,0,0,0,0,0,0,0.000,0.000,0.000,0.000,0.000,0.000,0.000,0.000,0.000,0.000,0.000,0.000,0.000,0.000,0.000,0.000,0.000,0.000,0.000,0.000
Classic CPU ROAM,classic_cpu_roam,Release,D3D12,NVIDIA GeForce RTX 5090 D,Direct3D 12 (feature level 12_0); requested Agility SDK 614; runtime 6.2.26100.8972 (C:\WINDOWS\SYSTEM32\D3D12Core.dll); driver 32.0.15.9186,false,2048,1129,assets/heightmaps/Hm_Terrain_Peking_513.png,547,547,80.000,12.000,20,0.250,0.100,200000,false,58,64,0.921,11.763,50.937,17.480,-27.739,215.630,200000,1600254,199998,15934,8088,15934,233966,200000,33767,5299,189265,0,87867,112133,33591,2649,0,0,0,1,93.245,206.383,200.899,6.786,13.566,16.509,0.000,0.000,52.667,29.132,0.000,0.000,0.000,0.000,0.000,29.132,0.000,0.000,0.000,0.000,0.000,0.000,0.000,28.942,53.296,5.261,0.000,1.199,20126568,0,81.799,30.075,28.942,0.000,20,0,0.000,Off,ModifiedOnly,0,0,0,0,0,0,false,0,0,0,0,0,0,0,0,0,0,0,0,0,0,0,0.000,0.000,0.000,0.000,0.000,0.000,0.000,0.000,0.000,0.000,0.000,0.000,0.000,0.000,0.000,0.000,0.000,0.000,0.000,0.000
Classic CPU ROAM,classic_cpu_roam,Release,D3D12,NVIDIA GeForce RTX 5090 D,Direct3D 12 (feature level 12_0); requested Agility SDK 614; runtime 6.2.26100.8972 (C:\WINDOWS\SYSTEM32\D3D12Core.dll); driver 32.0.15.9186,false,2048,1129,assets/heightmaps/Hm_Terrain_Peking_513.png,547,547,80.000,12.000,20,0.250,0.100,200000,false,59,64,0.937,11.970,53.446,17.852,-22.529,207.073,200000,1606058,199998,13904,7077,13904,233950,200000,33664,4810,164003,0,82925,117075,33605,1824,0,0,0,1,91.626,192.769,187.397,6.713,13.533,14.765,0.000,0.000,47.401,25.069,0.000,0.000,0.000,0.000,0.000,25.069,0.000,0.000,0.000,0.000,0.000,0.000,0.000,26.461,53.455,5.146,0.000,1.115,19338480,0,72.470,28.298,26.461,0.000,20,0,0.000,Off,ModifiedOnly,0,0,0,0,0,0,false,0,0,0,0,0,0,0,0,0,0,0,0,0,0,0,0.000,0.000,0.000,0.000,0.000,0.000,0.000,0.000,0.000,0.000,0.000,0.000,0.000,0.000,0.000,0.000,0.000,0.000,0.000,0.000
Classic CPU ROAM,classic_cpu_roam,Release,D3D12,NVIDIA GeForce RTX 5090 D,Direct3D 12 (feature level 12_0); requested Agility SDK 614; runtime 6.2.26100.8972 (C:\WINDOWS\SYSTEM32\D3D12Core.dll); driver 32.0.15.9186,false,2048,1129,assets/heightmaps/Hm_Terrain_Peking_513.png,547,547,80.000,12.000,20,0.250,0.100,200000,false,60,64,0.952,12.164,55.423,18.310,-17.096,193.456,200000,1609478,199998,14980,7628,14980,233923,200000,33630,5375,176588,0,82654,117346,33877,2243,0,0,0,1,103.947,200.829,195.184,6.817,13.695,16.204,0.000,0.000,52.506,27.325,0.000,0.000,0.000,0.000,0.000,27.325,0.000,0.000,0.000,0.000,0.000,0.000,0.000,26.673,51.964,5.378,0.000,1.123,19105464,0,79.830,29.899,26.673,0.000,20,0,0.000,Off,ModifiedOnly,0,0,0,0,0,0,false,0,0,0,0,0,0,0,0,0,0,0,0,0,0,0,0.000,0.000,0.000,0.000,0.000,0.000,0.000,0.000,0.000,0.000,0.000,0.000,0.000,0.000,0.000,0.000,0.000,0.000,0.000,0.000
Classic CPU ROAM,classic_cpu_roam,Release,D3D12,NVIDIA GeForce RTX 5090 D,Direct3D 12 (feature level 12_0); requested Agility SDK 614; runtime 6.2.26100.8972 (C:\WINDOWS\SYSTEM32\D3D12Core.dll); driver 32.0.15.9186,false,2048,1129,assets/heightmaps/Hm_Terrain_Peking_513.png,547,547,80.000,12.000,20,0.250,0.100,200000,false,61,64,0.968,12.365,56.850,18.835,-11.492,201.500,200000,1612158,199998,15693,8025,15693,233780,200000,33579,5938,182533,0,86488,113512,34284,3261,0,0,0,1,104.889,199.001,193.464,6.537,13.422,17.017,0.000,0.000,45.552,27.528,0.000,0.000,0.000,0.000,0.000,27.528,0.000,0.000,0.000,0.000,0.000,0.000,0.000,28.144,55.264,5.304,0.000,1.132,19549824,0,73.079,30.439,28.144,0.000,20,0,0.000,Off,ModifiedOnly,0,0,0,0,0,0,false,0,0,0,0,0,0,0,0,0,0,0,0,0,0,0,0.000,0.000,0.000,0.000,0.000,0.000,0.000,0.000,0.000,0.000,0.000,0.000,0.000,0.000,0.000,0.000,0.000,0.000,0.000,0.000
Classic CPU ROAM,classic_cpu_roam,Release,D3D12,NVIDIA GeForce RTX 5090 D,Direct3D 12 (feature level 12_0); requested Agility SDK 614; runtime 6.2.26100.8972 (C:\WINDOWS\SYSTEM32\D3D12Core.dll); driver 32.0.15.9186,false,2048,1129,assets/heightmaps/Hm_Terrain_Peking_513.png,547,547,80.000,12.000,20,0.250,0.100,200000,false,62,64,0.984,12.565,57.712,19.406,-5.775,199.683,200000,1614326,199998,16041,8193,16041,233771,200000,33544,6359,186637,0,88671,111329,34626,4114,0,0,0,1,100.468,207.524,201.991,6.660,13.366,17.491,0.000,0.000,54.707,29.049,0.000,0.000,0.000,0.000,0.000,29.049,0.000,0.000,0.000,0.000,0.000,0.000,0.000,28.945,51.771,5.306,0.000,1.245,19958064,0,83.755,30.858,28.945,0.000,20,0,0.000,Off,ModifiedOnly,0,0,0,0,0,0,false,0,0,0,0,0,0,0,0,0,0,0,0,0,0,0,0.000,0.000,0.000,0.000,0.000,0.000,0.000,0.000,0.000,0.000,0.000,0.000,0.000,0.000,0.000,0.000,0.000,0.000,0.000,0.000
Classic CPU ROAM,classic_cpu_roam,Release,D3D12,NVIDIA GeForce RTX 5090 D,Direct3D 12 (feature level 12_0); requested Agility SDK 614; runtime 6.2.26100.8972 (C:\WINDOWS\SYSTEM32\D3D12Core.dll); driver 32.0.15.9186,false,2048,1129,assets/heightmaps/Hm_Terrain_Peking_513.png,547,547,80.000,12.000,20,0.250,0.100,200000,false,63,64,1.000,12.773,58.000,20.000,0.000,208.200,200000,1614326,199998,14236,7231,14236,233843,200000,33549,5923,168679,0,83379,116621,34069,3007,0,0,0,1,106.154,196.559,191.172,6.476,13.251,15.798,0.000,0.000,50.828,25.665,0.000,0.000,0.000,0.000,0.000,25.665,0.000,0.000,0.000,0.000,0.000,0.000,0.000,26.043,53.111,5.170,0.000,1.207,19238184,0,76.493,29.049,26.043,0.000,20,0,0.000,Off,ModifiedOnly,0,0,0,0,0,0,false,0,0,0,0,0,0,0,0,0,0,0,0,0,0,0,0.000,0.000,0.000,0.000,0.000,0.000,0.000,0.000,0.000,0.000,0.000,0.000,0.000,0.000,0.000,0.000,0.000,0.000,0.000,0.000
Data-Oriented CPU ROAM,data_oriented_cpu_roam,Release,D3D12,NVIDIA GeForce RTX 5090 D,Direct3D 12 (feature level 12_0); requested Agility SDK 614; runtime 6.2.26100.8972 (C:\WINDOWS\SYSTEM32\D3D12Core.dll); driver 32.0.15.9186,false,2048,1129,assets/heightmaps/Hm_Terrain_Peking_513.png,547,547,80.000,12.000,20,0.250,0.100,200000,false,0,64,0.000,0.000,58.000,20.000,0.000,33.592,200000,399998,199998,0,0,0,233547,200000,33547,0,0,0,0,200000,0,1,0,0,0,8,404.014,38.687,38.673,2.428,1.961,0.005,0.000,0.000,4.459,0.001,0.000,0.000,0.000,0.000,0.000,0.001,0.002,0.000,0.000,0.000,0.000,0.000,0.000,0.232,29.586,0.003,0.000,1.345,0,0,4.460,1.966,0.232,0.000,20,0,0.000,Off,ModifiedOnly,0,0,0,0,0,0,false,0,0,0,0,0,0,0,0,0,0,0,0,0,0,0,0.000,0.000,0.000,0.000,0.000,0.000,0.000,0.000,0.000,0.000,0.000,0.000,0.000,0.000,0.000,0.000,0.000,0.000,0.000,0.000
Data-Oriented CPU ROAM,data_oriented_cpu_roam,Release,D3D12,NVIDIA GeForce RTX 5090 D,Direct3D 12 (feature level 12_0); requested Agility SDK 614; runtime 6.2.26100.8972 (C:\WINDOWS\SYSTEM32\D3D12Core.dll); driver 32.0.15.9186,false,2048,1129,assets/heightmaps/Hm_Terrain_Peking_513.png,547,547,80.000,12.000,20,0.250,0.100,200000,false,1,64,0.016,0.039,57.712,20.594,5.775,39.273,199999,427366,199997,13684,6900,13685,233767,199999,33646,6040,159934,0,43554,156445,19103,6041,0,0,0,8,160.351,89.096,87.581,3.296,2.304,15.658,0.000,0.000,8.474,29.864,0.000,0.000,0.000,0.000,0.000,29.864,0.071,0.290,0.159,0.007,1.207,13.910,0.000,6.016,21.969,1.371,0.000,1.409,7317072,0,51.074,17.963,6.016,0.000,20,0,0.000,Off,ModifiedOnly,0,0,0,0,0,0,false,0,0,0,291,0,0,0,0,0,0,0,0,0,0,0,0.000,0.000,0.000,0.000,0.000,0.000,0.000,0.000,0.000,0.000,0.000,0.000,0.000,0.000,0.000,0.000,0.000,0.000,0.000,0.000
Data-Oriented CPU ROAM,data_oriented_cpu_roam,Release,D3D12,NVIDIA GeForce RTX 5090 D,Direct3D 12 (feature level 12_0); requested Agility SDK 614; runtime 6.2.26100.8972 (C:\WINDOWS\SYSTEM32\D3D12Core.dll); driver 32.0.15.9186,false,2048,1129,assets/heightmaps/Hm_Terrain_Peking_513.png,547,547,80.000,12.000,20,0.250,0.100,200000,false,2,64,0.032,0.129,56.850,21.165,11.492,89.722,200000,455414,199998,14447,7328,14446,233838,200000,33704,4265,172629,0,75738,124262,26971,4266,0,0,0,8,100.484,96.877,93.144,5.201,2.183,22.168,0.000,0.000,6.247,25.324,0.000,0.000,0.000,0.000,0.000,25.323,0.449,1.237,0.331,0.014,5.814,14.286,0.000,8.738,23.282,3.545,0.000,1.411,12806640,0,41.286,24.351,8.738,0.000,20,0,0.000,Off,ModifiedOnly,0,0,0,0,0,0,false,0,0,0,1077,0,0,0,0,0,0,0,0,0,0,0,0.000,0.000,0.000,0.000,0.000,0.000,0.000,0.000,0.000,0.000,0.000,0.000,0.000,0.000,0.000,0.000,0.000,0.000,0.000,0.000
Data-Oriented CPU ROAM,data_oriented_cpu_roam,Release,D3D12,NVIDIA GeForce RTX 5090 D,Direct3D 12 (feature level 12_0); requested Agility SDK 614; runtime 6.2.26100.8972 (C:\WINDOWS\SYSTEM32\D3D12Core.dll); driver 32.0.15.9186,false,2048,1129,assets/heightmaps/Hm_Terrain_Peking_513.png,547,547,80.000,12.000,20,0.250,0.100,200000,false,3,64,0.048,0.227,55.423,21.690,17.096,97.522,200000,484810,199998,15418,7882,15418,234099,200000,33915,3895,186215,0,79523,120477,29269,3896,0,0,0,8,100.157,99.189,93.442,6.515,2.435,22.554,0.000,0.000,5.198,25.483,0.000,0.000,0.000,0.000,0.000,25.483,0.493,1.757,0.483,0.017,6.612,13.124,0.000,8.540,22.717,5.549,0.000,1.408,17877048,0,39.036,24.989,8.540,0.000,20,0,0.000,Off,ModifiedOnly,0,0,0,0,0,0,false,0,0,0,1327,0,0,0,0,0,0,0,0,0,0,0,0.000,0.000,0.000,0.000,0.000,0.000,0.000,0.000,0.000,0.000,0.000,0.000,0.000,0.000,0.000,0.000,0.000,0.000,0.000,0.000
Data-Oriented CPU ROAM,data_oriented_cpu_roam,Release,D3D12,NVIDIA GeForce RTX 5090 D,Direct3D 12 (feature level 12_0); requested Agility SDK 614; runtime 6.2.26100.8972 (C:\WINDOWS\SYSTEM32\D3D12Core.dll); driver 32.0.15.9186,false,2048,1129,assets/heightmaps/Hm_Terrain_Peking_513.png,547,547,80.000,12.000,20,0.250,0.100,200000,false,4,64,0.063,0.327,53.446,22.148,22.529,100.549,200000,516248,199998,16567,8420,16567,234303,200000,34123,4247,201322,0,83325,116675,29653,4248,0,0,0,8,293.727,116.511,111.493,8.783,4.247,27.955,0.000,0.000,8.564,29.235,0.000,0.000,0.000,0.000,0.000,29.235,0.358,2.237,1.072,0.029,8.465,15.730,0.000,9.066,23.643,4.764,0.000,1.265,18736032,0,47.479,32.202,9.066,0.000,20,0,0.000,Off,ModifiedOnly,0,0,0,0,0,0,false,0,0,0,1504,0,0,0,0,0,0,0,0,0,0,0,0.000,0.000,0.000,0.000,0.000,0.000,0.000,0.000,0.000,0.000,0.000,0.000,0.000,0.000,0.000,0.000,0.000,0.000,0.000,0.000
Data-Oriented CPU ROAM,data_oriented_cpu_roam,Release,D3D12,NVIDIA GeForce RTX 5090 D,Direct3D 12 (feature level 12_0); requested Agility SDK 614; runtime 6.2.26100.8972 (C:\WINDOWS\SYSTEM32\D3D12Core.dll); driver 32.0.15.9186,false,2048,1129,assets/heightmaps/Hm_Terrain_Peking_513.png,547,547,80.000,12.000,20,0.250,0.100,200000,false,5,64,0.079,0.444,50.937,22.520,27.739,117.170,200000,546298,199998,16457,8355,16457,234468,200000,34158,4077,196957,0,83134,116866,31538,4078,0,0,0,8,302.817,108.553,102.955,7.116,2.969,25.389,0.000,0.000,6.040,28.661,0.000,0.000,0.000,0.000,0.000,28.660,0.327,1.872,0.608,0.022,7.269,15.203,0.000,8.770,24.010,5.313,0.000,1.217,18690672,0,44.094,28.358,8.770,0.000,20,0,0.000,Off,ModifiedOnly,0,0,0,0,0,0,false,0,0,0,1459,0,0,0,0,0,0,0,0,0,0,0,0.000,0.000,0.000,0.000,0.000,0.000,0.000,0.000,0.000,0.000,0.000,0.000,0.000,0.000,0.000,0.000,0.000,0.000,0.000,0.000
Data-Oriented CPU ROAM,data_oriented_cpu_roam,Release,D3D12,NVIDIA GeForce RTX 5090 D,Direct3D 12 (feature level 12_0); requested Agility SDK 614; runtime 6.2.26100.8972 (C:\WINDOWS\SYSTEM32\D3D12Core.dll); driver 32.0.15.9186,false,2048,1129,assets/heightmaps/Hm_Terrain_Peking_513.png,547,547,80.000,12.000,20,0.250,0.100,200000,false,6,64,0.095,0.553,47.922,22.793,32.673,109.192,199999,574080,199997,15495,7849,15496,234509,199999,34113,4361,185690,0,82827,117172,33270,4362,0,0,0,8,100.275,99.070,93.239,7.180,3.228,18.884,0.000,0.000,5.208,24.579,0.000,0.000,0.000,0.000,0.000,24.579,0.354,1.200,0.354,0.022,4.870,12.065,0.000,8.586,25.575,5.535,0.000,1.181,18511416,0,38.762,22.112,8.586,0.000,20,0,0.000,Off,ModifiedOnly,0,0,0,0,0,0,false,0,0,0,1202,0,0,0,0,0,0,0,0,0,0,0,0.000,0.000,0.000,0.000,0.000,0.000,0.000,0.000,0.000,0.000,0.000,0.000,0.000,0.000,0.000,0.000,0.000,0.000,0.000,0.000
Data-Oriented CPU ROAM,data_oriented_cpu_roam,Release,D3D12,NVIDIA GeForce RTX 5090 D,Direct3D 12 (feature level 12_0); requested Agility SDK 614; runtime 6.2.26100.8972 (C:\WINDOWS\SYSTEM32\D3D12Core.dll); driver 32.0.15.9186,false,2048,1129,assets/heightmaps/Hm_Terrain_Peking_513.png,547,547,80.000,12.000,20,0.250,0.100,200000,false,7,64,0.111,0.653,44.431,22.954,37.282,99.823,200000,601646,199998,15838,8018,15837,234506,200000,34186,5332,191200,0,83781,116219,34583,5333,0,0,0,8,95.109,136.739,131.236,9.029,3.369,28.232,0.000,0.000,8.728,47.951,0.000,0.000,0.000,0.000,0.000,47.951,0.647,1.208,0.856,0.030,5.183,20.285,0.000,9.544,24.382,5.268,0.000,1.398,18885888,0,71.695,31.601,9.544,0.000,20,0,0.000,Off,ModifiedOnly,0,0,0,0,0,0,false,0,0,0,933,0,0,0,0,0,0,0,0,0,0,0,0.000,0.000,0.000,0.000,0.000,0.000,0.000,0.000,0.000,0.000,0.000,0.000,0.000,0.000,0.000,0.000,0.000,0.000,0.000,0.000
Data-Oriented CPU ROAM,data_oriented_cpu_roam,Release,D3D12,NVIDIA GeForce RTX 5090 D,Direct3D 12 (feature level 12_0); requested Agility SDK 614; runtime 6.2.26100.8972 (C:\WINDOWS\SYSTEM32\D3D12Core.dll); driver 32.0.15.9186,false,2048,1129,assets/heightmaps/Hm_Terrain_Peking_513.png,547,547,80.000,12.000,20,0.250,0.100,200000,false,8,64,0.127,0.791,40.498,22.999,41.520,137.451,200000,628588,199998,15915,8055,15915,234377,200000,34209,6104,186501,0,85641,114359,36003,6105,0,0,0,8,90.483,109.374,103.400,7.245,3.464,22.861,0.000,0.000,8.957,28.028,0.000,0.000,0.000,0.000,0.000,28.027,0.177,0.838,0.377,0.010,3.531,17.879,0.000,9.035,23.810,5.721,0.000,1.307,19157208,0,51.768,26.325,9.035,0.000,20,0,0.000,Off,ModifiedOnly,0,0,0,0,0,0,false,0,0,0,685,0,0,0,0,0,0,0,0,0,0,0,0.000,0.000,0.000,0.000,0.000,0.000,0.000,0.000,0.000,0.000,0.000,0.000,0.000,0.000,0.000,0.000,0.000,0.000,0.000,0.000
Data-Oriented CPU ROAM,data_oriented_cpu_roam,Release,D3D12,NVIDIA GeForce RTX 5090 D,Direct3D 12 (feature level 12_0); requested Agility SDK 614; runtime 6.2.26100.8972 (C:\WINDOWS\SYSTEM32\D3D12Core.dll); driver 32.0.15.9186,false,2048,1129,assets/heightmaps/Hm_Terrain_Peking_513.png,547,547,80.000,12.000,20,0.250,0.100,200000,false,9,64,0.143,0.901,36.162,22.925,45.346,110.060,199999,654504,199997,16018,8080,16019,234312,199999,34043,6626,186747,0,86781,113218,37062,6627,0,0,0,8,100.002,99.450,93.546,7.099,2.601,18.784,0.000,0.000,5.280,24.530,0.000,0.000,0.000,0.000,0.000,24.530,0.114,0.498,0.339,0.005,2.388,15.407,0.000,9.754,25.498,5.658,0.000,1.171,19643904,0,43.791,21.385,9.754,0.000,20,0,0.000,Off,ModifiedOnly,0,0,0,0,0,0,false,0,0,0,503,0,0,0,0,0,0,0,0,0,0,0,0.000,0.000,0.000,0.000,0.000,0.000,0.000,0.000,0.000,0.000,0.000,0.000,0.000,0.000,0.000,0.000,0.000,0.000,0.000,0.000
Data-Oriented CPU ROAM,data_oriented_cpu_roam,Release,D3D12,NVIDIA GeForce RTX 5090 D,Direct3D 12 (feature level 12_0); requested Agility SDK 614; runtime 6.2.26100.8972 (C:\WINDOWS\SYSTEM32\D3D12Core.dll); driver 32.0.15.9186,false,2048,1129,assets/heightmaps/Hm_Terrain_Peking_513.png,547,547,80.000,12.000,20,0.250,0.100,200000,false,10,64,0.159,1.001,31.468,22.735,48.722,100.130,199999,678774,199997,15560,7909,15560,234065,199999,33860,6826,183159,0,86217,113782,37828,6827,0,0,0,8,192.285,119.383,113.555,6.839,3.219,20.330,0.000,0.000,7.538,25.718,0.000,0.000,0.000,0.000,0.000,25.718,0.107,0.577,0.188,0.003,1.636,17.797,0.000,9.555,40.354,5.575,0.000,1.157,19584936,0,49.625,23.549,9.555,0.000,20,0,0.000,Off,ModifiedOnly,0,0,0,0,0,0,false,0,0,0,366,0,0,0,0,0,0,0,0,0,0,0,0.000,0.000,0.000,0.000,0.000,0.000,0.000,0.000,0.000,0.000,0.000,0.000,0.000,0.000,0.000,0.000,0.000,0.000,0.000,0.000
Data-Oriented CPU ROAM,data_oriented_cpu_roam,Release,D3D12,NVIDIA GeForce RTX 5090 D,Direct3D 12 (feature level 12_0); requested Agility SDK 614; runtime 6.2.26100.8972 (C:\WINDOWS\SYSTEM32\D3D12Core.dll); driver 32.0.15.9186,false,2048,1129,assets/heightmaps/Hm_Terrain_Peking_513.png,547,547,80.000,12.000,20,0.250,0.100,200000,false,11,64,0.175,1.121,26.460,22.436,51.613,120.071,199999,700210,199997,14268,7308,14268,233867,199999,33755,6101,168557,0,84332,115667,38651,6102,0,0,0,8,203.042,105.798,99.809,6.550,2.399,19.954,0.000,0.000,7.481,25.994,0.000,0.000,0.000,0.000,0.000,25.994,0.110,0.562,0.119,0.011,1.885,17.246,0.000,10.028,27.402,5.713,0.000,1.130,19488504,0,49.778,22.353,10.028,0.000,20,0,0.000,Off,ModifiedOnly,0,0,0,0,0,0,false,0,0,0,436,0,0,0,0,0,0,0,0,0,0,0,0.000,0.000,0.000,0.000,0.000,0.000,0.000,0.000,0.000,0.000,0.000,0.000,0.000,0.000,0.000,0.000,0.000,0.000,0.000,0.000
Data-Oriented CPU ROAM,data_oriented_cpu_roam,Release,D3D12,NVIDIA GeForce RTX 5090 D,Direct3D 12 (feature level 12_0); requested Agility SDK 614; runtime 6.2.26100.8972 (C:\WINDOWS\SYSTEM32\D3D12Core.dll); driver 32.0.15.9186,false,2048,1129,assets/heightmaps/Hm_Terrain_Peking_513.png,547,547,80.000,12.000,20,0.250,0.100,200000,false,12,64,0.190,1.227,21.190,22.041,53.991,106.479,199999,721236,199997,14417,7364,14417,233927,199999,33700,5594,171473,0,80693,119306,38350,5595,0,0,0,8,90.047,111.469,103.344,6.863,2.750,20.383,0.000,0.000,8.000,24.601,0.000,0.000,0.000,0.000,0.000,24.600,0.161,0.923,0.224,0.010,2.803,16.233,0.000,8.844,31.904,7.288,0.000,1.130,19100928,0,46.751,23.133,8.844,0.000,20,0,0.000,Off,ModifiedOnly,0,0,0,0,0,0,false,0,0,0,581,0,0,0,0,0,0,0,0,0,0,0,0.000,0.000,0.000,0.000,0.000,0.000,0.000,0.000,0.000,0.000,0.000,0.000,0.000,0.000,0.000,0.000,0.000,0.000,0.000,0.000
Data-Oriented CPU ROAM,data_oriented_cpu_roam,Release,D3D12,NVIDIA GeForce RTX 5090 D,Direct3D 12 (feature level 12_0); requested Agility SDK 614; runtime 6.2.26100.8972 (C:\WINDOWS\SYSTEM32\D3D12Core.dll); driver 32.0.15.9186,false,2048,1129,assets/heightmaps/Hm_Terrain_Peking_513.png,547,547,80.000,12.000,20,0.250,0.100,200000,false,13,64,0.206,1.340,15.709,21.564,55.832,112.328,199999,744268,199997,15276,7779,15276,233842,199999,33642,5758,179058,0,82550,117449,39222,5759,0,0,0,8,208.552,103.191,97.191,7.167,2.661,20.979,0.000,0.000,6.995,24.274,0.000,0.000,0.000,0.000,0.000,24.274,0.187,0.786,0.356,0.018,3.259,16.337,0.000,9.480,25.635,5.748,0.000,1.139,18647832,0,44.926,23.640,9.480,0.000,20,0,0.000,Off,ModifiedOnly,0,0,0,0,0,0,false,0,0,0,656,0,0,0,0,0,0,0,0,0,0,0,0.000,0.000,0.000,0.000,0.000,0.000,0.000,0.000,0.000,0.000,0.000,0.000,0.000,0.000,0.000,0.000,0.000,0.000,0.000,0.000
Data-Oriented CPU ROAM,data_oriented_cpu_roam,Release,D3D12,NVIDIA GeForce RTX 5090 D,Direct3D 12 (feature level 12_0); requested Agility SDK 614; runtime 6.2.26100.8972 (C:\WINDOWS\SYSTEM32\D3D12Core.dll); driver 32.0.15.9186,false,2048,1129,assets/heightmaps/Hm_Terrain_Peking_513.png,547,547,80.000,12.000,20,0.250,0.100,200000,false,14,64,0.222,1.444,10.072,21.026,57.119,103.868,200000,769730,199998,16363,8378,16362,233906,200000,33573,6036,192180,0,86612,113388,40088,6037,0,0,0,8,104.153,110.868,104.748,7.100,2.977,22.761,0.000,0.000,7.628,26.671,0.000,0.000,0.000,0.000,0.000,26.670,0.199,1.192,0.211,0.011,3.260,17.860,0.000,10.685,26.927,5.808,0.000,1.170,19326216,0,48.809,25.738,10.685,0.000,20,0,0.000,Off,ModifiedOnly,0,0,0,0,0,0,false,0,0,0,701,0,0,0,0,0,0,0,0,0,0,0,0.000,0.000,0.000,0.000,0.000,0.000,0.000,0.000,0.000,0.000,0.000,0.000,0.000,0.000,0.000,0.000,0.000,0.000,0.000,0.000
Data-Oriented CPU ROAM,data_oriented_cpu_roam,Release,D3D12,NVIDIA GeForce RTX 5090 D,Direct3D 12 (feature level 12_0); requested Agility SDK 614; runtime 6.2.26100.8972 (C:\WINDOWS\SYSTEM32\D3D12Core.dll); driver 32.0.15.9186,false,2048,1129,assets/heightmaps/Hm_Terrain_Peking_513.png,547,547,80.000,12.000,20,0.250,0.100,200000,false,15,64,0.238,1.555,4.334,20.447,57.838,111.541,200000,795432,199998,16599,8406,16599,233653,200000,33436,5789,194161,0,86890,113110,39939,5790,0,0,0,8,95.213,104.435,98.253,7.150,2.731,20.626,0.000,0.000,5.134,25.626,0.000,0.000,0.000,0.000,0.000,25.626,0.174,0.828,0.301,0.011,3.423,15.873,0.000,9.801,27.185,5.926,0.000,1.145,19491024,0,44.141,23.356,9.801,0.000,20,0,0.000,Off,ModifiedOnly,0,0,0,0,0,0,false,0,0,0,865,0,0,0,0,0,0,0,0,0,0,0,0.000,0.000,0.000,0.000,0.000,0.000,0.000,0.000,0.000,0.000,0.000,0.000,0.000,0.000,0.000,0.000,0.000,0.000,0.000,0.000
Data-Oriented CPU ROAM,data_oriented_cpu_roam,Release,D3D12,NVIDIA GeForce RTX 5090 D,Direct3D 12 (feature level 12_0); requested Agility SDK 614; runtime 6.2.26100.8972 (C:\WINDOWS\SYSTEM32\D3D12Core.dll); driver 32.0.15.9186,false,2048,1129,assets/heightmaps/Hm_Terrain_Peking_513.png,547,547,80.000,12.000,20,0.250,0.100,200000,false,16,64,0.254,1.660,-1.446,19.850,57.982,105.106,200000,821502,199998,15791,7902,15791,233701,200000,33502,5325,187246,0,83257,116743,39265,5326,0,0,0,8,200.901,114.859,108.688,7.074,2.814,23.295,0.000,0.000,8.717,29.646,0.000,0.000,0.000,0.000,0.000,29.646,0.309,1.217,0.671,0.024,4.736,16.284,0.000,10.524,26.616,5.930,0.000,1.132,18874800,0,50.923,26.109,10.524,0.000,20,0,0.000,Off,ModifiedOnly,0,0,0,0,0,0,false,0,0,0,1001,0,0,0,0,0,0,0,0,0,0,0,0.000,0.000,0.000,0.000,0.000,0.000,0.000,0.000,0.000,0.000,0.000,0.000,0.000,0.000,0.000,0.000,0.000,0.000,0.000,0.000
Data-Oriented CPU ROAM,data_oriented_cpu_roam,Release,D3D12,NVIDIA GeForce RTX 5090 D,Direct3D 12 (feature level 12_0); requested Agility SDK 614; runtime 6.2.26100.8972 (C:\WINDOWS\SYSTEM32\D3D12Core.dll); driver 32.0.15.9186,false,2048,1129,assets/heightmaps/Hm_Terrain_Peking_513.png,547,547,80.000,12.000,20,0.250,0.100,200000,false,17,64,0.270,1.776,-7.212,19.260,57.550,115.558,199999,846070,199997,14260,7191,14261,233539,199999,33436,5210,166515,0,78282,121717,38545,5211,0,0,0,8,97.462,101.870,95.986,6.704,2.441,19.771,0.000,0.000,7.294,24.297,0.000,0.000,0.000,0.000,0.000,24.297,0.153,0.798,0.240,0.007,3.546,15.003,0.000,9.183,26.296,5.633,0.000,0.975,18479664,0,43.632,22.212,9.183,0.000,20,0,0.000,Off,ModifiedOnly,0,0,0,0,0,0,false,0,0,0,777,0,0,0,0,0,0,0,0,0,0,0,0.000,0.000,0.000,0.000,0.000,0.000,0.000,0.000,0.000,0.000,0.000,0.000,0.000,0.000,0.000,0.000,0.000,0.000,0.000,0.000
Data-Oriented CPU ROAM,data_oriented_cpu_roam,Release,D3D12,NVIDIA GeForce RTX 5090 D,Direct3D 12 (feature level 12_0); requested Agility SDK 614; runtime 6.2.26100.8972 (C:\WINDOWS\SYSTEM32\D3D12Core.dll); driver 32.0.15.9186,false,2048,1129,assets/heightmaps/Hm_Terrain_Peking_513.png,547,547,80.000,12.000,20,0.250,0.100,200000,false,18,64,0.286,1.878,-12.906,18.698,56.546,102.577,199999,870460,199997,14978,7677,14978,233749,199999,33646,4655,178438,0,77956,122043,38959,4656,0,0,0,8,110.506,104.572,98.772,6.943,3.209,22.263,0.000,0.000,5.943,24.133,0.000,0.000,0.000,0.000,0.000,24.133,0.372,1.054,0.253,0.014,4.437,16.087,0.000,10.052,26.229,5.550,0.000,1.243,17998344,0,40.771,25.472,10.052,0.000,20,0,0.000,Off,ModifiedOnly,0,0,0,0,0,0,false,0,0,0,981,0,0,0,0,0,0,0,0,0,0,0,0.000,0.000,0.000,0.000,0.000,0.000,0.000,0.000,0.000,0.000,0.000,0.000,0.000,0.000,0.000,0.000,0.000,0.000,0.000,0.000
Data-Oriented CPU ROAM,data_oriented_cpu_roam,Release,D3D12,NVIDIA GeForce RTX 5090 D,Direct3D 12 (feature level 12_0); requested Agility SDK 614; runtime 6.2.26100.8972 (C:\WINDOWS\SYSTEM32\D3D12Core.dll); driver 32.0.15.9186,false,2048,1129,assets/heightmaps/Hm_Terrain_Peking_513.png,547,547,80.000,12.000,20,0.250,0.100,200000,false,19,64,0.302,1.984,-18.472,18.189,54.980,105.278,199999,898434,199997,17882,9187,17882,233762,199999,33511,4651,209135,0,82122,117877,39431,4652,0,0,0,8,102.010,113.004,106.972,6.859,3.104,27.375,0.000,0.000,5.435,28.480,0.000,0.000,0.000,0.000,0.000,28.479,0.393,2.026,0.377,0.047,8.300,16.165,0.000,9.336,26.384,5.738,0.000,1.155,18583320,0,44.766,30.479,9.336,0.000,20,0,0.000,Off,ModifiedOnly,0,0,0,0,0,0,false,0,0,0,1569,0,0,0,0,0,0,0,0,0,0,0,0.000,0.000,0.000,0.000,0.000,0.000,0.000,0.000,0.000,0.000,0.000,0.000,0.000,0.000,0.000,0.000,0.000,0.000,0.000,0.000
Data-Oriented CPU ROAM,data_oriented_cpu_roam,Release,D3D12,NVIDIA GeForce RTX 5090 D,Direct3D 12 (feature level 12_0); requested Agility SDK 614; runtime 6.2.26100.8972 (C:\WINDOWS\SYSTEM32\D3D12Core.dll); driver 32.0.15.9186,false,2048,1129,assets/heightmaps/Hm_Terrain_Peking_513.png,547,547,80.000,12.000,20,0.250,0.100,200000,false,20,64,0.317,2.097,-23.855,17.751,52.867,113.690,200000,926158,199998,18332,9248,18331,233865,200000,33486,4625,213964,0,84742,115258,40404,4626,0,0,0,8,108.159,136.043,129.799,6.843,2.854,27.328,0.000,0.000,6.164,47.907,0.000,0.000,0.000,0.000,0.000,47.906,0.316,1.943,0.498,0.028,7.323,17.131,0.000,10.328,28.376,5.978,0.000,1.111,18844728,0,64.868,30.182,10.328,0.000,20,0,0.000,Off,ModifiedOnly,0,0,0,0,0,0,false,0,0,0,1577,0,0,0,0,0,0,0,0,0,0,0,0.000,0.000,0.000,0.000,0.000,0.000,0.000,0.000,0.000,0.000,0.000,0.000,0.000,0.000,0.000,0.000,0.000,0.000,0.000,0.000
Data-Oriented CPU ROAM,data_oriented_cpu_roam,Release,D3D12,NVIDIA GeForce RTX 5090 D,Direct3D 12 (feature level 12_0); requested Agility SDK 614; runtime 6.2.26100.8972 (C:\WINDOWS\SYSTEM32\D3D12Core.dll); driver 32.0.15.9186,false,2048,1129,assets/heightmaps/Hm_Terrain_Peking_513.png,547,547,80.000,12.000,20,0.250,0.100,200000,false,21,64,0.333,2.234,-29.000,17.402,50.229,136.744,200000,953204,199998,17663,8905,17663,233812,200000,33461,4484,205883,0,88045,111955,41216,4485,0,0,0,8,97.465,118.256,112.006,6.967,3.329,26.739,0.000,0.000,6.018,27.864,0.000,0.000,0.000,0.000,0.000,27.863,0.290,1.899,0.566,0.032,7.224,16.634,0.000,10.639,30.451,5.985,0.000,1.172,19231632,0,44.067,30.068,10.639,0.000,20,0,0.000,Off,ModifiedOnly,0,0,0,0,0,0,false,0,0,0,1464,0,0,0,0,0,0,0,0,0,0,0,0.000,0.000,0.000,0.000,0.000,0.000,0.000,0.000,0.000,0.000,0.000,0.000,0.000,0.000,0.000,0.000,0.000,0.000,0.000,0.000
Data-Oriented CPU ROAM,data_oriented_cpu_roam,Release,D3D12,NVIDIA GeForce RTX 5090 D,Direct3D 12 (feature level 12_0); requested Agility SDK 614; runtime 6.2.26100.8972 (C:\WINDOWS\SYSTEM32\D3D12Core.dll); driver 32.0.15.9186,false,2048,1129,assets/heightmaps/Hm_Terrain_Peking_513.png,547,547,80.000,12.000,20,0.250,0.100,200000,false,22,64,0.349,2.353,-33.857,17.156,47.092,118.947,200000,977174,199998,16479,8341,16479,233794,200000,33453,4891,191498,0,88790,111210,41695,4892,0,0,0,8,227.576,109.338,102.654,7.197,2.746,22.716,0.000,0.000,5.866,26.338,0.000,0.000,0.000,0.000,0.000,26.337,0.214,1.118,0.660,0.018,4.770,15.900,0.000,10.253,27.538,6.300,0.000,1.152,19602408,0,43.183,25.463,10.253,0.000,20,0,0.000,Off,ModifiedOnly,0,0,0,0,0,0,false,0,0,0,1104,0,0,0,0,0,0,0,0,0,0,0,0.000,0.000,0.000,0.000,0.000,0.000,0.000,0.000,0.000,0.000,0.000,0.000,0.000,0.000,0.000,0.000,0.000,0.000,0.000,0.000
Data-Oriented CPU ROAM,data_oriented_cpu_roam,Release,D3D12,NVIDIA GeForce RTX 5090 D,Direct3D 12 (feature level 12_0); requested Agility SDK 614; runtime 6.2.26100.8972 (C:\WINDOWS\SYSTEM32\D3D12Core.dll); driver 32.0.15.9186,false,2048,1129,assets/heightmaps/Hm_Terrain_Peking_513.png,547,547,80.000,12.000,20,0.250,0.100,200000,false,23,64,0.365,2.463,-38.378,17.023,43.487,110.068,200000,999934,199998,16180,8200,16180,233726,200000,33430,5466,187097,0,84433,115567,41472,5467,0,0,0,8,275.257,113.914,107.637,7.740,3.706,24.084,0.000,0.000,7.822,26.680,0.000,0.000,0.000,0.000,0.000,26.680,0.205,0.876,0.387,0.007,4.225,18.301,0.000,9.661,27.943,6.012,0.000,1.153,19796784,0,47.643,27.790,9.661,0.000,20,0,0.000,Off,ModifiedOnly,0,0,0,0,0,0,false,0,0,0,849,0,0,0,0,0,0,0,0,0,0,0,0.000,0.000,0.000,0.000,0.000,0.000,0.000,0.000,0.000,0.000,0.000,0.000,0.000,0.000,0.000,0.000,0.000,0.000,0.000,0.000
Data-Oriented CPU ROAM,data_oriented_cpu_roam,Release,D3D12,NVIDIA GeForce RTX 5090 D,Direct3D 12 (feature level 12_0); requested Agility SDK 614; runtime 6.2.26100.8972 (C:\WINDOWS\SYSTEM32\D3D12Core.dll); driver 32.0.15.9186,false,2048,1129,assets/heightmaps/Hm_Terrain_Peking_513.png,547,547,80.000,12.000,20,0.250,0.100,200000,false,24,64,0.381,2.578,-42.517,17.008,39.450,114.622,199999,1022568,199997,16673,8500,16674,233573,199999,33390,6362,189199,0,84249,115750,41785,6363,0,0,0,8,215.511,107.744,101.283,7.689,3.367,21.386,0.000,0.000,6.186,26.017,0.000,0.000,0.000,0.000,0.000,26.017,0.145,0.680,0.281,0.014,3.339,16.903,0.000,10.135,26.501,6.194,0.000,1.122,19635672,0,46.757,24.754,10.135,0.000,20,0,0.000,Off,ModifiedOnly,0,0,0,0,0,0,false,0,0,0,671,0,0,0,0,0,0,0,0,0,0,0,0.000,0.000,0.000,0.000,0.000,0.000,0.000,0.000,0.000,0.000,0.000,0.000,0.000,0.000,0.000,0.000,0.000,0.000,0.000,0.000
Data-Oriented CPU ROAM,data_oriented_cpu_roam,Release,D3D12,NVIDIA GeForce RTX 5090 D,Direct3D 12 (feature level 12_0); requested Agility SDK 614; runtime 6.2.26100.8972 (C:\WINDOWS\SYSTEM32\D3D12Core.dll); driver 32.0.15.9186,false,2048,1129,assets/heightmaps/Hm_Terrain_Peking_513.png,547,547,80.000,12.000,20,0.250,0.100,200000,false,25,64,0.397,2.686,-46.234,17.112,35.021,108.458,200000,1046028,199998,17828,8998,17827,233647,200000,33468,6324,205977,0,87295,112705,42331,6325,0,0,0,8,199.432,116.491,109.459,7.088,2.561,24.703,0.000,0.000,7.918,29.003,0.000,0.000,0.000,0.000,0.000,29.003,0.236,1.079,0.595,0.027,4.224,18.501,0.000,11.086,27.100,6.757,0.000,1.245,19769568,0,51.228,27.264,11.086,0.000,20,0,0.000,Off,ModifiedOnly,0,0,0,0,0,0,false,0,0,0,923,0,0,0,0,0,0,0,0,0,0,0,0.000,0.000,0.000,0.000,0.000,0.000,0.000,0.000,0.000,0.000,0.000,0.000,0.000,0.000,0.000,0.000,0.000,0.000,0.000,0.000
Data-Oriented CPU ROAM,data_oriented_cpu_roam,Release,D3D12,NVIDIA GeForce RTX 5090 D,Direct3D 12 (feature level 12_0); requested Agility SDK 614; runtime 6.2.26100.8972 (C:\WINDOWS\SYSTEM32\D3D12Core.dll); driver 32.0.15.9186,false,2048,1129,assets/heightmaps/Hm_Terrain_Peking_513.png,547,547,80.000,12.000,20,0.250,0.100,200000,false,26,64,0.413,2.803,-49.491,17.330,30.243,117.172,199999,1069756,199997,16791,8506,16792,233746,199999,33511,5338,196884,0,87813,112186,42675,5339,0,0,0,8,142.841,115.813,109.166,7.172,3.174,25.349,0.000,0.000,8.360,27.718,0.000,0.000,0.000,0.000,0.000,27.717,0.264,1.444,0.392,0.025,5.225,17.921,0.000,10.514,26.878,6.378,0.000,1.199,19796112,0,48.118,28.523,10.514,0.000,20,0,0.000,Off,ModifiedOnly,0,0,0,0,0,0,false,0,0,0,1002,0,0,0,0,0,0,0,0,0,0,0,0.000,0.000,0.000,0.000,0.000,0.000,0.000,0.000,0.000,0.000,0.000,0.000,0.000,0.000,0.000,0.000,0.000,0.000,0.000,0.000
Data-Oriented CPU ROAM,data_oriented_cpu_roam,Release,D3D12,NVIDIA GeForce RTX 5090 D,Direct3D 12 (feature level 12_0); requested Agility SDK 614; runtime 6.2.26100.8972 (C:\WINDOWS\SYSTEM32\D3D12Core.dll); driver 32.0.15.9186,false,2048,1129,assets/heightmaps/Hm_Terrain_Peking_513.png,547,547,80.000,12.000,20,0.250,0.100,200000,false,27,64,0.429,2.920,-52.256,17.655,25.165,116.464,200000,1091344,199998,15043,7638,15042,233816,200000,33487,5045,178553,0,85053,114947,42455,5046,0,0,0,8,305.863,108.429,101.942,6.908,3.095,21.624,0.000,0.000,6.486,26.444,0.000,0.000,0.000,0.000,0.000,26.444,0.315,1.175,0.227,0.014,4.026,15.836,0.000,9.605,27.779,6.210,0.000,1.125,19625592,0,45.032,24.719,9.605,0.000,20,0,0.000,Off,ModifiedOnly,0,0,0,0,0,0,false,0,0,0,859,0,0,0,0,0,0,0,0,0,0,0,0.000,0.000,0.000,0.000,0.000,0.000,0.000,0.000,0.000,0.000,0.000,0.000,0.000,0.000,0.000,0.000,0.000,0.000,0.000,0.000
Data-Oriented CPU ROAM,data_oriented_cpu_roam,Release,D3D12,NVIDIA GeForce RTX 5090 D,Direct3D 12 (feature level 12_0); requested Agility SDK 614; runtime 6.2.26100.8972 (C:\WINDOWS\SYSTEM32\D3D12Core.dll); driver 32.0.15.9186,false,2048,1129,assets/heightmaps/Hm_Terrain_Peking_513.png,547,547,80.000,12.000,20,0.250,0.100,200000,false,28,64,0.444,3.029,-54.502,18.072,19.837,109.118,200000,1111498,199998,14210,7226,14210,233767,200000,33478,5006,167899,0,80993,119007,42668,5007,0,0,0,8,407.538,106.075,99.454,7.013,2.637,20.782,0.000,0.000,8.299,24.862,0.000,0.000,0.000,0.000,0.000,24.862,0.257,0.981,0.250,0.012,3.968,15.290,0.000,9.180,26.681,6.342,0.000,1.107,19059600,0,45.380,23.419,9.180,0.000,20,0,0.000,Off,ModifiedOnly,0,0,0,0,0,0,false,0,0,0,768,0,0,0,0,0,0,0,0,0,0,0,0.000,0.000,0.000,0.000,0.000,0.000,0.000,0.000,0.000,0.000,0.000,0.000,0.000,0.000,0.000,0.000,0.000,0.000,0.000,0.000
Data-Oriented CPU ROAM,data_oriented_cpu_roam,Release,D3D12,NVIDIA GeForce RTX 5090 D,Direct3D 12 (feature level 12_0); requested Agility SDK 614; runtime 6.2.26100.8972 (C:\WINDOWS\SYSTEM32\D3D12Core.dll); driver 32.0.15.9186,false,2048,1129,assets/heightmaps/Hm_Terrain_Peking_513.png,547,547,80.000,12.000,20,0.250,0.100,200000,false,29,64,0.460,3.136,-56.206,18.565,14.312,106.749,199999,1133262,199997,15383,7855,15384,233713,199999,33578,5608,181887,0,83043,116956,43363,5609,0,0,0,8,94.518,105.577,98.967,6.845,2.606,20.718,0.000,0.000,6.054,25.911,0.000,0.000,0.000,0.000,0.000,25.910,0.206,0.877,0.236,0.014,3.649,15.707,0.000,9.987,26.846,6.341,0.000,1.110,19075896,0,45.224,23.324,9.987,0.000,20,0,0.000,Off,ModifiedOnly,0,0,0,0,0,0,false,0,0,0,742,0,0,0,0,0,0,0,0,0,0,0,0.000,0.000,0.000,0.000,0.000,0.000,0.000,0.000,0.000,0.000,0.000,0.000,0.000,0.000,0.000,0.000,0.000,0.000,0.000,0.000
Data-Oriented CPU ROAM,data_oriented_cpu_roam,Release,D3D12,NVIDIA GeForce RTX 5090 D,Direct3D 12 (feature level 12_0); requested Agility SDK 614; runtime 6.2.26100.8972 (C:\WINDOWS\SYSTEM32\D3D12Core.dll); driver 32.0.15.9186,false,2048,1129,assets/heightmaps/Hm_Terrain_Peking_513.png,547,547,80.000,12.000,20,0.250,0.100,200000,false,30,64,0.476,3.242,-57.352,19.116,8.644,106.265,200000,1154886,199998,15689,8012,15688,233763,200000,33514,5884,183433,0,85931,114069,43881,5885,0,0,0,8,194.471,118.831,112.258,7.080,2.890,22.027,0.000,0.000,9.331,27.237,0.000,0.000,0.000,0.000,0.000,27.237,0.147,0.744,0.272,0.020,3.252,17.550,0.000,10.289,33.403,6.298,0.000,1.119,19502784,0,51.085,24.917,10.289,0.000,20,0,0.000,Off,ModifiedOnly,0,0,0,0,0,0,false,0,0,0,681,0,0,0,0,0,0,0,0,0,0,0,0.000,0.000,0.000,0.000,0.000,0.000,0.000,0.000,0.000,0.000,0.000,0.000,0.000,0.000,0.000,0.000,0.000,0.000,0.000,0.000
Data-Oriented CPU ROAM,data_oriented_cpu_roam,Release,D3D12,NVIDIA GeForce RTX 5090 D,Direct3D 12 (feature level 12_0); requested Agility SDK 614; runtime 6.2.26100.8972 (C:\WINDOWS\SYSTEM32\D3D12Core.dll); driver 32.0.15.9186,false,2048,1129,assets/heightmaps/Hm_Terrain_Peking_513.png,547,547,80.000,12.000,20,0.250,0.100,200000,false,31,64,0.492,3.362,-57.928,19.701,2.891,119.516,199999,1175786,199997,15793,8073,15794,233678,199999,33607,6193,185148,0,86339,113660,43851,6194,0,0,0,8,209.551,110.908,104.165,6.920,2.492,21.893,0.000,0.000,8.046,27.468,0.000,0.000,0.000,0.000,0.000,27.468,0.163,0.624,0.472,0.020,2.965,17.624,0.000,9.917,27.429,6.470,0.000,1.160,19559400,0,50.784,24.385,9.917,0.000,20,0,0.000,Off,ModifiedOnly,0,0,0,0,0,0,false,0,0,0,608,0,0,0,0,0,0,0,0,0,0,0,0.000,0.000,0.000,0.000,0.000,0.000,0.000,0.000,0.000,0.000,0.000,0.000,0.000,0.000,0.000,0.000,0.000,0.000,0.000,0.000
Data-Oriented CPU ROAM,data_oriented_cpu_roam,Release,D3D12,NVIDIA GeForce RTX 5090 D,Direct3D 12 (feature level 12_0); requested Agility SDK 614; runtime 6.2.26100.8972 (C:\WINDOWS\SYSTEM32\D3D12Core.dll); driver 32.0.15.9186,false,2048,1129,assets/heightmaps/Hm_Terrain_Peking_513.png,547,547,80.000,12.000,20,0.250,0.100,200000,false,32,64,0.508,3.473,-57.928,20.299,-2.891,111.590,200000,1194614,199998,14594,7357,14593,233820,200000,33522,6051,172138,0,81508,118492,43309,6052,0,0,0,8,213.419,108.873,102.255,7.123,2.746,21.194,0.000,0.000,7.702,26.368,0.000,0.000,0.000,0.000,0.000,26.367,0.115,0.674,0.371,0.011,2.384,17.622,0.000,9.793,27.329,6.323,0.000,1.121,18911256,0,50.082,23.940,9.793,0.000,20,0,0.000,Off,ModifiedOnly,0,0,0,0,0,0,false,0,0,0,513,0,0,0,0,0,0,0,0,0,0,0,0.000,0.000,0.000,0.000,0.000,0.000,0.000,0.000,0.000,0.000,0.000,0.000,0.000,0.000,0.000,0.000,0.000,0.000,0.000,0.000
Data-Oriented CPU ROAM,data_oriented_cpu_roam,Release,D3D12,NVIDIA GeForce RTX 5090 D,Direct3D 12 (feature level 12_0); requested Agility SDK 614; runtime 6.2.26100.8972 (C:\WINDOWS\SYSTEM32\D3D12Core.dll); driver 32.0.15.9186,false,2048,1129,assets/heightmaps/Hm_Terrain_Peking_513.png,547,547,80.000,12.000,20,0.250,0.100,200000,false,33,64,0.524,3.583,-57.352,20.884,-8.644,109.561,199999,1213460,199997,13300,6742,13301,233675,199999,33602,5335,156935,0,76551,123448,42483,5336,0,0,0,8,233.045,100.366,93.651,6.953,2.655,17.991,0.000,0.000,7.393,23.052,0.000,0.000,0.000,0.000,0.000,23.051,0.193,0.498,0.562,0.010,2.329,14.378,0.000,8.956,26.650,6.452,0.000,1.102,18232704,0,43.170,20.646,8.956,0.000,20,0,0.000,Off,ModifiedOnly,0,0,0,0,0,0,false,0,0,0,460,0,0,0,0,0,0,0,0,0,0,0,0.000,0.000,0.000,0.000,0.000,0.000,0.000,0.000,0.000,0.000,0.000,0.000,0.000,0.000,0.000,0.000,0.000,0.000,0.000,0.000
Data-Oriented CPU ROAM,data_oriented_cpu_roam,Release,D3D12,NVIDIA GeForce RTX 5090 D,Direct3D 12 (feature level 12_0); requested Agility SDK 614; runtime 6.2.26100.8972 (C:\WINDOWS\SYSTEM32\D3D12Core.dll); driver 32.0.15.9186,false,2048,1129,assets/heightmaps/Hm_Terrain_Peking_513.png,547,547,80.000,12.000,20,0.250,0.100,200000,false,34,64,0.540,3.684,-56.206,21.435,-14.312,101.025,200000,1232534,199998,15231,7719,15230,233785,200000,33541,3788,180958,0,78255,121745,41829,3789,0,0,0,8,209.004,110.847,104.433,6.966,2.801,25.018,0.000,0.000,6.419,26.664,0.000,0.000,0.000,0.000,0.000,26.664,0.261,1.907,0.332,0.018,7.551,14.885,0.000,8.762,27.803,6.136,0.000,1.270,17918544,0,41.996,27.819,8.762,0.000,20,0,0.000,Off,ModifiedOnly,0,0,0,0,0,0,false,0,0,0,1374,0,0,0,0,0,0,0,0,0,0,0,0.000,0.000,0.000,0.000,0.000,0.000,0.000,0.000,0.000,0.000,0.000,0.000,0.000,0.000,0.000,0.000,0.000,0.000,0.000,0.000
Data-Oriented CPU ROAM,data_oriented_cpu_roam,Release,D3D12,NVIDIA GeForce RTX 5090 D,Direct3D 12 (feature level 12_0); requested Agility SDK 614; runtime 6.2.26100.8972 (C:\WINDOWS\SYSTEM32\D3D12Core.dll); driver 32.0.15.9186,false,2048,1129,assets/heightmaps/Hm_Terrain_Peking_513.png,547,547,80.000,12.000,20,0.250,0.100,200000,false,35,64,0.556,3.795,-54.502,21.928,-19.837,111.523,200000,1250618,199998,15164,7716,15164,233892,200000,33657,3973,181950,0,79605,120395,42015,3974,0,0,0,8,104.072,111.325,104.880,7.175,3.056,24.675,0.000,0.000,6.424,26.585,0.000,0.000,0.000,0.000,0.000,26.585,0.268,1.993,0.378,0.022,7.005,14.943,0.000,9.680,27.283,6.181,0.000,1.247,18109728,0,42.259,27.731,9.680,0.000,20,0,0.000,Off,ModifiedOnly,0,0,0,0,0,0,false,0,0,0,1297,0,0,0,0,0,0,0,0,0,0,0,0.000,0.000,0.000,0.000,0.000,0.000,0.000,0.000,0.000,0.000,0.000,0.000,0.000,0.000,0.000,0.000,0.000,0.000,0.000,0.000
Data-Oriented CPU ROAM,data_oriented_cpu_roam,Release,D3D12,NVIDIA GeForce RTX 5090 D,Direct3D 12 (feature level 12_0); requested Agility SDK 614; runtime 6.2.26100.8972 (C:\WINDOWS\SYSTEM32\D3D12Core.dll); driver 32.0.15.9186,false,2048,1129,assets/heightmaps/Hm_Terrain_Peking_513.png,547,547,80.000,12.000,20,0.250,0.100,200000,false,36,64,0.571,3.907,-52.256,22.345,-25.165,111.998,200000,1272354,199998,15904,8086,15904,233998,200000,33737,3922,190106,0,78903,121097,41697,3923,0,0,0,8,105.274,110.090,103.680,7.266,3.650,22.394,0.000,0.000,5.899,26.748,0.000,0.000,0.000,0.000,0.000,26.748,0.367,1.849,0.699,0.026,5.916,13.510,0.000,10.332,27.390,6.148,0.000,1.159,18196920,0,41.694,26.044,10.332,0.000,20,0,0.000,Off,ModifiedOnly,0,0,0,0,0,0,false,0,0,0,1366,0,0,0,0,0,0,0,0,0,0,0,0.000,0.000,0.000,0.000,0.000,0.000,0.000,0.000,0.000,0.000,0.000,0.000,0.000,0.000,0.000,0.000,0.000,0.000,0.000,0.000
Data-Oriented CPU ROAM,data_oriented_cpu_roam,Release,D3D12,NVIDIA GeForce RTX 5090 D,Direct3D 12 (feature level 12_0); requested Agility SDK 614; runtime 6.2.26100.8972 (C:\WINDOWS\SYSTEM32\D3D12Core.dll); driver 32.0.15.9186,false,2048,1129,assets/heightmaps/Hm_Terrain_Peking_513.png,547,547,80.000,12.000,20,0.250,0.100,200000,false,37,64,0.587,4.018,-49.491,22.670,-30.243,110.767,200000,1294000,199998,16445,8345,16445,234263,200000,33975,4360,198106,0,81250,118750,42527,4361,0,0,0,8,101.676,113.959,107.340,6.867,2.924,25.508,0.000,0.000,6.379,28.543,0.000,0.000,0.000,0.000,0.000,28.543,0.502,1.498,0.442,0.017,6.775,16.182,0.000,9.549,27.569,6.338,0.000,1.166,18206328,0,45.229,28.432,9.549,0.000,20,0,0.000,Off,ModifiedOnly,0,0,0,0,0,0,false,0,0,0,1367,0,0,0,0,0,0,0,0,0,0,0,0.000,0.000,0.000,0.000,0.000,0.000,0.000,0.000,0.000,0.000,0.000,0.000,0.000,0.000,0.000,0.000,0.000,0.000,0.000,0.000
Data-Oriented CPU ROAM,data_oriented_cpu_roam,Release,D3D12,NVIDIA GeForce RTX 5090 D,Direct3D 12 (feature level 12_0); requested Agility SDK 614; runtime 6.2.26100.8972 (C:\WINDOWS\SYSTEM32\D3D12Core.dll); driver 32.0.15.9186,false,2048,1129,assets/heightmaps/Hm_Terrain_Peking_513.png,547,547,80.000,12.000,20,0.250,0.100,200000,false,38,64,0.603,4.133,-46.234,22.888,-35.021,114.649,200000,1311004,199998,15872,8061,15872,234265,200000,33924,4639,188277,0,80182,119818,42446,4640,0,0,0,8,155.779,116.769,110.115,7.153,3.161,25.375,0.000,0.000,7.450,27.959,0.000,0.000,0.000,0.000,0.000,27.959,0.358,1.545,0.524,0.011,6.187,16.639,0.000,9.702,29.315,6.389,0.000,1.175,18028248,0,46.760,28.536,9.702,0.000,20,0,0.000,Off,ModifiedOnly,0,0,0,0,0,0,false,0,0,0,1188,0,0,0,0,0,0,0,0,0,0,0,0.000,0.000,0.000,0.000,0.000,0.000,0.000,0.000,0.000,0.000,0.000,0.000,0.000,0.000,0.000,0.000,0.000,0.000,0.000,0.000
Data-Oriented CPU ROAM,data_oriented_cpu_roam,Release,D3D12,NVIDIA GeForce RTX 5090 D,Direct3D 12 (feature level 12_0); requested Agility SDK 614; runtime 6.2.26100.8972 (C:\WINDOWS\SYSTEM32\D3D12Core.dll); driver 32.0.15.9186,false,2048,1129,assets/heightmaps/Hm_Terrain_Peking_513.png,547,547,80.000,12.000,20,0.250,0.100,200000,false,39,64,0.619,4.250,-42.517,22.992,-39.450,117.442,200000,1327502,199998,16703,8476,16703,234337,200000,34249,5771,202919,0,84139,115861,43455,5772,0,0,0,8,97.489,118.561,111.969,7.082,3.022,24.670,0.000,0.000,6.903,30.294,0.000,0.000,0.000,0.000,0.000,30.293,0.202,1.436,0.596,0.017,4.718,17.655,0.000,11.922,28.076,6.320,0.000,1.186,18876816,0,51.094,27.692,11.922,0.000,20,0,0.000,Off,ModifiedOnly,0,0,0,0,0,0,false,0,0,0,952,0,0,0,0,0,0,0,0,0,0,0,0.000,0.000,0.000,0.000,0.000,0.000,0.000,0.000,0.000,0.000,0.000,0.000,0.000,0.000,0.000,0.000,0.000,0.000,0.000,0.000
Data-Oriented CPU ROAM,data_oriented_cpu_roam,Release,D3D12,NVIDIA GeForce RTX 5090 D,Direct3D 12 (feature level 12_0); requested Agility SDK 614; runtime 6.2.26100.8972 (C:\WINDOWS\SYSTEM32\D3D12Core.dll); driver 32.0.15.9186,false,2048,1129,assets/heightmaps/Hm_Terrain_Peking_513.png,547,547,80.000,12.000,20,0.250,0.100,200000,false,40,64,0.635,4.369,-38.378,22.977,-43.487,119.292,200000,1341964,199998,16298,8183,16298,234412,200000,34282,6332,191073,0,87171,112829,44213,6333,0,0,0,8,101.071,115.175,107.967,7.028,3.496,22.006,0.000,0.000,7.707,28.414,0.000,0.000,0.000,0.000,0.000,28.413,0.137,0.697,0.250,0.008,3.125,17.768,0.000,10.211,29.105,6.907,0.000,1.164,19291272,0,51.667,25.502,10.211,0.000,20,0,0.000,Off,ModifiedOnly,0,0,0,0,0,0,false,0,0,0,716,0,0,0,0,0,0,0,0,0,0,0,0.000,0.000,0.000,0.000,0.000,0.000,0.000,0.000,0.000,0.000,0.000,0.000,0.000,0.000,0.000,0.000,0.000,0.000,0.000,0.000
Data-Oriented CPU ROAM,data_oriented_cpu_roam,Release,D3D12,NVIDIA GeForce RTX 5090 D,Direct3D 12 (feature level 12_0); requested Agility SDK 614; runtime 6.2.26100.8972 (C:\WINDOWS\SYSTEM32\D3D12Core.dll); driver 32.0.15.9186,false,2048,1129,assets/heightmaps/Hm_Terrain_Peking_513.png,547,547,80.000,12.000,20,0.250,0.100,200000,false,41,64,0.651,4.485,-33.857,22.844,-47.092,115.889,199999,1355984,199997,15761,8024,15762,234345,199999,34209,6688,188940,0,87425,112574,44566,6689,0,0,0,8,185.479,141.343,134.562,7.999,3.633,22.253,0.000,0.000,7.251,55.553,0.000,0.000,0.000,0.000,0.000,55.553,0.109,0.714,0.221,0.009,2.509,18.669,0.000,9.824,28.049,6.506,0.000,1.137,19733280,0,80.197,25.885,9.824,0.000,20,0,0.000,Off,ModifiedOnly,0,0,0,0,0,0,false,0,0,0,552,0,0,0,0,0,0,0,0,0,0,0,0.000,0.000,0.000,0.000,0.000,0.000,0.000,0.000,0.000,0.000,0.000,0.000,0.000,0.000,0.000,0.000,0.000,0.000,0.000,0.000
Data-Oriented CPU ROAM,data_oriented_cpu_roam,Release,D3D12,NVIDIA GeForce RTX 5090 D,Direct3D 12 (feature level 12_0); requested Agility SDK 614; runtime 6.2.26100.8972 (C:\WINDOWS\SYSTEM32\D3D12Core.dll); driver 32.0.15.9186,false,2048,1129,assets/heightmaps/Hm_Terrain_Peking_513.png,547,547,80.000,12.000,20,0.250,0.100,200000,false,42,64,0.667,4.627,-29.000,22.598,-50.229,142.030,199999,1371072,199997,14441,7358,14441,234206,199999,34058,6247,172081,0,84900,115099,44280,6248,0,0,0,8,203.512,113.995,107.224,6.779,3.051,22.227,0.000,0.000,8.918,27.297,0.000,0.000,0.000,0.000,0.000,27.297,0.122,0.675,0.236,0.009,2.505,18.659,0.000,10.456,28.497,6.458,0.000,1.130,19537392,0,53.586,25.278,10.456,0.000,20,0,0.000,Off,ModifiedOnly,0,0,0,0,0,0,false,0,0,0,478,0,0,0,0,0,0,0,0,0,0,0,0.000,0.000,0.000,0.000,0.000,0.000,0.000,0.000,0.000,0.000,0.000,0.000,0.000,0.000,0.000,0.000,0.000,0.000,0.000,0.000
Data-Oriented CPU ROAM,data_oriented_cpu_roam,Release,D3D12,NVIDIA GeForce RTX 5090 D,Direct3D 12 (feature level 12_0); requested Agility SDK 614; runtime 6.2.26100.8972 (C:\WINDOWS\SYSTEM32\D3D12Core.dll); driver 32.0.15.9186,false,2048,1129,assets/heightmaps/Hm_Terrain_Peking_513.png,547,547,80.000,12.000,20,0.250,0.100,200000,false,43,64,0.683,4.742,-23.855,22.249,-52.867,114.699,200000,1386994,199998,14248,7267,14247,234159,200000,34074,5350,171745,0,83426,116574,44116,5351,0,0,0,8,95.253,104.941,98.192,6.859,2.510,19.462,0.000,0.000,8.405,24.311,0.000,0.000,0.000,0.000,0.000,24.311,0.132,0.746,0.200,0.014,2.825,15.531,0.000,9.538,27.107,6.469,0.000,1.268,19385856,0,46.361,21.972,9.538,0.000,20,0,0.000,Off,ModifiedOnly,0,0,0,0,0,0,false,0,0,0,678,0,0,0,0,0,0,0,0,0,0,0,0.000,0.000,0.000,0.000,0.000,0.000,0.000,0.000,0.000,0.000,0.000,0.000,0.000,0.000,0.000,0.000,0.000,0.000,0.000,0.000
Data-Oriented CPU ROAM,data_oriented_cpu_roam,Release,D3D12,NVIDIA GeForce RTX 5090 D,Direct3D 12 (feature level 12_0); requested Agility SDK 614; runtime 6.2.26100.8972 (C:\WINDOWS\SYSTEM32\D3D12Core.dll); driver 32.0.15.9186,false,2048,1129,assets/heightmaps/Hm_Terrain_Peking_513.png,547,547,80.000,12.000,20,0.250,0.100,200000,false,44,64,0.698,4.848,-18.472,21.811,-54.980,105.641,199999,1403466,199997,14534,7422,14535,234189,199999,33986,5449,173901,0,81490,118509,44110,5450,0,0,0,8,108.712,107.400,100.386,6.953,2.613,21.680,0.000,0.000,7.361,25.224,0.000,0.000,0.000,0.000,0.000,25.223,0.181,0.780,0.307,0.011,3.337,17.015,0.000,9.152,27.403,6.740,0.000,1.274,19047000,0,46.686,24.293,9.152,0.000,20,0,0.000,Off,ModifiedOnly,0,0,0,0,0,0,false,0,0,0,655,0,0,0,0,0,0,0,0,0,0,0,0.000,0.000,0.000,0.000,0.000,0.000,0.000,0.000,0.000,0.000,0.000,0.000,0.000,0.000,0.000,0.000,0.000,0.000,0.000,0.000
Data-Oriented CPU ROAM,data_oriented_cpu_roam,Release,D3D12,NVIDIA GeForce RTX 5090 D,Direct3D 12 (feature level 12_0); requested Agility SDK 614; runtime 6.2.26100.8972 (C:\WINDOWS\SYSTEM32\D3D12Core.dll); driver 32.0.15.9186,false,2048,1129,assets/heightmaps/Hm_Terrain_Peking_513.png,547,547,80.000,12.000,20,0.250,0.100,200000,false,45,64,0.714,4.956,-12.906,21.302,-56.546,108.099,200000,1420064,199998,15605,7966,15604,234104,200000,33800,5863,184457,0,85589,114411,44988,5864,0,0,0,8,210.264,110.657,103.808,6.960,2.568,22.187,0.000,0.000,7.107,26.944,0.000,0.000,0.000,0.000,0.000,26.943,0.187,0.713,0.494,0.012,3.461,17.298,0.000,10.424,27.618,6.571,0.000,1.105,19077912,0,48.857,24.755,10.424,0.000,20,0,0.000,Off,ModifiedOnly,0,0,0,0,0,0,false,0,0,0,679,0,0,0,0,0,0,0,0,0,0,0,0.000,0.000,0.000,0.000,0.000,0.000,0.000,0.000,0.000,0.000,0.000,0.000,0.000,0.000,0.000,0.000,0.000,0.000,0.000,0.000
Data-Oriented CPU ROAM,data_oriented_cpu_roam,Release,D3D12,NVIDIA GeForce RTX 5090 D,Direct3D 12 (feature level 12_0); requested Agility SDK 614; runtime 6.2.26100.8972 (C:\WINDOWS\SYSTEM32\D3D12Core.dll); driver 32.0.15.9186,false,2048,1129,assets/heightmaps/Hm_Terrain_Peking_513.png,547,547,80.000,12.000,20,0.250,0.100,200000,false,46,64,0.730,5.067,-7.212,20.740,-57.550,111.336,199999,1436220,199997,15863,8104,15864,233920,199999,33621,5701,185638,0,85558,114441,44760,5702,0,0,0,8,103.889,111.924,105.040,6.931,2.911,22.647,0.000,0.000,7.741,27.162,0.000,0.000,0.000,0.000,0.000,27.161,0.230,0.823,0.263,0.016,3.765,17.527,0.000,10.476,27.171,6.595,0.000,1.119,19352424,0,49.330,25.559,10.476,0.000,20,0,0.000,Off,ModifiedOnly,0,0,0,0,0,0,false,0,0,0,735,0,0,0,0,0,0,0,0,0,0,0,0.000,0.000,0.000,0.000,0.000,0.000,0.000,0.000,0.000,0.000,0.000,0.000,0.000,0.000,0.000,0.000,0.000,0.000,0.000,0.000
Data-Oriented CPU ROAM,data_oriented_cpu_roam,Release,D3D12,NVIDIA GeForce RTX 5090 D,Direct3D 12 (feature level 12_0); requested Agility SDK 614; runtime 6.2.26100.8972 (C:\WINDOWS\SYSTEM32\D3D12Core.dll); driver 32.0.15.9186,false,2048,1129,assets/heightmaps/Hm_Terrain_Peking_513.png,547,547,80.000,12.000,20,0.250,0.100,200000,false,47,64,0.746,5.180,-1.446,20.150,-57.982,112.603,199999,1449750,199997,15277,7774,15277,233808,199999,33578,5556,178791,0,82257,117742,44006,5557,0,0,0,8,193.589,111.286,104.700,6.719,2.844,22.449,0.000,0.000,8.194,27.223,0.000,0.000,0.000,0.000,0.000,27.222,0.236,0.813,0.217,0.027,3.762,17.355,0.000,9.567,27.703,6.309,0.000,1.122,18859008,0,49.482,25.293,9.567,0.000,20,0,0.000,Off,ModifiedOnly,0,0,0,0,0,0,false,0,0,0,714,0,0,0,0,0,0,0,0,0,0,0,0.000,0.000,0.000,0.000,0.000,0.000,0.000,0.000,0.000,0.000,0.000,0.000,0.000,0.000,0.000,0.000,0.000,0.000,0.000,0.000
Data-Oriented CPU ROAM,data_oriented_cpu_roam,Release,D3D12,NVIDIA GeForce RTX 5090 D,Direct3D 12 (feature level 12_0); requested Agility SDK 614; runtime 6.2.26100.8972 (C:\WINDOWS\SYSTEM32\D3D12Core.dll); driver 32.0.15.9186,false,2048,1129,assets/heightmaps/Hm_Terrain_Peking_513.png,547,547,80.000,12.000,20,0.250,0.100,200000,false,48,64,0.762,5.292,4.334,19.553,-57.838,111.990,199999,1462342,199997,14607,7358,14607,233773,199999,33651,5622,170847,0,78996,121003,43165,5623,0,0,0,8,89.677,110.902,104.327,7.279,3.651,22.671,0.000,0.000,6.235,27.856,0.000,0.000,0.000,0.000,0.000,27.856,0.141,0.730,0.350,0.021,2.898,18.501,0.000,9.684,26.950,6.312,0.000,1.123,18406080,0,49.860,26.322,9.684,0.000,20,0,0.000,Off,ModifiedOnly,0,0,0,0,0,0,false,0,0,0,646,0,0,0,0,0,0,0,0,0,0,0,0.000,0.000,0.000,0.000,0.000,0.000,0.000,0.000,0.000,0.000,0.000,0.000,0.000,0.000,0.000,0.000,0.000,0.000,0.000,0.000
Data-Oriented CPU ROAM,data_oriented_cpu_roam,Release,D3D12,NVIDIA GeForce RTX 5090 D,Direct3D 12 (feature level 12_0); requested Agility SDK 614; runtime 6.2.26100.8972 (C:\WINDOWS\SYSTEM32\D3D12Core.dll); driver 32.0.15.9186,false,2048,1129,assets/heightmaps/Hm_Terrain_Peking_513.png,547,547,80.000,12.000,20,0.250,0.100,200000,false,49,64,0.778,5.403,10.072,18.974,-57.119,111.583,199999,1475110,199997,14187,7175,14187,233858,199999,33690,4946,166959,0,76660,123339,42923,4947,0,0,0,8,399.647,108.052,101.430,6.848,2.634,21.377,0.000,0.000,8.003,25.880,0.000,0.000,0.000,0.000,0.000,25.879,0.189,0.793,0.206,0.017,3.942,16.192,0.000,9.031,27.656,6.341,0.000,1.117,17900232,0,46.323,24.012,9.031,0.000,20,0,0.000,Off,ModifiedOnly,0,0,0,0,0,0,false,0,0,0,741,0,0,0,0,0,0,0,0,0,0,0,0.000,0.000,0.000,0.000,0.000,0.000,0.000,0.000,0.000,0.000,0.000,0.000,0.000,0.000,0.000,0.000,0.000,0.000,0.000,0.000
Data-Oriented CPU ROAM,data_oriented_cpu_roam,Release,D3D12,NVIDIA GeForce RTX 5090 D,Direct3D 12 (feature level 12_0); requested Agility SDK 614; runtime 6.2.26100.8972 (C:\WINDOWS\SYSTEM32\D3D12Core.dll); driver 32.0.15.9186,false,2048,1129,assets/heightmaps/Hm_Terrain_Peking_513.png,547,547,80.000,12.000,20,0.250,0.100,200000,false,50,64,0.794,5.512,15.709,18.436,-55.832,108.714,200000,1491110,199998,16042,8229,16041,233818,200000,33370,4643,189211,0,82292,117708,43839,4644,0,0,0,8,297.949,116.253,109.898,7.106,2.464,22.070,0.000,0.000,6.774,34.207,0.000,0.000,0.000,0.000,0.000,34.206,0.230,1.121,0.296,0.012,4.908,15.490,0.000,10.126,27.150,6.076,0.000,1.127,18230352,0,53.029,24.534,10.126,0.000,20,0,0.000,Off,ModifiedOnly,0,0,0,0,0,0,false,0,0,0,1162,0,0,0,0,0,0,0,0,0,0,0,0.000,0.000,0.000,0.000,0.000,0.000,0.000,0.000,0.000,0.000,0.000,0.000,0.000,0.000,0.000,0.000,0.000,0.000,0.000,0.000
Data-Oriented CPU ROAM,data_oriented_cpu_roam,Release,D3D12,NVIDIA GeForce RTX 5090 D,Direct3D 12 (feature level 12_0); requested Agility SDK 614; runtime 6.2.26100.8972 (C:\WINDOWS\SYSTEM32\D3D12Core.dll); driver 32.0.15.9186,false,2048,1129,assets/heightmaps/Hm_Terrain_Peking_513.png,547,547,80.000,12.000,20,0.250,0.100,200000,false,51,64,0.810,5.629,21.190,17.959,-53.991,117.028,199999,1510448,199997,17981,9149,17982,233639,199999,33273,4555,212124,0,85131,114868,43876,4556,0,0,0,8,197.645,117.018,110.456,7.042,3.129,26.302,0.000,0.000,6.366,29.815,0.000,0.000,0.000,0.000,0.000,29.814,0.291,2.101,0.603,0.018,7.498,15.761,0.000,10.688,27.114,6.291,0.000,2.752,19120752,0,46.888,29.431,10.688,0.000,20,0,0.000,Off,ModifiedOnly,0,0,0,0,0,0,false,0,0,0,1504,0,0,0,0,0,0,0,0,0,0,0,0.000,0.000,0.000,0.000,0.000,0.000,0.000,0.000,0.000,0.000,0.000,0.000,0.000,0.000,0.000,0.000,0.000,0.000,0.000,0.000
Data-Oriented CPU ROAM,data_oriented_cpu_roam,Release,D3D12,NVIDIA GeForce RTX 5090 D,Direct3D 12 (feature level 12_0); requested Agility SDK 614; runtime 6.2.26100.8972 (C:\WINDOWS\SYSTEM32\D3D12Core.dll); driver 32.0.15.9186,false,2048,1129,assets/heightmaps/Hm_Terrain_Peking_513.png,547,547,80.000,12.000,20,0.250,0.100,200000,false,52,64,0.825,5.747,26.460,17.564,-51.613,117.698,199999,1530348,199997,17814,8962,17814,233584,199999,33244,4455,207045,0,83673,116326,43645,4456,0,0,0,8,200.647,115.476,108.768,7.228,2.778,27.556,0.000,0.000,6.174,29.316,0.000,0.000,0.000,0.000,0.000,29.315,0.242,1.841,0.408,0.020,7.759,17.201,0.000,9.801,25.914,6.405,0.000,1.212,18977952,0,46.160,30.334,9.801,0.000,20,0,0.000,Off,ModifiedOnly,0,0,0,0,0,0,false,0,0,0,1475,0,0,0,0,0,0,0,0,0,0,0,0.000,0.000,0.000,0.000,0.000,0.000,0.000,0.000,0.000,0.000,0.000,0.000,0.000,0.000,0.000,0.000,0.000,0.000,0.000,0.000
Data-Oriented CPU ROAM,data_oriented_cpu_roam,Release,D3D12,NVIDIA GeForce RTX 5090 D,Direct3D 12 (feature level 12_0); requested Agility SDK 614; runtime 6.2.26100.8972 (C:\WINDOWS\SYSTEM32\D3D12Core.dll); driver 32.0.15.9186,false,2048,1129,assets/heightmaps/Hm_Terrain_Peking_513.png,547,547,80.000,12.000,20,0.250,0.100,200000,false,53,64,0.841,5.863,31.468,17.265,-48.722,116.198,199999,1547612,199997,16790,8470,16790,233653,199999,33357,4575,197467,0,86207,113792,44294,4576,0,0,0,8,172.909,115.172,108.218,7.288,3.202,25.645,0.000,0.000,6.210,28.474,0.000,0.000,0.000,0.000,0.000,28.474,0.507,1.361,0.437,0.038,6.424,16.772,0.000,10.496,26.902,6.684,0.000,1.193,18838008,0,45.629,28.847,10.496,0.000,20,0,0.000,Off,ModifiedOnly,0,0,0,0,0,0,false,0,0,0,1242,0,0,0,0,0,0,0,0,0,0,0,0.000,0.000,0.000,0.000,0.000,0.000,0.000,0.000,0.000,0.000,0.000,0.000,0.000,0.000,0.000,0.000,0.000,0.000,0.000,0.000
Data-Oriented CPU ROAM,data_oriented_cpu_roam,Release,D3D12,NVIDIA GeForce RTX 5090 D,Direct3D 12 (feature level 12_0); requested Agility SDK 614; runtime 6.2.26100.8972 (C:\WINDOWS\SYSTEM32\D3D12Core.dll); driver 32.0.15.9186,false,2048,1129,assets/heightmaps/Hm_Terrain_Peking_513.png,547,547,80.000,12.000,20,0.250,0.100,200000,false,54,64,0.857,5.979,36.162,17.075,-45.346,115.880,200000,1560994,199998,16728,8468,16727,233846,200000,33509,5079,197651,0,86575,113425,44567,5080,0,0,0,8,146.480,113.004,106.439,7.078,2.414,24.565,0.000,0.000,6.746,28.649,0.000,0.000,0.000,0.000,0.000,28.649,0.185,1.350,0.307,0.014,5.152,17.499,0.000,10.277,26.708,6.285,0.000,1.130,19296144,0,47.447,26.979,10.277,0.000,20,0,0.000,Off,ModifiedOnly,0,0,0,0,0,0,false,0,0,0,1077,0,0,0,0,0,0,0,0,0,0,0,0.000,0.000,0.000,0.000,0.000,0.000,0.000,0.000,0.000,0.000,0.000,0.000,0.000,0.000,0.000,0.000,0.000,0.000,0.000,0.000
Data-Oriented CPU ROAM,data_oriented_cpu_roam,Release,D3D12,NVIDIA GeForce RTX 5090 D,Direct3D 12 (feature level 12_0); requested Agility SDK 614; runtime 6.2.26100.8972 (C:\WINDOWS\SYSTEM32\D3D12Core.dll); driver 32.0.15.9186,false,2048,1129,assets/heightmaps/Hm_Terrain_Peking_513.png,547,547,80.000,12.000,20,0.250,0.100,200000,false,55,64,0.873,6.092,40.498,17.001,-41.520,113.681,200000,1572090,199998,16939,8595,16939,233827,200000,33572,6039,196979,0,86572,113428,44575,6040,0,0,0,8,204.817,113.241,106.574,7.860,3.343,22.772,0.000,0.000,7.023,28.266,0.000,0.000,0.000,0.000,0.000,28.266,0.163,0.957,0.450,0.015,4.207,16.956,0.000,10.333,26.976,6.385,0.000,1.164,19641384,0,49.540,26.114,10.333,0.000,20,0,0.000,Off,ModifiedOnly,0,0,0,0,0,0,false,0,0,0,828,0,0,0,0,0,0,0,0,0,0,0,0.000,0.000,0.000,0.000,0.000,0.000,0.000,0.000,0.000,0.000,0.000,0.000,0.000,0.000,0.000,0.000,0.000,0.000,0.000,0.000
Data-Oriented CPU ROAM,data_oriented_cpu_roam,Release,D3D12,NVIDIA GeForce RTX 5090 D,Direct3D 12 (feature level 12_0); requested Agility SDK 614; runtime 6.2.26100.8972 (C:\WINDOWS\SYSTEM32\D3D12Core.dll); driver 32.0.15.9186,false,2048,1129,assets/heightmaps/Hm_Terrain_Peking_513.png,547,547,80.000,12.000,20,0.250,0.100,200000,false,56,64,0.889,6.206,44.431,17.046,-37.282,113.937,199999,1581662,199997,17394,8767,17395,233730,199999,33516,6905,199491,0,85542,114457,44730,6906,0,0,0,8,301.993,115.067,108.388,7.301,2.722,23.665,0.000,0.000,9.273,28.379,0.000,0.000,0.000,0.000,0.000,28.378,0.150,0.755,0.394,0.015,3.309,19.016,0.000,10.544,26.502,6.364,0.000,1.107,19558896,0,54.128,26.387,10.544,0.000,20,0,0.000,Off,ModifiedOnly,0,0,0,0,0,0,false,0,0,0,623,0,0,0,0,0,0,0,0,0,0,0,0.000,0.000,0.000,0.000,0.000,0.000,0.000,0.000,0.000,0.000,0.000,0.000,0.000,0.000,0.000,0.000,0.000,0.000,0.000,0.000
Data-Oriented CPU ROAM,data_oriented_cpu_roam,Release,D3D12,NVIDIA GeForce RTX 5090 D,Direct3D 12 (feature level 12_0); requested Agility SDK 614; runtime 6.2.26100.8972 (C:\WINDOWS\SYSTEM32\D3D12Core.dll); driver 32.0.15.9186,false,2048,1129,assets/heightmaps/Hm_Terrain_Peking_513.png,547,547,80.000,12.000,20,0.250,0.100,200000,false,57,64,0.905,6.322,47.922,17.207,-32.673,115.724,200000,1591690,199998,17431,8811,17430,233825,200000,33626,5542,204207,0,88720,111280,44944,5543,0,0,0,8,296.495,117.039,110.435,9.211,3.392,24.095,0.000,0.000,6.496,29.997,0.000,0.000,0.000,0.000,0.000,29.997,0.232,1.247,0.497,0.028,5.771,16.261,0.000,11.534,25.708,6.320,0.000,1.130,20021904,0,48.930,27.488,11.534,0.000,20,0,0.000,Off,ModifiedOnly,0,0,0,0,0,0,false,0,0,0,1114,0,0,0,0,0,0,0,0,0,0,0,0.000,0.000,0.000,0.000,0.000,0.000,0.000,0.000,0.000,0.000,0.000,0.000,0.000,0.000,0.000,0.000,0.000,0.000,0.000,0.000
Data-Oriented CPU ROAM,data_oriented_cpu_roam,Release,D3D12,NVIDIA GeForce RTX 5090 D,Direct3D 12 (feature level 12_0); requested Agility SDK 614; runtime 6.2.26100.8972 (C:\WINDOWS\SYSTEM32\D3D12Core.dll); driver 32.0.15.9186,false,2048,1129,assets/heightmaps/Hm_Terrain_Peking_513.png,547,547,80.000,12.000,20,0.250,0.100,200000,false,58,64,0.921,6.440,50.937,17.480,-27.739,117.723,200000,1600250,199998,15934,8088,15934,233966,200000,33767,5299,190885,0,87869,112131,45001,5300,0,0,0,8,106.186,124.616,117.468,7.173,2.652,23.936,0.000,0.000,7.753,29.434,0.000,0.000,0.000,0.000,0.000,29.434,0.196,0.980,0.263,0.027,4.832,17.598,0.000,10.209,36.312,6.846,0.000,0.948,20126064,0,50.434,26.588,10.209,0.000,20,0,0.000,Off,ModifiedOnly,0,0,0,0,0,0,false,0,0,0,939,0,0,0,0,0,0,0,0,0,0,0,0.000,0.000,0.000,0.000,0.000,0.000,0.000,0.000,0.000,0.000,0.000,0.000,0.000,0.000,0.000,0.000,0.000,0.000,0.000,0.000
Data-Oriented CPU ROAM,data_oriented_cpu_roam,Release,D3D12,NVIDIA GeForce RTX 5090 D,Direct3D 12 (feature level 12_0); requested Agility SDK 614; runtime 6.2.26100.8972 (C:\WINDOWS\SYSTEM32\D3D12Core.dll); driver 32.0.15.9186,false,2048,1129,assets/heightmaps/Hm_Terrain_Peking_513.png,547,547,80.000,12.000,20,0.250,0.100,200000,false,59,64,0.937,6.565,53.446,17.852,-22.529,125.295,199999,1606054,199997,13903,7077,13904,233950,199999,33663,4810,164749,0,82922,117077,44403,4811,0,0,0,8,223.822,97.093,90.519,7.358,2.378,17.445,0.000,0.000,5.385,22.933,0.000,0.000,0.000,0.000,0.000,22.932,0.156,0.793,0.187,0.009,3.190,13.096,0.000,9.143,25.877,6.290,0.000,1.141,19338312,0,39.375,19.823,9.143,0.000,20,0,0.000,Off,ModifiedOnly,0,0,0,0,0,0,false,0,0,0,802,0,0,0,0,0,0,0,0,0,0,0,0.000,0.000,0.000,0.000,0.000,0.000,0.000,0.000,0.000,0.000,0.000,0.000,0.000,0.000,0.000,0.000,0.000,0.000,0.000,0.000
Data-Oriented CPU ROAM,data_oriented_cpu_roam,Release,D3D12,NVIDIA GeForce RTX 5090 D,Direct3D 12 (feature level 12_0); requested Agility SDK 614; runtime 6.2.26100.8972 (C:\WINDOWS\SYSTEM32\D3D12Core.dll); driver 32.0.15.9186,false,2048,1129,assets/heightmaps/Hm_Terrain_Peking_513.png,547,547,80.000,12.000,20,0.250,0.100,200000,false,60,64,0.952,6.663,55.423,18.310,-17.096,97.776,199999,1609474,199997,14980,7628,14980,233923,199999,33629,5375,177764,0,82653,117346,44775,5376,0,0,0,8,93.524,106.746,100.010,7.474,3.551,21.119,0.000,0.000,8.182,25.968,0.000,0.000,0.000,0.000,0.000,25.967,0.165,0.765,0.235,0.017,3.701,16.203,0.000,9.272,24.444,6.451,0.000,1.088,19105296,0,47.028,24.670,9.272,0.000,20,0,0.000,Off,ModifiedOnly,0,0,0,0,0,0,false,0,0,0,791,0,0,0,0,0,0,0,0,0,0,0,0.000,0.000,0.000,0.000,0.000,0.000,0.000,0.000,0.000,0.000,0.000,0.000,0.000,0.000,0.000,0.000,0.000,0.000,0.000,0.000
Data-Oriented CPU ROAM,data_oriented_cpu_roam,Release,D3D12,NVIDIA GeForce RTX 5090 D,Direct3D 12 (feature level 12_0); requested Agility SDK 614; runtime 6.2.26100.8972 (C:\WINDOWS\SYSTEM32\D3D12Core.dll); driver 32.0.15.9186,false,2048,1129,assets/heightmaps/Hm_Terrain_Peking_513.png,547,547,80.000,12.000,20,0.250,0.100,200000,false,61,64,0.968,6.770,56.850,18.835,-11.492,107.450,200000,1612154,199998,15693,8025,15692,233780,200000,33579,5937,183675,0,86486,113514,45297,5938,0,0,0,8,111.145,105.187,98.160,7.816,3.974,21.507,0.000,0.000,5.978,25.593,0.000,0.000,0.000,0.000,0.000,25.592,0.152,0.671,0.372,0.024,3.608,16.649,0.000,9.531,23.762,6.730,0.000,1.271,19549824,0,45.433,25.481,9.531,0.000,20,0,0.000,Off,ModifiedOnly,0,0,0,0,0,0,false,0,0,0,650,0,0,0,0,0,0,0,0,0,0,0,0.000,0.000,0.000,0.000,0.000,0.000,0.000,0.000,0.000,0.000,0.000,0.000,0.000,0.000,0.000,0.000,0.000,0.000,0.000,0.000
Data-Oriented CPU ROAM,data_oriented_cpu_roam,Release,D3D12,NVIDIA GeForce RTX 5090 D,Direct3D 12 (feature level 12_0); requested Agility SDK 614; runtime 6.2.26100.8972 (C:\WINDOWS\SYSTEM32\D3D12Core.dll); driver 32.0.15.9186,false,2048,1129,assets/heightmaps/Hm_Terrain_Peking_513.png,547,547,80.000,12.000,20,0.250,0.100,200000,false,62,64,0.984,6.876,57.712,19.406,-5.775,105.864,199999,1614322,199997,16040,8193,16041,233771,199999,33543,6359,187703,0,88667,111332,45237,6360,0,0,0,8,220.109,105.886,99.134,6.778,2.666,21.555,0.000,0.000,7.220,27.283,0.000,0.000,0.000,0.000,0.000,27.282,0.157,0.575,0.191,0.028,3.310,17.245,0.000,10.772,22.860,6.453,0.000,1.215,19957560,0,49.446,24.221,10.772,0.000,20,0,0.000,Off,ModifiedOnly,0,0,0,0,0,0,false,0,0,0,569,0,0,0,0,0,0,0,0,0,0,0,0.000,0.000,0.000,0.000,0.000,0.000,0.000,0.000,0.000,0.000,0.000,0.000,0.000,0.000,0.000,0.000,0.000,0.000,0.000,0.000
Data-Oriented CPU ROAM,data_oriented_cpu_roam,Release,D3D12,NVIDIA GeForce RTX 5090 D,Direct3D 12 (feature level 12_0); requested Agility SDK 614; runtime 6.2.26100.8972 (C:\WINDOWS\SYSTEM32\D3D12Core.dll); driver 32.0.15.9186,false,2048,1129,assets/heightmaps/Hm_Terrain_Peking_513.png,547,547,80.000,12.000,20,0.250,0.100,200000,false,63,64,1.000,6.983,58.000,20.000,0.000,106.588,200000,1614322,199998,14236,7231,14235,233843,200000,33549,5922,169341,0,83379,116621,44563,5923,0,0,0,8,116.623,100.305,93.545,6.876,2.608,19.068,0.000,0.000,7.407,25.030,0.000,0.000,0.000,0.000,0.000,25.030,0.089,0.527,0.201,0.012,2.248,15.971,0.000,9.121,23.435,6.468,0.000,1.082,19238184,0,47.053,21.676,9.121,0.000,20,0,0.000,Off,ModifiedOnly,0,0,0,0,0,0,false,0,0,0,436,0,0,0,0,0,0,0,0,0,0,0,0.000,0.000,0.000,0.000,0.000,0.000,0.000,0.000,0.000,0.000,0.000,0.000,0.000,0.000,0.000,0.000,0.000,0.000,0.000,0.000
CBT 2024,cbt_2024_official_baseline_v1,Release,D3D12,NVIDIA GeForce RTX 5090 D,Direct3D 12 (feature level 12_0); requested Agility SDK 614; runtime 6.2.26100.8972 (C:\WINDOWS\SYSTEM32\D3D12Core.dll); driver 32.0.15.9186,false,2048,1129,assets/heightmaps/Hm_Terrain_Peking_513.png,547,547,80.000,12.000,20,0.250,0.100,200000,false,0,64,0.000,0.000,58.000,20.000,0.000,3.567,294967,294967,0,0,0,0,1316,0,0,0,0,0,0,0,0,0,0,0,0,0,0.000,0.059,0.055,0.000,0.000,0.000,0.000,0.000,0.000,0.000,0.000,0.000,0.000,0.000,0.000,0.000,0.000,0.000,0.000,0.000,0.000,0.000,0.000,0.000,0.000,0.000,3.299,3.371,0,428,0.471,0.066,0.014,0.001,20,1048576,2.050,Off,ModifiedOnly,1,25,23,23,23,2,false,294961,753615,1,1315,0,0,0,0,0,0,0,0,0,0,0,3.252,0.000,0.000,0.095,0.608,0.021,0.021,0.385,0.014,0.030,0.016,0.021,0.029,0.019,0.020,0.012,0.173,0.014,0.001,1.771
CBT 2024,cbt_2024_official_baseline_v1,Release,D3D12,NVIDIA GeForce RTX 5090 D,Direct3D 12 (feature level 12_0); requested Agility SDK 614; runtime 6.2.26100.8972 (C:\WINDOWS\SYSTEM32\D3D12Core.dll); driver 32.0.15.9186,false,2048,1129,assets/heightmaps/Hm_Terrain_Peking_513.png,547,547,80.000,12.000,20,0.250,0.100,200000,false,1,64,0.016,0.004,57.712,20.594,5.775,3.560,294967,294967,0,0,0,0,1316,0,0,0,0,0,0,0,0,0,0,0,0,0,0.000,0.097,0.091,0.000,0.000,0.000,0.000,0.000,0.000,0.000,0.000,0.000,0.000,0.000,0.000,0.000,0.000,0.000,0.000,0.000,0.000,0.000,0.000,0.000,0.000,0.000,3.322,3.360,0,428,0.426,0.060,0.017,0.001,20,1048576,2.050,Off,ModifiedOnly,1,26,24,24,24,2,false,294961,753615,1,1315,0,0,0,0,0,0,0,0,0,0,0,3.239,0.000,0.000,0.083,0.654,0.024,0.024,0.338,0.013,0.027,0.014,0.016,0.030,0.020,0.019,0.011,0.173,0.017,0.001,1.775
CBT 2024,cbt_2024_official_baseline_v1,Release,D3D12,NVIDIA GeForce RTX 5090 D,Direct3D 12 (feature level 12_0); requested Agility SDK 614; runtime 6.2.26100.8972 (C:\WINDOWS\SYSTEM32\D3D12Core.dll); driver 32.0.15.9186,false,2048,1129,assets/heightmaps/Hm_Terrain_Peking_513.png,547,547,80.000,12.000,20,0.250,0.100,200000,false,2,64,0.032,0.007,56.850,21.165,11.492,3.813,294967,294967,0,0,0,0,1316,0,0,0,0,0,0,0,0,0,0,0,0,0,0.000,0.090,0.085,0.000,0.000,0.000,0.000,0.000,0.000,0.000,0.000,0.000,0.000,0.000,0.000,0.000,0.000,0.000,0.000,0.000,0.000,0.000,0.000,0.000,0.000,0.000,8.063,3.309,0,428,0.408,0.063,0.021,0.006,20,1048576,2.050,Off,ModifiedOnly,1,27,25,25,25,2,false,294961,753615,1,1315,0,0,0,0,0,0,0,0,0,0,0,3.193,0.000,0.000,0.075,0.724,0.027,0.020,0.319,0.013,0.030,0.020,0.015,0.028,0.019,0.018,0.009,0.195,0.021,0.006,1.655
CBT 2024,cbt_2024_official_baseline_v1,Release,D3D12,NVIDIA GeForce RTX 5090 D,Direct3D 12 (feature level 12_0); requested Agility SDK 614; runtime 6.2.26100.8972 (C:\WINDOWS\SYSTEM32\D3D12Core.dll); driver 32.0.15.9186,false,2048,1129,assets/heightmaps/Hm_Terrain_Peking_513.png,547,547,80.000,12.000,20,0.250,0.100,200000,false,3,64,0.048,0.016,55.423,21.690,17.096,8.461,294939,294939,4401,4401,522,2338,9635,0,0,0,0,0,0,0,0,0,0,0,0,0,0.000,0.042,0.037,0.000,0.000,0.000,0.000,0.000,0.000,0.000,0.000,0.000,0.000,0.000,0.000,0.000,0.000,0.000,0.000,0.000,0.000,0.000,0.000,0.000,0.000,0.000,4.527,3.862,0,428,0.646,0.120,0.082,0.002,20,1048576,2.050,Off,ModifiedOnly,1,28,26,26,26,2,false,294933,753643,3879,5756,4640,4281,2338,4668,4656,8,2330,4195,86,87,33,3.732,0.000,0.000,0.077,0.802,0.067,0.073,0.428,0.038,0.041,0.027,0.052,0.040,0.029,0.023,0.012,0.216,0.082,0.002,1.724
CBT 2024,cbt_2024_official_baseline_v1,Release,D3D12,NVIDIA GeForce RTX 5090 D,Direct3D 12 (feature level 12_0); requested Agility SDK 614; runtime 6.2.26100.8972 (C:\WINDOWS\SYSTEM32\D3D12Core.dll); driver 32.0.15.9186,false,2048,1129,assets/heightmaps/Hm_Terrain_Peking_513.png,547,547,80.000,12.000,20,0.250,0.100,200000,false,4,64,0.063,0.021,53.446,22.148,22.529,4.727,295771,295771,5334,5334,622,2394,10473,0,0,0,0,0,0,0,0,0,0,0,0,0,0.000,0.114,0.104,0.000,0.000,0.000,0.000,0.000,0.000,0.000,0.000,0.000,0.000,0.000,0.000,0.000,0.000,0.000,0.000,0.000,0.000,0.000,0.000,0.000,0.000,0.000,9.077,7.927,0,428,0.597,0.085,0.112,0.001,20,1048576,2.050,Off,ModifiedOnly,1,29,27,27,27,2,false,295765,752811,4712,5761,5606,5197,2394,4774,4725,14,2380,5104,93,95,42,7.808,0.000,0.000,0.073,0.642,0.062,0.072,0.388,0.036,0.040,0.026,0.029,0.031,0.048,0.042,0.013,0.229,0.112,0.001,5.965
CBT 2024,cbt_2024_official_baseline_v1,Release,D3D12,NVIDIA GeForce RTX 5090 D,Direct3D 12 (feature level 12_0); requested Agility SDK 614; runtime 6.2.26100.8972 (C:\WINDOWS\SYSTEM32\D3D12Core.dll); driver 32.0.15.9186,false,2048,1129,assets/heightmaps/Hm_Terrain_Peking_513.png,547,547,80.000,12.000,20,0.250,0.100,200000,false,5,64,0.079,0.030,50.937,22.520,27.739,9.672,297056,297056,5189,5189,648,2096,9490,0,0,0,0,0,0,0,0,0,0,0,0,0,0.000,0.068,0.063,0.000,0.000,0.000,0.000,0.000,0.000,0.000,0.000,0.000,0.000,0.000,0.000,0.000,0.000,0.000,0.000,0.000,0.000,0.000,0.000,0.000,0.000,0.000,0.308,0.294,0,428,0.063,0.016,0.015,0.006,20,1048576,2.050,Off,ModifiedOnly,1,30,28,28,28,2,false,297050,751526,4541,4949,5431,5067,2096,4146,4143,46,2050,4950,117,119,3,0.278,0.000,0.000,0.009,0.027,0.014,0.018,0.018,0.008,0.005,0.005,0.006,0.005,0.002,0.002,0.002,0.019,0.015,0.006,0.117
CBT 2024,cbt_2024_official_baseline_v1,Release,D3D12,NVIDIA GeForce RTX 5090 D,Direct3D 12 (feature level 12_0); requested Agility SDK 614; runtime 6.2.26100.8972 (C:\WINDOWS\SYSTEM32\D3D12Core.dll); driver 32.0.15.9186,false,2048,1129,assets/heightmaps/Hm_Terrain_Peking_513.png,547,547,80.000,12.000,20,0.250,0.100,200000,false,6,64,0.095,0.031,47.922,22.793,32.673,0.574,298487,298487,4791,4791,574,1827,8698,0,0,0,0,0,0,0,0,0,0,0,0,0,0.000,0.052,0.048,0.000,0.000,0.000,0.000,0.000,0.000,0.000,0.000,0.000,0.000,0.000,0.000,0.000,0.000,0.000,0.000,0.000,0.000,0.000,0.000,0.000,0.000,0.000,0.122,0.286,0,428,0.065,0.016,0.016,0.001,20,1048576,2.050,Off,ModifiedOnly,1,31,29,29,29,2,false,298481,750095,4217,4481,5082,4645,1827,3651,3629,3,1824,4534,111,112,34,0.268,0.000,0.000,0.005,0.020,0.015,0.019,0.017,0.008,0.006,0.004,0.006,0.005,0.002,0.002,0.002,0.020,0.016,0.001,0.118
CBT 2024,cbt_2024_official_baseline_v1,Release,D3D12,NVIDIA GeForce RTX 5090 D,Direct3D 12 (feature level 12_0); requested Agility SDK 614; runtime 6.2.26100.8972 (C:\WINDOWS\SYSTEM32\D3D12Core.dll); driver 32.0.15.9186,false,2048,1129,assets/heightmaps/Hm_Terrain_Peking_513.png,547,547,80.000,12.000,20,0.250,0.100,200000,false,7,64,0.111,0.031,44.431,22.954,37.282,0.327,301234,301234,6540,6540,719,2063,10779,0,0,0,0,0,0,0,0,0,0,0,0,0,0.000,0.039,0.035,0.000,0.000,0.000,0.000,0.000,0.000,0.000,0.000,0.000,0.000,0.000,0.000,0.000,0.000,0.000,0.000,0.000,0.000,0.000,0.000,0.000,0.000,0.000,0.224,0.309,0,428,0.065,0.016,0.037,0.001,20,1048576,2.050,Off,ModifiedOnly,1,32,30,30,30,2,false,301228,747348,5821,4958,6854,6381,2063,4107,4097,19,2044,6247,134,138,21,0.291,0.000,0.000,0.006,0.023,0.015,0.020,0.016,0.008,0.006,0.005,0.006,0.005,0.002,0.002,0.002,0.020,0.037,0.001,0.117
CBT 2024,cbt_2024_official_baseline_v1,Release,D3D12,NVIDIA GeForce RTX 5090 D,Direct3D 12 (feature level 12_0); requested Agility SDK 614; runtime 6.2.26100.8972 (C:\WINDOWS\SYSTEM32\D3D12Core.dll); driver 32.0.15.9186,false,2048,1129,assets/heightmaps/Hm_Terrain_Peking_513.png,547,547,80.000,12.000,20,0.250,0.100,200000,false,8,64,0.127,0.032,40.498,22.999,41.520,0.398,304280,304280,6789,6789,618,2052,11125,0,0,0,0,0,0,0,0,0,0,0,0,0,0.000,0.035,0.032,0.000,0.000,0.000,0.000,0.000,0.000,0.000,0.000,0.000,0.000,0.000,0.000,0.000,0.000,0.000,0.000,0.000,0.000,0.000,0.000,0.000,0.000,0.000,0.202,0.284,0,428,0.063,0.016,0.016,0.001,20,1048576,2.050,Off,ModifiedOnly,1,33,31,31,31,2,false,304274,744302,6171,4954,7144,6612,2052,4098,4068,6,2046,6454,158,157,20,0.266,0.000,0.001,0.006,0.022,0.015,0.018,0.017,0.008,0.006,0.005,0.006,0.005,0.002,0.002,0.002,0.021,0.016,0.001,0.115
CBT 2024,cbt_2024_official_baseline_v1,Release,D3D12,NVIDIA GeForce RTX 5090 D,Direct3D 12 (feature level 12_0); requested Agility SDK 614; runtime 6.2.26100.8972 (C:\WINDOWS\SYSTEM32\D3D12Core.dll); driver 32.0.15.9186,false,2048,1129,assets/heightmaps/Hm_Terrain_Peking_513.png,547,547,80.000,12.000,20,0.250,0.100,200000,false,9,64,0.143,0.032,36.162,22.925,45.346,0.369,307669,307669,6792,6792,623,1902,10770,0,0,0,0,0,0,0,0,0,0,0,0,0,0.000,0.035,0.032,0.000,0.000,0.000,0.000,0.000,0.000,0.000,0.000,0.000,0.000,0.000,0.000,0.000,0.000,0.000,0.000,0.000,0.000,0.000,0.000,0.000,0.000,0.000,0.209,0.292,0,428,0.064,0.016,0.021,0.001,20,1048576,2.050,Off,ModifiedOnly,1,34,32,32,32,2,false,307663,740913,6169,4601,7183,6597,1902,3794,3772,10,1892,6417,180,179,16,0.275,0.000,0.000,0.006,0.022,0.014,0.020,0.016,0.008,0.006,0.005,0.006,0.005,0.002,0.002,0.002,0.021,0.020,0.001,0.118
CBT 2024,cbt_2024_official_baseline_v1,Release,D3D12,NVIDIA GeForce RTX 5090 D,Direct3D 12 (feature level 12_0); requested Agility SDK 614; runtime 6.2.26100.8972 (C:\WINDOWS\SYSTEM32\D3D12Core.dll); driver 32.0.15.9186,false,2048,1129,assets/heightmaps/Hm_Terrain_Peking_513.png,547,547,80.000,12.000,20,0.250,0.100,200000,false,10,64,0.159,0.032,31.468,22.735,48.722,0.371,312014,312014,6617,6617,556,1331,9601,0,0,0,0,0,0,0,0,0,0,0,0,0,0.000,0.033,0.031,0.000,0.000,0.000,0.000,0.000,0.000,0.000,0.000,0.000,0.000,0.000,0.000,0.000,0.000,0.000,0.000,0.000,0.000,0.000,0.000,0.000,0.000,0.000,0.212,0.288,0,428,0.062,0.016,0.018,0.002,20,1048576,2.050,Off,ModifiedOnly,1,35,33,33,33,2,false,312008,736568,6061,3540,7000,6425,1331,2655,2647,7,1324,6247,178,179,13,0.272,0.000,0.000,0.007,0.022,0.012,0.019,0.017,0.008,0.006,0.005,0.006,0.005,0.002,0.002,0.002,0.021,0.018,0.002,0.118
CBT 2024,cbt_2024_official_baseline_v1,Release,D3D12,NVIDIA GeForce RTX 5090 D,Direct3D 12 (feature level 12_0); requested Agility SDK 614; runtime 6.2.26100.8972 (C:\WINDOWS\SYSTEM32\D3D12Core.dll); driver 32.0.15.9186,false,2048,1129,assets/heightmaps/Hm_Terrain_Peking_513.png,547,547,80.000,12.000,20,0.250,0.100,200000,false,11,64,0.175,0.033,26.460,22.436,51.613,0.370,313563,313563,4495,4495,324,1650,8568,0,0,0,0,0,0,0,0,0,0,0,0,0,0.000,0.048,0.043,0.000,0.000,0.000,0.000,0.000,0.000,0.000,0.000,0.000,0.000,0.000,0.000,0.000,0.000,0.000,0.000,0.000,0.000,0.000,0.000,0.000,0.000,0.000,0.208,0.285,0,428,0.061,0.016,0.014,0.002,20,1048576,2.050,Off,ModifiedOnly,1,36,34,34,34,2,false,313557,735019,4171,4397,4840,4322,1650,3291,3276,9,1641,4159,163,164,9,0.267,0.000,0.000,0.006,0.022,0.013,0.018,0.016,0.009,0.006,0.005,0.006,0.005,0.002,0.002,0.002,0.021,0.014,0.002,0.119
CBT 2024,cbt_2024_official_baseline_v1,Release,D3D12,NVIDIA GeForce RTX 5090 D,Direct3D 12 (feature level 12_0); requested Agility SDK 614; runtime 6.2.26100.8972 (C:\WINDOWS\SYSTEM32\D3D12Core.dll); driver 32.0.15.9186,false,2048,1129,assets/heightmaps/Hm_Terrain_Peking_513.png,547,547,80.000,12.000,20,0.250,0.100,200000,false,12,64,0.190,0.033,21.190,22.041,53.991,0.446,314038,314038,4168,4168,293,2011,9247,0,0,0,0,0,0,0,0,0,0,0,0,0,0.000,0.038,0.034,0.000,0.000,0.000,0.000,0.000,0.000,0.000,0.000,0.000,0.000,0.000,0.000,0.000,0.000,0.000,0.000,0.000,0.000,0.000,0.000,0.000,0.000,0.000,0.142,0.288,0,428,0.061,0.016,0.015,0.001,20,1048576,2.050,Off,ModifiedOnly,1,37,35,35,35,2,false,314032,734544,3875,5372,4487,4007,2011,4012,3997,10,2001,3860,147,150,11,0.270,0.000,0.000,0.006,0.022,0.012,0.018,0.017,0.008,0.006,0.005,0.006,0.005,0.002,0.002,0.002,0.020,0.014,0.001,0.122
CBT 2024,cbt_2024_official_baseline_v1,Release,D3D12,NVIDIA GeForce RTX 5090 D,Direct3D 12 (feature level 12_0); requested Agility SDK 614; runtime 6.2.26100.8972 (C:\WINDOWS\SYSTEM32\D3D12Core.dll); driver 32.0.15.9186,false,2048,1129,assets/heightmaps/Hm_Terrain_Peking_513.png,547,547,80.000,12.000,20,0.250,0.100,200000,false,13,64,0.206,0.033,15.709,21.564,55.832,0.322,314328,314328,4737,4737,280,2373,10780,0,0,0,0,0,0,0,0,0,0,0,0,0,0.000,0.035,0.032,0.000,0.000,0.000,0.000,0.000,0.000,0.000,0.000,0.000,0.000,0.000,0.000,0.000,0.000,0.000,0.000,0.000,0.000,0.000,0.000,0.000,0.000,0.000,0.206,0.295,0,428,0.062,0.016,0.015,0.001,20,1048576,2.050,Off,ModifiedOnly,1,38,36,36,36,2,false,314322,734254,4457,6323,5024,4594,2373,4734,4718,12,2361,4466,128,127,16,0.272,0.000,0.000,0.004,0.023,0.013,0.019,0.016,0.009,0.006,0.005,0.006,0.005,0.002,0.002,0.002,0.021,0.015,0.001,0.122
CBT 2024,cbt_2024_official_baseline_v1,Release,D3D12,NVIDIA GeForce RTX 5090 D,Direct3D 12 (feature level 12_0); requested Agility SDK 614; runtime 6.2.26100.8972 (C:\WINDOWS\SYSTEM32\D3D12Core.dll); driver 32.0.15.9186,false,2048,1129,assets/heightmaps/Hm_Terrain_Peking_513.png,547,547,80.000,12.000,20,0.250,0.100,200000,false,14,64,0.222,0.034,10.072,21.026,57.119,0.368,311628,311628,2970,2970,194,2943,10584,0,0,0,0,0,0,0,0,0,0,0,0,0,0.000,0.034,0.031,0.000,0.000,0.000,0.000,0.000,0.000,0.000,0.000,0.000,0.000,0.000,0.000,0.000,0.000,0.000,0.000,0.000,0.000,0.000,0.000,0.000,0.000,0.000,0.214,0.291,0,428,0.063,0.016,0.014,0.001,20,1048576,2.050,Off,ModifiedOnly,1,39,37,37,37,2,false,311622,736954,2776,7808,3175,2867,2943,5875,5860,11,2932,2776,91,92,11,0.273,0.000,0.000,0.007,0.023,0.012,0.019,0.018,0.009,0.006,0.005,0.006,0.005,0.002,0.002,0.002,0.021,0.014,0.001,0.122
CBT 2024,cbt_2024_official_baseline_v1,Release,D3D12,NVIDIA GeForce RTX 5090 D,Direct3D 12 (feature level 12_0); requested Agility SDK 614; runtime 6.2.26100.8972 (C:\WINDOWS\SYSTEM32\D3D12Core.dll); driver 32.0.15.9186,false,2048,1129,assets/heightmaps/Hm_Terrain_Peking_513.png,547,547,80.000,12.000,20,0.250,0.100,200000,false,15,64,0.238,0.034,4.334,20.447,57.838,0.374,304179,304179,1835,1835,174,4725,13204,0,0,0,0,0,0,0,0,0,0,0,0,0,0.000,0.033,0.030,0.000,0.000,0.000,0.000,0.000,0.000,0.000,0.000,0.000,0.000,0.000,0.000,0.000,0.000,0.000,0.000,0.000,0.000,0.000,0.000,0.000,0.000,0.000,0.229,0.288,0,428,0.061,0.017,0.014,0.001,20,1048576,2.050,Off,ModifiedOnly,1,40,38,38,38,2,false,304173,744403,1661,11543,1980,1763,4725,9429,9409,21,4704,1694,69,68,4,0.271,0.000,0.000,0.006,0.023,0.013,0.018,0.016,0.008,0.006,0.005,0.006,0.006,0.002,0.002,0.002,0.021,0.014,0.001,0.121
CBT 2024,cbt_2024_official_baseline_v1,Release,D3D12,NVIDIA GeForce RTX 5090 D,Direct3D 12 (feature level 12_0); requested Agility SDK 614; runtime 6.2.26100.8972 (C:\WINDOWS\SYSTEM32\D3D12Core.dll); driver 32.0.15.9186,false,2048,1129,assets/heightmaps/Hm_Terrain_Peking_513.png,547,547,80.000,12.000,20,0.250,0.100,200000,false,16,64,0.254,0.035,-1.446,19.850,57.982,0.383,298907,298907,3037,3037,317,4225,13093,0,0,0,0,0,0,0,0,0,0,0,0,0,0.000,0.034,0.031,0.000,0.000,0.000,0.000,0.000,0.000,0.000,0.000,0.000,0.000,0.000,0.000,0.000,0.000,0.000,0.000,0.000,0.000,0.000,0.000,0.000,0.000,0.000,0.219,0.290,0,428,0.062,0.017,0.016,0.001,20,1048576,2.050,Off,ModifiedOnly,1,41,39,39,39,2,false,298901,749675,2720,10373,3146,2982,4225,8418,8403,32,4193,2934,48,49,6,0.272,0.000,0.000,0.006,0.024,0.012,0.018,0.018,0.008,0.006,0.005,0.007,0.006,0.002,0.002,0.002,0.021,0.016,0.001,0.119
CBT 2024,cbt_2024_official_baseline_v1,Release,D3D12,NVIDIA GeForce RTX 5090 D,Direct3D 12 (feature level 12_0); requested Agility SDK 614; runtime 6.2.26100.8972 (C:\WINDOWS\SYSTEM32\D3D12Core.dll); driver 32.0.15.9186,false,2048,1129,assets/heightmaps/Hm_Terrain_Peking_513.png,547,547,80.000,12.000,20,0.250,0.100,200000,false,17,64,0.270,0.035,-7.212,19.260,57.550,0.374,295170,295170,3530,3530,278,3704,12373,0,0,0,0,0,0,0,0,0,0,0,0,0,0.000,0.033,0.030,0.000,0.000,0.000,0.000,0.000,0.000,0.000,0.000,0.000,0.000,0.000,0.000,0.000,0.000,0.000,0.000,0.000,0.000,0.000,0.000,0.000,0.000,0.000,0.214,0.282,0,428,0.060,0.017,0.015,0.001,20,1048576,2.050,Off,ModifiedOnly,1,42,40,40,40,2,false,295164,753412,3252,9121,3642,3473,3704,7379,7365,29,3675,3427,46,48,9,0.264,0.000,0.000,0.006,0.022,0.012,0.018,0.016,0.008,0.006,0.005,0.007,0.005,0.002,0.002,0.002,0.020,0.015,0.001,0.116
CBT 2024,cbt_2024_official_baseline_v1,Release,D3D12,NVIDIA GeForce RTX 5090 D,Direct3D 12 (feature level 12_0); requested Agility SDK 614; runtime 6.2.26100.8972 (C:\WINDOWS\SYSTEM32\D3D12Core.dll); driver 32.0.15.9186,false,2048,1129,assets/heightmaps/Hm_Terrain_Peking_513.png,547,547,80.000,12.000,20,0.250,0.100,200000,false,18,64,0.286,0.035,-12.906,18.698,56.546,0.372,292893,292893,3710,3710,359,3056,10933,0,0,0,0,0,0,0,0,0,0,0,0,0,0.000,0.033,0.030,0.000,0.000,0.000,0.000,0.000,0.000,0.000,0.000,0.000,0.000,0.000,0.000,0.000,0.000,0.000,0.000,0.000,0.000,0.000,0.000,0.000,0.000,0.000,0.210,0.285,0,428,0.061,0.016,0.016,0.002,20,1048576,2.050,Off,ModifiedOnly,1,43,41,41,41,2,false,292887,755689,3351,7582,3797,3667,3056,6074,6050,38,3018,3632,35,34,9,0.267,0.000,0.000,0.007,0.022,0.012,0.018,0.017,0.009,0.006,0.005,0.006,0.006,0.002,0.002,0.002,0.021,0.016,0.002,0.116
CBT 2024,cbt_2024_official_baseline_v1,Release,D3D12,NVIDIA GeForce RTX 5090 D,Direct3D 12 (feature level 12_0); requested Agility SDK 614; runtime 6.2.26100.8972 (C:\WINDOWS\SYSTEM32\D3D12Core.dll); driver 32.0.15.9186,false,2048,1129,assets/heightmaps/Hm_Terrain_Peking_513.png,547,547,80.000,12.000,20,0.250,0.100,200000,false,19,64,0.302,0.036,-18.472,18.189,54.980,0.364,291703,291703,3988,3988,378,2635,10438,0,0,0,0,0,0,0,0,0,0,0,0,0,0.000,0.033,0.030,0.000,0.000,0.000,0.000,0.000,0.000,0.000,0.000,0.000,0.000,0.000,0.000,0.000,0.000,0.000,0.000,0.000,0.000,0.000,0.000,0.000,0.000,0.000,0.209,0.280,0,428,0.059,0.016,0.014,0.001,20,1048576,2.050,Off,ModifiedOnly,1,44,42,42,42,2,false,291697,756879,3610,6828,4065,3949,2635,5255,5239,15,2620,3916,33,34,5,0.264,0.000,0.000,0.007,0.023,0.012,0.017,0.016,0.008,0.006,0.005,0.006,0.006,0.002,0.002,0.002,0.021,0.014,0.001,0.116
CBT 2024,cbt_2024_official_baseline_v1,Release,D3D12,NVIDIA GeForce RTX 5090 D,Direct3D 12 (feature level 12_0); requested Agility SDK 614; runtime 6.2.26100.8972 (C:\WINDOWS\SYSTEM32\D3D12Core.dll); driver 32.0.15.9186,false,2048,1129,assets/heightmaps/Hm_Terrain_Peking_513.png,547,547,80.000,12.000,20,0.250,0.100,200000,false,20,64,0.317,0.036,-23.855,17.751,52.867,0.363,289331,289331,2856,2856,323,2676,9490,0,0,0,0,0,0,0,0,0,0,0,0,0,0.000,0.047,0.043,0.000,0.000,0.000,0.000,0.000,0.000,0.000,0.000,0.000,0.000,0.000,0.000,0.000,0.000,0.000,0.000,0.000,0.000,0.000,0.000,0.000,0.000,0.000,0.214,0.283,0,428,0.063,0.016,0.014,0.001,20,1048576,2.050,Off,ModifiedOnly,1,45,43,43,43,2,false,289325,759251,2533,6957,2965,2801,2676,5337,5303,15,2661,2754,47,48,7,0.265,0.000,0.000,0.006,0.023,0.013,0.020,0.017,0.008,0.006,0.005,0.006,0.005,0.002,0.002,0.002,0.020,0.014,0.001,0.115
CBT 2024,cbt_2024_official_baseline_v1,Release,D3D12,NVIDIA GeForce RTX 5090 D,Direct3D 12 (feature level 12_0); requested Agility SDK 614; runtime 6.2.26100.8972 (C:\WINDOWS\SYSTEM32\D3D12Core.dll); driver 32.0.15.9186,false,2048,1129,assets/heightmaps/Hm_Terrain_Peking_513.png,547,547,80.000,12.000,20,0.250,0.100,200000,false,21,64,0.333,0.036,-29.000,17.402,50.229,0.449,285940,285940,2795,2795,350,3185,10547,0,0,0,0,0,0,0,0,0,0,0,0,0,0.000,0.036,0.033,0.000,0.000,0.000,0.000,0.000,0.000,0.000,0.000,0.000,0.000,0.000,0.000,0.000,0.000,0.000,0.000,0.000,0.000,0.000,0.000,0.000,0.000,0.000,0.130,0.280,0,428,0.060,0.017,0.015,0.001,20,1048576,2.050,Off,ModifiedOnly,1,46,44,44,44,2,false,285934,762642,2445,8102,2943,2721,3185,6334,6313,36,3149,2659,62,62,12,0.263,0.000,0.000,0.006,0.024,0.012,0.018,0.016,0.008,0.006,0.005,0.006,0.006,0.002,0.002,0.002,0.021,0.014,0.001,0.113
CBT 2024,cbt_2024_official_baseline_v1,Release,D3D12,NVIDIA GeForce RTX 5090 D,Direct3D 12 (feature level 12_0); requested Agility SDK 614; runtime 6.2.26100.8972 (C:\WINDOWS\SYSTEM32\D3D12Core.dll); driver 32.0.15.9186,false,2048,1129,assets/heightmaps/Hm_Terrain_Peking_513.png,547,547,80.000,12.000,20,0.250,0.100,200000,false,22,64,0.349,0.037,-33.857,17.156,47.092,0.303,283287,283287,3099,3099,328,2975,10368,0,0,0,0,0,0,0,0,0,0,0,0,0,0.000,0.034,0.031,0.000,0.000,0.000,0.000,0.000,0.000,0.000,0.000,0.000,0.000,0.000,0.000,0.000,0.000,0.000,0.000,0.000,0.000,0.000,0.000,0.000,0.000,0.000,0.198,0.282,0,428,0.063,0.016,0.015,0.001,20,1048576,2.050,Off,ModifiedOnly,1,47,45,45,45,2,false,283281,765295,2771,7597,3281,3006,2975,5934,5903,16,2959,2929,77,81,12,0.264,0.000,0.000,0.006,0.023,0.013,0.019,0.017,0.009,0.006,0.005,0.006,0.006,0.002,0.002,0.002,0.020,0.015,0.001,0.113
CBT 2024,cbt_2024_official_baseline_v1,Release,D3D12,NVIDIA GeForce RTX 5090 D,Direct3D 12 (feature level 12_0); requested Agility SDK 614; runtime 6.2.26100.8972 (C:\WINDOWS\SYSTEM32\D3D12Core.dll); driver 32.0.15.9186,false,2048,1129,assets/heightmaps/Hm_Terrain_Peking_513.png,547,547,80.000,12.000,20,0.250,0.100,200000,false,23,64,0.365,0.037,-38.378,17.023,43.487,0.358,279570,279570,3089,3089,271,3518,11577,0,0,0,0,0,0,0,0,0,0,0,0,0,0.000,0.033,0.031,0.000,0.000,0.000,0.000,0.000,0.000,0.000,0.000,0.000,0.000,0.000,0.000,0.000,0.000,0.000,0.000,0.000,0.000,0.000,0.000,0.000,0.000,0.000,0.199,0.276,0,428,0.059,0.016,0.018,0.001,20,1048576,2.050,Off,ModifiedOnly,1,48,46,46,46,2,false,279564,769012,2818,8759,3292,2988,3518,7009,6989,27,3491,2898,90,89,12,0.258,0.000,0.000,0.006,0.023,0.012,0.018,0.016,0.008,0.006,0.005,0.006,0.006,0.002,0.002,0.002,0.020,0.018,0.001,0.107
CBT 2024,cbt_2024_official_baseline_v1,Release,D3D12,NVIDIA GeForce RTX 5090 D,Direct3D 12 (feature level 12_0); requested Agility SDK 614; runtime 6.2.26100.8972 (C:\WINDOWS\SYSTEM32\D3D12Core.dll); driver 32.0.15.9186,false,2048,1129,assets/heightmaps/Hm_Terrain_Peking_513.png,547,547,80.000,12.000,20,0.250,0.100,200000,false,24,64,0.381,0.037,-42.517,17.008,39.450,0.362,278664,278664,5300,5300,481,3233,12867,0,0,0,0,0,0,0,0,0,0,0,0,0,0.000,0.032,0.030,0.000,0.000,0.000,0.000,0.000,0.000,0.000,0.000,0.000,0.000,0.000,0.000,0.000,0.000,0.000,0.000,0.000,0.000,0.000,0.000,0.000,0.000,0.000,0.200,0.280,0,428,0.062,0.016,0.019,0.001,20,1048576,2.050,Off,ModifiedOnly,1,49,47,47,47,2,false,278658,769918,4819,8048,5540,5178,3233,6446,6428,20,3213,5068,110,114,8,0.261,0.000,0.000,0.006,0.023,0.013,0.018,0.017,0.008,0.006,0.005,0.006,0.006,0.002,0.002,0.002,0.021,0.018,0.001,0.107
CBT 2024,cbt_2024_official_baseline_v1,Release,D3D12,NVIDIA GeForce RTX 5090 D,Direct3D 12 (feature level 12_0); requested Agility SDK 614; runtime 6.2.26100.8972 (C:\WINDOWS\SYSTEM32\D3D12Core.dll); driver 32.0.15.9186,false,2048,1129,assets/heightmaps/Hm_Terrain_Peking_513.png,547,547,80.000,12.000,20,0.250,0.100,200000,false,25,64,0.397,0.038,-46.234,17.112,35.021,0.355,281050,281050,7137,7137,502,2534,13444,0,0,0,0,0,0,0,0,0,0,0,0,0,0.000,0.033,0.031,0.000,0.000,0.000,0.000,0.000,0.000,0.000,0.000,0.000,0.000,0.000,0.000,0.000,0.000,0.000,0.000,0.000,0.000,0.000,0.000,0.000,0.000,0.000,0.207,0.279,0,428,0.061,0.016,0.019,0.002,20,1048576,2.050,Off,ModifiedOnly,1,50,48,48,48,2,false,281044,767532,6635,6809,7430,6991,2534,5044,5018,24,2510,6864,127,126,20,0.260,0.000,0.000,0.006,0.022,0.013,0.019,0.015,0.008,0.006,0.005,0.006,0.005,0.002,0.002,0.002,0.021,0.019,0.002,0.108
CBT 2024,cbt_2024_official_baseline_v1,Release,D3D12,NVIDIA GeForce RTX 5090 D,Direct3D 12 (feature level 12_0); requested Agility SDK 614; runtime 6.2.26100.8972 (C:\WINDOWS\SYSTEM32\D3D12Core.dll); driver 32.0.15.9186,false,2048,1129,assets/heightmaps/Hm_Terrain_Peking_513.png,547,547,80.000,12.000,20,0.250,0.100,200000,false,26,64,0.413,0.038,-49.491,17.330,30.243,0.366,280836,280836,6086,6086,443,3320,14071,0,0,0,0,0,0,0,0,0,0,0,0,0,0.000,0.033,0.031,0.000,0.000,0.000,0.000,0.000,0.000,0.000,0.000,0.000,0.000,0.000,0.000,0.000,0.000,0.000,0.000,0.000,0.000,0.000,0.000,0.000,0.000,0.000,0.238,0.314,0,428,0.062,0.016,0.055,0.002,20,1048576,2.050,Off,ModifiedOnly,1,51,49,49,49,2,false,280830,767746,5643,8428,6404,5925,3320,6618,6596,22,3298,5782,143,147,14,0.296,0.000,0.000,0.007,0.022,0.013,0.018,0.016,0.008,0.006,0.005,0.006,0.006,0.002,0.002,0.002,0.021,0.055,0.002,0.106
CBT 2024,cbt_2024_official_baseline_v1,Release,D3D12,NVIDIA GeForce RTX 5090 D,Direct3D 12 (feature level 12_0); requested Agility SDK 614; runtime 6.2.26100.8972 (C:\WINDOWS\SYSTEM32\D3D12Core.dll); driver 32.0.15.9186,false,2048,1129,assets/heightmaps/Hm_Terrain_Peking_513.png,547,547,80.000,12.000,20,0.250,0.100,200000,false,27,64,0.429,0.039,-52.256,17.655,25.165,0.394,280914,280914,5552,5552,575,2910,12376,0,0,0,0,0,0,0,0,0,0,0,0,0,0.000,0.033,0.030,0.000,0.000,0.000,0.000,0.000,0.000,0.000,0.000,0.000,0.000,0.000,0.000,0.000,0.000,0.000,0.000,0.000,0.000,0.000,0.000,0.000,0.000,0.000,0.216,0.284,0,428,0.063,0.016,0.022,0.001,20,1048576,2.050,Off,ModifiedOnly,1,52,50,50,50,2,false,280908,767668,4977,7399,5882,5388,2910,5804,5772,16,2894,5245,143,141,23,0.266,0.000,0.000,0.006,0.022,0.014,0.019,0.016,0.008,0.006,0.005,0.006,0.006,0.002,0.002,0.002,0.021,0.022,0.001,0.108
CBT 2024,cbt_2024_official_baseline_v1,Release,D3D12,NVIDIA GeForce RTX 5090 D,Direct3D 12 (feature level 12_0); requested Agility SDK 614; runtime 6.2.26100.8972 (C:\WINDOWS\SYSTEM32\D3D12Core.dll); driver 32.0.15.9186,false,2048,1129,assets/heightmaps/Hm_Terrain_Peking_513.png,547,547,80.000,12.000,20,0.250,0.100,200000,false,28,64,0.444,0.039,-54.502,18.072,19.837,0.369,283576,283576,6719,6719,588,2192,11868,0,0,0,0,0,0,0,0,0,0,0,0,0,0.000,0.049,0.044,0.000,0.000,0.000,0.000,0.000,0.000,0.000,0.000,0.000,0.000,0.000,0.000,0.000,0.000,0.000,0.000,0.000,0.000,0.000,0.000,0.000,0.000,0.000,0.219,0.285,0,428,0.062,0.016,0.023,0.001,20,1048576,2.050,Off,ModifiedOnly,1,53,51,51,51,2,false,283570,765006,6131,5737,7012,6571,2192,4350,4342,34,2158,6457,114,117,31,0.267,0.000,0.000,0.007,0.021,0.013,0.019,0.016,0.008,0.006,0.005,0.006,0.005,0.002,0.002,0.002,0.021,0.023,0.001,0.109
CBT 2024,cbt_2024_official_baseline_v1,Release,D3D12,NVIDIA GeForce RTX 5090 D,Direct3D 12 (feature level 12_0); requested Agility SDK 614; runtime 6.2.26100.8972 (C:\WINDOWS\SYSTEM32\D3D12Core.dll); driver 32.0.15.9186,false,2048,1129,assets/heightmaps/Hm_Terrain_Peking_513.png,547,547,80.000,12.000,20,0.250,0.100,200000,false,29,64,0.460,0.039,-56.206,18.565,14.312,0.477,286706,286706,6099,6099,585,1611,10059,0,0,0,0,0,0,0,0,0,0,0,0,0,0.000,0.042,0.038,0.000,0.000,0.000,0.000,0.000,0.000,0.000,0.000,0.000,0.000,0.000,0.000,0.000,0.000,0.000,0.000,0.000,0.000,0.000,0.000,0.000,0.000,0.000,0.129,0.275,0,428,0.062,0.016,0.015,0.001,20,1048576,2.050,Off,ModifiedOnly,1,54,52,52,52,2,false,286700,761876,5514,4545,6340,5978,1611,3210,3197,12,1599,5880,98,99,22,0.258,0.000,0.000,0.006,0.020,0.013,0.020,0.016,0.008,0.006,0.005,0.006,0.005,0.002,0.002,0.002,0.020,0.015,0.001,0.111
CBT 2024,cbt_2024_official_baseline_v1,Release,D3D12,NVIDIA GeForce RTX 5090 D,Direct3D 12 (feature level 12_0); requested Agility SDK 614; runtime 6.2.26100.8972 (C:\WINDOWS\SYSTEM32\D3D12Core.dll); driver 32.0.15.9186,false,2048,1129,assets/heightmaps/Hm_Terrain_Peking_513.png,547,547,80.000,12.000,20,0.250,0.100,200000,false,30,64,0.476,0.040,-57.352,19.116,8.644,0.346,289760,289760,6008,6008,620,1593,9865,0,0,0,0,0,0,0,0,0,0,0,0,0,0.000,0.047,0.043,0.000,0.000,0.000,0.000,0.000,0.000,0.000,0.000,0.000,0.000,0.000,0.000,0.000,0.000,0.000,0.000,0.000,0.000,0.000,0.000,0.000,0.000,0.000,0.156,0.284,0,428,0.064,0.016,0.019,0.002,20,1048576,2.050,Off,ModifiedOnly,1,55,53,53,53,2,false,289754,758822,5388,4477,6219,5902,1593,3165,3145,21,1572,5827,75,76,30,0.268,0.000,0.000,0.007,0.022,0.014,0.020,0.017,0.008,0.006,0.005,0.006,0.005,0.002,0.002,0.002,0.021,0.019,0.002,0.112
CBT 2024,cbt_2024_official_baseline_v1,Release,D3D12,NVIDIA GeForce RTX 5090 D,Direct3D 12 (feature level 12_0); requested Agility SDK 614; runtime 6.2.26100.8972 (C:\WINDOWS\SYSTEM32\D3D12Core.dll); driver 32.0.15.9186,false,2048,1129,assets/heightmaps/Hm_Terrain_Peking_513.png,547,547,80.000,12.000,20,0.250,0.100,200000,false,31,64,0.492,0.040,-57.928,19.701,2.891,0.413,291476,291476,4985,4985,499,1720,9301,0,0,0,0,0,0,0,0,0,0,0,0,0,0.000,0.060,0.056,0.000,0.000,0.000,0.000,0.000,0.000,0.000,0.000,0.000,0.000,0.000,0.000,0.000,0.000,0.000,0.000,0.000,0.000,0.000,0.000,0.000,0.000,0.000,1.733,0.370,0,428,0.068,0.061,0.017,0.001,20,1048576,2.050,Off,ModifiedOnly,1,56,54,54,54,2,false,291470,757106,4486,4815,5124,4912,1720,3408,3392,32,1688,4863,49,56,17,0.353,0.000,0.000,0.009,0.029,0.015,0.019,0.019,0.009,0.006,0.047,0.008,0.006,0.002,0.002,0.002,0.020,0.017,0.001,0.143
CBT 2024,cbt_2024_official_baseline_v1,Release,D3D12,NVIDIA GeForce RTX 5090 D,Direct3D 12 (feature level 12_0); requested Agility SDK 614; runtime 6.2.26100.8972 (C:\WINDOWS\SYSTEM32\D3D12Core.dll); driver 32.0.15.9186,false,2048,1129,assets/heightmaps/Hm_Terrain_Peking_513.png,547,547,80.000,12.000,20,0.250,0.100,200000,false,32,64,0.508,0.042,-57.928,20.299,-2.891,2.026,292270,292270,4219,4219,479,1794,8689,0,0,0,0,0,0,0,0,0,0,0,0,0,0.000,0.047,0.043,0.000,0.000,0.000,0.000,0.000,0.000,0.000,0.000,0.000,0.000,0.000,0.000,0.000,0.000,0.000,0.000,0.000,0.000,0.000,0.000,0.000,0.000,0.000,0.322,0.287,0,428,0.060,0.016,0.015,0.001,20,1048576,2.050,Off,ModifiedOnly,1,57,55,55,55,2,false,292264,756312,3740,4949,4358,4152,1794,3564,3546,24,1770,4093,59,54,13,0.268,0.000,0.001,0.006,0.024,0.014,0.017,0.016,0.007,0.006,0.005,0.006,0.005,0.002,0.002,0.002,0.020,0.014,0.001,0.119
CBT 2024,cbt_2024_official_baseline_v1,Release,D3D12,NVIDIA GeForce RTX 5090 D,Direct3D 12 (feature level 12_0); requested Agility SDK 614; runtime 6.2.26100.8972 (C:\WINDOWS\SYSTEM32\D3D12Core.dll); driver 32.0.15.9186,false,2048,1129,assets/heightmaps/Hm_Terrain_Peking_513.png,547,547,80.000,12.000,20,0.250,0.100,200000,false,33,64,0.524,0.043,-57.352,20.884,-8.644,0.618,294591,294591,5386,5386,525,1629,9414,0,0,0,0,0,0,0,0,0,0,0,0,0,0.000,0.145,0.132,0.000,0.000,0.000,0.000,0.000,0.000,0.000,0.000,0.000,0.000,0.000,0.000,0.000,0.000,0.000,0.000,0.000,0.000,0.000,0.000,0.000,0.000,0.000,0.540,0.287,0,428,0.063,0.016,0.015,0.002,20,1048576,2.050,Off,ModifiedOnly,1,58,56,56,56,2,false,294585,753991,4861,4553,5560,5295,1629,3239,3222,19,1610,5226,69,77,14,0.270,0.000,0.000,0.006,0.024,0.013,0.019,0.017,0.008,0.006,0.005,0.006,0.005,0.002,0.002,0.002,0.021,0.014,0.002,0.118
CBT 2024,cbt_2024_official_baseline_v1,Release,D3D12,NVIDIA GeForce RTX 5090 D,Direct3D 12 (feature level 12_0); requested Agility SDK 614; runtime 6.2.26100.8972 (C:\WINDOWS\SYSTEM32\D3D12Core.dll); driver 32.0.15.9186,false,2048,1129,assets/heightmaps/Hm_Terrain_Peking_513.png,547,547,80.000,12.000,20,0.250,0.100,200000,false,34,64,0.540,0.044,-56.206,21.435,-14.312,1.307,296609,296609,4403,4403,501,1299,7736,0,0,0,0,0,0,0,0,0,0,0,0,0,0.000,0.057,0.053,0.000,0.000,0.000,0.000,0.000,0.000,0.000,0.000,0.000,0.000,0.000,0.000,0.000,0.000,0.000,0.000,0.000,0.000,0.000,0.000,0.000,0.000,0.000,0.000,0.286,0,428,0.063,0.016,0.014,0.001,20,1048576,2.050,Off,ModifiedOnly,1,59,57,57,57,2,false,296603,751973,3902,3834,4599,4305,1299,2581,2574,17,1282,4228,77,77,21,0.268,0.000,0.000,0.006,0.021,0.014,0.018,0.017,0.008,0.006,0.005,0.006,0.005,0.002,0.002,0.002,0.021,0.014,0.001,0.120
CBT 2024,cbt_2024_official_baseline_v1,Release,D3D12,NVIDIA GeForce RTX 5090 D,Direct3D 12 (feature level 12_0); requested Agility SDK 614; runtime 6.2.26100.8972 (C:\WINDOWS\SYSTEM32\D3D12Core.dll); driver 32.0.15.9186,false,2048,1129,assets/heightmaps/Hm_Terrain_Peking_513.png,547,547,80.000,12.000,20,0.250,0.100,200000,false,35,64,0.556,0.044,-54.502,21.928,-19.837,0.256,297693,297693,4011,4011,562,1570,7837,0,0,0,0,0,0,0,0,0,0,0,0,0,0.000,0.036,0.033,0.000,0.000,0.000,0.000,0.000,0.000,0.000,0.000,0.000,0.000,0.000,0.000,0.000,0.000,0.000,0.000,0.000,0.000,0.000,0.000,0.000,0.000,0.000,0.000,0.283,0,428,0.061,0.016,0.014,0.002,20,1048576,2.050,Off,ModifiedOnly,1,60,58,58,58,2,false,297687,750889,3449,4388,4222,3908,1570,3138,3109,2,1568,3821,87,82,21,0.266,0.000,0.000,0.006,0.022,0.013,0.018,0.016,0.008,0.006,0.004,0.006,0.005,0.003,0.002,0.002,0.020,0.014,0.002,0.118
CBT 2024,cbt_2024_official_baseline_v1,Release,D3D12,NVIDIA GeForce RTX 5090 D,Direct3D 12 (feature level 12_0); requested Agility SDK 614; runtime 6.2.26100.8972 (C:\WINDOWS\SYSTEM32\D3D12Core.dll); driver 32.0.15.9186,false,2048,1129,assets/heightmaps/Hm_Terrain_Peking_513.png,547,547,80.000,12.000,20,0.250,0.100,200000,false,36,64,0.571,0.045,-52.256,22.345,-25.165,0.187,298358,298358,4572,4572,600,2073,9391,0,0,0,0,0,0,0,0,0,0,0,0,0,0.000,0.058,0.052,0.000,0.000,0.000,0.000,0.000,0.000,0.000,0.000,0.000,0.000,0.000,0.000,0.000,0.000,0.000,0.000,0.000,0.000,0.000,0.000,0.000,0.000,0.000,0.075,0.288,0,428,0.063,0.016,0.015,0.001,20,1048576,2.050,Off,ModifiedOnly,1,61,59,59,59,2,false,298352,750224,3972,5419,4786,4464,2073,4121,4086,25,2048,4372,92,94,14,0.269,0.000,0.000,0.006,0.023,0.013,0.019,0.017,0.008,0.006,0.005,0.006,0.005,0.002,0.002,0.002,0.021,0.015,0.001,0.119
CBT 2024,cbt_2024_official_baseline_v1,Release,D3D12,NVIDIA GeForce RTX 5090 D,Direct3D 12 (feature level 12_0); requested Agility SDK 614; runtime 6.2.26100.8972 (C:\WINDOWS\SYSTEM32\D3D12Core.dll); driver 32.0.15.9186,false,2048,1129,assets/heightmaps/Hm_Terrain_Peking_513.png,547,547,80.000,12.000,20,0.250,0.100,200000,false,37,64,0.587,0.045,-49.491,22.670,-30.243,0.371,300204,300204,6295,6295,820,2372,11457,0,0,0,0,0,0,0,0,0,0,0,0,0,0.000,0.060,0.052,0.000,0.000,0.000,0.000,0.000,0.000,0.000,0.000,0.000,0.000,0.000,0.000,0.000,0.000,0.000,0.000,0.000,0.000,0.000,0.000,0.000,0.000,0.000,0.120,0.316,0,428,0.063,0.016,0.043,0.001,20,1048576,2.050,Off,ModifiedOnly,1,62,60,60,60,2,false,300198,748378,5475,5982,6560,6164,2372,4714,4692,30,2342,6060,104,101,30,0.298,0.000,0.000,0.006,0.023,0.015,0.018,0.016,0.008,0.006,0.005,0.006,0.005,0.002,0.002,0.002,0.021,0.043,0.001,0.119
CBT 2024,cbt_2024_official_baseline_v1,Release,D3D12,NVIDIA GeForce RTX 5090 D,Direct3D 12 (feature level 12_0); requested Agility SDK 614; runtime 6.2.26100.8972 (C:\WINDOWS\SYSTEM32\D3D12Core.dll); driver 32.0.15.9186,false,2048,1129,assets/heightmaps/Hm_Terrain_Peking_513.png,547,547,80.000,12.000,20,0.250,0.100,200000,false,38,64,0.603,0.045,-46.234,22.888,-35.021,0.458,302313,302313,6262,6262,822,2229,11079,0,0,0,0,0,0,0,0,0,0,0,0,0,0.000,0.048,0.043,0.000,0.000,0.000,0.000,0.000,0.000,0.000,0.000,0.000,0.000,0.000,0.000,0.000,0.000,0.000,0.000,0.000,0.000,0.000,0.000,0.000,0.000,0.000,0.102,0.332,0,428,0.065,0.016,0.055,0.002,20,1048576,2.050,Off,ModifiedOnly,1,63,61,61,61,2,false,302307,746269,5440,5639,6554,6115,2229,4445,4426,13,2216,5993,122,124,23,0.314,0.000,0.000,0.006,0.023,0.014,0.020,0.017,0.008,0.006,0.005,0.006,0.005,0.002,0.002,0.002,0.021,0.055,0.002,0.119
CBT 2024,cbt_2024_official_baseline_v1,Release,D3D12,NVIDIA GeForce RTX 5090 D,Direct3D 12 (feature level 12_0); requested Agility SDK 614; runtime 6.2.26100.8972 (C:\WINDOWS\SYSTEM32\D3D12Core.dll); driver 32.0.15.9186,false,2048,1129,assets/heightmaps/Hm_Terrain_Peking_513.png,547,547,80.000,12.000,20,0.250,0.100,200000,false,39,64,0.619,0.046,-42.517,22.992,-39.450,0.362,303957,303957,6086,6086,644,2399,11519,0,0,0,0,0,0,0,0,0,0,0,0,0,0.000,0.038,0.034,0.000,0.000,0.000,0.000,0.000,0.000,0.000,0.000,0.000,0.000,0.000,0.000,0.000,0.000,0.000,0.000,0.000,0.000,0.000,0.000,0.000,0.000,0.000,0.150,0.312,0,428,0.064,0.016,0.040,0.001,20,1048576,2.050,Off,ModifiedOnly,1,64,62,62,62,2,false,303951,744625,5442,6077,6424,5916,2399,4780,4768,18,2381,5773,143,145,25,0.295,0.000,0.000,0.006,0.022,0.014,0.020,0.016,0.008,0.006,0.004,0.006,0.006,0.002,0.002,0.002,0.021,0.040,0.001,0.118
CBT 2024,cbt_2024_official_baseline_v1,Release,D3D12,NVIDIA GeForce RTX 5090 D,Direct3D 12 (feature level 12_0); requested Agility SDK 614; runtime 6.2.26100.8972 (C:\WINDOWS\SYSTEM32\D3D12Core.dll); driver 32.0.15.9186,false,2048,1129,assets/heightmaps/Hm_Terrain_Peking_513.png,547,547,80.000,12.000,20,0.250,0.100,200000,false,40,64,0.635,0.046,-38.378,22.977,-43.487,0.336,304088,304088,5121,5121,647,2689,11014,0,0,0,0,0,0,0,0,0,0,0,0,0,0.000,0.041,0.037,0.000,0.000,0.000,0.000,0.000,0.000,0.000,0.000,0.000,0.000,0.000,0.000,0.000,0.000,0.000,0.000,0.000,0.000,0.000,0.000,0.000,0.000,0.000,0.197,0.293,0,428,0.066,0.016,0.016,0.002,20,1048576,2.050,Off,ModifiedOnly,1,65,63,63,63,2,false,304082,744494,4474,6540,5499,4933,2689,5368,5339,10,2679,4764,169,167,21,0.274,0.000,0.000,0.006,0.022,0.015,0.020,0.017,0.008,0.006,0.005,0.006,0.005,0.002,0.002,0.002,0.021,0.016,0.002,0.118
CBT 2024,cbt_2024_official_baseline_v1,Release,D3D12,NVIDIA GeForce RTX 5090 D,Direct3D 12 (feature level 12_0); requested Agility SDK 614; runtime 6.2.26100.8972 (C:\WINDOWS\SYSTEM32\D3D12Core.dll); driver 32.0.15.9186,false,2048,1129,assets/heightmaps/Hm_Terrain_Peking_513.png,547,547,80.000,12.000,20,0.250,0.100,200000,false,41,64,0.651,0.047,-33.857,22.844,-47.092,0.391,304185,304185,4762,4762,500,2536,10402,0,0,0,0,0,0,0,0,0,0,0,0,0,0.000,0.036,0.033,0.000,0.000,0.000,0.000,0.000,0.000,0.000,0.000,0.000,0.000,0.000,0.000,0.000,0.000,0.000,0.000,0.000,0.000,0.000,0.000,0.000,0.000,0.000,0.186,0.288,0,428,0.063,0.016,0.015,0.001,20,1048576,2.050,Off,ModifiedOnly,1,66,64,64,64,2,false,304179,744397,4262,6140,5159,4563,2536,5062,5031,10,2526,4387,176,177,22,0.269,0.000,0.000,0.005,0.022,0.013,0.019,0.017,0.008,0.006,0.005,0.006,0.005,0.002,0.002,0.002,0.021,0.015,0.001,0.118
CBT 2024,cbt_2024_official_baseline_v1,Release,D3D12,NVIDIA GeForce RTX 5090 D,Direct3D 12 (feature level 12_0); requested Agility SDK 614; runtime 6.2.26100.8972 (C:\WINDOWS\SYSTEM32\D3D12Core.dll); driver 32.0.15.9186,false,2048,1129,assets/heightmaps/Hm_Terrain_Peking_513.png,547,547,80.000,12.000,20,0.250,0.100,200000,false,42,64,0.667,0.047,-29.000,22.598,-50.229,0.355,305022,305022,4740,4740,423,2144,9612,0,0,0,0,0,0,0,0,0,0,0,0,0,0.000,0.035,0.032,0.000,0.000,0.000,0.000,0.000,0.000,0.000,0.000,0.000,0.000,0.000,0.000,0.000,0.000,0.000,0.000,0.000,0.000,0.000,0.000,0.000,0.000,0.000,0.221,0.290,0,428,0.065,0.016,0.016,0.001,20,1048576,2.050,Off,ModifiedOnly,1,67,65,65,65,2,false,305016,743560,4317,5295,5115,4553,2144,4278,4266,10,2134,4379,174,173,14,0.273,0.000,0.000,0.006,0.022,0.013,0.021,0.017,0.009,0.006,0.005,0.006,0.005,0.002,0.002,0.002,0.021,0.016,0.001,0.118
CBT 2024,cbt_2024_official_baseline_v1,Release,D3D12,NVIDIA GeForce RTX 5090 D,Direct3D 12 (feature level 12_0); requested Agility SDK 614; runtime 6.2.26100.8972 (C:\WINDOWS\SYSTEM32\D3D12Core.dll); driver 32.0.15.9186,false,2048,1129,assets/heightmaps/Hm_Terrain_Peking_513.png,547,547,80.000,12.000,20,0.250,0.100,200000,false,43,64,0.683,0.047,-23.855,22.249,-52.867,0.389,305958,305958,4206,4206,296,1815,8544,0,0,0,0,0,0,0,0,0,0,0,0,0,0.000,0.034,0.031,0.000,0.000,0.000,0.000,0.000,0.000,0.000,0.000,0.000,0.000,0.000,0.000,0.000,0.000,0.000,0.000,0.000,0.000,0.000,0.000,0.000,0.000,0.000,0.199,0.283,0,428,0.062,0.016,0.013,0.001,20,1048576,2.050,Off,ModifiedOnly,1,68,66,66,66,2,false,305952,742624,3910,4634,4552,4033,1815,3616,3607,14,1801,3870,163,163,10,0.265,0.000,0.000,0.006,0.022,0.013,0.018,0.017,0.008,0.006,0.005,0.006,0.005,0.002,0.002,0.002,0.021,0.013,0.001,0.117
CBT 2024,cbt_2024_official_baseline_v1,Release,D3D12,NVIDIA GeForce RTX 5090 D,Direct3D 12 (feature level 12_0); requested Agility SDK 614; runtime 6.2.26100.8972 (C:\WINDOWS\SYSTEM32\D3D12Core.dll); driver 32.0.15.9186,false,2048,1129,assets/heightmaps/Hm_Terrain_Peking_513.png,547,547,80.000,12.000,20,0.250,0.100,200000,false,44,64,0.698,0.048,-18.472,21.811,-54.980,0.358,306848,306848,4573,4573,458,2007,9192,0,0,0,0,0,0,0,0,0,0,0,0,0,0.000,0.039,0.036,0.000,0.000,0.000,0.000,0.000,0.000,0.000,0.000,0.000,0.000,0.000,0.000,0.000,0.000,0.000,0.000,0.000,0.000,0.000,0.000,0.000,0.000,0.000,0.230,0.289,0,428,0.062,0.016,0.016,0.002,20,1048576,2.050,Off,ModifiedOnly,1,69,67,67,67,2,false,306842,741734,4115,5077,4886,4418,2007,3996,3987,18,1989,4272,146,143,12,0.271,0.000,0.000,0.006,0.023,0.013,0.018,0.017,0.008,0.006,0.005,0.007,0.005,0.002,0.002,0.002,0.021,0.016,0.002,0.120
CBT 2024,cbt_2024_official_baseline_v1,Release,D3D12,NVIDIA GeForce RTX 5090 D,Direct3D 12 (feature level 12_0); requested Agility SDK 614; runtime 6.2.26100.8972 (C:\WINDOWS\SYSTEM32\D3D12Core.dll); driver 32.0.15.9186,false,2048,1129,assets/heightmaps/Hm_Terrain_Peking_513.png,547,547,80.000,12.000,20,0.250,0.100,200000,false,45,64,0.714,0.048,-12.906,21.302,-56.546,0.420,308063,308063,5158,5158,513,2108,9944,0,0,0,0,0,0,0,0,0,0,0,0,0,0.000,0.035,0.032,0.000,0.000,0.000,0.000,0.000,0.000,0.000,0.000,0.000,0.000,0.000,0.000,0.000,0.000,0.000,0.000,0.000,0.000,0.000,0.000,0.000,0.000,0.000,0.190,0.291,0,428,0.062,0.016,0.017,0.002,20,1048576,2.050,Off,ModifiedOnly,1,70,68,68,68,2,false,308057,740519,4645,5299,5407,5033,2108,4192,4176,24,2084,4919,114,115,10,0.273,0.000,0.000,0.005,0.023,0.013,0.019,0.016,0.008,0.006,0.005,0.006,0.005,0.002,0.002,0.002,0.021,0.016,0.002,0.121
CBT 2024,cbt_2024_official_baseline_v1,Release,D3D12,NVIDIA GeForce RTX 5090 D,Direct3D 12 (feature level 12_0); requested Agility SDK 614; runtime 6.2.26100.8972 (C:\WINDOWS\SYSTEM32\D3D12Core.dll); driver 32.0.15.9186,false,2048,1129,assets/heightmaps/Hm_Terrain_Peking_513.png,547,547,80.000,12.000,20,0.250,0.100,200000,false,46,64,0.730,0.048,-7.212,20.740,-57.550,0.355,306746,306746,3542,3542,351,2521,9406,0,0,0,0,0,0,0,0,0,0,0,0,0,0.000,0.034,0.030,0.000,0.000,0.000,0.000,0.000,0.000,0.000,0.000,0.000,0.000,0.000,0.000,0.000,0.000,0.000,0.000,0.000,0.000,0.000,0.000,0.000,0.000,0.000,0.213,0.290,0,428,0.061,0.017,0.015,0.001,20,1048576,2.050,Off,ModifiedOnly,1,71,69,69,69,2,false,306740,741836,3191,6215,3703,3462,2521,5020,5003,22,2499,3387,75,74,6,0.272,0.000,0.000,0.006,0.023,0.012,0.018,0.017,0.008,0.006,0.005,0.006,0.005,0.002,0.002,0.002,0.021,0.015,0.001,0.122
CBT 2024,cbt_2024_official_baseline_v1,Release,D3D12,NVIDIA GeForce RTX 5090 D,Direct3D 12 (feature level 12_0); requested Agility SDK 614; runtime 6.2.26100.8972 (C:\WINDOWS\SYSTEM32\D3D12Core.dll); driver 32.0.15.9186,false,2048,1129,assets/heightmaps/Hm_Terrain_Peking_513.png,547,547,80.000,12.000,20,0.250,0.100,200000,false,47,64,0.746,0.049,-1.446,20.150,-57.982,0.377,303012,303012,2447,2447,355,3166,9543,0,0,0,0,0,0,0,0,0,0,0,0,0,0.000,0.050,0.046,0.000,0.000,0.000,0.000,0.000,0.000,0.000,0.000,0.000,0.000,0.000,0.000,0.000,0.000,0.000,0.000,0.000,0.000,0.000,0.000,0.000,0.000,0.000,0.203,0.282,0,428,0.059,0.016,0.014,0.001,20,1048576,2.050,Off,ModifiedOnly,1,72,70,70,70,2,false,303006,745570,2092,7451,2569,2385,3166,6303,6282,29,3137,2330,55,57,5,0.264,0.000,0.001,0.005,0.022,0.012,0.017,0.016,0.008,0.006,0.005,0.006,0.005,0.002,0.002,0.002,0.021,0.013,0.001,0.120
CBT 2024,cbt_2024_official_baseline_v1,Release,D3D12,NVIDIA GeForce RTX 5090 D,Direct3D 12 (feature level 12_0); requested Agility SDK 614; runtime 6.2.26100.8972 (C:\WINDOWS\SYSTEM32\D3D12Core.dll); driver 32.0.15.9186,false,2048,1129,assets/heightmaps/Hm_Terrain_Peking_513.png,547,547,80.000,12.000,20,0.250,0.100,200000,false,48,64,0.762,0.049,4.334,19.553,-57.838,0.455,301166,301166,2404,2404,351,2196,7530,0,0,0,0,0,0,0,0,0,0,0,0,0,0.000,0.039,0.035,0.000,0.000,0.000,0.000,0.000,0.000,0.000,0.000,0.000,0.000,0.000,0.000,0.000,0.000,0.000,0.000,0.000,0.000,0.000,0.000,0.000,0.000,0.000,0.121,0.282,0,428,0.061,0.016,0.012,0.001,20,1048576,2.050,Off,ModifiedOnly,1,73,71,71,71,2,false,301160,747416,2053,5477,2523,2346,2196,4369,4346,23,2173,2289,57,54,4,0.264,0.000,0.000,0.006,0.022,0.013,0.018,0.017,0.008,0.006,0.005,0.006,0.006,0.002,0.002,0.002,0.020,0.012,0.001,0.120
CBT 2024,cbt_2024_official_baseline_v1,Release,D3D12,NVIDIA GeForce RTX 5090 D,Direct3D 12 (feature level 12_0); requested Agility SDK 614; runtime 6.2.26100.8972 (C:\WINDOWS\SYSTEM32\D3D12Core.dll); driver 32.0.15.9186,false,2048,1129,assets/heightmaps/Hm_Terrain_Peking_513.png,547,547,80.000,12.000,20,0.250,0.100,200000,false,49,64,0.778,0.050,10.072,18.974,-57.119,0.304,299280,299280,2959,2959,433,2504,8835,0,0,0,0,0,0,0,0,0,0,0,0,0,0.000,0.036,0.032,0.000,0.000,0.000,0.000,0.000,0.000,0.000,0.000,0.000,0.000,0.000,0.000,0.000,0.000,0.000,0.000,0.000,0.000,0.000,0.000,0.000,0.000,0.000,0.186,0.281,0,428,0.060,0.016,0.014,0.001,20,1048576,2.050,Off,ModifiedOnly,1,74,72,72,72,2,false,299274,749302,2526,6309,3097,2889,2504,4983,4965,25,2479,2834,55,57,13,0.263,0.000,0.000,0.006,0.023,0.012,0.018,0.016,0.008,0.006,0.005,0.006,0.005,0.002,0.002,0.002,0.021,0.013,0.001,0.117
CBT 2024,cbt_2024_official_baseline_v1,Release,D3D12,NVIDIA GeForce RTX 5090 D,Direct3D 12 (feature level 12_0); requested Agility SDK 614; runtime 6.2.26100.8972 (C:\WINDOWS\SYSTEM32\D3D12Core.dll); driver 32.0.15.9186,false,2048,1129,assets/heightmaps/Hm_Terrain_Peking_513.png,547,547,80.000,12.000,20,0.250,0.100,200000,false,50,64,0.794,0.050,15.709,18.436,-55.832,0.352,297081,297081,3659,3659,456,3015,10495,0,0,0,0,0,0,0,0,0,0,0,0,0,0.000,0.034,0.031,0.000,0.000,0.000,0.000,0.000,0.000,0.000,0.000,0.000,0.000,0.000,0.000,0.000,0.000,0.000,0.000,0.000,0.000,0.000,0.000,0.000,0.000,0.000,0.207,0.288,0,428,0.062,0.017,0.015,0.001,20,1048576,2.050,Off,ModifiedOnly,1,75,73,73,73,2,false,297075,751501,3203,7292,3799,3589,3015,5998,5978,32,2983,3529,60,60,10,0.270,0.000,0.000,0.007,0.023,0.013,0.018,0.017,0.009,0.006,0.005,0.006,0.006,0.002,0.002,0.002,0.021,0.015,0.001,0.120
CBT 2024,cbt_2024_official_baseline_v1,Release,D3D12,NVIDIA GeForce RTX 5090 D,Direct3D 12 (feature level 12_0); requested Agility SDK 614; runtime 6.2.26100.8972 (C:\WINDOWS\SYSTEM32\D3D12Core.dll); driver 32.0.15.9186,false,2048,1129,assets/heightmaps/Hm_Terrain_Peking_513.png,547,547,80.000,12.000,20,0.250,0.100,200000,false,51,64,0.810,0.050,21.190,17.959,-53.991,0.379,294684,294684,3866,3866,414,3202,11462,0,0,0,0,0,0,0,0,0,0,0,0,0,0.000,0.035,0.032,0.000,0.000,0.000,0.000,0.000,0.000,0.000,0.000,0.000,0.000,0.000,0.000,0.000,0.000,0.000,0.000,0.000,0.000,0.000,0.000,0.000,0.000,0.000,0.197,0.286,0,428,0.061,0.016,0.015,0.002,20,1048576,2.050,Off,ModifiedOnly,1,76,74,74,74,2,false,294678,753898,3452,8010,3992,3802,3202,6389,6356,15,3187,3746,56,58,6,0.267,0.000,0.000,0.005,0.023,0.013,0.018,0.016,0.008,0.006,0.005,0.006,0.006,0.002,0.002,0.002,0.021,0.015,0.002,0.119
CBT 2024,cbt_2024_official_baseline_v1,Release,D3D12,NVIDIA GeForce RTX 5090 D,Direct3D 12 (feature level 12_0); requested Agility SDK 614; runtime 6.2.26100.8972 (C:\WINDOWS\SYSTEM32\D3D12Core.dll); driver 32.0.15.9186,false,2048,1129,assets/heightmaps/Hm_Terrain_Peking_513.png,547,547,80.000,12.000,20,0.250,0.100,200000,false,52,64,0.825,0.051,26.460,17.564,-51.613,0.368,291285,291285,3667,3667,429,3615,11899,0,0,0,0,0,0,0,0,0,0,0,0,0,0.000,0.034,0.031,0.000,0.000,0.000,0.000,0.000,0.000,0.000,0.000,0.000,0.000,0.000,0.000,0.000,0.000,0.000,0.000,0.000,0.000,0.000,0.000,0.000,0.000,0.000,0.209,0.294,0,428,0.062,0.016,0.026,0.001,20,1048576,2.050,Off,ModifiedOnly,1,77,75,75,75,2,false,291279,757297,3238,8661,3804,3599,3615,7203,7175,27,3588,3538,61,60,8,0.277,0.000,0.000,0.006,0.023,0.013,0.017,0.016,0.010,0.006,0.005,0.006,0.005,0.002,0.002,0.002,0.021,0.026,0.001,0.116
CBT 2024,cbt_2024_official_baseline_v1,Release,D3D12,NVIDIA GeForce RTX 5090 D,Direct3D 12 (feature level 12_0); requested Agility SDK 614; runtime 6.2.26100.8972 (C:\WINDOWS\SYSTEM32\D3D12Core.dll); driver 32.0.15.9186,false,2048,1129,assets/heightmaps/Hm_Terrain_Peking_513.png,547,547,80.000,12.000,20,0.250,0.100,200000,false,53,64,0.841,0.051,31.468,17.265,-48.722,0.369,289877,289877,4702,4702,397,3152,11938,0,0,0,0,0,0,0,0,0,0,0,0,0,0.000,0.034,0.031,0.000,0.000,0.000,0.000,0.000,0.000,0.000,0.000,0.000,0.000,0.000,0.000,0.000,0.000,0.000,0.000,0.000,0.000,0.000,0.000,0.000,0.000,0.000,0.211,0.286,0,428,0.060,0.016,0.020,0.001,20,1048576,2.050,Off,ModifiedOnly,1,78,76,76,76,2,false,289871,758705,4305,7633,4866,4619,3152,6274,6256,30,3122,4546,73,75,8,0.268,0.000,0.000,0.006,0.023,0.013,0.017,0.016,0.008,0.006,0.005,0.006,0.006,0.002,0.002,0.002,0.021,0.020,0.001,0.114
CBT 2024,cbt_2024_official_baseline_v1,Release,D3D12,NVIDIA GeForce RTX 5090 D,Direct3D 12 (feature level 12_0); requested Agility SDK 614; runtime 6.2.26100.8972 (C:\WINDOWS\SYSTEM32\D3D12Core.dll); driver 32.0.15.9186,false,2048,1129,assets/heightmaps/Hm_Terrain_Peking_513.png,547,547,80.000,12.000,20,0.250,0.100,200000,false,54,64,0.857,0.051,36.162,17.075,-45.346,0.373,287679,287679,4628,4628,443,3517,12372,0,0,0,0,0,0,0,0,0,0,0,0,0,0.000,0.034,0.031,0.000,0.000,0.000,0.000,0.000,0.000,0.000,0.000,0.000,0.000,0.000,0.000,0.000,0.000,0.000,0.000,0.000,0.000,0.000,0.000,0.000,0.000,0.000,0.212,0.284,0,428,0.061,0.016,0.017,0.002,20,1048576,2.050,Off,ModifiedOnly,1,79,77,77,77,2,false,287673,760903,4185,8187,4814,4533,3517,7012,6993,22,3495,4450,83,87,8,0.266,0.000,0.000,0.006,0.023,0.013,0.017,0.017,0.009,0.006,0.005,0.006,0.006,0.002,0.002,0.002,0.021,0.017,0.002,0.114
CBT 2024,cbt_2024_official_baseline_v1,Release,D3D12,NVIDIA GeForce RTX 5090 D,Direct3D 12 (feature level 12_0); requested Agility SDK 614; runtime 6.2.26100.8972 (C:\WINDOWS\SYSTEM32\D3D12Core.dll); driver 32.0.15.9186,false,2048,1129,assets/heightmaps/Hm_Terrain_Peking_513.png,547,547,80.000,12.000,20,0.250,0.100,200000,false,55,64,0.873,0.052,40.498,17.001,-41.520,0.372,288492,288492,5383,5383,566,2405,10761,0,0,0,0,0,0,0,0,0,0,0,0,0,0.000,0.034,0.031,0.000,0.000,0.000,0.000,0.000,0.000,0.000,0.000,0.000,0.000,0.000,0.000,0.000,0.000,0.000,0.000,0.000,0.000,0.000,0.000,0.000,0.000,0.000,0.205,0.284,0,428,0.063,0.016,0.020,0.001,20,1048576,2.050,Off,ModifiedOnly,1,80,78,78,78,2,false,288486,760090,4817,5944,5610,5269,2405,4797,4778,13,2392,5174,95,96,18,0.265,0.000,0.000,0.005,0.023,0.013,0.020,0.016,0.008,0.006,0.004,0.006,0.005,0.002,0.002,0.002,0.021,0.019,0.001,0.110
CBT 2024,cbt_2024_official_baseline_v1,Release,D3D12,NVIDIA GeForce RTX 5090 D,Direct3D 12 (feature level 12_0); requested Agility SDK 614; runtime 6.2.26100.8972 (C:\WINDOWS\SYSTEM32\D3D12Core.dll); driver 32.0.15.9186,false,2048,1129,assets/heightmaps/Hm_Terrain_Peking_513.png,547,547,80.000,12.000,20,0.250,0.100,200000,false,56,64,0.889,0.052,44.431,17.046,-37.282,0.365,289089,289089,6111,6111,627,2903,12344,0,0,0,0,0,0,0,0,0,0,0,0,0,0.000,0.034,0.031,0.000,0.000,0.000,0.000,0.000,0.000,0.000,0.000,0.000,0.000,0.000,0.000,0.000,0.000,0.000,0.000,0.000,0.000,0.000,0.000,0.000,0.000,0.000,0.239,0.316,0,428,0.060,0.016,0.055,0.001,20,1048576,2.050,Off,ModifiedOnly,1,81,79,79,79,2,false,289083,759493,5484,6860,6379,5977,2903,5782,5757,24,2879,5861,116,116,18,0.300,0.000,0.000,0.008,0.023,0.013,0.018,0.016,0.008,0.006,0.005,0.006,0.005,0.002,0.002,0.002,0.021,0.055,0.001,0.110
CBT 2024,cbt_2024_official_baseline_v1,Release,D3D12,NVIDIA GeForce RTX 5090 D,Direct3D 12 (feature level 12_0); requested Agility SDK 614; runtime 6.2.26100.8972 (C:\WINDOWS\SYSTEM32\D3D12Core.dll); driver 32.0.15.9186,false,2048,1129,assets/heightmaps/Hm_Terrain_Peking_513.png,547,547,80.000,12.000,20,0.250,0.100,200000,false,57,64,0.905,0.052,47.922,17.207,-32.673,0.397,291201,291201,6443,6443,643,2336,11552,0,0,0,0,0,0,0,0,0,0,0,0,0,0.000,0.050,0.046,0.000,0.000,0.000,0.000,0.000,0.000,0.000,0.000,0.000,0.000,0.000,0.000,0.000,0.000,0.000,0.000,0.000,0.000,0.000,0.000,0.000,0.000,0.000,0.214,0.278,0,428,0.061,0.016,0.017,0.001,20,1048576,2.050,Off,ModifiedOnly,1,82,80,80,80,2,false,291195,757381,5800,5752,6766,6281,2336,4654,4633,18,2318,6136,145,146,16,0.260,0.000,0.000,0.006,0.022,0.013,0.018,0.016,0.008,0.006,0.005,0.006,0.005,0.002,0.002,0.002,0.021,0.016,0.001,0.110
CBT 2024,cbt_2024_official_baseline_v1,Release,D3D12,NVIDIA GeForce RTX 5090 D,Direct3D 12 (feature level 12_0); requested Agility SDK 614; runtime 6.2.26100.8972 (C:\WINDOWS\SYSTEM32\D3D12Core.dll); driver 32.0.15.9186,false,2048,1129,assets/heightmaps/Hm_Terrain_Peking_513.png,547,547,80.000,12.000,20,0.250,0.100,200000,false,58,64,0.921,0.053,50.937,17.480,-27.739,0.462,292690,292690,5865,5865,438,2379,11225,0,0,0,0,0,0,0,0,0,0,0,0,0,0.000,0.048,0.043,0.000,0.000,0.000,0.000,0.000,0.000,0.000,0.000,0.000,0.000,0.000,0.000,0.000,0.000,0.000,0.000,0.000,0.000,0.000,0.000,0.000,0.000,0.000,0.182,0.323,0,428,0.063,0.016,0.056,0.001,20,1048576,2.050,Off,ModifiedOnly,1,83,81,81,81,2,false,292684,755892,5427,5798,6235,5679,2379,4746,4731,12,2367,5513,166,168,18,0.304,0.000,0.000,0.005,0.022,0.013,0.019,0.016,0.008,0.006,0.005,0.006,0.005,0.002,0.002,0.002,0.021,0.055,0.001,0.115
CBT 2024,cbt_2024_official_baseline_v1,Release,D3D12,NVIDIA GeForce RTX 5090 D,Direct3D 12 (feature level 12_0); requested Agility SDK 614; runtime 6.2.26100.8972 (C:\WINDOWS\SYSTEM32\D3D12Core.dll); driver 32.0.15.9186,false,2048,1129,assets/heightmaps/Hm_Terrain_Peking_513.png,547,547,80.000,12.000,20,0.250,0.100,200000,false,59,64,0.937,0.053,53.446,17.852,-22.529,0.423,292254,292254,4120,4120,335,2448,9737,0,0,0,0,0,0,0,0,0,0,0,0,0,0.000,0.037,0.034,0.000,0.000,0.000,0.000,0.000,0.000,0.000,0.000,0.000,0.000,0.000,0.000,0.000,0.000,0.000,0.000,0.000,0.000,0.000,0.000,0.000,0.000,0.000,0.122,0.280,0,428,0.061,0.016,0.014,0.001,20,1048576,2.050,Off,ModifiedOnly,1,84,82,82,82,2,false,292248,756328,3785,5952,4448,3956,2448,4884,4846,12,2436,3812,144,144,20,0.263,0.000,0.000,0.007,0.022,0.013,0.018,0.016,0.009,0.005,0.005,0.006,0.005,0.002,0.002,0.002,0.021,0.014,0.001,0.113
CBT 2024,cbt_2024_official_baseline_v1,Release,D3D12,NVIDIA GeForce RTX 5090 D,Direct3D 12 (feature level 12_0); requested Agility SDK 614; runtime 6.2.26100.8972 (C:\WINDOWS\SYSTEM32\D3D12Core.dll); driver 32.0.15.9186,false,2048,1129,assets/heightmaps/Hm_Terrain_Peking_513.png,547,547,80.000,12.000,20,0.250,0.100,200000,false,60,64,0.952,0.054,55.423,18.310,-17.096,0.301,290404,290404,3421,3421,361,2783,9606,0,0,0,0,0,0,0,0,0,0,0,0,0,0.000,0.035,0.032,0.000,0.000,0.000,0.000,0.000,0.000,0.000,0.000,0.000,0.000,0.000,0.000,0.000,0.000,0.000,0.000,0.000,0.000,0.000,0.000,0.000,0.000,0.000,0.189,0.276,0,428,0.062,0.016,0.015,0.001,20,1048576,2.050,Off,ModifiedOnly,1,85,83,83,83,2,false,290398,758178,3060,6546,3686,3288,2783,5536,5527,30,2753,3170,118,119,14,0.258,0.000,0.000,0.005,0.022,0.013,0.018,0.017,0.008,0.006,0.005,0.006,0.005,0.002,0.002,0.002,0.020,0.014,0.001,0.112
CBT 2024,cbt_2024_official_baseline_v1,Release,D3D12,NVIDIA GeForce RTX 5090 D,Direct3D 12 (feature level 12_0); requested Agility SDK 614; runtime 6.2.26100.8972 (C:\WINDOWS\SYSTEM32\D3D12Core.dll); driver 32.0.15.9186,false,2048,1129,assets/heightmaps/Hm_Terrain_Peking_513.png,547,547,80.000,12.000,20,0.250,0.100,200000,false,61,64,0.968,0.054,56.850,18.835,-11.492,0.351,291622,291622,4319,4319,441,1671,8184,0,0,0,0,0,0,0,0,0,0,0,0,0,0.000,0.033,0.031,0.000,0.000,0.000,0.000,0.000,0.000,0.000,0.000,0.000,0.000,0.000,0.000,0.000,0.000,0.000,0.000,0.000,0.000,0.000,0.000,0.000,0.000,0.000,0.200,0.278,0,428,0.062,0.016,0.014,0.001,20,1048576,2.050,Off,ModifiedOnly,1,86,84,84,84,2,false,291616,756960,3878,4306,4550,4202,1671,3332,3311,10,1661,4108,94,97,20,0.259,0.000,0.000,0.005,0.022,0.013,0.018,0.016,0.009,0.006,0.004,0.006,0.005,0.002,0.002,0.002,0.020,0.014,0.001,0.113
CBT 2024,cbt_2024_official_baseline_v1,Release,D3D12,NVIDIA GeForce RTX 5090 D,Direct3D 12 (feature level 12_0); requested Agility SDK 614; runtime 6.2.26100.8972 (C:\WINDOWS\SYSTEM32\D3D12Core.dll); driver 32.0.15.9186,false,2048,1129,assets/heightmaps/Hm_Terrain_Peking_513.png,547,547,80.000,12.000,20,0.250,0.100,200000,false,62,64,0.984,0.054,57.712,19.406,-5.775,0.358,292094,292094,4200,4200,455,1967,8585,0,0,0,0,0,0,0,0,0,0,0,0,0,0.000,0.033,0.030,0.000,0.000,0.000,0.000,0.000,0.000,0.000,0.000,0.000,0.000,0.000,0.000,0.000,0.000,0.000,0.000,0.000,0.000,0.000,0.000,0.000,0.000,0.000,0.208,0.280,0,428,0.061,0.016,0.014,0.001,20,1048576,2.050,Off,ModifiedOnly,1,87,85,85,85,2,false,292088,756488,3745,4840,4372,4114,1967,3900,3882,34,1933,4045,69,69,17,0.262,0.000,0.000,0.006,0.021,0.013,0.017,0.016,0.009,0.006,0.005,0.006,0.006,0.002,0.002,0.002,0.020,0.014,0.001,0.116
CBT 2024,cbt_2024_official_baseline_v1,Release,D3D12,NVIDIA GeForce RTX 5090 D,Direct3D 12 (feature level 12_0); requested Agility SDK 614; runtime 6.2.26100.8972 (C:\WINDOWS\SYSTEM32\D3D12Core.dll); driver 32.0.15.9186,false,2048,1129,assets/heightmaps/Hm_Terrain_Peking_513.png,547,547,80.000,12.000,20,0.250,0.100,200000,false,63,64,1.000,0.055,58.000,20.000,0.000,0.365,293937,293937,5471,5471,572,1902,9676,0,0,0,0,0,0,0,0,0,0,0,0,0,0.000,0.034,0.031,0.000,0.000,0.000,0.000,0.000,0.000,0.000,0.000,0.000,0.000,0.000,0.000,0.000,0.000,0.000,0.000,0.000,0.000,0.000,0.000,0.000,0.000,0.000,0.208,0.283,0,428,0.060,0.016,0.015,0.001,20,1048576,2.050,Off,ModifiedOnly,1,88,86,86,86,2,false,293931,754645,4899,4777,5622,5396,1902,3779,3762,25,1877,5344,52,51,24,0.264,0.000,0.000,0.005,0.022,0.013,0.018,0.016,0.008,0.006,0.005,0.006,0.005,0.002,0.002,0.002,0.020,0.015,0.001,0.117
