algorithm,buildConfiguration,graphicsBackend,graphicsAdapter,graphicsVersion,vSyncEnabled,heightMapPath,heightMapWidth,heightMapHeight,terrainSize,heightScale,maxDepthSetting,screenSpaceSplitThresholdPixels,screenSpaceMergeThresholdPixels,triangleBudget,timeSeconds,cameraX,cameraY,cameraZ,frameMilliseconds,triangles,nodes,activeSplits,splits,forcedSplits,merges,candidatePeak,budgetRejectedSplits,tjunctions,invalidNeighbors,invalidTopology,cpuWorkers,cpuUtilizationPercent,lodTotalMilliseconds,cpuUpdateMilliseconds,cpuPrepareMilliseconds,cpuMergeCandidateMarkMilliseconds,cpuMergeTopologyMilliseconds,cpuBudgetLeafCollectMilliseconds,cpuErrorEvalMilliseconds,cpuSplitCandidateMarkMilliseconds,cpuSplitTopologyMilliseconds,cpuFinalLeafCollectMilliseconds,cpuMeshEmitMilliseconds,cpuFinalizeMilliseconds,cpuUploadMilliseconds,gpuInitialLeafCompactionMilliseconds,gpuErrorEvaluationMilliseconds,gpuSplitCandidateMarkingMilliseconds,gpuMergeCandidateMarkingMilliseconds,gpuSplitTopologyMilliseconds,gpuActiveLeafResetMilliseconds,gpuFinalLeafCompactionMilliseconds,gpuMeshEmitMilliseconds,gpuPassSumMilliseconds,gpuSnapshotBuildMilliseconds,gpuBufferAllocationMilliseconds,gpuDispatchWallMilliseconds,gpuQueryWaitMilliseconds,gpuReadbackWaitMilliseconds,frameFenceWaitMilliseconds,renderMilliseconds,cpuGpuUploadBytes,cpuGpuReadbackBytes,splitMilliseconds,mergeMilliseconds,emitMilliseconds,validateMilliseconds,maxDepthReached
Classic CPU ROAM,RelWithDebInfo,D3D12,NVIDIA GeForce RTX 5090 D,Direct3D 12 (feature level 12_0); requested Agility SDK 614; runtime 6.2.26100.8737 (C:\WINDOWS\SYSTEM32\D3D12Core.dll); driver 32.0.15.9186,false,assets/heightmaps/Hm_Terrain_Test_129.pgm,129,129,30.000,4.000,14,4.000,2.000,20000,0.000,0.000,6.000,15.000,0.028,15199,30396,15197,15197,7664,0,5233,0,0,0,0,1,75.463,22.849,20.703,6.944,0.000,0.000,0.000,0.000,0.002,6.063,0.268,5.724,1.700,2.137,0.000,0.000,0.000,0.000,0.000,0.000,0.000,0.000,0.000,0.000,0.000,0.000,0.000,0.000,0.000,0.000,0,0,6.065,0.001,5.992,0.000,14
Classic CPU ROAM,RelWithDebInfo,D3D12,NVIDIA GeForce RTX 5090 D,Direct3D 12 (feature level 12_0); requested Agility SDK 614; runtime 6.2.26100.8737 (C:\WINDOWS\SYSTEM32\D3D12Core.dll); driver 32.0.15.9186,false,assets/heightmaps/Hm_Terrain_Test_129.pgm,129,129,30.000,4.000,14,4.000,2.000,20000,0.045,0.000,6.000,14.911,45.273,15235,30624,15233,114,56,78,75,0,0,0,0,1,0.000,11.991,9.952,0.172,1.226,0.023,0.183,0.000,1.074,0.041,0.141,5.906,1.184,1.969,0.000,0.000,0.000,0.000,0.000,0.000,0.000,0.000,0.000,0.000,0.000,0.000,0.000,0.000,0.000,0.000,0,0,1.115,1.250,6.047,0.000,14
Classic CPU ROAM,RelWithDebInfo,D3D12,NVIDIA GeForce RTX 5090 D,Direct3D 12 (feature level 12_0); requested Agility SDK 614; runtime 6.2.26100.8737 (C:\WINDOWS\SYSTEM32\D3D12Core.dll); driver 32.0.15.9186,false,assets/heightmaps/Hm_Terrain_Test_129.pgm,129,129,30.000,4.000,14,4.000,2.000,20000,0.059,0.000,6.000,14.850,13.574,15210,30674,15208,25,11,50,23,0,0,0,0,1,0.000,11.196,8.966,0.170,1.027,0.014,0.167,0.000,0.888,0.009,0.117,5.586,0.986,2.161,0.000,0.000,0.000,0.000,0.000,0.000,0.000,0.000,0.000,0.000,0.000,0.000,0.000,0.000,0.000,0.012,0,0,0.897,1.042,5.703,0.000,14
Classic CPU ROAM,RelWithDebInfo,D3D12,NVIDIA GeForce RTX 5090 D,Direct3D 12 (feature level 12_0); requested Agility SDK 614; runtime 6.2.26100.8737 (C:\WINDOWS\SYSTEM32\D3D12Core.dll); driver 32.0.15.9186,false,assets/heightmaps/Hm_Terrain_Test_129.pgm,129,129,30.000,4.000,14,4.000,2.000,20000,0.071,0.000,6.000,14.784,12.061,15174,30782,15172,54,26,90,47,0,0,0,0,1,176.348,9.062,8.858,0.140,0.873,0.024,0.133,0.000,0.855,0.020,0.116,5.714,0.983,0.137,0.000,0.000,0.000,0.000,0.000,0.000,0.000,0.000,0.000,0.000,0.000,0.000,0.000,0.000,0.000,0.010,0,0,0.875,0.896,5.830,0.000,14
Classic CPU ROAM,RelWithDebInfo,D3D12,NVIDIA GeForce RTX 5090 D,Direct3D 12 (feature level 12_0); requested Agility SDK 614; runtime 6.2.26100.8737 (C:\WINDOWS\SYSTEM32\D3D12Core.dll); driver 32.0.15.9186,false,assets/heightmaps/Hm_Terrain_Test_129.pgm,129,129,30.000,4.000,14,4.000,2.000,20000,0.080,0.000,6.000,14.726,9.339,15081,30866,15079,42,21,135,58,0,0,0,0,1,182.507,8.754,8.560,0.135,0.830,0.034,0.125,0.000,0.827,0.014,0.109,5.547,0.937,0.130,0.000,0.000,0.000,0.000,0.000,0.000,0.000,0.000,0.000,0.000,0.000,0.000,0.000,0.000,0.000,0.010,0,0,0.841,0.865,5.656,0.000,14
Classic CPU ROAM,RelWithDebInfo,D3D12,NVIDIA GeForce RTX 5090 D,Direct3D 12 (feature level 12_0); requested Agility SDK 614; runtime 6.2.26100.8737 (C:\WINDOWS\SYSTEM32\D3D12Core.dll); driver 32.0.15.9186,false,assets/heightmaps/Hm_Terrain_Test_129.pgm,129,129,30.000,4.000,14,4.000,2.000,20000,0.089,0.000,6.000,14.663,9.020,15083,30978,15081,56,27,54,39,0,0,0,0,1,0.000,8.205,8.007,0.132,0.791,0.014,0.116,0.000,0.761,0.020,0.105,5.133,0.935,0.141,0.000,0.000,0.000,0.000,0.000,0.000,0.000,0.000,0.000,0.000,0.000,0.000,0.000,0.000,0.000,0.010,0,0,0.781,0.805,5.238,0.000,14
Classic CPU ROAM,RelWithDebInfo,D3D12,NVIDIA GeForce RTX 5090 D,Direct3D 12 (feature level 12_0); requested Agility SDK 614; runtime 6.2.26100.8737 (C:\WINDOWS\SYSTEM32\D3D12Core.dll); driver 32.0.15.9186,false,assets/heightmaps/Hm_Terrain_Test_129.pgm,129,129,30.000,4.000,14,4.000,2.000,20000,0.098,0.000,6.000,14.598,8.431,15030,31044,15028,33,16,86,38,0,0,0,0,1,193.842,8.241,8.060,0.144,0.782,0.021,0.121,0.000,0.771,0.010,0.107,5.133,0.969,0.121,0.000,0.000,0.000,0.000,0.000,0.000,0.000,0.000,0.000,0.000,0.000,0.000,0.000,0.000,0.000,0.010,0,0,0.781,0.804,5.240,0.000,14
Classic CPU ROAM,RelWithDebInfo,D3D12,NVIDIA GeForce RTX 5090 D,Direct3D 12 (feature level 12_0); requested Agility SDK 614; runtime 6.2.26100.8737 (C:\WINDOWS\SYSTEM32\D3D12Core.dll); driver 32.0.15.9186,false,assets/heightmaps/Hm_Terrain_Test_129.pgm,129,129,30.000,4.000,14,4.000,2.000,20000,0.106,0.000,6.000,14.529,8.478,15032,31140,15030,48,24,46,29,0,0,0,0,1,0.000,8.332,8.142,0.127,0.798,0.012,0.117,0.000,0.812,0.016,0.118,5.177,0.963,0.134,0.000,0.000,0.000,0.000,0.000,0.000,0.000,0.000,0.000,0.000,0.000,0.000,0.000,0.000,0.000,0.010,0,0,0.828,0.811,5.296,0.000,14
Classic CPU ROAM,RelWithDebInfo,D3D12,NVIDIA GeForce RTX 5090 D,Direct3D 12 (feature level 12_0); requested Agility SDK 614; runtime 6.2.26100.8737 (C:\WINDOWS\SYSTEM32\D3D12Core.dll); driver 32.0.15.9186,false,assets/heightmaps/Hm_Terrain_Test_129.pgm,129,129,30.000,4.000,14,4.000,2.000,20000,0.115,0.000,6.000,14.453,8.551,15038,31268,15036,64,32,58,41,0,0,0,0,1,190.670,8.392,8.194,0.123,0.862,0.015,0.140,0.000,0.864,0.021,0.114,5.067,0.988,0.139,0.000,0.000,0.000,0.000,0.000,0.000,0.000,0.000,0.000,0.000,0.000,0.000,0.000,0.000,0.000,0.010,0,0,0.885,0.877,5.181,0.000,14
Classic CPU ROAM,RelWithDebInfo,D3D12,NVIDIA GeForce RTX 5090 D,Direct3D 12 (feature level 12_0); requested Agility SDK 614; runtime 6.2.26100.8737 (C:\WINDOWS\SYSTEM32\D3D12Core.dll); driver 32.0.15.9186,false,assets/heightmaps/Hm_Terrain_Test_129.pgm,129,129,30.000,4.000,14,4.000,2.000,20000,0.123,0.000,6.000,14.372,8.608,15054,31408,15052,70,34,54,48,0,0,0,0,1,0.000,8.303,8.057,0.137,0.796,0.014,0.120,0.000,0.798,0.024,0.114,5.036,1.018,0.123,0.000,0.000,0.000,0.000,0.000,0.000,0.000,0.000,0.000,0.000,0.000,0.000,0.000,0.000,0.000,0.010,0,0,0.822,0.811,5.149,0.000,14
Classic CPU ROAM,RelWithDebInfo,D3D12,NVIDIA GeForce RTX 5090 D,Direct3D 12 (feature level 12_0); requested Agility SDK 614; runtime 6.2.26100.8737 (C:\WINDOWS\SYSTEM32\D3D12Core.dll); driver 32.0.15.9186,false,assets/heightmaps/Hm_Terrain_Test_129.pgm,129,129,30.000,4.000,14,4.000,2.000,20000,0.132,0.000,6.000,14.286,8.527,14992,31520,14990,56,28,118,74,0,0,0,0,1,184.140,8.679,8.484,0.123,0.866,0.031,0.127,0.000,0.810,0.021,0.116,5.315,1.075,0.135,0.000,0.000,0.000,0.000,0.000,0.000,0.000,0.000,0.000,0.000,0.000,0.000,0.000,0.000,0.000,0.010,0,0,0.831,0.897,5.431,0.000,14
Classic CPU ROAM,RelWithDebInfo,D3D12,NVIDIA GeForce RTX 5090 D,Direct3D 12 (feature level 12_0); requested Agility SDK 614; runtime 6.2.26100.8737 (C:\WINDOWS\SYSTEM32\D3D12Core.dll); driver 32.0.15.9186,false,assets/heightmaps/Hm_Terrain_Test_129.pgm,129,129,30.000,4.000,14,4.000,2.000,20000,0.141,0.000,6.000,14.192,8.928,14940,31648,14938,64,32,116,64,0,0,0,0,1,0.000,8.604,8.347,0.119,0.887,0.029,0.125,0.000,0.829,0.021,0.118,5.252,0.965,0.135,0.000,0.000,0.000,0.000,0.000,0.000,0.000,0.000,0.000,0.000,0.000,0.000,0.000,0.000,0.000,0.010,0,0,0.850,0.917,5.370,0.000,14
Classic CPU ROAM,RelWithDebInfo,D3D12,NVIDIA GeForce RTX 5090 D,Direct3D 12 (feature level 12_0); requested Agility SDK 614; runtime 6.2.26100.8737 (C:\WINDOWS\SYSTEM32\D3D12Core.dll); driver 32.0.15.9186,false,assets/heightmaps/Hm_Terrain_Test_129.pgm,129,129,30.000,4.000,14,4.000,2.000,20000,0.150,0.000,6.000,14.093,8.832,14944,31788,14942,70,35,66,55,0,0,0,0,1,163.416,9.763,9.560,0.128,0.865,0.017,0.152,0.000,0.912,0.062,0.153,5.582,1.689,0.127,0.000,0.000,0.000,0.000,0.000,0.000,0.000,0.000,0.000,0.000,0.000,0.000,0.000,0.000,0.000,0.010,0,0,0.974,0.882,5.734,0.000,14
Classic CPU ROAM,RelWithDebInfo,D3D12,NVIDIA GeForce RTX 5090 D,Direct3D 12 (feature level 12_0); requested Agility SDK 614; runtime 6.2.26100.8737 (C:\WINDOWS\SYSTEM32\D3D12Core.dll); driver 32.0.15.9186,false,assets/heightmaps/Hm_Terrain_Test_129.pgm,129,129,30.000,4.000,14,4.000,2.000,20000,0.160,0.000,6.000,13.974,10.148,15010,32012,15008,112,56,46,77,0,0,0,0,1,185.038,8.639,8.442,0.121,0.873,0.012,0.124,0.000,0.766,0.037,0.109,5.235,1.164,0.127,0.000,0.000,0.000,0.000,0.000,0.000,0.000,0.000,0.000,0.000,0.000,0.000,0.000,0.000,0.000,0.010,0,0,0.804,0.885,5.344,0.000,14
Classic CPU ROAM,RelWithDebInfo,D3D12,NVIDIA GeForce RTX 5090 D,Direct3D 12 (feature level 12_0); requested Agility SDK 614; runtime 6.2.26100.8737 (C:\WINDOWS\SYSTEM32\D3D12Core.dll); driver 32.0.15.9186,false,assets/heightmaps/Hm_Terrain_Test_129.pgm,129,129,30.000,4.000,14,4.000,2.000,20000,0.169,0.000,6.000,13.862,9.023,14940,32180,14938,84,41,154,80,0,0,0,0,1,0.000,8.433,8.241,0.123,0.876,0.037,0.123,0.000,0.803,0.028,0.116,5.092,1.043,0.125,0.000,0.000,0.000,0.000,0.000,0.000,0.000,0.000,0.000,0.000,0.000,0.000,0.000,0.000,0.000,0.010,0,0,0.832,0.913,5.208,0.000,14
Classic CPU ROAM,RelWithDebInfo,D3D12,NVIDIA GeForce RTX 5090 D,Direct3D 12 (feature level 12_0); requested Agility SDK 614; runtime 6.2.26100.8737 (C:\WINDOWS\SYSTEM32\D3D12Core.dll); driver 32.0.15.9186,false,assets/heightmaps/Hm_Terrain_Test_129.pgm,129,129,30.000,4.000,14,4.000,2.000,20000,0.178,0.000,6.000,13.750,8.711,14746,32328,14744,74,37,268,96,0,0,0,0,1,188.162,8.490,8.302,0.129,0.901,0.066,0.143,0.000,0.816,0.026,0.173,5.004,1.044,0.125,0.000,0.000,0.000,0.000,0.000,0.000,0.000,0.000,0.000,0.000,0.000,0.000,0.000,0.000,0.000,0.010,0,0,0.842,0.967,5.177,0.000,14
Classic CPU ROAM,RelWithDebInfo,D3D12,NVIDIA GeForce RTX 5090 D,Direct3D 12 (feature level 12_0); requested Agility SDK 614; runtime 6.2.26100.8737 (C:\WINDOWS\SYSTEM32\D3D12Core.dll); driver 32.0.15.9186,false,assets/heightmaps/Hm_Terrain_Test_129.pgm,129,129,30.000,4.000,14,4.000,2.000,20000,0.186,0.000,6.000,13.633,8.767,14695,32508,14693,90,45,141,64,0,0,0,0,1,0.000,8.097,7.934,0.129,0.824,0.036,0.115,0.000,0.737,0.029,0.100,4.894,1.069,0.104,0.000,0.000,0.000,0.000,0.000,0.000,0.000,0.000,0.000,0.000,0.000,0.000,0.000,0.000,0.000,0.010,0,0,0.766,0.860,4.994,0.000,14
Classic CPU ROAM,RelWithDebInfo,D3D12,NVIDIA GeForce RTX 5090 D,Direct3D 12 (feature level 12_0); requested Agility SDK 614; runtime 6.2.26100.8737 (C:\WINDOWS\SYSTEM32\D3D12Core.dll); driver 32.0.15.9186,false,assets/heightmaps/Hm_Terrain_Test_129.pgm,129,129,30.000,4.000,14,4.000,2.000,20000,0.195,0.000,6.000,13.517,8.356,14724,32704,14722,98,49,69,69,0,0,0,0,1,189.463,8.411,8.245,0.129,0.825,0.017,0.118,0.000,0.724,0.034,0.161,5.122,1.114,0.108,0.000,0.000,0.000,0.000,0.000,0.000,0.000,0.000,0.000,0.000,0.000,0.000,0.000,0.000,0.000,0.010,0,0,0.759,0.842,5.283,0.000,14
Classic CPU ROAM,RelWithDebInfo,D3D12,NVIDIA GeForce RTX 5090 D,Direct3D 12 (feature level 12_0); requested Agility SDK 614; runtime 6.2.26100.8737 (C:\WINDOWS\SYSTEM32\D3D12Core.dll); driver 32.0.15.9186,false,assets/heightmaps/Hm_Terrain_Test_129.pgm,129,129,30.000,4.000,14,4.000,2.000,20000,0.203,0.000,6.000,13.393,8.647,14696,32896,14694,96,47,124,86,0,0,0,0,1,0.000,8.144,7.929,0.131,0.824,0.032,0.115,0.000,0.729,0.032,0.113,4.938,1.013,0.109,0.000,0.000,0.000,0.000,0.000,0.000,0.000,0.000,0.000,0.000,0.000,0.000,0.000,0.000,0.000,0.010,0,0,0.761,0.857,5.052,0.000,14
Classic CPU ROAM,RelWithDebInfo,D3D12,NVIDIA GeForce RTX 5090 D,Direct3D 12 (feature level 12_0); requested Agility SDK 614; runtime 6.2.26100.8737 (C:\WINDOWS\SYSTEM32\D3D12Core.dll); driver 32.0.15.9186,false,assets/heightmaps/Hm_Terrain_Test_129.pgm,129,129,30.000,4.000,14,4.000,2.000,20000,0.212,0.000,6.000,13.269,8.371,14620,33096,14618,100,50,176,102,0,0,0,0,1,180.492,8.835,8.655,0.122,0.901,0.045,0.147,0.000,0.836,0.033,0.105,5.343,1.123,0.116,0.000,0.000,0.000,0.000,0.000,0.000,0.000,0.000,0.000,0.000,0.000,0.000,0.000,0.000,0.000,0.010,0,0,0.869,0.947,5.448,0.000,14
Classic CPU ROAM,RelWithDebInfo,D3D12,NVIDIA GeForce RTX 5090 D,Direct3D 12 (feature level 12_0); requested Agility SDK 614; runtime 6.2.26100.8737 (C:\WINDOWS\SYSTEM32\D3D12Core.dll); driver 32.0.15.9186,false,assets/heightmaps/Hm_Terrain_Test_129.pgm,129,129,30.000,4.000,14,4.000,2.000,20000,0.221,0.000,6.000,13.130,9.102,14652,33344,14650,124,62,92,86,0,0,0,0,1,0.000,8.090,7.918,0.125,0.811,0.023,0.112,0.000,0.716,0.037,0.100,4.886,1.107,0.109,0.000,0.000,0.000,0.000,0.000,0.000,0.000,0.000,0.000,0.000,0.000,0.000,0.000,0.000,0.000,0.010,0,0,0.753,0.834,4.986,0.000,14
Classic CPU ROAM,RelWithDebInfo,D3D12,NVIDIA GeForce RTX 5090 D,Direct3D 12 (feature level 12_0); requested Agility SDK 614; runtime 6.2.26100.8737 (C:\WINDOWS\SYSTEM32\D3D12Core.dll); driver 32.0.15.9186,false,assets/heightmaps/Hm_Terrain_Test_129.pgm,129,129,30.000,4.000,14,4.000,2.000,20000,0.229,0.000,6.000,12.999,8.318,14649,33550,14647,103,51,106,69,0,0,0,0,1,153.600,10.366,10.171,0.121,1.194,0.034,0.213,0.000,1.514,0.113,0.175,5.430,1.376,0.129,0.000,0.000,0.000,0.000,0.000,0.000,0.000,0.000,0.000,0.000,0.000,0.000,0.000,0.000,0.000,0.009,0,0,1.627,1.229,5.604,0.000,14
Classic CPU ROAM,RelWithDebInfo,D3D12,NVIDIA GeForce RTX 5090 D,Direct3D 12 (feature level 12_0); requested Agility SDK 614; runtime 6.2.26100.8737 (C:\WINDOWS\SYSTEM32\D3D12Core.dll); driver 32.0.15.9186,false,assets/heightmaps/Hm_Terrain_Test_129.pgm,129,129,30.000,4.000,14,4.000,2.000,20000,0.240,0.000,6.000,12.827,10.686,14482,33800,14480,125,62,292,136,0,0,0,0,1,184.175,8.660,8.483,0.119,0.989,0.072,0.133,0.000,0.800,0.040,0.101,5.005,1.222,0.122,0.000,0.000,0.000,0.000,0.000,0.000,0.000,0.000,0.000,0.000,0.000,0.000,0.000,0.000,0.000,0.010,0,0,0.840,1.061,5.107,0.000,14
Classic CPU ROAM,RelWithDebInfo,D3D12,NVIDIA GeForce RTX 5090 D,Direct3D 12 (feature level 12_0); requested Agility SDK 614; runtime 6.2.26100.8737 (C:\WINDOWS\SYSTEM32\D3D12Core.dll); driver 32.0.15.9186,false,assets/heightmaps/Hm_Terrain_Test_129.pgm,129,129,30.000,4.000,14,4.000,2.000,20000,0.249,0.000,6.000,12.679,8.908,14478,34064,14476,132,66,136,93,0,0,0,0,1,0.000,8.681,8.508,0.114,1.138,0.034,0.137,0.000,0.812,0.042,0.100,4.966,1.163,0.117,0.000,0.000,0.000,0.000,0.000,0.000,0.000,0.000,0.000,0.000,0.000,0.000,0.000,0.000,0.000,0.010,0,0,0.855,1.173,5.066,0.000,14
Classic CPU ROAM,RelWithDebInfo,D3D12,NVIDIA GeForce RTX 5090 D,Direct3D 12 (feature level 12_0); requested Agility SDK 614; runtime 6.2.26100.8737 (C:\WINDOWS\SYSTEM32\D3D12Core.dll); driver 32.0.15.9186,false,assets/heightmaps/Hm_Terrain_Test_129.pgm,129,129,30.000,4.000,14,4.000,2.000,20000,0.258,0.000,6.000,12.527,8.931,14499,34338,14497,137,68,116,91,0,0,0,0,1,178.817,8.909,8.737,0.145,1.125,0.029,0.136,0.000,0.879,0.043,0.102,5.135,1.142,0.116,0.000,0.000,0.000,0.000,0.000,0.000,0.000,0.000,0.000,0.000,0.000,0.000,0.000,0.000,0.000,0.010,0,0,0.923,1.154,5.237,0.000,14
Classic CPU ROAM,RelWithDebInfo,D3D12,NVIDIA GeForce RTX 5090 D,Direct3D 12 (feature level 12_0); requested Agility SDK 614; runtime 6.2.26100.8737 (C:\WINDOWS\SYSTEM32\D3D12Core.dll); driver 32.0.15.9186,false,assets/heightmaps/Hm_Terrain_Test_129.pgm,129,129,30.000,4.000,14,4.000,2.000,20000,0.267,0.000,6.000,12.368,9.145,14392,34544,14390,103,51,210,128,0,0,0,0,1,0.000,8.505,8.321,0.138,1.158,0.056,0.165,0.000,0.803,0.032,0.106,4.888,0.974,0.120,0.000,0.000,0.000,0.000,0.000,0.000,0.000,0.000,0.000,0.000,0.000,0.000,0.000,0.000,0.000,0.009,0,0,0.836,1.215,4.994,0.000,14
Classic CPU ROAM,RelWithDebInfo,D3D12,NVIDIA GeForce RTX 5090 D,Direct3D 12 (feature level 12_0); requested Agility SDK 614; runtime 6.2.26100.8737 (C:\WINDOWS\SYSTEM32\D3D12Core.dll); driver 32.0.15.9186,false,assets/heightmaps/Hm_Terrain_Test_129.pgm,129,129,30.000,4.000,14,4.000,2.000,20000,0.275,0.000,6.000,12.212,8.730,14406,34820,14404,138,69,124,95,0,0,0,0,1,0.000,8.422,8.252,0.132,0.899,0.032,0.128,0.000,0.738,0.045,0.117,4.896,1.265,0.103,0.000,0.000,0.000,0.000,0.000,0.000,0.000,0.000,0.000,0.000,0.000,0.000,0.000,0.000,0.000,0.010,0,0,0.783,0.931,5.013,0.000,14
Classic CPU ROAM,RelWithDebInfo,D3D12,NVIDIA GeForce RTX 5090 D,Direct3D 12 (feature level 12_0); requested Agility SDK 614; runtime 6.2.26100.8737 (C:\WINDOWS\SYSTEM32\D3D12Core.dll); driver 32.0.15.9186,false,assets/heightmaps/Hm_Terrain_Test_129.pgm,129,129,30.000,4.000,14,4.000,2.000,20000,0.284,0.000,6.000,12.055,8.674,14415,35128,14413,154,76,145,99,0,0,0,0,1,197.505,8.082,7.910,0.115,0.789,0.038,0.117,0.000,0.765,0.045,0.101,4.913,1.026,0.110,0.000,0.000,0.000,0.000,0.000,0.000,0.000,0.000,0.000,0.000,0.000,0.000,0.000,0.000,0.000,0.010,0,0,0.810,0.827,5.014,0.000,14
Classic CPU ROAM,RelWithDebInfo,D3D12,NVIDIA GeForce RTX 5090 D,Direct3D 12 (feature level 12_0); requested Agility SDK 614; runtime 6.2.26100.8737 (C:\WINDOWS\SYSTEM32\D3D12Core.dll); driver 32.0.15.9186,false,assets/heightmaps/Hm_Terrain_Test_129.pgm,129,129,30.000,4.000,14,4.000,2.000,20000,0.292,0.000,6.000,11.901,8.341,14239,35352,14237,112,56,288,120,0,0,0,0,1,0.000,7.958,7.782,0.113,0.775,0.071,0.118,0.000,0.711,0.036,0.099,4.856,1.001,0.115,0.000,0.000,0.000,0.000,0.000,0.000,0.000,0.000,0.000,0.000,0.000,0.000,0.000,0.000,0.000,0.010,0,0,0.748,0.847,4.955,0.000,14
Classic CPU ROAM,RelWithDebInfo,D3D12,NVIDIA GeForce RTX 5090 D,Direct3D 12 (feature level 12_0); requested Agility SDK 614; runtime 6.2.26100.8737 (C:\WINDOWS\SYSTEM32\D3D12Core.dll); driver 32.0.15.9186,false,assets/heightmaps/Hm_Terrain_Test_129.pgm,129,129,30.000,4.000,14,4.000,2.000,20000,0.301,0.000,6.000,11.747,8.197,14212,35632,14210,140,70,167,96,0,0,0,0,1,197.612,8.076,7.906,0.116,0.817,0.043,0.115,0.000,0.711,0.044,0.107,4.936,1.017,0.108,0.000,0.000,0.000,0.000,0.000,0.000,0.000,0.000,0.000,0.000,0.000,0.000,0.000,0.000,0.000,0.009,0,0,0.756,0.860,5.043,0.000,14
Classic CPU ROAM,RelWithDebInfo,D3D12,NVIDIA GeForce RTX 5090 D,Direct3D 12 (feature level 12_0); requested Agility SDK 614; runtime 6.2.26100.8737 (C:\WINDOWS\SYSTEM32\D3D12Core.dll); driver 32.0.15.9186,false,assets/heightmaps/Hm_Terrain_Test_129.pgm,129,129,30.000,4.000,14,4.000,2.000,20000,0.309,0.000,6.000,11.589,8.306,14214,35944,14212,156,77,154,95,0,0,0,0,1,0.000,8.316,8.126,0.139,0.831,0.040,0.123,0.000,0.747,0.041,0.106,5.045,1.053,0.123,0.000,0.000,0.000,0.000,0.000,0.000,0.000,0.000,0.000,0.000,0.000,0.000,0.000,0.000,0.000,0.010,0,0,0.788,0.872,5.151,0.000,14
Classic CPU ROAM,RelWithDebInfo,D3D12,NVIDIA GeForce RTX 5090 D,Direct3D 12 (feature level 12_0); requested Agility SDK 614; runtime 6.2.26100.8737 (C:\WINDOWS\SYSTEM32\D3D12Core.dll); driver 32.0.15.9186,false,assets/heightmaps/Hm_Terrain_Test_129.pgm,129,129,30.000,4.000,14,4.000,2.000,20000,0.318,0.000,6.000,11.422,8.590,14152,36216,14150,136,68,198,112,0,0,0,0,1,195.374,8.158,7.997,0.112,0.877,0.051,0.119,0.000,0.738,0.037,0.098,4.841,1.121,0.103,0.000,0.000,0.000,0.000,0.000,0.000,0.000,0.000,0.000,0.000,0.000,0.000,0.000,0.000,0.000,0.010,0,0,0.776,0.928,4.940,0.000,14
Classic CPU ROAM,RelWithDebInfo,D3D12,NVIDIA GeForce RTX 5090 D,Direct3D 12 (feature level 12_0); requested Agility SDK 614; runtime 6.2.26100.8737 (C:\WINDOWS\SYSTEM32\D3D12Core.dll); driver 32.0.15.9186,false,assets/heightmaps/Hm_Terrain_Test_129.pgm,129,129,30.000,4.000,14,4.000,2.000,20000,0.326,0.000,6.000,11.257,8.418,14171,36484,14169,134,67,115,93,0,0,0,0,1,0.000,7.975,7.805,0.123,0.776,0.029,0.110,0.000,0.731,0.041,0.098,4.778,1.120,0.108,0.000,0.000,0.000,0.000,0.000,0.000,0.000,0.000,0.000,0.000,0.000,0.000,0.000,0.000,0.000,0.009,0,0,0.772,0.805,4.875,0.000,14
Classic CPU ROAM,RelWithDebInfo,D3D12,NVIDIA GeForce RTX 5090 D,Direct3D 12 (feature level 12_0); requested Agility SDK 614; runtime 6.2.26100.8737 (C:\WINDOWS\SYSTEM32\D3D12Core.dll); driver 32.0.15.9186,false,assets/heightmaps/Hm_Terrain_Test_129.pgm,129,129,30.000,4.000,14,4.000,2.000,20000,0.334,0.000,6.000,11.094,8.193,14084,36776,14082,146,72,233,132,0,0,0,0,1,194.162,8.206,8.046,0.114,0.829,0.057,0.113,0.000,0.740,0.041,0.157,4.873,1.123,0.101,0.000,0.000,0.000,0.000,0.000,0.000,0.000,0.000,0.000,0.000,0.000,0.000,0.000,0.000,0.000,0.009,0,0,0.781,0.886,5.030,0.000,14
Classic CPU ROAM,RelWithDebInfo,D3D12,NVIDIA GeForce RTX 5090 D,Direct3D 12 (feature level 12_0); requested Agility SDK 614; runtime 6.2.26100.8737 (C:\WINDOWS\SYSTEM32\D3D12Core.dll); driver 32.0.15.9186,false,assets/heightmaps/Hm_Terrain_Test_129.pgm,129,129,30.000,4.000,14,4.000,2.000,20000,0.343,0.000,6.000,10.924,8.461,13964,37040,13962,132,66,252,94,0,0,0,0,1,0.000,7.871,7.712,0.113,0.812,0.063,0.124,0.000,0.736,0.042,0.108,4.746,0.968,0.103,0.000,0.000,0.000,0.000,0.000,0.000,0.000,0.000,0.000,0.000,0.000,0.000,0.000,0.000,0.000,0.010,0,0,0.778,0.875,4.854,0.000,14
Classic CPU ROAM,RelWithDebInfo,D3D12,NVIDIA GeForce RTX 5090 D,Direct3D 12 (feature level 12_0); requested Agility SDK 614; runtime 6.2.26100.8737 (C:\WINDOWS\SYSTEM32\D3D12Core.dll); driver 32.0.15.9186,false,assets/heightmaps/Hm_Terrain_Test_129.pgm,129,129,30.000,4.000,14,4.000,2.000,20000,0.351,0.000,6.000,10.759,8.087,13958,37292,13956,126,63,132,92,0,0,0,0,1,190.891,8.353,8.184,0.111,0.888,0.034,0.148,0.000,0.792,0.044,0.110,4.981,1.075,0.108,0.000,0.000,0.000,0.000,0.000,0.000,0.000,0.000,0.000,0.000,0.000,0.000,0.000,0.000,0.000,0.009,0,0,0.837,0.922,5.091,0.000,14
Classic CPU ROAM,RelWithDebInfo,D3D12,NVIDIA GeForce RTX 5090 D,Direct3D 12 (feature level 12_0); requested Agility SDK 614; runtime 6.2.26100.8737 (C:\WINDOWS\SYSTEM32\D3D12Core.dll); driver 32.0.15.9186,false,assets/heightmaps/Hm_Terrain_Test_129.pgm,129,129,30.000,4.000,14,4.000,2.000,20000,0.359,0.000,6.000,10.581,8.606,13912,37608,13910,158,78,204,124,0,0,0,0,1,0.000,8.121,7.954,0.135,0.860,0.053,0.130,0.000,0.677,0.039,0.103,4.805,1.152,0.103,0.000,0.000,0.000,0.000,0.000,0.000,0.000,0.000,0.000,0.000,0.000,0.000,0.000,0.000,0.000,0.009,0,0,0.716,0.913,4.908,0.000,14
Classic CPU ROAM,RelWithDebInfo,D3D12,NVIDIA GeForce RTX 5090 D,Direct3D 12 (feature level 12_0); requested Agility SDK 614; runtime 6.2.26100.8737 (C:\WINDOWS\SYSTEM32\D3D12Core.dll); driver 32.0.15.9186,false,assets/heightmaps/Hm_Terrain_Test_129.pgm,129,129,30.000,4.000,14,4.000,2.000,20000,0.368,0.000,6.000,10.407,8.363,13890,37884,13888,138,69,160,90,0,0,0,0,1,202.627,7.878,7.710,0.142,0.901,0.040,0.124,0.000,0.692,0.043,0.100,4.587,1.081,0.099,0.000,0.000,0.000,0.000,0.000,0.000,0.000,0.000,0.000,0.000,0.000,0.000,0.000,0.000,0.000,0.009,0,0,0.735,0.941,4.687,0.000,14
Classic CPU ROAM,RelWithDebInfo,D3D12,NVIDIA GeForce RTX 5090 D,Direct3D 12 (feature level 12_0); requested Agility SDK 614; runtime 6.2.26100.8737 (C:\WINDOWS\SYSTEM32\D3D12Core.dll); driver 32.0.15.9186,false,assets/heightmaps/Hm_Terrain_Test_129.pgm,129,129,30.000,4.000,14,4.000,2.000,20000,0.376,0.000,6.000,10.237,8.086,13804,38116,13802,116,58,202,88,0,0,0,0,1,0.000,7.840,7.640,0.113,0.752,0.048,0.111,0.000,0.661,0.029,0.094,4.689,1.142,0.128,0.000,0.000,0.000,0.000,0.000,0.000,0.000,0.000,0.000,0.000,0.000,0.000,0.000,0.000,0.000,0.009,0,0,0.690,0.800,4.784,0.000,14
Classic CPU ROAM,RelWithDebInfo,D3D12,NVIDIA GeForce RTX 5090 D,Direct3D 12 (feature level 12_0); requested Agility SDK 614; runtime 6.2.26100.8737 (C:\WINDOWS\SYSTEM32\D3D12Core.dll); driver 32.0.15.9186,false,assets/heightmaps/Hm_Terrain_Test_129.pgm,129,129,30.000,4.000,14,4.000,2.000,20000,0.384,0.000,6.000,10.066,8.080,13680,38356,13678,120,59,244,106,0,0,0,0,1,200.249,7.972,7.801,0.110,0.823,0.059,0.121,0.000,0.680,0.034,0.102,4.863,1.008,0.115,0.000,0.000,0.000,0.000,0.000,0.000,0.000,0.000,0.000,0.000,0.000,0.000,0.000,0.000,0.000,0.009,0,0,0.715,0.882,4.965,0.000,14
Classic CPU ROAM,RelWithDebInfo,D3D12,NVIDIA GeForce RTX 5090 D,Direct3D 12 (feature level 12_0); requested Agility SDK 614; runtime 6.2.26100.8737 (C:\WINDOWS\SYSTEM32\D3D12Core.dll); driver 32.0.15.9186,false,assets/heightmaps/Hm_Terrain_Test_129.pgm,129,129,30.000,4.000,14,4.000,2.000,20000,0.392,0.000,6.000,9.891,8.186,13632,38624,13630,134,67,182,92,0,0,0,0,1,0.000,8.129,7.951,0.112,0.771,0.046,0.111,0.000,0.664,0.040,0.111,5.022,1.074,0.117,0.000,0.000,0.000,0.000,0.000,0.000,0.000,0.000,0.000,0.000,0.000,0.000,0.000,0.000,0.000,0.009,0,0,0.704,0.817,5.133,0.000,14
Classic CPU ROAM,RelWithDebInfo,D3D12,NVIDIA GeForce RTX 5090 D,Direct3D 12 (feature level 12_0); requested Agility SDK 614; runtime 6.2.26100.8737 (C:\WINDOWS\SYSTEM32\D3D12Core.dll); driver 32.0.15.9186,false,assets/heightmaps/Hm_Terrain_Test_129.pgm,129,129,30.000,4.000,14,4.000,2.000,20000,0.400,0.000,6.000,9.711,8.344,13597,38918,13595,147,73,182,112,0,0,0,0,1,201.234,7.926,7.764,0.151,0.791,0.046,0.115,0.000,0.636,0.046,0.141,4.803,1.034,0.110,0.000,0.000,0.000,0.000,0.000,0.000,0.000,0.000,0.000,0.000,0.000,0.000,0.000,0.000,0.000,0.009,0,0,0.682,0.837,4.944,0.000,14
Classic CPU ROAM,RelWithDebInfo,D3D12,NVIDIA GeForce RTX 5090 D,Direct3D 12 (feature level 12_0); requested Agility SDK 614; runtime 6.2.26100.8737 (C:\WINDOWS\SYSTEM32\D3D12Core.dll); driver 32.0.15.9186,false,assets/heightmaps/Hm_Terrain_Test_129.pgm,129,129,30.000,4.000,14,4.000,2.000,20000,0.409,0.000,6.000,9.535,8.151,13508,39120,13506,101,50,190,122,0,0,0,0,1,0.000,7.859,7.699,0.124,0.758,0.052,0.108,0.000,0.612,0.075,0.109,4.783,1.077,0.097,0.000,0.000,0.000,0.000,0.000,0.000,0.000,0.000,0.000,0.000,0.000,0.000,0.000,0.000,0.000,0.009,0,0,0.687,0.811,4.892,0.000,14
Classic CPU ROAM,RelWithDebInfo,D3D12,NVIDIA GeForce RTX 5090 D,Direct3D 12 (feature level 12_0); requested Agility SDK 614; runtime 6.2.26100.8737 (C:\WINDOWS\SYSTEM32\D3D12Core.dll); driver 32.0.15.9186,false,assets/heightmaps/Hm_Terrain_Test_129.pgm,129,129,30.000,4.000,14,4.000,2.000,20000,0.417,0.000,6.000,9.358,8.097,13502,39420,13500,150,75,156,104,0,0,0,0,1,0.000,7.678,7.516,0.121,0.747,0.038,0.111,0.000,0.614,0.042,0.111,4.730,1.000,0.106,0.000,0.000,0.000,0.000,0.000,0.000,0.000,0.000,0.000,0.000,0.000,0.000,0.000,0.000,0.000,0.009,0,0,0.657,0.785,4.841,0.000,14
Classic CPU ROAM,RelWithDebInfo,D3D12,NVIDIA GeForce RTX 5090 D,Direct3D 12 (feature level 12_0); requested Agility SDK 614; runtime 6.2.26100.8737 (C:\WINDOWS\SYSTEM32\D3D12Core.dll); driver 32.0.15.9186,false,assets/heightmaps/Hm_Terrain_Test_129.pgm,129,129,30.000,4.000,14,4.000,2.000,20000,0.425,0.000,6.000,9.184,7.927,13473,39692,13471,136,67,165,100,0,0,0,0,1,0.000,7.783,7.632,0.118,0.754,0.047,0.148,0.000,0.597,0.040,0.112,4.784,1.031,0.099,0.000,0.000,0.000,0.000,0.000,0.000,0.000,0.000,0.000,0.000,0.000,0.000,0.000,0.000,0.000,0.009,0,0,0.637,0.802,4.897,0.000,14
Classic CPU ROAM,RelWithDebInfo,D3D12,NVIDIA GeForce RTX 5090 D,Direct3D 12 (feature level 12_0); requested Agility SDK 614; runtime 6.2.26100.8737 (C:\WINDOWS\SYSTEM32\D3D12Core.dll); driver 32.0.15.9186,false,assets/heightmaps/Hm_Terrain_Test_129.pgm,129,129,30.000,4.000,14,4.000,2.000,20000,0.433,0.000,6.000,9.008,8.011,13334,39912,13332,110,55,249,116,0,0,0,0,1,0.000,7.792,7.623,0.109,0.759,0.066,0.111,0.000,0.585,0.036,0.123,4.778,1.056,0.113,0.000,0.000,0.000,0.000,0.000,0.000,0.000,0.000,0.000,0.000,0.000,0.000,0.000,0.000,0.000,0.009,0,0,0.621,0.826,4.900,0.000,14
Classic CPU ROAM,RelWithDebInfo,D3D12,NVIDIA GeForce RTX 5090 D,Direct3D 12 (feature level 12_0); requested Agility SDK 614; runtime 6.2.26100.8737 (C:\WINDOWS\SYSTEM32\D3D12Core.dll); driver 32.0.15.9186,false,assets/heightmaps/Hm_Terrain_Test_129.pgm,129,129,30.000,4.000,14,4.000,2.000,20000,0.441,0.000,6.000,8.830,8.023,13366,40208,13364,148,74,116,107,0,0,0,0,1,207.074,7.711,7.544,0.108,0.822,0.029,0.134,0.000,0.595,0.046,0.124,4.729,0.958,0.108,0.000,0.000,0.000,0.000,0.000,0.000,0.000,0.000,0.000,0.000,0.000,0.000,0.000,0.000,0.000,0.009,0,0,0.642,0.851,4.852,0.000,14
Classic CPU ROAM,RelWithDebInfo,D3D12,NVIDIA GeForce RTX 5090 D,Direct3D 12 (feature level 12_0); requested Agility SDK 614; runtime 6.2.26100.8737 (C:\WINDOWS\SYSTEM32\D3D12Core.dll); driver 32.0.15.9186,false,assets/heightmaps/Hm_Terrain_Test_129.pgm,129,129,30.000,4.000,14,4.000,2.000,20000,0.449,0.000,6.000,8.653,7.976,13310,40480,13308,136,67,192,112,0,0,0,0,1,0.000,7.640,7.480,0.108,0.800,0.050,0.129,0.000,0.580,0.041,0.114,4.700,0.959,0.106,0.000,0.000,0.000,0.000,0.000,0.000,0.000,0.000,0.000,0.000,0.000,0.000,0.000,0.000,0.000,0.009,0,0,0.620,0.851,4.814,0.000,14
Classic CPU ROAM,RelWithDebInfo,D3D12,NVIDIA GeForce RTX 5090 D,Direct3D 12 (feature level 12_0); requested Agility SDK 614; runtime 6.2.26100.8737 (C:\WINDOWS\SYSTEM32\D3D12Core.dll); driver 32.0.15.9186,false,assets/heightmaps/Hm_Terrain_Test_129.pgm,129,129,30.000,4.000,14,4.000,2.000,20000,0.456,0.000,6.000,8.477,7.893,13240,40760,13238,140,70,210,104,0,0,0,0,1,209.134,7.627,7.470,0.112,0.756,0.051,0.115,0.000,0.544,0.043,0.113,4.715,1.020,0.104,0.000,0.000,0.000,0.000,0.000,0.000,0.000,0.000,0.000,0.000,0.000,0.000,0.000,0.000,0.000,0.009,0,0,0.587,0.807,4.828,0.000,14
Classic CPU ROAM,RelWithDebInfo,D3D12,NVIDIA GeForce RTX 5090 D,Direct3D 12 (feature level 12_0); requested Agility SDK 614; runtime 6.2.26100.8737 (C:\WINDOWS\SYSTEM32\D3D12Core.dll); driver 32.0.15.9186,false,assets/heightmaps/Hm_Terrain_Test_129.pgm,129,129,30.000,4.000,14,4.000,2.000,20000,0.464,0.000,6.000,8.301,7.878,13291,41060,13289,150,74,99,108,0,0,0,0,1,0.000,7.911,7.757,0.120,0.753,0.025,0.108,0.000,0.574,0.148,0.112,4.944,0.974,0.101,0.000,0.000,0.000,0.000,0.000,0.000,0.000,0.000,0.000,0.000,0.000,0.000,0.000,0.000,0.000,0.009,0,0,0.722,0.778,5.055,0.000,14
Classic CPU ROAM,RelWithDebInfo,D3D12,NVIDIA GeForce RTX 5090 D,Direct3D 12 (feature level 12_0); requested Agility SDK 614; runtime 6.2.26100.8737 (C:\WINDOWS\SYSTEM32\D3D12Core.dll); driver 32.0.15.9186,false,assets/heightmaps/Hm_Terrain_Test_129.pgm,129,129,30.000,4.000,14,4.000,2.000,20000,0.472,0.000,6.000,8.118,8.134,13144,41364,13142,152,76,299,130,0,0,0,0,1,207.399,7.700,7.533,0.107,0.738,0.072,0.114,0.000,0.528,0.043,0.144,4.749,1.037,0.115,0.000,0.000,0.000,0.000,0.000,0.000,0.000,0.000,0.000,0.000,0.000,0.000,0.000,0.000,0.000,0.009,0,0,0.571,0.810,4.893,0.000,14
Classic CPU ROAM,RelWithDebInfo,D3D12,NVIDIA GeForce RTX 5090 D,Direct3D 12 (feature level 12_0); requested Agility SDK 614; runtime 6.2.26100.8737 (C:\WINDOWS\SYSTEM32\D3D12Core.dll); driver 32.0.15.9186,false,assets/heightmaps/Hm_Terrain_Test_129.pgm,129,129,30.000,4.000,14,4.000,2.000,20000,0.480,0.000,6.000,7.939,7.971,13128,41608,13126,122,61,138,80,0,0,0,0,1,0.000,7.720,7.562,0.203,0.774,0.040,0.109,0.000,0.526,0.036,0.113,4.729,1.029,0.108,0.000,0.000,0.000,0.000,0.000,0.000,0.000,0.000,0.000,0.000,0.000,0.000,0.000,0.000,0.000,0.009,0,0,0.563,0.815,4.843,0.000,14
Classic CPU ROAM,RelWithDebInfo,D3D12,NVIDIA GeForce RTX 5090 D,Direct3D 12 (feature level 12_0); requested Agility SDK 614; runtime 6.2.26100.8737 (C:\WINDOWS\SYSTEM32\D3D12Core.dll); driver 32.0.15.9186,false,assets/heightmaps/Hm_Terrain_Test_129.pgm,129,129,30.000,4.000,14,4.000,2.000,20000,0.488,0.000,6.000,7.761,7.938,13144,41928,13142,160,79,144,124,0,0,0,0,1,213.287,7.477,7.325,0.116,0.775,0.036,0.108,0.000,0.533,0.047,0.111,4.544,1.054,0.101,0.000,0.000,0.000,0.000,0.000,0.000,0.000,0.000,0.000,0.000,0.000,0.000,0.000,0.000,0.000,0.009,0,0,0.581,0.811,4.655,0.000,14
Classic CPU ROAM,RelWithDebInfo,D3D12,NVIDIA GeForce RTX 5090 D,Direct3D 12 (feature level 12_0); requested Agility SDK 614; runtime 6.2.26100.8737 (C:\WINDOWS\SYSTEM32\D3D12Core.dll); driver 32.0.15.9186,false,assets/heightmaps/Hm_Terrain_Test_129.pgm,129,129,30.000,4.000,14,4.000,2.000,20000,0.496,0.000,6.000,7.588,7.686,13066,42208,13064,140,70,218,124,0,0,0,0,1,0.000,7.534,7.368,0.192,0.808,0.054,0.127,0.000,0.553,0.042,0.112,4.575,0.904,0.107,0.000,0.000,0.000,0.000,0.000,0.000,0.000,0.000,0.000,0.000,0.000,0.000,0.000,0.000,0.000,0.009,0,0,0.596,0.863,4.687,0.000,14
Classic CPU ROAM,RelWithDebInfo,D3D12,NVIDIA GeForce RTX 5090 D,Direct3D 12 (feature level 12_0); requested Agility SDK 614; runtime 6.2.26100.8737 (C:\WINDOWS\SYSTEM32\D3D12Core.dll); driver 32.0.15.9186,false,assets/heightmaps/Hm_Terrain_Test_129.pgm,129,129,30.000,4.000,14,4.000,2.000,20000,0.504,0.000,6.000,7.413,7.764,13076,42464,13074,128,64,118,99,0,0,0,0,1,222.047,7.187,7.036,0.108,0.787,0.030,0.106,0.000,0.517,0.038,0.113,4.441,0.896,0.102,0.000,0.000,0.000,0.000,0.000,0.000,0.000,0.000,0.000,0.000,0.000,0.000,0.000,0.000,0.000,0.009,0,0,0.555,0.817,4.554,0.000,14
Classic CPU ROAM,RelWithDebInfo,D3D12,NVIDIA GeForce RTX 5090 D,Direct3D 12 (feature level 12_0); requested Agility SDK 614; runtime 6.2.26100.8737 (C:\WINDOWS\SYSTEM32\D3D12Core.dll); driver 32.0.15.9186,false,assets/heightmaps/Hm_Terrain_Test_129.pgm,129,129,30.000,4.000,14,4.000,2.000,20000,0.511,0.000,6.000,7.247,7.410,13022,42776,13020,156,77,210,102,0,0,0,0,1,0.000,7.742,7.575,0.206,0.812,0.051,0.125,0.000,0.533,0.085,0.106,4.653,1.003,0.110,0.000,0.000,0.000,0.000,0.000,0.000,0.000,0.000,0.000,0.000,0.000,0.000,0.000,0.000,0.000,0.009,0,0,0.618,0.864,4.759,0.000,14
Classic CPU ROAM,RelWithDebInfo,D3D12,NVIDIA GeForce RTX 5090 D,Direct3D 12 (feature level 12_0); requested Agility SDK 614; runtime 6.2.26100.8737 (C:\WINDOWS\SYSTEM32\D3D12Core.dll); driver 32.0.15.9186,false,assets/heightmaps/Hm_Terrain_Test_129.pgm,129,129,30.000,4.000,14,4.000,2.000,20000,0.519,0.000,6.000,7.068,7.965,12934,43016,12932,120,60,208,104,0,0,0,0,1,216.194,7.398,7.226,0.109,0.803,0.051,0.113,0.000,0.514,0.036,0.109,4.434,1.057,0.105,0.000,0.000,0.000,0.000,0.000,0.000,0.000,0.000,0.000,0.000,0.000,0.000,0.000,0.000,0.000,0.011,0,0,0.550,0.854,4.543,0.000,14
Classic CPU ROAM,RelWithDebInfo,D3D12,NVIDIA GeForce RTX 5090 D,Direct3D 12 (feature level 12_0); requested Agility SDK 614; runtime 6.2.26100.8737 (C:\WINDOWS\SYSTEM32\D3D12Core.dll); driver 32.0.15.9186,false,assets/heightmaps/Hm_Terrain_Test_129.pgm,129,129,30.000,4.000,14,4.000,2.000,20000,0.527,0.000,6.000,6.896,7.629,12974,43304,12972,144,71,104,101,0,0,0,0,1,0.000,7.624,7.461,0.205,0.746,0.025,0.106,0.000,0.497,0.049,0.110,4.673,1.049,0.105,0.000,0.000,0.000,0.000,0.000,0.000,0.000,0.000,0.000,0.000,0.000,0.000,0.000,0.000,0.000,0.009,0,0,0.546,0.771,4.783,0.000,14
Classic CPU ROAM,RelWithDebInfo,D3D12,NVIDIA GeForce RTX 5090 D,Direct3D 12 (feature level 12_0); requested Agility SDK 614; runtime 6.2.26100.8737 (C:\WINDOWS\SYSTEM32\D3D12Core.dll); driver 32.0.15.9186,false,assets/heightmaps/Hm_Terrain_Test_129.pgm,129,129,30.000,4.000,14,4.000,2.000,20000,0.535,0.000,6.000,6.721,7.848,12954,43644,12952,170,85,190,108,0,0,0,0,1,212.669,7.497,7.346,0.106,0.761,0.047,0.111,0.000,0.499,0.048,0.110,4.681,0.982,0.098,0.000,0.000,0.000,0.000,0.000,0.000,0.000,0.000,0.000,0.000,0.000,0.000,0.000,0.000,0.000,0.009,0,0,0.548,0.808,4.791,0.000,14
Classic CPU ROAM,RelWithDebInfo,D3D12,NVIDIA GeForce RTX 5090 D,Direct3D 12 (feature level 12_0); requested Agility SDK 614; runtime 6.2.26100.8737 (C:\WINDOWS\SYSTEM32\D3D12Core.dll); driver 32.0.15.9186,false,assets/heightmaps/Hm_Terrain_Test_129.pgm,129,129,30.000,4.000,14,4.000,2.000,20000,0.542,0.000,6.000,6.547,7.741,12876,43920,12874,138,69,216,96,0,0,0,0,1,0.000,7.304,6.983,0.107,0.730,0.052,0.104,0.000,0.494,0.042,0.088,4.361,1.004,0.100,0.000,0.000,0.000,0.000,0.000,0.000,0.000,0.000,0.000,0.000,0.000,0.000,0.000,0.000,0.000,0.009,0,0,0.537,0.783,4.449,0.000,14
Classic CPU ROAM,RelWithDebInfo,D3D12,NVIDIA GeForce RTX 5090 D,Direct3D 12 (feature level 12_0); requested Agility SDK 614; runtime 6.2.26100.8737 (C:\WINDOWS\SYSTEM32\D3D12Core.dll); driver 32.0.15.9186,false,assets/heightmaps/Hm_Terrain_Test_129.pgm,129,129,30.000,4.000,14,4.000,2.000,20000,0.550,0.000,6.000,6.379,7.535,12819,44160,12817,120,59,177,84,0,0,0,0,1,0.000,7.242,6.994,0.109,0.732,0.042,0.103,0.000,0.477,0.038,0.101,4.474,0.916,0.101,0.000,0.000,0.000,0.000,0.000,0.000,0.000,0.000,0.000,0.000,0.000,0.000,0.000,0.000,0.000,0.009,0,0,0.516,0.774,4.576,0.000,14
Classic CPU ROAM,RelWithDebInfo,D3D12,NVIDIA GeForce RTX 5090 D,Direct3D 12 (feature level 12_0); requested Agility SDK 614; runtime 6.2.26100.8737 (C:\WINDOWS\SYSTEM32\D3D12Core.dll); driver 32.0.15.9186,false,assets/heightmaps/Hm_Terrain_Test_129.pgm,129,129,30.000,4.000,14,4.000,2.000,20000,0.557,0.000,6.000,6.213,7.475,12704,44468,12702,154,77,269,96,0,0,0,0,1,229.354,7.098,6.812,0.110,0.733,0.064,0.102,0.000,0.473,0.043,0.108,4.329,0.849,0.112,0.000,0.000,0.000,0.000,0.000,0.000,0.000,0.000,0.000,0.000,0.000,0.000,0.000,0.000,0.000,0.009,0,0,0.516,0.797,4.437,0.000,14
Classic CPU ROAM,RelWithDebInfo,D3D12,NVIDIA GeForce RTX 5090 D,Direct3D 12 (feature level 12_0); requested Agility SDK 614; runtime 6.2.26100.8737 (C:\WINDOWS\SYSTEM32\D3D12Core.dll); driver 32.0.15.9186,false,assets/heightmaps/Hm_Terrain_Test_129.pgm,129,129,30.000,4.000,14,4.000,2.000,20000,0.565,0.000,6.000,6.051,7.313,12704,44712,12702,122,61,122,76,0,0,0,0,1,0.000,7.021,6.749,0.101,0.705,0.031,0.098,0.000,0.459,0.081,0.106,4.275,0.894,0.105,0.000,0.000,0.000,0.000,0.000,0.000,0.000,0.000,0.000,0.000,0.000,0.000,0.000,0.000,0.000,0.009,0,0,0.540,0.736,4.381,0.000,14
Classic CPU ROAM,RelWithDebInfo,D3D12,NVIDIA GeForce RTX 5090 D,Direct3D 12 (feature level 12_0); requested Agility SDK 614; runtime 6.2.26100.8737 (C:\WINDOWS\SYSTEM32\D3D12Core.dll); driver 32.0.15.9186,false,assets/heightmaps/Hm_Terrain_Test_129.pgm,129,129,30.000,4.000,14,4.000,2.000,20000,0.572,0.000,6.000,5.891,7.249,12720,45004,12718,146,72,130,100,0,0,0,0,1,230.777,7.015,6.770,0.102,0.709,0.032,0.096,0.000,0.463,0.034,0.110,4.412,0.811,0.111,0.000,0.000,0.000,0.000,0.000,0.000,0.000,0.000,0.000,0.000,0.000,0.000,0.000,0.000,0.000,0.009,0,0,0.497,0.742,4.522,0.000,14
Classic CPU ROAM,RelWithDebInfo,D3D12,NVIDIA GeForce RTX 5090 D,Direct3D 12 (feature level 12_0); requested Agility SDK 614; runtime 6.2.26100.8737 (C:\WINDOWS\SYSTEM32\D3D12Core.dll); driver 32.0.15.9186,false,assets/heightmaps/Hm_Terrain_Test_129.pgm,129,129,30.000,4.000,14,4.000,2.000,20000,0.579,0.000,6.000,5.732,7.236,12648,45224,12646,110,55,182,94,0,0,0,0,1,0.000,7.005,6.772,0.101,0.689,0.043,0.096,0.000,0.470,0.029,0.108,4.396,0.837,0.102,0.000,0.000,0.000,0.000,0.000,0.000,0.000,0.000,0.000,0.000,0.000,0.000,0.000,0.000,0.000,0.009,0,0,0.500,0.733,4.504,0.000,14
Classic CPU ROAM,RelWithDebInfo,D3D12,NVIDIA GeForce RTX 5090 D,Direct3D 12 (feature level 12_0); requested Agility SDK 614; runtime 6.2.26100.8737 (C:\WINDOWS\SYSTEM32\D3D12Core.dll); driver 32.0.15.9186,false,assets/heightmaps/Hm_Terrain_Test_129.pgm,129,129,30.000,4.000,14,4.000,2.000,20000,0.587,0.000,6.000,5.573,7.256,12628,45424,12626,100,50,120,69,0,0,0,0,1,229.122,7.059,6.818,0.100,0.713,0.031,0.114,0.000,0.460,0.028,0.114,4.500,0.758,0.094,0.000,0.000,0.000,0.000,0.000,0.000,0.000,0.000,0.000,0.000,0.000,0.000,0.000,0.000,0.000,0.009,0,0,0.488,0.744,4.614,0.000,14
Classic CPU ROAM,RelWithDebInfo,D3D12,NVIDIA GeForce RTX 5090 D,Direct3D 12 (feature level 12_0); requested Agility SDK 614; runtime 6.2.26100.8737 (C:\WINDOWS\SYSTEM32\D3D12Core.dll); driver 32.0.15.9186,false,assets/heightmaps/Hm_Terrain_Test_129.pgm,129,129,30.000,4.000,14,4.000,2.000,20000,0.594,0.000,6.000,5.414,7.329,12504,45628,12502,102,50,226,112,0,0,0,0,1,0.000,6.823,6.588,0.114,0.670,0.054,0.090,0.000,0.444,0.027,0.109,4.345,0.734,0.097,0.000,0.000,0.000,0.000,0.000,0.000,0.000,0.000,0.000,0.000,0.000,0.000,0.000,0.000,0.000,0.009,0,0,0.471,0.725,4.454,0.000,14
Classic CPU ROAM,RelWithDebInfo,D3D12,NVIDIA GeForce RTX 5090 D,Direct3D 12 (feature level 12_0); requested Agility SDK 614; runtime 6.2.26100.8737 (C:\WINDOWS\SYSTEM32\D3D12Core.dll); driver 32.0.15.9186,false,assets/heightmaps/Hm_Terrain_Test_129.pgm,129,129,30.000,4.000,14,4.000,2.000,20000,0.601,0.000,6.000,5.261,7.028,12424,45808,12422,90,45,170,76,0,0,0,0,1,232.820,6.926,6.710,0.100,0.672,0.043,0.097,0.000,0.443,0.021,0.106,4.444,0.784,0.089,0.000,0.000,0.000,0.000,0.000,0.000,0.000,0.000,0.000,0.000,0.000,0.000,0.000,0.000,0.000,0.009,0,0,0.464,0.715,4.550,0.000,14
Classic CPU ROAM,RelWithDebInfo,D3D12,NVIDIA GeForce RTX 5090 D,Direct3D 12 (feature level 12_0); requested Agility SDK 614; runtime 6.2.26100.8737 (C:\WINDOWS\SYSTEM32\D3D12Core.dll); driver 32.0.15.9186,false,assets/heightmaps/Hm_Terrain_Test_129.pgm,129,129,30.000,4.000,14,4.000,2.000,20000,0.608,0.000,6.000,5.107,7.172,12420,45956,12418,74,37,78,49,0,0,0,0,1,0.000,6.986,6.777,0.108,0.679,0.021,0.091,0.000,0.434,0.017,0.125,4.578,0.723,0.095,0.000,0.000,0.000,0.000,0.000,0.000,0.000,0.000,0.000,0.000,0.000,0.000,0.000,0.000,0.000,0.009,0,0,0.452,0.700,4.703,0.000,14
Classic CPU ROAM,RelWithDebInfo,D3D12,NVIDIA GeForce RTX 5090 D,Direct3D 12 (feature level 12_0); requested Agility SDK 614; runtime 6.2.26100.8737 (C:\WINDOWS\SYSTEM32\D3D12Core.dll); driver 32.0.15.9186,false,assets/heightmaps/Hm_Terrain_Test_129.pgm,129,129,30.000,4.000,14,4.000,2.000,20000,0.615,0.000,6.000,4.953,7.202,12268,46128,12266,86,42,238,140,0,0,0,0,1,235.185,6.891,6.643,0.102,0.724,0.060,0.103,0.000,0.440,0.021,0.145,4.313,0.734,0.092,0.000,0.000,0.000,0.000,0.000,0.000,0.000,0.000,0.000,0.000,0.000,0.000,0.000,0.000,0.000,0.009,0,0,0.461,0.784,4.458,0.000,14
Classic CPU ROAM,RelWithDebInfo,D3D12,NVIDIA GeForce RTX 5090 D,Direct3D 12 (feature level 12_0); requested Agility SDK 614; runtime 6.2.26100.8737 (C:\WINDOWS\SYSTEM32\D3D12Core.dll); driver 32.0.15.9186,false,assets/heightmaps/Hm_Terrain_Test_129.pgm,129,129,30.000,4.000,14,4.000,2.000,20000,0.622,0.000,6.000,4.803,7.094,12224,46252,12222,62,31,106,64,0,0,0,0,1,0.000,6.382,6.244,0.103,0.666,0.027,0.095,0.000,0.431,0.015,0.104,4.093,0.710,0.088,0.000,0.000,0.000,0.000,0.000,0.000,0.000,0.000,0.000,0.000,0.000,0.000,0.000,0.000,0.000,0.011,0,0,0.446,0.693,4.197,0.000,14
Classic CPU ROAM,RelWithDebInfo,D3D12,NVIDIA GeForce RTX 5090 D,Direct3D 12 (feature level 12_0); requested Agility SDK 614; runtime 6.2.26100.8737 (C:\WINDOWS\SYSTEM32\D3D12Core.dll); driver 32.0.15.9186,false,assets/heightmaps/Hm_Terrain_Test_129.pgm,129,129,30.000,4.000,14,4.000,2.000,20000,0.629,0.000,6.000,4.664,6.582,12202,46376,12200,62,31,84,47,0,0,0,0,1,253.925,6.381,6.152,0.097,0.673,0.021,0.101,0.000,0.424,0.014,0.089,3.991,0.742,0.090,0.000,0.000,0.000,0.000,0.000,0.000,0.000,0.000,0.000,0.000,0.000,0.000,0.000,0.000,0.000,0.009,0,0,0.438,0.694,4.080,0.000,14
Classic CPU ROAM,RelWithDebInfo,D3D12,NVIDIA GeForce RTX 5090 D,Direct3D 12 (feature level 12_0); requested Agility SDK 614; runtime 6.2.26100.8737 (C:\WINDOWS\SYSTEM32\D3D12Core.dll); driver 32.0.15.9186,false,assets/heightmaps/Hm_Terrain_Test_129.pgm,129,129,30.000,4.000,14,4.000,2.000,20000,0.636,0.000,6.000,4.525,6.638,11985,46552,11983,88,43,305,117,0,0,0,0,1,0.000,6.542,6.411,0.095,0.661,0.074,0.090,0.000,0.418,0.063,0.097,4.168,0.743,0.085,0.000,0.000,0.000,0.000,0.000,0.000,0.000,0.000,0.000,0.000,0.000,0.000,0.000,0.000,0.000,0.009,0,0,0.482,0.735,4.266,0.000,14
Classic CPU ROAM,RelWithDebInfo,D3D12,NVIDIA GeForce RTX 5090 D,Direct3D 12 (feature level 12_0); requested Agility SDK 614; runtime 6.2.26100.8737 (C:\WINDOWS\SYSTEM32\D3D12Core.dll); driver 32.0.15.9186,false,assets/heightmaps/Hm_Terrain_Test_129.pgm,129,129,30.000,4.000,14,4.000,2.000,20000,0.642,0.000,6.000,4.385,6.746,11908,46684,11906,66,33,143,57,0,0,0,0,1,0.000,6.169,6.033,0.102,0.642,0.035,0.087,0.000,0.401,0.014,0.079,4.002,0.671,0.089,0.000,0.000,0.000,0.000,0.000,0.000,0.000,0.000,0.000,0.000,0.000,0.000,0.000,0.000,0.000,0.009,0,0,0.415,0.677,4.081,0.000,14
Classic CPU ROAM,RelWithDebInfo,D3D12,NVIDIA GeForce RTX 5090 D,Direct3D 12 (feature level 12_0); requested Agility SDK 614; runtime 6.2.26100.8737 (C:\WINDOWS\SYSTEM32\D3D12Core.dll); driver 32.0.15.9186,false,assets/heightmaps/Hm_Terrain_Test_129.pgm,129,129,30.000,4.000,14,4.000,2.000,20000,0.649,0.000,6.000,4.254,6.363,11846,46804,11844,60,30,122,62,0,0,0,0,1,250.537,6.372,6.236,0.237,0.593,0.042,0.079,0.000,0.375,0.015,0.104,4.046,0.745,0.089,0.000,0.000,0.000,0.000,0.000,0.000,0.000,0.000,0.000,0.000,0.000,0.000,0.000,0.000,0.000,0.009,0,0,0.390,0.635,4.149,0.000,14
Classic CPU ROAM,RelWithDebInfo,D3D12,NVIDIA GeForce RTX 5090 D,Direct3D 12 (feature level 12_0); requested Agility SDK 614; runtime 6.2.26100.8737 (C:\WINDOWS\SYSTEM32\D3D12Core.dll); driver 32.0.15.9186,false,assets/heightmaps/Hm_Terrain_Test_129.pgm,129,129,30.000,4.000,14,4.000,2.000,20000,0.655,0.000,6.000,4.120,6.569,11810,46960,11808,78,39,114,68,0,0,0,0,1,0.000,5.707,5.571,0.106,0.586,0.028,0.079,0.000,0.364,0.017,0.087,3.623,0.683,0.090,0.000,0.000,0.000,0.000,0.000,0.000,0.000,0.000,0.000,0.000,0.000,0.000,0.000,0.000,0.000,0.009,0,0,0.382,0.613,3.709,0.000,14
Classic CPU ROAM,RelWithDebInfo,D3D12,NVIDIA GeForce RTX 5090 D,Direct3D 12 (feature level 12_0); requested Agility SDK 614; runtime 6.2.26100.8737 (C:\WINDOWS\SYSTEM32\D3D12Core.dll); driver 32.0.15.9186,false,assets/heightmaps/Hm_Terrain_Test_129.pgm,129,129,30.000,4.000,14,4.000,2.000,20000,0.661,0.000,6.000,4.000,5.890,11686,47020,11684,30,14,154,86,0,0,0,0,1,279.432,5.720,5.591,0.099,0.591,0.038,0.078,0.000,0.353,0.008,0.078,3.609,0.737,0.081,0.000,0.000,0.000,0.000,0.000,0.000,0.000,0.000,0.000,0.000,0.000,0.000,0.000,0.000,0.000,0.009,0,0,0.361,0.629,3.687,0.000,14
Classic CPU ROAM,RelWithDebInfo,D3D12,NVIDIA GeForce RTX 5090 D,Direct3D 12 (feature level 12_0); requested Agility SDK 614; runtime 6.2.26100.8737 (C:\WINDOWS\SYSTEM32\D3D12Core.dll); driver 32.0.15.9186,false,assets/heightmaps/Hm_Terrain_Test_129.pgm,129,129,30.000,4.000,14,4.000,2.000,20000,0.667,0.000,6.000,3.882,5.899,11668,47164,11666,72,36,90,58,0,0,0,0,1,0.000,5.825,5.508,0.104,0.618,0.022,0.081,0.000,0.360,0.017,0.079,3.558,0.668,0.082,0.000,0.000,0.000,0.000,0.000,0.000,0.000,0.000,0.000,0.000,0.000,0.000,0.000,0.000,0.000,0.009,0,0,0.377,0.641,3.637,0.000,14
Classic CPU ROAM,RelWithDebInfo,D3D12,NVIDIA GeForce RTX 5090 D,Direct3D 12 (feature level 12_0); requested Agility SDK 614; runtime 6.2.26100.8737 (C:\WINDOWS\SYSTEM32\D3D12Core.dll); driver 32.0.15.9186,false,assets/heightmaps/Hm_Terrain_Test_129.pgm,129,129,30.000,4.000,14,4.000,2.000,20000,0.673,0.000,6.000,3.762,6.023,11604,47268,11602,52,26,116,68,0,0,0,0,1,0.000,5.973,5.838,0.094,0.591,0.029,0.079,0.000,0.345,0.012,0.098,3.914,0.676,0.086,0.000,0.000,0.000,0.000,0.000,0.000,0.000,0.000,0.000,0.000,0.000,0.000,0.000,0.000,0.000,0.008,0,0,0.357,0.619,4.013,0.000,14
Classic CPU ROAM,RelWithDebInfo,D3D12,NVIDIA GeForce RTX 5090 D,Direct3D 12 (feature level 12_0); requested Agility SDK 614; runtime 6.2.26100.8737 (C:\WINDOWS\SYSTEM32\D3D12Core.dll); driver 32.0.15.9186,false,assets/heightmaps/Hm_Terrain_Test_129.pgm,129,129,30.000,4.000,14,4.000,2.000,20000,0.679,0.000,6.000,3.641,6.156,11572,47412,11570,72,36,104,54,0,0,0,0,1,284.075,5.791,5.499,0.104,0.597,0.025,0.078,0.000,0.343,0.017,0.078,3.621,0.635,0.088,0.000,0.000,0.000,0.000,0.000,0.000,0.000,0.000,0.000,0.000,0.000,0.000,0.000,0.000,0.000,0.009,0,0,0.359,0.622,3.700,0.000,14
Classic CPU ROAM,RelWithDebInfo,D3D12,NVIDIA GeForce RTX 5090 D,Direct3D 12 (feature level 12_0); requested Agility SDK 614; runtime 6.2.26100.8737 (C:\WINDOWS\SYSTEM32\D3D12Core.dll); driver 32.0.15.9186,false,assets/heightmaps/Hm_Terrain_Test_129.pgm,129,129,30.000,4.000,14,4.000,2.000,20000,0.685,0.000,6.000,3.523,6.017,11443,47516,11441,52,25,181,84,0,0,0,0,1,0.000,5.947,5.823,0.096,0.617,0.045,0.082,0.000,0.337,0.014,0.105,3.915,0.611,0.077,0.000,0.000,0.000,0.000,0.000,0.000,0.000,0.000,0.000,0.000,0.000,0.000,0.000,0.000,0.000,0.009,0,0,0.351,0.663,4.020,0.000,14
Classic CPU ROAM,RelWithDebInfo,D3D12,NVIDIA GeForce RTX 5090 D,Direct3D 12 (feature level 12_0); requested Agility SDK 614; runtime 6.2.26100.8737 (C:\WINDOWS\SYSTEM32\D3D12Core.dll); driver 32.0.15.9186,false,assets/heightmaps/Hm_Terrain_Test_129.pgm,129,129,30.000,4.000,14,4.000,2.000,20000,0.691,0.000,6.000,3.405,6.146,11356,47624,11354,54,27,141,60,0,0,0,0,1,0.000,5.687,5.384,0.103,0.565,0.035,0.079,0.000,0.331,0.013,0.083,3.526,0.649,0.085,0.000,0.000,0.000,0.000,0.000,0.000,0.000,0.000,0.000,0.000,0.000,0.000,0.000,0.000,0.000,0.010,0,0,0.344,0.600,3.609,0.000,14
Classic CPU ROAM,RelWithDebInfo,D3D12,NVIDIA GeForce RTX 5090 D,Direct3D 12 (feature level 12_0); requested Agility SDK 614; runtime 6.2.26100.8737 (C:\WINDOWS\SYSTEM32\D3D12Core.dll); driver 32.0.15.9186,false,assets/heightmaps/Hm_Terrain_Test_129.pgm,129,129,30.000,4.000,14,4.000,2.000,20000,0.697,0.000,6.000,3.292,5.923,11306,47744,11304,60,30,110,64,0,0,0,0,1,229.621,6.941,6.804,0.095,0.584,0.028,0.080,0.000,0.378,0.015,0.120,4.482,1.021,0.081,0.000,0.000,0.000,0.000,0.000,0.000,0.000,0.000,0.000,0.000,0.000,0.000,0.000,0.000,0.000,0.008,0,0,0.394,0.612,4.601,0.000,14
Classic CPU ROAM,RelWithDebInfo,D3D12,NVIDIA GeForce RTX 5090 D,Direct3D 12 (feature level 12_0); requested Agility SDK 614; runtime 6.2.26100.8737 (C:\WINDOWS\SYSTEM32\D3D12Core.dll); driver 32.0.15.9186,false,assets/heightmaps/Hm_Terrain_Test_129.pgm,129,129,30.000,4.000,14,4.000,2.000,20000,0.704,0.000,6.000,3.156,7.200,11274,47868,11272,62,31,94,60,0,0,0,0,1,0.000,5.794,5.477,0.104,0.635,0.025,0.090,0.000,0.350,0.015,0.080,3.501,0.677,0.076,0.000,0.000,0.000,0.000,0.000,0.000,0.000,0.000,0.000,0.000,0.000,0.000,0.000,0.000,0.000,0.008,0,0,0.365,0.660,3.581,0.000,14
Classic CPU ROAM,RelWithDebInfo,D3D12,NVIDIA GeForce RTX 5090 D,Direct3D 12 (feature level 12_0); requested Agility SDK 614; runtime 6.2.26100.8737 (C:\WINDOWS\SYSTEM32\D3D12Core.dll); driver 32.0.15.9186,false,assets/heightmaps/Hm_Terrain_Test_129.pgm,129,129,30.000,4.000,14,4.000,2.000,20000,0.711,0.000,6.000,3.043,6.043,11224,47988,11222,60,29,110,68,0,0,0,0,1,260.721,6.130,5.992,0.099,0.567,0.027,0.080,0.000,0.324,0.021,0.117,3.918,0.838,0.083,0.000,0.000,0.000,0.000,0.000,0.000,0.000,0.000,0.000,0.000,0.000,0.000,0.000,0.000,0.000,0.009,0,0,0.345,0.595,4.035,0.000,14
Classic CPU ROAM,RelWithDebInfo,D3D12,NVIDIA GeForce RTX 5090 D,Direct3D 12 (feature level 12_0); requested Agility SDK 614; runtime 6.2.26100.8737 (C:\WINDOWS\SYSTEM32\D3D12Core.dll); driver 32.0.15.9186,false,assets/heightmaps/Hm_Terrain_Test_129.pgm,129,129,30.000,4.000,14,4.000,2.000,20000,0.717,0.000,6.000,2.926,6.374,11156,48112,11154,62,31,130,70,0,0,0,0,1,0.000,5.671,5.526,0.101,0.638,0.033,0.085,0.000,0.328,0.017,0.078,3.481,0.765,0.086,0.000,0.000,0.000,0.000,0.000,0.000,0.000,0.000,0.000,0.000,0.000,0.000,0.000,0.000,0.000,0.009,0,0,0.345,0.671,3.559,0.000,14
Classic CPU ROAM,RelWithDebInfo,D3D12,NVIDIA GeForce RTX 5090 D,Direct3D 12 (feature level 12_0); requested Agility SDK 614; runtime 6.2.26100.8737 (C:\WINDOWS\SYSTEM32\D3D12Core.dll); driver 32.0.15.9186,false,assets/heightmaps/Hm_Terrain_Test_129.pgm,129,129,30.000,4.000,14,4.000,2.000,20000,0.723,0.000,6.000,2.819,5.914,11083,48216,11081,52,26,125,54,0,0,0,0,1,0.000,5.626,5.482,0.097,0.584,0.031,0.080,0.000,0.312,0.013,0.077,3.512,0.774,0.084,0.000,0.000,0.000,0.000,0.000,0.000,0.000,0.000,0.000,0.000,0.000,0.000,0.000,0.000,0.000,0.008,0,0,0.326,0.615,3.589,0.000,14
Classic CPU ROAM,RelWithDebInfo,D3D12,NVIDIA GeForce RTX 5090 D,Direct3D 12 (feature level 12_0); requested Agility SDK 614; runtime 6.2.26100.8737 (C:\WINDOWS\SYSTEM32\D3D12Core.dll); driver 32.0.15.9186,false,assets/heightmaps/Hm_Terrain_Test_129.pgm,129,129,30.000,4.000,14,4.000,2.000,20000,0.729,0.000,6.000,2.713,5.916,11013,48332,11011,58,29,128,52,0,0,0,0,1,295.001,5.642,5.295,0.096,0.613,0.031,0.090,0.000,0.312,0.030,0.075,3.408,0.640,0.089,0.000,0.000,0.000,0.000,0.000,0.000,0.000,0.000,0.000,0.000,0.000,0.000,0.000,0.000,0.000,0.008,0,0,0.343,0.644,3.483,0.000,14
Classic CPU ROAM,RelWithDebInfo,D3D12,NVIDIA GeForce RTX 5090 D,Direct3D 12 (feature level 12_0); requested Agility SDK 614; runtime 6.2.26100.8737 (C:\WINDOWS\SYSTEM32\D3D12Core.dll); driver 32.0.15.9186,false,assets/heightmaps/Hm_Terrain_Test_129.pgm,129,129,30.000,4.000,14,4.000,2.000,20000,0.735,0.000,6.000,2.608,5.936,10916,48436,10914,52,25,149,61,0,0,0,0,1,0.000,5.868,5.724,0.097,0.570,0.036,0.075,0.000,0.307,0.012,0.094,3.933,0.599,0.094,0.000,0.000,0.000,0.000,0.000,0.000,0.000,0.000,0.000,0.000,0.000,0.000,0.000,0.000,0.000,0.008,0,0,0.319,0.606,4.028,0.000,14
Classic CPU ROAM,RelWithDebInfo,D3D12,NVIDIA GeForce RTX 5090 D,Direct3D 12 (feature level 12_0); requested Agility SDK 614; runtime 6.2.26100.8737 (C:\WINDOWS\SYSTEM32\D3D12Core.dll); driver 32.0.15.9186,false,assets/heightmaps/Hm_Terrain_Test_129.pgm,129,129,30.000,4.000,14,4.000,2.000,20000,0.741,0.000,6.000,2.502,6.082,10809,48504,10807,34,17,141,51,0,0,0,0,1,296.749,5.387,5.264,0.094,0.604,0.035,0.084,0.000,0.285,0.009,0.075,3.475,0.603,0.072,0.000,0.000,0.000,0.000,0.000,0.000,0.000,0.000,0.000,0.000,0.000,0.000,0.000,0.000,0.000,0.008,0,0,0.294,0.639,3.549,0.000,14
Classic CPU ROAM,RelWithDebInfo,D3D12,NVIDIA GeForce RTX 5090 D,Direct3D 12 (feature level 12_0); requested Agility SDK 614; runtime 6.2.26100.8737 (C:\WINDOWS\SYSTEM32\D3D12Core.dll); driver 32.0.15.9186,false,assets/heightmaps/Hm_Terrain_Test_129.pgm,129,129,30.000,4.000,14,4.000,2.000,20000,0.746,0.000,6.000,2.406,5.598,10724,48636,10722,66,33,151,60,0,0,0,0,1,0.000,5.361,5.235,0.094,0.532,0.036,0.072,0.000,0.274,0.017,0.073,3.519,0.617,0.077,0.000,0.000,0.000,0.000,0.000,0.000,0.000,0.000,0.000,0.000,0.000,0.000,0.000,0.000,0.000,0.010,0,0,0.292,0.569,3.592,0.000,14
Classic CPU ROAM,RelWithDebInfo,D3D12,NVIDIA GeForce RTX 5090 D,Direct3D 12 (feature level 12_0); requested Agility SDK 614; runtime 6.2.26100.8737 (C:\WINDOWS\SYSTEM32\D3D12Core.dll); driver 32.0.15.9186,false,assets/heightmaps/Hm_Terrain_Test_129.pgm,129,129,30.000,4.000,14,4.000,2.000,20000,0.752,0.000,6.000,2.311,5.578,10672,48732,10670,48,24,100,54,0,0,0,0,1,0.000,5.230,5.111,0.086,0.545,0.025,0.072,0.000,0.269,0.011,0.071,3.427,0.604,0.076,0.000,0.000,0.000,0.000,0.000,0.000,0.000,0.000,0.000,0.000,0.000,0.000,0.000,0.000,0.000,0.009,0,0,0.281,0.571,3.498,0.000,14
Classic CPU ROAM,RelWithDebInfo,D3D12,NVIDIA GeForce RTX 5090 D,Direct3D 12 (feature level 12_0); requested Agility SDK 614; runtime 6.2.26100.8737 (C:\WINDOWS\SYSTEM32\D3D12Core.dll); driver 32.0.15.9186,false,assets/heightmaps/Hm_Terrain_Test_129.pgm,129,129,30.000,4.000,14,4.000,2.000,20000,0.757,0.000,6.000,2.221,5.428,10670,48848,10668,58,29,60,43,0,0,0,0,1,296.884,5.394,5.262,0.081,0.535,0.015,0.071,0.000,0.267,0.015,0.072,3.525,0.681,0.084,0.000,0.000,0.000,0.000,0.000,0.000,0.000,0.000,0.000,0.000,0.000,0.000,0.000,0.000,0.000,0.008,0,0,0.282,0.550,3.596,0.000,14
Classic CPU ROAM,RelWithDebInfo,D3D12,NVIDIA GeForce RTX 5090 D,Direct3D 12 (feature level 12_0); requested Agility SDK 614; runtime 6.2.26100.8737 (C:\WINDOWS\SYSTEM32\D3D12Core.dll); driver 32.0.15.9186,false,assets/heightmaps/Hm_Terrain_Test_129.pgm,129,129,30.000,4.000,14,4.000,2.000,20000,0.763,0.000,6.000,2.129,5.591,10604,48924,10602,38,18,104,64,0,0,0,0,1,0.000,5.308,5.182,0.081,0.554,0.026,0.074,0.000,0.264,0.009,0.071,3.531,0.571,0.079,0.000,0.000,0.000,0.000,0.000,0.000,0.000,0.000,0.000,0.000,0.000,0.000,0.000,0.000,0.000,0.008,0,0,0.274,0.580,3.602,0.000,14
Classic CPU ROAM,RelWithDebInfo,D3D12,NVIDIA GeForce RTX 5090 D,Direct3D 12 (feature level 12_0); requested Agility SDK 614; runtime 6.2.26100.8737 (C:\WINDOWS\SYSTEM32\D3D12Core.dll); driver 32.0.15.9186,false,assets/heightmaps/Hm_Terrain_Test_129.pgm,129,129,30.000,4.000,14,4.000,2.000,20000,0.768,0.000,6.000,2.041,5.491,10570,48988,10568,32,16,66,38,0,0,0,0,1,0.000,5.198,5.082,0.090,0.525,0.017,0.073,0.000,0.262,0.008,0.071,3.460,0.575,0.071,0.000,0.000,0.000,0.000,0.000,0.000,0.000,0.000,0.000,0.000,0.000,0.000,0.000,0.000,0.000,0.008,0,0,0.271,0.543,3.531,0.000,14
Classic CPU ROAM,RelWithDebInfo,D3D12,NVIDIA GeForce RTX 5090 D,Direct3D 12 (feature level 12_0); requested Agility SDK 614; runtime 6.2.26100.8737 (C:\WINDOWS\SYSTEM32\D3D12Core.dll); driver 32.0.15.9186,false,assets/heightmaps/Hm_Terrain_Test_129.pgm,129,129,30.000,4.000,14,4.000,2.000,20000,0.774,0.000,6.000,1.955,5.389,10516,49060,10514,36,18,90,50,0,0,0,0,1,319.942,4.998,4.883,0.080,0.516,0.024,0.082,0.000,0.258,0.010,0.073,3.257,0.582,0.071,0.000,0.000,0.000,0.000,0.000,0.000,0.000,0.000,0.000,0.000,0.000,0.000,0.000,0.000,0.000,0.009,0,0,0.269,0.540,3.330,0.000,14
Classic CPU ROAM,RelWithDebInfo,D3D12,NVIDIA GeForce RTX 5090 D,Direct3D 12 (feature level 12_0); requested Agility SDK 614; runtime 6.2.26100.8737 (C:\WINDOWS\SYSTEM32\D3D12Core.dll); driver 32.0.15.9186,false,assets/heightmaps/Hm_Terrain_Test_129.pgm,129,129,30.000,4.000,14,4.000,2.000,20000,0.779,0.000,6.000,1.874,5.172,10488,49168,10486,54,27,82,44,0,0,0,0,1,0.000,5.191,5.074,0.080,0.517,0.020,0.070,0.000,0.255,0.012,0.072,3.436,0.611,0.071,0.000,0.000,0.000,0.000,0.000,0.000,0.000,0.000,0.000,0.000,0.000,0.000,0.000,0.000,0.000,0.008,0,0,0.268,0.536,3.507,0.000,14
Classic CPU ROAM,RelWithDebInfo,D3D12,NVIDIA GeForce RTX 5090 D,Direct3D 12 (feature level 12_0); requested Agility SDK 614; runtime 6.2.26100.8737 (C:\WINDOWS\SYSTEM32\D3D12Core.dll); driver 32.0.15.9186,false,assets/heightmaps/Hm_Terrain_Test_129.pgm,129,129,30.000,4.000,14,4.000,2.000,20000,0.784,0.000,6.000,1.792,5.375,10436,49248,10434,40,20,92,50,0,0,0,0,1,0.000,5.312,5.187,0.079,0.528,0.022,0.073,0.000,0.253,0.009,0.072,3.566,0.585,0.076,0.000,0.000,0.000,0.000,0.000,0.000,0.000,0.000,0.000,0.000,0.000,0.000,0.000,0.000,0.000,0.009,0,0,0.262,0.550,3.638,0.000,14
Classic CPU ROAM,RelWithDebInfo,D3D12,NVIDIA GeForce RTX 5090 D,Direct3D 12 (feature level 12_0); requested Agility SDK 614; runtime 6.2.26100.8737 (C:\WINDOWS\SYSTEM32\D3D12Core.dll); driver 32.0.15.9186,false,assets/heightmaps/Hm_Terrain_Test_129.pgm,129,129,30.000,4.000,14,4.000,2.000,20000,0.790,0.000,6.000,1.708,5.548,10392,49360,10390,56,27,100,42,0,0,0,0,1,304.729,5.239,5.127,0.079,0.529,0.025,0.072,0.000,0.248,0.015,0.097,3.499,0.561,0.069,0.000,0.000,0.000,0.000,0.000,0.000,0.000,0.000,0.000,0.000,0.000,0.000,0.000,0.000,0.000,0.008,0,0,0.263,0.554,3.596,0.000,14
Classic CPU ROAM,RelWithDebInfo,D3D12,NVIDIA GeForce RTX 5090 D,Direct3D 12 (feature level 12_0); requested Agility SDK 614; runtime 6.2.26100.8737 (C:\WINDOWS\SYSTEM32\D3D12Core.dll); driver 32.0.15.9186,false,assets/heightmaps/Hm_Terrain_Test_129.pgm,129,129,30.000,4.000,14,4.000,2.000,20000,0.795,0.000,6.000,1.627,5.444,10345,49448,10343,44,22,91,40,0,0,0,0,1,0.000,5.421,5.186,0.079,0.517,0.024,0.073,0.000,0.245,0.010,0.071,3.594,0.571,0.070,0.000,0.000,0.000,0.000,0.000,0.000,0.000,0.000,0.000,0.000,0.000,0.000,0.000,0.000,0.000,0.008,0,0,0.256,0.542,3.664,0.000,14
Classic CPU ROAM,RelWithDebInfo,D3D12,NVIDIA GeForce RTX 5090 D,Direct3D 12 (feature level 12_0); requested Agility SDK 614; runtime 6.2.26100.8737 (C:\WINDOWS\SYSTEM32\D3D12Core.dll); driver 32.0.15.9186,false,assets/heightmaps/Hm_Terrain_Test_129.pgm,129,129,30.000,4.000,14,4.000,2.000,20000,0.801,0.000,6.000,1.546,5.608,10290,49524,10288,38,19,93,44,0,0,0,0,1,0.000,5.835,5.707,0.078,0.498,0.023,0.071,0.000,0.235,0.010,0.087,4.057,0.646,0.076,0.000,0.000,0.000,0.000,0.000,0.000,0.000,0.000,0.000,0.000,0.000,0.000,0.000,0.000,0.000,0.010,0,0,0.246,0.521,4.144,0.000,14
Classic CPU ROAM,RelWithDebInfo,D3D12,NVIDIA GeForce RTX 5090 D,Direct3D 12 (feature level 12_0); requested Agility SDK 614; runtime 6.2.26100.8737 (C:\WINDOWS\SYSTEM32\D3D12Core.dll); driver 32.0.15.9186,false,assets/heightmaps/Hm_Terrain_Test_129.pgm,129,129,30.000,4.000,14,4.000,2.000,20000,0.807,0.000,6.000,1.460,6.070,10230,49564,10228,20,10,80,46,0,0,0,0,1,317.439,5.037,4.921,0.079,0.526,0.021,0.072,0.000,0.236,0.005,0.070,3.319,0.592,0.069,0.000,0.000,0.000,0.000,0.000,0.000,0.000,0.000,0.000,0.000,0.000,0.000,0.000,0.000,0.000,0.008,0,0,0.241,0.548,3.389,0.000,14
Classic CPU ROAM,RelWithDebInfo,D3D12,NVIDIA GeForce RTX 5090 D,Direct3D 12 (feature level 12_0); requested Agility SDK 614; runtime 6.2.26100.8737 (C:\WINDOWS\SYSTEM32\D3D12Core.dll); driver 32.0.15.9186,false,assets/heightmaps/Hm_Terrain_Test_129.pgm,129,129,30.000,4.000,14,4.000,2.000,20000,0.812,0.000,6.000,1.388,5.229,10170,49616,10168,26,13,86,44,0,0,0,0,1,0.000,4.937,4.821,0.079,0.501,0.023,0.071,0.000,0.233,0.007,0.070,3.280,0.555,0.074,0.000,0.000,0.000,0.000,0.000,0.000,0.000,0.000,0.000,0.000,0.000,0.000,0.000,0.000,0.000,0.008,0,0,0.240,0.524,3.350,0.000,14
Classic CPU ROAM,RelWithDebInfo,D3D12,NVIDIA GeForce RTX 5090 D,Direct3D 12 (feature level 12_0); requested Agility SDK 614; runtime 6.2.26100.8737 (C:\WINDOWS\SYSTEM32\D3D12Core.dll); driver 32.0.15.9186,false,assets/heightmaps/Hm_Terrain_Test_129.pgm,129,129,30.000,4.000,14,4.000,2.000,20000,0.817,0.000,6.000,1.318,5.149,10184,49740,10182,62,31,48,41,0,0,0,0,1,0.000,4.838,4.727,0.078,0.507,0.012,0.072,0.000,0.231,0.015,0.071,3.192,0.548,0.068,0.000,0.000,0.000,0.000,0.000,0.000,0.000,0.000,0.000,0.000,0.000,0.000,0.000,0.000,0.000,0.008,0,0,0.247,0.519,3.263,0.000,14
Classic CPU ROAM,RelWithDebInfo,D3D12,NVIDIA GeForce RTX 5090 D,Direct3D 12 (feature level 12_0); requested Agility SDK 614; runtime 6.2.26100.8737 (C:\WINDOWS\SYSTEM32\D3D12Core.dll); driver 32.0.15.9186,false,assets/heightmaps/Hm_Terrain_Test_129.pgm,129,129,30.000,4.000,14,4.000,2.000,20000,0.822,0.000,6.000,1.250,5.058,10148,49832,10146,46,23,82,46,0,0,0,0,1,0.000,5.069,4.844,0.085,0.486,0.021,0.071,0.000,0.225,0.012,0.071,3.316,0.555,0.072,0.000,0.000,0.000,0.000,0.000,0.000,0.000,0.000,0.000,0.000,0.000,0.000,0.000,0.000,0.000,0.008,0,0,0.238,0.507,3.387,0.000,14
Classic CPU ROAM,RelWithDebInfo,D3D12,NVIDIA GeForce RTX 5090 D,Direct3D 12 (feature level 12_0); requested Agility SDK 614; runtime 6.2.26100.8737 (C:\WINDOWS\SYSTEM32\D3D12Core.dll); driver 32.0.15.9186,false,assets/heightmaps/Hm_Terrain_Test_129.pgm,129,129,30.000,4.000,14,4.000,2.000,20000,0.828,0.000,6.000,1.182,5.251,10110,49896,10108,32,15,70,40,0,0,0,0,1,0.000,5.378,5.190,0.078,0.491,0.018,0.072,0.000,0.230,0.013,0.087,3.624,0.577,0.066,0.000,0.000,0.000,0.000,0.000,0.000,0.000,0.000,0.000,0.000,0.000,0.000,0.000,0.000,0.000,0.010,0,0,0.243,0.510,3.711,0.000,14
Classic CPU ROAM,RelWithDebInfo,D3D12,NVIDIA GeForce RTX 5090 D,Direct3D 12 (feature level 12_0); requested Agility SDK 614; runtime 6.2.26100.8737 (C:\WINDOWS\SYSTEM32\D3D12Core.dll); driver 32.0.15.9186,false,assets/heightmaps/Hm_Terrain_Test_129.pgm,129,129,30.000,4.000,14,4.000,2.000,20000,0.833,0.000,6.000,1.112,5.561,10090,49992,10088,48,24,68,30,0,0,0,0,1,0.000,5.286,5.047,0.077,0.505,0.018,0.071,0.000,0.220,0.012,0.090,3.496,0.556,0.070,0.000,0.000,0.000,0.000,0.000,0.000,0.000,0.000,0.000,0.000,0.000,0.000,0.000,0.000,0.000,0.008,0,0,0.232,0.524,3.587,0.000,14
Classic CPU ROAM,RelWithDebInfo,D3D12,NVIDIA GeForce RTX 5090 D,Direct3D 12 (feature level 12_0); requested Agility SDK 614; runtime 6.2.26100.8737 (C:\WINDOWS\SYSTEM32\D3D12Core.dll); driver 32.0.15.9186,false,assets/heightmaps/Hm_Terrain_Test_129.pgm,129,129,30.000,4.000,14,4.000,2.000,20000,0.839,0.000,6.000,1.044,5.505,10078,50068,10076,38,19,50,28,0,0,0,0,1,0.000,5.212,5.087,0.076,0.488,0.013,0.070,0.000,0.229,0.009,0.088,3.571,0.541,0.087,0.000,0.000,0.000,0.000,0.000,0.000,0.000,0.000,0.000,0.000,0.000,0.000,0.000,0.000,0.000,0.008,0,0,0.238,0.502,3.660,0.000,14
Classic CPU ROAM,RelWithDebInfo,D3D12,NVIDIA GeForce RTX 5090 D,Direct3D 12 (feature level 12_0); requested Agility SDK 614; runtime 6.2.26100.8737 (C:\WINDOWS\SYSTEM32\D3D12Core.dll); driver 32.0.15.9186,false,assets/heightmaps/Hm_Terrain_Test_129.pgm,129,129,30.000,4.000,14,4.000,2.000,20000,0.844,0.000,6.000,0.979,5.407,10018,50128,10016,30,15,90,56,0,0,0,0,1,0.000,4.891,4.767,0.077,0.481,0.022,0.069,0.000,0.213,0.008,0.069,3.284,0.544,0.085,0.000,0.000,0.000,0.000,0.000,0.000,0.000,0.000,0.000,0.000,0.000,0.000,0.000,0.000,0.000,0.008,0,0,0.221,0.503,3.353,0.000,14
Classic CPU ROAM,RelWithDebInfo,D3D12,NVIDIA GeForce RTX 5090 D,Direct3D 12 (feature level 12_0); requested Agility SDK 614; runtime 6.2.26100.8737 (C:\WINDOWS\SYSTEM32\D3D12Core.dll); driver 32.0.15.9186,false,assets/heightmaps/Hm_Terrain_Test_129.pgm,129,129,30.000,4.000,14,4.000,2.000,20000,0.849,0.000,6.000,0.920,5.068,10018,50200,10016,36,18,36,24,0,0,0,0,1,0.000,5.193,5.074,0.080,0.481,0.009,0.068,0.000,0.208,0.019,0.069,3.491,0.647,0.078,0.000,0.000,0.000,0.000,0.000,0.000,0.000,0.000,0.000,0.000,0.000,0.000,0.000,0.000,0.000,0.010,0,0,0.227,0.491,3.560,0.000,14
Classic CPU ROAM,RelWithDebInfo,D3D12,NVIDIA GeForce RTX 5090 D,Direct3D 12 (feature level 12_0); requested Agility SDK 614; runtime 6.2.26100.8737 (C:\WINDOWS\SYSTEM32\D3D12Core.dll); driver 32.0.15.9186,false,assets/heightmaps/Hm_Terrain_Test_129.pgm,129,129,30.000,4.000,14,4.000,2.000,20000,0.855,0.000,6.000,0.858,5.431,9952,50264,9950,32,16,98,46,0,0,0,0,1,0.000,5.004,4.882,0.077,0.498,0.022,0.069,0.000,0.215,0.008,0.068,3.372,0.553,0.080,0.000,0.000,0.000,0.000,0.000,0.000,0.000,0.000,0.000,0.000,0.000,0.000,0.000,0.000,0.000,0.008,0,0,0.223,0.520,3.440,0.000,14
Classic CPU ROAM,RelWithDebInfo,D3D12,NVIDIA GeForce RTX 5090 D,Direct3D 12 (feature level 12_0); requested Agility SDK 614; runtime 6.2.26100.8737 (C:\WINDOWS\SYSTEM32\D3D12Core.dll); driver 32.0.15.9186,false,assets/heightmaps/Hm_Terrain_Test_129.pgm,129,129,30.000,4.000,14,4.000,2.000,20000,0.860,0.000,6.000,0.801,5.191,9888,50344,9886,40,20,104,32,0,0,0,0,1,0.000,4.814,4.693,0.076,0.470,0.026,0.074,0.000,0.204,0.009,0.076,3.216,0.540,0.079,0.000,0.000,0.000,0.000,0.000,0.000,0.000,0.000,0.000,0.000,0.000,0.000,0.000,0.000,0.000,0.008,0,0,0.213,0.496,3.293,0.000,14
Classic CPU ROAM,RelWithDebInfo,D3D12,NVIDIA GeForce RTX 5090 D,Direct3D 12 (feature level 12_0); requested Agility SDK 614; runtime 6.2.26100.8737 (C:\WINDOWS\SYSTEM32\D3D12Core.dll); driver 32.0.15.9186,false,assets/heightmaps/Hm_Terrain_Test_129.pgm,129,129,30.000,4.000,14,4.000,2.000,20000,0.865,0.000,6.000,0.747,5.061,9887,50436,9885,46,22,47,33,0,0,0,0,1,0.000,4.627,4.500,0.076,0.467,0.020,0.067,0.000,0.199,0.011,0.067,3.051,0.541,0.083,0.000,0.000,0.000,0.000,0.000,0.000,0.000,0.000,0.000,0.000,0.000,0.000,0.000,0.000,0.000,0.008,0,0,0.211,0.486,3.119,0.000,14
Classic CPU ROAM,RelWithDebInfo,D3D12,NVIDIA GeForce RTX 5090 D,Direct3D 12 (feature level 12_0); requested Agility SDK 614; runtime 6.2.26100.8737 (C:\WINDOWS\SYSTEM32\D3D12Core.dll); driver 32.0.15.9186,false,assets/heightmaps/Hm_Terrain_Test_129.pgm,129,129,30.000,4.000,14,4.000,2.000,20000,0.870,0.000,6.000,0.697,4.809,9861,50532,9859,48,24,74,34,0,0,0,0,1,0.000,4.576,4.460,0.078,0.455,0.019,0.066,0.000,0.201,0.011,0.067,3.018,0.545,0.078,0.000,0.000,0.000,0.000,0.000,0.000,0.000,0.000,0.000,0.000,0.000,0.000,0.000,0.000,0.000,0.010,0,0,0.212,0.474,3.085,0.000,14
Classic CPU ROAM,RelWithDebInfo,D3D12,NVIDIA GeForce RTX 5090 D,Direct3D 12 (feature level 12_0); requested Agility SDK 614; runtime 6.2.26100.8737 (C:\WINDOWS\SYSTEM32\D3D12Core.dll); driver 32.0.15.9186,false,assets/heightmaps/Hm_Terrain_Test_129.pgm,129,129,30.000,4.000,14,4.000,2.000,20000,0.875,0.000,6.000,0.649,4.762,9817,50572,9815,20,10,64,28,0,0,0,0,1,0.000,4.544,4.429,0.076,0.453,0.016,0.066,0.000,0.187,0.004,0.067,3.025,0.535,0.073,0.000,0.000,0.000,0.000,0.000,0.000,0.000,0.000,0.000,0.000,0.000,0.000,0.000,0.000,0.000,0.008,0,0,0.192,0.469,3.091,0.000,14
Classic CPU ROAM,RelWithDebInfo,D3D12,NVIDIA GeForce RTX 5090 D,Direct3D 12 (feature level 12_0); requested Agility SDK 614; runtime 6.2.26100.8737 (C:\WINDOWS\SYSTEM32\D3D12Core.dll); driver 32.0.15.9186,false,assets/heightmaps/Hm_Terrain_Test_129.pgm,129,129,30.000,4.000,14,4.000,2.000,20000,0.879,0.000,6.000,0.603,4.724,9789,50652,9787,40,20,68,29,0,0,0,0,1,0.000,4.563,4.453,0.079,0.476,0.018,0.070,0.000,0.188,0.008,0.069,3.001,0.542,0.071,0.000,0.000,0.000,0.000,0.000,0.000,0.000,0.000,0.000,0.000,0.000,0.000,0.000,0.000,0.000,0.008,0,0,0.197,0.494,3.071,0.000,14
Classic CPU ROAM,RelWithDebInfo,D3D12,NVIDIA GeForce RTX 5090 D,Direct3D 12 (feature level 12_0); requested Agility SDK 614; runtime 6.2.26100.8737 (C:\WINDOWS\SYSTEM32\D3D12Core.dll); driver 32.0.15.9186,false,assets/heightmaps/Hm_Terrain_Test_129.pgm,129,129,30.000,4.000,14,4.000,2.000,20000,0.884,0.000,6.000,0.558,4.812,9782,50700,9780,24,12,31,17,0,0,0,0,1,354.108,4.754,4.411,0.075,0.466,0.008,0.065,0.000,0.182,0.006,0.066,2.988,0.555,0.070,0.000,0.000,0.000,0.000,0.000,0.000,0.000,0.000,0.000,0.000,0.000,0.000,0.000,0.000,0.000,0.009,0,0,0.188,0.474,3.053,0.000,14
Classic CPU ROAM,RelWithDebInfo,D3D12,NVIDIA GeForce RTX 5090 D,Direct3D 12 (feature level 12_0); requested Agility SDK 614; runtime 6.2.26100.8737 (C:\WINDOWS\SYSTEM32\D3D12Core.dll); driver 32.0.15.9186,false,assets/heightmaps/Hm_Terrain_Test_129.pgm,129,129,30.000,4.000,14,4.000,2.000,20000,0.889,0.000,6.000,0.513,4.951,9740,50748,9738,24,12,66,30,0,0,0,0,1,0.000,5.279,5.002,0.075,0.476,0.017,0.067,0.000,0.182,0.006,0.087,3.524,0.567,0.071,0.000,0.000,0.000,0.000,0.000,0.000,0.000,0.000,0.000,0.000,0.000,0.000,0.000,0.000,0.000,0.008,0,0,0.188,0.494,3.611,0.000,14
Classic CPU ROAM,RelWithDebInfo,D3D12,NVIDIA GeForce RTX 5090 D,Direct3D 12 (feature level 12_0); requested Agility SDK 614; runtime 6.2.26100.8737 (C:\WINDOWS\SYSTEM32\D3D12Core.dll); driver 32.0.15.9186,false,assets/heightmaps/Hm_Terrain_Test_129.pgm,129,129,30.000,4.000,14,4.000,2.000,20000,0.894,0.000,6.000,0.466,5.463,9708,50788,9706,20,10,52,18,0,0,0,0,1,0.000,5.103,4.978,0.082,0.463,0.014,0.066,0.000,0.177,0.005,0.083,3.556,0.533,0.083,0.000,0.000,0.000,0.000,0.000,0.000,0.000,0.000,0.000,0.000,0.000,0.000,0.000,0.000,0.000,0.008,0,0,0.182,0.477,3.639,0.000,14
Classic CPU ROAM,RelWithDebInfo,D3D12,NVIDIA GeForce RTX 5090 D,Direct3D 12 (feature level 12_0); requested Agility SDK 614; runtime 6.2.26100.8737 (C:\WINDOWS\SYSTEM32\D3D12Core.dll); driver 32.0.15.9186,false,assets/heightmaps/Hm_Terrain_Test_129.pgm,129,129,30.000,4.000,14,4.000,2.000,20000,0.900,0.000,6.000,0.421,5.356,9712,50864,9710,38,19,34,28,0,0,0,0,1,312.244,5.125,5.003,0.078,0.481,0.009,0.075,0.000,0.307,0.011,0.096,3.405,0.541,0.076,0.000,0.000,0.000,0.000,0.000,0.000,0.000,0.000,0.000,0.000,0.000,0.000,0.000,0.000,0.000,0.008,0,0,0.318,0.489,3.501,0.000,14
Classic CPU ROAM,RelWithDebInfo,D3D12,NVIDIA GeForce RTX 5090 D,Direct3D 12 (feature level 12_0); requested Agility SDK 614; runtime 6.2.26100.8737 (C:\WINDOWS\SYSTEM32\D3D12Core.dll); driver 32.0.15.9186,false,assets/heightmaps/Hm_Terrain_Test_129.pgm,129,129,30.000,4.000,14,4.000,2.000,20000,0.905,0.000,6.000,0.379,5.365,9682,50896,9680,16,8,46,32,0,0,0,0,1,0.000,4.572,4.456,0.074,0.451,0.012,0.116,0.000,0.175,0.004,0.067,3.028,0.527,0.080,0.000,0.000,0.000,0.000,0.000,0.000,0.000,0.000,0.000,0.000,0.000,0.000,0.000,0.000,0.000,0.009,0,0,0.180,0.463,3.095,0.000,14
Classic CPU ROAM,RelWithDebInfo,D3D12,NVIDIA GeForce RTX 5090 D,Direct3D 12 (feature level 12_0); requested Agility SDK 614; runtime 6.2.26100.8737 (C:\WINDOWS\SYSTEM32\D3D12Core.dll); driver 32.0.15.9186,false,assets/heightmaps/Hm_Terrain_Test_129.pgm,129,129,30.000,4.000,14,4.000,2.000,20000,0.910,0.000,6.000,0.343,4.775,9680,50936,9678,20,10,22,16,0,0,0,0,1,0.000,4.615,4.315,0.075,0.450,0.006,0.066,0.000,0.174,0.005,0.066,2.944,0.530,0.074,0.000,0.000,0.000,0.000,0.000,0.000,0.000,0.000,0.000,0.000,0.000,0.000,0.000,0.000,0.000,0.008,0,0,0.179,0.456,3.010,0.000,14
Classic CPU ROAM,RelWithDebInfo,D3D12,NVIDIA GeForce RTX 5090 D,Direct3D 12 (feature level 12_0); requested Agility SDK 614; runtime 6.2.26100.8737 (C:\WINDOWS\SYSTEM32\D3D12Core.dll); driver 32.0.15.9186,false,assets/heightmaps/Hm_Terrain_Test_129.pgm,129,129,30.000,4.000,14,4.000,2.000,20000,0.915,0.000,6.000,0.308,4.797,9669,50966,9667,15,7,26,18,0,0,0,0,1,330.227,4.848,4.731,0.080,0.475,0.008,0.066,0.000,0.173,0.004,0.077,3.316,0.531,0.076,0.000,0.000,0.000,0.000,0.000,0.000,0.000,0.000,0.000,0.000,0.000,0.000,0.000,0.000,0.000,0.008,0,0,0.177,0.483,3.393,0.000,14
Classic CPU ROAM,RelWithDebInfo,D3D12,NVIDIA GeForce RTX 5090 D,Direct3D 12 (feature level 12_0); requested Agility SDK 614; runtime 6.2.26100.8737 (C:\WINDOWS\SYSTEM32\D3D12Core.dll); driver 32.0.15.9186,false,assets/heightmaps/Hm_Terrain_Test_129.pgm,129,129,30.000,4.000,14,4.000,2.000,20000,0.920,0.000,6.000,0.274,5.040,9660,51004,9658,19,8,28,18,0,0,0,0,1,0.000,4.601,4.494,0.081,0.444,0.007,0.064,0.000,0.168,0.005,0.066,3.111,0.547,0.067,0.000,0.000,0.000,0.000,0.000,0.000,0.000,0.000,0.000,0.000,0.000,0.000,0.000,0.000,0.000,0.008,0,0,0.174,0.451,3.177,0.000,14
Classic CPU ROAM,RelWithDebInfo,D3D12,NVIDIA GeForce RTX 5090 D,Direct3D 12 (feature level 12_0); requested Agility SDK 614; runtime 6.2.26100.8737 (C:\WINDOWS\SYSTEM32\D3D12Core.dll); driver 32.0.15.9186,false,assets/heightmaps/Hm_Terrain_Test_129.pgm,129,129,30.000,4.000,14,4.000,2.000,20000,0.925,0.000,6.000,0.243,4.778,9654,51044,9652,20,10,26,16,0,0,0,0,1,0.000,4.535,4.418,0.075,0.470,0.007,0.065,0.000,0.171,0.005,0.065,2.996,0.562,0.075,0.000,0.000,0.000,0.000,0.000,0.000,0.000,0.000,0.000,0.000,0.000,0.000,0.000,0.000,0.000,0.008,0,0,0.176,0.477,3.061,0.000,14
Classic CPU ROAM,RelWithDebInfo,D3D12,NVIDIA GeForce RTX 5090 D,Direct3D 12 (feature level 12_0); requested Agility SDK 614; runtime 6.2.26100.8737 (C:\WINDOWS\SYSTEM32\D3D12Core.dll); driver 32.0.15.9186,false,assets/heightmaps/Hm_Terrain_Test_129.pgm,129,129,30.000,4.000,14,4.000,2.000,20000,0.929,0.000,6.000,0.214,4.772,9650,51080,9648,18,9,22,18,0,0,0,0,1,352.669,4.733,4.429,0.078,0.484,0.006,0.065,0.000,0.172,0.005,0.066,3.025,0.527,0.070,0.000,0.000,0.000,0.000,0.000,0.000,0.000,0.000,0.000,0.000,0.000,0.000,0.000,0.000,0.000,0.008,0,0,0.177,0.491,3.091,0.000,14
Classic CPU ROAM,RelWithDebInfo,D3D12,NVIDIA GeForce RTX 5090 D,Direct3D 12 (feature level 12_0); requested Agility SDK 614; runtime 6.2.26100.8737 (C:\WINDOWS\SYSTEM32\D3D12Core.dll); driver 32.0.15.9186,false,assets/heightmaps/Hm_Terrain_Test_129.pgm,129,129,30.000,4.000,14,4.000,2.000,20000,0.934,0.000,6.000,0.186,4.950,9643,51150,9641,35,17,42,24,0,0,0,0,1,0.000,4.931,4.818,0.076,0.466,0.011,0.066,0.000,0.173,0.009,0.079,3.380,0.559,0.068,0.000,0.000,0.000,0.000,0.000,0.000,0.000,0.000,0.000,0.000,0.000,0.000,0.000,0.000,0.000,0.008,0,0,0.182,0.477,3.459,0.000,14
Classic CPU ROAM,RelWithDebInfo,D3D12,NVIDIA GeForce RTX 5090 D,Direct3D 12 (feature level 12_0); requested Agility SDK 614; runtime 6.2.26100.8737 (C:\WINDOWS\SYSTEM32\D3D12Core.dll); driver 32.0.15.9186,false,assets/heightmaps/Hm_Terrain_Test_129.pgm,129,129,30.000,4.000,14,4.000,2.000,20000,0.939,0.000,6.000,0.158,5.134,9581,51166,9579,8,3,70,30,0,0,0,0,1,0.000,4.580,4.469,0.074,0.474,0.017,0.064,0.000,0.163,0.003,0.066,3.046,0.560,0.065,0.000,0.000,0.000,0.000,0.000,0.000,0.000,0.000,0.000,0.000,0.000,0.000,0.000,0.000,0.000,0.010,0,0,0.167,0.491,3.112,0.000,14
Classic CPU ROAM,RelWithDebInfo,D3D12,NVIDIA GeForce RTX 5090 D,Direct3D 12 (feature level 12_0); requested Agility SDK 614; runtime 6.2.26100.8737 (C:\WINDOWS\SYSTEM32\D3D12Core.dll); driver 32.0.15.9186,false,assets/heightmaps/Hm_Terrain_Test_129.pgm,129,129,30.000,4.000,14,4.000,2.000,20000,0.944,0.000,6.000,0.135,4.758,9555,51210,9553,22,10,48,16,0,0,0,0,1,359.534,4.457,4.345,0.075,0.461,0.012,0.067,0.000,0.168,0.006,0.066,2.964,0.525,0.073,0.000,0.000,0.000,0.000,0.000,0.000,0.000,0.000,0.000,0.000,0.000,0.000,0.000,0.000,0.000,0.008,0,0,0.174,0.474,3.030,0.000,14
Classic CPU ROAM,RelWithDebInfo,D3D12,NVIDIA GeForce RTX 5090 D,Direct3D 12 (feature level 12_0); requested Agility SDK 614; runtime 6.2.26100.8737 (C:\WINDOWS\SYSTEM32\D3D12Core.dll); driver 32.0.15.9186,false,assets/heightmaps/Hm_Terrain_Test_129.pgm,129,129,30.000,4.000,14,4.000,2.000,20000,0.949,0.000,6.000,0.114,4.660,9547,51226,9545,8,4,16,10,0,0,0,0,1,0.000,4.640,4.346,0.075,0.472,0.004,0.067,0.000,0.170,0.003,0.065,2.952,0.538,0.068,0.000,0.000,0.000,0.000,0.000,0.000,0.000,0.000,0.000,0.000,0.000,0.000,0.000,0.000,0.000,0.008,0,0,0.173,0.476,3.017,0.000,14
Classic CPU ROAM,RelWithDebInfo,D3D12,NVIDIA GeForce RTX 5090 D,Direct3D 12 (feature level 12_0); requested Agility SDK 614; runtime 6.2.26100.8737 (C:\WINDOWS\SYSTEM32\D3D12Core.dll); driver 32.0.15.9186,false,assets/heightmaps/Hm_Terrain_Test_129.pgm,129,129,30.000,4.000,14,4.000,2.000,20000,0.954,0.000,6.000,0.094,4.832,9554,51260,9552,17,8,10,11,0,0,0,0,1,0.000,4.834,4.723,0.075,0.454,0.003,0.064,0.000,0.160,0.005,0.077,3.326,0.558,0.068,0.000,0.000,0.000,0.000,0.000,0.000,0.000,0.000,0.000,0.000,0.000,0.000,0.000,0.000,0.000,0.010,0,0,0.166,0.457,3.404,0.000,14
Classic CPU ROAM,RelWithDebInfo,D3D12,NVIDIA GeForce RTX 5090 D,Direct3D 12 (feature level 12_0); requested Agility SDK 614; runtime 6.2.26100.8737 (C:\WINDOWS\SYSTEM32\D3D12Core.dll); driver 32.0.15.9186,false,assets/heightmaps/Hm_Terrain_Test_129.pgm,129,129,30.000,4.000,14,4.000,2.000,20000,0.959,0.000,6.000,0.075,5.013,9556,51268,9554,4,2,2,2,0,0,0,0,1,0.000,4.571,4.456,0.074,0.457,0.001,0.065,0.000,0.158,0.001,0.065,3.081,0.553,0.073,0.000,0.000,0.000,0.000,0.000,0.000,0.000,0.000,0.000,0.000,0.000,0.000,0.000,0.000,0.000,0.008,0,0,0.160,0.458,3.147,0.000,14
Classic CPU ROAM,RelWithDebInfo,D3D12,NVIDIA GeForce RTX 5090 D,Direct3D 12 (feature level 12_0); requested Agility SDK 614; runtime 6.2.26100.8737 (C:\WINDOWS\SYSTEM32\D3D12Core.dll); driver 32.0.15.9186,false,assets/heightmaps/Hm_Terrain_Test_129.pgm,129,129,30.000,4.000,14,4.000,2.000,20000,0.963,0.000,6.000,0.059,4.783,9552,51284,9550,8,4,12,8,0,0,0,0,1,362.748,4.626,4.306,0.075,0.465,0.003,0.068,0.000,0.160,0.002,0.065,2.950,0.517,0.072,0.000,0.000,0.000,0.000,0.000,0.000,0.000,0.000,0.000,0.000,0.000,0.000,0.000,0.000,0.000,0.008,0,0,0.162,0.468,3.015,0.000,14
Classic CPU ROAM,RelWithDebInfo,D3D12,NVIDIA GeForce RTX 5090 D,Direct3D 12 (feature level 12_0); requested Agility SDK 614; runtime 6.2.26100.8737 (C:\WINDOWS\SYSTEM32\D3D12Core.dll); driver 32.0.15.9186,false,assets/heightmaps/Hm_Terrain_Test_129.pgm,129,129,30.000,4.000,14,4.000,2.000,20000,0.968,0.000,6.000,0.044,4.813,9550,51296,9548,6,3,8,6,0,0,0,0,1,0.000,4.849,4.738,0.075,0.445,0.002,0.071,0.000,0.156,0.002,0.085,3.343,0.559,0.069,0.000,0.000,0.000,0.000,0.000,0.000,0.000,0.000,0.000,0.000,0.000,0.000,0.000,0.000,0.000,0.008,0,0,0.158,0.448,3.428,0.000,14
Classic CPU ROAM,RelWithDebInfo,D3D12,NVIDIA GeForce RTX 5090 D,Direct3D 12 (feature level 12_0); requested Agility SDK 614; runtime 6.2.26100.8737 (C:\WINDOWS\SYSTEM32\D3D12Core.dll); driver 32.0.15.9186,false,assets/heightmaps/Hm_Terrain_Test_129.pgm,129,129,30.000,4.000,14,4.000,2.000,20000,0.973,0.000,6.000,0.031,5.033,9541,51302,9539,3,1,12,6,0,0,0,0,1,0.000,4.510,4.396,0.075,0.465,0.003,0.064,0.000,0.161,0.001,0.064,3.022,0.539,0.068,0.000,0.000,0.000,0.000,0.000,0.000,0.000,0.000,0.000,0.000,0.000,0.000,0.000,0.000,0.000,0.011,0,0,0.163,0.468,3.086,0.000,14
Classic CPU ROAM,RelWithDebInfo,D3D12,NVIDIA GeForce RTX 5090 D,Direct3D 12 (feature level 12_0); requested Agility SDK 614; runtime 6.2.26100.8737 (C:\WINDOWS\SYSTEM32\D3D12Core.dll); driver 32.0.15.9186,false,assets/heightmaps/Hm_Terrain_Test_129.pgm,129,129,30.000,4.000,14,4.000,2.000,20000,0.978,0.000,6.000,0.021,4.751,9550,51320,9548,9,4,0,6,0,0,0,0,1,360.930,4.622,4.328,0.074,0.455,0.000,0.064,0.000,0.157,0.004,0.075,2.958,0.540,0.069,0.000,0.000,0.000,0.000,0.000,0.000,0.000,0.000,0.000,0.000,0.000,0.000,0.000,0.000,0.000,0.008,0,0,0.161,0.455,3.033,0.000,14
Classic CPU ROAM,RelWithDebInfo,D3D12,NVIDIA GeForce RTX 5090 D,Direct3D 12 (feature level 12_0); requested Agility SDK 614; runtime 6.2.26100.8737 (C:\WINDOWS\SYSTEM32\D3D12Core.dll); driver 32.0.15.9186,false,assets/heightmaps/Hm_Terrain_Test_129.pgm,129,129,30.000,4.000,14,4.000,2.000,20000,0.983,0.000,6.000,0.013,4.857,9546,51332,9544,6,3,10,6,0,0,0,0,1,0.000,5.083,4.971,0.073,0.479,0.003,0.070,0.000,0.159,0.002,0.083,3.519,0.583,0.070,0.000,0.000,0.000,0.000,0.000,0.000,0.000,0.000,0.000,0.000,0.000,0.000,0.000,0.000,0.000,0.008,0,0,0.161,0.482,3.602,0.000,14
Classic CPU ROAM,RelWithDebInfo,D3D12,NVIDIA GeForce RTX 5090 D,Direct3D 12 (feature level 12_0); requested Agility SDK 614; runtime 6.2.26100.8737 (C:\WINDOWS\SYSTEM32\D3D12Core.dll); driver 32.0.15.9186,false,assets/heightmaps/Hm_Terrain_Test_129.pgm,129,129,30.000,4.000,14,4.000,2.000,20000,0.988,0.000,6.000,0.006,5.282,9550,51340,9548,4,2,0,2,0,0,0,0,1,0.000,4.666,4.554,0.072,0.471,0.000,0.065,0.000,0.167,0.001,0.066,3.138,0.573,0.070,0.000,0.000,0.000,0.000,0.000,0.000,0.000,0.000,0.000,0.000,0.000,0.000,0.000,0.000,0.000,0.010,0,0,0.168,0.471,3.204,0.000,14
Classic CPU ROAM,RelWithDebInfo,D3D12,NVIDIA GeForce RTX 5090 D,Direct3D 12 (feature level 12_0); requested Agility SDK 614; runtime 6.2.26100.8737 (C:\WINDOWS\SYSTEM32\D3D12Core.dll); driver 32.0.15.9186,false,assets/heightmaps/Hm_Terrain_Test_129.pgm,129,129,30.000,4.000,14,4.000,2.000,20000,0.993,0.000,6.000,0.002,4.869,9550,51340,9548,0,0,0,0,0,0,0,0,1,356.231,4.493,4.385,0.073,0.476,0.000,0.065,0.000,0.160,0.000,0.063,3.005,0.543,0.067,0.000,0.000,0.000,0.000,0.000,0.000,0.000,0.000,0.000,0.000,0.000,0.000,0.000,0.000,0.000,0.008,0,0,0.160,0.476,3.068,0.000,14
Classic CPU ROAM,RelWithDebInfo,D3D12,NVIDIA GeForce RTX 5090 D,Direct3D 12 (feature level 12_0); requested Agility SDK 614; runtime 6.2.26100.8737 (C:\WINDOWS\SYSTEM32\D3D12Core.dll); driver 32.0.15.9186,false,assets/heightmaps/Hm_Terrain_Test_129.pgm,129,129,30.000,4.000,14,4.000,2.000,20000,0.998,0.000,6.000,0.000,4.694,9550,51340,9548,0,0,0,0,0,0,0,0,1,0.000,4.636,4.339,0.080,0.485,0.000,0.068,0.000,0.155,0.000,0.063,2.960,0.528,0.072,0.000,0.000,0.000,0.000,0.000,0.000,0.000,0.000,0.000,0.000,0.000,0.000,0.000,0.000,0.000,0.008,0,0,0.155,0.485,3.023,0.000,14
Classic CPU ROAM,RelWithDebInfo,D3D12,NVIDIA GeForce RTX 5090 D,Direct3D 12 (feature level 12_0); requested Agility SDK 614; runtime 6.2.26100.8737 (C:\WINDOWS\SYSTEM32\D3D12Core.dll); driver 32.0.15.9186,false,assets/heightmaps/Hm_Terrain_Test_129.pgm,129,129,30.000,4.000,14,4.000,2.000,20000,1.000,0.000,6.000,0.000,4.832,9550,51340,9548,0,0,0,0,0,0,0,0,1,0.000,5.186,5.072,0.073,0.465,0.000,0.075,0.000,0.152,0.000,0.064,3.632,0.612,0.068,0.000,0.000,0.000,0.000,0.000,0.000,0.000,0.000,0.000,0.000,0.000,0.000,0.000,0.000,0.000,0.008,0,0,0.152,0.465,3.695,0.000,14
Data-Oriented CPU ROAM,RelWithDebInfo,D3D12,NVIDIA GeForce RTX 5090 D,Direct3D 12 (feature level 12_0); requested Agility SDK 614; runtime 6.2.26100.8737 (C:\WINDOWS\SYSTEM32\D3D12Core.dll); driver 32.0.15.9186,false,assets/heightmaps/Hm_Terrain_Test_129.pgm,129,129,30.000,4.000,14,4.000,2.000,20000,0.000,0.000,6.000,15.000,22.888,15199,30396,15197,15197,7664,0,5233,0,0,0,0,8,166.523,18.945,18.765,6.735,0.000,0.003,0.001,0.001,0.001,8.205,0.250,2.000,1.569,0.130,0.000,0.000,0.000,0.000,0.000,0.000,0.000,0.000,0.000,0.000,0.000,0.000,0.000,0.000,0.000,0.009,0,0,8.206,0.003,2.250,0.000,14
Data-Oriented CPU ROAM,RelWithDebInfo,D3D12,NVIDIA GeForce RTX 5090 D,Direct3D 12 (feature level 12_0); requested Agility SDK 614; runtime 6.2.26100.8737 (C:\WINDOWS\SYSTEM32\D3D12Core.dll); driver 32.0.15.9186,false,assets/heightmaps/Hm_Terrain_Test_129.pgm,129,129,30.000,4.000,14,4.000,2.000,20000,0.020,0.000,6.000,14.983,19.561,15226,30450,15224,27,13,0,15,0,0,0,0,8,0.000,7.540,5.118,0.158,0.844,0.003,0.256,0.182,1.196,0.037,0.262,0.920,1.259,2.364,0.000,0.000,0.000,0.000,0.000,0.000,0.000,0.000,0.000,0.000,0.000,0.000,0.000,0.000,0.000,0.008,0,0,1.414,0.848,1.182,0.000,14
Data-Oriented CPU ROAM,RelWithDebInfo,D3D12,NVIDIA GeForce RTX 5090 D,Direct3D 12 (feature level 12_0); requested Agility SDK 614; runtime 6.2.26100.8737 (C:\WINDOWS\SYSTEM32\D3D12Core.dll); driver 32.0.15.9186,false,assets/heightmaps/Hm_Terrain_Test_129.pgm,129,129,30.000,4.000,14,4.000,2.000,20000,0.027,0.000,6.000,14.967,7.829,15227,30490,15225,20,10,19,11,0,0,0,0,8,314.348,5.144,4.969,0.158,0.860,0.026,0.264,0.160,1.062,0.027,0.284,0.940,1.188,0.109,0.000,0.000,0.000,0.000,0.000,0.000,0.000,0.000,0.000,0.000,0.000,0.000,0.000,0.000,0.000,0.010,0,0,1.249,0.886,1.224,0.000,14
Data-Oriented CPU ROAM,RelWithDebInfo,D3D12,NVIDIA GeForce RTX 5090 D,Direct3D 12 (feature level 12_0); requested Agility SDK 614; runtime 6.2.26100.8737 (C:\WINDOWS\SYSTEM32\D3D12Core.dll); driver 32.0.15.9186,false,assets/heightmaps/Hm_Terrain_Test_129.pgm,129,129,30.000,4.000,14,4.000,2.000,20000,0.033,0.000,6.000,14.953,5.416,15225,30530,15223,20,10,22,10,0,0,0,0,8,0.000,4.773,4.600,0.142,0.795,0.025,0.279,0.163,0.906,0.028,0.245,0.867,1.150,0.114,0.000,0.000,0.000,0.000,0.000,0.000,0.000,0.000,0.000,0.000,0.000,0.000,0.000,0.000,0.000,0.010,0,0,1.096,0.821,1.112,0.000,14
Data-Oriented CPU ROAM,RelWithDebInfo,D3D12,NVIDIA GeForce RTX 5090 D,Direct3D 12 (feature level 12_0); requested Agility SDK 614; runtime 6.2.26100.8737 (C:\WINDOWS\SYSTEM32\D3D12Core.dll); driver 32.0.15.9186,false,assets/heightmaps/Hm_Terrain_Test_129.pgm,129,129,30.000,4.000,14,4.000,2.000,20000,0.038,0.000,6.000,14.937,5.023,15241,30586,15239,28,14,12,17,0,0,0,0,8,0.000,7.023,4.733,0.121,0.741,0.014,0.271,0.150,1.135,0.032,0.241,0.886,1.140,2.230,0.000,0.000,0.000,0.000,0.000,0.000,0.000,0.000,0.000,0.000,0.000,0.000,0.000,0.000,0.000,0.010,0,0,1.317,0.756,1.127,0.000,14
Data-Oriented CPU ROAM,RelWithDebInfo,D3D12,NVIDIA GeForce RTX 5090 D,Direct3D 12 (feature level 12_0); requested Agility SDK 614; runtime 6.2.26100.8737 (C:\WINDOWS\SYSTEM32\D3D12Core.dll); driver 32.0.15.9186,false,assets/heightmaps/Hm_Terrain_Test_129.pgm,129,129,30.000,4.000,14,4.000,2.000,20000,0.045,0.000,6.000,14.911,7.256,15235,30624,15233,19,9,25,13,0,0,0,0,8,997.001,6.720,4.700,0.123,0.548,0.026,0.259,0.150,1.118,0.026,0.245,1.051,1.152,1.958,0.000,0.000,0.000,0.000,0.000,0.000,0.000,0.000,0.000,0.000,0.000,0.000,0.000,0.000,0.000,0.010,0,0,1.294,0.574,1.296,0.000,14
Data-Oriented CPU ROAM,RelWithDebInfo,D3D12,NVIDIA GeForce RTX 5090 D,Direct3D 12 (feature level 12_0); requested Agility SDK 614; runtime 6.2.26100.8737 (C:\WINDOWS\SYSTEM32\D3D12Core.dll); driver 32.0.15.9186,false,assets/heightmaps/Hm_Terrain_Test_129.pgm,129,129,30.000,4.000,14,4.000,2.000,20000,0.052,0.000,6.000,14.882,6.953,15217,30636,15215,6,2,24,10,0,0,0,0,8,0.000,4.539,4.334,0.138,0.577,0.027,0.273,0.149,0.831,0.016,0.253,0.912,1.157,0.140,0.000,0.000,0.000,0.000,0.000,0.000,0.000,0.000,0.000,0.000,0.000,0.000,0.000,0.000,0.000,0.010,0,0,0.997,0.604,1.165,0.000,14
Data-Oriented CPU ROAM,RelWithDebInfo,D3D12,NVIDIA GeForce RTX 5090 D,Direct3D 12 (feature level 12_0); requested Agility SDK 614; runtime 6.2.26100.8737 (C:\WINDOWS\SYSTEM32\D3D12Core.dll); driver 32.0.15.9186,false,assets/heightmaps/Hm_Terrain_Test_129.pgm,129,129,30.000,4.000,14,4.000,2.000,20000,0.057,0.000,6.000,14.860,4.785,15215,30654,15213,9,4,11,6,0,0,0,0,8,0.000,5.026,4.852,0.149,0.549,0.015,0.275,0.151,1.204,0.015,0.241,1.097,1.153,0.117,0.000,0.000,0.000,0.000,0.000,0.000,0.000,0.000,0.000,0.000,0.000,0.000,0.000,0.000,0.000,0.010,0,0,1.371,0.564,1.339,0.000,14
Data-Oriented CPU ROAM,RelWithDebInfo,D3D12,NVIDIA GeForce RTX 5090 D,Direct3D 12 (feature level 12_0); requested Agility SDK 614; runtime 6.2.26100.8737 (C:\WINDOWS\SYSTEM32\D3D12Core.dll); driver 32.0.15.9186,false,assets/heightmaps/Hm_Terrain_Test_129.pgm,129,129,30.000,4.000,14,4.000,2.000,20000,0.062,0.000,6.000,14.834,5.267,15201,30694,15199,20,9,34,23,0,0,0,0,8,1884.990,5.149,4.972,0.149,0.987,0.041,0.264,0.152,1.061,0.027,0.243,0.910,1.137,0.113,0.000,0.000,0.000,0.000,0.000,0.000,0.000,0.000,0.000,0.000,0.000,0.000,0.000,0.000,0.000,0.010,0,0,1.240,1.028,1.153,0.000,14
Data-Oriented CPU ROAM,RelWithDebInfo,D3D12,NVIDIA GeForce RTX 5090 D,Direct3D 12 (feature level 12_0); requested Agility SDK 614; runtime 6.2.26100.8737 (C:\WINDOWS\SYSTEM32\D3D12Core.dll); driver 32.0.15.9186,false,assets/heightmaps/Hm_Terrain_Test_129.pgm,129,129,30.000,4.000,14,4.000,2.000,20000,0.067,0.000,6.000,14.804,5.374,15184,30750,15182,28,14,45,18,0,0,0,0,8,0.000,4.438,4.265,0.139,0.536,0.043,0.274,0.159,0.765,0.040,0.250,0.886,1.173,0.112,0.000,0.000,0.000,0.000,0.000,0.000,0.000,0.000,0.000,0.000,0.000,0.000,0.000,0.000,0.000,0.013,0,0,0.964,0.579,1.136,0.000,14
Data-Oriented CPU ROAM,RelWithDebInfo,D3D12,NVIDIA GeForce RTX 5090 D,Direct3D 12 (feature level 12_0); requested Agility SDK 614; runtime 6.2.26100.8737 (C:\WINDOWS\SYSTEM32\D3D12Core.dll); driver 32.0.15.9186,false,assets/heightmaps/Hm_Terrain_Test_129.pgm,129,129,30.000,4.000,14,4.000,2.000,20000,0.072,0.000,6.000,14.777,4.670,15178,30794,15176,22,11,28,16,0,0,0,0,8,0.000,5.137,4.963,0.140,0.993,0.032,0.277,0.154,1.025,0.027,0.240,0.895,1.179,0.116,0.000,0.000,0.000,0.000,0.000,0.000,0.000,0.000,0.000,0.000,0.000,0.000,0.000,0.000,0.000,0.010,0,0,1.206,1.024,1.135,0.000,14
Data-Oriented CPU ROAM,RelWithDebInfo,D3D12,NVIDIA GeForce RTX 5090 D,Direct3D 12 (feature level 12_0); requested Agility SDK 614; runtime 6.2.26100.8737 (C:\WINDOWS\SYSTEM32\D3D12Core.dll); driver 32.0.15.9186,false,assets/heightmaps/Hm_Terrain_Test_129.pgm,129,129,30.000,4.000,14,4.000,2.000,20000,0.077,0.000,6.000,14.744,5.356,15140,30850,15138,28,14,66,34,0,0,0,0,8,1750.543,4.638,4.462,0.152,0.532,0.063,0.276,0.151,1.049,0.033,0.241,0.855,1.110,0.120,0.000,0.000,0.000,0.000,0.000,0.000,0.000,0.000,0.000,0.000,0.000,0.000,0.000,0.000,0.000,0.010,0,0,1.233,0.595,1.096,0.000,14
Data-Oriented CPU ROAM,RelWithDebInfo,D3D12,NVIDIA GeForce RTX 5090 D,Direct3D 12 (feature level 12_0); requested Agility SDK 614; runtime 6.2.26100.8737 (C:\WINDOWS\SYSTEM32\D3D12Core.dll); driver 32.0.15.9186,false,assets/heightmaps/Hm_Terrain_Test_129.pgm,129,129,30.000,4.000,14,4.000,2.000,20000,0.082,0.000,6.000,14.712,4.851,15078,30884,15076,17,8,79,28,0,0,0,0,8,0.000,5.092,4.905,0.122,0.942,0.068,0.270,0.155,1.081,0.021,0.242,0.862,1.140,0.126,0.000,0.000,0.000,0.000,0.000,0.000,0.000,0.000,0.000,0.000,0.000,0.000,0.000,0.000,0.000,0.010,0,0,1.257,1.011,1.105,0.000,14
Data-Oriented CPU ROAM,RelWithDebInfo,D3D12,NVIDIA GeForce RTX 5090 D,Direct3D 12 (feature level 12_0); requested Agility SDK 614; runtime 6.2.26100.8737 (C:\WINDOWS\SYSTEM32\D3D12Core.dll); driver 32.0.15.9186,false,assets/heightmaps/Hm_Terrain_Test_129.pgm,129,129,30.000,4.000,14,4.000,2.000,20000,0.088,0.000,6.000,14.674,5.320,15084,30964,15082,40,20,34,24,0,0,0,0,8,0.000,4.727,4.559,0.128,0.530,0.034,0.278,0.155,1.042,0.044,0.247,0.973,1.127,0.109,0.000,0.000,0.000,0.000,0.000,0.000,0.000,0.000,0.000,0.000,0.000,0.000,0.000,0.000,0.000,0.012,0,0,1.242,0.564,1.220,0.000,14
Data-Oriented CPU ROAM,RelWithDebInfo,D3D12,NVIDIA GeForce RTX 5090 D,Direct3D 12 (feature level 12_0); requested Agility SDK 614; runtime 6.2.26100.8737 (C:\WINDOWS\SYSTEM32\D3D12Core.dll); driver 32.0.15.9186,false,assets/heightmaps/Hm_Terrain_Test_129.pgm,129,129,30.000,4.000,14,4.000,2.000,20000,0.093,0.000,6.000,14.638,4.950,15049,30998,15047,17,8,52,26,0,0,0,0,8,2483.368,4.582,4.403,0.119,0.551,0.048,0.275,0.150,1.036,0.034,0.247,0.855,1.086,0.120,0.000,0.000,0.000,0.000,0.000,0.000,0.000,0.000,0.000,0.000,0.000,0.000,0.000,0.000,0.000,0.010,0,0,1.221,0.599,1.102,0.000,14
Data-Oriented CPU ROAM,RelWithDebInfo,D3D12,NVIDIA GeForce RTX 5090 D,Direct3D 12 (feature level 12_0); requested Agility SDK 614; runtime 6.2.26100.8737 (C:\WINDOWS\SYSTEM32\D3D12Core.dll); driver 32.0.15.9186,false,assets/heightmaps/Hm_Terrain_Test_129.pgm,129,129,30.000,4.000,14,4.000,2.000,20000,0.097,0.000,6.000,14.601,4.783,15028,31036,15026,19,9,40,14,0,0,0,0,8,0.000,4.271,4.104,0.119,0.528,0.040,0.262,0.153,0.757,0.024,0.250,0.866,1.107,0.108,0.000,0.000,0.000,0.000,0.000,0.000,0.000,0.000,0.000,0.000,0.000,0.000,0.000,0.000,0.000,0.010,0,0,0.933,0.568,1.116,0.000,14
Data-Oriented CPU ROAM,RelWithDebInfo,D3D12,NVIDIA GeForce RTX 5090 D,Direct3D 12 (feature level 12_0); requested Agility SDK 614; runtime 6.2.26100.8737 (C:\WINDOWS\SYSTEM32\D3D12Core.dll); driver 32.0.15.9186,false,assets/heightmaps/Hm_Terrain_Test_129.pgm,129,129,30.000,4.000,14,4.000,2.000,20000,0.102,0.000,6.000,14.565,4.493,15020,31076,15018,20,10,28,14,0,0,0,0,8,0.000,5.022,4.817,0.134,0.745,0.028,0.269,0.168,1.131,0.030,0.245,0.877,1.191,0.131,0.000,0.000,0.000,0.000,0.000,0.000,0.000,0.000,0.000,0.000,0.000,0.000,0.000,0.000,0.000,0.011,0,0,1.328,0.774,1.121,0.000,14
Data-Oriented CPU ROAM,RelWithDebInfo,D3D12,NVIDIA GeForce RTX 5090 D,Direct3D 12 (feature level 12_0); requested Agility SDK 614; runtime 6.2.26100.8737 (C:\WINDOWS\SYSTEM32\D3D12Core.dll); driver 32.0.15.9186,false,assets/heightmaps/Hm_Terrain_Test_129.pgm,129,129,30.000,4.000,14,4.000,2.000,20000,0.107,0.000,6.000,14.520,5.298,15030,31156,15028,40,20,30,26,0,0,0,0,8,1703.852,4.772,4.583,0.206,0.533,0.033,0.262,0.159,1.009,0.046,0.250,0.879,1.206,0.119,0.000,0.000,0.000,0.000,0.000,0.000,0.000,0.000,0.000,0.000,0.000,0.000,0.000,0.000,0.000,0.010,0,0,1.214,0.566,1.130,0.000,14
Data-Oriented CPU ROAM,RelWithDebInfo,D3D12,NVIDIA GeForce RTX 5090 D,Direct3D 12 (feature level 12_0); requested Agility SDK 614; runtime 6.2.26100.8737 (C:\WINDOWS\SYSTEM32\D3D12Core.dll); driver 32.0.15.9186,false,assets/heightmaps/Hm_Terrain_Test_129.pgm,129,129,30.000,4.000,14,4.000,2.000,20000,0.112,0.000,6.000,14.476,5.031,15056,31232,15054,38,19,12,22,0,0,0,0,8,0.000,4.697,4.518,0.142,0.917,0.016,0.277,0.153,0.738,0.048,0.239,0.881,1.107,0.119,0.000,0.000,0.000,0.000,0.000,0.000,0.000,0.000,0.000,0.000,0.000,0.000,0.000,0.000,0.000,0.010,0,0,0.939,0.933,1.120,0.000,14
Data-Oriented CPU ROAM,RelWithDebInfo,D3D12,NVIDIA GeForce RTX 5090 D,Direct3D 12 (feature level 12_0); requested Agility SDK 614; runtime 6.2.26100.8737 (C:\WINDOWS\SYSTEM32\D3D12Core.dll); driver 32.0.15.9186,false,assets/heightmaps/Hm_Terrain_Test_129.pgm,129,129,30.000,4.000,14,4.000,2.000,20000,0.117,0.000,6.000,14.431,4.903,15046,31308,15044,38,19,48,28,0,0,0,0,8,0.000,5.011,4.823,0.117,0.947,0.049,0.266,0.162,1.017,0.043,0.251,0.881,1.092,0.108,0.000,0.000,0.000,0.000,0.000,0.000,0.000,0.000,0.000,0.000,0.000,0.000,0.000,0.000,0.000,0.010,0,0,1.222,0.995,1.132,0.000,14
Data-Oriented CPU ROAM,RelWithDebInfo,D3D12,NVIDIA GeForce RTX 5090 D,Direct3D 12 (feature level 12_0); requested Agility SDK 614; runtime 6.2.26100.8737 (C:\WINDOWS\SYSTEM32\D3D12Core.dll); driver 32.0.15.9186,false,assets/heightmaps/Hm_Terrain_Test_129.pgm,129,129,30.000,4.000,14,4.000,2.000,20000,0.122,0.000,6.000,14.381,5.234,15061,31388,15059,40,19,25,30,0,0,0,0,8,631.530,5.115,4.947,0.127,0.955,0.033,0.274,0.161,1.082,0.046,0.248,0.884,1.136,0.107,0.000,0.000,0.000,0.000,0.000,0.000,0.000,0.000,0.000,0.000,0.000,0.000,0.000,0.000,0.000,0.012,0,0,1.289,0.988,1.132,0.000,14
Data-Oriented CPU ROAM,RelWithDebInfo,D3D12,NVIDIA GeForce RTX 5090 D,Direct3D 12 (feature level 12_0); requested Agility SDK 614; runtime 6.2.26100.8737 (C:\WINDOWS\SYSTEM32\D3D12Core.dll); driver 32.0.15.9186,false,assets/heightmaps/Hm_Terrain_Test_129.pgm,129,129,30.000,4.000,14,4.000,2.000,20000,0.128,0.000,6.000,14.329,5.343,15026,31472,15024,42,21,77,28,0,0,0,0,8,0.000,4.506,4.333,0.128,0.741,0.082,0.266,0.153,0.717,0.043,0.238,0.870,1.095,0.115,0.000,0.000,0.000,0.000,0.000,0.000,0.000,0.000,0.000,0.000,0.000,0.000,0.000,0.000,0.000,0.010,0,0,0.912,0.823,1.109,0.000,14
Data-Oriented CPU ROAM,RelWithDebInfo,D3D12,NVIDIA GeForce RTX 5090 D,Direct3D 12 (feature level 12_0); requested Agility SDK 614; runtime 6.2.26100.8737 (C:\WINDOWS\SYSTEM32\D3D12Core.dll); driver 32.0.15.9186,false,assets/heightmaps/Hm_Terrain_Test_129.pgm,129,129,30.000,4.000,14,4.000,2.000,20000,0.132,0.000,6.000,14.280,4.743,14978,31524,14976,26,13,74,42,0,0,0,0,8,0.000,4.642,4.469,0.158,0.533,0.074,0.261,0.150,1.019,0.031,0.238,0.910,1.095,0.115,0.000,0.000,0.000,0.000,0.000,0.000,0.000,0.000,0.000,0.000,0.000,0.000,0.000,0.000,0.000,0.010,0,0,1.200,0.606,1.149,0.000,14
Data-Oriented CPU ROAM,RelWithDebInfo,D3D12,NVIDIA GeForce RTX 5090 D,Direct3D 12 (feature level 12_0); requested Agility SDK 614; runtime 6.2.26100.8737 (C:\WINDOWS\SYSTEM32\D3D12Core.dll); driver 32.0.15.9186,false,assets/heightmaps/Hm_Terrain_Test_129.pgm,129,129,30.000,4.000,14,4.000,2.000,20000,0.137,0.000,6.000,14.229,4.849,14962,31596,14960,36,18,52,32,0,0,0,0,8,314.760,5.141,4.963,0.150,0.923,0.062,0.255,0.157,1.140,0.041,0.246,0.871,1.117,0.118,0.000,0.000,0.000,0.000,0.000,0.000,0.000,0.000,0.000,0.000,0.000,0.000,0.000,0.000,0.000,0.010,0,0,1.339,0.985,1.117,0.000,14
Data-Oriented CPU ROAM,RelWithDebInfo,D3D12,NVIDIA GeForce RTX 5090 D,Direct3D 12 (feature level 12_0); requested Agility SDK 614; runtime 6.2.26100.8737 (C:\WINDOWS\SYSTEM32\D3D12Core.dll); driver 32.0.15.9186,false,assets/heightmaps/Hm_Terrain_Test_129.pgm,129,129,30.000,4.000,14,4.000,2.000,20000,0.143,0.000,6.000,14.171,5.380,14932,31668,14930,36,18,66,36,0,0,0,0,8,0.000,4.831,4.657,0.132,0.540,0.064,0.266,0.149,0.733,0.038,0.248,1.397,1.090,0.116,0.000,0.000,0.000,0.000,0.000,0.000,0.000,0.000,0.000,0.000,0.000,0.000,0.000,0.000,0.000,0.010,0,0,0.920,0.604,1.645,0.000,14
Data-Oriented CPU ROAM,RelWithDebInfo,D3D12,NVIDIA GeForce RTX 5090 D,Direct3D 12 (feature level 12_0); requested Agility SDK 614; runtime 6.2.26100.8737 (C:\WINDOWS\SYSTEM32\D3D12Core.dll); driver 32.0.15.9186,false,assets/heightmaps/Hm_Terrain_Test_129.pgm,129,129,30.000,4.000,14,4.000,2.000,20000,0.148,0.000,6.000,14.115,5.055,14944,31772,14942,52,26,40,37,0,0,0,0,8,0.000,4.889,4.690,0.135,0.743,0.041,0.272,0.153,1.028,0.055,0.244,0.904,1.115,0.123,0.000,0.000,0.000,0.000,0.000,0.000,0.000,0.000,0.000,0.000,0.000,0.000,0.000,0.000,0.000,0.010,0,0,1.236,0.783,1.147,0.000,14
Data-Oriented CPU ROAM,RelWithDebInfo,D3D12,NVIDIA GeForce RTX 5090 D,Direct3D 12 (feature level 12_0); requested Agility SDK 614; runtime 6.2.26100.8737 (C:\WINDOWS\SYSTEM32\D3D12Core.dll); driver 32.0.15.9186,false,assets/heightmaps/Hm_Terrain_Test_129.pgm,129,129,30.000,4.000,14,4.000,2.000,20000,0.153,0.000,6.000,14.056,5.138,14954,31840,14952,34,17,24,21,0,0,0,0,8,2623.791,4.950,4.762,0.142,0.872,0.030,0.293,0.150,1.009,0.040,0.250,0.869,1.108,0.125,0.000,0.000,0.000,0.000,0.000,0.000,0.000,0.000,0.000,0.000,0.000,0.000,0.000,0.000,0.000,0.010,0,0,1.199,0.902,1.119,0.000,14
Data-Oriented CPU ROAM,RelWithDebInfo,D3D12,NVIDIA GeForce RTX 5090 D,Direct3D 12 (feature level 12_0); requested Agility SDK 614; runtime 6.2.26100.8737 (C:\WINDOWS\SYSTEM32\D3D12Core.dll); driver 32.0.15.9186,false,assets/heightmaps/Hm_Terrain_Test_129.pgm,129,129,30.000,4.000,14,4.000,2.000,20000,0.158,0.000,6.000,13.995,5.177,15004,31988,15002,74,37,24,46,0,0,0,0,8,0.000,5.077,4.894,0.146,0.961,0.028,0.265,0.155,1.035,0.079,0.256,0.868,1.101,0.121,0.000,0.000,0.000,0.000,0.000,0.000,0.000,0.000,0.000,0.000,0.000,0.000,0.000,0.000,0.000,0.010,0,0,1.269,0.989,1.124,0.000,14
Data-Oriented CPU ROAM,RelWithDebInfo,D3D12,NVIDIA GeForce RTX 5090 D,Direct3D 12 (feature level 12_0); requested Agility SDK 614; runtime 6.2.26100.8737 (C:\WINDOWS\SYSTEM32\D3D12Core.dll); driver 32.0.15.9186,false,assets/heightmaps/Hm_Terrain_Test_129.pgm,129,129,30.000,4.000,14,4.000,2.000,20000,0.163,0.000,6.000,13.930,5.316,14995,32082,14993,47,23,56,32,0,0,0,0,8,0.000,4.875,4.679,0.147,0.938,0.056,0.266,0.156,0.779,0.045,0.247,0.924,1.120,0.133,0.000,0.000,0.000,0.000,0.000,0.000,0.000,0.000,0.000,0.000,0.000,0.000,0.000,0.000,0.000,0.010,0,0,0.979,0.994,1.171,0.000,14
Data-Oriented CPU ROAM,RelWithDebInfo,D3D12,NVIDIA GeForce RTX 5090 D,Direct3D 12 (feature level 12_0); requested Agility SDK 614; runtime 6.2.26100.8737 (C:\WINDOWS\SYSTEM32\D3D12Core.dll); driver 32.0.15.9186,false,assets/heightmaps/Hm_Terrain_Test_129.pgm,129,129,30.000,4.000,14,4.000,2.000,20000,0.168,0.000,6.000,13.867,5.097,14940,32180,14938,49,24,104,31,0,0,0,0,8,2596.647,4.984,4.812,0.151,0.849,0.115,0.263,0.152,1.007,0.052,0.254,0.872,1.098,0.108,0.000,0.000,0.000,0.000,0.000,0.000,0.000,0.000,0.000,0.000,0.000,0.000,0.000,0.000,0.000,0.010,0,0,1.211,0.964,1.126,0.000,14
Data-Oriented CPU ROAM,RelWithDebInfo,D3D12,NVIDIA GeForce RTX 5090 D,Direct3D 12 (feature level 12_0); requested Agility SDK 614; runtime 6.2.26100.8737 (C:\WINDOWS\SYSTEM32\D3D12Core.dll); driver 32.0.15.9186,false,assets/heightmaps/Hm_Terrain_Test_129.pgm,129,129,30.000,4.000,14,4.000,2.000,20000,0.174,0.000,6.000,13.800,5.212,14817,32260,14815,40,20,163,34,0,0,0,0,8,0.000,4.707,4.537,0.157,0.545,0.146,0.258,0.150,0.995,0.048,0.237,0.910,1.092,0.108,0.000,0.000,0.000,0.000,0.000,0.000,0.000,0.000,0.000,0.000,0.000,0.000,0.000,0.000,0.000,0.010,0,0,1.193,0.690,1.147,0.000,14
Data-Oriented CPU ROAM,RelWithDebInfo,D3D12,NVIDIA GeForce RTX 5090 D,Direct3D 12 (feature level 12_0); requested Agility SDK 614; runtime 6.2.26100.8737 (C:\WINDOWS\SYSTEM32\D3D12Core.dll); driver 32.0.15.9186,false,assets/heightmaps/Hm_Terrain_Test_129.pgm,129,129,30.000,4.000,14,4.000,2.000,20000,0.179,0.000,6.000,13.736,4.926,14731,32344,14729,42,21,128,36,0,0,0,0,8,0.000,4.491,4.310,0.147,0.562,0.105,0.263,0.170,0.790,0.045,0.243,0.881,1.105,0.119,0.000,0.000,0.000,0.000,0.000,0.000,0.000,0.000,0.000,0.000,0.000,0.000,0.000,0.000,0.000,0.010,0,0,1.004,0.667,1.125,0.000,14
Data-Oriented CPU ROAM,RelWithDebInfo,D3D12,NVIDIA GeForce RTX 5090 D,Direct3D 12 (feature level 12_0); requested Agility SDK 614; runtime 6.2.26100.8737 (C:\WINDOWS\SYSTEM32\D3D12Core.dll); driver 32.0.15.9186,false,assets/heightmaps/Hm_Terrain_Test_129.pgm,129,129,30.000,4.000,14,4.000,2.000,20000,0.183,0.000,6.000,13.673,4.707,14715,32420,14713,38,19,54,28,0,0,0,0,8,317.130,5.110,4.925,0.119,0.938,0.050,0.261,0.288,1.025,0.042,0.252,0.865,1.085,0.123,0.000,0.000,0.000,0.000,0.000,0.000,0.000,0.000,0.000,0.000,0.000,0.000,0.000,0.000,0.000,0.010,0,0,1.355,0.988,1.118,0.000,14
Data-Oriented CPU ROAM,RelWithDebInfo,D3D12,NVIDIA GeForce RTX 5090 D,Direct3D 12 (feature level 12_0); requested Agility SDK 614; runtime 6.2.26100.8737 (C:\WINDOWS\SYSTEM32\D3D12Core.dll); driver 32.0.15.9186,false,assets/heightmaps/Hm_Terrain_Test_129.pgm,129,129,30.000,4.000,14,4.000,2.000,20000,0.189,0.000,6.000,13.600,5.332,14711,32584,14709,82,41,86,53,0,0,0,0,8,0.000,4.595,4.428,0.121,0.544,0.080,0.258,0.144,1.018,0.077,0.238,0.869,1.078,0.109,0.000,0.000,0.000,0.000,0.000,0.000,0.000,0.000,0.000,0.000,0.000,0.000,0.000,0.000,0.000,0.010,0,0,1.240,0.624,1.107,0.000,14
Data-Oriented CPU ROAM,RelWithDebInfo,D3D12,NVIDIA GeForce RTX 5090 D,Direct3D 12 (feature level 12_0); requested Agility SDK 614; runtime 6.2.26100.8737 (C:\WINDOWS\SYSTEM32\D3D12Core.dll); driver 32.0.15.9186,false,assets/heightmaps/Hm_Terrain_Test_129.pgm,129,129,30.000,4.000,14,4.000,2.000,20000,0.193,0.000,6.000,13.533,4.818,14724,32696,14722,56,28,43,37,0,0,0,0,8,0.000,4.553,4.387,0.116,0.555,0.037,0.268,0.152,1.011,0.059,0.239,0.884,1.065,0.108,0.000,0.000,0.000,0.000,0.000,0.000,0.000,0.000,0.000,0.000,0.000,0.000,0.000,0.000,0.000,0.009,0,0,1.222,0.592,1.124,0.000,14
Data-Oriented CPU ROAM,RelWithDebInfo,D3D12,NVIDIA GeForce RTX 5090 D,Direct3D 12 (feature level 12_0); requested Agility SDK 614; runtime 6.2.26100.8737 (C:\WINDOWS\SYSTEM32\D3D12Core.dll); driver 32.0.15.9186,false,assets/heightmaps/Hm_Terrain_Test_129.pgm,129,129,30.000,4.000,14,4.000,2.000,20000,0.198,0.000,6.000,13.466,4.771,14713,32778,14711,41,20,52,38,0,0,0,0,8,315.644,5.131,4.949,0.130,1.029,0.057,0.264,0.147,1.019,0.048,0.250,0.937,1.068,0.123,0.000,0.000,0.000,0.000,0.000,0.000,0.000,0.000,0.000,0.000,0.000,0.000,0.000,0.000,0.000,0.012,0,0,1.214,1.085,1.187,0.000,14
Data-Oriented CPU ROAM,RelWithDebInfo,D3D12,NVIDIA GeForce RTX 5090 D,Direct3D 12 (feature level 12_0); requested Agility SDK 614; runtime 6.2.26100.8737 (C:\WINDOWS\SYSTEM32\D3D12Core.dll); driver 32.0.15.9186,false,assets/heightmaps/Hm_Terrain_Test_129.pgm,129,129,30.000,4.000,14,4.000,2.000,20000,0.204,0.000,6.000,13.388,5.347,14696,32904,14694,63,31,80,41,0,0,0,0,8,0.000,6.114,5.826,0.120,0.550,0.138,0.265,0.225,1.460,0.127,0.248,1.500,1.192,0.152,0.000,0.000,0.000,0.000,0.000,0.000,0.000,0.000,0.000,0.000,0.000,0.000,0.000,0.000,0.000,0.010,0,0,1.812,0.688,1.748,0.000,14
Data-Oriented CPU ROAM,RelWithDebInfo,D3D12,NVIDIA GeForce RTX 5090 D,Direct3D 12 (feature level 12_0); requested Agility SDK 614; runtime 6.2.26100.8737 (C:\WINDOWS\SYSTEM32\D3D12Core.dll); driver 32.0.15.9186,false,assets/heightmaps/Hm_Terrain_Test_129.pgm,129,129,30.000,4.000,14,4.000,2.000,20000,0.210,0.000,6.000,13.289,6.710,14602,33048,14600,72,36,166,51,0,0,0,0,8,0.000,6.310,5.982,0.288,0.556,0.245,0.260,0.169,0.893,0.146,0.241,1.740,1.446,0.167,0.000,0.000,0.000,0.000,0.000,0.000,0.000,0.000,0.000,0.000,0.000,0.000,0.000,0.000,0.000,0.010,0,0,1.207,0.801,1.981,0.000,14
Data-Oriented CPU ROAM,RelWithDebInfo,D3D12,NVIDIA GeForce RTX 5090 D,Direct3D 12 (feature level 12_0); requested Agility SDK 614; runtime 6.2.26100.8737 (C:\WINDOWS\SYSTEM32\D3D12Core.dll); driver 32.0.15.9186,false,assets/heightmaps/Hm_Terrain_Test_129.pgm,129,129,30.000,4.000,14,4.000,2.000,20000,0.217,0.000,6.000,13.187,6.784,14638,33228,14636,90,45,54,60,0,0,0,0,8,631.517,5.152,4.947,0.233,0.527,0.096,0.264,0.152,1.338,0.095,0.240,0.915,1.085,0.128,0.000,0.000,0.000,0.000,0.000,0.000,0.000,0.000,0.000,0.000,0.000,0.000,0.000,0.000,0.000,0.010,0,0,1.586,0.624,1.155,0.000,14
Data-Oriented CPU ROAM,RelWithDebInfo,D3D12,NVIDIA GeForce RTX 5090 D,Direct3D 12 (feature level 12_0); requested Agility SDK 614; runtime 6.2.26100.8737 (C:\WINDOWS\SYSTEM32\D3D12Core.dll); driver 32.0.15.9186,false,assets/heightmaps/Hm_Terrain_Test_129.pgm,129,129,30.000,4.000,14,4.000,2.000,20000,0.222,0.000,6.000,13.103,5.400,14668,33384,14666,78,39,48,56,0,0,0,0,8,0.000,4.654,4.470,0.134,0.531,0.047,0.252,0.148,1.026,0.088,0.241,0.914,1.088,0.116,0.000,0.000,0.000,0.000,0.000,0.000,0.000,0.000,0.000,0.000,0.000,0.000,0.000,0.000,0.000,0.010,0,0,1.263,0.578,1.155,0.000,14
Data-Oriented CPU ROAM,RelWithDebInfo,D3D12,NVIDIA GeForce RTX 5090 D,Direct3D 12 (feature level 12_0); requested Agility SDK 614; runtime 6.2.26100.8737 (C:\WINDOWS\SYSTEM32\D3D12Core.dll); driver 32.0.15.9186,false,assets/heightmaps/Hm_Terrain_Test_129.pgm,129,129,30.000,4.000,14,4.000,2.000,20000,0.227,0.000,6.000,13.027,4.857,14670,33500,14668,58,29,56,38,0,0,0,0,8,0.000,5.028,4.843,0.181,0.898,0.056,0.257,0.148,1.015,0.062,0.239,0.877,1.110,0.114,0.000,0.000,0.000,0.000,0.000,0.000,0.000,0.000,0.000,0.000,0.000,0.000,0.000,0.000,0.000,0.010,0,0,1.225,0.954,1.116,0.000,14
Data-Oriented CPU ROAM,RelWithDebInfo,D3D12,NVIDIA GeForce RTX 5090 D,Direct3D 12 (feature level 12_0); requested Agility SDK 614; runtime 6.2.26100.8737 (C:\WINDOWS\SYSTEM32\D3D12Core.dll); driver 32.0.15.9186,false,assets/heightmaps/Hm_Terrain_Test_129.pgm,129,129,30.000,4.000,14,4.000,2.000,20000,0.233,0.000,6.000,12.943,5.257,14601,33616,14599,58,28,127,41,0,0,0,0,8,628.773,5.161,4.969,0.231,0.553,0.125,0.250,0.146,1.025,0.059,0.233,1.248,1.098,0.119,0.000,0.000,0.000,0.000,0.000,0.000,0.000,0.000,0.000,0.000,0.000,0.000,0.000,0.000,0.000,0.010,0,0,1.230,0.678,1.481,0.000,14
Data-Oriented CPU ROAM,RelWithDebInfo,D3D12,NVIDIA GeForce RTX 5090 D,Direct3D 12 (feature level 12_0); requested Agility SDK 614; runtime 6.2.26100.8737 (C:\WINDOWS\SYSTEM32\D3D12Core.dll); driver 32.0.15.9186,false,assets/heightmaps/Hm_Terrain_Test_129.pgm,129,129,30.000,4.000,14,4.000,2.000,20000,0.238,0.000,6.000,12.856,5.393,14522,33764,14520,74,37,153,50,0,0,0,0,8,0.000,5.183,5.006,0.166,1.010,0.132,0.261,0.188,1.029,0.075,0.233,0.862,1.051,0.104,0.000,0.000,0.000,0.000,0.000,0.000,0.000,0.000,0.000,0.000,0.000,0.000,0.000,0.000,0.000,0.010,0,0,1.292,1.141,1.094,0.000,14
Data-Oriented CPU ROAM,RelWithDebInfo,D3D12,NVIDIA GeForce RTX 5090 D,Direct3D 12 (feature level 12_0); requested Agility SDK 614; runtime 6.2.26100.8737 (C:\WINDOWS\SYSTEM32\D3D12Core.dll); driver 32.0.15.9186,false,assets/heightmaps/Hm_Terrain_Test_129.pgm,129,129,30.000,4.000,14,4.000,2.000,20000,0.243,0.000,6.000,12.767,5.391,14480,33908,14478,72,36,114,45,0,0,0,0,8,0.000,4.181,4.015,0.128,0.521,0.097,0.252,0.142,0.694,0.071,0.236,0.826,1.047,0.108,0.000,0.000,0.000,0.000,0.000,0.000,0.000,0.000,0.000,0.000,0.000,0.000,0.000,0.000,0.000,0.010,0,0,0.907,0.618,1.062,0.000,14
Data-Oriented CPU ROAM,RelWithDebInfo,D3D12,NVIDIA GeForce RTX 5090 D,Direct3D 12 (feature level 12_0); requested Agility SDK 614; runtime 6.2.26100.8737 (C:\WINDOWS\SYSTEM32\D3D12Core.dll); driver 32.0.15.9186,false,assets/heightmaps/Hm_Terrain_Test_129.pgm,129,129,30.000,4.000,14,4.000,2.000,20000,0.248,0.000,6.000,12.693,4.464,14460,34028,14458,60,30,80,44,0,0,0,0,8,325.453,4.990,4.799,0.140,0.550,0.076,0.247,0.158,0.928,0.076,0.240,1.069,1.315,0.120,0.000,0.000,0.000,0.000,0.000,0.000,0.000,0.000,0.000,0.000,0.000,0.000,0.000,0.000,0.000,0.010,0,0,1.162,0.626,1.309,0.000,14
Data-Oriented CPU ROAM,RelWithDebInfo,D3D12,NVIDIA GeForce RTX 5090 D,Direct3D 12 (feature level 12_0); requested Agility SDK 614; runtime 6.2.26100.8737 (C:\WINDOWS\SYSTEM32\D3D12Core.dll); driver 32.0.15.9186,false,assets/heightmaps/Hm_Terrain_Test_129.pgm,129,129,30.000,4.000,14,4.000,2.000,20000,0.253,0.000,6.000,12.603,5.324,14474,34196,14472,84,42,70,57,0,0,0,0,8,0.000,5.496,5.314,0.127,1.016,0.069,0.283,0.147,1.051,0.087,0.232,1.218,1.084,0.118,0.000,0.000,0.000,0.000,0.000,0.000,0.000,0.000,0.000,0.000,0.000,0.000,0.000,0.000,0.000,0.012,0,0,1.284,1.086,1.450,0.000,14
Data-Oriented CPU ROAM,RelWithDebInfo,D3D12,NVIDIA GeForce RTX 5090 D,Direct3D 12 (feature level 12_0); requested Agility SDK 614; runtime 6.2.26100.8737 (C:\WINDOWS\SYSTEM32\D3D12Core.dll); driver 32.0.15.9186,false,assets/heightmaps/Hm_Terrain_Test_129.pgm,129,129,30.000,4.000,14,4.000,2.000,20000,0.259,0.000,6.000,12.504,5.778,14471,34356,14469,80,39,83,52,0,0,0,0,8,0.000,4.671,4.493,0.126,0.863,0.107,0.274,0.148,0.760,0.091,0.232,0.821,1.071,0.112,0.000,0.000,0.000,0.000,0.000,0.000,0.000,0.000,0.000,0.000,0.000,0.000,0.000,0.000,0.000,0.009,0,0,0.999,0.970,1.053,0.000,14
Data-Oriented CPU ROAM,RelWithDebInfo,D3D12,NVIDIA GeForce RTX 5090 D,Direct3D 12 (feature level 12_0); requested Agility SDK 614; runtime 6.2.26100.8737 (C:\WINDOWS\SYSTEM32\D3D12Core.dll); driver 32.0.15.9186,false,assets/heightmaps/Hm_Terrain_Test_129.pgm,129,129,30.000,4.000,14,4.000,2.000,20000,0.264,0.000,6.000,12.418,4.947,14422,34476,14420,60,30,109,39,0,0,0,0,8,724.352,4.487,4.313,0.141,0.549,0.110,0.250,0.146,0.922,0.063,0.234,0.858,1.040,0.103,0.000,0.000,0.000,0.000,0.000,0.000,0.000,0.000,0.000,0.000,0.000,0.000,0.000,0.000,0.000,0.010,0,0,1.131,0.659,1.092,0.000,14
Data-Oriented CPU ROAM,RelWithDebInfo,D3D12,NVIDIA GeForce RTX 5090 D,Direct3D 12 (feature level 12_0); requested Agility SDK 614; runtime 6.2.26100.8737 (C:\WINDOWS\SYSTEM32\D3D12Core.dll); driver 32.0.15.9186,false,assets/heightmaps/Hm_Terrain_Test_129.pgm,129,129,30.000,4.000,14,4.000,2.000,20000,0.269,0.000,6.000,12.335,4.735,14402,34600,14400,62,31,82,39,0,0,0,0,8,0.000,4.747,4.575,0.139,0.576,0.083,0.257,0.289,1.003,0.069,0.247,0.832,1.082,0.113,0.000,0.000,0.000,0.000,0.000,0.000,0.000,0.000,0.000,0.000,0.000,0.000,0.000,0.000,0.000,0.012,0,0,1.361,0.659,1.078,0.000,14
Data-Oriented CPU ROAM,RelWithDebInfo,D3D12,NVIDIA GeForce RTX 5090 D,Direct3D 12 (feature level 12_0); requested Agility SDK 614; runtime 6.2.26100.8737 (C:\WINDOWS\SYSTEM32\D3D12Core.dll); driver 32.0.15.9186,false,assets/heightmaps/Hm_Terrain_Test_129.pgm,129,129,30.000,4.000,14,4.000,2.000,20000,0.274,0.000,6.000,12.246,4.973,14412,34756,14410,78,39,68,50,0,0,0,0,8,0.000,4.241,4.059,0.146,0.535,0.068,0.258,0.145,0.722,0.075,0.231,0.833,1.046,0.121,0.000,0.000,0.000,0.000,0.000,0.000,0.000,0.000,0.000,0.000,0.000,0.000,0.000,0.000,0.000,0.010,0,0,0.942,0.603,1.064,0.000,14
Data-Oriented CPU ROAM,RelWithDebInfo,D3D12,NVIDIA GeForce RTX 5090 D,Direct3D 12 (feature level 12_0); requested Agility SDK 614; runtime 6.2.26100.8737 (C:\WINDOWS\SYSTEM32\D3D12Core.dll); driver 32.0.15.9186,false,assets/heightmaps/Hm_Terrain_Test_129.pgm,129,129,30.000,4.000,14,4.000,2.000,20000,0.278,0.000,6.000,12.166,4.484,14406,34892,14404,68,34,74,48,0,0,0,0,8,2777.593,4.668,4.499,0.131,0.599,0.068,0.254,0.154,1.087,0.077,0.250,0.830,1.048,0.107,0.000,0.000,0.000,0.000,0.000,0.000,0.000,0.000,0.000,0.000,0.000,0.000,0.000,0.000,0.000,0.009,0,0,1.318,0.667,1.080,0.000,14
Data-Oriented CPU ROAM,RelWithDebInfo,D3D12,NVIDIA GeForce RTX 5090 D,Direct3D 12 (feature level 12_0); requested Agility SDK 614; runtime 6.2.26100.8737 (C:\WINDOWS\SYSTEM32\D3D12Core.dll); driver 32.0.15.9186,false,assets/heightmaps/Hm_Terrain_Test_129.pgm,129,129,30.000,4.000,14,4.000,2.000,20000,0.283,0.000,6.000,12.076,4.913,14399,35048,14397,78,39,85,48,0,0,0,0,8,0.000,5.122,4.956,0.140,1.040,0.096,0.254,0.171,1.050,0.079,0.236,0.853,1.037,0.105,0.000,0.000,0.000,0.000,0.000,0.000,0.000,0.000,0.000,0.000,0.000,0.000,0.000,0.000,0.000,0.010,0,0,1.300,1.136,1.089,0.000,14
Data-Oriented CPU ROAM,RelWithDebInfo,D3D12,NVIDIA GeForce RTX 5090 D,Direct3D 12 (feature level 12_0); requested Agility SDK 614; runtime 6.2.26100.8737 (C:\WINDOWS\SYSTEM32\D3D12Core.dll); driver 32.0.15.9186,false,assets/heightmaps/Hm_Terrain_Test_129.pgm,129,129,30.000,4.000,14,4.000,2.000,20000,0.288,0.000,6.000,11.978,5.373,14306,35228,14304,90,44,183,56,0,0,0,0,8,0.000,5.011,4.830,0.130,0.897,0.145,0.264,0.143,0.751,0.081,0.233,1.119,1.067,0.118,0.000,0.000,0.000,0.000,0.000,0.000,0.000,0.000,0.000,0.000,0.000,0.000,0.000,0.000,0.000,0.012,0,0,0.976,1.041,1.352,0.000,14
Data-Oriented CPU ROAM,RelWithDebInfo,D3D12,NVIDIA GeForce RTX 5090 D,Direct3D 12 (feature level 12_0); requested Agility SDK 614; runtime 6.2.26100.8737 (C:\WINDOWS\SYSTEM32\D3D12Core.dll); driver 32.0.15.9186,false,assets/heightmaps/Hm_Terrain_Test_129.pgm,129,129,30.000,4.000,14,4.000,2.000,20000,0.294,0.000,6.000,11.881,5.239,14245,35380,14243,76,38,137,48,0,0,0,0,8,2691.819,4.813,4.643,0.142,0.797,0.104,0.264,0.143,1.038,0.076,0.229,0.818,1.030,0.115,0.000,0.000,0.000,0.000,0.000,0.000,0.000,0.000,0.000,0.000,0.000,0.000,0.000,0.000,0.000,0.009,0,0,1.258,0.901,1.047,0.000,14
Data-Oriented CPU ROAM,RelWithDebInfo,D3D12,NVIDIA GeForce RTX 5090 D,Direct3D 12 (feature level 12_0); requested Agility SDK 614; runtime 6.2.26100.8737 (C:\WINDOWS\SYSTEM32\D3D12Core.dll); driver 32.0.15.9186,false,assets/heightmaps/Hm_Terrain_Test_129.pgm,129,129,30.000,4.000,14,4.000,2.000,20000,0.299,0.000,6.000,11.786,5.025,14210,35548,14208,84,42,119,56,0,0,0,0,8,0.000,4.682,4.521,0.139,0.567,0.101,0.253,0.151,1.054,0.079,0.317,0.829,1.031,0.104,0.000,0.000,0.000,0.000,0.000,0.000,0.000,0.000,0.000,0.000,0.000,0.000,0.000,0.000,0.000,0.010,0,0,1.285,0.667,1.146,0.000,14
Data-Oriented CPU ROAM,RelWithDebInfo,D3D12,NVIDIA GeForce RTX 5090 D,Direct3D 12 (feature level 12_0); requested Agility SDK 614; runtime 6.2.26100.8737 (C:\WINDOWS\SYSTEM32\D3D12Core.dll); driver 32.0.15.9186,false,assets/heightmaps/Hm_Terrain_Test_129.pgm,129,129,30.000,4.000,14,4.000,2.000,20000,0.304,0.000,6.000,11.694,4.895,14196,35720,14194,86,43,100,60,0,0,0,0,8,0.000,4.364,4.187,0.138,0.541,0.087,0.255,0.154,0.761,0.082,0.247,0.822,1.099,0.113,0.000,0.000,0.000,0.000,0.000,0.000,0.000,0.000,0.000,0.000,0.000,0.000,0.000,0.000,0.000,0.011,0,0,0.996,0.628,1.069,0.000,14
Data-Oriented CPU ROAM,RelWithDebInfo,D3D12,NVIDIA GeForce RTX 5090 D,Direct3D 12 (feature level 12_0); requested Agility SDK 614; runtime 6.2.26100.8737 (C:\WINDOWS\SYSTEM32\D3D12Core.dll); driver 32.0.15.9186,false,assets/heightmaps/Hm_Terrain_Test_129.pgm,129,129,30.000,4.000,14,4.000,2.000,20000,0.308,0.000,6.000,11.606,4.584,14210,35896,14208,88,44,74,49,0,0,0,0,8,0.000,5.019,4.854,0.150,1.009,0.081,0.253,0.155,1.032,0.094,0.237,0.810,1.033,0.107,0.000,0.000,0.000,0.000,0.000,0.000,0.000,0.000,0.000,0.000,0.000,0.000,0.000,0.000,0.000,0.010,0,0,1.281,1.090,1.047,0.000,14
Data-Oriented CPU ROAM,RelWithDebInfo,D3D12,NVIDIA GeForce RTX 5090 D,Direct3D 12 (feature level 12_0); requested Agility SDK 614; runtime 6.2.26100.8737 (C:\WINDOWS\SYSTEM32\D3D12Core.dll); driver 32.0.15.9186,false,assets/heightmaps/Hm_Terrain_Test_129.pgm,129,129,30.000,4.000,14,4.000,2.000,20000,0.313,0.000,6.000,11.505,5.247,14182,36092,14180,98,48,126,60,0,0,0,0,8,0.000,4.624,4.462,0.139,0.534,0.118,0.252,0.139,1.077,0.086,0.228,0.859,1.030,0.107,0.000,0.000,0.000,0.000,0.000,0.000,0.000,0.000,0.000,0.000,0.000,0.000,0.000,0.000,0.000,0.009,0,0,1.302,0.652,1.087,0.000,14
Data-Oriented CPU ROAM,RelWithDebInfo,D3D12,NVIDIA GeForce RTX 5090 D,Direct3D 12 (feature level 12_0); requested Agility SDK 614; runtime 6.2.26100.8737 (C:\WINDOWS\SYSTEM32\D3D12Core.dll); driver 32.0.15.9186,false,assets/heightmaps/Hm_Terrain_Test_129.pgm,129,129,30.000,4.000,14,4.000,2.000,20000,0.318,0.000,6.000,11.411,4.810,14140,36228,14138,68,34,110,42,0,0,0,0,8,0.000,4.991,4.815,0.135,1.028,0.109,0.249,0.146,0.944,0.075,0.232,0.883,1.014,0.105,0.000,0.000,0.000,0.000,0.000,0.000,0.000,0.000,0.000,0.000,0.000,0.000,0.000,0.000,0.000,0.009,0,0,1.164,1.137,1.115,0.000,14
Data-Oriented CPU ROAM,RelWithDebInfo,D3D12,NVIDIA GeForce RTX 5090 D,Direct3D 12 (feature level 12_0); requested Agility SDK 614; runtime 6.2.26100.8737 (C:\WINDOWS\SYSTEM32\D3D12Core.dll); driver 32.0.15.9186,false,assets/heightmaps/Hm_Terrain_Test_129.pgm,129,129,30.000,4.000,14,4.000,2.000,20000,0.323,0.000,6.000,11.309,5.202,14147,36412,14145,92,46,85,61,0,0,0,0,8,0.000,4.694,4.526,0.139,0.529,0.084,0.254,0.152,1.073,0.093,0.266,0.911,1.026,0.110,0.000,0.000,0.000,0.000,0.000,0.000,0.000,0.000,0.000,0.000,0.000,0.000,0.000,0.000,0.000,0.011,0,0,1.317,0.612,1.177,0.000,14
Data-Oriented CPU ROAM,RelWithDebInfo,D3D12,NVIDIA GeForce RTX 5090 D,Direct3D 12 (feature level 12_0); requested Agility SDK 614; runtime 6.2.26100.8737 (C:\WINDOWS\SYSTEM32\D3D12Core.dll); driver 32.0.15.9186,false,assets/heightmaps/Hm_Terrain_Test_129.pgm,129,129,30.000,4.000,14,4.000,2.000,20000,0.328,0.000,6.000,11.212,4.922,14155,36588,14153,88,44,80,59,0,0,0,0,8,317.285,5.097,4.923,0.139,0.986,0.082,0.262,0.140,1.071,0.077,0.228,0.875,1.064,0.114,0.000,0.000,0.000,0.000,0.000,0.000,0.000,0.000,0.000,0.000,0.000,0.000,0.000,0.000,0.000,0.009,0,0,1.287,1.069,1.103,0.000,14
Data-Oriented CPU ROAM,RelWithDebInfo,D3D12,NVIDIA GeForce RTX 5090 D,Direct3D 12 (feature level 12_0); requested Agility SDK 614; runtime 6.2.26100.8737 (C:\WINDOWS\SYSTEM32\D3D12Core.dll); driver 32.0.15.9186,false,assets/heightmaps/Hm_Terrain_Test_129.pgm,129,129,30.000,4.000,14,4.000,2.000,20000,0.334,0.000,6.000,11.105,5.350,14091,36748,14089,80,39,144,52,0,0,0,0,8,0.000,4.346,4.181,0.125,0.544,0.119,0.250,0.141,0.760,0.070,0.233,0.835,1.102,0.106,0.000,0.000,0.000,0.000,0.000,0.000,0.000,0.000,0.000,0.000,0.000,0.000,0.000,0.000,0.000,0.010,0,0,0.971,0.664,1.068,0.000,14
Data-Oriented CPU ROAM,RelWithDebInfo,D3D12,NVIDIA GeForce RTX 5090 D,Direct3D 12 (feature level 12_0); requested Agility SDK 614; runtime 6.2.26100.8737 (C:\WINDOWS\SYSTEM32\D3D12Core.dll); driver 32.0.15.9186,false,assets/heightmaps/Hm_Terrain_Test_129.pgm,129,129,30.000,4.000,14,4.000,2.000,20000,0.338,0.000,6.000,11.014,4.573,13978,36944,13976,98,49,211,55,0,0,0,0,8,0.000,5.197,5.038,0.122,0.985,0.159,0.251,0.145,1.106,0.103,0.235,0.856,1.079,0.100,0.000,0.000,0.000,0.000,0.000,0.000,0.000,0.000,0.000,0.000,0.000,0.000,0.000,0.000,0.000,0.012,0,0,1.353,1.143,1.091,0.000,14
Data-Oriented CPU ROAM,RelWithDebInfo,D3D12,NVIDIA GeForce RTX 5090 D,Direct3D 12 (feature level 12_0); requested Agility SDK 614; runtime 6.2.26100.8737 (C:\WINDOWS\SYSTEM32\D3D12Core.dll); driver 32.0.15.9186,false,assets/heightmaps/Hm_Terrain_Test_129.pgm,129,129,30.000,4.000,14,4.000,2.000,20000,0.344,0.000,6.000,10.904,5.420,13958,37064,13956,60,30,80,38,0,0,0,0,8,343.671,4.714,4.545,0.112,0.597,0.071,0.250,0.141,1.074,0.096,0.230,0.820,1.154,0.114,0.000,0.000,0.000,0.000,0.000,0.000,0.000,0.000,0.000,0.000,0.000,0.000,0.000,0.000,0.000,0.012,0,0,1.311,0.669,1.050,0.000,14
Data-Oriented CPU ROAM,RelWithDebInfo,D3D12,NVIDIA GeForce RTX 5090 D,Direct3D 12 (feature level 12_0); requested Agility SDK 614; runtime 6.2.26100.8737 (C:\WINDOWS\SYSTEM32\D3D12Core.dll); driver 32.0.15.9186,false,assets/heightmaps/Hm_Terrain_Test_129.pgm,129,129,30.000,4.000,14,4.000,2.000,20000,0.349,0.000,6.000,10.803,4.937,13974,37228,13972,82,41,66,57,0,0,0,0,8,0.000,4.277,4.116,0.113,0.571,0.060,0.248,0.144,0.769,0.077,0.237,0.858,1.038,0.106,0.000,0.000,0.000,0.000,0.000,0.000,0.000,0.000,0.000,0.000,0.000,0.000,0.000,0.000,0.000,0.009,0,0,0.991,0.631,1.095,0.000,14
Data-Oriented CPU ROAM,RelWithDebInfo,D3D12,NVIDIA GeForce RTX 5090 D,Direct3D 12 (feature level 12_0); requested Agility SDK 614; runtime 6.2.26100.8737 (C:\WINDOWS\SYSTEM32\D3D12Core.dll); driver 32.0.15.9186,false,assets/heightmaps/Hm_Terrain_Test_129.pgm,129,129,30.000,4.000,14,4.000,2.000,20000,0.353,0.000,6.000,10.711,4.518,13966,37372,13964,72,36,80,56,0,0,0,0,8,0.000,5.080,4.922,0.111,1.084,0.079,0.246,0.146,1.083,0.070,0.231,0.838,1.034,0.099,0.000,0.000,0.000,0.000,0.000,0.000,0.000,0.000,0.000,0.000,0.000,0.000,0.000,0.000,0.000,0.009,0,0,1.299,1.163,1.069,0.000,14
Data-Oriented CPU ROAM,RelWithDebInfo,D3D12,NVIDIA GeForce RTX 5090 D,Direct3D 12 (feature level 12_0); requested Agility SDK 614; runtime 6.2.26100.8737 (C:\WINDOWS\SYSTEM32\D3D12Core.dll); driver 32.0.15.9186,false,assets/heightmaps/Hm_Terrain_Test_129.pgm,129,129,30.000,4.000,14,4.000,2.000,20000,0.358,0.000,6.000,10.601,5.302,13904,37552,13902,90,44,152,61,0,0,0,0,8,349.459,4.627,4.470,0.109,0.561,0.134,0.256,0.162,1.083,0.085,0.231,0.828,1.020,0.099,0.000,0.000,0.000,0.000,0.000,0.000,0.000,0.000,0.000,0.000,0.000,0.000,0.000,0.000,0.000,0.011,0,0,1.329,0.696,1.060,0.000,14
Data-Oriented CPU ROAM,RelWithDebInfo,D3D12,NVIDIA GeForce RTX 5090 D,Direct3D 12 (feature level 12_0); requested Agility SDK 614; runtime 6.2.26100.8737 (C:\WINDOWS\SYSTEM32\D3D12Core.dll); driver 32.0.15.9186,false,assets/heightmaps/Hm_Terrain_Test_129.pgm,129,129,30.000,4.000,14,4.000,2.000,20000,0.363,0.000,6.000,10.501,4.844,13918,37752,13916,100,50,86,61,0,0,0,0,8,0.000,4.634,4.475,0.110,0.990,0.079,0.259,0.140,0.777,0.087,0.225,0.797,1.010,0.106,0.000,0.000,0.000,0.000,0.000,0.000,0.000,0.000,0.000,0.000,0.000,0.000,0.000,0.000,0.000,0.009,0,0,1.005,1.069,1.022,0.000,14
Data-Oriented CPU ROAM,RelWithDebInfo,D3D12,NVIDIA GeForce RTX 5090 D,Direct3D 12 (feature level 12_0); requested Agility SDK 614; runtime 6.2.26100.8737 (C:\WINDOWS\SYSTEM32\D3D12Core.dll); driver 32.0.15.9186,false,assets/heightmaps/Hm_Terrain_Test_129.pgm,129,129,30.000,4.000,14,4.000,2.000,20000,0.368,0.000,6.000,10.400,4.823,13862,37884,13860,66,33,122,56,0,0,0,0,8,0.000,4.916,4.741,0.110,0.934,0.105,0.248,0.139,1.082,0.069,0.236,0.795,1.023,0.106,0.000,0.000,0.000,0.000,0.000,0.000,0.000,0.000,0.000,0.000,0.000,0.000,0.000,0.000,0.000,0.009,0,0,1.290,1.039,1.031,0.000,14
Data-Oriented CPU ROAM,RelWithDebInfo,D3D12,NVIDIA GeForce RTX 5090 D,Direct3D 12 (feature level 12_0); requested Agility SDK 614; runtime 6.2.26100.8737 (C:\WINDOWS\SYSTEM32\D3D12Core.dll); driver 32.0.15.9186,false,assets/heightmaps/Hm_Terrain_Test_129.pgm,129,129,30.000,4.000,14,4.000,2.000,20000,0.373,0.000,6.000,10.293,5.133,13876,38056,13874,86,43,72,62,0,0,0,0,8,708.970,4.558,4.407,0.112,0.534,0.063,0.244,0.149,1.099,0.082,0.280,0.811,1.032,0.096,0.000,0.000,0.000,0.000,0.000,0.000,0.000,0.000,0.000,0.000,0.000,0.000,0.000,0.000,0.000,0.012,0,0,1.330,0.596,1.091,0.000,14
Data-Oriented CPU ROAM,RelWithDebInfo,D3D12,NVIDIA GeForce RTX 5090 D,Direct3D 12 (feature level 12_0); requested Agility SDK 614; runtime 6.2.26100.8737 (C:\WINDOWS\SYSTEM32\D3D12Core.dll); driver 32.0.15.9186,false,assets/heightmaps/Hm_Terrain_Test_129.pgm,129,129,30.000,4.000,14,4.000,2.000,20000,0.378,0.000,6.000,10.192,4.776,13811,38194,13809,69,34,134,43,0,0,0,0,8,0.000,4.915,4.749,0.116,0.940,0.122,0.251,0.143,1.073,0.067,0.223,0.797,1.018,0.109,0.000,0.000,0.000,0.000,0.000,0.000,0.000,0.000,0.000,0.000,0.000,0.000,0.000,0.000,0.000,0.009,0,0,1.282,1.062,1.019,0.000,14
Data-Oriented CPU ROAM,RelWithDebInfo,D3D12,NVIDIA GeForce RTX 5090 D,Direct3D 12 (feature level 12_0); requested Agility SDK 614; runtime 6.2.26100.8737 (C:\WINDOWS\SYSTEM32\D3D12Core.dll); driver 32.0.15.9186,false,assets/heightmaps/Hm_Terrain_Test_129.pgm,129,129,30.000,4.000,14,4.000,2.000,20000,0.383,0.000,6.000,10.082,5.164,13708,38336,13706,71,35,174,39,0,0,0,0,8,0.000,4.569,4.415,0.109,0.613,0.143,0.255,0.136,1.072,0.065,0.223,0.798,1.000,0.104,0.000,0.000,0.000,0.000,0.000,0.000,0.000,0.000,0.000,0.000,0.000,0.000,0.000,0.000,0.000,0.010,0,0,1.273,0.756,1.022,0.000,14
Data-Oriented CPU ROAM,RelWithDebInfo,D3D12,NVIDIA GeForce RTX 5090 D,Direct3D 12 (feature level 12_0); requested Agility SDK 614; runtime 6.2.26100.8737 (C:\WINDOWS\SYSTEM32\D3D12Core.dll); driver 32.0.15.9186,false,assets/heightmaps/Hm_Terrain_Test_129.pgm,129,129,30.000,4.000,14,4.000,2.000,20000,0.388,0.000,6.000,9.981,4.759,13641,38488,13639,76,38,143,48,0,0,0,0,8,2752.819,5.283,5.107,0.108,0.773,0.158,0.239,0.146,1.384,0.082,0.246,0.859,1.114,0.115,0.000,0.000,0.000,0.000,0.000,0.000,0.000,0.000,0.000,0.000,0.000,0.000,0.000,0.000,0.000,0.009,0,0,1.611,0.931,1.105,0.000,14
Data-Oriented CPU ROAM,RelWithDebInfo,D3D12,NVIDIA GeForce RTX 5090 D,Direct3D 12 (feature level 12_0); requested Agility SDK 614; runtime 6.2.26100.8737 (C:\WINDOWS\SYSTEM32\D3D12Core.dll); driver 32.0.15.9186,false,assets/heightmaps/Hm_Terrain_Test_129.pgm,129,129,30.000,4.000,14,4.000,2.000,20000,0.393,0.000,6.000,9.862,5.556,13658,38704,13656,108,54,91,70,0,0,0,0,8,0.000,4.994,4.830,0.109,0.871,0.084,0.264,0.259,1.010,0.109,0.230,0.805,1.089,0.104,0.000,0.000,0.000,0.000,0.000,0.000,0.000,0.000,0.000,0.000,0.000,0.000,0.000,0.000,0.000,0.011,0,0,1.379,0.954,1.035,0.000,14
Data-Oriented CPU ROAM,RelWithDebInfo,D3D12,NVIDIA GeForce RTX 5090 D,Direct3D 12 (feature level 12_0); requested Agility SDK 614; runtime 6.2.26100.8737 (C:\WINDOWS\SYSTEM32\D3D12Core.dll); driver 32.0.15.9186,false,assets/heightmaps/Hm_Terrain_Test_129.pgm,129,129,30.000,4.000,14,4.000,2.000,20000,0.399,0.000,6.000,9.749,5.225,13610,38880,13608,88,44,136,66,0,0,0,0,8,0.000,4.594,4.425,0.124,0.558,0.127,0.264,0.139,1.094,0.082,0.224,0.789,1.024,0.100,0.000,0.000,0.000,0.000,0.000,0.000,0.000,0.000,0.000,0.000,0.000,0.000,0.000,0.000,0.000,0.009,0,0,1.315,0.685,1.013,0.000,14
Data-Oriented CPU ROAM,RelWithDebInfo,D3D12,NVIDIA GeForce RTX 5090 D,Direct3D 12 (feature level 12_0); requested Agility SDK 614; runtime 6.2.26100.8737 (C:\WINDOWS\SYSTEM32\D3D12Core.dll); driver 32.0.15.9186,false,assets/heightmaps/Hm_Terrain_Test_129.pgm,129,129,30.000,4.000,14,4.000,2.000,20000,0.403,0.000,6.000,9.645,4.827,13562,38992,13560,56,27,104,37,0,0,0,0,8,355.421,4.559,4.394,0.128,0.550,0.120,0.250,0.139,1.115,0.066,0.219,0.785,1.021,0.105,0.000,0.000,0.000,0.000,0.000,0.000,0.000,0.000,0.000,0.000,0.000,0.000,0.000,0.000,0.000,0.009,0,0,1.320,0.670,1.004,0.000,14
Data-Oriented CPU ROAM,RelWithDebInfo,D3D12,NVIDIA GeForce RTX 5090 D,Direct3D 12 (feature level 12_0); requested Agility SDK 614; runtime 6.2.26100.8737 (C:\WINDOWS\SYSTEM32\D3D12Core.dll); driver 32.0.15.9186,false,assets/heightmaps/Hm_Terrain_Test_129.pgm,129,129,30.000,4.000,14,4.000,2.000,20000,0.408,0.000,6.000,9.541,4.800,13508,39108,13506,58,29,112,33,0,0,0,0,8,0.000,4.872,4.701,0.117,1.026,0.112,0.245,0.147,0.958,0.061,0.225,0.780,1.030,0.110,0.000,0.000,0.000,0.000,0.000,0.000,0.000,0.000,0.000,0.000,0.000,0.000,0.000,0.000,0.000,0.009,0,0,1.166,1.139,1.005,0.000,14
Data-Oriented CPU ROAM,RelWithDebInfo,D3D12,NVIDIA GeForce RTX 5090 D,Direct3D 12 (feature level 12_0); requested Agility SDK 614; runtime 6.2.26100.8737 (C:\WINDOWS\SYSTEM32\D3D12Core.dll); driver 32.0.15.9186,false,assets/heightmaps/Hm_Terrain_Test_129.pgm,129,129,30.000,4.000,14,4.000,2.000,20000,0.413,0.000,6.000,9.429,5.109,13512,39280,13510,86,43,82,52,0,0,0,0,8,0.000,5.047,4.881,0.122,0.590,0.085,0.241,0.135,1.098,0.077,0.219,1.304,1.010,0.110,0.000,0.000,0.000,0.000,0.000,0.000,0.000,0.000,0.000,0.000,0.000,0.000,0.000,0.000,0.000,0.010,0,0,1.310,0.675,1.523,0.000,14
Data-Oriented CPU ROAM,RelWithDebInfo,D3D12,NVIDIA GeForce RTX 5090 D,Direct3D 12 (feature level 12_0); requested Agility SDK 614; runtime 6.2.26100.8737 (C:\WINDOWS\SYSTEM32\D3D12Core.dll); driver 32.0.15.9186,false,assets/heightmaps/Hm_Terrain_Test_129.pgm,129,129,30.000,4.000,14,4.000,2.000,20000,0.419,0.000,6.000,9.314,5.272,13506,39480,13504,100,50,106,73,0,0,0,0,8,328.456,4.925,4.755,0.129,0.873,0.101,0.252,0.156,1.137,0.091,0.230,0.788,0.999,0.107,0.000,0.000,0.000,0.000,0.000,0.000,0.000,0.000,0.000,0.000,0.000,0.000,0.000,0.000,0.000,0.009,0,0,1.384,0.973,1.018,0.000,14
Data-Oriented CPU ROAM,RelWithDebInfo,D3D12,NVIDIA GeForce RTX 5090 D,Direct3D 12 (feature level 12_0); requested Agility SDK 614; runtime 6.2.26100.8737 (C:\WINDOWS\SYSTEM32\D3D12Core.dll); driver 32.0.15.9186,false,assets/heightmaps/Hm_Terrain_Test_129.pgm,129,129,30.000,4.000,14,4.000,2.000,20000,0.424,0.000,6.000,9.201,5.148,13475,39656,13473,88,43,119,64,0,0,0,0,8,0.000,4.610,4.453,0.147,0.809,0.113,0.239,0.133,0.898,0.076,0.227,0.783,1.027,0.100,0.000,0.000,0.000,0.000,0.000,0.000,0.000,0.000,0.000,0.000,0.000,0.000,0.000,0.000,0.000,0.009,0,0,1.107,0.922,1.010,0.000,14
Data-Oriented CPU ROAM,RelWithDebInfo,D3D12,NVIDIA GeForce RTX 5090 D,Direct3D 12 (feature level 12_0); requested Agility SDK 614; runtime 6.2.26100.8737 (C:\WINDOWS\SYSTEM32\D3D12Core.dll); driver 32.0.15.9186,false,assets/heightmaps/Hm_Terrain_Test_129.pgm,129,129,30.000,4.000,14,4.000,2.000,20000,0.429,0.000,6.000,9.096,4.798,13374,39804,13372,74,37,175,44,0,0,0,0,8,0.000,4.649,4.474,0.132,0.537,0.146,0.244,0.144,1.143,0.074,0.224,0.807,1.026,0.116,0.000,0.000,0.000,0.000,0.000,0.000,0.000,0.000,0.000,0.000,0.000,0.000,0.000,0.000,0.000,0.009,0,0,1.360,0.683,1.030,0.000,14
Data-Oriented CPU ROAM,RelWithDebInfo,D3D12,NVIDIA GeForce RTX 5090 D,Direct3D 12 (feature level 12_0); requested Agility SDK 614; runtime 6.2.26100.8737 (C:\WINDOWS\SYSTEM32\D3D12Core.dll); driver 32.0.15.9186,false,assets/heightmaps/Hm_Terrain_Test_129.pgm,129,129,30.000,4.000,14,4.000,2.000,20000,0.433,0.000,6.000,8.988,4.868,13350,39956,13348,76,38,100,49,0,0,0,0,8,0.000,4.517,4.365,0.109,0.536,0.094,0.242,0.139,1.156,0.069,0.260,0.776,0.982,0.097,0.000,0.000,0.000,0.000,0.000,0.000,0.000,0.000,0.000,0.000,0.000,0.000,0.000,0.000,0.000,0.009,0,0,1.365,0.630,1.036,0.000,14
Data-Oriented CPU ROAM,RelWithDebInfo,D3D12,NVIDIA GeForce RTX 5090 D,Direct3D 12 (feature level 12_0); requested Agility SDK 614; runtime 6.2.26100.8737 (C:\WINDOWS\SYSTEM32\D3D12Core.dll); driver 32.0.15.9186,false,assets/heightmaps/Hm_Terrain_Test_129.pgm,129,129,30.000,4.000,14,4.000,2.000,20000,0.438,0.000,6.000,8.882,4.775,13348,40116,13346,80,40,82,54,0,0,0,0,8,0.000,5.047,4.883,0.113,0.695,0.083,0.238,0.139,0.787,0.654,0.229,0.848,1.097,0.106,0.000,0.000,0.000,0.000,0.000,0.000,0.000,0.000,0.000,0.000,0.000,0.000,0.000,0.000,0.000,0.009,0,0,1.580,0.777,1.077,0.000,14
Data-Oriented CPU ROAM,RelWithDebInfo,D3D12,NVIDIA GeForce RTX 5090 D,Direct3D 12 (feature level 12_0); requested Agility SDK 614; runtime 6.2.26100.8737 (C:\WINDOWS\SYSTEM32\D3D12Core.dll); driver 32.0.15.9186,false,assets/heightmaps/Hm_Terrain_Test_129.pgm,129,129,30.000,4.000,14,4.000,2.000,20000,0.443,0.000,6.000,8.766,5.249,13373,40314,13371,99,49,74,70,0,0,0,0,8,0.000,4.604,4.446,0.110,0.561,0.083,0.271,0.136,1.127,0.100,0.304,0.780,0.973,0.094,0.000,0.000,0.000,0.000,0.000,0.000,0.000,0.000,0.000,0.000,0.000,0.000,0.000,0.000,0.000,0.009,0,0,1.363,0.644,1.084,0.000,14
Data-Oriented CPU ROAM,RelWithDebInfo,D3D12,NVIDIA GeForce RTX 5090 D,Direct3D 12 (feature level 12_0); requested Agility SDK 614; runtime 6.2.26100.8737 (C:\WINDOWS\SYSTEM32\D3D12Core.dll); driver 32.0.15.9186,false,assets/heightmaps/Hm_Terrain_Test_129.pgm,129,129,30.000,4.000,14,4.000,2.000,20000,0.448,0.000,6.000,8.659,4.818,13312,40456,13310,71,35,132,51,0,0,0,0,8,0.000,4.740,4.581,0.106,0.559,0.123,0.243,0.278,1.188,0.095,0.223,0.804,0.962,0.103,0.000,0.000,0.000,0.000,0.000,0.000,0.000,0.000,0.000,0.000,0.000,0.000,0.000,0.000,0.000,0.011,0,0,1.561,0.682,1.027,0.000,14
Data-Oriented CPU ROAM,RelWithDebInfo,D3D12,NVIDIA GeForce RTX 5090 D,Direct3D 12 (feature level 12_0); requested Agility SDK 614; runtime 6.2.26100.8737 (C:\WINDOWS\SYSTEM32\D3D12Core.dll); driver 32.0.15.9186,false,assets/heightmaps/Hm_Terrain_Test_129.pgm,129,129,30.000,4.000,14,4.000,2.000,20000,0.453,0.000,6.000,8.548,4.957,13288,40672,13286,108,54,132,71,0,0,0,0,8,342.661,4.706,4.558,0.109,1.001,0.116,0.249,0.135,0.824,0.105,0.217,0.845,0.957,0.094,0.000,0.000,0.000,0.000,0.000,0.000,0.000,0.000,0.000,0.000,0.000,0.000,0.000,0.000,0.000,0.009,0,0,1.063,1.116,1.062,0.000,14
Data-Oriented CPU ROAM,RelWithDebInfo,D3D12,NVIDIA GeForce RTX 5090 D,Direct3D 12 (feature level 12_0); requested Agility SDK 614; runtime 6.2.26100.8737 (C:\WINDOWS\SYSTEM32\D3D12Core.dll); driver 32.0.15.9186,false,assets/heightmaps/Hm_Terrain_Test_129.pgm,129,129,30.000,4.000,14,4.000,2.000,20000,0.458,0.000,6.000,8.438,4.946,13260,40804,13258,66,33,94,44,0,0,0,0,8,0.000,5.005,4.837,0.110,1.048,0.105,0.235,0.139,1.121,0.074,0.240,0.772,0.994,0.110,0.000,0.000,0.000,0.000,0.000,0.000,0.000,0.000,0.000,0.000,0.000,0.000,0.000,0.000,0.000,0.009,0,0,1.334,1.153,1.011,0.000,14
Data-Oriented CPU ROAM,RelWithDebInfo,D3D12,NVIDIA GeForce RTX 5090 D,Direct3D 12 (feature level 12_0); requested Agility SDK 614; runtime 6.2.26100.8737 (C:\WINDOWS\SYSTEM32\D3D12Core.dll); driver 32.0.15.9186,false,assets/heightmaps/Hm_Terrain_Test_129.pgm,129,129,30.000,4.000,14,4.000,2.000,20000,0.463,0.000,6.000,8.321,5.224,13275,41012,13273,104,52,89,74,0,0,0,0,8,0.000,4.553,4.400,0.119,0.540,0.085,0.235,0.147,1.181,0.102,0.227,0.772,0.991,0.094,0.000,0.000,0.000,0.000,0.000,0.000,0.000,0.000,0.000,0.000,0.000,0.000,0.000,0.000,0.000,0.012,0,0,1.431,0.625,0.999,0.000,14
Data-Oriented CPU ROAM,RelWithDebInfo,D3D12,NVIDIA GeForce RTX 5090 D,Direct3D 12 (feature level 12_0); requested Agility SDK 614; runtime 6.2.26100.8737 (C:\WINDOWS\SYSTEM32\D3D12Core.dll); driver 32.0.15.9186,false,assets/heightmaps/Hm_Terrain_Test_129.pgm,129,129,30.000,4.000,14,4.000,2.000,20000,0.468,0.000,6.000,8.214,4.782,13244,41196,13242,92,45,123,62,0,0,0,0,8,1338.272,4.818,4.668,0.113,1.095,0.108,0.238,0.142,0.841,0.085,0.213,0.861,0.972,0.094,0.000,0.000,0.000,0.000,0.000,0.000,0.000,0.000,0.000,0.000,0.000,0.000,0.000,0.000,0.000,0.009,0,0,1.068,1.203,1.074,0.000,14
Data-Oriented CPU ROAM,RelWithDebInfo,D3D12,NVIDIA GeForce RTX 5090 D,Direct3D 12 (feature level 12_0); requested Agility SDK 614; runtime 6.2.26100.8737 (C:\WINDOWS\SYSTEM32\D3D12Core.dll); driver 32.0.15.9186,false,assets/heightmaps/Hm_Terrain_Test_129.pgm,129,129,30.000,4.000,14,4.000,2.000,20000,0.473,0.000,6.000,8.100,5.072,13146,41376,13144,90,45,188,64,0,0,0,0,8,0.000,4.847,4.702,0.105,0.811,0.158,0.234,0.133,1.154,0.092,0.214,0.853,0.949,0.092,0.000,0.000,0.000,0.000,0.000,0.000,0.000,0.000,0.000,0.000,0.000,0.000,0.000,0.000,0.000,0.009,0,0,1.378,0.969,1.068,0.000,14
Data-Oriented CPU ROAM,RelWithDebInfo,D3D12,NVIDIA GeForce RTX 5090 D,Direct3D 12 (feature level 12_0); requested Agility SDK 614; runtime 6.2.26100.8737 (C:\WINDOWS\SYSTEM32\D3D12Core.dll); driver 32.0.15.9186,false,assets/heightmaps/Hm_Terrain_Test_129.pgm,129,129,30.000,4.000,14,4.000,2.000,20000,0.478,0.000,6.000,7.987,5.050,13096,41532,13094,78,39,128,46,0,0,0,0,8,0.000,4.614,4.468,0.105,0.606,0.108,0.243,0.140,1.132,0.085,0.221,0.868,0.959,0.091,0.000,0.000,0.000,0.000,0.000,0.000,0.000,0.000,0.000,0.000,0.000,0.000,0.000,0.000,0.000,0.009,0,0,1.358,0.714,1.088,0.000,14
Data-Oriented CPU ROAM,RelWithDebInfo,D3D12,NVIDIA GeForce RTX 5090 D,Direct3D 12 (feature level 12_0); requested Agility SDK 614; runtime 6.2.26100.8737 (C:\WINDOWS\SYSTEM32\D3D12Core.dll); driver 32.0.15.9186,false,assets/heightmaps/Hm_Terrain_Test_129.pgm,129,129,30.000,4.000,14,4.000,2.000,20000,0.483,0.000,6.000,7.878,4.832,13134,41752,13132,110,55,72,82,0,0,0,0,8,344.178,4.691,4.538,0.110,1.051,0.067,0.233,0.137,0.848,0.097,0.216,0.809,0.970,0.095,0.000,0.000,0.000,0.000,0.000,0.000,0.000,0.000,0.000,0.000,0.000,0.000,0.000,0.000,0.000,0.011,0,0,1.082,1.117,1.026,0.000,14
Data-Oriented CPU ROAM,RelWithDebInfo,D3D12,NVIDIA GeForce RTX 5090 D,Direct3D 12 (feature level 12_0); requested Agility SDK 614; runtime 6.2.26100.8737 (C:\WINDOWS\SYSTEM32\D3D12Core.dll); driver 32.0.15.9186,false,assets/heightmaps/Hm_Terrain_Test_129.pgm,129,129,30.000,4.000,14,4.000,2.000,20000,0.488,0.000,6.000,7.768,4.911,13152,41916,13150,82,40,64,62,0,0,0,0,8,0.000,4.955,4.791,0.111,1.019,0.067,0.234,0.134,1.168,0.072,0.211,0.817,0.959,0.107,0.000,0.000,0.000,0.000,0.000,0.000,0.000,0.000,0.000,0.000,0.000,0.000,0.000,0.000,0.000,0.009,0,0,1.374,1.086,1.028,0.000,14
Data-Oriented CPU ROAM,RelWithDebInfo,D3D12,NVIDIA GeForce RTX 5090 D,Direct3D 12 (feature level 12_0); requested Agility SDK 614; runtime 6.2.26100.8737 (C:\WINDOWS\SYSTEM32\D3D12Core.dll); driver 32.0.15.9186,false,assets/heightmaps/Hm_Terrain_Test_129.pgm,129,129,30.000,4.000,14,4.000,2.000,20000,0.493,0.000,6.000,7.652,5.176,13110,42120,13108,102,51,144,63,0,0,0,0,8,0.000,4.935,4.771,0.110,0.958,0.134,0.231,0.139,1.166,0.091,0.213,0.764,0.965,0.110,0.000,0.000,0.000,0.000,0.000,0.000,0.000,0.000,0.000,0.000,0.000,0.000,0.000,0.000,0.000,0.009,0,0,1.395,1.092,0.977,0.000,14
Data-Oriented CPU ROAM,RelWithDebInfo,D3D12,NVIDIA GeForce RTX 5090 D,Direct3D 12 (feature level 12_0); requested Agility SDK 614; runtime 6.2.26100.8737 (C:\WINDOWS\SYSTEM32\D3D12Core.dll); driver 32.0.15.9186,false,assets/heightmaps/Hm_Terrain_Test_129.pgm,129,129,30.000,4.000,14,4.000,2.000,20000,0.498,0.000,6.000,7.536,5.151,13046,42268,13044,74,37,138,48,0,0,0,0,8,1141.066,4.249,4.107,0.110,0.557,0.119,0.239,0.135,0.956,0.069,0.222,0.744,0.955,0.088,0.000,0.000,0.000,0.000,0.000,0.000,0.000,0.000,0.000,0.000,0.000,0.000,0.000,0.000,0.000,0.011,0,0,1.160,0.676,0.966,0.000,14
Data-Oriented CPU ROAM,RelWithDebInfo,D3D12,NVIDIA GeForce RTX 5090 D,Direct3D 12 (feature level 12_0); requested Agility SDK 614; runtime 6.2.26100.8737 (C:\WINDOWS\SYSTEM32\D3D12Core.dll); driver 32.0.15.9186,false,assets/heightmaps/Hm_Terrain_Test_129.pgm,129,129,30.000,4.000,14,4.000,2.000,20000,0.503,0.000,6.000,7.435,4.477,13060,42416,13058,74,37,60,55,0,0,0,0,8,0.000,4.602,4.450,0.104,0.597,0.065,0.238,0.130,1.308,0.071,0.213,0.781,0.944,0.100,0.000,0.000,0.000,0.000,0.000,0.000,0.000,0.000,0.000,0.000,0.000,0.000,0.000,0.000,0.000,0.009,0,0,1.509,0.662,0.994,0.000,14
Data-Oriented CPU ROAM,RelWithDebInfo,D3D12,NVIDIA GeForce RTX 5090 D,Direct3D 12 (feature level 12_0); requested Agility SDK 614; runtime 6.2.26100.8737 (C:\WINDOWS\SYSTEM32\D3D12Core.dll); driver 32.0.15.9186,false,assets/heightmaps/Hm_Terrain_Test_129.pgm,129,129,30.000,4.000,14,4.000,2.000,20000,0.508,0.000,6.000,7.327,4.801,13084,42628,13082,106,52,82,69,0,0,0,0,8,0.000,4.613,4.450,0.110,0.581,0.076,0.229,0.131,1.162,0.093,0.257,0.844,0.966,0.108,0.000,0.000,0.000,0.000,0.000,0.000,0.000,0.000,0.000,0.000,0.000,0.000,0.000,0.000,0.000,0.009,0,0,1.386,0.657,1.102,0.000,14
Data-Oriented CPU ROAM,RelWithDebInfo,D3D12,NVIDIA GeForce RTX 5090 D,Direct3D 12 (feature level 12_0); requested Agility SDK 614; runtime 6.2.26100.8737 (C:\WINDOWS\SYSTEM32\D3D12Core.dll); driver 32.0.15.9186,false,assets/heightmaps/Hm_Terrain_Test_129.pgm,129,129,30.000,4.000,14,4.000,2.000,20000,0.513,0.000,6.000,7.218,4.844,13022,42824,13020,98,49,160,57,0,0,0,0,8,3001.777,4.313,4.163,0.109,0.571,0.132,0.235,0.139,0.935,0.090,0.215,0.782,0.954,0.096,0.000,0.000,0.000,0.000,0.000,0.000,0.000,0.000,0.000,0.000,0.000,0.000,0.000,0.000,0.000,0.009,0,0,1.165,0.703,0.997,0.000,14
Data-Oriented CPU ROAM,RelWithDebInfo,D3D12,NVIDIA GeForce RTX 5090 D,Direct3D 12 (feature level 12_0); requested Agility SDK 614; runtime 6.2.26100.8737 (C:\WINDOWS\SYSTEM32\D3D12Core.dll); driver 32.0.15.9186,false,assets/heightmaps/Hm_Terrain_Test_129.pgm,129,129,30.000,4.000,14,4.000,2.000,20000,0.517,0.000,6.000,7.116,4.553,12972,42964,12970,70,35,120,45,0,0,0,0,8,0.000,5.359,5.201,0.105,1.083,0.105,0.235,0.131,1.163,0.063,0.210,1.145,0.962,0.104,0.000,0.000,0.000,0.000,0.000,0.000,0.000,0.000,0.000,0.000,0.000,0.000,0.000,0.000,0.000,0.011,0,0,1.356,1.188,1.355,0.000,14
Data-Oriented CPU ROAM,RelWithDebInfo,D3D12,NVIDIA GeForce RTX 5090 D,Direct3D 12 (feature level 12_0); requested Agility SDK 614; runtime 6.2.26100.8737 (C:\WINDOWS\SYSTEM32\D3D12Core.dll); driver 32.0.15.9186,false,assets/heightmaps/Hm_Terrain_Test_129.pgm,129,129,30.000,4.000,14,4.000,2.000,20000,0.523,0.000,6.000,6.990,5.615,12950,43148,12948,92,46,114,63,0,0,0,0,8,0.000,4.537,4.388,0.103,0.585,0.100,0.239,0.133,1.198,0.081,0.244,0.758,0.947,0.097,0.000,0.000,0.000,0.000,0.000,0.000,0.000,0.000,0.000,0.000,0.000,0.000,0.000,0.000,0.000,0.009,0,0,1.412,0.685,1.003,0.000,14
Data-Oriented CPU ROAM,RelWithDebInfo,D3D12,NVIDIA GeForce RTX 5090 D,Direct3D 12 (feature level 12_0); requested Agility SDK 614; runtime 6.2.26100.8737 (C:\WINDOWS\SYSTEM32\D3D12Core.dll); driver 32.0.15.9186,false,assets/heightmaps/Hm_Terrain_Test_129.pgm,129,129,30.000,4.000,14,4.000,2.000,20000,0.527,0.000,6.000,6.883,4.738,12976,43312,12974,82,40,56,58,0,0,0,0,8,0.000,4.427,4.280,0.105,0.553,0.055,0.238,0.139,1.188,0.079,0.218,0.752,0.952,0.095,0.000,0.000,0.000,0.000,0.000,0.000,0.000,0.000,0.000,0.000,0.000,0.000,0.000,0.000,0.000,0.009,0,0,1.406,0.608,0.970,0.000,14
Data-Oriented CPU ROAM,RelWithDebInfo,D3D12,NVIDIA GeForce RTX 5090 D,Direct3D 12 (feature level 12_0); requested Agility SDK 614; runtime 6.2.26100.8737 (C:\WINDOWS\SYSTEM32\D3D12Core.dll); driver 32.0.15.9186,false,assets/heightmaps/Hm_Terrain_Test_129.pgm,129,129,30.000,4.000,14,4.000,2.000,20000,0.532,0.000,6.000,6.779,4.655,12956,43520,12954,104,52,124,60,0,0,0,0,8,0.000,4.968,4.812,0.109,1.012,0.114,0.233,0.140,1.172,0.092,0.219,0.784,0.937,0.091,0.000,0.000,0.000,0.000,0.000,0.000,0.000,0.000,0.000,0.000,0.000,0.000,0.000,0.000,0.000,0.011,0,0,1.404,1.126,1.003,0.000,14
Data-Oriented CPU ROAM,RelWithDebInfo,D3D12,NVIDIA GeForce RTX 5090 D,Direct3D 12 (feature level 12_0); requested Agility SDK 614; runtime 6.2.26100.8737 (C:\WINDOWS\SYSTEM32\D3D12Core.dll); driver 32.0.15.9186,false,assets/heightmaps/Hm_Terrain_Test_129.pgm,129,129,30.000,4.000,14,4.000,2.000,20000,0.537,0.000,6.000,6.662,5.207,12914,43720,12912,100,50,142,64,0,0,0,0,8,0.000,4.150,3.998,0.104,0.544,0.119,0.232,0.139,0.838,0.086,0.219,0.746,0.972,0.103,0.000,0.000,0.000,0.000,0.000,0.000,0.000,0.000,0.000,0.000,0.000,0.000,0.000,0.000,0.000,0.009,0,0,1.062,0.663,0.965,0.000,14
Data-Oriented CPU ROAM,RelWithDebInfo,D3D12,NVIDIA GeForce RTX 5090 D,Direct3D 12 (feature level 12_0); requested Agility SDK 614; runtime 6.2.26100.8737 (C:\WINDOWS\SYSTEM32\D3D12Core.dll); driver 32.0.15.9186,false,assets/heightmaps/Hm_Terrain_Test_129.pgm,129,129,30.000,4.000,14,4.000,2.000,20000,0.542,0.000,6.000,6.565,4.364,12878,43900,12876,90,45,126,55,0,0,0,0,8,0.000,4.721,4.566,0.105,0.798,0.102,0.228,0.132,1.202,0.089,0.214,0.761,0.933,0.092,0.000,0.000,0.000,0.000,0.000,0.000,0.000,0.000,0.000,0.000,0.000,0.000,0.000,0.000,0.000,0.009,0,0,1.424,0.900,0.975,0.000,14
Data-Oriented CPU ROAM,RelWithDebInfo,D3D12,NVIDIA GeForce RTX 5090 D,Direct3D 12 (feature level 12_0); requested Agility SDK 614; runtime 6.2.26100.8737 (C:\WINDOWS\SYSTEM32\D3D12Core.dll); driver 32.0.15.9186,false,assets/heightmaps/Hm_Terrain_Test_129.pgm,129,129,30.000,4.000,14,4.000,2.000,20000,0.547,0.000,6.000,6.454,4.941,12888,44056,12886,78,39,68,57,0,0,0,0,8,2170.340,4.483,4.318,0.108,0.549,0.063,0.234,0.140,1.212,0.071,0.220,0.757,0.964,0.110,0.000,0.000,0.000,0.000,0.000,0.000,0.000,0.000,0.000,0.000,0.000,0.000,0.000,0.000,0.000,0.011,0,0,1.423,0.612,0.977,0.000,14
Data-Oriented CPU ROAM,RelWithDebInfo,D3D12,NVIDIA GeForce RTX 5090 D,Direct3D 12 (feature level 12_0); requested Agility SDK 614; runtime 6.2.26100.8737 (C:\WINDOWS\SYSTEM32\D3D12Core.dll); driver 32.0.15.9186,false,assets/heightmaps/Hm_Terrain_Test_129.pgm,129,129,30.000,4.000,14,4.000,2.000,20000,0.551,0.000,6.000,6.349,4.711,12788,44220,12786,82,40,182,50,0,0,0,0,8,0.000,4.135,3.986,0.105,0.555,0.150,0.228,0.132,0.840,0.073,0.217,0.740,0.946,0.097,0.000,0.000,0.000,0.000,0.000,0.000,0.000,0.000,0.000,0.000,0.000,0.000,0.000,0.000,0.000,0.009,0,0,1.045,0.705,0.957,0.000,14
Data-Oriented CPU ROAM,RelWithDebInfo,D3D12,NVIDIA GeForce RTX 5090 D,Direct3D 12 (feature level 12_0); requested Agility SDK 614; runtime 6.2.26100.8737 (C:\WINDOWS\SYSTEM32\D3D12Core.dll); driver 32.0.15.9186,false,assets/heightmaps/Hm_Terrain_Test_129.pgm,129,129,30.000,4.000,14,4.000,2.000,20000,0.556,0.000,6.000,6.252,4.378,12727,44400,12725,90,45,151,58,0,0,0,0,8,0.000,4.561,4.385,0.111,0.549,0.137,0.227,0.133,1.219,0.083,0.210,0.739,0.976,0.096,0.000,0.000,0.000,0.000,0.000,0.000,0.000,0.000,0.000,0.000,0.000,0.000,0.000,0.000,0.000,0.009,0,0,1.436,0.686,0.949,0.000,14
Data-Oriented CPU ROAM,RelWithDebInfo,D3D12,NVIDIA GeForce RTX 5090 D,Direct3D 12 (feature level 12_0); requested Agility SDK 614; runtime 6.2.26100.8737 (C:\WINDOWS\SYSTEM32\D3D12Core.dll); driver 32.0.15.9186,false,assets/heightmaps/Hm_Terrain_Test_129.pgm,129,129,30.000,4.000,14,4.000,2.000,20000,0.560,0.000,6.000,6.146,4.786,12710,44572,12708,86,43,103,54,0,0,0,0,8,361.038,4.473,4.327,0.104,0.547,0.086,0.225,0.138,1.231,0.087,0.215,0.764,0.929,0.090,0.000,0.000,0.000,0.000,0.000,0.000,0.000,0.000,0.000,0.000,0.000,0.000,0.000,0.000,0.000,0.009,0,0,1.457,0.632,0.979,0.000,14
Data-Oriented CPU ROAM,RelWithDebInfo,D3D12,NVIDIA GeForce RTX 5090 D,Direct3D 12 (feature level 12_0); requested Agility SDK 614; runtime 6.2.26100.8737 (C:\WINDOWS\SYSTEM32\D3D12Core.dll); driver 32.0.15.9186,false,assets/heightmaps/Hm_Terrain_Test_129.pgm,129,129,30.000,4.000,14,4.000,2.000,20000,0.565,0.000,6.000,6.042,4.699,12702,44724,12700,76,38,84,49,0,0,0,0,8,0.000,4.516,4.376,0.106,1.027,0.096,0.230,0.133,0.846,0.078,0.208,0.738,0.915,0.091,0.000,0.000,0.000,0.000,0.000,0.000,0.000,0.000,0.000,0.000,0.000,0.000,0.000,0.000,0.000,0.009,0,0,1.057,1.123,0.946,0.000,14
Data-Oriented CPU ROAM,RelWithDebInfo,D3D12,NVIDIA GeForce RTX 5090 D,Direct3D 12 (feature level 12_0); requested Agility SDK 614; runtime 6.2.26100.8737 (C:\WINDOWS\SYSTEM32\D3D12Core.dll); driver 32.0.15.9186,false,assets/heightmaps/Hm_Terrain_Test_129.pgm,129,129,30.000,4.000,14,4.000,2.000,20000,0.570,0.000,6.000,5.938,4.703,12732,44928,12730,102,50,72,67,0,0,0,0,8,0.000,4.631,4.487,0.102,0.742,0.089,0.224,0.132,1.250,0.084,0.207,0.738,0.917,0.094,0.000,0.000,0.000,0.000,0.000,0.000,0.000,0.000,0.000,0.000,0.000,0.000,0.000,0.000,0.000,0.009,0,0,1.466,0.831,0.946,0.000,14
Data-Oriented CPU ROAM,RelWithDebInfo,D3D12,NVIDIA GeForce RTX 5090 D,Direct3D 12 (feature level 12_0); requested Agility SDK 614; runtime 6.2.26100.8737 (C:\WINDOWS\SYSTEM32\D3D12Core.dll); driver 32.0.15.9186,false,assets/heightmaps/Hm_Terrain_Test_129.pgm,129,129,30.000,4.000,14,4.000,2.000,20000,0.575,0.000,6.000,5.832,4.823,12692,45096,12690,84,42,124,52,0,0,0,0,8,2852.774,4.522,4.381,0.103,0.544,0.111,0.232,0.170,1.243,0.081,0.214,0.740,0.943,0.087,0.000,0.000,0.000,0.000,0.000,0.000,0.000,0.000,0.000,0.000,0.000,0.000,0.000,0.000,0.000,0.009,0,0,1.493,0.655,0.954,0.000,14
Data-Oriented CPU ROAM,RelWithDebInfo,D3D12,NVIDIA GeForce RTX 5090 D,Direct3D 12 (feature level 12_0); requested Agility SDK 614; runtime 6.2.26100.8737 (C:\WINDOWS\SYSTEM32\D3D12Core.dll); driver 32.0.15.9186,false,assets/heightmaps/Hm_Terrain_Test_129.pgm,129,129,30.000,4.000,14,4.000,2.000,20000,0.579,0.000,6.000,5.727,4.758,12644,45224,12642,64,32,112,54,0,0,0,0,8,0.000,4.379,4.224,0.115,0.891,0.100,0.228,0.131,0.836,0.063,0.205,0.744,0.911,0.093,0.000,0.000,0.000,0.000,0.000,0.000,0.000,0.000,0.000,0.000,0.000,0.000,0.000,0.000,0.000,0.009,0,0,1.031,0.991,0.948,0.000,14
Data-Oriented CPU ROAM,RelWithDebInfo,D3D12,NVIDIA GeForce RTX 5090 D,Direct3D 12 (feature level 12_0); requested Agility SDK 614; runtime 6.2.26100.8737 (C:\WINDOWS\SYSTEM32\D3D12Core.dll); driver 32.0.15.9186,false,assets/heightmaps/Hm_Terrain_Test_129.pgm,129,129,30.000,4.000,14,4.000,2.000,20000,0.584,0.000,6.000,5.626,4.595,12646,45324,12644,50,25,48,34,0,0,0,0,8,0.000,4.888,4.741,0.105,1.131,0.046,0.226,0.134,1.198,0.046,0.213,0.732,0.910,0.097,0.000,0.000,0.000,0.000,0.000,0.000,0.000,0.000,0.000,0.000,0.000,0.000,0.000,0.000,0.000,0.009,0,0,1.378,1.177,0.945,0.000,14
Data-Oriented CPU ROAM,RelWithDebInfo,D3D12,NVIDIA GeForce RTX 5090 D,Direct3D 12 (feature level 12_0); requested Agility SDK 614; runtime 6.2.26100.8737 (C:\WINDOWS\SYSTEM32\D3D12Core.dll); driver 32.0.15.9186,false,assets/heightmaps/Hm_Terrain_Test_129.pgm,129,129,30.000,4.000,14,4.000,2.000,20000,0.589,0.000,6.000,5.516,5.071,12580,45500,12578,88,44,154,61,0,0,0,0,8,0.000,4.978,4.813,0.101,1.030,0.134,0.226,0.137,1.214,0.074,0.212,0.746,0.939,0.109,0.000,0.000,0.000,0.000,0.000,0.000,0.000,0.000,0.000,0.000,0.000,0.000,0.000,0.000,0.000,0.009,0,0,1.425,1.164,0.958,0.000,14
Data-Oriented CPU ROAM,RelWithDebInfo,D3D12,NVIDIA GeForce RTX 5090 D,Direct3D 12 (feature level 12_0); requested Agility SDK 614; runtime 6.2.26100.8737 (C:\WINDOWS\SYSTEM32\D3D12Core.dll); driver 32.0.15.9186,false,assets/heightmaps/Hm_Terrain_Test_129.pgm,129,129,30.000,4.000,14,4.000,2.000,20000,0.594,0.000,6.000,5.403,5.202,12490,45636,12488,68,33,158,45,0,0,0,0,8,0.000,4.109,3.959,0.103,0.567,0.140,0.223,0.126,0.837,0.064,0.221,0.760,0.918,0.091,0.000,0.000,0.000,0.000,0.000,0.000,0.000,0.000,0.000,0.000,0.000,0.000,0.000,0.000,0.000,0.011,0,0,1.027,0.707,0.982,0.000,14
Data-Oriented CPU ROAM,RelWithDebInfo,D3D12,NVIDIA GeForce RTX 5090 D,Direct3D 12 (feature level 12_0); requested Agility SDK 614; runtime 6.2.26100.8737 (C:\WINDOWS\SYSTEM32\D3D12Core.dll); driver 32.0.15.9186,false,assets/heightmaps/Hm_Terrain_Test_129.pgm,129,129,30.000,4.000,14,4.000,2.000,20000,0.599,0.000,6.000,5.308,4.353,12444,45756,12442,60,30,106,42,0,0,0,0,8,0.000,4.330,4.184,0.102,0.566,0.100,0.227,0.125,1.157,0.053,0.219,0.731,0.904,0.095,0.000,0.000,0.000,0.000,0.000,0.000,0.000,0.000,0.000,0.000,0.000,0.000,0.000,0.000,0.000,0.009,0,0,1.336,0.665,0.950,0.000,14
Data-Oriented CPU ROAM,RelWithDebInfo,D3D12,NVIDIA GeForce RTX 5090 D,Direct3D 12 (feature level 12_0); requested Agility SDK 614; runtime 6.2.26100.8737 (C:\WINDOWS\SYSTEM32\D3D12Core.dll); driver 32.0.15.9186,false,assets/heightmaps/Hm_Terrain_Test_129.pgm,129,129,30.000,4.000,14,4.000,2.000,20000,0.603,0.000,6.000,5.211,4.523,12402,45832,12400,38,19,80,38,0,0,0,0,8,0.000,4.351,4.204,0.102,0.568,0.071,0.225,0.129,1.229,0.043,0.209,0.735,0.892,0.093,0.000,0.000,0.000,0.000,0.000,0.000,0.000,0.000,0.000,0.000,0.000,0.000,0.000,0.000,0.000,0.009,0,0,1.401,0.639,0.944,0.000,14
Data-Oriented CPU ROAM,RelWithDebInfo,D3D12,NVIDIA GeForce RTX 5090 D,Direct3D 12 (feature level 12_0); requested Agility SDK 614; runtime 6.2.26100.8737 (C:\WINDOWS\SYSTEM32\D3D12Core.dll); driver 32.0.15.9186,false,assets/heightmaps/Hm_Terrain_Test_129.pgm,129,129,30.000,4.000,14,4.000,2.000,20000,0.608,0.000,6.000,5.112,4.573,12418,45948,12416,58,29,42,40,0,0,0,0,8,824.691,3.930,3.788,0.101,0.556,0.048,0.221,0.131,0.858,0.051,0.210,0.723,0.891,0.088,0.000,0.000,0.000,0.000,0.000,0.000,0.000,0.000,0.000,0.000,0.000,0.000,0.000,0.000,0.000,0.011,0,0,1.039,0.604,0.932,0.000,14
Data-Oriented CPU ROAM,RelWithDebInfo,D3D12,NVIDIA GeForce RTX 5090 D,Direct3D 12 (feature level 12_0); requested Agility SDK 614; runtime 6.2.26100.8737 (C:\WINDOWS\SYSTEM32\D3D12Core.dll); driver 32.0.15.9186,false,assets/heightmaps/Hm_Terrain_Test_129.pgm,129,129,30.000,4.000,14,4.000,2.000,20000,0.612,0.000,6.000,5.024,4.126,12340,46068,12338,60,30,138,49,0,0,0,0,8,0.000,4.675,4.542,0.099,0.874,0.128,0.229,0.124,1.189,0.052,0.199,0.716,0.931,0.083,0.000,0.000,0.000,0.000,0.000,0.000,0.000,0.000,0.000,0.000,0.000,0.000,0.000,0.000,0.000,0.009,0,0,1.366,1.002,0.915,0.000,14
Data-Oriented CPU ROAM,RelWithDebInfo,D3D12,NVIDIA GeForce RTX 5090 D,Direct3D 12 (feature level 12_0); requested Agility SDK 614; runtime 6.2.26100.8737 (C:\WINDOWS\SYSTEM32\D3D12Core.dll); driver 32.0.15.9186,false,assets/heightmaps/Hm_Terrain_Test_129.pgm,129,129,30.000,4.000,14,4.000,2.000,20000,0.617,0.000,6.000,4.920,4.876,12264,46148,12262,40,19,116,38,0,0,0,0,8,0.000,4.322,4.182,0.106,0.550,0.100,0.225,0.138,1.192,0.041,0.204,0.723,0.902,0.089,0.000,0.000,0.000,0.000,0.000,0.000,0.000,0.000,0.000,0.000,0.000,0.000,0.000,0.000,0.000,0.009,0,0,1.371,0.650,0.928,0.000,14
Data-Oriented CPU ROAM,RelWithDebInfo,D3D12,NVIDIA GeForce RTX 5090 D,Direct3D 12 (feature level 12_0); requested Agility SDK 614; runtime 6.2.26100.8737 (C:\WINDOWS\SYSTEM32\D3D12Core.dll); driver 32.0.15.9186,false,assets/heightmaps/Hm_Terrain_Test_129.pgm,129,129,30.000,4.000,14,4.000,2.000,20000,0.621,0.000,6.000,4.825,4.505,12234,46244,12232,48,24,78,33,0,0,0,0,8,0.000,3.919,3.777,0.094,0.526,0.081,0.233,0.129,0.851,0.056,0.201,0.714,0.891,0.090,0.000,0.000,0.000,0.000,0.000,0.000,0.000,0.000,0.000,0.000,0.000,0.000,0.000,0.000,0.000,0.011,0,0,1.036,0.606,0.916,0.000,14
Data-Oriented CPU ROAM,RelWithDebInfo,D3D12,NVIDIA GeForce RTX 5090 D,Direct3D 12 (feature level 12_0); requested Agility SDK 614; runtime 6.2.26100.8737 (C:\WINDOWS\SYSTEM32\D3D12Core.dll); driver 32.0.15.9186,false,assets/heightmaps/Hm_Terrain_Test_129.pgm,129,129,30.000,4.000,14,4.000,2.000,20000,0.625,0.000,6.000,4.737,4.136,12220,46316,12218,36,18,50,28,0,0,0,0,8,391.055,4.139,3.994,0.101,0.534,0.049,0.225,0.127,1.118,0.036,0.197,0.719,0.889,0.091,0.000,0.000,0.000,0.000,0.000,0.000,0.000,0.000,0.000,0.000,0.000,0.000,0.000,0.000,0.000,0.009,0,0,1.281,0.583,0.916,0.000,14
Data-Oriented CPU ROAM,RelWithDebInfo,D3D12,NVIDIA GeForce RTX 5090 D,Direct3D 12 (feature level 12_0); requested Agility SDK 614; runtime 6.2.26100.8737 (C:\WINDOWS\SYSTEM32\D3D12Core.dll); driver 32.0.15.9186,false,assets/heightmaps/Hm_Terrain_Test_129.pgm,129,129,30.000,4.000,14,4.000,2.000,20000,0.630,0.000,6.000,4.646,4.351,12194,46408,12192,46,23,72,36,0,0,0,0,8,0.000,4.399,4.260,0.101,0.522,0.143,0.223,0.140,1.217,0.049,0.209,0.732,0.924,0.084,0.000,0.000,0.000,0.000,0.000,0.000,0.000,0.000,0.000,0.000,0.000,0.000,0.000,0.000,0.000,0.009,0,0,1.406,0.665,0.941,0.000,14
Data-Oriented CPU ROAM,RelWithDebInfo,D3D12,NVIDIA GeForce RTX 5090 D,Direct3D 12 (feature level 12_0); requested Agility SDK 614; runtime 6.2.26100.8737 (C:\WINDOWS\SYSTEM32\D3D12Core.dll); driver 32.0.15.9186,false,assets/heightmaps/Hm_Terrain_Test_129.pgm,129,129,30.000,4.000,14,4.000,2.000,20000,0.634,0.000,6.000,4.549,4.624,12064,46536,12062,64,32,194,49,0,0,0,0,8,0.000,3.933,3.788,0.099,0.536,0.155,0.219,0.128,0.805,0.054,0.202,0.706,0.883,0.094,0.000,0.000,0.000,0.000,0.000,0.000,0.000,0.000,0.000,0.000,0.000,0.000,0.000,0.000,0.000,0.009,0,0,0.988,0.692,0.907,0.000,14
Data-Oriented CPU ROAM,RelWithDebInfo,D3D12,NVIDIA GeForce RTX 5090 D,Direct3D 12 (feature level 12_0); requested Agility SDK 614; runtime 6.2.26100.8737 (C:\WINDOWS\SYSTEM32\D3D12Core.dll); driver 32.0.15.9186,false,assets/heightmaps/Hm_Terrain_Test_129.pgm,129,129,30.000,4.000,14,4.000,2.000,20000,0.639,0.000,6.000,4.463,4.129,11928,46592,11926,28,13,164,39,0,0,0,0,8,681.199,4.726,4.586,0.096,0.680,0.146,0.207,0.185,1.206,0.034,0.199,0.951,0.882,0.083,0.000,0.000,0.000,0.000,0.000,0.000,0.000,0.000,0.000,0.000,0.000,0.000,0.000,0.000,0.000,0.009,0,0,1.425,0.826,1.149,0.000,14
Data-Oriented CPU ROAM,RelWithDebInfo,D3D12,NVIDIA GeForce RTX 5090 D,Direct3D 12 (feature level 12_0); requested Agility SDK 614; runtime 6.2.26100.8737 (C:\WINDOWS\SYSTEM32\D3D12Core.dll); driver 32.0.15.9186,false,assets/heightmaps/Hm_Terrain_Test_129.pgm,129,129,30.000,4.000,14,4.000,2.000,20000,0.644,0.000,6.000,4.360,4.979,11866,46704,11864,56,28,118,39,0,0,0,0,8,0.000,4.774,4.636,0.096,0.783,0.103,0.209,0.190,1.165,0.055,0.203,0.968,0.865,0.086,0.000,0.000,0.000,0.000,0.000,0.000,0.000,0.000,0.000,0.000,0.000,0.000,0.000,0.000,0.000,0.011,0,0,1.410,0.886,1.171,0.000,14
Data-Oriented CPU ROAM,RelWithDebInfo,D3D12,NVIDIA GeForce RTX 5090 D,Direct3D 12 (feature level 12_0); requested Agility SDK 614; runtime 6.2.26100.8737 (C:\WINDOWS\SYSTEM32\D3D12Core.dll); driver 32.0.15.9186,false,assets/heightmaps/Hm_Terrain_Test_129.pgm,129,129,30.000,4.000,14,4.000,2.000,20000,0.649,0.000,6.000,4.257,5.006,11846,46804,11844,50,25,70,40,0,0,0,0,8,0.000,4.377,4.242,0.098,0.802,0.065,0.210,0.174,0.848,0.045,0.199,0.956,0.845,0.083,0.000,0.000,0.000,0.000,0.000,0.000,0.000,0.000,0.000,0.000,0.000,0.000,0.000,0.000,0.000,0.009,0,0,1.067,0.867,1.155,0.000,14
Data-Oriented CPU ROAM,RelWithDebInfo,D3D12,NVIDIA GeForce RTX 5090 D,Direct3D 12 (feature level 12_0); requested Agility SDK 614; runtime 6.2.26100.8737 (C:\WINDOWS\SYSTEM32\D3D12Core.dll); driver 32.0.15.9186,false,assets/heightmaps/Hm_Terrain_Test_129.pgm,129,129,30.000,4.000,14,4.000,2.000,20000,0.653,0.000,6.000,4.163,4.577,11830,46912,11828,54,27,70,42,0,0,0,0,8,310.211,5.176,5.036,0.099,1.220,0.067,0.213,0.182,1.151,0.054,0.209,0.951,0.889,0.086,0.000,0.000,0.000,0.000,0.000,0.000,0.000,0.000,0.000,0.000,0.000,0.000,0.000,0.000,0.000,0.009,0,0,1.387,1.288,1.160,0.000,14
Data-Oriented CPU ROAM,RelWithDebInfo,D3D12,NVIDIA GeForce RTX 5090 D,Direct3D 12 (feature level 12_0); requested Agility SDK 614; runtime 6.2.26100.8737 (C:\WINDOWS\SYSTEM32\D3D12Core.dll); driver 32.0.15.9186,false,assets/heightmaps/Hm_Terrain_Test_129.pgm,129,129,30.000,4.000,14,4.000,2.000,20000,0.658,0.000,6.000,4.053,5.405,11728,46986,11726,37,18,139,44,0,0,0,0,8,0.000,5.082,4.939,0.100,0.795,0.187,0.402,0.176,1.231,0.038,0.201,0.951,0.857,0.091,0.000,0.000,0.000,0.000,0.000,0.000,0.000,0.000,0.000,0.000,0.000,0.000,0.000,0.000,0.000,0.008,0,0,1.445,0.983,1.152,0.000,14
Data-Oriented CPU ROAM,RelWithDebInfo,D3D12,NVIDIA GeForce RTX 5090 D,Direct3D 12 (feature level 12_0); requested Agility SDK 614; runtime 6.2.26100.8737 (C:\WINDOWS\SYSTEM32\D3D12Core.dll); driver 32.0.15.9186,false,assets/heightmaps/Hm_Terrain_Test_129.pgm,129,129,30.000,4.000,14,4.000,2.000,20000,0.664,0.000,6.000,3.946,5.320,11668,47100,11666,57,28,117,43,0,0,0,0,8,0.000,4.548,4.409,0.097,0.794,0.104,0.204,0.187,0.969,0.050,0.199,0.952,0.851,0.087,0.000,0.000,0.000,0.000,0.000,0.000,0.000,0.000,0.000,0.000,0.000,0.000,0.000,0.000,0.000,0.009,0,0,1.205,0.898,1.151,0.000,14
Data-Oriented CPU ROAM,RelWithDebInfo,D3D12,NVIDIA GeForce RTX 5090 D,Direct3D 12 (feature level 12_0); requested Agility SDK 614; runtime 6.2.26100.8737 (C:\WINDOWS\SYSTEM32\D3D12Core.dll); driver 32.0.15.9186,false,assets/heightmaps/Hm_Terrain_Test_129.pgm,129,129,30.000,4.000,14,4.000,2.000,20000,0.669,0.000,6.000,3.851,4.770,11670,47192,11668,46,23,44,36,0,0,0,0,8,2774.264,4.639,4.504,0.094,0.783,0.045,0.206,0.179,1.166,0.055,0.200,0.933,0.841,0.084,0.000,0.000,0.000,0.000,0.000,0.000,0.000,0.000,0.000,0.000,0.000,0.000,0.000,0.000,0.000,0.009,0,0,1.401,0.828,1.133,0.000,14
Data-Oriented CPU ROAM,RelWithDebInfo,D3D12,NVIDIA GeForce RTX 5090 D,Direct3D 12 (feature level 12_0); requested Agility SDK 614; runtime 6.2.26100.8737 (C:\WINDOWS\SYSTEM32\D3D12Core.dll); driver 32.0.15.9186,false,assets/heightmaps/Hm_Terrain_Test_129.pgm,129,129,30.000,4.000,14,4.000,2.000,20000,0.673,0.000,6.000,3.754,4.864,11614,47288,11612,48,24,104,35,0,0,0,0,8,0.000,4.690,4.556,0.095,0.704,0.113,0.217,0.174,1.217,0.041,0.203,0.931,0.861,0.082,0.000,0.000,0.000,0.000,0.000,0.000,0.000,0.000,0.000,0.000,0.000,0.000,0.000,0.000,0.000,0.009,0,0,1.431,0.817,1.134,0.000,14
Data-Oriented CPU ROAM,RelWithDebInfo,D3D12,NVIDIA GeForce RTX 5090 D,Direct3D 12 (feature level 12_0); requested Agility SDK 614; runtime 6.2.26100.8737 (C:\WINDOWS\SYSTEM32\D3D12Core.dll); driver 32.0.15.9186,false,assets/heightmaps/Hm_Terrain_Test_129.pgm,129,129,30.000,4.000,14,4.000,2.000,20000,0.678,0.000,6.000,3.657,4.912,11564,47388,11562,50,25,100,38,0,0,0,0,8,0.000,4.523,4.392,0.097,0.960,0.096,0.203,0.175,0.863,0.045,0.196,0.926,0.831,0.082,0.000,0.000,0.000,0.000,0.000,0.000,0.000,0.000,0.000,0.000,0.000,0.000,0.000,0.000,0.000,0.011,0,0,1.084,1.056,1.122,0.000,14
Data-Oriented CPU ROAM,RelWithDebInfo,D3D12,NVIDIA GeForce RTX 5090 D,Direct3D 12 (feature level 12_0); requested Agility SDK 614; runtime 6.2.26100.8737 (C:\WINDOWS\SYSTEM32\D3D12Core.dll); driver 32.0.15.9186,false,assets/heightmaps/Hm_Terrain_Test_129.pgm,129,129,30.000,4.000,14,4.000,2.000,20000,0.683,0.000,6.000,3.564,4.757,11490,47472,11488,42,20,116,32,0,0,0,0,8,1552.898,6.193,6.035,0.093,1.288,0.102,0.287,0.182,1.177,0.041,0.225,1.138,1.503,0.094,0.000,0.000,0.000,0.000,0.000,0.000,0.000,0.000,0.000,0.000,0.000,0.000,0.000,0.000,0.000,0.009,0,0,1.400,1.390,1.363,0.000,14
Data-Oriented CPU ROAM,RelWithDebInfo,D3D12,NVIDIA GeForce RTX 5090 D,Direct3D 12 (feature level 12_0); requested Agility SDK 614; runtime 6.2.26100.8737 (C:\WINDOWS\SYSTEM32\D3D12Core.dll); driver 32.0.15.9186,false,assets/heightmaps/Hm_Terrain_Test_129.pgm,129,129,30.000,4.000,14,4.000,2.000,20000,0.690,0.000,6.000,3.439,6.478,11364,47592,11362,60,30,186,47,0,0,0,0,8,0.000,5.698,5.560,0.386,1.296,0.155,0.246,0.175,1.217,0.059,0.201,0.887,0.939,0.080,0.000,0.000,0.000,0.000,0.000,0.000,0.000,0.000,0.000,0.000,0.000,0.000,0.000,0.000,0.000,0.008,0,0,1.451,1.451,1.087,0.000,14
Data-Oriented CPU ROAM,RelWithDebInfo,D3D12,NVIDIA GeForce RTX 5090 D,Direct3D 12 (feature level 12_0); requested Agility SDK 614; runtime 6.2.26100.8737 (C:\WINDOWS\SYSTEM32\D3D12Core.dll); driver 32.0.15.9186,false,assets/heightmaps/Hm_Terrain_Test_129.pgm,129,129,30.000,4.000,14,4.000,2.000,20000,0.696,0.000,6.000,3.325,5.949,11328,47720,11326,64,32,100,46,0,0,0,0,8,0.000,4.322,4.195,0.096,0.804,0.108,0.201,0.174,0.829,0.058,0.194,0.913,0.817,0.083,0.000,0.000,0.000,0.000,0.000,0.000,0.000,0.000,0.000,0.000,0.000,0.000,0.000,0.000,0.000,0.009,0,0,1.061,0.912,1.107,0.000,14
Data-Oriented CPU ROAM,RelWithDebInfo,D3D12,NVIDIA GeForce RTX 5090 D,Direct3D 12 (feature level 12_0); requested Agility SDK 614; runtime 6.2.26100.8737 (C:\WINDOWS\SYSTEM32\D3D12Core.dll); driver 32.0.15.9186,false,assets/heightmaps/Hm_Terrain_Test_129.pgm,129,129,30.000,4.000,14,4.000,2.000,20000,0.700,0.000,6.000,3.239,4.506,11286,47772,11284,26,13,68,19,0,0,0,0,8,315.650,5.121,4.949,0.094,1.274,0.084,0.214,0.171,1.164,0.031,0.193,0.901,0.821,0.122,0.000,0.000,0.000,0.000,0.000,0.000,0.000,0.000,0.000,0.000,0.000,0.000,0.000,0.000,0.000,0.008,0,0,1.367,1.359,1.094,0.000,14
Data-Oriented CPU ROAM,RelWithDebInfo,D3D12,NVIDIA GeForce RTX 5090 D,Direct3D 12 (feature level 12_0); requested Agility SDK 614; runtime 6.2.26100.8737 (C:\WINDOWS\SYSTEM32\D3D12Core.dll); driver 32.0.15.9186,false,assets/heightmaps/Hm_Terrain_Test_129.pgm,129,129,30.000,4.000,14,4.000,2.000,20000,0.705,0.000,6.000,3.138,5.354,11283,47890,11281,59,29,62,46,0,0,0,0,8,0.000,4.697,4.567,0.093,0.849,0.074,0.209,0.174,1.173,0.050,0.192,0.919,0.833,0.083,0.000,0.000,0.000,0.000,0.000,0.000,0.000,0.000,0.000,0.000,0.000,0.000,0.000,0.000,0.000,0.011,0,0,1.397,0.923,1.112,0.000,14
Data-Oriented CPU ROAM,RelWithDebInfo,D3D12,NVIDIA GeForce RTX 5090 D,Direct3D 12 (feature level 12_0); requested Agility SDK 614; runtime 6.2.26100.8737 (C:\WINDOWS\SYSTEM32\D3D12Core.dll); driver 32.0.15.9186,false,assets/heightmaps/Hm_Terrain_Test_129.pgm,129,129,30.000,4.000,14,4.000,2.000,20000,0.710,0.000,6.000,3.047,4.933,11224,47988,11222,49,24,108,43,0,0,0,0,8,0.000,4.232,4.098,0.093,0.776,0.100,0.196,0.171,0.825,0.046,0.191,0.894,0.806,0.085,0.000,0.000,0.000,0.000,0.000,0.000,0.000,0.000,0.000,0.000,0.000,0.000,0.000,0.000,0.000,0.008,0,0,1.042,0.876,1.085,0.000,14
Data-Oriented CPU ROAM,RelWithDebInfo,D3D12,NVIDIA GeForce RTX 5090 D,Direct3D 12 (feature level 12_0); requested Agility SDK 614; runtime 6.2.26100.8737 (C:\WINDOWS\SYSTEM32\D3D12Core.dll); driver 32.0.15.9186,false,assets/heightmaps/Hm_Terrain_Test_129.pgm,129,129,30.000,4.000,14,4.000,2.000,20000,0.715,0.000,6.000,2.965,4.429,11174,48064,11172,38,19,88,29,0,0,0,0,8,0.000,4.517,4.394,0.092,0.743,0.085,0.199,0.174,1.144,0.039,0.200,0.903,0.813,0.076,0.000,0.000,0.000,0.000,0.000,0.000,0.000,0.000,0.000,0.000,0.000,0.000,0.000,0.000,0.000,0.009,0,0,1.358,0.829,1.103,0.000,14
Data-Oriented CPU ROAM,RelWithDebInfo,D3D12,NVIDIA GeForce RTX 5090 D,Direct3D 12 (feature level 12_0); requested Agility SDK 614; runtime 6.2.26100.8737 (C:\WINDOWS\SYSTEM32\D3D12Core.dll); driver 32.0.15.9186,false,assets/heightmaps/Hm_Terrain_Test_129.pgm,129,129,30.000,4.000,14,4.000,2.000,20000,0.720,0.000,6.000,2.878,4.740,11109,48144,11107,40,20,105,31,0,0,0,0,8,0.000,4.561,4.431,0.096,0.743,0.105,0.201,0.169,1.145,0.036,0.193,0.903,0.839,0.081,0.000,0.000,0.000,0.000,0.000,0.000,0.000,0.000,0.000,0.000,0.000,0.000,0.000,0.000,0.000,0.010,0,0,1.350,0.848,1.096,0.000,14
Data-Oriented CPU ROAM,RelWithDebInfo,D3D12,NVIDIA GeForce RTX 5090 D,Direct3D 12 (feature level 12_0); requested Agility SDK 614; runtime 6.2.26100.8737 (C:\WINDOWS\SYSTEM32\D3D12Core.dll); driver 32.0.15.9186,false,assets/heightmaps/Hm_Terrain_Test_129.pgm,129,129,30.000,4.000,14,4.000,2.000,20000,0.724,0.000,6.000,2.792,4.787,11033,48232,11031,44,22,120,48,0,0,0,0,8,0.000,4.385,4.260,0.100,0.940,0.105,0.196,0.166,0.818,0.042,0.188,0.877,0.828,0.079,0.000,0.000,0.000,0.000,0.000,0.000,0.000,0.000,0.000,0.000,0.000,0.000,0.000,0.000,0.000,0.009,0,0,1.027,1.045,1.065,0.000,14
Data-Oriented CPU ROAM,RelWithDebInfo,D3D12,NVIDIA GeForce RTX 5090 D,Direct3D 12 (feature level 12_0); requested Agility SDK 614; runtime 6.2.26100.8737 (C:\WINDOWS\SYSTEM32\D3D12Core.dll); driver 32.0.15.9186,false,assets/heightmaps/Hm_Terrain_Test_129.pgm,129,129,30.000,4.000,14,4.000,2.000,20000,0.729,0.000,6.000,2.709,4.644,10997,48332,10995,50,25,86,39,0,0,0,0,8,0.000,4.723,4.592,0.092,0.717,0.076,0.197,0.172,1.205,0.042,0.189,0.875,1.026,0.079,0.000,0.000,0.000,0.000,0.000,0.000,0.000,0.000,0.000,0.000,0.000,0.000,0.000,0.000,0.000,0.008,0,0,1.419,0.793,1.064,0.000,14
Data-Oriented CPU ROAM,RelWithDebInfo,D3D12,NVIDIA GeForce RTX 5090 D,Direct3D 12 (feature level 12_0); requested Agility SDK 614; runtime 6.2.26100.8737 (C:\WINDOWS\SYSTEM32\D3D12Core.dll); driver 32.0.15.9186,false,assets/heightmaps/Hm_Terrain_Test_129.pgm,129,129,30.000,4.000,14,4.000,2.000,20000,0.734,0.000,6.000,2.621,4.960,10940,48428,10938,48,23,105,51,0,0,0,0,8,1825.820,4.404,4.278,0.090,0.648,0.098,0.191,0.169,1.141,0.047,0.198,0.886,0.809,0.076,0.000,0.000,0.000,0.000,0.000,0.000,0.000,0.000,0.000,0.000,0.000,0.000,0.000,0.000,0.000,0.010,0,0,1.357,0.746,1.084,0.000,14
Data-Oriented CPU ROAM,RelWithDebInfo,D3D12,NVIDIA GeForce RTX 5090 D,Direct3D 12 (feature level 12_0); requested Agility SDK 614; runtime 6.2.26100.8737 (C:\WINDOWS\SYSTEM32\D3D12Core.dll); driver 32.0.15.9186,false,assets/heightmaps/Hm_Terrain_Test_129.pgm,129,129,30.000,4.000,14,4.000,2.000,20000,0.739,0.000,6.000,2.540,4.635,10842,48480,10840,26,13,124,41,0,0,0,0,8,0.000,4.104,3.974,0.091,0.707,0.103,0.199,0.165,0.815,0.029,0.193,0.868,0.803,0.081,0.000,0.000,0.000,0.000,0.000,0.000,0.000,0.000,0.000,0.000,0.000,0.000,0.000,0.000,0.000,0.008,0,0,1.009,0.811,1.061,0.000,14
Data-Oriented CPU ROAM,RelWithDebInfo,D3D12,NVIDIA GeForce RTX 5090 D,Direct3D 12 (feature level 12_0); requested Agility SDK 614; runtime 6.2.26100.8737 (C:\WINDOWS\SYSTEM32\D3D12Core.dll); driver 32.0.15.9186,false,assets/heightmaps/Hm_Terrain_Test_129.pgm,129,129,30.000,4.000,14,4.000,2.000,20000,0.743,0.000,6.000,2.465,4.340,10766,48548,10764,34,17,110,42,0,0,0,0,8,0.000,4.706,4.580,0.095,0.805,0.158,0.371,0.168,1.105,0.048,0.184,0.871,0.776,0.077,0.000,0.000,0.000,0.000,0.000,0.000,0.000,0.000,0.000,0.000,0.000,0.000,0.000,0.000,0.000,0.008,0,0,1.321,0.963,1.055,0.000,14
Data-Oriented CPU ROAM,RelWithDebInfo,D3D12,NVIDIA GeForce RTX 5090 D,Direct3D 12 (feature level 12_0); requested Agility SDK 614; runtime 6.2.26100.8737 (C:\WINDOWS\SYSTEM32\D3D12Core.dll); driver 32.0.15.9186,false,assets/heightmaps/Hm_Terrain_Test_129.pgm,129,129,30.000,4.000,14,4.000,2.000,20000,0.748,0.000,6.000,2.381,4.930,10700,48676,10698,64,32,130,48,0,0,0,0,8,366.260,4.390,4.265,0.088,0.698,0.123,0.188,0.169,1.113,0.059,0.183,0.869,0.775,0.074,0.000,0.000,0.000,0.000,0.000,0.000,0.000,0.000,0.000,0.000,0.000,0.000,0.000,0.000,0.000,0.011,0,0,1.341,0.821,1.052,0.000,14
Data-Oriented CPU ROAM,RelWithDebInfo,D3D12,NVIDIA GeForce RTX 5090 D,Direct3D 12 (feature level 12_0); requested Agility SDK 614; runtime 6.2.26100.8737 (C:\WINDOWS\SYSTEM32\D3D12Core.dll); driver 32.0.15.9186,false,assets/heightmaps/Hm_Terrain_Test_129.pgm,129,129,30.000,4.000,14,4.000,2.000,20000,0.752,0.000,6.000,2.303,4.627,10674,48736,10672,30,15,56,34,0,0,0,0,8,0.000,4.030,3.913,0.087,0.695,0.059,0.202,0.171,0.815,0.028,0.182,0.867,0.808,0.070,0.000,0.000,0.000,0.000,0.000,0.000,0.000,0.000,0.000,0.000,0.000,0.000,0.000,0.000,0.000,0.008,0,0,1.014,0.754,1.049,0.000,14
Data-Oriented CPU ROAM,RelWithDebInfo,D3D12,NVIDIA GeForce RTX 5090 D,Direct3D 12 (feature level 12_0); requested Agility SDK 614; runtime 6.2.26100.8737 (C:\WINDOWS\SYSTEM32\D3D12Core.dll); driver 32.0.15.9186,false,assets/heightmaps/Hm_Terrain_Test_129.pgm,129,129,30.000,4.000,14,4.000,2.000,20000,0.757,0.000,6.000,2.232,4.272,10654,48816,10652,40,20,60,36,0,0,0,0,8,0.000,4.374,4.248,0.084,0.702,0.059,0.190,0.165,1.148,0.040,0.183,0.870,0.805,0.074,0.000,0.000,0.000,0.000,0.000,0.000,0.000,0.000,0.000,0.000,0.000,0.000,0.000,0.000,0.000,0.008,0,0,1.354,0.762,1.053,0.000,14
Data-Oriented CPU ROAM,RelWithDebInfo,D3D12,NVIDIA GeForce RTX 5090 D,Direct3D 12 (feature level 12_0); requested Agility SDK 614; runtime 6.2.26100.8737 (C:\WINDOWS\SYSTEM32\D3D12Core.dll); driver 32.0.15.9186,false,assets/heightmaps/Hm_Terrain_Test_129.pgm,129,129,30.000,4.000,14,4.000,2.000,20000,0.761,0.000,6.000,2.156,4.598,10635,48896,10633,40,19,59,34,0,0,0,0,8,0.000,4.509,4.383,0.094,0.845,0.073,0.194,0.167,1.118,0.040,0.182,0.865,0.803,0.073,0.000,0.000,0.000,0.000,0.000,0.000,0.000,0.000,0.000,0.000,0.000,0.000,0.000,0.000,0.000,0.010,0,0,1.326,0.918,1.047,0.000,14
Data-Oriented CPU ROAM,RelWithDebInfo,D3D12,NVIDIA GeForce RTX 5090 D,Direct3D 12 (feature level 12_0); requested Agility SDK 614; runtime 6.2.26100.8737 (C:\WINDOWS\SYSTEM32\D3D12Core.dll); driver 32.0.15.9186,false,assets/heightmaps/Hm_Terrain_Test_129.pgm,129,129,30.000,4.000,14,4.000,2.000,20000,0.766,0.000,6.000,2.079,4.731,10598,48960,10596,32,16,69,43,0,0,0,0,8,356.996,4.497,4.375,0.090,1.205,0.066,0.194,0.162,0.826,0.034,0.178,0.843,0.775,0.075,0.000,0.000,0.000,0.000,0.000,0.000,0.000,0.000,0.000,0.000,0.000,0.000,0.000,0.000,0.000,0.008,0,0,1.022,1.272,1.022,0.000,14
Data-Oriented CPU ROAM,RelWithDebInfo,D3D12,NVIDIA GeForce RTX 5090 D,Direct3D 12 (feature level 12_0); requested Agility SDK 614; runtime 6.2.26100.8737 (C:\WINDOWS\SYSTEM32\D3D12Core.dll); driver 32.0.15.9186,false,assets/heightmaps/Hm_Terrain_Test_129.pgm,129,129,30.000,4.000,14,4.000,2.000,20000,0.771,0.000,6.000,2.003,4.739,10554,49016,10552,28,14,72,38,0,0,0,0,8,0.000,4.199,4.079,0.084,0.600,0.068,0.190,0.160,1.128,0.031,0.180,0.856,0.782,0.070,0.000,0.000,0.000,0.000,0.000,0.000,0.000,0.000,0.000,0.000,0.000,0.000,0.000,0.000,0.000,0.008,0,0,1.319,0.668,1.036,0.000,14
Data-Oriented CPU ROAM,RelWithDebInfo,D3D12,NVIDIA GeForce RTX 5090 D,Direct3D 12 (feature level 12_0); requested Agility SDK 614; runtime 6.2.26100.8737 (C:\WINDOWS\SYSTEM32\D3D12Core.dll); driver 32.0.15.9186,false,assets/heightmaps/Hm_Terrain_Test_129.pgm,129,129,30.000,4.000,14,4.000,2.000,20000,0.775,0.000,6.000,1.933,4.420,10504,49092,10502,38,19,88,33,0,0,0,0,8,0.000,4.820,4.682,0.086,1.127,0.086,0.190,0.162,1.141,0.037,0.181,0.845,0.828,0.084,0.000,0.000,0.000,0.000,0.000,0.000,0.000,0.000,0.000,0.000,0.000,0.000,0.000,0.000,0.000,0.010,0,0,1.339,1.214,1.026,0.000,14
Data-Oriented CPU ROAM,RelWithDebInfo,D3D12,NVIDIA GeForce RTX 5090 D,Direct3D 12 (feature level 12_0); requested Agility SDK 614; runtime 6.2.26100.8737 (C:\WINDOWS\SYSTEM32\D3D12Core.dll); driver 32.0.15.9186,false,assets/heightmaps/Hm_Terrain_Test_129.pgm,129,129,30.000,4.000,14,4.000,2.000,20000,0.780,0.000,6.000,1.854,5.091,10460,49184,10458,46,23,90,32,0,0,0,0,8,397.603,4.050,3.928,0.088,0.715,0.111,0.185,0.161,0.835,0.048,0.180,0.841,0.765,0.073,0.000,0.000,0.000,0.000,0.000,0.000,0.000,0.000,0.000,0.000,0.000,0.000,0.000,0.000,0.000,0.008,0,0,1.044,0.825,1.021,0.000,14
Data-Oriented CPU ROAM,RelWithDebInfo,D3D12,NVIDIA GeForce RTX 5090 D,Direct3D 12 (feature level 12_0); requested Agility SDK 614; runtime 6.2.26100.8737 (C:\WINDOWS\SYSTEM32\D3D12Core.dll); driver 32.0.15.9186,false,assets/heightmaps/Hm_Terrain_Test_129.pgm,129,129,30.000,4.000,14,4.000,2.000,20000,0.785,0.000,6.000,1.789,4.279,10440,49260,10438,38,19,58,34,0,0,0,0,8,0.000,4.222,4.089,0.085,0.668,0.058,0.186,0.165,1.127,0.034,0.181,0.831,0.754,0.071,0.000,0.000,0.000,0.000,0.000,0.000,0.000,0.000,0.000,0.000,0.000,0.000,0.000,0.000,0.000,0.008,0,0,1.327,0.726,1.011,0.000,14
Data-Oriented CPU ROAM,RelWithDebInfo,D3D12,NVIDIA GeForce RTX 5090 D,Direct3D 12 (feature level 12_0); requested Agility SDK 614; runtime 6.2.26100.8737 (C:\WINDOWS\SYSTEM32\D3D12Core.dll); driver 32.0.15.9186,false,assets/heightmaps/Hm_Terrain_Test_129.pgm,129,129,30.000,4.000,14,4.000,2.000,20000,0.789,0.000,6.000,1.722,4.412,10409,49334,10407,37,18,68,30,0,0,0,0,8,0.000,4.682,4.561,0.084,1.112,0.087,0.188,0.161,1.103,0.038,0.182,0.846,0.760,0.078,0.000,0.000,0.000,0.000,0.000,0.000,0.000,0.000,0.000,0.000,0.000,0.000,0.000,0.000,0.000,0.008,0,0,1.301,1.199,1.029,0.000,14
Data-Oriented CPU ROAM,RelWithDebInfo,D3D12,NVIDIA GeForce RTX 5090 D,Direct3D 12 (feature level 12_0); requested Agility SDK 614; runtime 6.2.26100.8737 (C:\WINDOWS\SYSTEM32\D3D12Core.dll); driver 32.0.15.9186,false,assets/heightmaps/Hm_Terrain_Test_129.pgm,129,129,30.000,4.000,14,4.000,2.000,20000,0.794,0.000,6.000,1.649,4.897,10341,49428,10339,47,23,115,44,0,0,0,0,8,358.808,4.475,4.353,0.084,0.979,0.172,0.248,0.161,0.877,0.046,0.185,0.824,0.777,0.072,0.000,0.000,0.000,0.000,0.000,0.000,0.000,0.000,0.000,0.000,0.000,0.000,0.000,0.000,0.000,0.008,0,0,1.084,1.151,1.009,0.000,14
Data-Oriented CPU ROAM,RelWithDebInfo,D3D12,NVIDIA GeForce RTX 5090 D,Direct3D 12 (feature level 12_0); requested Agility SDK 614; runtime 6.2.26100.8737 (C:\WINDOWS\SYSTEM32\D3D12Core.dll); driver 32.0.15.9186,false,assets/heightmaps/Hm_Terrain_Test_129.pgm,129,129,30.000,4.000,14,4.000,2.000,20000,0.799,0.000,6.000,1.581,4.693,10306,49496,10304,34,17,69,32,0,0,0,0,8,0.000,4.192,4.077,0.084,0.719,0.062,0.184,0.159,1.076,0.033,0.174,0.825,0.760,0.071,0.000,0.000,0.000,0.000,0.000,0.000,0.000,0.000,0.000,0.000,0.000,0.000,0.000,0.000,0.000,0.008,0,0,1.268,0.781,0.999,0.000,14
Data-Oriented CPU ROAM,RelWithDebInfo,D3D12,NVIDIA GeForce RTX 5090 D,Direct3D 12 (feature level 12_0); requested Agility SDK 614; runtime 6.2.26100.8737 (C:\WINDOWS\SYSTEM32\D3D12Core.dll); driver 32.0.15.9186,false,assets/heightmaps/Hm_Terrain_Test_129.pgm,129,129,30.000,4.000,14,4.000,2.000,20000,0.803,0.000,6.000,1.517,4.406,10278,49548,10276,26,13,54,32,0,0,0,0,8,0.000,4.670,4.554,0.080,1.114,0.091,0.216,0.164,1.104,0.026,0.172,0.829,0.758,0.072,0.000,0.000,0.000,0.000,0.000,0.000,0.000,0.000,0.000,0.000,0.000,0.000,0.000,0.000,0.000,0.010,0,0,1.294,1.204,1.001,0.000,14
Data-Oriented CPU ROAM,RelWithDebInfo,D3D12,NVIDIA GeForce RTX 5090 D,Direct3D 12 (feature level 12_0); requested Agility SDK 614; runtime 6.2.26100.8737 (C:\WINDOWS\SYSTEM32\D3D12Core.dll); driver 32.0.15.9186,false,assets/heightmaps/Hm_Terrain_Test_129.pgm,129,129,30.000,4.000,14,4.000,2.000,20000,0.808,0.000,6.000,1.449,4.851,10196,49572,10194,12,6,94,20,0,0,0,0,8,0.000,3.809,3.695,0.081,0.596,0.093,0.189,0.156,0.820,0.015,0.172,0.814,0.757,0.070,0.000,0.000,0.000,0.000,0.000,0.000,0.000,0.000,0.000,0.000,0.000,0.000,0.000,0.000,0.000,0.008,0,0,0.992,0.689,0.987,0.000,14
Data-Oriented CPU ROAM,RelWithDebInfo,D3D12,NVIDIA GeForce RTX 5090 D,Direct3D 12 (feature level 12_0); requested Agility SDK 614; runtime 6.2.26100.8737 (C:\WINDOWS\SYSTEM32\D3D12Core.dll); driver 32.0.15.9186,false,assets/heightmaps/Hm_Terrain_Test_129.pgm,129,129,30.000,4.000,14,4.000,2.000,20000,0.812,0.000,6.000,1.393,4.016,10172,49604,10170,16,8,40,22,0,0,0,0,8,1084.618,4.439,4.320,0.099,0.640,0.042,0.180,0.161,1.220,0.020,0.287,0.908,0.763,0.071,0.000,0.000,0.000,0.000,0.000,0.000,0.000,0.000,0.000,0.000,0.000,0.000,0.000,0.000,0.000,0.008,0,0,1.402,0.682,1.194,0.000,14
Data-Oriented CPU ROAM,RelWithDebInfo,D3D12,NVIDIA GeForce RTX 5090 D,Direct3D 12 (feature level 12_0); requested Agility SDK 614; runtime 6.2.26100.8737 (C:\WINDOWS\SYSTEM32\D3D12Core.dll); driver 32.0.15.9186,false,assets/heightmaps/Hm_Terrain_Test_129.pgm,129,129,30.000,4.000,14,4.000,2.000,20000,0.816,0.000,6.000,1.330,4.651,10174,49716,10172,56,28,54,37,0,0,0,0,8,0.000,4.132,4.018,0.080,0.640,0.065,0.182,0.158,1.119,0.045,0.170,0.813,0.746,0.072,0.000,0.000,0.000,0.000,0.000,0.000,0.000,0.000,0.000,0.000,0.000,0.000,0.000,0.000,0.000,0.010,0,0,1.321,0.704,0.984,0.000,14
Data-Oriented CPU ROAM,RelWithDebInfo,D3D12,NVIDIA GeForce RTX 5090 D,Direct3D 12 (feature level 12_0); requested Agility SDK 614; runtime 6.2.26100.8737 (C:\WINDOWS\SYSTEM32\D3D12Core.dll); driver 32.0.15.9186,false,assets/heightmaps/Hm_Terrain_Test_129.pgm,129,129,30.000,4.000,14,4.000,2.000,20000,0.821,0.000,6.000,1.272,4.309,10166,49812,10164,48,24,56,38,0,0,0,0,8,0.000,3.794,3.679,0.081,0.594,0.061,0.180,0.156,0.814,0.041,0.174,0.819,0.758,0.069,0.000,0.000,0.000,0.000,0.000,0.000,0.000,0.000,0.000,0.000,0.000,0.000,0.000,0.000,0.000,0.008,0,0,1.011,0.655,0.994,0.000,14
Data-Oriented CPU ROAM,RelWithDebInfo,D3D12,NVIDIA GeForce RTX 5090 D,Direct3D 12 (feature level 12_0); requested Agility SDK 614; runtime 6.2.26100.8737 (C:\WINDOWS\SYSTEM32\D3D12Core.dll); driver 32.0.15.9186,false,assets/heightmaps/Hm_Terrain_Test_129.pgm,129,129,30.000,4.000,14,4.000,2.000,20000,0.825,0.000,6.000,1.220,4.027,10131,49872,10129,30,14,65,35,0,0,0,0,8,786.045,4.093,3.974,0.079,0.632,0.060,0.180,0.171,1.092,0.033,0.174,0.810,0.742,0.074,0.000,0.000,0.000,0.000,0.000,0.000,0.000,0.000,0.000,0.000,0.000,0.000,0.000,0.000,0.000,0.008,0,0,1.296,0.692,0.984,0.000,14
Data-Oriented CPU ROAM,RelWithDebInfo,D3D12,NVIDIA GeForce RTX 5090 D,Direct3D 12 (feature level 12_0); requested Agility SDK 614; runtime 6.2.26100.8737 (C:\WINDOWS\SYSTEM32\D3D12Core.dll); driver 32.0.15.9186,false,assets/heightmaps/Hm_Terrain_Test_129.pgm,129,129,30.000,4.000,14,4.000,2.000,20000,0.829,0.000,6.000,1.164,4.324,10094,49912,10092,20,10,57,29,0,0,0,0,8,0.000,4.151,4.037,0.079,0.626,0.055,0.181,0.156,1.198,0.024,0.169,0.806,0.744,0.072,0.000,0.000,0.000,0.000,0.000,0.000,0.000,0.000,0.000,0.000,0.000,0.000,0.000,0.000,0.000,0.010,0,0,1.378,0.680,0.975,0.000,14
Data-Oriented CPU ROAM,RelWithDebInfo,D3D12,NVIDIA GeForce RTX 5090 D,Direct3D 12 (feature level 12_0); requested Agility SDK 614; runtime 6.2.26100.8737 (C:\WINDOWS\SYSTEM32\D3D12Core.dll); driver 32.0.15.9186,false,assets/heightmaps/Hm_Terrain_Test_129.pgm,129,129,30.000,4.000,14,4.000,2.000,20000,0.833,0.000,6.000,1.109,4.327,10084,50000,10082,44,22,54,26,0,0,0,0,8,0.000,4.000,3.890,0.079,0.591,0.050,0.180,0.154,1.065,0.039,0.179,0.806,0.746,0.071,0.000,0.000,0.000,0.000,0.000,0.000,0.000,0.000,0.000,0.000,0.000,0.000,0.000,0.000,0.000,0.008,0,0,1.259,0.642,0.984,0.000,14
Data-Oriented CPU ROAM,RelWithDebInfo,D3D12,NVIDIA GeForce RTX 5090 D,Direct3D 12 (feature level 12_0); requested Agility SDK 614; runtime 6.2.26100.8737 (C:\WINDOWS\SYSTEM32\D3D12Core.dll); driver 32.0.15.9186,false,assets/heightmaps/Hm_Terrain_Test_129.pgm,129,129,30.000,4.000,14,4.000,2.000,20000,0.838,0.000,6.000,1.058,4.149,10080,50056,10078,28,14,32,21,0,0,0,0,8,0.000,4.038,3.906,0.080,0.622,0.031,0.181,0.159,1.078,0.025,0.170,0.805,0.755,0.088,0.000,0.000,0.000,0.000,0.000,0.000,0.000,0.000,0.000,0.000,0.000,0.000,0.000,0.000,0.000,0.009,0,0,1.263,0.652,0.975,0.000,14
Data-Oriented CPU ROAM,RelWithDebInfo,D3D12,NVIDIA GeForce RTX 5090 D,Direct3D 12 (feature level 12_0); requested Agility SDK 614; runtime 6.2.26100.8737 (C:\WINDOWS\SYSTEM32\D3D12Core.dll); driver 32.0.15.9186,false,assets/heightmaps/Hm_Terrain_Test_129.pgm,129,129,30.000,4.000,14,4.000,2.000,20000,0.842,0.000,6.000,1.007,4.248,10044,50092,10042,18,9,54,13,0,0,0,0,8,1087.007,4.446,4.311,0.078,0.836,0.106,0.340,0.157,1.094,0.024,0.183,0.786,0.706,0.091,0.000,0.000,0.000,0.000,0.000,0.000,0.000,0.000,0.000,0.000,0.000,0.000,0.000,0.000,0.000,0.008,0,0,1.275,0.942,0.969,0.000,14
Data-Oriented CPU ROAM,RelWithDebInfo,D3D12,NVIDIA GeForce RTX 5090 D,Direct3D 12 (feature level 12_0); requested Agility SDK 614; runtime 6.2.26100.8737 (C:\WINDOWS\SYSTEM32\D3D12Core.dll); driver 32.0.15.9186,false,assets/heightmaps/Hm_Terrain_Test_129.pgm,129,129,30.000,4.000,14,4.000,2.000,20000,0.847,0.000,6.000,0.951,4.671,10020,50156,10018,32,16,56,40,0,0,0,0,8,0.000,3.748,3.616,0.079,0.642,0.055,0.179,0.156,0.824,0.029,0.167,0.784,0.699,0.088,0.000,0.000,0.000,0.000,0.000,0.000,0.000,0.000,0.000,0.000,0.000,0.000,0.000,0.000,0.000,0.008,0,0,1.009,0.697,0.952,0.000,14
Data-Oriented CPU ROAM,RelWithDebInfo,D3D12,NVIDIA GeForce RTX 5090 D,Direct3D 12 (feature level 12_0); requested Agility SDK 614; runtime 6.2.26100.8737 (C:\WINDOWS\SYSTEM32\D3D12Core.dll); driver 32.0.15.9186,false,assets/heightmaps/Hm_Terrain_Test_129.pgm,129,129,30.000,4.000,14,4.000,2.000,20000,0.851,0.000,6.000,0.905,3.975,10012,50216,10010,30,15,38,21,0,0,0,0,8,0.000,3.967,3.832,0.078,0.630,0.037,0.179,0.156,1.065,0.031,0.168,0.780,0.709,0.095,0.000,0.000,0.000,0.000,0.000,0.000,0.000,0.000,0.000,0.000,0.000,0.000,0.000,0.000,0.000,0.009,0,0,1.251,0.667,0.947,0.000,14
Data-Oriented CPU ROAM,RelWithDebInfo,D3D12,NVIDIA GeForce RTX 5090 D,Direct3D 12 (feature level 12_0); requested Agility SDK 614; runtime 6.2.26100.8737 (C:\WINDOWS\SYSTEM32\D3D12Core.dll); driver 32.0.15.9186,false,assets/heightmaps/Hm_Terrain_Test_129.pgm,129,129,30.000,4.000,14,4.000,2.000,20000,0.855,0.000,6.000,0.859,4.135,9952,50264,9950,24,12,84,36,0,0,0,0,8,0.000,4.030,3.898,0.079,0.585,0.076,0.177,0.166,1.105,0.029,0.174,0.799,0.708,0.089,0.000,0.000,0.000,0.000,0.000,0.000,0.000,0.000,0.000,0.000,0.000,0.000,0.000,0.000,0.000,0.008,0,0,1.300,0.661,0.973,0.000,14
Data-Oriented CPU ROAM,RelWithDebInfo,D3D12,NVIDIA GeForce RTX 5090 D,Direct3D 12 (feature level 12_0); requested Agility SDK 614; runtime 6.2.26100.8737 (C:\WINDOWS\SYSTEM32\D3D12Core.dll); driver 32.0.15.9186,false,assets/heightmaps/Hm_Terrain_Test_129.pgm,129,129,30.000,4.000,14,4.000,2.000,20000,0.859,0.000,6.000,0.812,4.194,9914,50336,9912,36,18,74,25,0,0,0,0,8,1465.897,4.394,4.262,0.082,0.846,0.109,0.335,0.145,0.897,0.035,0.178,0.874,0.760,0.091,0.000,0.000,0.000,0.000,0.000,0.000,0.000,0.000,0.000,0.000,0.000,0.000,0.000,0.000,0.000,0.008,0,0,1.077,0.955,1.052,0.000,14
Data-Oriented CPU ROAM,RelWithDebInfo,D3D12,NVIDIA GeForce RTX 5090 D,Direct3D 12 (feature level 12_0); requested Agility SDK 614; runtime 6.2.26100.8737 (C:\WINDOWS\SYSTEM32\D3D12Core.dll); driver 32.0.15.9186,false,assets/heightmaps/Hm_Terrain_Test_129.pgm,129,129,30.000,4.000,14,4.000,2.000,20000,0.864,0.000,6.000,0.762,4.672,9887,50428,9885,46,22,73,31,0,0,0,0,8,0.000,3.990,3.860,0.080,0.604,0.064,0.177,0.154,1.057,0.043,0.166,0.800,0.715,0.091,0.000,0.000,0.000,0.000,0.000,0.000,0.000,0.000,0.000,0.000,0.000,0.000,0.000,0.000,0.000,0.008,0,0,1.253,0.668,0.966,0.000,14
Data-Oriented CPU ROAM,RelWithDebInfo,D3D12,NVIDIA GeForce RTX 5090 D,Direct3D 12 (feature level 12_0); requested Agility SDK 614; runtime 6.2.26100.8737 (C:\WINDOWS\SYSTEM32\D3D12Core.dll); driver 32.0.15.9186,false,assets/heightmaps/Hm_Terrain_Test_129.pgm,129,129,30.000,4.000,14,4.000,2.000,20000,0.868,0.000,6.000,0.718,4.167,9876,50496,9874,34,17,45,20,0,0,0,0,8,0.000,3.999,3.856,0.082,0.590,0.043,0.177,0.155,1.101,0.030,0.166,0.772,0.738,0.099,0.000,0.000,0.000,0.000,0.000,0.000,0.000,0.000,0.000,0.000,0.000,0.000,0.000,0.000,0.000,0.008,0,0,1.287,0.634,0.939,0.000,14
Data-Oriented CPU ROAM,RelWithDebInfo,D3D12,NVIDIA GeForce RTX 5090 D,Direct3D 12 (feature level 12_0); requested Agility SDK 614; runtime 6.2.26100.8737 (C:\WINDOWS\SYSTEM32\D3D12Core.dll); driver 32.0.15.9186,false,assets/heightmaps/Hm_Terrain_Test_129.pgm,129,129,30.000,4.000,14,4.000,2.000,20000,0.872,0.000,6.000,0.675,4.210,9843,50560,9841,32,16,65,32,0,0,0,0,8,423.006,3.830,3.692,0.091,0.603,0.066,0.173,0.145,0.901,0.038,0.166,0.782,0.728,0.091,0.000,0.000,0.000,0.000,0.000,0.000,0.000,0.000,0.000,0.000,0.000,0.000,0.000,0.000,0.000,0.010,0,0,1.084,0.669,0.947,0.000,14
Data-Oriented CPU ROAM,RelWithDebInfo,D3D12,NVIDIA GeForce RTX 5090 D,Direct3D 12 (feature level 12_0); requested Agility SDK 614; runtime 6.2.26100.8737 (C:\WINDOWS\SYSTEM32\D3D12Core.dll); driver 32.0.15.9186,false,assets/heightmaps/Hm_Terrain_Test_129.pgm,129,129,30.000,4.000,14,4.000,2.000,20000,0.876,0.000,6.000,0.635,4.075,9823,50596,9821,18,9,38,16,0,0,0,0,8,0.000,4.304,4.171,0.079,0.925,0.041,0.177,0.153,1.093,0.026,0.179,0.792,0.707,0.087,0.000,0.000,0.000,0.000,0.000,0.000,0.000,0.000,0.000,0.000,0.000,0.000,0.000,0.000,0.000,0.008,0,0,1.272,0.966,0.970,0.000,14
Data-Oriented CPU ROAM,RelWithDebInfo,D3D12,NVIDIA GeForce RTX 5090 D,Direct3D 12 (feature level 12_0); requested Agility SDK 614; runtime 6.2.26100.8737 (C:\WINDOWS\SYSTEM32\D3D12Core.dll); driver 32.0.15.9186,false,assets/heightmaps/Hm_Terrain_Test_129.pgm,129,129,30.000,4.000,14,4.000,2.000,20000,0.881,0.000,6.000,0.591,4.533,9793,50664,9791,34,17,64,26,0,0,0,0,8,0.000,3.936,3.799,0.078,0.575,0.060,0.176,0.158,1.075,0.035,0.165,0.769,0.708,0.090,0.000,0.000,0.000,0.000,0.000,0.000,0.000,0.000,0.000,0.000,0.000,0.000,0.000,0.000,0.000,0.008,0,0,1.269,0.635,0.934,0.000,14
Data-Oriented CPU ROAM,RelWithDebInfo,D3D12,NVIDIA GeForce RTX 5090 D,Direct3D 12 (feature level 12_0); requested Agility SDK 614; runtime 6.2.26100.8737 (C:\WINDOWS\SYSTEM32\D3D12Core.dll); driver 32.0.15.9186,false,assets/heightmaps/Hm_Terrain_Test_129.pgm,129,129,30.000,4.000,14,4.000,2.000,20000,0.885,0.000,6.000,0.552,4.173,9768,50704,9766,20,10,45,16,0,0,0,0,8,0.000,3.714,3.579,0.079,0.594,0.045,0.177,0.158,0.840,0.036,0.169,0.790,0.690,0.089,0.000,0.000,0.000,0.000,0.000,0.000,0.000,0.000,0.000,0.000,0.000,0.000,0.000,0.000,0.000,0.009,0,0,1.034,0.640,0.959,0.000,14
Data-Oriented CPU ROAM,RelWithDebInfo,D3D12,NVIDIA GeForce RTX 5090 D,Direct3D 12 (feature level 12_0); requested Agility SDK 614; runtime 6.2.26100.8737 (C:\WINDOWS\SYSTEM32\D3D12Core.dll); driver 32.0.15.9186,false,assets/heightmaps/Hm_Terrain_Test_129.pgm,129,129,30.000,4.000,14,4.000,2.000,20000,0.889,0.000,6.000,0.516,4.034,9740,50744,9738,20,10,48,24,0,0,0,0,8,410.881,3.945,3.802,0.086,0.714,0.064,0.212,0.150,0.844,0.031,0.170,0.821,0.710,0.092,0.000,0.000,0.000,0.000,0.000,0.000,0.000,0.000,0.000,0.000,0.000,0.000,0.000,0.000,0.000,0.008,0,0,1.025,0.778,0.991,0.000,14
Data-Oriented CPU ROAM,RelWithDebInfo,D3D12,NVIDIA GeForce RTX 5090 D,Direct3D 12 (feature level 12_0); requested Agility SDK 614; runtime 6.2.26100.8737 (C:\WINDOWS\SYSTEM32\D3D12Core.dll); driver 32.0.15.9186,false,assets/heightmaps/Hm_Terrain_Test_129.pgm,129,129,30.000,4.000,14,4.000,2.000,20000,0.893,0.000,6.000,0.479,4.188,9702,50772,9700,14,7,52,18,0,0,0,0,8,0.000,3.853,3.712,0.078,0.593,0.053,0.174,0.157,0.987,0.021,0.163,0.781,0.705,0.089,0.000,0.000,0.000,0.000,0.000,0.000,0.000,0.000,0.000,0.000,0.000,0.000,0.000,0.000,0.000,0.010,0,0,1.165,0.646,0.944,0.000,14
Data-Oriented CPU ROAM,RelWithDebInfo,D3D12,NVIDIA GeForce RTX 5090 D,Direct3D 12 (feature level 12_0); requested Agility SDK 614; runtime 6.2.26100.8737 (C:\WINDOWS\SYSTEM32\D3D12Core.dll); driver 32.0.15.9186,false,assets/heightmaps/Hm_Terrain_Test_129.pgm,129,129,30.000,4.000,14,4.000,2.000,20000,0.897,0.000,6.000,0.445,4.113,9718,50828,9716,28,14,12,18,0,0,0,0,8,0.000,4.099,3.966,0.099,0.596,0.027,0.175,0.156,1.204,0.035,0.169,0.798,0.708,0.087,0.000,0.000,0.000,0.000,0.000,0.000,0.000,0.000,0.000,0.000,0.000,0.000,0.000,0.000,0.000,0.008,0,0,1.394,0.624,0.966,0.000,14
Data-Oriented CPU ROAM,RelWithDebInfo,D3D12,NVIDIA GeForce RTX 5090 D,Direct3D 12 (feature level 12_0); requested Agility SDK 614; runtime 6.2.26100.8737 (C:\WINDOWS\SYSTEM32\D3D12Core.dll); driver 32.0.15.9186,false,assets/heightmaps/Hm_Terrain_Test_129.pgm,129,129,30.000,4.000,14,4.000,2.000,20000,0.902,0.000,6.000,0.408,4.539,9700,50872,9698,22,11,40,32,0,0,0,0,8,0.000,3.832,3.695,0.077,0.596,0.054,0.195,0.181,0.848,0.033,0.170,0.810,0.730,0.092,0.000,0.000,0.000,0.000,0.000,0.000,0.000,0.000,0.000,0.000,0.000,0.000,0.000,0.000,0.000,0.008,0,0,1.063,0.650,0.980,0.000,14
Data-Oriented CPU ROAM,RelWithDebInfo,D3D12,NVIDIA GeForce RTX 5090 D,Direct3D 12 (feature level 12_0); requested Agility SDK 614; runtime 6.2.26100.8737 (C:\WINDOWS\SYSTEM32\D3D12Core.dll); driver 32.0.15.9186,false,assets/heightmaps/Hm_Terrain_Test_129.pgm,129,129,30.000,4.000,14,4.000,2.000,20000,0.906,0.000,6.000,0.376,4.077,9676,50896,9674,12,6,36,24,0,0,0,0,8,1094.315,4.430,4.282,0.103,0.596,0.045,0.186,0.152,1.047,0.019,0.174,0.893,1.064,0.088,0.000,0.000,0.000,0.000,0.000,0.000,0.000,0.000,0.000,0.000,0.000,0.000,0.000,0.000,0.000,0.010,0,0,1.219,0.642,1.067,0.000,14
Data-Oriented CPU ROAM,RelWithDebInfo,D3D12,NVIDIA GeForce RTX 5090 D,Direct3D 12 (feature level 12_0); requested Agility SDK 614; runtime 6.2.26100.8737 (C:\WINDOWS\SYSTEM32\D3D12Core.dll); driver 32.0.15.9186,false,assets/heightmaps/Hm_Terrain_Test_129.pgm,129,129,30.000,4.000,14,4.000,2.000,20000,0.910,0.000,6.000,0.340,4.789,9682,50948,9680,26,13,20,16,0,0,0,0,8,0.000,4.797,4.599,0.083,0.953,0.030,0.220,0.152,1.115,0.034,0.162,0.776,1.073,0.131,0.000,0.000,0.000,0.000,0.000,0.000,0.000,0.000,0.000,0.000,0.000,0.000,0.000,0.000,0.000,0.008,0,0,1.301,0.983,0.939,0.000,14
Data-Oriented CPU ROAM,RelWithDebInfo,D3D12,NVIDIA GeForce RTX 5090 D,Direct3D 12 (feature level 12_0); requested Agility SDK 614; runtime 6.2.26100.8737 (C:\WINDOWS\SYSTEM32\D3D12Core.dll); driver 32.0.15.9186,false,assets/heightmaps/Hm_Terrain_Test_129.pgm,129,129,30.000,4.000,14,4.000,2.000,20000,0.916,0.000,6.000,0.303,5.102,9671,50970,9669,11,5,22,16,0,0,0,0,8,0.000,4.293,4.156,0.107,0.607,0.032,0.171,0.142,1.270,0.019,0.167,0.871,0.769,0.085,0.000,0.000,0.000,0.000,0.000,0.000,0.000,0.000,0.000,0.000,0.000,0.000,0.000,0.000,0.000,0.010,0,0,1.430,0.640,1.038,0.000,14
Data-Oriented CPU ROAM,RelWithDebInfo,D3D12,NVIDIA GeForce RTX 5090 D,Direct3D 12 (feature level 12_0); requested Agility SDK 614; runtime 6.2.26100.8737 (C:\WINDOWS\SYSTEM32\D3D12Core.dll); driver 32.0.15.9186,false,assets/heightmaps/Hm_Terrain_Test_129.pgm,129,129,30.000,4.000,14,4.000,2.000,20000,0.920,0.000,6.000,0.272,4.554,9660,51004,9658,17,7,28,18,0,0,0,0,8,766.514,4.217,4.076,0.080,1.036,0.055,0.188,0.153,0.872,0.030,0.167,0.785,0.709,0.091,0.000,0.000,0.000,0.000,0.000,0.000,0.000,0.000,0.000,0.000,0.000,0.000,0.000,0.000,0.000,0.008,0,0,1.055,1.092,0.952,0.000,14
Data-Oriented CPU ROAM,RelWithDebInfo,D3D12,NVIDIA GeForce RTX 5090 D,Direct3D 12 (feature level 12_0); requested Agility SDK 614; runtime 6.2.26100.8737 (C:\WINDOWS\SYSTEM32\D3D12Core.dll); driver 32.0.15.9186,false,assets/heightmaps/Hm_Terrain_Test_129.pgm,129,129,30.000,4.000,14,4.000,2.000,20000,0.925,0.000,6.000,0.243,4.452,9654,51044,9652,20,10,26,16,0,0,0,0,8,0.000,3.821,3.684,0.076,0.702,0.041,0.208,0.153,0.842,0.029,0.167,0.766,0.700,0.086,0.000,0.000,0.000,0.000,0.000,0.000,0.000,0.000,0.000,0.000,0.000,0.000,0.000,0.000,0.000,0.008,0,0,1.024,0.743,0.933,0.000,14
Data-Oriented CPU ROAM,RelWithDebInfo,D3D12,NVIDIA GeForce RTX 5090 D,Direct3D 12 (feature level 12_0); requested Agility SDK 614; runtime 6.2.26100.8737 (C:\WINDOWS\SYSTEM32\D3D12Core.dll); driver 32.0.15.9186,false,assets/heightmaps/Hm_Terrain_Test_129.pgm,129,129,30.000,4.000,14,4.000,2.000,20000,0.929,0.000,6.000,0.219,4.065,9644,51068,9642,12,6,22,18,0,0,0,0,8,0.000,4.342,4.206,0.078,0.595,0.032,0.175,0.150,1.071,0.023,0.170,0.868,1.044,0.085,0.000,0.000,0.000,0.000,0.000,0.000,0.000,0.000,0.000,0.000,0.000,0.000,0.000,0.000,0.000,0.008,0,0,1.243,0.627,1.038,0.000,14
Data-Oriented CPU ROAM,RelWithDebInfo,D3D12,NVIDIA GeForce RTX 5090 D,Direct3D 12 (feature level 12_0); requested Agility SDK 614; runtime 6.2.26100.8737 (C:\WINDOWS\SYSTEM32\D3D12Core.dll); driver 32.0.15.9186,false,assets/heightmaps/Hm_Terrain_Test_129.pgm,129,129,30.000,4.000,14,4.000,2.000,20000,0.933,0.000,6.000,0.192,4.614,9655,51138,9653,35,17,24,21,0,0,0,0,8,350.415,4.599,4.457,0.081,1.069,0.028,0.219,0.151,0.879,0.037,0.161,0.775,1.057,0.089,0.000,0.000,0.000,0.000,0.000,0.000,0.000,0.000,0.000,0.000,0.000,0.000,0.000,0.000,0.000,0.010,0,0,1.067,1.098,0.936,0.000,14
Data-Oriented CPU ROAM,RelWithDebInfo,D3D12,NVIDIA GeForce RTX 5090 D,Direct3D 12 (feature level 12_0); requested Agility SDK 614; runtime 6.2.26100.8737 (C:\WINDOWS\SYSTEM32\D3D12Core.dll); driver 32.0.15.9186,false,assets/heightmaps/Hm_Terrain_Test_129.pgm,129,129,30.000,4.000,14,4.000,2.000,20000,0.938,0.000,6.000,0.166,4.856,9613,51162,9611,12,5,54,28,0,0,0,0,8,0.000,4.075,3.942,0.097,0.618,0.060,0.171,0.154,1.162,0.030,0.169,0.768,0.713,0.086,0.000,0.000,0.000,0.000,0.000,0.000,0.000,0.000,0.000,0.000,0.000,0.000,0.000,0.000,0.000,0.008,0,0,1.345,0.678,0.937,0.000,14
Data-Oriented CPU ROAM,RelWithDebInfo,D3D12,NVIDIA GeForce RTX 5090 D,Direct3D 12 (feature level 12_0); requested Agility SDK 614; runtime 6.2.26100.8737 (C:\WINDOWS\SYSTEM32\D3D12Core.dll); driver 32.0.15.9186,false,assets/heightmaps/Hm_Terrain_Test_129.pgm,129,129,30.000,4.000,14,4.000,2.000,20000,0.942,0.000,6.000,0.144,4.304,9549,51194,9547,16,7,80,24,0,0,0,0,8,0.000,3.919,3.784,0.076,0.616,0.069,0.172,0.158,1.059,0.023,0.166,0.773,0.671,0.086,0.000,0.000,0.000,0.000,0.000,0.000,0.000,0.000,0.000,0.000,0.000,0.000,0.000,0.000,0.000,0.008,0,0,1.240,0.684,0.940,0.000,14
Data-Oriented CPU ROAM,RelWithDebInfo,D3D12,NVIDIA GeForce RTX 5090 D,Direct3D 12 (feature level 12_0); requested Agility SDK 614; runtime 6.2.26100.8737 (C:\WINDOWS\SYSTEM32\D3D12Core.dll); driver 32.0.15.9186,false,assets/heightmaps/Hm_Terrain_Test_129.pgm,129,129,30.000,4.000,14,4.000,2.000,20000,0.947,0.000,6.000,0.124,4.140,9555,51222,9553,14,7,8,7,0,0,0,0,8,0.000,3.833,3.697,0.075,0.614,0.012,0.173,0.145,1.050,0.023,0.166,0.766,0.673,0.091,0.000,0.000,0.000,0.000,0.000,0.000,0.000,0.000,0.000,0.000,0.000,0.000,0.000,0.000,0.000,0.008,0,0,1.219,0.626,0.932,0.000,14
Data-Oriented CPU ROAM,RelWithDebInfo,D3D12,NVIDIA GeForce RTX 5090 D,Direct3D 12 (feature level 12_0); requested Agility SDK 614; runtime 6.2.26100.8737 (C:\WINDOWS\SYSTEM32\D3D12Core.dll); driver 32.0.15.9186,false,assets/heightmaps/Hm_Terrain_Test_129.pgm,129,129,30.000,4.000,14,4.000,2.000,20000,0.951,0.000,6.000,0.106,4.053,9554,51248,9552,13,6,14,8,0,0,0,0,8,404.468,3.999,3.862,0.075,0.615,0.015,0.170,0.180,1.077,0.023,0.165,0.847,0.694,0.084,0.000,0.000,0.000,0.000,0.000,0.000,0.000,0.000,0.000,0.000,0.000,0.000,0.000,0.000,0.000,0.008,0,0,1.280,0.630,1.012,0.000,14
Data-Oriented CPU ROAM,RelWithDebInfo,D3D12,NVIDIA GeForce RTX 5090 D,Direct3D 12 (feature level 12_0); requested Agility SDK 614; runtime 6.2.26100.8737 (C:\WINDOWS\SYSTEM32\D3D12Core.dll); driver 32.0.15.9186,false,assets/heightmaps/Hm_Terrain_Test_129.pgm,129,129,30.000,4.000,14,4.000,2.000,20000,0.955,0.000,6.000,0.089,4.242,9552,51260,9550,6,3,8,6,0,0,0,0,8,0.000,3.588,3.453,0.076,0.620,0.012,0.182,0.149,0.808,0.013,0.164,0.755,0.674,0.090,0.000,0.000,0.000,0.000,0.000,0.000,0.000,0.000,0.000,0.000,0.000,0.000,0.000,0.000,0.000,0.010,0,0,0.970,0.632,0.919,0.000,14
Data-Oriented CPU ROAM,RelWithDebInfo,D3D12,NVIDIA GeForce RTX 5090 D,Direct3D 12 (feature level 12_0); requested Agility SDK 614; runtime 6.2.26100.8737 (C:\WINDOWS\SYSTEM32\D3D12Core.dll); driver 32.0.15.9186,false,assets/heightmaps/Hm_Terrain_Test_129.pgm,129,129,30.000,4.000,14,4.000,2.000,20000,0.959,0.000,6.000,0.075,3.819,9556,51268,9554,4,2,0,2,0,0,0,0,8,0.000,4.009,3.873,0.076,0.501,0.003,0.173,0.299,1.068,0.012,0.167,0.859,0.715,0.088,0.000,0.000,0.000,0.000,0.000,0.000,0.000,0.000,0.000,0.000,0.000,0.000,0.000,0.000,0.000,0.008,0,0,1.379,0.503,1.026,0.000,14
Data-Oriented CPU ROAM,RelWithDebInfo,D3D12,NVIDIA GeForce RTX 5090 D,Direct3D 12 (feature level 12_0); requested Agility SDK 614; runtime 6.2.26100.8737 (C:\WINDOWS\SYSTEM32\D3D12Core.dll); driver 32.0.15.9186,false,assets/heightmaps/Hm_Terrain_Test_129.pgm,129,129,30.000,4.000,14,4.000,2.000,20000,0.963,0.000,6.000,0.061,4.251,9550,51280,9548,6,3,12,8,0,0,0,0,8,0.000,4.370,4.237,0.080,0.826,0.030,0.334,0.159,1.184,0.017,0.168,0.769,0.671,0.085,0.000,0.000,0.000,0.000,0.000,0.000,0.000,0.000,0.000,0.000,0.000,0.000,0.000,0.000,0.000,0.009,0,0,1.360,0.857,0.936,0.000,14
Data-Oriented CPU ROAM,RelWithDebInfo,D3D12,NVIDIA GeForce RTX 5090 D,Direct3D 12 (feature level 12_0); requested Agility SDK 614; runtime 6.2.26100.8737 (C:\WINDOWS\SYSTEM32\D3D12Core.dll); driver 32.0.15.9186,false,assets/heightmaps/Hm_Terrain_Test_129.pgm,129,129,30.000,4.000,14,4.000,2.000,20000,0.967,0.000,6.000,0.047,4.601,9554,51296,9552,8,4,4,4,0,0,0,0,8,1363.795,3.566,3.436,0.075,0.609,0.011,0.174,0.150,0.799,0.016,0.166,0.765,0.671,0.084,0.000,0.000,0.000,0.000,0.000,0.000,0.000,0.000,0.000,0.000,0.000,0.000,0.000,0.000,0.000,0.008,0,0,0.965,0.619,0.931,0.000,14
Data-Oriented CPU ROAM,RelWithDebInfo,D3D12,NVIDIA GeForce RTX 5090 D,Direct3D 12 (feature level 12_0); requested Agility SDK 614; runtime 6.2.26100.8737 (C:\WINDOWS\SYSTEM32\D3D12Core.dll); driver 32.0.15.9186,false,assets/heightmaps/Hm_Terrain_Test_129.pgm,129,129,30.000,4.000,14,4.000,2.000,20000,0.971,0.000,6.000,0.036,3.812,9545,51298,9543,1,0,10,4,0,0,0,0,8,0.000,3.962,3.788,0.075,0.608,0.013,0.178,0.150,1.159,0.009,0.168,0.761,0.666,0.084,0.000,0.000,0.000,0.000,0.000,0.000,0.000,0.000,0.000,0.000,0.000,0.000,0.000,0.000,0.000,0.008,0,0,1.318,0.621,0.929,0.000,14
Data-Oriented CPU ROAM,RelWithDebInfo,D3D12,NVIDIA GeForce RTX 5090 D,Direct3D 12 (feature level 12_0); requested Agility SDK 614; runtime 6.2.26100.8737 (C:\WINDOWS\SYSTEM32\D3D12Core.dll); driver 32.0.15.9186,false,assets/heightmaps/Hm_Terrain_Test_129.pgm,129,129,30.000,4.000,14,4.000,2.000,20000,0.975,0.000,6.000,0.027,4.199,9546,51312,9544,7,3,6,4,0,0,0,0,8,0.000,3.848,3.713,0.079,0.620,0.009,0.173,0.148,1.061,0.016,0.165,0.767,0.674,0.090,0.000,0.000,0.000,0.000,0.000,0.000,0.000,0.000,0.000,0.000,0.000,0.000,0.000,0.000,0.000,0.010,0,0,1.226,0.630,0.932,0.000,14
Data-Oriented CPU ROAM,RelWithDebInfo,D3D12,NVIDIA GeForce RTX 5090 D,Direct3D 12 (feature level 12_0); requested Agility SDK 614; runtime 6.2.26100.8737 (C:\WINDOWS\SYSTEM32\D3D12Core.dll); driver 32.0.15.9186,false,assets/heightmaps/Hm_Terrain_Test_129.pgm,129,129,30.000,4.000,14,4.000,2.000,20000,0.980,0.000,6.000,0.019,4.090,9552,51328,9550,8,4,2,5,0,0,0,0,8,0.000,3.681,3.544,0.086,0.657,0.005,0.180,0.154,0.836,0.015,0.165,0.778,0.667,0.083,0.000,0.000,0.000,0.000,0.000,0.000,0.000,0.000,0.000,0.000,0.000,0.000,0.000,0.000,0.000,0.008,0,0,1.005,0.662,0.943,0.000,14
Data-Oriented CPU ROAM,RelWithDebInfo,D3D12,NVIDIA GeForce RTX 5090 D,Direct3D 12 (feature level 12_0); requested Agility SDK 614; runtime 6.2.26100.8737 (C:\WINDOWS\SYSTEM32\D3D12Core.dll); driver 32.0.15.9186,false,assets/heightmaps/Hm_Terrain_Test_129.pgm,129,129,30.000,4.000,14,4.000,2.000,20000,0.983,0.000,6.000,0.012,3.927,9546,51332,9544,2,1,8,4,0,0,0,0,8,428.881,3.772,3.642,0.077,0.609,0.013,0.174,0.148,1.040,0.009,0.163,0.752,0.657,0.087,0.000,0.000,0.000,0.000,0.000,0.000,0.000,0.000,0.000,0.000,0.000,0.000,0.000,0.000,0.000,0.011,0,0,1.197,0.622,0.915,0.000,14
Data-Oriented CPU ROAM,RelWithDebInfo,D3D12,NVIDIA GeForce RTX 5090 D,Direct3D 12 (feature level 12_0); requested Agility SDK 614; runtime 6.2.26100.8737 (C:\WINDOWS\SYSTEM32\D3D12Core.dll); driver 32.0.15.9186,false,assets/heightmaps/Hm_Terrain_Test_129.pgm,129,129,30.000,4.000,14,4.000,2.000,20000,0.988,0.000,6.000,0.007,4.011,9550,51340,9548,4,2,0,2,0,0,0,0,8,0.000,3.813,3.681,0.077,0.610,0.001,0.177,0.148,1.062,0.011,0.164,0.756,0.673,0.087,0.000,0.000,0.000,0.000,0.000,0.000,0.000,0.000,0.000,0.000,0.000,0.000,0.000,0.000,0.000,0.008,0,0,1.221,0.611,0.920,0.000,14
Data-Oriented CPU ROAM,RelWithDebInfo,D3D12,NVIDIA GeForce RTX 5090 D,Direct3D 12 (feature level 12_0); requested Agility SDK 614; runtime 6.2.26100.8737 (C:\WINDOWS\SYSTEM32\D3D12Core.dll); driver 32.0.15.9186,false,assets/heightmaps/Hm_Terrain_Test_129.pgm,129,129,30.000,4.000,14,4.000,2.000,20000,0.992,0.000,6.000,0.003,4.033,9550,51340,9548,0,0,0,0,0,0,0,0,8,0.000,3.577,3.446,0.082,0.611,0.002,0.174,0.156,0.804,0.006,0.165,0.785,0.661,0.086,0.000,0.000,0.000,0.000,0.000,0.000,0.000,0.000,0.000,0.000,0.000,0.000,0.000,0.000,0.000,0.008,0,0,0.966,0.613,0.950,0.000,14
Data-Oriented CPU ROAM,RelWithDebInfo,D3D12,NVIDIA GeForce RTX 5090 D,Direct3D 12 (feature level 12_0); requested Agility SDK 614; runtime 6.2.26100.8737 (C:\WINDOWS\SYSTEM32\D3D12Core.dll); driver 32.0.15.9186,false,assets/heightmaps/Hm_Terrain_Test_129.pgm,129,129,30.000,4.000,14,4.000,2.000,20000,0.995,0.000,6.000,0.001,3.792,9550,51340,9548,0,0,0,0,0,0,0,0,8,0.000,4.604,4.458,0.075,0.637,0.002,0.223,0.177,1.247,0.008,0.168,0.866,1.055,0.092,0.000,0.000,0.000,0.000,0.000,0.000,0.000,0.000,0.000,0.000,0.000,0.000,0.000,0.000,0.000,0.010,0,0,1.432,0.640,1.033,0.000,14
Data-Oriented CPU ROAM,RelWithDebInfo,D3D12,NVIDIA GeForce RTX 5090 D,Direct3D 12 (feature level 12_0); requested Agility SDK 614; runtime 6.2.26100.8737 (C:\WINDOWS\SYSTEM32\D3D12Core.dll); driver 32.0.15.9186,false,assets/heightmaps/Hm_Terrain_Test_129.pgm,129,129,30.000,4.000,14,4.000,2.000,20000,1.000,0.000,6.000,0.000,4.861,9550,51340,9548,0,0,0,0,0,0,0,0,8,0.000,4.815,4.676,0.080,1.114,0.002,0.210,0.153,1.107,0.019,0.165,0.770,1.056,0.090,0.000,0.000,0.000,0.000,0.000,0.000,0.000,0.000,0.000,0.000,0.000,0.000,0.000,0.000,0.000,0.008,0,0,1.279,1.116,0.934,0.000,14
GPU ROAM-like,RelWithDebInfo,D3D12,NVIDIA GeForce RTX 5090 D,Direct3D 12 (feature level 12_0); requested Agility SDK 614; runtime 6.2.26100.8737 (C:\WINDOWS\SYSTEM32\D3D12Core.dll); driver 32.0.15.9186,false,assets/heightmaps/Hm_Terrain_Test_129.pgm,129,129,30.000,4.000,14,4.000,2.000,20000,0.000,0.000,6.000,15.000,6.675,15199,30396,15197,15197,7664,0,5233,0,0,0,0,1,138.387,171.269,17.263,6.834,0.000,0.003,0.001,0.001,0.001,8.681,0.272,0.000,1.470,0.000,0.000,0.000,0.000,0.000,0.000,0.000,0.000,0.000,0.000,0.813,4.129,0.369,0.000,0.000,0.000,0.010,3404384,0,8.683,0.003,0.000,0.000,14
GPU ROAM-like,RelWithDebInfo,D3D12,NVIDIA GeForce RTX 5090 D,Direct3D 12 (feature level 12_0); requested Agility SDK 614; runtime 6.2.26100.8737 (C:\WINDOWS\SYSTEM32\D3D12Core.dll); driver 32.0.15.9186,false,assets/heightmaps/Hm_Terrain_Test_129.pgm,129,129,30.000,4.000,14,4.000,2.000,20000,0.172,0.000,6.000,13.815,172.488,14841,32220,14839,912,451,1270,871,0,0,0,0,8,128.198,12.278,7.768,0.639,1.325,0.783,0.233,0.204,1.512,0.824,0.316,0.000,1.932,0.000,0.000,0.000,0.000,0.000,0.000,0.000,0.000,0.000,0.000,0.799,3.367,0.250,0.000,0.000,0.000,0.008,3608672,0,2.540,2.109,0.000,0.000,14
GPU ROAM-like,RelWithDebInfo,D3D12,NVIDIA GeForce RTX 5090 D,Direct3D 12 (feature level 12_0); requested Agility SDK 614; runtime 6.2.26100.8737 (C:\WINDOWS\SYSTEM32\D3D12Core.dll); driver 32.0.15.9186,false,assets/heightmaps/Hm_Terrain_Test_129.pgm,129,129,30.000,4.000,14,4.000,2.000,20000,0.185,0.000,6.000,13.648,12.661,15199,32476,14699,128,64,268,87,0,0,0,0,8,0.000,11.558,5.855,0.173,1.342,0.265,0.313,0.228,1.217,0.147,0.284,0.000,1.886,0.000,0.004,0.003,0.002,0.003,0.001,0.001,0.002,0.009,0.024,0.873,4.505,0.229,0.000,0.000,0.000,0.049,3637344,104,1.592,1.607,0.000,0.000,14
GPU ROAM-like,RelWithDebInfo,D3D12,NVIDIA GeForce RTX 5090 D,Direct3D 12 (feature level 12_0); requested Agility SDK 614; runtime 6.2.26100.8737 (C:\WINDOWS\SYSTEM32\D3D12Core.dll); driver 32.0.15.9186,false,assets/heightmaps/Hm_Terrain_Test_129.pgm,129,129,30.000,4.000,14,4.000,2.000,20000,0.197,0.000,6.000,13.482,11.890,14841,32750,14733,137,68,103,97,0,0,0,0,8,103.508,15.180,8.107,0.281,1.406,0.144,0.261,0.301,1.866,0.237,0.498,0.000,3.112,0.000,0.004,0.003,0.002,0.003,0.001,0.001,0.002,0.009,0.025,1.409,5.336,0.237,0.000,0.000,0.000,0.055,3668032,104,2.404,1.551,0.000,0.000,14
GPU ROAM-like,RelWithDebInfo,D3D12,NVIDIA GeForce RTX 5090 D,Direct3D 12 (feature level 12_0); requested Agility SDK 614; runtime 6.2.26100.8737 (C:\WINDOWS\SYSTEM32\D3D12Core.dll); driver 32.0.15.9186,false,assets/heightmaps/Hm_Terrain_Test_129.pgm,129,129,30.000,4.000,14,4.000,2.000,20000,0.213,0.000,6.000,13.255,15.504,14701,33096,14620,173,86,286,133,0,0,0,0,8,0.000,11.392,5.387,0.220,0.915,0.250,0.303,0.280,1.088,0.211,0.414,0.000,1.706,0.000,0.004,0.002,0.002,0.003,0.001,0.001,0.002,0.009,0.023,0.989,4.690,0.231,0.000,0.000,0.000,0.055,3706784,104,1.579,1.165,0.000,0.000,14
GPU ROAM-like,RelWithDebInfo,D3D12,NVIDIA GeForce RTX 5090 D,Direct3D 12 (feature level 12_0); requested Agility SDK 614; runtime 6.2.26100.8737 (C:\WINDOWS\SYSTEM32\D3D12Core.dll); driver 32.0.15.9186,false,assets/heightmaps/Hm_Terrain_Test_129.pgm,129,129,30.000,4.000,14,4.000,2.000,20000,0.224,0.000,6.000,13.076,11.692,14735,33428,14678,166,83,108,121,0,0,0,0,8,836.934,11.289,5.621,0.125,1.400,0.094,0.239,0.213,1.182,0.196,0.270,0.000,1.902,0.000,0.004,0.002,0.002,0.003,0.001,0.001,0.002,0.008,0.023,0.862,4.514,0.199,0.000,0.000,0.000,0.054,3743968,104,1.591,1.494,0.000,0.000,14
GPU ROAM-like,RelWithDebInfo,D3D12,NVIDIA GeForce RTX 5090 D,Direct3D 12 (feature level 12_0); requested Agility SDK 614; runtime 6.2.26100.8737 (C:\WINDOWS\SYSTEM32\D3D12Core.dll); driver 32.0.15.9186,false,assets/heightmaps/Hm_Terrain_Test_129.pgm,129,129,30.000,4.000,14,4.000,2.000,20000,0.236,0.000,6.000,12.891,11.597,14622,33700,14573,136,67,241,99,0,0,0,0,8,0.000,11.835,5.830,0.344,1.449,0.179,0.236,0.215,1.154,0.155,0.278,0.000,1.818,0.000,0.004,0.003,0.002,0.003,0.001,0.001,0.002,0.009,0.023,0.795,4.893,0.223,0.000,0.000,0.000,0.057,3774432,104,1.525,1.628,0.000,0.000,14
GPU ROAM-like,RelWithDebInfo,D3D12,NVIDIA GeForce RTX 5090 D,Direct3D 12 (feature level 12_0); requested Agility SDK 614; runtime 6.2.26100.8737 (C:\WINDOWS\SYSTEM32\D3D12Core.dll); driver 32.0.15.9186,false,assets/heightmaps/Hm_Terrain_Test_129.pgm,129,129,30.000,4.000,14,4.000,2.000,20000,0.248,0.000,6.000,12.690,12.150,14680,34016,14460,158,79,271,119,0,0,0,0,8,0.000,12.296,5.793,0.325,1.208,0.194,0.238,0.216,1.263,0.189,0.278,0.000,1.881,0.000,0.004,0.002,0.002,0.003,0.001,0.001,0.002,0.009,0.023,0.937,5.230,0.238,0.000,0.000,0.000,0.054,3809824,104,1.668,1.402,0.000,0.000,14
GPU ROAM-like,RelWithDebInfo,D3D12,NVIDIA GeForce RTX 5090 D,Direct3D 12 (feature level 12_0); requested Agility SDK 614; runtime 6.2.26100.8737 (C:\WINDOWS\SYSTEM32\D3D12Core.dll); driver 32.0.15.9186,false,assets/heightmaps/Hm_Terrain_Test_129.pgm,129,129,30.000,4.000,14,4.000,2.000,20000,0.261,0.000,6.000,12.475,12.587,14575,34372,14450,178,88,188,136,0,0,0,0,8,0.000,11.658,5.331,0.381,1.058,0.145,0.233,0.211,1.149,0.189,0.269,0.000,1.697,0.000,0.004,0.002,0.002,0.003,0.001,0.001,0.002,0.009,0.023,0.812,5.172,0.232,0.000,0.000,0.000,0.054,3849696,104,1.548,1.203,0.000,0.000,14
GPU ROAM-like,RelWithDebInfo,D3D12,NVIDIA GeForce RTX 5090 D,Direct3D 12 (feature level 12_0); requested Agility SDK 614; runtime 6.2.26100.8737 (C:\WINDOWS\SYSTEM32\D3D12Core.dll); driver 32.0.15.9186,false,assets/heightmaps/Hm_Terrain_Test_129.pgm,129,129,30.000,4.000,14,4.000,2.000,20000,0.273,0.000,6.000,12.265,11.955,14462,34724,14414,176,88,212,126,0,0,0,0,8,833.422,11.363,4.781,0.386,0.868,0.157,0.231,0.256,1.158,0.170,0.245,0.000,1.309,0.000,0.003,0.002,0.002,0.003,0.001,0.001,0.002,0.009,0.023,0.836,5.396,0.231,0.000,0.000,0.000,0.053,3889120,104,1.584,1.025,0.000,0.000,14
GPU ROAM-like,RelWithDebInfo,D3D12,NVIDIA GeForce RTX 5090 D,Direct3D 12 (feature level 12_0); requested Agility SDK 614; runtime 6.2.26100.8737 (C:\WINDOWS\SYSTEM32\D3D12Core.dll); driver 32.0.15.9186,false,assets/heightmaps/Hm_Terrain_Test_129.pgm,129,129,30.000,4.000,14,4.000,2.000,20000,0.284,0.000,6.000,12.055,11.639,14452,35112,14413,194,96,195,136,0,0,0,0,8,131.274,11.997,5.512,0.122,1.394,0.142,0.233,0.211,1.160,0.208,0.268,0.000,1.775,0.000,0.003,0.003,0.002,0.003,0.001,0.001,0.002,0.009,0.023,1.050,5.109,0.226,0.000,0.000,0.000,0.056,3932576,104,1.578,1.536,0.000,0.000,14
GPU ROAM-like,RelWithDebInfo,D3D12,NVIDIA GeForce RTX 5090 D,Direct3D 12 (feature level 12_0); requested Agility SDK 614; runtime 6.2.26100.8737 (C:\WINDOWS\SYSTEM32\D3D12Core.dll); driver 32.0.15.9186,false,assets/heightmaps/Hm_Terrain_Test_129.pgm,129,129,30.000,4.000,14,4.000,2.000,20000,0.296,0.000,6.000,11.827,12.299,14416,35444,14212,166,83,367,128,0,0,0,0,8,0.000,12.035,5.521,0.286,1.177,0.240,0.229,0.210,1.132,0.188,0.261,0.000,1.796,0.000,0.004,0.002,0.002,0.003,0.001,0.001,0.002,0.008,0.023,0.944,5.251,0.215,0.000,0.000,0.000,0.054,3969760,104,1.530,1.418,0.000,0.000,14
GPU ROAM-like,RelWithDebInfo,D3D12,NVIDIA GeForce RTX 5090 D,Direct3D 12 (feature level 12_0); requested Agility SDK 614; runtime 6.2.26100.8737 (C:\WINDOWS\SYSTEM32\D3D12Core.dll); driver 32.0.15.9186,false,assets/heightmaps/Hm_Terrain_Test_129.pgm,129,129,30.000,4.000,14,4.000,2.000,20000,0.309,0.000,6.000,11.593,12.314,14415,35910,14207,233,116,238,174,0,0,0,0,8,0.000,12.447,5.771,0.303,1.357,0.187,0.232,0.204,1.245,0.270,0.270,0.000,1.701,0.000,0.004,0.003,0.002,0.003,0.001,0.001,0.002,0.009,0.023,0.822,5.501,0.236,0.000,0.000,0.000,0.054,4021952,104,1.720,1.544,0.000,0.000,14
GPU ROAM-like,RelWithDebInfo,D3D12,NVIDIA GeForce RTX 5090 D,Direct3D 12 (feature level 12_0); requested Agility SDK 614; runtime 6.2.26100.8737 (C:\WINDOWS\SYSTEM32\D3D12Core.dll); driver 32.0.15.9186,false,assets/heightmaps/Hm_Terrain_Test_129.pgm,129,129,30.000,4.000,14,4.000,2.000,20000,0.321,0.000,6.000,11.346,12.714,14214,36324,14136,207,103,278,161,0,0,0,0,8,132.519,11.897,5.497,0.322,0.971,0.213,0.241,0.206,1.183,0.227,0.264,0.000,1.868,0.000,0.004,0.003,0.002,0.003,0.001,0.001,0.002,0.009,0.023,0.907,5.163,0.217,0.000,0.000,0.000,0.055,4068320,104,1.617,1.184,0.000,0.000,14
GPU ROAM-like,RelWithDebInfo,D3D12,NVIDIA GeForce RTX 5090 D,Direct3D 12 (feature level 12_0); requested Agility SDK 614; runtime 6.2.26100.8737 (C:\WINDOWS\SYSTEM32\D3D12Core.dll); driver 32.0.15.9186,false,assets/heightmaps/Hm_Terrain_Test_129.pgm,129,129,30.000,4.000,14,4.000,2.000,20000,0.334,0.000,6.000,11.104,12.184,14209,36736,14089,206,102,253,156,0,0,0,0,8,133.507,11.807,5.241,0.381,0.973,0.186,0.242,0.209,0.977,0.214,0.263,0.000,1.795,0.000,0.004,0.003,0.002,0.003,0.001,0.001,0.002,0.009,0.024,0.994,5.227,0.235,0.000,0.000,0.000,0.061,4114464,104,1.400,1.159,0.000,0.000,14
GPU ROAM-like,RelWithDebInfo,D3D12,NVIDIA GeForce RTX 5090 D,Direct3D 12 (feature level 12_0); requested Agility SDK 614; runtime 6.2.26100.8737 (C:\WINDOWS\SYSTEM32\D3D12Core.dll); driver 32.0.15.9186,false,assets/heightmaps/Hm_Terrain_Test_129.pgm,129,129,30.000,4.000,14,4.000,2.000,20000,0.346,0.000,6.000,10.860,12.076,14138,37116,13954,190,95,325,148,0,0,0,0,8,0.000,11.606,4.939,0.255,1.058,0.229,0.228,0.212,1.230,0.186,0.243,0.000,1.299,0.000,0.004,0.003,0.002,0.003,0.001,0.001,0.002,0.008,0.023,1.058,5.278,0.219,0.000,0.000,0.000,0.047,4157024,104,1.628,1.286,0.000,0.000,14
GPU ROAM-like,RelWithDebInfo,D3D12,NVIDIA GeForce RTX 5090 D,Direct3D 12 (feature level 12_0); requested Agility SDK 614; runtime 6.2.26100.8737 (C:\WINDOWS\SYSTEM32\D3D12Core.dll); driver 32.0.15.9186,false,assets/heightmaps/Hm_Terrain_Test_129.pgm,129,129,30.000,4.000,14,4.000,2.000,20000,0.358,0.000,6.000,10.617,11.877,14091,37508,13892,196,97,258,150,0,0,0,0,8,0.000,11.604,5.271,0.132,1.211,0.187,0.236,0.206,1.139,0.215,0.280,0.000,1.665,0.000,0.004,0.002,0.002,0.003,0.001,0.001,0.002,0.009,0.023,0.862,5.088,0.261,0.000,0.000,0.000,0.046,4200928,104,1.559,1.398,0.000,0.000,14
GPU ROAM-like,RelWithDebInfo,D3D12,NVIDIA GeForce RTX 5090 D,Direct3D 12 (feature level 12_0); requested Agility SDK 614; runtime 6.2.26100.8737 (C:\WINDOWS\SYSTEM32\D3D12Core.dll); driver 32.0.15.9186,false,assets/heightmaps/Hm_Terrain_Test_129.pgm,129,129,30.000,4.000,14,4.000,2.000,20000,0.370,0.000,6.000,10.370,11.871,13956,37912,13848,202,101,246,154,0,0,0,0,8,0.000,12.616,5.496,0.386,0.984,0.187,0.225,0.211,1.218,0.228,0.252,0.000,1.806,0.000,0.004,0.002,0.002,0.003,0.001,0.001,0.002,0.009,0.023,0.974,5.795,0.231,0.000,0.000,0.000,0.054,4246176,104,1.657,1.171,0.000,0.000,14
GPU ROAM-like,RelWithDebInfo,D3D12,NVIDIA GeForce RTX 5090 D,Direct3D 12 (feature level 12_0); requested Agility SDK 614; runtime 6.2.26100.8737 (C:\WINDOWS\SYSTEM32\D3D12Core.dll); driver 32.0.15.9186,false,assets/heightmaps/Hm_Terrain_Test_129.pgm,129,129,30.000,4.000,14,4.000,2.000,20000,0.382,0.000,6.000,10.098,12.869,13894,38304,13710,196,97,334,148,0,0,0,0,8,387.730,12.215,5.692,0.388,1.152,0.245,0.232,0.204,1.225,0.217,0.249,0.000,1.780,0.000,0.004,0.003,0.002,0.003,0.001,0.001,0.002,0.009,0.024,0.956,5.202,0.236,0.000,0.000,0.000,0.057,4290080,104,1.646,1.397,0.000,0.000,14
GPU ROAM-like,RelWithDebInfo,D3D12,NVIDIA GeForce RTX 5090 D,Direct3D 12 (feature level 12_0); requested Agility SDK 614; runtime 6.2.26100.8737 (C:\WINDOWS\SYSTEM32\D3D12Core.dll); driver 32.0.15.9186,false,assets/heightmaps/Hm_Terrain_Test_129.pgm,129,129,30.000,4.000,14,4.000,2.000,20000,0.395,0.000,6.000,9.831,12.461,13850,38752,13630,224,112,304,176,0,0,0,0,8,118.476,13.304,6.124,0.387,1.310,0.208,0.226,0.283,1.452,0.240,0.252,0.000,1.767,0.000,0.004,0.003,0.002,0.003,0.001,0.001,0.002,0.009,0.023,0.986,5.824,0.250,0.000,0.000,0.000,0.054,4340256,104,1.975,1.518,0.000,0.000,14
GPU ROAM-like,RelWithDebInfo,D3D12,NVIDIA GeForce RTX 5090 D,Direct3D 12 (feature level 12_0); requested Agility SDK 614; runtime 6.2.26100.8737 (C:\WINDOWS\SYSTEM32\D3D12Core.dll); driver 32.0.15.9186,false,assets/heightmaps/Hm_Terrain_Test_129.pgm,129,129,30.000,4.000,14,4.000,2.000,20000,0.408,0.000,6.000,9.538,13.557,13712,39096,13506,172,85,296,134,0,0,0,0,8,0.000,12.181,5.499,0.367,1.097,0.205,0.227,0.195,1.192,0.208,0.249,0.000,1.758,0.000,0.004,0.003,0.002,0.003,0.001,0.001,0.002,0.008,0.023,0.993,5.317,0.251,0.000,0.000,0.000,0.054,4378784,104,1.595,1.302,0.000,0.000,14
GPU ROAM-like,RelWithDebInfo,D3D12,NVIDIA GeForce RTX 5090 D,Direct3D 12 (feature level 12_0); requested Agility SDK 614; runtime 6.2.26100.8737 (C:\WINDOWS\SYSTEM32\D3D12Core.dll); driver 32.0.15.9186,false,assets/heightmaps/Hm_Terrain_Test_129.pgm,129,129,30.000,4.000,14,4.000,2.000,20000,0.421,0.000,6.000,9.266,12.483,13632,39552,13510,228,114,224,191,0,0,0,0,8,0.000,12.468,5.837,0.521,1.284,0.162,0.229,0.190,1.250,0.250,0.246,0.000,1.705,0.000,0.004,0.002,0.002,0.003,0.001,0.001,0.002,0.008,0.022,1.071,5.192,0.246,0.000,0.000,0.000,0.054,4429856,104,1.690,1.446,0.000,0.000,14
GPU ROAM-like,RelWithDebInfo,D3D12,NVIDIA GeForce RTX 5090 D,Direct3D 12 (feature level 12_0); requested Agility SDK 614; runtime 6.2.26100.8737 (C:\WINDOWS\SYSTEM32\D3D12Core.dll); driver 32.0.15.9186,false,assets/heightmaps/Hm_Terrain_Test_129.pgm,129,129,30.000,4.000,14,4.000,2.000,20000,0.434,0.000,6.000,8.985,12.739,13508,39940,13346,194,96,358,147,0,0,0,0,8,0.000,11.843,5.296,0.431,0.970,0.242,0.218,0.195,1.156,0.210,0.255,0.000,1.618,0.000,0.004,0.002,0.002,0.003,0.001,0.001,0.002,0.008,0.023,0.914,5.253,0.257,0.000,0.000,0.000,0.056,4473312,104,1.561,1.212,0.000,0.000,14
GPU ROAM-like,RelWithDebInfo,D3D12,NVIDIA GeForce RTX 5090 D,Direct3D 12 (feature level 12_0); requested Agility SDK 614; runtime 6.2.26100.8737 (C:\WINDOWS\SYSTEM32\D3D12Core.dll); driver 32.0.15.9186,false,assets/heightmaps/Hm_Terrain_Test_129.pgm,129,129,30.000,4.000,14,4.000,2.000,20000,0.446,0.000,6.000,8.717,12.096,13512,40364,13336,212,105,222,180,0,0,0,0,8,975.655,12.936,6.031,0.437,1.178,0.196,0.217,0.191,1.117,0.890,0.455,0.000,1.350,0.000,0.004,0.002,0.002,0.003,0.001,0.001,0.002,0.008,0.023,0.924,5.601,0.251,0.000,0.000,0.000,0.055,4520800,104,2.198,1.374,0.000,0.000,14
GPU ROAM-like,RelWithDebInfo,D3D12,NVIDIA GeForce RTX 5090 D,Direct3D 12 (feature level 12_0); requested Agility SDK 614; runtime 6.2.26100.8737 (C:\WINDOWS\SYSTEM32\D3D12Core.dll); driver 32.0.15.9186,false,assets/heightmaps/Hm_Terrain_Test_129.pgm,129,129,30.000,4.000,14,4.000,2.000,20000,0.459,0.000,6.000,8.422,13.231,13348,40816,13256,226,113,306,188,0,0,0,0,8,938.245,11.802,4.399,0.184,0.949,0.388,0.259,0.192,0.908,0.187,0.288,0.000,1.044,0.000,0.004,0.002,0.002,0.003,0.001,0.001,0.002,0.008,0.024,0.952,6.057,0.244,0.000,0.000,0.000,0.055,4571424,104,1.287,1.337,0.000,0.000,14
GPU ROAM-like,RelWithDebInfo,D3D12,NVIDIA GeForce RTX 5090 D,Direct3D 12 (feature level 12_0); requested Agility SDK 614; runtime 6.2.26100.8737 (C:\WINDOWS\SYSTEM32\D3D12Core.dll); driver 32.0.15.9186,false,assets/heightmaps/Hm_Terrain_Test_129.pgm,129,129,30.000,4.000,14,4.000,2.000,20000,0.471,0.000,6.000,8.151,12.082,13338,41284,13175,234,116,315,196,0,0,0,0,8,0.000,11.749,4.607,0.163,1.365,0.207,0.223,0.193,0.968,0.186,0.223,0.000,1.080,0.000,0.004,0.002,0.002,0.003,0.001,0.001,0.002,0.008,0.022,0.938,5.813,0.239,0.000,0.000,0.000,0.053,4623840,104,1.347,1.572,0.000,0.000,14
GPU ROAM-like,RelWithDebInfo,D3D12,NVIDIA GeForce RTX 5090 D,Direct3D 12 (feature level 12_0); requested Agility SDK 614; runtime 6.2.26100.8737 (C:\WINDOWS\SYSTEM32\D3D12Core.dll); driver 32.0.15.9186,false,assets/heightmaps/Hm_Terrain_Test_129.pgm,129,129,30.000,4.000,14,4.000,2.000,20000,0.483,0.000,6.000,7.881,12.061,13258,41736,13132,226,113,269,187,0,0,0,0,8,0.000,11.229,4.383,0.158,1.344,0.175,0.221,0.188,0.897,0.173,0.221,0.000,1.005,0.000,0.004,0.002,0.002,0.003,0.001,0.001,0.002,0.008,0.023,0.989,5.468,0.264,0.000,0.000,0.000,0.056,4674464,104,1.258,1.519,0.000,0.000,14
GPU ROAM-like,RelWithDebInfo,D3D12,NVIDIA GeForce RTX 5090 D,Direct3D 12 (feature level 12_0); requested Agility SDK 614; runtime 6.2.26100.8737 (C:\WINDOWS\SYSTEM32\D3D12Core.dll); driver 32.0.15.9186,false,assets/heightmaps/Hm_Terrain_Test_129.pgm,129,129,30.000,4.000,14,4.000,2.000,20000,0.495,0.000,6.000,7.621,11.533,13177,42148,13096,206,102,242,156,0,0,0,0,8,0.000,12.227,4.233,0.135,1.174,0.164,0.227,0.192,0.912,0.151,0.225,0.000,1.053,0.000,0.004,0.002,0.002,0.004,0.001,0.001,0.002,0.008,0.023,1.370,6.232,0.247,0.000,0.000,0.000,0.055,4720608,104,1.254,1.338,0.000,0.000,14
GPU ROAM-like,RelWithDebInfo,D3D12,NVIDIA GeForce RTX 5090 D,Direct3D 12 (feature level 12_0); requested Agility SDK 614; runtime 6.2.26100.8737 (C:\WINDOWS\SYSTEM32\D3D12Core.dll); driver 32.0.15.9186,false,assets/heightmaps/Hm_Terrain_Test_129.pgm,129,129,30.000,4.000,14,4.000,2.000,20000,0.507,0.000,6.000,7.339,12.532,13134,42584,13084,218,108,230,180,0,0,0,0,8,133.675,11.807,4.366,0.113,1.342,0.160,0.220,0.193,0.908,0.156,0.221,0.000,1.054,0.000,0.004,0.003,0.002,0.003,0.001,0.001,0.002,0.008,0.023,1.213,5.864,0.239,0.000,0.000,0.000,0.055,4769440,104,1.256,1.503,0.000,0.000,14
GPU ROAM-like,RelWithDebInfo,D3D12,NVIDIA GeForce RTX 5090 D,Direct3D 12 (feature level 12_0); requested Agility SDK 614; runtime 6.2.26100.8737 (C:\WINDOWS\SYSTEM32\D3D12Core.dll); driver 32.0.15.9186,false,assets/heightmaps/Hm_Terrain_Test_129.pgm,129,129,30.000,4.000,14,4.000,2.000,20000,0.519,0.000,6.000,7.068,12.050,13098,43000,12932,208,104,360,174,0,0,0,0,8,132.461,11.910,4.423,0.109,1.343,0.226,0.233,0.190,0.878,0.152,0.232,0.000,1.059,0.000,0.004,0.002,0.002,0.003,0.001,0.001,0.002,0.008,0.023,1.010,6.112,0.246,0.000,0.000,0.000,0.050,4816032,104,1.220,1.569,0.000,0.000,14
GPU ROAM-like,RelWithDebInfo,D3D12,NVIDIA GeForce RTX 5090 D,Direct3D 12 (feature level 12_0); requested Agility SDK 614; runtime 6.2.26100.8737 (C:\WINDOWS\SYSTEM32\D3D12Core.dll); driver 32.0.15.9186,false,assets/heightmaps/Hm_Terrain_Test_129.pgm,129,129,30.000,4.000,14,4.000,2.000,20000,0.531,0.000,6.000,6.795,12.161,13086,43484,12970,242,120,204,190,0,0,0,0,8,153.517,10.298,4.292,0.115,1.322,0.128,0.220,0.183,0.899,0.162,0.234,0.000,1.029,0.000,0.004,0.003,0.002,0.003,0.001,0.001,0.002,0.008,0.023,1.038,4.587,0.255,0.000,0.000,0.000,0.056,4870240,104,1.244,1.450,0.000,0.000,14
GPU ROAM-like,RelWithDebInfo,D3D12,NVIDIA GeForce RTX 5090 D,Direct3D 12 (feature level 12_0); requested Agility SDK 614; runtime 6.2.26100.8737 (C:\WINDOWS\SYSTEM32\D3D12Core.dll); driver 32.0.15.9186,false,assets/heightmaps/Hm_Terrain_Test_129.pgm,129,129,30.000,4.000,14,4.000,2.000,20000,0.542,0.000,6.000,6.559,10.567,12934,43888,12876,202,101,296,157,0,0,0,0,8,0.000,11.621,4.036,0.110,1.039,0.200,0.214,0.185,0.885,0.144,0.219,0.000,1.040,0.000,0.004,0.003,0.002,0.004,0.001,0.001,0.002,0.008,0.024,0.965,6.210,0.275,0.000,0.000,0.000,0.055,4915488,104,1.214,1.239,0.000,0.000,14
GPU ROAM-like,RelWithDebInfo,D3D12,NVIDIA GeForce RTX 5090 D,Direct3D 12 (feature level 12_0); requested Agility SDK 614; runtime 6.2.26100.8737 (C:\WINDOWS\SYSTEM32\D3D12Core.dll); driver 32.0.15.9186,false,assets/heightmaps/Hm_Terrain_Test_129.pgm,129,129,30.000,4.000,14,4.000,2.000,20000,0.554,0.000,6.000,6.293,11.917,12972,44304,12757,208,103,327,159,0,0,0,0,8,1096.078,11.525,4.047,0.144,1.031,0.199,0.209,0.191,0.901,0.147,0.216,0.000,1.010,0.000,0.004,0.002,0.002,0.003,0.001,0.001,0.002,0.008,0.023,1.053,6.025,0.273,0.000,0.000,0.000,0.047,4962080,104,1.238,1.230,0.000,0.000,14
GPU ROAM-like,RelWithDebInfo,D3D12,NVIDIA GeForce RTX 5090 D,Direct3D 12 (feature level 12_0); requested Agility SDK 614; runtime 6.2.26100.8737 (C:\WINDOWS\SYSTEM32\D3D12Core.dll); driver 32.0.15.9186,false,assets/heightmaps/Hm_Terrain_Test_129.pgm,129,129,30.000,4.000,14,4.000,2.000,20000,0.566,0.000,6.000,6.031,11.826,12878,44756,12714,226,113,269,174,0,0,0,0,8,118.617,13.299,5.660,0.119,1.180,0.224,0.212,0.184,1.008,0.410,0.570,0.000,1.753,0.000,0.004,0.002,0.002,0.004,0.001,0.001,0.002,0.008,0.024,1.010,6.215,0.283,0.000,0.000,0.000,0.055,5012704,104,1.602,1.404,0.000,0.000,14
GPU ROAM-like,RelWithDebInfo,D3D12,NVIDIA GeForce RTX 5090 D,Direct3D 12 (feature level 12_0); requested Agility SDK 614; runtime 6.2.26100.8737 (C:\WINDOWS\SYSTEM32\D3D12Core.dll); driver 32.0.15.9186,false,assets/heightmaps/Hm_Terrain_Test_129.pgm,129,129,30.000,4.000,14,4.000,2.000,20000,0.579,0.000,6.000,5.732,13.563,12759,45208,12646,226,112,294,182,0,0,0,0,8,0.000,11.791,4.487,0.178,1.341,0.232,0.207,0.187,0.907,0.184,0.214,0.000,1.036,0.000,0.004,0.003,0.002,0.003,0.001,0.001,0.002,0.008,0.023,1.274,5.624,0.281,0.000,0.000,0.000,0.058,5063328,104,1.278,1.573,0.000,0.000,14
GPU ROAM-like,RelWithDebInfo,D3D12,NVIDIA GeForce RTX 5090 D,Direct3D 12 (feature level 12_0); requested Agility SDK 614; runtime 6.2.26100.8737 (C:\WINDOWS\SYSTEM32\D3D12Core.dll); driver 32.0.15.9186,false,assets/heightmaps/Hm_Terrain_Test_129.pgm,129,129,30.000,4.000,14,4.000,2.000,20000,0.591,0.000,6.000,5.469,12.074,12716,45552,12541,172,85,277,136,0,0,0,0,8,0.000,12.701,4.240,0.123,1.353,0.188,0.204,0.184,0.904,0.129,0.225,0.000,0.930,0.000,0.004,0.003,0.002,0.003,0.001,0.001,0.002,0.008,0.023,1.071,7.001,0.267,0.000,0.000,0.000,0.054,5101856,104,1.217,1.541,0.000,0.000,14
GPU ROAM-like,RelWithDebInfo,D3D12,NVIDIA GeForce RTX 5090 D,Direct3D 12 (feature level 12_0); requested Agility SDK 614; runtime 6.2.26100.8737 (C:\WINDOWS\SYSTEM32\D3D12Core.dll); driver 32.0.15.9186,false,assets/heightmaps/Hm_Terrain_Test_129.pgm,129,129,30.000,4.000,14,4.000,2.000,20000,0.604,0.000,6.000,5.187,12.988,12648,45832,12402,140,70,279,123,0,0,0,0,8,0.000,12.065,4.124,0.103,1.328,0.181,0.207,0.182,0.890,0.103,0.209,0.000,0.922,0.000,0.004,0.003,0.002,0.003,0.001,0.001,0.002,0.008,0.023,1.031,6.523,0.271,0.000,0.000,0.000,0.054,5133216,104,1.174,1.509,0.000,0.000,14
GPU ROAM-like,RelWithDebInfo,D3D12,NVIDIA GeForce RTX 5090 D,Direct3D 12 (feature level 12_0); requested Agility SDK 614; runtime 6.2.26100.8737 (C:\WINDOWS\SYSTEM32\D3D12Core.dll); driver 32.0.15.9186,false,assets/heightmaps/Hm_Terrain_Test_129.pgm,129,129,30.000,4.000,14,4.000,2.000,20000,0.617,0.000,6.000,4.924,12.315,12543,46128,12262,148,73,288,123,0,0,0,0,8,125.169,12.601,3.740,0.116,0.916,0.189,0.216,0.175,0.902,0.107,0.207,0.000,0.912,0.000,0.004,0.002,0.002,0.003,0.001,0.001,0.002,0.008,0.023,1.056,7.394,0.288,0.000,0.000,0.000,0.054,5166368,104,1.183,1.105,0.000,0.000,14
GPU ROAM-like,RelWithDebInfo,D3D12,NVIDIA GeForce RTX 5090 D,Direct3D 12 (feature level 12_0); requested Agility SDK 614; runtime 6.2.26100.8737 (C:\WINDOWS\SYSTEM32\D3D12Core.dll); driver 32.0.15.9186,false,assets/heightmaps/Hm_Terrain_Test_129.pgm,129,129,30.000,4.000,14,4.000,2.000,20000,0.629,0.000,6.000,4.652,12.843,12404,46384,12194,128,64,196,107,0,0,0,0,8,131.549,12.022,4.027,0.101,1.290,0.148,0.205,0.177,0.885,0.097,0.207,0.000,0.918,0.000,0.004,0.002,0.002,0.003,0.001,0.001,0.002,0.008,0.023,1.045,6.532,0.269,0.000,0.000,0.000,0.057,5195040,104,1.159,1.437,0.000,0.000,14
GPU ROAM-like,RelWithDebInfo,D3D12,NVIDIA GeForce RTX 5090 D,Direct3D 12 (feature level 12_0); requested Agility SDK 614; runtime 6.2.26100.8737 (C:\WINDOWS\SYSTEM32\D3D12Core.dll); driver 32.0.15.9186,false,assets/heightmaps/Hm_Terrain_Test_129.pgm,129,129,30.000,4.000,14,4.000,2.000,20000,0.642,0.000,6.000,4.397,12.272,12264,46636,11896,126,62,424,107,0,0,0,0,8,0.000,11.922,3.971,0.106,1.094,0.244,0.204,0.174,0.966,0.086,0.207,0.000,0.891,0.000,0.004,0.003,0.002,0.003,0.001,0.001,0.002,0.008,0.023,1.070,6.472,0.275,0.000,0.000,0.000,0.054,5223264,104,1.226,1.337,0.000,0.000,14
GPU ROAM-like,RelWithDebInfo,D3D12,NVIDIA GeForce RTX 5090 D,Direct3D 12 (feature level 12_0); requested Agility SDK 614; runtime 6.2.26100.8737 (C:\WINDOWS\SYSTEM32\D3D12Core.dll); driver 32.0.15.9186,false,assets/heightmaps/Hm_Terrain_Test_129.pgm,129,129,30.000,4.000,14,4.000,2.000,20000,0.654,0.000,6.000,4.147,12.180,12196,46920,11826,142,71,212,115,0,0,0,0,8,127.792,12.345,3.754,0.112,1.043,0.148,0.197,0.176,0.899,0.100,0.201,0.000,0.879,0.000,0.004,0.003,0.002,0.003,0.001,0.001,0.002,0.008,0.023,1.441,6.752,0.273,0.000,0.000,0.000,0.053,5255072,104,1.175,1.190,0.000,0.000,14
GPU ROAM-like,RelWithDebInfo,D3D12,NVIDIA GeForce RTX 5090 D,Direct3D 12 (feature level 12_0); requested Agility SDK 614; runtime 6.2.26100.8737 (C:\WINDOWS\SYSTEM32\D3D12Core.dll); driver 32.0.15.9186,false,assets/heightmaps/Hm_Terrain_Test_129.pgm,129,129,30.000,4.000,14,4.000,2.000,20000,0.667,0.000,6.000,3.892,12.605,11898,47140,11664,110,54,272,94,0,0,0,0,8,0.000,12.779,3.861,0.107,1.159,0.192,0.196,0.174,0.886,0.074,0.199,0.000,0.875,0.000,0.004,0.003,0.002,0.003,0.001,0.001,0.002,0.008,0.023,1.071,7.414,0.282,0.000,0.000,0.000,0.054,5279712,104,1.134,1.350,0.000,0.000,14
GPU ROAM-like,RelWithDebInfo,D3D12,NVIDIA GeForce RTX 5090 D,Direct3D 12 (feature level 12_0); requested Agility SDK 614; runtime 6.2.26100.8737 (C:\WINDOWS\SYSTEM32\D3D12Core.dll); driver 32.0.15.9186,false,assets/heightmaps/Hm_Terrain_Test_129.pgm,129,129,30.000,4.000,14,4.000,2.000,20000,0.680,0.000,6.000,3.633,13.064,11828,47396,11560,128,64,232,106,0,0,0,0,8,405.416,11.685,3.832,0.108,1.128,0.150,0.189,0.175,0.921,0.090,0.197,0.000,0.875,0.000,0.004,0.002,0.002,0.003,0.001,0.001,0.002,0.008,0.023,1.072,6.373,0.280,0.000,0.000,0.000,0.048,5308384,104,1.186,1.278,0.000,0.000,14
GPU ROAM-like,RelWithDebInfo,D3D12,NVIDIA GeForce RTX 5090 D,Direct3D 12 (feature level 12_0); requested Agility SDK 614; runtime 6.2.26100.8737 (C:\WINDOWS\SYSTEM32\D3D12Core.dll); driver 32.0.15.9186,false,assets/heightmaps/Hm_Terrain_Test_129.pgm,129,129,30.000,4.000,14,4.000,2.000,20000,0.692,0.000,6.000,3.402,11.935,11666,47608,11354,106,52,312,88,0,0,0,0,8,130.724,12.081,3.784,0.101,1.155,0.196,0.190,0.169,0.865,0.081,0.193,0.000,0.834,0.000,0.004,0.002,0.002,0.003,0.001,0.001,0.002,0.008,0.022,1.096,6.800,0.267,0.000,0.000,0.000,0.053,5332128,104,1.115,1.351,0.000,0.000,14
GPU ROAM-like,RelWithDebInfo,D3D12,NVIDIA GeForce RTX 5090 D,Direct3D 12 (feature level 12_0); requested Agility SDK 614; runtime 6.2.26100.8737 (C:\WINDOWS\SYSTEM32\D3D12Core.dll); driver 32.0.15.9186,false,assets/heightmaps/Hm_Terrain_Test_129.pgm,129,129,30.000,4.000,14,4.000,2.000,20000,0.704,0.000,6.000,3.167,12.392,11562,47848,11274,120,60,200,103,0,0,0,0,8,0.000,11.218,3.602,0.126,0.957,0.134,0.186,0.165,0.873,0.083,0.192,0.000,0.884,0.000,0.004,0.002,0.002,0.003,0.001,0.001,0.002,0.008,0.022,1.117,6.078,0.288,0.000,0.000,0.000,0.049,5359008,104,1.122,1.092,0.000,0.000,14
GPU ROAM-like,RelWithDebInfo,D3D12,NVIDIA GeForce RTX 5090 D,Direct3D 12 (feature level 12_0); requested Agility SDK 614; runtime 6.2.26100.8737 (C:\WINDOWS\SYSTEM32\D3D12Core.dll); driver 32.0.15.9186,false,assets/heightmaps/Hm_Terrain_Test_129.pgm,129,129,30.000,4.000,14,4.000,2.000,20000,0.715,0.000,6.000,2.954,11.462,11356,48064,11170,108,53,212,92,0,0,0,0,8,118.694,13.309,3.852,0.118,1.124,0.160,0.203,0.167,0.942,0.078,0.190,0.000,0.871,0.000,0.004,0.003,0.002,0.003,0.001,0.001,0.002,0.008,0.024,1.112,7.894,0.299,0.000,0.000,0.000,0.056,5383200,104,1.187,1.284,0.000,0.000,14
GPU ROAM-like,RelWithDebInfo,D3D12,NVIDIA GeForce RTX 5090 D,Direct3D 12 (feature level 12_0); requested Agility SDK 614; runtime 6.2.26100.8737 (C:\WINDOWS\SYSTEM32\D3D12Core.dll); driver 32.0.15.9186,false,assets/heightmaps/Hm_Terrain_Test_129.pgm,129,129,30.000,4.000,14,4.000,2.000,20000,0.729,0.000,6.000,2.708,13.652,11276,48320,10997,128,64,301,110,0,0,0,0,8,0.000,12.803,4.410,0.192,1.228,0.230,0.197,0.167,0.950,0.103,0.188,0.000,1.155,0.000,0.004,0.003,0.002,0.003,0.001,0.001,0.002,0.008,0.023,1.128,6.806,0.307,0.000,0.000,0.000,0.055,5411872,104,1.219,1.458,0.000,0.000,14
GPU ROAM-like,RelWithDebInfo,D3D12,NVIDIA GeForce RTX 5090 D,Direct3D 12 (feature level 12_0); requested Agility SDK 614; runtime 6.2.26100.8737 (C:\WINDOWS\SYSTEM32\D3D12Core.dll); driver 32.0.15.9186,false,assets/heightmaps/Hm_Terrain_Test_129.pgm,129,129,30.000,4.000,14,4.000,2.000,20000,0.742,0.000,6.000,2.477,13.180,11172,48512,10770,96,47,323,82,0,0,0,0,8,215.909,14.618,4.873,0.152,0.810,0.315,0.288,0.211,1.446,0.117,0.287,0.000,1.245,0.000,0.004,0.003,0.002,0.003,0.001,0.001,0.002,0.007,0.023,1.408,7.840,0.346,0.000,0.000,0.000,0.049,5433376,104,1.774,1.125,0.000,0.000,14
GPU ROAM-like,RelWithDebInfo,D3D12,NVIDIA GeForce RTX 5090 D,Direct3D 12 (feature level 12_0); requested Agility SDK 614; runtime 6.2.26100.8737 (C:\WINDOWS\SYSTEM32\D3D12Core.dll); driver 32.0.15.9186,false,assets/heightmaps/Hm_Terrain_Test_129.pgm,129,129,30.000,4.000,14,4.000,2.000,20000,0.757,0.000,6.000,2.224,14.999,10999,48824,10664,156,78,262,133,0,0,0,0,8,118.865,13.281,4.459,0.171,0.762,0.274,0.307,0.169,1.487,0.132,0.184,0.000,0.973,0.000,0.004,0.002,0.002,0.003,0.001,0.001,0.002,0.008,0.023,1.248,7.111,0.319,0.000,0.000,0.000,0.054,5468320,104,1.788,1.036,0.000,0.000,14
GPU ROAM-like,RelWithDebInfo,D3D12,NVIDIA GeForce RTX 5090 D,Direct3D 12 (feature level 12_0); requested Agility SDK 614; runtime 6.2.26100.8737 (C:\WINDOWS\SYSTEM32\D3D12Core.dll); driver 32.0.15.9186,false,assets/heightmaps/Hm_Terrain_Test_129.pgm,129,129,30.000,4.000,14,4.000,2.000,20000,0.771,0.000,6.000,2.002,13.632,10772,49000,10552,88,43,200,77,0,0,0,0,8,125.536,12.572,3.870,0.107,0.939,0.160,0.182,0.172,1.161,0.094,0.181,0.000,0.875,0.000,0.004,0.003,0.002,0.003,0.001,0.001,0.002,0.007,0.022,1.657,6.628,0.283,0.000,0.000,0.000,0.052,5488032,104,1.426,1.098,0.000,0.000,14
GPU ROAM-like,RelWithDebInfo,D3D12,NVIDIA GeForce RTX 5090 D,Direct3D 12 (feature level 12_0); requested Agility SDK 614; runtime 6.2.26100.8737 (C:\WINDOWS\SYSTEM32\D3D12Core.dll); driver 32.0.15.9186,false,assets/heightmaps/Hm_Terrain_Test_129.pgm,129,129,30.000,4.000,14,4.000,2.000,20000,0.784,0.000,6.000,1.801,12.906,10666,49224,10438,112,56,226,85,0,0,0,0,8,0.000,11.473,3.619,0.090,0.989,0.181,0.181,0.210,0.883,0.093,0.184,0.000,0.810,0.000,0.004,0.002,0.002,0.003,0.001,0.001,0.002,0.008,0.022,1.128,6.319,0.278,0.000,0.000,0.000,0.054,5513120,104,1.186,1.170,0.000,0.000,14
GPU ROAM-like,RelWithDebInfo,D3D12,NVIDIA GeForce RTX 5090 D,Direct3D 12 (feature level 12_0); requested Agility SDK 614; runtime 6.2.26100.8737 (C:\WINDOWS\SYSTEM32\D3D12Core.dll); driver 32.0.15.9186,false,assets/heightmaps/Hm_Terrain_Test_129.pgm,129,129,30.000,4.000,14,4.000,2.000,20000,0.796,0.000,6.000,1.624,11.832,10554,49436,10345,106,52,199,82,0,0,0,0,8,0.000,12.719,3.636,0.116,1.088,0.159,0.184,0.162,0.872,0.077,0.176,0.000,0.801,0.000,0.004,0.002,0.002,0.003,0.001,0.001,0.002,0.008,0.022,1.264,7.386,0.301,0.000,0.000,0.000,0.052,5536864,104,1.111,1.247,0.000,0.000,14
GPU ROAM-like,RelWithDebInfo,D3D12,NVIDIA GeForce RTX 5090 D,Direct3D 12 (feature level 12_0); requested Agility SDK 614; runtime 6.2.26100.8737 (C:\WINDOWS\SYSTEM32\D3D12Core.dll); driver 32.0.15.9186,false,assets/heightmaps/Hm_Terrain_Test_129.pgm,129,129,30.000,4.000,14,4.000,2.000,20000,0.809,0.000,6.000,1.438,13.029,10440,49560,10188,62,31,219,57,0,0,0,0,8,0.000,11.783,3.488,0.133,0.952,0.163,0.176,0.150,0.889,0.049,0.175,0.000,0.801,0.000,0.004,0.003,0.002,0.005,0.001,0.001,0.002,0.007,0.024,1.447,6.396,0.313,0.000,0.000,0.000,0.055,5550752,104,1.088,1.115,0.000,0.000,14
GPU ROAM-like,RelWithDebInfo,D3D12,NVIDIA GeForce RTX 5090 D,Direct3D 12 (feature level 12_0); requested Agility SDK 614; runtime 6.2.26100.8737 (C:\WINDOWS\SYSTEM32\D3D12Core.dll); driver 32.0.15.9186,false,assets/heightmaps/Hm_Terrain_Test_129.pgm,129,129,30.000,4.000,14,4.000,2.000,20000,0.821,0.000,6.000,1.274,12.079,10347,49796,10164,118,59,142,88,0,0,0,0,8,495.678,12.742,3.405,0.124,0.891,0.117,0.172,0.152,0.889,0.080,0.172,0.000,0.806,0.000,0.004,0.002,0.002,0.005,0.001,0.001,0.002,0.007,0.024,1.402,7.467,0.330,0.000,0.000,0.000,0.055,5577184,104,1.121,1.008,0.000,0.000,14
GPU ROAM-like,RelWithDebInfo,D3D12,NVIDIA GeForce RTX 5090 D,Direct3D 12 (feature level 12_0); requested Agility SDK 614; runtime 6.2.26100.8737 (C:\WINDOWS\SYSTEM32\D3D12Core.dll); driver 32.0.15.9186,false,assets/heightmaps/Hm_Terrain_Test_129.pgm,129,129,30.000,4.000,14,4.000,2.000,20000,0.834,0.000,6.000,1.107,13.036,10190,49988,10084,96,47,176,61,0,0,0,0,8,126.877,12.442,3.491,0.122,0.958,0.141,0.168,0.151,0.902,0.073,0.185,0.000,0.791,0.000,0.004,0.002,0.002,0.003,0.001,0.001,0.002,0.008,0.022,1.201,7.325,0.292,0.000,0.000,0.000,0.055,5598688,104,1.126,1.099,0.000,0.000,14
GPU ROAM-like,RelWithDebInfo,D3D12,NVIDIA GeForce RTX 5090 D,Direct3D 12 (feature level 12_0); requested Agility SDK 614; runtime 6.2.26100.8737 (C:\WINDOWS\SYSTEM32\D3D12Core.dll); driver 32.0.15.9186,false,assets/heightmaps/Hm_Terrain_Test_129.pgm,129,129,30.000,4.000,14,4.000,2.000,20000,0.846,0.000,6.000,0.953,12.738,10166,50140,10018,76,38,142,53,0,0,0,0,8,0.000,12.441,3.566,0.104,1.077,0.109,0.167,0.154,0.912,0.060,0.171,0.000,0.810,0.000,0.004,0.003,0.002,0.003,0.001,0.001,0.002,0.007,0.023,1.468,6.984,0.285,0.000,0.000,0.000,0.054,5615712,104,1.127,1.186,0.000,0.000,14
GPU ROAM-like,RelWithDebInfo,D3D12,NVIDIA GeForce RTX 5090 D,Direct3D 12 (feature level 12_0); requested Agility SDK 614; runtime 6.2.26100.8737 (C:\WINDOWS\SYSTEM32\D3D12Core.dll); driver 32.0.15.9186,false,assets/heightmaps/Hm_Terrain_Test_129.pgm,129,129,30.000,4.000,14,4.000,2.000,20000,0.859,0.000,6.000,0.808,12.765,10086,50320,9902,90,45,206,61,0,0,0,0,8,0.000,12.994,4.664,0.098,1.229,0.151,0.173,0.155,1.413,0.106,0.331,0.000,1.010,0.000,0.004,0.003,0.002,0.003,0.001,0.001,0.002,0.007,0.023,1.596,6.291,0.303,0.000,0.000,0.000,0.054,5635872,104,1.673,1.380,0.000,0.000,14
GPU ROAM-like,RelWithDebInfo,D3D12,NVIDIA GeForce RTX 5090 D,Direct3D 12 (feature level 12_0); requested Agility SDK 614; runtime 6.2.26100.8737 (C:\WINDOWS\SYSTEM32\D3D12Core.dll); driver 32.0.15.9186,false,assets/heightmaps/Hm_Terrain_Test_129.pgm,129,129,30.000,4.000,14,4.000,2.000,20000,0.873,0.000,6.000,0.669,13.310,10020,50548,9821,114,56,195,73,0,0,0,0,8,0.000,12.718,3.418,0.134,0.971,0.148,0.172,0.143,0.860,0.083,0.168,0.000,0.738,0.000,0.004,0.002,0.002,0.003,0.001,0.001,0.002,0.007,0.023,1.136,7.702,0.315,0.000,0.000,0.000,0.053,5661408,104,1.086,1.119,0.000,0.000,14
GPU ROAM-like,RelWithDebInfo,D3D12,NVIDIA GeForce RTX 5090 D,Direct3D 12 (feature level 12_0); requested Agility SDK 614; runtime 6.2.26100.8737 (C:\WINDOWS\SYSTEM32\D3D12Core.dll); driver 32.0.15.9186,false,assets/heightmaps/Hm_Terrain_Test_129.pgm,129,129,30.000,4.000,14,4.000,2.000,20000,0.886,0.000,6.000,0.545,13.018,9904,50700,9760,76,38,137,55,0,0,0,0,8,0.000,12.104,3.416,0.116,0.947,0.110,0.171,0.151,0.898,0.059,0.165,0.000,0.800,0.000,0.004,0.002,0.002,0.005,0.001,0.001,0.002,0.008,0.025,1.496,6.737,0.312,0.000,0.000,0.000,0.057,5678432,104,1.108,1.056,0.000,0.000,14
GPU ROAM-like,RelWithDebInfo,D3D12,NVIDIA GeForce RTX 5090 D,Direct3D 12 (feature level 12_0); requested Agility SDK 614; runtime 6.2.26100.8737 (C:\WINDOWS\SYSTEM32\D3D12Core.dll); driver 32.0.15.9186,false,assets/heightmaps/Hm_Terrain_Test_129.pgm,129,129,30.000,4.000,14,4.000,2.000,20000,0.898,0.000,6.000,0.437,12.399,9823,50824,9718,62,31,104,37,0,0,0,0,8,1021.501,12.373,3.289,0.131,0.850,0.098,0.167,0.143,0.911,0.050,0.164,0.000,0.775,0.000,0.004,0.003,0.002,0.003,0.001,0.001,0.002,0.007,0.022,1.123,7.518,0.301,0.000,0.000,0.000,0.052,5692320,104,1.103,0.948,0.000,0.000,14
GPU ROAM-like,RelWithDebInfo,D3D12,NVIDIA GeForce RTX 5090 D,Direct3D 12 (feature level 12_0); requested Agility SDK 614; runtime 6.2.26100.8737 (C:\WINDOWS\SYSTEM32\D3D12Core.dll); driver 32.0.15.9186,false,assets/heightmaps/Hm_Terrain_Test_129.pgm,129,129,30.000,4.000,14,4.000,2.000,20000,0.911,0.000,6.000,0.338,12.679,9762,50932,9680,54,27,92,37,0,0,0,0,8,128.770,12.269,2.982,0.104,0.649,0.089,0.168,0.145,0.899,0.045,0.164,0.000,0.719,0.000,0.004,0.002,0.002,0.003,0.001,0.001,0.002,0.007,0.022,1.613,7.227,0.305,0.000,0.000,0.000,0.052,5704416,104,1.089,0.738,0.000,0.000,14
GPU ROAM-like,RelWithDebInfo,D3D12,NVIDIA GeForce RTX 5090 D,Direct3D 12 (feature level 12_0); requested Agility SDK 614; runtime 6.2.26100.8737 (C:\WINDOWS\SYSTEM32\D3D12Core.dll); driver 32.0.15.9186,false,assets/heightmaps/Hm_Terrain_Test_129.pgm,129,129,30.000,4.000,14,4.000,2.000,20000,0.923,0.000,6.000,0.252,12.592,9720,51024,9654,46,21,72,29,0,0,0,0,8,0.000,12.686,3.956,0.117,1.134,0.079,0.174,0.155,1.274,0.046,0.166,0.000,0.811,0.000,0.004,0.002,0.002,0.003,0.001,0.001,0.002,0.007,0.022,1.145,7.124,0.315,0.000,0.000,0.000,0.052,5714720,104,1.475,1.213,0.000,0.000,14
GPU ROAM-like,RelWithDebInfo,D3D12,NVIDIA GeForce RTX 5090 D,Direct3D 12 (feature level 12_0); requested Agility SDK 614; runtime 6.2.26100.8737 (C:\WINDOWS\SYSTEM32\D3D12Core.dll); driver 32.0.15.9186,false,assets/heightmaps/Hm_Terrain_Test_129.pgm,129,129,30.000,4.000,14,4.000,2.000,20000,0.936,0.000,6.000,0.175,12.992,9682,51140,9636,58,28,76,44,0,0,0,0,8,0.000,11.598,3.242,0.100,0.519,0.069,0.164,0.150,1.268,0.058,0.171,0.000,0.744,0.000,0.004,0.003,0.002,0.005,0.001,0.001,0.002,0.007,0.025,1.151,6.761,0.304,0.000,0.000,0.000,0.057,5727712,104,1.475,0.588,0.000,0.000,14
GPU ROAM-like,RelWithDebInfo,D3D12,NVIDIA GeForce RTX 5090 D,Direct3D 12 (feature level 12_0); requested Agility SDK 614; runtime 6.2.26100.8737 (C:\WINDOWS\SYSTEM32\D3D12Core.dll); driver 32.0.15.9186,false,assets/heightmaps/Hm_Terrain_Test_129.pgm,129,129,30.000,4.000,14,4.000,2.000,20000,0.948,0.000,6.000,0.117,11.898,9656,51206,9547,33,15,122,26,0,0,0,0,8,0.000,5.510,3.897,0.105,1.231,0.105,0.167,0.154,1.236,0.037,0.162,0.000,0.700,0.000,0.004,0.003,0.002,0.003,0.001,0.001,0.002,0.007,0.023,1.157,0.005,0.315,0.000,0.000,0.000,0.053,5735104,104,1.427,1.337,0.000,0.000,14
GPU ROAM-like,RelWithDebInfo,D3D12,NVIDIA GeForce RTX 5090 D,Direct3D 12 (feature level 12_0); requested Agility SDK 614; runtime 6.2.26100.8737 (C:\WINDOWS\SYSTEM32\D3D12Core.dll); driver 32.0.15.9186,false,assets/heightmaps/Hm_Terrain_Test_129.pgm,129,129,30.000,4.000,14,4.000,2.000,20000,0.954,0.000,6.000,0.093,5.799,9638,51244,9552,19,9,14,13,0,0,0,0,8,0.000,4.785,2.904,0.087,0.632,0.015,0.170,0.197,0.905,0.028,0.165,0.000,0.705,0.000,0.004,0.002,0.002,0.003,0.001,0.001,0.002,0.007,0.023,1.469,0.008,0.272,0.000,0.000,0.000,0.053,5739360,104,1.130,0.648,0.000,0.000,14
GPU ROAM-like,RelWithDebInfo,D3D12,NVIDIA GeForce RTX 5090 D,Direct3D 12 (feature level 12_0); requested Agility SDK 614; runtime 6.2.26100.8737 (C:\WINDOWS\SYSTEM32\D3D12Core.dll); driver 32.0.15.9186,false,assets/heightmaps/Hm_Terrain_Test_129.pgm,129,129,30.000,4.000,14,4.000,2.000,20000,0.959,0.000,6.000,0.074,5.085,9549,51252,9554,4,2,2,2,0,0,0,0,8,124.504,12.705,2.982,0.079,0.822,0.005,0.165,0.140,0.901,0.011,0.162,0.000,0.697,0.000,0.002,0.003,0.002,0.003,0.001,0.001,0.002,0.007,0.021,1.408,7.868,0.287,0.000,0.000,0.000,0.050,5740256,104,1.052,0.827,0.000,0.000,14
GPU ROAM-like,RelWithDebInfo,D3D12,NVIDIA GeForce RTX 5090 D,Direct3D 12 (feature level 12_0); requested Agility SDK 614; runtime 6.2.26100.8737 (C:\WINDOWS\SYSTEM32\D3D12Core.dll); driver 32.0.15.9186,false,assets/heightmaps/Hm_Terrain_Test_129.pgm,129,129,30.000,4.000,14,4.000,2.000,20000,0.972,0.000,6.000,0.035,12.993,9554,51282,9537,15,7,32,20,0,0,0,0,8,0.000,5.060,3.495,0.113,0.933,0.055,0.313,0.149,0.946,0.020,0.172,0.000,0.795,0.000,0.003,0.003,0.002,0.003,0.001,0.001,0.002,0.008,0.023,1.126,0.006,0.292,0.000,0.000,0.000,0.050,5743616,104,1.115,0.988,0.000,0.000,14
GPU ROAM-like,RelWithDebInfo,D3D12,NVIDIA GeForce RTX 5090 D,Direct3D 12 (feature level 12_0); requested Agility SDK 614; runtime 6.2.26100.8737 (C:\WINDOWS\SYSTEM32\D3D12Core.dll); driver 32.0.15.9186,false,assets/heightmaps/Hm_Terrain_Test_129.pgm,129,129,30.000,4.000,14,4.000,2.000,20000,0.977,0.000,6.000,0.023,5.344,9556,51300,9546,9,4,0,6,0,0,0,0,8,1053.155,12.009,3.251,0.080,1.099,0.001,0.164,0.146,0.894,0.014,0.163,0.000,0.689,0.000,0.004,0.002,0.002,0.005,0.001,0.001,0.002,0.007,0.024,1.155,7.165,0.293,0.000,0.000,0.000,0.056,5745632,104,1.054,1.100,0.000,0.000,14
GPU ROAM-like,RelWithDebInfo,D3D12,NVIDIA GeForce RTX 5090 D,Direct3D 12 (feature level 12_0); requested Agility SDK 614; runtime 6.2.26100.8737 (C:\WINDOWS\SYSTEM32\D3D12Core.dll); driver 32.0.15.9186,false,assets/heightmaps/Hm_Terrain_Test_129.pgm,129,129,30.000,4.000,14,4.000,2.000,20000,0.990,0.000,6.000,0.005,12.320,9539,51324,9548,12,6,10,8,0,0,0,0,8,132.231,11.958,3.205,0.147,0.900,0.012,0.168,0.149,0.918,0.023,0.164,0.000,0.724,0.000,0.003,0.002,0.002,0.003,0.001,0.001,0.002,0.007,0.021,1.420,6.887,0.297,0.000,0.000,0.000,0.050,5748320,104,1.090,0.912,0.000,0.000,14
GPU ROAM-like,RelWithDebInfo,D3D12,NVIDIA GeForce RTX 5090 D,Direct3D 12 (feature level 12_0); requested Agility SDK 614; runtime 6.2.26100.8737 (C:\WINDOWS\SYSTEM32\D3D12Core.dll); driver 32.0.15.9186,false,assets/heightmaps/Hm_Terrain_Test_129.pgm,129,129,30.000,4.000,14,4.000,2.000,20000,1.000,0.000,6.000,0.000,12.268,9548,51324,9548,0,0,0,0,0,0,0,0,8,0.000,12.753,3.474,0.128,0.825,0.001,0.162,0.154,1.329,0.008,0.162,0.000,0.706,0.000,0.004,0.002,0.002,0.003,0.001,0.001,0.002,0.007,0.022,1.438,7.369,0.318,0.000,0.000,0.000,0.052,5748320,104,1.490,0.826,0.000,0.000,14
