algorithm,buildConfiguration,graphicsBackend,graphicsAdapter,graphicsVersion,vSyncEnabled,heightMapPath,heightMapWidth,heightMapHeight,terrainSize,heightScale,maxDepthSetting,screenSpaceSplitThresholdPixels,screenSpaceMergeThresholdPixels,triangleBudget,timeSeconds,cameraX,cameraY,cameraZ,frameMilliseconds,triangles,nodes,activeSplits,splits,forcedSplits,merges,candidatePeak,budgetRejectedSplits,tjunctions,invalidNeighbors,invalidTopology,cpuWorkers,cpuUtilizationPercent,lodTotalMilliseconds,cpuUpdateMilliseconds,cpuPrepareMilliseconds,cpuMergeCandidateMarkMilliseconds,cpuMergeTopologyMilliseconds,cpuBudgetLeafCollectMilliseconds,cpuErrorEvalMilliseconds,cpuSplitCandidateMarkMilliseconds,cpuSplitTopologyMilliseconds,cpuFinalLeafCollectMilliseconds,cpuMeshEmitMilliseconds,cpuFinalizeMilliseconds,cpuUploadMilliseconds,gpuInitialLeafCompactionMilliseconds,gpuErrorEvaluationMilliseconds,gpuCandidateMarkingMilliseconds,gpuSplitTopologyMilliseconds,gpuActiveLeafResetMilliseconds,gpuFinalLeafCompactionMilliseconds,gpuMeshEmitMilliseconds,gpuPassSumMilliseconds,gpuSnapshotBuildMilliseconds,gpuBufferAllocationMilliseconds,gpuDispatchWallMilliseconds,gpuQueryWaitMilliseconds,gpuReadbackWaitMilliseconds,frameFenceWaitMilliseconds,renderMilliseconds,cpuGpuUploadBytes,cpuGpuReadbackBytes,splitMilliseconds,mergeMilliseconds,emitMilliseconds,validateMilliseconds,maxDepthReached
Classic CPU ROAM,RelWithDebInfo,OpenGL,NVIDIA GeForce RTX 5090 D/PCIe/SSE2,4.3.0 NVIDIA 591.86,false,assets/heightmaps/Hm_Terrain_Test_129.pgm,129,129,30.000,4.000,14,4.000,2.000,20000,0.000,0.000,6.000,15.000,0.036,15199,30396,15197,15197,7664,0,5233,0,0,0,0,1,120.907,26.155,25.844,6.732,0.000,0.000,0.000,0.000,0.001,8.099,0.574,6.898,3.538,0.299,0.000,0.000,0.000,0.000,0.000,0.000,0.000,0.000,0.000,0.000,0.000,0.000,0.000,0.000,0.000,0,0,8.102,0.000,7.472,0.000,14
Classic CPU ROAM,RelWithDebInfo,OpenGL,NVIDIA GeForce RTX 5090 D/PCIe/SSE2,4.3.0 NVIDIA 591.86,false,assets/heightmaps/Hm_Terrain_Test_129.pgm,129,129,30.000,4.000,14,4.000,2.000,20000,0.029,0.000,6.000,14.963,29.089,15231,30502,15229,53,26,21,34,0,0,0,0,1,113.381,14.161,13.778,0.218,1.967,0.009,0.759,0.000,1.746,0.025,0.250,6.620,2.182,0.302,0.000,0.000,0.000,0.000,0.000,0.000,0.000,0.000,0.000,0.000,0.000,0.000,0.000,0.000,0.000,0,0,1.771,1.976,6.871,0.000,14
Classic CPU ROAM,RelWithDebInfo,OpenGL,NVIDIA GeForce RTX 5090 D/PCIe/SSE2,4.3.0 NVIDIA 591.86,false,assets/heightmaps/Hm_Terrain_Test_129.pgm,129,129,30.000,4.000,14,4.000,2.000,20000,0.045,0.000,6.000,14.910,16.208,15235,30624,15233,61,30,57,39,0,0,0,0,1,110.753,14.823,14.104,0.403,2.532,0.019,0.373,0.000,1.332,0.029,0.251,6.490,2.674,0.568,0.000,0.000,0.000,0.000,0.000,0.000,0.000,0.000,0.000,0.000,0.000,0.000,0.000,0.000,0.000,0,0,1.361,2.551,6.741,0.000,14
Classic CPU ROAM,RelWithDebInfo,OpenGL,NVIDIA GeForce RTX 5090 D/PCIe/SSE2,4.3.0 NVIDIA 591.86,false,assets/heightmaps/Hm_Terrain_Test_129.pgm,129,129,30.000,4.000,14,4.000,2.000,20000,0.061,0.000,6.000,14.837,16.126,15201,30686,15199,31,13,65,34,0,0,0,0,1,129.034,12.771,12.105,0.231,1.744,0.022,0.311,0.000,1.243,0.016,0.231,5.830,2.476,0.495,0.000,0.000,0.000,0.000,0.000,0.000,0.000,0.000,0.000,0.000,0.000,0.000,0.000,0.000,0.000,0,0,1.260,1.766,6.061,0.000,14
Classic CPU ROAM,RelWithDebInfo,OpenGL,NVIDIA GeForce RTX 5090 D/PCIe/SSE2,4.3.0 NVIDIA 591.86,false,assets/heightmaps/Hm_Terrain_Test_129.pgm,129,129,30.000,4.000,14,4.000,2.000,20000,0.075,0.000,6.000,14.759,13.583,15166,30822,15164,68,34,103,50,0,0,0,0,1,117.965,13.615,13.243,0.266,1.734,0.032,0.314,0.000,1.739,0.034,0.273,6.251,2.600,0.291,0.000,0.000,0.000,0.000,0.000,0.000,0.000,0.000,0.000,0.000,0.000,0.000,0.000,0.000,0.000,0,0,1.773,1.766,6.525,0.000,14
Classic CPU ROAM,RelWithDebInfo,OpenGL,NVIDIA GeForce RTX 5090 D/PCIe/SSE2,4.3.0 NVIDIA 591.86,false,assets/heightmaps/Hm_Terrain_Test_129.pgm,129,129,30.000,4.000,14,4.000,2.000,20000,0.090,0.000,6.000,14.658,14.881,15075,30978,15073,78,38,169,74,0,0,0,0,1,109.590,14.675,14.254,0.361,1.622,0.048,0.320,0.000,1.288,0.032,0.405,6.331,3.846,0.321,0.000,0.000,0.000,0.000,0.000,0.000,0.000,0.000,0.000,0.000,0.000,0.000,0.000,0.000,0.000,0,0,1.321,1.670,6.736,0.000,14
Classic CPU ROAM,RelWithDebInfo,OpenGL,NVIDIA GeForce RTX 5090 D/PCIe/SSE2,4.3.0 NVIDIA 591.86,false,assets/heightmaps/Hm_Terrain_Test_129.pgm,129,129,30.000,4.000,14,4.000,2.000,20000,0.105,0.000,6.000,14.535,15.523,15026,31120,15024,71,35,120,52,0,0,0,0,1,102.823,15.561,15.194,0.231,2.793,0.038,0.517,0.000,2.112,0.083,0.303,6.629,2.486,0.285,0.000,0.000,0.000,0.000,0.000,0.000,0.000,0.000,0.000,0.000,0.000,0.000,0.000,0.000,0.000,0,0,2.196,2.831,6.932,0.000,14
Classic CPU ROAM,RelWithDebInfo,OpenGL,NVIDIA GeForce RTX 5090 D/PCIe/SSE2,4.3.0 NVIDIA 591.86,false,assets/heightmaps/Hm_Terrain_Test_129.pgm,129,129,30.000,4.000,14,4.000,2.000,20000,0.122,0.000,6.000,14.388,16.292,15059,31376,15057,128,63,95,88,0,0,0,0,1,118.617,13.526,13.170,0.320,1.995,0.030,0.306,0.000,1.167,0.049,0.207,6.692,2.402,0.279,0.000,0.000,0.000,0.000,0.000,0.000,0.000,0.000,0.000,0.000,0.000,0.000,0.000,0.000,0.000,0,0,1.217,2.026,6.899,0.000,14
Classic CPU ROAM,RelWithDebInfo,OpenGL,NVIDIA GeForce RTX 5090 D/PCIe/SSE2,4.3.0 NVIDIA 591.86,false,assets/heightmaps/Hm_Terrain_Test_129.pgm,129,129,30.000,4.000,14,4.000,2.000,20000,0.136,0.000,6.000,14.239,14.659,14964,31588,14962,106,53,201,123,0,0,0,0,1,116.398,13.805,13.419,0.395,1.905,0.063,0.315,0.000,1.160,0.045,0.205,6.772,2.557,0.291,0.000,0.000,0.000,0.000,0.000,0.000,0.000,0.000,0.000,0.000,0.000,0.000,0.000,0.000,0.000,0,0,1.206,1.969,6.977,0.000,14
Classic CPU ROAM,RelWithDebInfo,OpenGL,NVIDIA GeForce RTX 5090 D/PCIe/SSE2,4.3.0 NVIDIA 591.86,false,assets/heightmaps/Hm_Terrain_Test_129.pgm,129,129,30.000,4.000,14,4.000,2.000,20000,0.151,0.000,6.000,14.078,14.558,14944,31808,14942,110,55,130,81,0,0,0,0,1,129.367,12.613,12.076,0.214,1.953,0.035,0.389,0.000,1.192,0.041,0.261,6.065,1.924,0.408,0.000,0.000,0.000,0.000,0.000,0.000,0.000,0.000,0.000,0.000,0.000,0.000,0.000,0.000,0.000,0,0,1.233,1.989,6.326,0.000,14
Classic CPU ROAM,RelWithDebInfo,OpenGL,NVIDIA GeForce RTX 5090 D/PCIe/SSE2,4.3.0 NVIDIA 591.86,false,assets/heightmaps/Hm_Terrain_Test_129.pgm,129,129,30.000,4.000,14,4.000,2.000,20000,0.165,0.000,6.000,13.914,13.766,14999,32124,14997,158,78,103,107,0,0,0,0,1,0.000,12.657,12.253,0.252,1.480,0.030,0.305,0.000,1.054,0.060,0.205,6.232,2.633,0.317,0.000,0.000,0.000,0.000,0.000,0.000,0.000,0.000,0.000,0.000,0.000,0.000,0.000,0.000,0.000,0,0,1.115,1.510,6.436,0.000,14
Classic CPU ROAM,RelWithDebInfo,OpenGL,NVIDIA GeForce RTX 5090 D/PCIe/SSE2,4.3.0 NVIDIA 591.86,false,assets/heightmaps/Hm_Terrain_Test_129.pgm,129,129,30.000,4.000,14,4.000,2.000,20000,0.178,0.000,6.000,13.742,13.422,14729,32340,14727,108,54,378,145,0,0,0,0,1,199.433,16.027,15.667,0.312,2.586,0.113,0.370,0.000,1.339,0.046,0.234,7.179,3.487,0.275,0.000,0.000,0.000,0.000,0.000,0.000,0.000,0.000,0.000,0.000,0.000,0.000,0.000,0.000,0.000,0,0,1.385,2.700,7.413,0.000,14
Classic CPU ROAM,RelWithDebInfo,OpenGL,NVIDIA GeForce RTX 5090 D/PCIe/SSE2,4.3.0 NVIDIA 591.86,false,assets/heightmaps/Hm_Terrain_Test_129.pgm,129,129,30.000,4.000,14,4.000,2.000,20000,0.195,0.000,6.000,13.514,16.719,14722,32708,14720,184,92,191,143,0,0,0,0,1,0.000,13.945,13.519,0.185,1.668,0.054,0.378,0.000,1.423,0.097,0.513,6.030,3.168,0.287,0.000,0.000,0.000,0.000,0.000,0.000,0.000,0.000,0.000,0.000,0.000,0.000,0.000,0.000,0.000,0,0,1.520,1.723,6.544,0.000,14
Classic CPU ROAM,RelWithDebInfo,OpenGL,NVIDIA GeForce RTX 5090 D/PCIe/SSE2,4.3.0 NVIDIA 591.86,false,assets/heightmaps/Hm_Terrain_Test_129.pgm,129,129,30.000,4.000,14,4.000,2.000,20000,0.209,0.000,6.000,13.302,14.619,14598,33028,14596,160,79,284,176,0,0,0,0,1,229.552,13.976,13.611,0.180,2.067,0.090,0.604,0.000,1.566,0.110,0.228,6.368,2.397,0.286,0.000,0.000,0.000,0.000,0.000,0.000,0.000,0.000,0.000,0.000,0.000,0.000,0.000,0.000,0.000,0,0,1.677,2.158,6.596,0.000,14
Classic CPU ROAM,RelWithDebInfo,OpenGL,NVIDIA GeForce RTX 5090 D/PCIe/SSE2,4.3.0 NVIDIA 591.86,false,assets/heightmaps/Hm_Terrain_Test_129.pgm,129,129,30.000,4.000,14,4.000,2.000,20000,0.224,0.000,6.000,13.076,14.736,14680,33444,14678,208,104,126,163,0,0,0,0,1,129.935,12.359,12.023,0.207,1.555,0.041,0.519,0.000,1.408,0.077,0.230,6.058,1.928,0.267,0.000,0.000,0.000,0.000,0.000,0.000,0.000,0.000,0.000,0.000,0.000,0.000,0.000,0.000,0.000,0,0,1.485,1.596,6.288,0.000,14
Classic CPU ROAM,RelWithDebInfo,OpenGL,NVIDIA GeForce RTX 5090 D/PCIe/SSE2,4.3.0 NVIDIA 591.86,false,assets/heightmaps/Hm_Terrain_Test_129.pgm,129,129,30.000,4.000,14,4.000,2.000,20000,0.237,0.000,6.000,12.869,13.009,14542,33744,14540,150,74,288,136,0,0,0,0,1,123.476,13.017,12.652,0.158,1.437,0.086,0.515,0.000,1.642,0.057,0.214,5.756,2.785,0.279,0.000,0.000,0.000,0.000,0.000,0.000,0.000,0.000,0.000,0.000,0.000,0.000,0.000,0.000,0.000,0,0,1.701,1.523,5.970,0.000,14
Classic CPU ROAM,RelWithDebInfo,OpenGL,NVIDIA GeForce RTX 5090 D/PCIe/SSE2,4.3.0 NVIDIA 591.86,false,assets/heightmaps/Hm_Terrain_Test_129.pgm,129,129,30.000,4.000,14,4.000,2.000,20000,0.251,0.000,6.000,12.641,13.690,14502,34152,14500,204,102,244,157,0,0,0,0,1,123.661,12.988,12.633,0.208,1.605,0.071,0.420,0.000,1.613,0.077,0.219,6.099,2.318,0.270,0.000,0.000,0.000,0.000,0.000,0.000,0.000,0.000,0.000,0.000,0.000,0.000,0.000,0.000,0.000,0,0,1.691,1.677,6.318,0.000,14
Classic CPU ROAM,RelWithDebInfo,OpenGL,NVIDIA GeForce RTX 5090 D/PCIe/SSE2,4.3.0 NVIDIA 591.86,false,assets/heightmaps/Hm_Terrain_Test_129.pgm,129,129,30.000,4.000,14,4.000,2.000,20000,0.265,0.000,6.000,12.406,13.650,14406,34492,14404,170,84,266,156,0,0,0,0,1,127.983,12.554,12.207,0.144,1.322,0.077,0.301,0.000,1.492,0.087,0.252,5.507,3.025,0.270,0.000,0.000,0.000,0.000,0.000,0.000,0.000,0.000,0.000,0.000,0.000,0.000,0.000,0.000,0.000,0,0,1.579,1.399,5.759,0.000,14
Classic CPU ROAM,RelWithDebInfo,OpenGL,NVIDIA GeForce RTX 5090 D/PCIe/SSE2,4.3.0 NVIDIA 591.86,false,assets/heightmaps/Hm_Terrain_Test_129.pgm,129,129,30.000,4.000,14,4.000,2.000,20000,0.278,0.000,6.000,12.170,13.315,14402,34880,14400,194,97,198,153,0,0,0,0,1,124.035,12.948,12.596,0.158,1.466,0.058,0.317,0.000,1.116,0.099,0.327,5.943,3.109,0.271,0.000,0.000,0.000,0.000,0.000,0.000,0.000,0.000,0.000,0.000,0.000,0.000,0.000,0.000,0.000,0,0,1.216,1.525,6.271,0.000,14
Classic CPU ROAM,RelWithDebInfo,OpenGL,NVIDIA GeForce RTX 5090 D/PCIe/SSE2,4.3.0 NVIDIA 591.86,false,assets/heightmaps/Hm_Terrain_Test_129.pgm,129,129,30.000,4.000,14,4.000,2.000,20000,0.291,0.000,6.000,11.921,13.557,14257,35312,14255,216,107,361,163,0,0,0,0,1,0.000,11.976,11.529,0.164,1.492,0.101,0.290,0.000,1.218,0.083,0.315,5.220,2.645,0.318,0.000,0.000,0.000,0.000,0.000,0.000,0.000,0.000,0.000,0.000,0.000,0.000,0.000,0.000,0.000,0,0,1.301,1.593,5.535,0.000,14
Classic CPU ROAM,RelWithDebInfo,OpenGL,NVIDIA GeForce RTX 5090 D/PCIe/SSE2,4.3.0 NVIDIA 591.86,false,assets/heightmaps/Hm_Terrain_Test_129.pgm,129,129,30.000,4.000,14,4.000,2.000,20000,0.304,0.000,6.000,11.684,12.617,14202,35744,14200,216,108,271,166,0,0,0,0,1,0.000,13.064,12.687,0.200,1.598,0.077,0.296,0.000,0.960,0.081,0.160,6.220,3.094,0.289,0.000,0.000,0.000,0.000,0.000,0.000,0.000,0.000,0.000,0.000,0.000,0.000,0.000,0.000,0.000,0,0,1.041,1.675,6.381,0.000,14
Classic CPU ROAM,RelWithDebInfo,OpenGL,NVIDIA GeForce RTX 5090 D/PCIe/SSE2,4.3.0 NVIDIA 591.86,false,assets/heightmaps/Hm_Terrain_Test_129.pgm,129,129,30.000,4.000,14,4.000,2.000,20000,0.318,0.000,6.000,11.418,13.771,14156,36228,14154,242,120,288,188,0,0,0,0,1,123.235,13.234,12.677,0.191,2.127,0.087,0.306,0.000,1.110,0.094,0.228,6.010,2.524,0.433,0.000,0.000,0.000,0.000,0.000,0.000,0.000,0.000,0.000,0.000,0.000,0.000,0.000,0.000,0.000,0,0,1.204,2.214,6.238,0.000,14
Classic CPU ROAM,RelWithDebInfo,OpenGL,NVIDIA GeForce RTX 5090 D/PCIe/SSE2,4.3.0 NVIDIA 591.86,false,assets/heightmaps/Hm_Terrain_Test_129.pgm,129,129,30.000,4.000,14,4.000,2.000,20000,0.332,0.000,6.000,11.144,13.917,14127,36676,14125,224,112,253,182,0,0,0,0,1,136.896,11.830,11.412,0.213,1.367,0.070,0.264,0.000,1.007,0.129,0.185,5.974,2.202,0.329,0.000,0.000,0.000,0.000,0.000,0.000,0.000,0.000,0.000,0.000,0.000,0.000,0.000,0.000,0.000,0,0,1.136,1.438,6.159,0.000,14
Classic CPU ROAM,RelWithDebInfo,OpenGL,NVIDIA GeForce RTX 5090 D/PCIe/SSE2,4.3.0 NVIDIA 591.86,false,assets/heightmaps/Hm_Terrain_Test_129.pgm,129,129,30.000,4.000,14,4.000,2.000,20000,0.345,0.000,6.000,10.874,13.357,13948,37112,13946,218,108,397,178,0,0,0,0,1,122.880,13.122,12.713,0.233,1.797,0.117,0.309,0.000,1.022,0.117,0.187,5.862,3.068,0.300,0.000,0.000,0.000,0.000,0.000,0.000,0.000,0.000,0.000,0.000,0.000,0.000,0.000,0.000,0.000,0,0,1.140,1.914,6.049,0.000,14
Classic CPU ROAM,RelWithDebInfo,OpenGL,NVIDIA GeForce RTX 5090 D/PCIe/SSE2,4.3.0 NVIDIA 591.86,false,assets/heightmaps/Hm_Terrain_Test_129.pgm,129,129,30.000,4.000,14,4.000,2.000,20000,0.359,0.000,6.000,10.581,14.287,13912,37608,13910,248,123,284,188,0,0,0,0,1,144.885,11.152,10.781,0.290,1.763,0.082,0.295,0.000,0.981,0.086,0.144,5.439,1.699,0.286,0.000,0.000,0.000,0.000,0.000,0.000,0.000,0.000,0.000,0.000,0.000,0.000,0.000,0.000,0.000,0,0,1.068,1.845,5.583,0.000,14
Classic CPU ROAM,RelWithDebInfo,OpenGL,NVIDIA GeForce RTX 5090 D/PCIe/SSE2,4.3.0 NVIDIA 591.86,false,assets/heightmaps/Hm_Terrain_Test_129.pgm,129,129,30.000,4.000,14,4.000,2.000,20000,0.371,0.000,6.000,10.332,11.945,13868,37980,13866,186,93,230,149,0,0,0,0,1,122.287,13.139,12.776,0.344,2.551,0.068,0.284,0.000,1.014,0.066,0.122,6.060,2.266,0.280,0.000,0.000,0.000,0.000,0.000,0.000,0.000,0.000,0.000,0.000,0.000,0.000,0.000,0.000,0.000,0,0,1.080,2.619,6.182,0.000,14
Classic CPU ROAM,RelWithDebInfo,OpenGL,NVIDIA GeForce RTX 5090 D/PCIe/SSE2,4.3.0 NVIDIA 591.86,false,assets/heightmaps/Hm_Terrain_Test_129.pgm,129,129,30.000,4.000,14,4.000,2.000,20000,0.385,0.000,6.000,10.039,13.841,13686,38404,13684,212,105,394,178,0,0,0,0,1,0.000,12.090,11.773,0.233,2.136,0.118,0.321,0.000,1.370,0.102,0.159,5.561,1.771,0.246,0.000,0.000,0.000,0.000,0.000,0.000,0.000,0.000,0.000,0.000,0.000,0.000,0.000,0.000,0.000,0,0,1.472,2.255,5.721,0.000,14
Classic CPU ROAM,RelWithDebInfo,OpenGL,NVIDIA GeForce RTX 5090 D/PCIe/SSE2,4.3.0 NVIDIA 591.86,false,assets/heightmaps/Hm_Terrain_Test_129.pgm,129,129,30.000,4.000,14,4.000,2.000,20000,0.398,0.000,6.000,9.766,12.719,13604,38860,13602,228,114,310,186,0,0,0,0,1,0.000,10.676,10.372,0.172,1.245,0.099,0.487,0.000,0.964,0.077,0.130,4.981,2.216,0.238,0.000,0.000,0.000,0.000,0.000,0.000,0.000,0.000,0.000,0.000,0.000,0.000,0.000,0.000,0.000,0,0,1.042,1.344,5.110,0.000,14
Classic CPU ROAM,RelWithDebInfo,OpenGL,NVIDIA GeForce RTX 5090 D/PCIe/SSE2,4.3.0 NVIDIA 591.86,false,assets/heightmaps/Hm_Terrain_Test_129.pgm,129,129,30.000,4.000,14,4.000,2.000,20000,0.409,0.000,6.000,9.520,11.375,13504,39144,13502,142,70,242,150,0,0,0,0,1,138.529,11.643,11.276,0.155,1.147,0.068,0.208,0.000,0.765,0.051,0.136,5.787,2.958,0.267,0.000,0.000,0.000,0.000,0.000,0.000,0.000,0.000,0.000,0.000,0.000,0.000,0.000,0.000,0.000,0,0,0.816,1.215,5.923,0.000,14
Classic CPU ROAM,RelWithDebInfo,OpenGL,NVIDIA GeForce RTX 5090 D/PCIe/SSE2,4.3.0 NVIDIA 591.86,false,assets/heightmaps/Hm_Terrain_Test_129.pgm,129,129,30.000,4.000,14,4.000,2.000,20000,0.422,0.000,6.000,9.250,12.344,13513,39582,13511,219,109,210,185,0,0,0,0,1,106.287,15.483,14.697,0.198,2.056,0.064,0.300,0.000,0.962,0.078,0.142,6.089,4.805,0.581,0.000,0.000,0.000,0.000,0.000,0.000,0.000,0.000,0.000,0.000,0.000,0.000,0.000,0.000,0.000,0,0,1.041,2.121,6.231,0.000,14
Classic CPU ROAM,RelWithDebInfo,OpenGL,NVIDIA GeForce RTX 5090 D/PCIe/SSE2,4.3.0 NVIDIA 591.86,false,assets/heightmaps/Hm_Terrain_Test_129.pgm,129,129,30.000,4.000,14,4.000,2.000,20000,0.439,0.000,6.000,8.874,17.040,13346,40132,13344,275,137,442,235,0,0,0,0,1,127.590,12.616,12.245,0.179,2.086,0.171,0.401,0.000,1.111,0.123,0.145,4.913,3.113,0.291,0.000,0.000,0.000,0.000,0.000,0.000,0.000,0.000,0.000,0.000,0.000,0.000,0.000,0.000,0.000,0,0,1.235,2.258,5.058,0.000,14
Classic CPU ROAM,RelWithDebInfo,OpenGL,NVIDIA GeForce RTX 5090 D/PCIe/SSE2,4.3.0 NVIDIA 591.86,false,assets/heightmaps/Hm_Terrain_Test_129.pgm,129,129,30.000,4.000,14,4.000,2.000,20000,0.452,0.000,6.000,8.570,13.672,13298,40632,13296,250,124,298,207,0,0,0,0,1,133.606,12.040,11.691,0.360,1.932,0.098,0.340,0.000,1.644,0.143,0.145,4.862,2.166,0.258,0.000,0.000,0.000,0.000,0.000,0.000,0.000,0.000,0.000,0.000,0.000,0.000,0.000,0.000,0.000,0,0,1.788,2.031,5.007,0.000,14
Classic CPU ROAM,RelWithDebInfo,OpenGL,NVIDIA GeForce RTX 5090 D/PCIe/SSE2,4.3.0 NVIDIA 591.86,false,assets/heightmaps/Hm_Terrain_Test_129.pgm,129,129,30.000,4.000,14,4.000,2.000,20000,0.465,0.000,6.000,8.287,12.666,13287,41080,13285,224,111,235,181,0,0,0,0,1,0.000,11.571,10.928,0.134,1.094,0.063,0.189,0.000,0.705,0.112,0.152,5.878,2.599,0.487,0.000,0.000,0.000,0.000,0.000,0.000,0.000,0.000,0.000,0.000,0.000,0.000,0.000,0.000,0.000,0,0,0.817,1.158,6.030,0.000,14
Classic CPU ROAM,RelWithDebInfo,OpenGL,NVIDIA GeForce RTX 5090 D/PCIe/SSE2,4.3.0 NVIDIA 591.86,false,assets/heightmaps/Hm_Terrain_Test_129.pgm,129,129,30.000,4.000,14,4.000,2.000,20000,0.478,0.000,6.000,7.996,12.996,13110,41524,13108,222,111,399,182,0,0,0,0,1,0.000,12.130,11.775,0.232,1.787,0.114,0.228,0.000,0.821,0.081,0.104,5.373,3.034,0.257,0.000,0.000,0.000,0.000,0.000,0.000,0.000,0.000,0.000,0.000,0.000,0.000,0.000,0.000,0.000,0,0,0.902,1.902,5.476,0.000,14
Classic CPU ROAM,RelWithDebInfo,OpenGL,NVIDIA GeForce RTX 5090 D/PCIe/SSE2,4.3.0 NVIDIA 591.86,false,assets/heightmaps/Hm_Terrain_Test_129.pgm,129,129,30.000,4.000,14,4.000,2.000,20000,0.491,0.000,6.000,7.706,12.892,13136,42044,13134,260,129,234,215,0,0,0,0,1,150.851,10.676,10.355,0.225,2.073,0.070,0.220,0.000,0.833,0.091,0.123,5.130,1.589,0.234,0.000,0.000,0.000,0.000,0.000,0.000,0.000,0.000,0.000,0.000,0.000,0.000,0.000,0.000,0.000,0,0,0.924,2.143,5.253,0.000,14
Classic CPU ROAM,RelWithDebInfo,OpenGL,NVIDIA GeForce RTX 5090 D/PCIe/SSE2,4.3.0 NVIDIA 591.86,false,assets/heightmaps/Hm_Terrain_Test_129.pgm,129,129,30.000,4.000,14,4.000,2.000,20000,0.502,0.000,6.000,7.450,11.366,13056,42392,13054,174,87,254,142,0,0,0,0,1,142.080,11.333,10.995,0.162,1.709,0.095,0.389,0.000,0.865,0.122,0.146,4.891,2.615,0.251,0.000,0.000,0.000,0.000,0.000,0.000,0.000,0.000,0.000,0.000,0.000,0.000,0.000,0.000,0.000,0,0,0.988,1.804,5.037,0.000,14
Classic CPU ROAM,RelWithDebInfo,OpenGL,NVIDIA GeForce RTX 5090 D/PCIe/SSE2,4.3.0 NVIDIA 591.86,false,assets/heightmaps/Hm_Terrain_Test_129.pgm,129,129,30.000,4.000,14,4.000,2.000,20000,0.514,0.000,6.000,7.177,12.134,13006,42860,13004,234,116,284,184,0,0,0,0,1,160.015,10.111,9.762,0.167,1.283,0.081,0.227,0.000,0.775,0.097,0.123,5.148,1.861,0.275,0.000,0.000,0.000,0.000,0.000,0.000,0.000,0.000,0.000,0.000,0.000,0.000,0.000,0.000,0.000,0,0,0.873,1.364,5.270,0.000,14
Classic CPU ROAM,RelWithDebInfo,OpenGL,NVIDIA GeForce RTX 5090 D/PCIe/SSE2,4.3.0 NVIDIA 591.86,false,assets/heightmaps/Hm_Terrain_Test_129.pgm,129,129,30.000,4.000,14,4.000,2.000,20000,0.525,0.000,6.000,6.927,11.143,12974,43248,12972,194,97,226,155,0,0,0,0,1,0.000,9.467,9.172,0.230,1.308,0.063,0.191,0.000,0.676,0.066,0.121,5.069,1.446,0.229,0.000,0.000,0.000,0.000,0.000,0.000,0.000,0.000,0.000,0.000,0.000,0.000,0.000,0.000,0.000,0,0,0.743,1.371,5.190,0.000,14
Classic CPU ROAM,RelWithDebInfo,OpenGL,NVIDIA GeForce RTX 5090 D/PCIe/SSE2,4.3.0 NVIDIA 591.86,false,assets/heightmaps/Hm_Terrain_Test_129.pgm,129,129,30.000,4.000,14,4.000,2.000,20000,0.536,0.000,6.000,6.698,10.227,12954,43676,12952,214,106,234,149,0,0,0,0,1,171.679,9.439,9.099,0.145,0.973,0.069,0.195,0.000,0.698,0.109,0.201,4.838,1.870,0.260,0.000,0.000,0.000,0.000,0.000,0.000,0.000,0.000,0.000,0.000,0.000,0.000,0.000,0.000,0.000,0,0,0.808,1.043,5.039,0.000,14
Classic CPU ROAM,RelWithDebInfo,OpenGL,NVIDIA GeForce RTX 5090 D/PCIe/SSE2,4.3.0 NVIDIA 591.86,false,assets/heightmaps/Hm_Terrain_Test_129.pgm,129,129,30.000,4.000,14,4.000,2.000,20000,0.546,0.000,6.000,6.462,10.555,12886,44052,12884,188,94,256,146,0,0,0,0,1,137.736,11.704,11.339,0.255,1.740,0.077,0.219,0.000,0.794,0.090,0.131,5.480,2.553,0.268,0.000,0.000,0.000,0.000,0.000,0.000,0.000,0.000,0.000,0.000,0.000,0.000,0.000,0.000,0.000,0,0,0.885,1.818,5.610,0.000,14
Classic CPU ROAM,RelWithDebInfo,OpenGL,NVIDIA GeForce RTX 5090 D/PCIe/SSE2,4.3.0 NVIDIA 591.86,false,assets/heightmaps/Hm_Terrain_Test_129.pgm,129,129,30.000,4.000,14,4.000,2.000,20000,0.559,0.000,6.000,6.185,12.456,12707,44512,12705,230,114,409,175,0,0,0,0,1,0.000,9.752,9.464,0.161,1.880,0.125,0.204,0.000,0.727,0.075,0.112,4.788,1.392,0.219,0.000,0.000,0.000,0.000,0.000,0.000,0.000,0.000,0.000,0.000,0.000,0.000,0.000,0.000,0.000,0,0,0.802,2.005,4.899,0.000,14
Classic CPU ROAM,RelWithDebInfo,OpenGL,NVIDIA GeForce RTX 5090 D/PCIe/SSE2,4.3.0 NVIDIA 591.86,false,assets/heightmaps/Hm_Terrain_Test_129.pgm,129,129,30.000,4.000,14,4.000,2.000,20000,0.569,0.000,6.000,5.956,10.319,12730,44896,12728,192,96,169,143,0,0,0,0,1,0.000,8.963,8.676,0.109,0.904,0.047,0.142,0.000,0.607,0.060,0.111,5.144,1.551,0.221,0.000,0.000,0.000,0.000,0.000,0.000,0.000,0.000,0.000,0.000,0.000,0.000,0.000,0.000,0.000,0,0,0.668,0.951,5.256,0.000,14
Classic CPU ROAM,RelWithDebInfo,OpenGL,NVIDIA GeForce RTX 5090 D/PCIe/SSE2,4.3.0 NVIDIA 591.86,false,assets/heightmaps/Hm_Terrain_Test_129.pgm,129,129,30.000,4.000,14,4.000,2.000,20000,0.579,0.000,6.000,5.741,9.793,12646,45208,12644,156,77,240,128,0,0,0,0,1,155.877,10.402,10.023,0.129,1.256,0.071,0.243,0.000,0.863,0.052,0.094,4.408,2.906,0.290,0.000,0.000,0.000,0.000,0.000,0.000,0.000,0.000,0.000,0.000,0.000,0.000,0.000,0.000,0.000,0,0,0.915,1.328,4.501,0.000,14
Classic CPU ROAM,RelWithDebInfo,OpenGL,NVIDIA GeForce RTX 5090 D/PCIe/SSE2,4.3.0 NVIDIA 591.86,false,assets/heightmaps/Hm_Terrain_Test_129.pgm,129,129,30.000,4.000,14,4.000,2.000,20000,0.590,0.000,6.000,5.489,11.507,12563,45534,12561,163,81,246,128,0,0,0,0,1,0.000,9.169,8.878,0.175,1.437,0.075,0.198,0.000,0.713,0.050,0.127,4.888,1.214,0.218,0.000,0.000,0.000,0.000,0.000,0.000,0.000,0.000,0.000,0.000,0.000,0.000,0.000,0.000,0.000,0,0,0.763,1.513,5.015,0.000,14
Classic CPU ROAM,RelWithDebInfo,OpenGL,NVIDIA GeForce RTX 5090 D/PCIe/SSE2,4.3.0 NVIDIA 591.86,false,assets/heightmaps/Hm_Terrain_Test_129.pgm,129,129,30.000,4.000,14,4.000,2.000,20000,0.600,0.000,6.000,5.279,9.719,12432,45780,12430,123,61,254,114,0,0,0,0,1,310.439,10.370,10.065,0.111,1.204,0.084,0.258,0.000,0.649,0.150,0.157,4.832,2.619,0.230,0.000,0.000,0.000,0.000,0.000,0.000,0.000,0.000,0.000,0.000,0.000,0.000,0.000,0.000,0.000,0,0,0.799,1.289,4.989,0.000,14
Classic CPU ROAM,RelWithDebInfo,OpenGL,NVIDIA GeForce RTX 5090 D/PCIe/SSE2,4.3.0 NVIDIA 591.86,false,assets/heightmaps/Hm_Terrain_Test_129.pgm,129,129,30.000,4.000,14,4.000,2.000,20000,0.611,0.000,6.000,5.043,10.945,12354,46044,12352,132,66,210,126,0,0,0,0,1,161.519,10.002,9.672,0.121,1.096,0.060,0.185,0.000,0.583,0.036,0.095,5.066,2.428,0.248,0.000,0.000,0.000,0.000,0.000,0.000,0.000,0.000,0.000,0.000,0.000,0.000,0.000,0.000,0.000,0,0,0.620,1.156,5.161,0.000,14
Classic CPU ROAM,RelWithDebInfo,OpenGL,NVIDIA GeForce RTX 5090 D/PCIe/SSE2,4.3.0 NVIDIA 591.86,false,assets/heightmaps/Hm_Terrain_Test_129.pgm,129,129,30.000,4.000,14,4.000,2.000,20000,0.622,0.000,6.000,4.817,10.641,12230,46244,12228,100,49,224,128,0,0,0,0,1,0.000,9.397,9.125,0.198,1.973,0.063,0.183,0.000,0.631,0.027,0.108,4.608,1.333,0.209,0.000,0.000,0.000,0.000,0.000,0.000,0.000,0.000,0.000,0.000,0.000,0.000,0.000,0.000,0.000,0,0,0.659,2.037,4.716,0.000,14
Classic CPU ROAM,RelWithDebInfo,OpenGL,NVIDIA GeForce RTX 5090 D/PCIe/SSE2,4.3.0 NVIDIA 591.86,false,assets/heightmaps/Hm_Terrain_Test_129.pgm,129,129,30.000,4.000,14,4.000,2.000,20000,0.632,0.000,6.000,4.608,9.930,12202,46472,12200,114,57,142,88,0,0,0,0,1,0.000,9.720,9.368,0.107,0.825,0.035,0.129,0.000,0.493,0.028,0.106,5.354,2.289,0.270,0.000,0.000,0.000,0.000,0.000,0.000,0.000,0.000,0.000,0.000,0.000,0.000,0.000,0.000,0.000,0,0,0.521,0.861,5.460,0.000,14
Classic CPU ROAM,RelWithDebInfo,OpenGL,NVIDIA GeForce RTX 5090 D/PCIe/SSE2,4.3.0 NVIDIA 591.86,false,assets/heightmaps/Hm_Terrain_Test_129.pgm,129,129,30.000,4.000,14,4.000,2.000,20000,0.642,0.000,6.000,4.384,10.766,11908,46684,11906,106,52,400,152,0,0,0,0,1,164.404,9.917,9.500,0.223,1.880,0.140,0.256,0.000,0.681,0.032,0.088,4.111,2.087,0.298,0.000,0.000,0.000,0.000,0.000,0.000,0.000,0.000,0.000,0.000,0.000,0.000,0.000,0.000,0.000,0,0,0.713,2.021,4.199,0.000,14
Classic CPU ROAM,RelWithDebInfo,OpenGL,NVIDIA GeForce RTX 5090 D/PCIe/SSE2,4.3.0 NVIDIA 591.86,false,assets/heightmaps/Hm_Terrain_Test_129.pgm,129,129,30.000,4.000,14,4.000,2.000,20000,0.653,0.000,6.000,4.162,10.780,11826,46912,11824,114,57,196,106,0,0,0,0,1,0.000,8.013,7.749,0.139,1.079,0.054,0.153,0.000,0.563,0.033,0.087,4.465,1.175,0.198,0.000,0.000,0.000,0.000,0.000,0.000,0.000,0.000,0.000,0.000,0.000,0.000,0.000,0.000,0.000,0,0,0.596,1.134,4.552,0.000,14
Classic CPU ROAM,RelWithDebInfo,OpenGL,NVIDIA GeForce RTX 5090 D/PCIe/SSE2,4.3.0 NVIDIA 591.86,false,assets/heightmaps/Hm_Terrain_Test_129.pgm,129,129,30.000,4.000,14,4.000,2.000,20000,0.662,0.000,6.000,3.986,8.687,11684,47040,11682,64,31,206,116,0,0,0,0,1,208.874,7.761,7.477,0.157,0.845,0.057,0.133,0.000,0.667,0.036,0.193,4.222,1.165,0.212,0.000,0.000,0.000,0.000,0.000,0.000,0.000,0.000,0.000,0.000,0.000,0.000,0.000,0.000,0.000,0,0,0.703,0.903,4.415,0.000,14
Classic CPU ROAM,RelWithDebInfo,OpenGL,NVIDIA GeForce RTX 5090 D/PCIe/SSE2,4.3.0 NVIDIA 591.86,false,assets/heightmaps/Hm_Terrain_Test_129.pgm,129,129,30.000,4.000,14,4.000,2.000,20000,0.670,0.000,6.000,3.818,8.397,11658,47216,11656,88,44,114,76,0,0,0,0,1,0.000,8.507,8.171,0.112,1.429,0.033,0.152,0.000,0.461,0.025,0.081,3.994,1.883,0.256,0.000,0.000,0.000,0.000,0.000,0.000,0.000,0.000,0.000,0.000,0.000,0.000,0.000,0.000,0.000,0,0,0.486,1.462,4.076,0.000,14
Classic CPU ROAM,RelWithDebInfo,OpenGL,NVIDIA GeForce RTX 5090 D/PCIe/SSE2,4.3.0 NVIDIA 591.86,false,assets/heightmaps/Hm_Terrain_Test_129.pgm,129,129,30.000,4.000,14,4.000,2.000,20000,0.679,0.000,6.000,3.637,9.158,11572,47412,11570,98,49,184,88,0,0,0,0,1,0.000,8.795,8.488,0.111,0.949,0.050,0.141,0.000,0.464,0.028,0.081,4.587,2.077,0.237,0.000,0.000,0.000,0.000,0.000,0.000,0.000,0.000,0.000,0.000,0.000,0.000,0.000,0.000,0.000,0,0,0.492,0.998,4.668,0.000,14
Classic CPU ROAM,RelWithDebInfo,OpenGL,NVIDIA GeForce RTX 5090 D/PCIe/SSE2,4.3.0 NVIDIA 591.86,false,assets/heightmaps/Hm_Terrain_Test_129.pgm,129,129,30.000,4.000,14,4.000,2.000,20000,0.689,0.000,6.000,3.455,9.379,11370,47572,11368,80,39,282,126,0,0,0,0,1,204.985,7.899,7.621,0.134,0.979,0.078,0.157,0.000,0.505,0.024,0.105,4.656,0.979,0.216,0.000,0.000,0.000,0.000,0.000,0.000,0.000,0.000,0.000,0.000,0.000,0.000,0.000,0.000,0.000,0,0,0.530,1.059,4.761,0.000,14
Classic CPU ROAM,RelWithDebInfo,OpenGL,NVIDIA GeForce RTX 5090 D/PCIe/SSE2,4.3.0 NVIDIA 591.86,false,assets/heightmaps/Hm_Terrain_Test_129.pgm,129,129,30.000,4.000,14,4.000,2.000,20000,0.697,0.000,6.000,3.292,8.490,11306,47744,11304,86,43,150,82,0,0,0,0,1,0.000,7.414,7.135,0.101,0.895,0.052,0.185,0.000,0.617,0.068,0.106,4.139,0.971,0.215,0.000,0.000,0.000,0.000,0.000,0.000,0.000,0.000,0.000,0.000,0.000,0.000,0.000,0.000,0.000,0,0,0.686,0.947,4.245,0.000,14
Classic CPU ROAM,RelWithDebInfo,OpenGL,NVIDIA GeForce RTX 5090 D/PCIe/SSE2,4.3.0 NVIDIA 591.86,false,assets/heightmaps/Hm_Terrain_Test_129.pgm,129,129,30.000,4.000,14,4.000,2.000,20000,0.706,0.000,6.000,3.135,8.338,11285,47894,11283,75,37,96,62,0,0,0,0,1,211.060,7.753,7.401,0.104,0.867,0.027,0.113,0.000,0.420,0.020,0.082,4.153,1.614,0.260,0.000,0.000,0.000,0.000,0.000,0.000,0.000,0.000,0.000,0.000,0.000,0.000,0.000,0.000,0.000,0,0,0.440,0.894,4.235,0.000,14
Classic CPU ROAM,RelWithDebInfo,OpenGL,NVIDIA GeForce RTX 5090 D/PCIe/SSE2,4.3.0 NVIDIA 591.86,false,assets/heightmaps/Hm_Terrain_Test_129.pgm,129,129,30.000,4.000,14,4.000,2.000,20000,0.714,0.000,6.000,2.980,8.370,11188,48060,11186,83,41,180,100,0,0,0,0,1,0.000,7.114,6.842,0.100,0.765,0.050,0.096,0.000,0.387,0.023,0.093,4.082,1.245,0.207,0.000,0.000,0.000,0.000,0.000,0.000,0.000,0.000,0.000,0.000,0.000,0.000,0.000,0.000,0.000,0,0,0.410,0.816,4.175,0.000,14
Classic CPU ROAM,RelWithDebInfo,OpenGL,NVIDIA GeForce RTX 5090 D/PCIe/SSE2,4.3.0 NVIDIA 591.86,false,assets/heightmaps/Hm_Terrain_Test_129.pgm,129,129,30.000,4.000,14,4.000,2.000,20000,0.722,0.000,6.000,2.841,7.605,11081,48184,11079,62,31,169,82,0,0,0,0,1,219.221,7.384,7.127,0.114,0.929,0.044,0.096,0.000,0.399,0.017,0.097,4.284,1.146,0.199,0.000,0.000,0.000,0.000,0.000,0.000,0.000,0.000,0.000,0.000,0.000,0.000,0.000,0.000,0.000,0,0,0.416,0.973,4.381,0.000,14
Classic CPU ROAM,RelWithDebInfo,OpenGL,NVIDIA GeForce RTX 5090 D/PCIe/SSE2,4.3.0 NVIDIA 591.86,false,assets/heightmaps/Hm_Terrain_Test_129.pgm,129,129,30.000,4.000,14,4.000,2.000,20000,0.729,0.000,6.000,2.699,7.923,11005,48348,11003,82,41,158,64,0,0,0,0,1,0.000,6.965,6.720,0.092,0.702,0.039,0.094,0.000,0.371,0.022,0.094,4.238,1.067,0.186,0.000,0.000,0.000,0.000,0.000,0.000,0.000,0.000,0.000,0.000,0.000,0.000,0.000,0.000,0.000,0,0,0.393,0.741,4.333,0.000,14
Classic CPU ROAM,RelWithDebInfo,OpenGL,NVIDIA GeForce RTX 5090 D/PCIe/SSE2,4.3.0 NVIDIA 591.86,false,assets/heightmaps/Hm_Terrain_Test_129.pgm,129,129,30.000,4.000,14,4.000,2.000,20000,0.737,0.000,6.000,2.569,7.407,10862,48460,10860,56,27,199,76,0,0,0,0,1,210.631,7.680,7.417,0.088,0.682,0.049,0.086,0.000,0.360,0.015,0.075,4.507,1.554,0.202,0.000,0.000,0.000,0.000,0.000,0.000,0.000,0.000,0.000,0.000,0.000,0.000,0.000,0.000,0.000,0,0,0.375,0.731,4.582,0.000,14
Classic CPU ROAM,RelWithDebInfo,OpenGL,NVIDIA GeForce RTX 5090 D/PCIe/SSE2,4.3.0 NVIDIA 591.86,false,assets/heightmaps/Hm_Terrain_Test_129.pgm,129,129,30.000,4.000,14,4.000,2.000,20000,0.745,0.000,6.000,2.426,8.268,10732,48600,10730,70,35,200,82,0,0,0,0,1,0.000,8.229,7.842,0.119,1.234,0.059,0.132,0.000,0.432,0.022,0.094,4.295,1.455,0.302,0.000,0.000,0.000,0.000,0.000,0.000,0.000,0.000,0.000,0.000,0.000,0.000,0.000,0.000,0.000,0,0,0.454,1.293,4.389,0.000,14
Classic CPU ROAM,RelWithDebInfo,OpenGL,NVIDIA GeForce RTX 5090 D/PCIe/SSE2,4.3.0 NVIDIA 591.86,false,assets/heightmaps/Hm_Terrain_Test_129.pgm,129,129,30.000,4.000,14,4.000,2.000,20000,0.754,0.000,6.000,2.272,9.124,10664,48764,10662,82,41,150,80,0,0,0,0,1,195.866,8.237,7.975,0.197,0.992,0.043,0.112,0.000,0.439,0.037,0.109,4.306,1.739,0.196,0.000,0.000,0.000,0.000,0.000,0.000,0.000,0.000,0.000,0.000,0.000,0.000,0.000,0.000,0.000,0,0,0.477,1.035,4.415,0.000,14
Classic CPU ROAM,RelWithDebInfo,OpenGL,NVIDIA GeForce RTX 5090 D/PCIe/SSE2,4.3.0 NVIDIA 591.86,false,assets/heightmaps/Hm_Terrain_Test_129.pgm,129,129,30.000,4.000,14,4.000,2.000,20000,0.763,0.000,6.000,2.127,8.780,10606,48928,10604,82,40,140,84,0,0,0,0,1,0.000,7.276,7.025,0.087,0.727,0.038,0.086,0.000,0.365,0.023,0.090,4.397,1.209,0.192,0.000,0.000,0.000,0.000,0.000,0.000,0.000,0.000,0.000,0.000,0.000,0.000,0.000,0.000,0.000,0,0,0.389,0.766,4.488,0.000,14
Classic CPU ROAM,RelWithDebInfo,OpenGL,NVIDIA GeForce RTX 5090 D/PCIe/SSE2,4.3.0 NVIDIA 591.86,false,assets/heightmaps/Hm_Terrain_Test_129.pgm,129,129,30.000,4.000,14,4.000,2.000,20000,0.771,0.000,6.000,2.003,7.767,10554,49016,10552,44,22,96,56,0,0,0,0,1,214.676,7.542,7.277,0.089,0.680,0.026,0.085,0.000,0.338,0.013,0.089,4.618,1.338,0.206,0.000,0.000,0.000,0.000,0.000,0.000,0.000,0.000,0.000,0.000,0.000,0.000,0.000,0.000,0.000,0,0,0.351,0.707,4.707,0.000,14
Classic CPU ROAM,RelWithDebInfo,OpenGL,NVIDIA GeForce RTX 5090 D/PCIe/SSE2,4.3.0 NVIDIA 591.86,false,assets/heightmaps/Hm_Terrain_Test_129.pgm,129,129,30.000,4.000,14,4.000,2.000,20000,0.779,0.000,6.000,1.875,8.124,10488,49168,10486,76,38,142,76,0,0,0,0,1,0.000,7.403,7.093,0.138,0.767,0.038,0.099,0.000,0.357,0.022,0.094,4.371,1.209,0.254,0.000,0.000,0.000,0.000,0.000,0.000,0.000,0.000,0.000,0.000,0.000,0.000,0.000,0.000,0.000,0,0,0.379,0.804,4.464,0.000,14
Classic CPU ROAM,RelWithDebInfo,OpenGL,NVIDIA GeForce RTX 5090 D/PCIe/SSE2,4.3.0 NVIDIA 591.86,false,assets/heightmaps/Hm_Terrain_Test_129.pgm,129,129,30.000,4.000,14,4.000,2.000,20000,0.787,0.000,6.000,1.753,7.968,10428,49296,10426,64,32,124,66,0,0,0,0,1,235.309,6.893,6.638,0.127,0.763,0.032,0.126,0.000,0.377,0.021,0.126,4.198,0.867,0.201,0.000,0.000,0.000,0.000,0.000,0.000,0.000,0.000,0.000,0.000,0.000,0.000,0.000,0.000,0.000,0,0,0.399,0.795,4.325,0.000,14
Classic CPU ROAM,RelWithDebInfo,OpenGL,NVIDIA GeForce RTX 5090 D/PCIe/SSE2,4.3.0 NVIDIA 591.86,false,assets/heightmaps/Hm_Terrain_Test_129.pgm,129,129,30.000,4.000,14,4.000,2.000,20000,0.794,0.000,6.000,1.643,7.421,10339,49428,10337,66,32,155,64,0,0,0,0,1,0.000,6.596,6.355,0.094,0.666,0.045,0.121,0.000,0.432,0.049,0.204,3.878,0.863,0.186,0.000,0.000,0.000,0.000,0.000,0.000,0.000,0.000,0.000,0.000,0.000,0.000,0.000,0.000,0.000,0,0,0.481,0.712,4.083,0.000,14
Classic CPU ROAM,RelWithDebInfo,OpenGL,NVIDIA GeForce RTX 5090 D/PCIe/SSE2,4.3.0 NVIDIA 591.86,false,assets/heightmaps/Hm_Terrain_Test_129.pgm,129,129,30.000,4.000,14,4.000,2.000,20000,0.801,0.000,6.000,1.539,7.110,10284,49528,10282,50,25,105,54,0,0,0,0,1,240.159,6.740,6.505,0.087,0.879,0.035,0.141,0.000,0.455,0.075,0.095,3.923,0.813,0.178,0.000,0.000,0.000,0.000,0.000,0.000,0.000,0.000,0.000,0.000,0.000,0.000,0.000,0.000,0.000,0,0,0.531,0.914,4.018,0.000,14
Classic CPU ROAM,RelWithDebInfo,OpenGL,NVIDIA GeForce RTX 5090 D/PCIe/SSE2,4.3.0 NVIDIA 591.86,false,assets/heightmaps/Hm_Terrain_Test_129.pgm,129,129,30.000,4.000,14,4.000,2.000,20000,0.809,0.000,6.000,1.437,7.217,10190,49576,10188,24,12,118,56,0,0,0,0,1,0.000,6.641,6.399,0.087,0.806,0.036,0.129,0.000,0.370,0.013,0.125,3.833,0.999,0.180,0.000,0.000,0.000,0.000,0.000,0.000,0.000,0.000,0.000,0.000,0.000,0.000,0.000,0.000,0.000,0,0,0.383,0.843,3.958,0.000,14
Classic CPU ROAM,RelWithDebInfo,OpenGL,NVIDIA GeForce RTX 5090 D/PCIe/SSE2,4.3.0 NVIDIA 591.86,false,assets/heightmaps/Hm_Terrain_Test_129.pgm,129,129,30.000,4.000,14,4.000,2.000,20000,0.816,0.000,6.000,1.340,7.106,10166,49692,10164,58,29,82,56,0,0,0,0,1,230.549,7.035,6.776,0.093,0.675,0.023,0.134,0.000,0.397,0.029,0.079,4.025,1.321,0.191,0.000,0.000,0.000,0.000,0.000,0.000,0.000,0.000,0.000,0.000,0.000,0.000,0.000,0.000,0.000,0,0,0.426,0.698,4.104,0.000,14
Classic CPU ROAM,RelWithDebInfo,OpenGL,NVIDIA GeForce RTX 5090 D/PCIe/SSE2,4.3.0 NVIDIA 591.86,false,assets/heightmaps/Hm_Terrain_Test_129.pgm,129,129,30.000,4.000,14,4.000,2.000,20000,0.823,0.000,6.000,1.238,7.642,10141,49846,10139,77,38,102,58,0,0,0,0,1,0.000,7.320,6.865,0.160,1.259,0.031,0.125,0.000,0.356,0.022,0.089,3.673,1.149,0.322,0.000,0.000,0.000,0.000,0.000,0.000,0.000,0.000,0.000,0.000,0.000,0.000,0.000,0.000,0.000,0,0,0.379,1.291,3.762,0.000,14
Classic CPU ROAM,RelWithDebInfo,OpenGL,NVIDIA GeForce RTX 5090 D/PCIe/SSE2,4.3.0 NVIDIA 591.86,false,assets/heightmaps/Hm_Terrain_Test_129.pgm,129,129,30.000,4.000,14,4.000,2.000,20000,0.831,0.000,6.000,1.136,7.976,10090,49956,10088,55,27,106,54,0,0,0,0,1,246.137,6.715,6.347,0.089,0.624,0.030,0.089,0.000,0.288,0.016,0.071,3.728,1.411,0.262,0.000,0.000,0.000,0.000,0.000,0.000,0.000,0.000,0.000,0.000,0.000,0.000,0.000,0.000,0.000,0,0,0.304,0.654,3.799,0.000,14
Classic CPU ROAM,RelWithDebInfo,OpenGL,NVIDIA GeForce RTX 5090 D/PCIe/SSE2,4.3.0 NVIDIA 591.86,false,assets/heightmaps/Hm_Terrain_Test_129.pgm,129,129,30.000,4.000,14,4.000,2.000,20000,0.839,0.000,6.000,1.045,7.272,10080,50064,10078,54,27,64,38,0,0,0,0,1,0.000,6.596,6.314,0.093,0.624,0.019,0.088,0.000,0.278,0.015,0.088,3.780,1.329,0.187,0.000,0.000,0.000,0.000,0.000,0.000,0.000,0.000,0.000,0.000,0.000,0.000,0.000,0.000,0.000,0,0,0.294,0.643,3.868,0.000,14
Classic CPU ROAM,RelWithDebInfo,OpenGL,NVIDIA GeForce RTX 5090 D/PCIe/SSE2,4.3.0 NVIDIA 591.86,false,assets/heightmaps/Hm_Terrain_Test_129.pgm,129,129,30.000,4.000,14,4.000,2.000,20000,0.846,0.000,6.000,0.960,7.116,10012,50140,10010,38,19,106,68,0,0,0,0,1,229.213,7.055,6.816,0.086,0.637,0.030,0.091,0.000,0.283,0.010,0.070,3.831,1.777,0.181,0.000,0.000,0.000,0.000,0.000,0.000,0.000,0.000,0.000,0.000,0.000,0.000,0.000,0.000,0.000,0,0,0.293,0.667,3.901,0.000,14
Classic CPU ROAM,RelWithDebInfo,OpenGL,NVIDIA GeForce RTX 5090 D/PCIe/SSE2,4.3.0 NVIDIA 591.86,false,assets/heightmaps/Hm_Terrain_Test_129.pgm,129,129,30.000,4.000,14,4.000,2.000,20000,0.853,0.000,6.000,0.873,7.575,9960,50248,9958,54,27,106,42,0,0,0,0,1,0.000,6.939,6.711,0.114,0.943,0.027,0.142,0.000,0.345,0.015,0.096,4.022,1.006,0.174,0.000,0.000,0.000,0.000,0.000,0.000,0.000,0.000,0.000,0.000,0.000,0.000,0.000,0.000,0.000,0,0,0.360,0.970,4.118,0.000,14
Classic CPU ROAM,RelWithDebInfo,OpenGL,NVIDIA GeForce RTX 5090 D/PCIe/SSE2,4.3.0 NVIDIA 591.86,false,assets/heightmaps/Hm_Terrain_Test_129.pgm,129,129,30.000,4.000,14,4.000,2.000,20000,0.861,0.000,6.000,0.792,7.403,9866,50356,9864,54,27,148,52,0,0,0,0,1,258.188,6.286,6.051,0.086,0.621,0.038,0.083,0.000,0.263,0.014,0.068,3.836,1.042,0.181,0.000,0.000,0.000,0.000,0.000,0.000,0.000,0.000,0.000,0.000,0.000,0.000,0.000,0.000,0.000,0,0,0.277,0.659,3.904,0.000,14
Classic CPU ROAM,RelWithDebInfo,OpenGL,NVIDIA GeForce RTX 5090 D/PCIe/SSE2,4.3.0 NVIDIA 591.86,false,assets/heightmaps/Hm_Terrain_Test_129.pgm,129,129,30.000,4.000,14,4.000,2.000,20000,0.868,0.000,6.000,0.720,6.795,9872,50488,9870,66,32,60,43,0,0,0,0,1,0.000,6.920,6.652,0.084,0.623,0.015,0.086,0.000,0.258,0.018,0.099,4.331,1.138,0.211,0.000,0.000,0.000,0.000,0.000,0.000,0.000,0.000,0.000,0.000,0.000,0.000,0.000,0.000,0.000,0,0,0.276,0.638,4.430,0.000,14
Classic CPU ROAM,RelWithDebInfo,OpenGL,NVIDIA GeForce RTX 5090 D/PCIe/SSE2,4.3.0 NVIDIA 591.86,false,assets/heightmaps/Hm_Terrain_Test_129.pgm,129,129,30.000,4.000,14,4.000,2.000,20000,0.875,0.000,6.000,0.644,7.500,9821,50580,9819,46,23,97,46,0,0,0,0,1,234.761,6.906,6.655,0.085,0.678,0.026,0.095,0.000,0.252,0.014,0.103,4.314,1.086,0.187,0.000,0.000,0.000,0.000,0.000,0.000,0.000,0.000,0.000,0.000,0.000,0.000,0.000,0.000,0.000,0,0,0.266,0.704,4.418,0.000,14
Classic CPU ROAM,RelWithDebInfo,OpenGL,NVIDIA GeForce RTX 5090 D/PCIe/SSE2,4.3.0 NVIDIA 591.86,false,assets/heightmaps/Hm_Terrain_Test_129.pgm,129,129,30.000,4.000,14,4.000,2.000,20000,0.883,0.000,6.000,0.573,7.467,9795,50680,9793,50,25,76,36,0,0,0,0,1,0.000,7.800,7.543,0.088,0.657,0.022,0.093,0.000,0.253,0.015,0.093,4.268,2.053,0.193,0.000,0.000,0.000,0.000,0.000,0.000,0.000,0.000,0.000,0.000,0.000,0.000,0.000,0.000,0.000,0,0,0.269,0.679,4.361,0.000,14
Classic CPU ROAM,RelWithDebInfo,OpenGL,NVIDIA GeForce RTX 5090 D/PCIe/SSE2,4.3.0 NVIDIA 591.86,false,assets/heightmaps/Hm_Terrain_Test_129.pgm,129,129,30.000,4.000,14,4.000,2.000,20000,0.891,0.000,6.000,0.496,8.450,9702,50756,9700,38,19,131,52,0,0,0,0,1,0.000,6.820,6.574,0.165,0.912,0.040,0.146,0.000,0.282,0.014,0.085,4.002,0.928,0.183,0.000,0.000,0.000,0.000,0.000,0.000,0.000,0.000,0.000,0.000,0.000,0.000,0.000,0.000,0.000,0,0,0.296,0.952,4.087,0.000,14
Classic CPU ROAM,RelWithDebInfo,OpenGL,NVIDIA GeForce RTX 5090 D/PCIe/SSE2,4.3.0 NVIDIA 591.86,false,assets/heightmaps/Hm_Terrain_Test_129.pgm,129,129,30.000,4.000,14,4.000,2.000,20000,0.898,0.000,6.000,0.433,7.396,9720,50848,9718,46,23,28,29,0,0,0,0,1,0.000,6.240,6.026,0.141,0.626,0.009,0.086,0.000,0.249,0.020,0.144,4.022,0.728,0.165,0.000,0.000,0.000,0.000,0.000,0.000,0.000,0.000,0.000,0.000,0.000,0.000,0.000,0.000,0.000,0,0,0.269,0.635,4.166,0.000,14
Classic CPU ROAM,RelWithDebInfo,OpenGL,NVIDIA GeForce RTX 5090 D/PCIe/SSE2,4.3.0 NVIDIA 591.86,false,assets/heightmaps/Hm_Terrain_Test_129.pgm,129,129,30.000,4.000,14,4.000,2.000,20000,0.905,0.000,6.000,0.379,6.810,9682,50896,9680,24,12,62,44,0,0,0,0,1,0.000,6.976,6.746,0.090,0.570,0.017,0.075,0.000,0.229,0.008,0.114,4.293,1.349,0.167,0.000,0.000,0.000,0.000,0.000,0.000,0.000,0.000,0.000,0.000,0.000,0.000,0.000,0.000,0.000,0,0,0.237,0.587,4.407,0.000,14
Classic CPU ROAM,RelWithDebInfo,OpenGL,NVIDIA GeForce RTX 5090 D/PCIe/SSE2,4.3.0 NVIDIA 591.86,false,assets/heightmaps/Hm_Terrain_Test_129.pgm,129,129,30.000,4.000,14,4.000,2.000,20000,0.913,0.000,6.000,0.320,7.965,9664,50956,9662,30,15,48,34,0,0,0,0,1,0.000,7.509,7.211,0.227,1.183,0.020,0.237,0.000,0.396,0.023,0.186,3.950,0.988,0.223,0.000,0.000,0.000,0.000,0.000,0.000,0.000,0.000,0.000,0.000,0.000,0.000,0.000,0.000,0.000,0,0,0.419,1.203,4.135,0.000,14
Classic CPU ROAM,RelWithDebInfo,OpenGL,NVIDIA GeForce RTX 5090 D/PCIe/SSE2,4.3.0 NVIDIA 591.86,false,assets/heightmaps/Hm_Terrain_Test_129.pgm,129,129,30.000,4.000,14,4.000,2.000,20000,0.921,0.000,6.000,0.263,8.361,9656,51020,9654,32,14,40,26,0,0,0,0,1,0.000,6.694,6.352,0.119,0.646,0.012,0.079,0.000,0.235,0.010,0.080,3.922,1.247,0.224,0.000,0.000,0.000,0.000,0.000,0.000,0.000,0.000,0.000,0.000,0.000,0.000,0.000,0.000,0.000,0,0,0.245,0.659,4.003,0.000,14
Classic CPU ROAM,RelWithDebInfo,OpenGL,NVIDIA GeForce RTX 5090 D/PCIe/SSE2,4.3.0 NVIDIA 591.86,false,assets/heightmaps/Hm_Terrain_Test_129.pgm,129,129,30.000,4.000,14,4.000,2.000,20000,0.929,0.000,6.000,0.217,7.362,9644,51068,9642,24,12,36,26,0,0,0,0,1,0.000,6.645,6.391,0.095,0.644,0.011,0.085,0.000,0.218,0.007,0.095,3.801,1.436,0.201,0.000,0.000,0.000,0.000,0.000,0.000,0.000,0.000,0.000,0.000,0.000,0.000,0.000,0.000,0.000,0,0,0.225,0.655,3.896,0.000,14
Classic CPU ROAM,RelWithDebInfo,OpenGL,NVIDIA GeForce RTX 5090 D/PCIe/SSE2,4.3.0 NVIDIA 591.86,false,assets/heightmaps/Hm_Terrain_Test_129.pgm,129,129,30.000,4.000,14,4.000,2.000,20000,0.936,0.000,6.000,0.177,7.129,9638,51156,9636,44,21,50,32,0,0,0,0,1,0.000,6.845,6.574,0.083,0.714,0.015,0.097,0.000,0.208,0.013,0.088,4.028,1.329,0.214,0.000,0.000,0.000,0.000,0.000,0.000,0.000,0.000,0.000,0.000,0.000,0.000,0.000,0.000,0.000,0,0,0.221,0.729,4.116,0.000,14
Classic CPU ROAM,RelWithDebInfo,OpenGL,NVIDIA GeForce RTX 5090 D/PCIe/SSE2,4.3.0 NVIDIA 591.86,false,assets/heightmaps/Hm_Terrain_Test_129.pgm,129,129,30.000,4.000,14,4.000,2.000,20000,0.943,0.000,6.000,0.139,7.387,9551,51198,9549,21,9,108,38,0,0,0,0,1,241.858,6.681,6.459,0.097,0.619,0.030,0.078,0.000,0.202,0.007,0.086,3.984,1.355,0.168,0.000,0.000,0.000,0.000,0.000,0.000,0.000,0.000,0.000,0.000,0.000,0.000,0.000,0.000,0.000,0,0,0.209,0.649,4.070,0.000,14
Classic CPU ROAM,RelWithDebInfo,OpenGL,NVIDIA GeForce RTX 5090 D/PCIe/SSE2,4.3.0 NVIDIA 591.86,false,assets/heightmaps/Hm_Terrain_Test_129.pgm,129,129,30.000,4.000,14,4.000,2.000,20000,0.951,0.000,6.000,0.106,7.190,9554,51248,9552,25,12,22,15,0,0,0,0,1,0.000,7.430,7.184,0.151,1.103,0.008,0.125,0.000,0.235,0.009,0.083,4.258,1.212,0.190,0.000,0.000,0.000,0.000,0.000,0.000,0.000,0.000,0.000,0.000,0.000,0.000,0.000,0.000,0.000,0,0,0.244,1.111,4.341,0.000,14
Classic CPU ROAM,RelWithDebInfo,OpenGL,NVIDIA GeForce RTX 5090 D/PCIe/SSE2,4.3.0 NVIDIA 591.86,false,assets/heightmaps/Hm_Terrain_Test_129.pgm,129,129,30.000,4.000,14,4.000,2.000,20000,0.959,0.000,6.000,0.075,7.961,9556,51268,9554,10,5,8,8,0,0,0,0,1,271.263,5.992,5.759,0.092,0.563,0.003,0.074,0.000,0.198,0.004,0.080,3.882,0.861,0.177,0.000,0.000,0.000,0.000,0.000,0.000,0.000,0.000,0.000,0.000,0.000,0.000,0.000,0.000,0.000,0,0,0.202,0.567,3.963,0.000,14
Classic CPU ROAM,RelWithDebInfo,OpenGL,NVIDIA GeForce RTX 5090 D/PCIe/SSE2,4.3.0 NVIDIA 591.86,false,assets/heightmaps/Hm_Terrain_Test_129.pgm,129,129,30.000,4.000,14,4.000,2.000,20000,0.965,0.000,6.000,0.054,6.441,9554,51288,9552,10,5,12,8,0,0,0,0,1,0.000,6.103,5.884,0.078,0.595,0.004,0.084,0.000,0.196,0.003,0.082,3.920,0.922,0.170,0.000,0.000,0.000,0.000,0.000,0.000,0.000,0.000,0.000,0.000,0.000,0.000,0.000,0.000,0.000,0,0,0.199,0.600,4.002,0.000,14
Classic CPU ROAM,RelWithDebInfo,OpenGL,NVIDIA GeForce RTX 5090 D/PCIe/SSE2,4.3.0 NVIDIA 591.86,false,assets/heightmaps/Hm_Terrain_Test_129.pgm,129,129,30.000,4.000,14,4.000,2.000,20000,0.972,0.000,6.000,0.036,6.557,9545,51298,9543,5,2,14,8,0,0,0,0,1,233.223,6.975,6.698,0.083,0.599,0.004,0.080,0.000,0.191,0.002,0.080,4.038,1.621,0.215,0.000,0.000,0.000,0.000,0.000,0.000,0.000,0.000,0.000,0.000,0.000,0.000,0.000,0.000,0.000,0,0,0.194,0.603,4.117,0.000,14
Classic CPU ROAM,RelWithDebInfo,OpenGL,NVIDIA GeForce RTX 5090 D/PCIe/SSE2,4.3.0 NVIDIA 591.86,false,assets/heightmaps/Hm_Terrain_Test_129.pgm,129,129,30.000,4.000,14,4.000,2.000,20000,0.979,0.000,6.000,0.019,7.536,9554,51328,9552,15,7,6,10,0,0,0,0,1,0.000,6.626,6.388,0.104,0.717,0.003,0.102,0.000,0.206,0.055,0.083,3.938,1.179,0.184,0.000,0.000,0.000,0.000,0.000,0.000,0.000,0.000,0.000,0.000,0.000,0.000,0.000,0.000,0.000,0,0,0.262,0.721,4.020,0.000,14
Classic CPU ROAM,RelWithDebInfo,OpenGL,NVIDIA GeForce RTX 5090 D/PCIe/SSE2,4.3.0 NVIDIA 591.86,false,assets/heightmaps/Hm_Terrain_Test_129.pgm,129,129,30.000,4.000,14,4.000,2.000,20000,0.986,0.000,6.000,0.008,7.364,9546,51332,9544,2,1,10,6,0,0,0,0,1,253.550,6.384,6.161,0.164,0.737,0.003,0.087,0.000,0.205,0.001,0.090,4.012,0.860,0.169,0.000,0.000,0.000,0.000,0.000,0.000,0.000,0.000,0.000,0.000,0.000,0.000,0.000,0.000,0.000,0,0,0.207,0.740,4.102,0.000,14
Classic CPU ROAM,RelWithDebInfo,OpenGL,NVIDIA GeForce RTX 5090 D/PCIe/SSE2,4.3.0 NVIDIA 591.86,false,assets/heightmaps/Hm_Terrain_Test_129.pgm,129,129,30.000,4.000,14,4.000,2.000,20000,0.993,0.000,6.000,0.002,6.852,9550,51340,9548,4,2,0,2,0,0,0,0,1,0.000,6.232,5.958,0.076,0.579,0.000,0.078,0.000,0.244,0.002,0.088,4.117,0.773,0.226,0.000,0.000,0.000,0.000,0.000,0.000,0.000,0.000,0.000,0.000,0.000,0.000,0.000,0.000,0.000,0,0,0.247,0.580,4.205,0.000,14
Classic CPU ROAM,RelWithDebInfo,OpenGL,NVIDIA GeForce RTX 5090 D/PCIe/SSE2,4.3.0 NVIDIA 591.86,false,assets/heightmaps/Hm_Terrain_Test_129.pgm,129,129,30.000,4.000,14,4.000,2.000,20000,1.000,0.000,6.000,0.000,6.721,9550,51340,9548,0,0,0,0,0,0,0,0,1,0.000,7.019,6.792,0.077,0.532,0.000,0.072,0.000,0.178,0.000,0.064,4.316,1.553,0.171,0.000,0.000,0.000,0.000,0.000,0.000,0.000,0.000,0.000,0.000,0.000,0.000,0.000,0.000,0.000,0,0,0.179,0.532,4.380,0.000,14
Classic CPU ROAM,RelWithDebInfo,OpenGL,NVIDIA GeForce RTX 5090 D/PCIe/SSE2,4.3.0 NVIDIA 591.86,false,assets/heightmaps/Hm_Terrain_Test_129.pgm,129,129,30.000,4.000,14,4.000,2.000,20000,1.000,0.000,6.000,0.000,7.527,9550,51340,9548,0,0,0,0,0,0,0,0,1,0.000,6.618,6.380,0.098,0.704,0.000,0.151,0.000,0.198,0.000,0.064,4.250,0.914,0.180,0.000,0.000,0.000,0.000,0.000,0.000,0.000,0.000,0.000,0.000,0.000,0.000,0.000,0.000,0.000,0,0,0.199,0.704,4.313,0.000,14
Data-Oriented CPU ROAM,RelWithDebInfo,OpenGL,NVIDIA GeForce RTX 5090 D/PCIe/SSE2,4.3.0 NVIDIA 591.86,false,assets/heightmaps/Hm_Terrain_Test_129.pgm,129,129,30.000,4.000,14,4.000,2.000,20000,0.000,0.000,6.000,15.000,25.761,15199,30396,15197,15197,7664,0,5233,0,0,0,0,8,144.396,22.011,21.639,6.872,0.000,0.003,0.001,0.001,0.002,10.053,0.302,2.275,2.129,0.302,0.000,0.000,0.000,0.000,0.000,0.000,0.000,0.000,0.000,0.000,0.000,0.000,0.000,0.000,0.000,0,0,10.056,0.004,2.577,0.000,14
Data-Oriented CPU ROAM,RelWithDebInfo,OpenGL,NVIDIA GeForce RTX 5090 D/PCIe/SSE2,4.3.0 NVIDIA 591.86,false,assets/heightmaps/Hm_Terrain_Test_129.pgm,129,129,30.000,4.000,14,4.000,2.000,20000,0.024,0.000,6.000,14.975,23.676,15230,30466,15228,35,17,4,20,0,0,0,0,8,0.000,6.633,6.248,0.159,0.909,0.010,0.287,0.187,1.025,0.084,0.283,1.639,1.665,0.283,0.000,0.000,0.000,0.000,0.000,0.000,0.000,0.000,0.000,0.000,0.000,0.000,0.000,0.000,0.000,0,0,1.296,0.919,1.922,0.000,14
Data-Oriented CPU ROAM,RelWithDebInfo,OpenGL,NVIDIA GeForce RTX 5090 D/PCIe/SSE2,4.3.0 NVIDIA 591.86,false,assets/heightmaps/Hm_Terrain_Test_129.pgm,129,129,30.000,4.000,14,4.000,2.000,20000,0.093,0.000,6.000,14.632,69.762,15047,31010,15045,272,132,455,229,0,0,0,0,8,1849.550,7.118,6.754,0.590,0.867,0.614,0.401,0.154,1.069,0.296,0.245,0.897,1.620,0.275,0.000,0.000,0.000,0.000,0.000,0.000,0.000,0.000,0.000,0.000,0.000,0.000,0.000,0.000,0.000,0,0,1.519,1.482,1.142,0.000,14
Data-Oriented CPU ROAM,RelWithDebInfo,OpenGL,NVIDIA GeForce RTX 5090 D/PCIe/SSE2,4.3.0 NVIDIA 591.86,false,assets/heightmaps/Hm_Terrain_Test_129.pgm,129,129,30.000,4.000,14,4.000,2.000,20000,0.101,0.000,6.000,14.570,7.791,15018,31072,15016,31,15,60,24,0,0,0,0,8,0.000,6.005,5.630,0.233,0.998,0.071,0.294,0.163,1.178,0.051,0.270,0.893,1.480,0.291,0.000,0.000,0.000,0.000,0.000,0.000,0.000,0.000,0.000,0.000,0.000,0.000,0.000,0.000,0.000,0,0,1.391,1.069,1.163,0.000,14
Data-Oriented CPU ROAM,RelWithDebInfo,OpenGL,NVIDIA GeForce RTX 5090 D/PCIe/SSE2,4.3.0 NVIDIA 591.86,false,assets/heightmaps/Hm_Terrain_Test_129.pgm,129,129,30.000,4.000,14,4.000,2.000,20000,0.108,0.000,6.000,14.514,6.634,15030,31156,15028,42,21,30,27,0,0,0,0,8,0.000,6.123,5.734,0.202,0.870,0.045,0.285,0.302,1.126,0.095,0.269,1.011,1.528,0.297,0.000,0.000,0.000,0.000,0.000,0.000,0.000,0.000,0.000,0.000,0.000,0.000,0.000,0.000,0.000,0,0,1.523,0.915,1.281,0.000,14
Data-Oriented CPU ROAM,RelWithDebInfo,OpenGL,NVIDIA GeForce RTX 5090 D/PCIe/SSE2,4.3.0 NVIDIA 591.86,false,assets/heightmaps/Hm_Terrain_Test_129.pgm,129,129,30.000,4.000,14,4.000,2.000,20000,0.115,0.000,6.000,14.453,6.817,15038,31268,15036,56,28,48,36,0,0,0,0,8,0.000,6.328,5.939,0.276,0.878,0.070,0.283,0.280,1.017,0.080,0.287,0.889,1.879,0.294,0.000,0.000,0.000,0.000,0.000,0.000,0.000,0.000,0.000,0.000,0.000,0.000,0.000,0.000,0.000,0,0,1.377,0.948,1.176,0.000,14
Data-Oriented CPU ROAM,RelWithDebInfo,OpenGL,NVIDIA GeForce RTX 5090 D/PCIe/SSE2,4.3.0 NVIDIA 591.86,false,assets/heightmaps/Hm_Terrain_Test_129.pgm,129,129,30.000,4.000,14,4.000,2.000,20000,0.122,0.000,6.000,14.388,6.949,15059,31376,15057,54,26,33,38,0,0,0,0,8,0.000,6.211,5.850,0.291,0.815,0.049,0.275,0.158,0.834,0.152,0.257,1.572,1.447,0.269,0.000,0.000,0.000,0.000,0.000,0.000,0.000,0.000,0.000,0.000,0.000,0.000,0.000,0.000,0.000,0,0,1.143,0.864,1.829,0.000,14
Data-Oriented CPU ROAM,RelWithDebInfo,OpenGL,NVIDIA GeForce RTX 5090 D/PCIe/SSE2,4.3.0 NVIDIA 591.86,false,assets/heightmaps/Hm_Terrain_Test_129.pgm,129,129,30.000,4.000,14,4.000,2.000,20000,0.128,0.000,6.000,14.322,6.694,15016,31480,15014,52,26,95,37,0,0,0,0,8,587.119,5.681,5.321,0.150,0.890,0.122,0.268,0.169,1.130,0.071,0.250,0.925,1.345,0.283,0.000,0.000,0.000,0.000,0.000,0.000,0.000,0.000,0.000,0.000,0.000,0.000,0.000,0.000,0.000,0,0,1.370,1.012,1.176,0.000,14
Data-Oriented CPU ROAM,RelWithDebInfo,OpenGL,NVIDIA GeForce RTX 5090 D/PCIe/SSE2,4.3.0 NVIDIA 591.86,false,assets/heightmaps/Hm_Terrain_Test_129.pgm,129,129,30.000,4.000,14,4.000,2.000,20000,0.135,0.000,6.000,14.258,6.224,14954,31548,14952,34,17,96,56,0,0,0,0,8,0.000,6.933,6.514,0.247,1.064,0.106,0.274,0.309,1.578,0.062,0.339,0.950,1.586,0.327,0.000,0.000,0.000,0.000,0.000,0.000,0.000,0.000,0.000,0.000,0.000,0.000,0.000,0.000,0.000,0,0,1.949,1.170,1.289,0.000,14
Data-Oriented CPU ROAM,RelWithDebInfo,OpenGL,NVIDIA GeForce RTX 5090 D/PCIe/SSE2,4.3.0 NVIDIA 591.86,false,assets/heightmaps/Hm_Terrain_Test_129.pgm,129,129,30.000,4.000,14,4.000,2.000,20000,0.142,0.000,6.000,14.177,7.614,14934,31664,14932,58,29,78,44,0,0,0,0,8,246.292,6.766,6.342,0.303,0.650,0.106,0.289,0.172,0.869,0.095,0.251,1.938,1.669,0.315,0.000,0.000,0.000,0.000,0.000,0.000,0.000,0.000,0.000,0.000,0.000,0.000,0.000,0.000,0.000,0,0,1.135,0.755,2.189,0.000,14
Data-Oriented CPU ROAM,RelWithDebInfo,OpenGL,NVIDIA GeForce RTX 5090 D/PCIe/SSE2,4.3.0 NVIDIA 591.86,false,assets/heightmaps/Hm_Terrain_Test_129.pgm,129,129,30.000,4.000,14,4.000,2.000,20000,0.150,0.000,6.000,14.094,7.383,14944,31788,14942,62,31,52,50,0,0,0,0,8,0.000,6.479,6.094,0.361,0.835,0.064,0.313,0.174,1.195,0.108,0.258,0.955,1.830,0.296,0.000,0.000,0.000,0.000,0.000,0.000,0.000,0.000,0.000,0.000,0.000,0.000,0.000,0.000,0.000,0,0,1.478,0.898,1.213,0.000,14
Data-Oriented CPU ROAM,RelWithDebInfo,OpenGL,NVIDIA GeForce RTX 5090 D/PCIe/SSE2,4.3.0 NVIDIA 591.86,false,assets/heightmaps/Hm_Terrain_Test_129.pgm,129,129,30.000,4.000,14,4.000,2.000,20000,0.157,0.000,6.000,14.011,7.153,15000,31960,14998,86,43,30,57,0,0,0,0,8,302.300,5.561,5.167,0.291,0.808,0.040,0.269,0.163,0.861,0.188,0.259,0.908,1.378,0.314,0.000,0.000,0.000,0.000,0.000,0.000,0.000,0.000,0.000,0.000,0.000,0.000,0.000,0.000,0.000,0,0,1.212,0.848,1.167,0.000,14
Data-Oriented CPU ROAM,RelWithDebInfo,OpenGL,NVIDIA GeForce RTX 5090 D/PCIe/SSE2,4.3.0 NVIDIA 591.86,false,assets/heightmaps/Hm_Terrain_Test_129.pgm,129,129,30.000,4.000,14,4.000,2.000,20000,0.163,0.000,6.000,13.937,6.079,14989,32070,14987,55,27,66,38,0,0,0,0,8,0.000,5.651,5.294,0.172,0.874,0.072,0.283,0.165,0.965,0.120,0.252,1.057,1.334,0.284,0.000,0.000,0.000,0.000,0.000,0.000,0.000,0.000,0.000,0.000,0.000,0.000,0.000,0.000,0.000,0,0,1.250,0.946,1.309,0.000,14
Data-Oriented CPU ROAM,RelWithDebInfo,OpenGL,NVIDIA GeForce RTX 5090 D/PCIe/SSE2,4.3.0 NVIDIA 591.86,false,assets/heightmaps/Hm_Terrain_Test_129.pgm,129,129,30.000,4.000,14,4.000,2.000,20000,0.169,0.000,6.000,13.861,6.122,14944,32188,14942,59,29,104,38,0,0,0,0,8,0.000,5.945,5.571,0.142,0.809,0.118,0.266,0.278,1.179,0.121,0.244,1.077,1.338,0.297,0.000,0.000,0.000,0.000,0.000,0.000,0.000,0.000,0.000,0.000,0.000,0.000,0.000,0.000,0.000,0,0,1.578,0.927,1.321,0.000,14
Data-Oriented CPU ROAM,RelWithDebInfo,OpenGL,NVIDIA GeForce RTX 5090 D/PCIe/SSE2,4.3.0 NVIDIA 591.86,false,assets/heightmaps/Hm_Terrain_Test_129.pgm,129,129,30.000,4.000,14,4.000,2.000,20000,0.175,0.000,6.000,13.778,6.476,14778,32292,14776,52,26,218,44,0,0,0,0,8,731.302,6.835,6.408,0.171,1.006,0.176,0.274,0.146,0.890,0.090,0.239,2.101,1.315,0.347,0.000,0.000,0.000,0.000,0.000,0.000,0.000,0.000,0.000,0.000,0.000,0.000,0.000,0.000,0.000,0,0,1.126,1.181,2.340,0.000,14
Data-Oriented CPU ROAM,RelWithDebInfo,OpenGL,NVIDIA GeForce RTX 5090 D/PCIe/SSE2,4.3.0 NVIDIA 591.86,false,assets/heightmaps/Hm_Terrain_Test_129.pgm,129,129,30.000,4.000,14,4.000,2.000,20000,0.183,0.000,6.000,13.680,7.426,14725,32416,14723,62,31,115,40,0,0,0,0,8,0.000,6.703,6.165,0.264,0.853,0.102,0.278,0.273,1.064,0.081,0.242,1.378,1.629,0.403,0.000,0.000,0.000,0.000,0.000,0.000,0.000,0.000,0.000,0.000,0.000,0.000,0.000,0.000,0.000,0,0,1.417,0.956,1.620,0.000,14
Data-Oriented CPU ROAM,RelWithDebInfo,OpenGL,NVIDIA GeForce RTX 5090 D/PCIe/SSE2,4.3.0 NVIDIA 591.86,false,assets/heightmaps/Hm_Terrain_Test_129.pgm,129,129,30.000,4.000,14,4.000,2.000,20000,0.190,0.000,6.000,13.580,7.277,14709,32596,14707,90,45,106,63,0,0,0,0,8,1678.964,5.922,5.582,0.220,0.759,0.158,0.417,0.153,0.826,0.212,0.261,1.247,1.330,0.262,0.000,0.000,0.000,0.000,0.000,0.000,0.000,0.000,0.000,0.000,0.000,0.000,0.000,0.000,0.000,0,0,1.191,0.917,1.508,0.000,14
Data-Oriented CPU ROAM,RelWithDebInfo,OpenGL,NVIDIA GeForce RTX 5090 D/PCIe/SSE2,4.3.0 NVIDIA 591.86,false,assets/heightmaps/Hm_Terrain_Test_129.pgm,129,129,30.000,4.000,14,4.000,2.000,20000,0.197,0.000,6.000,13.490,6.432,14742,32760,14740,82,41,49,56,0,0,0,0,8,0.000,6.072,5.717,0.199,1.086,0.050,0.269,0.160,1.171,0.162,0.289,0.974,1.358,0.277,0.000,0.000,0.000,0.000,0.000,0.000,0.000,0.000,0.000,0.000,0.000,0.000,0.000,0.000,0.000,0,0,1.492,1.136,1.263,0.000,14
Data-Oriented CPU ROAM,RelWithDebInfo,OpenGL,NVIDIA GeForce RTX 5090 D/PCIe/SSE2,4.3.0 NVIDIA 591.86,false,assets/heightmaps/Hm_Terrain_Test_129.pgm,129,129,30.000,4.000,14,4.000,2.000,20000,0.203,0.000,6.000,13.395,6.593,14704,32896,14702,68,33,106,46,0,0,0,0,8,2072.797,6.398,6.029,0.167,1.097,0.134,0.274,0.294,0.872,0.109,0.250,1.413,1.418,0.290,0.000,0.000,0.000,0.000,0.000,0.000,0.000,0.000,0.000,0.000,0.000,0.000,0.000,0.000,0.000,0,0,1.275,1.232,1.663,0.000,14
Data-Oriented CPU ROAM,RelWithDebInfo,OpenGL,NVIDIA GeForce RTX 5090 D/PCIe/SSE2,4.3.0 NVIDIA 591.86,false,assets/heightmaps/Hm_Terrain_Test_129.pgm,129,129,30.000,4.000,14,4.000,2.000,20000,0.210,0.000,6.000,13.293,6.947,14602,33040,14600,72,36,174,53,0,0,0,0,8,0.000,6.159,5.827,0.168,1.036,0.155,0.279,0.157,1.185,0.100,0.245,0.907,1.594,0.259,0.000,0.000,0.000,0.000,0.000,0.000,0.000,0.000,0.000,0.000,0.000,0.000,0.000,0.000,0.000,0,0,1.442,1.191,1.152,0.000,14
Data-Oriented CPU ROAM,RelWithDebInfo,OpenGL,NVIDIA GeForce RTX 5090 D/PCIe/SSE2,4.3.0 NVIDIA 591.86,false,assets/heightmaps/Hm_Terrain_Test_129.pgm,129,129,30.000,4.000,14,4.000,2.000,20000,0.217,0.000,6.000,13.191,6.699,14640,33220,14638,90,45,52,61,0,0,0,0,8,0.000,5.745,5.403,0.178,0.919,0.060,0.275,0.270,1.023,0.104,0.244,1.007,1.324,0.265,0.000,0.000,0.000,0.000,0.000,0.000,0.000,0.000,0.000,0.000,0.000,0.000,0.000,0.000,0.000,0,0,1.398,0.978,1.250,0.000,14
Data-Oriented CPU ROAM,RelWithDebInfo,OpenGL,NVIDIA GeForce RTX 5090 D/PCIe/SSE2,4.3.0 NVIDIA 591.86,false,assets/heightmaps/Hm_Terrain_Test_129.pgm,129,129,30.000,4.000,14,4.000,2.000,20000,0.223,0.000,6.000,13.095,6.235,14666,33408,14664,94,47,68,65,0,0,0,0,8,528.095,6.269,5.915,0.341,0.773,0.092,0.266,0.147,1.068,0.110,0.245,1.388,1.484,0.280,0.000,0.000,0.000,0.000,0.000,0.000,0.000,0.000,0.000,0.000,0.000,0.000,0.000,0.000,0.000,0,0,1.325,0.865,1.633,0.000,14
Data-Oriented CPU ROAM,RelWithDebInfo,OpenGL,NVIDIA GeForce RTX 5090 D/PCIe/SSE2,4.3.0 NVIDIA 591.86,false,assets/heightmaps/Hm_Terrain_Test_129.pgm,129,129,30.000,4.000,14,4.000,2.000,20000,0.230,0.000,6.000,12.989,6.710,14642,33556,14640,74,36,98,52,0,0,0,0,8,0.000,5.661,5.260,0.198,0.640,0.110,0.342,0.147,1.048,0.080,0.238,0.960,1.495,0.302,0.000,0.000,0.000,0.000,0.000,0.000,0.000,0.000,0.000,0.000,0.000,0.000,0.000,0.000,0.000,0,0,1.276,0.750,1.199,0.000,14
Data-Oriented CPU ROAM,RelWithDebInfo,OpenGL,NVIDIA GeForce RTX 5090 D/PCIe/SSE2,4.3.0 NVIDIA 591.86,false,assets/heightmaps/Hm_Terrain_Test_129.pgm,129,129,30.000,4.000,14,4.000,2.000,20000,0.236,0.000,6.000,12.887,6.366,14577,33724,14575,84,42,149,58,0,0,0,0,8,308.234,5.607,5.067,0.205,0.780,0.163,0.268,0.146,1.012,0.093,0.235,0.843,1.324,0.413,0.000,0.000,0.000,0.000,0.000,0.000,0.000,0.000,0.000,0.000,0.000,0.000,0.000,0.000,0.000,0,0,1.251,0.943,1.077,0.000,14
Data-Oriented CPU ROAM,RelWithDebInfo,OpenGL,NVIDIA GeForce RTX 5090 D/PCIe/SSE2,4.3.0 NVIDIA 591.86,false,assets/heightmaps/Hm_Terrain_Test_129.pgm,129,129,30.000,4.000,14,4.000,2.000,20000,0.243,0.000,6.000,12.781,6.473,14480,33892,14478,84,42,181,51,0,0,0,0,8,0.000,5.499,5.162,0.184,0.922,0.167,0.263,0.143,1.009,0.100,0.235,0.848,1.291,0.257,0.000,0.000,0.000,0.000,0.000,0.000,0.000,0.000,0.000,0.000,0.000,0.000,0.000,0.000,0.000,0,0,1.252,1.089,1.083,0.000,14
Data-Oriented CPU ROAM,RelWithDebInfo,OpenGL,NVIDIA GeForce RTX 5090 D/PCIe/SSE2,4.3.0 NVIDIA 591.86,false,assets/heightmaps/Hm_Terrain_Test_129.pgm,129,129,30.000,4.000,14,4.000,2.000,20000,0.249,0.000,6.000,12.680,6.064,14478,34064,14476,86,43,88,61,0,0,0,0,8,0.000,5.889,5.550,0.373,0.814,0.086,0.264,0.279,1.056,0.148,0.324,0.951,1.255,0.258,0.000,0.000,0.000,0.000,0.000,0.000,0.000,0.000,0.000,0.000,0.000,0.000,0.000,0.000,0.000,0,0,1.483,0.900,1.275,0.000,14
Data-Oriented CPU ROAM,RelWithDebInfo,OpenGL,NVIDIA GeForce RTX 5090 D/PCIe/SSE2,4.3.0 NVIDIA 591.86,false,assets/heightmaps/Hm_Terrain_Test_129.pgm,129,129,30.000,4.000,14,4.000,2.000,20000,0.255,0.000,6.000,12.571,6.432,14492,34272,14490,104,52,90,67,0,0,0,0,8,0.000,5.411,5.081,0.216,1.052,0.123,0.257,0.150,0.780,0.120,0.243,0.816,1.323,0.260,0.000,0.000,0.000,0.000,0.000,0.000,0.000,0.000,0.000,0.000,0.000,0.000,0.000,0.000,0.000,0,0,1.050,1.176,1.059,0.000,14
Data-Oriented CPU ROAM,RelWithDebInfo,OpenGL,NVIDIA GeForce RTX 5090 D/PCIe/SSE2,4.3.0 NVIDIA 591.86,false,assets/heightmaps/Hm_Terrain_Test_129.pgm,129,129,30.000,4.000,14,4.000,2.000,20000,0.261,0.000,6.000,12.468,5.991,14454,34412,14452,70,34,108,45,0,0,0,0,8,0.000,5.027,4.709,0.121,0.737,0.134,0.255,0.212,0.917,0.095,0.241,0.813,1.184,0.249,0.000,0.000,0.000,0.000,0.000,0.000,0.000,0.000,0.000,0.000,0.000,0.000,0.000,0.000,0.000,0,0,1.224,0.870,1.054,0.000,14
Data-Oriented CPU ROAM,RelWithDebInfo,OpenGL,NVIDIA GeForce RTX 5090 D/PCIe/SSE2,4.3.0 NVIDIA 591.86,false,assets/heightmaps/Hm_Terrain_Test_129.pgm,129,129,30.000,4.000,14,4.000,2.000,20000,0.267,0.000,6.000,12.371,5.513,14392,34540,14390,64,32,126,43,0,0,0,0,8,266.284,6.221,5.867,0.143,0.982,0.119,0.253,0.317,0.919,0.155,0.244,1.157,1.576,0.276,0.000,0.000,0.000,0.000,0.000,0.000,0.000,0.000,0.000,0.000,0.000,0.000,0.000,0.000,0.000,0,0,1.392,1.101,1.401,0.000,14
Data-Oriented CPU ROAM,RelWithDebInfo,OpenGL,NVIDIA GeForce RTX 5090 D/PCIe/SSE2,4.3.0 NVIDIA 591.86,false,assets/heightmaps/Hm_Terrain_Test_129.pgm,129,129,30.000,4.000,14,4.000,2.000,20000,0.273,0.000,6.000,12.252,6.746,14416,34748,14414,104,52,80,69,0,0,0,0,8,0.000,6.416,6.073,0.199,0.535,0.081,0.272,0.156,1.391,0.159,0.295,1.652,1.331,0.264,0.000,0.000,0.000,0.000,0.000,0.000,0.000,0.000,0.000,0.000,0.000,0.000,0.000,0.000,0.000,0,0,1.706,0.617,1.947,0.000,14
Data-Oriented CPU ROAM,RelWithDebInfo,OpenGL,NVIDIA GeForce RTX 5090 D/PCIe/SSE2,4.3.0 NVIDIA 591.86,false,assets/heightmaps/Hm_Terrain_Test_129.pgm,129,129,30.000,4.000,14,4.000,2.000,20000,0.280,0.000,6.000,12.126,6.951,14416,34956,14414,104,52,104,74,0,0,0,0,8,271.216,6.140,5.760,0.232,1.038,0.115,0.272,0.294,0.938,0.186,0.245,0.929,1.511,0.278,0.000,0.000,0.000,0.000,0.000,0.000,0.000,0.000,0.000,0.000,0.000,0.000,0.000,0.000,0.000,0,0,1.418,1.153,1.174,0.000,14
Data-Oriented CPU ROAM,RelWithDebInfo,OpenGL,NVIDIA GeForce RTX 5090 D/PCIe/SSE2,4.3.0 NVIDIA 591.86,false,assets/heightmaps/Hm_Terrain_Test_129.pgm,129,129,30.000,4.000,14,4.000,2.000,20000,0.287,0.000,6.000,12.006,6.593,14348,35192,14346,118,58,186,70,0,0,0,0,8,0.000,6.178,5.841,0.219,0.863,0.168,0.274,0.157,1.493,0.220,0.247,0.937,1.262,0.263,0.000,0.000,0.000,0.000,0.000,0.000,0.000,0.000,0.000,0.000,0.000,0.000,0.000,0.000,0.000,0,0,1.870,1.031,1.184,0.000,14
Data-Oriented CPU ROAM,RelWithDebInfo,OpenGL,NVIDIA GeForce RTX 5090 D/PCIe/SSE2,4.3.0 NVIDIA 591.86,false,assets/heightmaps/Hm_Terrain_Test_129.pgm,129,129,30.000,4.000,14,4.000,2.000,20000,0.294,0.000,6.000,11.881,6.740,14245,35380,14243,94,47,197,59,0,0,0,0,8,0.000,5.847,5.514,0.160,0.987,0.159,0.269,0.144,0.808,0.139,0.240,1.356,1.252,0.259,0.000,0.000,0.000,0.000,0.000,0.000,0.000,0.000,0.000,0.000,0.000,0.000,0.000,0.000,0.000,0,0,1.091,1.146,1.597,0.000,14
Data-Oriented CPU ROAM,RelWithDebInfo,OpenGL,NVIDIA GeForce RTX 5090 D/PCIe/SSE2,4.3.0 NVIDIA 591.86,false,assets/heightmaps/Hm_Terrain_Test_129.pgm,129,129,30.000,4.000,14,4.000,2.000,20000,0.300,0.000,6.000,11.762,6.344,14218,35604,14216,112,56,139,73,0,0,0,0,8,271.649,6.086,5.751,0.147,0.787,0.114,0.259,0.271,1.082,0.125,0.241,1.449,1.278,0.262,0.000,0.000,0.000,0.000,0.000,0.000,0.000,0.000,0.000,0.000,0.000,0.000,0.000,0.000,0.000,0,0,1.477,0.900,1.689,0.000,14
Data-Oriented CPU ROAM,RelWithDebInfo,OpenGL,NVIDIA GeForce RTX 5090 D/PCIe/SSE2,4.3.0 NVIDIA 591.86,false,assets/heightmaps/Hm_Terrain_Test_129.pgm,129,129,30.000,4.000,14,4.000,2.000,20000,0.306,0.000,6.000,11.638,6.528,14216,35820,14214,108,54,110,70,0,0,0,0,8,0.000,6.190,5.837,0.147,1.024,0.106,0.268,0.149,1.081,0.173,0.241,1.317,1.329,0.274,0.000,0.000,0.000,0.000,0.000,0.000,0.000,0.000,0.000,0.000,0.000,0.000,0.000,0.000,0.000,0,0,1.404,1.130,1.558,0.000,14
Data-Oriented CPU ROAM,RelWithDebInfo,OpenGL,NVIDIA GeForce RTX 5090 D/PCIe/SSE2,4.3.0 NVIDIA 591.86,false,assets/heightmaps/Hm_Terrain_Test_129.pgm,129,129,30.000,4.000,14,4.000,2.000,20000,0.313,0.000,6.000,11.509,6.710,14182,36092,14180,136,67,170,79,0,0,0,0,8,0.000,5.097,4.695,0.166,0.603,0.164,0.253,0.139,0.838,0.137,0.232,0.839,1.325,0.284,0.000,0.000,0.000,0.000,0.000,0.000,0.000,0.000,0.000,0.000,0.000,0.000,0.000,0.000,0.000,0,0,1.113,0.767,1.071,0.000,14
Data-Oriented CPU ROAM,RelWithDebInfo,OpenGL,NVIDIA GeForce RTX 5090 D/PCIe/SSE2,4.3.0 NVIDIA 591.86,false,assets/heightmaps/Hm_Terrain_Test_129.pgm,129,129,30.000,4.000,14,4.000,2.000,20000,0.319,0.000,6.000,11.401,5.550,14148,36244,14146,76,38,110,46,0,0,0,0,8,0.000,4.784,4.449,0.159,0.556,0.105,0.270,0.147,0.896,0.095,0.235,0.804,1.181,0.259,0.000,0.000,0.000,0.000,0.000,0.000,0.000,0.000,0.000,0.000,0.000,0.000,0.000,0.000,0.000,0,0,1.138,0.661,1.040,0.000,14
Data-Oriented CPU ROAM,RelWithDebInfo,OpenGL,NVIDIA GeForce RTX 5090 D/PCIe/SSE2,4.3.0 NVIDIA 591.86,false,assets/heightmaps/Hm_Terrain_Test_129.pgm,129,129,30.000,4.000,14,4.000,2.000,20000,0.324,0.000,6.000,11.298,5.243,14151,36428,14149,92,46,89,61,0,0,0,0,8,0.000,5.054,4.704,0.152,0.788,0.104,0.253,0.143,0.915,0.105,0.238,0.808,1.198,0.247,0.000,0.000,0.000,0.000,0.000,0.000,0.000,0.000,0.000,0.000,0.000,0.000,0.000,0.000,0.000,0,0,1.163,0.892,1.046,0.000,14
Data-Oriented CPU ROAM,RelWithDebInfo,OpenGL,NVIDIA GeForce RTX 5090 D/PCIe/SSE2,4.3.0 NVIDIA 591.86,false,assets/heightmaps/Hm_Terrain_Test_129.pgm,129,129,30.000,4.000,14,4.000,2.000,20000,0.329,0.000,6.000,11.189,5.513,14147,36624,14145,98,49,102,69,0,0,0,0,8,314.077,5.312,4.974,0.134,0.626,0.104,0.246,0.159,1.079,0.141,0.246,0.956,1.281,0.269,0.000,0.000,0.000,0.000,0.000,0.000,0.000,0.000,0.000,0.000,0.000,0.000,0.000,0.000,0.000,0,0,1.379,0.730,1.202,0.000,14
Data-Oriented CPU ROAM,RelWithDebInfo,OpenGL,NVIDIA GeForce RTX 5090 D/PCIe/SSE2,4.3.0 NVIDIA 591.86,false,assets/heightmaps/Hm_Terrain_Test_129.pgm,129,129,30.000,4.000,14,4.000,2.000,20000,0.335,0.000,6.000,11.073,5.769,14076,36820,14074,98,48,169,56,0,0,0,0,8,0.000,7.001,6.648,0.157,1.200,0.142,0.268,0.279,1.230,0.173,0.262,1.562,1.375,0.274,0.000,0.000,0.000,0.000,0.000,0.000,0.000,0.000,0.000,0.000,0.000,0.000,0.000,0.000,0.000,0,0,1.682,1.342,1.824,0.000,14
Data-Oriented CPU ROAM,RelWithDebInfo,OpenGL,NVIDIA GeForce RTX 5090 D/PCIe/SSE2,4.3.0 NVIDIA 591.86,false,assets/heightmaps/Hm_Terrain_Test_129.pgm,129,129,30.000,4.000,14,4.000,2.000,20000,0.343,0.000,6.000,10.922,7.490,13968,37048,13966,114,57,222,70,0,0,0,0,8,0.000,6.387,6.048,0.236,0.909,0.194,0.304,0.152,1.386,0.240,0.238,1.073,1.316,0.265,0.000,0.000,0.000,0.000,0.000,0.000,0.000,0.000,0.000,0.000,0.000,0.000,0.000,0.000,0.000,0,0,1.778,1.104,1.311,0.000,14
Data-Oriented CPU ROAM,RelWithDebInfo,OpenGL,NVIDIA GeForce RTX 5090 D/PCIe/SSE2,4.3.0 NVIDIA 591.86,false,assets/heightmaps/Hm_Terrain_Test_129.pgm,129,129,30.000,4.000,14,4.000,2.000,20000,0.350,0.000,6.000,10.781,6.930,13972,37260,13970,106,53,102,75,0,0,0,0,8,0.000,5.900,5.480,0.363,0.795,0.098,0.274,0.145,0.975,0.136,0.240,1.212,1.243,0.304,0.000,0.000,0.000,0.000,0.000,0.000,0.000,0.000,0.000,0.000,0.000,0.000,0.000,0.000,0.000,0,0,1.255,0.894,1.452,0.000,14
Data-Oriented CPU ROAM,RelWithDebInfo,OpenGL,NVIDIA GeForce RTX 5090 D/PCIe/SSE2,4.3.0 NVIDIA 591.86,false,assets/heightmaps/Hm_Terrain_Test_129.pgm,129,129,30.000,4.000,14,4.000,2.000,20000,0.356,0.000,6.000,10.647,6.511,13902,37452,13900,96,47,166,70,0,0,0,0,8,0.000,5.983,5.638,0.222,1.043,0.158,0.264,0.146,0.843,0.152,0.250,1.318,1.243,0.268,0.000,0.000,0.000,0.000,0.000,0.000,0.000,0.000,0.000,0.000,0.000,0.000,0.000,0.000,0.000,0,0,1.141,1.201,1.567,0.000,14
Data-Oriented CPU ROAM,RelWithDebInfo,OpenGL,NVIDIA GeForce RTX 5090 D/PCIe/SSE2,4.3.0 NVIDIA 591.86,false,assets/heightmaps/Hm_Terrain_Test_129.pgm,129,129,30.000,4.000,14,4.000,2.000,20000,0.363,0.000,6.000,10.514,6.442,13906,37724,13904,136,68,132,81,0,0,0,0,8,263.815,6.260,5.922,0.170,0.945,0.136,0.272,0.267,1.160,0.164,0.236,1.375,1.198,0.266,0.000,0.000,0.000,0.000,0.000,0.000,0.000,0.000,0.000,0.000,0.000,0.000,0.000,0.000,0.000,0,0,1.591,1.081,1.610,0.000,14
Data-Oriented CPU ROAM,RelWithDebInfo,OpenGL,NVIDIA GeForce RTX 5090 D/PCIe/SSE2,4.3.0 NVIDIA 591.86,false,assets/heightmaps/Hm_Terrain_Test_129.pgm,129,129,30.000,4.000,14,4.000,2.000,20000,0.369,0.000,6.000,10.374,6.710,13844,37916,13842,96,48,158,58,0,0,0,0,8,0.000,6.931,6.592,0.137,0.945,0.158,0.257,0.264,1.109,0.111,0.236,1.985,1.391,0.264,0.000,0.000,0.000,0.000,0.000,0.000,0.000,0.000,0.000,0.000,0.000,0.000,0.000,0.000,0.000,0,0,1.484,1.103,2.221,0.000,14
Data-Oriented CPU ROAM,RelWithDebInfo,OpenGL,NVIDIA GeForce RTX 5090 D/PCIe/SSE2,4.3.0 NVIDIA 591.86,false,assets/heightmaps/Hm_Terrain_Test_129.pgm,129,129,30.000,4.000,14,4.000,2.000,20000,0.377,0.000,6.000,10.219,7.374,13802,38156,13800,120,60,162,82,0,0,0,0,8,265.375,6.231,5.887,0.156,0.578,0.145,0.269,0.256,1.108,0.128,0.233,1.792,1.220,0.268,0.000,0.000,0.000,0.000,0.000,0.000,0.000,0.000,0.000,0.000,0.000,0.000,0.000,0.000,0.000,0,0,1.493,0.723,2.025,0.000,14
Data-Oriented CPU ROAM,RelWithDebInfo,OpenGL,NVIDIA GeForce RTX 5090 D/PCIe/SSE2,4.3.0 NVIDIA 591.86,false,assets/heightmaps/Hm_Terrain_Test_129.pgm,129,129,30.000,4.000,14,4.000,2.000,20000,0.383,0.000,6.000,10.077,6.685,13694,38348,13692,96,47,204,56,0,0,0,0,8,0.000,5.814,5.480,0.202,1.203,0.176,0.260,0.258,0.863,0.112,0.233,0.790,1.383,0.257,0.000,0.000,0.000,0.000,0.000,0.000,0.000,0.000,0.000,0.000,0.000,0.000,0.000,0.000,0.000,0,0,1.233,1.379,1.023,0.000,14
Data-Oriented CPU ROAM,RelWithDebInfo,OpenGL,NVIDIA GeForce RTX 5090 D/PCIe/SSE2,4.3.0 NVIDIA 591.86,false,assets/heightmaps/Hm_Terrain_Test_129.pgm,129,129,30.000,4.000,14,4.000,2.000,20000,0.390,0.000,6.000,9.943,6.288,13628,38540,13626,96,48,162,60,0,0,0,0,8,0.000,5.643,5.286,0.168,0.886,0.186,0.276,0.139,1.003,0.111,0.239,0.797,1.482,0.253,0.000,0.000,0.000,0.000,0.000,0.000,0.000,0.000,0.000,0.000,0.000,0.000,0.000,0.000,0.000,0,0,1.253,1.072,1.036,0.000,14
Data-Oriented CPU ROAM,RelWithDebInfo,OpenGL,NVIDIA GeForce RTX 5090 D/PCIe/SSE2,4.3.0 NVIDIA 591.86,false,assets/heightmaps/Hm_Terrain_Test_129.pgm,129,129,30.000,4.000,14,4.000,2.000,20000,0.396,0.000,6.000,9.812,6.091,13620,38788,13618,124,62,132,90,0,0,0,0,8,0.000,8.281,7.465,0.357,0.759,0.279,0.284,0.177,0.904,0.300,0.270,1.676,2.458,0.647,0.000,0.000,0.000,0.000,0.000,0.000,0.000,0.000,0.000,0.000,0.000,0.000,0.000,0.000,0.000,0,0,1.380,1.039,1.946,0.000,14
Data-Oriented CPU ROAM,RelWithDebInfo,OpenGL,NVIDIA GeForce RTX 5090 D/PCIe/SSE2,4.3.0 NVIDIA 591.86,false,assets/heightmaps/Hm_Terrain_Test_129.pgm,129,129,30.000,4.000,14,4.000,2.000,20000,0.405,0.000,6.000,9.612,9.269,13562,39028,13560,120,59,178,81,0,0,0,0,8,166.537,9.953,9.381,0.306,0.614,0.380,0.516,0.195,1.832,0.383,0.255,2.180,2.720,0.397,0.000,0.000,0.000,0.000,0.000,0.000,0.000,0.000,0.000,0.000,0.000,0.000,0.000,0.000,0.000,0,0,2.410,0.994,2.435,0.000,14
Data-Oriented CPU ROAM,RelWithDebInfo,OpenGL,NVIDIA GeForce RTX 5090 D/PCIe/SSE2,4.3.0 NVIDIA 591.86,false,assets/heightmaps/Hm_Terrain_Test_129.pgm,129,129,30.000,4.000,14,4.000,2.000,20000,0.416,0.000,6.000,9.371,11.062,13510,39404,13508,188,94,240,139,0,0,0,0,8,0.000,5.895,5.476,0.130,1.013,0.255,0.270,0.140,0.841,0.213,0.229,0.836,1.548,0.323,0.000,0.000,0.000,0.000,0.000,0.000,0.000,0.000,0.000,0.000,0.000,0.000,0.000,0.000,0.000,0,0,1.194,1.268,1.066,0.000,14
Data-Oriented CPU ROAM,RelWithDebInfo,OpenGL,NVIDIA GeForce RTX 5090 D/PCIe/SSE2,4.3.0 NVIDIA 591.86,false,assets/heightmaps/Hm_Terrain_Test_129.pgm,129,129,30.000,4.000,14,4.000,2.000,20000,0.423,0.000,6.000,9.229,6.469,13487,39620,13485,108,53,131,80,0,0,0,0,8,2442.122,5.438,5.117,0.233,0.583,0.190,0.269,0.163,0.872,0.230,0.234,1.115,1.228,0.260,0.000,0.000,0.000,0.000,0.000,0.000,0.000,0.000,0.000,0.000,0.000,0.000,0.000,0.000,0.000,0,0,1.266,0.773,1.348,0.000,14
Data-Oriented CPU ROAM,RelWithDebInfo,OpenGL,NVIDIA GeForce RTX 5090 D/PCIe/SSE2,4.3.0 NVIDIA 591.86,false,assets/heightmaps/Hm_Terrain_Test_129.pgm,129,129,30.000,4.000,14,4.000,2.000,20000,0.429,0.000,6.000,9.098,5.973,13376,39800,13374,90,45,201,56,0,0,0,0,8,0.000,5.427,5.128,0.256,0.980,0.216,0.243,0.138,1.025,0.108,0.226,0.790,1.147,0.234,0.000,0.000,0.000,0.000,0.000,0.000,0.000,0.000,0.000,0.000,0.000,0.000,0.000,0.000,0.000,0,0,1.270,1.196,1.016,0.000,14
Data-Oriented CPU ROAM,RelWithDebInfo,OpenGL,NVIDIA GeForce RTX 5090 D/PCIe/SSE2,4.3.0 NVIDIA 591.86,false,assets/heightmaps/Hm_Terrain_Test_129.pgm,129,129,30.000,4.000,14,4.000,2.000,20000,0.434,0.000,6.000,8.967,5.912,13346,39996,13344,98,49,128,67,0,0,0,0,8,0.000,5.424,5.117,0.161,1.055,0.214,0.259,0.140,0.850,0.160,0.238,0.823,1.218,0.240,0.000,0.000,0.000,0.000,0.000,0.000,0.000,0.000,0.000,0.000,0.000,0.000,0.000,0.000,0.000,0,0,1.150,1.269,1.061,0.000,14
Data-Oriented CPU ROAM,RelWithDebInfo,OpenGL,NVIDIA GeForce RTX 5090 D/PCIe/SSE2,4.3.0 NVIDIA 591.86,false,assets/heightmaps/Hm_Terrain_Test_129.pgm,129,129,30.000,4.000,14,4.000,2.000,20000,0.440,0.000,6.000,8.837,5.868,13366,40192,13364,98,49,78,65,0,0,0,0,8,621.800,7.853,7.537,0.201,0.553,0.099,0.243,0.150,0.937,1.912,0.530,1.405,1.507,0.250,0.000,0.000,0.000,0.000,0.000,0.000,0.000,0.000,0.000,0.000,0.000,0.000,0.000,0.000,0.000,0,0,2.999,0.652,1.935,0.000,14
Data-Oriented CPU ROAM,RelWithDebInfo,OpenGL,NVIDIA GeForce RTX 5090 D/PCIe/SSE2,4.3.0 NVIDIA 591.86,false,assets/heightmaps/Hm_Terrain_Test_129.pgm,129,129,30.000,4.000,14,4.000,2.000,20000,0.449,0.000,6.000,8.652,8.343,13312,40484,13310,146,72,200,111,0,0,0,0,8,0.000,6.133,5.814,0.257,0.941,0.215,0.263,0.163,1.223,0.165,0.280,0.786,1.522,0.250,0.000,0.000,0.000,0.000,0.000,0.000,0.000,0.000,0.000,0.000,0.000,0.000,0.000,0.000,0.000,0,0,1.551,1.156,1.065,0.000,14
Data-Oriented CPU ROAM,RelWithDebInfo,OpenGL,NVIDIA GeForce RTX 5090 D/PCIe/SSE2,4.3.0 NVIDIA 591.86,false,assets/heightmaps/Hm_Terrain_Test_129.pgm,129,129,30.000,4.000,14,4.000,2.000,20000,0.455,0.000,6.000,8.504,6.624,13240,40704,13238,110,55,182,73,0,0,0,0,8,906.603,5.467,5.169,0.208,1.087,0.275,0.260,0.144,0.898,0.133,0.224,0.761,1.179,0.232,0.000,0.000,0.000,0.000,0.000,0.000,0.000,0.000,0.000,0.000,0.000,0.000,0.000,0.000,0.000,0,0,1.175,1.362,0.985,0.000,14
Data-Oriented CPU ROAM,RelWithDebInfo,OpenGL,NVIDIA GeForce RTX 5090 D/PCIe/SSE2,4.3.0 NVIDIA 591.86,false,assets/heightmaps/Hm_Terrain_Test_129.pgm,129,129,30.000,4.000,14,4.000,2.000,20000,0.461,0.000,6.000,8.371,5.969,13278,40916,13276,106,53,68,68,0,0,0,0,8,0.000,5.288,4.998,0.150,0.836,0.071,0.237,0.256,1.052,0.166,0.228,0.827,1.174,0.225,0.000,0.000,0.000,0.000,0.000,0.000,0.000,0.000,0.000,0.000,0.000,0.000,0.000,0.000,0.000,0,0,1.474,0.908,1.054,0.000,14
Data-Oriented CPU ROAM,RelWithDebInfo,OpenGL,NVIDIA GeForce RTX 5090 D/PCIe/SSE2,4.3.0 NVIDIA 591.86,false,assets/heightmaps/Hm_Terrain_Test_129.pgm,129,129,30.000,4.000,14,4.000,2.000,20000,0.467,0.000,6.000,8.243,5.710,13262,41152,13260,118,58,134,83,0,0,0,0,8,0.000,6.107,5.786,0.145,0.787,0.123,0.246,0.254,0.827,0.128,0.227,1.827,1.221,0.246,0.000,0.000,0.000,0.000,0.000,0.000,0.000,0.000,0.000,0.000,0.000,0.000,0.000,0.000,0.000,0,0,1.209,0.910,2.054,0.000,14
Data-Oriented CPU ROAM,RelWithDebInfo,OpenGL,NVIDIA GeForce RTX 5090 D/PCIe/SSE2,4.3.0 NVIDIA 591.86,false,assets/heightmaps/Hm_Terrain_Test_129.pgm,129,129,30.000,4.000,14,4.000,2.000,20000,0.473,0.000,6.000,8.097,6.523,13136,41376,13134,112,56,238,78,0,0,0,0,8,0.000,6.633,6.296,0.153,0.956,0.210,0.257,0.247,1.182,0.131,0.226,1.721,1.212,0.256,0.000,0.000,0.000,0.000,0.000,0.000,0.000,0.000,0.000,0.000,0.000,0.000,0.000,0.000,0.000,0,0,1.560,1.166,1.948,0.000,14
Data-Oriented CPU ROAM,RelWithDebInfo,OpenGL,NVIDIA GeForce RTX 5090 D/PCIe/SSE2,4.3.0 NVIDIA 591.86,false,assets/heightmaps/Hm_Terrain_Test_129.pgm,129,129,30.000,4.000,14,4.000,2.000,20000,0.481,0.000,6.000,7.938,7.076,13130,41612,13128,118,59,124,76,0,0,0,0,8,0.000,5.732,5.402,0.250,0.904,0.126,0.255,0.266,0.981,0.136,0.224,0.800,1.460,0.256,0.000,0.000,0.000,0.000,0.000,0.000,0.000,0.000,0.000,0.000,0.000,0.000,0.000,0.000,0.000,0,0,1.382,1.030,1.024,0.000,14
Data-Oriented CPU ROAM,RelWithDebInfo,OpenGL,NVIDIA GeForce RTX 5090 D/PCIe/SSE2,4.3.0 NVIDIA 591.86,false,assets/heightmaps/Hm_Terrain_Test_129.pgm,129,129,30.000,4.000,14,4.000,2.000,20000,0.487,0.000,6.000,7.799,6.158,13155,41868,13153,128,63,103,99,0,0,0,0,8,892.653,5.566,5.250,0.234,0.919,0.140,0.267,0.132,1.011,0.136,0.227,0.766,1.418,0.234,0.000,0.000,0.000,0.000,0.000,0.000,0.000,0.000,0.000,0.000,0.000,0.000,0.000,0.000,0.000,0,0,1.279,1.059,0.992,0.000,14
Data-Oriented CPU ROAM,RelWithDebInfo,OpenGL,NVIDIA GeForce RTX 5090 D/PCIe/SSE2,4.3.0 NVIDIA 591.86,false,assets/heightmaps/Hm_Terrain_Test_129.pgm,129,129,30.000,4.000,14,4.000,2.000,20000,0.493,0.000,6.000,7.664,6.010,13106,42088,13104,110,55,159,67,0,0,0,0,8,0.000,5.277,4.869,0.171,0.841,0.162,0.240,0.132,1.152,0.122,0.217,0.752,1.080,0.318,0.000,0.000,0.000,0.000,0.000,0.000,0.000,0.000,0.000,0.000,0.000,0.000,0.000,0.000,0.000,0,0,1.405,1.003,0.969,0.000,14
Data-Oriented CPU ROAM,RelWithDebInfo,OpenGL,NVIDIA GeForce RTX 5090 D/PCIe/SSE2,4.3.0 NVIDIA 591.86,false,assets/heightmaps/Hm_Terrain_Test_129.pgm,129,129,30.000,4.000,14,4.000,2.000,20000,0.499,0.000,6.000,7.531,5.918,13050,42276,13048,94,47,150,61,0,0,0,0,8,0.000,5.013,4.719,0.162,0.975,0.146,0.231,0.132,0.930,0.105,0.221,0.753,1.064,0.228,0.000,0.000,0.000,0.000,0.000,0.000,0.000,0.000,0.000,0.000,0.000,0.000,0.000,0.000,0.000,0,0,1.167,1.121,0.974,0.000,14
Data-Oriented CPU ROAM,RelWithDebInfo,OpenGL,NVIDIA GeForce RTX 5090 D/PCIe/SSE2,4.3.0 NVIDIA 591.86,false,assets/heightmaps/Hm_Terrain_Test_129.pgm,129,129,30.000,4.000,14,4.000,2.000,20000,0.504,0.000,6.000,7.409,5.414,13072,42464,13070,94,47,72,70,0,0,0,0,8,2226.735,5.244,4.910,0.157,0.552,0.101,0.236,0.190,0.912,0.116,0.226,1.070,1.350,0.257,0.000,0.000,0.000,0.000,0.000,0.000,0.000,0.000,0.000,0.000,0.000,0.000,0.000,0.000,0.000,0,0,1.218,0.653,1.296,0.000,14
Data-Oriented CPU ROAM,RelWithDebInfo,OpenGL,NVIDIA GeForce RTX 5090 D/PCIe/SSE2,4.3.0 NVIDIA 591.86,false,assets/heightmaps/Hm_Terrain_Test_129.pgm,129,129,30.000,4.000,14,4.000,2.000,20000,0.510,0.000,6.000,7.277,5.859,13053,42736,13051,136,67,155,87,0,0,0,0,8,0.000,6.787,6.444,0.117,0.835,0.217,0.286,0.148,1.377,0.228,0.229,1.336,1.671,0.256,0.000,0.000,0.000,0.000,0.000,0.000,0.000,0.000,0.000,0.000,0.000,0.000,0.000,0.000,0.000,0,0,1.754,1.051,1.565,0.000,14
Data-Oriented CPU ROAM,RelWithDebInfo,OpenGL,NVIDIA GeForce RTX 5090 D/PCIe/SSE2,4.3.0 NVIDIA 591.86,false,assets/heightmaps/Hm_Terrain_Test_129.pgm,129,129,30.000,4.000,14,4.000,2.000,20000,0.517,0.000,6.000,7.113,7.302,12972,42964,12970,114,57,195,72,0,0,0,0,8,1333.009,6.204,5.859,0.310,1.060,0.217,0.242,0.148,0.915,0.154,0.234,0.786,1.793,0.256,0.000,0.000,0.000,0.000,0.000,0.000,0.000,0.000,0.000,0.000,0.000,0.000,0.000,0.000,0.000,0,0,1.217,1.277,1.020,0.000,14
Data-Oriented CPU ROAM,RelWithDebInfo,OpenGL,NVIDIA GeForce RTX 5090 D/PCIe/SSE2,4.3.0 NVIDIA 591.86,false,assets/heightmaps/Hm_Terrain_Test_129.pgm,129,129,30.000,4.000,14,4.000,2.000,20000,0.524,0.000,6.000,6.961,6.762,12972,43212,12970,124,62,124,89,0,0,0,0,8,0.000,6.013,5.693,0.283,1.130,0.129,0.239,0.133,0.904,0.252,0.225,1.118,1.279,0.241,0.000,0.000,0.000,0.000,0.000,0.000,0.000,0.000,0.000,0.000,0.000,0.000,0.000,0.000,0.000,0,0,1.289,1.259,1.344,0.000,14
Data-Oriented CPU ROAM,RelWithDebInfo,OpenGL,NVIDIA GeForce RTX 5090 D/PCIe/SSE2,4.3.0 NVIDIA 591.86,false,assets/heightmaps/Hm_Terrain_Test_129.pgm,129,129,30.000,4.000,14,4.000,2.000,20000,0.531,0.000,6.000,6.814,6.562,12978,43464,12976,126,62,120,83,0,0,0,0,8,289.856,5.708,5.389,0.300,0.880,0.128,0.231,0.139,0.949,0.212,0.226,1.093,1.231,0.239,0.000,0.000,0.000,0.000,0.000,0.000,0.000,0.000,0.000,0.000,0.000,0.000,0.000,0.000,0.000,0,0,1.299,1.008,1.319,0.000,14
Data-Oriented CPU ROAM,RelWithDebInfo,OpenGL,NVIDIA GeForce RTX 5090 D/PCIe/SSE2,4.3.0 NVIDIA 591.86,false,assets/heightmaps/Hm_Terrain_Test_129.pgm,129,129,30.000,4.000,14,4.000,2.000,20000,0.537,0.000,6.000,6.675,6.190,12932,43696,12930,116,58,162,69,0,0,0,0,8,0.000,6.368,6.041,0.137,0.927,0.144,0.252,0.258,0.870,0.167,0.225,1.726,1.335,0.250,0.000,0.000,0.000,0.000,0.000,0.000,0.000,0.000,0.000,0.000,0.000,0.000,0.000,0.000,0.000,0,0,1.294,1.071,1.951,0.000,14
Data-Oriented CPU ROAM,RelWithDebInfo,OpenGL,NVIDIA GeForce RTX 5090 D/PCIe/SSE2,4.3.0 NVIDIA 591.86,false,assets/heightmaps/Hm_Terrain_Test_129.pgm,129,129,30.000,4.000,14,4.000,2.000,20000,0.544,0.000,6.000,6.522,6.879,12864,43944,12862,124,62,192,82,0,0,0,0,8,0.000,6.560,6.226,0.170,0.866,0.165,0.265,0.254,1.266,0.215,0.225,1.468,1.332,0.253,0.000,0.000,0.000,0.000,0.000,0.000,0.000,0.000,0.000,0.000,0.000,0.000,0.000,0.000,0.000,0,0,1.735,1.031,1.693,0.000,14
Data-Oriented CPU ROAM,RelWithDebInfo,OpenGL,NVIDIA GeForce RTX 5090 D/PCIe/SSE2,4.3.0 NVIDIA 591.86,false,assets/heightmaps/Hm_Terrain_Test_129.pgm,129,129,30.000,4.000,14,4.000,2.000,20000,0.551,0.000,6.000,6.364,7.072,12821,44192,12819,124,61,167,84,0,0,0,0,8,1751.256,5.692,5.352,0.129,0.960,0.162,0.252,0.242,1.035,0.133,0.219,0.757,1.462,0.256,0.000,0.000,0.000,0.000,0.000,0.000,0.000,0.000,0.000,0.000,0.000,0.000,0.000,0.000,0.000,0,0,1.410,1.121,0.977,0.000,14
Data-Oriented CPU ROAM,RelWithDebInfo,OpenGL,NVIDIA GeForce RTX 5090 D/PCIe/SSE2,4.3.0 NVIDIA 591.86,false,assets/heightmaps/Hm_Terrain_Test_129.pgm,129,129,30.000,4.000,14,4.000,2.000,20000,0.557,0.000,6.000,6.226,6.213,12706,44428,12704,118,59,233,70,0,0,0,0,8,0.000,6.501,6.102,0.245,0.858,0.254,0.237,0.246,1.264,0.146,0.218,0.824,1.811,0.302,0.000,0.000,0.000,0.000,0.000,0.000,0.000,0.000,0.000,0.000,0.000,0.000,0.000,0.000,0.000,0,0,1.655,1.112,1.041,0.000,14
Data-Oriented CPU ROAM,RelWithDebInfo,OpenGL,NVIDIA GeForce RTX 5090 D/PCIe/SSE2,4.3.0 NVIDIA 591.86,false,assets/heightmaps/Hm_Terrain_Test_129.pgm,129,129,30.000,4.000,14,4.000,2.000,20000,0.564,0.000,6.000,6.070,7.031,12706,44680,12704,126,63,126,81,0,0,0,0,8,294.179,5.626,5.310,0.197,0.542,0.134,0.235,0.241,1.268,0.139,0.218,1.066,1.270,0.247,0.000,0.000,0.000,0.000,0.000,0.000,0.000,0.000,0.000,0.000,0.000,0.000,0.000,0.000,0.000,0,0,1.648,0.677,1.284,0.000,14
Data-Oriented CPU ROAM,RelWithDebInfo,OpenGL,NVIDIA GeForce RTX 5090 D/PCIe/SSE2,4.3.0 NVIDIA 591.86,false,assets/heightmaps/Hm_Terrain_Test_129.pgm,129,129,30.000,4.000,14,4.000,2.000,20000,0.570,0.000,6.000,5.934,6.150,12716,44932,12714,126,62,116,83,0,0,0,0,8,0.000,6.132,5.724,0.135,0.780,0.126,0.246,0.132,1.240,0.123,0.213,1.232,1.497,0.319,0.000,0.000,0.000,0.000,0.000,0.000,0.000,0.000,0.000,0.000,0.000,0.000,0.000,0.000,0.000,0,0,1.495,0.907,1.445,0.000,14
Data-Oriented CPU ROAM,RelWithDebInfo,OpenGL,NVIDIA GeForce RTX 5090 D/PCIe/SSE2,4.3.0 NVIDIA 591.86,false,assets/heightmaps/Hm_Terrain_Test_129.pgm,129,129,30.000,4.000,14,4.000,2.000,20000,0.577,0.000,6.000,5.788,6.635,12650,45152,12648,110,55,176,69,0,0,0,0,8,0.000,4.880,4.568,0.172,0.798,0.184,0.233,0.130,0.895,0.120,0.210,0.748,1.078,0.241,0.000,0.000,0.000,0.000,0.000,0.000,0.000,0.000,0.000,0.000,0.000,0.000,0.000,0.000,0.000,0,0,1.145,0.982,0.958,0.000,14
Data-Oriented CPU ROAM,RelWithDebInfo,OpenGL,NVIDIA GeForce RTX 5090 D/PCIe/SSE2,4.3.0 NVIDIA 591.86,false,assets/heightmaps/Hm_Terrain_Test_129.pgm,129,129,30.000,4.000,14,4.000,2.000,20000,0.582,0.000,6.000,5.670,5.396,12634,45272,12632,60,30,76,38,0,0,0,0,8,2511.553,5.340,4.976,0.198,0.841,0.085,0.235,0.128,1.014,0.083,0.218,1.100,1.075,0.293,0.000,0.000,0.000,0.000,0.000,0.000,0.000,0.000,0.000,0.000,0.000,0.000,0.000,0.000,0.000,0,0,1.224,0.926,1.318,0.000,14
Data-Oriented CPU ROAM,RelWithDebInfo,OpenGL,NVIDIA GeForce RTX 5090 D/PCIe/SSE2,4.3.0 NVIDIA 591.86,false,assets/heightmaps/Hm_Terrain_Test_129.pgm,129,129,30.000,4.000,14,4.000,2.000,20000,0.588,0.000,6.000,5.543,5.786,12592,45448,12590,88,44,130,62,0,0,0,0,8,0.000,4.762,4.475,0.149,0.709,0.130,0.217,0.143,0.968,0.120,0.215,0.759,1.064,0.223,0.000,0.000,0.000,0.000,0.000,0.000,0.000,0.000,0.000,0.000,0.000,0.000,0.000,0.000,0.000,0,0,1.230,0.839,0.975,0.000,14
Data-Oriented CPU ROAM,RelWithDebInfo,OpenGL,NVIDIA GeForce RTX 5090 D/PCIe/SSE2,4.3.0 NVIDIA 591.86,false,assets/heightmaps/Hm_Terrain_Test_129.pgm,129,129,30.000,4.000,14,4.000,2.000,20000,0.593,0.000,6.000,5.428,5.277,12514,45608,12512,80,39,158,56,0,0,0,0,8,0.000,5.215,4.913,0.155,0.578,0.154,0.217,0.141,1.078,0.142,0.222,1.134,1.092,0.236,0.000,0.000,0.000,0.000,0.000,0.000,0.000,0.000,0.000,0.000,0.000,0.000,0.000,0.000,0.000,0,0,1.360,0.732,1.356,0.000,14
Data-Oriented CPU ROAM,RelWithDebInfo,OpenGL,NVIDIA GeForce RTX 5090 D/PCIe/SSE2,4.3.0 NVIDIA 591.86,false,assets/heightmaps/Hm_Terrain_Test_129.pgm,129,129,30.000,4.000,14,4.000,2.000,20000,0.599,0.000,6.000,5.306,5.665,12434,45756,12432,74,37,154,49,0,0,0,0,8,0.000,5.808,5.413,0.171,0.756,0.139,0.241,0.232,1.101,0.082,0.213,1.186,1.293,0.286,0.000,0.000,0.000,0.000,0.000,0.000,0.000,0.000,0.000,0.000,0.000,0.000,0.000,0.000,0.000,0,0,1.415,0.895,1.398,0.000,14
Data-Oriented CPU ROAM,RelWithDebInfo,OpenGL,NVIDIA GeForce RTX 5090 D/PCIe/SSE2,4.3.0 NVIDIA 591.86,false,assets/heightmaps/Hm_Terrain_Test_129.pgm,129,129,30.000,4.000,14,4.000,2.000,20000,0.605,0.000,6.000,5.170,6.288,12414,45872,12412,58,29,78,39,0,0,0,0,8,0.000,5.594,4.982,0.161,0.556,0.088,0.243,0.128,1.192,0.068,0.204,1.026,1.317,0.499,0.000,0.000,0.000,0.000,0.000,0.000,0.000,0.000,0.000,0.000,0.000,0.000,0.000,0.000,0.000,0,0,1.388,0.644,1.230,0.000,14
Data-Oriented CPU ROAM,RelWithDebInfo,OpenGL,NVIDIA GeForce RTX 5090 D/PCIe/SSE2,4.3.0 NVIDIA 591.86,false,assets/heightmaps/Hm_Terrain_Test_129.pgm,129,129,30.000,4.000,14,4.000,2.000,20000,0.611,0.000,6.000,5.036,6.227,12340,46048,12338,88,44,162,65,0,0,0,0,8,619.450,5.393,5.044,0.261,1.135,0.178,0.236,0.128,0.894,0.097,0.205,0.752,1.157,0.277,0.000,0.000,0.000,0.000,0.000,0.000,0.000,0.000,0.000,0.000,0.000,0.000,0.000,0.000,0.000,0,0,1.120,1.313,0.957,0.000,14
Data-Oriented CPU ROAM,RelWithDebInfo,OpenGL,NVIDIA GeForce RTX 5090 D/PCIe/SSE2,4.3.0 NVIDIA 591.86,false,assets/heightmaps/Hm_Terrain_Test_129.pgm,129,129,30.000,4.000,14,4.000,2.000,20000,0.617,0.000,6.000,4.910,5.916,12252,46152,12250,52,25,140,45,0,0,0,0,8,0.000,5.555,5.231,0.367,0.835,0.159,0.228,0.236,1.060,0.095,0.260,0.850,1.141,0.247,0.000,0.000,0.000,0.000,0.000,0.000,0.000,0.000,0.000,0.000,0.000,0.000,0.000,0.000,0.000,0,0,1.391,0.994,1.110,0.000,14
Data-Oriented CPU ROAM,RelWithDebInfo,OpenGL,NVIDIA GeForce RTX 5090 D/PCIe/SSE2,4.3.0 NVIDIA 591.86,false,assets/heightmaps/Hm_Terrain_Test_129.pgm,129,129,30.000,4.000,14,4.000,2.000,20000,0.623,0.000,6.000,4.782,6.063,12208,46260,12206,54,27,98,38,0,0,0,0,8,0.000,4.895,4.585,0.204,0.875,0.145,0.221,0.126,1.007,0.060,0.209,0.723,1.014,0.243,0.000,0.000,0.000,0.000,0.000,0.000,0.000,0.000,0.000,0.000,0.000,0.000,0.000,0.000,0.000,0,0,1.194,1.020,0.932,0.000,14
Data-Oriented CPU ROAM,RelWithDebInfo,OpenGL,NVIDIA GeForce RTX 5090 D/PCIe/SSE2,4.3.0 NVIDIA 591.86,false,assets/heightmaps/Hm_Terrain_Test_129.pgm,129,129,30.000,4.000,14,4.000,2.000,20000,0.629,0.000,6.000,4.670,5.296,12202,46372,12200,56,28,62,42,0,0,0,0,8,1045.220,4.767,4.484,0.137,0.728,0.066,0.220,0.146,0.935,0.102,0.210,0.852,1.089,0.220,0.000,0.000,0.000,0.000,0.000,0.000,0.000,0.000,0.000,0.000,0.000,0.000,0.000,0.000,0.000,0,0,1.182,0.794,1.062,0.000,14
Data-Oriented CPU ROAM,RelWithDebInfo,OpenGL,NVIDIA GeForce RTX 5090 D/PCIe/SSE2,4.3.0 NVIDIA 591.86,false,assets/heightmaps/Hm_Terrain_Test_129.pgm,129,129,30.000,4.000,14,4.000,2.000,20000,0.634,0.000,6.000,4.562,5.150,12098,46528,12096,78,39,182,58,0,0,0,0,8,0.000,6.296,5.952,0.114,0.854,0.158,0.233,0.239,1.266,0.126,0.209,1.647,1.105,0.261,0.000,0.000,0.000,0.000,0.000,0.000,0.000,0.000,0.000,0.000,0.000,0.000,0.000,0.000,0.000,0,0,1.631,1.012,1.857,0.000,14
Data-Oriented CPU ROAM,RelWithDebInfo,OpenGL,NVIDIA GeForce RTX 5090 D/PCIe/SSE2,4.3.0 NVIDIA 591.86,false,assets/heightmaps/Hm_Terrain_Test_129.pgm,129,129,30.000,4.000,14,4.000,2.000,20000,0.641,0.000,6.000,4.421,6.770,11902,46636,11900,54,26,250,54,0,0,0,0,8,0.000,5.091,4.773,0.180,0.544,0.226,0.224,0.125,0.872,0.059,0.206,1.043,1.295,0.236,0.000,0.000,0.000,0.000,0.000,0.000,0.000,0.000,0.000,0.000,0.000,0.000,0.000,0.000,0.000,0,0,1.056,0.770,1.249,0.000,14
Data-Oriented CPU ROAM,RelWithDebInfo,OpenGL,NVIDIA GeForce RTX 5090 D/PCIe/SSE2,4.3.0 NVIDIA 591.86,false,assets/heightmaps/Hm_Terrain_Test_129.pgm,129,129,30.000,4.000,14,4.000,2.000,20000,0.646,0.000,6.000,4.307,5.558,11840,46740,11838,52,26,114,39,0,0,0,0,8,0.000,4.707,4.382,0.175,0.860,0.108,0.220,0.120,0.984,0.059,0.194,0.685,0.976,0.213,0.000,0.000,0.000,0.000,0.000,0.000,0.000,0.000,0.000,0.000,0.000,0.000,0.000,0.000,0.000,0,0,1.163,0.969,0.879,0.000,14
Data-Oriented CPU ROAM,RelWithDebInfo,OpenGL,NVIDIA GeForce RTX 5090 D/PCIe/SSE2,4.3.0 NVIDIA 591.86,false,assets/heightmaps/Hm_Terrain_Test_129.pgm,129,129,30.000,4.000,14,4.000,2.000,20000,0.651,0.000,6.000,4.200,5.205,11840,46872,11838,66,33,66,50,0,0,0,0,8,0.000,5.246,4.953,0.243,1.065,0.094,0.216,0.130,1.026,0.091,0.201,0.883,1.004,0.222,0.000,0.000,0.000,0.000,0.000,0.000,0.000,0.000,0.000,0.000,0.000,0.000,0.000,0.000,0.000,0,0,1.248,1.159,1.084,0.000,14
Data-Oriented CPU ROAM,RelWithDebInfo,OpenGL,NVIDIA GeForce RTX 5090 D/PCIe/SSE2,4.3.0 NVIDIA 591.86,false,assets/heightmaps/Hm_Terrain_Test_129.pgm,129,129,30.000,4.000,14,4.000,2.000,20000,0.657,0.000,6.000,4.084,5.680,11783,46970,11781,49,24,106,35,0,0,0,0,8,353.275,4.696,4.421,0.145,0.551,0.122,0.212,0.135,1.294,0.083,0.205,0.677,0.998,0.210,0.000,0.000,0.000,0.000,0.000,0.000,0.000,0.000,0.000,0.000,0.000,0.000,0.000,0.000,0.000,0,0,1.511,0.672,0.882,0.000,14
Data-Oriented CPU ROAM,RelWithDebInfo,OpenGL,NVIDIA GeForce RTX 5090 D/PCIe/SSE2,4.3.0 NVIDIA 591.86,false,assets/heightmaps/Hm_Terrain_Test_129.pgm,129,129,30.000,4.000,14,4.000,2.000,20000,0.662,0.000,6.000,3.982,5.081,11682,47044,11680,37,18,138,46,0,0,0,0,8,0.000,5.159,4.877,0.117,0.639,0.133,0.217,0.127,1.201,0.043,0.202,1.196,1.003,0.218,0.000,0.000,0.000,0.000,0.000,0.000,0.000,0.000,0.000,0.000,0.000,0.000,0.000,0.000,0.000,0,0,1.371,0.772,1.397,0.000,14
Data-Oriented CPU ROAM,RelWithDebInfo,OpenGL,NVIDIA GeForce RTX 5090 D/PCIe/SSE2,4.3.0 NVIDIA 591.86,false,assets/heightmaps/Hm_Terrain_Test_129.pgm,129,129,30.000,4.000,14,4.000,2.000,20000,0.668,0.000,6.000,3.870,5.566,11672,47180,11670,68,34,78,52,0,0,0,0,8,0.000,5.444,5.164,0.143,0.808,0.087,0.226,0.118,1.186,0.074,0.191,1.157,1.174,0.214,0.000,0.000,0.000,0.000,0.000,0.000,0.000,0.000,0.000,0.000,0.000,0.000,0.000,0.000,0.000,0,0,1.378,0.895,1.348,0.000,14
Data-Oriented CPU ROAM,RelWithDebInfo,OpenGL,NVIDIA GeForce RTX 5090 D/PCIe/SSE2,4.3.0 NVIDIA 591.86,false,assets/heightmaps/Hm_Terrain_Test_129.pgm,129,129,30.000,4.000,14,4.000,2.000,20000,0.673,0.000,6.000,3.753,5.871,11614,47288,11612,54,27,112,39,0,0,0,0,8,2878.990,4.636,4.341,0.223,0.528,0.126,0.222,0.126,0.867,0.063,0.199,0.918,1.068,0.219,0.000,0.000,0.000,0.000,0.000,0.000,0.000,0.000,0.000,0.000,0.000,0.000,0.000,0.000,0.000,0,0,1.056,0.654,1.118,0.000,14
Data-Oriented CPU ROAM,RelWithDebInfo,OpenGL,NVIDIA GeForce RTX 5090 D/PCIe/SSE2,4.3.0 NVIDIA 591.86,false,assets/heightmaps/Hm_Terrain_Test_129.pgm,129,129,30.000,4.000,14,4.000,2.000,20000,0.679,0.000,6.000,3.652,5.146,11568,47396,11566,54,27,100,42,0,0,0,0,8,0.000,5.027,4.733,0.353,0.773,0.164,0.252,0.131,0.966,0.064,0.202,0.764,1.063,0.221,0.000,0.000,0.000,0.000,0.000,0.000,0.000,0.000,0.000,0.000,0.000,0.000,0.000,0.000,0.000,0,0,1.161,0.937,0.966,0.000,14
Data-Oriented CPU ROAM,RelWithDebInfo,OpenGL,NVIDIA GeForce RTX 5090 D/PCIe/SSE2,4.3.0 NVIDIA 591.86,false,assets/heightmaps/Hm_Terrain_Test_129.pgm,129,129,30.000,4.000,14,4.000,2.000,20000,0.684,0.000,6.000,3.545,5.445,11465,47492,11463,48,23,151,40,0,0,0,0,8,0.000,5.430,5.131,0.156,0.938,0.150,0.222,0.119,0.941,0.068,0.200,1.071,1.265,0.222,0.000,0.000,0.000,0.000,0.000,0.000,0.000,0.000,0.000,0.000,0.000,0.000,0.000,0.000,0.000,0,0,1.128,1.088,1.272,0.000,14
Data-Oriented CPU ROAM,RelWithDebInfo,OpenGL,NVIDIA GeForce RTX 5090 D/PCIe/SSE2,4.3.0 NVIDIA 591.86,false,assets/heightmaps/Hm_Terrain_Test_129.pgm,129,129,30.000,4.000,14,4.000,2.000,20000,0.690,0.000,6.000,3.429,6.029,11360,47600,11358,54,27,159,44,0,0,0,0,8,278.978,5.871,5.598,0.379,1.003,0.153,0.226,0.122,1.227,0.071,0.194,1.096,1.126,0.201,0.000,0.000,0.000,0.000,0.000,0.000,0.000,0.000,0.000,0.000,0.000,0.000,0.000,0.000,0.000,0,0,1.420,1.157,1.291,0.000,14
Data-Oriented CPU ROAM,RelWithDebInfo,OpenGL,NVIDIA GeForce RTX 5090 D/PCIe/SSE2,4.3.0 NVIDIA 591.86,false,assets/heightmaps/Hm_Terrain_Test_129.pgm,129,129,30.000,4.000,14,4.000,2.000,20000,0.696,0.000,6.000,3.307,6.342,11310,47724,11308,62,31,112,47,0,0,0,0,8,0.000,4.905,4.627,0.149,1.001,0.123,0.213,0.125,0.884,0.075,0.194,0.679,1.183,0.212,0.000,0.000,0.000,0.000,0.000,0.000,0.000,0.000,0.000,0.000,0.000,0.000,0.000,0.000,0.000,0,0,1.084,1.124,0.874,0.000,14
Data-Oriented CPU ROAM,RelWithDebInfo,OpenGL,NVIDIA GeForce RTX 5090 D/PCIe/SSE2,4.3.0 NVIDIA 591.86,false,assets/heightmaps/Hm_Terrain_Test_129.pgm,129,129,30.000,4.000,14,4.000,2.000,20000,0.702,0.000,6.000,3.206,5.331,11290,47828,11288,52,26,72,39,0,0,0,0,8,0.000,4.698,4.372,0.146,0.858,0.083,0.218,0.117,1.151,0.056,0.185,0.655,0.903,0.255,0.000,0.000,0.000,0.000,0.000,0.000,0.000,0.000,0.000,0.000,0.000,0.000,0.000,0.000,0.000,0,0,1.324,0.941,0.840,0.000,14
Data-Oriented CPU ROAM,RelWithDebInfo,OpenGL,NVIDIA GeForce RTX 5090 D/PCIe/SSE2,4.3.0 NVIDIA 591.86,false,assets/heightmaps/Hm_Terrain_Test_129.pgm,129,129,30.000,4.000,14,4.000,2.000,20000,0.707,0.000,6.000,3.108,5.271,11245,47924,11243,48,23,93,35,0,0,0,0,8,1871.751,4.435,4.173,0.153,0.792,0.120,0.202,0.115,0.987,0.049,0.185,0.643,0.926,0.201,0.000,0.000,0.000,0.000,0.000,0.000,0.000,0.000,0.000,0.000,0.000,0.000,0.000,0.000,0.000,0,0,1.150,0.912,0.829,0.000,14
Data-Oriented CPU ROAM,RelWithDebInfo,OpenGL,NVIDIA GeForce RTX 5090 D/PCIe/SSE2,4.3.0 NVIDIA 591.86,false,assets/heightmaps/Hm_Terrain_Test_129.pgm,129,129,30.000,4.000,14,4.000,2.000,20000,0.712,0.000,6.000,3.019,4.806,11192,48036,11190,56,28,109,44,0,0,0,0,8,0.000,4.813,4.539,0.124,0.501,0.110,0.206,0.132,1.328,0.081,0.197,0.842,1.018,0.208,0.000,0.000,0.000,0.000,0.000,0.000,0.000,0.000,0.000,0.000,0.000,0.000,0.000,0.000,0.000,0,0,1.541,0.611,1.038,0.000,14
Data-Oriented CPU ROAM,RelWithDebInfo,OpenGL,NVIDIA GeForce RTX 5090 D/PCIe/SSE2,4.3.0 NVIDIA 591.86,false,assets/heightmaps/Hm_Terrain_Test_129.pgm,129,129,30.000,4.000,14,4.000,2.000,20000,0.717,0.000,6.000,2.923,5.227,11154,48112,11152,38,19,76,28,0,0,0,0,8,0.000,5.202,4.922,0.132,0.763,0.123,0.207,0.126,1.030,0.050,0.193,0.975,1.322,0.211,0.000,0.000,0.000,0.000,0.000,0.000,0.000,0.000,0.000,0.000,0.000,0.000,0.000,0.000,0.000,0,0,1.206,0.886,1.168,0.000,14
Data-Oriented CPU ROAM,RelWithDebInfo,OpenGL,NVIDIA GeForce RTX 5090 D/PCIe/SSE2,4.3.0 NVIDIA 591.86,false,assets/heightmaps/Hm_Terrain_Test_129.pgm,129,129,30.000,4.000,14,4.000,2.000,20000,0.723,0.000,6.000,2.820,5.652,11083,48216,11081,52,26,123,40,0,0,0,0,8,2516.161,4.702,4.345,0.210,0.793,0.177,0.236,0.113,0.960,0.062,0.186,0.640,0.969,0.266,0.000,0.000,0.000,0.000,0.000,0.000,0.000,0.000,0.000,0.000,0.000,0.000,0.000,0.000,0.000,0,0,1.135,0.970,0.825,0.000,14
Data-Oriented CPU ROAM,RelWithDebInfo,OpenGL,NVIDIA GeForce RTX 5090 D/PCIe/SSE2,4.3.0 NVIDIA 591.86,false,assets/heightmaps/Hm_Terrain_Test_129.pgm,129,129,30.000,4.000,14,4.000,2.000,20000,0.728,0.000,6.000,2.724,5.355,11013,48328,11011,56,28,126,41,0,0,0,0,8,0.000,4.818,4.558,0.178,1.001,0.134,0.200,0.212,1.089,0.059,0.184,0.626,0.874,0.198,0.000,0.000,0.000,0.000,0.000,0.000,0.000,0.000,0.000,0.000,0.000,0.000,0.000,0.000,0.000,0,0,1.360,1.135,0.810,0.000,14
Data-Oriented CPU ROAM,RelWithDebInfo,OpenGL,NVIDIA GeForce RTX 5090 D/PCIe/SSE2,4.3.0 NVIDIA 591.86,false,assets/heightmaps/Hm_Terrain_Test_129.pgm,129,129,30.000,4.000,14,4.000,2.000,20000,0.733,0.000,6.000,2.632,5.205,10948,48420,10946,46,22,111,38,0,0,0,0,8,0.000,4.996,4.743,0.162,0.935,0.121,0.196,0.126,0.943,0.083,0.182,1.045,0.948,0.195,0.000,0.000,0.000,0.000,0.000,0.000,0.000,0.000,0.000,0.000,0.000,0.000,0.000,0.000,0.000,0,0,1.152,1.057,1.227,0.000,14
Data-Oriented CPU ROAM,RelWithDebInfo,OpenGL,NVIDIA GeForce RTX 5090 D/PCIe/SSE2,4.3.0 NVIDIA 591.86,false,assets/heightmaps/Hm_Terrain_Test_129.pgm,129,129,30.000,4.000,14,4.000,2.000,20000,0.739,0.000,6.000,2.537,5.399,10842,48480,10840,30,15,136,49,0,0,0,0,8,639.360,5.163,4.886,0.187,0.891,0.125,0.222,0.121,0.919,0.040,0.191,1.160,1.031,0.212,0.000,0.000,0.000,0.000,0.000,0.000,0.000,0.000,0.000,0.000,0.000,0.000,0.000,0.000,0.000,0,0,1.081,1.015,1.351,0.000,14
Data-Oriented CPU ROAM,RelWithDebInfo,OpenGL,NVIDIA GeForce RTX 5090 D/PCIe/SSE2,4.3.0 NVIDIA 591.86,false,assets/heightmaps/Hm_Terrain_Test_129.pgm,129,129,30.000,4.000,14,4.000,2.000,20000,0.744,0.000,6.000,2.441,5.572,10750,48572,10748,46,23,138,38,0,0,0,0,8,0.000,4.642,4.305,0.181,0.839,0.142,0.218,0.109,0.995,0.057,0.179,0.640,0.945,0.249,0.000,0.000,0.000,0.000,0.000,0.000,0.000,0.000,0.000,0.000,0.000,0.000,0.000,0.000,0.000,0,0,1.161,0.980,0.819,0.000,14
Data-Oriented CPU ROAM,RelWithDebInfo,OpenGL,NVIDIA GeForce RTX 5090 D/PCIe/SSE2,4.3.0 NVIDIA 591.86,false,assets/heightmaps/Hm_Terrain_Test_129.pgm,129,129,30.000,4.000,14,4.000,2.000,20000,0.749,0.000,6.000,2.354,5.148,10692,48696,10690,62,31,120,48,0,0,0,0,8,0.000,4.407,4.159,0.179,0.854,0.123,0.206,0.120,0.903,0.102,0.188,0.610,0.874,0.188,0.000,0.000,0.000,0.000,0.000,0.000,0.000,0.000,0.000,0.000,0.000,0.000,0.000,0.000,0.000,0,0,1.125,0.977,0.798,0.000,14
Data-Oriented CPU ROAM,RelWithDebInfo,OpenGL,NVIDIA GeForce RTX 5090 D/PCIe/SSE2,4.3.0 NVIDIA 591.86,false,assets/heightmaps/Hm_Terrain_Test_129.pgm,129,129,30.000,4.000,14,4.000,2.000,20000,0.754,0.000,6.000,2.273,4.805,10664,48764,10662,34,17,62,38,0,0,0,0,8,803.445,4.138,3.888,0.142,0.693,0.076,0.187,0.130,0.931,0.064,0.184,0.620,0.860,0.193,0.000,0.000,0.000,0.000,0.000,0.000,0.000,0.000,0.000,0.000,0.000,0.000,0.000,0.000,0.000,0,0,1.126,0.769,0.804,0.000,14
Data-Oriented CPU ROAM,RelWithDebInfo,OpenGL,NVIDIA GeForce RTX 5090 D/PCIe/SSE2,4.3.0 NVIDIA 591.86,false,assets/heightmaps/Hm_Terrain_Test_129.pgm,129,129,30.000,4.000,14,4.000,2.000,20000,0.759,0.000,6.000,2.198,4.503,10656,48868,10654,52,26,60,40,0,0,0,0,8,0.000,4.262,3.996,0.111,0.515,0.072,0.202,0.109,0.803,0.051,0.176,0.920,1.036,0.205,0.000,0.000,0.000,0.000,0.000,0.000,0.000,0.000,0.000,0.000,0.000,0.000,0.000,0.000,0.000,0,0,0.963,0.587,1.096,0.000,14
Data-Oriented CPU ROAM,RelWithDebInfo,OpenGL,NVIDIA GeForce RTX 5090 D/PCIe/SSE2,4.3.0 NVIDIA 591.86,false,assets/heightmaps/Hm_Terrain_Test_129.pgm,129,129,30.000,4.000,14,4.000,2.000,20000,0.763,0.000,6.000,2.123,4.629,10598,48928,10596,30,14,88,52,0,0,0,0,8,0.000,4.619,4.371,0.106,0.922,0.096,0.200,0.213,1.124,0.036,0.191,0.653,0.829,0.192,0.000,0.000,0.000,0.000,0.000,0.000,0.000,0.000,0.000,0.000,0.000,0.000,0.000,0.000,0.000,0,0,1.373,1.018,0.844,0.000,14
Data-Oriented CPU ROAM,RelWithDebInfo,OpenGL,NVIDIA GeForce RTX 5090 D/PCIe/SSE2,4.3.0 NVIDIA 591.86,false,assets/heightmaps/Hm_Terrain_Test_129.pgm,129,129,30.000,4.000,14,4.000,2.000,20000,0.768,0.000,6.000,2.042,4.995,10570,48988,10568,30,15,58,32,0,0,0,0,8,900.006,5.474,5.207,0.109,0.743,0.103,0.225,0.184,1.742,0.053,0.191,0.800,1.056,0.201,0.000,0.000,0.000,0.000,0.000,0.000,0.000,0.000,0.000,0.000,0.000,0.000,0.000,0.000,0.000,0,0,1.979,0.846,0.992,0.000,14
Data-Oriented CPU ROAM,RelWithDebInfo,OpenGL,NVIDIA GeForce RTX 5090 D/PCIe/SSE2,4.3.0 NVIDIA 591.86,false,assets/heightmaps/Hm_Terrain_Test_129.pgm,129,129,30.000,4.000,14,4.000,2.000,20000,0.774,0.000,6.000,1.949,5.869,10514,49076,10512,44,22,100,38,0,0,0,0,8,0.000,5.498,5.216,0.163,0.842,0.121,0.220,0.166,1.446,0.089,0.184,0.950,1.035,0.213,0.000,0.000,0.000,0.000,0.000,0.000,0.000,0.000,0.000,0.000,0.000,0.000,0.000,0.000,0.000,0,0,1.700,0.963,1.134,0.000,14
Data-Oriented CPU ROAM,RelWithDebInfo,OpenGL,NVIDIA GeForce RTX 5090 D/PCIe/SSE2,4.3.0 NVIDIA 591.86,false,assets/heightmaps/Hm_Terrain_Test_129.pgm,129,129,30.000,4.000,14,4.000,2.000,20000,0.780,0.000,6.000,1.856,5.978,10466,49180,10464,52,26,100,38,0,0,0,0,8,0.000,4.675,4.379,0.140,0.737,0.131,0.205,0.113,1.106,0.067,0.183,0.619,1.079,0.214,0.000,0.000,0.000,0.000,0.000,0.000,0.000,0.000,0.000,0.000,0.000,0.000,0.000,0.000,0.000,0,0,1.286,0.868,0.802,0.000,14
Data-Oriented CPU ROAM,RelWithDebInfo,OpenGL,NVIDIA GeForce RTX 5090 D/PCIe/SSE2,4.3.0 NVIDIA 591.86,false,assets/heightmaps/Hm_Terrain_Test_129.pgm,129,129,30.000,4.000,14,4.000,2.000,20000,0.785,0.000,6.000,1.778,5.084,10434,49276,10432,48,24,80,40,0,0,0,0,8,2857.162,4.083,3.827,0.143,0.614,0.088,0.196,0.117,0.966,0.063,0.175,0.603,0.861,0.192,0.000,0.000,0.000,0.000,0.000,0.000,0.000,0.000,0.000,0.000,0.000,0.000,0.000,0.000,0.000,0,0,1.147,0.702,0.778,0.000,14
Data-Oriented CPU ROAM,RelWithDebInfo,OpenGL,NVIDIA GeForce RTX 5090 D/PCIe/SSE2,4.3.0 NVIDIA 591.86,false,assets/heightmaps/Hm_Terrain_Test_129.pgm,129,129,30.000,4.000,14,4.000,2.000,20000,0.790,0.000,6.000,1.710,4.478,10402,49360,10400,42,20,74,31,0,0,0,0,8,0.000,4.075,3.819,0.172,0.648,0.137,0.188,0.113,0.888,0.054,0.179,0.599,0.840,0.196,0.000,0.000,0.000,0.000,0.000,0.000,0.000,0.000,0.000,0.000,0.000,0.000,0.000,0.000,0.000,0,0,1.055,0.786,0.778,0.000,14
Data-Oriented CPU ROAM,RelWithDebInfo,OpenGL,NVIDIA GeForce RTX 5090 D/PCIe/SSE2,4.3.0 NVIDIA 591.86,false,assets/heightmaps/Hm_Terrain_Test_129.pgm,129,129,30.000,4.000,14,4.000,2.000,20000,0.794,0.000,6.000,1.644,4.463,10341,49428,10339,34,17,95,38,0,0,0,0,8,0.000,4.679,4.420,0.109,0.909,0.092,0.192,0.122,0.831,0.059,0.182,1.100,0.825,0.199,0.000,0.000,0.000,0.000,0.000,0.000,0.000,0.000,0.000,0.000,0.000,0.000,0.000,0.000,0.000,0,0,1.011,1.001,1.282,0.000,14
Data-Oriented CPU ROAM,RelWithDebInfo,OpenGL,NVIDIA GeForce RTX 5090 D/PCIe/SSE2,4.3.0 NVIDIA 591.86,false,assets/heightmaps/Hm_Terrain_Test_129.pgm,129,129,30.000,4.000,14,4.000,2.000,20000,0.799,0.000,6.000,1.570,5.066,10306,49508,10304,40,20,75,34,0,0,0,0,8,781.778,4.262,3.996,0.117,0.995,0.129,0.203,0.105,0.821,0.046,0.170,0.621,0.789,0.204,0.000,0.000,0.000,0.000,0.000,0.000,0.000,0.000,0.000,0.000,0.000,0.000,0.000,0.000,0.000,0,0,0.973,1.124,0.791,0.000,14
Data-Oriented CPU ROAM,RelWithDebInfo,OpenGL,NVIDIA GeForce RTX 5090 D/PCIe/SSE2,4.3.0 NVIDIA 591.86,false,assets/heightmaps/Hm_Terrain_Test_129.pgm,129,129,30.000,4.000,14,4.000,2.000,20000,0.804,0.000,6.000,1.502,4.782,10268,49556,10266,24,12,62,19,0,0,0,0,8,0.000,4.145,3.878,0.264,0.477,0.095,0.187,0.111,1.049,0.039,0.180,0.636,0.840,0.205,0.000,0.000,0.000,0.000,0.000,0.000,0.000,0.000,0.000,0.000,0.000,0.000,0.000,0.000,0.000,0,0,1.199,0.572,0.816,0.000,14
Data-Oriented CPU ROAM,RelWithDebInfo,OpenGL,NVIDIA GeForce RTX 5090 D/PCIe/SSE2,4.3.0 NVIDIA 591.86,false,assets/heightmaps/Hm_Terrain_Test_129.pgm,129,129,30.000,4.000,14,4.000,2.000,20000,0.809,0.000,6.000,1.439,4.492,10190,49576,10188,10,5,88,18,0,0,0,0,8,0.000,5.018,4.760,0.181,0.912,0.095,0.189,0.117,0.885,0.025,0.178,0.849,1.328,0.189,0.000,0.000,0.000,0.000,0.000,0.000,0.000,0.000,0.000,0.000,0.000,0.000,0.000,0.000,0.000,0,0,1.028,1.007,1.027,0.000,14
Data-Oriented CPU ROAM,RelWithDebInfo,OpenGL,NVIDIA GeForce RTX 5090 D/PCIe/SSE2,4.3.0 NVIDIA 591.86,false,assets/heightmaps/Hm_Terrain_Test_129.pgm,129,129,30.000,4.000,14,4.000,2.000,20000,0.814,0.000,6.000,1.364,5.398,10158,49644,10156,34,17,66,28,0,0,0,0,8,290.126,5.684,5.384,0.359,0.974,0.087,0.222,0.196,0.897,0.046,0.177,0.799,1.626,0.228,0.000,0.000,0.000,0.000,0.000,0.000,0.000,0.000,0.000,0.000,0.000,0.000,0.000,0.000,0.000,0,0,1.139,1.061,0.976,0.000,14
Data-Oriented CPU ROAM,RelWithDebInfo,OpenGL,NVIDIA GeForce RTX 5090 D/PCIe/SSE2,4.3.0 NVIDIA 591.86,false,assets/heightmaps/Hm_Terrain_Test_129.pgm,129,129,30.000,4.000,14,4.000,2.000,20000,0.820,0.000,6.000,1.283,6.070,10172,49804,10170,80,40,66,56,0,0,0,0,8,0.000,4.237,3.973,0.260,0.505,0.110,0.210,0.112,0.957,0.090,0.177,0.635,0.916,0.202,0.000,0.000,0.000,0.000,0.000,0.000,0.000,0.000,0.000,0.000,0.000,0.000,0.000,0.000,0.000,0,0,1.160,0.615,0.812,0.000,14
Data-Oriented CPU ROAM,RelWithDebInfo,OpenGL,NVIDIA GeForce RTX 5090 D/PCIe/SSE2,4.3.0 NVIDIA 591.86,false,assets/heightmaps/Hm_Terrain_Test_129.pgm,129,129,30.000,4.000,14,4.000,2.000,20000,0.825,0.000,6.000,1.222,4.643,10131,49864,10129,30,14,71,39,0,0,0,0,8,0.000,4.138,3.887,0.209,0.666,0.103,0.199,0.107,0.953,0.038,0.176,0.596,0.839,0.196,0.000,0.000,0.000,0.000,0.000,0.000,0.000,0.000,0.000,0.000,0.000,0.000,0.000,0.000,0.000,0,0,1.098,0.769,0.773,0.000,14
Data-Oriented CPU ROAM,RelWithDebInfo,OpenGL,NVIDIA GeForce RTX 5090 D/PCIe/SSE2,4.3.0 NVIDIA 591.86,false,assets/heightmaps/Hm_Terrain_Test_129.pgm,129,129,30.000,4.000,14,4.000,2.000,20000,0.829,0.000,6.000,1.164,4.479,10094,49912,10092,24,12,61,31,0,0,0,0,8,2870.330,4.626,4.354,0.094,0.605,0.065,0.252,0.114,1.255,0.049,0.176,0.953,0.791,0.217,0.000,0.000,0.000,0.000,0.000,0.000,0.000,0.000,0.000,0.000,0.000,0.000,0.000,0.000,0.000,0,0,1.418,0.670,1.129,0.000,14
Data-Oriented CPU ROAM,RelWithDebInfo,OpenGL,NVIDIA GeForce RTX 5090 D/PCIe/SSE2,4.3.0 NVIDIA 591.86,false,assets/heightmaps/Hm_Terrain_Test_129.pgm,129,129,30.000,4.000,14,4.000,2.000,20000,0.834,0.000,6.000,1.102,4.955,10088,50008,10086,48,24,54,29,0,0,0,0,8,0.000,3.870,3.567,0.101,0.442,0.058,0.197,0.103,1.054,0.057,0.179,0.626,0.750,0.249,0.000,0.000,0.000,0.000,0.000,0.000,0.000,0.000,0.000,0.000,0.000,0.000,0.000,0.000,0.000,0,0,1.214,0.501,0.804,0.000,14
Data-Oriented CPU ROAM,RelWithDebInfo,OpenGL,NVIDIA GeForce RTX 5090 D/PCIe/SSE2,4.3.0 NVIDIA 591.86,false,assets/heightmaps/Hm_Terrain_Test_129.pgm,129,129,30.000,4.000,14,4.000,2.000,20000,0.838,0.000,6.000,1.049,4.240,10084,50064,10082,28,14,32,21,0,0,0,0,8,0.000,3.912,3.670,0.110,0.663,0.054,0.183,0.114,0.937,0.036,0.176,0.621,0.775,0.189,0.000,0.000,0.000,0.000,0.000,0.000,0.000,0.000,0.000,0.000,0.000,0.000,0.000,0.000,0.000,0,0,1.087,0.717,0.797,0.000,14
Data-Oriented CPU ROAM,RelWithDebInfo,OpenGL,NVIDIA GeForce RTX 5090 D/PCIe/SSE2,4.3.0 NVIDIA 591.86,false,assets/heightmaps/Hm_Terrain_Test_129.pgm,129,129,30.000,4.000,14,4.000,2.000,20000,0.843,0.000,6.000,0.997,4.353,10036,50100,10034,18,9,66,13,0,0,0,0,8,0.000,4.688,4.359,0.195,0.750,0.082,0.179,0.114,1.030,0.037,0.183,0.758,1.031,0.250,0.000,0.000,0.000,0.000,0.000,0.000,0.000,0.000,0.000,0.000,0.000,0.000,0.000,0.000,0.000,0,0,1.181,0.831,0.941,0.000,14
Data-Oriented CPU ROAM,RelWithDebInfo,OpenGL,NVIDIA GeForce RTX 5090 D/PCIe/SSE2,4.3.0 NVIDIA 591.86,false,assets/heightmaps/Hm_Terrain_Test_129.pgm,129,129,30.000,4.000,14,4.000,2.000,20000,0.848,0.000,6.000,0.937,5.043,10012,50172,10010,36,18,60,34,0,0,0,0,8,2479.372,4.069,3.780,0.158,0.735,0.069,0.197,0.105,0.895,0.047,0.167,0.637,0.770,0.232,0.000,0.000,0.000,0.000,0.000,0.000,0.000,0.000,0.000,0.000,0.000,0.000,0.000,0.000,0.000,0,0,1.047,0.804,0.804,0.000,14
Data-Oriented CPU ROAM,RelWithDebInfo,OpenGL,NVIDIA GeForce RTX 5090 D/PCIe/SSE2,4.3.0 NVIDIA 591.86,false,assets/heightmaps/Hm_Terrain_Test_129.pgm,129,129,30.000,4.000,14,4.000,2.000,20000,0.852,0.000,6.000,0.886,4.440,9992,50240,9990,34,17,54,22,0,0,0,0,8,0.000,4.466,4.214,0.154,0.672,0.079,0.188,0.108,0.995,0.050,0.175,0.945,0.847,0.192,0.000,0.000,0.000,0.000,0.000,0.000,0.000,0.000,0.000,0.000,0.000,0.000,0.000,0.000,0.000,0,0,1.153,0.751,1.119,0.000,14
Data-Oriented CPU ROAM,RelWithDebInfo,OpenGL,NVIDIA GeForce RTX 5090 D/PCIe/SSE2,4.3.0 NVIDIA 591.86,false,assets/heightmaps/Hm_Terrain_Test_129.pgm,129,129,30.000,4.000,14,4.000,2.000,20000,0.857,0.000,6.000,0.833,4.799,9906,50316,9904,38,19,124,23,0,0,0,0,8,0.000,4.423,4.182,0.105,0.723,0.124,0.194,0.113,0.828,0.047,0.174,1.053,0.822,0.184,0.000,0.000,0.000,0.000,0.000,0.000,0.000,0.000,0.000,0.000,0.000,0.000,0.000,0.000,0.000,0,0,0.988,0.847,1.226,0.000,14
Data-Oriented CPU ROAM,RelWithDebInfo,OpenGL,NVIDIA GeForce RTX 5090 D/PCIe/SSE2,4.3.0 NVIDIA 591.86,false,assets/heightmaps/Hm_Terrain_Test_129.pgm,129,129,30.000,4.000,14,4.000,2.000,20000,0.862,0.000,6.000,0.781,4.742,9876,50384,9874,34,17,64,26,0,0,0,0,8,471.413,3.541,3.314,0.113,0.454,0.065,0.198,0.101,0.813,0.038,0.165,0.633,0.733,0.175,0.000,0.000,0.000,0.000,0.000,0.000,0.000,0.000,0.000,0.000,0.000,0.000,0.000,0.000,0.000,0,0,0.952,0.518,0.798,0.000,14
Data-Oriented CPU ROAM,RelWithDebInfo,OpenGL,NVIDIA GeForce RTX 5090 D/PCIe/SSE2,4.3.0 NVIDIA 591.86,false,assets/heightmaps/Hm_Terrain_Test_129.pgm,129,129,30.000,4.000,14,4.000,2.000,20000,0.866,0.000,6.000,0.740,3.861,9890,50452,9888,34,16,20,23,0,0,0,0,8,0.000,4.213,3.984,0.143,0.694,0.029,0.188,0.106,1.168,0.039,0.170,0.674,0.772,0.179,0.000,0.000,0.000,0.000,0.000,0.000,0.000,0.000,0.000,0.000,0.000,0.000,0.000,0.000,0.000,0,0,1.313,0.723,0.845,0.000,14
Data-Oriented CPU ROAM,RelWithDebInfo,OpenGL,NVIDIA GeForce RTX 5090 D/PCIe/SSE2,4.3.0 NVIDIA 591.86,false,assets/heightmaps/Hm_Terrain_Test_129.pgm,129,129,30.000,4.000,14,4.000,2.000,20000,0.870,0.000,6.000,0.694,4.523,9859,50540,9857,44,22,75,34,0,0,0,0,8,0.000,4.464,4.154,0.107,0.427,0.079,0.184,0.112,1.086,0.051,0.173,1.022,0.914,0.246,0.000,0.000,0.000,0.000,0.000,0.000,0.000,0.000,0.000,0.000,0.000,0.000,0.000,0.000,0.000,0,0,1.248,0.506,1.195,0.000,14
Data-Oriented CPU ROAM,RelWithDebInfo,OpenGL,NVIDIA GeForce RTX 5090 D/PCIe/SSE2,4.3.0 NVIDIA 591.86,false,assets/heightmaps/Hm_Terrain_Test_129.pgm,129,129,30.000,4.000,14,4.000,2.000,20000,0.875,0.000,6.000,0.645,4.829,9819,50576,9817,18,9,58,26,0,0,0,0,8,0.000,3.586,3.362,0.130,0.434,0.067,0.287,0.102,0.835,0.028,0.169,0.560,0.750,0.170,0.000,0.000,0.000,0.000,0.000,0.000,0.000,0.000,0.000,0.000,0.000,0.000,0.000,0.000,0.000,0,0,0.965,0.501,0.729,0.000,14
Data-Oriented CPU ROAM,RelWithDebInfo,OpenGL,NVIDIA GeForce RTX 5090 D/PCIe/SSE2,4.3.0 NVIDIA 591.86,false,assets/heightmaps/Hm_Terrain_Test_129.pgm,129,129,30.000,4.000,14,4.000,2.000,20000,0.879,0.000,6.000,0.607,3.940,9789,50648,9787,36,18,66,25,0,0,0,0,8,1535.249,4.336,4.069,0.137,0.444,0.098,0.183,0.113,0.881,0.080,0.175,1.001,0.956,0.202,0.000,0.000,0.000,0.000,0.000,0.000,0.000,0.000,0.000,0.000,0.000,0.000,0.000,0.000,0.000,0,0,1.074,0.542,1.176,0.000,14
Data-Oriented CPU ROAM,RelWithDebInfo,OpenGL,NVIDIA GeForce RTX 5090 D/PCIe/SSE2,4.3.0 NVIDIA 591.86,false,assets/heightmaps/Hm_Terrain_Test_129.pgm,129,129,30.000,4.000,14,4.000,2.000,20000,0.884,0.000,6.000,0.562,4.749,9780,50696,9778,24,12,33,17,0,0,0,0,8,0.000,4.216,3.902,0.222,0.775,0.041,0.192,0.103,0.875,0.034,0.171,0.592,0.896,0.224,0.000,0.000,0.000,0.000,0.000,0.000,0.000,0.000,0.000,0.000,0.000,0.000,0.000,0.000,0.000,0,0,1.013,0.816,0.763,0.000,14
Data-Oriented CPU ROAM,RelWithDebInfo,OpenGL,NVIDIA GeForce RTX 5090 D/PCIe/SSE2,4.3.0 NVIDIA 591.86,false,assets/heightmaps/Hm_Terrain_Test_129.pgm,129,129,30.000,4.000,14,4.000,2.000,20000,0.888,0.000,6.000,0.520,4.674,9740,50740,9738,22,11,62,26,0,0,0,0,8,0.000,4.288,4.044,0.158,0.780,0.072,0.187,0.108,0.935,0.043,0.166,0.775,0.820,0.181,0.000,0.000,0.000,0.000,0.000,0.000,0.000,0.000,0.000,0.000,0.000,0.000,0.000,0.000,0.000,0,0,1.086,0.851,0.941,0.000,14
Data-Oriented CPU ROAM,RelWithDebInfo,OpenGL,NVIDIA GeForce RTX 5090 D/PCIe/SSE2,4.3.0 NVIDIA 591.86,false,assets/heightmaps/Hm_Terrain_Test_129.pgm,129,129,30.000,4.000,14,4.000,2.000,20000,0.893,0.000,6.000,0.479,4.687,9702,50772,9700,16,8,54,20,0,0,0,0,8,387.525,4.270,4.031,0.123,0.426,0.057,0.177,0.194,0.986,0.035,0.174,0.993,0.865,0.183,0.000,0.000,0.000,0.000,0.000,0.000,0.000,0.000,0.000,0.000,0.000,0.000,0.000,0.000,0.000,0,0,1.215,0.484,1.167,0.000,14
Data-Oriented CPU ROAM,RelWithDebInfo,OpenGL,NVIDIA GeForce RTX 5090 D/PCIe/SSE2,4.3.0 NVIDIA 591.86,false,assets/heightmaps/Hm_Terrain_Test_129.pgm,129,129,30.000,4.000,14,4.000,2.000,20000,0.898,0.000,6.000,0.439,4.645,9720,50836,9718,32,16,14,20,0,0,0,0,8,0.000,4.827,4.561,0.126,0.712,0.022,0.191,0.193,1.105,0.049,0.172,0.985,1.007,0.205,0.000,0.000,0.000,0.000,0.000,0.000,0.000,0.000,0.000,0.000,0.000,0.000,0.000,0.000,0.000,0,0,1.347,0.734,1.157,0.000,14
Data-Oriented CPU ROAM,RelWithDebInfo,OpenGL,NVIDIA GeForce RTX 5090 D/PCIe/SSE2,4.3.0 NVIDIA 591.86,false,assets/heightmaps/Hm_Terrain_Test_129.pgm,129,129,30.000,4.000,14,4.000,2.000,20000,0.903,0.000,6.000,0.397,5.208,9702,50884,9700,24,12,42,34,0,0,0,0,8,0.000,4.080,3.849,0.125,0.631,0.061,0.193,0.104,1.085,0.036,0.237,0.564,0.812,0.175,0.000,0.000,0.000,0.000,0.000,0.000,0.000,0.000,0.000,0.000,0.000,0.000,0.000,0.000,0.000,0,0,1.225,0.692,0.801,0.000,14
Data-Oriented CPU ROAM,RelWithDebInfo,OpenGL,NVIDIA GeForce RTX 5090 D/PCIe/SSE2,4.3.0 NVIDIA 591.86,false,assets/heightmaps/Hm_Terrain_Test_129.pgm,129,129,30.000,4.000,14,4.000,2.000,20000,0.907,0.000,6.000,0.363,4.450,9676,50912,9674,14,7,40,26,0,0,0,0,8,2928.155,4.518,4.267,0.099,0.871,0.058,0.183,0.109,1.161,0.035,0.172,0.668,0.912,0.184,0.000,0.000,0.000,0.000,0.000,0.000,0.000,0.000,0.000,0.000,0.000,0.000,0.000,0.000,0.000,0,0,1.305,0.929,0.839,0.000,14
Data-Oriented CPU ROAM,RelWithDebInfo,OpenGL,NVIDIA GeForce RTX 5090 D/PCIe/SSE2,4.3.0 NVIDIA 591.86,false,assets/heightmaps/Hm_Terrain_Test_129.pgm,129,129,30.000,4.000,14,4.000,2.000,20000,0.912,0.000,6.000,0.327,4.913,9672,50952,9670,20,10,24,16,0,0,0,0,8,0.000,4.222,3.945,0.113,0.614,0.034,0.195,0.108,1.040,0.032,0.169,0.575,1.064,0.202,0.000,0.000,0.000,0.000,0.000,0.000,0.000,0.000,0.000,0.000,0.000,0.000,0.000,0.000,0.000,0,0,1.180,0.648,0.744,0.000,14
Data-Oriented CPU ROAM,RelWithDebInfo,OpenGL,NVIDIA GeForce RTX 5090 D/PCIe/SSE2,4.3.0 NVIDIA 591.86,false,assets/heightmaps/Hm_Terrain_Test_129.pgm,129,129,30.000,4.000,14,4.000,2.000,20000,0.917,0.000,6.000,0.294,4.688,9665,50986,9663,17,7,24,14,0,0,0,0,8,0.000,4.095,3.846,0.138,0.643,0.037,0.191,0.139,0.881,0.036,0.173,0.583,1.024,0.188,0.000,0.000,0.000,0.000,0.000,0.000,0.000,0.000,0.000,0.000,0.000,0.000,0.000,0.000,0.000,0,0,1.056,0.680,0.756,0.000,14
Data-Oriented CPU ROAM,RelWithDebInfo,OpenGL,NVIDIA GeForce RTX 5090 D/PCIe/SSE2,4.3.0 NVIDIA 591.86,false,assets/heightmaps/Hm_Terrain_Test_129.pgm,129,129,30.000,4.000,14,4.000,2.000,20000,0.921,0.000,6.000,0.263,4.525,9656,51020,9654,17,8,26,20,0,0,0,0,8,0.000,4.301,4.062,0.118,0.499,0.043,0.179,0.120,1.113,0.049,0.215,0.883,0.844,0.178,0.000,0.000,0.000,0.000,0.000,0.000,0.000,0.000,0.000,0.000,0.000,0.000,0.000,0.000,0.000,0,0,1.282,0.542,1.098,0.000,14
Data-Oriented CPU ROAM,RelWithDebInfo,OpenGL,NVIDIA GeForce RTX 5090 D/PCIe/SSE2,4.3.0 NVIDIA 591.86,false,assets/heightmaps/Hm_Terrain_Test_129.pgm,129,129,30.000,4.000,14,4.000,2.000,20000,0.926,0.000,6.000,0.234,4.677,9644,51052,9642,16,8,28,20,0,0,0,0,8,1888.788,3.645,3.308,0.088,0.439,0.041,0.185,0.107,0.807,0.027,0.170,0.556,0.888,0.265,0.000,0.000,0.000,0.000,0.000,0.000,0.000,0.000,0.000,0.000,0.000,0.000,0.000,0.000,0.000,0,0,0.941,0.480,0.726,0.000,14
Data-Oriented CPU ROAM,RelWithDebInfo,OpenGL,NVIDIA GeForce RTX 5090 D/PCIe/SSE2,4.3.0 NVIDIA 591.86,false,assets/heightmaps/Hm_Terrain_Test_129.pgm,129,129,30.000,4.000,14,4.000,2.000,20000,0.930,0.000,6.000,0.209,4.057,9641,51082,9639,15,7,18,10,0,0,0,0,8,0.000,3.753,3.530,0.096,0.453,0.025,0.179,0.106,1.161,0.024,0.165,0.569,0.752,0.172,0.000,0.000,0.000,0.000,0.000,0.000,0.000,0.000,0.000,0.000,0.000,0.000,0.000,0.000,0.000,0,0,1.291,0.478,0.734,0.000,14
Data-Oriented CPU ROAM,RelWithDebInfo,OpenGL,NVIDIA GeForce RTX 5090 D/PCIe/SSE2,4.3.0 NVIDIA 591.86,false,assets/heightmaps/Hm_Terrain_Test_129.pgm,129,129,30.000,4.000,14,4.000,2.000,20000,0.934,0.000,6.000,0.186,4.117,9643,51150,9641,34,17,32,23,0,0,0,0,8,0.000,4.471,4.218,0.090,0.810,0.041,0.180,0.213,0.947,0.056,0.169,0.945,0.769,0.195,0.000,0.000,0.000,0.000,0.000,0.000,0.000,0.000,0.000,0.000,0.000,0.000,0.000,0.000,0.000,0,0,1.215,0.850,1.114,0.000,14
Data-Oriented CPU ROAM,RelWithDebInfo,OpenGL,NVIDIA GeForce RTX 5090 D/PCIe/SSE2,4.3.0 NVIDIA 591.86,false,assets/heightmaps/Hm_Terrain_Test_129.pgm,129,129,30.000,4.000,14,4.000,2.000,20000,0.939,0.000,6.000,0.160,4.876,9581,51166,9579,8,3,70,30,0,0,0,0,8,2868.288,4.631,4.356,0.148,0.563,0.081,0.190,0.105,1.057,0.019,0.170,0.922,1.101,0.204,0.000,0.000,0.000,0.000,0.000,0.000,0.000,0.000,0.000,0.000,0.000,0.000,0.000,0.000,0.000,0,0,1.181,0.643,1.092,0.000,14
Data-Oriented CPU ROAM,RelWithDebInfo,OpenGL,NVIDIA GeForce RTX 5090 D/PCIe/SSE2,4.3.0 NVIDIA 591.86,false,assets/heightmaps/Hm_Terrain_Test_129.pgm,129,129,30.000,4.000,14,4.000,2.000,20000,0.944,0.000,6.000,0.135,5.131,9555,51210,9553,22,10,48,16,0,0,0,0,8,0.000,4.084,3.834,0.241,0.631,0.074,0.197,0.104,1.018,0.041,0.168,0.560,0.800,0.188,0.000,0.000,0.000,0.000,0.000,0.000,0.000,0.000,0.000,0.000,0.000,0.000,0.000,0.000,0.000,0,0,1.162,0.706,0.728,0.000,14
Data-Oriented CPU ROAM,RelWithDebInfo,OpenGL,NVIDIA GeForce RTX 5090 D/PCIe/SSE2,4.3.0 NVIDIA 591.86,false,assets/heightmaps/Hm_Terrain_Test_129.pgm,129,129,30.000,4.000,14,4.000,2.000,20000,0.949,0.000,6.000,0.114,4.480,9549,51222,9547,6,3,12,8,0,0,0,0,8,0.000,3.926,3.686,0.114,0.409,0.020,0.184,0.111,0.872,0.020,0.178,0.812,0.964,0.179,0.000,0.000,0.000,0.000,0.000,0.000,0.000,0.000,0.000,0.000,0.000,0.000,0.000,0.000,0.000,0,0,1.004,0.430,0.991,0.000,14
Data-Oriented CPU ROAM,RelWithDebInfo,OpenGL,NVIDIA GeForce RTX 5090 D/PCIe/SSE2,4.3.0 NVIDIA 591.86,false,assets/heightmaps/Hm_Terrain_Test_129.pgm,129,129,30.000,4.000,14,4.000,2.000,20000,0.953,0.000,6.000,0.096,4.355,9554,51260,9552,19,9,14,11,0,0,0,0,8,0.000,4.782,4.409,0.221,0.666,0.023,0.188,0.104,1.143,0.031,0.168,0.929,0.935,0.278,0.000,0.000,0.000,0.000,0.000,0.000,0.000,0.000,0.000,0.000,0.000,0.000,0.000,0.000,0.000,0,0,1.279,0.689,1.097,0.000,14
Data-Oriented CPU ROAM,RelWithDebInfo,OpenGL,NVIDIA GeForce RTX 5090 D/PCIe/SSE2,4.3.0 NVIDIA 591.86,false,assets/heightmaps/Hm_Terrain_Test_129.pgm,129,129,30.000,4.000,14,4.000,2.000,20000,0.958,0.000,6.000,0.076,5.355,9556,51268,9554,4,2,2,2,0,0,0,0,8,0.000,4.008,3.777,0.140,0.790,0.006,0.193,0.100,1.044,0.011,0.158,0.570,0.765,0.176,0.000,0.000,0.000,0.000,0.000,0.000,0.000,0.000,0.000,0.000,0.000,0.000,0.000,0.000,0.000,0,0,1.155,0.797,0.728,0.000,14
Data-Oriented CPU ROAM,RelWithDebInfo,OpenGL,NVIDIA GeForce RTX 5090 D/PCIe/SSE2,4.3.0 NVIDIA 591.86,false,assets/heightmaps/Hm_Terrain_Test_129.pgm,129,129,30.000,4.000,14,4.000,2.000,20000,0.963,0.000,6.000,0.061,4.406,9550,51280,9548,6,3,12,8,0,0,0,0,8,0.000,3.531,3.285,0.089,0.411,0.020,0.177,0.113,0.936,0.015,0.170,0.609,0.744,0.187,0.000,0.000,0.000,0.000,0.000,0.000,0.000,0.000,0.000,0.000,0.000,0.000,0.000,0.000,0.000,0,0,1.064,0.431,0.779,0.000,14
Data-Oriented CPU ROAM,RelWithDebInfo,OpenGL,NVIDIA GeForce RTX 5090 D/PCIe/SSE2,4.3.0 NVIDIA 591.86,false,assets/heightmaps/Hm_Terrain_Test_129.pgm,129,129,30.000,4.000,14,4.000,2.000,20000,0.967,0.000,6.000,0.049,3.871,9554,51296,9552,8,4,4,4,0,0,0,0,8,0.000,4.091,3.760,0.122,0.739,0.011,0.186,0.100,1.099,0.015,0.157,0.569,0.762,0.259,0.000,0.000,0.000,0.000,0.000,0.000,0.000,0.000,0.000,0.000,0.000,0.000,0.000,0.000,0.000,0,0,1.214,0.750,0.726,0.000,14
Data-Oriented CPU ROAM,RelWithDebInfo,OpenGL,NVIDIA GeForce RTX 5090 D/PCIe/SSE2,4.3.0 NVIDIA 591.86,false,assets/heightmaps/Hm_Terrain_Test_129.pgm,129,129,30.000,4.000,14,4.000,2.000,20000,0.971,0.000,6.000,0.036,4.575,9545,51298,9543,1,0,10,4,0,0,0,0,8,409.686,4.040,3.813,0.097,0.858,0.018,0.182,0.102,1.100,0.008,0.167,0.558,0.723,0.170,0.000,0.000,0.000,0.000,0.000,0.000,0.000,0.000,0.000,0.000,0.000,0.000,0.000,0.000,0.000,0,0,1.211,0.876,0.725,0.000,14
Data-Oriented CPU ROAM,RelWithDebInfo,OpenGL,NVIDIA GeForce RTX 5090 D/PCIe/SSE2,4.3.0 NVIDIA 591.86,false,assets/heightmaps/Hm_Terrain_Test_129.pgm,129,129,30.000,4.000,14,4.000,2.000,20000,0.976,0.000,6.000,0.026,4.363,9548,51316,9546,9,4,6,5,0,0,0,0,8,0.000,4.451,4.195,0.086,0.423,0.011,0.179,0.112,0.901,0.036,0.175,1.432,0.840,0.197,0.000,0.000,0.000,0.000,0.000,0.000,0.000,0.000,0.000,0.000,0.000,0.000,0.000,0.000,0.000,0,0,1.049,0.433,1.607,0.000,14
Data-Oriented CPU ROAM,RelWithDebInfo,OpenGL,NVIDIA GeForce RTX 5090 D/PCIe/SSE2,4.3.0 NVIDIA 591.86,false,assets/heightmaps/Hm_Terrain_Test_129.pgm,129,129,30.000,4.000,14,4.000,2.000,20000,0.981,0.000,6.000,0.017,4.864,9550,51328,9548,6,3,4,4,0,0,0,0,8,0.000,3.738,3.497,0.128,0.746,0.009,0.194,0.101,0.830,0.013,0.158,0.585,0.732,0.176,0.000,0.000,0.000,0.000,0.000,0.000,0.000,0.000,0.000,0.000,0.000,0.000,0.000,0.000,0.000,0,0,0.944,0.755,0.743,0.000,14
Data-Oriented CPU ROAM,RelWithDebInfo,OpenGL,NVIDIA GeForce RTX 5090 D/PCIe/SSE2,4.3.0 NVIDIA 591.86,false,assets/heightmaps/Hm_Terrain_Test_129.pgm,129,129,30.000,4.000,14,4.000,2.000,20000,0.985,0.000,6.000,0.011,4.079,9546,51332,9544,2,1,6,2,0,0,0,0,8,0.000,3.651,3.360,0.137,0.502,0.013,0.192,0.101,0.871,0.009,0.166,0.582,0.788,0.210,0.000,0.000,0.000,0.000,0.000,0.000,0.000,0.000,0.000,0.000,0.000,0.000,0.000,0.000,0.000,0,0,0.981,0.515,0.748,0.000,14
Data-Oriented CPU ROAM,RelWithDebInfo,OpenGL,NVIDIA GeForce RTX 5090 D/PCIe/SSE2,4.3.0 NVIDIA 591.86,false,assets/heightmaps/Hm_Terrain_Test_129.pgm,129,129,30.000,4.000,14,4.000,2.000,20000,0.989,0.000,6.000,0.006,4.045,9550,51340,9548,4,2,0,2,0,0,0,0,8,810.005,4.204,3.857,0.110,0.784,0.001,0.184,0.202,1.028,0.013,0.168,0.561,0.805,0.238,0.000,0.000,0.000,0.000,0.000,0.000,0.000,0.000,0.000,0.000,0.000,0.000,0.000,0.000,0.000,0,0,1.243,0.786,0.729,0.000,14
Data-Oriented CPU ROAM,RelWithDebInfo,OpenGL,NVIDIA GeForce RTX 5090 D/PCIe/SSE2,4.3.0 NVIDIA 591.86,false,assets/heightmaps/Hm_Terrain_Test_129.pgm,129,129,30.000,4.000,14,4.000,2.000,20000,0.993,0.000,6.000,0.002,4.699,9550,51340,9548,0,0,0,0,0,0,0,0,8,0.000,3.990,3.768,0.184,0.778,0.002,0.190,0.099,1.034,0.004,0.217,0.550,0.710,0.168,0.000,0.000,0.000,0.000,0.000,0.000,0.000,0.000,0.000,0.000,0.000,0.000,0.000,0.000,0.000,0,0,1.138,0.779,0.767,0.000,14
Data-Oriented CPU ROAM,RelWithDebInfo,OpenGL,NVIDIA GeForce RTX 5090 D/PCIe/SSE2,4.3.0 NVIDIA 591.86,false,assets/heightmaps/Hm_Terrain_Test_129.pgm,129,129,30.000,4.000,14,4.000,2.000,20000,0.998,0.000,6.000,0.000,4.314,9550,51340,9548,0,0,0,0,0,0,0,0,8,0.000,3.969,3.744,0.086,0.756,0.001,0.249,0.112,1.101,0.007,0.159,0.563,0.709,0.175,0.000,0.000,0.000,0.000,0.000,0.000,0.000,0.000,0.000,0.000,0.000,0.000,0.000,0.000,0.000,0,0,1.220,0.757,0.723,0.000,14
Data-Oriented CPU ROAM,RelWithDebInfo,OpenGL,NVIDIA GeForce RTX 5090 D/PCIe/SSE2,4.3.0 NVIDIA 591.86,false,assets/heightmaps/Hm_Terrain_Test_129.pgm,129,129,30.000,4.000,14,4.000,2.000,20000,1.000,0.000,6.000,0.000,4.264,9550,51340,9548,0,0,0,0,0,0,0,0,8,3990.423,3.426,3.132,0.096,0.485,0.001,0.180,0.101,0.803,0.005,0.166,0.569,0.726,0.225,0.000,0.000,0.000,0.000,0.000,0.000,0.000,0.000,0.000,0.000,0.000,0.000,0.000,0.000,0.000,0,0,0.910,0.486,0.735,0.000,14
GPU ROAM-like,RelWithDebInfo,OpenGL,NVIDIA GeForce RTX 5090 D/PCIe/SSE2,4.3.0 NVIDIA 591.86,false,assets/heightmaps/Hm_Terrain_Test_129.pgm,129,129,30.000,4.000,14,4.000,2.000,20000,0.000,0.000,6.000,15.000,26.789,15199,30396,15197,15197,7664,0,5233,0,0,0,0,1,182.229,25.884,19.862,6.746,0.001,0.002,0.001,0.001,0.001,10.251,0.336,0.000,2.522,0.465,0.000,0.000,0.000,0.000,0.000,0.000,0.000,0.000,0.816,0.002,0.989,0.000,0.000,0.000,0.000,3470968,0,10.253,0.003,0.000,0.000,14
GPU ROAM-like,RelWithDebInfo,OpenGL,NVIDIA GeForce RTX 5090 D/PCIe/SSE2,4.3.0 NVIDIA 591.86,false,assets/heightmaps/Hm_Terrain_Test_129.pgm,129,129,30.000,4.000,14,4.000,2.000,20000,0.027,0.000,6.000,14.969,26.619,15242,30490,15240,47,23,4,28,0,0,0,0,8,0.000,8.941,5.835,0.425,1.316,0.009,0.277,0.159,1.175,0.068,0.279,0.000,2.125,0.379,0.000,0.000,0.000,0.000,0.000,0.000,0.000,0.000,1.158,0.001,0.101,0.000,0.000,0.000,0.000,3414932,0,1.403,1.325,0.000,0.000,14
GPU ROAM-like,RelWithDebInfo,OpenGL,NVIDIA GeForce RTX 5090 D/PCIe/SSE2,4.3.0 NVIDIA 591.86,false,assets/heightmaps/Hm_Terrain_Test_129.pgm,129,129,30.000,4.000,14,4.000,2.000,20000,0.036,0.000,6.000,14.944,9.240,15229,30562,15227,36,18,49,20,0,0,0,0,8,1748.252,7.498,4.854,0.214,0.543,0.047,0.252,0.298,1.054,0.048,0.252,0.000,2.147,0.409,0.000,0.000,0.000,0.000,0.000,0.000,0.000,0.000,0.916,0.002,0.150,0.000,0.000,0.000,0.000,3422996,0,1.400,0.591,0.000,0.000,14
GPU ROAM-like,RelWithDebInfo,OpenGL,NVIDIA GeForce RTX 5090 D/PCIe/SSE2,4.3.0 NVIDIA 591.86,false,assets/heightmaps/Hm_Terrain_Test_129.pgm,129,129,30.000,4.000,14,4.000,2.000,20000,0.044,0.000,6.000,14.917,7.769,15235,30624,15233,31,15,25,17,0,0,0,0,8,0.000,8.295,5.692,0.299,0.862,0.036,0.255,0.164,1.223,0.056,0.269,0.000,2.526,0.386,0.000,0.000,0.000,0.000,0.000,0.000,0.000,0.000,0.811,0.002,0.150,0.000,0.000,0.000,0.000,3429940,0,1.444,0.898,0.000,0.000,14
GPU ROAM-like,RelWithDebInfo,OpenGL,NVIDIA GeForce RTX 5090 D/PCIe/SSE2,4.3.0 NVIDIA 591.86,false,assets/heightmaps/Hm_Terrain_Test_129.pgm,129,129,30.000,4.000,14,4.000,2.000,20000,0.052,0.000,6.000,14.882,8.588,15217,30636,15215,6,2,24,10,0,0,0,0,8,217.273,7.628,4.861,0.302,1.002,0.035,0.264,0.158,1.165,0.015,0.249,0.000,1.671,0.358,0.006,0.013,0.013,0.012,0.004,0.004,0.013,0.065,0.731,0.001,0.137,0.009,1.067,0.000,0.000,3431284,88,1.338,1.037,0.000,0.000,14
GPU ROAM-like,RelWithDebInfo,OpenGL,NVIDIA GeForce RTX 5090 D/PCIe/SSE2,4.3.0 NVIDIA 591.86,false,assets/heightmaps/Hm_Terrain_Test_129.pgm,129,129,30.000,4.000,14,4.000,2.000,20000,0.060,0.000,6.000,14.844,7.929,15210,30684,15208,24,11,31,18,0,0,0,0,8,0.000,6.863,4.173,0.371,0.546,0.058,0.264,0.157,1.057,0.039,0.253,0.000,1.427,0.369,0.005,0.012,0.013,0.005,0.010,0.004,0.013,0.061,0.701,0.001,0.115,0.002,1.096,0.000,0.000,3436660,88,1.254,0.604,0.000,0.000,14
GPU ROAM-like,RelWithDebInfo,OpenGL,NVIDIA GeForce RTX 5090 D/PCIe/SSE2,4.3.0 NVIDIA 591.86,false,assets/heightmaps/Hm_Terrain_Test_129.pgm,129,129,30.000,4.000,14,4.000,2.000,20000,0.067,0.000,6.000,14.805,7.175,15184,30750,15182,33,16,59,28,0,0,0,0,8,1134.796,7.531,4.312,0.480,0.534,0.058,0.259,0.154,1.065,0.048,0.257,0.000,1.456,0.350,0.005,0.012,0.013,0.011,0.010,0.004,0.013,0.067,0.692,0.001,0.152,0.002,1.344,0.000,0.000,3444052,88,1.267,0.592,0.000,0.000,14
GPU ROAM-like,RelWithDebInfo,OpenGL,NVIDIA GeForce RTX 5090 D/PCIe/SSE2,4.3.0 NVIDIA 591.86,false,assets/heightmaps/Hm_Terrain_Test_129.pgm,129,129,30.000,4.000,14,4.000,2.000,20000,0.075,0.000,6.000,14.758,7.948,15156,30822,15154,36,18,64,32,0,0,0,0,8,0.000,7.714,3.922,0.248,0.523,0.062,0.252,0.150,1.038,0.041,0.243,0.000,1.365,0.430,0.005,0.012,0.013,0.010,0.010,0.004,0.013,0.066,0.753,0.000,0.102,0.003,2.080,0.000,0.000,3452116,88,1.230,0.585,0.000,0.000,14
GPU ROAM-like,RelWithDebInfo,OpenGL,NVIDIA GeForce RTX 5090 D/PCIe/SSE2,4.3.0 NVIDIA 591.86,false,assets/heightmaps/Hm_Terrain_Test_129.pgm,129,129,30.000,4.000,14,4.000,2.000,20000,0.083,0.000,6.000,14.705,7.978,15076,30896,15074,37,18,117,50,0,0,0,0,8,204.902,7.945,4.893,0.345,1.009,0.108,0.257,0.163,1.145,0.056,0.250,0.000,1.561,0.387,0.005,0.013,0.006,0.011,0.004,0.004,0.013,0.055,1.285,0.001,0.101,0.002,0.937,0.000,0.000,3460404,88,1.363,1.117,0.000,0.000,14
GPU ROAM-like,RelWithDebInfo,OpenGL,NVIDIA GeForce RTX 5090 D/PCIe/SSE2,4.3.0 NVIDIA 591.86,false,assets/heightmaps/Hm_Terrain_Test_129.pgm,129,129,30.000,4.000,14,4.000,2.000,20000,0.091,0.000,6.000,14.647,8.181,15067,30990,15065,47,23,56,31,0,0,0,0,8,0.000,7.733,5.203,0.194,1.000,0.055,0.253,0.195,1.085,0.070,0.252,0.000,2.100,0.386,0.005,0.012,0.014,0.011,0.004,0.004,0.013,0.064,0.790,0.001,0.095,0.002,0.898,0.000,0.000,3470932,88,1.349,1.054,0.000,0.000,14
GPU ROAM-like,RelWithDebInfo,OpenGL,NVIDIA GeForce RTX 5090 D/PCIe/SSE2,4.3.0 NVIDIA 591.86,false,assets/heightmaps/Hm_Terrain_Test_129.pgm,129,129,30.000,4.000,14,4.000,2.000,20000,0.099,0.000,6.000,14.585,7.975,15040,31064,15038,37,18,64,24,0,0,0,0,8,213.337,7.643,4.797,0.207,1.000,0.058,0.250,0.327,1.254,0.060,0.257,0.000,1.385,0.389,0.006,0.012,0.013,0.011,0.004,0.004,0.013,0.062,0.798,0.001,0.121,0.002,1.194,0.000,0.000,3479220,88,1.640,1.058,0.000,0.000,14
GPU ROAM-like,RelWithDebInfo,OpenGL,NVIDIA GeForce RTX 5090 D/PCIe/SSE2,4.3.0 NVIDIA 591.86,false,assets/heightmaps/Hm_Terrain_Test_129.pgm,129,129,30.000,4.000,14,4.000,2.000,20000,0.107,0.000,6.000,14.519,7.854,15030,31156,15028,46,23,56,30,0,0,0,0,8,0.000,7.889,4.868,0.157,0.573,0.072,0.249,0.300,1.523,0.065,0.251,0.000,1.678,0.426,0.006,0.012,0.013,0.011,0.004,0.004,0.013,0.062,0.808,0.001,0.150,0.002,1.184,0.000,0.000,3489524,88,1.887,0.645,0.000,0.000,14
GPU ROAM-like,RelWithDebInfo,OpenGL,NVIDIA GeForce RTX 5090 D/PCIe/SSE2,4.3.0 NVIDIA 591.86,false,assets/heightmaps/Hm_Terrain_Test_129.pgm,129,129,30.000,4.000,14,4.000,2.000,20000,0.115,0.000,6.000,14.446,8.184,15048,31292,15046,68,34,50,42,0,0,0,0,8,226.551,7.563,4.366,0.182,0.835,0.060,0.258,0.163,0.906,0.089,0.250,0.000,1.623,0.380,0.005,0.005,0.006,0.011,0.004,0.004,0.013,0.047,0.812,0.002,0.116,0.002,1.196,0.000,0.000,3504756,88,1.158,0.894,0.000,0.000,14
GPU ROAM-like,RelWithDebInfo,OpenGL,NVIDIA GeForce RTX 5090 D/PCIe/SSE2,4.3.0 NVIDIA 591.86,false,assets/heightmaps/Hm_Terrain_Test_129.pgm,129,129,30.000,4.000,14,4.000,2.000,20000,0.123,0.000,6.000,14.371,8.013,15054,31408,15052,58,28,52,42,0,0,0,0,8,0.000,7.416,4.388,0.478,0.542,0.061,0.261,0.171,0.871,0.100,0.249,0.000,1.655,0.383,0.005,0.005,0.013,0.005,0.004,0.004,0.013,0.048,0.892,0.001,0.144,0.002,1.005,0.000,0.000,3517748,88,1.143,0.602,0.000,0.000,14
GPU ROAM-like,RelWithDebInfo,OpenGL,NVIDIA GeForce RTX 5090 D/PCIe/SSE2,4.3.0 NVIDIA 591.86,false,assets/heightmaps/Hm_Terrain_Test_129.pgm,129,129,30.000,4.000,14,4.000,2.000,20000,0.131,0.000,6.000,14.292,7.855,14986,31500,14984,46,23,114,44,0,0,0,0,8,209.549,7.847,4.331,0.240,1.005,0.121,0.247,0.155,0.766,0.064,0.247,0.000,1.486,0.374,0.005,0.005,0.013,0.011,0.010,0.004,0.013,0.061,1.542,0.001,0.263,0.002,0.915,0.000,0.000,3528052,88,0.985,1.126,0.000,0.000,14
GPU ROAM-like,RelWithDebInfo,OpenGL,NVIDIA GeForce RTX 5090 D/PCIe/SSE2,4.3.0 NVIDIA 591.86,false,assets/heightmaps/Hm_Terrain_Test_129.pgm,129,129,30.000,4.000,14,4.000,2.000,20000,0.139,0.000,6.000,14.206,8.136,14952,31636,14950,68,34,102,58,0,0,0,0,8,0.000,7.572,4.376,0.233,0.523,0.089,0.244,0.155,1.032,0.072,0.248,0.000,1.779,0.449,0.006,0.006,0.015,0.012,0.004,0.004,0.013,0.060,0.939,0.002,0.104,0.002,1.343,0.000,0.000,3543284,88,1.259,0.612,0.000,0.000,14
GPU ROAM-like,RelWithDebInfo,OpenGL,NVIDIA GeForce RTX 5090 D/PCIe/SSE2,4.3.0 NVIDIA 591.86,false,assets/heightmaps/Hm_Terrain_Test_129.pgm,129,129,30.000,4.000,14,4.000,2.000,20000,0.147,0.000,6.000,14.120,7.803,14942,31756,14940,60,30,70,43,0,0,0,0,8,418.564,7.786,4.936,0.215,0.524,0.066,0.251,0.154,1.230,0.120,0.250,0.000,2.127,0.411,0.006,0.006,0.015,0.011,0.004,0.004,0.013,0.058,0.886,0.001,0.090,0.002,1.121,0.000,0.000,3556724,88,1.504,0.590,0.000,0.000,14
GPU ROAM-like,RelWithDebInfo,OpenGL,NVIDIA GeForce RTX 5090 D/PCIe/SSE2,4.3.0 NVIDIA 591.86,false,assets/heightmaps/Hm_Terrain_Test_129.pgm,129,129,30.000,4.000,14,4.000,2.000,20000,0.155,0.000,6.000,14.027,8.027,14978,31916,14976,80,40,44,54,0,0,0,0,8,207.503,7.908,5.010,0.244,0.966,0.081,0.255,0.160,1.349,0.098,0.249,0.000,1.609,0.395,0.005,0.006,0.006,0.011,0.004,0.004,0.013,0.048,1.046,0.001,0.087,0.002,0.971,0.000,0.000,3574644,88,1.607,1.047,0.000,0.000,14
GPU ROAM-like,RelWithDebInfo,OpenGL,NVIDIA GeForce RTX 5090 D/PCIe/SSE2,4.3.0 NVIDIA 591.86,false,assets/heightmaps/Hm_Terrain_Test_129.pgm,129,129,30.000,4.000,14,4.000,2.000,20000,0.163,0.000,6.000,13.929,8.137,14995,32082,14993,83,41,66,54,0,0,0,0,8,0.000,7.029,4.180,0.178,0.577,0.068,0.246,0.197,0.911,0.184,0.256,0.000,1.562,0.384,0.006,0.005,0.013,0.010,0.010,0.004,0.013,0.061,0.800,0.000,0.090,0.002,1.163,0.000,0.000,3593236,88,1.292,0.645,0.000,0.000,14
GPU ROAM-like,RelWithDebInfo,OpenGL,NVIDIA GeForce RTX 5090 D/PCIe/SSE2,4.3.0 NVIDIA 591.86,false,assets/heightmaps/Hm_Terrain_Test_129.pgm,129,129,30.000,4.000,14,4.000,2.000,20000,0.171,0.000,6.000,13.838,7.269,14886,32208,14884,63,31,172,48,0,0,0,0,8,0.000,7.079,4.198,0.149,0.835,0.193,0.253,0.167,0.890,0.075,0.258,0.000,1.377,0.486,0.004,0.005,0.005,0.003,0.003,0.004,0.011,0.034,0.817,0.000,0.086,0.002,1.107,0.000,0.000,3607348,88,1.132,1.029,0.000,0.000,14
GPU ROAM-like,RelWithDebInfo,OpenGL,NVIDIA GeForce RTX 5090 D/PCIe/SSE2,4.3.0 NVIDIA 591.86,false,assets/heightmaps/Hm_Terrain_Test_129.pgm,129,129,30.000,4.000,14,4.000,2.000,20000,0.178,0.000,6.000,13.743,7.324,14729,32340,14727,66,33,223,44,0,0,0,0,8,1250.625,10.523,5.596,0.296,0.854,0.230,0.247,0.191,1.088,0.097,0.314,0.000,2.278,0.552,0.005,0.004,0.005,0.003,0.003,0.004,0.011,0.035,1.329,0.004,0.140,0.005,2.338,0.000,0.000,3622132,88,1.376,1.084,0.000,0.000,14
GPU ROAM-like,RelWithDebInfo,OpenGL,NVIDIA GeForce RTX 5090 D/PCIe/SSE2,4.3.0 NVIDIA 591.86,false,assets/heightmaps/Hm_Terrain_Test_129.pgm,129,129,30.000,4.000,14,4.000,2.000,20000,0.189,0.000,6.000,13.596,10.927,14707,32592,14705,126,63,148,88,0,0,0,0,8,179.753,9.195,5.671,0.688,0.553,0.157,0.260,0.156,1.049,0.162,0.245,0.000,2.400,0.391,0.004,0.004,0.005,0.003,0.003,0.004,0.011,0.033,0.875,0.001,0.115,0.002,1.616,0.000,0.000,3650356,88,1.367,0.710,0.000,0.000,14
GPU ROAM-like,RelWithDebInfo,OpenGL,NVIDIA GeForce RTX 5090 D/PCIe/SSE2,4.3.0 NVIDIA 591.86,false,assets/heightmaps/Hm_Terrain_Test_129.pgm,129,129,30.000,4.000,14,4.000,2.000,20000,0.198,0.000,6.000,13.463,9.497,14717,32786,14715,97,48,87,66,0,0,0,0,8,0.000,7.720,3.953,0.198,0.540,0.135,0.254,0.156,0.899,0.116,0.247,0.000,1.406,0.408,0.004,0.004,0.005,0.003,0.003,0.004,0.011,0.034,0.897,0.000,0.110,0.002,1.629,0.000,0.000,3672084,88,1.171,0.676,0.000,0.000,14
GPU ROAM-like,RelWithDebInfo,OpenGL,NVIDIA GeForce RTX 5090 D/PCIe/SSE2,4.3.0 NVIDIA 591.86,false,assets/heightmaps/Hm_Terrain_Test_129.pgm,129,129,30.000,4.000,14,4.000,2.000,20000,0.207,0.000,6.000,13.345,8.120,14656,32972,14654,93,46,154,62,0,0,0,0,8,198.174,8.335,4.371,0.283,0.563,0.154,0.258,0.151,1.029,0.113,0.251,0.000,1.568,0.387,0.005,0.004,0.005,0.003,0.003,0.004,0.011,0.034,0.823,0.000,0.090,0.002,2.194,0.000,0.000,3692916,88,1.294,0.717,0.000,0.000,14
GPU ROAM-like,RelWithDebInfo,OpenGL,NVIDIA GeForce RTX 5090 D/PCIe/SSE2,4.3.0 NVIDIA 591.86,false,assets/heightmaps/Hm_Terrain_Test_129.pgm,129,129,30.000,4.000,14,4.000,2.000,20000,0.215,0.000,6.000,13.215,8.624,14642,33188,14640,108,54,122,72,0,0,0,0,8,0.000,8.413,4.873,0.265,0.986,0.121,0.248,0.148,1.003,0.109,0.241,0.000,1.753,0.408,0.004,0.004,0.005,0.003,0.003,0.004,0.011,0.034,1.310,0.000,0.144,0.002,1.194,0.000,0.000,3717108,88,1.260,1.106,0.000,0.000,14
GPU ROAM-like,RelWithDebInfo,OpenGL,NVIDIA GeForce RTX 5090 D/PCIe/SSE2,4.3.0 NVIDIA 591.86,false,assets/heightmaps/Hm_Terrain_Test_129.pgm,129,129,30.000,4.000,14,4.000,2.000,20000,0.224,0.000,6.000,13.079,8.857,14678,33436,14676,124,62,88,83,0,0,0,0,8,1642.511,8.087,4.900,0.255,0.528,0.086,0.247,0.275,1.057,0.150,0.257,0.000,2.045,0.390,0.005,0.004,0.005,0.003,0.003,0.004,0.011,0.034,0.853,0.001,0.104,0.002,1.344,0.000,0.000,3744884,88,1.482,0.614,0.000,0.000,14
GPU ROAM-like,RelWithDebInfo,OpenGL,NVIDIA GeForce RTX 5090 D/PCIe/SSE2,4.3.0 NVIDIA 591.86,false,assets/heightmaps/Hm_Terrain_Test_129.pgm,129,129,30.000,4.000,14,4.000,2.000,20000,0.232,0.000,6.000,12.947,8.336,14611,33616,14609,90,44,157,66,0,0,0,0,8,0.000,7.465,4.563,0.182,1.046,0.226,0.259,0.154,0.848,0.097,0.247,0.000,1.503,0.394,0.005,0.004,0.005,0.003,0.003,0.004,0.011,0.034,0.842,0.001,0.107,0.002,1.097,0.000,0.000,3765044,88,1.100,1.271,0.000,0.000,14
GPU ROAM-like,RelWithDebInfo,OpenGL,NVIDIA GeForce RTX 5090 D/PCIe/SSE2,4.3.0 NVIDIA 591.86,false,assets/heightmaps/Hm_Terrain_Test_129.pgm,129,129,30.000,4.000,14,4.000,2.000,20000,0.240,0.000,6.000,12.820,7.788,14474,33820,14472,102,51,239,66,0,0,0,0,8,464.649,7.103,4.338,0.230,0.644,0.241,0.259,0.146,1.064,0.122,0.241,0.000,1.390,0.394,0.005,0.004,0.005,0.003,0.003,0.004,0.011,0.034,0.835,0.000,0.076,0.002,1.066,0.000,0.000,3787892,88,1.331,0.885,0.000,0.000,14
GPU ROAM-like,RelWithDebInfo,OpenGL,NVIDIA GeForce RTX 5090 D/PCIe/SSE2,4.3.0 NVIDIA 591.86,false,assets/heightmaps/Hm_Terrain_Test_129.pgm,129,129,30.000,4.000,14,4.000,2.000,20000,0.247,0.000,6.000,12.699,7.325,14464,34028,14462,104,52,114,75,0,0,0,0,8,0.000,8.074,5.124,0.262,0.940,0.125,0.261,0.287,1.381,0.119,0.245,0.000,1.504,0.417,0.004,0.004,0.005,0.003,0.003,0.004,0.011,0.034,0.890,0.001,0.088,0.002,1.139,0.000,0.000,3811188,88,1.787,1.065,0.000,0.000,14
GPU ROAM-like,RelWithDebInfo,OpenGL,NVIDIA GeForce RTX 5090 D/PCIe/SSE2,4.3.0 NVIDIA 591.86,false,assets/heightmaps/Hm_Terrain_Test_129.pgm,129,129,30.000,4.000,14,4.000,2.000,20000,0.256,0.000,6.000,12.556,8.397,14492,34296,14490,134,67,106,89,0,0,0,0,8,205.128,8.334,4.461,0.370,0.562,0.102,0.255,0.150,0.828,0.192,0.247,0.000,1.755,0.605,0.005,0.004,0.005,0.003,0.003,0.004,0.011,0.034,0.987,0.001,0.103,0.004,1.426,0.000,0.000,3841204,88,1.170,0.664,0.000,0.000,14
GPU ROAM-like,RelWithDebInfo,OpenGL,NVIDIA GeForce RTX 5090 D/PCIe/SSE2,4.3.0 NVIDIA 591.86,false,assets/heightmaps/Hm_Terrain_Test_129.pgm,129,129,30.000,4.000,14,4.000,2.000,20000,0.264,0.000,6.000,12.407,8.595,14406,34492,14404,98,48,184,68,0,0,0,0,8,0.000,7.381,4.149,0.166,0.528,0.159,0.238,0.150,0.975,0.127,0.238,0.000,1.568,0.415,0.004,0.004,0.005,0.003,0.003,0.004,0.011,0.033,1.195,0.000,0.089,0.002,1.175,0.000,0.000,3863156,88,1.252,0.687,0.000,0.000,14
GPU ROAM-like,RelWithDebInfo,OpenGL,NVIDIA GeForce RTX 5090 D/PCIe/SSE2,4.3.0 NVIDIA 591.86,false,assets/heightmaps/Hm_Terrain_Test_129.pgm,129,129,30.000,4.000,14,4.000,2.000,20000,0.272,0.000,6.000,12.273,7.603,14410,34728,14408,118,59,114,77,0,0,0,0,8,197.004,8.279,5.150,0.172,0.532,0.101,0.245,0.370,1.184,0.135,0.242,0.000,2.170,0.438,0.004,0.004,0.005,0.003,0.003,0.004,0.011,0.034,0.936,0.002,0.126,0.003,1.253,0.000,0.000,3889588,88,1.688,0.633,0.000,0.000,14
GPU ROAM-like,RelWithDebInfo,OpenGL,NVIDIA GeForce RTX 5090 D/PCIe/SSE2,4.3.0 NVIDIA 591.86,false,assets/heightmaps/Hm_Terrain_Test_129.pgm,129,129,30.000,4.000,14,4.000,2.000,20000,0.281,0.000,6.000,12.119,8.537,14422,34968,14420,120,60,108,85,0,0,0,0,8,397.355,8.210,5.197,0.252,0.952,0.125,0.244,0.160,1.340,0.234,0.240,0.000,1.650,0.430,0.004,0.004,0.005,0.003,0.003,0.004,0.011,0.034,0.890,0.001,0.087,0.002,1.241,0.000,0.000,3916468,88,1.734,1.077,0.000,0.000,14
GPU ROAM-like,RelWithDebInfo,OpenGL,NVIDIA GeForce RTX 5090 D/PCIe/SSE2,4.3.0 NVIDIA 591.86,false,assets/heightmaps/Hm_Terrain_Test_129.pgm,129,129,30.000,4.000,14,4.000,2.000,20000,0.289,0.000,6.000,11.963,8.517,14274,35252,14272,142,70,290,87,0,0,0,0,8,0.000,9.003,5.068,0.226,1.066,0.246,0.239,0.148,1.072,0.203,0.242,0.000,1.627,0.413,0.005,0.004,0.005,0.003,0.003,0.004,0.011,0.035,0.918,0.001,0.143,0.002,1.974,0.000,0.000,3948276,88,1.422,1.312,0.000,0.000,14
GPU ROAM-like,RelWithDebInfo,OpenGL,NVIDIA GeForce RTX 5090 D/PCIe/SSE2,4.3.0 NVIDIA 591.86,false,assets/heightmaps/Hm_Terrain_Test_129.pgm,129,129,30.000,4.000,14,4.000,2.000,20000,0.298,0.000,6.000,11.790,9.299,14220,35544,14218,146,73,200,99,0,0,0,0,8,224.018,7.369,3.777,0.288,0.564,0.150,0.235,0.143,0.752,0.144,0.241,0.000,1.258,0.600,0.005,0.004,0.005,0.003,0.003,0.004,0.011,0.034,1.316,0.000,0.090,0.002,1.178,0.000,0.000,3980980,88,1.039,0.714,0.000,0.000,14
GPU ROAM-like,RelWithDebInfo,OpenGL,NVIDIA GeForce RTX 5090 D/PCIe/SSE2,4.3.0 NVIDIA 591.86,false,assets/heightmaps/Hm_Terrain_Test_129.pgm,129,129,30.000,4.000,14,4.000,2.000,20000,0.306,0.000,6.000,11.646,7.566,14206,35800,14204,128,64,142,86,0,0,0,0,8,0.000,7.359,3.674,0.254,0.531,0.116,0.238,0.142,0.734,0.119,0.231,0.000,1.310,0.456,0.005,0.004,0.005,0.003,0.003,0.004,0.011,0.035,1.567,0.001,0.084,0.001,1.186,0.000,0.000,4009652,88,0.995,0.647,0.000,0.000,14
GPU ROAM-like,RelWithDebInfo,OpenGL,NVIDIA GeForce RTX 5090 D/PCIe/SSE2,4.3.0 NVIDIA 591.86,false,assets/heightmaps/Hm_Terrain_Test_129.pgm,129,129,30.000,4.000,14,4.000,2.000,20000,0.314,0.000,6.000,11.500,7.580,14170,36096,14168,148,73,184,87,0,0,0,0,8,194.597,8.374,5.131,0.221,0.939,0.153,0.237,0.146,1.191,0.192,0.240,0.000,1.813,0.438,0.004,0.004,0.005,0.003,0.003,0.004,0.011,0.033,1.026,0.001,0.167,0.002,1.229,0.000,0.000,4042804,88,1.529,1.092,0.000,0.000,14
GPU ROAM-like,RelWithDebInfo,OpenGL,NVIDIA GeForce RTX 5090 D/PCIe/SSE2,4.3.0 NVIDIA 591.86,false,assets/heightmaps/Hm_Terrain_Test_129.pgm,129,129,30.000,4.000,14,4.000,2.000,20000,0.322,0.000,6.000,11.332,8.628,14148,36368,14146,136,68,158,90,0,0,0,0,8,0.000,8.250,4.883,0.210,1.060,0.152,0.240,0.154,1.027,0.162,0.243,0.000,1.634,0.455,0.005,0.004,0.005,0.003,0.003,0.004,0.011,0.035,1.237,0.001,0.111,0.002,1.189,0.000,0.000,4073268,88,1.342,1.212,0.000,0.000,14
GPU ROAM-like,RelWithDebInfo,OpenGL,NVIDIA GeForce RTX 5090 D/PCIe/SSE2,4.3.0 NVIDIA 591.86,false,assets/heightmaps/Hm_Terrain_Test_129.pgm,129,129,30.000,4.000,14,4.000,2.000,20000,0.331,0.000,6.000,11.163,8.517,14131,36648,14129,140,70,157,99,0,0,0,0,8,228.116,7.237,3.961,0.159,0.548,0.191,0.252,0.145,1.006,0.142,0.241,0.000,1.278,0.471,0.005,0.004,0.005,0.003,0.003,0.004,0.011,0.034,0.935,0.000,0.080,0.002,1.386,0.000,0.000,4104628,88,1.293,0.739,0.000,0.000,14
GPU ROAM-like,RelWithDebInfo,OpenGL,NVIDIA GeForce RTX 5090 D/PCIe/SSE2,4.3.0 NVIDIA 591.86,false,assets/heightmaps/Hm_Terrain_Test_129.pgm,129,129,30.000,4.000,14,4.000,2.000,20000,0.338,0.000,6.000,11.012,7.573,13978,36944,13976,148,73,301,86,0,0,0,0,8,0.000,8.119,4.205,0.266,0.537,0.216,0.235,0.139,1.097,0.139,0.230,0.000,1.345,0.454,0.004,0.004,0.005,0.003,0.003,0.004,0.011,0.034,0.922,0.001,0.095,0.002,1.908,0.000,0.000,4137780,88,1.375,0.754,0.000,0.000,14
GPU ROAM-like,RelWithDebInfo,OpenGL,NVIDIA GeForce RTX 5090 D/PCIe/SSE2,4.3.0 NVIDIA 591.86,false,assets/heightmaps/Hm_Terrain_Test_129.pgm,129,129,30.000,4.000,14,4.000,2.000,20000,0.347,0.000,6.000,10.842,8.382,13960,37168,13958,112,56,130,72,0,0,0,0,8,199.337,8.154,4.086,0.276,0.541,0.110,0.235,0.139,1.088,0.108,0.229,0.000,1.360,0.634,0.005,0.004,0.005,0.003,0.003,0.004,0.011,0.034,1.770,0.002,0.084,0.002,1.248,0.000,0.000,4162868,88,1.335,0.651,0.000,0.000,14
GPU ROAM-like,RelWithDebInfo,OpenGL,NVIDIA GeForce RTX 5090 D/PCIe/SSE2,4.3.0 NVIDIA 591.86,false,assets/heightmaps/Hm_Terrain_Test_129.pgm,129,129,30.000,4.000,14,4.000,2.000,20000,0.355,0.000,6.000,10.670,8.364,13912,37432,13910,132,66,180,90,0,0,0,0,8,0.000,8.091,4.752,0.218,0.553,0.143,0.232,0.280,1.295,0.138,0.234,0.000,1.658,0.436,0.005,0.004,0.005,0.003,0.003,0.004,0.011,0.034,1.035,0.001,0.117,0.002,1.324,0.000,0.000,4192436,88,1.714,0.696,0.000,0.000,14
GPU ROAM-like,RelWithDebInfo,OpenGL,NVIDIA GeForce RTX 5090 D/PCIe/SSE2,4.3.0 NVIDIA 591.86,false,assets/heightmaps/Hm_Terrain_Test_129.pgm,129,129,30.000,4.000,14,4.000,2.000,20000,0.363,0.000,6.000,10.496,8.408,13920,37756,13918,162,80,154,102,0,0,0,0,8,133.407,12.327,5.478,0.165,1.033,0.152,0.234,0.157,1.114,0.198,0.235,0.000,2.191,0.705,0.005,0.004,0.005,0.003,0.003,0.004,0.011,0.035,2.212,0.003,0.325,0.005,2.900,0.000,0.000,4228724,88,1.469,1.184,0.000,0.000,14
GPU ROAM-like,RelWithDebInfo,OpenGL,NVIDIA GeForce RTX 5090 D/PCIe/SSE2,4.3.0 NVIDIA 591.86,false,assets/heightmaps/Hm_Terrain_Test_129.pgm,129,129,30.000,4.000,14,4.000,2.000,20000,0.376,0.000,6.000,10.224,12.961,13794,38136,13792,190,95,316,156,0,0,0,0,8,98.629,16.767,9.460,0.731,0.662,0.480,0.363,0.292,1.313,0.577,0.320,0.000,4.720,0.747,0.005,0.004,0.005,0.003,0.003,0.004,0.011,0.035,2.573,0.005,0.217,0.008,2.789,0.000,0.000,4271284,88,2.183,1.142,0.000,0.000,14
GPU ROAM-like,RelWithDebInfo,OpenGL,NVIDIA GeForce RTX 5090 D/PCIe/SSE2,4.3.0 NVIDIA 591.86,false,assets/heightmaps/Hm_Terrain_Test_129.pgm,129,129,30.000,4.000,14,4.000,2.000,20000,0.394,0.000,6.000,9.855,17.336,13656,38704,13654,284,141,422,236,0,0,0,0,8,171.732,9.850,4.512,0.221,0.672,0.317,0.233,0.144,0.862,0.349,0.231,0.000,1.483,0.550,0.005,0.004,0.005,0.003,0.003,0.004,0.011,0.034,1.785,0.001,0.095,0.002,2.134,0.000,0.000,4334900,88,1.355,0.989,0.000,0.000,14
GPU ROAM-like,RelWithDebInfo,OpenGL,NVIDIA GeForce RTX 5090 D/PCIe/SSE2,4.3.0 NVIDIA 591.86,false,assets/heightmaps/Hm_Terrain_Test_129.pgm,129,129,30.000,4.000,14,4.000,2.000,20000,0.404,0.000,6.000,9.636,10.122,13566,39004,13564,150,74,240,113,0,0,0,0,8,0.000,8.493,5.298,0.174,0.534,0.190,0.240,0.264,1.207,0.174,0.241,0.000,2.276,0.452,0.005,0.004,0.005,0.003,0.003,0.004,0.011,0.035,1.022,0.001,0.096,0.002,1.215,0.000,0.000,4368500,88,1.645,0.724,0.000,0.000,14
GPU ROAM-like,RelWithDebInfo,OpenGL,NVIDIA GeForce RTX 5090 D/PCIe/SSE2,4.3.0 NVIDIA 591.86,false,assets/heightmaps/Hm_Terrain_Test_129.pgm,129,129,30.000,4.000,14,4.000,2.000,20000,0.413,0.000,6.000,9.446,8.741,13506,39248,13504,122,61,182,82,0,0,0,0,8,1418.601,9.221,5.413,0.196,0.942,0.228,0.270,0.192,1.388,0.183,0.241,0.000,1.773,0.481,0.005,0.004,0.005,0.003,0.003,0.004,0.011,0.035,1.002,0.002,0.165,0.003,1.712,0.000,0.000,4395828,88,1.763,1.170,0.000,0.000,14
GPU ROAM-like,RelWithDebInfo,OpenGL,NVIDIA GeForce RTX 5090 D/PCIe/SSE2,4.3.0 NVIDIA 591.86,false,assets/heightmaps/Hm_Terrain_Test_129.pgm,129,129,30.000,4.000,14,4.000,2.000,20000,0.422,0.000,6.000,9.235,9.678,13499,39606,13497,179,89,186,144,0,0,0,0,8,163.037,10.060,5.499,0.303,0.994,0.192,0.315,0.300,0.957,0.343,0.259,0.000,1.835,0.454,0.005,0.004,0.005,0.003,0.003,0.004,0.011,0.035,1.726,0.001,0.096,0.003,1.785,0.000,0.000,4435924,88,1.600,1.186,0.000,0.000,14
GPU ROAM-like,RelWithDebInfo,OpenGL,NVIDIA GeForce RTX 5090 D/PCIe/SSE2,4.3.0 NVIDIA 591.86,false,assets/heightmaps/Hm_Terrain_Test_129.pgm,129,129,30.000,4.000,14,4.000,2.000,20000,0.433,0.000,6.000,9.007,10.339,13334,39912,13332,153,76,318,109,0,0,0,0,8,0.000,8.483,5.211,0.176,0.696,0.307,0.234,0.168,1.456,0.217,0.265,0.000,1.692,0.446,0.005,0.004,0.005,0.003,0.003,0.004,0.011,0.034,0.973,0.001,0.157,0.002,1.233,0.000,0.000,4470196,88,1.840,1.003,0.000,0.000,14
GPU ROAM-like,RelWithDebInfo,OpenGL,NVIDIA GeForce RTX 5090 D/PCIe/SSE2,4.3.0 NVIDIA 591.86,false,assets/heightmaps/Hm_Terrain_Test_129.pgm,129,129,30.000,4.000,14,4.000,2.000,20000,0.441,0.000,6.000,8.811,8.846,13364,40240,13362,164,82,134,125,0,0,0,0,8,1331.218,9.817,5.351,0.236,0.585,0.189,0.264,0.139,1.348,1.053,0.302,0.000,1.235,0.710,0.005,0.004,0.005,0.003,0.003,0.004,0.011,0.034,0.956,0.001,0.115,0.005,2.229,0.000,0.000,4506932,88,2.540,0.774,0.000,0.000,14
GPU ROAM-like,RelWithDebInfo,OpenGL,NVIDIA GeForce RTX 5090 D/PCIe/SSE2,4.3.0 NVIDIA 591.86,false,assets/heightmaps/Hm_Terrain_Test_129.pgm,129,129,30.000,4.000,14,4.000,2.000,20000,0.452,0.000,6.000,8.585,10.160,13296,40604,13294,182,90,250,138,0,0,0,0,8,192.749,8.580,4.627,0.253,0.901,0.207,0.237,0.145,1.013,0.189,0.227,0.000,1.456,0.477,0.005,0.004,0.005,0.003,0.003,0.004,0.011,0.034,1.468,0.001,0.135,0.002,1.359,0.000,0.000,4547700,88,1.347,1.107,0.000,0.000,14
GPU ROAM-like,RelWithDebInfo,OpenGL,NVIDIA GeForce RTX 5090 D/PCIe/SSE2,4.3.0 NVIDIA 591.86,false,assets/heightmaps/Hm_Terrain_Test_129.pgm,129,129,30.000,4.000,14,4.000,2.000,20000,0.461,0.000,6.000,8.384,8.993,13282,40900,13280,148,74,162,109,0,0,0,0,8,0.000,7.835,4.358,0.215,0.553,0.145,0.237,0.271,1.027,0.228,0.232,0.000,1.449,0.452,0.005,0.004,0.005,0.003,0.003,0.004,0.011,0.034,0.919,0.001,0.086,0.002,1.541,0.000,0.000,4580852,88,1.526,0.698,0.000,0.000,14
GPU ROAM-like,RelWithDebInfo,OpenGL,NVIDIA GeForce RTX 5090 D/PCIe/SSE2,4.3.0 NVIDIA 591.86,false,assets/heightmaps/Hm_Terrain_Test_129.pgm,129,129,30.000,4.000,14,4.000,2.000,20000,0.469,0.000,6.000,8.202,8.131,13232,41216,13230,158,78,208,117,0,0,0,0,8,429.046,7.670,4.452,0.120,0.946,0.243,0.242,0.154,1.205,0.163,0.234,0.000,1.145,0.475,0.005,0.004,0.005,0.003,0.003,0.004,0.011,0.034,0.929,0.001,0.091,0.002,1.317,0.000,0.000,4616244,88,1.522,1.189,0.000,0.000,14
GPU ROAM-like,RelWithDebInfo,OpenGL,NVIDIA GeForce RTX 5090 D/PCIe/SSE2,4.3.0 NVIDIA 591.86,false,assets/heightmaps/Hm_Terrain_Test_129.pgm,129,129,30.000,4.000,14,4.000,2.000,20000,0.477,0.000,6.000,8.023,8.007,13118,41488,13116,136,68,250,89,0,0,0,0,8,0.000,8.839,4.596,0.330,0.572,0.351,0.275,0.147,1.163,0.157,0.237,0.000,1.364,0.490,0.005,0.004,0.005,0.003,0.003,0.004,0.011,0.034,0.934,0.001,0.159,0.002,2.075,0.000,0.000,4646708,88,1.467,0.923,0.000,0.000,14
GPU ROAM-like,RelWithDebInfo,OpenGL,NVIDIA GeForce RTX 5090 D/PCIe/SSE2,4.3.0 NVIDIA 591.86,false,assets/heightmaps/Hm_Terrain_Test_129.pgm,129,129,30.000,4.000,14,4.000,2.000,20000,0.486,0.000,6.000,7.815,9.227,13161,41852,13159,182,90,139,145,0,0,0,0,8,180.837,9.181,4.630,0.343,0.942,0.142,0.261,0.144,0.838,0.201,0.221,0.000,1.537,0.505,0.005,0.004,0.005,0.003,0.003,0.004,0.011,0.034,1.556,0.001,0.163,0.002,1.752,0.000,0.000,4687476,88,1.184,1.084,0.000,0.000,14
GPU ROAM-like,RelWithDebInfo,OpenGL,NVIDIA GeForce RTX 5090 D/PCIe/SSE2,4.3.0 NVIDIA 591.86,false,assets/heightmaps/Hm_Terrain_Test_129.pgm,129,129,30.000,4.000,14,4.000,2.000,20000,0.495,0.000,6.000,7.602,9.464,13080,42180,13078,164,82,245,120,0,0,0,0,8,0.000,8.396,4.902,0.223,0.801,0.225,0.225,0.168,1.331,0.281,0.234,0.000,1.413,0.468,0.005,0.004,0.005,0.003,0.003,0.004,0.011,0.034,0.983,0.001,0.110,0.002,1.529,0.000,0.000,4724212,88,1.780,1.026,0.000,0.000,14
GPU ROAM-like,RelWithDebInfo,OpenGL,NVIDIA GeForce RTX 5090 D/PCIe/SSE2,4.3.0 NVIDIA 591.86,false,assets/heightmaps/Hm_Terrain_Test_129.pgm,129,129,30.000,4.000,14,4.000,2.000,20000,0.504,0.000,6.000,7.408,8.651,13074,42468,13072,144,72,150,116,0,0,0,0,8,1513.631,7.664,4.068,0.201,0.707,0.182,0.326,0.152,0.956,0.152,0.224,0.000,1.168,0.478,0.005,0.004,0.005,0.003,0.003,0.004,0.011,0.034,0.959,0.001,0.110,0.002,1.578,0.000,0.000,4756468,88,1.259,0.889,0.000,0.000,14
GPU ROAM-like,RelWithDebInfo,OpenGL,NVIDIA GeForce RTX 5090 D/PCIe/SSE2,4.3.0 NVIDIA 591.86,false,assets/heightmaps/Hm_Terrain_Test_129.pgm,129,129,30.000,4.000,14,4.000,2.000,20000,0.512,0.000,6.000,7.229,7.956,13034,42804,13032,168,83,208,110,0,0,0,0,8,0.000,9.719,4.848,0.873,0.593,0.183,0.254,0.134,1.228,0.170,0.235,0.000,1.178,0.665,0.005,0.004,0.005,0.003,0.003,0.004,0.011,0.034,1.334,0.002,0.121,0.004,2.178,0.000,0.000,4794100,88,1.532,0.776,0.000,0.000,14
GPU ROAM-like,RelWithDebInfo,OpenGL,NVIDIA GeForce RTX 5090 D/PCIe/SSE2,4.3.0 NVIDIA 591.86,false,assets/heightmaps/Hm_Terrain_Test_129.pgm,129,129,30.000,4.000,14,4.000,2.000,20000,0.522,0.000,6.000,7.004,10.024,12940,43096,12938,146,73,240,113,0,0,0,0,8,174.903,9.368,5.559,0.413,0.857,0.208,0.241,0.145,1.310,0.188,0.221,0.000,1.977,0.680,0.005,0.004,0.005,0.003,0.003,0.004,0.011,0.034,1.099,0.003,0.122,0.004,1.440,0.000,0.000,4826804,88,1.643,1.065,0.000,0.000,14
GPU ROAM-like,RelWithDebInfo,OpenGL,NVIDIA GeForce RTX 5090 D/PCIe/SSE2,4.3.0 NVIDIA 591.86,false,assets/heightmaps/Hm_Terrain_Test_129.pgm,129,129,30.000,4.000,14,4.000,2.000,20000,0.532,0.000,6.000,6.787,9.648,12968,43512,12966,208,103,180,154,0,0,0,0,8,401.027,8.243,4.196,0.317,0.721,0.176,0.248,0.180,0.858,0.220,0.223,0.000,1.252,0.524,0.005,0.004,0.005,0.003,0.003,0.004,0.011,0.034,1.088,0.001,0.113,0.002,1.849,0.000,0.000,4873396,88,1.258,0.897,0.000,0.000,14
GPU ROAM-like,RelWithDebInfo,OpenGL,NVIDIA GeForce RTX 5090 D/PCIe/SSE2,4.3.0 NVIDIA 591.86,false,assets/heightmaps/Hm_Terrain_Test_129.pgm,129,129,30.000,4.000,14,4.000,2.000,20000,0.540,0.000,6.000,6.591,8.748,12912,43840,12910,164,82,220,116,0,0,0,0,8,0.000,10.356,4.944,0.638,0.580,0.194,0.238,0.195,1.039,0.183,0.219,0.000,1.658,0.987,0.005,0.005,0.005,0.003,0.003,0.004,0.011,0.034,1.713,0.001,0.117,0.004,1.791,0.000,0.000,4910132,88,1.417,0.774,0.000,0.000,14
GPU ROAM-like,RelWithDebInfo,OpenGL,NVIDIA GeForce RTX 5090 D/PCIe/SSE2,4.3.0 NVIDIA 591.86,false,assets/heightmaps/Hm_Terrain_Test_129.pgm,129,129,30.000,4.000,14,4.000,2.000,20000,0.551,0.000,6.000,6.353,10.685,12792,44208,12790,184,91,304,142,0,0,0,0,8,342.087,9.566,5.249,0.238,0.957,0.252,0.232,0.139,0.955,0.288,0.224,0.000,1.964,0.586,0.005,0.004,0.005,0.003,0.003,0.004,0.011,0.034,1.611,0.002,0.131,0.003,1.529,0.000,0.000,4951348,88,1.382,1.209,0.000,0.000,14
GPU ROAM-like,RelWithDebInfo,OpenGL,NVIDIA GeForce RTX 5090 D/PCIe/SSE2,4.3.0 NVIDIA 591.86,false,assets/heightmaps/Hm_Terrain_Test_129.pgm,129,129,30.000,4.000,14,4.000,2.000,20000,0.561,0.000,6.000,6.131,9.993,12702,44592,12700,192,96,282,141,0,0,0,0,8,368.601,8.984,4.672,0.728,0.596,0.223,0.221,0.131,1.073,0.202,0.217,0.000,1.281,0.583,0.005,0.004,0.005,0.003,0.003,0.004,0.010,0.034,1.101,0.001,0.105,0.003,1.987,0.000,0.000,4994356,88,1.406,0.819,0.000,0.000,14
GPU ROAM-like,RelWithDebInfo,OpenGL,NVIDIA GeForce RTX 5090 D/PCIe/SSE2,4.3.0 NVIDIA 591.86,false,assets/heightmaps/Hm_Terrain_Test_129.pgm,129,129,30.000,4.000,14,4.000,2.000,20000,0.570,0.000,6.000,5.927,9.224,12716,44948,12714,178,88,164,128,0,0,0,0,8,0.000,8.482,4.891,0.179,0.906,0.154,0.211,0.259,1.237,0.177,0.217,0.000,1.550,0.514,0.005,0.004,0.005,0.003,0.003,0.004,0.010,0.034,1.208,0.001,0.094,0.002,1.354,0.000,0.000,5034228,88,1.673,1.061,0.000,0.000,14
GPU ROAM-like,RelWithDebInfo,OpenGL,NVIDIA GeForce RTX 5090 D/PCIe/SSE2,4.3.0 NVIDIA 591.86,false,assets/heightmaps/Hm_Terrain_Test_129.pgm,129,129,30.000,4.000,14,4.000,2.000,20000,0.579,0.000,6.000,5.735,8.704,12646,45220,12644,136,68,206,93,0,0,0,0,8,205.344,7.975,4.423,0.138,0.652,0.168,0.213,0.144,1.440,0.216,0.219,0.000,1.233,0.527,0.005,0.004,0.005,0.003,0.003,0.004,0.010,0.034,1.119,0.001,0.123,0.002,1.394,0.000,0.000,5064692,88,1.800,0.820,0.000,0.000,14
GPU ROAM-like,RelWithDebInfo,OpenGL,NVIDIA GeForce RTX 5090 D/PCIe/SSE2,4.3.0 NVIDIA 591.86,false,assets/heightmaps/Hm_Terrain_Test_129.pgm,129,129,30.000,4.000,14,4.000,2.000,20000,0.587,0.000,6.000,5.556,8.206,12608,45436,12606,108,54,146,77,0,0,0,0,8,0.000,8.263,4.269,0.201,1.055,0.135,0.214,0.137,0.986,0.117,0.216,0.000,1.208,0.529,0.005,0.004,0.005,0.003,0.003,0.004,0.011,0.034,1.485,0.001,0.126,0.002,1.372,0.000,0.000,5088884,88,1.240,1.190,0.000,0.000,14
GPU ROAM-like,RelWithDebInfo,OpenGL,NVIDIA GeForce RTX 5090 D/PCIe/SSE2,4.3.0 NVIDIA 591.86,false,assets/heightmaps/Hm_Terrain_Test_129.pgm,129,129,30.000,4.000,14,4.000,2.000,20000,0.596,0.000,6.000,5.367,8.703,12452,45696,12450,130,64,286,92,0,0,0,0,8,196.912,8.851,4.256,0.262,0.866,0.217,0.212,0.129,1.228,0.121,0.206,0.000,1.014,0.674,0.005,0.004,0.005,0.003,0.003,0.004,0.010,0.034,1.479,0.000,0.095,0.001,1.410,0.000,0.000,5118004,88,1.477,1.083,0.000,0.000,14
GPU ROAM-like,RelWithDebInfo,OpenGL,NVIDIA GeForce RTX 5090 D/PCIe/SSE2,4.3.0 NVIDIA 591.86,false,assets/heightmaps/Hm_Terrain_Test_129.pgm,129,129,30.000,4.000,14,4.000,2.000,20000,0.605,0.000,6.000,5.170,9.128,12414,45872,12412,88,44,126,68,0,0,0,0,8,0.000,7.947,3.839,0.156,0.530,0.110,0.212,0.133,1.263,0.091,0.212,0.000,1.132,0.551,0.005,0.004,0.005,0.003,0.003,0.004,0.010,0.034,1.625,0.001,0.106,0.002,1.417,0.000,0.000,5137716,88,1.487,0.640,0.000,0.000,14
GPU ROAM-like,RelWithDebInfo,OpenGL,NVIDIA GeForce RTX 5090 D/PCIe/SSE2,4.3.0 NVIDIA 591.86,false,assets/heightmaps/Hm_Terrain_Test_129.pgm,129,129,30.000,4.000,14,4.000,2.000,20000,0.613,0.000,6.000,4.995,8.166,12330,46100,12328,114,56,198,86,0,0,0,0,8,197.630,8.286,4.686,0.139,0.881,0.177,0.209,0.237,1.272,0.143,0.213,0.000,1.416,0.541,0.005,0.004,0.005,0.003,0.003,0.004,0.010,0.034,1.165,0.001,0.114,0.003,1.376,0.000,0.000,5163252,88,1.652,1.058,0.000,0.000,14
GPU ROAM-like,RelWithDebInfo,OpenGL,NVIDIA GeForce RTX 5090 D/PCIe/SSE2,4.3.0 NVIDIA 591.86,false,assets/heightmaps/Hm_Terrain_Test_129.pgm,129,129,30.000,4.000,14,4.000,2.000,20000,0.622,0.000,6.000,4.813,8.570,12230,46244,12228,72,36,172,53,0,0,0,0,8,0.000,9.113,5.102,0.226,0.811,0.195,0.325,0.149,1.512,0.089,0.241,0.000,1.552,0.550,0.005,0.004,0.005,0.003,0.003,0.004,0.011,0.034,1.257,0.001,0.146,0.002,1.484,0.000,0.000,5179380,88,1.751,1.007,0.000,0.000,14
GPU ROAM-like,RelWithDebInfo,OpenGL,NVIDIA GeForce RTX 5090 D/PCIe/SSE2,4.3.0 NVIDIA 591.86,false,assets/heightmaps/Hm_Terrain_Test_129.pgm,129,129,30.000,4.000,14,4.000,2.000,20000,0.631,0.000,6.000,4.611,9.590,12198,46464,12196,110,55,142,85,0,0,0,0,8,203.099,8.135,3.876,0.219,0.976,0.138,0.226,0.129,0.854,0.103,0.206,0.000,1.025,0.781,0.005,0.004,0.005,0.003,0.003,0.004,0.010,0.034,1.186,0.001,0.090,0.005,1.735,0.000,0.000,5204020,88,1.086,1.114,0.000,0.000,14
GPU ROAM-like,RelWithDebInfo,OpenGL,NVIDIA GeForce RTX 5090 D/PCIe/SSE2,4.3.0 NVIDIA 591.86,false,assets/heightmaps/Hm_Terrain_Test_129.pgm,129,129,30.000,4.000,14,4.000,2.000,20000,0.640,0.000,6.000,4.435,8.426,11908,46624,11906,80,39,370,83,0,0,0,0,8,411.314,7.985,3.623,0.194,0.538,0.264,0.201,0.120,0.824,0.083,0.206,0.000,1.191,0.578,0.005,0.004,0.005,0.003,0.003,0.004,0.010,0.034,1.814,0.001,0.112,0.002,1.446,0.000,0.000,5221940,88,1.028,0.803,0.000,0.000,14
GPU ROAM-like,RelWithDebInfo,OpenGL,NVIDIA GeForce RTX 5090 D/PCIe/SSE2,4.3.0 NVIDIA 591.86,false,assets/heightmaps/Hm_Terrain_Test_129.pgm,129,129,30.000,4.000,14,4.000,2.000,20000,0.648,0.000,6.000,4.265,8.233,11838,46788,11836,82,41,152,64,0,0,0,0,8,0.000,8.703,5.065,0.152,0.854,0.129,0.203,0.246,1.527,0.170,0.207,0.000,1.577,0.519,0.005,0.004,0.005,0.003,0.003,0.004,0.010,0.034,1.115,0.002,0.111,0.003,1.452,0.000,0.000,5240308,88,1.944,0.983,0.000,0.000,14
GPU ROAM-like,RelWithDebInfo,OpenGL,NVIDIA GeForce RTX 5090 D/PCIe/SSE2,4.3.0 NVIDIA 591.86,false,assets/heightmaps/Hm_Terrain_Test_129.pgm,129,129,30.000,4.000,14,4.000,2.000,20000,0.657,0.000,6.000,4.081,9.026,11779,46974,11777,93,46,152,71,0,0,0,0,8,181.435,9.141,5.092,0.260,1.092,0.207,0.269,0.146,0.923,0.114,0.205,0.000,1.876,0.562,0.005,0.004,0.005,0.003,0.003,0.004,0.010,0.034,1.120,0.002,0.168,0.002,1.633,0.000,0.000,5261140,88,1.183,1.299,0.000,0.000,14
GPU ROAM-like,RelWithDebInfo,OpenGL,NVIDIA GeForce RTX 5090 D/PCIe/SSE2,4.3.0 NVIDIA 591.86,false,assets/heightmaps/Hm_Terrain_Test_129.pgm,129,129,30.000,4.000,14,4.000,2.000,20000,0.667,0.000,6.000,3.885,9.736,11666,47160,11664,93,46,206,76,0,0,0,0,8,0.000,8.678,4.633,0.267,1.054,0.178,0.200,0.131,1.204,0.094,0.199,0.000,1.306,0.559,0.005,0.004,0.005,0.003,0.003,0.004,0.010,0.034,1.484,0.001,0.106,0.003,1.381,0.000,0.000,5281972,88,1.430,1.232,0.000,0.000,14
GPU ROAM-like,RelWithDebInfo,OpenGL,NVIDIA GeForce RTX 5090 D/PCIe/SSE2,4.3.0 NVIDIA 591.86,false,assets/heightmaps/Hm_Terrain_Test_129.pgm,129,129,30.000,4.000,14,4.000,2.000,20000,0.676,0.000,6.000,3.707,8.965,11580,47316,11578,78,39,164,64,0,0,0,0,8,1596.179,8.223,4.637,0.180,0.736,0.148,0.196,0.240,1.224,0.101,0.202,0.000,1.609,0.550,0.005,0.004,0.005,0.003,0.003,0.004,0.010,0.033,1.064,0.001,0.115,0.002,1.443,0.000,0.000,5299444,88,1.564,0.884,0.000,0.000,14
GPU ROAM-like,RelWithDebInfo,OpenGL,NVIDIA GeForce RTX 5090 D/PCIe/SSE2,4.3.0 NVIDIA 591.86,false,assets/heightmaps/Hm_Terrain_Test_129.pgm,129,129,30.000,4.000,14,4.000,2.000,20000,0.684,0.000,6.000,3.538,8.611,11455,47500,11453,92,45,217,70,0,0,0,0,8,0.000,7.777,4.010,0.169,0.554,0.221,0.208,0.167,1.040,0.149,0.202,0.000,1.300,0.558,0.005,0.004,0.005,0.003,0.003,0.004,0.010,0.033,1.138,0.001,0.112,0.002,1.470,0.000,0.000,5320052,88,1.356,0.775,0.000,0.000,14
GPU ROAM-like,RelWithDebInfo,OpenGL,NVIDIA GeForce RTX 5090 D/PCIe/SSE2,4.3.0 NVIDIA 591.86,false,assets/heightmaps/Hm_Terrain_Test_129.pgm,129,129,30.000,4.000,14,4.000,2.000,20000,0.693,0.000,6.000,3.382,8.096,11366,47668,11364,84,42,173,62,0,0,0,0,8,200.177,8.313,4.154,0.233,0.962,0.175,0.208,0.126,0.904,0.090,0.189,0.000,1.266,0.553,0.005,0.004,0.005,0.003,0.003,0.004,0.010,0.034,1.074,0.001,0.168,0.002,1.820,0.000,0.000,5338868,88,1.120,1.138,0.000,0.000,14
GPU ROAM-like,RelWithDebInfo,OpenGL,NVIDIA GeForce RTX 5090 D/PCIe/SSE2,4.3.0 NVIDIA 591.86,false,assets/heightmaps/Hm_Terrain_Test_129.pgm,129,129,30.000,4.000,14,4.000,2.000,20000,0.701,0.000,6.000,3.216,8.725,11290,47820,11288,76,38,152,57,0,0,0,0,8,0.000,8.212,3.303,0.211,0.531,0.145,0.198,0.115,0.865,0.081,0.205,0.000,0.952,0.753,0.005,0.004,0.005,0.003,0.003,0.004,0.010,0.034,1.142,0.001,0.149,0.003,2.314,0.000,0.000,5355892,88,1.061,0.676,0.000,0.000,14
GPU ROAM-like,RelWithDebInfo,OpenGL,NVIDIA GeForce RTX 5090 D/PCIe/SSE2,4.3.0 NVIDIA 591.86,false,assets/heightmaps/Hm_Terrain_Test_129.pgm,129,129,30.000,4.000,14,4.000,2.000,20000,0.710,0.000,6.000,3.057,8.499,11226,47980,11224,80,39,144,66,0,0,0,0,8,0.000,8.933,4.460,0.335,0.524,0.141,0.197,0.219,1.189,0.081,0.195,0.000,1.579,0.694,0.005,0.004,0.005,0.003,0.003,0.004,0.010,0.034,1.604,0.001,0.086,0.002,1.601,0.000,0.000,5373812,88,1.488,0.664,0.000,0.000,14
GPU ROAM-like,RelWithDebInfo,OpenGL,NVIDIA GeForce RTX 5090 D/PCIe/SSE2,4.3.0 NVIDIA 591.86,false,assets/heightmaps/Hm_Terrain_Test_129.pgm,129,129,30.000,4.000,14,4.000,2.000,20000,0.719,0.000,6.000,2.888,9.238,11111,48132,11109,76,38,191,57,0,0,0,0,8,175.388,9.434,4.614,0.251,0.813,0.175,0.196,0.142,1.484,0.124,0.196,0.000,1.232,0.637,0.005,0.004,0.005,0.003,0.003,0.004,0.010,0.034,1.669,0.002,0.175,0.002,1.776,0.000,0.000,5390836,88,1.751,0.988,0.000,0.000,14
GPU ROAM-like,RelWithDebInfo,OpenGL,NVIDIA GeForce RTX 5090 D/PCIe/SSE2,4.3.0 NVIDIA 591.86,false,assets/heightmaps/Hm_Terrain_Test_129.pgm,129,129,30.000,4.000,14,4.000,2.000,20000,0.729,0.000,6.000,2.710,9.859,11003,48332,11001,100,50,208,82,0,0,0,0,8,0.000,8.339,4.059,0.324,0.678,0.179,0.191,0.118,1.206,0.099,0.184,0.000,1.078,0.679,0.005,0.004,0.005,0.003,0.003,0.004,0.010,0.034,1.597,0.002,0.105,0.003,1.474,0.000,0.000,5413236,88,1.424,0.857,0.000,0.000,14
GPU ROAM-like,RelWithDebInfo,OpenGL,NVIDIA GeForce RTX 5090 D/PCIe/SSE2,4.3.0 NVIDIA 591.86,false,assets/heightmaps/Hm_Terrain_Test_129.pgm,129,129,30.000,4.000,14,4.000,2.000,20000,0.737,0.000,6.000,2.559,8.595,10842,48464,10840,66,32,227,59,0,0,0,0,8,198.556,8.262,4.545,0.205,0.771,0.195,0.186,0.121,1.221,0.078,0.187,0.000,1.581,0.554,0.005,0.004,0.005,0.003,0.003,0.004,0.010,0.033,1.178,0.002,0.093,0.002,1.477,0.000,0.000,5428020,88,1.419,0.966,0.000,0.000,14
GPU ROAM-like,RelWithDebInfo,OpenGL,NVIDIA GeForce RTX 5090 D/PCIe/SSE2,4.3.0 NVIDIA 591.86,false,assets/heightmaps/Hm_Terrain_Test_129.pgm,129,129,30.000,4.000,14,4.000,2.000,20000,0.746,0.000,6.000,2.412,8.506,10738,48628,10736,82,41,186,61,0,0,0,0,8,0.000,7.840,3.950,0.181,0.595,0.155,0.181,0.230,0.913,0.116,0.188,0.000,1.391,0.557,0.005,0.004,0.005,0.003,0.003,0.004,0.010,0.033,1.268,0.002,0.114,0.002,1.557,0.000,0.000,5446388,88,1.258,0.749,0.000,0.000,14
GPU ROAM-like,RelWithDebInfo,OpenGL,NVIDIA GeForce RTX 5090 D/PCIe/SSE2,4.3.0 NVIDIA 591.86,false,assets/heightmaps/Hm_Terrain_Test_129.pgm,129,129,30.000,4.000,14,4.000,2.000,20000,0.754,0.000,6.000,2.276,8.107,10662,48760,10660,66,33,142,53,0,0,0,0,8,532.471,9.223,5.180,0.173,1.068,0.268,0.380,0.198,1.250,0.077,0.202,0.000,1.564,0.528,0.005,0.004,0.005,0.003,0.003,0.004,0.010,0.034,1.137,0.002,0.177,0.002,1.743,0.000,0.000,5461172,88,1.525,1.336,0.000,0.000,14
GPU ROAM-like,RelWithDebInfo,OpenGL,NVIDIA GeForce RTX 5090 D/PCIe/SSE2,4.3.0 NVIDIA 591.86,false,assets/heightmaps/Hm_Terrain_Test_129.pgm,129,129,30.000,4.000,14,4.000,2.000,20000,0.764,0.000,6.000,2.116,9.659,10602,48936,10600,88,43,148,69,0,0,0,0,8,335.347,9.851,5.319,0.121,1.041,0.157,0.186,0.199,1.360,0.118,0.319,0.000,1.817,0.570,0.005,0.004,0.005,0.003,0.003,0.004,0.010,0.033,1.466,0.003,0.152,0.002,1.771,0.000,0.000,5480884,88,1.677,1.199,0.000,0.000,14
GPU ROAM-like,RelWithDebInfo,OpenGL,NVIDIA GeForce RTX 5090 D/PCIe/SSE2,4.3.0 NVIDIA 591.86,false,assets/heightmaps/Hm_Terrain_Test_129.pgm,129,129,30.000,4.000,14,4.000,2.000,20000,0.774,0.000,6.000,1.954,10.134,10516,49060,10514,62,31,148,55,0,0,0,0,8,0.000,8.688,4.830,0.311,0.850,0.154,0.205,0.217,1.680,0.097,0.267,0.000,1.048,0.533,0.005,0.004,0.005,0.003,0.003,0.004,0.010,0.033,1.101,0.001,0.079,0.001,1.707,0.000,0.000,5494772,88,1.994,1.004,0.000,0.000,14
GPU ROAM-like,RelWithDebInfo,OpenGL,NVIDIA GeForce RTX 5090 D/PCIe/SSE2,4.3.0 NVIDIA 591.86,false,assets/heightmaps/Hm_Terrain_Test_129.pgm,129,129,30.000,4.000,14,4.000,2.000,20000,0.783,0.000,6.000,1.816,8.940,10436,49224,10434,82,41,162,58,0,0,0,0,8,194.227,8.531,4.435,0.113,0.936,0.221,0.189,0.301,1.228,0.115,0.360,0.000,0.972,0.541,0.005,0.004,0.005,0.003,0.003,0.004,0.010,0.033,1.079,0.001,0.116,0.001,1.850,0.000,0.000,5513140,88,1.644,1.157,0.000,0.000,14
GPU ROAM-like,RelWithDebInfo,OpenGL,NVIDIA GeForce RTX 5090 D/PCIe/SSE2,4.3.0 NVIDIA 591.86,false,assets/heightmaps/Hm_Terrain_Test_129.pgm,129,129,30.000,4.000,14,4.000,2.000,20000,0.792,0.000,6.000,1.682,8.875,10368,49392,10366,84,41,152,61,0,0,0,0,8,0.000,9.101,4.898,0.091,0.783,0.136,0.185,0.288,1.015,0.124,0.395,0.000,1.881,0.539,0.005,0.004,0.005,0.003,0.003,0.004,0.010,0.034,1.469,0.001,0.069,0.001,1.283,0.000,0.000,5531956,88,1.427,0.919,0.000,0.000,14
GPU ROAM-like,RelWithDebInfo,OpenGL,NVIDIA GeForce RTX 5090 D/PCIe/SSE2,4.3.0 NVIDIA 591.86,false,assets/heightmaps/Hm_Terrain_Test_129.pgm,129,129,30.000,4.000,14,4.000,2.000,20000,0.801,0.000,6.000,1.546,9.273,10290,49524,10288,66,33,144,67,0,0,0,0,8,428.035,7.676,3.710,0.105,1.017,0.120,0.181,0.294,0.997,0.061,0.185,0.000,0.749,0.722,0.005,0.004,0.005,0.003,0.003,0.004,0.010,0.033,1.215,0.001,0.157,0.002,1.473,0.000,0.000,5546740,88,1.352,1.137,0.000,0.000,14
GPU ROAM-like,RelWithDebInfo,OpenGL,NVIDIA GeForce RTX 5090 D/PCIe/SSE2,4.3.0 NVIDIA 591.86,false,assets/heightmaps/Hm_Terrain_Test_129.pgm,129,129,30.000,4.000,14,4.000,2.000,20000,0.809,0.000,6.000,1.434,7.964,10190,49576,10188,26,13,126,29,0,0,0,0,8,0.000,8.200,4.620,0.330,1.100,0.193,0.258,0.291,1.191,0.052,0.275,0.000,0.930,0.531,0.005,0.005,0.005,0.003,0.003,0.004,0.010,0.034,1.078,0.000,0.081,0.001,1.446,0.000,0.000,5552564,88,1.533,1.293,0.000,0.000,14
GPU ROAM-like,RelWithDebInfo,OpenGL,NVIDIA GeForce RTX 5090 D/PCIe/SSE2,4.3.0 NVIDIA 591.86,false,assets/heightmaps/Hm_Terrain_Test_129.pgm,129,129,30.000,4.000,14,4.000,2.000,20000,0.817,0.000,6.000,1.318,8.495,10184,49740,10182,82,41,88,59,0,0,0,0,8,1635.847,8.014,3.951,0.120,1.245,0.089,0.179,0.174,1.155,0.067,0.180,0.000,0.743,0.536,0.005,0.004,0.005,0.003,0.003,0.004,0.010,0.034,1.122,0.001,0.183,0.001,1.828,0.000,0.000,5570932,88,1.396,1.333,0.000,0.000,14
GPU ROAM-like,RelWithDebInfo,OpenGL,NVIDIA GeForce RTX 5090 D/PCIe/SSE2,4.3.0 NVIDIA 591.86,false,assets/heightmaps/Hm_Terrain_Test_129.pgm,129,129,30.000,4.000,14,4.000,2.000,20000,0.826,0.000,6.000,1.210,8.184,10130,49880,10128,70,34,124,49,0,0,0,0,8,0.000,8.780,4.963,0.086,0.699,0.164,0.363,0.296,1.431,0.112,0.212,0.000,1.600,0.548,0.005,0.004,0.005,0.003,0.003,0.004,0.010,0.033,1.556,0.001,0.067,0.001,1.330,0.000,0.000,5586612,88,1.839,0.863,0.000,0.000,14
GPU ROAM-like,RelWithDebInfo,OpenGL,NVIDIA GeForce RTX 5090 D/PCIe/SSE2,4.3.0 NVIDIA 591.86,false,assets/heightmaps/Hm_Terrain_Test_129.pgm,129,129,30.000,4.000,14,4.000,2.000,20000,0.835,0.000,6.000,1.096,8.929,10086,50016,10084,68,34,112,54,0,0,0,0,8,188.292,8.588,5.265,0.349,0.994,0.096,0.177,0.290,0.987,0.169,0.309,0.000,1.893,0.536,0.005,0.004,0.005,0.003,0.003,0.004,0.010,0.033,1.063,0.001,0.064,0.001,1.356,0.000,0.000,5601844,88,1.446,1.090,0.000,0.000,14
GPU ROAM-like,RelWithDebInfo,OpenGL,NVIDIA GeForce RTX 5090 D/PCIe/SSE2,4.3.0 NVIDIA 591.86,false,assets/heightmaps/Hm_Terrain_Test_129.pgm,129,129,30.000,4.000,14,4.000,2.000,20000,0.843,0.000,6.000,0.990,8.736,10030,50116,10028,50,25,106,36,0,0,0,0,8,406.462,8.033,4.179,0.346,0.650,0.170,0.241,0.165,1.411,0.056,0.183,0.000,0.956,0.544,0.005,0.004,0.005,0.003,0.003,0.004,0.010,0.034,1.439,0.001,0.069,0.001,1.442,0.000,0.000,5613044,88,1.632,0.820,0.000,0.000,14
GPU ROAM-like,RelWithDebInfo,OpenGL,NVIDIA GeForce RTX 5090 D/PCIe/SSE2,4.3.0 NVIDIA 591.86,false,assets/heightmaps/Hm_Terrain_Test_129.pgm,129,129,30.000,4.000,14,4.000,2.000,20000,0.851,0.000,6.000,0.895,8.180,10004,50232,10002,58,29,84,44,0,0,0,0,8,0.000,8.568,5.025,0.115,1.236,0.077,0.175,0.290,1.263,0.092,0.296,0.000,1.480,0.555,0.005,0.004,0.005,0.003,0.003,0.004,0.010,0.034,1.111,0.001,0.073,0.001,1.468,0.000,0.000,5626036,88,1.645,1.314,0.000,0.000,14
GPU ROAM-like,RelWithDebInfo,OpenGL,NVIDIA GeForce RTX 5090 D/PCIe/SSE2,4.3.0 NVIDIA 591.86,false,assets/heightmaps/Hm_Terrain_Test_129.pgm,129,129,30.000,4.000,14,4.000,2.000,20000,0.860,0.000,6.000,0.797,8.814,9874,50348,9872,58,29,188,38,0,0,0,0,8,185.176,8.760,5.511,0.299,1.048,0.174,0.179,0.291,1.203,0.101,0.419,0.000,1.795,0.625,0.004,0.004,0.005,0.003,0.003,0.004,0.010,0.033,1.435,0.000,0.060,0.001,0.794,0.000,0.000,5639028,88,1.595,1.223,0.000,0.000,14
GPU ROAM-like,RelWithDebInfo,OpenGL,NVIDIA GeForce RTX 5090 D/PCIe/SSE2,4.3.0 NVIDIA 591.86,false,assets/heightmaps/Hm_Terrain_Test_129.pgm,129,129,30.000,4.000,14,4.000,2.000,20000,0.869,0.000,6.000,0.703,8.905,9857,50520,9855,86,42,103,55,0,0,0,0,8,0.000,7.856,3.630,0.095,0.835,0.100,0.171,0.259,1.174,0.076,0.173,0.000,0.747,0.613,0.005,0.004,0.005,0.003,0.003,0.004,0.010,0.034,1.782,0.001,0.064,0.001,1.474,0.000,0.000,5658292,88,1.508,0.935,0.000,0.000,14
GPU ROAM-like,RelWithDebInfo,OpenGL,NVIDIA GeForce RTX 5090 D/PCIe/SSE2,4.3.0 NVIDIA 591.86,false,assets/heightmaps/Hm_Terrain_Test_129.pgm,129,129,30.000,4.000,14,4.000,2.000,20000,0.877,0.000,6.000,0.623,8.001,9791,50608,9789,44,22,110,44,0,0,0,0,8,193.073,8.376,5.408,0.100,0.905,0.091,0.173,0.289,1.333,0.155,0.326,0.000,2.036,0.625,0.005,0.004,0.005,0.003,0.003,0.004,0.010,0.033,1.185,0.000,0.060,0.001,0.800,0.000,0.000,5668148,88,1.776,0.996,0.000,0.000,14
GPU ROAM-like,RelWithDebInfo,OpenGL,NVIDIA GeForce RTX 5090 D/PCIe/SSE2,4.3.0 NVIDIA 591.86,false,assets/heightmaps/Hm_Terrain_Test_129.pgm,129,129,30.000,4.000,14,4.000,2.000,20000,0.886,0.000,6.000,0.543,8.522,9764,50720,9762,56,28,83,39,0,0,0,0,8,0.000,9.064,4.776,0.090,1.127,0.069,0.172,0.288,1.190,0.103,0.206,0.000,1.531,0.573,0.005,0.004,0.005,0.003,0.003,0.004,0.010,0.033,1.184,0.001,0.387,0.001,1.718,0.000,0.000,5680692,88,1.580,1.196,0.000,0.000,14
GPU ROAM-like,RelWithDebInfo,OpenGL,NVIDIA GeForce RTX 5090 D/PCIe/SSE2,4.3.0 NVIDIA 591.86,false,assets/heightmaps/Hm_Terrain_Test_129.pgm,129,129,30.000,4.000,14,4.000,2.000,20000,0.895,0.000,6.000,0.461,9.394,9710,50800,9708,40,20,94,38,0,0,0,0,8,398.099,8.133,4.719,0.278,0.885,0.078,0.174,0.158,1.725,0.060,0.184,0.000,1.176,0.559,0.004,0.004,0.005,0.003,0.003,0.004,0.010,0.033,1.826,0.000,0.065,0.001,0.666,0.000,0.000,5689652,88,1.943,0.963,0.000,0.000,14
GPU ROAM-like,RelWithDebInfo,OpenGL,NVIDIA GeForce RTX 5090 D/PCIe/SSE2,4.3.0 NVIDIA 591.86,false,assets/heightmaps/Hm_Terrain_Test_129.pgm,129,129,30.000,4.000,14,4.000,2.000,20000,0.903,0.000,6.000,0.393,8.305,9694,50884,9692,42,21,58,28,0,0,0,0,8,0.000,8.817,4.717,0.327,1.096,0.067,0.175,0.278,1.273,0.098,0.188,0.000,1.214,0.570,0.005,0.004,0.005,0.003,0.003,0.004,0.010,0.033,1.311,0.001,0.179,0.001,1.647,0.000,0.000,5699060,88,1.650,1.163,0.000,0.000,14
GPU ROAM-like,RelWithDebInfo,OpenGL,NVIDIA GeForce RTX 5090 D/PCIe/SSE2,4.3.0 NVIDIA 591.86,false,assets/heightmaps/Hm_Terrain_Test_129.pgm,129,129,30.000,4.000,14,4.000,2.000,20000,0.913,0.000,6.000,0.324,9.151,9672,50952,9670,34,17,56,36,0,0,0,0,8,199.933,8.266,4.673,0.482,0.929,0.056,0.171,0.163,0.997,0.045,0.265,0.000,1.565,0.550,0.004,0.004,0.005,0.003,0.003,0.004,0.010,0.032,1.196,0.000,0.070,0.001,1.314,0.000,0.000,5706676,88,1.205,0.985,0.000,0.000,14
GPU ROAM-like,RelWithDebInfo,OpenGL,NVIDIA GeForce RTX 5090 D/PCIe/SSE2,4.3.0 NVIDIA 591.86,false,assets/heightmaps/Hm_Terrain_Test_129.pgm,129,129,30.000,4.000,14,4.000,2.000,20000,0.921,0.000,6.000,0.266,8.545,9666,51020,9664,34,15,40,28,0,0,0,0,8,353.903,9.319,5.146,0.101,0.868,0.040,0.171,0.197,1.371,0.067,0.377,0.000,1.953,0.548,0.005,0.004,0.005,0.003,0.003,0.004,0.009,0.032,1.184,0.001,0.277,0.001,1.645,0.000,0.000,5714292,88,1.635,0.909,0.000,0.000,14
GPU ROAM-like,RelWithDebInfo,OpenGL,NVIDIA GeForce RTX 5090 D/PCIe/SSE2,4.3.0 NVIDIA 591.86,false,assets/heightmaps/Hm_Terrain_Test_129.pgm,129,129,30.000,4.000,14,4.000,2.000,20000,0.931,0.000,6.000,0.206,9.629,9643,51086,9641,33,16,56,34,0,0,0,0,8,0.000,9.003,5.049,0.359,0.793,0.058,0.168,0.202,1.413,0.090,0.349,0.000,1.617,0.547,0.004,0.004,0.005,0.003,0.003,0.004,0.010,0.032,1.335,0.000,0.178,0.001,1.258,0.000,0.000,5721684,88,1.705,0.851,0.000,0.000,14
GPU ROAM-like,RelWithDebInfo,OpenGL,NVIDIA GeForce RTX 5090 D/PCIe/SSE2,4.3.0 NVIDIA 591.86,false,assets/heightmaps/Hm_Terrain_Test_129.pgm,129,129,30.000,4.000,14,4.000,2.000,20000,0.940,0.000,6.000,0.155,9.308,9582,51168,9580,41,19,102,46,0,0,0,0,8,212.776,7.855,4.265,0.342,1.031,0.155,0.232,0.164,1.199,0.047,0.175,0.000,0.920,0.550,0.004,0.005,0.005,0.003,0.003,0.004,0.010,0.033,1.527,0.000,0.169,0.001,0.807,0.000,0.000,5730868,88,1.410,1.186,0.000,0.000,14
GPU ROAM-like,RelWithDebInfo,OpenGL,NVIDIA GeForce RTX 5090 D/PCIe/SSE2,4.3.0 NVIDIA 591.86,false,assets/heightmaps/Hm_Terrain_Test_129.pgm,129,129,30.000,4.000,14,4.000,2.000,20000,0.948,0.000,6.000,0.117,8.133,9549,51222,9547,27,13,60,24,0,0,0,0,8,0.000,6.997,3.904,0.307,1.088,0.073,0.165,0.174,0.932,0.039,0.173,0.000,0.952,0.569,0.004,0.004,0.005,0.003,0.003,0.004,0.010,0.032,1.122,0.000,0.127,0.001,0.805,0.000,0.000,5736916,88,1.145,1.161,0.000,0.000,14
GPU ROAM-like,RelWithDebInfo,OpenGL,NVIDIA GeForce RTX 5090 D/PCIe/SSE2,4.3.0 NVIDIA 591.86,false,assets/heightmaps/Hm_Terrain_Test_129.pgm,129,129,30.000,4.000,14,4.000,2.000,20000,0.955,0.000,6.000,0.087,7.286,9552,51260,9550,19,9,16,14,0,0,0,0,8,215.188,7.628,4.883,0.294,0.844,0.021,0.171,0.283,1.302,0.042,0.277,0.000,1.649,0.562,0.004,0.004,0.005,0.003,0.003,0.004,0.010,0.032,1.105,0.000,0.067,0.001,0.631,0.000,0.000,5741172,88,1.627,0.864,0.000,0.000,14
GPU ROAM-like,RelWithDebInfo,OpenGL,NVIDIA GeForce RTX 5090 D/PCIe/SSE2,4.3.0 NVIDIA 591.86,false,assets/heightmaps/Hm_Terrain_Test_129.pgm,129,129,30.000,4.000,14,4.000,2.000,20000,0.963,0.000,6.000,0.059,7.828,9552,51284,9550,12,6,12,8,0,0,0,0,8,0.000,9.726,4.896,0.179,1.212,0.017,0.169,0.250,1.608,0.030,0.185,0.000,1.246,0.638,0.004,0.005,0.005,0.003,0.003,0.004,0.010,0.033,1.331,0.003,0.122,0.003,2.350,0.000,0.000,5743860,88,1.888,1.229,0.000,0.000,14
GPU ROAM-like,RelWithDebInfo,OpenGL,NVIDIA GeForce RTX 5090 D/PCIe/SSE2,4.3.0 NVIDIA 591.86,false,assets/heightmaps/Hm_Terrain_Test_129.pgm,129,129,30.000,4.000,14,4.000,2.000,20000,0.973,0.000,6.000,0.032,10.027,9541,51302,9539,9,4,20,12,0,0,0,0,8,446.116,7.395,4.242,0.307,0.833,0.042,0.225,0.282,1.189,0.015,0.170,0.000,1.179,0.568,0.004,0.004,0.005,0.003,0.003,0.004,0.010,0.032,1.447,0.000,0.068,0.001,0.666,0.000,0.000,5745876,88,1.486,0.874,0.000,0.000,14
GPU ROAM-like,RelWithDebInfo,OpenGL,NVIDIA GeForce RTX 5090 D/PCIe/SSE2,4.3.0 NVIDIA 591.86,false,assets/heightmaps/Hm_Terrain_Test_129.pgm,129,129,30.000,4.000,14,4.000,2.000,20000,0.981,0.000,6.000,0.016,7.606,9544,51328,9542,13,6,10,9,0,0,0,0,8,0.000,9.050,5.109,0.094,0.788,0.022,0.330,0.276,1.611,0.081,0.381,0.000,1.525,0.554,0.004,0.004,0.005,0.003,0.003,0.004,0.010,0.032,1.219,0.000,0.066,0.001,1.423,0.000,0.000,5748788,88,1.969,0.810,0.000,0.000,14
GPU ROAM-like,RelWithDebInfo,OpenGL,NVIDIA GeForce RTX 5090 D/PCIe/SSE2,4.3.0 NVIDIA 591.86,false,assets/heightmaps/Hm_Terrain_Test_129.pgm,129,129,30.000,4.000,14,4.000,2.000,20000,0.990,0.000,6.000,0.004,9.204,9550,51340,9548,6,3,0,4,0,0,0,0,8,395.670,8.208,4.865,0.079,0.917,0.001,0.179,0.283,1.387,0.023,0.270,0.000,1.726,0.567,0.004,0.004,0.005,0.003,0.003,0.004,0.009,0.032,1.096,0.001,0.067,0.001,1.288,0.000,0.000,5750132,88,1.692,0.918,0.000,0.000,14
GPU ROAM-like,RelWithDebInfo,OpenGL,NVIDIA GeForce RTX 5090 D/PCIe/SSE2,4.3.0 NVIDIA 591.86,false,assets/heightmaps/Hm_Terrain_Test_129.pgm,129,129,30.000,4.000,14,4.000,2.000,20000,0.998,0.000,6.000,0.000,8.371,9550,51340,9548,0,0,0,0,0,0,0,0,8,0.000,7.638,3.944,0.127,1.076,0.001,0.169,0.187,0.927,0.013,0.228,0.000,1.215,0.584,0.004,0.004,0.005,0.003,0.003,0.004,0.010,0.033,1.524,0.000,0.061,0.001,1.186,0.000,0.000,5750132,88,1.127,1.078,0.000,0.000,14
GPU ROAM-like,RelWithDebInfo,OpenGL,NVIDIA GeForce RTX 5090 D/PCIe/SSE2,4.3.0 NVIDIA 591.86,false,assets/heightmaps/Hm_Terrain_Test_129.pgm,129,129,30.000,4.000,14,4.000,2.000,20000,1.000,0.000,6.000,0.000,7.799,9550,51340,9548,0,0,0,0,0,0,0,0,8,221.559,7.610,3.651,0.324,1.022,0.001,0.170,0.284,0.922,0.005,0.173,0.000,0.749,0.786,0.005,0.004,0.005,0.003,0.003,0.004,0.010,0.034,1.130,0.000,0.070,0.001,1.384,0.000,0.000,5750132,88,1.211,1.023,0.000,0.000,14
