algorithm,buildConfiguration,graphicsBackend,graphicsAdapter,graphicsVersion,vSyncEnabled,heightMapPath,heightMapWidth,heightMapHeight,terrainSize,heightScale,maxDepthSetting,screenSpaceSplitThresholdPixels,screenSpaceMergeThresholdPixels,triangleBudget,timeSeconds,cameraX,cameraY,cameraZ,frameMilliseconds,triangles,nodes,activeSplits,splits,forcedSplits,merges,candidatePeak,budgetRejectedSplits,tjunctions,invalidNeighbors,invalidTopology,cpuWorkers,cpuUtilizationPercent,lodTotalMilliseconds,cpuUpdateMilliseconds,cpuErrorEvalMilliseconds,cpuDecisionMilliseconds,cpuTopologyMilliseconds,cpuCollectMilliseconds,cpuMeshBuildMilliseconds,cpuUploadMilliseconds,gpuInitialLeafCompactionMilliseconds,gpuErrorEvaluationMilliseconds,gpuCandidateMarkingMilliseconds,gpuSplitTopologyMilliseconds,gpuActiveLeafResetMilliseconds,gpuFinalLeafCompactionMilliseconds,gpuMeshEmitMilliseconds,gpuPassSumMilliseconds,gpuSnapshotBuildMilliseconds,gpuBufferAllocationMilliseconds,gpuDispatchWallMilliseconds,gpuQueryWaitMilliseconds,gpuReadbackWaitMilliseconds,frameFenceWaitMilliseconds,renderMilliseconds,cpuGpuUploadBytes,cpuGpuReadbackBytes,splitMilliseconds,mergeMilliseconds,emitMilliseconds,validateMilliseconds,maxDepthReached
Classic CPU ROAM,RelWithDebInfo,D3D12,NVIDIA GeForce RTX 5090 D,Direct3D 12 (feature level 12_0); requested Agility SDK 614; runtime 6.2.26100.8737 (C:\WINDOWS\SYSTEM32\D3D12Core.dll); driver 32.0.15.9186,false,assets/heightmaps/Hm_Terrain_Test_129.pgm,129,129,30.000,4.000,14,4.000,2.000,20000,0.000,0.000,6.000,15.000,0.029,15199,30396,15197,15197,7664,0,5233,0,0,0,0,1,76.742,22.414,18.840,0.000,6.042,6.042,0.000,5.972,2.047,0.000,0.000,0.000,0.000,0.000,0.000,0.000,0.000,0.000,0.000,0.000,0.000,0.000,0.000,0.000,0,0,6.042,0.001,5.972,0.000,14
Classic CPU ROAM,RelWithDebInfo,D3D12,NVIDIA GeForce RTX 5090 D,Direct3D 12 (feature level 12_0); requested Agility SDK 614; runtime 6.2.26100.8737 (C:\WINDOWS\SYSTEM32\D3D12Core.dll); driver 32.0.15.9186,false,assets/heightmaps/Hm_Terrain_Test_129.pgm,129,129,30.000,4.000,14,4.000,2.000,20000,0.044,0.000,6.000,14.916,43.940,15235,30624,15233,114,56,78,73,0,0,0,0,1,0.000,10.140,7.752,0.000,0.980,1.802,0.000,5.616,1.443,0.000,0.000,0.000,0.000,0.000,0.000,0.000,0.000,0.000,0.000,0.000,0.000,0.000,0.000,0.000,0,0,0.980,0.823,5.616,0.000,14
Classic CPU ROAM,RelWithDebInfo,D3D12,NVIDIA GeForce RTX 5090 D,Direct3D 12 (feature level 12_0); requested Agility SDK 614; runtime 6.2.26100.8737 (C:\WINDOWS\SYSTEM32\D3D12Core.dll); driver 32.0.15.9186,false,assets/heightmaps/Hm_Terrain_Test_129.pgm,129,129,30.000,4.000,14,4.000,2.000,20000,0.055,0.000,6.000,14.867,11.521,15212,30646,15210,11,4,34,14,0,0,0,0,1,0.000,10.706,7.733,0.000,0.693,1.404,0.000,5.972,2.088,0.000,0.000,0.000,0.000,0.000,0.000,0.000,0.000,0.000,0.000,0.000,0.000,0.000,0.000,0.011,0,0,0.693,0.712,5.972,0.000,14
Classic CPU ROAM,RelWithDebInfo,D3D12,NVIDIA GeForce RTX 5090 D,Direct3D 12 (feature level 12_0); requested Agility SDK 614; runtime 6.2.26100.8737 (C:\WINDOWS\SYSTEM32\D3D12Core.dll); driver 32.0.15.9186,false,assets/heightmaps/Hm_Terrain_Test_129.pgm,129,129,30.000,4.000,14,4.000,2.000,20000,0.067,0.000,6.000,14.806,11.780,15184,30750,15182,52,25,80,42,0,0,0,0,1,191.708,8.335,7.311,0.000,0.689,1.419,0.000,5.625,0.118,0.000,0.000,0.000,0.000,0.000,0.000,0.000,0.000,0.000,0.000,0.000,0.000,0.000,0.000,0.010,0,0,0.689,0.731,5.625,0.000,14
Classic CPU ROAM,RelWithDebInfo,D3D12,NVIDIA GeForce RTX 5090 D,Direct3D 12 (feature level 12_0); requested Agility SDK 614; runtime 6.2.26100.8737 (C:\WINDOWS\SYSTEM32\D3D12Core.dll); driver 32.0.15.9186,false,assets/heightmaps/Hm_Terrain_Test_129.pgm,129,129,30.000,4.000,14,4.000,2.000,20000,0.076,0.000,6.000,14.754,8.633,15152,30830,15150,40,20,72,38,0,0,0,0,1,0.000,8.101,7.079,0.000,0.654,1.335,0.000,5.449,0.127,0.000,0.000,0.000,0.000,0.000,0.000,0.000,0.000,0.000,0.000,0.000,0.000,0.000,0.000,0.010,0,0,0.654,0.680,5.449,0.000,14
Classic CPU ROAM,RelWithDebInfo,D3D12,NVIDIA GeForce RTX 5090 D,Direct3D 12 (feature level 12_0); requested Agility SDK 614; runtime 6.2.26100.8737 (C:\WINDOWS\SYSTEM32\D3D12Core.dll); driver 32.0.15.9186,false,assets/heightmaps/Hm_Terrain_Test_129.pgm,129,129,30.000,4.000,14,4.000,2.000,20000,0.084,0.000,6.000,14.698,8.407,15092,30928,15090,49,24,109,44,0,0,0,0,1,197.355,8.123,7.129,0.000,0.650,1.351,0.000,5.511,0.137,0.000,0.000,0.000,0.000,0.000,0.000,0.000,0.000,0.000,0.000,0.000,0.000,0.000,0.000,0.010,0,0,0.650,0.701,5.511,0.000,14
Classic CPU ROAM,RelWithDebInfo,D3D12,NVIDIA GeForce RTX 5090 D,Direct3D 12 (feature level 12_0); requested Agility SDK 614; runtime 6.2.26100.8737 (C:\WINDOWS\SYSTEM32\D3D12Core.dll); driver 32.0.15.9186,false,assets/heightmaps/Hm_Terrain_Test_129.pgm,129,129,30.000,4.000,14,4.000,2.000,20000,0.093,0.000,6.000,14.637,8.388,15049,30998,15047,35,17,78,36,0,0,0,0,1,199.857,8.018,7.046,0.000,0.657,1.337,0.000,5.454,0.135,0.000,0.000,0.000,0.000,0.000,0.000,0.000,0.000,0.000,0.000,0.000,0.000,0.000,0.000,0.010,0,0,0.657,0.680,5.454,0.000,14
Classic CPU ROAM,RelWithDebInfo,D3D12,NVIDIA GeForce RTX 5090 D,Direct3D 12 (feature level 12_0); requested Agility SDK 614; runtime 6.2.26100.8737 (C:\WINDOWS\SYSTEM32\D3D12Core.dll); driver 32.0.15.9186,false,assets/heightmaps/Hm_Terrain_Test_129.pgm,129,129,30.000,4.000,14,4.000,2.000,20000,0.101,0.000,6.000,14.572,8.336,15032,31072,15030,37,18,54,26,0,0,0,0,1,0.000,8.030,7.015,0.000,0.636,1.314,0.000,5.446,0.178,0.000,0.000,0.000,0.000,0.000,0.000,0.000,0.000,0.000,0.000,0.000,0.000,0.000,0.000,0.010,0,0,0.636,0.678,5.446,0.000,14
Classic CPU ROAM,RelWithDebInfo,D3D12,NVIDIA GeForce RTX 5090 D,Direct3D 12 (feature level 12_0); requested Agility SDK 614; runtime 6.2.26100.8737 (C:\WINDOWS\SYSTEM32\D3D12Core.dll); driver 32.0.15.9186,false,assets/heightmaps/Hm_Terrain_Test_129.pgm,129,129,30.000,4.000,14,4.000,2.000,20000,0.109,0.000,6.000,14.501,8.310,15040,31180,15038,54,27,46,36,0,0,0,0,1,201.319,7.990,6.993,0.000,0.647,1.313,0.000,5.423,0.140,0.000,0.000,0.000,0.000,0.000,0.000,0.000,0.000,0.000,0.000,0.000,0.000,0.000,0.000,0.010,0,0,0.647,0.666,5.423,0.000,14
Classic CPU ROAM,RelWithDebInfo,D3D12,NVIDIA GeForce RTX 5090 D,Direct3D 12 (feature level 12_0); requested Agility SDK 614; runtime 6.2.26100.8737 (C:\WINDOWS\SYSTEM32\D3D12Core.dll); driver 32.0.15.9186,false,assets/heightmaps/Hm_Terrain_Test_129.pgm,129,129,30.000,4.000,14,4.000,2.000,20000,0.118,0.000,6.000,14.427,8.232,15050,31316,15048,68,34,58,42,0,0,0,0,1,0.000,8.124,7.110,0.000,0.643,1.326,0.000,5.531,0.137,0.000,0.000,0.000,0.000,0.000,0.000,0.000,0.000,0.000,0.000,0.000,0.000,0.000,0.000,0.010,0,0,0.643,0.683,5.531,0.000,14
Classic CPU ROAM,RelWithDebInfo,D3D12,NVIDIA GeForce RTX 5090 D,Direct3D 12 (feature level 12_0); requested Agility SDK 614; runtime 6.2.26100.8737 (C:\WINDOWS\SYSTEM32\D3D12Core.dll); driver 32.0.15.9186,false,assets/heightmaps/Hm_Terrain_Test_129.pgm,129,129,30.000,4.000,14,4.000,2.000,20000,0.126,0.000,6.000,14.346,8.442,15038,31432,15036,58,28,70,46,0,0,0,0,1,202.137,7.925,6.949,0.000,0.648,1.333,0.000,5.363,0.131,0.000,0.000,0.000,0.000,0.000,0.000,0.000,0.000,0.000,0.000,0.000,0.000,0.000,0.000,0.010,0,0,0.648,0.685,5.363,0.000,14
Classic CPU ROAM,RelWithDebInfo,D3D12,NVIDIA GeForce RTX 5090 D,Direct3D 12 (feature level 12_0); requested Agility SDK 614; runtime 6.2.26100.8737 (C:\WINDOWS\SYSTEM32\D3D12Core.dll); driver 32.0.15.9186,false,assets/heightmaps/Hm_Terrain_Test_129.pgm,129,129,30.000,4.000,14,4.000,2.000,20000,0.134,0.000,6.000,14.262,8.188,14954,31544,14952,56,28,140,82,0,0,0,0,1,0.000,8.537,7.498,0.000,0.637,1.337,0.000,5.905,0.136,0.000,0.000,0.000,0.000,0.000,0.000,0.000,0.000,0.000,0.000,0.000,0.000,0.000,0.000,0.010,0,0,0.637,0.700,5.905,0.000,14
Classic CPU ROAM,RelWithDebInfo,D3D12,NVIDIA GeForce RTX 5090 D,Direct3D 12 (feature level 12_0); requested Agility SDK 614; runtime 6.2.26100.8737 (C:\WINDOWS\SYSTEM32\D3D12Core.dll); driver 32.0.15.9186,false,assets/heightmaps/Hm_Terrain_Test_129.pgm,129,129,30.000,4.000,14,4.000,2.000,20000,0.143,0.000,6.000,14.167,8.844,14934,31672,14932,64,32,84,48,0,0,0,0,1,202.688,7.904,6.957,0.000,0.641,1.321,0.000,5.385,0.131,0.000,0.000,0.000,0.000,0.000,0.000,0.000,0.000,0.000,0.000,0.000,0.000,0.000,0.000,0.010,0,0,0.641,0.679,5.385,0.000,14
Classic CPU ROAM,RelWithDebInfo,D3D12,NVIDIA GeForce RTX 5090 D,Direct3D 12 (feature level 12_0); requested Agility SDK 614; runtime 6.2.26100.8737 (C:\WINDOWS\SYSTEM32\D3D12Core.dll); driver 32.0.15.9186,false,assets/heightmaps/Hm_Terrain_Test_129.pgm,129,129,30.000,4.000,14,4.000,2.000,20000,0.151,0.000,6.000,14.075,8.156,14942,31816,14940,72,36,64,53,0,0,0,0,1,0.000,8.090,7.094,0.000,0.689,1.364,0.000,5.468,0.138,0.000,0.000,0.000,0.000,0.000,0.000,0.000,0.000,0.000,0.000,0.000,0.000,0.000,0.000,0.010,0,0,0.689,0.674,5.468,0.000,14
Classic CPU ROAM,RelWithDebInfo,D3D12,NVIDIA GeForce RTX 5090 D,Direct3D 12 (feature level 12_0); requested Agility SDK 614; runtime 6.2.26100.8737 (C:\WINDOWS\SYSTEM32\D3D12Core.dll); driver 32.0.15.9186,false,assets/heightmaps/Hm_Terrain_Test_129.pgm,129,129,30.000,4.000,14,4.000,2.000,20000,0.160,0.000,6.000,13.976,8.395,15008,32008,15006,96,48,30,65,0,0,0,0,1,200.779,7.984,7.006,0.000,0.647,1.316,0.000,5.427,0.134,0.000,0.000,0.000,0.000,0.000,0.000,0.000,0.000,0.000,0.000,0.000,0.000,0.000,0.000,0.010,0,0,0.647,0.669,5.427,0.000,14
Classic CPU ROAM,RelWithDebInfo,D3D12,NVIDIA GeForce RTX 5090 D,Direct3D 12 (feature level 12_0); requested Agility SDK 614; runtime 6.2.26100.8737 (C:\WINDOWS\SYSTEM32\D3D12Core.dll); driver 32.0.15.9186,false,assets/heightmaps/Hm_Terrain_Test_129.pgm,129,129,30.000,4.000,14,4.000,2.000,20000,0.168,0.000,6.000,13.874,8.266,14950,32180,14948,86,42,144,72,0,0,0,0,1,0.000,8.002,7.021,0.000,0.648,1.359,0.000,5.407,0.137,0.000,0.000,0.000,0.000,0.000,0.000,0.000,0.000,0.000,0.000,0.000,0.000,0.000,0.000,0.010,0,0,0.648,0.711,5.407,0.000,14
Classic CPU ROAM,RelWithDebInfo,D3D12,NVIDIA GeForce RTX 5090 D,Direct3D 12 (feature level 12_0); requested Agility SDK 614; runtime 6.2.26100.8737 (C:\WINDOWS\SYSTEM32\D3D12Core.dll); driver 32.0.15.9186,false,assets/heightmaps/Hm_Terrain_Test_129.pgm,129,129,30.000,4.000,14,4.000,2.000,20000,0.176,0.000,6.000,13.768,8.258,14752,32304,14750,62,31,260,98,0,0,0,0,1,203.862,7.863,6.888,0.000,0.636,1.369,0.000,5.274,0.136,0.000,0.000,0.000,0.000,0.000,0.000,0.000,0.000,0.000,0.000,0.000,0.000,0.000,0.000,0.010,0,0,0.636,0.733,5.274,0.000,14
Classic CPU ROAM,RelWithDebInfo,D3D12,NVIDIA GeForce RTX 5090 D,Direct3D 12 (feature level 12_0); requested Agility SDK 614; runtime 6.2.26100.8737 (C:\WINDOWS\SYSTEM32\D3D12Core.dll); driver 32.0.15.9186,false,assets/heightmaps/Hm_Terrain_Test_129.pgm,129,129,30.000,4.000,14,4.000,2.000,20000,0.184,0.000,6.000,13.661,8.104,14701,32476,14699,86,43,137,55,0,0,0,0,1,0.000,7.983,7.000,0.000,0.637,1.325,0.000,5.427,0.135,0.000,0.000,0.000,0.000,0.000,0.000,0.000,0.000,0.000,0.000,0.000,0.000,0.000,0.000,0.010,0,0,0.637,0.688,5.427,0.000,14
Classic CPU ROAM,RelWithDebInfo,D3D12,NVIDIA GeForce RTX 5090 D,Direct3D 12 (feature level 12_0); requested Agility SDK 614; runtime 6.2.26100.8737 (C:\WINDOWS\SYSTEM32\D3D12Core.dll); driver 32.0.15.9186,false,assets/heightmaps/Hm_Terrain_Test_129.pgm,129,129,30.000,4.000,14,4.000,2.000,20000,0.192,0.000,6.000,13.547,8.298,14731,32676,14729,100,50,70,71,0,0,0,0,1,207.923,7.701,6.759,0.000,0.630,1.295,0.000,5.219,0.128,0.000,0.000,0.000,0.000,0.000,0.000,0.000,0.000,0.000,0.000,0.000,0.000,0.000,0.000,0.010,0,0,0.630,0.665,5.219,0.000,14
Classic CPU ROAM,RelWithDebInfo,D3D12,NVIDIA GeForce RTX 5090 D,Direct3D 12 (feature level 12_0); requested Agility SDK 614; runtime 6.2.26100.8737 (C:\WINDOWS\SYSTEM32\D3D12Core.dll); driver 32.0.15.9186,false,assets/heightmaps/Hm_Terrain_Test_129.pgm,129,129,30.000,4.000,14,4.000,2.000,20000,0.200,0.000,6.000,13.434,7.948,14709,32828,14707,76,37,98,57,0,0,0,0,1,0.000,8.033,7.020,0.000,0.627,1.312,0.000,5.457,0.130,0.000,0.000,0.000,0.000,0.000,0.000,0.000,0.000,0.000,0.000,0.000,0.000,0.000,0.000,0.010,0,0,0.627,0.685,5.457,0.000,14
Classic CPU ROAM,RelWithDebInfo,D3D12,NVIDIA GeForce RTX 5090 D,Direct3D 12 (feature level 12_0); requested Agility SDK 614; runtime 6.2.26100.8737 (C:\WINDOWS\SYSTEM32\D3D12Core.dll); driver 32.0.15.9186,false,assets/heightmaps/Hm_Terrain_Test_129.pgm,129,129,30.000,4.000,14,4.000,2.000,20000,0.209,0.000,6.000,13.311,8.344,14596,33016,14594,94,47,207,125,0,0,0,0,1,192.949,8.295,7.327,0.000,0.627,1.333,0.000,5.750,0.128,0.000,0.000,0.000,0.000,0.000,0.000,0.000,0.000,0.000,0.000,0.000,0.000,0.000,0.000,0.010,0,0,0.627,0.706,5.750,0.000,14
Classic CPU ROAM,RelWithDebInfo,D3D12,NVIDIA GeForce RTX 5090 D,Direct3D 12 (feature level 12_0); requested Agility SDK 614; runtime 6.2.26100.8737 (C:\WINDOWS\SYSTEM32\D3D12Core.dll); driver 32.0.15.9186,false,assets/heightmaps/Hm_Terrain_Test_129.pgm,129,129,30.000,4.000,14,4.000,2.000,20000,0.217,0.000,6.000,13.182,8.557,14648,33252,14646,118,59,66,80,0,0,0,0,1,199.443,8.028,7.061,0.000,0.631,1.338,0.000,5.475,0.133,0.000,0.000,0.000,0.000,0.000,0.000,0.000,0.000,0.000,0.000,0.000,0.000,0.000,0.000,0.010,0,0,0.631,0.707,5.475,0.000,14
Classic CPU ROAM,RelWithDebInfo,D3D12,NVIDIA GeForce RTX 5090 D,Direct3D 12 (feature level 12_0); requested Agility SDK 614; runtime 6.2.26100.8737 (C:\WINDOWS\SYSTEM32\D3D12Core.dll); driver 32.0.15.9186,false,assets/heightmaps/Hm_Terrain_Test_129.pgm,129,129,30.000,4.000,14,4.000,2.000,20000,0.226,0.000,6.000,13.053,8.309,14678,33460,14676,104,52,74,71,0,0,0,0,1,0.000,7.914,6.943,0.000,0.626,1.306,0.000,5.393,0.133,0.000,0.000,0.000,0.000,0.000,0.000,0.000,0.000,0.000,0.000,0.000,0.000,0.000,0.000,0.010,0,0,0.626,0.680,5.393,0.000,14
Classic CPU ROAM,RelWithDebInfo,D3D12,NVIDIA GeForce RTX 5090 D,Direct3D 12 (feature level 12_0); requested Agility SDK 614; runtime 6.2.26100.8737 (C:\WINDOWS\SYSTEM32\D3D12Core.dll); driver 32.0.15.9186,false,assets/heightmaps/Hm_Terrain_Test_129.pgm,129,129,30.000,4.000,14,4.000,2.000,20000,0.234,0.000,6.000,12.923,8.158,14599,33664,14597,102,50,181,86,0,0,0,0,1,201.850,7.940,6.971,0.000,0.671,1.433,0.000,5.293,0.138,0.000,0.000,0.000,0.000,0.000,0.000,0.000,0.000,0.000,0.000,0.000,0.000,0.000,0.000,0.010,0,0,0.671,0.761,5.293,0.000,14
Classic CPU ROAM,RelWithDebInfo,D3D12,NVIDIA GeForce RTX 5090 D,Direct3D 12 (feature level 12_0); requested Agility SDK 614; runtime 6.2.26100.8737 (C:\WINDOWS\SYSTEM32\D3D12Core.dll); driver 32.0.15.9186,false,assets/heightmaps/Hm_Terrain_Test_129.pgm,129,129,30.000,4.000,14,4.000,2.000,20000,0.242,0.000,6.000,12.789,8.231,14468,33860,14466,98,49,229,102,0,0,0,0,1,0.000,7.762,6.790,0.000,0.622,1.336,0.000,5.208,0.136,0.000,0.000,0.000,0.000,0.000,0.000,0.000,0.000,0.000,0.000,0.000,0.000,0.000,0.000,0.009,0,0,0.622,0.714,5.208,0.000,14
Classic CPU ROAM,RelWithDebInfo,D3D12,NVIDIA GeForce RTX 5090 D,Direct3D 12 (feature level 12_0); requested Agility SDK 614; runtime 6.2.26100.8737 (C:\WINDOWS\SYSTEM32\D3D12Core.dll); driver 32.0.15.9186,false,assets/heightmaps/Hm_Terrain_Test_129.pgm,129,129,30.000,4.000,14,4.000,2.000,20000,0.250,0.000,6.000,12.655,8.039,14490,34112,14488,126,63,104,91,0,0,0,0,1,200.947,7.968,7.020,0.000,0.623,1.323,0.000,5.442,0.132,0.000,0.000,0.000,0.000,0.000,0.000,0.000,0.000,0.000,0.000,0.000,0.000,0.000,0.000,0.010,0,0,0.623,0.699,5.442,0.000,14
Classic CPU ROAM,RelWithDebInfo,D3D12,NVIDIA GeForce RTX 5090 D,Direct3D 12 (feature level 12_0); requested Agility SDK 614; runtime 6.2.26100.8737 (C:\WINDOWS\SYSTEM32\D3D12Core.dll); driver 32.0.15.9186,false,assets/heightmaps/Hm_Terrain_Test_129.pgm,129,129,30.000,4.000,14,4.000,2.000,20000,0.258,0.000,6.000,12.514,8.247,14481,34348,14479,118,58,127,79,0,0,0,0,1,0.000,7.827,6.859,0.000,0.615,1.302,0.000,5.312,0.142,0.000,0.000,0.000,0.000,0.000,0.000,0.000,0.000,0.000,0.000,0.000,0.000,0.000,0.000,0.009,0,0,0.615,0.687,5.312,0.000,14
Classic CPU ROAM,RelWithDebInfo,D3D12,NVIDIA GeForce RTX 5090 D,Direct3D 12 (feature level 12_0); requested Agility SDK 614; runtime 6.2.26100.8737 (C:\WINDOWS\SYSTEM32\D3D12Core.dll); driver 32.0.15.9186,false,assets/heightmaps/Hm_Terrain_Test_129.pgm,129,129,30.000,4.000,14,4.000,2.000,20000,0.267,0.000,6.000,12.372,8.183,14392,34540,14390,96,48,185,109,0,0,0,0,1,204.591,7.818,6.883,0.000,0.615,1.320,0.000,5.254,0.119,0.000,0.000,0.000,0.000,0.000,0.000,0.000,0.000,0.000,0.000,0.000,0.000,0.000,0.000,0.010,0,0,0.615,0.705,5.254,0.000,14
Classic CPU ROAM,RelWithDebInfo,D3D12,NVIDIA GeForce RTX 5090 D,Direct3D 12 (feature level 12_0); requested Agility SDK 614; runtime 6.2.26100.8737 (C:\WINDOWS\SYSTEM32\D3D12Core.dll); driver 32.0.15.9186,false,assets/heightmaps/Hm_Terrain_Test_129.pgm,129,129,30.000,4.000,14,4.000,2.000,20000,0.275,0.000,6.000,12.227,8.128,14406,34776,14404,118,59,104,79,0,0,0,0,1,0.000,7.843,6.893,0.000,0.610,1.270,0.000,5.358,0.130,0.000,0.000,0.000,0.000,0.000,0.000,0.000,0.000,0.000,0.000,0.000,0.000,0.000,0.000,0.009,0,0,0.610,0.660,5.358,0.000,14
Classic CPU ROAM,RelWithDebInfo,D3D12,NVIDIA GeForce RTX 5090 D,Direct3D 12 (feature level 12_0); requested Agility SDK 614; runtime 6.2.26100.8737 (C:\WINDOWS\SYSTEM32\D3D12Core.dll); driver 32.0.15.9186,false,assets/heightmaps/Hm_Terrain_Test_129.pgm,129,129,30.000,4.000,14,4.000,2.000,20000,0.283,0.000,6.000,12.081,8.063,14397,35040,14395,132,66,141,88,0,0,0,0,1,194.037,8.232,7.317,0.000,0.615,1.292,0.000,5.749,0.123,0.000,0.000,0.000,0.000,0.000,0.000,0.000,0.000,0.000,0.000,0.000,0.000,0.000,0.000,0.009,0,0,0.615,0.677,5.749,0.000,14
Classic CPU ROAM,RelWithDebInfo,D3D12,NVIDIA GeForce RTX 5090 D,Direct3D 12 (feature level 12_0); requested Agility SDK 614; runtime 6.2.26100.8737 (C:\WINDOWS\SYSTEM32\D3D12Core.dll); driver 32.0.15.9186,false,assets/heightmaps/Hm_Terrain_Test_129.pgm,129,129,30.000,4.000,14,4.000,2.000,20000,0.291,0.000,6.000,11.925,8.470,14255,35308,14253,134,66,276,118,0,0,0,0,1,0.000,7.711,6.803,0.000,0.606,1.319,0.000,5.226,0.116,0.000,0.000,0.000,0.000,0.000,0.000,0.000,0.000,0.000,0.000,0.000,0.000,0.000,0.000,0.010,0,0,0.606,0.713,5.226,0.000,14
Classic CPU ROAM,RelWithDebInfo,D3D12,NVIDIA GeForce RTX 5090 D,Direct3D 12 (feature level 12_0); requested Agility SDK 614; runtime 6.2.26100.8737 (C:\WINDOWS\SYSTEM32\D3D12Core.dll); driver 32.0.15.9186,false,assets/heightmaps/Hm_Terrain_Test_129.pgm,129,129,30.000,4.000,14,4.000,2.000,20000,0.299,0.000,6.000,11.776,7.961,14198,35560,14196,126,63,183,86,0,0,0,0,1,207.275,7.715,6.799,0.000,0.637,1.314,0.000,5.228,0.122,0.000,0.000,0.000,0.000,0.000,0.000,0.000,0.000,0.000,0.000,0.000,0.000,0.000,0.000,0.010,0,0,0.637,0.677,5.228,0.000,14
Classic CPU ROAM,RelWithDebInfo,D3D12,NVIDIA GeForce RTX 5090 D,Direct3D 12 (feature level 12_0); requested Agility SDK 614; runtime 6.2.26100.8737 (C:\WINDOWS\SYSTEM32\D3D12Core.dll); driver 32.0.15.9186,false,assets/heightmaps/Hm_Terrain_Test_129.pgm,129,129,30.000,4.000,14,4.000,2.000,20000,0.307,0.000,6.000,11.626,7.926,14220,35864,14218,152,76,130,101,0,0,0,0,1,0.000,7.694,6.789,0.000,0.602,1.266,0.000,5.268,0.117,0.000,0.000,0.000,0.000,0.000,0.000,0.000,0.000,0.000,0.000,0.000,0.000,0.000,0.000,0.010,0,0,0.602,0.664,5.268,0.000,14
Classic CPU ROAM,RelWithDebInfo,D3D12,NVIDIA GeForce RTX 5090 D,Direct3D 12 (feature level 12_0); requested Agility SDK 614; runtime 6.2.26100.8737 (C:\WINDOWS\SYSTEM32\D3D12Core.dll); driver 32.0.15.9186,false,assets/heightmaps/Hm_Terrain_Test_129.pgm,129,129,30.000,4.000,14,4.000,2.000,20000,0.315,0.000,6.000,11.473,7.918,14172,36144,14170,140,69,188,120,0,0,0,0,1,206.839,7.727,6.846,0.000,0.595,1.281,0.000,5.306,0.118,0.000,0.000,0.000,0.000,0.000,0.000,0.000,0.000,0.000,0.000,0.000,0.000,0.000,0.000,0.010,0,0,0.595,0.686,5.306,0.000,14
Classic CPU ROAM,RelWithDebInfo,D3D12,NVIDIA GeForce RTX 5090 D,Direct3D 12 (feature level 12_0); requested Agility SDK 614; runtime 6.2.26100.8737 (C:\WINDOWS\SYSTEM32\D3D12Core.dll); driver 32.0.15.9186,false,assets/heightmaps/Hm_Terrain_Test_129.pgm,129,129,30.000,4.000,14,4.000,2.000,20000,0.323,0.000,6.000,11.318,7.931,14141,36400,14139,128,64,159,84,0,0,0,0,1,0.000,7.662,6.773,0.000,0.590,1.261,0.000,5.268,0.116,0.000,0.000,0.000,0.000,0.000,0.000,0.000,0.000,0.000,0.000,0.000,0.000,0.000,0.000,0.009,0,0,0.590,0.671,5.268,0.000,14
Classic CPU ROAM,RelWithDebInfo,D3D12,NVIDIA GeForce RTX 5090 D,Direct3D 12 (feature level 12_0); requested Agility SDK 614; runtime 6.2.26100.8737 (C:\WINDOWS\SYSTEM32\D3D12Core.dll); driver 32.0.15.9186,false,assets/heightmaps/Hm_Terrain_Test_129.pgm,129,129,30.000,4.000,14,4.000,2.000,20000,0.331,0.000,6.000,11.161,7.906,14133,36652,14131,126,63,134,87,0,0,0,0,1,213.719,7.492,6.618,0.000,0.580,1.245,0.000,5.135,0.124,0.000,0.000,0.000,0.000,0.000,0.000,0.000,0.000,0.000,0.000,0.000,0.000,0.000,0.000,0.009,0,0,0.580,0.665,5.135,0.000,14
Classic CPU ROAM,RelWithDebInfo,D3D12,NVIDIA GeForce RTX 5090 D,Direct3D 12 (feature level 12_0); requested Agility SDK 614; runtime 6.2.26100.8737 (C:\WINDOWS\SYSTEM32\D3D12Core.dll); driver 32.0.15.9186,false,assets/heightmaps/Hm_Terrain_Test_129.pgm,129,129,30.000,4.000,14,4.000,2.000,20000,0.339,0.000,6.000,11.007,7.698,13980,36948,13978,148,73,301,126,0,0,0,0,1,0.000,7.343,6.483,0.000,0.581,1.288,0.000,4.962,0.118,0.000,0.000,0.000,0.000,0.000,0.000,0.000,0.000,0.000,0.000,0.000,0.000,0.000,0.000,0.009,0,0,0.581,0.707,4.962,0.000,14
Classic CPU ROAM,RelWithDebInfo,D3D12,NVIDIA GeForce RTX 5090 D,Direct3D 12 (feature level 12_0); requested Agility SDK 614; runtime 6.2.26100.8737 (C:\WINDOWS\SYSTEM32\D3D12Core.dll); driver 32.0.15.9186,false,assets/heightmaps/Hm_Terrain_Test_129.pgm,129,129,30.000,4.000,14,4.000,2.000,20000,0.346,0.000,6.000,10.854,7.541,13956,37144,13954,98,49,122,63,0,0,0,0,1,227.141,7.047,6.202,0.000,0.564,1.215,0.000,4.757,0.113,0.000,0.000,0.000,0.000,0.000,0.000,0.000,0.000,0.000,0.000,0.000,0.000,0.000,0.000,0.009,0,0,0.564,0.651,4.757,0.000,14
Classic CPU ROAM,RelWithDebInfo,D3D12,NVIDIA GeForce RTX 5090 D,Direct3D 12 (feature level 12_0); requested Agility SDK 614; runtime 6.2.26100.8737 (C:\WINDOWS\SYSTEM32\D3D12Core.dll); driver 32.0.15.9186,false,assets/heightmaps/Hm_Terrain_Test_129.pgm,129,129,30.000,4.000,14,4.000,2.000,20000,0.353,0.000,6.000,10.706,7.270,13964,37384,13962,120,60,112,83,0,0,0,0,1,0.000,7.481,6.563,0.000,0.576,1.236,0.000,5.084,0.114,0.000,0.000,0.000,0.000,0.000,0.000,0.000,0.000,0.000,0.000,0.000,0.000,0.000,0.000,0.010,0,0,0.576,0.660,5.084,0.000,14
Classic CPU ROAM,RelWithDebInfo,D3D12,NVIDIA GeForce RTX 5090 D,Direct3D 12 (feature level 12_0); requested Agility SDK 614; runtime 6.2.26100.8737 (C:\WINDOWS\SYSTEM32\D3D12Core.dll); driver 32.0.15.9186,false,assets/heightmaps/Hm_Terrain_Test_129.pgm,129,129,30.000,4.000,14,4.000,2.000,20000,0.361,0.000,6.000,10.547,7.694,13920,37684,13918,150,74,194,114,0,0,0,0,1,199.113,8.024,7.094,0.000,0.577,1.258,0.000,5.599,0.119,0.000,0.000,0.000,0.000,0.000,0.000,0.000,0.000,0.000,0.000,0.000,0.000,0.000,0.000,0.009,0,0,0.577,0.681,5.599,0.000,14
Classic CPU ROAM,RelWithDebInfo,D3D12,NVIDIA GeForce RTX 5090 D,Direct3D 12 (feature level 12_0); requested Agility SDK 614; runtime 6.2.26100.8737 (C:\WINDOWS\SYSTEM32\D3D12Core.dll); driver 32.0.15.9186,false,assets/heightmaps/Hm_Terrain_Test_129.pgm,129,129,30.000,4.000,14,4.000,2.000,20000,0.369,0.000,6.000,10.374,8.251,13844,37916,13842,116,58,192,96,0,0,0,0,1,0.000,7.553,6.620,0.000,0.565,1.273,0.000,5.112,0.123,0.000,0.000,0.000,0.000,0.000,0.000,0.000,0.000,0.000,0.000,0.000,0.000,0.000,0.000,0.009,0,0,0.565,0.708,5.112,0.000,14
Classic CPU ROAM,RelWithDebInfo,D3D12,NVIDIA GeForce RTX 5090 D,Direct3D 12 (feature level 12_0); requested Agility SDK 614; runtime 6.2.26100.8737 (C:\WINDOWS\SYSTEM32\D3D12Core.dll); driver 32.0.15.9186,false,assets/heightmaps/Hm_Terrain_Test_129.pgm,129,129,30.000,4.000,14,4.000,2.000,20000,0.377,0.000,6.000,10.209,7.849,13802,38164,13800,124,62,166,84,0,0,0,0,1,217.373,7.374,6.465,0.000,0.559,1.230,0.000,5.003,0.128,0.000,0.000,0.000,0.000,0.000,0.000,0.000,0.000,0.000,0.000,0.000,0.000,0.000,0.000,0.009,0,0,0.559,0.670,5.003,0.000,14
Classic CPU ROAM,RelWithDebInfo,D3D12,NVIDIA GeForce RTX 5090 D,Direct3D 12 (feature level 12_0); requested Agility SDK 614; runtime 6.2.26100.8737 (C:\WINDOWS\SYSTEM32\D3D12Core.dll); driver 32.0.15.9186,false,assets/heightmaps/Hm_Terrain_Test_129.pgm,129,129,30.000,4.000,14,4.000,2.000,20000,0.385,0.000,6.000,10.047,7.625,13698,38400,13696,118,58,222,100,0,0,0,0,1,0.000,7.289,6.235,0.000,0.552,1.232,0.000,4.763,0.118,0.000,0.000,0.000,0.000,0.000,0.000,0.000,0.000,0.000,0.000,0.000,0.000,0.000,0.000,0.009,0,0,0.552,0.680,4.763,0.000,14
Classic CPU ROAM,RelWithDebInfo,D3D12,NVIDIA GeForce RTX 5090 D,Direct3D 12 (feature level 12_0); requested Agility SDK 614; runtime 6.2.26100.8737 (C:\WINDOWS\SYSTEM32\D3D12Core.dll); driver 32.0.15.9186,false,assets/heightmaps/Hm_Terrain_Test_129.pgm,129,129,30.000,4.000,14,4.000,2.000,20000,0.392,0.000,6.000,9.886,7.569,13634,38636,13632,118,59,182,78,0,0,0,0,1,239.453,6.671,5.833,0.000,0.548,1.261,0.000,4.350,0.087,0.000,0.000,0.000,0.000,0.000,0.000,0.000,0.000,0.000,0.000,0.000,0.000,0.000,0.000,0.009,0,0,0.548,0.713,4.350,0.000,14
Classic CPU ROAM,RelWithDebInfo,D3D12,NVIDIA GeForce RTX 5090 D,Direct3D 12 (feature level 12_0); requested Agility SDK 614; runtime 6.2.26100.8737 (C:\WINDOWS\SYSTEM32\D3D12Core.dll); driver 32.0.15.9186,false,assets/heightmaps/Hm_Terrain_Test_129.pgm,129,129,30.000,4.000,14,4.000,2.000,20000,0.399,0.000,6.000,9.735,6.990,13614,38896,13612,130,65,150,95,0,0,0,0,1,0.000,7.167,6.254,0.000,0.567,1.343,0.000,4.582,0.105,0.000,0.000,0.000,0.000,0.000,0.000,0.000,0.000,0.000,0.000,0.000,0.000,0.000,0.000,0.009,0,0,0.567,0.776,4.582,0.000,14
Classic CPU ROAM,RelWithDebInfo,D3D12,NVIDIA GeForce RTX 5090 D,Direct3D 12 (feature level 12_0); requested Agility SDK 614; runtime 6.2.26100.8737 (C:\WINDOWS\SYSTEM32\D3D12Core.dll); driver 32.0.15.9186,false,assets/heightmaps/Hm_Terrain_Test_129.pgm,129,129,30.000,4.000,14,4.000,2.000,20000,0.407,0.000,6.000,9.573,7.489,13528,39068,13526,86,42,172,104,0,0,0,0,1,229.739,6.951,6.111,0.000,0.528,1.187,0.000,4.700,0.091,0.000,0.000,0.000,0.000,0.000,0.000,0.000,0.000,0.000,0.000,0.000,0.000,0.000,0.000,0.009,0,0,0.528,0.659,4.700,0.000,14
Classic CPU ROAM,RelWithDebInfo,D3D12,NVIDIA GeForce RTX 5090 D,Direct3D 12 (feature level 12_0); requested Agility SDK 614; runtime 6.2.26100.8737 (C:\WINDOWS\SYSTEM32\D3D12Core.dll); driver 32.0.15.9186,false,assets/heightmaps/Hm_Terrain_Test_129.pgm,129,129,30.000,4.000,14,4.000,2.000,20000,0.414,0.000,6.000,9.416,7.213,13518,39316,13516,124,62,134,76,0,0,0,0,1,0.000,6.564,5.749,0.000,0.541,1.178,0.000,4.352,0.086,0.000,0.000,0.000,0.000,0.000,0.000,0.000,0.000,0.000,0.000,0.000,0.000,0.000,0.000,0.009,0,0,0.541,0.637,4.352,0.000,14
Classic CPU ROAM,RelWithDebInfo,D3D12,NVIDIA GeForce RTX 5090 D,Direct3D 12 (feature level 12_0); requested Agility SDK 614; runtime 6.2.26100.8737 (C:\WINDOWS\SYSTEM32\D3D12Core.dll); driver 32.0.15.9186,false,assets/heightmaps/Hm_Terrain_Test_129.pgm,129,129,30.000,4.000,14,4.000,2.000,20000,0.421,0.000,6.000,9.268,6.774,13512,39564,13510,124,62,130,93,0,0,0,0,1,0.000,6.684,5.843,0.000,0.530,1.218,0.000,4.403,0.087,0.000,0.000,0.000,0.000,0.000,0.000,0.000,0.000,0.000,0.000,0.000,0.000,0.000,0.000,0.009,0,0,0.530,0.688,4.403,0.000,14
Classic CPU ROAM,RelWithDebInfo,D3D12,NVIDIA GeForce RTX 5090 D,Direct3D 12 (feature level 12_0); requested Agility SDK 614; runtime 6.2.26100.8737 (C:\WINDOWS\SYSTEM32\D3D12Core.dll); driver 32.0.15.9186,false,assets/heightmaps/Hm_Terrain_Test_129.pgm,129,129,30.000,4.000,14,4.000,2.000,20000,0.428,0.000,6.000,9.115,6.942,13382,39780,13380,108,53,238,110,0,0,0,0,1,244.194,6.551,5.718,0.000,0.526,1.200,0.000,4.297,0.091,0.000,0.000,0.000,0.000,0.000,0.000,0.000,0.000,0.000,0.000,0.000,0.000,0.000,0.000,0.009,0,0,0.526,0.674,4.297,0.000,14
Classic CPU ROAM,RelWithDebInfo,D3D12,NVIDIA GeForce RTX 5090 D,Direct3D 12 (feature level 12_0); requested Agility SDK 614; runtime 6.2.26100.8737 (C:\WINDOWS\SYSTEM32\D3D12Core.dll); driver 32.0.15.9186,false,assets/heightmaps/Hm_Terrain_Test_129.pgm,129,129,30.000,4.000,14,4.000,2.000,20000,0.434,0.000,6.000,8.965,6.776,13342,39996,13340,108,54,148,82,0,0,0,0,1,0.000,6.514,5.665,0.000,0.524,1.168,0.000,4.275,0.092,0.000,0.000,0.000,0.000,0.000,0.000,0.000,0.000,0.000,0.000,0.000,0.000,0.000,0.000,0.009,0,0,0.524,0.643,4.275,0.000,14
Classic CPU ROAM,RelWithDebInfo,D3D12,NVIDIA GeForce RTX 5090 D,Direct3D 12 (feature level 12_0); requested Agility SDK 614; runtime 6.2.26100.8737 (C:\WINDOWS\SYSTEM32\D3D12Core.dll); driver 32.0.15.9186,false,assets/heightmaps/Hm_Terrain_Test_129.pgm,129,129,30.000,4.000,14,4.000,2.000,20000,0.441,0.000,6.000,8.816,6.759,13362,40236,13360,120,60,100,80,0,0,0,0,1,245.962,6.499,5.679,0.000,0.535,1.158,0.000,4.301,0.089,0.000,0.000,0.000,0.000,0.000,0.000,0.000,0.000,0.000,0.000,0.000,0.000,0.000,0.000,0.009,0,0,0.535,0.623,4.301,0.000,14
Classic CPU ROAM,RelWithDebInfo,D3D12,NVIDIA GeForce RTX 5090 D,Direct3D 12 (feature level 12_0); requested Agility SDK 614; runtime 6.2.26100.8737 (C:\WINDOWS\SYSTEM32\D3D12Core.dll); driver 32.0.15.9186,false,assets/heightmaps/Hm_Terrain_Test_129.pgm,129,129,30.000,4.000,14,4.000,2.000,20000,0.448,0.000,6.000,8.667,6.712,13316,40456,13314,110,54,156,90,0,0,0,0,1,0.000,6.736,5.880,0.000,0.526,1.170,0.000,4.486,0.088,0.000,0.000,0.000,0.000,0.000,0.000,0.000,0.000,0.000,0.000,0.000,0.000,0.000,0.000,0.009,0,0,0.526,0.643,4.486,0.000,14
Classic CPU ROAM,RelWithDebInfo,D3D12,NVIDIA GeForce RTX 5090 D,Direct3D 12 (feature level 12_0); requested Agility SDK 614; runtime 6.2.26100.8737 (C:\WINDOWS\SYSTEM32\D3D12Core.dll); driver 32.0.15.9186,false,assets/heightmaps/Hm_Terrain_Test_129.pgm,129,129,30.000,4.000,14,4.000,2.000,20000,0.455,0.000,6.000,8.512,6.955,13232,40688,13230,116,58,200,104,0,0,0,0,1,241.596,6.617,5.800,0.000,0.517,1.166,0.000,4.412,0.089,0.000,0.000,0.000,0.000,0.000,0.000,0.000,0.000,0.000,0.000,0.000,0.000,0.000,0.000,0.009,0,0,0.517,0.649,4.412,0.000,14
Classic CPU ROAM,RelWithDebInfo,D3D12,NVIDIA GeForce RTX 5090 D,Direct3D 12 (feature level 12_0); requested Agility SDK 614; runtime 6.2.26100.8737 (C:\WINDOWS\SYSTEM32\D3D12Core.dll); driver 32.0.15.9186,false,assets/heightmaps/Hm_Terrain_Test_129.pgm,129,129,30.000,4.000,14,4.000,2.000,20000,0.462,0.000,6.000,8.359,6.819,13288,40948,13286,130,65,74,86,0,0,0,0,1,0.000,6.368,5.567,0.000,0.523,1.134,0.000,4.213,0.090,0.000,0.000,0.000,0.000,0.000,0.000,0.000,0.000,0.000,0.000,0.000,0.000,0.000,0.000,0.009,0,0,0.523,0.611,4.213,0.000,14
Classic CPU ROAM,RelWithDebInfo,D3D12,NVIDIA GeForce RTX 5090 D,Direct3D 12 (feature level 12_0); requested Agility SDK 614; runtime 6.2.26100.8737 (C:\WINDOWS\SYSTEM32\D3D12Core.dll); driver 32.0.15.9186,false,assets/heightmaps/Hm_Terrain_Test_129.pgm,129,129,30.000,4.000,14,4.000,2.000,20000,0.468,0.000,6.000,8.212,6.582,13246,41204,13244,128,63,170,92,0,0,0,0,1,241.030,6.633,5.787,0.000,0.534,1.185,0.000,4.382,0.090,0.000,0.000,0.000,0.000,0.000,0.000,0.000,0.000,0.000,0.000,0.000,0.000,0.000,0.000,0.009,0,0,0.534,0.652,4.382,0.000,14
Classic CPU ROAM,RelWithDebInfo,D3D12,NVIDIA GeForce RTX 5090 D,Direct3D 12 (feature level 12_0); requested Agility SDK 614; runtime 6.2.26100.8737 (C:\WINDOWS\SYSTEM32\D3D12Core.dll); driver 32.0.15.9186,false,assets/heightmaps/Hm_Terrain_Test_129.pgm,129,129,30.000,4.000,14,4.000,2.000,20000,0.475,0.000,6.000,8.058,6.867,13100,41448,13098,122,61,268,106,0,0,0,0,1,0.000,6.470,5.660,0.000,0.506,1.197,0.000,4.247,0.089,0.000,0.000,0.000,0.000,0.000,0.000,0.000,0.000,0.000,0.000,0.000,0.000,0.000,0.000,0.009,0,0,0.506,0.691,4.247,0.000,14
Classic CPU ROAM,RelWithDebInfo,D3D12,NVIDIA GeForce RTX 5090 D,Direct3D 12 (feature level 12_0); requested Agility SDK 614; runtime 6.2.26100.8737 (C:\WINDOWS\SYSTEM32\D3D12Core.dll); driver 32.0.15.9186,false,assets/heightmaps/Hm_Terrain_Test_129.pgm,129,129,30.000,4.000,14,4.000,2.000,20000,0.482,0.000,6.000,7.908,6.684,13120,41676,13118,114,57,94,78,0,0,0,0,1,0.000,6.572,5.726,0.000,0.499,1.101,0.000,4.407,0.085,0.000,0.000,0.000,0.000,0.000,0.000,0.000,0.000,0.000,0.000,0.000,0.000,0.000,0.000,0.009,0,0,0.499,0.603,4.407,0.000,14
Classic CPU ROAM,RelWithDebInfo,D3D12,NVIDIA GeForce RTX 5090 D,Direct3D 12 (feature level 12_0); requested Agility SDK 614; runtime 6.2.26100.8737 (C:\WINDOWS\SYSTEM32\D3D12Core.dll); driver 32.0.15.9186,false,assets/heightmaps/Hm_Terrain_Test_129.pgm,129,129,30.000,4.000,14,4.000,2.000,20000,0.489,0.000,6.000,7.755,6.788,13138,41936,13136,130,64,112,95,0,0,0,0,1,248.746,6.420,5.619,0.000,0.502,1.133,0.000,4.267,0.084,0.000,0.000,0.000,0.000,0.000,0.000,0.000,0.000,0.000,0.000,0.000,0.000,0.000,0.000,0.009,0,0,0.502,0.630,4.267,0.000,14
Classic CPU ROAM,RelWithDebInfo,D3D12,NVIDIA GeForce RTX 5090 D,Direct3D 12 (feature level 12_0); requested Agility SDK 614; runtime 6.2.26100.8737 (C:\WINDOWS\SYSTEM32\D3D12Core.dll); driver 32.0.15.9186,false,assets/heightmaps/Hm_Terrain_Test_129.pgm,129,129,30.000,4.000,14,4.000,2.000,20000,0.495,0.000,6.000,7.606,6.631,13092,42180,13090,122,61,168,96,0,0,0,0,1,0.000,6.516,5.687,0.000,0.505,1.144,0.000,4.326,0.085,0.000,0.000,0.000,0.000,0.000,0.000,0.000,0.000,0.000,0.000,0.000,0.000,0.000,0.000,0.009,0,0,0.505,0.639,4.326,0.000,14
Classic CPU ROAM,RelWithDebInfo,D3D12,NVIDIA GeForce RTX 5090 D,Direct3D 12 (feature level 12_0); requested Agility SDK 614; runtime 6.2.26100.8737 (C:\WINDOWS\SYSTEM32\D3D12Core.dll); driver 32.0.15.9186,false,assets/heightmaps/Hm_Terrain_Test_129.pgm,129,129,30.000,4.000,14,4.000,2.000,20000,0.502,0.000,6.000,7.453,6.785,13062,42380,13060,100,50,130,72,0,0,0,0,1,254.695,6.280,5.486,0.000,0.492,1.148,0.000,4.122,0.087,0.000,0.000,0.000,0.000,0.000,0.000,0.000,0.000,0.000,0.000,0.000,0.000,0.000,0.000,0.009,0,0,0.492,0.655,4.122,0.000,14
Classic CPU ROAM,RelWithDebInfo,D3D12,NVIDIA GeForce RTX 5090 D,Direct3D 12 (feature level 12_0); requested Agility SDK 614; runtime 6.2.26100.8737 (C:\WINDOWS\SYSTEM32\D3D12Core.dll); driver 32.0.15.9186,false,assets/heightmaps/Hm_Terrain_Test_129.pgm,129,129,30.000,4.000,14,4.000,2.000,20000,0.509,0.000,6.000,7.307,6.494,13067,42668,13065,144,71,139,97,0,0,0,0,1,0.000,6.650,5.575,0.000,0.503,1.131,0.000,4.231,0.097,0.000,0.000,0.000,0.000,0.000,0.000,0.000,0.000,0.000,0.000,0.000,0.000,0.000,0.000,0.009,0,0,0.503,0.628,4.231,0.000,14
Classic CPU ROAM,RelWithDebInfo,D3D12,NVIDIA GeForce RTX 5090 D,Direct3D 12 (feature level 12_0); requested Agility SDK 614; runtime 6.2.26100.8737 (C:\WINDOWS\SYSTEM32\D3D12Core.dll); driver 32.0.15.9186,false,assets/heightmaps/Hm_Terrain_Test_129.pgm,129,129,30.000,4.000,14,4.000,2.000,20000,0.515,0.000,6.000,7.152,6.886,12992,42908,12990,120,60,195,92,0,0,0,0,1,240.759,6.794,5.842,0.000,0.541,1.184,0.000,4.447,0.095,0.000,0.000,0.000,0.000,0.000,0.000,0.000,0.000,0.000,0.000,0.000,0.000,0.000,0.000,0.009,0,0,0.541,0.643,4.447,0.000,14
Classic CPU ROAM,RelWithDebInfo,D3D12,NVIDIA GeForce RTX 5090 D,Direct3D 12 (feature level 12_0); requested Agility SDK 614; runtime 6.2.26100.8737 (C:\WINDOWS\SYSTEM32\D3D12Core.dll); driver 32.0.15.9186,false,assets/heightmaps/Hm_Terrain_Test_129.pgm,129,129,30.000,4.000,14,4.000,2.000,20000,0.522,0.000,6.000,6.995,7.008,12956,43132,12954,112,56,148,78,0,0,0,0,1,0.000,6.747,5.842,0.000,0.489,1.118,0.000,4.512,0.089,0.000,0.000,0.000,0.000,0.000,0.000,0.000,0.000,0.000,0.000,0.000,0.000,0.000,0.000,0.009,0,0,0.489,0.628,4.512,0.000,14
Classic CPU ROAM,RelWithDebInfo,D3D12,NVIDIA GeForce RTX 5090 D,Direct3D 12 (feature level 12_0); requested Agility SDK 614; runtime 6.2.26100.8737 (C:\WINDOWS\SYSTEM32\D3D12Core.dll); driver 32.0.15.9186,false,assets/heightmaps/Hm_Terrain_Test_129.pgm,129,129,30.000,4.000,14,4.000,2.000,20000,0.529,0.000,6.000,6.839,6.949,12978,43408,12976,138,68,116,96,0,0,0,0,1,0.000,6.805,5.927,0.000,0.524,1.134,0.000,4.576,0.088,0.000,0.000,0.000,0.000,0.000,0.000,0.000,0.000,0.000,0.000,0.000,0.000,0.000,0.000,0.009,0,0,0.524,0.611,4.576,0.000,14
Classic CPU ROAM,RelWithDebInfo,D3D12,NVIDIA GeForce RTX 5090 D,Direct3D 12 (feature level 12_0); requested Agility SDK 614; runtime 6.2.26100.8737 (C:\WINDOWS\SYSTEM32\D3D12Core.dll); driver 32.0.15.9186,false,assets/heightmaps/Hm_Terrain_Test_129.pgm,129,129,30.000,4.000,14,4.000,2.000,20000,0.536,0.000,6.000,6.681,7.072,12938,43692,12936,142,71,182,98,0,0,0,0,1,249.808,6.399,5.615,0.000,0.495,1.143,0.000,4.259,0.088,0.000,0.000,0.000,0.000,0.000,0.000,0.000,0.000,0.000,0.000,0.000,0.000,0.000,0.000,0.009,0,0,0.495,0.648,4.259,0.000,14
Classic CPU ROAM,RelWithDebInfo,D3D12,NVIDIA GeForce RTX 5090 D,Direct3D 12 (feature level 12_0); requested Agility SDK 614; runtime 6.2.26100.8737 (C:\WINDOWS\SYSTEM32\D3D12Core.dll); driver 32.0.15.9186,false,assets/heightmaps/Hm_Terrain_Test_129.pgm,129,129,30.000,4.000,14,4.000,2.000,20000,0.543,0.000,6.000,6.532,6.648,12872,43940,12870,124,62,190,82,0,0,0,0,1,0.000,6.202,5.409,0.000,0.483,1.120,0.000,4.075,0.086,0.000,0.000,0.000,0.000,0.000,0.000,0.000,0.000,0.000,0.000,0.000,0.000,0.000,0.000,0.009,0,0,0.483,0.636,4.075,0.000,14
Classic CPU ROAM,RelWithDebInfo,D3D12,NVIDIA GeForce RTX 5090 D,Direct3D 12 (feature level 12_0); requested Agility SDK 614; runtime 6.2.26100.8737 (C:\WINDOWS\SYSTEM32\D3D12Core.dll); driver 32.0.15.9186,false,assets/heightmaps/Hm_Terrain_Test_129.pgm,129,129,30.000,4.000,14,4.000,2.000,20000,0.550,0.000,6.000,6.389,6.426,12815,44148,12813,104,51,161,72,0,0,0,0,1,258.264,6.197,5.418,0.000,0.473,1.094,0.000,4.113,0.089,0.000,0.000,0.000,0.000,0.000,0.000,0.000,0.000,0.000,0.000,0.000,0.000,0.000,0.000,0.009,0,0,0.473,0.621,4.113,0.000,14
Classic CPU ROAM,RelWithDebInfo,D3D12,NVIDIA GeForce RTX 5090 D,Direct3D 12 (feature level 12_0); requested Agility SDK 614; runtime 6.2.26100.8737 (C:\WINDOWS\SYSTEM32\D3D12Core.dll); driver 32.0.15.9186,false,assets/heightmaps/Hm_Terrain_Test_129.pgm,129,129,30.000,4.000,14,4.000,2.000,20000,0.556,0.000,6.000,6.246,6.393,12729,44408,12727,130,65,216,80,0,0,0,0,1,0.000,6.188,5.387,0.000,0.471,1.105,0.000,4.064,0.088,0.000,0.000,0.000,0.000,0.000,0.000,0.000,0.000,0.000,0.000,0.000,0.000,0.000,0.000,0.009,0,0,0.471,0.635,4.064,0.000,14
Classic CPU ROAM,RelWithDebInfo,D3D12,NVIDIA GeForce RTX 5090 D,Direct3D 12 (feature level 12_0); requested Agility SDK 614; runtime 6.2.26100.8737 (C:\WINDOWS\SYSTEM32\D3D12Core.dll); driver 32.0.15.9186,false,assets/heightmaps/Hm_Terrain_Test_129.pgm,129,129,30.000,4.000,14,4.000,2.000,20000,0.562,0.000,6.000,6.103,6.451,12712,44636,12710,114,57,131,72,0,0,0,0,1,0.000,6.217,5.450,0.000,0.471,1.084,0.000,4.159,0.086,0.000,0.000,0.000,0.000,0.000,0.000,0.000,0.000,0.000,0.000,0.000,0.000,0.000,0.000,0.009,0,0,0.471,0.613,4.159,0.000,14
Classic CPU ROAM,RelWithDebInfo,D3D12,NVIDIA GeForce RTX 5090 D,Direct3D 12 (feature level 12_0); requested Agility SDK 614; runtime 6.2.26100.8737 (C:\WINDOWS\SYSTEM32\D3D12Core.dll); driver 32.0.15.9186,false,assets/heightmaps/Hm_Terrain_Test_129.pgm,129,129,30.000,4.000,14,4.000,2.000,20000,0.569,0.000,6.000,5.961,6.425,12724,44884,12722,124,62,112,84,0,0,0,0,1,0.000,6.149,5.376,0.000,0.449,1.057,0.000,4.111,0.086,0.000,0.000,0.000,0.000,0.000,0.000,0.000,0.000,0.000,0.000,0.000,0.000,0.000,0.000,0.009,0,0,0.449,0.608,4.111,0.000,14
Classic CPU ROAM,RelWithDebInfo,D3D12,NVIDIA GeForce RTX 5090 D,Direct3D 12 (feature level 12_0); requested Agility SDK 614; runtime 6.2.26100.8737 (C:\WINDOWS\SYSTEM32\D3D12Core.dll); driver 32.0.15.9186,false,assets/heightmaps/Hm_Terrain_Test_129.pgm,129,129,30.000,4.000,14,4.000,2.000,20000,0.575,0.000,6.000,5.821,6.347,12680,45104,12678,110,54,154,90,0,0,0,0,1,0.000,6.259,5.398,0.000,0.443,1.058,0.000,4.131,0.086,0.000,0.000,0.000,0.000,0.000,0.000,0.000,0.000,0.000,0.000,0.000,0.000,0.000,0.000,0.009,0,0,0.443,0.615,4.131,0.000,14
Classic CPU ROAM,RelWithDebInfo,D3D12,NVIDIA GeForce RTX 5090 D,Direct3D 12 (feature level 12_0); requested Agility SDK 614; runtime 6.2.26100.8737 (C:\WINDOWS\SYSTEM32\D3D12Core.dll); driver 32.0.15.9186,false,assets/heightmaps/Hm_Terrain_Test_129.pgm,129,129,30.000,4.000,14,4.000,2.000,20000,0.582,0.000,6.000,5.679,6.464,12638,45268,12636,82,41,124,56,0,0,0,0,1,257.278,6.212,5.438,0.000,0.433,1.047,0.000,4.186,0.085,0.000,0.000,0.000,0.000,0.000,0.000,0.000,0.000,0.000,0.000,0.000,0.000,0.000,0.000,0.009,0,0,0.433,0.614,4.186,0.000,14
Classic CPU ROAM,RelWithDebInfo,D3D12,NVIDIA GeForce RTX 5090 D,Direct3D 12 (feature level 12_0); requested Agility SDK 614; runtime 6.2.26100.8737 (C:\WINDOWS\SYSTEM32\D3D12Core.dll); driver 32.0.15.9186,false,assets/heightmaps/Hm_Terrain_Test_129.pgm,129,129,30.000,4.000,14,4.000,2.000,20000,0.588,0.000,6.000,5.539,6.406,12586,45452,12584,92,46,144,78,0,0,0,0,1,0.000,6.219,5.350,0.000,0.470,1.087,0.000,4.054,0.098,0.000,0.000,0.000,0.000,0.000,0.000,0.000,0.000,0.000,0.000,0.000,0.000,0.000,0.000,0.009,0,0,0.470,0.616,4.054,0.000,14
Classic CPU ROAM,RelWithDebInfo,D3D12,NVIDIA GeForce RTX 5090 D,Direct3D 12 (feature level 12_0); requested Agility SDK 614; runtime 6.2.26100.8737 (C:\WINDOWS\SYSTEM32\D3D12Core.dll); driver 32.0.15.9186,false,assets/heightmaps/Hm_Terrain_Test_129.pgm,129,129,30.000,4.000,14,4.000,2.000,20000,0.595,0.000,6.000,5.399,6.468,12496,45648,12494,98,48,188,88,0,0,0,0,1,258.119,6.195,5.407,0.000,0.431,1.101,0.000,4.098,0.084,0.000,0.000,0.000,0.000,0.000,0.000,0.000,0.000,0.000,0.000,0.000,0.000,0.000,0.000,0.009,0,0,0.431,0.671,4.098,0.000,14
Classic CPU ROAM,RelWithDebInfo,D3D12,NVIDIA GeForce RTX 5090 D,Direct3D 12 (feature level 12_0); requested Agility SDK 614; runtime 6.2.26100.8737 (C:\WINDOWS\SYSTEM32\D3D12Core.dll); driver 32.0.15.9186,false,assets/heightmaps/Hm_Terrain_Test_129.pgm,129,129,30.000,4.000,14,4.000,2.000,20000,0.601,0.000,6.000,5.260,6.426,12424,45808,12422,80,40,152,70,0,0,0,0,1,0.000,5.978,5.196,0.000,0.415,1.026,0.000,3.965,0.081,0.000,0.000,0.000,0.000,0.000,0.000,0.000,0.000,0.000,0.000,0.000,0.000,0.000,0.000,0.008,0,0,0.415,0.611,3.965,0.000,14
Classic CPU ROAM,RelWithDebInfo,D3D12,NVIDIA GeForce RTX 5090 D,Direct3D 12 (feature level 12_0); requested Agility SDK 614; runtime 6.2.26100.8737 (C:\WINDOWS\SYSTEM32\D3D12Core.dll); driver 32.0.15.9186,false,assets/heightmaps/Hm_Terrain_Test_129.pgm,129,129,30.000,4.000,14,4.000,2.000,20000,0.607,0.000,6.000,5.127,6.175,12418,45924,12416,58,29,64,40,0,0,0,0,1,0.000,5.995,5.208,0.000,0.408,0.992,0.000,4.010,0.089,0.000,0.000,0.000,0.000,0.000,0.000,0.000,0.000,0.000,0.000,0.000,0.000,0.000,0.000,0.009,0,0,0.408,0.584,4.010,0.000,14
Classic CPU ROAM,RelWithDebInfo,D3D12,NVIDIA GeForce RTX 5090 D,Direct3D 12 (feature level 12_0); requested Agility SDK 614; runtime 6.2.26100.8737 (C:\WINDOWS\SYSTEM32\D3D12Core.dll); driver 32.0.15.9186,false,assets/heightmaps/Hm_Terrain_Test_129.pgm,129,129,30.000,4.000,14,4.000,2.000,20000,0.613,0.000,6.000,4.993,6.254,12330,46100,12328,88,43,176,108,0,0,0,0,1,266.234,6.214,5.253,0.000,0.409,1.110,0.000,3.861,0.100,0.000,0.000,0.000,0.000,0.000,0.000,0.000,0.000,0.000,0.000,0.000,0.000,0.000,0.000,0.009,0,0,0.409,0.700,3.861,0.000,14
Classic CPU ROAM,RelWithDebInfo,D3D12,NVIDIA GeForce RTX 5090 D,Direct3D 12 (feature level 12_0); requested Agility SDK 614; runtime 6.2.26100.8737 (C:\WINDOWS\SYSTEM32\D3D12Core.dll); driver 32.0.15.9186,false,assets/heightmaps/Hm_Terrain_Test_129.pgm,129,129,30.000,4.000,14,4.000,2.000,20000,0.620,0.000,6.000,4.856,6.449,12248,46212,12246,56,28,138,80,0,0,0,0,1,0.000,6.251,5.455,0.000,0.393,0.991,0.000,4.261,0.100,0.000,0.000,0.000,0.000,0.000,0.000,0.000,0.000,0.000,0.000,0.000,0.000,0.000,0.000,0.009,0,0,0.393,0.597,4.261,0.000,14
Classic CPU ROAM,RelWithDebInfo,D3D12,NVIDIA GeForce RTX 5090 D,Direct3D 12 (feature level 12_0); requested Agility SDK 614; runtime 6.2.26100.8737 (C:\WINDOWS\SYSTEM32\D3D12Core.dll); driver 32.0.15.9186,false,assets/heightmaps/Hm_Terrain_Test_129.pgm,129,129,30.000,4.000,14,4.000,2.000,20000,0.626,0.000,6.000,4.718,6.533,12230,46340,12228,64,32,82,46,0,0,0,0,1,276.632,5.959,5.057,0.000,0.396,0.977,0.000,3.877,0.086,0.000,0.000,0.000,0.000,0.000,0.000,0.000,0.000,0.000,0.000,0.000,0.000,0.000,0.000,0.008,0,0,0.396,0.581,3.877,0.000,14
Classic CPU ROAM,RelWithDebInfo,D3D12,NVIDIA GeForce RTX 5090 D,Direct3D 12 (feature level 12_0); requested Agility SDK 614; runtime 6.2.26100.8737 (C:\WINDOWS\SYSTEM32\D3D12Core.dll); driver 32.0.15.9186,false,assets/heightmaps/Hm_Terrain_Test_129.pgm,129,129,30.000,4.000,14,4.000,2.000,20000,0.632,0.000,6.000,4.589,6.146,12154,46500,12152,80,40,156,70,0,0,0,0,1,0.000,6.207,5.478,0.000,0.442,1.042,0.000,4.235,0.080,0.000,0.000,0.000,0.000,0.000,0.000,0.000,0.000,0.000,0.000,0.000,0.000,0.000,0.000,0.009,0,0,0.442,0.600,4.235,0.000,14
Classic CPU ROAM,RelWithDebInfo,D3D12,NVIDIA GeForce RTX 5090 D,Direct3D 12 (feature level 12_0); requested Agility SDK 614; runtime 6.2.26100.8737 (C:\WINDOWS\SYSTEM32\D3D12Core.dll); driver 32.0.15.9186,false,assets/heightmaps/Hm_Terrain_Test_129.pgm,129,129,30.000,4.000,14,4.000,2.000,20000,0.639,0.000,6.000,4.455,6.403,11919,46596,11917,48,23,283,106,0,0,0,0,1,0.000,5.971,5.235,0.000,0.371,1.013,0.000,4.023,0.078,0.000,0.000,0.000,0.000,0.000,0.000,0.000,0.000,0.000,0.000,0.000,0.000,0.000,0.000,0.010,0,0,0.371,0.642,4.023,0.000,14
Classic CPU ROAM,RelWithDebInfo,D3D12,NVIDIA GeForce RTX 5090 D,Direct3D 12 (feature level 12_0); requested Agility SDK 614; runtime 6.2.26100.8737 (C:\WINDOWS\SYSTEM32\D3D12Core.dll); driver 32.0.15.9186,false,assets/heightmaps/Hm_Terrain_Test_129.pgm,129,129,30.000,4.000,14,4.000,2.000,20000,0.645,0.000,6.000,4.327,6.217,11840,46728,11838,66,33,145,56,0,0,0,0,1,266.379,5.997,5.233,0.000,0.369,0.950,0.000,4.087,0.077,0.000,0.000,0.000,0.000,0.000,0.000,0.000,0.000,0.000,0.000,0.000,0.000,0.000,0.000,0.009,0,0,0.369,0.581,4.087,0.000,14
Classic CPU ROAM,RelWithDebInfo,D3D12,NVIDIA GeForce RTX 5090 D,Direct3D 12 (feature level 12_0); requested Agility SDK 614; runtime 6.2.26100.8737 (C:\WINDOWS\SYSTEM32\D3D12Core.dll); driver 32.0.15.9186,false,assets/heightmaps/Hm_Terrain_Test_129.pgm,129,129,30.000,4.000,14,4.000,2.000,20000,0.651,0.000,6.000,4.199,6.201,11840,46872,11838,72,36,72,55,0,0,0,0,1,0.000,5.686,4.918,0.000,0.361,0.931,0.000,3.796,0.083,0.000,0.000,0.000,0.000,0.000,0.000,0.000,0.000,0.000,0.000,0.000,0.000,0.000,0.000,0.009,0,0,0.361,0.570,3.796,0.000,14
Classic CPU ROAM,RelWithDebInfo,D3D12,NVIDIA GeForce RTX 5090 D,Direct3D 12 (feature level 12_0); requested Agility SDK 614; runtime 6.2.26100.8737 (C:\WINDOWS\SYSTEM32\D3D12Core.dll); driver 32.0.15.9186,false,assets/heightmaps/Hm_Terrain_Test_129.pgm,129,129,30.000,4.000,14,4.000,2.000,20000,0.657,0.000,6.000,4.080,5.878,11779,46974,11777,51,25,112,62,0,0,0,0,1,0.000,5.882,4.942,0.000,0.353,0.928,0.000,3.820,0.081,0.000,0.000,0.000,0.000,0.000,0.000,0.000,0.000,0.000,0.000,0.000,0.000,0.000,0.000,0.009,0,0,0.353,0.575,3.820,0.000,14
Classic CPU ROAM,RelWithDebInfo,D3D12,NVIDIA GeForce RTX 5090 D,Direct3D 12 (feature level 12_0); requested Agility SDK 614; runtime 6.2.26100.8737 (C:\WINDOWS\SYSTEM32\D3D12Core.dll); driver 32.0.15.9186,false,assets/heightmaps/Hm_Terrain_Test_129.pgm,129,129,30.000,4.000,14,4.000,2.000,20000,0.663,0.000,6.000,3.957,6.097,11664,47068,11662,47,23,162,94,0,0,0,0,1,0.000,5.990,5.263,0.000,0.355,0.980,0.000,4.090,0.081,0.000,0.000,0.000,0.000,0.000,0.000,0.000,0.000,0.000,0.000,0.000,0.000,0.000,0.000,0.008,0,0,0.355,0.625,4.090,0.000,14
Classic CPU ROAM,RelWithDebInfo,D3D12,NVIDIA GeForce RTX 5090 D,Direct3D 12 (feature level 12_0); requested Agility SDK 614; runtime 6.2.26100.8737 (C:\WINDOWS\SYSTEM32\D3D12Core.dll); driver 32.0.15.9186,false,assets/heightmaps/Hm_Terrain_Test_129.pgm,129,129,30.000,4.000,14,4.000,2.000,20000,0.669,0.000,6.000,3.833,6.189,11656,47200,11654,66,33,74,53,0,0,0,0,1,0.000,5.978,5.139,0.000,0.363,0.920,0.000,4.031,0.092,0.000,0.000,0.000,0.000,0.000,0.000,0.000,0.000,0.000,0.000,0.000,0.000,0.000,0.000,0.008,0,0,0.363,0.558,4.031,0.000,14
Classic CPU ROAM,RelWithDebInfo,D3D12,NVIDIA GeForce RTX 5090 D,Direct3D 12 (feature level 12_0); requested Agility SDK 614; runtime 6.2.26100.8737 (C:\WINDOWS\SYSTEM32\D3D12Core.dll); driver 32.0.15.9186,false,assets/heightmaps/Hm_Terrain_Test_129.pgm,129,129,30.000,4.000,14,4.000,2.000,20000,0.676,0.000,6.000,3.710,6.194,11580,47316,11578,58,29,134,72,0,0,0,0,1,268.291,5.972,5.234,0.000,0.350,0.927,0.000,4.116,0.092,0.000,0.000,0.000,0.000,0.000,0.000,0.000,0.000,0.000,0.000,0.000,0.000,0.000,0.000,0.008,0,0,0.350,0.577,4.116,0.000,14
Classic CPU ROAM,RelWithDebInfo,D3D12,NVIDIA GeForce RTX 5090 D,Direct3D 12 (feature level 12_0); requested Agility SDK 614; runtime 6.2.26100.8737 (C:\WINDOWS\SYSTEM32\D3D12Core.dll); driver 32.0.15.9186,false,assets/heightmaps/Hm_Terrain_Test_129.pgm,129,129,30.000,4.000,14,4.000,2.000,20000,0.682,0.000,6.000,3.589,6.166,11515,47450,11513,67,33,132,56,0,0,0,0,1,0.000,5.803,4.926,0.000,0.346,0.929,0.000,3.801,0.078,0.000,0.000,0.000,0.000,0.000,0.000,0.000,0.000,0.000,0.000,0.000,0.000,0.000,0.000,0.009,0,0,0.346,0.583,3.801,0.000,14
Classic CPU ROAM,RelWithDebInfo,D3D12,NVIDIA GeForce RTX 5090 D,Direct3D 12 (feature level 12_0); requested Agility SDK 614; runtime 6.2.26100.8737 (C:\WINDOWS\SYSTEM32\D3D12Core.dll); driver 32.0.15.9186,false,assets/heightmaps/Hm_Terrain_Test_129.pgm,129,129,30.000,4.000,14,4.000,2.000,20000,0.688,0.000,6.000,3.472,6.021,11396,47564,11394,57,28,176,82,0,0,0,0,1,261.423,6.110,5.353,0.000,0.340,0.912,0.000,4.251,0.082,0.000,0.000,0.000,0.000,0.000,0.000,0.000,0.000,0.000,0.000,0.000,0.000,0.000,0.000,0.008,0,0,0.340,0.573,4.251,0.000,14
Classic CPU ROAM,RelWithDebInfo,D3D12,NVIDIA GeForce RTX 5090 D,Direct3D 12 (feature level 12_0); requested Agility SDK 614; runtime 6.2.26100.8737 (C:\WINDOWS\SYSTEM32\D3D12Core.dll); driver 32.0.15.9186,false,assets/heightmaps/Hm_Terrain_Test_129.pgm,129,129,30.000,4.000,14,4.000,2.000,20000,0.694,0.000,6.000,3.351,6.309,11332,47704,11330,70,35,134,64,0,0,0,0,1,0.000,5.668,4.966,0.000,0.331,0.896,0.000,3.882,0.075,0.000,0.000,0.000,0.000,0.000,0.000,0.000,0.000,0.000,0.000,0.000,0.000,0.000,0.000,0.011,0,0,0.331,0.566,3.882,0.000,14
Classic CPU ROAM,RelWithDebInfo,D3D12,NVIDIA GeForce RTX 5090 D,Direct3D 12 (feature level 12_0); requested Agility SDK 614; runtime 6.2.26100.8737 (C:\WINDOWS\SYSTEM32\D3D12Core.dll); driver 32.0.15.9186,false,assets/heightmaps/Hm_Terrain_Test_129.pgm,129,129,30.000,4.000,14,4.000,2.000,20000,0.700,0.000,6.000,3.240,5.853,11286,47772,11284,34,17,80,52,0,0,0,0,1,0.000,5.742,5.007,0.000,0.320,0.862,0.000,3.955,0.072,0.000,0.000,0.000,0.000,0.000,0.000,0.000,0.000,0.000,0.000,0.000,0.000,0.000,0.000,0.008,0,0,0.320,0.542,3.955,0.000,14
Classic CPU ROAM,RelWithDebInfo,D3D12,NVIDIA GeForce RTX 5090 D,Direct3D 12 (feature level 12_0); requested Agility SDK 614; runtime 6.2.26100.8737 (C:\WINDOWS\SYSTEM32\D3D12Core.dll); driver 32.0.15.9186,false,assets/heightmaps/Hm_Terrain_Test_129.pgm,129,129,30.000,4.000,14,4.000,2.000,20000,0.706,0.000,6.000,3.127,5.976,11279,47910,11277,69,34,76,52,0,0,0,0,1,275.030,5.812,5.070,0.000,0.326,0.872,0.000,4.011,0.079,0.000,0.000,0.000,0.000,0.000,0.000,0.000,0.000,0.000,0.000,0.000,0.000,0.000,0.000,0.009,0,0,0.326,0.546,4.011,0.000,14
Classic CPU ROAM,RelWithDebInfo,D3D12,NVIDIA GeForce RTX 5090 D,Direct3D 12 (feature level 12_0); requested Agility SDK 614; runtime 6.2.26100.8737 (C:\WINDOWS\SYSTEM32\D3D12Core.dll); driver 32.0.15.9186,false,assets/heightmaps/Hm_Terrain_Test_129.pgm,129,129,30.000,4.000,14,4.000,2.000,20000,0.712,0.000,6.000,3.016,6.018,11194,48040,11192,65,32,150,82,0,0,0,0,1,0.000,5.482,4.757,0.000,0.322,0.881,0.000,3.689,0.086,0.000,0.000,0.000,0.000,0.000,0.000,0.000,0.000,0.000,0.000,0.000,0.000,0.000,0.000,0.008,0,0,0.322,0.560,3.689,0.000,14
Classic CPU ROAM,RelWithDebInfo,D3D12,NVIDIA GeForce RTX 5090 D,Direct3D 12 (feature level 12_0); requested Agility SDK 614; runtime 6.2.26100.8737 (C:\WINDOWS\SYSTEM32\D3D12Core.dll); driver 32.0.15.9186,false,assets/heightmaps/Hm_Terrain_Test_129.pgm,129,129,30.000,4.000,14,4.000,2.000,20000,0.718,0.000,6.000,2.911,5.679,11152,48116,11150,38,19,80,52,0,0,0,0,1,0.000,5.348,4.673,0.000,0.308,0.850,0.000,3.639,0.083,0.000,0.000,0.000,0.000,0.000,0.000,0.000,0.000,0.000,0.000,0.000,0.000,0.000,0.000,0.008,0,0,0.308,0.542,3.639,0.000,14
Classic CPU ROAM,RelWithDebInfo,D3D12,NVIDIA GeForce RTX 5090 D,Direct3D 12 (feature level 12_0); requested Agility SDK 614; runtime 6.2.26100.8737 (C:\WINDOWS\SYSTEM32\D3D12Core.dll); driver 32.0.15.9186,false,assets/heightmaps/Hm_Terrain_Test_129.pgm,129,129,30.000,4.000,14,4.000,2.000,20000,0.723,0.000,6.000,2.811,5.538,11061,48220,11059,52,26,143,54,0,0,0,0,1,302.195,5.294,4.639,0.000,0.307,0.902,0.000,3.555,0.072,0.000,0.000,0.000,0.000,0.000,0.000,0.000,0.000,0.000,0.000,0.000,0.000,0.000,0.000,0.008,0,0,0.307,0.595,3.555,0.000,14
Classic CPU ROAM,RelWithDebInfo,D3D12,NVIDIA GeForce RTX 5090 D,Direct3D 12 (feature level 12_0); requested Agility SDK 614; runtime 6.2.26100.8737 (C:\WINDOWS\SYSTEM32\D3D12Core.dll); driver 32.0.15.9186,false,assets/heightmaps/Hm_Terrain_Test_129.pgm,129,129,30.000,4.000,14,4.000,2.000,20000,0.729,0.000,6.000,2.712,5.515,11013,48332,11011,56,28,104,46,0,0,0,0,1,0.000,5.582,4.824,0.000,0.323,0.850,0.000,3.778,0.078,0.000,0.000,0.000,0.000,0.000,0.000,0.000,0.000,0.000,0.000,0.000,0.000,0.000,0.000,0.008,0,0,0.323,0.528,3.778,0.000,14
Classic CPU ROAM,RelWithDebInfo,D3D12,NVIDIA GeForce RTX 5090 D,Direct3D 12 (feature level 12_0); requested Agility SDK 614; runtime 6.2.26100.8737 (C:\WINDOWS\SYSTEM32\D3D12Core.dll); driver 32.0.15.9186,false,assets/heightmaps/Hm_Terrain_Test_129.pgm,129,129,30.000,4.000,14,4.000,2.000,20000,0.735,0.000,6.000,2.609,5.820,10930,48436,10928,52,25,135,59,0,0,0,0,1,0.000,5.387,4.713,0.000,0.292,0.829,0.000,3.704,0.075,0.000,0.000,0.000,0.000,0.000,0.000,0.000,0.000,0.000,0.000,0.000,0.000,0.000,0.000,0.010,0,0,0.292,0.537,3.704,0.000,14
Classic CPU ROAM,RelWithDebInfo,D3D12,NVIDIA GeForce RTX 5090 D,Direct3D 12 (feature level 12_0); requested Agility SDK 614; runtime 6.2.26100.8737 (C:\WINDOWS\SYSTEM32\D3D12Core.dll); driver 32.0.15.9186,false,assets/heightmaps/Hm_Terrain_Test_129.pgm,129,129,30.000,4.000,14,4.000,2.000,20000,0.740,0.000,6.000,2.512,5.586,10825,48504,10823,34,17,139,49,0,0,0,0,1,0.000,5.453,4.765,0.000,0.287,0.819,0.000,3.766,0.071,0.000,0.000,0.000,0.000,0.000,0.000,0.000,0.000,0.000,0.000,0.000,0.000,0.000,0.000,0.009,0,0,0.287,0.532,3.766,0.000,14
Classic CPU ROAM,RelWithDebInfo,D3D12,NVIDIA GeForce RTX 5090 D,Direct3D 12 (feature level 12_0); requested Agility SDK 614; runtime 6.2.26100.8737 (C:\WINDOWS\SYSTEM32\D3D12Core.dll); driver 32.0.15.9186,false,assets/heightmaps/Hm_Terrain_Test_129.pgm,129,129,30.000,4.000,14,4.000,2.000,20000,0.746,0.000,6.000,2.415,5.655,10732,48616,10730,56,28,149,60,0,0,0,0,1,0.000,5.261,4.589,0.000,0.289,0.821,0.000,3.588,0.083,0.000,0.000,0.000,0.000,0.000,0.000,0.000,0.000,0.000,0.000,0.000,0.000,0.000,0.000,0.008,0,0,0.289,0.533,3.588,0.000,14
Classic CPU ROAM,RelWithDebInfo,D3D12,NVIDIA GeForce RTX 5090 D,Direct3D 12 (feature level 12_0); requested Agility SDK 614; runtime 6.2.26100.8737 (C:\WINDOWS\SYSTEM32\D3D12Core.dll); driver 32.0.15.9186,false,assets/heightmaps/Hm_Terrain_Test_129.pgm,129,129,30.000,4.000,14,4.000,2.000,20000,0.751,0.000,6.000,2.322,5.477,10672,48720,10670,52,26,112,54,0,0,0,0,1,0.000,5.431,4.798,0.000,0.276,0.806,0.000,3.811,0.070,0.000,0.000,0.000,0.000,0.000,0.000,0.000,0.000,0.000,0.000,0.000,0.000,0.000,0.000,0.008,0,0,0.276,0.530,3.811,0.000,14
Classic CPU ROAM,RelWithDebInfo,D3D12,NVIDIA GeForce RTX 5090 D,Direct3D 12 (feature level 12_0); requested Agility SDK 614; runtime 6.2.26100.8737 (C:\WINDOWS\SYSTEM32\D3D12Core.dll); driver 32.0.15.9186,false,assets/heightmaps/Hm_Terrain_Test_129.pgm,129,129,30.000,4.000,14,4.000,2.000,20000,0.757,0.000,6.000,2.227,5.704,10662,48832,10660,56,28,66,40,0,0,0,0,1,309.253,5.301,4.516,0.000,0.271,0.790,0.000,3.553,0.070,0.000,0.000,0.000,0.000,0.000,0.000,0.000,0.000,0.000,0.000,0.000,0.000,0.000,0.000,0.008,0,0,0.271,0.518,3.553,0.000,14
Classic CPU ROAM,RelWithDebInfo,D3D12,NVIDIA GeForce RTX 5090 D,Direct3D 12 (feature level 12_0); requested Agility SDK 614; runtime 6.2.26100.8737 (C:\WINDOWS\SYSTEM32\D3D12Core.dll); driver 32.0.15.9186,false,assets/heightmaps/Hm_Terrain_Test_129.pgm,129,129,30.000,4.000,14,4.000,2.000,20000,0.762,0.000,6.000,2.137,5.486,10608,48920,10606,44,21,98,60,0,0,0,0,1,0.000,5.596,4.898,0.000,0.264,0.781,0.000,3.944,0.069,0.000,0.000,0.000,0.000,0.000,0.000,0.000,0.000,0.000,0.000,0.000,0.000,0.000,0.000,0.011,0,0,0.264,0.517,3.944,0.000,14
Classic CPU ROAM,RelWithDebInfo,D3D12,NVIDIA GeForce RTX 5090 D,Direct3D 12 (feature level 12_0); requested Agility SDK 614; runtime 6.2.26100.8737 (C:\WINDOWS\SYSTEM32\D3D12Core.dll); driver 32.0.15.9186,false,assets/heightmaps/Hm_Terrain_Test_129.pgm,129,129,30.000,4.000,14,4.000,2.000,20000,0.768,0.000,6.000,2.043,5.791,10576,48988,10574,34,17,66,40,0,0,0,0,1,303.587,5.265,4.603,0.000,0.262,0.817,0.000,3.610,0.069,0.000,0.000,0.000,0.000,0.000,0.000,0.000,0.000,0.000,0.000,0.000,0.000,0.000,0.000,0.008,0,0,0.262,0.554,3.610,0.000,14
Classic CPU ROAM,RelWithDebInfo,D3D12,NVIDIA GeForce RTX 5090 D,Direct3D 12 (feature level 12_0); requested Agility SDK 614; runtime 6.2.26100.8737 (C:\WINDOWS\SYSTEM32\D3D12Core.dll); driver 32.0.15.9186,false,assets/heightmaps/Hm_Terrain_Test_129.pgm,129,129,30.000,4.000,14,4.000,2.000,20000,0.774,0.000,6.000,1.957,5.451,10516,49060,10514,36,18,96,52,0,0,0,0,1,0.000,5.352,4.610,0.000,0.260,0.776,0.000,3.657,0.086,0.000,0.000,0.000,0.000,0.000,0.000,0.000,0.000,0.000,0.000,0.000,0.000,0.000,0.000,0.008,0,0,0.260,0.516,3.657,0.000,14
Classic CPU ROAM,RelWithDebInfo,D3D12,NVIDIA GeForce RTX 5090 D,Direct3D 12 (feature level 12_0); requested Agility SDK 614; runtime 6.2.26100.8737 (C:\WINDOWS\SYSTEM32\D3D12Core.dll); driver 32.0.15.9186,false,assets/heightmaps/Hm_Terrain_Test_129.pgm,129,129,30.000,4.000,14,4.000,2.000,20000,0.779,0.000,6.000,1.870,5.538,10480,49172,10478,56,28,92,48,0,0,0,0,1,0.000,5.383,4.755,0.000,0.263,0.780,0.000,3.773,0.068,0.000,0.000,0.000,0.000,0.000,0.000,0.000,0.000,0.000,0.000,0.000,0.000,0.000,0.000,0.008,0,0,0.263,0.517,3.773,0.000,14
Classic CPU ROAM,RelWithDebInfo,D3D12,NVIDIA GeForce RTX 5090 D,Direct3D 12 (feature level 12_0); requested Agility SDK 614; runtime 6.2.26100.8737 (C:\WINDOWS\SYSTEM32\D3D12Core.dll); driver 32.0.15.9186,false,assets/heightmaps/Hm_Terrain_Test_129.pgm,129,129,30.000,4.000,14,4.000,2.000,20000,0.785,0.000,6.000,1.784,5.577,10432,49272,10430,50,25,98,52,0,0,0,0,1,301.187,5.304,4.675,0.000,0.254,0.769,0.000,3.735,0.070,0.000,0.000,0.000,0.000,0.000,0.000,0.000,0.000,0.000,0.000,0.000,0.000,0.000,0.000,0.008,0,0,0.254,0.515,3.735,0.000,14
Classic CPU ROAM,RelWithDebInfo,D3D12,NVIDIA GeForce RTX 5090 D,Direct3D 12 (feature level 12_0); requested Agility SDK 614; runtime 6.2.26100.8737 (C:\WINDOWS\SYSTEM32\D3D12Core.dll); driver 32.0.15.9186,false,assets/heightmaps/Hm_Terrain_Test_129.pgm,129,129,30.000,4.000,14,4.000,2.000,20000,0.790,0.000,6.000,1.702,5.510,10380,49364,10378,46,22,98,42,0,0,0,0,1,0.000,5.343,4.501,0.000,0.253,0.752,0.000,3.576,0.094,0.000,0.000,0.000,0.000,0.000,0.000,0.000,0.000,0.000,0.000,0.000,0.000,0.000,0.000,0.010,0,0,0.253,0.499,3.576,0.000,14
Classic CPU ROAM,RelWithDebInfo,D3D12,NVIDIA GeForce RTX 5090 D,Direct3D 12 (feature level 12_0); requested Agility SDK 614; runtime 6.2.26100.8737 (C:\WINDOWS\SYSTEM32\D3D12Core.dll); driver 32.0.15.9186,false,assets/heightmaps/Hm_Terrain_Test_129.pgm,129,129,30.000,4.000,14,4.000,2.000,20000,0.796,0.000,6.000,1.619,5.557,10343,49456,10341,46,23,83,38,0,0,0,0,1,0.000,5.686,5.044,0.000,0.246,0.752,0.000,4.114,0.068,0.000,0.000,0.000,0.000,0.000,0.000,0.000,0.000,0.000,0.000,0.000,0.000,0.000,0.000,0.008,0,0,0.246,0.506,4.114,0.000,14
Classic CPU ROAM,RelWithDebInfo,D3D12,NVIDIA GeForce RTX 5090 D,Direct3D 12 (feature level 12_0); requested Agility SDK 614; runtime 6.2.26100.8737 (C:\WINDOWS\SYSTEM32\D3D12Core.dll); driver 32.0.15.9186,false,assets/heightmaps/Hm_Terrain_Test_129.pgm,129,129,30.000,4.000,14,4.000,2.000,20000,0.802,0.000,6.000,1.534,5.878,10284,49528,10282,36,18,95,48,0,0,0,0,1,317.756,5.033,4.404,0.000,0.237,0.733,0.000,3.502,0.073,0.000,0.000,0.000,0.000,0.000,0.000,0.000,0.000,0.000,0.000,0.000,0.000,0.000,0.000,0.008,0,0,0.237,0.495,3.502,0.000,14
Classic CPU ROAM,RelWithDebInfo,D3D12,NVIDIA GeForce RTX 5090 D,Direct3D 12 (feature level 12_0); requested Agility SDK 614; runtime 6.2.26100.8737 (C:\WINDOWS\SYSTEM32\D3D12Core.dll); driver 32.0.15.9186,false,assets/heightmaps/Hm_Terrain_Test_129.pgm,129,129,30.000,4.000,14,4.000,2.000,20000,0.807,0.000,6.000,1.460,5.273,10230,49564,10228,18,9,72,38,0,0,0,0,1,0.000,5.115,4.468,0.000,0.232,0.719,0.000,3.573,0.073,0.000,0.000,0.000,0.000,0.000,0.000,0.000,0.000,0.000,0.000,0.000,0.000,0.000,0.000,0.008,0,0,0.232,0.486,3.573,0.000,14
Classic CPU ROAM,RelWithDebInfo,D3D12,NVIDIA GeForce RTX 5090 D,Direct3D 12 (feature level 12_0); requested Agility SDK 614; runtime 6.2.26100.8737 (C:\WINDOWS\SYSTEM32\D3D12Core.dll); driver 32.0.15.9186,false,assets/heightmaps/Hm_Terrain_Test_129.pgm,129,129,30.000,4.000,14,4.000,2.000,20000,0.812,0.000,6.000,1.385,5.372,10168,49616,10166,26,13,88,46,0,0,0,0,1,0.000,5.083,4.358,0.000,0.234,0.736,0.000,3.453,0.074,0.000,0.000,0.000,0.000,0.000,0.000,0.000,0.000,0.000,0.000,0.000,0.000,0.000,0.000,0.008,0,0,0.234,0.502,3.453,0.000,14
Classic CPU ROAM,RelWithDebInfo,D3D12,NVIDIA GeForce RTX 5090 D,Direct3D 12 (feature level 12_0); requested Agility SDK 614; runtime 6.2.26100.8737 (C:\WINDOWS\SYSTEM32\D3D12Core.dll); driver 32.0.15.9186,false,assets/heightmaps/Hm_Terrain_Test_129.pgm,129,129,30.000,4.000,14,4.000,2.000,20000,0.818,0.000,6.000,1.313,5.309,10190,49752,10188,68,34,46,45,0,0,0,0,1,292.581,5.477,4.537,0.000,0.244,0.732,0.000,3.618,0.083,0.000,0.000,0.000,0.000,0.000,0.000,0.000,0.000,0.000,0.000,0.000,0.000,0.000,0.000,0.010,0,0,0.244,0.488,3.618,0.000,14
Classic CPU ROAM,RelWithDebInfo,D3D12,NVIDIA GeForce RTX 5090 D,Direct3D 12 (feature level 12_0); requested Agility SDK 614; runtime 6.2.26100.8737 (C:\WINDOWS\SYSTEM32\D3D12Core.dll); driver 32.0.15.9186,false,assets/heightmaps/Hm_Terrain_Test_129.pgm,129,129,30.000,4.000,14,4.000,2.000,20000,0.823,0.000,6.000,1.237,5.745,10136,49848,10134,48,23,102,56,0,0,0,0,1,0.000,5.957,4.565,0.000,0.242,0.833,0.000,3.533,0.082,0.000,0.000,0.000,0.000,0.000,0.000,0.000,0.000,0.000,0.000,0.000,0.000,0.000,0.000,0.008,0,0,0.242,0.591,3.533,0.000,14
Classic CPU ROAM,RelWithDebInfo,D3D12,NVIDIA GeForce RTX 5090 D,Direct3D 12 (feature level 12_0); requested Agility SDK 614; runtime 6.2.26100.8737 (C:\WINDOWS\SYSTEM32\D3D12Core.dll); driver 32.0.15.9186,false,assets/heightmaps/Hm_Terrain_Test_129.pgm,129,129,30.000,4.000,14,4.000,2.000,20000,0.830,0.000,6.000,1.156,6.277,10096,49916,10094,34,17,74,40,0,0,0,0,1,269.797,6.018,4.899,0.000,0.243,0.850,0.000,3.847,0.082,0.000,0.000,0.000,0.000,0.000,0.000,0.000,0.000,0.000,0.000,0.000,0.000,0.000,0.000,0.008,0,0,0.243,0.608,3.847,0.000,14
Classic CPU ROAM,RelWithDebInfo,D3D12,NVIDIA GeForce RTX 5090 D,Direct3D 12 (feature level 12_0); requested Agility SDK 614; runtime 6.2.26100.8737 (C:\WINDOWS\SYSTEM32\D3D12Core.dll); driver 32.0.15.9186,false,assets/heightmaps/Hm_Terrain_Test_129.pgm,129,129,30.000,4.000,14,4.000,2.000,20000,0.836,0.000,6.000,1.077,6.346,10084,50040,10082,62,31,74,39,0,0,0,0,1,0.000,5.655,4.749,0.000,0.247,0.816,0.000,3.749,0.084,0.000,0.000,0.000,0.000,0.000,0.000,0.000,0.000,0.000,0.000,0.000,0.000,0.000,0.000,0.008,0,0,0.247,0.568,3.749,0.000,14
Classic CPU ROAM,RelWithDebInfo,D3D12,NVIDIA GeForce RTX 5090 D,Direct3D 12 (feature level 12_0); requested Agility SDK 614; runtime 6.2.26100.8737 (C:\WINDOWS\SYSTEM32\D3D12Core.dll); driver 32.0.15.9186,false,assets/heightmaps/Hm_Terrain_Test_129.pgm,129,129,30.000,4.000,14,4.000,2.000,20000,0.842,0.000,6.000,1.004,5.994,10042,50096,10040,28,14,70,44,0,0,0,0,1,0.000,5.504,4.698,0.000,0.241,0.806,0.000,3.708,0.077,0.000,0.000,0.000,0.000,0.000,0.000,0.000,0.000,0.000,0.000,0.000,0.000,0.000,0.000,0.008,0,0,0.241,0.564,3.708,0.000,14
Classic CPU ROAM,RelWithDebInfo,D3D12,NVIDIA GeForce RTX 5090 D,Direct3D 12 (feature level 12_0); requested Agility SDK 614; runtime 6.2.26100.8737 (C:\WINDOWS\SYSTEM32\D3D12Core.dll); driver 32.0.15.9186,false,assets/heightmaps/Hm_Terrain_Test_129.pgm,129,129,30.000,4.000,14,4.000,2.000,20000,0.848,0.000,6.000,0.935,5.842,10014,50176,10012,40,20,68,40,0,0,0,0,1,296.338,5.405,4.561,0.000,0.261,0.803,0.000,3.585,0.074,0.000,0.000,0.000,0.000,0.000,0.000,0.000,0.000,0.000,0.000,0.000,0.000,0.000,0.000,0.008,0,0,0.261,0.543,3.585,0.000,14
Classic CPU ROAM,RelWithDebInfo,D3D12,NVIDIA GeForce RTX 5090 D,Direct3D 12 (feature level 12_0); requested Agility SDK 614; runtime 6.2.26100.8737 (C:\WINDOWS\SYSTEM32\D3D12Core.dll); driver 32.0.15.9186,false,assets/heightmaps/Hm_Terrain_Test_129.pgm,129,129,30.000,4.000,14,4.000,2.000,20000,0.854,0.000,6.000,0.869,5.763,9958,50252,9956,38,19,94,42,0,0,0,0,1,0.000,5.360,4.432,0.000,0.227,0.749,0.000,3.505,0.076,0.000,0.000,0.000,0.000,0.000,0.000,0.000,0.000,0.000,0.000,0.000,0.000,0.000,0.000,0.010,0,0,0.227,0.522,3.505,0.000,14
Classic CPU ROAM,RelWithDebInfo,D3D12,NVIDIA GeForce RTX 5090 D,Direct3D 12 (feature level 12_0); requested Agility SDK 614; runtime 6.2.26100.8737 (C:\WINDOWS\SYSTEM32\D3D12Core.dll); driver 32.0.15.9186,false,assets/heightmaps/Hm_Terrain_Test_129.pgm,129,129,30.000,4.000,14,4.000,2.000,20000,0.859,0.000,6.000,0.806,5.701,9892,50336,9890,42,21,108,34,0,0,0,0,1,0.000,5.365,4.462,0.000,0.220,0.759,0.000,3.527,0.077,0.000,0.000,0.000,0.000,0.000,0.000,0.000,0.000,0.000,0.000,0.000,0.000,0.000,0.000,0.008,0,0,0.220,0.539,3.527,0.000,14
Classic CPU ROAM,RelWithDebInfo,D3D12,NVIDIA GeForce RTX 5090 D,Direct3D 12 (feature level 12_0); requested Agility SDK 614; runtime 6.2.26100.8737 (C:\WINDOWS\SYSTEM32\D3D12Core.dll); driver 32.0.15.9186,false,assets/heightmaps/Hm_Terrain_Test_129.pgm,129,129,30.000,4.000,14,4.000,2.000,20000,0.865,0.000,6.000,0.745,5.688,9887,50436,9885,50,24,55,35,0,0,0,0,1,0.000,5.413,4.548,0.000,0.224,0.740,0.000,3.628,0.076,0.000,0.000,0.000,0.000,0.000,0.000,0.000,0.000,0.000,0.000,0.000,0.000,0.000,0.000,0.008,0,0,0.224,0.516,3.628,0.000,14
Classic CPU ROAM,RelWithDebInfo,D3D12,NVIDIA GeForce RTX 5090 D,Direct3D 12 (feature level 12_0); requested Agility SDK 614; runtime 6.2.26100.8737 (C:\WINDOWS\SYSTEM32\D3D12Core.dll); driver 32.0.15.9186,false,assets/heightmaps/Hm_Terrain_Test_129.pgm,129,129,30.000,4.000,14,4.000,2.000,20000,0.871,0.000,6.000,0.686,5.735,9861,50548,9859,56,28,82,38,0,0,0,0,1,0.000,5.299,4.470,0.000,0.218,0.745,0.000,3.554,0.077,0.000,0.000,0.000,0.000,0.000,0.000,0.000,0.000,0.000,0.000,0.000,0.000,0.000,0.000,0.008,0,0,0.218,0.527,3.554,0.000,14
Classic CPU ROAM,RelWithDebInfo,D3D12,NVIDIA GeForce RTX 5090 D,Direct3D 12 (feature level 12_0); requested Agility SDK 614; runtime 6.2.26100.8737 (C:\WINDOWS\SYSTEM32\D3D12Core.dll); driver 32.0.15.9186,false,assets/heightmaps/Hm_Terrain_Test_129.pgm,129,129,30.000,4.000,14,4.000,2.000,20000,0.877,0.000,6.000,0.630,5.709,9807,50596,9805,24,12,78,34,0,0,0,0,1,308.868,5.192,4.431,0.000,0.200,0.724,0.000,3.539,0.077,0.000,0.000,0.000,0.000,0.000,0.000,0.000,0.000,0.000,0.000,0.000,0.000,0.000,0.000,0.008,0,0,0.200,0.524,3.539,0.000,14
Classic CPU ROAM,RelWithDebInfo,D3D12,NVIDIA GeForce RTX 5090 D,Direct3D 12 (feature level 12_0); requested Agility SDK 614; runtime 6.2.26100.8737 (C:\WINDOWS\SYSTEM32\D3D12Core.dll); driver 32.0.15.9186,false,assets/heightmaps/Hm_Terrain_Test_129.pgm,129,129,30.000,4.000,14,4.000,2.000,20000,0.882,0.000,6.000,0.577,5.532,9795,50680,9793,42,21,54,30,0,0,0,0,1,0.000,5.274,4.481,0.000,0.200,0.701,0.000,3.615,0.074,0.000,0.000,0.000,0.000,0.000,0.000,0.000,0.000,0.000,0.000,0.000,0.000,0.000,0.000,0.009,0,0,0.200,0.501,3.615,0.000,14
Classic CPU ROAM,RelWithDebInfo,D3D12,NVIDIA GeForce RTX 5090 D,Direct3D 12 (feature level 12_0); requested Agility SDK 614; runtime 6.2.26100.8737 (C:\WINDOWS\SYSTEM32\D3D12Core.dll); driver 32.0.15.9186,false,assets/heightmaps/Hm_Terrain_Test_129.pgm,129,129,30.000,4.000,14,4.000,2.000,20000,0.888,0.000,6.000,0.525,5.596,9750,50732,9748,26,13,71,30,0,0,0,0,1,0.000,5.169,4.335,0.000,0.213,0.713,0.000,3.457,0.070,0.000,0.000,0.000,0.000,0.000,0.000,0.000,0.000,0.000,0.000,0.000,0.000,0.000,0.000,0.008,0,0,0.213,0.500,3.457,0.000,14
Classic CPU ROAM,RelWithDebInfo,D3D12,NVIDIA GeForce RTX 5090 D,Direct3D 12 (feature level 12_0); requested Agility SDK 614; runtime 6.2.26100.8737 (C:\WINDOWS\SYSTEM32\D3D12Core.dll); driver 32.0.15.9186,false,assets/heightmaps/Hm_Terrain_Test_129.pgm,129,129,30.000,4.000,14,4.000,2.000,20000,0.893,0.000,6.000,0.477,5.550,9704,50776,9702,22,11,68,26,0,0,0,0,1,306.204,5.229,4.447,0.000,0.183,0.687,0.000,3.592,0.071,0.000,0.000,0.000,0.000,0.000,0.000,0.000,0.000,0.000,0.000,0.000,0.000,0.000,0.000,0.008,0,0,0.183,0.504,3.592,0.000,14
Classic CPU ROAM,RelWithDebInfo,D3D12,NVIDIA GeForce RTX 5090 D,Direct3D 12 (feature level 12_0); requested Agility SDK 614; runtime 6.2.26100.8737 (C:\WINDOWS\SYSTEM32\D3D12Core.dll); driver 32.0.15.9186,false,assets/heightmaps/Hm_Terrain_Test_129.pgm,129,129,30.000,4.000,14,4.000,2.000,20000,0.899,0.000,6.000,0.430,5.573,9720,50852,9718,38,19,22,25,0,0,0,0,1,0.000,4.953,4.205,0.000,0.191,0.677,0.000,3.366,0.074,0.000,0.000,0.000,0.000,0.000,0.000,0.000,0.000,0.000,0.000,0.000,0.000,0.000,0.000,0.008,0,0,0.191,0.486,3.366,0.000,14
Classic CPU ROAM,RelWithDebInfo,D3D12,NVIDIA GeForce RTX 5090 D,Direct3D 12 (feature level 12_0); requested Agility SDK 614; runtime 6.2.26100.8737 (C:\WINDOWS\SYSTEM32\D3D12Core.dll); driver 32.0.15.9186,false,assets/heightmaps/Hm_Terrain_Test_129.pgm,129,129,30.000,4.000,14,4.000,2.000,20000,0.904,0.000,6.000,0.388,5.267,9686,50888,9684,18,9,52,38,0,0,0,0,1,0.000,5.190,4.415,0.000,0.187,0.703,0.000,3.551,0.072,0.000,0.000,0.000,0.000,0.000,0.000,0.000,0.000,0.000,0.000,0.000,0.000,0.000,0.000,0.008,0,0,0.187,0.516,3.551,0.000,14
Classic CPU ROAM,RelWithDebInfo,D3D12,NVIDIA GeForce RTX 5090 D,Direct3D 12 (feature level 12_0); requested Agility SDK 614; runtime 6.2.26100.8737 (C:\WINDOWS\SYSTEM32\D3D12Core.dll); driver 32.0.15.9186,false,assets/heightmaps/Hm_Terrain_Test_129.pgm,129,129,30.000,4.000,14,4.000,2.000,20000,0.910,0.000,6.000,0.346,5.523,9682,50932,9680,22,11,26,18,0,0,0,0,1,320.395,4.992,4.324,0.000,0.191,0.683,0.000,3.479,0.063,0.000,0.000,0.000,0.000,0.000,0.000,0.000,0.000,0.000,0.000,0.000,0.000,0.000,0.000,0.010,0,0,0.191,0.491,3.479,0.000,14
Classic CPU ROAM,RelWithDebInfo,D3D12,NVIDIA GeForce RTX 5090 D,Direct3D 12 (feature level 12_0); requested Agility SDK 614; runtime 6.2.26100.8737 (C:\WINDOWS\SYSTEM32\D3D12Core.dll); driver 32.0.15.9186,false,assets/heightmaps/Hm_Terrain_Test_129.pgm,129,129,30.000,4.000,14,4.000,2.000,20000,0.915,0.000,6.000,0.308,5.307,9669,50966,9667,17,8,30,20,0,0,0,0,1,0.000,4.881,4.207,0.000,0.184,0.654,0.000,3.394,0.068,0.000,0.000,0.000,0.000,0.000,0.000,0.000,0.000,0.000,0.000,0.000,0.000,0.000,0.000,0.008,0,0,0.184,0.470,3.394,0.000,14
Classic CPU ROAM,RelWithDebInfo,D3D12,NVIDIA GeForce RTX 5090 D,Direct3D 12 (feature level 12_0); requested Agility SDK 614; runtime 6.2.26100.8737 (C:\WINDOWS\SYSTEM32\D3D12Core.dll); driver 32.0.15.9186,false,assets/heightmaps/Hm_Terrain_Test_129.pgm,129,129,30.000,4.000,14,4.000,2.000,20000,0.920,0.000,6.000,0.272,5.154,9660,51004,9658,19,8,28,18,0,0,0,0,1,0.000,4.891,4.241,0.000,0.176,0.633,0.000,3.449,0.072,0.000,0.000,0.000,0.000,0.000,0.000,0.000,0.000,0.000,0.000,0.000,0.000,0.000,0.000,0.008,0,0,0.176,0.458,3.449,0.000,14
Classic CPU ROAM,RelWithDebInfo,D3D12,NVIDIA GeForce RTX 5090 D,Direct3D 12 (feature level 12_0); requested Agility SDK 614; runtime 6.2.26100.8737 (C:\WINDOWS\SYSTEM32\D3D12Core.dll); driver 32.0.15.9186,false,assets/heightmaps/Hm_Terrain_Test_129.pgm,129,129,30.000,4.000,14,4.000,2.000,20000,0.925,0.000,6.000,0.239,5.206,9650,51044,9648,20,10,30,20,0,0,0,0,1,343.845,4.650,4.078,0.000,0.173,0.641,0.000,3.281,0.062,0.000,0.000,0.000,0.000,0.000,0.000,0.000,0.000,0.000,0.000,0.000,0.000,0.000,0.000,0.008,0,0,0.173,0.469,3.281,0.000,14
Classic CPU ROAM,RelWithDebInfo,D3D12,NVIDIA GeForce RTX 5090 D,Direct3D 12 (feature level 12_0); requested Agility SDK 614; runtime 6.2.26100.8737 (C:\WINDOWS\SYSTEM32\D3D12Core.dll); driver 32.0.15.9186,false,assets/heightmaps/Hm_Terrain_Test_129.pgm,129,129,30.000,4.000,14,4.000,2.000,20000,0.930,0.000,6.000,0.209,4.890,9641,51082,9639,19,9,28,16,0,0,0,0,1,0.000,4.924,4.239,0.000,0.172,0.621,0.000,3.461,0.074,0.000,0.000,0.000,0.000,0.000,0.000,0.000,0.000,0.000,0.000,0.000,0.000,0.000,0.000,0.008,0,0,0.172,0.449,3.461,0.000,14
Classic CPU ROAM,RelWithDebInfo,D3D12,NVIDIA GeForce RTX 5090 D,Direct3D 12 (feature level 12_0); requested Agility SDK 614; runtime 6.2.26100.8737 (C:\WINDOWS\SYSTEM32\D3D12Core.dll); driver 32.0.15.9186,false,assets/heightmaps/Hm_Terrain_Test_129.pgm,129,129,30.000,4.000,14,4.000,2.000,20000,0.935,0.000,6.000,0.180,5.191,9642,51156,9640,37,18,36,26,0,0,0,0,1,0.000,4.653,4.052,0.000,0.175,0.634,0.000,3.259,0.063,0.000,0.000,0.000,0.000,0.000,0.000,0.000,0.000,0.000,0.000,0.000,0.000,0.000,0.000,0.011,0,0,0.175,0.458,3.259,0.000,14
Classic CPU ROAM,RelWithDebInfo,D3D12,NVIDIA GeForce RTX 5090 D,Direct3D 12 (feature level 12_0); requested Agility SDK 614; runtime 6.2.26100.8737 (C:\WINDOWS\SYSTEM32\D3D12Core.dll); driver 32.0.15.9186,false,assets/heightmaps/Hm_Terrain_Test_129.pgm,129,129,30.000,4.000,14,4.000,2.000,20000,0.940,0.000,6.000,0.155,4.877,9583,51170,9581,7,2,66,26,0,0,0,0,1,335.207,4.781,4.178,0.000,0.165,0.626,0.000,3.394,0.071,0.000,0.000,0.000,0.000,0.000,0.000,0.000,0.000,0.000,0.000,0.000,0.000,0.000,0.000,0.008,0,0,0.165,0.461,3.394,0.000,14
Classic CPU ROAM,RelWithDebInfo,D3D12,NVIDIA GeForce RTX 5090 D,Direct3D 12 (feature level 12_0); requested Agility SDK 614; runtime 6.2.26100.8737 (C:\WINDOWS\SYSTEM32\D3D12Core.dll); driver 32.0.15.9186,false,assets/heightmaps/Hm_Terrain_Test_129.pgm,129,129,30.000,4.000,14,4.000,2.000,20000,0.945,0.000,6.000,0.130,5.006,9555,51214,9553,22,11,50,18,0,0,0,0,1,0.000,4.774,4.199,0.000,0.167,0.623,0.000,3.420,0.063,0.000,0.000,0.000,0.000,0.000,0.000,0.000,0.000,0.000,0.000,0.000,0.000,0.000,0.000,0.008,0,0,0.167,0.456,3.420,0.000,14
Classic CPU ROAM,RelWithDebInfo,D3D12,NVIDIA GeForce RTX 5090 D,Direct3D 12 (feature level 12_0); requested Agility SDK 614; runtime 6.2.26100.8737 (C:\WINDOWS\SYSTEM32\D3D12Core.dll); driver 32.0.15.9186,false,assets/heightmaps/Hm_Terrain_Test_129.pgm,129,129,30.000,4.000,14,4.000,2.000,20000,0.950,0.000,6.000,0.108,4.986,9558,51248,9556,17,8,14,10,0,0,0,0,1,0.000,4.710,4.119,0.000,0.163,0.608,0.000,3.354,0.063,0.000,0.000,0.000,0.000,0.000,0.000,0.000,0.000,0.000,0.000,0.000,0.000,0.000,0.000,0.010,0,0,0.163,0.445,3.354,0.000,14
Classic CPU ROAM,RelWithDebInfo,D3D12,NVIDIA GeForce RTX 5090 D,Direct3D 12 (feature level 12_0); requested Agility SDK 614; runtime 6.2.26100.8737 (C:\WINDOWS\SYSTEM32\D3D12Core.dll); driver 32.0.15.9186,false,assets/heightmaps/Hm_Terrain_Test_129.pgm,129,129,30.000,4.000,14,4.000,2.000,20000,0.955,0.000,6.000,0.088,4.968,9552,51260,9550,6,3,12,8,0,0,0,0,1,342.496,4.676,4.101,0.000,0.156,0.592,0.000,3.354,0.066,0.000,0.000,0.000,0.000,0.000,0.000,0.000,0.000,0.000,0.000,0.000,0.000,0.000,0.000,0.008,0,0,0.156,0.436,3.354,0.000,14
Classic CPU ROAM,RelWithDebInfo,D3D12,NVIDIA GeForce RTX 5090 D,Direct3D 12 (feature level 12_0); requested Agility SDK 614; runtime 6.2.26100.8737 (C:\WINDOWS\SYSTEM32\D3D12Core.dll); driver 32.0.15.9186,false,assets/heightmaps/Hm_Terrain_Test_129.pgm,129,129,30.000,4.000,14,4.000,2.000,20000,0.960,0.000,6.000,0.070,4.930,9558,51276,9556,8,4,2,4,0,0,0,0,1,0.000,4.557,3.994,0.000,0.157,0.583,0.000,3.257,0.063,0.000,0.000,0.000,0.000,0.000,0.000,0.000,0.000,0.000,0.000,0.000,0.000,0.000,0.000,0.008,0,0,0.157,0.426,3.257,0.000,14
Classic CPU ROAM,RelWithDebInfo,D3D12,NVIDIA GeForce RTX 5090 D,Direct3D 12 (feature level 12_0); requested Agility SDK 614; runtime 6.2.26100.8737 (C:\WINDOWS\SYSTEM32\D3D12Core.dll); driver 32.0.15.9186,false,assets/heightmaps/Hm_Terrain_Test_129.pgm,129,129,30.000,4.000,14,4.000,2.000,20000,0.965,0.000,6.000,0.054,4.757,9554,51288,9552,6,3,10,6,0,0,0,0,1,0.000,4.959,4.214,0.000,0.155,0.582,0.000,3.468,0.063,0.000,0.000,0.000,0.000,0.000,0.000,0.000,0.000,0.000,0.000,0.000,0.000,0.000,0.000,0.008,0,0,0.155,0.428,3.468,0.000,14
Classic CPU ROAM,RelWithDebInfo,D3D12,NVIDIA GeForce RTX 5090 D,Direct3D 12 (feature level 12_0); requested Agility SDK 614; runtime 6.2.26100.8737 (C:\WINDOWS\SYSTEM32\D3D12Core.dll); driver 32.0.15.9186,false,assets/heightmaps/Hm_Terrain_Test_129.pgm,129,129,30.000,4.000,14,4.000,2.000,20000,0.970,0.000,6.000,0.040,5.188,9545,51298,9543,5,2,14,8,0,0,0,0,1,0.000,4.639,4.050,0.000,0.157,0.609,0.000,3.282,0.061,0.000,0.000,0.000,0.000,0.000,0.000,0.000,0.000,0.000,0.000,0.000,0.000,0.000,0.000,0.010,0,0,0.157,0.452,3.282,0.000,14
Classic CPU ROAM,RelWithDebInfo,D3D12,NVIDIA GeForce RTX 5090 D,Direct3D 12 (feature level 12_0); requested Agility SDK 614; runtime 6.2.26100.8737 (C:\WINDOWS\SYSTEM32\D3D12Core.dll); driver 32.0.15.9186,false,assets/heightmaps/Hm_Terrain_Test_129.pgm,129,129,30.000,4.000,14,4.000,2.000,20000,0.975,0.000,6.000,0.028,4.870,9546,51312,9544,7,3,6,4,0,0,0,0,1,333.525,4.793,4.228,0.000,0.155,0.586,0.000,3.486,0.065,0.000,0.000,0.000,0.000,0.000,0.000,0.000,0.000,0.000,0.000,0.000,0.000,0.000,0.000,0.008,0,0,0.155,0.431,3.486,0.000,14
Classic CPU ROAM,RelWithDebInfo,D3D12,NVIDIA GeForce RTX 5090 D,Direct3D 12 (feature level 12_0); requested Agility SDK 614; runtime 6.2.26100.8737 (C:\WINDOWS\SYSTEM32\D3D12Core.dll); driver 32.0.15.9186,false,assets/heightmaps/Hm_Terrain_Test_129.pgm,129,129,30.000,4.000,14,4.000,2.000,20000,0.980,0.000,6.000,0.018,4.994,9552,51328,9550,8,4,2,5,0,0,0,0,1,0.000,4.931,4.272,0.000,0.157,0.588,0.000,3.524,0.067,0.000,0.000,0.000,0.000,0.000,0.000,0.000,0.000,0.000,0.000,0.000,0.000,0.000,0.000,0.008,0,0,0.157,0.431,3.524,0.000,14
Classic CPU ROAM,RelWithDebInfo,D3D12,NVIDIA GeForce RTX 5090 D,Direct3D 12 (feature level 12_0); requested Agility SDK 614; runtime 6.2.26100.8737 (C:\WINDOWS\SYSTEM32\D3D12Core.dll); driver 32.0.15.9186,false,assets/heightmaps/Hm_Terrain_Test_129.pgm,129,129,30.000,4.000,14,4.000,2.000,20000,0.985,0.000,6.000,0.010,5.141,9546,51332,9544,2,1,8,4,0,0,0,0,1,0.000,4.826,4.249,0.000,0.155,0.591,0.000,3.501,0.062,0.000,0.000,0.000,0.000,0.000,0.000,0.000,0.000,0.000,0.000,0.000,0.000,0.000,0.000,0.010,0,0,0.155,0.437,3.501,0.000,14
Classic CPU ROAM,RelWithDebInfo,D3D12,NVIDIA GeForce RTX 5090 D,Direct3D 12 (feature level 12_0); requested Agility SDK 614; runtime 6.2.26100.8737 (C:\WINDOWS\SYSTEM32\D3D12Core.dll); driver 32.0.15.9186,false,assets/heightmaps/Hm_Terrain_Test_129.pgm,129,129,30.000,4.000,14,4.000,2.000,20000,0.990,0.000,6.000,0.004,5.063,9550,51340,9548,4,2,0,2,0,0,0,0,1,0.000,4.849,4.216,0.000,0.156,0.585,0.000,3.471,0.068,0.000,0.000,0.000,0.000,0.000,0.000,0.000,0.000,0.000,0.000,0.000,0.000,0.000,0.000,0.008,0,0,0.156,0.429,3.471,0.000,14
Classic CPU ROAM,RelWithDebInfo,D3D12,NVIDIA GeForce RTX 5090 D,Direct3D 12 (feature level 12_0); requested Agility SDK 614; runtime 6.2.26100.8737 (C:\WINDOWS\SYSTEM32\D3D12Core.dll); driver 32.0.15.9186,false,assets/heightmaps/Hm_Terrain_Test_129.pgm,129,129,30.000,4.000,14,4.000,2.000,20000,0.995,0.000,6.000,0.001,5.141,9550,51340,9548,0,0,0,0,0,0,0,0,1,0.000,4.436,3.873,0.000,0.151,0.586,0.000,3.134,0.064,0.000,0.000,0.000,0.000,0.000,0.000,0.000,0.000,0.000,0.000,0.000,0.000,0.000,0.000,0.008,0,0,0.151,0.435,3.134,0.000,14
Classic CPU ROAM,RelWithDebInfo,D3D12,NVIDIA GeForce RTX 5090 D,Direct3D 12 (feature level 12_0); requested Agility SDK 614; runtime 6.2.26100.8737 (C:\WINDOWS\SYSTEM32\D3D12Core.dll); driver 32.0.15.9186,false,assets/heightmaps/Hm_Terrain_Test_129.pgm,129,129,30.000,4.000,14,4.000,2.000,20000,1.000,0.000,6.000,0.000,4.649,9550,51340,9548,0,0,0,0,0,0,0,0,1,0.000,4.477,3.912,0.000,0.151,0.576,0.000,3.182,0.061,0.000,0.000,0.000,0.000,0.000,0.000,0.000,0.000,0.000,0.000,0.000,0.000,0.000,0.000,0.008,0,0,0.151,0.425,3.182,0.000,14
Classic CPU ROAM,RelWithDebInfo,D3D12,NVIDIA GeForce RTX 5090 D,Direct3D 12 (feature level 12_0); requested Agility SDK 614; runtime 6.2.26100.8737 (C:\WINDOWS\SYSTEM32\D3D12Core.dll); driver 32.0.15.9186,false,assets/heightmaps/Hm_Terrain_Test_129.pgm,129,129,30.000,4.000,14,4.000,2.000,20000,1.000,0.000,6.000,0.000,4.666,9550,51340,9548,0,0,0,0,0,0,0,0,1,342.924,4.663,4.084,0.000,0.149,0.571,0.000,3.356,0.063,0.000,0.000,0.000,0.000,0.000,0.000,0.000,0.000,0.000,0.000,0.000,0.000,0.000,0.000,0.011,0,0,0.149,0.421,3.356,0.000,14
Data-Oriented CPU ROAM,RelWithDebInfo,D3D12,NVIDIA GeForce RTX 5090 D,Direct3D 12 (feature level 12_0); requested Agility SDK 614; runtime 6.2.26100.8737 (C:\WINDOWS\SYSTEM32\D3D12Core.dll); driver 32.0.15.9186,false,assets/heightmaps/Hm_Terrain_Test_129.pgm,129,129,30.000,4.000,14,4.000,2.000,20000,0.000,0.000,6.000,15.000,22.238,15199,30396,15197,15197,7664,0,5233,0,0,0,0,8,83.789,18.811,17.310,0.001,8.486,8.488,0.002,2.004,0.118,0.000,0.000,0.000,0.000,0.000,0.000,0.000,0.000,0.000,0.000,0.000,0.000,0.000,0.000,0.008,0,0,8.487,0.003,2.004,0.000,14
Data-Oriented CPU ROAM,RelWithDebInfo,D3D12,NVIDIA GeForce RTX 5090 D,Direct3D 12 (feature level 12_0); requested Agility SDK 614; runtime 6.2.26100.8737 (C:\WINDOWS\SYSTEM32\D3D12Core.dll); driver 32.0.15.9186,false,assets/heightmaps/Hm_Terrain_Test_129.pgm,129,129,30.000,4.000,14,4.000,2.000,20000,0.019,0.000,6.000,14.983,19.435,15226,30450,15224,27,13,0,15,0,0,0,0,8,0.000,7.212,3.722,0.172,0.037,0.040,1.764,1.158,2.457,0.000,0.000,0.000,0.000,0.000,0.000,0.000,0.000,0.000,0.000,0.000,0.000,0.000,0.000,0.008,0,0,1.270,0.705,1.158,0.000,14
Data-Oriented CPU ROAM,RelWithDebInfo,D3D12,NVIDIA GeForce RTX 5090 D,Direct3D 12 (feature level 12_0); requested Agility SDK 614; runtime 6.2.26100.8737 (C:\WINDOWS\SYSTEM32\D3D12Core.dll); driver 32.0.15.9186,false,assets/heightmaps/Hm_Terrain_Test_129.pgm,129,129,30.000,4.000,14,4.000,2.000,20000,0.027,0.000,6.000,14.968,7.602,15227,30490,15225,20,10,19,11,0,0,0,0,8,0.000,7.038,5.278,0.234,0.058,0.133,2.424,1.844,0.128,0.000,0.000,0.000,0.000,0.000,0.000,0.000,0.000,0.000,0.000,0.000,0.000,0.000,0.000,0.010,0,0,1.855,0.936,1.844,0.000,14
Data-Oriented CPU ROAM,RelWithDebInfo,D3D12,NVIDIA GeForce RTX 5090 D,Direct3D 12 (feature level 12_0); requested Agility SDK 614; runtime 6.2.26100.8737 (C:\WINDOWS\SYSTEM32\D3D12Core.dll); driver 32.0.15.9186,false,assets/heightmaps/Hm_Terrain_Test_129.pgm,129,129,30.000,4.000,14,4.000,2.000,20000,0.035,0.000,6.000,14.947,7.616,15227,30546,15225,28,14,28,14,0,0,0,0,8,0.000,9.946,5.204,0.169,0.084,0.133,1.955,2.190,3.239,0.000,0.000,0.000,0.000,0.000,0.000,0.000,0.000,0.000,0.000,0.000,0.000,0.000,0.000,0.011,0,0,1.665,0.592,2.190,0.000,14
Data-Oriented CPU ROAM,RelWithDebInfo,D3D12,NVIDIA GeForce RTX 5090 D,Direct3D 12 (feature level 12_0); requested Agility SDK 614; runtime 6.2.26100.8737 (C:\WINDOWS\SYSTEM32\D3D12Core.dll); driver 32.0.15.9186,false,assets/heightmaps/Hm_Terrain_Test_129.pgm,129,129,30.000,4.000,14,4.000,2.000,20000,0.045,0.000,6.000,14.912,10.237,15235,30624,15233,39,19,31,26,0,0,0,0,8,0.000,4.797,3.536,0.152,0.053,0.087,1.579,1.144,0.109,0.000,0.000,0.000,0.000,0.000,0.000,0.000,0.000,0.000,0.000,0.000,0.000,0.000,0.000,0.009,0,0,0.988,0.831,1.144,0.000,14
Data-Oriented CPU ROAM,RelWithDebInfo,D3D12,NVIDIA GeForce RTX 5090 D,Direct3D 12 (feature level 12_0); requested Agility SDK 614; runtime 6.2.26100.8737 (C:\WINDOWS\SYSTEM32\D3D12Core.dll); driver 32.0.15.9186,false,assets/heightmaps/Hm_Terrain_Test_129.pgm,129,129,30.000,4.000,14,4.000,2.000,20000,0.050,0.000,6.000,14.891,5.059,15213,30628,15211,2,1,24,10,0,0,0,0,8,0.000,4.967,3.836,0.150,0.009,0.035,1.983,1.101,0.107,0.000,0.000,0.000,0.000,0.000,0.000,0.000,0.000,0.000,0.000,0.000,0.000,0.000,0.000,0.010,0,0,1.195,0.974,1.101,0.000,14
Data-Oriented CPU ROAM,RelWithDebInfo,D3D12,NVIDIA GeForce RTX 5090 D,Direct3D 12 (feature level 12_0); requested Agility SDK 614; runtime 6.2.26100.8737 (C:\WINDOWS\SYSTEM32\D3D12Core.dll); driver 32.0.15.9186,false,assets/heightmaps/Hm_Terrain_Test_129.pgm,129,129,30.000,4.000,14,4.000,2.000,20000,0.055,0.000,6.000,14.868,5.198,15210,30642,15208,7,2,10,5,0,0,0,0,8,2270.887,4.986,3.849,0.193,0.018,0.031,1.940,1.109,0.109,0.000,0.000,0.000,0.000,0.000,0.000,0.000,0.000,0.000,0.000,0.000,0.000,0.000,0.000,0.010,0,0,1.251,0.914,1.109,0.000,14
Data-Oriented CPU ROAM,RelWithDebInfo,D3D12,NVIDIA GeForce RTX 5090 D,Direct3D 12 (feature level 12_0); requested Agility SDK 614; runtime 6.2.26100.8737 (C:\WINDOWS\SYSTEM32\D3D12Core.dll); driver 32.0.15.9186,false,assets/heightmaps/Hm_Terrain_Test_129.pgm,129,129,30.000,4.000,14,4.000,2.000,20000,0.060,0.000,6.000,14.843,5.216,15210,30684,15208,21,10,21,14,0,0,0,0,8,0.000,4.623,3.440,0.148,0.032,0.059,1.525,1.135,0.116,0.000,0.000,0.000,0.000,0.000,0.000,0.000,0.000,0.000,0.000,0.000,0.000,0.000,0.000,0.010,0,0,1.189,0.544,1.135,0.000,14
Data-Oriented CPU ROAM,RelWithDebInfo,D3D12,NVIDIA GeForce RTX 5090 D,Direct3D 12 (feature level 12_0); requested Agility SDK 614; runtime 6.2.26100.8737 (C:\WINDOWS\SYSTEM32\D3D12Core.dll); driver 32.0.15.9186,false,assets/heightmaps/Hm_Terrain_Test_129.pgm,129,129,30.000,4.000,14,4.000,2.000,20000,0.065,0.000,6.000,14.817,4.854,15180,30730,15178,23,11,53,26,0,0,0,0,8,0.000,4.375,3.215,0.152,0.035,0.090,1.285,1.122,0.115,0.000,0.000,0.000,0.000,0.000,0.000,0.000,0.000,0.000,0.000,0.000,0.000,0.000,0.000,0.010,0,0,0.950,0.577,1.122,0.000,14
Data-Oriented CPU ROAM,RelWithDebInfo,D3D12,NVIDIA GeForce RTX 5090 D,Direct3D 12 (feature level 12_0); requested Agility SDK 614; runtime 6.2.26100.8737 (C:\WINDOWS\SYSTEM32\D3D12Core.dll); driver 32.0.15.9186,false,assets/heightmaps/Hm_Terrain_Test_129.pgm,129,129,30.000,4.000,14,4.000,2.000,20000,0.070,0.000,6.000,14.791,4.597,15174,30766,15172,18,9,24,10,0,0,0,0,8,1941.315,4.994,3.829,0.158,0.031,0.059,1.924,1.114,0.108,0.000,0.000,0.000,0.000,0.000,0.000,0.000,0.000,0.000,0.000,0.000,0.000,0.000,0.000,0.010,0,0,1.102,1.039,1.114,0.000,14
Data-Oriented CPU ROAM,RelWithDebInfo,D3D12,NVIDIA GeForce RTX 5090 D,Direct3D 12 (feature level 12_0); requested Agility SDK 614; runtime 6.2.26100.8737 (C:\WINDOWS\SYSTEM32\D3D12Core.dll); driver 32.0.15.9186,false,assets/heightmaps/Hm_Terrain_Test_129.pgm,129,129,30.000,4.000,14,4.000,2.000,20000,0.075,0.000,6.000,14.759,5.239,15166,30822,15164,28,14,36,20,0,0,0,0,8,0.000,5.152,4.059,0.150,0.034,0.074,1.717,1.542,0.113,0.000,0.000,0.000,0.000,0.000,0.000,0.000,0.000,0.000,0.000,0.000,0.000,0.000,0.000,0.012,0,0,0.954,0.987,1.542,0.000,14
Data-Oriented CPU ROAM,RelWithDebInfo,D3D12,NVIDIA GeForce RTX 5090 D,Direct3D 12 (feature level 12_0); requested Agility SDK 614; runtime 6.2.26100.8737 (C:\WINDOWS\SYSTEM32\D3D12Core.dll); driver 32.0.15.9186,false,assets/heightmaps/Hm_Terrain_Test_129.pgm,129,129,30.000,4.000,14,4.000,2.000,20000,0.080,0.000,6.000,14.725,5.369,15082,30868,15080,23,11,107,44,0,0,0,0,8,0.000,5.078,4.016,0.279,0.030,0.126,1.968,1.075,0.103,0.000,0.000,0.000,0.000,0.000,0.000,0.000,0.000,0.000,0.000,0.000,0.000,0.000,0.000,0.010,0,0,1.564,0.810,1.075,0.000,14
Data-Oriented CPU ROAM,RelWithDebInfo,D3D12,NVIDIA GeForce RTX 5090 D,Direct3D 12 (feature level 12_0); requested Agility SDK 614; runtime 6.2.26100.8737 (C:\WINDOWS\SYSTEM32\D3D12Core.dll); driver 32.0.15.9186,false,assets/heightmaps/Hm_Terrain_Test_129.pgm,129,129,30.000,4.000,14,4.000,2.000,20000,0.086,0.000,6.000,14.689,5.250,15088,30944,15086,38,19,32,24,0,0,0,0,8,2620.710,4.938,3.728,0.148,0.045,0.079,1.830,1.072,0.112,0.000,0.000,0.000,0.000,0.000,0.000,0.000,0.000,0.000,0.000,0.000,0.000,0.000,0.000,0.010,0,0,1.276,0.781,1.072,0.000,14
Data-Oriented CPU ROAM,RelWithDebInfo,D3D12,NVIDIA GeForce RTX 5090 D,Direct3D 12 (feature level 12_0); requested Agility SDK 614; runtime 6.2.26100.8737 (C:\WINDOWS\SYSTEM32\D3D12Core.dll); driver 32.0.15.9186,false,assets/heightmaps/Hm_Terrain_Test_129.pgm,129,129,30.000,4.000,14,4.000,2.000,20000,0.091,0.000,6.000,14.651,5.152,15075,30982,15073,19,9,32,16,0,0,0,0,8,0.000,4.980,3.909,0.154,0.030,0.064,2.043,1.091,0.109,0.000,0.000,0.000,0.000,0.000,0.000,0.000,0.000,0.000,0.000,0.000,0.000,0.000,0.000,0.010,0,0,1.215,1.045,1.091,0.000,14
Data-Oriented CPU ROAM,RelWithDebInfo,D3D12,NVIDIA GeForce RTX 5090 D,Direct3D 12 (feature level 12_0); requested Agility SDK 614; runtime 6.2.26100.8737 (C:\WINDOWS\SYSTEM32\D3D12Core.dll); driver 32.0.15.9186,false,assets/heightmaps/Hm_Terrain_Test_129.pgm,129,129,30.000,4.000,14,4.000,2.000,20000,0.096,0.000,6.000,14.612,5.203,15039,31026,15037,22,11,58,24,0,0,0,0,8,0.000,4.619,3.550,0.147,0.030,0.084,1.682,1.082,0.109,0.000,0.000,0.000,0.000,0.000,0.000,0.000,0.000,0.000,0.000,0.000,0.000,0.000,0.000,0.012,0,0,0.900,1.013,1.082,0.000,14
Data-Oriented CPU ROAM,RelWithDebInfo,D3D12,NVIDIA GeForce RTX 5090 D,Direct3D 12 (feature level 12_0); requested Agility SDK 614; runtime 6.2.26100.8737 (C:\WINDOWS\SYSTEM32\D3D12Core.dll); driver 32.0.15.9186,false,assets/heightmaps/Hm_Terrain_Test_129.pgm,129,129,30.000,4.000,14,4.000,2.000,20000,0.101,0.000,6.000,14.573,4.788,15032,31072,15030,23,11,30,15,0,0,0,0,8,327.321,4.937,3.870,0.146,0.031,0.062,2.032,1.072,0.105,0.000,0.000,0.000,0.000,0.000,0.000,0.000,0.000,0.000,0.000,0.000,0.000,0.000,0.000,0.010,0,0,1.195,1.046,1.072,0.000,14
Data-Oriented CPU ROAM,RelWithDebInfo,D3D12,NVIDIA GeForce RTX 5090 D,Direct3D 12 (feature level 12_0); requested Agility SDK 614; runtime 6.2.26100.8737 (C:\WINDOWS\SYSTEM32\D3D12Core.dll); driver 32.0.15.9186,false,assets/heightmaps/Hm_Terrain_Test_129.pgm,129,129,30.000,4.000,14,4.000,2.000,20000,0.106,0.000,6.000,14.531,5.108,15028,31132,15026,30,15,34,18,0,0,0,0,8,0.000,4.976,3.904,0.146,0.035,0.066,2.066,1.069,0.112,0.000,0.000,0.000,0.000,0.000,0.000,0.000,0.000,0.000,0.000,0.000,0.000,0.000,0.000,0.010,0,0,1.239,1.040,1.069,0.000,14
Data-Oriented CPU ROAM,RelWithDebInfo,D3D12,NVIDIA GeForce RTX 5090 D,Direct3D 12 (feature level 12_0); requested Agility SDK 614; runtime 6.2.26100.8737 (C:\WINDOWS\SYSTEM32\D3D12Core.dll); driver 32.0.15.9186,false,assets/heightmaps/Hm_Terrain_Test_129.pgm,129,129,30.000,4.000,14,4.000,2.000,20000,0.111,0.000,6.000,14.486,5.175,15052,31220,15050,44,22,20,28,0,0,0,0,8,0.000,4.267,3.162,0.153,0.052,0.075,1.291,1.092,0.111,0.000,0.000,0.000,0.000,0.000,0.000,0.000,0.000,0.000,0.000,0.000,0.000,0.000,0.000,0.011,0,0,0.974,0.544,1.092,0.000,14
Data-Oriented CPU ROAM,RelWithDebInfo,D3D12,NVIDIA GeForce RTX 5090 D,Direct3D 12 (feature level 12_0); requested Agility SDK 614; runtime 6.2.26100.8737 (C:\WINDOWS\SYSTEM32\D3D12Core.dll); driver 32.0.15.9186,false,assets/heightmaps/Hm_Terrain_Test_129.pgm,129,129,30.000,4.000,14,4.000,2.000,20000,0.116,0.000,6.000,14.445,4.474,15050,31296,15048,38,19,40,24,0,0,0,0,8,2651.001,4.880,3.802,0.152,0.044,0.086,1.919,1.077,0.105,0.000,0.000,0.000,0.000,0.000,0.000,0.000,0.000,0.000,0.000,0.000,0.000,0.000,0.000,0.010,0,0,1.334,0.822,1.077,0.000,14
Data-Oriented CPU ROAM,RelWithDebInfo,D3D12,NVIDIA GeForce RTX 5090 D,Direct3D 12 (feature level 12_0); requested Agility SDK 614; runtime 6.2.26100.8737 (C:\WINDOWS\SYSTEM32\D3D12Core.dll); driver 32.0.15.9186,false,assets/heightmaps/Hm_Terrain_Test_129.pgm,129,129,30.000,4.000,14,4.000,2.000,20000,0.121,0.000,6.000,14.398,5.046,15058,31364,15056,34,16,26,25,0,0,0,0,8,0.000,4.662,3.585,0.148,0.035,0.065,1.694,1.121,0.106,0.000,0.000,0.000,0.000,0.000,0.000,0.000,0.000,0.000,0.000,0.000,0.000,0.000,0.000,0.010,0,0,1.355,0.552,1.121,0.000,14
Data-Oriented CPU ROAM,RelWithDebInfo,D3D12,NVIDIA GeForce RTX 5090 D,Direct3D 12 (feature level 12_0); requested Agility SDK 614; runtime 6.2.26100.8737 (C:\WINDOWS\SYSTEM32\D3D12Core.dll); driver 32.0.15.9186,false,assets/heightmaps/Hm_Terrain_Test_129.pgm,129,129,30.000,4.000,14,4.000,2.000,20000,0.125,0.000,6.000,14.351,4.824,15038,31424,15036,30,15,50,32,0,0,0,0,8,0.000,4.523,3.440,0.148,0.038,0.095,1.558,1.077,0.104,0.000,0.000,0.000,0.000,0.000,0.000,0.000,0.000,0.000,0.000,0.000,0.000,0.000,0.000,0.010,0,0,1.231,0.570,1.077,0.000,14
Data-Oriented CPU ROAM,RelWithDebInfo,D3D12,NVIDIA GeForce RTX 5090 D,Direct3D 12 (feature level 12_0); requested Agility SDK 614; runtime 6.2.26100.8737 (C:\WINDOWS\SYSTEM32\D3D12Core.dll); driver 32.0.15.9186,false,assets/heightmaps/Hm_Terrain_Test_129.pgm,129,129,30.000,4.000,14,4.000,2.000,20000,0.130,0.000,6.000,14.304,4.722,15004,31488,15002,32,16,66,44,0,0,0,0,8,0.000,4.503,3.421,0.147,0.037,0.109,1.538,1.066,0.109,0.000,0.000,0.000,0.000,0.000,0.000,0.000,0.000,0.000,0.000,0.000,0.000,0.000,0.000,0.011,0,0,1.201,0.593,1.066,0.000,14
Data-Oriented CPU ROAM,RelWithDebInfo,D3D12,NVIDIA GeForce RTX 5090 D,Direct3D 12 (feature level 12_0); requested Agility SDK 614; runtime 6.2.26100.8737 (C:\WINDOWS\SYSTEM32\D3D12Core.dll); driver 32.0.15.9186,false,assets/heightmaps/Hm_Terrain_Test_129.pgm,129,129,30.000,4.000,14,4.000,2.000,20000,0.135,0.000,6.000,14.254,4.769,14952,31556,14950,34,17,86,48,0,0,0,0,8,327.273,4.937,3.869,0.145,0.039,0.122,1.960,1.084,0.105,0.000,0.000,0.000,0.000,0.000,0.000,0.000,0.000,0.000,0.000,0.000,0.000,0.000,0.000,0.010,0,0,1.197,1.031,1.084,0.000,14
Data-Oriented CPU ROAM,RelWithDebInfo,D3D12,NVIDIA GeForce RTX 5090 D,Direct3D 12 (feature level 12_0); requested Agility SDK 614; runtime 6.2.26100.8737 (C:\WINDOWS\SYSTEM32\D3D12Core.dll); driver 32.0.15.9186,false,assets/heightmaps/Hm_Terrain_Test_129.pgm,129,129,30.000,4.000,14,4.000,2.000,20000,0.140,0.000,6.000,14.199,5.166,14944,31636,14942,40,20,48,26,0,0,0,0,8,0.000,4.992,3.912,0.299,0.047,0.096,1.889,1.072,0.108,0.000,0.000,0.000,0.000,0.000,0.000,0.000,0.000,0.000,0.000,0.000,0.000,0.000,0.000,0.010,0,0,1.378,0.905,1.072,0.000,14
Data-Oriented CPU ROAM,RelWithDebInfo,D3D12,NVIDIA GeForce RTX 5090 D,Direct3D 12 (feature level 12_0); requested Agility SDK 614; runtime 6.2.26100.8737 (C:\WINDOWS\SYSTEM32\D3D12Core.dll); driver 32.0.15.9186,false,assets/heightmaps/Hm_Terrain_Test_129.pgm,129,129,30.000,4.000,14,4.000,2.000,20000,0.145,0.000,6.000,14.142,5.194,14942,31732,14940,48,24,50,32,0,0,0,0,8,0.000,4.270,3.169,0.146,0.049,0.097,1.230,1.135,0.115,0.000,0.000,0.000,0.000,0.000,0.000,0.000,0.000,0.000,0.000,0.000,0.000,0.000,0.000,0.013,0,0,0.913,0.560,1.135,0.000,14
Data-Oriented CPU ROAM,RelWithDebInfo,D3D12,NVIDIA GeForce RTX 5090 D,Direct3D 12 (feature level 12_0); requested Agility SDK 614; runtime 6.2.26100.8737 (C:\WINDOWS\SYSTEM32\D3D12Core.dll); driver 32.0.15.9186,false,assets/heightmaps/Hm_Terrain_Test_129.pgm,129,129,30.000,4.000,14,4.000,2.000,20000,0.150,0.000,6.000,14.091,4.477,14944,31788,14942,28,14,26,23,0,0,0,0,8,1314.931,4.925,3.858,0.146,0.036,0.066,2.018,1.063,0.112,0.000,0.000,0.000,0.000,0.000,0.000,0.000,0.000,0.000,0.000,0.000,0.000,0.000,0.000,0.010,0,0,1.188,1.042,1.063,0.000,14
Data-Oriented CPU ROAM,RelWithDebInfo,D3D12,NVIDIA GeForce RTX 5090 D,Direct3D 12 (feature level 12_0); requested Agility SDK 614; runtime 6.2.26100.8737 (C:\WINDOWS\SYSTEM32\D3D12Core.dll); driver 32.0.15.9186,false,assets/heightmaps/Hm_Terrain_Test_129.pgm,129,129,30.000,4.000,14,4.000,2.000,20000,0.155,0.000,6.000,14.031,5.166,14980,31904,14978,58,29,22,36,0,0,0,0,8,0.000,4.550,3.482,0.144,0.058,0.084,1.611,1.084,0.108,0.000,0.000,0.000,0.000,0.000,0.000,0.000,0.000,0.000,0.000,0.000,0.000,0.000,0.000,0.010,0,0,1.297,0.542,1.084,0.000,14
Data-Oriented CPU ROAM,RelWithDebInfo,D3D12,NVIDIA GeForce RTX 5090 D,Direct3D 12 (feature level 12_0); requested Agility SDK 614; runtime 6.2.26100.8737 (C:\WINDOWS\SYSTEM32\D3D12Core.dll); driver 32.0.15.9186,false,assets/heightmaps/Hm_Terrain_Test_129.pgm,129,129,30.000,4.000,14,4.000,2.000,20000,0.160,0.000,6.000,13.974,4.770,15010,32012,15008,54,27,24,36,0,0,0,0,8,0.000,4.781,3.731,0.149,0.057,0.083,1.865,1.077,0.104,0.000,0.000,0.000,0.000,0.000,0.000,0.000,0.000,0.000,0.000,0.000,0.000,0.000,0.000,0.010,0,0,1.248,0.851,1.077,0.000,14
Data-Oriented CPU ROAM,RelWithDebInfo,D3D12,NVIDIA GeForce RTX 5090 D,Direct3D 12 (feature level 12_0); requested Agility SDK 614; runtime 6.2.26100.8737 (C:\WINDOWS\SYSTEM32\D3D12Core.dll); driver 32.0.15.9186,false,assets/heightmaps/Hm_Terrain_Test_129.pgm,129,129,30.000,4.000,14,4.000,2.000,20000,0.165,0.000,6.000,13.913,4.982,14999,32124,14997,56,27,67,35,0,0,0,0,8,333.362,4.847,3.790,0.146,0.056,0.119,1.901,1.063,0.103,0.000,0.000,0.000,0.000,0.000,0.000,0.000,0.000,0.000,0.000,0.000,0.000,0.000,0.000,0.011,0,0,1.253,0.913,1.063,0.000,14
Data-Oriented CPU ROAM,RelWithDebInfo,D3D12,NVIDIA GeForce RTX 5090 D,Direct3D 12 (feature level 12_0); requested Agility SDK 614; runtime 6.2.26100.8737 (C:\WINDOWS\SYSTEM32\D3D12Core.dll); driver 32.0.15.9186,false,assets/heightmaps/Hm_Terrain_Test_129.pgm,129,129,30.000,4.000,14,4.000,2.000,20000,0.170,0.000,6.000,13.850,5.049,14925,32200,14923,38,19,112,30,0,0,0,0,8,0.000,4.292,3.245,0.146,0.037,0.145,1.306,1.090,0.107,0.000,0.000,0.000,0.000,0.000,0.000,0.000,0.000,0.000,0.000,0.000,0.000,0.000,0.000,0.010,0,0,0.974,0.623,1.090,0.000,14
Data-Oriented CPU ROAM,RelWithDebInfo,D3D12,NVIDIA GeForce RTX 5090 D,Direct3D 12 (feature level 12_0); requested Agility SDK 614; runtime 6.2.26100.8737 (C:\WINDOWS\SYSTEM32\D3D12Core.dll); driver 32.0.15.9186,false,assets/heightmaps/Hm_Terrain_Test_129.pgm,129,129,30.000,4.000,14,4.000,2.000,20000,0.174,0.000,6.000,13.792,4.503,14815,32264,14813,32,16,142,31,0,0,0,0,8,0.000,4.619,3.546,0.153,0.043,0.172,1.561,1.106,0.107,0.000,0.000,0.000,0.000,0.000,0.000,0.000,0.000,0.000,0.000,0.000,0.000,0.000,0.000,0.010,0,0,1.216,0.670,1.106,0.000,14
Data-Oriented CPU ROAM,RelWithDebInfo,D3D12,NVIDIA GeForce RTX 5090 D,Direct3D 12 (feature level 12_0); requested Agility SDK 614; runtime 6.2.26100.8737 (C:\WINDOWS\SYSTEM32\D3D12Core.dll); driver 32.0.15.9186,false,assets/heightmaps/Hm_Terrain_Test_129.pgm,129,129,30.000,4.000,14,4.000,2.000,20000,0.179,0.000,6.000,13.729,4.829,14721,32344,14719,40,20,134,34,0,0,0,0,8,336.246,4.816,3.774,0.143,0.043,0.144,1.868,1.067,0.107,0.000,0.000,0.000,0.000,0.000,0.000,0.000,0.000,0.000,0.000,0.000,0.000,0.000,0.000,0.011,0,0,1.173,0.983,1.067,0.000,14
Data-Oriented CPU ROAM,RelWithDebInfo,D3D12,NVIDIA GeForce RTX 5090 D,Direct3D 12 (feature level 12_0); requested Agility SDK 614; runtime 6.2.26100.8737 (C:\WINDOWS\SYSTEM32\D3D12Core.dll); driver 32.0.15.9186,false,assets/heightmaps/Hm_Terrain_Test_129.pgm,129,129,30.000,4.000,14,4.000,2.000,20000,0.184,0.000,6.000,13.663,4.982,14712,32464,14710,60,30,69,39,0,0,0,0,8,0.000,4.441,3.407,0.143,0.058,0.118,1.543,1.052,0.103,0.000,0.000,0.000,0.000,0.000,0.000,0.000,0.000,0.000,0.000,0.000,0.000,0.000,0.000,0.010,0,0,1.230,0.573,1.052,0.000,14
Data-Oriented CPU ROAM,RelWithDebInfo,D3D12,NVIDIA GeForce RTX 5090 D,Direct3D 12 (feature level 12_0); requested Agility SDK 614; runtime 6.2.26100.8737 (C:\WINDOWS\SYSTEM32\D3D12Core.dll); driver 32.0.15.9186,false,assets/heightmaps/Hm_Terrain_Test_129.pgm,129,129,30.000,4.000,14,4.000,2.000,20000,0.189,0.000,6.000,13.600,4.594,14711,32584,14709,60,30,61,39,0,0,0,0,8,0.000,5.220,4.128,0.148,0.061,0.181,1.936,1.088,0.115,0.000,0.000,0.000,0.000,0.000,0.000,0.000,0.000,0.000,0.000,0.000,0.000,0.000,0.000,0.010,0,0,1.262,1.003,1.088,0.000,14
Data-Oriented CPU ROAM,RelWithDebInfo,D3D12,NVIDIA GeForce RTX 5090 D,Direct3D 12 (feature level 12_0); requested Agility SDK 614; runtime 6.2.26100.8737 (C:\WINDOWS\SYSTEM32\D3D12Core.dll); driver 32.0.15.9186,false,assets/heightmaps/Hm_Terrain_Test_129.pgm,129,129,30.000,4.000,14,4.000,2.000,20000,0.194,0.000,6.000,13.524,5.425,14720,32696,14718,56,28,47,38,0,0,0,0,8,322.438,5.012,3.914,0.151,0.064,0.107,2.026,1.070,0.103,0.000,0.000,0.000,0.000,0.000,0.000,0.000,0.000,0.000,0.000,0.000,0.000,0.000,0.000,0.012,0,0,1.327,0.958,1.070,0.000,14
Data-Oriented CPU ROAM,RelWithDebInfo,D3D12,NVIDIA GeForce RTX 5090 D,Direct3D 12 (feature level 12_0); requested Agility SDK 614; runtime 6.2.26100.8737 (C:\WINDOWS\SYSTEM32\D3D12Core.dll); driver 32.0.15.9186,false,assets/heightmaps/Hm_Terrain_Test_129.pgm,129,129,30.000,4.000,14,4.000,2.000,20000,0.199,0.000,6.000,13.450,5.244,14721,32816,14719,60,29,59,39,0,0,0,0,8,0.000,4.478,3.434,0.143,0.066,0.143,1.532,1.063,0.108,0.000,0.000,0.000,0.000,0.000,0.000,0.000,0.000,0.000,0.000,0.000,0.000,0.000,0.000,0.010,0,0,1.216,0.601,1.063,0.000,14
Data-Oriented CPU ROAM,RelWithDebInfo,D3D12,NVIDIA GeForce RTX 5090 D,Direct3D 12 (feature level 12_0); requested Agility SDK 614; runtime 6.2.26100.8737 (C:\WINDOWS\SYSTEM32\D3D12Core.dll); driver 32.0.15.9186,false,assets/heightmaps/Hm_Terrain_Test_129.pgm,129,129,30.000,4.000,14,4.000,2.000,20000,0.204,0.000,6.000,13.382,4.682,14690,32912,14688,48,24,79,30,0,0,0,0,8,0.000,4.476,3.434,0.147,0.052,0.137,1.540,1.060,0.105,0.000,0.000,0.000,0.000,0.000,0.000,0.000,0.000,0.000,0.000,0.000,0.000,0.000,0.000,0.010,0,0,1.203,0.622,1.060,0.000,14
Data-Oriented CPU ROAM,RelWithDebInfo,D3D12,NVIDIA GeForce RTX 5090 D,Direct3D 12 (feature level 12_0); requested Agility SDK 614; runtime 6.2.26100.8737 (C:\WINDOWS\SYSTEM32\D3D12Core.dll); driver 32.0.15.9186,false,assets/heightmaps/Hm_Terrain_Test_129.pgm,129,129,30.000,4.000,14,4.000,2.000,20000,0.209,0.000,6.000,13.313,4.688,14602,33012,14600,50,25,138,41,0,0,0,0,8,0.000,4.864,3.821,0.148,0.052,0.172,1.905,1.052,0.105,0.000,0.000,0.000,0.000,0.000,0.000,0.000,0.000,0.000,0.000,0.000,0.000,0.000,0.000,0.009,0,0,1.399,0.826,1.052,0.000,14
Data-Oriented CPU ROAM,RelWithDebInfo,D3D12,NVIDIA GeForce RTX 5090 D,Direct3D 12 (feature level 12_0); requested Agility SDK 614; runtime 6.2.26100.8737 (C:\WINDOWS\SYSTEM32\D3D12Core.dll); driver 32.0.15.9186,false,assets/heightmaps/Hm_Terrain_Test_129.pgm,129,129,30.000,4.000,14,4.000,2.000,20000,0.214,0.000,6.000,13.237,5.067,14630,33140,14628,64,32,36,44,0,0,0,0,8,330.296,4.901,3.852,0.147,0.066,0.105,1.987,1.064,0.110,0.000,0.000,0.000,0.000,0.000,0.000,0.000,0.000,0.000,0.000,0.000,0.000,0.000,0.000,0.012,0,0,1.203,1.036,1.064,0.000,14
Data-Oriented CPU ROAM,RelWithDebInfo,D3D12,NVIDIA GeForce RTX 5090 D,Direct3D 12 (feature level 12_0); requested Agility SDK 614; runtime 6.2.26100.8737 (C:\WINDOWS\SYSTEM32\D3D12Core.dll); driver 32.0.15.9186,false,assets/heightmaps/Hm_Terrain_Test_129.pgm,129,129,30.000,4.000,14,4.000,2.000,20000,0.219,0.000,6.000,13.159,5.131,14660,33296,14658,78,39,48,53,0,0,0,0,8,0.000,4.689,3.645,0.147,0.077,0.126,1.726,1.095,0.108,0.000,0.000,0.000,0.000,0.000,0.000,0.000,0.000,0.000,0.000,0.000,0.000,0.000,0.000,0.010,0,0,0.939,1.059,1.095,0.000,14
Data-Oriented CPU ROAM,RelWithDebInfo,D3D12,NVIDIA GeForce RTX 5090 D,Direct3D 12 (feature level 12_0); requested Agility SDK 614; runtime 6.2.26100.8737 (C:\WINDOWS\SYSTEM32\D3D12Core.dll); driver 32.0.15.9186,false,assets/heightmaps/Hm_Terrain_Test_129.pgm,129,129,30.000,4.000,14,4.000,2.000,20000,0.224,0.000,6.000,13.083,4.898,14674,33428,14672,66,33,52,43,0,0,0,0,8,0.000,4.483,3.443,0.143,0.065,0.113,1.593,1.045,0.103,0.000,0.000,0.000,0.000,0.000,0.000,0.000,0.000,0.000,0.000,0.000,0.000,0.000,0.000,0.010,0,0,0.893,0.956,1.045,0.000,14
Data-Oriented CPU ROAM,RelWithDebInfo,D3D12,NVIDIA GeForce RTX 5090 D,Direct3D 12 (feature level 12_0); requested Agility SDK 614; runtime 6.2.26100.8737 (C:\WINDOWS\SYSTEM32\D3D12Core.dll); driver 32.0.15.9186,false,assets/heightmaps/Hm_Terrain_Test_129.pgm,129,129,30.000,4.000,14,4.000,2.000,20000,0.228,0.000,6.000,13.009,4.686,14655,33534,14653,53,26,72,37,0,0,0,0,8,362.294,4.482,3.443,0.144,0.052,0.119,1.574,1.058,0.108,0.000,0.000,0.000,0.000,0.000,0.000,0.000,0.000,0.000,0.000,0.000,0.000,0.000,0.000,0.012,0,0,1.246,0.591,1.058,0.000,14
Data-Oriented CPU ROAM,RelWithDebInfo,D3D12,NVIDIA GeForce RTX 5090 D,Direct3D 12 (feature level 12_0); requested Agility SDK 614; runtime 6.2.26100.8737 (C:\WINDOWS\SYSTEM32\D3D12Core.dll); driver 32.0.15.9186,false,assets/heightmaps/Hm_Terrain_Test_129.pgm,129,129,30.000,4.000,14,4.000,2.000,20000,0.233,0.000,6.000,12.934,4.687,14603,33636,14601,51,25,103,37,0,0,0,0,8,0.000,5.058,4.026,0.142,0.046,0.144,1.644,1.549,0.118,0.000,0.000,0.000,0.000,0.000,0.000,0.000,0.000,0.000,0.000,0.000,0.000,0.000,0.000,0.010,0,0,1.309,0.621,1.549,0.000,14
Data-Oriented CPU ROAM,RelWithDebInfo,D3D12,NVIDIA GeForce RTX 5090 D,Direct3D 12 (feature level 12_0); requested Agility SDK 614; runtime 6.2.26100.8737 (C:\WINDOWS\SYSTEM32\D3D12Core.dll); driver 32.0.15.9186,false,assets/heightmaps/Hm_Terrain_Test_129.pgm,129,129,30.000,4.000,14,4.000,2.000,20000,0.238,0.000,6.000,12.848,5.279,14490,33776,14488,70,35,183,45,0,0,0,0,8,0.000,4.560,3.521,0.143,0.073,0.218,1.541,1.053,0.103,0.000,0.000,0.000,0.000,0.000,0.000,0.000,0.000,0.000,0.000,0.000,0.000,0.000,0.000,0.009,0,0,1.208,0.694,1.053,0.000,14
Data-Oriented CPU ROAM,RelWithDebInfo,D3D12,NVIDIA GeForce RTX 5090 D,Direct3D 12 (feature level 12_0); requested Agility SDK 614; runtime 6.2.26100.8737 (C:\WINDOWS\SYSTEM32\D3D12Core.dll); driver 32.0.15.9186,false,assets/heightmaps/Hm_Terrain_Test_129.pgm,129,129,30.000,4.000,14,4.000,2.000,20000,0.243,0.000,6.000,12.770,4.773,14476,33900,14474,62,31,76,39,0,0,0,0,8,348.182,4.650,3.556,0.150,0.068,0.137,1.674,1.050,0.100,0.000,0.000,0.000,0.000,0.000,0.000,0.000,0.000,0.000,0.000,0.000,0.000,0.000,0.000,0.012,0,0,1.359,0.601,1.050,0.000,14
Data-Oriented CPU ROAM,RelWithDebInfo,D3D12,NVIDIA GeForce RTX 5090 D,Direct3D 12 (feature level 12_0); requested Agility SDK 614; runtime 6.2.26100.8737 (C:\WINDOWS\SYSTEM32\D3D12Core.dll); driver 32.0.15.9186,false,assets/heightmaps/Hm_Terrain_Test_129.pgm,129,129,30.000,4.000,14,4.000,2.000,20000,0.248,0.000,6.000,12.689,4.856,14462,34032,14460,66,33,80,51,0,0,0,0,8,0.000,4.560,3.546,0.147,0.059,0.131,1.645,1.081,0.098,0.000,0.000,0.000,0.000,0.000,0.000,0.000,0.000,0.000,0.000,0.000,0.000,0.000,0.000,0.010,0,0,0.911,1.010,1.081,0.000,14
Data-Oriented CPU ROAM,RelWithDebInfo,D3D12,NVIDIA GeForce RTX 5090 D,Direct3D 12 (feature level 12_0); requested Agility SDK 614; runtime 6.2.26100.8737 (C:\WINDOWS\SYSTEM32\D3D12Core.dll); driver 32.0.15.9186,false,assets/heightmaps/Hm_Terrain_Test_129.pgm,129,129,30.000,4.000,14,4.000,2.000,20000,0.253,0.000,6.000,12.608,4.768,14476,34192,14474,80,40,66,55,0,0,0,0,8,0.000,4.857,3.845,0.143,0.073,0.131,2.003,1.029,0.100,0.000,0.000,0.000,0.000,0.000,0.000,0.000,0.000,0.000,0.000,0.000,0.000,0.000,0.000,0.009,0,0,1.248,1.029,1.029,0.000,14
Data-Oriented CPU ROAM,RelWithDebInfo,D3D12,NVIDIA GeForce RTX 5090 D,Direct3D 12 (feature level 12_0); requested Agility SDK 614; runtime 6.2.26100.8737 (C:\WINDOWS\SYSTEM32\D3D12Core.dll); driver 32.0.15.9186,false,assets/heightmaps/Hm_Terrain_Test_129.pgm,129,129,30.000,4.000,14,4.000,2.000,20000,0.258,0.000,6.000,12.522,5.032,14490,34344,14488,76,37,62,48,0,0,0,0,8,982.354,4.938,3.913,0.148,0.072,0.139,2.043,1.040,0.103,0.000,0.000,0.000,0.000,0.000,0.000,0.000,0.000,0.000,0.000,0.000,0.000,0.000,0.000,0.010,0,0,1.230,1.101,1.040,0.000,14
Data-Oriented CPU ROAM,RelWithDebInfo,D3D12,NVIDIA GeForce RTX 5090 D,Direct3D 12 (feature level 12_0); requested Agility SDK 614; runtime 6.2.26100.8737 (C:\WINDOWS\SYSTEM32\D3D12Core.dll); driver 32.0.15.9186,false,assets/heightmaps/Hm_Terrain_Test_129.pgm,129,129,30.000,4.000,14,4.000,2.000,20000,0.263,0.000,6.000,12.433,5.160,14430,34456,14428,56,28,116,40,0,0,0,0,8,0.000,4.949,3.910,0.149,0.052,0.156,2.012,1.056,0.104,0.000,0.000,0.000,0.000,0.000,0.000,0.000,0.000,0.000,0.000,0.000,0.000,0.000,0.000,0.010,0,0,1.232,1.084,1.056,0.000,14
Data-Oriented CPU ROAM,RelWithDebInfo,D3D12,NVIDIA GeForce RTX 5090 D,Direct3D 12 (feature level 12_0); requested Agility SDK 614; runtime 6.2.26100.8737 (C:\WINDOWS\SYSTEM32\D3D12Core.dll); driver 32.0.15.9186,false,assets/heightmaps/Hm_Terrain_Test_129.pgm,129,129,30.000,4.000,14,4.000,2.000,20000,0.268,0.000,6.000,12.342,5.153,14402,34584,14400,64,32,92,43,0,0,0,0,8,0.000,4.465,3.457,0.144,0.064,0.142,1.610,1.024,0.102,0.000,0.000,0.000,0.000,0.000,0.000,0.000,0.000,0.000,0.000,0.000,0.000,0.000,0.000,0.009,0,0,1.275,0.621,1.024,0.000,14
Data-Oriented CPU ROAM,RelWithDebInfo,D3D12,NVIDIA GeForce RTX 5090 D,Direct3D 12 (feature level 12_0); requested Agility SDK 614; runtime 6.2.26100.8737 (C:\WINDOWS\SYSTEM32\D3D12Core.dll); driver 32.0.15.9186,false,assets/heightmaps/Hm_Terrain_Test_129.pgm,129,129,30.000,4.000,14,4.000,2.000,20000,0.273,0.000,6.000,12.260,4.646,14414,34740,14412,78,39,66,52,0,0,0,0,8,2592.393,4.981,3.967,0.140,0.074,0.140,2.118,1.033,0.104,0.000,0.000,0.000,0.000,0.000,0.000,0.000,0.000,0.000,0.000,0.000,0.000,0.000,0.000,0.010,0,0,1.326,1.072,1.033,0.000,14
Data-Oriented CPU ROAM,RelWithDebInfo,D3D12,NVIDIA GeForce RTX 5090 D,Direct3D 12 (feature level 12_0); requested Agility SDK 614; runtime 6.2.26100.8737 (C:\WINDOWS\SYSTEM32\D3D12Core.dll); driver 32.0.15.9186,false,assets/heightmaps/Hm_Terrain_Test_129.pgm,129,129,30.000,4.000,14,4.000,2.000,20000,0.278,0.000,6.000,12.167,5.140,14402,34884,14400,72,36,84,52,0,0,0,0,8,0.000,4.846,3.819,0.147,0.068,0.140,1.963,1.030,0.105,0.000,0.000,0.000,0.000,0.000,0.000,0.000,0.000,0.000,0.000,0.000,0.000,0.000,0.000,0.012,0,0,1.233,1.018,1.030,0.000,14
Data-Oriented CPU ROAM,RelWithDebInfo,D3D12,NVIDIA GeForce RTX 5090 D,Direct3D 12 (feature level 12_0); requested Agility SDK 614; runtime 6.2.26100.8737 (C:\WINDOWS\SYSTEM32\D3D12Core.dll); driver 32.0.15.9186,false,assets/heightmaps/Hm_Terrain_Test_129.pgm,129,129,30.000,4.000,14,4.000,2.000,20000,0.283,0.000,6.000,12.075,5.067,14399,35048,14397,82,41,85,50,0,0,0,0,8,0.000,4.558,3.541,0.141,0.076,0.155,1.678,1.030,0.100,0.000,0.000,0.000,0.000,0.000,0.000,0.000,0.000,0.000,0.000,0.000,0.000,0.000,0.000,0.009,0,0,1.365,0.609,1.030,0.000,14
Data-Oriented CPU ROAM,RelWithDebInfo,D3D12,NVIDIA GeForce RTX 5090 D,Direct3D 12 (feature level 12_0); requested Agility SDK 614; runtime 6.2.26100.8737 (C:\WINDOWS\SYSTEM32\D3D12Core.dll); driver 32.0.15.9186,false,assets/heightmaps/Hm_Terrain_Test_129.pgm,129,129,30.000,4.000,14,4.000,2.000,20000,0.288,0.000,6.000,11.988,4.763,14314,35220,14312,86,42,171,51,0,0,0,0,8,2969.333,4.366,3.353,0.140,0.075,0.212,1.437,1.028,0.103,0.000,0.000,0.000,0.000,0.000,0.000,0.000,0.000,0.000,0.000,0.000,0.000,0.000,0.000,0.009,0,0,0.956,0.832,1.028,0.000,14
Data-Oriented CPU ROAM,RelWithDebInfo,D3D12,NVIDIA GeForce RTX 5090 D,Direct3D 12 (feature level 12_0); requested Agility SDK 614; runtime 6.2.26100.8737 (C:\WINDOWS\SYSTEM32\D3D12Core.dll); driver 32.0.15.9186,false,assets/heightmaps/Hm_Terrain_Test_129.pgm,129,129,30.000,4.000,14,4.000,2.000,20000,0.292,0.000,6.000,11.904,4.545,14241,35336,14239,58,29,131,35,0,0,0,0,8,0.000,4.138,3.133,0.145,0.056,0.151,1.275,1.028,0.098,0.000,0.000,0.000,0.000,0.000,0.000,0.000,0.000,0.000,0.000,0.000,0.000,0.000,0.000,0.009,0,0,0.948,0.622,1.028,0.000,14
Data-Oriented CPU ROAM,RelWithDebInfo,D3D12,NVIDIA GeForce RTX 5090 D,Direct3D 12 (feature level 12_0); requested Agility SDK 614; runtime 6.2.26100.8737 (C:\WINDOWS\SYSTEM32\D3D12Core.dll); driver 32.0.15.9186,false,assets/heightmaps/Hm_Terrain_Test_129.pgm,129,129,30.000,4.000,14,4.000,2.000,20000,0.297,0.000,6.000,11.823,4.333,14216,35472,14214,68,34,93,47,0,0,0,0,8,0.000,5.138,4.133,0.139,0.065,0.225,1.957,1.044,0.105,0.000,0.000,0.000,0.000,0.000,0.000,0.000,0.000,0.000,0.000,0.000,0.000,0.000,0.000,0.011,0,0,1.246,1.074,1.044,0.000,14
Data-Oriented CPU ROAM,RelWithDebInfo,D3D12,NVIDIA GeForce RTX 5090 D,Direct3D 12 (feature level 12_0); requested Agility SDK 614; runtime 6.2.26100.8737 (C:\WINDOWS\SYSTEM32\D3D12Core.dll); driver 32.0.15.9186,false,assets/heightmaps/Hm_Terrain_Test_129.pgm,129,129,30.000,4.000,14,4.000,2.000,20000,0.302,0.000,6.000,11.722,5.343,14208,35676,14206,102,51,110,69,0,0,0,0,8,0.000,4.505,3.495,0.138,0.088,0.187,1.605,1.020,0.101,0.000,0.000,0.000,0.000,0.000,0.000,0.000,0.000,0.000,0.000,0.000,0.000,0.000,0.000,0.010,0,0,1.306,0.625,1.020,0.000,14
Data-Oriented CPU ROAM,RelWithDebInfo,D3D12,NVIDIA GeForce RTX 5090 D,Direct3D 12 (feature level 12_0); requested Agility SDK 614; runtime 6.2.26100.8737 (C:\WINDOWS\SYSTEM32\D3D12Core.dll); driver 32.0.15.9186,false,assets/heightmaps/Hm_Terrain_Test_129.pgm,129,129,30.000,4.000,14,4.000,2.000,20000,0.307,0.000,6.000,11.633,4.678,14218,35848,14216,86,43,76,51,0,0,0,0,8,320.875,5.040,4.010,0.145,0.082,0.156,2.150,1.025,0.113,0.000,0.000,0.000,0.000,0.000,0.000,0.000,0.000,0.000,0.000,0.000,0.000,0.000,0.000,0.009,0,0,1.555,0.896,1.025,0.000,14
Data-Oriented CPU ROAM,RelWithDebInfo,D3D12,NVIDIA GeForce RTX 5090 D,Direct3D 12 (feature level 12_0); requested Agility SDK 614; runtime 6.2.26100.8737 (C:\WINDOWS\SYSTEM32\D3D12Core.dll); driver 32.0.15.9186,false,assets/heightmaps/Hm_Terrain_Test_129.pgm,129,129,30.000,4.000,14,4.000,2.000,20000,0.312,0.000,6.000,11.532,5.235,14198,36060,14196,106,52,126,60,0,0,0,0,8,0.000,5.106,3.985,0.151,0.095,0.210,2.041,1.050,0.134,0.000,0.000,0.000,0.000,0.000,0.000,0.000,0.000,0.000,0.000,0.000,0.000,0.000,0.000,0.012,0,0,1.312,1.089,1.050,0.000,14
Data-Oriented CPU ROAM,RelWithDebInfo,D3D12,NVIDIA GeForce RTX 5090 D,Direct3D 12 (feature level 12_0); requested Agility SDK 614; runtime 6.2.26100.8737 (C:\WINDOWS\SYSTEM32\D3D12Core.dll); driver 32.0.15.9186,false,assets/heightmaps/Hm_Terrain_Test_129.pgm,129,129,30.000,4.000,14,4.000,2.000,20000,0.317,0.000,6.000,11.429,5.333,14162,36212,14160,76,38,112,46,0,0,0,0,8,0.000,4.174,3.151,0.146,0.076,0.175,1.260,1.024,0.108,0.000,0.000,0.000,0.000,0.000,0.000,0.000,0.000,0.000,0.000,0.000,0.000,0.000,0.000,0.009,0,0,0.959,0.622,1.024,0.000,14
Data-Oriented CPU ROAM,RelWithDebInfo,D3D12,NVIDIA GeForce RTX 5090 D,Direct3D 12 (feature level 12_0); requested Agility SDK 614; runtime 6.2.26100.8737 (C:\WINDOWS\SYSTEM32\D3D12Core.dll); driver 32.0.15.9186,false,assets/heightmaps/Hm_Terrain_Test_129.pgm,129,129,30.000,4.000,14,4.000,2.000,20000,0.322,0.000,6.000,11.342,4.402,14140,36344,14138,66,33,88,43,0,0,0,0,8,1060.568,4.582,3.560,0.138,0.065,0.154,1.721,1.014,0.104,0.000,0.000,0.000,0.000,0.000,0.000,0.000,0.000,0.000,0.000,0.000,0.000,0.000,0.000,0.009,0,0,1.373,0.641,1.014,0.000,14
Data-Oriented CPU ROAM,RelWithDebInfo,D3D12,NVIDIA GeForce RTX 5090 D,Direct3D 12 (feature level 12_0); requested Agility SDK 614; runtime 6.2.26100.8737 (C:\WINDOWS\SYSTEM32\D3D12Core.dll); driver 32.0.15.9186,false,assets/heightmaps/Hm_Terrain_Test_129.pgm,129,129,30.000,4.000,14,4.000,2.000,20000,0.326,0.000,6.000,11.247,4.827,14165,36500,14163,78,39,53,53,0,0,0,0,8,0.000,4.506,3.485,0.148,0.079,0.130,1.646,1.020,0.099,0.000,0.000,0.000,0.000,0.000,0.000,0.000,0.000,0.000,0.000,0.000,0.000,0.000,0.000,0.009,0,0,1.315,0.609,1.020,0.000,14
Data-Oriented CPU ROAM,RelWithDebInfo,D3D12,NVIDIA GeForce RTX 5090 D,Direct3D 12 (feature level 12_0); requested Agility SDK 614; runtime 6.2.26100.8737 (C:\WINDOWS\SYSTEM32\D3D12Core.dll); driver 32.0.15.9186,false,assets/heightmaps/Hm_Terrain_Test_129.pgm,129,129,30.000,4.000,14,4.000,2.000,20000,0.331,0.000,6.000,11.154,4.717,14129,36664,14127,82,41,118,56,0,0,0,0,8,0.000,4.453,3.446,0.136,0.070,0.169,1.602,1.006,0.101,0.000,0.000,0.000,0.000,0.000,0.000,0.000,0.000,0.000,0.000,0.000,0.000,0.000,0.000,0.012,0,0,1.272,0.635,1.006,0.000,14
Data-Oriented CPU ROAM,RelWithDebInfo,D3D12,NVIDIA GeForce RTX 5090 D,Direct3D 12 (feature level 12_0); requested Agility SDK 614; runtime 6.2.26100.8737 (C:\WINDOWS\SYSTEM32\D3D12Core.dll); driver 32.0.15.9186,false,assets/heightmaps/Hm_Terrain_Test_129.pgm,129,129,30.000,4.000,14,4.000,2.000,20000,0.336,0.000,6.000,11.061,4.622,14076,36848,14074,92,45,145,50,0,0,0,0,8,635.524,5.071,4.062,0.136,0.082,0.198,2.175,1.027,0.098,0.000,0.000,0.000,0.000,0.000,0.000,0.000,0.000,0.000,0.000,0.000,0.000,0.000,0.000,0.009,0,0,1.375,1.135,1.027,0.000,14
Data-Oriented CPU ROAM,RelWithDebInfo,D3D12,NVIDIA GeForce RTX 5090 D,Direct3D 12 (feature level 12_0); requested Agility SDK 614; runtime 6.2.26100.8737 (C:\WINDOWS\SYSTEM32\D3D12Core.dll); driver 32.0.15.9186,false,assets/heightmaps/Hm_Terrain_Test_129.pgm,129,129,30.000,4.000,14,4.000,2.000,20000,0.341,0.000,6.000,10.955,5.247,13966,37008,13964,80,40,190,50,0,0,0,0,8,0.000,4.619,3.584,0.143,0.079,0.236,1.621,1.051,0.101,0.000,0.000,0.000,0.000,0.000,0.000,0.000,0.000,0.000,0.000,0.000,0.000,0.000,0.000,0.009,0,0,1.312,0.688,1.051,0.000,14
Data-Oriented CPU ROAM,RelWithDebInfo,D3D12,NVIDIA GeForce RTX 5090 D,Direct3D 12 (feature level 12_0); requested Agility SDK 614; runtime 6.2.26100.8737 (C:\WINDOWS\SYSTEM32\D3D12Core.dll); driver 32.0.15.9186,false,assets/heightmaps/Hm_Terrain_Test_129.pgm,129,129,30.000,4.000,14,4.000,2.000,20000,0.346,0.000,6.000,10.857,4.840,13952,37136,13950,64,32,78,41,0,0,0,0,8,0.000,4.928,3.928,0.138,0.062,0.131,2.109,1.024,0.100,0.000,0.000,0.000,0.000,0.000,0.000,0.000,0.000,0.000,0.000,0.000,0.000,0.000,0.000,0.012,0,0,1.266,1.112,1.024,0.000,14
Data-Oriented CPU ROAM,RelWithDebInfo,D3D12,NVIDIA GeForce RTX 5090 D,Direct3D 12 (feature level 12_0); requested Agility SDK 614; runtime 6.2.26100.8737 (C:\WINDOWS\SYSTEM32\D3D12Core.dll); driver 32.0.15.9186,false,assets/heightmaps/Hm_Terrain_Test_129.pgm,129,129,30.000,4.000,14,4.000,2.000,20000,0.351,0.000,6.000,10.752,5.135,13960,37296,13958,80,40,72,57,0,0,0,0,8,365.865,4.428,3.426,0.137,0.071,0.144,1.612,1.007,0.097,0.000,0.000,0.000,0.000,0.000,0.000,0.000,0.000,0.000,0.000,0.000,0.000,0.000,0.000,0.009,0,0,1.278,0.614,1.007,0.000,14
Data-Oriented CPU ROAM,RelWithDebInfo,D3D12,NVIDIA GeForce RTX 5090 D,Direct3D 12 (feature level 12_0); requested Agility SDK 614; runtime 6.2.26100.8737 (C:\WINDOWS\SYSTEM32\D3D12Core.dll); driver 32.0.15.9186,false,assets/heightmaps/Hm_Terrain_Test_129.pgm,129,129,30.000,4.000,14,4.000,2.000,20000,0.356,0.000,6.000,10.657,4.641,13897,37438,13895,71,35,134,53,0,0,0,0,8,0.000,4.946,3.929,0.137,0.073,0.203,2.040,1.026,0.101,0.000,0.000,0.000,0.000,0.000,0.000,0.000,0.000,0.000,0.000,0.000,0.000,0.000,0.000,0.009,0,0,1.334,1.046,1.026,0.000,14
Data-Oriented CPU ROAM,RelWithDebInfo,D3D12,NVIDIA GeForce RTX 5090 D,Direct3D 12 (feature level 12_0); requested Agility SDK 614; runtime 6.2.26100.8737 (C:\WINDOWS\SYSTEM32\D3D12Core.dll); driver 32.0.15.9186,false,assets/heightmaps/Hm_Terrain_Test_129.pgm,129,129,30.000,4.000,14,4.000,2.000,20000,0.361,0.000,6.000,10.550,5.171,13918,37676,13916,119,59,98,70,0,0,0,0,8,0.000,4.802,3.800,0.145,0.107,0.205,1.904,1.003,0.096,0.000,0.000,0.000,0.000,0.000,0.000,0.000,0.000,0.000,0.000,0.000,0.000,0.000,0.000,0.012,0,0,1.153,1.101,1.003,0.000,14
Data-Oriented CPU ROAM,RelWithDebInfo,D3D12,NVIDIA GeForce RTX 5090 D,Direct3D 12 (feature level 12_0); requested Agility SDK 614; runtime 6.2.26100.8737 (C:\WINDOWS\SYSTEM32\D3D12Core.dll); driver 32.0.15.9186,false,assets/heightmaps/Hm_Terrain_Test_129.pgm,129,129,30.000,4.000,14,4.000,2.000,20000,0.366,0.000,6.000,10.446,5.009,13926,37840,13924,82,41,74,51,0,0,0,0,8,330.667,4.884,3.886,0.135,0.079,0.152,2.076,0.995,0.101,0.000,0.000,0.000,0.000,0.000,0.000,0.000,0.000,0.000,0.000,0.000,0.000,0.000,0.000,0.009,0,0,1.294,1.068,0.995,0.000,14
Data-Oriented CPU ROAM,RelWithDebInfo,D3D12,NVIDIA GeForce RTX 5090 D,Direct3D 12 (feature level 12_0); requested Agility SDK 614; runtime 6.2.26100.8737 (C:\WINDOWS\SYSTEM32\D3D12Core.dll); driver 32.0.15.9186,false,assets/heightmaps/Hm_Terrain_Test_129.pgm,129,129,30.000,4.000,14,4.000,2.000,20000,0.371,0.000,6.000,10.339,5.088,13858,37960,13856,60,30,128,56,0,0,0,0,8,0.000,4.565,3.597,0.137,0.061,0.168,1.769,1.002,0.100,0.000,0.000,0.000,0.000,0.000,0.000,0.000,0.000,0.000,0.000,0.000,0.000,0.000,0.000,0.009,0,0,0.961,1.113,1.002,0.000,14
Data-Oriented CPU ROAM,RelWithDebInfo,D3D12,NVIDIA GeForce RTX 5090 D,Direct3D 12 (feature level 12_0); requested Agility SDK 614; runtime 6.2.26100.8737 (C:\WINDOWS\SYSTEM32\D3D12Core.dll); driver 32.0.15.9186,false,assets/heightmaps/Hm_Terrain_Test_129.pgm,129,129,30.000,4.000,14,4.000,2.000,20000,0.376,0.000,6.000,10.239,4.729,13800,38108,13798,74,37,132,50,0,0,0,0,8,0.000,4.785,3.762,0.141,0.074,0.206,1.895,1.004,0.107,0.000,0.000,0.000,0.000,0.000,0.000,0.000,0.000,0.000,0.000,0.000,0.000,0.000,0.000,0.009,0,0,1.322,0.919,1.004,0.000,14
Data-Oriented CPU ROAM,RelWithDebInfo,D3D12,NVIDIA GeForce RTX 5090 D,Direct3D 12 (feature level 12_0); requested Agility SDK 614; runtime 6.2.26100.8737 (C:\WINDOWS\SYSTEM32\D3D12Core.dll); driver 32.0.15.9186,false,assets/heightmaps/Hm_Terrain_Test_129.pgm,129,129,30.000,4.000,14,4.000,2.000,20000,0.381,0.000,6.000,10.134,4.991,13748,38284,13746,88,43,140,49,0,0,0,0,8,0.000,4.864,3.883,0.136,0.085,0.219,1.990,1.017,0.099,0.000,0.000,0.000,0.000,0.000,0.000,0.000,0.000,0.000,0.000,0.000,0.000,0.000,0.000,0.012,0,0,1.307,1.038,1.017,0.000,14
Data-Oriented CPU ROAM,RelWithDebInfo,D3D12,NVIDIA GeForce RTX 5090 D,Direct3D 12 (feature level 12_0); requested Agility SDK 614; runtime 6.2.26100.8737 (C:\WINDOWS\SYSTEM32\D3D12Core.dll); driver 32.0.15.9186,false,assets/heightmaps/Hm_Terrain_Test_129.pgm,129,129,30.000,4.000,14,4.000,2.000,20000,0.386,0.000,6.000,10.025,5.096,13665,38432,13663,74,37,157,44,0,0,0,0,8,353.091,4.580,3.602,0.133,0.071,0.205,1.760,0.985,0.099,0.000,0.000,0.000,0.000,0.000,0.000,0.000,0.000,0.000,0.000,0.000,0.000,0.000,0.000,0.009,0,0,0.956,1.143,0.985,0.000,14
Data-Oriented CPU ROAM,RelWithDebInfo,D3D12,NVIDIA GeForce RTX 5090 D,Direct3D 12 (feature level 12_0); requested Agility SDK 614; runtime 6.2.26100.8737 (C:\WINDOWS\SYSTEM32\D3D12Core.dll); driver 32.0.15.9186,false,assets/heightmaps/Hm_Terrain_Test_129.pgm,129,129,30.000,4.000,14,4.000,2.000,20000,0.391,0.000,6.000,9.924,4.756,13628,38572,13626,70,35,107,48,0,0,0,0,8,0.000,4.735,3.754,0.137,0.071,0.167,1.943,0.985,0.095,0.000,0.000,0.000,0.000,0.000,0.000,0.000,0.000,0.000,0.000,0.000,0.000,0.000,0.000,0.009,0,0,1.452,0.796,0.985,0.000,14
Data-Oriented CPU ROAM,RelWithDebInfo,D3D12,NVIDIA GeForce RTX 5090 D,Direct3D 12 (feature level 12_0); requested Agility SDK 614; runtime 6.2.26100.8737 (C:\WINDOWS\SYSTEM32\D3D12Core.dll); driver 32.0.15.9186,false,assets/heightmaps/Hm_Terrain_Test_129.pgm,129,129,30.000,4.000,14,4.000,2.000,20000,0.395,0.000,6.000,9.818,4.929,13624,38788,13622,108,54,112,77,0,0,0,0,8,0.000,4.350,3.332,0.134,0.099,0.199,1.466,1.015,0.099,0.000,0.000,0.000,0.000,0.000,0.000,0.000,0.000,0.000,0.000,0.000,0.000,0.000,0.000,0.011,0,0,1.173,0.626,1.015,0.000,14
Data-Oriented CPU ROAM,RelWithDebInfo,D3D12,NVIDIA GeForce RTX 5090 D,Direct3D 12 (feature level 12_0); requested Agility SDK 614; runtime 6.2.26100.8737 (C:\WINDOWS\SYSTEM32\D3D12Core.dll); driver 32.0.15.9186,false,assets/heightmaps/Hm_Terrain_Test_129.pgm,129,129,30.000,4.000,14,4.000,2.000,20000,0.400,0.000,6.000,9.720,4.553,13601,38918,13599,65,32,88,43,0,0,0,0,8,1989.052,4.873,3.902,0.138,0.073,0.154,2.111,0.985,0.102,0.000,0.000,0.000,0.000,0.000,0.000,0.000,0.000,0.000,0.000,0.000,0.000,0.000,0.000,0.009,0,0,1.333,1.070,0.985,0.000,14
Data-Oriented CPU ROAM,RelWithDebInfo,D3D12,NVIDIA GeForce RTX 5090 D,Direct3D 12 (feature level 12_0); requested Agility SDK 614; runtime 6.2.26100.8737 (C:\WINDOWS\SYSTEM32\D3D12Core.dll); driver 32.0.15.9186,false,assets/heightmaps/Hm_Terrain_Test_129.pgm,129,129,30.000,4.000,14,4.000,2.000,20000,0.405,0.000,6.000,9.609,5.113,13564,39032,13562,57,28,94,38,0,0,0,0,8,0.000,4.496,3.524,0.138,0.062,0.179,1.702,0.989,0.097,0.000,0.000,0.000,0.000,0.000,0.000,0.000,0.000,0.000,0.000,0.000,0.000,0.000,0.000,0.009,0,0,1.364,0.654,0.989,0.000,14
Data-Oriented CPU ROAM,RelWithDebInfo,D3D12,NVIDIA GeForce RTX 5090 D,Direct3D 12 (feature level 12_0); requested Agility SDK 614; runtime 6.2.26100.8737 (C:\WINDOWS\SYSTEM32\D3D12Core.dll); driver 32.0.15.9186,false,assets/heightmaps/Hm_Terrain_Test_129.pgm,129,129,30.000,4.000,14,4.000,2.000,20000,0.410,0.000,6.000,9.507,4.720,13510,39168,13508,68,34,122,44,0,0,0,0,8,0.000,4.992,4.031,0.136,0.068,0.175,2.222,0.984,0.094,0.000,0.000,0.000,0.000,0.000,0.000,0.000,0.000,0.000,0.000,0.000,0.000,0.000,0.000,0.009,0,0,1.419,1.115,0.984,0.000,14
Data-Oriented CPU ROAM,RelWithDebInfo,D3D12,NVIDIA GeForce RTX 5090 D,Direct3D 12 (feature level 12_0); requested Agility SDK 614; runtime 6.2.26100.8737 (C:\WINDOWS\SYSTEM32\D3D12Core.dll); driver 32.0.15.9186,false,assets/heightmaps/Hm_Terrain_Test_129.pgm,129,129,30.000,4.000,14,4.000,2.000,20000,0.415,0.000,6.000,9.394,5.158,13508,39368,13506,100,50,102,63,0,0,0,0,8,392.440,4.136,3.183,0.133,0.086,0.182,1.375,0.979,0.098,0.000,0.000,0.000,0.000,0.000,0.000,0.000,0.000,0.000,0.000,0.000,0.000,0.000,0.000,0.012,0,0,1.070,0.621,0.979,0.000,14
Data-Oriented CPU ROAM,RelWithDebInfo,D3D12,NVIDIA GeForce RTX 5090 D,Direct3D 12 (feature level 12_0); requested Agility SDK 614; runtime 6.2.26100.8737 (C:\WINDOWS\SYSTEM32\D3D12Core.dll); driver 32.0.15.9186,false,assets/heightmaps/Hm_Terrain_Test_129.pgm,129,129,30.000,4.000,14,4.000,2.000,20000,0.419,0.000,6.000,9.300,4.291,13500,39496,13498,64,32,72,45,0,0,0,0,8,0.000,4.433,3.463,0.132,0.064,0.129,1.655,1.042,0.101,0.000,0.000,0.000,0.000,0.000,0.000,0.000,0.000,0.000,0.000,0.000,0.000,0.000,0.000,0.009,0,0,1.316,0.599,1.042,0.000,14
Data-Oriented CPU ROAM,RelWithDebInfo,D3D12,NVIDIA GeForce RTX 5090 D,Direct3D 12 (feature level 12_0); requested Agility SDK 614; runtime 6.2.26100.8737 (C:\WINDOWS\SYSTEM32\D3D12Core.dll); driver 32.0.15.9186,false,assets/heightmaps/Hm_Terrain_Test_129.pgm,129,129,30.000,4.000,14,4.000,2.000,20000,0.424,0.000,6.000,9.198,4.644,13479,39664,13477,84,41,105,59,0,0,0,0,8,0.000,4.971,3.999,0.134,0.084,0.189,2.157,1.013,0.096,0.000,0.000,0.000,0.000,0.000,0.000,0.000,0.000,0.000,0.000,0.000,0.000,0.000,0.000,0.009,0,0,1.336,1.144,1.013,0.000,14
Data-Oriented CPU ROAM,RelWithDebInfo,D3D12,NVIDIA GeForce RTX 5090 D,Direct3D 12 (feature level 12_0); requested Agility SDK 614; runtime 6.2.26100.8737 (C:\WINDOWS\SYSTEM32\D3D12Core.dll); driver 32.0.15.9186,false,assets/heightmaps/Hm_Terrain_Test_129.pgm,129,129,30.000,4.000,14,4.000,2.000,20000,0.429,0.000,6.000,9.084,5.176,13374,39828,13372,82,41,187,48,0,0,0,0,8,373.750,4.330,3.354,0.131,0.077,0.242,1.496,0.973,0.092,0.000,0.000,0.000,0.000,0.000,0.000,0.000,0.000,0.000,0.000,0.000,0.000,0.000,0.000,0.012,0,0,1.163,0.705,0.973,0.000,14
Data-Oriented CPU ROAM,RelWithDebInfo,D3D12,NVIDIA GeForce RTX 5090 D,Direct3D 12 (feature level 12_0); requested Agility SDK 614; runtime 6.2.26100.8737 (C:\WINDOWS\SYSTEM32\D3D12Core.dll); driver 32.0.15.9186,false,assets/heightmaps/Hm_Terrain_Test_129.pgm,129,129,30.000,4.000,14,4.000,2.000,20000,0.434,0.000,6.000,8.984,4.534,13348,39956,13346,64,32,90,41,0,0,0,0,8,0.000,4.888,3.940,0.131,0.090,0.172,1.812,1.312,0.096,0.000,0.000,0.000,0.000,0.000,0.000,0.000,0.000,0.000,0.000,0.000,0.000,0.000,0.000,0.009,0,0,1.499,0.616,1.312,0.000,14
Data-Oriented CPU ROAM,RelWithDebInfo,D3D12,NVIDIA GeForce RTX 5090 D,Direct3D 12 (feature level 12_0); requested Agility SDK 614; runtime 6.2.26100.8737 (C:\WINDOWS\SYSTEM32\D3D12Core.dll); driver 32.0.15.9186,false,assets/heightmaps/Hm_Terrain_Test_129.pgm,129,129,30.000,4.000,14,4.000,2.000,20000,0.439,0.000,6.000,8.871,5.095,13348,40136,13346,90,45,90,59,0,0,0,0,8,0.000,6.330,5.207,0.137,0.942,1.037,1.984,1.474,0.105,0.000,0.000,0.000,0.000,0.000,0.000,0.000,0.000,0.000,0.000,0.000,0.000,0.000,0.000,0.009,0,0,2.085,1.074,1.474,0.000,14
Data-Oriented CPU ROAM,RelWithDebInfo,D3D12,NVIDIA GeForce RTX 5090 D,Direct3D 12 (feature level 12_0); requested Agility SDK 614; runtime 6.2.26100.8737 (C:\WINDOWS\SYSTEM32\D3D12Core.dll); driver 32.0.15.9186,false,assets/heightmaps/Hm_Terrain_Test_129.pgm,129,129,30.000,4.000,14,4.000,2.000,20000,0.445,0.000,6.000,8.726,6.537,13340,40364,13338,114,56,122,85,0,0,0,0,8,969.894,4.984,4.013,0.140,0.110,0.222,2.064,1.039,0.098,0.000,0.000,0.000,0.000,0.000,0.000,0.000,0.000,0.000,0.000,0.000,0.000,0.000,0.000,0.011,0,0,1.486,0.941,1.039,0.000,14
Data-Oriented CPU ROAM,RelWithDebInfo,D3D12,NVIDIA GeForce RTX 5090 D,Direct3D 12 (feature level 12_0); requested Agility SDK 614; runtime 6.2.26100.8737 (C:\WINDOWS\SYSTEM32\D3D12Core.dll); driver 32.0.15.9186,false,assets/heightmaps/Hm_Terrain_Test_129.pgm,129,129,30.000,4.000,14,4.000,2.000,20000,0.450,0.000,6.000,8.610,5.213,13294,40576,13292,106,53,152,67,0,0,0,0,8,0.000,4.570,3.626,0.132,0.102,0.229,1.707,1.048,0.096,0.000,0.000,0.000,0.000,0.000,0.000,0.000,0.000,0.000,0.000,0.000,0.000,0.000,0.000,0.009,0,0,1.400,0.669,1.048,0.000,14
Data-Oriented CPU ROAM,RelWithDebInfo,D3D12,NVIDIA GeForce RTX 5090 D,Direct3D 12 (feature level 12_0); requested Agility SDK 614; runtime 6.2.26100.8737 (C:\WINDOWS\SYSTEM32\D3D12Core.dll); driver 32.0.15.9186,false,assets/heightmaps/Hm_Terrain_Test_129.pgm,129,129,30.000,4.000,14,4.000,2.000,20000,0.455,0.000,6.000,8.504,4.774,13240,40704,13238,64,32,118,42,0,0,0,0,8,0.000,4.398,3.453,0.129,0.059,0.162,1.697,0.957,0.092,0.000,0.000,0.000,0.000,0.000,0.000,0.000,0.000,0.000,0.000,0.000,0.000,0.000,0.000,0.009,0,0,1.347,0.642,0.957,0.000,14
Data-Oriented CPU ROAM,RelWithDebInfo,D3D12,NVIDIA GeForce RTX 5090 D,Direct3D 12 (feature level 12_0); requested Agility SDK 614; runtime 6.2.26100.8737 (C:\WINDOWS\SYSTEM32\D3D12Core.dll); driver 32.0.15.9186,false,assets/heightmaps/Hm_Terrain_Test_129.pgm,129,129,30.000,4.000,14,4.000,2.000,20000,0.460,0.000,6.000,8.402,4.565,13264,40856,13262,76,38,52,48,0,0,0,0,8,336.913,4.789,3.834,0.131,0.069,0.117,2.118,0.957,0.094,0.000,0.000,0.000,0.000,0.000,0.000,0.000,0.000,0.000,0.000,0.000,0.000,0.000,0.000,0.009,0,0,1.326,1.040,0.957,0.000,14
Data-Oriented CPU ROAM,RelWithDebInfo,D3D12,NVIDIA GeForce RTX 5090 D,Direct3D 12 (feature level 12_0); requested Agility SDK 614; runtime 6.2.26100.8737 (C:\WINDOWS\SYSTEM32\D3D12Core.dll); driver 32.0.15.9186,false,assets/heightmaps/Hm_Terrain_Test_129.pgm,129,129,30.000,4.000,14,4.000,2.000,20000,0.465,0.000,6.000,8.291,4.952,13295,41080,13293,112,55,81,78,0,0,0,0,8,0.000,4.857,3.909,0.138,0.101,0.174,2.109,0.982,0.094,0.000,0.000,0.000,0.000,0.000,0.000,0.000,0.000,0.000,0.000,0.000,0.000,0.000,0.000,0.011,0,0,1.407,1.014,0.982,0.000,14
Data-Oriented CPU ROAM,RelWithDebInfo,D3D12,NVIDIA GeForce RTX 5090 D,Direct3D 12 (feature level 12_0); requested Agility SDK 614; runtime 6.2.26100.8737 (C:\WINDOWS\SYSTEM32\D3D12Core.dll); driver 32.0.15.9186,false,assets/heightmaps/Hm_Terrain_Test_129.pgm,129,129,30.000,4.000,14,4.000,2.000,20000,0.470,0.000,6.000,8.177,5.075,13189,41268,13187,94,47,200,68,0,0,0,0,8,0.000,4.479,3.526,0.136,0.080,0.243,1.684,0.956,0.096,0.000,0.000,0.000,0.000,0.000,0.000,0.000,0.000,0.000,0.000,0.000,0.000,0.000,0.000,0.009,0,0,1.352,0.711,0.956,0.000,14
Data-Oriented CPU ROAM,RelWithDebInfo,D3D12,NVIDIA GeForce RTX 5090 D,Direct3D 12 (feature level 12_0); requested Agility SDK 614; runtime 6.2.26100.8737 (C:\WINDOWS\SYSTEM32\D3D12Core.dll); driver 32.0.15.9186,false,assets/heightmaps/Hm_Terrain_Test_129.pgm,129,129,30.000,4.000,14,4.000,2.000,20000,0.475,0.000,6.000,8.071,4.725,13122,41436,13120,84,42,151,49,0,0,0,0,8,0.000,4.543,3.592,0.132,0.080,0.213,1.797,0.947,0.092,0.000,0.000,0.000,0.000,0.000,0.000,0.000,0.000,0.000,0.000,0.000,0.000,0.000,0.000,0.009,0,0,1.476,0.666,0.947,0.000,14
Data-Oriented CPU ROAM,RelWithDebInfo,D3D12,NVIDIA GeForce RTX 5090 D,Direct3D 12 (feature level 12_0); requested Agility SDK 614; runtime 6.2.26100.8737 (C:\WINDOWS\SYSTEM32\D3D12Core.dll); driver 32.0.15.9186,false,assets/heightmaps/Hm_Terrain_Test_129.pgm,129,129,30.000,4.000,14,4.000,2.000,20000,0.479,0.000,6.000,7.965,4.756,13102,41548,13100,56,28,76,35,0,0,0,0,8,401.681,4.041,3.084,0.137,0.061,0.129,1.341,0.976,0.096,0.000,0.000,0.000,0.000,0.000,0.000,0.000,0.000,0.000,0.000,0.000,0.000,0.000,0.000,0.009,0,0,1.010,0.597,0.976,0.000,14
Data-Oriented CPU ROAM,RelWithDebInfo,D3D12,NVIDIA GeForce RTX 5090 D,Direct3D 12 (feature level 12_0); requested Agility SDK 614; runtime 6.2.26100.8737 (C:\WINDOWS\SYSTEM32\D3D12Core.dll); driver 32.0.15.9186,false,assets/heightmaps/Hm_Terrain_Test_129.pgm,129,129,30.000,4.000,14,4.000,2.000,20000,0.484,0.000,6.000,7.869,4.244,13132,41764,13130,108,54,78,82,0,0,0,0,8,0.000,4.732,3.769,0.138,0.094,0.165,1.982,0.984,0.105,0.000,0.000,0.000,0.000,0.000,0.000,0.000,0.000,0.000,0.000,0.000,0.000,0.000,0.000,0.010,0,0,1.528,0.757,0.984,0.000,14
Data-Oriented CPU ROAM,RelWithDebInfo,D3D12,NVIDIA GeForce RTX 5090 D,Direct3D 12 (feature level 12_0); requested Agility SDK 614; runtime 6.2.26100.8737 (C:\WINDOWS\SYSTEM32\D3D12Core.dll); driver 32.0.15.9186,false,assets/heightmaps/Hm_Terrain_Test_129.pgm,129,129,30.000,4.000,14,4.000,2.000,20000,0.489,0.000,6.000,7.757,4.986,13146,41936,13144,86,42,72,61,0,0,0,0,8,0.000,4.774,3.837,0.129,0.077,0.150,1.903,1.152,0.092,0.000,0.000,0.000,0.000,0.000,0.000,0.000,0.000,0.000,0.000,0.000,0.000,0.000,0.000,0.009,0,0,1.562,0.619,1.152,0.000,14
Data-Oriented CPU ROAM,RelWithDebInfo,D3D12,NVIDIA GeForce RTX 5090 D,Direct3D 12 (feature level 12_0); requested Agility SDK 614; runtime 6.2.26100.8737 (C:\WINDOWS\SYSTEM32\D3D12Core.dll); driver 32.0.15.9186,false,assets/heightmaps/Hm_Terrain_Test_129.pgm,129,129,30.000,4.000,14,4.000,2.000,20000,0.494,0.000,6.000,7.646,4.958,13118,42140,13116,102,51,130,63,0,0,0,0,8,366.483,4.407,3.473,0.133,0.092,0.200,1.689,0.947,0.087,0.000,0.000,0.000,0.000,0.000,0.000,0.000,0.000,0.000,0.000,0.000,0.000,0.000,0.000,0.009,0,0,1.368,0.654,0.947,0.000,14
Data-Oriented CPU ROAM,RelWithDebInfo,D3D12,NVIDIA GeForce RTX 5090 D,Direct3D 12 (feature level 12_0); requested Agility SDK 614; runtime 6.2.26100.8737 (C:\WINDOWS\SYSTEM32\D3D12Core.dll); driver 32.0.15.9186,false,assets/heightmaps/Hm_Terrain_Test_129.pgm,129,129,30.000,4.000,14,4.000,2.000,20000,0.498,0.000,6.000,7.542,4.604,13066,42264,13064,62,31,114,41,0,0,0,0,8,0.000,4.463,3.529,0.132,0.060,0.158,1.788,0.950,0.093,0.000,0.000,0.000,0.000,0.000,0.000,0.000,0.000,0.000,0.000,0.000,0.000,0.000,0.000,0.011,0,0,1.436,0.642,0.950,0.000,14
Data-Oriented CPU ROAM,RelWithDebInfo,D3D12,NVIDIA GeForce RTX 5090 D,Direct3D 12 (feature level 12_0); requested Agility SDK 614; runtime 6.2.26100.8737 (C:\WINDOWS\SYSTEM32\D3D12Core.dll); driver 32.0.15.9186,false,assets/heightmaps/Hm_Terrain_Test_129.pgm,129,129,30.000,4.000,14,4.000,2.000,20000,0.503,0.000,6.000,7.436,4.706,13058,42412,13056,74,37,82,56,0,0,0,0,8,0.000,4.646,3.730,0.133,0.066,0.138,1.977,0.984,0.090,0.000,0.000,0.000,0.000,0.000,0.000,0.000,0.000,0.000,0.000,0.000,0.000,0.000,0.000,0.009,0,0,1.368,0.880,0.984,0.000,14
Data-Oriented CPU ROAM,RelWithDebInfo,D3D12,NVIDIA GeForce RTX 5090 D,Direct3D 12 (feature level 12_0); requested Agility SDK 614; runtime 6.2.26100.8737 (C:\WINDOWS\SYSTEM32\D3D12Core.dll); driver 32.0.15.9186,false,assets/heightmaps/Hm_Terrain_Test_129.pgm,129,129,30.000,4.000,14,4.000,2.000,20000,0.508,0.000,6.000,7.327,4.858,13084,42628,13082,108,53,82,70,0,0,0,0,8,699.606,4.620,3.680,0.132,0.094,0.171,1.934,0.947,0.095,0.000,0.000,0.000,0.000,0.000,0.000,0.000,0.000,0.000,0.000,0.000,0.000,0.000,0.000,0.009,0,0,1.486,0.752,0.947,0.000,14
Data-Oriented CPU ROAM,RelWithDebInfo,D3D12,NVIDIA GeForce RTX 5090 D,Direct3D 12 (feature level 12_0); requested Agility SDK 614; runtime 6.2.26100.8737 (C:\WINDOWS\SYSTEM32\D3D12Core.dll); driver 32.0.15.9186,false,assets/heightmaps/Hm_Terrain_Test_129.pgm,129,129,30.000,4.000,14,4.000,2.000,20000,0.513,0.000,6.000,7.218,4.843,13022,42824,13020,98,49,160,57,0,0,0,0,8,0.000,4.700,3.741,0.126,0.087,0.224,1.644,1.241,0.104,0.000,0.000,0.000,0.000,0.000,0.000,0.000,0.000,0.000,0.000,0.000,0.000,0.000,0.000,0.011,0,0,1.165,0.830,1.241,0.000,14
Data-Oriented CPU ROAM,RelWithDebInfo,D3D12,NVIDIA GeForce RTX 5090 D,Direct3D 12 (feature level 12_0); requested Agility SDK 614; runtime 6.2.26100.8737 (C:\WINDOWS\SYSTEM32\D3D12Core.dll); driver 32.0.15.9186,false,assets/heightmaps/Hm_Terrain_Test_129.pgm,129,129,30.000,4.000,14,4.000,2.000,20000,0.517,0.000,6.000,7.108,4.909,12966,42964,12964,70,35,126,45,0,0,0,0,8,0.000,4.121,3.174,0.129,0.066,0.176,1.419,0.936,0.093,0.000,0.000,0.000,0.000,0.000,0.000,0.000,0.000,0.000,0.000,0.000,0.000,0.000,0.000,0.009,0,0,1.077,0.647,0.936,0.000,14
Data-Oriented CPU ROAM,RelWithDebInfo,D3D12,NVIDIA GeForce RTX 5090 D,Direct3D 12 (feature level 12_0); requested Agility SDK 614; runtime 6.2.26100.8737 (C:\WINDOWS\SYSTEM32\D3D12Core.dll); driver 32.0.15.9186,false,assets/heightmaps/Hm_Terrain_Test_129.pgm,129,129,30.000,4.000,14,4.000,2.000,20000,0.522,0.000,6.000,7.010,4.333,12936,43080,12934,58,29,88,40,0,0,0,0,8,2614.680,4.928,3.997,0.131,0.065,0.212,2.206,0.945,0.092,0.000,0.000,0.000,0.000,0.000,0.000,0.000,0.000,0.000,0.000,0.000,0.000,0.000,0.000,0.009,0,0,1.385,1.164,0.945,0.000,14
Data-Oriented CPU ROAM,RelWithDebInfo,D3D12,NVIDIA GeForce RTX 5090 D,Direct3D 12 (feature level 12_0); requested Agility SDK 614; runtime 6.2.26100.8737 (C:\WINDOWS\SYSTEM32\D3D12Core.dll); driver 32.0.15.9186,false,assets/heightmaps/Hm_Terrain_Test_129.pgm,129,129,30.000,4.000,14,4.000,2.000,20000,0.527,0.000,6.000,6.895,5.130,12976,43308,12974,114,56,74,80,0,0,0,0,8,0.000,4.948,4.007,0.134,0.100,0.168,2.241,0.967,0.097,0.000,0.000,0.000,0.000,0.000,0.000,0.000,0.000,0.000,0.000,0.000,0.000,0.000,0.000,0.011,0,0,1.448,1.095,0.967,0.000,14
Data-Oriented CPU ROAM,RelWithDebInfo,D3D12,NVIDIA GeForce RTX 5090 D,Direct3D 12 (feature level 12_0); requested Agility SDK 614; runtime 6.2.26100.8737 (C:\WINDOWS\SYSTEM32\D3D12Core.dll); driver 32.0.15.9186,false,assets/heightmaps/Hm_Terrain_Test_129.pgm,129,129,30.000,4.000,14,4.000,2.000,20000,0.532,0.000,6.000,6.779,5.176,12956,43520,12954,106,53,126,62,0,0,0,0,8,0.000,4.063,3.148,0.133,0.090,0.198,1.378,0.942,0.089,0.000,0.000,0.000,0.000,0.000,0.000,0.000,0.000,0.000,0.000,0.000,0.000,0.000,0.000,0.009,0,0,1.046,0.663,0.942,0.000,14
Data-Oriented CPU ROAM,RelWithDebInfo,D3D12,NVIDIA GeForce RTX 5090 D,Direct3D 12 (feature level 12_0); requested Agility SDK 614; runtime 6.2.26100.8737 (C:\WINDOWS\SYSTEM32\D3D12Core.dll); driver 32.0.15.9186,false,assets/heightmaps/Hm_Terrain_Test_129.pgm,129,129,30.000,4.000,14,4.000,2.000,20000,0.536,0.000,6.000,6.683,4.280,12938,43692,12936,86,43,104,54,0,0,0,0,8,0.000,4.386,3.464,0.127,0.076,0.174,1.722,0.948,0.090,0.000,0.000,0.000,0.000,0.000,0.000,0.000,0.000,0.000,0.000,0.000,0.000,0.000,0.000,0.009,0,0,1.392,0.632,0.948,0.000,14
Data-Oriented CPU ROAM,RelWithDebInfo,D3D12,NVIDIA GeForce RTX 5090 D,Direct3D 12 (feature level 12_0); requested Agility SDK 614; runtime 6.2.26100.8737 (C:\WINDOWS\SYSTEM32\D3D12Core.dll); driver 32.0.15.9186,false,assets/heightmaps/Hm_Terrain_Test_129.pgm,129,129,30.000,4.000,14,4.000,2.000,20000,0.541,0.000,6.000,6.581,4.582,12884,43856,12882,82,41,136,52,0,0,0,0,8,403.830,4.012,3.097,0.127,0.076,0.186,1.358,0.936,0.091,0.000,0.000,0.000,0.000,0.000,0.000,0.000,0.000,0.000,0.000,0.000,0.000,0.000,0.000,0.011,0,0,1.031,0.639,0.936,0.000,14
Data-Oriented CPU ROAM,RelWithDebInfo,D3D12,NVIDIA GeForce RTX 5090 D,Direct3D 12 (feature level 12_0); requested Agility SDK 614; runtime 6.2.26100.8737 (C:\WINDOWS\SYSTEM32\D3D12Core.dll); driver 32.0.15.9186,false,assets/heightmaps/Hm_Terrain_Test_129.pgm,129,129,30.000,4.000,14,4.000,2.000,20000,0.545,0.000,6.000,6.487,4.178,12880,44032,12878,88,44,92,63,0,0,0,0,8,0.000,4.163,3.247,0.131,0.082,0.162,1.516,0.941,0.092,0.000,0.000,0.000,0.000,0.000,0.000,0.000,0.000,0.000,0.000,0.000,0.000,0.000,0.000,0.009,0,0,1.194,0.615,0.941,0.000,14
Data-Oriented CPU ROAM,RelWithDebInfo,D3D12,NVIDIA GeForce RTX 5090 D,Direct3D 12 (feature level 12_0); requested Agility SDK 614; runtime 6.2.26100.8737 (C:\WINDOWS\SYSTEM32\D3D12Core.dll); driver 32.0.15.9186,false,assets/heightmaps/Hm_Terrain_Test_129.pgm,129,129,30.000,4.000,14,4.000,2.000,20000,0.549,0.000,6.000,6.390,4.369,12815,44148,12813,58,28,123,58,0,0,0,0,8,0.000,4.401,3.483,0.132,0.060,0.166,1.760,0.934,0.096,0.000,0.000,0.000,0.000,0.000,0.000,0.000,0.000,0.000,0.000,0.000,0.000,0.000,0.000,0.009,0,0,1.406,0.651,0.934,0.000,14
Data-Oriented CPU ROAM,RelWithDebInfo,D3D12,NVIDIA GeForce RTX 5090 D,Direct3D 12 (feature level 12_0); requested Agility SDK 614; runtime 6.2.26100.8737 (C:\WINDOWS\SYSTEM32\D3D12Core.dll); driver 32.0.15.9186,false,assets/heightmaps/Hm_Terrain_Test_129.pgm,129,129,30.000,4.000,14,4.000,2.000,20000,0.554,0.000,6.000,6.288,4.601,12757,44320,12755,86,43,144,54,0,0,0,0,8,357.159,4.519,3.628,0.127,0.074,0.197,1.869,0.947,0.093,0.000,0.000,0.000,0.000,0.000,0.000,0.000,0.000,0.000,0.000,0.000,0.000,0.000,0.000,0.011,0,0,1.529,0.664,0.947,0.000,14
Data-Oriented CPU ROAM,RelWithDebInfo,D3D12,NVIDIA GeForce RTX 5090 D,Direct3D 12 (feature level 12_0); requested Agility SDK 614; runtime 6.2.26100.8737 (C:\WINDOWS\SYSTEM32\D3D12Core.dll); driver 32.0.15.9186,false,assets/heightmaps/Hm_Terrain_Test_129.pgm,129,129,30.000,4.000,14,4.000,2.000,20000,0.559,0.000,6.000,6.184,4.683,12707,44512,12705,96,48,146,59,0,0,0,0,8,0.000,4.781,3.857,0.125,0.084,0.201,2.085,0.955,0.094,0.000,0.000,0.000,0.000,0.000,0.000,0.000,0.000,0.000,0.000,0.000,0.000,0.000,0.000,0.009,0,0,1.410,1.001,0.955,0.000,14
Data-Oriented CPU ROAM,RelWithDebInfo,D3D12,NVIDIA GeForce RTX 5090 D,Direct3D 12 (feature level 12_0); requested Agility SDK 614; runtime 6.2.26100.8737 (C:\WINDOWS\SYSTEM32\D3D12Core.dll); driver 32.0.15.9186,false,assets/heightmaps/Hm_Terrain_Test_129.pgm,129,129,30.000,4.000,14,4.000,2.000,20000,0.564,0.000,6.000,6.073,4.992,12708,44676,12706,82,41,81,51,0,0,0,0,8,0.000,4.885,3.984,0.131,0.075,0.154,2.288,0.932,0.087,0.000,0.000,0.000,0.000,0.000,0.000,0.000,0.000,0.000,0.000,0.000,0.000,0.000,0.000,0.009,0,0,1.585,0.988,0.932,0.000,14
Data-Oriented CPU ROAM,RelWithDebInfo,D3D12,NVIDIA GeForce RTX 5090 D,Direct3D 12 (feature level 12_0); requested Agility SDK 614; runtime 6.2.26100.8737 (C:\WINDOWS\SYSTEM32\D3D12Core.dll); driver 32.0.15.9186,false,assets/heightmaps/Hm_Terrain_Test_129.pgm,129,129,30.000,4.000,14,4.000,2.000,20000,0.569,0.000,6.000,5.961,5.086,12726,44888,12724,106,53,88,71,0,0,0,0,8,330.996,4.864,3.958,0.133,0.086,0.192,2.207,0.939,0.087,0.000,0.000,0.000,0.000,0.000,0.000,0.000,0.000,0.000,0.000,0.000,0.000,0.000,0.000,0.011,0,0,1.445,1.087,0.939,0.000,14
Data-Oriented CPU ROAM,RelWithDebInfo,D3D12,NVIDIA GeForce RTX 5090 D,Direct3D 12 (feature level 12_0); requested Agility SDK 614; runtime 6.2.26100.8737 (C:\WINDOWS\SYSTEM32\D3D12Core.dll); driver 32.0.15.9186,false,assets/heightmaps/Hm_Terrain_Test_129.pgm,129,129,30.000,4.000,14,4.000,2.000,20000,0.574,0.000,6.000,5.848,5.086,12696,45068,12694,90,44,120,56,0,0,0,0,8,0.000,4.424,3.524,0.130,0.074,0.182,1.773,0.927,0.092,0.000,0.000,0.000,0.000,0.000,0.000,0.000,0.000,0.000,0.000,0.000,0.000,0.000,0.000,0.009,0,0,1.434,0.651,0.927,0.000,14
Data-Oriented CPU ROAM,RelWithDebInfo,D3D12,NVIDIA GeForce RTX 5090 D,Direct3D 12 (feature level 12_0); requested Agility SDK 614; runtime 6.2.26100.8737 (C:\WINDOWS\SYSTEM32\D3D12Core.dll); driver 32.0.15.9186,false,assets/heightmaps/Hm_Terrain_Test_129.pgm,129,129,30.000,4.000,14,4.000,2.000,20000,0.579,0.000,6.000,5.747,4.628,12652,45204,12650,68,34,112,52,0,0,0,0,8,0.000,4.044,3.166,0.126,0.061,0.161,1.435,0.955,0.086,0.000,0.000,0.000,0.000,0.000,0.000,0.000,0.000,0.000,0.000,0.000,0.000,0.000,0.000,0.009,0,0,1.052,0.670,0.955,0.000,14
Data-Oriented CPU ROAM,RelWithDebInfo,D3D12,NVIDIA GeForce RTX 5090 D,Direct3D 12 (feature level 12_0); requested Agility SDK 614; runtime 6.2.26100.8737 (C:\WINDOWS\SYSTEM32\D3D12Core.dll); driver 32.0.15.9186,false,assets/heightmaps/Hm_Terrain_Test_129.pgm,129,129,30.000,4.000,14,4.000,2.000,20000,0.583,0.000,6.000,5.654,4.247,12634,45288,12632,42,21,60,27,0,0,0,0,8,0.000,4.861,3.970,0.243,0.042,0.097,2.227,0.916,0.088,0.000,0.000,0.000,0.000,0.000,0.000,0.000,0.000,0.000,0.000,0.000,0.000,0.000,0.000,0.009,0,0,1.490,1.078,0.916,0.000,14
Data-Oriented CPU ROAM,RelWithDebInfo,D3D12,NVIDIA GeForce RTX 5090 D,Direct3D 12 (feature level 12_0); requested Agility SDK 614; runtime 6.2.26100.8737 (C:\WINDOWS\SYSTEM32\D3D12Core.dll); driver 32.0.15.9186,false,assets/heightmaps/Hm_Terrain_Test_129.pgm,129,129,30.000,4.000,14,4.000,2.000,20000,0.588,0.000,6.000,5.543,5.064,12592,45448,12590,80,40,122,55,0,0,0,0,8,328.477,4.906,4.018,0.124,0.066,0.195,2.308,0.912,0.093,0.000,0.000,0.000,0.000,0.000,0.000,0.000,0.000,0.000,0.000,0.000,0.000,0.000,0.000,0.011,0,0,1.462,1.165,0.912,0.000,14
Data-Oriented CPU ROAM,RelWithDebInfo,D3D12,NVIDIA GeForce RTX 5090 D,Direct3D 12 (feature level 12_0); requested Agility SDK 614; runtime 6.2.26100.8737 (C:\WINDOWS\SYSTEM32\D3D12Core.dll); driver 32.0.15.9186,false,assets/heightmaps/Hm_Terrain_Test_129.pgm,129,129,30.000,4.000,14,4.000,2.000,20000,0.593,0.000,6.000,5.432,5.114,12512,45604,12510,78,38,158,55,0,0,0,0,8,0.000,4.431,3.445,0.124,0.065,0.208,1.723,0.916,0.092,0.000,0.000,0.000,0.000,0.000,0.000,0.000,0.000,0.000,0.000,0.000,0.000,0.000,0.000,0.009,0,0,1.351,0.704,0.916,0.000,14
Data-Oriented CPU ROAM,RelWithDebInfo,D3D12,NVIDIA GeForce RTX 5090 D,Direct3D 12 (feature level 12_0); requested Agility SDK 614; runtime 6.2.26100.8737 (C:\WINDOWS\SYSTEM32\D3D12Core.dll); driver 32.0.15.9186,false,assets/heightmaps/Hm_Terrain_Test_129.pgm,129,129,30.000,4.000,14,4.000,2.000,20000,0.598,0.000,6.000,5.331,4.654,12452,45744,12450,70,35,130,44,0,0,0,0,8,0.000,4.101,3.228,0.131,0.065,0.177,1.533,0.906,0.087,0.000,0.000,0.000,0.000,0.000,0.000,0.000,0.000,0.000,0.000,0.000,0.000,0.000,0.000,0.009,0,0,1.023,0.818,0.906,0.000,14
Data-Oriented CPU ROAM,RelWithDebInfo,D3D12,NVIDIA GeForce RTX 5090 D,Direct3D 12 (feature level 12_0); requested Agility SDK 614; runtime 6.2.26100.8737 (C:\WINDOWS\SYSTEM32\D3D12Core.dll); driver 32.0.15.9186,false,assets/heightmaps/Hm_Terrain_Test_129.pgm,129,129,30.000,4.000,14,4.000,2.000,20000,0.602,0.000,6.000,5.238,4.301,12410,45824,12408,40,20,82,40,0,0,0,0,8,783.267,4.129,3.266,0.122,0.035,0.107,1.666,0.896,0.088,0.000,0.000,0.000,0.000,0.000,0.000,0.000,0.000,0.000,0.000,0.000,0.000,0.000,0.000,0.011,0,0,1.302,0.593,0.896,0.000,14
Data-Oriented CPU ROAM,RelWithDebInfo,D3D12,NVIDIA GeForce RTX 5090 D,Direct3D 12 (feature level 12_0); requested Agility SDK 614; runtime 6.2.26100.8737 (C:\WINDOWS\SYSTEM32\D3D12Core.dll); driver 32.0.15.9186,false,assets/heightmaps/Hm_Terrain_Test_129.pgm,129,129,30.000,4.000,14,4.000,2.000,20000,0.606,0.000,6.000,5.145,4.310,12418,45908,12416,42,21,34,28,0,0,0,0,8,0.000,4.127,3.264,0.128,0.038,0.074,1.686,0.904,0.087,0.000,0.000,0.000,0.000,0.000,0.000,0.000,0.000,0.000,0.000,0.000,0.000,0.000,0.000,0.009,0,0,1.303,0.585,0.904,0.000,14
Data-Oriented CPU ROAM,RelWithDebInfo,D3D12,NVIDIA GeForce RTX 5090 D,Direct3D 12 (feature level 12_0); requested Agility SDK 614; runtime 6.2.26100.8737 (C:\WINDOWS\SYSTEM32\D3D12Core.dll); driver 32.0.15.9186,false,assets/heightmaps/Hm_Terrain_Test_129.pgm,129,129,30.000,4.000,14,4.000,2.000,20000,0.611,0.000,6.000,5.052,4.322,12360,46036,12358,64,32,122,46,0,0,0,0,8,0.000,4.206,3.345,0.126,0.057,0.173,1.645,0.922,0.084,0.000,0.000,0.000,0.000,0.000,0.000,0.000,0.000,0.000,0.000,0.000,0.000,0.000,0.000,0.011,0,0,1.110,0.834,0.922,0.000,14
Data-Oriented CPU ROAM,RelWithDebInfo,D3D12,NVIDIA GeForce RTX 5090 D,Direct3D 12 (feature level 12_0); requested Agility SDK 614; runtime 6.2.26100.8737 (C:\WINDOWS\SYSTEM32\D3D12Core.dll); driver 32.0.15.9186,false,assets/heightmaps/Hm_Terrain_Test_129.pgm,129,129,30.000,4.000,14,4.000,2.000,20000,0.615,0.000,6.000,4.958,4.407,12278,46128,12276,46,22,128,41,0,0,0,0,8,0.000,4.281,3.432,0.123,0.039,0.147,1.800,0.891,0.085,0.000,0.000,0.000,0.000,0.000,0.000,0.000,0.000,0.000,0.000,0.000,0.000,0.000,0.000,0.009,0,0,1.427,0.643,0.891,0.000,14
Data-Oriented CPU ROAM,RelWithDebInfo,D3D12,NVIDIA GeForce RTX 5090 D,Direct3D 12 (feature level 12_0); requested Agility SDK 614; runtime 6.2.26100.8737 (C:\WINDOWS\SYSTEM32\D3D12Core.dll); driver 32.0.15.9186,false,assets/heightmaps/Hm_Terrain_Test_129.pgm,129,129,30.000,4.000,14,4.000,2.000,20000,0.619,0.000,6.000,4.864,4.452,12254,46208,12252,40,20,64,38,0,0,0,0,8,423.694,3.831,2.936,0.126,0.036,0.098,1.330,0.914,0.089,0.000,0.000,0.000,0.000,0.000,0.000,0.000,0.000,0.000,0.000,0.000,0.000,0.000,0.000,0.009,0,0,0.965,0.589,0.914,0.000,14
Data-Oriented CPU ROAM,RelWithDebInfo,D3D12,NVIDIA GeForce RTX 5090 D,Direct3D 12 (feature level 12_0); requested Agility SDK 614; runtime 6.2.26100.8737 (C:\WINDOWS\SYSTEM32\D3D12Core.dll); driver 32.0.15.9186,false,assets/heightmaps/Hm_Terrain_Test_129.pgm,129,129,30.000,4.000,14,4.000,2.000,20000,0.623,0.000,6.000,4.778,4.025,12206,46264,12204,28,14,76,42,0,0,0,0,8,0.000,4.361,3.515,0.173,0.030,0.099,1.630,1.156,0.090,0.000,0.000,0.000,0.000,0.000,0.000,0.000,0.000,0.000,0.000,0.000,0.000,0.000,0.000,0.011,0,0,1.032,0.869,1.156,0.000,14
Data-Oriented CPU ROAM,RelWithDebInfo,D3D12,NVIDIA GeForce RTX 5090 D,Direct3D 12 (feature level 12_0); requested Agility SDK 614; runtime 6.2.26100.8737 (C:\WINDOWS\SYSTEM32\D3D12Core.dll); driver 32.0.15.9186,false,assets/heightmaps/Hm_Terrain_Test_129.pgm,129,129,30.000,4.000,14,4.000,2.000,20000,0.628,0.000,6.000,4.681,4.615,12212,46364,12210,50,25,44,37,0,0,0,0,8,0.000,4.200,3.378,0.173,0.043,0.085,1.504,1.169,0.084,0.000,0.000,0.000,0.000,0.000,0.000,0.000,0.000,0.000,0.000,0.000,0.000,0.000,0.000,0.009,0,0,1.053,0.709,1.169,0.000,14
Data-Oriented CPU ROAM,RelWithDebInfo,D3D12,NVIDIA GeForce RTX 5090 D,Direct3D 12 (feature level 12_0); requested Agility SDK 614; runtime 6.2.26100.8737 (C:\WINDOWS\SYSTEM32\D3D12Core.dll); driver 32.0.15.9186,false,assets/heightmaps/Hm_Terrain_Test_129.pgm,129,129,30.000,4.000,14,4.000,2.000,20000,0.632,0.000,6.000,4.590,4.360,12154,46496,12152,66,33,124,51,0,0,0,0,8,2093.709,4.618,3.775,0.178,0.055,0.164,1.764,1.221,0.086,0.000,0.000,0.000,0.000,0.000,0.000,0.000,0.000,0.000,0.000,0.000,0.000,0.000,0.000,0.009,0,0,1.214,0.892,1.221,0.000,14
Data-Oriented CPU ROAM,RelWithDebInfo,D3D12,NVIDIA GeForce RTX 5090 D,Direct3D 12 (feature level 12_0); requested Agility SDK 614; runtime 6.2.26100.8737 (C:\WINDOWS\SYSTEM32\D3D12Core.dll); driver 32.0.15.9186,false,assets/heightmaps/Hm_Terrain_Test_129.pgm,129,129,30.000,4.000,14,4.000,2.000,20000,0.637,0.000,6.000,4.489,4.840,11945,46576,11943,40,19,249,52,0,0,0,0,8,0.000,4.629,3.797,0.168,0.037,0.221,1.778,1.187,0.085,0.000,0.000,0.000,0.000,0.000,0.000,0.000,0.000,0.000,0.000,0.000,0.000,0.000,0.000,0.011,0,0,1.158,1.008,1.187,0.000,14
Data-Oriented CPU ROAM,RelWithDebInfo,D3D12,NVIDIA GeForce RTX 5090 D,Direct3D 12 (feature level 12_0); requested Agility SDK 614; runtime 6.2.26100.8737 (C:\WINDOWS\SYSTEM32\D3D12Core.dll); driver 32.0.15.9186,false,assets/heightmaps/Hm_Terrain_Test_129.pgm,129,129,30.000,4.000,14,4.000,2.000,20000,0.642,0.000,6.000,4.388,4.881,11906,46680,11904,52,26,91,42,0,0,0,0,8,0.000,4.299,3.481,0.168,0.044,0.119,1.625,1.133,0.079,0.000,0.000,0.000,0.000,0.000,0.000,0.000,0.000,0.000,0.000,0.000,0.000,0.000,0.000,0.009,0,0,1.054,0.857,1.133,0.000,14
Data-Oriented CPU ROAM,RelWithDebInfo,D3D12,NVIDIA GeForce RTX 5090 D,Direct3D 12 (feature level 12_0); requested Agility SDK 614; runtime 6.2.26100.8737 (C:\WINDOWS\SYSTEM32\D3D12Core.dll); driver 32.0.15.9186,false,assets/heightmaps/Hm_Terrain_Test_129.pgm,129,129,30.000,4.000,14,4.000,2.000,20000,0.647,0.000,6.000,4.295,4.474,11840,46756,11838,38,19,104,24,0,0,0,0,8,0.000,4.605,3.765,0.176,0.035,0.136,1.888,1.130,0.084,0.000,0.000,0.000,0.000,0.000,0.000,0.000,0.000,0.000,0.000,0.000,0.000,0.000,0.000,0.009,0,0,1.303,0.896,1.130,0.000,14
Data-Oriented CPU ROAM,RelWithDebInfo,D3D12,NVIDIA GeForce RTX 5090 D,Direct3D 12 (feature level 12_0); requested Agility SDK 614; runtime 6.2.26100.8737 (C:\WINDOWS\SYSTEM32\D3D12Core.dll); driver 32.0.15.9186,false,assets/heightmaps/Hm_Terrain_Test_129.pgm,129,129,30.000,4.000,14,4.000,2.000,20000,0.651,0.000,6.000,4.197,4.809,11840,46872,11838,58,29,58,43,0,0,0,0,8,362.462,4.447,3.594,0.173,0.052,0.106,1.726,1.153,0.084,0.000,0.000,0.000,0.000,0.000,0.000,0.000,0.000,0.000,0.000,0.000,0.000,0.000,0.000,0.011,0,0,1.166,0.839,1.153,0.000,14
Data-Oriented CPU ROAM,RelWithDebInfo,D3D12,NVIDIA GeForce RTX 5090 D,Direct3D 12 (feature level 12_0); requested Agility SDK 614; runtime 6.2.26100.8737 (C:\WINDOWS\SYSTEM32\D3D12Core.dll); driver 32.0.15.9186,false,assets/heightmaps/Hm_Terrain_Test_129.pgm,129,129,30.000,4.000,14,4.000,2.000,20000,0.656,0.000,6.000,4.101,4.694,11802,46964,11800,46,23,84,32,0,0,0,0,8,0.000,4.497,3.682,0.173,0.045,0.126,1.812,1.138,0.079,0.000,0.000,0.000,0.000,0.000,0.000,0.000,0.000,0.000,0.000,0.000,0.000,0.000,0.000,0.009,0,0,1.226,0.885,1.138,0.000,14
Data-Oriented CPU ROAM,RelWithDebInfo,D3D12,NVIDIA GeForce RTX 5090 D,Direct3D 12 (feature level 12_0); requested Agility SDK 614; runtime 6.2.26100.8737 (C:\WINDOWS\SYSTEM32\D3D12Core.dll); driver 32.0.15.9186,false,assets/heightmaps/Hm_Terrain_Test_129.pgm,129,129,30.000,4.000,14,4.000,2.000,20000,0.661,0.000,6.000,4.006,4.714,11694,47020,11692,28,13,136,44,0,0,0,0,8,0.000,4.502,3.694,0.171,0.025,0.154,1.830,1.110,0.079,0.000,0.000,0.000,0.000,0.000,0.000,0.000,0.000,0.000,0.000,0.000,0.000,0.000,0.000,0.009,0,0,1.067,1.087,1.110,0.000,14
Data-Oriented CPU ROAM,RelWithDebInfo,D3D12,NVIDIA GeForce RTX 5090 D,Direct3D 12 (feature level 12_0); requested Agility SDK 614; runtime 6.2.26100.8737 (C:\WINDOWS\SYSTEM32\D3D12Core.dll); driver 32.0.15.9186,false,assets/heightmaps/Hm_Terrain_Test_129.pgm,129,129,30.000,4.000,14,4.000,2.000,20000,0.666,0.000,6.000,3.911,4.702,11670,47144,11668,62,31,86,48,0,0,0,0,8,1770.137,4.544,3.732,0.168,0.045,0.142,1.866,1.125,0.079,0.000,0.000,0.000,0.000,0.000,0.000,0.000,0.000,0.000,0.000,0.000,0.000,0.000,0.000,0.011,0,0,1.283,0.894,1.125,0.000,14
Data-Oriented CPU ROAM,RelWithDebInfo,D3D12,NVIDIA GeForce RTX 5090 D,Direct3D 12 (feature level 12_0); requested Agility SDK 614; runtime 6.2.26100.8737 (C:\WINDOWS\SYSTEM32\D3D12Core.dll); driver 32.0.15.9186,false,assets/heightmaps/Hm_Terrain_Test_129.pgm,129,129,30.000,4.000,14,4.000,2.000,20000,0.670,0.000,6.000,3.816,4.758,11654,47216,11652,36,18,52,36,0,0,0,0,8,0.000,4.106,3.290,0.169,0.032,0.081,1.485,1.120,0.084,0.000,0.000,0.000,0.000,0.000,0.000,0.000,0.000,0.000,0.000,0.000,0.000,0.000,0.000,0.008,0,0,1.031,0.704,1.120,0.000,14
Data-Oriented CPU ROAM,RelWithDebInfo,D3D12,NVIDIA GeForce RTX 5090 D,Direct3D 12 (feature level 12_0); requested Agility SDK 614; runtime 6.2.26100.8737 (C:\WINDOWS\SYSTEM32\D3D12Core.dll); driver 32.0.15.9186,false,assets/heightmaps/Hm_Terrain_Test_129.pgm,129,129,30.000,4.000,14,4.000,2.000,20000,0.675,0.000,6.000,3.730,4.324,11600,47304,11598,44,22,98,31,0,0,0,0,8,0.000,4.344,3.535,0.167,0.038,0.129,1.695,1.120,0.087,0.000,0.000,0.000,0.000,0.000,0.000,0.000,0.000,0.000,0.000,0.000,0.000,0.000,0.000,0.009,0,0,1.133,0.858,1.120,0.000,14
Data-Oriented CPU ROAM,RelWithDebInfo,D3D12,NVIDIA GeForce RTX 5090 D,Direct3D 12 (feature level 12_0); requested Agility SDK 614; runtime 6.2.26100.8737 (C:\WINDOWS\SYSTEM32\D3D12Core.dll); driver 32.0.15.9186,false,assets/heightmaps/Hm_Terrain_Test_129.pgm,129,129,30.000,4.000,14,4.000,2.000,20000,0.679,0.000,6.000,3.641,4.545,11574,47408,11572,52,26,78,41,0,0,0,0,8,386.623,4.173,3.368,0.167,0.039,0.101,1.574,1.102,0.079,0.000,0.000,0.000,0.000,0.000,0.000,0.000,0.000,0.000,0.000,0.000,0.000,0.000,0.000,0.011,0,0,1.025,0.817,1.102,0.000,14
Data-Oriented CPU ROAM,RelWithDebInfo,D3D12,NVIDIA GeForce RTX 5090 D,Direct3D 12 (feature level 12_0); requested Agility SDK 614; runtime 6.2.26100.8737 (C:\WINDOWS\SYSTEM32\D3D12Core.dll); driver 32.0.15.9186,false,assets/heightmaps/Hm_Terrain_Test_129.pgm,129,129,30.000,4.000,14,4.000,2.000,20000,0.684,0.000,6.000,3.555,4.377,11476,47476,11474,34,16,132,36,0,0,0,0,8,0.000,4.848,4.052,0.165,0.033,0.147,2.181,1.124,0.083,0.000,0.000,0.000,0.000,0.000,0.000,0.000,0.000,0.000,0.000,0.000,0.000,0.000,0.000,0.008,0,0,1.626,0.867,1.124,0.000,14
Data-Oriented CPU ROAM,RelWithDebInfo,D3D12,NVIDIA GeForce RTX 5090 D,Direct3D 12 (feature level 12_0); requested Agility SDK 614; runtime 6.2.26100.8737 (C:\WINDOWS\SYSTEM32\D3D12Core.dll); driver 32.0.15.9186,false,assets/heightmaps/Hm_Terrain_Test_129.pgm,129,129,30.000,4.000,14,4.000,2.000,20000,0.689,0.000,6.000,3.457,5.066,11368,47568,11366,46,23,154,35,0,0,0,0,8,0.000,4.409,3.621,0.165,0.043,0.224,1.564,1.093,0.078,0.000,0.000,0.000,0.000,0.000,0.000,0.000,0.000,0.000,0.000,0.000,0.000,0.000,0.000,0.008,0,0,1.018,0.934,1.093,0.000,14
Data-Oriented CPU ROAM,RelWithDebInfo,D3D12,NVIDIA GeForce RTX 5090 D,Direct3D 12 (feature level 12_0); requested Agility SDK 614; runtime 6.2.26100.8737 (C:\WINDOWS\SYSTEM32\D3D12Core.dll); driver 32.0.15.9186,false,assets/heightmaps/Hm_Terrain_Test_129.pgm,129,129,30.000,4.000,14,4.000,2.000,20000,0.693,0.000,6.000,3.368,4.623,11356,47680,11354,56,28,68,39,0,0,0,0,8,0.000,4.175,3.390,0.163,0.048,0.105,1.609,1.092,0.080,0.000,0.000,0.000,0.000,0.000,0.000,0.000,0.000,0.000,0.000,0.000,0.000,0.000,0.000,0.011,0,0,1.031,0.846,1.092,0.000,14
Data-Oriented CPU ROAM,RelWithDebInfo,D3D12,NVIDIA GeForce RTX 5090 D,Direct3D 12 (feature level 12_0); requested Agility SDK 614; runtime 6.2.26100.8737 (C:\WINDOWS\SYSTEM32\D3D12Core.dll); driver 32.0.15.9186,false,assets/heightmaps/Hm_Terrain_Test_129.pgm,129,129,30.000,4.000,14,4.000,2.000,20000,0.698,0.000,6.000,3.286,4.331,11308,47752,11306,36,18,84,28,0,0,0,0,8,362.109,4.447,3.622,0.170,0.054,0.143,1.613,1.271,0.081,0.000,0.000,0.000,0.000,0.000,0.000,0.000,0.000,0.000,0.000,0.000,0.000,0.000,0.000,0.008,0,0,1.096,0.830,1.271,0.000,14
Data-Oriented CPU ROAM,RelWithDebInfo,D3D12,NVIDIA GeForce RTX 5090 D,Direct3D 12 (feature level 12_0); requested Agility SDK 614; runtime 6.2.26100.8737 (C:\WINDOWS\SYSTEM32\D3D12Core.dll); driver 32.0.15.9186,false,assets/heightmaps/Hm_Terrain_Test_129.pgm,129,129,30.000,4.000,14,4.000,2.000,20000,0.702,0.000,6.000,3.197,4.678,11284,47832,11282,40,20,64,40,0,0,0,0,8,0.000,4.145,3.369,0.164,0.036,0.093,1.613,1.083,0.075,0.000,0.000,0.000,0.000,0.000,0.000,0.000,0.000,0.000,0.000,0.000,0.000,0.000,0.000,0.008,0,0,1.078,0.792,1.083,0.000,14
Data-Oriented CPU ROAM,RelWithDebInfo,D3D12,NVIDIA GeForce RTX 5090 D,Direct3D 12 (feature level 12_0); requested Agility SDK 614; runtime 6.2.26100.8737 (C:\WINDOWS\SYSTEM32\D3D12Core.dll); driver 32.0.15.9186,false,assets/heightmaps/Hm_Terrain_Test_129.pgm,129,129,30.000,4.000,14,4.000,2.000,20000,0.707,0.000,6.000,3.116,4.347,11252,47916,11250,42,20,74,40,0,0,0,0,8,0.000,4.399,3.624,0.162,0.036,0.151,1.640,1.074,0.081,0.000,0.000,0.000,0.000,0.000,0.000,0.000,0.000,0.000,0.000,0.000,0.000,0.000,0.000,0.011,0,0,1.009,0.944,1.074,0.000,14
Data-Oriented CPU ROAM,RelWithDebInfo,D3D12,NVIDIA GeForce RTX 5090 D,Direct3D 12 (feature level 12_0); requested Agility SDK 614; runtime 6.2.26100.8737 (C:\WINDOWS\SYSTEM32\D3D12Core.dll); driver 32.0.15.9186,false,assets/heightmaps/Hm_Terrain_Test_129.pgm,129,129,30.000,4.000,14,4.000,2.000,20000,0.711,0.000,6.000,3.030,4.618,11218,48012,11216,48,24,82,39,0,0,0,0,8,785.590,4.104,3.335,0.161,0.040,0.119,1.560,1.081,0.077,0.000,0.000,0.000,0.000,0.000,0.000,0.000,0.000,0.000,0.000,0.000,0.000,0.000,0.000,0.008,0,0,1.022,0.818,1.081,0.000,14
Data-Oriented CPU ROAM,RelWithDebInfo,D3D12,NVIDIA GeForce RTX 5090 D,Direct3D 12 (feature level 12_0); requested Agility SDK 614; runtime 6.2.26100.8737 (C:\WINDOWS\SYSTEM32\D3D12Core.dll); driver 32.0.15.9186,false,assets/heightmaps/Hm_Terrain_Test_129.pgm,129,129,30.000,4.000,14,4.000,2.000,20000,0.716,0.000,6.000,2.951,4.322,11174,48084,11172,36,18,80,38,0,0,0,0,8,0.000,4.147,3.378,0.164,0.038,0.107,1.581,1.071,0.075,0.000,0.000,0.000,0.000,0.000,0.000,0.000,0.000,0.000,0.000,0.000,0.000,0.000,0.000,0.009,0,0,1.057,0.794,1.071,0.000,14
Data-Oriented CPU ROAM,RelWithDebInfo,D3D12,NVIDIA GeForce RTX 5090 D,Direct3D 12 (feature level 12_0); requested Agility SDK 614; runtime 6.2.26100.8737 (C:\WINDOWS\SYSTEM32\D3D12Core.dll); driver 32.0.15.9186,false,assets/heightmaps/Hm_Terrain_Test_129.pgm,129,129,30.000,4.000,14,4.000,2.000,20000,0.720,0.000,6.000,2.871,4.386,11103,48156,11101,36,18,107,32,0,0,0,0,8,0.000,3.858,3.106,0.160,0.032,0.134,1.325,1.074,0.076,0.000,0.000,0.000,0.000,0.000,0.000,0.000,0.000,0.000,0.000,0.000,0.000,0.000,0.000,0.011,0,0,1.000,0.619,1.074,0.000,14
Data-Oriented CPU ROAM,RelWithDebInfo,D3D12,NVIDIA GeForce RTX 5090 D,Direct3D 12 (feature level 12_0); requested Agility SDK 614; runtime 6.2.26100.8737 (C:\WINDOWS\SYSTEM32\D3D12Core.dll); driver 32.0.15.9186,false,assets/heightmaps/Hm_Terrain_Test_129.pgm,129,129,30.000,4.000,14,4.000,2.000,20000,0.724,0.000,6.000,2.798,4.030,11045,48232,11043,38,19,96,38,0,0,0,0,8,0.000,4.007,3.256,0.163,0.038,0.116,1.514,1.057,0.073,0.000,0.000,0.000,0.000,0.000,0.000,0.000,0.000,0.000,0.000,0.000,0.000,0.000,0.000,0.009,0,0,1.007,0.785,1.057,0.000,14
Data-Oriented CPU ROAM,RelWithDebInfo,D3D12,NVIDIA GeForce RTX 5090 D,Direct3D 12 (feature level 12_0); requested Agility SDK 614; runtime 6.2.26100.8737 (C:\WINDOWS\SYSTEM32\D3D12Core.dll); driver 32.0.15.9186,false,assets/heightmaps/Hm_Terrain_Test_129.pgm,129,129,30.000,4.000,14,4.000,2.000,20000,0.728,0.000,6.000,2.723,4.200,11013,48328,11011,48,24,80,34,0,0,0,0,8,2278.638,4.261,3.291,0.159,0.042,0.105,1.536,1.082,0.082,0.000,0.000,0.000,0.000,0.000,0.000,0.000,0.000,0.000,0.000,0.000,0.000,0.000,0.000,0.010,0,0,1.031,0.769,1.082,0.000,14
Data-Oriented CPU ROAM,RelWithDebInfo,D3D12,NVIDIA GeForce RTX 5090 D,Direct3D 12 (feature level 12_0); requested Agility SDK 614; runtime 6.2.26100.8737 (C:\WINDOWS\SYSTEM32\D3D12Core.dll); driver 32.0.15.9186,false,assets/heightmaps/Hm_Terrain_Test_129.pgm,129,129,30.000,4.000,14,4.000,2.000,20000,0.733,0.000,6.000,2.643,4.479,10985,48414,10983,43,21,71,36,0,0,0,0,8,0.000,4.433,3.679,0.157,0.036,0.148,1.693,1.060,0.077,0.000,0.000,0.000,0.000,0.000,0.000,0.000,0.000,0.000,0.000,0.000,0.000,0.000,0.000,0.009,0,0,1.034,0.964,1.060,0.000,14
Data-Oriented CPU ROAM,RelWithDebInfo,D3D12,NVIDIA GeForce RTX 5090 D,Direct3D 12 (feature level 12_0); requested Agility SDK 614; runtime 6.2.26100.8737 (C:\WINDOWS\SYSTEM32\D3D12Core.dll); driver 32.0.15.9186,false,assets/heightmaps/Hm_Terrain_Test_129.pgm,129,129,30.000,4.000,14,4.000,2.000,20000,0.737,0.000,6.000,2.563,4.603,10844,48460,10842,23,11,164,56,0,0,0,0,8,0.000,4.058,3.309,0.159,0.020,0.144,1.561,1.042,0.072,0.000,0.000,0.000,0.000,0.000,0.000,0.000,0.000,0.000,0.000,0.000,0.000,0.000,0.000,0.008,0,0,1.032,0.833,1.042,0.000,14
Data-Oriented CPU ROAM,RelWithDebInfo,D3D12,NVIDIA GeForce RTX 5090 D,Direct3D 12 (feature level 12_0); requested Agility SDK 614; runtime 6.2.26100.8737 (C:\WINDOWS\SYSTEM32\D3D12Core.dll); driver 32.0.15.9186,false,assets/heightmaps/Hm_Terrain_Test_129.pgm,129,129,30.000,4.000,14,4.000,2.000,20000,0.741,0.000,6.000,2.489,4.251,10809,48520,10807,30,15,65,30,0,0,0,0,8,3326.503,3.877,3.140,0.156,0.034,0.089,1.463,1.030,0.074,0.000,0.000,0.000,0.000,0.000,0.000,0.000,0.000,0.000,0.000,0.000,0.000,0.000,0.000,0.010,0,0,1.009,0.699,1.030,0.000,14
Data-Oriented CPU ROAM,RelWithDebInfo,D3D12,NVIDIA GeForce RTX 5090 D,Direct3D 12 (feature level 12_0); requested Agility SDK 614; runtime 6.2.26100.8737 (C:\WINDOWS\SYSTEM32\D3D12Core.dll); driver 32.0.15.9186,false,assets/heightmaps/Hm_Terrain_Test_129.pgm,129,129,30.000,4.000,14,4.000,2.000,20000,0.746,0.000,6.000,2.419,4.081,10736,48612,10734,46,23,119,35,0,0,0,0,8,0.000,4.299,3.463,0.215,0.041,0.138,1.660,1.055,0.084,0.000,0.000,0.000,0.000,0.000,0.000,0.000,0.000,0.000,0.000,0.000,0.000,0.000,0.000,0.008,0,0,1.170,0.843,1.055,0.000,14
Data-Oriented CPU ROAM,RelWithDebInfo,D3D12,NVIDIA GeForce RTX 5090 D,Direct3D 12 (feature level 12_0); requested Agility SDK 614; runtime 6.2.26100.8737 (C:\WINDOWS\SYSTEM32\D3D12Core.dll); driver 32.0.15.9186,false,assets/heightmaps/Hm_Terrain_Test_129.pgm,129,129,30.000,4.000,14,4.000,2.000,20000,0.750,0.000,6.000,2.342,4.549,10680,48704,10678,46,23,102,48,0,0,0,0,8,0.000,4.941,3.847,0.159,0.053,0.144,1.878,1.200,0.086,0.000,0.000,0.000,0.000,0.000,0.000,0.000,0.000,0.000,0.000,0.000,0.000,0.000,0.000,0.009,0,0,1.355,0.826,1.200,0.000,14
Data-Oriented CPU ROAM,RelWithDebInfo,D3D12,NVIDIA GeForce RTX 5090 D,Direct3D 12 (feature level 12_0); requested Agility SDK 614; runtime 6.2.26100.8737 (C:\WINDOWS\SYSTEM32\D3D12Core.dll); driver 32.0.15.9186,false,assets/heightmaps/Hm_Terrain_Test_129.pgm,129,129,30.000,4.000,14,4.000,2.000,20000,0.755,0.000,6.000,2.254,5.214,10662,48792,10660,44,22,62,42,0,0,0,0,8,0.000,4.846,3.746,0.153,0.043,0.131,1.845,1.059,0.076,0.000,0.000,0.000,0.000,0.000,0.000,0.000,0.000,0.000,0.000,0.000,0.000,0.000,0.000,0.011,0,0,1.335,0.794,1.059,0.000,14
Data-Oriented CPU ROAM,RelWithDebInfo,D3D12,NVIDIA GeForce RTX 5090 D,Direct3D 12 (feature level 12_0); requested Agility SDK 614; runtime 6.2.26100.8737 (C:\WINDOWS\SYSTEM32\D3D12Core.dll); driver 32.0.15.9186,false,assets/heightmaps/Hm_Terrain_Test_129.pgm,129,129,30.000,4.000,14,4.000,2.000,20000,0.760,0.000,6.000,2.169,5.152,10652,48892,10650,50,24,60,40,0,0,0,0,8,343.361,4.679,3.759,0.160,0.049,0.112,1.979,1.056,0.074,0.000,0.000,0.000,0.000,0.000,0.000,0.000,0.000,0.000,0.000,0.000,0.000,0.000,0.000,0.008,0,0,1.369,0.882,1.056,0.000,14
Data-Oriented CPU ROAM,RelWithDebInfo,D3D12,NVIDIA GeForce RTX 5090 D,Direct3D 12 (feature level 12_0); requested Agility SDK 614; runtime 6.2.26100.8737 (C:\WINDOWS\SYSTEM32\D3D12Core.dll); driver 32.0.15.9186,false,assets/heightmaps/Hm_Terrain_Test_129.pgm,129,129,30.000,4.000,14,4.000,2.000,20000,0.765,0.000,6.000,2.089,4.931,10602,48956,10600,32,16,82,50,0,0,0,0,8,0.000,4.520,3.777,0.156,0.031,0.112,1.942,1.162,0.073,0.000,0.000,0.000,0.000,0.000,0.000,0.000,0.000,0.000,0.000,0.000,0.000,0.000,0.000,0.008,0,0,1.181,1.029,1.162,0.000,14
Data-Oriented CPU ROAM,RelWithDebInfo,D3D12,NVIDIA GeForce RTX 5090 D,Direct3D 12 (feature level 12_0); requested Agility SDK 614; runtime 6.2.26100.8737 (C:\WINDOWS\SYSTEM32\D3D12Core.dll); driver 32.0.15.9186,false,assets/heightmaps/Hm_Terrain_Test_129.pgm,129,129,30.000,4.000,14,4.000,2.000,20000,0.770,0.000,6.000,2.013,4.740,10556,49012,10554,28,14,74,40,0,0,0,0,8,0.000,4.195,3.455,0.153,0.027,0.096,1.731,1.077,0.070,0.000,0.000,0.000,0.000,0.000,0.000,0.000,0.000,0.000,0.000,0.000,0.000,0.000,0.000,0.010,0,0,1.231,0.749,1.077,0.000,14
Data-Oriented CPU ROAM,RelWithDebInfo,D3D12,NVIDIA GeForce RTX 5090 D,Direct3D 12 (feature level 12_0); requested Agility SDK 614; runtime 6.2.26100.8737 (C:\WINDOWS\SYSTEM32\D3D12Core.dll); driver 32.0.15.9186,false,assets/heightmaps/Hm_Terrain_Test_129.pgm,129,129,30.000,4.000,14,4.000,2.000,20000,0.775,0.000,6.000,1.943,4.411,10514,49088,10512,38,19,80,44,0,0,0,0,8,371.953,4.358,3.575,0.154,0.038,0.166,1.662,1.037,0.100,0.000,0.000,0.000,0.000,0.000,0.000,0.000,0.000,0.000,0.000,0.000,0.000,0.000,0.000,0.008,0,0,1.069,0.912,1.037,0.000,14
Data-Oriented CPU ROAM,RelWithDebInfo,D3D12,NVIDIA GeForce RTX 5090 D,Direct3D 12 (feature level 12_0); requested Agility SDK 614; runtime 6.2.26100.8737 (C:\WINDOWS\SYSTEM32\D3D12Core.dll); driver 32.0.15.9186,false,assets/heightmaps/Hm_Terrain_Test_129.pgm,129,129,30.000,4.000,14,4.000,2.000,20000,0.779,0.000,6.000,1.872,4.590,10488,49168,10486,40,20,66,34,0,0,0,0,8,0.000,4.119,3.398,0.151,0.043,0.107,1.695,1.032,0.071,0.000,0.000,0.000,0.000,0.000,0.000,0.000,0.000,0.000,0.000,0.000,0.000,0.000,0.000,0.008,0,0,1.179,0.775,1.032,0.000,14
Data-Oriented CPU ROAM,RelWithDebInfo,D3D12,NVIDIA GeForce RTX 5090 D,Direct3D 12 (feature level 12_0); requested Agility SDK 614; runtime 6.2.26100.8737 (C:\WINDOWS\SYSTEM32\D3D12Core.dll); driver 32.0.15.9186,false,assets/heightmaps/Hm_Terrain_Test_129.pgm,129,129,30.000,4.000,14,4.000,2.000,20000,0.784,0.000,6.000,1.805,4.352,10438,49236,10436,34,17,84,26,0,0,0,0,8,0.000,3.911,3.201,0.150,0.031,0.114,1.520,1.020,0.071,0.000,0.000,0.000,0.000,0.000,0.000,0.000,0.000,0.000,0.000,0.000,0.000,0.000,0.000,0.010,0,0,1.030,0.754,1.020,0.000,14
Data-Oriented CPU ROAM,RelWithDebInfo,D3D12,NVIDIA GeForce RTX 5090 D,Direct3D 12 (feature level 12_0); requested Agility SDK 614; runtime 6.2.26100.8737 (C:\WINDOWS\SYSTEM32\D3D12Core.dll); driver 32.0.15.9186,false,assets/heightmaps/Hm_Terrain_Test_129.pgm,129,129,30.000,4.000,14,4.000,2.000,20000,0.788,0.000,6.000,1.742,4.115,10432,49312,10430,38,19,44,28,0,0,0,0,8,419.824,3.840,3.069,0.152,0.034,0.077,1.434,1.021,0.070,0.000,0.000,0.000,0.000,0.000,0.000,0.000,0.000,0.000,0.000,0.000,0.000,0.000,0.000,0.008,0,0,1.001,0.661,1.021,0.000,14
Data-Oriented CPU ROAM,RelWithDebInfo,D3D12,NVIDIA GeForce RTX 5090 D,Direct3D 12 (feature level 12_0); requested Agility SDK 614; runtime 6.2.26100.8737 (C:\WINDOWS\SYSTEM32\D3D12Core.dll); driver 32.0.15.9186,false,assets/heightmaps/Hm_Terrain_Test_129.pgm,129,129,30.000,4.000,14,4.000,2.000,20000,0.792,0.000,6.000,1.682,4.047,10368,49392,10366,40,19,104,39,0,0,0,0,8,0.000,3.890,3.163,0.158,0.034,0.119,1.457,1.046,0.072,0.000,0.000,0.000,0.000,0.000,0.000,0.000,0.000,0.000,0.000,0.000,0.000,0.000,0.000,0.008,0,0,0.999,0.736,1.046,0.000,14
Data-Oriented CPU ROAM,RelWithDebInfo,D3D12,NVIDIA GeForce RTX 5090 D,Direct3D 12 (feature level 12_0); requested Agility SDK 614; runtime 6.2.26100.8737 (C:\WINDOWS\SYSTEM32\D3D12Core.dll); driver 32.0.15.9186,false,assets/heightmaps/Hm_Terrain_Test_129.pgm,129,129,30.000,4.000,14,4.000,2.000,20000,0.796,0.000,6.000,1.621,4.105,10345,49456,10343,32,16,55,25,0,0,0,0,8,0.000,4.488,3.770,0.152,0.030,0.075,2.135,1.031,0.071,0.000,0.000,0.000,0.000,0.000,0.000,0.000,0.000,0.000,0.000,0.000,0.000,0.000,0.000,0.010,0,0,1.153,1.210,1.031,0.000,14
Data-Oriented CPU ROAM,RelWithDebInfo,D3D12,NVIDIA GeForce RTX 5090 D,Direct3D 12 (feature level 12_0); requested Agility SDK 614; runtime 6.2.26100.8737 (C:\WINDOWS\SYSTEM32\D3D12Core.dll); driver 32.0.15.9186,false,assets/heightmaps/Hm_Terrain_Test_129.pgm,129,129,30.000,4.000,14,4.000,2.000,20000,0.800,0.000,6.000,1.553,4.693,10302,49524,10300,34,17,77,38,0,0,0,0,8,0.000,3.847,3.136,0.154,0.031,0.096,1.476,1.027,0.069,0.000,0.000,0.000,0.000,0.000,0.000,0.000,0.000,0.000,0.000,0.000,0.000,0.000,0.000,0.008,0,0,1.008,0.719,1.027,0.000,14
Data-Oriented CPU ROAM,RelWithDebInfo,D3D12,NVIDIA GeForce RTX 5090 D,Direct3D 12 (feature level 12_0); requested Agility SDK 614; runtime 6.2.26100.8737 (C:\WINDOWS\SYSTEM32\D3D12Core.dll); driver 32.0.15.9186,false,assets/heightmaps/Hm_Terrain_Test_129.pgm,129,129,30.000,4.000,14,4.000,2.000,20000,0.805,0.000,6.000,1.495,4.050,10268,49556,10266,16,8,50,28,0,0,0,0,8,426.773,3.784,3.050,0.152,0.017,0.064,1.457,0.996,0.076,0.000,0.000,0.000,0.000,0.000,0.000,0.000,0.000,0.000,0.000,0.000,0.000,0.000,0.000,0.009,0,0,0.980,0.693,0.996,0.000,14
Data-Oriented CPU ROAM,RelWithDebInfo,D3D12,NVIDIA GeForce RTX 5090 D,Direct3D 12 (feature level 12_0); requested Agility SDK 614; runtime 6.2.26100.8737 (C:\WINDOWS\SYSTEM32\D3D12Core.dll); driver 32.0.15.9186,false,assets/heightmaps/Hm_Terrain_Test_129.pgm,129,129,30.000,4.000,14,4.000,2.000,20000,0.809,0.000,6.000,1.439,3.991,10190,49576,10188,10,5,88,18,0,0,0,0,8,0.000,3.897,3.194,0.247,0.017,0.099,1.425,1.047,0.070,0.000,0.000,0.000,0.000,0.000,0.000,0.000,0.000,0.000,0.000,0.000,0.000,0.000,0.000,0.009,0,0,1.099,0.671,1.047,0.000,14
Data-Oriented CPU ROAM,RelWithDebInfo,D3D12,NVIDIA GeForce RTX 5090 D,Direct3D 12 (feature level 12_0); requested Agility SDK 614; runtime 6.2.26100.8737 (C:\WINDOWS\SYSTEM32\D3D12Core.dll); driver 32.0.15.9186,false,assets/heightmaps/Hm_Terrain_Test_129.pgm,129,129,30.000,4.000,14,4.000,2.000,20000,0.813,0.000,6.000,1.383,4.113,10174,49628,10172,26,13,42,28,0,0,0,0,8,0.000,4.090,3.387,0.158,0.033,0.105,1.578,1.000,0.069,0.000,0.000,0.000,0.000,0.000,0.000,0.000,0.000,0.000,0.000,0.000,0.000,0.000,0.000,0.008,0,0,1.027,0.814,1.000,0.000,14
Data-Oriented CPU ROAM,RelWithDebInfo,D3D12,NVIDIA GeForce RTX 5090 D,Direct3D 12 (feature level 12_0); requested Agility SDK 614; runtime 6.2.26100.8737 (C:\WINDOWS\SYSTEM32\D3D12Core.dll); driver 32.0.15.9186,false,assets/heightmaps/Hm_Terrain_Test_129.pgm,129,129,30.000,4.000,14,4.000,2.000,20000,0.817,0.000,6.000,1.324,4.296,10176,49720,10174,46,23,44,30,0,0,0,0,8,0.000,3.753,3.070,0.146,0.040,0.084,1.453,1.015,0.067,0.000,0.000,0.000,0.000,0.000,0.000,0.000,0.000,0.000,0.000,0.000,0.000,0.000,0.000,0.010,0,0,0.997,0.686,1.015,0.000,14
Data-Oriented CPU ROAM,RelWithDebInfo,D3D12,NVIDIA GeForce RTX 5090 D,Direct3D 12 (feature level 12_0); requested Agility SDK 614; runtime 6.2.26100.8737 (C:\WINDOWS\SYSTEM32\D3D12Core.dll); driver 32.0.15.9186,false,assets/heightmaps/Hm_Terrain_Test_129.pgm,129,129,30.000,4.000,14,4.000,2.000,20000,0.821,0.000,6.000,1.272,3.913,10166,49812,10164,46,23,56,36,0,0,0,0,8,369.989,4.342,3.652,0.145,0.035,0.089,2.040,1.003,0.071,0.000,0.000,0.000,0.000,0.000,0.000,0.000,0.000,0.000,0.000,0.000,0.000,0.000,0.000,0.008,0,0,1.058,1.217,1.003,0.000,14
Data-Oriented CPU ROAM,RelWithDebInfo,D3D12,NVIDIA GeForce RTX 5090 D,Direct3D 12 (feature level 12_0); requested Agility SDK 614; runtime 6.2.26100.8737 (C:\WINDOWS\SYSTEM32\D3D12Core.dll); driver 32.0.15.9186,false,assets/heightmaps/Hm_Terrain_Test_129.pgm,129,129,30.000,4.000,14,4.000,2.000,20000,0.825,0.000,6.000,1.212,4.570,10130,49872,10128,30,14,66,36,0,0,0,0,8,0.000,3.967,3.275,0.151,0.030,0.089,1.625,1.038,0.067,0.000,0.000,0.000,0.000,0.000,0.000,0.000,0.000,0.000,0.000,0.000,0.000,0.000,0.000,0.011,0,0,1.186,0.679,1.038,0.000,14
Data-Oriented CPU ROAM,RelWithDebInfo,D3D12,NVIDIA GeForce RTX 5090 D,Direct3D 12 (feature level 12_0); requested Agility SDK 614; runtime 6.2.26100.8737 (C:\WINDOWS\SYSTEM32\D3D12Core.dll); driver 32.0.15.9186,false,assets/heightmaps/Hm_Terrain_Test_129.pgm,129,129,30.000,4.000,14,4.000,2.000,20000,0.830,0.000,6.000,1.158,4.180,10096,49916,10094,22,11,56,28,0,0,0,0,8,0.000,3.887,3.187,0.147,0.023,0.072,1.557,1.045,0.069,0.000,0.000,0.000,0.000,0.000,0.000,0.000,0.000,0.000,0.000,0.000,0.000,0.000,0.000,0.008,0,0,1.126,0.651,1.045,0.000,14
Data-Oriented CPU ROAM,RelWithDebInfo,D3D12,NVIDIA GeForce RTX 5090 D,Direct3D 12 (feature level 12_0); requested Agility SDK 614; runtime 6.2.26100.8737 (C:\WINDOWS\SYSTEM32\D3D12Core.dll); driver 32.0.15.9186,false,assets/heightmaps/Hm_Terrain_Test_129.pgm,129,129,30.000,4.000,14,4.000,2.000,20000,0.834,0.000,6.000,1.107,4.095,10086,50004,10084,44,22,54,26,0,0,0,0,8,0.000,4.278,3.575,0.152,0.034,0.114,1.809,1.003,0.071,0.000,0.000,0.000,0.000,0.000,0.000,0.000,0.000,0.000,0.000,0.000,0.000,0.000,0.000,0.008,0,0,1.076,0.999,1.003,0.000,14
Data-Oriented CPU ROAM,RelWithDebInfo,D3D12,NVIDIA GeForce RTX 5090 D,Direct3D 12 (feature level 12_0); requested Agility SDK 614; runtime 6.2.26100.8737 (C:\WINDOWS\SYSTEM32\D3D12Core.dll); driver 32.0.15.9186,false,assets/heightmaps/Hm_Terrain_Test_129.pgm,129,129,30.000,4.000,14,4.000,2.000,20000,0.838,0.000,6.000,1.051,4.483,10084,50064,10082,30,15,32,22,0,0,0,0,8,443.653,3.646,2.950,0.148,0.024,0.053,1.412,0.965,0.075,0.000,0.000,0.000,0.000,0.000,0.000,0.000,0.000,0.000,0.000,0.000,0.000,0.000,0.000,0.010,0,0,0.978,0.635,0.965,0.000,14
Data-Oriented CPU ROAM,RelWithDebInfo,D3D12,NVIDIA GeForce RTX 5090 D,Direct3D 12 (feature level 12_0); requested Agility SDK 614; runtime 6.2.26100.8737 (C:\WINDOWS\SYSTEM32\D3D12Core.dll); driver 32.0.15.9186,false,assets/heightmaps/Hm_Terrain_Test_129.pgm,129,129,30.000,4.000,14,4.000,2.000,20000,0.842,0.000,6.000,1.005,3.853,10046,50096,10044,16,8,54,11,0,0,0,0,8,0.000,3.758,3.074,0.147,0.023,0.087,1.470,1.000,0.066,0.000,0.000,0.000,0.000,0.000,0.000,0.000,0.000,0.000,0.000,0.000,0.000,0.000,0.000,0.008,0,0,1.020,0.685,1.000,0.000,14
Data-Oriented CPU ROAM,RelWithDebInfo,D3D12,NVIDIA GeForce RTX 5090 D,Direct3D 12 (feature level 12_0); requested Agility SDK 614; runtime 6.2.26100.8737 (C:\WINDOWS\SYSTEM32\D3D12Core.dll); driver 32.0.15.9186,false,assets/heightmaps/Hm_Terrain_Test_129.pgm,129,129,30.000,4.000,14,4.000,2.000,20000,0.846,0.000,6.000,0.958,3.977,10014,50144,10012,24,12,56,40,0,0,0,0,8,0.000,3.932,3.252,0.145,0.024,0.077,1.627,1.026,0.069,0.000,0.000,0.000,0.000,0.000,0.000,0.000,0.000,0.000,0.000,0.000,0.000,0.000,0.000,0.010,0,0,1.181,0.667,1.026,0.000,14
Data-Oriented CPU ROAM,RelWithDebInfo,D3D12,NVIDIA GeForce RTX 5090 D,Direct3D 12 (feature level 12_0); requested Agility SDK 614; runtime 6.2.26100.8737 (C:\WINDOWS\SYSTEM32\D3D12Core.dll); driver 32.0.15.9186,false,assets/heightmaps/Hm_Terrain_Test_129.pgm,129,129,30.000,4.000,14,4.000,2.000,20000,0.850,0.000,6.000,0.910,4.082,10018,50212,10016,34,17,30,23,0,0,0,0,8,0.000,3.738,2.987,0.153,0.033,0.061,1.437,0.975,0.118,0.000,0.000,0.000,0.000,0.000,0.000,0.000,0.000,0.000,0.000,0.000,0.000,0.000,0.000,0.008,0,0,1.023,0.628,0.975,0.000,14
Data-Oriented CPU ROAM,RelWithDebInfo,D3D12,NVIDIA GeForce RTX 5090 D,Direct3D 12 (feature level 12_0); requested Agility SDK 614; runtime 6.2.26100.8737 (C:\WINDOWS\SYSTEM32\D3D12Core.dll); driver 32.0.15.9186,false,assets/heightmaps/Hm_Terrain_Test_129.pgm,129,129,30.000,4.000,14,4.000,2.000,20000,0.854,0.000,6.000,0.866,3.944,9960,50256,9958,22,11,80,34,0,0,0,0,8,396.181,4.059,3.379,0.206,0.024,0.091,1.747,0.964,0.067,0.000,0.000,0.000,0.000,0.000,0.000,0.000,0.000,0.000,0.000,0.000,0.000,0.000,0.000,0.008,0,0,1.377,0.667,0.964,0.000,14
Data-Oriented CPU ROAM,RelWithDebInfo,D3D12,NVIDIA GeForce RTX 5090 D,Direct3D 12 (feature level 12_0); requested Agility SDK 614; runtime 6.2.26100.8737 (C:\WINDOWS\SYSTEM32\D3D12Core.dll); driver 32.0.15.9186,false,assets/heightmaps/Hm_Terrain_Test_129.pgm,129,129,30.000,4.000,14,4.000,2.000,20000,0.858,0.000,6.000,0.818,4.260,9910,50328,9908,36,18,86,28,0,0,0,0,8,0.000,3.777,3.113,0.142,0.036,0.104,1.533,0.971,0.067,0.000,0.000,0.000,0.000,0.000,0.000,0.000,0.000,0.000,0.000,0.000,0.000,0.000,0.000,0.010,0,0,1.120,0.659,0.971,0.000,14
Data-Oriented CPU ROAM,RelWithDebInfo,D3D12,NVIDIA GeForce RTX 5090 D,Direct3D 12 (feature level 12_0); requested Agility SDK 614; runtime 6.2.26100.8737 (C:\WINDOWS\SYSTEM32\D3D12Core.dll); driver 32.0.15.9186,false,assets/heightmaps/Hm_Terrain_Test_129.pgm,129,129,30.000,4.000,14,4.000,2.000,20000,0.862,0.000,6.000,0.776,3.925,9880,50392,9878,32,16,62,24,0,0,0,0,8,0.000,3.663,2.989,0.148,0.026,0.079,1.432,0.964,0.065,0.000,0.000,0.000,0.000,0.000,0.000,0.000,0.000,0.000,0.000,0.000,0.000,0.000,0.000,0.008,0,0,1.024,0.635,0.964,0.000,14
Data-Oriented CPU ROAM,RelWithDebInfo,D3D12,NVIDIA GeForce RTX 5090 D,Direct3D 12 (feature level 12_0); requested Agility SDK 614; runtime 6.2.26100.8737 (C:\WINDOWS\SYSTEM32\D3D12Core.dll); driver 32.0.15.9186,false,assets/heightmaps/Hm_Terrain_Test_129.pgm,129,129,30.000,4.000,14,4.000,2.000,20000,0.866,0.000,6.000,0.735,3.856,9872,50456,9870,32,15,40,22,0,0,0,0,8,0.000,3.707,3.036,0.143,0.028,0.062,1.468,0.955,0.067,0.000,0.000,0.000,0.000,0.000,0.000,0.000,0.000,0.000,0.000,0.000,0.000,0.000,0.000,0.011,0,0,1.137,0.536,0.955,0.000,14
Data-Oriented CPU ROAM,RelWithDebInfo,D3D12,NVIDIA GeForce RTX 5090 D,Direct3D 12 (feature level 12_0); requested Agility SDK 614; runtime 6.2.26100.8737 (C:\WINDOWS\SYSTEM32\D3D12Core.dll); driver 32.0.15.9186,false,assets/heightmaps/Hm_Terrain_Test_129.pgm,129,129,30.000,4.000,14,4.000,2.000,20000,0.870,0.000,6.000,0.695,3.866,9855,50532,9853,38,19,55,28,0,0,0,0,8,360.322,4.465,3.750,0.228,0.073,0.123,1.654,1.338,0.075,0.000,0.000,0.000,0.000,0.000,0.000,0.000,0.000,0.000,0.000,0.000,0.000,0.000,0.000,0.008,0,0,1.307,0.698,1.338,0.000,14
Data-Oriented CPU ROAM,RelWithDebInfo,D3D12,NVIDIA GeForce RTX 5090 D,Direct3D 12 (feature level 12_0); requested Agility SDK 614; runtime 6.2.26100.8737 (C:\WINDOWS\SYSTEM32\D3D12Core.dll); driver 32.0.15.9186,false,assets/heightmaps/Hm_Terrain_Test_129.pgm,129,129,30.000,4.000,14,4.000,2.000,20000,0.875,0.000,6.000,0.649,4.658,9819,50576,9817,22,11,58,26,0,0,0,0,8,0.000,4.288,3.570,0.201,0.027,0.117,1.751,0.976,0.068,0.000,0.000,0.000,0.000,0.000,0.000,0.000,0.000,0.000,0.000,0.000,0.000,0.000,0.000,0.010,0,0,1.102,0.966,0.976,0.000,14
Data-Oriented CPU ROAM,RelWithDebInfo,D3D12,NVIDIA GeForce RTX 5090 D,Direct3D 12 (feature level 12_0); requested Agility SDK 614; runtime 6.2.26100.8737 (C:\WINDOWS\SYSTEM32\D3D12Core.dll); driver 32.0.15.9186,false,assets/heightmaps/Hm_Terrain_Test_129.pgm,129,129,30.000,4.000,14,4.000,2.000,20000,0.879,0.000,6.000,0.605,4.498,9789,50652,9787,38,19,68,27,0,0,0,0,8,0.000,3.964,3.229,0.143,0.036,0.096,1.627,0.994,0.109,0.000,0.000,0.000,0.000,0.000,0.000,0.000,0.000,0.000,0.000,0.000,0.000,0.000,0.000,0.008,0,0,0.990,0.877,0.994,0.000,14
Data-Oriented CPU ROAM,RelWithDebInfo,D3D12,NVIDIA GeForce RTX 5090 D,Direct3D 12 (feature level 12_0); requested Agility SDK 614; runtime 6.2.26100.8737 (C:\WINDOWS\SYSTEM32\D3D12Core.dll); driver 32.0.15.9186,false,assets/heightmaps/Hm_Terrain_Test_129.pgm,129,129,30.000,4.000,14,4.000,2.000,20000,0.883,0.000,6.000,0.566,4.169,9791,50688,9789,18,9,16,14,0,0,0,0,8,445.766,3.619,2.944,0.148,0.018,0.037,1.469,0.928,0.065,0.000,0.000,0.000,0.000,0.000,0.000,0.000,0.000,0.000,0.000,0.000,0.000,0.000,0.000,0.008,0,0,1.052,0.601,0.928,0.000,14
Data-Oriented CPU ROAM,RelWithDebInfo,D3D12,NVIDIA GeForce RTX 5090 D,Direct3D 12 (feature level 12_0); requested Agility SDK 614; runtime 6.2.26100.8737 (C:\WINDOWS\SYSTEM32\D3D12Core.dll); driver 32.0.15.9186,false,assets/heightmaps/Hm_Terrain_Test_129.pgm,129,129,30.000,4.000,14,4.000,2.000,20000,0.887,0.000,6.000,0.531,3.839,9750,50732,9748,22,11,63,24,0,0,0,0,8,0.000,3.671,2.997,0.147,0.026,0.090,1.405,0.951,0.069,0.000,0.000,0.000,0.000,0.000,0.000,0.000,0.000,0.000,0.000,0.000,0.000,0.000,0.000,0.010,0,0,0.995,0.646,0.951,0.000,14
Data-Oriented CPU ROAM,RelWithDebInfo,D3D12,NVIDIA GeForce RTX 5090 D,Direct3D 12 (feature level 12_0); requested Agility SDK 614; runtime 6.2.26100.8737 (C:\WINDOWS\SYSTEM32\D3D12Core.dll); driver 32.0.15.9186,false,assets/heightmaps/Hm_Terrain_Test_129.pgm,129,129,30.000,4.000,14,4.000,2.000,20000,0.891,0.000,6.000,0.496,3.874,9702,50756,9700,12,6,60,22,0,0,0,0,8,0.000,3.664,2.932,0.145,0.017,0.069,1.398,0.961,0.119,0.000,0.000,0.000,0.000,0.000,0.000,0.000,0.000,0.000,0.000,0.000,0.000,0.000,0.000,0.008,0,0,0.978,0.634,0.961,0.000,14
Data-Oriented CPU ROAM,RelWithDebInfo,D3D12,NVIDIA GeForce RTX 5090 D,Direct3D 12 (feature level 12_0); requested Agility SDK 614; runtime 6.2.26100.8737 (C:\WINDOWS\SYSTEM32\D3D12Core.dll); driver 32.0.15.9186,false,assets/heightmaps/Hm_Terrain_Test_129.pgm,129,129,30.000,4.000,14,4.000,2.000,20000,0.895,0.000,6.000,0.463,3.866,9710,50800,9708,22,11,14,13,0,0,0,0,8,0.000,4.022,3.342,0.143,0.021,0.046,1.866,0.925,0.067,0.000,0.000,0.000,0.000,0.000,0.000,0.000,0.000,0.000,0.000,0.000,0.000,0.000,0.000,0.010,0,0,0.988,1.067,0.925,0.000,14
Data-Oriented CPU ROAM,RelWithDebInfo,D3D12,NVIDIA GeForce RTX 5090 D,Direct3D 12 (feature level 12_0); requested Agility SDK 614; runtime 6.2.26100.8737 (C:\WINDOWS\SYSTEM32\D3D12Core.dll); driver 32.0.15.9186,false,assets/heightmaps/Hm_Terrain_Test_129.pgm,129,129,30.000,4.000,14,4.000,2.000,20000,0.899,0.000,6.000,0.428,4.225,9720,50852,9718,26,13,16,16,0,0,0,0,8,932.335,3.482,2.802,0.141,0.030,0.051,1.313,0.936,0.074,0.000,0.000,0.000,0.000,0.000,0.000,0.000,0.000,0.000,0.000,0.000,0.000,0.000,0.000,0.008,0,0,0.988,0.516,0.936,0.000,14
Data-Oriented CPU ROAM,RelWithDebInfo,D3D12,NVIDIA GeForce RTX 5090 D,Direct3D 12 (feature level 12_0); requested Agility SDK 614; runtime 6.2.26100.8737 (C:\WINDOWS\SYSTEM32\D3D12Core.dll); driver 32.0.15.9186,false,assets/heightmaps/Hm_Terrain_Test_129.pgm,129,129,30.000,4.000,14,4.000,2.000,20000,0.903,0.000,6.000,0.398,3.715,9702,50884,9700,16,8,34,26,0,0,0,0,8,0.000,3.609,2.927,0.146,0.020,0.059,1.419,0.947,0.067,0.000,0.000,0.000,0.000,0.000,0.000,0.000,0.000,0.000,0.000,0.000,0.000,0.000,0.000,0.008,0,0,0.988,0.636,0.947,0.000,14
Data-Oriented CPU ROAM,RelWithDebInfo,D3D12,NVIDIA GeForce RTX 5090 D,Direct3D 12 (feature level 12_0); requested Agility SDK 614; runtime 6.2.26100.8737 (C:\WINDOWS\SYSTEM32\D3D12Core.dll); driver 32.0.15.9186,false,assets/heightmaps/Hm_Terrain_Test_129.pgm,129,129,30.000,4.000,14,4.000,2.000,20000,0.907,0.000,6.000,0.368,3.834,9672,50900,9670,8,4,38,24,0,0,0,0,8,0.000,3.838,3.105,0.141,0.014,0.052,1.600,0.951,0.113,0.000,0.000,0.000,0.000,0.000,0.000,0.000,0.000,0.000,0.000,0.000,0.000,0.000,0.000,0.010,0,0,1.198,0.595,0.951,0.000,14
Data-Oriented CPU ROAM,RelWithDebInfo,D3D12,NVIDIA GeForce RTX 5090 D,Direct3D 12 (feature level 12_0); requested Agility SDK 614; runtime 6.2.26100.8737 (C:\WINDOWS\SYSTEM32\D3D12Core.dll); driver 32.0.15.9186,false,assets/heightmaps/Hm_Terrain_Test_129.pgm,129,129,30.000,4.000,14,4.000,2.000,20000,0.911,0.000,6.000,0.338,4.041,9682,50948,9680,24,12,14,15,0,0,0,0,8,0.000,3.695,3.023,0.146,0.026,0.044,1.525,0.950,0.067,0.000,0.000,0.000,0.000,0.000,0.000,0.000,0.000,0.000,0.000,0.000,0.000,0.000,0.000,0.008,0,0,1.070,0.646,0.950,0.000,14
Data-Oriented CPU ROAM,RelWithDebInfo,D3D12,NVIDIA GeForce RTX 5090 D,Direct3D 12 (feature level 12_0); requested Agility SDK 614; runtime 6.2.26100.8737 (C:\WINDOWS\SYSTEM32\D3D12Core.dll); driver 32.0.15.9186,false,assets/heightmaps/Hm_Terrain_Test_129.pgm,129,129,30.000,4.000,14,4.000,2.000,20000,0.915,0.000,6.000,0.310,3.897,9669,50966,9667,9,4,22,16,0,0,0,0,8,866.251,3.723,2.934,0.142,0.012,0.038,1.447,0.939,0.068,0.000,0.000,0.000,0.000,0.000,0.000,0.000,0.000,0.000,0.000,0.000,0.000,0.000,0.000,0.010,0,0,0.964,0.663,0.939,0.000,14
Data-Oriented CPU ROAM,RelWithDebInfo,D3D12,NVIDIA GeForce RTX 5090 D,Direct3D 12 (feature level 12_0); requested Agility SDK 614; runtime 6.2.26100.8737 (C:\WINDOWS\SYSTEM32\D3D12Core.dll); driver 32.0.15.9186,false,assets/heightmaps/Hm_Terrain_Test_129.pgm,129,129,30.000,4.000,14,4.000,2.000,20000,0.918,0.000,6.000,0.283,3.931,9662,50998,9660,16,7,23,13,0,0,0,0,8,0.000,3.557,2.882,0.143,0.022,0.048,1.378,0.952,0.066,0.000,0.000,0.000,0.000,0.000,0.000,0.000,0.000,0.000,0.000,0.000,0.000,0.000,0.000,0.008,0,0,0.942,0.625,0.952,0.000,14
Data-Oriented CPU ROAM,RelWithDebInfo,D3D12,NVIDIA GeForce RTX 5090 D,Direct3D 12 (feature level 12_0); requested Agility SDK 614; runtime 6.2.26100.8737 (C:\WINDOWS\SYSTEM32\D3D12Core.dll); driver 32.0.15.9186,false,assets/heightmaps/Hm_Terrain_Test_129.pgm,129,129,30.000,4.000,14,4.000,2.000,20000,0.922,0.000,6.000,0.258,3.757,9654,51028,9652,15,7,23,17,0,0,0,0,8,0.000,3.547,2.889,0.143,0.019,0.043,1.397,0.948,0.065,0.000,0.000,0.000,0.000,0.000,0.000,0.000,0.000,0.000,0.000,0.000,0.000,0.000,0.000,0.010,0,0,0.967,0.615,0.948,0.000,14
Data-Oriented CPU ROAM,RelWithDebInfo,D3D12,NVIDIA GeForce RTX 5090 D,Direct3D 12 (feature level 12_0); requested Agility SDK 614; runtime 6.2.26100.8737 (C:\WINDOWS\SYSTEM32\D3D12Core.dll); driver 32.0.15.9186,false,assets/heightmaps/Hm_Terrain_Test_129.pgm,129,129,30.000,4.000,14,4.000,2.000,20000,0.926,0.000,6.000,0.235,3.710,9648,51052,9646,12,6,18,14,0,0,0,0,8,0.000,3.649,2.940,0.143,0.017,0.040,1.440,0.957,0.087,0.000,0.000,0.000,0.000,0.000,0.000,0.000,0.000,0.000,0.000,0.000,0.000,0.000,0.000,0.008,0,0,0.945,0.679,0.957,0.000,14
Data-Oriented CPU ROAM,RelWithDebInfo,D3D12,NVIDIA GeForce RTX 5090 D,Direct3D 12 (feature level 12_0); requested Agility SDK 614; runtime 6.2.26100.8737 (C:\WINDOWS\SYSTEM32\D3D12Core.dll); driver 32.0.15.9186,false,assets/heightmaps/Hm_Terrain_Test_129.pgm,129,129,30.000,4.000,14,4.000,2.000,20000,0.930,0.000,6.000,0.211,3.848,9651,51082,9649,15,7,12,10,0,0,0,0,8,799.049,4.041,3.341,0.141,0.017,0.042,1.820,0.929,0.074,0.000,0.000,0.000,0.000,0.000,0.000,0.000,0.000,0.000,0.000,0.000,0.000,0.000,0.000,0.010,0,0,0.991,1.012,0.929,0.000,14
Data-Oriented CPU ROAM,RelWithDebInfo,D3D12,NVIDIA GeForce RTX 5090 D,Direct3D 12 (feature level 12_0); requested Agility SDK 614; runtime 6.2.26100.8737 (C:\WINDOWS\SYSTEM32\D3D12Core.dll); driver 32.0.15.9186,false,assets/heightmaps/Hm_Terrain_Test_129.pgm,129,129,30.000,4.000,14,4.000,2.000,20000,0.934,0.000,6.000,0.187,4.292,9651,51150,9649,34,17,34,22,0,0,0,0,8,0.000,3.878,3.209,0.142,0.035,0.069,1.697,0.942,0.066,0.000,0.000,0.000,0.000,0.000,0.000,0.000,0.000,0.000,0.000,0.000,0.000,0.000,0.000,0.008,0,0,1.270,0.637,0.942,0.000,14
Data-Oriented CPU ROAM,RelWithDebInfo,D3D12,NVIDIA GeForce RTX 5090 D,Direct3D 12 (feature level 12_0); requested Agility SDK 614; runtime 6.2.26100.8737 (C:\WINDOWS\SYSTEM32\D3D12Core.dll); driver 32.0.15.9186,false,assets/heightmaps/Hm_Terrain_Test_129.pgm,129,129,30.000,4.000,14,4.000,2.000,20000,0.938,0.000,6.000,0.165,4.113,9613,51162,9611,6,2,44,22,0,0,0,0,8,0.000,3.609,2.912,0.147,0.011,0.053,1.415,0.944,0.066,0.000,0.000,0.000,0.000,0.000,0.000,0.000,0.000,0.000,0.000,0.000,0.000,0.000,0.000,0.008,0,0,0.976,0.638,0.944,0.000,14
Data-Oriented CPU ROAM,RelWithDebInfo,D3D12,NVIDIA GeForce RTX 5090 D,Direct3D 12 (feature level 12_0); requested Agility SDK 614; runtime 6.2.26100.8737 (C:\WINDOWS\SYSTEM32\D3D12Core.dll); driver 32.0.15.9186,false,assets/heightmaps/Hm_Terrain_Test_129.pgm,129,129,30.000,4.000,14,4.000,2.000,20000,0.942,0.000,6.000,0.146,3.809,9549,51194,9547,16,7,80,24,0,0,0,0,8,0.000,3.697,3.047,0.140,0.020,0.082,1.528,0.942,0.064,0.000,0.000,0.000,0.000,0.000,0.000,0.000,0.000,0.000,0.000,0.000,0.000,0.000,0.000,0.010,0,0,1.094,0.656,0.942,0.000,14
Data-Oriented CPU ROAM,RelWithDebInfo,D3D12,NVIDIA GeForce RTX 5090 D,Direct3D 12 (feature level 12_0); requested Agility SDK 614; runtime 6.2.26100.8737 (C:\WINDOWS\SYSTEM32\D3D12Core.dll); driver 32.0.15.9186,false,assets/heightmaps/Hm_Terrain_Test_129.pgm,129,129,30.000,4.000,14,4.000,2.000,20000,0.946,0.000,6.000,0.127,3.848,9557,51218,9555,12,6,4,6,0,0,0,0,8,893.470,3.660,2.936,0.142,0.022,0.030,1.483,0.929,0.114,0.000,0.000,0.000,0.000,0.000,0.000,0.000,0.000,0.000,0.000,0.000,0.000,0.000,0.000,0.008,0,0,1.049,0.606,0.929,0.000,14
Data-Oriented CPU ROAM,RelWithDebInfo,D3D12,NVIDIA GeForce RTX 5090 D,Direct3D 12 (feature level 12_0); requested Agility SDK 614; runtime 6.2.26100.8737 (C:\WINDOWS\SYSTEM32\D3D12Core.dll); driver 32.0.15.9186,false,assets/heightmaps/Hm_Terrain_Test_129.pgm,129,129,30.000,4.000,14,4.000,2.000,20000,0.950,0.000,6.000,0.110,3.879,9551,51234,9549,8,4,14,8,0,0,0,0,8,0.000,4.201,3.523,0.149,0.017,0.032,1.969,1.019,0.066,0.000,0.000,0.000,0.000,0.000,0.000,0.000,0.000,0.000,0.000,0.000,0.000,0.000,0.000,0.010,0,0,1.534,0.615,1.019,0.000,14
Data-Oriented CPU ROAM,RelWithDebInfo,D3D12,NVIDIA GeForce RTX 5090 D,Direct3D 12 (feature level 12_0); requested Agility SDK 614; runtime 6.2.26100.8737 (C:\WINDOWS\SYSTEM32\D3D12Core.dll); driver 32.0.15.9186,false,assets/heightmaps/Hm_Terrain_Test_129.pgm,129,129,30.000,4.000,14,4.000,2.000,20000,0.954,0.000,6.000,0.092,4.409,9554,51260,9552,13,6,10,8,0,0,0,0,8,0.000,3.621,2.936,0.144,0.019,0.031,1.441,0.966,0.085,0.000,0.000,0.000,0.000,0.000,0.000,0.000,0.000,0.000,0.000,0.000,0.000,0.000,0.000,0.008,0,0,1.001,0.615,0.966,0.000,14
Data-Oriented CPU ROAM,RelWithDebInfo,D3D12,NVIDIA GeForce RTX 5090 D,Direct3D 12 (feature level 12_0); requested Agility SDK 614; runtime 6.2.26100.8737 (C:\WINDOWS\SYSTEM32\D3D12Core.dll); driver 32.0.15.9186,false,assets/heightmaps/Hm_Terrain_Test_129.pgm,129,129,30.000,4.000,14,4.000,2.000,20000,0.958,0.000,6.000,0.077,3.834,9554,51264,9552,2,1,2,2,0,0,0,0,8,0.000,3.938,3.261,0.142,0.005,0.010,1.410,1.345,0.083,0.000,0.000,0.000,0.000,0.000,0.000,0.000,0.000,0.000,0.000,0.000,0.000,0.000,0.000,0.008,0,0,0.946,0.616,1.345,0.000,14
Data-Oriented CPU ROAM,RelWithDebInfo,D3D12,NVIDIA GeForce RTX 5090 D,Direct3D 12 (feature level 12_0); requested Agility SDK 614; runtime 6.2.26100.8737 (C:\WINDOWS\SYSTEM32\D3D12Core.dll); driver 32.0.15.9186,false,assets/heightmaps/Hm_Terrain_Test_129.pgm,129,129,30.000,4.000,14,4.000,2.000,20000,0.962,0.000,6.000,0.063,4.148,9554,51280,9552,8,4,8,6,0,0,0,0,8,404.290,3.994,3.326,0.146,0.012,0.024,1.883,0.923,0.085,0.000,0.000,0.000,0.000,0.000,0.000,0.000,0.000,0.000,0.000,0.000,0.000,0.000,0.000,0.010,0,0,1.430,0.624,0.923,0.000,14
Data-Oriented CPU ROAM,RelWithDebInfo,D3D12,NVIDIA GeForce RTX 5090 D,Direct3D 12 (feature level 12_0); requested Agility SDK 614; runtime 6.2.26100.8737 (C:\WINDOWS\SYSTEM32\D3D12Core.dll); driver 32.0.15.9186,false,assets/heightmaps/Hm_Terrain_Test_129.pgm,129,129,30.000,4.000,14,4.000,2.000,20000,0.966,0.000,6.000,0.050,4.240,9552,51292,9550,6,3,8,6,0,0,0,0,8,0.000,4.060,3.394,0.144,0.011,0.028,1.736,0.946,0.064,0.000,0.000,0.000,0.000,0.000,0.000,0.000,0.000,0.000,0.000,0.000,0.000,0.000,0.000,0.008,0,0,1.249,0.659,0.946,0.000,14
Data-Oriented CPU ROAM,RelWithDebInfo,D3D12,NVIDIA GeForce RTX 5090 D,Direct3D 12 (feature level 12_0); requested Agility SDK 614; runtime 6.2.26100.8737 (C:\WINDOWS\SYSTEM32\D3D12Core.dll); driver 32.0.15.9186,false,assets/heightmaps/Hm_Terrain_Test_129.pgm,129,129,30.000,4.000,14,4.000,2.000,20000,0.971,0.000,6.000,0.038,4.291,9545,51298,9543,3,1,10,4,0,0,0,0,8,0.000,4.124,3.447,0.145,0.011,0.023,1.845,1.043,0.084,0.000,0.000,0.000,0.000,0.000,0.000,0.000,0.000,0.000,0.000,0.000,0.000,0.000,0.000,0.010,0,0,1.397,0.616,1.043,0.000,14
Data-Oriented CPU ROAM,RelWithDebInfo,D3D12,NVIDIA GeForce RTX 5090 D,Direct3D 12 (feature level 12_0); requested Agility SDK 614; runtime 6.2.26100.8737 (C:\WINDOWS\SYSTEM32\D3D12Core.dll); driver 32.0.15.9186,false,assets/heightmaps/Hm_Terrain_Test_129.pgm,129,129,30.000,4.000,14,4.000,2.000,20000,0.975,0.000,6.000,0.028,4.335,9546,51312,9544,7,3,6,4,0,0,0,0,8,0.000,3.785,3.118,0.141,0.014,0.023,1.679,0.918,0.064,0.000,0.000,0.000,0.000,0.000,0.000,0.000,0.000,0.000,0.000,0.000,0.000,0.000,0.000,0.008,0,0,1.230,0.613,0.918,0.000,14
Data-Oriented CPU ROAM,RelWithDebInfo,D3D12,NVIDIA GeForce RTX 5090 D,Direct3D 12 (feature level 12_0); requested Agility SDK 614; runtime 6.2.26100.8737 (C:\WINDOWS\SYSTEM32\D3D12Core.dll); driver 32.0.15.9186,false,assets/heightmaps/Hm_Terrain_Test_129.pgm,129,129,30.000,4.000,14,4.000,2.000,20000,0.979,0.000,6.000,0.020,3.989,9554,51328,9552,8,4,0,5,0,0,0,0,8,439.831,3.693,2.880,0.139,0.014,0.015,1.436,0.937,0.080,0.000,0.000,0.000,0.000,0.000,0.000,0.000,0.000,0.000,0.000,0.000,0.000,0.000,0.000,0.008,0,0,0.984,0.606,0.937,0.000,14
Data-Oriented CPU ROAM,RelWithDebInfo,D3D12,NVIDIA GeForce RTX 5090 D,Direct3D 12 (feature level 12_0); requested Agility SDK 614; runtime 6.2.26100.8737 (C:\WINDOWS\SYSTEM32\D3D12Core.dll); driver 32.0.15.9186,false,assets/heightmaps/Hm_Terrain_Test_129.pgm,129,129,30.000,4.000,14,4.000,2.000,20000,0.983,0.000,6.000,0.013,3.946,9546,51332,9544,2,1,10,6,0,0,0,0,8,0.000,3.517,2.862,0.141,0.009,0.023,1.419,0.927,0.065,0.000,0.000,0.000,0.000,0.000,0.000,0.000,0.000,0.000,0.000,0.000,0.000,0.000,0.000,0.010,0,0,0.962,0.622,0.927,0.000,14
Data-Oriented CPU ROAM,RelWithDebInfo,D3D12,NVIDIA GeForce RTX 5090 D,Direct3D 12 (feature level 12_0); requested Agility SDK 614; runtime 6.2.26100.8737 (C:\WINDOWS\SYSTEM32\D3D12Core.dll); driver 32.0.15.9186,false,assets/heightmaps/Hm_Terrain_Test_129.pgm,129,129,30.000,4.000,14,4.000,2.000,20000,0.987,0.000,6.000,0.008,3.736,9548,51336,9546,2,1,0,1,0,0,0,0,8,0.000,3.584,2.934,0.146,0.008,0.009,1.492,0.937,0.065,0.000,0.000,0.000,0.000,0.000,0.000,0.000,0.000,0.000,0.000,0.000,0.000,0.000,0.000,0.008,0,0,1.023,0.624,0.937,0.000,14
Data-Oriented CPU ROAM,RelWithDebInfo,D3D12,NVIDIA GeForce RTX 5090 D,Direct3D 12 (feature level 12_0); requested Agility SDK 614; runtime 6.2.26100.8737 (C:\WINDOWS\SYSTEM32\D3D12Core.dll); driver 32.0.15.9186,false,assets/heightmaps/Hm_Terrain_Test_129.pgm,129,129,30.000,4.000,14,4.000,2.000,20000,0.990,0.000,6.000,0.004,3.788,9550,51340,9548,2,1,0,1,0,0,0,0,8,0.000,3.475,2.826,0.141,0.008,0.009,1.387,0.938,0.064,0.000,0.000,0.000,0.000,0.000,0.000,0.000,0.000,0.000,0.000,0.000,0.000,0.000,0.000,0.010,0,0,0.932,0.605,0.938,0.000,14
Data-Oriented CPU ROAM,RelWithDebInfo,D3D12,NVIDIA GeForce RTX 5090 D,Direct3D 12 (feature level 12_0); requested Agility SDK 614; runtime 6.2.26100.8737 (C:\WINDOWS\SYSTEM32\D3D12Core.dll); driver 32.0.15.9186,false,assets/heightmaps/Hm_Terrain_Test_129.pgm,129,129,30.000,4.000,14,4.000,2.000,20000,0.994,0.000,6.000,0.002,3.677,9550,51340,9548,0,0,0,0,0,0,0,0,8,448.917,3.595,2.911,0.139,0.004,0.005,1.474,0.941,0.065,0.000,0.000,0.000,0.000,0.000,0.000,0.000,0.000,0.000,0.000,0.000,0.000,0.000,0.000,0.008,0,0,1.009,0.609,0.941,0.000,14
Data-Oriented CPU ROAM,RelWithDebInfo,D3D12,NVIDIA GeForce RTX 5090 D,Direct3D 12 (feature level 12_0); requested Agility SDK 614; runtime 6.2.26100.8737 (C:\WINDOWS\SYSTEM32\D3D12Core.dll); driver 32.0.15.9186,false,assets/heightmaps/Hm_Terrain_Test_129.pgm,129,129,30.000,4.000,14,4.000,2.000,20000,0.998,0.000,6.000,0.000,3.797,9550,51340,9548,0,0,0,0,0,0,0,0,8,0.000,3.843,3.140,0.141,0.005,0.006,1.708,0.935,0.083,0.000,0.000,0.000,0.000,0.000,0.000,0.000,0.000,0.000,0.000,0.000,0.000,0.000,0.000,0.009,0,0,1.241,0.614,0.935,0.000,14
Data-Oriented CPU ROAM,RelWithDebInfo,D3D12,NVIDIA GeForce RTX 5090 D,Direct3D 12 (feature level 12_0); requested Agility SDK 614; runtime 6.2.26100.8737 (C:\WINDOWS\SYSTEM32\D3D12Core.dll); driver 32.0.15.9186,false,assets/heightmaps/Hm_Terrain_Test_129.pgm,129,129,30.000,4.000,14,4.000,2.000,20000,1.000,0.000,6.000,0.000,4.057,9550,51340,9548,0,0,0,0,0,0,0,0,8,0.000,3.565,2.903,0.145,0.006,0.007,1.461,0.936,0.082,0.000,0.000,0.000,0.000,0.000,0.000,0.000,0.000,0.000,0.000,0.000,0.000,0.000,0.000,0.008,0,0,1.007,0.605,0.936,0.000,14
GPU ROAM-like,RelWithDebInfo,D3D12,NVIDIA GeForce RTX 5090 D,Direct3D 12 (feature level 12_0); requested Agility SDK 614; runtime 6.2.26100.8737 (C:\WINDOWS\SYSTEM32\D3D12Core.dll); driver 32.0.15.9186,false,assets/heightmaps/Hm_Terrain_Test_129.pgm,129,129,30.000,4.000,14,4.000,2.000,20000,0.000,0.000,6.000,15.000,5.391,15199,30396,15197,15197,7664,0,5233,0,0,0,0,1,73.785,158.762,15.999,0.001,0.000,0.000,0.002,0.000,0.000,0.000,0.000,0.000,0.000,0.000,0.000,0.000,0.000,0.677,2.832,0.357,0.000,0.000,0.000,0.010,3404384,0,8.707,0.003,0.000,0.000,14
GPU ROAM-like,RelWithDebInfo,D3D12,NVIDIA GeForce RTX 5090 D,Direct3D 12 (feature level 12_0); requested Agility SDK 614; runtime 6.2.26100.8737 (C:\WINDOWS\SYSTEM32\D3D12Core.dll); driver 32.0.15.9186,false,assets/heightmaps/Hm_Terrain_Test_129.pgm,129,129,30.000,4.000,14,4.000,2.000,20000,0.160,0.000,6.000,13.974,159.770,15010,32008,15008,806,398,995,764,0,0,0,0,8,0.000,9.735,4.945,0.202,0.000,0.000,2.670,0.000,0.000,0.000,0.000,0.000,0.000,0.000,0.000,0.000,0.000,0.692,2.843,0.188,0.000,0.000,0.000,0.008,3584928,0,1.725,2.283,0.000,0.000,14
GPU ROAM-like,RelWithDebInfo,D3D12,NVIDIA GeForce RTX 5090 D,Direct3D 12 (feature level 12_0); requested Agility SDK 614; runtime 6.2.26100.8737 (C:\WINDOWS\SYSTEM32\D3D12Core.dll); driver 32.0.15.9186,false,assets/heightmaps/Hm_Terrain_Test_129.pgm,129,129,30.000,4.000,14,4.000,2.000,20000,0.170,0.000,6.000,13.849,10.097,15199,32196,14911,94,46,191,61,0,0,0,0,8,167.623,9.413,2.993,0.207,0.000,0.000,1.775,0.000,0.000,0.004,0.003,0.003,0.001,0.001,0.002,0.009,0.022,0.770,4.398,0.199,0.000,0.000,0.000,0.047,3605984,96,1.178,0.998,0.000,0.000,14
GPU ROAM-like,RelWithDebInfo,D3D12,NVIDIA GeForce RTX 5090 D,Direct3D 12 (feature level 12_0); requested Agility SDK 614; runtime 6.2.26100.8737 (C:\WINDOWS\SYSTEM32\D3D12Core.dll); driver 32.0.15.9186,false,assets/heightmaps/Hm_Terrain_Test_129.pgm,129,129,30.000,4.000,14,4.000,2.000,20000,0.180,0.000,6.000,13.722,9.733,15010,32348,14717,76,38,270,56,0,0,0,0,8,0.000,8.460,2.990,0.207,0.000,0.000,1.722,0.000,0.000,0.004,0.003,0.004,0.001,0.001,0.002,0.009,0.023,1.021,3.278,0.177,0.000,0.000,0.000,0.053,3623008,96,1.231,0.923,0.000,0.000,14
GPU ROAM-like,RelWithDebInfo,D3D12,NVIDIA GeForce RTX 5090 D,Direct3D 12 (feature level 12_0); requested Agility SDK 614; runtime 6.2.26100.8737 (C:\WINDOWS\SYSTEM32\D3D12Core.dll); driver 32.0.15.9186,false,assets/heightmaps/Hm_Terrain_Test_129.pgm,129,129,30.000,4.000,14,4.000,2.000,20000,0.188,0.000,6.000,13.604,8.762,14913,32568,14703,110,55,124,73,0,0,0,0,8,891.807,8.848,2.915,0.208,0.000,0.000,1.755,0.000,0.000,0.004,0.002,0.003,0.001,0.001,0.002,0.009,0.022,0.704,4.076,0.179,0.000,0.000,0.000,0.053,3647648,96,1.226,0.896,0.000,0.000,14
GPU ROAM-like,RelWithDebInfo,D3D12,NVIDIA GeForce RTX 5090 D,Direct3D 12 (feature level 12_0); requested Agility SDK 614; runtime 6.2.26100.8737 (C:\WINDOWS\SYSTEM32\D3D12Core.dll); driver 32.0.15.9186,false,assets/heightmaps/Hm_Terrain_Test_129.pgm,129,129,30.000,4.000,14,4.000,2.000,20000,0.198,0.000,6.000,13.476,9.145,14719,32762,14713,97,48,87,68,0,0,0,0,8,0.000,8.745,2.954,0.207,0.000,0.000,1.799,0.000,0.000,0.003,0.002,0.003,0.001,0.001,0.002,0.009,0.021,1.012,3.657,0.173,0.000,0.000,0.000,0.052,3669376,96,1.212,0.942,0.000,0.000,14
GPU ROAM-like,RelWithDebInfo,D3D12,NVIDIA GeForce RTX 5090 D,Direct3D 12 (feature level 12_0); requested Agility SDK 614; runtime 6.2.26100.8737 (C:\WINDOWS\SYSTEM32\D3D12Core.dll); driver 32.0.15.9186,false,assets/heightmaps/Hm_Terrain_Test_129.pgm,129,129,30.000,4.000,14,4.000,2.000,20000,0.207,0.000,6.000,13.345,9.023,14705,32968,14654,103,51,162,70,0,0,0,0,8,0.000,8.836,2.955,0.208,0.000,0.000,1.781,0.000,0.000,0.003,0.002,0.003,0.001,0.001,0.002,0.009,0.021,0.714,4.045,0.174,0.000,0.000,0.000,0.055,3692448,96,1.207,0.974,0.000,0.000,14
GPU ROAM-like,RelWithDebInfo,D3D12,NVIDIA GeForce RTX 5090 D,Direct3D 12 (feature level 12_0); requested Agility SDK 614; runtime 6.2.26100.8737 (C:\WINDOWS\SYSTEM32\D3D12Core.dll); driver 32.0.15.9186,false,assets/heightmaps/Hm_Terrain_Test_129.pgm,129,129,30.000,4.000,14,4.000,2.000,20000,0.216,0.000,6.000,13.208,9.112,14715,33196,14642,114,57,126,78,0,0,0,0,8,0.000,8.793,3.222,0.205,0.000,0.000,1.796,0.000,0.000,0.004,0.002,0.003,0.001,0.001,0.002,0.009,0.021,0.738,3.625,0.209,0.000,0.000,0.000,0.053,3717984,96,1.212,1.012,0.000,0.000,14
GPU ROAM-like,RelWithDebInfo,D3D12,NVIDIA GeForce RTX 5090 D,Direct3D 12 (feature level 12_0); requested Agility SDK 614; runtime 6.2.26100.8737 (C:\WINDOWS\SYSTEM32\D3D12Core.dll); driver 32.0.15.9186,false,assets/heightmaps/Hm_Terrain_Test_129.pgm,129,129,30.000,4.000,14,4.000,2.000,20000,0.225,0.000,6.000,13.067,9.118,14656,33448,14682,126,63,86,84,0,0,0,0,8,0.000,9.603,2.937,0.207,0.000,0.000,1.778,0.000,0.000,0.004,0.002,0.003,0.001,0.001,0.002,0.009,0.021,1.035,4.510,0.176,0.000,0.000,0.000,0.042,3746208,96,1.250,0.903,0.000,0.000,14
GPU ROAM-like,RelWithDebInfo,D3D12,NVIDIA GeForce RTX 5090 D,Direct3D 12 (feature level 12_0); requested Agility SDK 614; runtime 6.2.26100.8737 (C:\WINDOWS\SYSTEM32\D3D12Core.dll); driver 32.0.15.9186,false,assets/heightmaps/Hm_Terrain_Test_129.pgm,129,129,30.000,4.000,14,4.000,2.000,20000,0.235,0.000,6.000,12.910,9.870,14644,33684,14597,118,58,203,86,0,0,0,0,8,1554.552,8.131,2.755,0.207,0.000,0.000,1.559,0.000,0.000,0.004,0.002,0.003,0.001,0.001,0.002,0.009,0.021,0.789,3.462,0.186,0.000,0.000,0.000,0.052,3772640,96,0.981,1.005,0.000,0.000,14
GPU ROAM-like,RelWithDebInfo,D3D12,NVIDIA GeForce RTX 5090 D,Direct3D 12 (feature level 12_0); requested Agility SDK 614; runtime 6.2.26100.8737 (C:\WINDOWS\SYSTEM32\D3D12Core.dll); driver 32.0.15.9186,false,assets/heightmaps/Hm_Terrain_Test_129.pgm,129,129,30.000,4.000,14,4.000,2.000,20000,0.243,0.000,6.000,12.773,8.403,14684,33896,14482,106,53,221,68,0,0,0,0,8,0.000,9.099,2.957,0.204,0.000,0.000,1.760,0.000,0.000,0.004,0.002,0.003,0.001,0.001,0.002,0.008,0.021,0.729,4.265,0.186,0.000,0.000,0.000,0.050,3796384,96,1.186,1.000,0.000,0.000,14
GPU ROAM-like,RelWithDebInfo,D3D12,NVIDIA GeForce RTX 5090 D,Direct3D 12 (feature level 12_0); requested Agility SDK 614; runtime 6.2.26100.8737 (C:\WINDOWS\SYSTEM32\D3D12Core.dll); driver 32.0.15.9186,false,assets/heightmaps/Hm_Terrain_Test_129.pgm,129,129,30.000,4.000,14,4.000,2.000,20000,0.252,0.000,6.000,12.615,9.390,14599,34176,14468,140,70,154,102,0,0,0,0,8,0.000,9.132,3.120,0.207,0.000,0.000,1.834,0.000,0.000,0.003,0.002,0.003,0.001,0.001,0.002,0.009,0.021,1.057,3.827,0.178,0.000,0.000,0.000,0.052,3827744,96,1.362,0.893,0.000,0.000,14
GPU ROAM-like,RelWithDebInfo,D3D12,NVIDIA GeForce RTX 5090 D,Direct3D 12 (feature level 12_0); requested Agility SDK 614; runtime 6.2.26100.8737 (C:\WINDOWS\SYSTEM32\D3D12Core.dll); driver 32.0.15.9186,false,assets/heightmaps/Hm_Terrain_Test_129.pgm,129,129,30.000,4.000,14,4.000,2.000,20000,0.262,0.000,6.000,12.454,9.393,14484,34416,14444,120,59,144,81,0,0,0,0,8,0.000,9.105,2.971,0.205,0.000,0.000,1.762,0.000,0.000,0.004,0.002,0.003,0.001,0.001,0.002,0.009,0.021,0.739,4.183,0.243,0.000,0.000,0.000,0.053,3854624,96,1.236,0.967,0.000,0.000,14
GPU ROAM-like,RelWithDebInfo,D3D12,NVIDIA GeForce RTX 5090 D,Direct3D 12 (feature level 12_0); requested Agility SDK 614; runtime 6.2.26100.8737 (C:\WINDOWS\SYSTEM32\D3D12Core.dll); driver 32.0.15.9186,false,assets/heightmaps/Hm_Terrain_Test_129.pgm,129,129,30.000,4.000,14,4.000,2.000,20000,0.271,0.000,6.000,12.288,9.422,14470,34700,14422,142,71,164,98,0,0,0,0,8,0.000,8.834,3.147,0.203,0.000,0.000,1.832,0.000,0.000,0.004,0.002,0.003,0.001,0.001,0.002,0.009,0.021,0.748,3.772,0.192,0.000,0.000,0.000,0.052,3886432,96,1.343,0.923,0.000,0.000,14
GPU ROAM-like,RelWithDebInfo,D3D12,NVIDIA GeForce RTX 5090 D,Direct3D 12 (feature level 12_0); requested Agility SDK 614; runtime 6.2.26100.8737 (C:\WINDOWS\SYSTEM32\D3D12Core.dll); driver 32.0.15.9186,false,assets/heightmaps/Hm_Terrain_Test_129.pgm,129,129,30.000,4.000,14,4.000,2.000,20000,0.280,0.000,6.000,12.124,9.113,14446,34952,14414,126,63,134,92,0,0,0,0,8,166.996,9.449,2.807,0.205,0.000,0.000,1.638,0.000,0.000,0.004,0.002,0.003,0.001,0.001,0.002,0.008,0.021,0.911,4.613,0.187,0.000,0.000,0.000,0.054,3914656,96,1.215,0.820,0.000,0.000,14
GPU ROAM-like,RelWithDebInfo,D3D12,NVIDIA GeForce RTX 5090 D,Direct3D 12 (feature level 12_0); requested Agility SDK 614; runtime 6.2.26100.8737 (C:\WINDOWS\SYSTEM32\D3D12Core.dll); driver 32.0.15.9186,false,assets/heightmaps/Hm_Terrain_Test_129.pgm,129,129,30.000,4.000,14,4.000,2.000,20000,0.290,0.000,6.000,11.946,9.738,14424,35276,14257,162,80,319,104,0,0,0,0,8,0.000,8.299,2.744,0.202,0.000,0.000,1.484,0.000,0.000,0.003,0.002,0.003,0.001,0.001,0.002,0.009,0.021,0.808,3.614,0.191,0.000,0.000,0.000,0.052,3950944,96,1.128,0.856,0.000,0.000,14
GPU ROAM-like,RelWithDebInfo,D3D12,NVIDIA GeForce RTX 5090 D,Direct3D 12 (feature level 12_0); requested Agility SDK 614; runtime 6.2.26100.8737 (C:\WINDOWS\SYSTEM32\D3D12Core.dll); driver 32.0.15.9186,false,assets/heightmaps/Hm_Terrain_Test_129.pgm,129,129,30.000,4.000,14,4.000,2.000,20000,0.299,0.000,6.000,11.785,8.574,14416,35548,14210,136,68,183,92,0,0,0,0,8,897.596,8.804,2.624,0.205,0.000,0.000,1.452,0.000,0.000,0.004,0.002,0.003,0.001,0.001,0.002,0.008,0.021,0.816,4.200,0.195,0.000,0.000,0.000,0.052,3981408,96,1.010,0.861,0.000,0.000,14
GPU ROAM-like,RelWithDebInfo,D3D12,NVIDIA GeForce RTX 5090 D,Direct3D 12 (feature level 12_0); requested Agility SDK 614; runtime 6.2.26100.8737 (C:\WINDOWS\SYSTEM32\D3D12Core.dll); driver 32.0.15.9186,false,assets/heightmaps/Hm_Terrain_Test_129.pgm,129,129,30.000,4.000,14,4.000,2.000,20000,0.308,0.000,6.000,11.613,9.079,14259,35880,14202,166,83,174,113,0,0,0,0,8,179.176,8.822,3.049,0.199,0.000,0.000,1.830,0.000,0.000,0.003,0.003,0.003,0.001,0.001,0.002,0.009,0.022,0.780,3.848,0.192,0.000,0.000,0.000,0.045,4018592,96,1.281,0.994,0.000,0.000,14
GPU ROAM-like,RelWithDebInfo,D3D12,NVIDIA GeForce RTX 5090 D,Direct3D 12 (feature level 12_0); requested Agility SDK 614; runtime 6.2.26100.8737 (C:\WINDOWS\SYSTEM32\D3D12Core.dll); driver 32.0.15.9186,false,assets/heightmaps/Hm_Terrain_Test_129.pgm,129,129,30.000,4.000,14,4.000,2.000,20000,0.317,0.000,6.000,11.437,9.090,14212,36184,14152,152,75,202,99,0,0,0,0,8,0.000,9.405,3.011,0.198,0.000,0.000,1.784,0.000,0.000,0.004,0.002,0.003,0.001,0.001,0.002,0.008,0.021,0.793,4.449,0.203,0.000,0.000,0.000,0.055,4052640,96,1.235,1.017,0.000,0.000,14
GPU ROAM-like,RelWithDebInfo,D3D12,NVIDIA GeForce RTX 5090 D,Direct3D 12 (feature level 12_0); requested Agility SDK 614; runtime 6.2.26100.8737 (C:\WINDOWS\SYSTEM32\D3D12Core.dll); driver 32.0.15.9186,false,assets/heightmaps/Hm_Terrain_Test_129.pgm,129,129,30.000,4.000,14,4.000,2.000,20000,0.327,0.000,6.000,11.247,9.672,14204,36496,14163,156,78,145,112,0,0,0,0,8,179.198,8.819,2.858,0.204,0.000,0.000,1.660,0.000,0.000,0.004,0.002,0.003,0.001,0.001,0.002,0.009,0.022,1.135,3.680,0.200,0.000,0.000,0.000,0.052,4087584,96,1.112,0.982,0.000,0.000,14
GPU ROAM-like,RelWithDebInfo,D3D12,NVIDIA GeForce RTX 5090 D,Direct3D 12 (feature level 12_0); requested Agility SDK 614; runtime 6.2.26100.8737 (C:\WINDOWS\SYSTEM32\D3D12Core.dll); driver 32.0.15.9186,false,assets/heightmaps/Hm_Terrain_Test_129.pgm,129,129,30.000,4.000,14,4.000,2.000,20000,0.336,0.000,6.000,11.066,9.085,14154,36824,14066,164,81,261,114,0,0,0,0,8,0.000,9.673,2.962,0.199,0.000,0.000,1.713,0.000,0.000,0.004,0.002,0.003,0.001,0.001,0.002,0.008,0.021,0.814,4.690,0.238,0.000,0.000,0.000,0.052,4124320,96,1.282,0.918,0.000,0.000,14
GPU ROAM-like,RelWithDebInfo,D3D12,NVIDIA GeForce RTX 5090 D,Direct3D 12 (feature level 12_0); requested Agility SDK 614; runtime 6.2.26100.8737 (C:\WINDOWS\SYSTEM32\D3D12Core.dll); driver 32.0.15.9186,false,assets/heightmaps/Hm_Terrain_Test_129.pgm,129,129,30.000,4.000,14,4.000,2.000,20000,0.346,0.000,6.000,10.865,9.929,14165,37124,13952,150,75,264,107,0,0,0,0,8,723.840,8.736,3.139,0.196,0.000,0.000,1.894,0.000,0.000,0.003,0.002,0.003,0.001,0.001,0.002,0.009,0.021,0.806,3.646,0.200,0.000,0.000,0.000,0.052,4157920,96,1.352,1.040,0.000,0.000,14
GPU ROAM-like,RelWithDebInfo,D3D12,NVIDIA GeForce RTX 5090 D,Direct3D 12 (feature level 12_0); requested Agility SDK 614; runtime 6.2.26100.8737 (C:\WINDOWS\SYSTEM32\D3D12Core.dll); driver 32.0.15.9186,false,assets/heightmaps/Hm_Terrain_Test_129.pgm,129,129,30.000,4.000,14,4.000,2.000,20000,0.355,0.000,6.000,10.681,9.012,14068,37420,13932,148,74,168,108,0,0,0,0,8,0.000,10.031,3.037,0.200,0.000,0.000,1.854,0.000,0.000,0.004,0.002,0.003,0.001,0.001,0.002,0.009,0.021,1.145,4.710,0.206,0.000,0.000,0.000,0.050,4191072,96,1.279,1.015,0.000,0.000,14
GPU ROAM-like,RelWithDebInfo,D3D12,NVIDIA GeForce RTX 5090 D,Direct3D 12 (feature level 12_0); requested Agility SDK 614; runtime 6.2.26100.8737 (C:\WINDOWS\SYSTEM32\D3D12Core.dll); driver 32.0.15.9186,false,assets/heightmaps/Hm_Terrain_Test_129.pgm,129,129,30.000,4.000,14,4.000,2.000,20000,0.365,0.000,6.000,10.467,10.309,13954,37804,13916,192,95,208,130,0,0,0,0,8,0.000,9.130,2.951,0.196,0.000,0.000,1.669,0.000,0.000,0.003,0.002,0.003,0.001,0.001,0.002,0.008,0.021,1.136,3.907,0.198,0.000,0.000,0.000,0.044,4234080,96,1.144,1.019,0.000,0.000,14
GPU ROAM-like,RelWithDebInfo,D3D12,NVIDIA GeForce RTX 5090 D,Direct3D 12 (feature level 12_0); requested Agility SDK 614; runtime 6.2.26100.8737 (C:\WINDOWS\SYSTEM32\D3D12Core.dll); driver 32.0.15.9186,false,assets/heightmaps/Hm_Terrain_Test_129.pgm,129,129,30.000,4.000,14,4.000,2.000,20000,0.374,0.000,6.000,10.270,9.392,13934,38076,13850,136,68,202,100,0,0,0,0,8,163.489,9.662,2.834,0.195,0.000,0.000,1.654,0.000,0.000,0.004,0.002,0.003,0.001,0.001,0.002,0.008,0.021,0.985,4.705,0.212,0.000,0.000,0.000,0.052,4264544,96,1.091,1.003,0.000,0.000,14
GPU ROAM-like,RelWithDebInfo,D3D12,NVIDIA GeForce RTX 5090 D,Direct3D 12 (feature level 12_0); requested Agility SDK 614; runtime 6.2.26100.8737 (C:\WINDOWS\SYSTEM32\D3D12Core.dll); driver 32.0.15.9186,false,assets/heightmaps/Hm_Terrain_Test_129.pgm,129,129,30.000,4.000,14,4.000,2.000,20000,0.384,0.000,6.000,10.060,9.930,13918,38372,13686,148,73,312,99,0,0,0,0,8,0.000,9.388,3.133,0.193,0.000,0.000,1.844,0.000,0.000,0.004,0.002,0.003,0.001,0.001,0.002,0.008,0.021,0.858,4.181,0.248,0.000,0.000,0.000,0.055,4297696,96,1.223,1.126,0.000,0.000,14
GPU ROAM-like,RelWithDebInfo,D3D12,NVIDIA GeForce RTX 5090 D,Direct3D 12 (feature level 12_0); requested Agility SDK 614; runtime 6.2.26100.8737 (C:\WINDOWS\SYSTEM32\D3D12Core.dll); driver 32.0.15.9186,false,assets/heightmaps/Hm_Terrain_Test_129.pgm,129,129,30.000,4.000,14,4.000,2.000,20000,0.394,0.000,6.000,9.853,9.653,13852,38700,13654,164,82,196,117,0,0,0,0,8,0.000,9.318,3.005,0.192,0.000,0.000,1.776,0.000,0.000,0.004,0.002,0.003,0.001,0.001,0.002,0.008,0.021,0.842,4.341,0.211,0.000,0.000,0.000,0.054,4334432,96,1.226,1.013,0.000,0.000,14
GPU ROAM-like,RelWithDebInfo,D3D12,NVIDIA GeForce RTX 5090 D,Direct3D 12 (feature level 12_0); requested Agility SDK 614; runtime 6.2.26100.8737 (C:\WINDOWS\SYSTEM32\D3D12Core.dll); driver 32.0.15.9186,false,assets/heightmaps/Hm_Terrain_Test_129.pgm,129,129,30.000,4.000,14,4.000,2.000,20000,0.403,0.000,6.000,9.647,9.574,13688,38988,13560,144,71,238,108,0,0,0,0,8,0.000,9.392,2.758,0.193,0.000,0.000,1.590,0.000,0.000,0.004,0.002,0.003,0.001,0.001,0.002,0.008,0.021,0.875,4.602,0.246,0.000,0.000,0.000,0.051,4366688,96,1.208,0.827,0.000,0.000,14
GPU ROAM-like,RelWithDebInfo,D3D12,NVIDIA GeForce RTX 5090 D,Direct3D 12 (feature level 12_0); requested Agility SDK 614; runtime 6.2.26100.8737 (C:\WINDOWS\SYSTEM32\D3D12Core.dll); driver 32.0.15.9186,false,assets/heightmaps/Hm_Terrain_Test_129.pgm,129,129,30.000,4.000,14,4.000,2.000,20000,0.413,0.000,6.000,9.436,9.681,13656,39264,13512,138,69,186,100,0,0,0,0,8,0.000,9.739,3.082,0.192,0.000,0.000,1.862,0.000,0.000,0.004,0.002,0.003,0.001,0.001,0.002,0.008,0.021,0.855,4.670,0.209,0.000,0.000,0.000,0.044,4397600,96,1.289,1.026,0.000,0.000,14
GPU ROAM-like,RelWithDebInfo,D3D12,NVIDIA GeForce RTX 5090 D,Direct3D 12 (feature level 12_0); requested Agility SDK 614; runtime 6.2.26100.8737 (C:\WINDOWS\SYSTEM32\D3D12Core.dll); driver 32.0.15.9186,false,assets/heightmaps/Hm_Terrain_Test_129.pgm,129,129,30.000,4.000,14,4.000,2.000,20000,0.423,0.000,6.000,9.217,10.003,13562,39636,13478,186,92,220,150,0,0,0,0,8,173.380,9.128,2.867,0.187,0.000,0.000,1.686,0.000,0.000,0.004,0.002,0.003,0.001,0.001,0.002,0.008,0.021,0.893,4.227,0.225,0.000,0.000,0.000,0.052,4439264,96,1.203,0.947,0.000,0.000,14
GPU ROAM-like,RelWithDebInfo,D3D12,NVIDIA GeForce RTX 5090 D,Direct3D 12 (feature level 12_0); requested Agility SDK 614; runtime 6.2.26100.8737 (C:\WINDOWS\SYSTEM32\D3D12Core.dll); driver 32.0.15.9186,false,assets/heightmaps/Hm_Terrain_Test_129.pgm,129,129,30.000,4.000,14,4.000,2.000,20000,0.432,0.000,6.000,9.010,9.390,13514,39896,13326,130,65,282,89,0,0,0,0,8,0.000,9.519,2.939,0.189,0.000,0.000,1.733,0.000,0.000,0.004,0.002,0.003,0.001,0.001,0.002,0.008,0.021,0.869,4.606,0.211,0.000,0.000,0.000,0.049,4468384,96,1.286,0.926,0.000,0.000,14
GPU ROAM-like,RelWithDebInfo,D3D12,NVIDIA GeForce RTX 5090 D,Direct3D 12 (feature level 12_0); requested Agility SDK 614; runtime 6.2.26100.8737 (C:\WINDOWS\SYSTEM32\D3D12Core.dll); driver 32.0.15.9186,false,assets/heightmaps/Hm_Terrain_Test_129.pgm,129,129,30.000,4.000,14,4.000,2.000,20000,0.442,0.000,6.000,8.794,9.777,13480,40282,13371,193,96,148,154,0,0,0,0,8,0.000,9.917,3.653,0.193,0.000,0.000,1.628,0.000,0.000,0.004,0.002,0.003,0.001,0.001,0.002,0.008,0.021,0.964,4.052,0.231,0.000,0.000,0.000,0.052,4511616,96,1.933,0.828,0.000,0.000,14
GPU ROAM-like,RelWithDebInfo,D3D12,NVIDIA GeForce RTX 5090 D,Direct3D 12 (feature level 12_0); requested Agility SDK 614; runtime 6.2.26100.8737 (C:\WINDOWS\SYSTEM32\D3D12Core.dll); driver 32.0.15.9186,false,assets/heightmaps/Hm_Terrain_Test_129.pgm,129,129,30.000,4.000,14,4.000,2.000,20000,0.452,0.000,6.000,8.567,10.194,13328,40636,13300,177,88,248,134,0,0,0,0,8,159.122,9.939,2.881,0.186,0.000,0.000,1.615,0.000,0.000,0.004,0.002,0.003,0.001,0.001,0.002,0.008,0.021,0.959,4.954,0.233,0.000,0.000,0.000,0.052,4551264,96,1.222,0.896,0.000,0.000,14
GPU ROAM-like,RelWithDebInfo,D3D12,NVIDIA GeForce RTX 5090 D,Direct3D 12 (feature level 12_0); requested Agility SDK 614; runtime 6.2.26100.8737 (C:\WINDOWS\SYSTEM32\D3D12Core.dll); driver 32.0.15.9186,false,assets/heightmaps/Hm_Terrain_Test_129.pgm,129,129,30.000,4.000,14,4.000,2.000,20000,0.463,0.000,6.000,8.339,10.222,13373,40980,13282,172,86,190,130,0,0,0,0,8,176.817,8.953,2.861,0.190,0.000,0.000,1.627,0.000,0.000,0.004,0.002,0.003,0.001,0.001,0.002,0.008,0.021,0.955,3.992,0.226,0.000,0.000,0.000,0.052,4589792,96,1.114,0.984,0.000,0.000,14
GPU ROAM-like,RelWithDebInfo,D3D12,NVIDIA GeForce RTX 5090 D,Direct3D 12 (feature level 12_0); requested Agility SDK 614; runtime 6.2.26100.8737 (C:\WINDOWS\SYSTEM32\D3D12Core.dll); driver 32.0.15.9186,false,assets/heightmaps/Hm_Terrain_Test_129.pgm,129,129,30.000,4.000,14,4.000,2.000,20000,0.472,0.000,6.000,8.132,9.228,13302,41340,13174,180,89,288,142,0,0,0,0,8,0.000,10.013,3.186,0.217,0.000,0.000,1.880,0.000,0.000,0.004,0.002,0.003,0.001,0.001,0.002,0.008,0.022,0.957,4.724,0.236,0.000,0.000,0.000,0.054,4630112,96,1.388,1.040,0.000,0.000,14
GPU ROAM-like,RelWithDebInfo,D3D12,NVIDIA GeForce RTX 5090 D,Direct3D 12 (feature level 12_0); requested Agility SDK 614; runtime 6.2.26100.8737 (C:\WINDOWS\SYSTEM32\D3D12Core.dll); driver 32.0.15.9186,false,assets/heightmaps/Hm_Terrain_Test_129.pgm,129,129,30.000,4.000,14,4.000,2.000,20000,0.482,0.000,6.000,7.901,10.303,13284,41700,13130,180,90,224,137,0,0,0,0,8,170.586,9.282,2.935,0.188,0.000,0.000,1.740,0.000,0.000,0.004,0.002,0.003,0.001,0.001,0.002,0.008,0.021,0.933,4.252,0.252,0.000,0.000,0.000,0.052,4670432,96,1.229,0.993,0.000,0.000,14
GPU ROAM-like,RelWithDebInfo,D3D12,NVIDIA GeForce RTX 5090 D,Direct3D 12 (feature level 12_0); requested Agility SDK 614; runtime 6.2.26100.8737 (C:\WINDOWS\SYSTEM32\D3D12Core.dll); driver 32.0.15.9186,false,assets/heightmaps/Hm_Terrain_Test_129.pgm,129,129,30.000,4.000,14,4.000,2.000,20000,0.492,0.000,6.000,7.686,9.561,13176,42056,13122,178,88,186,134,0,0,0,0,8,0.000,9.881,2.965,0.188,0.000,0.000,1.746,0.000,0.000,0.004,0.002,0.003,0.001,0.001,0.002,0.008,0.021,0.958,4.814,0.226,0.000,0.000,0.000,0.048,4710304,96,1.225,0.985,0.000,0.000,14
GPU ROAM-like,RelWithDebInfo,D3D12,NVIDIA GeForce RTX 5090 D,Direct3D 12 (feature level 12_0); requested Agility SDK 614; runtime 6.2.26100.8737 (C:\WINDOWS\SYSTEM32\D3D12Core.dll); driver 32.0.15.9186,false,assets/heightmaps/Hm_Terrain_Test_129.pgm,129,129,30.000,4.000,14,4.000,2.000,20000,0.502,0.000,6.000,7.457,10.147,13132,42372,13058,158,79,222,126,0,0,0,0,8,1018.026,9.326,2.828,0.182,0.000,0.000,1.648,0.000,0.000,0.004,0.002,0.003,0.001,0.001,0.002,0.008,0.021,0.932,4.435,0.244,0.000,0.000,0.000,0.051,4745696,96,1.112,0.991,0.000,0.000,14
GPU ROAM-like,RelWithDebInfo,D3D12,NVIDIA GeForce RTX 5090 D,Direct3D 12 (feature level 12_0); requested Agility SDK 614; runtime 6.2.26100.8737 (C:\WINDOWS\SYSTEM32\D3D12Core.dll); driver 32.0.15.9186,false,assets/heightmaps/Hm_Terrain_Test_129.pgm,129,129,30.000,4.000,14,4.000,2.000,20000,0.511,0.000,6.000,7.242,9.596,13124,42780,13022,204,101,240,146,0,0,0,0,8,0.000,10.398,3.024,0.185,0.000,0.000,1.819,0.000,0.000,0.004,0.002,0.003,0.001,0.001,0.002,0.008,0.021,1.345,4.853,0.261,0.000,0.000,0.000,0.054,4791392,96,1.306,1.001,0.000,0.000,14
GPU ROAM-like,RelWithDebInfo,D3D12,NVIDIA GeForce RTX 5090 D,Direct3D 12 (feature level 12_0); requested Agility SDK 614; runtime 6.2.26100.8737 (C:\WINDOWS\SYSTEM32\D3D12Core.dll); driver 32.0.15.9186,false,assets/heightmaps/Hm_Terrain_Test_129.pgm,129,129,30.000,4.000,14,4.000,2.000,20000,0.522,0.000,6.000,7.001,10.686,13060,43100,12940,160,80,242,127,0,0,0,0,8,0.000,10.337,3.306,0.186,0.000,0.000,2.038,0.000,0.000,0.004,0.002,0.003,0.001,0.001,0.002,0.008,0.022,1.351,4.521,0.239,0.000,0.000,0.000,0.048,4827232,96,1.520,0.998,0.000,0.000,14
GPU ROAM-like,RelWithDebInfo,D3D12,NVIDIA GeForce RTX 5090 D,Direct3D 12 (feature level 12_0); requested Agility SDK 614; runtime 6.2.26100.8737 (C:\WINDOWS\SYSTEM32\D3D12Core.dll); driver 32.0.15.9186,false,assets/heightmaps/Hm_Terrain_Test_129.pgm,129,129,30.000,4.000,14,4.000,2.000,20000,0.533,0.000,6.000,6.763,10.616,13024,43548,12940,224,111,224,166,0,0,0,0,8,322.069,9.828,2.903,0.183,0.000,0.000,1.669,0.000,0.000,0.004,0.003,0.003,0.001,0.001,0.002,0.008,0.021,0.941,4.851,0.231,0.000,0.000,0.000,0.052,4877408,96,1.204,0.980,0.000,0.000,14
GPU ROAM-like,RelWithDebInfo,D3D12,NVIDIA GeForce RTX 5090 D,Direct3D 12 (feature level 12_0); requested Agility SDK 614; runtime 6.2.26100.8737 (C:\WINDOWS\SYSTEM32\D3D12Core.dll); driver 32.0.15.9186,false,assets/heightmaps/Hm_Terrain_Test_129.pgm,129,129,30.000,4.000,14,4.000,2.000,20000,0.543,0.000,6.000,6.537,10.134,12942,43928,12870,190,95,260,148,0,0,0,0,8,0.000,9.511,2.752,0.185,0.000,0.000,1.541,0.000,0.000,0.004,0.002,0.003,0.001,0.001,0.002,0.008,0.021,0.951,4.637,0.254,0.000,0.000,0.000,0.047,4919968,96,1.228,0.811,0.000,0.000,14
GPU ROAM-like,RelWithDebInfo,D3D12,NVIDIA GeForce RTX 5090 D,Direct3D 12 (feature level 12_0); requested Agility SDK 614; runtime 6.2.26100.8737 (C:\WINDOWS\SYSTEM32\D3D12Core.dll); driver 32.0.15.9186,false,assets/heightmaps/Hm_Terrain_Test_129.pgm,129,129,30.000,4.000,14,4.000,2.000,20000,0.553,0.000,6.000,6.318,9.807,12942,44268,12771,170,84,269,125,0,0,0,0,8,0.000,10.068,3.017,0.180,0.000,0.000,1.798,0.000,0.000,0.004,0.003,0.003,0.001,0.001,0.002,0.008,0.021,0.962,4.928,0.258,0.000,0.000,0.000,0.054,4958048,96,1.270,1.010,0.000,0.000,14
GPU ROAM-like,RelWithDebInfo,D3D12,NVIDIA GeForce RTX 5090 D,Direct3D 12 (feature level 12_0); requested Agility SDK 614; runtime 6.2.26100.8737 (C:\WINDOWS\SYSTEM32\D3D12Core.dll); driver 32.0.15.9186,false,assets/heightmaps/Hm_Terrain_Test_129.pgm,129,129,30.000,4.000,14,4.000,2.000,20000,0.563,0.000,6.000,6.088,10.341,12872,44652,12712,192,96,251,140,0,0,0,0,8,359.315,8.827,2.580,0.179,0.000,0.000,1.396,0.000,0.000,0.004,0.002,0.003,0.001,0.001,0.002,0.008,0.021,0.996,4.086,0.277,0.000,0.000,0.000,0.044,5001056,96,1.081,0.798,0.000,0.000,14
GPU ROAM-like,RelWithDebInfo,D3D12,NVIDIA GeForce RTX 5090 D,Direct3D 12 (feature level 12_0); requested Agility SDK 614; runtime 6.2.26100.8737 (C:\WINDOWS\SYSTEM32\D3D12Core.dll); driver 32.0.15.9186,false,assets/heightmaps/Hm_Terrain_Test_129.pgm,129,129,30.000,4.000,14,4.000,2.000,20000,0.572,0.000,6.000,5.887,9.128,12773,45004,12712,176,87,176,125,0,0,0,0,8,0.000,10.341,2.945,0.177,0.000,0.000,1.723,0.000,0.000,0.004,0.003,0.003,0.001,0.001,0.002,0.008,0.021,0.992,5.212,0.269,0.000,0.000,0.000,0.052,5040480,96,1.203,0.972,0.000,0.000,14
GPU ROAM-like,RelWithDebInfo,D3D12,NVIDIA GeForce RTX 5090 D,Direct3D 12 (feature level 12_0); requested Agility SDK 614; runtime 6.2.26100.8737 (C:\WINDOWS\SYSTEM32\D3D12Core.dll); driver 32.0.15.9186,false,assets/heightmaps/Hm_Terrain_Test_129.pgm,129,129,30.000,4.000,14,4.000,2.000,20000,0.583,0.000,6.000,5.653,10.665,12714,45284,12632,140,70,220,108,0,0,0,0,8,0.000,9.267,2.916,0.177,0.000,0.000,1.738,0.000,0.000,0.004,0.003,0.003,0.001,0.001,0.002,0.008,0.021,0.978,4.195,0.286,0.000,0.000,0.000,0.047,5071840,96,1.183,1.000,0.000,0.000,14
GPU ROAM-like,RelWithDebInfo,D3D12,NVIDIA GeForce RTX 5090 D,Direct3D 12 (feature level 12_0); requested Agility SDK 614; runtime 6.2.26100.8737 (C:\WINDOWS\SYSTEM32\D3D12Core.dll); driver 32.0.15.9186,false,assets/heightmaps/Hm_Terrain_Test_129.pgm,129,129,30.000,4.000,14,4.000,2.000,20000,0.592,0.000,6.000,5.445,9.536,12714,45588,12519,152,75,265,117,0,0,0,0,8,157.187,10.069,2.838,0.194,0.000,0.000,1.618,0.000,0.000,0.004,0.003,0.003,0.001,0.001,0.002,0.008,0.021,0.998,5.091,0.276,0.000,0.000,0.000,0.054,5105888,96,1.102,1.012,0.000,0.000,14
GPU ROAM-like,RelWithDebInfo,D3D12,NVIDIA GeForce RTX 5090 D,Direct3D 12 (feature level 12_0); requested Agility SDK 614; runtime 6.2.26100.8737 (C:\WINDOWS\SYSTEM32\D3D12Core.dll); driver 32.0.15.9186,false,assets/heightmaps/Hm_Terrain_Test_129.pgm,129,129,30.000,4.000,14,4.000,2.000,20000,0.603,0.000,6.000,5.220,10.359,12634,45824,12402,118,59,235,96,0,0,0,0,8,0.000,9.049,2.776,0.174,0.000,0.000,1.666,0.000,0.000,0.004,0.002,0.003,0.001,0.001,0.002,0.008,0.022,0.985,4.182,0.254,0.000,0.000,0.000,0.052,5132320,96,1.109,0.984,0.000,0.000,14
GPU ROAM-like,RelWithDebInfo,D3D12,NVIDIA GeForce RTX 5090 D,Direct3D 12 (feature level 12_0); requested Agility SDK 614; runtime 6.2.26100.8737 (C:\WINDOWS\SYSTEM32\D3D12Core.dll); driver 32.0.15.9186,false,assets/heightmaps/Hm_Terrain_Test_129.pgm,129,129,30.000,4.000,14,4.000,2.000,20000,0.612,0.000,6.000,5.020,9.316,12521,46064,12330,120,60,192,90,0,0,0,0,8,159.335,9.931,2.809,0.182,0.000,0.000,1.722,0.000,0.000,0.004,0.003,0.003,0.001,0.001,0.002,0.008,0.021,1.002,5.010,0.251,0.000,0.000,0.000,0.051,5159200,96,1.167,0.970,0.000,0.000,14
GPU ROAM-like,RelWithDebInfo,D3D12,NVIDIA GeForce RTX 5090 D,Direct3D 12 (feature level 12_0); requested Agility SDK 614; runtime 6.2.26100.8737 (C:\WINDOWS\SYSTEM32\D3D12Core.dll); driver 32.0.15.9186,false,assets/heightmaps/Hm_Terrain_Test_129.pgm,129,129,30.000,4.000,14,4.000,2.000,20000,0.622,0.000,6.000,4.804,10.204,12404,46244,12226,90,44,194,69,0,0,0,0,8,0.000,10.010,2.862,0.202,0.000,0.000,1.781,0.000,0.000,0.004,0.003,0.003,0.001,0.001,0.002,0.008,0.021,1.010,4.992,0.285,0.000,0.000,0.000,0.052,5179360,96,1.249,0.937,0.000,0.000,14
GPU ROAM-like,RelWithDebInfo,D3D12,NVIDIA GeForce RTX 5090 D,Direct3D 12 (feature level 12_0); requested Agility SDK 614; runtime 6.2.26100.8737 (C:\WINDOWS\SYSTEM32\D3D12Core.dll); driver 32.0.15.9186,false,assets/heightmaps/Hm_Terrain_Test_129.pgm,129,129,30.000,4.000,14,4.000,2.000,20000,0.633,0.000,6.000,4.587,10.285,12332,46500,12154,128,64,200,102,0,0,0,0,8,0.000,10.618,2.753,0.171,0.000,0.000,1.657,0.000,0.000,0.004,0.002,0.003,0.001,0.001,0.002,0.008,0.022,1.408,5.316,0.259,0.000,0.000,0.000,0.054,5208032,96,1.128,0.933,0.000,0.000,14
GPU ROAM-like,RelWithDebInfo,D3D12,NVIDIA GeForce RTX 5090 D,Direct3D 12 (feature level 12_0); requested Agility SDK 614; runtime 6.2.26100.8737 (C:\WINDOWS\SYSTEM32\D3D12Core.dll); driver 32.0.15.9186,false,assets/heightmaps/Hm_Terrain_Test_129.pgm,129,129,30.000,4.000,14,4.000,2.000,20000,0.643,0.000,6.000,4.361,10.886,12228,46700,11866,100,49,388,81,0,0,0,0,8,158.181,10.004,3.176,0.170,0.000,0.000,2.030,0.000,0.000,0.004,0.002,0.003,0.001,0.001,0.002,0.008,0.021,1.387,4.319,0.264,0.000,0.000,0.000,0.051,5230432,96,1.485,1.021,0.000,0.000,14
GPU ROAM-like,RelWithDebInfo,D3D12,NVIDIA GeForce RTX 5090 D,Direct3D 12 (feature level 12_0); requested Agility SDK 614; runtime 6.2.26100.8737 (C:\WINDOWS\SYSTEM32\D3D12Core.dll); driver 32.0.15.9186,false,assets/heightmaps/Hm_Terrain_Test_129.pgm,129,129,30.000,4.000,14,4.000,2.000,20000,0.654,0.000,6.000,4.150,10.273,12156,46924,11826,112,56,152,86,0,0,0,0,8,150.581,10.512,2.738,0.170,0.000,0.000,1.659,0.000,0.000,0.004,0.003,0.003,0.001,0.001,0.002,0.008,0.021,1.437,5.209,0.276,0.000,0.000,0.000,0.052,5255520,96,1.120,0.912,0.000,0.000,14
GPU ROAM-like,RelWithDebInfo,D3D12,NVIDIA GeForce RTX 5090 D,Direct3D 12 (feature level 12_0); requested Agility SDK 614; runtime 6.2.26100.8737 (C:\WINDOWS\SYSTEM32\D3D12Core.dll); driver 32.0.15.9186,false,assets/heightmaps/Hm_Terrain_Test_129.pgm,129,129,30.000,4.000,14,4.000,2.000,20000,0.665,0.000,6.000,3.931,10.817,11868,47104,11664,90,44,252,81,0,0,0,0,8,0.000,9.882,2.700,0.166,0.000,0.000,1.616,0.000,0.000,0.004,0.002,0.003,0.001,0.001,0.002,0.008,0.021,1.450,4.643,0.236,0.000,0.000,0.000,0.049,5275680,96,1.069,0.950,0.000,0.000,14
GPU ROAM-like,RelWithDebInfo,D3D12,NVIDIA GeForce RTX 5090 D,Direct3D 12 (feature level 12_0); requested Agility SDK 614; runtime 6.2.26100.8737 (C:\WINDOWS\SYSTEM32\D3D12Core.dll); driver 32.0.15.9186,false,assets/heightmaps/Hm_Terrain_Test_129.pgm,129,129,30.000,4.000,14,4.000,2.000,20000,0.675,0.000,6.000,3.729,10.165,11828,47304,11600,100,50,164,81,0,0,0,0,8,152.385,10.377,2.695,0.164,0.000,0.000,1.656,0.000,0.000,0.004,0.002,0.003,0.001,0.001,0.002,0.008,0.021,1.425,5.156,0.253,0.000,0.000,0.000,0.046,5298080,96,1.030,0.988,0.000,0.000,14
GPU ROAM-like,RelWithDebInfo,D3D12,NVIDIA GeForce RTX 5090 D,Direct3D 12 (feature level 12_0); requested Agility SDK 614; runtime 6.2.26100.8737 (C:\WINDOWS\SYSTEM32\D3D12Core.dll); driver 32.0.15.9186,false,assets/heightmaps/Hm_Terrain_Test_129.pgm,129,129,30.000,4.000,14,4.000,2.000,20000,0.685,0.000,6.000,3.520,10.652,11666,47512,11435,104,51,269,82,0,0,0,0,8,0.000,9.045,2.714,0.164,0.000,0.000,1.618,0.000,0.000,0.004,0.002,0.003,0.001,0.001,0.002,0.008,0.022,1.046,4.198,0.274,0.000,0.000,0.000,0.052,5321376,96,1.091,0.931,0.000,0.000,14
GPU ROAM-like,RelWithDebInfo,D3D12,NVIDIA GeForce RTX 5090 D,Direct3D 12 (feature level 12_0); requested Agility SDK 614; runtime 6.2.26100.8737 (C:\WINDOWS\SYSTEM32\D3D12Core.dll); driver 32.0.15.9186,false,assets/heightmaps/Hm_Terrain_Test_129.pgm,129,129,30.000,4.000,14,4.000,2.000,20000,0.695,0.000,6.000,3.341,9.319,11602,47704,11332,96,48,199,73,0,0,0,0,8,0.000,10.408,2.597,0.163,0.000,0.000,1.586,0.000,0.000,0.004,0.002,0.003,0.001,0.001,0.002,0.008,0.021,1.433,5.299,0.260,0.000,0.000,0.000,0.052,5342880,96,1.063,0.894,0.000,0.000,14
GPU ROAM-like,RelWithDebInfo,D3D12,NVIDIA GeForce RTX 5090 D,Direct3D 12 (feature level 12_0); requested Agility SDK 614; runtime 6.2.26100.8737 (C:\WINDOWS\SYSTEM32\D3D12Core.dll); driver 32.0.15.9186,false,assets/heightmaps/Hm_Terrain_Test_129.pgm,129,129,30.000,4.000,14,4.000,2.000,20000,0.705,0.000,6.000,3.139,10.674,11437,47886,11281,91,45,142,72,0,0,0,0,8,165.537,9.568,3.116,0.173,0.000,0.000,2.120,0.000,0.000,0.004,0.002,0.003,0.001,0.001,0.002,0.008,0.021,1.031,4.336,0.266,0.000,0.000,0.000,0.051,5363264,96,1.675,0.803,0.000,0.000,14
GPU ROAM-like,RelWithDebInfo,D3D12,NVIDIA GeForce RTX 5090 D,Direct3D 12 (feature level 12_0); requested Agility SDK 614; runtime 6.2.26100.8737 (C:\WINDOWS\SYSTEM32\D3D12Core.dll); driver 32.0.15.9186,false,assets/heightmaps/Hm_Terrain_Test_129.pgm,129,129,30.000,4.000,14,4.000,2.000,20000,0.715,0.000,6.000,2.957,9.833,11334,48076,11172,95,47,204,79,0,0,0,0,8,0.000,10.037,2.612,0.165,0.000,0.000,1.618,0.000,0.000,0.004,0.002,0.003,0.001,0.001,0.002,0.008,0.021,1.050,5.293,0.283,0.000,0.000,0.000,0.053,5384544,96,1.124,0.871,0.000,0.000,14
GPU ROAM-like,RelWithDebInfo,D3D12,NVIDIA GeForce RTX 5090 D,Direct3D 12 (feature level 12_0); requested Agility SDK 614; runtime 6.2.26100.8737 (C:\WINDOWS\SYSTEM32\D3D12Core.dll); driver 32.0.15.9186,false,assets/heightmaps/Hm_Terrain_Test_129.pgm,129,129,30.000,4.000,14,4.000,2.000,20000,0.726,0.000,6.000,2.770,10.330,11283,48244,11005,84,42,251,71,0,0,0,0,8,0.000,9.792,2.636,0.168,0.000,0.000,1.506,0.000,0.000,0.004,0.003,0.003,0.001,0.001,0.002,0.008,0.021,1.098,4.987,0.263,0.000,0.000,0.000,0.051,5403360,96,1.017,0.889,0.000,0.000,14
GPU ROAM-like,RelWithDebInfo,D3D12,NVIDIA GeForce RTX 5090 D,Direct3D 12 (feature level 12_0); requested Agility SDK 614; runtime 6.2.26100.8737 (C:\WINDOWS\SYSTEM32\D3D12Core.dll); driver 32.0.15.9186,false,assets/heightmaps/Hm_Terrain_Test_129.pgm,129,129,30.000,4.000,14,4.000,2.000,20000,0.736,0.000,6.000,2.592,10.067,11174,48440,10872,98,48,231,79,0,0,0,0,8,151.160,10.476,3.274,0.155,0.000,0.000,2.277,0.000,0.000,0.004,0.002,0.003,0.001,0.001,0.002,0.007,0.020,1.072,5.006,0.323,0.000,0.000,0.000,0.050,5425312,96,1.799,0.865,0.000,0.000,14
GPU ROAM-like,RelWithDebInfo,D3D12,NVIDIA GeForce RTX 5090 D,Direct3D 12 (feature level 12_0); requested Agility SDK 614; runtime 6.2.26100.8737 (C:\WINDOWS\SYSTEM32\D3D12Core.dll); driver 32.0.15.9186,false,assets/heightmaps/Hm_Terrain_Test_129.pgm,129,129,30.000,4.000,14,4.000,2.000,20000,0.746,0.000,6.000,2.406,10.738,11007,48632,10722,96,48,246,73,0,0,0,0,8,0.000,10.866,3.042,0.159,0.000,0.000,2.064,0.000,0.000,0.004,0.002,0.003,0.001,0.001,0.002,0.007,0.021,1.040,5.772,0.255,0.000,0.000,0.000,0.050,5446816,96,1.566,0.894,0.000,0.000,14
GPU ROAM-like,RelWithDebInfo,D3D12,NVIDIA GeForce RTX 5090 D,Direct3D 12 (feature level 12_0); requested Agility SDK 614; runtime 6.2.26100.8737 (C:\WINDOWS\SYSTEM32\D3D12Core.dll); driver 32.0.15.9186,false,assets/heightmaps/Hm_Terrain_Test_129.pgm,129,129,30.000,4.000,14,4.000,2.000,20000,0.757,0.000,6.000,2.219,11.134,10874,48844,10662,106,53,166,86,0,0,0,0,8,0.000,10.441,2.576,0.154,0.000,0.000,1.600,0.000,0.000,0.004,0.002,0.003,0.001,0.001,0.002,0.007,0.020,1.074,5.683,0.320,0.000,0.000,0.000,0.053,5470560,96,1.128,0.826,0.000,0.000,14
GPU ROAM-like,RelWithDebInfo,D3D12,NVIDIA GeForce RTX 5090 D,Direct3D 12 (feature level 12_0); requested Agility SDK 614; runtime 6.2.26100.8737 (C:\WINDOWS\SYSTEM32\D3D12Core.dll); driver 32.0.15.9186,false,assets/heightmaps/Hm_Terrain_Test_129.pgm,129,129,30.000,4.000,14,4.000,2.000,20000,0.768,0.000,6.000,2.045,10.700,10724,48980,10572,68,33,158,65,0,0,0,0,8,153.066,10.363,2.716,0.158,0.000,0.000,1.616,0.000,0.000,0.004,0.002,0.003,0.001,0.001,0.002,0.008,0.021,1.290,4.889,0.323,0.000,0.000,0.000,0.048,5485792,96,1.203,0.785,0.000,0.000,14
GPU ROAM-like,RelWithDebInfo,D3D12,NVIDIA GeForce RTX 5090 D,Direct3D 12 (feature level 12_0); requested Agility SDK 614; runtime 6.2.26100.8737 (C:\WINDOWS\SYSTEM32\D3D12Core.dll); driver 32.0.15.9186,false,assets/heightmaps/Hm_Terrain_Test_129.pgm,129,129,30.000,4.000,14,4.000,2.000,20000,0.779,0.000,6.000,1.874,10.832,10664,49164,10486,92,46,178,77,0,0,0,0,8,134.785,11.729,3.815,0.160,0.000,0.000,2.405,0.000,0.000,0.004,0.002,0.003,0.001,0.001,0.002,0.007,0.021,1.058,5.640,0.267,0.000,0.000,0.000,0.051,5506400,96,1.914,0.959,0.000,0.000,14
GPU ROAM-like,RelWithDebInfo,D3D12,NVIDIA GeForce RTX 5090 D,Direct3D 12 (feature level 12_0); requested Agility SDK 614; runtime 6.2.26100.8737 (C:\WINDOWS\SYSTEM32\D3D12Core.dll); driver 32.0.15.9186,false,assets/heightmaps/Hm_Terrain_Test_129.pgm,129,129,30.000,4.000,14,4.000,2.000,20000,0.791,0.000,6.000,1.690,12.104,10574,49380,10369,108,53,225,78,0,0,0,0,8,0.000,9.680,2.464,0.148,0.000,0.000,1.494,0.000,0.000,0.004,0.002,0.003,0.001,0.001,0.002,0.007,0.021,1.052,5.080,0.313,0.000,0.000,0.000,0.051,5530592,96,1.066,0.806,0.000,0.000,14
GPU ROAM-like,RelWithDebInfo,D3D12,NVIDIA GeForce RTX 5090 D,Direct3D 12 (feature level 12_0); requested Agility SDK 614; runtime 6.2.26100.8737 (C:\WINDOWS\SYSTEM32\D3D12Core.dll); driver 32.0.15.9186,false,assets/heightmaps/Hm_Terrain_Test_129.pgm,129,129,30.000,4.000,14,4.000,2.000,20000,0.801,0.000,6.000,1.544,9.998,10488,49524,10290,72,36,151,71,0,0,0,0,8,0.000,10.097,2.732,0.148,0.000,0.000,1.768,0.000,0.000,0.004,0.003,0.003,0.001,0.001,0.002,0.007,0.021,1.058,5.277,0.269,0.000,0.000,0.000,0.054,5546720,96,1.334,0.754,0.000,0.000,14
GPU ROAM-like,RelWithDebInfo,D3D12,NVIDIA GeForce RTX 5090 D,Direct3D 12 (feature level 12_0); requested Agility SDK 614; runtime 6.2.26100.8737 (C:\WINDOWS\SYSTEM32\D3D12Core.dll); driver 32.0.15.9186,false,assets/heightmaps/Hm_Terrain_Test_129.pgm,129,129,30.000,4.000,14,4.000,2.000,20000,0.811,0.000,6.000,1.398,10.403,10371,49588,10172,32,16,150,38,0,0,0,0,8,169.496,9.345,2.394,0.146,0.000,0.000,1.509,0.000,0.000,0.004,0.002,0.003,0.001,0.001,0.002,0.007,0.021,1.077,4.861,0.273,0.000,0.000,0.000,0.048,5553888,96,1.056,0.738,0.000,0.000,14
GPU ROAM-like,RelWithDebInfo,D3D12,NVIDIA GeForce RTX 5090 D,Direct3D 12 (feature level 12_0); requested Agility SDK 614; runtime 6.2.26100.8737 (C:\WINDOWS\SYSTEM32\D3D12Core.dll); driver 32.0.15.9186,false,assets/heightmaps/Hm_Terrain_Test_129.pgm,129,129,30.000,4.000,14,4.000,2.000,20000,0.821,0.000,6.000,1.268,9.651,10292,49808,10160,110,55,122,80,0,0,0,0,8,0.000,10.683,2.451,0.146,0.000,0.000,1.546,0.000,0.000,0.004,0.003,0.003,0.001,0.001,0.002,0.007,0.021,1.059,6.039,0.293,0.000,0.000,0.000,0.052,5578528,96,1.126,0.748,0.000,0.000,14
GPU ROAM-like,RelWithDebInfo,D3D12,NVIDIA GeForce RTX 5090 D,Direct3D 12 (feature level 12_0); requested Agility SDK 614; runtime 6.2.26100.8737 (C:\WINDOWS\SYSTEM32\D3D12Core.dll); driver 32.0.15.9186,false,assets/heightmaps/Hm_Terrain_Test_129.pgm,129,129,30.000,4.000,14,4.000,2.000,20000,0.832,0.000,6.000,1.126,11.010,10174,49968,10094,80,39,146,54,0,0,0,0,8,0.000,9.543,2.444,0.145,0.000,0.000,1.515,0.000,0.000,0.004,0.002,0.003,0.001,0.001,0.002,0.007,0.021,1.075,5.013,0.272,0.000,0.000,0.000,0.050,5596448,96,1.120,0.713,0.000,0.000,14
GPU ROAM-like,RelWithDebInfo,D3D12,NVIDIA GeForce RTX 5090 D,Direct3D 12 (feature level 12_0); requested Agility SDK 614; runtime 6.2.26100.8737 (C:\WINDOWS\SYSTEM32\D3D12Core.dll); driver 32.0.15.9186,false,assets/heightmaps/Hm_Terrain_Test_129.pgm,129,129,30.000,4.000,14,4.000,2.000,20000,0.842,0.000,6.000,1.005,9.840,10162,50092,10044,62,31,112,44,0,0,0,0,8,143.818,10.999,2.340,0.145,0.000,0.000,1.480,0.000,0.000,0.004,0.002,0.003,0.001,0.001,0.002,0.007,0.021,1.381,6.250,0.266,0.000,0.000,0.000,0.053,5610336,96,1.042,0.724,0.000,0.000,14
GPU ROAM-like,RelWithDebInfo,D3D12,NVIDIA GeForce RTX 5090 D,Direct3D 12 (feature level 12_0); requested Agility SDK 614; runtime 6.2.26100.8737 (C:\WINDOWS\SYSTEM32\D3D12Core.dll); driver 32.0.15.9186,false,assets/heightmaps/Hm_Terrain_Test_129.pgm,129,129,30.000,4.000,14,4.000,2.000,20000,0.853,0.000,6.000,0.873,11.330,10096,50244,9958,76,38,162,51,0,0,0,0,8,0.000,9.715,2.603,0.143,0.000,0.000,1.698,0.000,0.000,0.004,0.002,0.003,0.001,0.001,0.002,0.007,0.021,1.075,5.039,0.258,0.000,0.000,0.000,0.051,5627360,96,1.301,0.722,0.000,0.000,14
GPU ROAM-like,RelWithDebInfo,D3D12,NVIDIA GeForce RTX 5090 D,Direct3D 12 (feature level 12_0); requested Agility SDK 614; runtime 6.2.26100.8737 (C:\WINDOWS\SYSTEM32\D3D12Core.dll); driver 32.0.15.9186,false,assets/heightmaps/Hm_Terrain_Test_129.pgm,129,129,30.000,4.000,14,4.000,2.000,20000,0.863,0.000,6.000,0.764,10.029,10046,50416,9881,86,42,163,57,0,0,0,0,8,0.000,10.861,2.504,0.143,0.000,0.000,1.625,0.000,0.000,0.004,0.003,0.003,0.001,0.001,0.002,0.007,0.021,1.087,6.224,0.294,0.000,0.000,0.000,0.050,5646624,96,1.247,0.697,0.000,0.000,14
GPU ROAM-like,RelWithDebInfo,D3D12,NVIDIA GeForce RTX 5090 D,Direct3D 12 (feature level 12_0); requested Agility SDK 614; runtime 6.2.26100.8737 (C:\WINDOWS\SYSTEM32\D3D12Core.dll); driver 32.0.15.9186,false,assets/heightmaps/Hm_Terrain_Test_129.pgm,129,129,30.000,4.000,14,4.000,2.000,20000,0.875,0.000,6.000,0.649,11.154,9960,50568,9815,76,38,142,47,0,0,0,0,8,165.839,9.562,2.296,0.142,0.000,0.000,1.428,0.000,0.000,0.004,0.002,0.003,0.001,0.001,0.002,0.007,0.021,1.104,5.079,0.296,0.000,0.000,0.000,0.050,5663648,96,1.042,0.691,0.000,0.000,14
GPU ROAM-like,RelWithDebInfo,D3D12,NVIDIA GeForce RTX 5090 D,Direct3D 12 (feature level 12_0); requested Agility SDK 614; runtime 6.2.26100.8737 (C:\WINDOWS\SYSTEM32\D3D12Core.dll); driver 32.0.15.9186,false,assets/heightmaps/Hm_Terrain_Test_129.pgm,129,129,30.000,4.000,14,4.000,2.000,20000,0.884,0.000,6.000,0.555,9.847,9883,50700,9776,66,33,105,47,0,0,0,0,8,0.000,10.365,2.112,0.150,0.000,0.000,1.281,0.000,0.000,0.004,0.003,0.003,0.001,0.001,0.002,0.007,0.021,1.406,5.807,0.301,0.000,0.000,0.000,0.053,5678432,96,1.008,0.561,0.000,0.000,14
GPU ROAM-like,RelWithDebInfo,D3D12,NVIDIA GeForce RTX 5090 D,Direct3D 12 (feature level 12_0); requested Agility SDK 614; runtime 6.2.26100.8737 (C:\WINDOWS\SYSTEM32\D3D12Core.dll); driver 32.0.15.9186,false,assets/heightmaps/Hm_Terrain_Test_129.pgm,129,129,30.000,4.000,14,4.000,2.000,20000,0.895,0.000,6.000,0.461,10.654,9817,50796,9708,48,24,116,29,0,0,0,0,8,0.000,9.453,2.287,0.146,0.000,0.000,1.432,0.000,0.000,0.004,0.002,0.003,0.001,0.001,0.002,0.007,0.020,1.122,4.999,0.306,0.000,0.000,0.000,0.043,5689184,96,1.035,0.672,0.000,0.000,14
GPU ROAM-like,RelWithDebInfo,D3D12,NVIDIA GeForce RTX 5090 D,Direct3D 12 (feature level 12_0); requested Agility SDK 614; runtime 6.2.26100.8737 (C:\WINDOWS\SYSTEM32\D3D12Core.dll); driver 32.0.15.9186,false,assets/heightmaps/Hm_Terrain_Test_129.pgm,129,129,30.000,4.000,14,4.000,2.000,20000,0.905,0.000,6.000,0.382,9.736,9778,50888,9678,46,23,76,30,0,0,0,0,8,336.847,4.782,2.487,0.142,0.000,0.000,1.691,0.000,0.000,0.004,0.003,0.003,0.001,0.001,0.002,0.007,0.021,1.178,0.005,0.342,0.000,0.000,0.000,0.052,5699488,96,1.291,0.648,0.000,0.000,14
GPU ROAM-like,RelWithDebInfo,D3D12,NVIDIA GeForce RTX 5090 D,Direct3D 12 (feature level 12_0); requested Agility SDK 614; runtime 6.2.26100.8737 (C:\WINDOWS\SYSTEM32\D3D12Core.dll); driver 32.0.15.9186,false,assets/heightmaps/Hm_Terrain_Test_129.pgm,129,129,30.000,4.000,14,4.000,2.000,20000,0.910,0.000,6.000,0.344,5.077,9710,50928,9680,20,10,18,14,0,0,0,0,8,0.000,9.769,2.466,0.148,0.000,0.000,1.734,0.000,0.000,0.004,0.002,0.003,0.001,0.001,0.002,0.008,0.021,1.119,5.225,0.250,0.000,0.000,0.000,0.050,5703968,96,0.961,0.963,0.000,0.000,14
GPU ROAM-like,RelWithDebInfo,D3D12,NVIDIA GeForce RTX 5090 D,Direct3D 12 (feature level 12_0); requested Agility SDK 614; runtime 6.2.26100.8737 (C:\WINDOWS\SYSTEM32\D3D12Core.dll); driver 32.0.15.9186,false,assets/heightmaps/Hm_Terrain_Test_129.pgm,129,129,30.000,4.000,14,4.000,2.000,20000,0.920,0.000,6.000,0.273,10.050,9680,51000,9658,36,16,58,38,0,0,0,0,8,148.398,10.673,2.221,0.143,0.000,0.000,1.450,0.000,0.000,0.002,0.002,0.003,0.001,0.001,0.002,0.007,0.019,1.225,6.169,0.311,0.000,0.000,0.000,0.050,5712032,96,1.004,0.669,0.000,0.000,14
GPU ROAM-like,RelWithDebInfo,D3D12,NVIDIA GeForce RTX 5090 D,Direct3D 12 (feature level 12_0); requested Agility SDK 614; runtime 6.2.26100.8737 (C:\WINDOWS\SYSTEM32\D3D12Core.dll); driver 32.0.15.9186,false,assets/heightmaps/Hm_Terrain_Test_129.pgm,129,129,30.000,4.000,14,4.000,2.000,20000,0.931,0.000,6.000,0.205,10.960,9682,51090,9645,45,22,58,36,0,0,0,0,8,0.000,10.416,2.355,0.142,0.000,0.000,1.538,0.000,0.000,0.004,0.003,0.003,0.001,0.001,0.002,0.007,0.021,1.434,5.562,0.293,0.000,0.000,0.000,0.051,5722112,96,1.021,0.752,0.000,0.000,14
GPU ROAM-like,RelWithDebInfo,D3D12,NVIDIA GeForce RTX 5090 D,Direct3D 12 (feature level 12_0); requested Agility SDK 614; runtime 6.2.26100.8737 (C:\WINDOWS\SYSTEM32\D3D12Core.dll); driver 32.0.15.9186,false,assets/heightmaps/Hm_Terrain_Test_129.pgm,129,129,30.000,4.000,14,4.000,2.000,20000,0.942,0.000,6.000,0.148,10.700,9660,51178,9541,44,20,148,39,0,0,0,0,8,0.000,5.321,2.816,0.145,0.000,0.000,1.966,0.000,0.000,0.004,0.003,0.003,0.001,0.001,0.002,0.007,0.021,1.439,0.008,0.319,0.000,0.000,0.000,0.041,5731968,96,1.550,0.714,0.000,0.000,14
GPU ROAM-like,RelWithDebInfo,D3D12,NVIDIA GeForce RTX 5090 D,Direct3D 12 (feature level 12_0); requested Agility SDK 614; runtime 6.2.26100.8737 (C:\WINDOWS\SYSTEM32\D3D12Core.dll); driver 32.0.15.9186,false,assets/heightmaps/Hm_Terrain_Test_129.pgm,129,129,30.000,4.000,14,4.000,2.000,20000,0.947,0.000,6.000,0.121,5.601,9647,51218,9553,20,10,8,11,0,0,0,0,8,0.000,4.802,2.385,0.146,0.000,0.000,1.682,0.000,0.000,0.004,0.002,0.003,0.001,0.001,0.002,0.007,0.021,1.419,0.006,0.295,0.000,0.000,0.000,0.051,5736448,96,1.378,0.484,0.000,0.000,14
GPU ROAM-like,RelWithDebInfo,D3D12,NVIDIA GeForce RTX 5090 D,Direct3D 12 (feature level 12_0); requested Agility SDK 614; runtime 6.2.26100.8737 (C:\WINDOWS\SYSTEM32\D3D12Core.dll); driver 32.0.15.9186,false,assets/heightmaps/Hm_Terrain_Test_129.pgm,129,129,30.000,4.000,14,4.000,2.000,20000,0.952,0.000,6.000,0.100,5.073,9543,51256,9552,19,9,20,12,0,0,0,0,8,156.216,10.153,2.133,0.140,0.000,0.000,1.435,0.000,0.000,0.003,0.002,0.003,0.001,0.001,0.002,0.007,0.019,1.344,5.601,0.338,0.000,0.000,0.000,0.050,5740704,96,1.043,0.572,0.000,0.000,14
GPU ROAM-like,RelWithDebInfo,D3D12,NVIDIA GeForce RTX 5090 D,Direct3D 12 (feature level 12_0); requested Agility SDK 614; runtime 6.2.26100.8737 (C:\WINDOWS\SYSTEM32\D3D12Core.dll); driver 32.0.15.9186,false,assets/heightmaps/Hm_Terrain_Test_129.pgm,129,129,30.000,4.000,14,4.000,2.000,20000,0.963,0.000,6.000,0.061,10.431,9555,51276,9548,10,5,14,10,0,0,0,0,8,0.000,4.419,2.179,0.143,0.000,0.000,1.458,0.000,0.000,0.002,0.002,0.003,0.001,0.001,0.002,0.007,0.019,1.178,0.005,0.322,0.000,0.000,0.000,0.047,5742944,96,1.007,0.627,0.000,0.000,14
GPU ROAM-like,RelWithDebInfo,D3D12,NVIDIA GeForce RTX 5090 D,Direct3D 12 (feature level 12_0); requested Agility SDK 614; runtime 6.2.26100.8737 (C:\WINDOWS\SYSTEM32\D3D12Core.dll); driver 32.0.15.9186,false,assets/heightmaps/Hm_Terrain_Test_129.pgm,129,129,30.000,4.000,14,4.000,2.000,20000,0.967,0.000,6.000,0.047,4.688,9554,51292,9552,8,4,4,4,0,0,0,0,8,0.000,10.931,2.301,0.141,0.000,0.000,1.601,0.000,0.000,0.004,0.003,0.003,0.001,0.001,0.002,0.007,0.021,1.199,6.399,0.313,0.000,0.000,0.000,0.047,5744736,96,1.120,0.644,0.000,0.000,14
GPU ROAM-like,RelWithDebInfo,D3D12,NVIDIA GeForce RTX 5090 D,Direct3D 12 (feature level 12_0); requested Agility SDK 614; runtime 6.2.26100.8737 (C:\WINDOWS\SYSTEM32\D3D12Core.dll); driver 32.0.15.9186,false,assets/heightmaps/Hm_Terrain_Test_129.pgm,129,129,30.000,4.000,14,4.000,2.000,20000,0.979,0.000,6.000,0.020,11.219,9550,51324,9552,16,7,16,11,0,0,0,0,8,0.000,9.863,2.171,0.140,0.000,0.000,1.463,0.000,0.000,0.003,0.002,0.003,0.001,0.001,0.002,0.007,0.020,1.150,5.484,0.313,0.000,0.000,0.000,0.049,5748320,96,1.024,0.617,0.000,0.000,14
GPU ROAM-like,RelWithDebInfo,D3D12,NVIDIA GeForce RTX 5090 D,Direct3D 12 (feature level 12_0); requested Agility SDK 614; runtime 6.2.26100.8737 (C:\WINDOWS\SYSTEM32\D3D12Core.dll); driver 32.0.15.9186,false,assets/heightmaps/Hm_Terrain_Test_129.pgm,129,129,30.000,4.000,14,4.000,2.000,20000,0.989,0.000,6.000,0.006,10.135,9554,51336,9548,6,3,10,6,0,0,0,0,8,0.000,10.349,2.169,0.139,0.000,0.000,1.465,0.000,0.000,0.004,0.003,0.003,0.001,0.001,0.002,0.007,0.021,1.132,6.023,0.289,0.000,0.000,0.000,0.053,5749664,96,1.015,0.612,0.000,0.000,14
GPU ROAM-like,RelWithDebInfo,D3D12,NVIDIA GeForce RTX 5090 D,Direct3D 12 (feature level 12_0); requested Agility SDK 614; runtime 6.2.26100.8737 (C:\WINDOWS\SYSTEM32\D3D12Core.dll); driver 32.0.15.9186,false,assets/heightmaps/Hm_Terrain_Test_129.pgm,129,129,30.000,4.000,14,4.000,2.000,20000,0.999,0.000,6.000,0.000,10.606,9554,51336,9548,0,0,0,0,0,0,0,0,8,172.222,9.220,2.073,0.144,0.000,0.000,1.401,0.000,0.000,0.004,0.002,0.003,0.001,0.001,0.002,0.007,0.021,1.205,4.931,0.299,0.000,0.000,0.000,0.050,5749664,96,1.013,0.538,0.000,0.000,14
GPU ROAM-like,RelWithDebInfo,D3D12,NVIDIA GeForce RTX 5090 D,Direct3D 12 (feature level 12_0); requested Agility SDK 614; runtime 6.2.26100.8737 (C:\WINDOWS\SYSTEM32\D3D12Core.dll); driver 32.0.15.9186,false,assets/heightmaps/Hm_Terrain_Test_129.pgm,129,129,30.000,4.000,14,4.000,2.000,20000,1.000,0.000,6.000,0.000,9.486,9550,51336,9548,0,0,0,0,0,0,0,0,8,0.000,4.517,2.254,0.143,0.000,0.000,1.545,0.000,0.000,0.004,0.003,0.003,0.001,0.001,0.002,0.007,0.021,1.163,0.008,0.267,0.000,0.000,0.000,0.051,5749664,96,0.937,0.758,0.000,0.000,14
