algorithm,buildConfiguration,graphicsBackend,graphicsAdapter,graphicsVersion,vSyncEnabled,heightMapPath,heightMapWidth,heightMapHeight,terrainSize,heightScale,maxDepthSetting,screenSpaceSplitThresholdPixels,screenSpaceMergeThresholdPixels,triangleBudget,timeSeconds,cameraX,cameraY,cameraZ,frameMilliseconds,triangles,nodes,activeSplits,splits,forcedSplits,merges,candidatePeak,budgetRejectedSplits,tjunctions,invalidNeighbors,invalidTopology,cpuWorkers,cpuUtilizationPercent,lodTotalMilliseconds,cpuUpdateMilliseconds,cpuPrepareMilliseconds,cpuMergeCandidateMarkMilliseconds,cpuMergeTopologyMilliseconds,cpuBudgetLeafCollectMilliseconds,cpuErrorEvalMilliseconds,cpuSplitCandidateMarkMilliseconds,cpuSplitTopologyMilliseconds,cpuFinalLeafCollectMilliseconds,cpuMeshEmitMilliseconds,cpuFinalizeMilliseconds,cpuUploadMilliseconds,gpuInitialLeafCompactionMilliseconds,gpuErrorEvaluationMilliseconds,gpuSplitCandidateMarkingMilliseconds,gpuMergeCandidateMarkingMilliseconds,gpuSplitTopologyMilliseconds,gpuActiveLeafResetMilliseconds,gpuFinalLeafCompactionMilliseconds,gpuMeshEmitMilliseconds,gpuPassSumMilliseconds,gpuSnapshotBuildMilliseconds,gpuBufferAllocationMilliseconds,gpuDispatchWallMilliseconds,gpuQueryWaitMilliseconds,gpuReadbackWaitMilliseconds,frameFenceWaitMilliseconds,renderMilliseconds,cpuGpuUploadBytes,cpuGpuReadbackBytes,splitMilliseconds,mergeMilliseconds,emitMilliseconds,validateMilliseconds,maxDepthReached
Classic CPU ROAM,RelWithDebInfo,OpenGL,NVIDIA GeForce RTX 5090 D/PCIe/SSE2,4.3.0 NVIDIA 591.86,false,assets/heightmaps/Hm_Terrain_Test_129.pgm,129,129,30.000,4.000,14,4.000,2.000,20000,0.000,0.000,6.000,15.000,0.049,15199,30396,15197,15197,7664,0,5233,0,0,0,0,1,70.214,22.552,22.250,6.688,0.000,0.000,0.000,0.000,0.002,6.625,0.426,6.455,2.054,0.292,0.000,0.000,0.000,0.000,0.000,0.000,0.000,0.000,0.000,0.000,0.000,0.000,0.000,0.000,0.000,0.000,0,0,6.627,0.001,6.880,0.000,14
Classic CPU ROAM,RelWithDebInfo,OpenGL,NVIDIA GeForce RTX 5090 D/PCIe/SSE2,4.3.0 NVIDIA 591.86,false,assets/heightmaps/Hm_Terrain_Test_129.pgm,129,129,30.000,4.000,14,4.000,2.000,20000,0.026,0.000,6.000,14.969,26.287,15242,30490,15240,47,23,4,28,0,0,0,0,1,166.418,9.736,9.387,0.142,1.203,0.002,0.148,0.000,0.980,0.018,0.124,5.543,1.227,0.278,0.000,0.000,0.000,0.000,0.000,0.000,0.000,0.000,0.000,0.000,0.000,0.000,0.000,0.000,0.000,0.000,0,0,0.998,1.205,5.667,0.000,14
Classic CPU ROAM,RelWithDebInfo,OpenGL,NVIDIA GeForce RTX 5090 D/PCIe/SSE2,4.3.0 NVIDIA 591.86,false,assets/heightmaps/Hm_Terrain_Test_129.pgm,129,129,30.000,4.000,14,4.000,2.000,20000,0.038,0.000,6.000,14.935,12.085,15241,30586,15239,48,24,49,28,0,0,0,0,1,173.768,9.344,8.990,0.218,0.868,0.013,0.111,0.000,0.804,0.018,0.143,5.707,1.107,0.279,0.000,0.000,0.000,0.000,0.000,0.000,0.000,0.000,0.000,0.000,0.000,0.000,0.000,0.000,0.000,0.000,0,0,0.823,0.882,5.850,0.000,14
Classic CPU ROAM,RelWithDebInfo,OpenGL,NVIDIA GeForce RTX 5090 D/PCIe/SSE2,4.3.0 NVIDIA 591.86,false,assets/heightmaps/Hm_Terrain_Test_129.pgm,129,129,30.000,4.000,14,4.000,2.000,20000,0.049,0.000,6.000,14.895,10.693,15215,30624,15213,19,9,45,20,0,0,0,0,1,0.000,8.875,8.519,0.137,0.847,0.012,0.122,0.000,0.730,0.008,0.123,5.446,1.093,0.289,0.000,0.000,0.000,0.000,0.000,0.000,0.000,0.000,0.000,0.000,0.000,0.000,0.000,0.000,0.000,0.000,0,0,0.738,0.859,5.569,0.000,14
Classic CPU ROAM,RelWithDebInfo,OpenGL,NVIDIA GeForce RTX 5090 D/PCIe/SSE2,4.3.0 NVIDIA 591.86,false,assets/heightmaps/Hm_Terrain_Test_129.pgm,129,129,30.000,4.000,14,4.000,2.000,20000,0.059,0.000,6.000,14.851,9.686,15210,30674,15208,25,11,30,17,0,0,0,0,1,190.924,8.512,8.182,0.138,0.750,0.008,0.166,0.000,0.662,0.009,0.111,5.320,1.018,0.262,0.000,0.000,0.000,0.000,0.000,0.000,0.000,0.000,0.000,0.000,0.000,0.000,0.000,0.000,0.000,0.000,0,0,0.671,0.759,5.431,0.000,14
Classic CPU ROAM,RelWithDebInfo,OpenGL,NVIDIA GeForce RTX 5090 D/PCIe/SSE2,4.3.0 NVIDIA 591.86,false,assets/heightmaps/Hm_Terrain_Test_129.pgm,129,129,30.000,4.000,14,4.000,2.000,20000,0.068,0.000,6.000,14.802,9.165,15184,30750,15182,38,18,64,33,0,0,0,0,1,0.000,8.496,8.149,0.123,0.762,0.016,0.109,0.000,0.679,0.016,0.103,5.118,1.222,0.275,0.000,0.000,0.000,0.000,0.000,0.000,0.000,0.000,0.000,0.000,0.000,0.000,0.000,0.000,0.000,0.000,0,0,0.695,0.778,5.221,0.000,14
Classic CPU ROAM,RelWithDebInfo,OpenGL,NVIDIA GeForce RTX 5090 D/PCIe/SSE2,4.3.0 NVIDIA 591.86,false,assets/heightmaps/Hm_Terrain_Test_129.pgm,129,129,30.000,4.000,14,4.000,2.000,20000,0.077,0.000,6.000,14.747,9.129,15156,30850,15154,50,25,78,44,0,0,0,0,1,0.000,8.604,8.242,0.129,0.822,0.019,0.116,0.000,0.716,0.015,0.103,5.265,1.057,0.296,0.000,0.000,0.000,0.000,0.000,0.000,0.000,0.000,0.000,0.000,0.000,0.000,0.000,0.000,0.000,0.000,0,0,0.732,0.841,5.368,0.000,14
Classic CPU ROAM,RelWithDebInfo,OpenGL,NVIDIA GeForce RTX 5090 D/PCIe/SSE2,4.3.0 NVIDIA 591.86,false,assets/heightmaps/Hm_Terrain_Test_129.pgm,129,129,30.000,4.000,14,4.000,2.000,20000,0.086,0.000,6.000,14.684,9.208,15084,30952,15082,51,25,123,46,0,0,0,0,1,194.232,8.400,8.043,0.123,0.763,0.031,0.108,0.000,0.674,0.018,0.103,5.259,0.963,0.288,0.000,0.000,0.000,0.000,0.000,0.000,0.000,0.000,0.000,0.000,0.000,0.000,0.000,0.000,0.000,0.000,0,0,0.693,0.794,5.362,0.000,14
Classic CPU ROAM,RelWithDebInfo,OpenGL,NVIDIA GeForce RTX 5090 D/PCIe/SSE2,4.3.0 NVIDIA 591.86,false,assets/heightmaps/Hm_Terrain_Test_129.pgm,129,129,30.000,4.000,14,4.000,2.000,20000,0.095,0.000,6.000,14.617,9.088,15035,31018,15033,33,16,82,38,0,0,0,0,1,0.000,8.532,8.204,0.132,0.725,0.021,0.108,0.000,0.673,0.012,0.102,5.352,1.078,0.262,0.000,0.000,0.000,0.000,0.000,0.000,0.000,0.000,0.000,0.000,0.000,0.000,0.000,0.000,0.000,0.000,0,0,0.685,0.747,5.454,0.000,14
Classic CPU ROAM,RelWithDebInfo,OpenGL,NVIDIA GeForce RTX 5090 D/PCIe/SSE2,4.3.0 NVIDIA 591.86,false,assets/heightmaps/Hm_Terrain_Test_129.pgm,129,129,30.000,4.000,14,4.000,2.000,20000,0.104,0.000,6.000,14.543,9.107,15018,31104,15016,43,21,60,27,0,0,0,0,1,188.076,8.649,8.307,0.147,0.722,0.015,0.107,0.000,0.693,0.067,0.103,5.446,1.007,0.279,0.000,0.000,0.000,0.000,0.000,0.000,0.000,0.000,0.000,0.000,0.000,0.000,0.000,0.000,0.000,0.000,0,0,0.760,0.737,5.549,0.000,14
Classic CPU ROAM,RelWithDebInfo,OpenGL,NVIDIA GeForce RTX 5090 D/PCIe/SSE2,4.3.0 NVIDIA 591.86,false,assets/heightmaps/Hm_Terrain_Test_129.pgm,129,129,30.000,4.000,14,4.000,2.000,20000,0.114,0.000,6.000,14.460,9.464,15048,31256,15046,76,38,46,50,0,0,0,0,1,0.000,8.718,8.368,0.123,0.768,0.012,0.108,0.000,0.668,0.029,0.127,5.352,1.180,0.279,0.000,0.000,0.000,0.000,0.000,0.000,0.000,0.000,0.000,0.000,0.000,0.000,0.000,0.000,0.000,0.000,0,0,0.697,0.780,5.479,0.000,14
Classic CPU ROAM,RelWithDebInfo,OpenGL,NVIDIA GeForce RTX 5090 D/PCIe/SSE2,4.3.0 NVIDIA 591.86,false,assets/heightmaps/Hm_Terrain_Test_129.pgm,129,129,30.000,4.000,14,4.000,2.000,20000,0.123,0.000,6.000,14.373,9.302,15052,31404,15050,74,36,70,50,0,0,0,0,1,184.403,8.821,8.472,0.130,0.750,0.019,0.111,0.000,0.675,0.023,0.107,5.509,1.147,0.266,0.000,0.000,0.000,0.000,0.000,0.000,0.000,0.000,0.000,0.000,0.000,0.000,0.000,0.000,0.000,0.000,0,0,0.699,0.770,5.616,0.000,14
Classic CPU ROAM,RelWithDebInfo,OpenGL,NVIDIA GeForce RTX 5090 D/PCIe/SSE2,4.3.0 NVIDIA 591.86,false,assets/heightmaps/Hm_Terrain_Test_129.pgm,129,129,30.000,4.000,14,4.000,2.000,20000,0.133,0.000,6.000,14.278,9.420,14980,31528,14978,62,31,134,82,0,0,0,0,1,183.141,8.866,8.531,0.129,0.785,0.033,0.112,0.000,0.686,0.022,0.128,5.521,1.113,0.262,0.000,0.000,0.000,0.000,0.000,0.000,0.000,0.000,0.000,0.000,0.000,0.000,0.000,0.000,0.000,0.000,0,0,0.708,0.820,5.649,0.000,14
Classic CPU ROAM,RelWithDebInfo,OpenGL,NVIDIA GeForce RTX 5090 D/PCIe/SSE2,4.3.0 NVIDIA 591.86,false,assets/heightmaps/Hm_Terrain_Test_129.pgm,129,129,30.000,4.000,14,4.000,2.000,20000,0.142,0.000,6.000,14.176,9.569,14930,31664,14928,68,34,118,68,0,0,0,0,1,0.000,8.382,8.054,0.134,0.764,0.031,0.109,0.000,0.669,0.022,0.123,5.284,0.916,0.267,0.000,0.000,0.000,0.000,0.000,0.000,0.000,0.000,0.000,0.000,0.000,0.000,0.000,0.000,0.000,0.000,0,0,0.692,0.795,5.406,0.000,14
Classic CPU ROAM,RelWithDebInfo,OpenGL,NVIDIA GeForce RTX 5090 D/PCIe/SSE2,4.3.0 NVIDIA 591.86,false,assets/heightmaps/Hm_Terrain_Test_129.pgm,129,129,30.000,4.000,14,4.000,2.000,20000,0.151,0.000,6.000,14.076,8.933,14940,31812,14938,74,37,64,56,0,0,0,0,1,184.533,8.810,8.466,0.238,0.695,0.016,0.105,0.000,0.671,0.032,0.121,5.621,0.966,0.277,0.000,0.000,0.000,0.000,0.000,0.000,0.000,0.000,0.000,0.000,0.000,0.000,0.000,0.000,0.000,0.000,0,0,0.704,0.712,5.742,0.000,14
Classic CPU ROAM,RelWithDebInfo,OpenGL,NVIDIA GeForce RTX 5090 D/PCIe/SSE2,4.3.0 NVIDIA 591.86,false,assets/heightmaps/Hm_Terrain_Test_129.pgm,129,129,30.000,4.000,14,4.000,2.000,20000,0.160,0.000,6.000,13.965,9.364,14992,32020,14990,104,52,52,71,0,0,0,0,1,0.000,9.063,8.476,0.198,0.730,0.013,0.112,0.000,0.674,0.032,0.122,5.620,0.976,0.275,0.000,0.000,0.000,0.000,0.000,0.000,0.000,0.000,0.000,0.000,0.000,0.000,0.000,0.000,0.000,0.000,0,0,0.706,0.744,5.741,0.000,14
Classic CPU ROAM,RelWithDebInfo,OpenGL,NVIDIA GeForce RTX 5090 D/PCIe/SSE2,4.3.0 NVIDIA 591.86,false,assets/heightmaps/Hm_Terrain_Test_129.pgm,129,129,30.000,4.000,14,4.000,2.000,20000,0.170,0.000,6.000,13.845,9.664,14894,32204,14892,92,45,190,88,0,0,0,0,1,195.608,8.294,7.987,0.177,0.705,0.046,0.104,0.000,0.646,0.035,0.115,5.309,0.850,0.249,0.000,0.000,0.000,0.000,0.000,0.000,0.000,0.000,0.000,0.000,0.000,0.000,0.000,0.000,0.000,0.000,0,0,0.681,0.751,5.424,0.000,14
Classic CPU ROAM,RelWithDebInfo,OpenGL,NVIDIA GeForce RTX 5090 D/PCIe/SSE2,4.3.0 NVIDIA 591.86,false,assets/heightmaps/Hm_Terrain_Test_129.pgm,129,129,30.000,4.000,14,4.000,2.000,20000,0.179,0.000,6.000,13.729,8.915,14721,32344,14719,70,35,243,84,0,0,0,0,1,188.735,8.597,8.278,0.149,0.712,0.060,0.106,0.000,0.663,0.023,0.127,5.492,0.944,0.255,0.000,0.000,0.000,0.000,0.000,0.000,0.000,0.000,0.000,0.000,0.000,0.000,0.000,0.000,0.000,0.000,0,0,0.687,0.772,5.619,0.000,14
Classic CPU ROAM,RelWithDebInfo,OpenGL,NVIDIA GeForce RTX 5090 D/PCIe/SSE2,4.3.0 NVIDIA 591.86,false,assets/heightmaps/Hm_Terrain_Test_129.pgm,129,129,30.000,4.000,14,4.000,2.000,20000,0.188,0.000,6.000,13.605,9.185,14699,32560,14697,108,54,130,74,0,0,0,0,1,0.000,8.285,7.975,0.198,0.731,0.032,0.103,0.000,0.659,0.032,0.114,5.222,0.885,0.250,0.000,0.000,0.000,0.000,0.000,0.000,0.000,0.000,0.000,0.000,0.000,0.000,0.000,0.000,0.000,0.000,0,0,0.692,0.763,5.335,0.000,14
Classic CPU ROAM,RelWithDebInfo,OpenGL,NVIDIA GeForce RTX 5090 D/PCIe/SSE2,4.3.0 NVIDIA 591.86,false,assets/heightmaps/Hm_Terrain_Test_129.pgm,129,129,30.000,4.000,14,4.000,2.000,20000,0.197,0.000,6.000,13.482,8.815,14735,32766,14733,103,51,67,70,0,0,0,0,1,188.671,8.600,8.281,0.147,0.694,0.016,0.099,0.000,0.618,0.031,0.122,5.471,1.081,0.257,0.000,0.000,0.000,0.000,0.000,0.000,0.000,0.000,0.000,0.000,0.000,0.000,0.000,0.000,0.000,0.000,0,0,0.650,0.711,5.593,0.000,14
Classic CPU ROAM,RelWithDebInfo,OpenGL,NVIDIA GeForce RTX 5090 D/PCIe/SSE2,4.3.0 NVIDIA 591.86,false,assets/heightmaps/Hm_Terrain_Test_129.pgm,129,129,30.000,4.000,14,4.000,2.000,20000,0.206,0.000,6.000,13.348,9.221,14658,32968,14656,101,50,178,116,0,0,0,0,1,0.000,8.440,8.126,0.122,0.740,0.043,0.105,0.000,0.637,0.073,0.123,5.357,0.924,0.256,0.000,0.000,0.000,0.000,0.000,0.000,0.000,0.000,0.000,0.000,0.000,0.000,0.000,0.000,0.000,0.000,0,0,0.711,0.784,5.481,0.000,14
Classic CPU ROAM,RelWithDebInfo,OpenGL,NVIDIA GeForce RTX 5090 D/PCIe/SSE2,4.3.0 NVIDIA 591.86,false,assets/heightmaps/Hm_Terrain_Test_129.pgm,129,129,30.000,4.000,14,4.000,2.000,20000,0.215,0.000,6.000,13.214,8.974,14638,33188,14636,110,55,130,74,0,0,0,0,1,188.553,8.613,8.286,0.137,0.871,0.034,0.109,0.000,0.659,0.032,0.119,5.392,0.932,0.262,0.000,0.000,0.000,0.000,0.000,0.000,0.000,0.000,0.000,0.000,0.000,0.000,0.000,0.000,0.000,0.000,0,0,0.692,0.905,5.511,0.000,14
Classic CPU ROAM,RelWithDebInfo,OpenGL,NVIDIA GeForce RTX 5090 D/PCIe/SSE2,4.3.0 NVIDIA 591.86,false,assets/heightmaps/Hm_Terrain_Test_129.pgm,129,129,30.000,4.000,14,4.000,2.000,20000,0.225,0.000,6.000,13.070,9.329,14682,33448,14680,130,65,86,88,0,0,0,0,1,0.000,8.776,8.453,0.139,0.829,0.021,0.105,0.000,0.668,0.042,0.147,5.475,1.028,0.264,0.000,0.000,0.000,0.000,0.000,0.000,0.000,0.000,0.000,0.000,0.000,0.000,0.000,0.000,0.000,0.000,0,0,0.710,0.851,5.621,0.000,14
Classic CPU ROAM,RelWithDebInfo,OpenGL,NVIDIA GeForce RTX 5090 D/PCIe/SSE2,4.3.0 NVIDIA 591.86,false,assets/heightmaps/Hm_Terrain_Test_129.pgm,129,129,30.000,4.000,14,4.000,2.000,20000,0.234,0.000,6.000,12.920,9.398,14603,33676,14601,114,56,193,94,0,0,0,0,1,0.000,8.687,8.360,0.127,0.735,0.046,0.103,0.000,0.636,0.035,0.125,5.568,0.984,0.264,0.000,0.000,0.000,0.000,0.000,0.000,0.000,0.000,0.000,0.000,0.000,0.000,0.000,0.000,0.000,0.000,0,0,0.672,0.782,5.693,0.000,14
Classic CPU ROAM,RelWithDebInfo,OpenGL,NVIDIA GeForce RTX 5090 D/PCIe/SSE2,4.3.0 NVIDIA 591.86,false,assets/heightmaps/Hm_Terrain_Test_129.pgm,129,129,30.000,4.000,14,4.000,2.000,20000,0.243,0.000,6.000,12.770,9.207,14476,33900,14474,112,56,239,104,0,0,0,0,1,191.206,8.489,8.171,0.127,0.742,0.059,0.105,0.000,0.645,0.034,0.101,5.386,0.971,0.258,0.000,0.000,0.000,0.000,0.000,0.000,0.000,0.000,0.000,0.000,0.000,0.000,0.000,0.000,0.000,0.000,0,0,0.679,0.802,5.487,0.000,14
Classic CPU ROAM,RelWithDebInfo,OpenGL,NVIDIA GeForce RTX 5090 D/PCIe/SSE2,4.3.0 NVIDIA 591.86,false,assets/heightmaps/Hm_Terrain_Test_129.pgm,129,129,30.000,4.000,14,4.000,2.000,20000,0.252,0.000,6.000,12.619,9.023,14474,34176,14472,138,69,140,100,0,0,0,0,1,0.000,8.410,8.091,0.131,0.737,0.034,0.103,0.000,0.623,0.040,0.127,5.359,0.936,0.259,0.000,0.000,0.000,0.000,0.000,0.000,0.000,0.000,0.000,0.000,0.000,0.000,0.000,0.000,0.000,0.000,0,0,0.663,0.772,5.486,0.000,14
Classic CPU ROAM,RelWithDebInfo,OpenGL,NVIDIA GeForce RTX 5090 D/PCIe/SSE2,4.3.0 NVIDIA 591.86,false,assets/heightmaps/Hm_Terrain_Test_129.pgm,129,129,30.000,4.000,14,4.000,2.000,20000,0.261,0.000,6.000,12.463,9.035,14446,34412,14444,118,58,146,100,0,0,0,0,1,193.001,8.410,8.095,0.123,0.725,0.036,0.102,0.000,0.615,0.036,0.116,5.355,0.988,0.253,0.000,0.000,0.000,0.000,0.000,0.000,0.000,0.000,0.000,0.000,0.000,0.000,0.000,0.000,0.000,0.000,0,0,0.651,0.761,5.471,0.000,14
Classic CPU ROAM,RelWithDebInfo,OpenGL,NVIDIA GeForce RTX 5090 D/PCIe/SSE2,4.3.0 NVIDIA 591.86,false,assets/heightmaps/Hm_Terrain_Test_129.pgm,129,129,30.000,4.000,14,4.000,2.000,20000,0.270,0.000,6.000,12.303,9.106,14414,34676,14412,132,66,164,96,0,0,0,0,1,0.000,8.245,7.931,0.120,0.724,0.041,0.104,0.000,0.619,0.041,0.122,5.229,0.931,0.254,0.000,0.000,0.000,0.000,0.000,0.000,0.000,0.000,0.000,0.000,0.000,0.000,0.000,0.000,0.000,0.000,0,0,0.660,0.765,5.351,0.000,14
Classic CPU ROAM,RelWithDebInfo,OpenGL,NVIDIA GeForce RTX 5090 D/PCIe/SSE2,4.3.0 NVIDIA 591.86,false,assets/heightmaps/Hm_Terrain_Test_129.pgm,129,129,30.000,4.000,14,4.000,2.000,20000,0.279,0.000,6.000,12.145,8.829,14408,34932,14406,128,64,134,91,0,0,0,0,1,187.629,8.645,8.326,0.125,0.769,0.034,0.107,0.000,0.632,0.086,0.125,5.460,0.988,0.257,0.000,0.000,0.000,0.000,0.000,0.000,0.000,0.000,0.000,0.000,0.000,0.000,0.000,0.000,0.000,0.000,0,0,0.718,0.803,5.585,0.000,14
Classic CPU ROAM,RelWithDebInfo,OpenGL,NVIDIA GeForce RTX 5090 D/PCIe/SSE2,4.3.0 NVIDIA 591.86,false,assets/heightmaps/Hm_Terrain_Test_129.pgm,129,129,30.000,4.000,14,4.000,2.000,20000,0.288,0.000,6.000,11.977,9.192,14294,35228,14292,148,73,262,118,0,0,0,0,1,0.000,8.363,8.038,0.186,0.713,0.063,0.101,0.000,0.618,0.040,0.101,5.317,0.899,0.265,0.000,0.000,0.000,0.000,0.000,0.000,0.000,0.000,0.000,0.000,0.000,0.000,0.000,0.000,0.000,0.000,0,0,0.658,0.776,5.418,0.000,14
Classic CPU ROAM,RelWithDebInfo,OpenGL,NVIDIA GeForce RTX 5090 D/PCIe/SSE2,4.3.0 NVIDIA 591.86,false,assets/heightmaps/Hm_Terrain_Test_129.pgm,129,129,30.000,4.000,14,4.000,2.000,20000,0.297,0.000,6.000,11.810,8.941,14218,35492,14216,132,66,208,91,0,0,0,0,1,0.000,8.426,8.104,0.159,0.714,0.052,0.103,0.000,0.626,0.039,0.124,5.326,0.960,0.265,0.000,0.000,0.000,0.000,0.000,0.000,0.000,0.000,0.000,0.000,0.000,0.000,0.000,0.000,0.000,0.000,0,0,0.666,0.766,5.450,0.000,14
Classic CPU ROAM,RelWithDebInfo,OpenGL,NVIDIA GeForce RTX 5090 D/PCIe/SSE2,4.3.0 NVIDIA 591.86,false,assets/heightmaps/Hm_Terrain_Test_129.pgm,129,129,30.000,4.000,14,4.000,2.000,20000,0.306,0.000,6.000,11.640,8.966,14210,35808,14208,158,79,166,112,0,0,0,0,1,196.457,8.263,7.952,0.158,0.716,0.041,0.105,0.000,0.609,0.047,0.116,5.253,0.906,0.248,0.000,0.000,0.000,0.000,0.000,0.000,0.000,0.000,0.000,0.000,0.000,0.000,0.000,0.000,0.000,0.000,0,0,0.656,0.757,5.370,0.000,14
Classic CPU ROAM,RelWithDebInfo,OpenGL,NVIDIA GeForce RTX 5090 D/PCIe/SSE2,4.3.0 NVIDIA 591.86,false,assets/heightmaps/Hm_Terrain_Test_129.pgm,129,129,30.000,4.000,14,4.000,2.000,20000,0.315,0.000,6.000,11.471,8.797,14172,36144,14170,168,83,206,130,0,0,0,0,1,0.000,8.248,7.945,0.212,0.703,0.050,0.096,0.000,0.596,0.045,0.121,5.212,0.909,0.246,0.000,0.000,0.000,0.000,0.000,0.000,0.000,0.000,0.000,0.000,0.000,0.000,0.000,0.000,0.000,0.000,0,0,0.641,0.753,5.333,0.000,14
Classic CPU ROAM,RelWithDebInfo,OpenGL,NVIDIA GeForce RTX 5090 D/PCIe/SSE2,4.3.0 NVIDIA 591.86,false,assets/heightmaps/Hm_Terrain_Test_129.pgm,129,129,30.000,4.000,14,4.000,2.000,20000,0.324,0.000,6.000,11.298,8.829,14151,36428,14149,142,71,163,96,0,0,0,0,1,204.008,7.977,7.658,0.115,0.705,0.040,0.098,0.000,0.568,0.044,0.118,5.067,0.903,0.241,0.000,0.000,0.000,0.000,0.000,0.000,0.000,0.000,0.000,0.000,0.000,0.000,0.000,0.000,0.000,0.000,0,0,0.613,0.745,5.185,0.000,14
Classic CPU ROAM,RelWithDebInfo,OpenGL,NVIDIA GeForce RTX 5090 D/PCIe/SSE2,4.3.0 NVIDIA 591.86,false,assets/heightmaps/Hm_Terrain_Test_129.pgm,129,129,30.000,4.000,14,4.000,2.000,20000,0.333,0.000,6.000,11.126,8.649,14102,36714,14100,143,71,192,114,0,0,0,0,1,0.000,7.925,7.621,0.125,0.748,0.045,0.102,0.000,0.599,0.082,0.096,4.934,0.887,0.246,0.000,0.000,0.000,0.000,0.000,0.000,0.000,0.000,0.000,0.000,0.000,0.000,0.000,0.000,0.000,0.000,0,0,0.682,0.794,5.030,0.000,14
Classic CPU ROAM,RelWithDebInfo,OpenGL,NVIDIA GeForce RTX 5090 D/PCIe/SSE2,4.3.0 NVIDIA 591.86,false,assets/heightmaps/Hm_Terrain_Test_129.pgm,129,129,30.000,4.000,14,4.000,2.000,20000,0.341,0.000,6.000,10.956,8.479,13966,37008,13964,147,73,283,110,0,0,0,0,1,201.089,8.070,7.769,0.125,0.757,0.069,0.114,0.000,0.594,0.042,0.096,5.052,0.919,0.239,0.000,0.000,0.000,0.000,0.000,0.000,0.000,0.000,0.000,0.000,0.000,0.000,0.000,0.000,0.000,0.000,0,0,0.636,0.827,5.148,0.000,14
Classic CPU ROAM,RelWithDebInfo,OpenGL,NVIDIA GeForce RTX 5090 D/PCIe/SSE2,4.3.0 NVIDIA 591.86,false,assets/heightmaps/Hm_Terrain_Test_129.pgm,129,129,30.000,4.000,14,4.000,2.000,20000,0.350,0.000,6.000,10.782,8.530,13972,37260,13970,126,63,120,90,0,0,0,0,1,0.000,7.835,7.529,0.123,0.740,0.030,0.104,0.000,0.586,0.039,0.097,4.950,0.860,0.250,0.000,0.000,0.000,0.000,0.000,0.000,0.000,0.000,0.000,0.000,0.000,0.000,0.000,0.000,0.000,0.000,0,0,0.625,0.771,5.047,0.000,14
Classic CPU ROAM,RelWithDebInfo,OpenGL,NVIDIA GeForce RTX 5090 D/PCIe/SSE2,4.3.0 NVIDIA 591.86,false,assets/heightmaps/Hm_Terrain_Test_129.pgm,129,129,30.000,4.000,14,4.000,2.000,20000,0.358,0.000,6.000,10.608,8.474,13898,37536,13896,138,68,212,130,0,0,0,0,1,207.476,7.840,7.530,0.112,0.697,0.052,0.101,0.000,0.616,0.040,0.129,4.929,0.854,0.238,0.000,0.000,0.000,0.000,0.000,0.000,0.000,0.000,0.000,0.000,0.000,0.000,0.000,0.000,0.000,0.000,0,0,0.656,0.749,5.058,0.000,14
Classic CPU ROAM,RelWithDebInfo,OpenGL,NVIDIA GeForce RTX 5090 D/PCIe/SSE2,4.3.0 NVIDIA 591.86,false,assets/heightmaps/Hm_Terrain_Test_129.pgm,129,129,30.000,4.000,14,4.000,2.000,20000,0.366,0.000,6.000,10.433,8.400,13910,37856,13908,160,80,148,107,0,0,0,0,1,0.000,7.785,7.468,0.111,0.697,0.036,0.103,0.000,0.572,0.048,0.101,4.919,0.881,0.256,0.000,0.000,0.000,0.000,0.000,0.000,0.000,0.000,0.000,0.000,0.000,0.000,0.000,0.000,0.000,0.000,0,0,0.621,0.733,5.020,0.000,14
Classic CPU ROAM,RelWithDebInfo,OpenGL,NVIDIA GeForce RTX 5090 D/PCIe/SSE2,4.3.0 NVIDIA 591.86,false,assets/heightmaps/Hm_Terrain_Test_129.pgm,129,129,30.000,4.000,14,4.000,2.000,20000,0.375,0.000,6.000,10.258,8.358,13828,38092,13826,118,59,200,88,0,0,0,0,1,0.000,7.978,7.646,0.114,0.727,0.049,0.102,0.000,0.565,0.035,0.096,5.033,0.922,0.267,0.000,0.000,0.000,0.000,0.000,0.000,0.000,0.000,0.000,0.000,0.000,0.000,0.000,0.000,0.000,0.000,0,0,0.600,0.776,5.130,0.000,14
Classic CPU ROAM,RelWithDebInfo,OpenGL,NVIDIA GeForce RTX 5090 D/PCIe/SSE2,4.3.0 NVIDIA 591.86,false,assets/heightmaps/Hm_Terrain_Test_129.pgm,129,129,30.000,4.000,14,4.000,2.000,20000,0.383,0.000,6.000,10.077,8.523,13710,38348,13708,128,63,246,114,0,0,0,0,1,204.615,7.928,7.635,0.112,0.729,0.059,0.098,0.000,0.558,0.038,0.115,5.107,0.820,0.234,0.000,0.000,0.000,0.000,0.000,0.000,0.000,0.000,0.000,0.000,0.000,0.000,0.000,0.000,0.000,0.000,0,0,0.596,0.788,5.222,0.000,14
Classic CPU ROAM,RelWithDebInfo,OpenGL,NVIDIA GeForce RTX 5090 D/PCIe/SSE2,4.3.0 NVIDIA 591.86,false,assets/heightmaps/Hm_Terrain_Test_129.pgm,129,129,30.000,4.000,14,4.000,2.000,20000,0.392,0.000,6.000,9.897,8.419,13638,38616,13636,134,67,206,92,0,0,0,0,1,0.000,7.544,7.258,0.113,0.674,0.050,0.097,0.000,0.530,0.047,0.123,4.795,0.828,0.235,0.000,0.000,0.000,0.000,0.000,0.000,0.000,0.000,0.000,0.000,0.000,0.000,0.000,0.000,0.000,0.000,0,0,0.577,0.725,4.917,0.000,14
Classic CPU ROAM,RelWithDebInfo,OpenGL,NVIDIA GeForce RTX 5090 D/PCIe/SSE2,4.3.0 NVIDIA 591.86,false,assets/heightmaps/Hm_Terrain_Test_129.pgm,129,129,30.000,4.000,14,4.000,2.000,20000,0.400,0.000,6.000,9.725,8.004,13599,38914,13597,149,74,188,111,0,0,0,0,1,212.527,7.640,7.351,0.109,0.645,0.047,0.095,0.000,0.516,0.038,0.108,4.870,0.921,0.229,0.000,0.000,0.000,0.000,0.000,0.000,0.000,0.000,0.000,0.000,0.000,0.000,0.000,0.000,0.000,0.000,0,0,0.555,0.692,4.978,0.000,14
Classic CPU ROAM,RelWithDebInfo,OpenGL,NVIDIA GeForce RTX 5090 D/PCIe/SSE2,4.3.0 NVIDIA 591.86,false,assets/heightmaps/Hm_Terrain_Test_129.pgm,129,129,30.000,4.000,14,4.000,2.000,20000,0.408,0.000,6.000,9.545,8.322,13504,39092,13502,89,44,184,116,0,0,0,0,1,0.000,7.428,7.130,0.112,0.660,0.045,0.095,0.000,0.526,0.028,0.120,4.713,0.830,0.240,0.000,0.000,0.000,0.000,0.000,0.000,0.000,0.000,0.000,0.000,0.000,0.000,0.000,0.000,0.000,0.000,0,0,0.554,0.706,4.833,0.000,14
Classic CPU ROAM,RelWithDebInfo,OpenGL,NVIDIA GeForce RTX 5090 D/PCIe/SSE2,4.3.0 NVIDIA 591.86,false,assets/heightmaps/Hm_Terrain_Test_129.pgm,129,129,30.000,4.000,14,4.000,2.000,20000,0.416,0.000,6.000,9.369,8.063,13504,39404,13502,156,78,156,108,0,0,0,0,1,216.098,7.535,7.229,0.122,0.689,0.037,0.092,0.000,0.537,0.047,0.114,4.621,0.969,0.242,0.000,0.000,0.000,0.000,0.000,0.000,0.000,0.000,0.000,0.000,0.000,0.000,0.000,0.000,0.000,0.000,0,0,0.585,0.727,4.735,0.000,14
Classic CPU ROAM,RelWithDebInfo,OpenGL,NVIDIA GeForce RTX 5090 D/PCIe/SSE2,4.3.0 NVIDIA 591.86,false,assets/heightmaps/Hm_Terrain_Test_129.pgm,129,129,30.000,4.000,14,4.000,2.000,20000,0.424,0.000,6.000,9.194,8.005,13487,39684,13485,140,69,157,104,0,0,0,0,1,0.000,7.240,6.945,0.107,0.690,0.037,0.095,0.000,0.535,0.043,0.093,4.450,0.895,0.232,0.000,0.000,0.000,0.000,0.000,0.000,0.000,0.000,0.000,0.000,0.000,0.000,0.000,0.000,0.000,0.000,0,0,0.578,0.727,4.542,0.000,14
Classic CPU ROAM,RelWithDebInfo,OpenGL,NVIDIA GeForce RTX 5090 D/PCIe/SSE2,4.3.0 NVIDIA 591.86,false,assets/heightmaps/Hm_Terrain_Test_129.pgm,129,129,30.000,4.000,14,4.000,2.000,20000,0.432,0.000,6.000,9.022,7.775,13324,39884,13322,100,50,263,120,0,0,0,0,1,214.547,7.586,7.282,0.111,0.697,0.063,0.098,0.000,0.526,0.030,0.112,4.705,0.938,0.239,0.000,0.000,0.000,0.000,0.000,0.000,0.000,0.000,0.000,0.000,0.000,0.000,0.000,0.000,0.000,0.000,0,0,0.557,0.761,4.817,0.000,14
Classic CPU ROAM,RelWithDebInfo,OpenGL,NVIDIA GeForce RTX 5090 D/PCIe/SSE2,4.3.0 NVIDIA 591.86,false,assets/heightmaps/Hm_Terrain_Test_129.pgm,129,129,30.000,4.000,14,4.000,2.000,20000,0.440,0.000,6.000,8.843,8.100,13364,40176,13362,146,73,106,105,0,0,0,0,1,0.000,7.506,7.198,0.105,0.667,0.026,0.095,0.000,0.510,0.091,0.116,4.684,0.903,0.244,0.000,0.000,0.000,0.000,0.000,0.000,0.000,0.000,0.000,0.000,0.000,0.000,0.000,0.000,0.000,0.000,0,0,0.601,0.694,4.799,0.000,14
Classic CPU ROAM,RelWithDebInfo,OpenGL,NVIDIA GeForce RTX 5090 D/PCIe/SSE2,4.3.0 NVIDIA 591.86,false,assets/heightmaps/Hm_Terrain_Test_129.pgm,129,129,30.000,4.000,14,4.000,2.000,20000,0.448,0.000,6.000,8.665,8.027,13314,40456,13312,140,69,190,107,0,0,0,0,1,212.449,7.668,7.354,0.108,0.665,0.047,0.093,0.000,0.510,0.042,0.120,4.809,0.959,0.254,0.000,0.000,0.000,0.000,0.000,0.000,0.000,0.000,0.000,0.000,0.000,0.000,0.000,0.000,0.000,0.000,0,0,0.553,0.713,4.929,0.000,14
Classic CPU ROAM,RelWithDebInfo,OpenGL,NVIDIA GeForce RTX 5090 D/PCIe/SSE2,4.3.0 NVIDIA 591.86,false,assets/heightmaps/Hm_Terrain_Test_129.pgm,129,129,30.000,4.000,14,4.000,2.000,20000,0.456,0.000,6.000,8.479,8.328,13244,40760,13242,152,76,222,112,0,0,0,0,1,0.000,7.468,7.159,0.104,0.677,0.052,0.098,0.000,0.510,0.045,0.127,4.679,0.865,0.247,0.000,0.000,0.000,0.000,0.000,0.000,0.000,0.000,0.000,0.000,0.000,0.000,0.000,0.000,0.000,0.000,0,0,0.556,0.730,4.806,0.000,14
Classic CPU ROAM,RelWithDebInfo,OpenGL,NVIDIA GeForce RTX 5090 D/PCIe/SSE2,4.3.0 NVIDIA 591.86,false,assets/heightmaps/Hm_Terrain_Test_129.pgm,129,129,30.000,4.000,14,4.000,2.000,20000,0.464,0.000,6.000,8.299,8.064,13293,41064,13291,152,75,103,111,0,0,0,0,1,215.764,7.536,7.241,0.117,0.688,0.026,0.094,0.000,0.505,0.130,0.118,4.646,0.918,0.234,0.000,0.000,0.000,0.000,0.000,0.000,0.000,0.000,0.000,0.000,0.000,0.000,0.000,0.000,0.000,0.000,0,0,0.635,0.714,4.763,0.000,14
Classic CPU ROAM,RelWithDebInfo,OpenGL,NVIDIA GeForce RTX 5090 D/PCIe/SSE2,4.3.0 NVIDIA 591.86,false,assets/heightmaps/Hm_Terrain_Test_129.pgm,129,129,30.000,4.000,14,4.000,2.000,20000,0.472,0.000,6.000,8.118,8.040,13144,41364,13142,150,75,299,130,0,0,0,0,1,0.000,7.560,7.259,0.108,0.702,0.072,0.101,0.000,0.506,0.044,0.090,4.617,1.017,0.238,0.000,0.000,0.000,0.000,0.000,0.000,0.000,0.000,0.000,0.000,0.000,0.000,0.000,0.000,0.000,0.000,0,0,0.551,0.775,4.707,0.000,14
Classic CPU ROAM,RelWithDebInfo,OpenGL,NVIDIA GeForce RTX 5090 D/PCIe/SSE2,4.3.0 NVIDIA 591.86,false,assets/heightmaps/Hm_Terrain_Test_129.pgm,129,129,30.000,4.000,14,4.000,2.000,20000,0.481,0.000,6.000,7.931,8.335,13114,41624,13112,130,65,160,91,0,0,0,0,1,204.038,7.966,7.657,0.113,0.722,0.039,0.095,0.000,0.493,0.040,0.107,4.877,1.170,0.244,0.000,0.000,0.000,0.000,0.000,0.000,0.000,0.000,0.000,0.000,0.000,0.000,0.000,0.000,0.000,0.000,0,0,0.533,0.762,4.985,0.000,14
Classic CPU ROAM,RelWithDebInfo,OpenGL,NVIDIA GeForce RTX 5090 D/PCIe/SSE2,4.3.0 NVIDIA 591.86,false,assets/heightmaps/Hm_Terrain_Test_129.pgm,129,129,30.000,4.000,14,4.000,2.000,20000,0.489,0.000,6.000,7.738,8.585,13120,41976,13118,176,87,170,136,0,0,0,0,1,0.000,7.354,7.061,0.118,0.747,0.042,0.096,0.000,0.507,0.054,0.112,4.468,0.915,0.232,0.000,0.000,0.000,0.000,0.000,0.000,0.000,0.000,0.000,0.000,0.000,0.000,0.000,0.000,0.000,0.000,0,0,0.562,0.789,4.580,0.000,14
Classic CPU ROAM,RelWithDebInfo,OpenGL,NVIDIA GeForce RTX 5090 D/PCIe/SSE2,4.3.0 NVIDIA 591.86,false,assets/heightmaps/Hm_Terrain_Test_129.pgm,129,129,30.000,4.000,14,4.000,2.000,20000,0.497,0.000,6.000,7.561,7.868,13058,42244,13056,134,67,196,110,0,0,0,0,1,216.194,7.512,7.227,0.114,0.694,0.046,0.092,0.000,0.484,0.052,0.088,4.570,1.084,0.228,0.000,0.000,0.000,0.000,0.000,0.000,0.000,0.000,0.000,0.000,0.000,0.000,0.000,0.000,0.000,0.000,0,0,0.536,0.741,4.659,0.000,14
Classic CPU ROAM,RelWithDebInfo,OpenGL,NVIDIA GeForce RTX 5090 D/PCIe/SSE2,4.3.0 NVIDIA 591.86,false,assets/heightmaps/Hm_Terrain_Test_129.pgm,129,129,30.000,4.000,14,4.000,2.000,20000,0.505,0.000,6.000,7.380,8.057,13074,42516,13072,136,68,120,104,0,0,0,0,1,0.000,7.292,7.001,0.104,0.719,0.030,0.098,0.000,0.498,0.041,0.109,4.530,0.870,0.232,0.000,0.000,0.000,0.000,0.000,0.000,0.000,0.000,0.000,0.000,0.000,0.000,0.000,0.000,0.000,0.000,0,0,0.539,0.750,4.639,0.000,14
Classic CPU ROAM,RelWithDebInfo,OpenGL,NVIDIA GeForce RTX 5090 D/PCIe/SSE2,4.3.0 NVIDIA 591.86,false,assets/heightmaps/Hm_Terrain_Test_129.pgm,129,129,30.000,4.000,14,4.000,2.000,20000,0.513,0.000,6.000,7.201,7.940,13020,42832,13018,158,78,212,106,0,0,0,0,1,231.115,7.040,6.760,0.112,0.699,0.050,0.091,0.000,0.485,0.049,0.089,4.356,0.826,0.221,0.000,0.000,0.000,0.000,0.000,0.000,0.000,0.000,0.000,0.000,0.000,0.000,0.000,0.000,0.000,0.000,0,0,0.535,0.750,4.446,0.000,14
Classic CPU ROAM,RelWithDebInfo,OpenGL,NVIDIA GeForce RTX 5090 D/PCIe/SSE2,4.3.0 NVIDIA 591.86,false,assets/heightmaps/Hm_Terrain_Test_129.pgm,129,129,30.000,4.000,14,4.000,2.000,20000,0.521,0.000,6.000,7.029,7.654,12942,43056,12940,112,56,190,98,0,0,0,0,1,0.000,7.162,6.873,0.103,0.655,0.046,0.092,0.000,0.474,0.036,0.109,4.512,0.844,0.230,0.000,0.000,0.000,0.000,0.000,0.000,0.000,0.000,0.000,0.000,0.000,0.000,0.000,0.000,0.000,0.000,0,0,0.511,0.701,4.622,0.000,14
Classic CPU ROAM,RelWithDebInfo,OpenGL,NVIDIA GeForce RTX 5090 D/PCIe/SSE2,4.3.0 NVIDIA 591.86,false,assets/heightmaps/Hm_Terrain_Test_129.pgm,129,129,30.000,4.000,14,4.000,2.000,20000,0.529,0.000,6.000,6.857,7.700,12972,43360,12970,152,75,122,107,0,0,0,0,1,225.391,7.245,6.931,0.114,0.658,0.030,0.094,0.000,0.476,0.047,0.107,4.389,1.015,0.251,0.000,0.000,0.000,0.000,0.000,0.000,0.000,0.000,0.000,0.000,0.000,0.000,0.000,0.000,0.000,0.000,0,0,0.523,0.689,4.496,0.000,14
Classic CPU ROAM,RelWithDebInfo,OpenGL,NVIDIA GeForce RTX 5090 D/PCIe/SSE2,4.3.0 NVIDIA 591.86,false,assets/heightmaps/Hm_Terrain_Test_129.pgm,129,129,30.000,4.000,14,4.000,2.000,20000,0.536,0.000,6.000,6.682,7.789,12938,43692,12936,166,83,200,110,0,0,0,0,1,0.000,6.975,6.671,0.112,0.735,0.050,0.112,0.000,0.499,0.048,0.106,4.182,0.826,0.239,0.000,0.000,0.000,0.000,0.000,0.000,0.000,0.000,0.000,0.000,0.000,0.000,0.000,0.000,0.000,0.000,0,0,0.548,0.785,4.289,0.000,14
Classic CPU ROAM,RelWithDebInfo,OpenGL,NVIDIA GeForce RTX 5090 D/PCIe/SSE2,4.3.0 NVIDIA 591.86,false,assets/heightmaps/Hm_Terrain_Test_129.pgm,129,129,30.000,4.000,14,4.000,2.000,20000,0.544,0.000,6.000,6.511,7.652,12874,43972,12872,140,70,204,96,0,0,0,0,1,157.203,10.511,9.938,0.103,0.638,0.048,0.090,0.000,0.455,0.057,0.088,6.045,2.414,0.435,0.000,0.000,0.000,0.000,0.000,0.000,0.000,0.000,0.000,0.000,0.000,0.000,0.000,0.000,0.000,0.000,0,0,0.513,0.687,6.133,0.000,14
Classic CPU ROAM,RelWithDebInfo,OpenGL,NVIDIA GeForce RTX 5090 D/PCIe/SSE2,4.3.0 NVIDIA 591.86,false,assets/heightmaps/Hm_Terrain_Test_129.pgm,129,129,30.000,4.000,14,4.000,2.000,20000,0.556,0.000,6.000,6.248,11.828,12729,44404,12727,216,107,361,162,0,0,0,0,1,168.366,9.590,9.279,0.174,1.484,0.110,0.174,0.000,0.803,0.154,0.212,4.929,1.238,0.248,0.000,0.000,0.000,0.000,0.000,0.000,0.000,0.000,0.000,0.000,0.000,0.000,0.000,0.000,0.000,0.000,0,0,0.957,1.595,5.140,0.000,14
Classic CPU ROAM,RelWithDebInfo,OpenGL,NVIDIA GeForce RTX 5090 D/PCIe/SSE2,4.3.0 NVIDIA 591.86,false,assets/heightmaps/Hm_Terrain_Test_129.pgm,129,129,30.000,4.000,14,4.000,2.000,20000,0.566,0.000,6.000,6.021,10.221,12722,44804,12720,200,100,207,149,0,0,0,0,1,0.000,7.658,7.373,0.104,0.746,0.051,0.093,0.000,0.460,0.060,0.109,4.675,1.077,0.229,0.000,0.000,0.000,0.000,0.000,0.000,0.000,0.000,0.000,0.000,0.000,0.000,0.000,0.000,0.000,0.000,0,0,0.519,0.797,4.784,0.000,14
Classic CPU ROAM,RelWithDebInfo,OpenGL,NVIDIA GeForce RTX 5090 D/PCIe/SSE2,4.3.0 NVIDIA 591.86,false,assets/heightmaps/Hm_Terrain_Test_129.pgm,129,129,30.000,4.000,14,4.000,2.000,20000,0.574,0.000,6.000,5.840,8.205,12704,45084,12702,140,69,158,102,0,0,0,0,1,226.236,7.198,6.906,0.115,0.696,0.039,0.091,0.000,0.457,0.039,0.122,4.419,0.928,0.233,0.000,0.000,0.000,0.000,0.000,0.000,0.000,0.000,0.000,0.000,0.000,0.000,0.000,0.000,0.000,0.000,0,0,0.496,0.735,4.541,0.000,14
Classic CPU ROAM,RelWithDebInfo,OpenGL,NVIDIA GeForce RTX 5090 D/PCIe/SSE2,4.3.0 NVIDIA 591.86,false,assets/heightmaps/Hm_Terrain_Test_129.pgm,129,129,30.000,4.000,14,4.000,2.000,20000,0.582,0.000,6.000,5.667,7.874,12638,45280,12636,98,49,164,74,0,0,0,0,1,0.000,7.100,6.833,0.103,0.711,0.041,0.091,0.000,0.453,0.028,0.085,4.423,0.896,0.212,0.000,0.000,0.000,0.000,0.000,0.000,0.000,0.000,0.000,0.000,0.000,0.000,0.000,0.000,0.000,0.000,0,0,0.481,0.753,4.508,0.000,14
Classic CPU ROAM,RelWithDebInfo,OpenGL,NVIDIA GeForce RTX 5090 D/PCIe/SSE2,4.3.0 NVIDIA 591.86,false,assets/heightmaps/Hm_Terrain_Test_129.pgm,129,129,30.000,4.000,14,4.000,2.000,20000,0.590,0.000,6.000,5.500,7.651,12560,45520,12558,120,60,198,102,0,0,0,0,1,216.158,7.537,7.227,0.102,0.689,0.049,0.090,0.000,0.434,0.035,0.105,4.543,1.179,0.244,0.000,0.000,0.000,0.000,0.000,0.000,0.000,0.000,0.000,0.000,0.000,0.000,0.000,0.000,0.000,0.000,0,0,0.469,0.738,4.648,0.000,14
Classic CPU ROAM,RelWithDebInfo,OpenGL,NVIDIA GeForce RTX 5090 D/PCIe/SSE2,4.3.0 NVIDIA 591.86,false,assets/heightmaps/Hm_Terrain_Test_129.pgm,129,129,30.000,4.000,14,4.000,2.000,20000,0.598,0.000,6.000,5.322,8.194,12450,45752,12448,116,57,226,102,0,0,0,0,1,0.000,7.341,7.075,0.110,0.848,0.057,0.102,0.000,0.464,0.085,0.120,4.229,1.059,0.209,0.000,0.000,0.000,0.000,0.000,0.000,0.000,0.000,0.000,0.000,0.000,0.000,0.000,0.000,0.000,0.000,0,0,0.550,0.906,4.349,0.000,14
Classic CPU ROAM,RelWithDebInfo,OpenGL,NVIDIA GeForce RTX 5090 D/PCIe/SSE2,4.3.0 NVIDIA 591.86,false,assets/heightmaps/Hm_Terrain_Test_129.pgm,129,129,30.000,4.000,14,4.000,2.000,20000,0.606,0.000,6.000,5.153,7.862,12420,45900,12418,74,37,104,54,0,0,0,0,1,243.323,6.739,6.421,0.101,0.719,0.026,0.095,0.000,0.431,0.019,0.085,3.977,0.966,0.251,0.000,0.000,0.000,0.000,0.000,0.000,0.000,0.000,0.000,0.000,0.000,0.000,0.000,0.000,0.000,0.000,0,0,0.451,0.746,4.061,0.000,14
Classic CPU ROAM,RelWithDebInfo,OpenGL,NVIDIA GeForce RTX 5090 D/PCIe/SSE2,4.3.0 NVIDIA 591.86,false,assets/heightmaps/Hm_Terrain_Test_129.pgm,129,129,30.000,4.000,14,4.000,2.000,20000,0.613,0.000,6.000,4.995,7.371,12330,46100,12328,100,49,190,118,0,0,0,0,1,0.000,7.224,6.950,0.195,0.782,0.050,0.096,0.000,0.427,0.027,0.186,4.113,1.073,0.208,0.000,0.000,0.000,0.000,0.000,0.000,0.000,0.000,0.000,0.000,0.000,0.000,0.000,0.000,0.000,0.000,0,0,0.454,0.832,4.299,0.000,14
Classic CPU ROAM,RelWithDebInfo,OpenGL,NVIDIA GeForce RTX 5090 D/PCIe/SSE2,4.3.0 NVIDIA 591.86,false,assets/heightmaps/Hm_Terrain_Test_129.pgm,129,129,30.000,4.000,14,4.000,2.000,20000,0.621,0.000,6.000,4.827,7.886,12250,46244,12248,72,36,152,90,0,0,0,0,1,236.391,6.928,6.608,0.108,0.724,0.038,0.094,0.000,0.415,0.020,0.086,3.907,1.215,0.247,0.000,0.000,0.000,0.000,0.000,0.000,0.000,0.000,0.000,0.000,0.000,0.000,0.000,0.000,0.000,0.000,0,0,0.435,0.762,3.993,0.000,14
Classic CPU ROAM,RelWithDebInfo,OpenGL,NVIDIA GeForce RTX 5090 D/PCIe/SSE2,4.3.0 NVIDIA 591.86,false,assets/heightmaps/Hm_Terrain_Test_129.pgm,129,129,30.000,4.000,14,4.000,2.000,20000,0.629,0.000,6.000,4.668,7.557,12202,46372,12200,64,32,112,58,0,0,0,0,1,0.000,6.717,6.446,0.109,0.770,0.028,0.098,0.000,0.480,0.018,0.154,3.852,0.935,0.209,0.000,0.000,0.000,0.000,0.000,0.000,0.000,0.000,0.000,0.000,0.000,0.000,0.000,0.000,0.000,0.000,0,0,0.499,0.799,4.006,0.000,14
Classic CPU ROAM,RelWithDebInfo,OpenGL,NVIDIA GeForce RTX 5090 D/PCIe/SSE2,4.3.0 NVIDIA 591.86,false,assets/heightmaps/Hm_Terrain_Test_129.pgm,129,129,30.000,4.000,14,4.000,2.000,20000,0.636,0.000,6.000,4.516,7.239,11981,46556,11979,92,45,313,121,0,0,0,0,1,248.351,6.574,6.291,0.096,0.687,0.076,0.091,0.000,0.387,0.023,0.081,3.785,1.064,0.220,0.000,0.000,0.000,0.000,0.000,0.000,0.000,0.000,0.000,0.000,0.000,0.000,0.000,0.000,0.000,0.000,0,0,0.411,0.763,3.866,0.000,14
Classic CPU ROAM,RelWithDebInfo,OpenGL,NVIDIA GeForce RTX 5090 D/PCIe/SSE2,4.3.0 NVIDIA 591.86,false,assets/heightmaps/Hm_Terrain_Test_129.pgm,129,129,30.000,4.000,14,4.000,2.000,20000,0.643,0.000,6.000,4.365,7.294,11878,46700,11876,72,36,175,71,0,0,0,0,1,0.000,6.603,6.345,0.101,0.756,0.043,0.099,0.000,0.373,0.019,0.149,3.955,0.851,0.200,0.000,0.000,0.000,0.000,0.000,0.000,0.000,0.000,0.000,0.000,0.000,0.000,0.000,0.000,0.000,0.000,0,0,0.392,0.799,4.104,0.000,14
Classic CPU ROAM,RelWithDebInfo,OpenGL,NVIDIA GeForce RTX 5090 D/PCIe/SSE2,4.3.0 NVIDIA 591.86,false,assets/heightmaps/Hm_Terrain_Test_129.pgm,129,129,30.000,4.000,14,4.000,2.000,20000,0.650,0.000,6.000,4.218,7.162,11840,46860,11838,80,40,118,68,0,0,0,0,1,251.473,6.492,6.213,0.094,0.609,0.030,0.080,0.000,0.357,0.020,0.098,3.961,0.963,0.219,0.000,0.000,0.000,0.000,0.000,0.000,0.000,0.000,0.000,0.000,0.000,0.000,0.000,0.000,0.000,0.000,0,0,0.377,0.639,4.059,0.000,14
Classic CPU ROAM,RelWithDebInfo,OpenGL,NVIDIA GeForce RTX 5090 D/PCIe/SSE2,4.3.0 NVIDIA 591.86,false,assets/heightmaps/Hm_Terrain_Test_129.pgm,129,129,30.000,4.000,14,4.000,2.000,20000,0.657,0.000,6.000,4.074,7.063,11777,46978,11775,59,29,122,70,0,0,0,0,1,0.000,6.445,6.172,0.103,0.797,0.031,0.109,0.000,0.366,0.016,0.137,3.884,0.727,0.216,0.000,0.000,0.000,0.000,0.000,0.000,0.000,0.000,0.000,0.000,0.000,0.000,0.000,0.000,0.000,0.000,0,0,0.383,0.829,4.021,0.000,14
Classic CPU ROAM,RelWithDebInfo,OpenGL,NVIDIA GeForce RTX 5090 D/PCIe/SSE2,4.3.0 NVIDIA 591.86,false,assets/heightmaps/Hm_Terrain_Test_129.pgm,129,129,30.000,4.000,14,4.000,2.000,20000,0.664,0.000,6.000,3.935,6.906,11664,47104,11662,63,31,176,104,0,0,0,0,1,0.000,6.025,5.731,0.099,0.576,0.045,0.085,0.000,0.348,0.016,0.079,3.780,0.702,0.223,0.000,0.000,0.000,0.000,0.000,0.000,0.000,0.000,0.000,0.000,0.000,0.000,0.000,0.000,0.000,0.000,0,0,0.364,0.621,3.859,0.000,14
Classic CPU ROAM,RelWithDebInfo,OpenGL,NVIDIA GeForce RTX 5090 D/PCIe/SSE2,4.3.0 NVIDIA 591.86,false,assets/heightmaps/Hm_Terrain_Test_129.pgm,129,129,30.000,4.000,14,4.000,2.000,20000,0.671,0.000,6.000,3.801,6.674,11640,47224,11638,60,30,84,54,0,0,0,0,1,506.106,6.449,6.174,0.110,0.650,0.021,0.085,0.000,0.353,0.015,0.143,4.030,0.766,0.221,0.000,0.000,0.000,0.000,0.000,0.000,0.000,0.000,0.000,0.000,0.000,0.000,0.000,0.000,0.000,0.000,0,0,0.368,0.671,4.173,0.000,14
Classic CPU ROAM,RelWithDebInfo,OpenGL,NVIDIA GeForce RTX 5090 D/PCIe/SSE2,4.3.0 NVIDIA 591.86,false,assets/heightmaps/Hm_Terrain_Test_129.pgm,129,129,30.000,4.000,14,4.000,2.000,20000,0.678,0.000,6.000,3.663,7.002,11564,47388,11562,82,41,158,72,0,0,0,0,1,0.000,6.341,6.081,0.096,0.590,0.038,0.080,0.000,0.343,0.022,0.122,3.995,0.796,0.199,0.000,0.000,0.000,0.000,0.000,0.000,0.000,0.000,0.000,0.000,0.000,0.000,0.000,0.000,0.000,0.000,0,0,0.365,0.628,4.116,0.000,14
Classic CPU ROAM,RelWithDebInfo,OpenGL,NVIDIA GeForce RTX 5090 D/PCIe/SSE2,4.3.0 NVIDIA 591.86,false,assets/heightmaps/Hm_Terrain_Test_129.pgm,129,129,30.000,4.000,14,4.000,2.000,20000,0.685,0.000,6.000,3.528,6.905,11445,47512,11443,62,30,181,82,0,0,0,0,1,260.882,6.254,5.989,0.095,0.680,0.044,0.089,0.000,0.342,0.016,0.126,3.668,0.928,0.209,0.000,0.000,0.000,0.000,0.000,0.000,0.000,0.000,0.000,0.000,0.000,0.000,0.000,0.000,0.000,0.000,0,0,0.358,0.724,3.794,0.000,14
Classic CPU ROAM,RelWithDebInfo,OpenGL,NVIDIA GeForce RTX 5090 D/PCIe/SSE2,4.3.0 NVIDIA 591.86,false,assets/heightmaps/Hm_Terrain_Test_129.pgm,129,129,30.000,4.000,14,4.000,2.000,20000,0.692,0.000,6.000,3.399,6.688,11354,47624,11352,56,28,147,66,0,0,0,0,1,0.000,6.144,5.885,0.091,0.638,0.037,0.082,0.000,0.332,0.024,0.079,3.699,0.902,0.202,0.000,0.000,0.000,0.000,0.000,0.000,0.000,0.000,0.000,0.000,0.000,0.000,0.000,0.000,0.000,0.000,0,0,0.356,0.676,3.778,0.000,14
Classic CPU ROAM,RelWithDebInfo,OpenGL,NVIDIA GeForce RTX 5090 D/PCIe/SSE2,4.3.0 NVIDIA 591.86,false,assets/heightmaps/Hm_Terrain_Test_129.pgm,129,129,30.000,4.000,14,4.000,2.000,20000,0.698,0.000,6.000,3.273,6.589,11302,47756,11300,66,33,118,68,0,0,0,0,1,260.490,6.304,5.997,0.091,0.689,0.030,0.105,0.000,0.334,0.015,0.080,3.800,0.853,0.254,0.000,0.000,0.000,0.000,0.000,0.000,0.000,0.000,0.000,0.000,0.000,0.000,0.000,0.000,0.000,0.000,0,0,0.349,0.720,3.880,0.000,14
Classic CPU ROAM,RelWithDebInfo,OpenGL,NVIDIA GeForce RTX 5090 D/PCIe/SSE2,4.3.0 NVIDIA 591.86,false,assets/heightmaps/Hm_Terrain_Test_129.pgm,129,129,30.000,4.000,14,4.000,2.000,20000,0.705,0.000,6.000,3.145,6.828,11281,47886,11279,65,32,86,56,0,0,0,0,1,0.000,6.432,6.176,0.093,0.587,0.021,0.081,0.000,0.323,0.017,0.104,4.030,0.919,0.200,0.000,0.000,0.000,0.000,0.000,0.000,0.000,0.000,0.000,0.000,0.000,0.000,0.000,0.000,0.000,0.000,0,0,0.340,0.609,4.134,0.000,14
Classic CPU ROAM,RelWithDebInfo,OpenGL,NVIDIA GeForce RTX 5090 D/PCIe/SSE2,4.3.0 NVIDIA 591.86,false,assets/heightmaps/Hm_Terrain_Test_129.pgm,129,129,30.000,4.000,14,4.000,2.000,20000,0.712,0.000,6.000,3.017,6.869,11192,48036,11190,75,37,164,90,0,0,0,0,1,0.000,6.399,6.147,0.096,0.681,0.042,0.099,0.000,0.317,0.019,0.101,3.951,0.840,0.199,0.000,0.000,0.000,0.000,0.000,0.000,0.000,0.000,0.000,0.000,0.000,0.000,0.000,0.000,0.000,0.000,0,0,0.336,0.723,4.052,0.000,14
Classic CPU ROAM,RelWithDebInfo,OpenGL,NVIDIA GeForce RTX 5090 D/PCIe/SSE2,4.3.0 NVIDIA 591.86,false,assets/heightmaps/Hm_Terrain_Test_129.pgm,129,129,30.000,4.000,14,4.000,2.000,20000,0.719,0.000,6.000,2.887,7.120,11111,48136,11109,50,25,131,68,0,0,0,0,1,0.000,6.737,6.479,0.172,0.835,0.033,0.089,0.000,0.321,0.014,0.100,4.056,0.857,0.200,0.000,0.000,0.000,0.000,0.000,0.000,0.000,0.000,0.000,0.000,0.000,0.000,0.000,0.000,0.000,0.000,0,0,0.336,0.869,4.155,0.000,14
Classic CPU ROAM,RelWithDebInfo,OpenGL,NVIDIA GeForce RTX 5090 D/PCIe/SSE2,4.3.0 NVIDIA 591.86,false,assets/heightmaps/Hm_Terrain_Test_129.pgm,129,129,30.000,4.000,14,4.000,2.000,20000,0.726,0.000,6.000,2.757,7.208,11013,48260,11011,62,31,160,60,0,0,0,0,1,0.000,6.140,5.903,0.092,0.641,0.045,0.092,0.000,0.303,0.015,0.094,3.915,0.705,0.187,0.000,0.000,0.000,0.000,0.000,0.000,0.000,0.000,0.000,0.000,0.000,0.000,0.000,0.000,0.000,0.000,0,0,0.319,0.687,4.009,0.000,14
Classic CPU ROAM,RelWithDebInfo,OpenGL,NVIDIA GeForce RTX 5090 D/PCIe/SSE2,4.3.0 NVIDIA 591.86,false,assets/heightmaps/Hm_Terrain_Test_129.pgm,129,129,30.000,4.000,14,4.000,2.000,20000,0.733,0.000,6.000,2.637,6.755,10976,48420,10974,80,39,117,64,0,0,0,0,1,272.778,5.987,5.728,0.091,0.536,0.027,0.076,0.000,0.288,0.021,0.108,3.818,0.761,0.207,0.000,0.000,0.000,0.000,0.000,0.000,0.000,0.000,0.000,0.000,0.000,0.000,0.000,0.000,0.000,0.000,0,0,0.310,0.563,3.927,0.000,14
Classic CPU ROAM,RelWithDebInfo,OpenGL,NVIDIA GeForce RTX 5090 D/PCIe/SSE2,4.3.0 NVIDIA 591.86,false,assets/heightmaps/Hm_Terrain_Test_129.pgm,129,129,30.000,4.000,14,4.000,2.000,20000,0.739,0.000,6.000,2.525,6.388,10835,48496,10833,38,19,179,66,0,0,0,0,1,0.000,5.657,5.397,0.088,0.574,0.050,0.079,0.000,0.280,0.010,0.074,3.642,0.599,0.211,0.000,0.000,0.000,0.000,0.000,0.000,0.000,0.000,0.000,0.000,0.000,0.000,0.000,0.000,0.000,0.000,0,0,0.291,0.624,3.716,0.000,14
Classic CPU ROAM,RelWithDebInfo,OpenGL,NVIDIA GeForce RTX 5090 D/PCIe/SSE2,4.3.0 NVIDIA 591.86,false,assets/heightmaps/Hm_Terrain_Test_129.pgm,129,129,30.000,4.000,14,4.000,2.000,20000,0.745,0.000,6.000,2.421,6.056,10736,48612,10734,58,29,157,60,0,0,0,0,1,289.921,5.669,5.389,0.085,0.513,0.043,0.071,0.000,0.271,0.015,0.072,3.602,0.715,0.223,0.000,0.000,0.000,0.000,0.000,0.000,0.000,0.000,0.000,0.000,0.000,0.000,0.000,0.000,0.000,0.000,0,0,0.287,0.556,3.675,0.000,14
Classic CPU ROAM,RelWithDebInfo,OpenGL,NVIDIA GeForce RTX 5090 D/PCIe/SSE2,4.3.0 NVIDIA 591.86,false,assets/heightmaps/Hm_Terrain_Test_129.pgm,129,129,30.000,4.000,14,4.000,2.000,20000,0.752,0.000,6.000,2.317,6.128,10674,48728,10672,58,29,120,60,0,0,0,0,1,0.000,5.762,5.504,0.088,0.605,0.031,0.077,0.000,0.273,0.015,0.072,3.765,0.578,0.209,0.000,0.000,0.000,0.000,0.000,0.000,0.000,0.000,0.000,0.000,0.000,0.000,0.000,0.000,0.000,0.000,0,0,0.289,0.636,3.837,0.000,14
Classic CPU ROAM,RelWithDebInfo,OpenGL,NVIDIA GeForce RTX 5090 D/PCIe/SSE2,4.3.0 NVIDIA 591.86,false,assets/heightmaps/Hm_Terrain_Test_129.pgm,129,129,30.000,4.000,14,4.000,2.000,20000,0.758,0.000,6.000,2.213,6.219,10664,48856,10662,64,32,74,48,0,0,0,0,1,0.000,5.784,5.536,0.083,0.518,0.019,0.073,0.000,0.262,0.021,0.115,3.843,0.602,0.197,0.000,0.000,0.000,0.000,0.000,0.000,0.000,0.000,0.000,0.000,0.000,0.000,0.000,0.000,0.000,0.000,0,0,0.283,0.537,3.958,0.000,14
Classic CPU ROAM,RelWithDebInfo,OpenGL,NVIDIA GeForce RTX 5090 D/PCIe/SSE2,4.3.0 NVIDIA 591.86,false,assets/heightmaps/Hm_Terrain_Test_129.pgm,129,129,30.000,4.000,14,4.000,2.000,20000,0.764,0.000,6.000,2.110,6.289,10602,48940,10600,42,20,104,66,0,0,0,0,1,276.750,5.875,5.645,0.087,0.547,0.027,0.075,0.000,0.262,0.017,0.090,3.882,0.659,0.179,0.000,0.000,0.000,0.000,0.000,0.000,0.000,0.000,0.000,0.000,0.000,0.000,0.000,0.000,0.000,0.000,0,0,0.279,0.574,3.972,0.000,14
Classic CPU ROAM,RelWithDebInfo,OpenGL,NVIDIA GeForce RTX 5090 D/PCIe/SSE2,4.3.0 NVIDIA 591.86,false,assets/heightmaps/Hm_Terrain_Test_129.pgm,129,129,30.000,4.000,14,4.000,2.000,20000,0.771,0.000,6.000,2.006,6.495,10554,49016,10552,38,19,86,48,0,0,0,0,1,0.000,5.609,5.371,0.083,0.536,0.023,0.072,0.000,0.258,0.011,0.090,3.707,0.590,0.189,0.000,0.000,0.000,0.000,0.000,0.000,0.000,0.000,0.000,0.000,0.000,0.000,0.000,0.000,0.000,0.000,0,0,0.270,0.559,3.797,0.000,14
Classic CPU ROAM,RelWithDebInfo,OpenGL,NVIDIA GeForce RTX 5090 D/PCIe/SSE2,4.3.0 NVIDIA 591.86,false,assets/heightmaps/Hm_Terrain_Test_129.pgm,129,129,30.000,4.000,14,4.000,2.000,20000,0.777,0.000,6.000,1.910,6.106,10502,49120,10500,52,26,104,58,0,0,0,0,1,299.714,5.456,5.213,0.081,0.537,0.027,0.074,0.000,0.250,0.013,0.072,3.471,0.687,0.191,0.000,0.000,0.000,0.000,0.000,0.000,0.000,0.000,0.000,0.000,0.000,0.000,0.000,0.000,0.000,0.000,0,0,0.263,0.563,3.543,0.000,14
Classic CPU ROAM,RelWithDebInfo,OpenGL,NVIDIA GeForce RTX 5090 D/PCIe/SSE2,4.3.0 NVIDIA 591.86,false,assets/heightmaps/Hm_Terrain_Test_129.pgm,129,129,30.000,4.000,14,4.000,2.000,20000,0.783,0.000,6.000,1.819,5.886,10432,49216,10430,48,24,118,60,0,0,0,0,1,0.000,5.674,5.432,0.083,0.541,0.027,0.077,0.000,0.255,0.013,0.076,3.659,0.699,0.187,0.000,0.000,0.000,0.000,0.000,0.000,0.000,0.000,0.000,0.000,0.000,0.000,0.000,0.000,0.000,0.000,0,0,0.268,0.569,3.736,0.000,14
Classic CPU ROAM,RelWithDebInfo,OpenGL,NVIDIA GeForce RTX 5090 D/PCIe/SSE2,4.3.0 NVIDIA 591.86,false,assets/heightmaps/Hm_Terrain_Test_129.pgm,129,129,30.000,4.000,14,4.000,2.000,20000,0.789,0.000,6.000,1.726,6.110,10408,49328,10406,56,28,80,40,0,0,0,0,1,0.000,5.610,5.383,0.080,0.535,0.020,0.076,0.000,0.255,0.014,0.094,3.733,0.575,0.177,0.000,0.000,0.000,0.000,0.000,0.000,0.000,0.000,0.000,0.000,0.000,0.000,0.000,0.000,0.000,0.000,0,0,0.269,0.555,3.827,0.000,14
Classic CPU ROAM,RelWithDebInfo,OpenGL,NVIDIA GeForce RTX 5090 D/PCIe/SSE2,4.3.0 NVIDIA 591.86,false,assets/heightmaps/Hm_Terrain_Test_129.pgm,129,129,30.000,4.000,14,4.000,2.000,20000,0.795,0.000,6.000,1.635,6.150,10337,49432,10335,52,25,123,50,0,0,0,0,1,256.311,6.331,6.095,0.080,0.491,0.032,0.087,0.000,0.245,0.063,0.089,3.893,1.114,0.181,0.000,0.000,0.000,0.000,0.000,0.000,0.000,0.000,0.000,0.000,0.000,0.000,0.000,0.000,0.000,0.000,0,0,0.309,0.524,3.982,0.000,14
Classic CPU ROAM,RelWithDebInfo,OpenGL,NVIDIA GeForce RTX 5090 D/PCIe/SSE2,4.3.0 NVIDIA 591.86,false,assets/heightmaps/Hm_Terrain_Test_129.pgm,129,129,30.000,4.000,14,4.000,2.000,20000,0.802,0.000,6.000,1.536,6.824,10284,49528,10282,48,24,101,52,0,0,0,0,1,0.000,5.582,5.350,0.089,0.662,0.033,0.082,0.000,0.257,0.014,0.087,3.516,0.610,0.180,0.000,0.000,0.000,0.000,0.000,0.000,0.000,0.000,0.000,0.000,0.000,0.000,0.000,0.000,0.000,0.000,0,0,0.271,0.695,3.603,0.000,14
Classic CPU ROAM,RelWithDebInfo,OpenGL,NVIDIA GeForce RTX 5090 D/PCIe/SSE2,4.3.0 NVIDIA 591.86,false,assets/heightmaps/Hm_Terrain_Test_129.pgm,129,129,30.000,4.000,14,4.000,2.000,20000,0.808,0.000,6.000,1.450,6.070,10194,49568,10192,20,10,110,54,0,0,0,0,1,309.014,5.289,5.056,0.081,0.497,0.027,0.071,0.000,0.245,0.005,0.071,3.427,0.632,0.177,0.000,0.000,0.000,0.000,0.000,0.000,0.000,0.000,0.000,0.000,0.000,0.000,0.000,0.000,0.000,0.000,0,0,0.251,0.524,3.497,0.000,14
Classic CPU ROAM,RelWithDebInfo,OpenGL,NVIDIA GeForce RTX 5090 D/PCIe/SSE2,4.3.0 NVIDIA 591.86,false,assets/heightmaps/Hm_Terrain_Test_129.pgm,129,129,30.000,4.000,14,4.000,2.000,20000,0.813,0.000,6.000,1.373,5.622,10164,49632,10162,32,16,62,38,0,0,0,0,1,0.000,5.056,4.811,0.078,0.522,0.016,0.073,0.000,0.233,0.009,0.072,3.279,0.528,0.198,0.000,0.000,0.000,0.000,0.000,0.000,0.000,0.000,0.000,0.000,0.000,0.000,0.000,0.000,0.000,0.000,0,0,0.242,0.538,3.351,0.000,14
Classic CPU ROAM,RelWithDebInfo,OpenGL,NVIDIA GeForce RTX 5090 D/PCIe/SSE2,4.3.0 NVIDIA 591.86,false,assets/heightmaps/Hm_Terrain_Test_129.pgm,129,129,30.000,4.000,14,4.000,2.000,20000,0.819,0.000,6.000,1.299,5.451,10174,49780,10172,74,37,64,47,0,0,0,0,1,0.000,5.266,5.027,0.078,0.471,0.016,0.071,0.000,0.229,0.017,0.072,3.445,0.627,0.192,0.000,0.000,0.000,0.000,0.000,0.000,0.000,0.000,0.000,0.000,0.000,0.000,0.000,0.000,0.000,0.000,0,0,0.247,0.487,3.517,0.000,14
Classic CPU ROAM,RelWithDebInfo,OpenGL,NVIDIA GeForce RTX 5090 D/PCIe/SSE2,4.3.0 NVIDIA 591.86,false,assets/heightmaps/Hm_Terrain_Test_129.pgm,129,129,30.000,4.000,14,4.000,2.000,20000,0.825,0.000,6.000,1.224,5.694,10132,49864,10130,42,20,84,46,0,0,0,0,1,277.659,5.876,5.627,0.079,0.522,0.022,0.072,0.000,0.221,0.022,0.072,3.771,0.845,0.196,0.000,0.000,0.000,0.000,0.000,0.000,0.000,0.000,0.000,0.000,0.000,0.000,0.000,0.000,0.000,0.000,0,0,0.243,0.544,3.843,0.000,14
Classic CPU ROAM,RelWithDebInfo,OpenGL,NVIDIA GeForce RTX 5090 D/PCIe/SSE2,4.3.0 NVIDIA 591.86,false,assets/heightmaps/Hm_Terrain_Test_129.pgm,129,129,30.000,4.000,14,4.000,2.000,20000,0.831,0.000,6.000,1.141,6.434,10090,49952,10088,44,22,86,42,0,0,0,0,1,0.000,5.714,5.477,0.078,0.559,0.023,0.075,0.000,0.229,0.011,0.087,3.784,0.629,0.188,0.000,0.000,0.000,0.000,0.000,0.000,0.000,0.000,0.000,0.000,0.000,0.000,0.000,0.000,0.000,0.000,0,0,0.241,0.582,3.871,0.000,14
Classic CPU ROAM,RelWithDebInfo,OpenGL,NVIDIA GeForce RTX 5090 D/PCIe/SSE2,4.3.0 NVIDIA 591.86,false,assets/heightmaps/Hm_Terrain_Test_129.pgm,129,129,30.000,4.000,14,4.000,2.000,20000,0.837,0.000,6.000,1.066,6.058,10084,50052,10082,50,25,56,33,0,0,0,0,1,0.000,5.409,5.184,0.083,0.526,0.015,0.072,0.000,0.218,0.013,0.087,3.579,0.590,0.180,0.000,0.000,0.000,0.000,0.000,0.000,0.000,0.000,0.000,0.000,0.000,0.000,0.000,0.000,0.000,0.000,0,0,0.232,0.542,3.665,0.000,14
Classic CPU ROAM,RelWithDebInfo,OpenGL,NVIDIA GeForce RTX 5090 D/PCIe/SSE2,4.3.0 NVIDIA 591.86,false,assets/heightmaps/Hm_Terrain_Test_129.pgm,129,129,30.000,4.000,14,4.000,2.000,20000,0.843,0.000,6.000,0.995,5.859,10040,50108,10038,28,14,72,46,0,0,0,0,1,610.972,5.338,5.114,0.088,0.481,0.017,0.075,0.000,0.213,0.008,0.086,3.566,0.579,0.174,0.000,0.000,0.000,0.000,0.000,0.000,0.000,0.000,0.000,0.000,0.000,0.000,0.000,0.000,0.000,0.000,0,0,0.221,0.498,3.652,0.000,14
Classic CPU ROAM,RelWithDebInfo,OpenGL,NVIDIA GeForce RTX 5090 D/PCIe/SSE2,4.3.0 NVIDIA 591.86,false,assets/heightmaps/Hm_Terrain_Test_129.pgm,129,129,30.000,4.000,14,4.000,2.000,20000,0.849,0.000,6.000,0.929,5.652,10014,50192,10012,42,21,68,36,0,0,0,0,1,0.000,5.150,4.920,0.094,0.491,0.017,0.071,0.000,0.212,0.010,0.086,3.423,0.516,0.178,0.000,0.000,0.000,0.000,0.000,0.000,0.000,0.000,0.000,0.000,0.000,0.000,0.000,0.000,0.000,0.000,0,0,0.221,0.509,3.509,0.000,14
Classic CPU ROAM,RelWithDebInfo,OpenGL,NVIDIA GeForce RTX 5090 D/PCIe/SSE2,4.3.0 NVIDIA 591.86,false,assets/heightmaps/Hm_Terrain_Test_129.pgm,129,129,30.000,4.000,14,4.000,2.000,20000,0.854,0.000,6.000,0.866,5.449,9960,50256,9958,32,16,86,40,0,0,0,0,1,0.000,5.251,5.025,0.079,0.463,0.020,0.074,0.000,0.208,0.007,0.068,3.433,0.673,0.176,0.000,0.000,0.000,0.000,0.000,0.000,0.000,0.000,0.000,0.000,0.000,0.000,0.000,0.000,0.000,0.000,0,0,0.215,0.483,3.501,0.000,14
Classic CPU ROAM,RelWithDebInfo,OpenGL,NVIDIA GeForce RTX 5090 D/PCIe/SSE2,4.3.0 NVIDIA 591.86,false,assets/heightmaps/Hm_Terrain_Test_129.pgm,129,129,30.000,4.000,14,4.000,2.000,20000,0.860,0.000,6.000,0.804,5.641,9894,50340,9892,42,21,108,34,0,0,0,0,1,0.000,5.445,5.220,0.078,0.538,0.027,0.078,0.000,0.209,0.011,0.090,3.605,0.583,0.176,0.000,0.000,0.000,0.000,0.000,0.000,0.000,0.000,0.000,0.000,0.000,0.000,0.000,0.000,0.000,0.000,0,0,0.220,0.566,3.695,0.000,14
Classic CPU ROAM,RelWithDebInfo,OpenGL,NVIDIA GeForce RTX 5090 D/PCIe/SSE2,4.3.0 NVIDIA 591.86,false,assets/heightmaps/Hm_Terrain_Test_129.pgm,129,129,30.000,4.000,14,4.000,2.000,20000,0.865,0.000,6.000,0.742,5.808,9890,50452,9888,56,27,60,38,0,0,0,0,1,0.000,5.220,4.993,0.076,0.473,0.015,0.074,0.000,0.197,0.016,0.085,3.489,0.566,0.177,0.000,0.000,0.000,0.000,0.000,0.000,0.000,0.000,0.000,0.000,0.000,0.000,0.000,0.000,0.000,0.000,0,0,0.213,0.488,3.575,0.000,14
Classic CPU ROAM,RelWithDebInfo,OpenGL,NVIDIA GeForce RTX 5090 D/PCIe/SSE2,4.3.0 NVIDIA 591.86,false,assets/heightmaps/Hm_Terrain_Test_129.pgm,129,129,30.000,4.000,14,4.000,2.000,20000,0.871,0.000,6.000,0.683,5.711,9847,50548,9845,48,24,91,42,0,0,0,0,1,335.524,4.871,4.656,0.076,0.495,0.022,0.069,0.000,0.193,0.013,0.067,3.196,0.526,0.168,0.000,0.000,0.000,0.000,0.000,0.000,0.000,0.000,0.000,0.000,0.000,0.000,0.000,0.000,0.000,0.000,0,0,0.205,0.517,3.264,0.000,14
Classic CPU ROAM,RelWithDebInfo,OpenGL,NVIDIA GeForce RTX 5090 D/PCIe/SSE2,4.3.0 NVIDIA 591.86,false,assets/heightmaps/Hm_Terrain_Test_129.pgm,129,129,30.000,4.000,14,4.000,2.000,20000,0.876,0.000,6.000,0.631,5.320,9807,50596,9805,24,12,64,28,0,0,0,0,1,0.000,4.968,4.751,0.076,0.456,0.017,0.067,0.000,0.191,0.007,0.068,3.367,0.502,0.171,0.000,0.000,0.000,0.000,0.000,0.000,0.000,0.000,0.000,0.000,0.000,0.000,0.000,0.000,0.000,0.000,0,0,0.198,0.473,3.435,0.000,14
Classic CPU ROAM,RelWithDebInfo,OpenGL,NVIDIA GeForce RTX 5090 D/PCIe/SSE2,4.3.0 NVIDIA 591.86,false,assets/heightmaps/Hm_Terrain_Test_129.pgm,129,129,30.000,4.000,14,4.000,2.000,20000,0.882,0.000,6.000,0.579,5.358,9799,50676,9797,40,20,48,29,0,0,0,0,1,0.000,5.129,4.871,0.084,0.456,0.012,0.067,0.000,0.182,0.009,0.083,3.457,0.522,0.213,0.000,0.000,0.000,0.000,0.000,0.000,0.000,0.000,0.000,0.000,0.000,0.000,0.000,0.000,0.000,0.000,0,0,0.191,0.468,3.539,0.000,14
Classic CPU ROAM,RelWithDebInfo,OpenGL,NVIDIA GeForce RTX 5090 D/PCIe/SSE2,4.3.0 NVIDIA 591.86,false,assets/heightmaps/Hm_Terrain_Test_129.pgm,129,129,30.000,4.000,14,4.000,2.000,20000,0.887,0.000,6.000,0.529,5.517,9750,50732,9748,28,14,77,32,0,0,0,0,1,324.318,5.064,4.817,0.087,0.443,0.019,0.066,0.000,0.183,0.008,0.066,3.352,0.592,0.200,0.000,0.000,0.000,0.000,0.000,0.000,0.000,0.000,0.000,0.000,0.000,0.000,0.000,0.000,0.000,0.000,0,0,0.192,0.462,3.418,0.000,14
Classic CPU ROAM,RelWithDebInfo,OpenGL,NVIDIA GeForce RTX 5090 D/PCIe/SSE2,4.3.0 NVIDIA 591.86,false,assets/heightmaps/Hm_Terrain_Test_129.pgm,129,129,30.000,4.000,14,4.000,2.000,20000,0.893,0.000,6.000,0.481,5.361,9702,50772,9700,20,10,68,26,0,0,0,0,1,0.000,5.273,5.041,0.077,0.462,0.018,0.066,0.000,0.176,0.005,0.065,3.559,0.613,0.185,0.000,0.000,0.000,0.000,0.000,0.000,0.000,0.000,0.000,0.000,0.000,0.000,0.000,0.000,0.000,0.000,0,0,0.182,0.480,3.624,0.000,14
Classic CPU ROAM,RelWithDebInfo,OpenGL,NVIDIA GeForce RTX 5090 D/PCIe/SSE2,4.3.0 NVIDIA 591.86,false,assets/heightmaps/Hm_Terrain_Test_129.pgm,129,129,30.000,4.000,14,4.000,2.000,20000,0.898,0.000,6.000,0.434,5.609,9722,50848,9720,38,19,18,24,0,0,0,0,1,0.000,5.207,4.983,0.107,0.451,0.005,0.066,0.000,0.177,0.015,0.104,3.461,0.596,0.176,0.000,0.000,0.000,0.000,0.000,0.000,0.000,0.000,0.000,0.000,0.000,0.000,0.000,0.000,0.000,0.000,0,0,0.193,0.456,3.565,0.000,14
Classic CPU ROAM,RelWithDebInfo,OpenGL,NVIDIA GeForce RTX 5090 D/PCIe/SSE2,4.3.0 NVIDIA 591.86,false,assets/heightmaps/Hm_Terrain_Test_129.pgm,129,129,30.000,4.000,14,4.000,2.000,20000,0.904,0.000,6.000,0.389,5.565,9686,50888,9684,20,10,56,42,0,0,0,0,1,341.217,4.792,4.578,0.085,0.488,0.015,0.070,0.000,0.180,0.009,0.068,3.160,0.503,0.168,0.000,0.000,0.000,0.000,0.000,0.000,0.000,0.000,0.000,0.000,0.000,0.000,0.000,0.000,0.000,0.000,0,0,0.190,0.502,3.227,0.000,14
Classic CPU ROAM,RelWithDebInfo,OpenGL,NVIDIA GeForce RTX 5090 D/PCIe/SSE2,4.3.0 NVIDIA 591.86,false,assets/heightmaps/Hm_Terrain_Test_129.pgm,129,129,30.000,4.000,14,4.000,2.000,20000,0.909,0.000,6.000,0.349,5.357,9682,50932,9680,22,11,26,18,0,0,0,0,1,0.000,4.994,4.779,0.152,0.611,0.007,0.069,0.000,0.178,0.007,0.067,3.173,0.515,0.169,0.000,0.000,0.000,0.000,0.000,0.000,0.000,0.000,0.000,0.000,0.000,0.000,0.000,0.000,0.000,0.000,0,0,0.185,0.618,3.240,0.000,14
Classic CPU ROAM,RelWithDebInfo,OpenGL,NVIDIA GeForce RTX 5090 D/PCIe/SSE2,4.3.0 NVIDIA 591.86,false,assets/heightmaps/Hm_Terrain_Test_129.pgm,129,129,30.000,4.000,14,4.000,2.000,20000,0.915,0.000,6.000,0.310,5.311,9669,50966,9667,17,8,30,20,0,0,0,0,1,0.000,4.906,4.695,0.076,0.451,0.009,0.066,0.000,0.171,0.005,0.066,3.315,0.536,0.168,0.000,0.000,0.000,0.000,0.000,0.000,0.000,0.000,0.000,0.000,0.000,0.000,0.000,0.000,0.000,0.000,0,0,0.176,0.460,3.381,0.000,14
Classic CPU ROAM,RelWithDebInfo,OpenGL,NVIDIA GeForce RTX 5090 D/PCIe/SSE2,4.3.0 NVIDIA 591.86,false,assets/heightmaps/Hm_Terrain_Test_129.pgm,129,129,30.000,4.000,14,4.000,2.000,20000,0.920,0.000,6.000,0.274,5.352,9660,51004,9658,19,8,28,18,0,0,0,0,1,318.248,5.124,4.909,0.075,0.448,0.007,0.066,0.000,0.168,0.006,0.081,3.519,0.538,0.169,0.000,0.000,0.000,0.000,0.000,0.000,0.000,0.000,0.000,0.000,0.000,0.000,0.000,0.000,0.000,0.000,0,0,0.175,0.456,3.600,0.000,14
Classic CPU ROAM,RelWithDebInfo,OpenGL,NVIDIA GeForce RTX 5090 D/PCIe/SSE2,4.3.0 NVIDIA 591.86,false,assets/heightmaps/Hm_Terrain_Test_129.pgm,129,129,30.000,4.000,14,4.000,2.000,20000,0.925,0.000,6.000,0.239,5.441,9648,51044,9646,20,10,32,22,0,0,0,0,1,0.000,5.073,4.862,0.078,0.468,0.009,0.065,0.000,0.167,0.006,0.082,3.504,0.483,0.168,0.000,0.000,0.000,0.000,0.000,0.000,0.000,0.000,0.000,0.000,0.000,0.000,0.000,0.000,0.000,0.000,0,0,0.173,0.477,3.587,0.000,14
Classic CPU ROAM,RelWithDebInfo,OpenGL,NVIDIA GeForce RTX 5090 D/PCIe/SSE2,4.3.0 NVIDIA 591.86,false,assets/heightmaps/Hm_Terrain_Test_129.pgm,129,129,30.000,4.000,14,4.000,2.000,20000,0.931,0.000,6.000,0.206,5.446,9643,51086,9641,21,10,26,14,0,0,0,0,1,0.000,5.499,4.777,0.074,0.442,0.007,0.064,0.000,0.164,0.005,0.080,3.455,0.484,0.676,0.000,0.000,0.000,0.000,0.000,0.000,0.000,0.000,0.000,0.000,0.000,0.000,0.000,0.000,0.000,0.000,0,0,0.170,0.449,3.535,0.000,14
Classic CPU ROAM,RelWithDebInfo,OpenGL,NVIDIA GeForce RTX 5090 D/PCIe/SSE2,4.3.0 NVIDIA 591.86,false,assets/heightmaps/Hm_Terrain_Test_129.pgm,129,129,30.000,4.000,14,4.000,2.000,20000,0.937,0.000,6.000,0.173,5.882,9630,51156,9628,35,17,48,26,0,0,0,0,1,631.160,5.182,4.950,0.081,0.468,0.013,0.070,0.000,0.169,0.010,0.086,3.313,0.740,0.176,0.000,0.000,0.000,0.000,0.000,0.000,0.000,0.000,0.000,0.000,0.000,0.000,0.000,0.000,0.000,0.000,0,0,0.179,0.481,3.399,0.000,14
Classic CPU ROAM,RelWithDebInfo,OpenGL,NVIDIA GeForce RTX 5090 D/PCIe/SSE2,4.3.0 NVIDIA 591.86,false,assets/heightmaps/Hm_Terrain_Test_129.pgm,129,129,30.000,4.000,14,4.000,2.000,20000,0.942,0.000,6.000,0.144,5.714,9549,51194,9547,19,8,100,34,0,0,0,0,1,0.000,4.989,4.768,0.080,0.501,0.025,0.067,0.000,0.169,0.006,0.066,3.206,0.646,0.169,0.000,0.000,0.000,0.000,0.000,0.000,0.000,0.000,0.000,0.000,0.000,0.000,0.000,0.000,0.000,0.000,0,0,0.176,0.527,3.272,0.000,14
Classic CPU ROAM,RelWithDebInfo,OpenGL,NVIDIA GeForce RTX 5090 D/PCIe/SSE2,4.3.0 NVIDIA 591.86,false,assets/heightmaps/Hm_Terrain_Test_129.pgm,129,129,30.000,4.000,14,4.000,2.000,20000,0.948,0.000,6.000,0.119,5.327,9553,51222,9551,14,7,10,8,0,0,0,0,1,0.000,4.933,4.708,0.080,0.470,0.003,0.066,0.000,0.160,0.019,0.065,3.273,0.571,0.178,0.000,0.000,0.000,0.000,0.000,0.000,0.000,0.000,0.000,0.000,0.000,0.000,0.000,0.000,0.000,0.000,0,0,0.179,0.473,3.339,0.000,14
Classic CPU ROAM,RelWithDebInfo,OpenGL,NVIDIA GeForce RTX 5090 D/PCIe/SSE2,4.3.0 NVIDIA 591.86,false,assets/heightmaps/Hm_Terrain_Test_129.pgm,129,129,30.000,4.000,14,4.000,2.000,20000,0.953,0.000,6.000,0.096,5.290,9554,51260,9552,19,9,18,11,0,0,0,0,1,0.000,5.145,4.898,0.074,0.479,0.004,0.065,0.000,0.159,0.005,0.065,3.499,0.547,0.200,0.000,0.000,0.000,0.000,0.000,0.000,0.000,0.000,0.000,0.000,0.000,0.000,0.000,0.000,0.000,0.000,0,0,0.164,0.483,3.564,0.000,14
Classic CPU ROAM,RelWithDebInfo,OpenGL,NVIDIA GeForce RTX 5090 D/PCIe/SSE2,4.3.0 NVIDIA 591.86,false,assets/heightmaps/Hm_Terrain_Test_129.pgm,129,129,30.000,4.000,14,4.000,2.000,20000,0.959,0.000,6.000,0.075,5.599,9556,51268,9554,4,2,2,2,0,0,0,0,1,0.000,5.291,5.044,0.084,0.462,0.001,0.071,0.000,0.157,0.001,0.090,3.644,0.534,0.205,0.000,0.000,0.000,0.000,0.000,0.000,0.000,0.000,0.000,0.000,0.000,0.000,0.000,0.000,0.000,0.000,0,0,0.158,0.463,3.734,0.000,14
Classic CPU ROAM,RelWithDebInfo,OpenGL,NVIDIA GeForce RTX 5090 D/PCIe/SSE2,4.3.0 NVIDIA 591.86,false,assets/heightmaps/Hm_Terrain_Test_129.pgm,129,129,30.000,4.000,14,4.000,2.000,20000,0.964,0.000,6.000,0.056,5.713,9554,51288,9552,10,5,12,8,0,0,0,0,1,311.069,5.254,5.022,0.073,0.454,0.004,0.065,0.000,0.155,0.002,0.079,3.556,0.634,0.178,0.000,0.000,0.000,0.000,0.000,0.000,0.000,0.000,0.000,0.000,0.000,0.000,0.000,0.000,0.000,0.000,0,0,0.157,0.458,3.635,0.000,14
Classic CPU ROAM,RelWithDebInfo,OpenGL,NVIDIA GeForce RTX 5090 D/PCIe/SSE2,4.3.0 NVIDIA 591.86,false,assets/heightmaps/Hm_Terrain_Test_129.pgm,129,129,30.000,4.000,14,4.000,2.000,20000,0.970,0.000,6.000,0.040,5.610,9545,51298,9543,5,2,14,8,0,0,0,0,1,0.000,4.997,4.776,0.076,0.469,0.004,0.069,0.000,0.159,0.002,0.088,3.341,0.567,0.176,0.000,0.000,0.000,0.000,0.000,0.000,0.000,0.000,0.000,0.000,0.000,0.000,0.000,0.000,0.000,0.000,0,0,0.161,0.474,3.429,0.000,14
Classic CPU ROAM,RelWithDebInfo,OpenGL,NVIDIA GeForce RTX 5090 D/PCIe/SSE2,4.3.0 NVIDIA 591.86,false,assets/heightmaps/Hm_Terrain_Test_129.pgm,129,129,30.000,4.000,14,4.000,2.000,20000,0.975,0.000,6.000,0.027,5.336,9546,51312,9544,7,3,6,4,0,0,0,0,1,0.000,4.864,4.631,0.083,0.448,0.002,0.071,0.000,0.154,0.002,0.066,3.222,0.581,0.183,0.000,0.000,0.000,0.000,0.000,0.000,0.000,0.000,0.000,0.000,0.000,0.000,0.000,0.000,0.000,0.000,0,0,0.157,0.450,3.288,0.000,14
Classic CPU ROAM,RelWithDebInfo,OpenGL,NVIDIA GeForce RTX 5090 D/PCIe/SSE2,4.3.0 NVIDIA 591.86,false,assets/heightmaps/Hm_Terrain_Test_129.pgm,129,129,30.000,4.000,14,4.000,2.000,20000,0.980,0.000,6.000,0.017,5.220,9550,51328,9548,8,4,4,5,0,0,0,0,1,328.360,4.986,4.758,0.075,0.454,0.001,0.067,0.000,0.166,0.003,0.086,3.346,0.559,0.182,0.000,0.000,0.000,0.000,0.000,0.000,0.000,0.000,0.000,0.000,0.000,0.000,0.000,0.000,0.000,0.000,0,0,0.169,0.456,3.431,0.000,14
Classic CPU ROAM,RelWithDebInfo,OpenGL,NVIDIA GeForce RTX 5090 D/PCIe/SSE2,4.3.0 NVIDIA 591.86,false,assets/heightmaps/Hm_Terrain_Test_129.pgm,129,129,30.000,4.000,14,4.000,2.000,20000,0.986,0.000,6.000,0.009,5.314,9546,51332,9544,2,1,6,2,0,0,0,0,1,0.000,5.186,4.969,0.127,0.454,0.002,0.066,0.000,0.154,0.001,0.081,3.471,0.612,0.170,0.000,0.000,0.000,0.000,0.000,0.000,0.000,0.000,0.000,0.000,0.000,0.000,0.000,0.000,0.000,0.000,0,0,0.155,0.456,3.552,0.000,14
Classic CPU ROAM,RelWithDebInfo,OpenGL,NVIDIA GeForce RTX 5090 D/PCIe/SSE2,4.3.0 NVIDIA 591.86,false,assets/heightmaps/Hm_Terrain_Test_129.pgm,129,129,30.000,4.000,14,4.000,2.000,20000,0.991,0.000,6.000,0.003,5.598,9550,51340,9548,4,2,0,2,0,0,0,0,1,0.000,5.054,4.840,0.075,0.452,0.000,0.065,0.000,0.152,0.008,0.080,3.470,0.538,0.169,0.000,0.000,0.000,0.000,0.000,0.000,0.000,0.000,0.000,0.000,0.000,0.000,0.000,0.000,0.000,0.000,0,0,0.161,0.452,3.550,0.000,14
Classic CPU ROAM,RelWithDebInfo,OpenGL,NVIDIA GeForce RTX 5090 D/PCIe/SSE2,4.3.0 NVIDIA 591.86,false,assets/heightmaps/Hm_Terrain_Test_129.pgm,129,129,30.000,4.000,14,4.000,2.000,20000,0.997,0.000,6.000,0.000,5.486,9550,51340,9548,0,0,0,0,0,0,0,0,1,321.966,5.074,4.852,0.073,0.446,0.000,0.064,0.000,0.151,0.000,0.063,3.410,0.645,0.171,0.000,0.000,0.000,0.000,0.000,0.000,0.000,0.000,0.000,0.000,0.000,0.000,0.000,0.000,0.000,0.000,0,0,0.151,0.446,3.474,0.000,14
Classic CPU ROAM,RelWithDebInfo,OpenGL,NVIDIA GeForce RTX 5090 D/PCIe/SSE2,4.3.0 NVIDIA 591.86,false,assets/heightmaps/Hm_Terrain_Test_129.pgm,129,129,30.000,4.000,14,4.000,2.000,20000,1.000,0.000,6.000,0.000,5.410,9550,51340,9548,0,0,0,0,0,0,0,0,1,0.000,4.806,4.587,0.075,0.467,0.000,0.067,0.000,0.153,0.000,0.064,3.234,0.526,0.176,0.000,0.000,0.000,0.000,0.000,0.000,0.000,0.000,0.000,0.000,0.000,0.000,0.000,0.000,0.000,0.000,0,0,0.153,0.467,3.297,0.000,14
Data-Oriented CPU ROAM,RelWithDebInfo,OpenGL,NVIDIA GeForce RTX 5090 D/PCIe/SSE2,4.3.0 NVIDIA 591.86,false,assets/heightmaps/Hm_Terrain_Test_129.pgm,129,129,30.000,4.000,14,4.000,2.000,20000,0.000,0.000,6.000,15.000,22.184,15199,30396,15197,15197,7664,0,5233,0,0,0,0,8,83.694,18.974,18.668,6.726,0.000,0.002,0.000,0.001,0.001,8.368,0.250,1.928,1.390,0.257,0.000,0.000,0.000,0.000,0.000,0.000,0.000,0.000,0.000,0.000,0.000,0.000,0.000,0.000,0.000,0.000,0,0,8.370,0.003,2.178,0.000,14
Data-Oriented CPU ROAM,RelWithDebInfo,OpenGL,NVIDIA GeForce RTX 5090 D/PCIe/SSE2,4.3.0 NVIDIA 591.86,false,assets/heightmaps/Hm_Terrain_Test_129.pgm,129,129,30.000,4.000,14,4.000,2.000,20000,0.020,0.000,6.000,14.983,19.825,15226,30450,15224,27,13,0,15,0,0,0,0,8,1174.437,5.657,5.321,0.117,1.031,0.002,0.280,0.195,1.125,0.034,0.275,1.007,1.253,0.269,0.000,0.000,0.000,0.000,0.000,0.000,0.000,0.000,0.000,0.000,0.000,0.000,0.000,0.000,0.000,0.000,0,0,1.354,1.033,1.283,0.000,14
Data-Oriented CPU ROAM,RelWithDebInfo,OpenGL,NVIDIA GeForce RTX 5090 D/PCIe/SSE2,4.3.0 NVIDIA 591.86,false,assets/heightmaps/Hm_Terrain_Test_129.pgm,129,129,30.000,4.000,14,4.000,2.000,20000,0.099,0.000,6.000,14.588,79.126,15040,31064,15038,307,149,493,269,0,0,0,0,8,242.165,6.828,6.447,0.743,0.807,0.428,0.285,0.155,1.039,0.315,0.252,0.921,1.501,0.289,0.000,0.000,0.000,0.000,0.000,0.000,0.000,0.000,0.000,0.000,0.000,0.000,0.000,0.000,0.000,0.000,0,0,1.510,1.235,1.173,0.000,14
Data-Oriented CPU ROAM,RelWithDebInfo,OpenGL,NVIDIA GeForce RTX 5090 D/PCIe/SSE2,4.3.0 NVIDIA 591.86,false,assets/heightmaps/Hm_Terrain_Test_129.pgm,129,129,30.000,4.000,14,4.000,2.000,20000,0.106,0.000,6.000,14.526,7.531,15032,31144,15030,40,20,48,26,0,0,0,0,8,0.000,5.238,4.916,0.131,0.858,0.047,0.271,0.153,1.081,0.044,0.257,0.914,1.161,0.255,0.000,0.000,0.000,0.000,0.000,0.000,0.000,0.000,0.000,0.000,0.000,0.000,0.000,0.000,0.000,0.000,0,0,1.278,0.906,1.170,0.000,14
Data-Oriented CPU ROAM,RelWithDebInfo,OpenGL,NVIDIA GeForce RTX 5090 D/PCIe/SSE2,4.3.0 NVIDIA 591.86,false,assets/heightmaps/Hm_Terrain_Test_129.pgm,129,129,30.000,4.000,14,4.000,2.000,20000,0.112,0.000,6.000,14.476,5.695,15056,31232,15054,44,22,20,26,0,0,0,0,8,304.789,5.477,5.125,0.122,1.037,0.024,0.270,0.155,1.087,0.056,0.248,0.913,1.215,0.272,0.000,0.000,0.000,0.000,0.000,0.000,0.000,0.000,0.000,0.000,0.000,0.000,0.000,0.000,0.000,0.000,0,0,1.297,1.061,1.161,0.000,14
Data-Oriented CPU ROAM,RelWithDebInfo,OpenGL,NVIDIA GeForce RTX 5090 D/PCIe/SSE2,4.3.0 NVIDIA 591.86,false,assets/heightmaps/Hm_Terrain_Test_129.pgm,129,129,30.000,4.000,14,4.000,2.000,20000,0.118,0.000,6.000,14.422,5.904,15056,31328,15054,48,24,48,29,0,0,0,0,8,0.000,5.541,5.214,0.123,1.010,0.046,0.271,0.149,0.744,0.049,0.240,1.456,1.126,0.261,0.000,0.000,0.000,0.000,0.000,0.000,0.000,0.000,0.000,0.000,0.000,0.000,0.000,0.000,0.000,0.000,0,0,0.942,1.056,1.695,0.000,14
Data-Oriented CPU ROAM,RelWithDebInfo,OpenGL,NVIDIA GeForce RTX 5090 D/PCIe/SSE2,4.3.0 NVIDIA 591.86,false,assets/heightmaps/Hm_Terrain_Test_129.pgm,129,129,30.000,4.000,14,4.000,2.000,20000,0.124,0.000,6.000,14.363,6.119,15042,31416,15040,44,21,58,34,0,0,0,0,8,0.000,5.005,4.671,0.120,1.050,0.060,0.285,0.148,0.730,0.045,0.239,0.866,1.129,0.269,0.000,0.000,0.000,0.000,0.000,0.000,0.000,0.000,0.000,0.000,0.000,0.000,0.000,0.000,0.000,0.000,0,0,0.923,1.109,1.106,0.000,14
Data-Oriented CPU ROAM,RelWithDebInfo,OpenGL,NVIDIA GeForce RTX 5090 D/PCIe/SSE2,4.3.0 NVIDIA 591.86,false,assets/heightmaps/Hm_Terrain_Test_129.pgm,129,129,30.000,4.000,14,4.000,2.000,20000,0.130,0.000,6.000,14.308,5.542,15002,31484,15000,34,17,74,29,0,0,0,0,8,298.255,5.571,5.238,0.118,1.011,0.082,0.261,0.152,1.012,0.040,0.247,1.206,1.107,0.273,0.000,0.000,0.000,0.000,0.000,0.000,0.000,0.000,0.000,0.000,0.000,0.000,0.000,0.000,0.000,0.000,0,0,1.205,1.094,1.453,0.000,14
Data-Oriented CPU ROAM,RelWithDebInfo,OpenGL,NVIDIA GeForce RTX 5090 D/PCIe/SSE2,4.3.0 NVIDIA 591.86,false,assets/heightmaps/Hm_Terrain_Test_129.pgm,129,129,30.000,4.000,14,4.000,2.000,20000,0.136,0.000,6.000,14.246,5.988,14962,31576,14960,46,23,86,48,0,0,0,0,8,0.000,5.362,5.028,0.123,1.045,0.085,0.273,0.153,1.072,0.048,0.240,0.847,1.142,0.272,0.000,0.000,0.000,0.000,0.000,0.000,0.000,0.000,0.000,0.000,0.000,0.000,0.000,0.000,0.000,0.000,0,0,1.273,1.130,1.087,0.000,14
Data-Oriented CPU ROAM,RelWithDebInfo,OpenGL,NVIDIA GeForce RTX 5090 D/PCIe/SSE2,4.3.0 NVIDIA 591.86,false,assets/heightmaps/Hm_Terrain_Test_129.pgm,129,129,30.000,4.000,14,4.000,2.000,20000,0.141,0.000,6.000,14.184,5.757,14938,31652,14936,38,19,62,32,0,0,0,0,8,0.000,4.893,4.570,0.124,0.603,0.059,0.271,0.152,1.047,0.050,0.247,0.854,1.162,0.260,0.000,0.000,0.000,0.000,0.000,0.000,0.000,0.000,0.000,0.000,0.000,0.000,0.000,0.000,0.000,0.000,0,0,1.249,0.662,1.101,0.000,14
Data-Oriented CPU ROAM,RelWithDebInfo,OpenGL,NVIDIA GeForce RTX 5090 D/PCIe/SSE2,4.3.0 NVIDIA 591.86,false,assets/heightmaps/Hm_Terrain_Test_129.pgm,129,129,30.000,4.000,14,4.000,2.000,20000,0.147,0.000,6.000,14.125,5.283,14942,31752,14940,50,25,46,36,0,0,0,0,8,0.000,5.058,4.718,0.119,0.706,0.045,0.264,0.158,1.084,0.061,0.248,0.869,1.163,0.275,0.000,0.000,0.000,0.000,0.000,0.000,0.000,0.000,0.000,0.000,0.000,0.000,0.000,0.000,0.000,0.000,0,0,1.303,0.751,1.117,0.000,14
Data-Oriented CPU ROAM,RelWithDebInfo,OpenGL,NVIDIA GeForce RTX 5090 D/PCIe/SSE2,4.3.0 NVIDIA 591.86,false,assets/heightmaps/Hm_Terrain_Test_129.pgm,129,129,30.000,4.000,14,4.000,2.000,20000,0.152,0.000,6.000,14.062,5.582,14950,31832,14948,40,20,32,28,0,0,0,0,8,0.000,5.513,5.183,0.126,0.974,0.038,0.268,0.147,1.001,0.041,0.240,1.220,1.128,0.264,0.000,0.000,0.000,0.000,0.000,0.000,0.000,0.000,0.000,0.000,0.000,0.000,0.000,0.000,0.000,0.000,0,0,1.189,1.012,1.460,0.000,14
Data-Oriented CPU ROAM,RelWithDebInfo,OpenGL,NVIDIA GeForce RTX 5090 D/PCIe/SSE2,4.3.0 NVIDIA 591.86,false,assets/heightmaps/Hm_Terrain_Test_129.pgm,129,129,30.000,4.000,14,4.000,2.000,20000,0.158,0.000,6.000,13.991,5.980,15006,31992,15004,80,40,24,50,0,0,0,0,8,318.669,5.227,4.902,0.134,0.930,0.029,0.283,0.191,1.066,0.078,0.252,0.833,1.104,0.264,0.000,0.000,0.000,0.000,0.000,0.000,0.000,0.000,0.000,0.000,0.000,0.000,0.000,0.000,0.000,0.000,0,0,1.336,0.959,1.085,0.000,14
Data-Oriented CPU ROAM,RelWithDebInfo,OpenGL,NVIDIA GeForce RTX 5090 D/PCIe/SSE2,4.3.0 NVIDIA 591.86,false,assets/heightmaps/Hm_Terrain_Test_129.pgm,129,129,30.000,4.000,14,4.000,2.000,20000,0.164,0.000,6.000,13.922,5.654,15005,32104,15003,56,27,57,37,0,0,0,0,8,0.000,4.494,4.182,0.126,0.565,0.059,0.263,0.154,0.736,0.058,0.248,0.857,1.115,0.252,0.000,0.000,0.000,0.000,0.000,0.000,0.000,0.000,0.000,0.000,0.000,0.000,0.000,0.000,0.000,0.000,0,0,0.948,0.624,1.106,0.000,14
Data-Oriented CPU ROAM,RelWithDebInfo,OpenGL,NVIDIA GeForce RTX 5090 D/PCIe/SSE2,4.3.0 NVIDIA 591.86,false,assets/heightmaps/Hm_Terrain_Test_129.pgm,129,129,30.000,4.000,14,4.000,2.000,20000,0.169,0.000,6.000,13.862,4.848,14940,32180,14938,38,19,103,53,0,0,0,0,8,0.000,5.036,4.712,0.142,0.778,0.096,0.263,0.155,1.026,0.042,0.243,0.829,1.136,0.260,0.000,0.000,0.000,0.000,0.000,0.000,0.000,0.000,0.000,0.000,0.000,0.000,0.000,0.000,0.000,0.000,0,0,1.224,0.874,1.073,0.000,14
Data-Oriented CPU ROAM,RelWithDebInfo,OpenGL,NVIDIA GeForce RTX 5090 D/PCIe/SSE2,4.3.0 NVIDIA 591.86,false,assets/heightmaps/Hm_Terrain_Test_129.pgm,129,129,30.000,4.000,14,4.000,2.000,20000,0.174,0.000,6.000,13.792,5.420,14815,32264,14813,42,21,167,34,0,0,0,0,8,2400.154,5.533,5.207,0.124,0.911,0.153,0.263,0.283,1.138,0.051,0.247,0.866,1.171,0.264,0.000,0.000,0.000,0.000,0.000,0.000,0.000,0.000,0.000,0.000,0.000,0.000,0.000,0.000,0.000,0.000,0,0,1.472,1.064,1.114,0.000,14
Data-Oriented CPU ROAM,RelWithDebInfo,OpenGL,NVIDIA GeForce RTX 5090 D/PCIe/SSE2,4.3.0 NVIDIA 591.86,false,assets/heightmaps/Hm_Terrain_Test_129.pgm,129,129,30.000,4.000,14,4.000,2.000,20000,0.180,0.000,6.000,13.714,5.946,14715,32364,14713,50,25,150,38,0,0,0,0,8,0.000,5.143,4.816,0.161,0.878,0.131,0.254,0.151,0.985,0.065,0.247,0.842,1.102,0.268,0.000,0.000,0.000,0.000,0.000,0.000,0.000,0.000,0.000,0.000,0.000,0.000,0.000,0.000,0.000,0.000,0,0,1.201,1.008,1.089,0.000,14
Data-Oriented CPU ROAM,RelWithDebInfo,OpenGL,NVIDIA GeForce RTX 5090 D/PCIe/SSE2,4.3.0 NVIDIA 591.86,false,assets/heightmaps/Hm_Terrain_Test_129.pgm,129,129,30.000,4.000,14,4.000,2.000,20000,0.186,0.000,6.000,13.640,5.519,14701,32504,14699,70,35,84,48,0,0,0,0,8,0.000,4.723,4.395,0.121,0.538,0.075,0.270,0.151,0.986,0.079,0.239,0.848,1.088,0.268,0.000,0.000,0.000,0.000,0.000,0.000,0.000,0.000,0.000,0.000,0.000,0.000,0.000,0.000,0.000,0.000,0,0,1.216,0.613,1.087,0.000,14
Data-Oriented CPU ROAM,RelWithDebInfo,OpenGL,NVIDIA GeForce RTX 5090 D/PCIe/SSE2,4.3.0 NVIDIA 591.86,false,assets/heightmaps/Hm_Terrain_Test_129.pgm,129,129,30.000,4.000,14,4.000,2.000,20000,0.191,0.000,6.000,13.569,5.139,14729,32636,14727,66,33,38,43,0,0,0,0,8,332.242,5.036,4.702,0.144,0.815,0.042,0.272,0.149,1.073,0.063,0.239,0.830,1.076,0.273,0.000,0.000,0.000,0.000,0.000,0.000,0.000,0.000,0.000,0.000,0.000,0.000,0.000,0.000,0.000,0.000,0,0,1.285,0.856,1.069,0.000,14
Data-Oriented CPU ROAM,RelWithDebInfo,OpenGL,NVIDIA GeForce RTX 5090 D/PCIe/SSE2,4.3.0 NVIDIA 591.86,false,assets/heightmaps/Hm_Terrain_Test_129.pgm,129,129,30.000,4.000,14,4.000,2.000,20000,0.196,0.000,6.000,13.493,5.406,14740,32756,14738,60,30,49,39,0,0,0,0,8,0.000,4.773,4.452,0.122,0.535,0.046,0.259,0.235,1.007,0.066,0.253,0.844,1.086,0.260,0.000,0.000,0.000,0.000,0.000,0.000,0.000,0.000,0.000,0.000,0.000,0.000,0.000,0.000,0.000,0.000,0,0,1.307,0.581,1.097,0.000,14
Data-Oriented CPU ROAM,RelWithDebInfo,OpenGL,NVIDIA GeForce RTX 5090 D/PCIe/SSE2,4.3.0 NVIDIA 591.86,false,assets/heightmaps/Hm_Terrain_Test_129.pgm,129,129,30.000,4.000,14,4.000,2.000,20000,0.201,0.000,6.000,13.418,5.225,14700,32848,14698,46,22,86,31,0,0,0,0,8,0.000,5.406,5.081,0.132,0.862,0.103,0.263,0.150,0.977,0.060,0.237,1.216,1.080,0.264,0.000,0.000,0.000,0.000,0.000,0.000,0.000,0.000,0.000,0.000,0.000,0.000,0.000,0.000,0.000,0.000,0,0,1.187,0.965,1.454,0.000,14
Data-Oriented CPU ROAM,RelWithDebInfo,OpenGL,NVIDIA GeForce RTX 5090 D/PCIe/SSE2,4.3.0 NVIDIA 591.86,false,assets/heightmaps/Hm_Terrain_Test_129.pgm,129,129,30.000,4.000,14,4.000,2.000,20000,0.207,0.000,6.000,13.332,5.901,14648,32988,14646,70,35,122,46,0,0,0,0,8,957.062,5.241,4.897,0.117,0.910,0.107,0.270,0.147,1.031,0.069,0.235,0.853,1.158,0.282,0.000,0.000,0.000,0.000,0.000,0.000,0.000,0.000,0.000,0.000,0.000,0.000,0.000,0.000,0.000,0.000,0,0,1.247,1.017,1.088,0.000,14
Data-Oriented CPU ROAM,RelWithDebInfo,OpenGL,NVIDIA GeForce RTX 5090 D/PCIe/SSE2,4.3.0 NVIDIA 591.86,false,assets/heightmaps/Hm_Terrain_Test_129.pgm,129,129,30.000,4.000,14,4.000,2.000,20000,0.213,0.000,6.000,13.248,5.623,14624,33120,14622,66,33,90,46,0,0,0,0,8,0.000,4.732,4.421,0.142,0.553,0.089,0.254,0.149,0.970,0.065,0.241,0.881,1.077,0.253,0.000,0.000,0.000,0.000,0.000,0.000,0.000,0.000,0.000,0.000,0.000,0.000,0.000,0.000,0.000,0.000,0,0,1.183,0.642,1.122,0.000,14
Data-Oriented CPU ROAM,RelWithDebInfo,OpenGL,NVIDIA GeForce RTX 5090 D/PCIe/SSE2,4.3.0 NVIDIA 591.86,false,assets/heightmaps/Hm_Terrain_Test_129.pgm,129,129,30.000,4.000,14,4.000,2.000,20000,0.218,0.000,6.000,13.171,5.096,14644,33264,14642,72,36,52,47,0,0,0,0,8,0.000,5.301,4.946,0.211,0.946,0.053,0.256,0.150,1.030,0.072,0.247,0.892,1.088,0.295,0.000,0.000,0.000,0.000,0.000,0.000,0.000,0.000,0.000,0.000,0.000,0.000,0.000,0.000,0.000,0.000,0,0,1.253,0.999,1.139,0.000,14
Data-Oriented CPU ROAM,RelWithDebInfo,OpenGL,NVIDIA GeForce RTX 5090 D/PCIe/SSE2,4.3.0 NVIDIA 591.86,false,assets/heightmaps/Hm_Terrain_Test_129.pgm,129,129,30.000,4.000,14,4.000,2.000,20000,0.224,0.000,6.000,13.082,5.716,14674,33428,14672,82,41,52,55,0,0,0,0,8,612.793,5.454,5.098,0.136,0.973,0.080,0.340,0.150,1.081,0.088,0.243,0.883,1.124,0.289,0.000,0.000,0.000,0.000,0.000,0.000,0.000,0.000,0.000,0.000,0.000,0.000,0.000,0.000,0.000,0.000,0,0,1.319,1.053,1.127,0.000,14
Data-Oriented CPU ROAM,RelWithDebInfo,OpenGL,NVIDIA GeForce RTX 5090 D/PCIe/SSE2,4.3.0 NVIDIA 591.86,false,assets/heightmaps/Hm_Terrain_Test_129.pgm,129,129,30.000,4.000,14,4.000,2.000,20000,0.230,0.000,6.000,12.989,5.862,14642,33556,14640,64,31,96,45,0,0,0,0,8,0.000,5.088,4.773,0.139,0.706,0.103,0.254,0.149,1.060,0.064,0.242,0.863,1.192,0.253,0.000,0.000,0.000,0.000,0.000,0.000,0.000,0.000,0.000,0.000,0.000,0.000,0.000,0.000,0.000,0.000,0,0,1.273,0.809,1.105,0.000,14
Data-Oriented CPU ROAM,RelWithDebInfo,OpenGL,NVIDIA GeForce RTX 5090 D/PCIe/SSE2,4.3.0 NVIDIA 591.86,false,assets/heightmaps/Hm_Terrain_Test_129.pgm,129,129,30.000,4.000,14,4.000,2.000,20000,0.235,0.000,6.000,12.902,5.465,14595,33696,14593,70,35,117,49,0,0,0,0,8,0.000,5.069,4.717,0.240,0.990,0.117,0.260,0.149,0.696,0.068,0.234,0.881,1.082,0.289,0.000,0.000,0.000,0.000,0.000,0.000,0.000,0.000,0.000,0.000,0.000,0.000,0.000,0.000,0.000,0.000,0,0,0.914,1.106,1.114,0.000,14
Data-Oriented CPU ROAM,RelWithDebInfo,OpenGL,NVIDIA GeForce RTX 5090 D/PCIe/SSE2,4.3.0 NVIDIA 591.86,false,assets/heightmaps/Hm_Terrain_Test_129.pgm,129,129,30.000,4.000,14,4.000,2.000,20000,0.241,0.000,6.000,12.812,5.494,14466,33832,14464,68,34,197,42,0,0,0,0,8,0.000,5.072,4.761,0.134,0.754,0.161,0.256,0.147,1.001,0.079,0.237,0.937,1.055,0.250,0.000,0.000,0.000,0.000,0.000,0.000,0.000,0.000,0.000,0.000,0.000,0.000,0.000,0.000,0.000,0.000,0,0,1.227,0.915,1.174,0.000,14
Data-Oriented CPU ROAM,RelWithDebInfo,OpenGL,NVIDIA GeForce RTX 5090 D/PCIe/SSE2,4.3.0 NVIDIA 591.86,false,assets/heightmaps/Hm_Terrain_Test_129.pgm,129,129,30.000,4.000,14,4.000,2.000,20000,0.246,0.000,6.000,12.722,5.458,14482,33988,14480,78,39,62,55,0,0,0,0,8,0.000,4.741,4.386,0.136,0.562,0.059,0.253,0.150,1.035,0.071,0.237,0.820,1.063,0.297,0.000,0.000,0.000,0.000,0.000,0.000,0.000,0.000,0.000,0.000,0.000,0.000,0.000,0.000,0.000,0.000,0,0,1.256,0.621,1.056,0.000,14
Data-Oriented CPU ROAM,RelWithDebInfo,OpenGL,NVIDIA GeForce RTX 5090 D/PCIe/SSE2,4.3.0 NVIDIA 591.86,false,assets/heightmaps/Hm_Terrain_Test_129.pgm,129,129,30.000,4.000,14,4.000,2.000,20000,0.251,0.000,6.000,12.636,5.107,14498,34160,14496,86,43,70,57,0,0,0,0,8,0.000,5.191,4.865,0.115,0.994,0.064,0.265,0.148,1.022,0.079,0.240,0.877,1.061,0.255,0.000,0.000,0.000,0.000,0.000,0.000,0.000,0.000,0.000,0.000,0.000,0.000,0.000,0.000,0.000,0.000,0,0,1.249,1.058,1.117,0.000,14
Data-Oriented CPU ROAM,RelWithDebInfo,OpenGL,NVIDIA GeForce RTX 5090 D/PCIe/SSE2,4.3.0 NVIDIA 591.86,false,assets/heightmaps/Hm_Terrain_Test_129.pgm,129,129,30.000,4.000,14,4.000,2.000,20000,0.257,0.000,6.000,12.540,5.596,14503,34326,14501,83,41,78,54,0,0,0,0,8,0.000,5.334,4.986,0.136,0.859,0.079,0.259,0.160,1.064,0.094,0.243,1.001,1.091,0.286,0.000,0.000,0.000,0.000,0.000,0.000,0.000,0.000,0.000,0.000,0.000,0.000,0.000,0.000,0.000,0.000,0,0,1.318,0.938,1.244,0.000,14
Data-Oriented CPU ROAM,RelWithDebInfo,OpenGL,NVIDIA GeForce RTX 5090 D/PCIe/SSE2,4.3.0 NVIDIA 591.86,false,assets/heightmaps/Hm_Terrain_Test_129.pgm,129,129,30.000,4.000,14,4.000,2.000,20000,0.263,0.000,6.000,12.441,5.733,14436,34436,14434,55,27,122,47,0,0,0,0,8,0.000,4.842,4.535,0.127,0.584,0.118,0.266,0.147,1.019,0.056,0.240,0.926,1.052,0.245,0.000,0.000,0.000,0.000,0.000,0.000,0.000,0.000,0.000,0.000,0.000,0.000,0.000,0.000,0.000,0.000,0,0,1.222,0.701,1.166,0.000,14
Data-Oriented CPU ROAM,RelWithDebInfo,OpenGL,NVIDIA GeForce RTX 5090 D/PCIe/SSE2,4.3.0 NVIDIA 591.86,false,assets/heightmaps/Hm_Terrain_Test_129.pgm,129,129,30.000,4.000,14,4.000,2.000,20000,0.268,0.000,6.000,12.349,5.232,14394,34568,14392,66,33,108,44,0,0,0,0,8,332.468,5.032,4.698,0.134,0.838,0.100,0.253,0.144,1.053,0.063,0.230,0.819,1.063,0.272,0.000,0.000,0.000,0.000,0.000,0.000,0.000,0.000,0.000,0.000,0.000,0.000,0.000,0.000,0.000,0.000,0,0,1.260,0.938,1.050,0.000,14
Data-Oriented CPU ROAM,RelWithDebInfo,OpenGL,NVIDIA GeForce RTX 5090 D/PCIe/SSE2,4.3.0 NVIDIA 591.86,false,assets/heightmaps/Hm_Terrain_Test_129.pgm,129,129,30.000,4.000,14,4.000,2.000,20000,0.273,0.000,6.000,12.252,5.471,14416,34748,14414,90,45,68,60,0,0,0,0,8,0.000,5.254,4.922,0.217,0.951,0.084,0.253,0.153,1.019,0.089,0.240,0.852,1.063,0.267,0.000,0.000,0.000,0.000,0.000,0.000,0.000,0.000,0.000,0.000,0.000,0.000,0.000,0.000,0.000,0.000,0,0,1.262,1.036,1.092,0.000,14
Data-Oriented CPU ROAM,RelWithDebInfo,OpenGL,NVIDIA GeForce RTX 5090 D/PCIe/SSE2,4.3.0 NVIDIA 591.86,false,assets/heightmaps/Hm_Terrain_Test_129.pgm,129,129,30.000,4.000,14,4.000,2.000,20000,0.279,0.000,6.000,12.150,5.663,14404,34924,14402,88,44,100,63,0,0,0,0,8,0.000,4.758,4.434,0.131,0.840,0.101,0.254,0.151,0.739,0.086,0.240,0.826,1.065,0.263,0.000,0.000,0.000,0.000,0.000,0.000,0.000,0.000,0.000,0.000,0.000,0.000,0.000,0.000,0.000,0.000,0,0,0.976,0.941,1.066,0.000,14
Data-Oriented CPU ROAM,RelWithDebInfo,OpenGL,NVIDIA GeForce RTX 5090 D/PCIe/SSE2,4.3.0 NVIDIA 591.86,false,assets/heightmaps/Hm_Terrain_Test_129.pgm,129,129,30.000,4.000,14,4.000,2.000,20000,0.284,0.000,6.000,12.055,5.233,14415,35128,14413,102,50,91,61,0,0,0,0,8,293.317,5.657,5.326,0.113,1.032,0.083,0.258,0.147,1.074,0.086,0.243,1.230,1.060,0.271,0.000,0.000,0.000,0.000,0.000,0.000,0.000,0.000,0.000,0.000,0.000,0.000,0.000,0.000,0.000,0.000,0,0,1.307,1.115,1.473,0.000,14
Data-Oriented CPU ROAM,RelWithDebInfo,OpenGL,NVIDIA GeForce RTX 5090 D/PCIe/SSE2,4.3.0 NVIDIA 591.86,false,assets/heightmaps/Hm_Terrain_Test_129.pgm,129,129,30.000,4.000,14,4.000,2.000,20000,0.290,0.000,6.000,11.943,6.071,14263,35288,14261,80,40,232,53,0,0,0,0,8,0.000,4.938,4.620,0.128,0.991,0.176,0.257,0.148,0.715,0.076,0.240,0.838,1.051,0.257,0.000,0.000,0.000,0.000,0.000,0.000,0.000,0.000,0.000,0.000,0.000,0.000,0.000,0.000,0.000,0.000,0,0,0.939,1.166,1.078,0.000,14
Data-Oriented CPU ROAM,RelWithDebInfo,OpenGL,NVIDIA GeForce RTX 5090 D/PCIe/SSE2,4.3.0 NVIDIA 591.86,false,assets/heightmaps/Hm_Terrain_Test_129.pgm,129,129,30.000,4.000,14,4.000,2.000,20000,0.296,0.000,6.000,11.843,5.379,14222,35440,14220,76,38,117,52,0,0,0,0,8,0.000,4.689,4.386,0.140,0.544,0.100,0.249,0.141,1.042,0.074,0.229,0.820,1.047,0.244,0.000,0.000,0.000,0.000,0.000,0.000,0.000,0.000,0.000,0.000,0.000,0.000,0.000,0.000,0.000,0.000,0,0,1.256,0.644,1.049,0.000,14
Data-Oriented CPU ROAM,RelWithDebInfo,OpenGL,NVIDIA GeForce RTX 5090 D/PCIe/SSE2,4.3.0 NVIDIA 591.86,false,assets/heightmaps/Hm_Terrain_Test_129.pgm,129,129,30.000,4.000,14,4.000,2.000,20000,0.301,0.000,6.000,11.748,5.059,14212,35632,14210,96,48,106,66,0,0,0,0,8,2737.746,4.899,4.565,0.113,0.547,0.090,0.250,0.147,1.171,0.088,0.238,0.870,1.049,0.275,0.000,0.000,0.000,0.000,0.000,0.000,0.000,0.000,0.000,0.000,0.000,0.000,0.000,0.000,0.000,0.000,0,0,1.406,0.637,1.109,0.000,14
Data-Oriented CPU ROAM,RelWithDebInfo,OpenGL,NVIDIA GeForce RTX 5090 D/PCIe/SSE2,4.3.0 NVIDIA 591.86,false,assets/heightmaps/Hm_Terrain_Test_129.pgm,129,129,30.000,4.000,14,4.000,2.000,20000,0.306,0.000,6.000,11.647,5.284,14206,35800,14204,84,42,90,54,0,0,0,0,8,0.000,4.957,4.595,0.116,0.597,0.090,0.261,0.143,0.739,0.081,0.229,1.270,1.069,0.249,0.000,0.000,0.000,0.000,0.000,0.000,0.000,0.000,0.000,0.000,0.000,0.000,0.000,0.000,0.000,0.000,0,0,0.962,0.688,1.499,0.000,14
Data-Oriented CPU ROAM,RelWithDebInfo,OpenGL,NVIDIA GeForce RTX 5090 D/PCIe/SSE2,4.3.0 NVIDIA 591.86,false,assets/heightmaps/Hm_Terrain_Test_129.pgm,129,129,30.000,4.000,14,4.000,2.000,20000,0.311,0.000,6.000,11.543,5.431,14204,36024,14202,112,55,114,62,0,0,0,0,8,0.000,4.838,4.530,0.113,0.957,0.110,0.260,0.142,0.730,0.097,0.229,0.799,1.092,0.249,0.000,0.000,0.000,0.000,0.000,0.000,0.000,0.000,0.000,0.000,0.000,0.000,0.000,0.000,0.000,0.000,0,0,0.969,1.067,1.028,0.000,14
Data-Oriented CPU ROAM,RelWithDebInfo,OpenGL,NVIDIA GeForce RTX 5090 D/PCIe/SSE2,4.3.0 NVIDIA 591.86,false,assets/heightmaps/Hm_Terrain_Test_129.pgm,129,129,30.000,4.000,14,4.000,2.000,20000,0.317,0.000,6.000,11.442,5.211,14154,36180,14152,78,39,128,49,0,0,0,0,8,661.600,5.028,4.723,0.112,0.799,0.114,0.259,0.140,1.055,0.077,0.229,0.854,1.083,0.250,0.000,0.000,0.000,0.000,0.000,0.000,0.000,0.000,0.000,0.000,0.000,0.000,0.000,0.000,0.000,0.000,0,0,1.272,0.913,1.083,0.000,14
Data-Oriented CPU ROAM,RelWithDebInfo,OpenGL,NVIDIA GeForce RTX 5090 D/PCIe/SSE2,4.3.0 NVIDIA 591.86,false,assets/heightmaps/Hm_Terrain_Test_129.pgm,129,129,30.000,4.000,14,4.000,2.000,20000,0.322,0.000,6.000,11.335,5.456,14142,36356,14140,88,44,100,57,0,0,0,0,8,0.000,4.793,4.477,0.117,0.618,0.094,0.245,0.147,0.972,0.096,0.238,0.802,1.148,0.254,0.000,0.000,0.000,0.000,0.000,0.000,0.000,0.000,0.000,0.000,0.000,0.000,0.000,0.000,0.000,0.000,0,0,1.215,0.712,1.040,0.000,14
Data-Oriented CPU ROAM,RelWithDebInfo,OpenGL,NVIDIA GeForce RTX 5090 D/PCIe/SSE2,4.3.0 NVIDIA 591.86,false,assets/heightmaps/Hm_Terrain_Test_129.pgm,129,129,30.000,4.000,14,4.000,2.000,20000,0.327,0.000,6.000,11.234,5.148,14151,36544,14149,94,47,85,63,0,0,0,0,8,0.000,5.212,4.898,0.109,1.023,0.078,0.254,0.144,1.094,0.083,0.238,0.814,1.060,0.257,0.000,0.000,0.000,0.000,0.000,0.000,0.000,0.000,0.000,0.000,0.000,0.000,0.000,0.000,0.000,0.000,0,0,1.322,1.101,1.052,0.000,14
Data-Oriented CPU ROAM,RelWithDebInfo,OpenGL,NVIDIA GeForce RTX 5090 D/PCIe/SSE2,4.3.0 NVIDIA 591.86,false,assets/heightmaps/Hm_Terrain_Test_129.pgm,129,129,30.000,4.000,14,4.000,2.000,20000,0.333,0.000,6.000,11.122,5.597,14101,36720,14099,88,43,138,57,0,0,0,0,8,2640.139,5.067,4.733,0.112,0.791,0.124,0.255,0.141,1.119,0.079,0.229,0.785,1.097,0.273,0.000,0.000,0.000,0.000,0.000,0.000,0.000,0.000,0.000,0.000,0.000,0.000,0.000,0.000,0.000,0.000,0,0,1.339,0.915,1.014,0.000,14
Data-Oriented CPU ROAM,RelWithDebInfo,OpenGL,NVIDIA GeForce RTX 5090 D/PCIe/SSE2,4.3.0 NVIDIA 591.86,false,assets/heightmaps/Hm_Terrain_Test_129.pgm,129,129,30.000,4.000,14,4.000,2.000,20000,0.338,0.000,6.000,11.013,5.463,13978,36944,13976,112,56,235,63,0,0,0,0,8,0.000,4.960,4.659,0.111,0.569,0.170,0.256,0.140,1.077,0.100,0.323,0.842,1.071,0.246,0.000,0.000,0.000,0.000,0.000,0.000,0.000,0.000,0.000,0.000,0.000,0.000,0.000,0.000,0.000,0.000,0,0,1.317,0.739,1.164,0.000,14
Data-Oriented CPU ROAM,RelWithDebInfo,OpenGL,NVIDIA GeForce RTX 5090 D/PCIe/SSE2,4.3.0 NVIDIA 591.86,false,assets/heightmaps/Hm_Terrain_Test_129.pgm,129,129,30.000,4.000,14,4.000,2.000,20000,0.344,0.000,6.000,10.905,5.341,13960,37064,13958,60,30,78,38,0,0,0,0,8,0.000,5.082,4.768,0.116,0.917,0.072,0.251,0.141,1.098,0.063,0.226,0.803,1.082,0.239,0.000,0.000,0.000,0.000,0.000,0.000,0.000,0.000,0.000,0.000,0.000,0.000,0.000,0.000,0.000,0.000,0,0,1.302,0.988,1.029,0.000,14
Data-Oriented CPU ROAM,RelWithDebInfo,OpenGL,NVIDIA GeForce RTX 5090 D/PCIe/SSE2,4.3.0 NVIDIA 591.86,false,assets/heightmaps/Hm_Terrain_Test_129.pgm,129,129,30.000,4.000,14,4.000,2.000,20000,0.349,0.000,6.000,10.794,5.425,13970,37248,13968,92,46,82,65,0,0,0,0,8,963.416,5.186,4.865,0.110,1.028,0.141,0.254,0.149,0.951,0.100,0.235,0.808,1.088,0.262,0.000,0.000,0.000,0.000,0.000,0.000,0.000,0.000,0.000,0.000,0.000,0.000,0.000,0.000,0.000,0.000,0,0,1.199,1.170,1.043,0.000,14
Data-Oriented CPU ROAM,RelWithDebInfo,OpenGL,NVIDIA GeForce RTX 5090 D/PCIe/SSE2,4.3.0 NVIDIA 591.86,false,assets/heightmaps/Hm_Terrain_Test_129.pgm,129,129,30.000,4.000,14,4.000,2.000,20000,0.355,0.000,6.000,10.679,5.587,13934,37424,13932,88,44,124,58,0,0,0,0,8,0.000,4.533,4.226,0.112,0.566,0.117,0.299,0.145,0.762,0.083,0.227,0.844,1.070,0.249,0.000,0.000,0.000,0.000,0.000,0.000,0.000,0.000,0.000,0.000,0.000,0.000,0.000,0.000,0.000,0.000,0,0,0.990,0.683,1.071,0.000,14
Data-Oriented CPU ROAM,RelWithDebInfo,OpenGL,NVIDIA GeForce RTX 5090 D/PCIe/SSE2,4.3.0 NVIDIA 591.86,false,assets/heightmaps/Hm_Terrain_Test_129.pgm,129,129,30.000,4.000,14,4.000,2.000,20000,0.359,0.000,6.000,10.578,4.885,13912,37608,13910,92,45,114,55,0,0,0,0,8,0.000,5.135,4.833,0.111,0.924,0.111,0.258,0.140,1.120,0.085,0.235,0.806,1.044,0.241,0.000,0.000,0.000,0.000,0.000,0.000,0.000,0.000,0.000,0.000,0.000,0.000,0.000,0.000,0.000,0.000,0,0,1.346,1.035,1.040,0.000,14
Data-Oriented CPU ROAM,RelWithDebInfo,OpenGL,NVIDIA GeForce RTX 5090 D/PCIe/SSE2,4.3.0 NVIDIA 591.86,false,assets/heightmaps/Hm_Terrain_Test_129.pgm,129,129,30.000,4.000,14,4.000,2.000,20000,0.365,0.000,6.000,10.464,5.527,13924,37820,13922,106,53,94,64,0,0,0,0,8,2005.991,4.984,4.673,0.110,1.100,0.086,0.245,0.143,0.756,0.100,0.225,0.830,1.077,0.252,0.000,0.000,0.000,0.000,0.000,0.000,0.000,0.000,0.000,0.000,0.000,0.000,0.000,0.000,0.000,0.000,0,0,0.999,1.186,1.055,0.000,14
Data-Oriented CPU ROAM,RelWithDebInfo,OpenGL,NVIDIA GeForce RTX 5090 D/PCIe/SSE2,4.3.0 NVIDIA 591.86,false,assets/heightmaps/Hm_Terrain_Test_129.pgm,129,129,30.000,4.000,14,4.000,2.000,20000,0.370,0.000,6.000,10.349,5.474,13862,37952,13860,66,33,128,62,0,0,0,0,8,0.000,5.113,4.813,0.112,0.940,0.110,0.242,0.148,1.088,0.067,0.243,0.797,1.066,0.242,0.000,0.000,0.000,0.000,0.000,0.000,0.000,0.000,0.000,0.000,0.000,0.000,0.000,0.000,0.000,0.000,0,0,1.303,1.051,1.040,0.000,14
Data-Oriented CPU ROAM,RelWithDebInfo,OpenGL,NVIDIA GeForce RTX 5090 D/PCIe/SSE2,4.3.0 NVIDIA 591.86,false,assets/heightmaps/Hm_Terrain_Test_129.pgm,129,129,30.000,4.000,14,4.000,2.000,20000,0.376,0.000,6.000,10.234,5.467,13808,38124,13806,86,43,140,58,0,0,0,0,8,0.000,5.300,4.983,0.113,0.974,0.130,0.250,0.145,1.118,0.084,0.232,0.866,1.072,0.258,0.000,0.000,0.000,0.000,0.000,0.000,0.000,0.000,0.000,0.000,0.000,0.000,0.000,0.000,0.000,0.000,0,0,1.347,1.104,1.098,0.000,14
Data-Oriented CPU ROAM,RelWithDebInfo,OpenGL,NVIDIA GeForce RTX 5090 D/PCIe/SSE2,4.3.0 NVIDIA 591.86,false,assets/heightmaps/Hm_Terrain_Test_129.pgm,129,129,30.000,4.000,14,4.000,2.000,20000,0.382,0.000,6.000,10.112,5.766,13748,38304,13746,90,44,150,50,0,0,0,0,8,0.000,5.148,4.840,0.107,0.720,0.130,0.255,0.141,1.061,0.088,0.233,1.066,1.039,0.250,0.000,0.000,0.000,0.000,0.000,0.000,0.000,0.000,0.000,0.000,0.000,0.000,0.000,0.000,0.000,0.000,0,0,1.290,0.850,1.299,0.000,14
Data-Oriented CPU ROAM,RelWithDebInfo,OpenGL,NVIDIA GeForce RTX 5090 D/PCIe/SSE2,4.3.0 NVIDIA 591.86,false,assets/heightmaps/Hm_Terrain_Test_129.pgm,129,129,30.000,4.000,14,4.000,2.000,20000,0.387,0.000,6.000,9.993,5.570,13639,38468,13637,82,41,191,53,0,0,0,0,8,0.000,5.194,4.885,0.111,0.946,0.163,0.252,0.136,1.146,0.080,0.221,0.780,1.050,0.250,0.000,0.000,0.000,0.000,0.000,0.000,0.000,0.000,0.000,0.000,0.000,0.000,0.000,0.000,0.000,0.000,0,0,1.361,1.109,1.001,0.000,14
Data-Oriented CPU ROAM,RelWithDebInfo,OpenGL,NVIDIA GeForce RTX 5090 D/PCIe/SSE2,4.3.0 NVIDIA 591.86,false,assets/heightmaps/Hm_Terrain_Test_129.pgm,129,129,30.000,4.000,14,4.000,2.000,20000,0.393,0.000,6.000,9.874,5.554,13648,38676,13646,104,52,95,65,0,0,0,0,8,326.030,5.087,4.792,0.120,0.913,0.086,0.241,0.137,1.150,0.095,0.222,0.782,1.046,0.243,0.000,0.000,0.000,0.000,0.000,0.000,0.000,0.000,0.000,0.000,0.000,0.000,0.000,0.000,0.000,0.000,0,0,1.381,0.998,1.004,0.000,14
Data-Oriented CPU ROAM,RelWithDebInfo,OpenGL,NVIDIA GeForce RTX 5090 D/PCIe/SSE2,4.3.0 NVIDIA 591.86,false,assets/heightmaps/Hm_Terrain_Test_129.pgm,129,129,30.000,4.000,14,4.000,2.000,20000,0.398,0.000,6.000,9.758,5.422,13608,38876,13606,100,50,140,73,0,0,0,0,8,0.000,5.320,5.007,0.108,0.950,0.155,0.237,0.143,1.227,0.098,0.229,0.788,1.070,0.252,0.000,0.000,0.000,0.000,0.000,0.000,0.000,0.000,0.000,0.000,0.000,0.000,0.000,0.000,0.000,0.000,0,0,1.468,1.105,1.018,0.000,14
Data-Oriented CPU ROAM,RelWithDebInfo,OpenGL,NVIDIA GeForce RTX 5090 D/PCIe/SSE2,4.3.0 NVIDIA 591.86,false,assets/heightmaps/Hm_Terrain_Test_129.pgm,129,129,30.000,4.000,14,4.000,2.000,20000,0.404,0.000,6.000,9.634,5.705,13566,39008,13564,66,32,108,39,0,0,0,0,8,0.000,5.262,4.953,0.107,1.037,0.118,0.255,0.145,1.148,0.077,0.228,0.775,1.063,0.249,0.000,0.000,0.000,0.000,0.000,0.000,0.000,0.000,0.000,0.000,0.000,0.000,0.000,0.000,0.000,0.000,0,0,1.369,1.156,1.003,0.000,14
Data-Oriented CPU ROAM,RelWithDebInfo,OpenGL,NVIDIA GeForce RTX 5090 D/PCIe/SSE2,4.3.0 NVIDIA 591.86,false,assets/heightmaps/Hm_Terrain_Test_129.pgm,129,129,30.000,4.000,14,4.000,2.000,20000,0.410,0.000,6.000,9.510,5.706,13508,39156,13506,74,37,132,47,0,0,0,0,8,332.009,5.004,4.705,0.107,0.755,0.123,0.244,0.133,1.173,0.070,0.219,0.826,1.054,0.242,0.000,0.000,0.000,0.000,0.000,0.000,0.000,0.000,0.000,0.000,0.000,0.000,0.000,0.000,0.000,0.000,0,0,1.377,0.878,1.045,0.000,14
Data-Oriented CPU ROAM,RelWithDebInfo,OpenGL,NVIDIA GeForce RTX 5090 D/PCIe/SSE2,4.3.0 NVIDIA 591.86,false,assets/heightmaps/Hm_Terrain_Test_129.pgm,129,129,30.000,4.000,14,4.000,2.000,20000,0.415,0.000,6.000,9.394,5.343,13510,39372,13508,108,54,106,69,0,0,0,0,8,0.000,5.266,4.969,0.110,1.048,0.104,0.243,0.135,1.175,0.102,0.219,0.786,1.046,0.241,0.000,0.000,0.000,0.000,0.000,0.000,0.000,0.000,0.000,0.000,0.000,0.000,0.000,0.000,0.000,0.000,0,0,1.413,1.153,1.004,0.000,14
Data-Oriented CPU ROAM,RelWithDebInfo,OpenGL,NVIDIA GeForce RTX 5090 D/PCIe/SSE2,4.3.0 NVIDIA 591.86,false,assets/heightmaps/Hm_Terrain_Test_129.pgm,129,129,30.000,4.000,14,4.000,2.000,20000,0.421,0.000,6.000,9.269,5.679,13510,39560,13508,94,47,94,69,0,0,0,0,8,0.000,4.768,4.476,0.119,0.548,0.093,0.240,0.138,1.149,0.086,0.219,0.825,1.060,0.234,0.000,0.000,0.000,0.000,0.000,0.000,0.000,0.000,0.000,0.000,0.000,0.000,0.000,0.000,0.000,0.000,0,0,1.372,0.641,1.044,0.000,14
Data-Oriented CPU ROAM,RelWithDebInfo,OpenGL,NVIDIA GeForce RTX 5090 D/PCIe/SSE2,4.3.0 NVIDIA 591.86,false,assets/heightmaps/Hm_Terrain_Test_129.pgm,129,129,30.000,4.000,14,4.000,2.000,20000,0.426,0.000,6.000,9.157,5.103,13426,39716,13424,78,38,162,52,0,0,0,0,8,638.276,5.239,4.895,0.115,0.794,0.163,0.238,0.144,1.314,0.089,0.226,0.775,1.036,0.286,0.000,0.000,0.000,0.000,0.000,0.000,0.000,0.000,0.000,0.000,0.000,0.000,0.000,0.000,0.000,0.000,0,0,1.547,0.957,1.002,0.000,14
Data-Oriented CPU ROAM,RelWithDebInfo,OpenGL,NVIDIA GeForce RTX 5090 D/PCIe/SSE2,4.3.0 NVIDIA 591.86,false,assets/heightmaps/Hm_Terrain_Test_129.pgm,129,129,30.000,4.000,14,4.000,2.000,20000,0.431,0.000,6.000,9.034,5.592,13322,39872,13320,78,39,182,51,0,0,0,0,8,0.000,5.205,4.884,0.111,0.570,0.165,0.237,0.143,1.157,0.082,0.226,1.169,1.025,0.260,0.000,0.000,0.000,0.000,0.000,0.000,0.000,0.000,0.000,0.000,0.000,0.000,0.000,0.000,0.000,0.000,0,0,1.381,0.735,1.395,0.000,14
Data-Oriented CPU ROAM,RelWithDebInfo,OpenGL,NVIDIA GeForce RTX 5090 D/PCIe/SSE2,4.3.0 NVIDIA 591.86,false,assets/heightmaps/Hm_Terrain_Test_129.pgm,129,129,30.000,4.000,14,4.000,2.000,20000,0.437,0.000,6.000,8.908,5.707,13362,40084,13360,106,53,66,74,0,0,0,0,8,0.000,6.905,6.613,0.109,1.125,0.074,0.256,0.141,1.117,1.091,0.374,1.054,1.271,0.235,0.000,0.000,0.000,0.000,0.000,0.000,0.000,0.000,0.000,0.000,0.000,0.000,0.000,0.000,0.000,0.000,0,0,2.349,1.200,1.427,0.000,14
Data-Oriented CPU ROAM,RelWithDebInfo,OpenGL,NVIDIA GeForce RTX 5090 D/PCIe/SSE2,4.3.0 NVIDIA 591.86,false,assets/heightmaps/Hm_Terrain_Test_129.pgm,129,129,30.000,4.000,14,4.000,2.000,20000,0.444,0.000,6.000,8.745,7.348,13371,40344,13369,130,64,121,94,0,0,0,0,8,0.000,5.190,4.860,0.114,1.014,0.117,0.270,0.140,0.984,0.129,0.245,0.822,1.025,0.271,0.000,0.000,0.000,0.000,0.000,0.000,0.000,0.000,0.000,0.000,0.000,0.000,0.000,0.000,0.000,0.000,0,0,1.253,1.131,1.067,0.000,14
Data-Oriented CPU ROAM,RelWithDebInfo,OpenGL,NVIDIA GeForce RTX 5090 D/PCIe/SSE2,4.3.0 NVIDIA 591.86,false,assets/heightmaps/Hm_Terrain_Test_129.pgm,129,129,30.000,4.000,14,4.000,2.000,20000,0.450,0.000,6.000,8.622,5.541,13288,40544,13286,100,50,183,69,0,0,0,0,8,0.000,4.999,4.680,0.111,1.049,0.172,0.254,0.133,0.815,0.105,0.217,0.834,0.988,0.264,0.000,0.000,0.000,0.000,0.000,0.000,0.000,0.000,0.000,0.000,0.000,0.000,0.000,0.000,0.000,0.000,0,0,1.053,1.222,1.052,0.000,14
Data-Oriented CPU ROAM,RelWithDebInfo,OpenGL,NVIDIA GeForce RTX 5090 D/PCIe/SSE2,4.3.0 NVIDIA 591.86,false,assets/heightmaps/Hm_Terrain_Test_129.pgm,129,129,30.000,4.000,14,4.000,2.000,20000,0.455,0.000,6.000,8.502,5.387,13234,40708,13232,82,41,136,56,0,0,0,0,8,0.000,4.890,4.505,0.130,0.927,0.116,0.241,0.135,0.812,0.084,0.215,0.806,1.039,0.329,0.000,0.000,0.000,0.000,0.000,0.000,0.000,0.000,0.000,0.000,0.000,0.000,0.000,0.000,0.000,0.000,0,0,1.031,1.043,1.020,0.000,14
Data-Oriented CPU ROAM,RelWithDebInfo,OpenGL,NVIDIA GeForce RTX 5090 D/PCIe/SSE2,4.3.0 NVIDIA 591.86,false,assets/heightmaps/Hm_Terrain_Test_129.pgm,129,129,30.000,4.000,14,4.000,2.000,20000,0.461,0.000,6.000,8.383,5.305,13272,40904,13270,98,49,60,63,0,0,0,0,8,0.000,5.264,4.945,0.114,0.771,0.057,0.241,0.147,1.199,0.119,0.229,0.892,1.177,0.257,0.000,0.000,0.000,0.000,0.000,0.000,0.000,0.000,0.000,0.000,0.000,0.000,0.000,0.000,0.000,0.000,0,0,1.465,0.828,1.120,0.000,14
Data-Oriented CPU ROAM,RelWithDebInfo,OpenGL,NVIDIA GeForce RTX 5090 D/PCIe/SSE2,4.3.0 NVIDIA 591.86,false,assets/heightmaps/Hm_Terrain_Test_129.pgm,129,129,30.000,4.000,14,4.000,2.000,20000,0.466,0.000,6.000,8.256,5.677,13268,41124,13266,110,54,114,77,0,0,0,0,8,0.000,5.421,5.096,0.145,0.897,0.109,0.240,0.256,1.085,0.137,0.225,0.846,1.155,0.249,0.000,0.000,0.000,0.000,0.000,0.000,0.000,0.000,0.000,0.000,0.000,0.000,0.000,0.000,0.000,0.000,0,0,1.478,1.006,1.071,0.000,14
Data-Oriented CPU ROAM,RelWithDebInfo,OpenGL,NVIDIA GeForce RTX 5090 D/PCIe/SSE2,4.3.0 NVIDIA 591.86,false,assets/heightmaps/Hm_Terrain_Test_129.pgm,129,129,30.000,4.000,14,4.000,2.000,20000,0.472,0.000,6.000,8.124,5.868,13156,41352,13154,114,57,226,81,0,0,0,0,8,290.665,5.670,5.374,0.204,0.923,0.192,0.257,0.135,1.165,0.124,0.225,1.121,1.027,0.240,0.000,0.000,0.000,0.000,0.000,0.000,0.000,0.000,0.000,0.000,0.000,0.000,0.000,0.000,0.000,0.000,0,0,1.424,1.115,1.346,0.000,14
Data-Oriented CPU ROAM,RelWithDebInfo,OpenGL,NVIDIA GeForce RTX 5090 D/PCIe/SSE2,4.3.0 NVIDIA 591.86,false,assets/heightmaps/Hm_Terrain_Test_129.pgm,129,129,30.000,4.000,14,4.000,2.000,20000,0.478,0.000,6.000,7.988,6.057,13096,41532,13094,90,45,150,53,0,0,0,0,8,0.000,4.793,4.468,0.121,0.568,0.126,0.246,0.130,1.145,0.106,0.225,0.811,0.988,0.269,0.000,0.000,0.000,0.000,0.000,0.000,0.000,0.000,0.000,0.000,0.000,0.000,0.000,0.000,0.000,0.000,0,0,1.381,0.695,1.036,0.000,14
Data-Oriented CPU ROAM,RelWithDebInfo,OpenGL,NVIDIA GeForce RTX 5090 D/PCIe/SSE2,4.3.0 NVIDIA 591.86,false,assets/heightmaps/Hm_Terrain_Test_129.pgm,129,129,30.000,4.000,14,4.000,2.000,20000,0.483,0.000,6.000,7.873,5.157,13134,41760,13132,114,57,76,87,0,0,0,0,8,0.000,4.878,4.596,0.104,0.871,0.072,0.240,0.134,1.114,0.107,0.215,0.758,0.979,0.233,0.000,0.000,0.000,0.000,0.000,0.000,0.000,0.000,0.000,0.000,0.000,0.000,0.000,0.000,0.000,0.000,0,0,1.356,0.943,0.973,0.000,14
Data-Oriented CPU ROAM,RelWithDebInfo,OpenGL,NVIDIA GeForce RTX 5090 D/PCIe/SSE2,4.3.0 NVIDIA 591.86,false,assets/heightmaps/Hm_Terrain_Test_129.pgm,129,129,30.000,4.000,14,4.000,2.000,20000,0.489,0.000,6.000,7.755,5.236,13140,41940,13138,90,44,84,64,0,0,0,0,8,373.697,4.511,4.180,0.106,0.612,0.088,0.237,0.142,0.906,0.094,0.234,0.764,0.998,0.272,0.000,0.000,0.000,0.000,0.000,0.000,0.000,0.000,0.000,0.000,0.000,0.000,0.000,0.000,0.000,0.000,0,0,1.142,0.700,0.997,0.000,14
Data-Oriented CPU ROAM,RelWithDebInfo,OpenGL,NVIDIA GeForce RTX 5090 D/PCIe/SSE2,4.3.0 NVIDIA 591.86,false,assets/heightmaps/Hm_Terrain_Test_129.pgm,129,129,30.000,4.000,14,4.000,2.000,20000,0.494,0.000,6.000,7.645,4.872,13118,42140,13116,100,50,122,62,0,0,0,0,8,0.000,5.250,4.933,0.103,0.913,0.110,0.235,0.138,1.190,0.106,0.224,0.871,1.043,0.262,0.000,0.000,0.000,0.000,0.000,0.000,0.000,0.000,0.000,0.000,0.000,0.000,0.000,0.000,0.000,0.000,0,0,1.434,1.023,1.095,0.000,14
Data-Oriented CPU ROAM,RelWithDebInfo,OpenGL,NVIDIA GeForce RTX 5090 D/PCIe/SSE2,4.3.0 NVIDIA 591.86,false,assets/heightmaps/Hm_Terrain_Test_129.pgm,129,129,30.000,4.000,14,4.000,2.000,20000,0.499,0.000,6.000,7.519,5.624,13052,42304,13050,82,41,148,54,0,0,0,0,8,0.000,5.212,4.921,0.202,0.991,0.127,0.238,0.132,1.146,0.086,0.214,0.797,0.989,0.235,0.000,0.000,0.000,0.000,0.000,0.000,0.000,0.000,0.000,0.000,0.000,0.000,0.000,0.000,0.000,0.000,0,0,1.364,1.118,1.010,0.000,14
Data-Oriented CPU ROAM,RelWithDebInfo,OpenGL,NVIDIA GeForce RTX 5090 D/PCIe/SSE2,4.3.0 NVIDIA 591.86,false,assets/heightmaps/Hm_Terrain_Test_129.pgm,129,129,30.000,4.000,14,4.000,2.000,20000,0.505,0.000,6.000,7.393,5.570,13074,42500,13072,98,49,76,73,0,0,0,0,8,1493.786,4.500,4.183,0.119,0.666,0.071,0.236,0.134,0.839,0.088,0.216,0.833,0.982,0.262,0.000,0.000,0.000,0.000,0.000,0.000,0.000,0.000,0.000,0.000,0.000,0.000,0.000,0.000,0.000,0.000,0,0,1.061,0.737,1.048,0.000,14
Data-Oriented CPU ROAM,RelWithDebInfo,OpenGL,NVIDIA GeForce RTX 5090 D/PCIe/SSE2,4.3.0 NVIDIA 591.86,false,assets/heightmaps/Hm_Terrain_Test_129.pgm,129,129,30.000,4.000,14,4.000,2.000,20000,0.510,0.000,6.000,7.283,4.901,13055,42724,13053,112,55,131,71,0,0,0,0,8,0.000,4.518,4.222,0.119,0.561,0.118,0.227,0.140,0.954,0.111,0.223,0.782,0.986,0.240,0.000,0.000,0.000,0.000,0.000,0.000,0.000,0.000,0.000,0.000,0.000,0.000,0.000,0.000,0.000,0.000,0,0,1.205,0.679,1.005,0.000,14
Data-Oriented CPU ROAM,RelWithDebInfo,OpenGL,NVIDIA GeForce RTX 5090 D/PCIe/SSE2,4.3.0 NVIDIA 591.86,false,assets/heightmaps/Hm_Terrain_Test_129.pgm,129,129,30.000,4.000,14,4.000,2.000,20000,0.515,0.000,6.000,7.172,4.960,13016,42880,13014,78,39,117,46,0,0,0,0,8,0.000,5.259,4.922,0.100,0.842,0.105,0.238,0.255,1.206,0.082,0.222,0.866,1.006,0.275,0.000,0.000,0.000,0.000,0.000,0.000,0.000,0.000,0.000,0.000,0.000,0.000,0.000,0.000,0.000,0.000,0,0,1.543,0.946,1.088,0.000,14
Data-Oriented CPU ROAM,RelWithDebInfo,OpenGL,NVIDIA GeForce RTX 5090 D/PCIe/SSE2,4.3.0 NVIDIA 591.86,false,assets/heightmaps/Hm_Terrain_Test_129.pgm,129,129,30.000,4.000,14,4.000,2.000,20000,0.520,0.000,6.000,7.045,5.634,12940,43040,12938,80,40,156,53,0,0,0,0,8,258.564,6.551,6.042,0.116,1.006,0.134,0.250,0.267,1.256,0.150,0.221,1.391,1.250,0.371,0.000,0.000,0.000,0.000,0.000,0.000,0.000,0.000,0.000,0.000,0.000,0.000,0.000,0.000,0.000,0.000,0,0,1.672,1.141,1.612,0.000,14
Data-Oriented CPU ROAM,RelWithDebInfo,OpenGL,NVIDIA GeForce RTX 5090 D/PCIe/SSE2,4.3.0 NVIDIA 591.86,false,assets/heightmaps/Hm_Terrain_Test_129.pgm,129,129,30.000,4.000,14,4.000,2.000,20000,0.527,0.000,6.000,6.883,7.219,12976,43312,12974,136,67,100,95,0,0,0,0,8,0.000,6.541,6.037,0.116,0.904,0.176,0.252,0.156,1.237,0.274,0.218,1.357,1.347,0.378,0.000,0.000,0.000,0.000,0.000,0.000,0.000,0.000,0.000,0.000,0.000,0.000,0.000,0.000,0.000,0.000,0,0,1.668,1.079,1.575,0.000,14
Data-Oriented CPU ROAM,RelWithDebInfo,OpenGL,NVIDIA GeForce RTX 5090 D/PCIe/SSE2,4.3.0 NVIDIA 591.86,false,assets/heightmaps/Hm_Terrain_Test_129.pgm,129,129,30.000,4.000,14,4.000,2.000,20000,0.535,0.000,6.000,6.723,7.132,12954,43640,12952,164,82,186,101,0,0,0,0,8,269.165,6.109,5.804,0.159,0.788,0.263,0.270,0.155,1.231,0.269,0.215,1.387,1.067,0.241,0.000,0.000,0.000,0.000,0.000,0.000,0.000,0.000,0.000,0.000,0.000,0.000,0.000,0.000,0.000,0.000,0,0,1.655,1.050,1.602,0.000,14
Data-Oriented CPU ROAM,RelWithDebInfo,OpenGL,NVIDIA GeForce RTX 5090 D/PCIe/SSE2,4.3.0 NVIDIA 591.86,false,assets/heightmaps/Hm_Terrain_Test_129.pgm,129,129,30.000,4.000,14,4.000,2.000,20000,0.541,0.000,6.000,6.578,6.494,12888,43864,12886,112,56,178,71,0,0,0,0,8,0.000,4.989,4.681,0.104,1.120,0.149,0.251,0.131,0.869,0.106,0.218,0.765,0.969,0.244,0.000,0.000,0.000,0.000,0.000,0.000,0.000,0.000,0.000,0.000,0.000,0.000,0.000,0.000,0.000,0.000,0,0,1.105,1.269,0.983,0.000,14
Data-Oriented CPU ROAM,RelWithDebInfo,OpenGL,NVIDIA GeForce RTX 5090 D/PCIe/SSE2,4.3.0 NVIDIA 591.86,false,assets/heightmaps/Hm_Terrain_Test_129.pgm,129,129,30.000,4.000,14,4.000,2.000,20000,0.546,0.000,6.000,6.458,5.374,12886,44052,12884,94,47,96,69,0,0,0,0,8,0.000,4.982,4.683,0.105,0.798,0.088,0.233,0.130,1.240,0.090,0.211,0.781,1.005,0.236,0.000,0.000,0.000,0.000,0.000,0.000,0.000,0.000,0.000,0.000,0.000,0.000,0.000,0.000,0.000,0.000,0,0,1.461,0.886,0.992,0.000,14
Data-Oriented CPU ROAM,RelWithDebInfo,OpenGL,NVIDIA GeForce RTX 5090 D/PCIe/SSE2,4.3.0 NVIDIA 591.86,false,assets/heightmaps/Hm_Terrain_Test_129.pgm,129,129,30.000,4.000,14,4.000,2.000,20000,0.552,0.000,6.000,6.339,5.335,12786,44240,12784,94,46,194,56,0,0,0,0,8,338.878,4.917,4.610,0.104,0.841,0.169,0.227,0.134,1.123,0.091,0.216,0.759,0.945,0.228,0.000,0.000,0.000,0.000,0.000,0.000,0.000,0.000,0.000,0.000,0.000,0.000,0.000,0.000,0.000,0.000,0,0,1.348,1.010,0.975,0.000,14
Data-Oriented CPU ROAM,RelWithDebInfo,OpenGL,NVIDIA GeForce RTX 5090 D/PCIe/SSE2,4.3.0 NVIDIA 591.86,false,assets/heightmaps/Hm_Terrain_Test_129.pgm,129,129,30.000,4.000,14,4.000,2.000,20000,0.557,0.000,6.000,6.222,5.249,12704,44432,12702,96,48,178,59,0,0,0,0,8,0.000,5.280,4.983,0.100,1.087,0.154,0.229,0.135,1.252,0.099,0.215,0.747,0.965,0.228,0.000,0.000,0.000,0.000,0.000,0.000,0.000,0.000,0.000,0.000,0.000,0.000,0.000,0.000,0.000,0.000,0,0,1.487,1.241,0.961,0.000,14
Data-Oriented CPU ROAM,RelWithDebInfo,OpenGL,NVIDIA GeForce RTX 5090 D/PCIe/SSE2,4.3.0 NVIDIA 591.86,false,assets/heightmaps/Hm_Terrain_Test_129.pgm,129,129,30.000,4.000,14,4.000,2.000,20000,0.563,0.000,6.000,6.097,5.670,12716,44648,12714,108,54,96,68,0,0,0,0,8,0.000,4.418,4.145,0.159,0.619,0.086,0.231,0.131,0.887,0.099,0.223,0.783,0.928,0.217,0.000,0.000,0.000,0.000,0.000,0.000,0.000,0.000,0.000,0.000,0.000,0.000,0.000,0.000,0.000,0.000,0,0,1.117,0.705,1.006,0.000,14
Data-Oriented CPU ROAM,RelWithDebInfo,OpenGL,NVIDIA GeForce RTX 5090 D/PCIe/SSE2,4.3.0 NVIDIA 591.86,false,assets/heightmaps/Hm_Terrain_Test_129.pgm,129,129,30.000,4.000,14,4.000,2.000,20000,0.567,0.000,6.000,5.992,4.728,12724,44844,12722,98,49,90,67,0,0,0,0,8,353.163,4.695,4.424,0.099,0.637,0.092,0.248,0.132,1.206,0.092,0.217,0.770,0.929,0.218,0.000,0.000,0.000,0.000,0.000,0.000,0.000,0.000,0.000,0.000,0.000,0.000,0.000,0.000,0.000,0.000,0,0,1.431,0.729,0.988,0.000,14
Data-Oriented CPU ROAM,RelWithDebInfo,OpenGL,NVIDIA GeForce RTX 5090 D/PCIe/SSE2,4.3.0 NVIDIA 591.86,false,assets/heightmaps/Hm_Terrain_Test_129.pgm,129,129,30.000,4.000,14,4.000,2.000,20000,0.572,0.000,6.000,5.881,5.041,12718,45020,12716,88,43,94,56,0,0,0,0,8,0.000,4.459,4.186,0.107,0.591,0.100,0.220,0.129,1.080,0.081,0.212,0.723,0.943,0.217,0.000,0.000,0.000,0.000,0.000,0.000,0.000,0.000,0.000,0.000,0.000,0.000,0.000,0.000,0.000,0.000,0,0,1.290,0.691,0.935,0.000,14
Data-Oriented CPU ROAM,RelWithDebInfo,OpenGL,NVIDIA GeForce RTX 5090 D/PCIe/SSE2,4.3.0 NVIDIA 591.86,false,assets/heightmaps/Hm_Terrain_Test_129.pgm,129,129,30.000,4.000,14,4.000,2.000,20000,0.577,0.000,6.000,5.775,4.812,12660,45184,12658,82,41,140,50,0,0,0,0,8,0.000,4.833,4.565,0.102,0.898,0.130,0.229,0.131,1.092,0.079,0.212,0.753,0.938,0.216,0.000,0.000,0.000,0.000,0.000,0.000,0.000,0.000,0.000,0.000,0.000,0.000,0.000,0.000,0.000,0.000,0,0,1.303,1.028,0.965,0.000,14
Data-Oriented CPU ROAM,RelWithDebInfo,OpenGL,NVIDIA GeForce RTX 5090 D/PCIe/SSE2,4.3.0 NVIDIA 591.86,false,assets/heightmaps/Hm_Terrain_Test_129.pgm,129,129,30.000,4.000,14,4.000,2.000,20000,0.583,0.000,6.000,5.660,5.250,12636,45280,12634,48,24,72,34,0,0,0,0,8,937.406,5.281,5.000,0.130,0.843,0.067,0.230,0.130,1.206,0.047,0.395,1.011,0.941,0.227,0.000,0.000,0.000,0.000,0.000,0.000,0.000,0.000,0.000,0.000,0.000,0.000,0.000,0.000,0.000,0.000,0,0,1.383,0.910,1.406,0.000,14
Data-Oriented CPU ROAM,RelWithDebInfo,OpenGL,NVIDIA GeForce RTX 5090 D/PCIe/SSE2,4.3.0 NVIDIA 591.86,false,assets/heightmaps/Hm_Terrain_Test_129.pgm,129,129,30.000,4.000,14,4.000,2.000,20000,0.588,0.000,6.000,5.537,5.639,12586,45464,12584,92,46,142,63,0,0,0,0,8,0.000,4.638,4.367,0.103,0.553,0.126,0.222,0.130,1.206,0.086,0.205,0.783,0.952,0.218,0.000,0.000,0.000,0.000,0.000,0.000,0.000,0.000,0.000,0.000,0.000,0.000,0.000,0.000,0.000,0.000,0,0,1.422,0.679,0.988,0.000,14
Data-Oriented CPU ROAM,RelWithDebInfo,OpenGL,NVIDIA GeForce RTX 5090 D/PCIe/SSE2,4.3.0 NVIDIA 591.86,false,assets/heightmaps/Hm_Terrain_Test_129.pgm,129,129,30.000,4.000,14,4.000,2.000,20000,0.593,0.000,6.000,5.429,4.971,12514,45608,12512,72,35,144,50,0,0,0,0,8,0.000,5.218,4.939,0.113,1.136,0.146,0.223,0.177,1.204,0.071,0.212,0.721,0.936,0.222,0.000,0.000,0.000,0.000,0.000,0.000,0.000,0.000,0.000,0.000,0.000,0.000,0.000,0.000,0.000,0.000,0,0,1.452,1.283,0.932,0.000,14
Data-Oriented CPU ROAM,RelWithDebInfo,OpenGL,NVIDIA GeForce RTX 5090 D/PCIe/SSE2,4.3.0 NVIDIA 591.86,false,assets/heightmaps/Hm_Terrain_Test_129.pgm,129,129,30.000,4.000,14,4.000,2.000,20000,0.599,0.000,6.000,5.308,5.576,12444,45756,12442,74,37,144,49,0,0,0,0,8,2916.881,4.587,4.284,0.101,0.549,0.124,0.225,0.135,1.195,0.076,0.224,0.714,0.940,0.231,0.000,0.000,0.000,0.000,0.000,0.000,0.000,0.000,0.000,0.000,0.000,0.000,0.000,0.000,0.000,0.000,0,0,1.406,0.673,0.938,0.000,14
Data-Oriented CPU ROAM,RelWithDebInfo,OpenGL,NVIDIA GeForce RTX 5090 D/PCIe/SSE2,4.3.0 NVIDIA 591.86,false,assets/heightmaps/Hm_Terrain_Test_129.pgm,129,129,30.000,4.000,14,4.000,2.000,20000,0.604,0.000,6.000,5.198,5.068,12406,45840,12404,42,21,80,38,0,0,0,0,8,0.000,4.363,4.101,0.103,0.539,0.075,0.222,0.128,1.174,0.043,0.202,0.719,0.895,0.209,0.000,0.000,0.000,0.000,0.000,0.000,0.000,0.000,0.000,0.000,0.000,0.000,0.000,0.000,0.000,0.000,0,0,1.346,0.614,0.922,0.000,14
Data-Oriented CPU ROAM,RelWithDebInfo,OpenGL,NVIDIA GeForce RTX 5090 D/PCIe/SSE2,4.3.0 NVIDIA 591.86,false,assets/heightmaps/Hm_Terrain_Test_129.pgm,129,129,30.000,4.000,14,4.000,2.000,20000,0.608,0.000,6.000,5.097,4.711,12424,45980,12422,70,35,52,50,0,0,0,0,8,0.000,4.018,3.755,0.115,0.545,0.055,0.228,0.126,0.827,0.063,0.203,0.695,0.900,0.211,0.000,0.000,0.000,0.000,0.000,0.000,0.000,0.000,0.000,0.000,0.000,0.000,0.000,0.000,0.000,0.000,0,0,1.015,0.600,0.898,0.000,14
Data-Oriented CPU ROAM,RelWithDebInfo,OpenGL,NVIDIA GeForce RTX 5090 D/PCIe/SSE2,4.3.0 NVIDIA 591.86,false,assets/heightmaps/Hm_Terrain_Test_129.pgm,129,129,30.000,4.000,14,4.000,2.000,20000,0.613,0.000,6.000,5.005,4.315,12329,46090,12327,55,27,150,49,0,0,0,0,8,325.555,5.064,4.799,0.122,0.743,0.155,0.224,0.125,1.574,0.052,0.208,0.705,0.890,0.214,0.000,0.000,0.000,0.000,0.000,0.000,0.000,0.000,0.000,0.000,0.000,0.000,0.000,0.000,0.000,0.000,0,0,1.751,0.898,0.913,0.000,14
Data-Oriented CPU ROAM,RelWithDebInfo,OpenGL,NVIDIA GeForce RTX 5090 D/PCIe/SSE2,4.3.0 NVIDIA 591.86,false,assets/heightmaps/Hm_Terrain_Test_129.pgm,129,129,30.000,4.000,14,4.000,2.000,20000,0.618,0.000,6.000,4.891,5.364,12258,46180,12256,45,22,116,34,0,0,0,0,8,0.000,5.390,5.112,0.114,1.074,0.114,0.222,0.124,1.166,0.048,0.210,1.137,0.902,0.221,0.000,0.000,0.000,0.000,0.000,0.000,0.000,0.000,0.000,0.000,0.000,0.000,0.000,0.000,0.000,0.000,0,0,1.339,1.189,1.346,0.000,14
Data-Oriented CPU ROAM,RelWithDebInfo,OpenGL,NVIDIA GeForce RTX 5090 D/PCIe/SSE2,4.3.0 NVIDIA 591.86,false,assets/heightmaps/Hm_Terrain_Test_129.pgm,129,129,30.000,4.000,14,4.000,2.000,20000,0.624,0.000,6.000,4.768,5.764,12204,46268,12202,44,22,98,32,0,0,0,0,8,0.000,4.798,4.536,0.115,0.956,0.162,0.236,0.125,1.118,0.044,0.199,0.692,0.890,0.210,0.000,0.000,0.000,0.000,0.000,0.000,0.000,0.000,0.000,0.000,0.000,0.000,0.000,0.000,0.000,0.000,0,0,1.287,1.118,0.890,0.000,14
Data-Oriented CPU ROAM,RelWithDebInfo,OpenGL,NVIDIA GeForce RTX 5090 D/PCIe/SSE2,4.3.0 NVIDIA 591.86,false,assets/heightmaps/Hm_Terrain_Test_129.pgm,129,129,30.000,4.000,14,4.000,2.000,20000,0.629,0.000,6.000,4.659,5.175,12202,46376,12200,54,27,56,40,0,0,0,0,8,733.947,4.523,4.257,0.122,0.792,0.054,0.220,0.128,1.120,0.051,0.201,0.697,0.872,0.213,0.000,0.000,0.000,0.000,0.000,0.000,0.000,0.000,0.000,0.000,0.000,0.000,0.000,0.000,0.000,0.000,0,0,1.299,0.846,0.898,0.000,14
Data-Oriented CPU ROAM,RelWithDebInfo,OpenGL,NVIDIA GeForce RTX 5090 D/PCIe/SSE2,4.3.0 NVIDIA 591.86,false,assets/heightmaps/Hm_Terrain_Test_129.pgm,129,129,30.000,4.000,14,4.000,2.000,20000,0.634,0.000,6.000,4.558,4.857,12098,46532,12096,78,39,182,59,0,0,0,0,8,0.000,4.986,4.722,0.113,0.976,0.188,0.216,0.129,1.234,0.074,0.217,0.689,0.885,0.208,0.000,0.000,0.000,0.000,0.000,0.000,0.000,0.000,0.000,0.000,0.000,0.000,0.000,0.000,0.000,0.000,0,0,1.438,1.164,0.906,0.000,14
Data-Oriented CPU ROAM,RelWithDebInfo,OpenGL,NVIDIA GeForce RTX 5090 D/PCIe/SSE2,4.3.0 NVIDIA 591.86,false,assets/heightmaps/Hm_Terrain_Test_129.pgm,129,129,30.000,4.000,14,4.000,2.000,20000,0.639,0.000,6.000,4.446,5.372,11912,46604,11910,36,17,222,48,0,0,0,0,8,0.000,5.086,4.812,0.192,0.893,0.184,0.216,0.253,1.216,0.043,0.206,0.695,0.912,0.218,0.000,0.000,0.000,0.000,0.000,0.000,0.000,0.000,0.000,0.000,0.000,0.000,0.000,0.000,0.000,0.000,0,0,1.512,1.078,0.902,0.000,14
Data-Oriented CPU ROAM,RelWithDebInfo,OpenGL,NVIDIA GeForce RTX 5090 D/PCIe/SSE2,4.3.0 NVIDIA 591.86,false,assets/heightmaps/Hm_Terrain_Test_129.pgm,129,129,30.000,4.000,14,4.000,2.000,20000,0.645,0.000,6.000,4.333,5.440,11840,46728,11838,62,31,134,44,0,0,0,0,8,993.135,4.974,4.719,0.115,1.227,0.119,0.222,0.120,1.142,0.054,0.193,0.670,0.856,0.205,0.000,0.000,0.000,0.000,0.000,0.000,0.000,0.000,0.000,0.000,0.000,0.000,0.000,0.000,0.000,0.000,0,0,1.316,1.346,0.863,0.000,14
Data-Oriented CPU ROAM,RelWithDebInfo,OpenGL,NVIDIA GeForce RTX 5090 D/PCIe/SSE2,4.3.0 NVIDIA 591.86,false,assets/heightmaps/Hm_Terrain_Test_129.pgm,129,129,30.000,4.000,14,4.000,2.000,20000,0.650,0.000,6.000,4.225,5.290,11832,46840,11830,56,28,64,48,0,0,0,0,8,0.000,4.465,4.203,0.116,0.635,0.066,0.215,0.121,1.246,0.061,0.200,0.691,0.852,0.211,0.000,0.000,0.000,0.000,0.000,0.000,0.000,0.000,0.000,0.000,0.000,0.000,0.000,0.000,0.000,0.000,0,0,1.428,0.702,0.890,0.000,14
Data-Oriented CPU ROAM,RelWithDebInfo,OpenGL,NVIDIA GeForce RTX 5090 D/PCIe/SSE2,4.3.0 NVIDIA 591.86,false,assets/heightmaps/Hm_Terrain_Test_129.pgm,129,129,30.000,4.000,14,4.000,2.000,20000,0.655,0.000,6.000,4.127,4.774,11816,46956,11814,58,29,74,42,0,0,0,0,8,0.000,4.347,4.097,0.118,0.755,0.086,0.220,0.119,1.019,0.053,0.202,0.673,0.852,0.203,0.000,0.000,0.000,0.000,0.000,0.000,0.000,0.000,0.000,0.000,0.000,0.000,0.000,0.000,0.000,0.000,0,0,1.191,0.841,0.875,0.000,14
Data-Oriented CPU ROAM,RelWithDebInfo,OpenGL,NVIDIA GeForce RTX 5090 D/PCIe/SSE2,4.3.0 NVIDIA 591.86,false,assets/heightmaps/Hm_Terrain_Test_129.pgm,129,129,30.000,4.000,14,4.000,2.000,20000,0.660,0.000,6.000,4.033,4.666,11699,47000,11697,22,10,139,47,0,0,0,0,8,3202.500,4.155,3.902,0.107,0.541,0.119,0.215,0.118,1.108,0.024,0.190,0.651,0.829,0.205,0.000,0.000,0.000,0.000,0.000,0.000,0.000,0.000,0.000,0.000,0.000,0.000,0.000,0.000,0.000,0.000,0,0,1.250,0.660,0.841,0.000,14
Data-Oriented CPU ROAM,RelWithDebInfo,OpenGL,NVIDIA GeForce RTX 5090 D/PCIe/SSE2,4.3.0 NVIDIA 591.86,false,assets/heightmaps/Hm_Terrain_Test_129.pgm,129,129,30.000,4.000,14,4.000,2.000,20000,0.664,0.000,6.000,3.943,4.467,11666,47100,11664,50,25,83,38,0,0,0,0,8,0.000,4.284,4.038,0.115,0.927,0.082,0.209,0.121,0.810,0.045,0.189,0.706,0.834,0.199,0.000,0.000,0.000,0.000,0.000,0.000,0.000,0.000,0.000,0.000,0.000,0.000,0.000,0.000,0.000,0.000,0,0,0.975,1.009,0.895,0.000,14
Data-Oriented CPU ROAM,RelWithDebInfo,OpenGL,NVIDIA GeForce RTX 5090 D/PCIe/SSE2,4.3.0 NVIDIA 591.86,false,assets/heightmaps/Hm_Terrain_Test_129.pgm,129,129,30.000,4.000,14,4.000,2.000,20000,0.669,0.000,6.000,3.851,4.570,11670,47192,11668,46,23,42,36,0,0,0,0,8,0.000,4.258,4.004,0.115,0.565,0.042,0.211,0.161,1.145,0.052,0.200,0.668,0.845,0.204,0.000,0.000,0.000,0.000,0.000,0.000,0.000,0.000,0.000,0.000,0.000,0.000,0.000,0.000,0.000,0.000,0,0,1.358,0.607,0.868,0.000,14
Data-Oriented CPU ROAM,RelWithDebInfo,OpenGL,NVIDIA GeForce RTX 5090 D/PCIe/SSE2,4.3.0 NVIDIA 591.86,false,assets/heightmaps/Hm_Terrain_Test_129.pgm,129,129,30.000,4.000,14,4.000,2.000,20000,0.673,0.000,6.000,3.760,4.588,11610,47280,11608,44,22,104,32,0,0,0,0,8,0.000,4.553,4.291,0.115,0.855,0.113,0.220,0.119,1.143,0.042,0.189,0.663,0.832,0.209,0.000,0.000,0.000,0.000,0.000,0.000,0.000,0.000,0.000,0.000,0.000,0.000,0.000,0.000,0.000,0.000,0,0,1.304,0.968,0.851,0.000,14
Data-Oriented CPU ROAM,RelWithDebInfo,OpenGL,NVIDIA GeForce RTX 5090 D/PCIe/SSE2,4.3.0 NVIDIA 591.86,false,assets/heightmaps/Hm_Terrain_Test_129.pgm,129,129,30.000,4.000,14,4.000,2.000,20000,0.678,0.000,6.000,3.664,4.868,11564,47388,11562,54,27,100,38,0,0,0,0,8,0.000,4.667,4.396,0.110,0.999,0.094,0.208,0.118,1.144,0.055,0.189,0.665,0.814,0.206,0.000,0.000,0.000,0.000,0.000,0.000,0.000,0.000,0.000,0.000,0.000,0.000,0.000,0.000,0.000,0.000,0,0,1.316,1.094,0.854,0.000,14
Data-Oriented CPU ROAM,RelWithDebInfo,OpenGL,NVIDIA GeForce RTX 5090 D/PCIe/SSE2,4.3.0 NVIDIA 591.86,false,assets/heightmaps/Hm_Terrain_Test_129.pgm,129,129,30.000,4.000,14,4.000,2.000,20000,0.683,0.000,6.000,3.566,4.992,11490,47472,11488,42,20,116,32,0,0,0,0,8,0.000,4.463,4.201,0.117,1.051,0.116,0.218,0.122,0.809,0.048,0.212,0.666,0.842,0.206,0.000,0.000,0.000,0.000,0.000,0.000,0.000,0.000,0.000,0.000,0.000,0.000,0.000,0.000,0.000,0.000,0,0,0.978,1.167,0.878,0.000,14
Data-Oriented CPU ROAM,RelWithDebInfo,OpenGL,NVIDIA GeForce RTX 5090 D/PCIe/SSE2,4.3.0 NVIDIA 591.86,false,assets/heightmaps/Hm_Terrain_Test_129.pgm,129,129,30.000,4.000,14,4.000,2.000,20000,0.688,0.000,6.000,3.473,4.808,11396,47564,11394,46,23,140,33,0,0,0,0,8,0.000,4.581,4.327,0.106,0.734,0.138,0.207,0.118,0.924,0.047,0.193,1.038,0.820,0.202,0.000,0.000,0.000,0.000,0.000,0.000,0.000,0.000,0.000,0.000,0.000,0.000,0.000,0.000,0.000,0.000,0,0,1.089,0.872,1.232,0.000,14
Data-Oriented CPU ROAM,RelWithDebInfo,OpenGL,NVIDIA GeForce RTX 5090 D/PCIe/SSE2,4.3.0 NVIDIA 591.86,false,assets/heightmaps/Hm_Terrain_Test_129.pgm,129,129,30.000,4.000,14,4.000,2.000,20000,0.693,0.000,6.000,3.378,4.936,11366,47672,11364,54,27,84,38,0,0,0,0,8,403.174,4.129,3.874,0.122,0.515,0.076,0.211,0.116,1.102,0.055,0.187,0.673,0.818,0.205,0.000,0.000,0.000,0.000,0.000,0.000,0.000,0.000,0.000,0.000,0.000,0.000,0.000,0.000,0.000,0.000,0,0,1.272,0.591,0.860,0.000,14
Data-Oriented CPU ROAM,RelWithDebInfo,OpenGL,NVIDIA GeForce RTX 5090 D/PCIe/SSE2,4.3.0 NVIDIA 591.86,false,assets/heightmaps/Hm_Terrain_Test_129.pgm,129,129,30.000,4.000,14,4.000,2.000,20000,0.697,0.000,6.000,3.294,4.420,11304,47740,11302,34,17,96,29,0,0,0,0,8,0.000,4.437,4.186,0.106,1.021,0.097,0.206,0.126,0.839,0.034,0.202,0.748,0.807,0.200,0.000,0.000,0.000,0.000,0.000,0.000,0.000,0.000,0.000,0.000,0.000,0.000,0.000,0.000,0.000,0.000,0,0,0.999,1.117,0.950,0.000,14
Data-Oriented CPU ROAM,RelWithDebInfo,OpenGL,NVIDIA GeForce RTX 5090 D/PCIe/SSE2,4.3.0 NVIDIA 591.86,false,assets/heightmaps/Hm_Terrain_Test_129.pgm,129,129,30.000,4.000,14,4.000,2.000,20000,0.702,0.000,6.000,3.204,4.738,11290,47828,11288,44,22,58,38,0,0,0,0,8,0.000,4.828,4.582,0.097,0.918,0.056,0.216,0.120,1.149,0.050,0.193,0.976,0.807,0.197,0.000,0.000,0.000,0.000,0.000,0.000,0.000,0.000,0.000,0.000,0.000,0.000,0.000,0.000,0.000,0.000,0,0,1.319,0.974,1.169,0.000,14
Data-Oriented CPU ROAM,RelWithDebInfo,OpenGL,NVIDIA GeForce RTX 5090 D/PCIe/SSE2,4.3.0 NVIDIA 591.86,false,assets/heightmaps/Hm_Terrain_Test_129.pgm,129,129,30.000,4.000,14,4.000,2.000,20000,0.707,0.000,6.000,3.108,5.147,11245,47924,11243,48,23,93,35,0,0,0,0,8,716.234,4.612,4.362,0.106,1.038,0.100,0.213,0.113,1.112,0.041,0.183,0.667,0.789,0.202,0.000,0.000,0.000,0.000,0.000,0.000,0.000,0.000,0.000,0.000,0.000,0.000,0.000,0.000,0.000,0.000,0,0,1.266,1.139,0.850,0.000,14
Data-Oriented CPU ROAM,RelWithDebInfo,OpenGL,NVIDIA GeForce RTX 5090 D/PCIe/SSE2,4.3.0 NVIDIA 591.86,false,assets/heightmaps/Hm_Terrain_Test_129.pgm,129,129,30.000,4.000,14,4.000,2.000,20000,0.712,0.000,6.000,3.017,4.909,11194,48040,11192,58,29,109,45,0,0,0,0,8,0.000,4.314,4.059,0.111,0.660,0.099,0.203,0.116,1.151,0.053,0.185,0.663,0.818,0.203,0.000,0.000,0.000,0.000,0.000,0.000,0.000,0.000,0.000,0.000,0.000,0.000,0.000,0.000,0.000,0.000,0,0,1.320,0.759,0.848,0.000,14
Data-Oriented CPU ROAM,RelWithDebInfo,OpenGL,NVIDIA GeForce RTX 5090 D/PCIe/SSE2,4.3.0 NVIDIA 591.86,false,assets/heightmaps/Hm_Terrain_Test_129.pgm,129,129,30.000,4.000,14,4.000,2.000,20000,0.717,0.000,6.000,2.931,4.681,11152,48104,11150,32,16,74,26,0,0,0,0,8,0.000,4.365,4.102,0.129,0.669,0.078,0.200,0.123,1.122,0.035,0.203,0.727,0.815,0.208,0.000,0.000,0.000,0.000,0.000,0.000,0.000,0.000,0.000,0.000,0.000,0.000,0.000,0.000,0.000,0.000,0,0,1.280,0.748,0.930,0.000,14
Data-Oriented CPU ROAM,RelWithDebInfo,OpenGL,NVIDIA GeForce RTX 5090 D/PCIe/SSE2,4.3.0 NVIDIA 591.86,false,assets/heightmaps/Hm_Terrain_Test_129.pgm,129,129,30.000,4.000,14,4.000,2.000,20000,0.721,0.000,6.000,2.844,4.789,11085,48184,11083,40,20,107,42,0,0,0,0,8,3020.491,4.384,4.137,0.104,0.821,0.097,0.217,0.114,1.125,0.039,0.184,0.651,0.785,0.199,0.000,0.000,0.000,0.000,0.000,0.000,0.000,0.000,0.000,0.000,0.000,0.000,0.000,0.000,0.000,0.000,0,0,1.278,0.918,0.835,0.000,14
Data-Oriented CPU ROAM,RelWithDebInfo,OpenGL,NVIDIA GeForce RTX 5090 D/PCIe/SSE2,4.3.0 NVIDIA 591.86,false,assets/heightmaps/Hm_Terrain_Test_129.pgm,129,129,30.000,4.000,14,4.000,2.000,20000,0.726,0.000,6.000,2.758,4.750,11013,48260,11011,38,19,110,40,0,0,0,0,8,0.000,4.232,3.947,0.105,0.955,0.095,0.198,0.130,0.820,0.036,0.181,0.637,0.789,0.240,0.000,0.000,0.000,0.000,0.000,0.000,0.000,0.000,0.000,0.000,0.000,0.000,0.000,0.000,0.000,0.000,0,0,0.987,1.050,0.818,0.000,14
Data-Oriented CPU ROAM,RelWithDebInfo,OpenGL,NVIDIA GeForce RTX 5090 D/PCIe/SSE2,4.3.0 NVIDIA 591.86,false,assets/heightmaps/Hm_Terrain_Test_129.pgm,129,129,30.000,4.000,14,4.000,2.000,20000,0.731,0.000,6.000,2.678,4.515,10990,48372,10988,56,28,79,43,0,0,0,0,8,0.000,3.828,3.570,0.103,0.521,0.085,0.197,0.120,0.845,0.057,0.191,0.656,0.795,0.205,0.000,0.000,0.000,0.000,0.000,0.000,0.000,0.000,0.000,0.000,0.000,0.000,0.000,0.000,0.000,0.000,0,0,1.022,0.606,0.847,0.000,14
Data-Oriented CPU ROAM,RelWithDebInfo,OpenGL,NVIDIA GeForce RTX 5090 D/PCIe/SSE2,4.3.0 NVIDIA 591.86,false,assets/heightmaps/Hm_Terrain_Test_129.pgm,129,129,30.000,4.000,14,4.000,2.000,20000,0.735,0.000,6.000,2.604,4.157,10911,48440,10909,34,16,113,46,0,0,0,0,8,0.000,4.407,4.136,0.096,0.759,0.103,0.201,0.112,1.221,0.036,0.193,0.617,0.799,0.222,0.000,0.000,0.000,0.000,0.000,0.000,0.000,0.000,0.000,0.000,0.000,0.000,0.000,0.000,0.000,0.000,0,0,1.369,0.862,0.809,0.000,14
Data-Oriented CPU ROAM,RelWithDebInfo,OpenGL,NVIDIA GeForce RTX 5090 D/PCIe/SSE2,4.3.0 NVIDIA 591.86,false,assets/heightmaps/Hm_Terrain_Test_129.pgm,129,129,30.000,4.000,14,4.000,2.000,20000,0.740,0.000,6.000,2.522,4.724,10835,48496,10833,28,14,104,40,0,0,0,0,8,420.174,3.984,3.718,0.107,0.483,0.093,0.193,0.118,1.107,0.028,0.176,0.635,0.777,0.221,0.000,0.000,0.000,0.000,0.000,0.000,0.000,0.000,0.000,0.000,0.000,0.000,0.000,0.000,0.000,0.000,0,0,1.253,0.576,0.811,0.000,14
Data-Oriented CPU ROAM,RelWithDebInfo,OpenGL,NVIDIA GeForce RTX 5090 D/PCIe/SSE2,4.3.0 NVIDIA 591.86,false,assets/heightmaps/Hm_Terrain_Test_129.pgm,129,129,30.000,4.000,14,4.000,2.000,20000,0.744,0.000,6.000,2.448,4.299,10762,48564,10760,34,17,107,42,0,0,0,0,8,0.000,3.995,3.748,0.113,0.544,0.091,0.198,0.114,1.041,0.033,0.182,0.660,0.772,0.198,0.000,0.000,0.000,0.000,0.000,0.000,0.000,0.000,0.000,0.000,0.000,0.000,0.000,0.000,0.000,0.000,0,0,1.188,0.635,0.842,0.000,14
Data-Oriented CPU ROAM,RelWithDebInfo,OpenGL,NVIDIA GeForce RTX 5090 D/PCIe/SSE2,4.3.0 NVIDIA 591.86,false,assets/heightmaps/Hm_Terrain_Test_129.pgm,129,129,30.000,4.000,14,4.000,2.000,20000,0.748,0.000,6.000,2.375,4.307,10698,48676,10696,56,28,120,43,0,0,0,0,8,0.000,4.591,4.300,0.109,1.008,0.111,0.195,0.116,1.083,0.048,0.175,0.694,0.760,0.245,0.000,0.000,0.000,0.000,0.000,0.000,0.000,0.000,0.000,0.000,0.000,0.000,0.000,0.000,0.000,0.000,0,0,1.247,1.120,0.869,0.000,14
Data-Oriented CPU ROAM,RelWithDebInfo,OpenGL,NVIDIA GeForce RTX 5090 D/PCIe/SSE2,4.3.0 NVIDIA 591.86,false,assets/heightmaps/Hm_Terrain_Test_129.pgm,129,129,30.000,4.000,14,4.000,2.000,20000,0.753,0.000,6.000,2.292,4.872,10674,48748,10672,36,18,60,38,0,0,0,0,8,3192.114,4.201,3.915,0.112,0.952,0.060,0.195,0.112,0.843,0.034,0.176,0.660,0.772,0.242,0.000,0.000,0.000,0.000,0.000,0.000,0.000,0.000,0.000,0.000,0.000,0.000,0.000,0.000,0.000,0.000,0,0,0.988,1.011,0.836,0.000,14
Data-Oriented CPU ROAM,RelWithDebInfo,OpenGL,NVIDIA GeForce RTX 5090 D/PCIe/SSE2,4.3.0 NVIDIA 591.86,false,assets/heightmaps/Hm_Terrain_Test_129.pgm,129,129,30.000,4.000,14,4.000,2.000,20000,0.758,0.000,6.000,2.217,4.512,10664,48848,10662,50,25,60,37,0,0,0,0,8,0.000,3.728,3.426,0.101,0.508,0.060,0.194,0.109,0.804,0.046,0.175,0.657,0.771,0.252,0.000,0.000,0.000,0.000,0.000,0.000,0.000,0.000,0.000,0.000,0.000,0.000,0.000,0.000,0.000,0.000,0,0,0.960,0.568,0.832,0.000,14
Data-Oriented CPU ROAM,RelWithDebInfo,OpenGL,NVIDIA GeForce RTX 5090 D/PCIe/SSE2,4.3.0 NVIDIA 591.86,false,assets/heightmaps/Hm_Terrain_Test_129.pgm,129,129,30.000,4.000,14,4.000,2.000,20000,0.762,0.000,6.000,2.151,4.055,10629,48908,10627,30,14,65,26,0,0,0,0,8,0.000,4.032,3.724,0.101,0.499,0.079,0.192,0.115,1.144,0.031,0.179,0.632,0.752,0.261,0.000,0.000,0.000,0.000,0.000,0.000,0.000,0.000,0.000,0.000,0.000,0.000,0.000,0.000,0.000,0.000,0,0,1.290,0.577,0.811,0.000,14
Data-Oriented CPU ROAM,RelWithDebInfo,OpenGL,NVIDIA GeForce RTX 5090 D/PCIe/SSE2,4.3.0 NVIDIA 591.86,false,assets/heightmaps/Hm_Terrain_Test_129.pgm,129,129,30.000,4.000,14,4.000,2.000,20000,0.766,0.000,6.000,2.080,4.371,10598,48960,10596,26,13,57,35,0,0,0,0,8,0.000,4.506,4.271,0.089,0.855,0.095,0.316,0.194,1.086,0.030,0.183,0.664,0.760,0.186,0.000,0.000,0.000,0.000,0.000,0.000,0.000,0.000,0.000,0.000,0.000,0.000,0.000,0.000,0.000,0.000,0,0,1.310,0.950,0.846,0.000,14
Data-Oriented CPU ROAM,RelWithDebInfo,OpenGL,NVIDIA GeForce RTX 5090 D/PCIe/SSE2,4.3.0 NVIDIA 591.86,false,assets/heightmaps/Hm_Terrain_Test_129.pgm,129,129,30.000,4.000,14,4.000,2.000,20000,0.771,0.000,6.000,2.002,4.836,10554,49016,10552,28,14,72,38,0,0,0,0,8,426.528,3.905,3.662,0.099,0.586,0.069,0.194,0.111,1.032,0.030,0.174,0.630,0.737,0.196,0.000,0.000,0.000,0.000,0.000,0.000,0.000,0.000,0.000,0.000,0.000,0.000,0.000,0.000,0.000,0.000,0,0,1.172,0.656,0.804,0.000,14
Data-Oriented CPU ROAM,RelWithDebInfo,OpenGL,NVIDIA GeForce RTX 5090 D/PCIe/SSE2,4.3.0 NVIDIA 591.86,false,assets/heightmaps/Hm_Terrain_Test_129.pgm,129,129,30.000,4.000,14,4.000,2.000,20000,0.775,0.000,6.000,1.936,4.220,10504,49092,10502,38,19,88,33,0,0,0,0,8,0.000,3.852,3.614,0.103,0.644,0.093,0.189,0.113,0.894,0.036,0.179,0.612,0.748,0.190,0.000,0.000,0.000,0.000,0.000,0.000,0.000,0.000,0.000,0.000,0.000,0.000,0.000,0.000,0.000,0.000,0,0,1.044,0.738,0.791,0.000,14
Data-Oriented CPU ROAM,RelWithDebInfo,OpenGL,NVIDIA GeForce RTX 5090 D/PCIe/SSE2,4.3.0 NVIDIA 591.86,false,assets/heightmaps/Hm_Terrain_Test_129.pgm,129,129,30.000,4.000,14,4.000,2.000,20000,0.779,0.000,6.000,1.871,4.177,10488,49168,10486,38,19,54,27,0,0,0,0,8,0.000,3.659,3.414,0.106,0.506,0.050,0.190,0.120,0.830,0.041,0.182,0.637,0.752,0.194,0.000,0.000,0.000,0.000,0.000,0.000,0.000,0.000,0.000,0.000,0.000,0.000,0.000,0.000,0.000,0.000,0,0,0.991,0.556,0.819,0.000,14
Data-Oriented CPU ROAM,RelWithDebInfo,OpenGL,NVIDIA GeForce RTX 5090 D/PCIe/SSE2,4.3.0 NVIDIA 591.86,false,assets/heightmaps/Hm_Terrain_Test_129.pgm,129,129,30.000,4.000,14,4.000,2.000,20000,0.783,0.000,6.000,1.809,4.001,10438,49232,10436,32,16,82,24,0,0,0,0,8,0.000,4.406,4.171,0.186,0.901,0.085,0.197,0.111,1.087,0.033,0.170,0.659,0.741,0.190,0.000,0.000,0.000,0.000,0.000,0.000,0.000,0.000,0.000,0.000,0.000,0.000,0.000,0.000,0.000,0.000,0,0,1.231,0.986,0.829,0.000,14
Data-Oriented CPU ROAM,RelWithDebInfo,OpenGL,NVIDIA GeForce RTX 5090 D/PCIe/SSE2,4.3.0 NVIDIA 591.86,false,assets/heightmaps/Hm_Terrain_Test_129.pgm,129,129,30.000,4.000,14,4.000,2.000,20000,0.788,0.000,6.000,1.737,4.723,10420,49316,10418,42,21,60,31,0,0,0,0,8,0.000,4.208,3.974,0.131,0.701,0.061,0.197,0.112,1.145,0.041,0.230,0.601,0.755,0.186,0.000,0.000,0.000,0.000,0.000,0.000,0.000,0.000,0.000,0.000,0.000,0.000,0.000,0.000,0.000,0.000,0,0,1.297,0.763,0.831,0.000,14
Data-Oriented CPU ROAM,RelWithDebInfo,OpenGL,NVIDIA GeForce RTX 5090 D/PCIe/SSE2,4.3.0 NVIDIA 591.86,false,assets/heightmaps/Hm_Terrain_Test_129.pgm,129,129,30.000,4.000,14,4.000,2.000,20000,0.792,0.000,6.000,1.670,4.525,10357,49408,10355,46,22,109,44,0,0,0,0,8,0.000,4.160,3.900,0.116,0.454,0.098,0.191,0.119,1.142,0.048,0.181,0.727,0.823,0.203,0.000,0.000,0.000,0.000,0.000,0.000,0.000,0.000,0.000,0.000,0.000,0.000,0.000,0.000,0.000,0.000,0,0,1.309,0.552,0.909,0.000,14
Data-Oriented CPU ROAM,RelWithDebInfo,OpenGL,NVIDIA GeForce RTX 5090 D/PCIe/SSE2,4.3.0 NVIDIA 591.86,false,assets/heightmaps/Hm_Terrain_Test_129.pgm,129,129,30.000,4.000,14,4.000,2.000,20000,0.797,0.000,6.000,1.603,4.558,10338,49472,10336,32,16,51,24,0,0,0,0,8,0.000,4.105,3.865,0.118,0.915,0.057,0.189,0.113,0.861,0.044,0.189,0.598,0.781,0.184,0.000,0.000,0.000,0.000,0.000,0.000,0.000,0.000,0.000,0.000,0.000,0.000,0.000,0.000,0.000,0.000,0,0,1.018,0.972,0.787,0.000,14
Data-Oriented CPU ROAM,RelWithDebInfo,OpenGL,NVIDIA GeForce RTX 5090 D/PCIe/SSE2,4.3.0 NVIDIA 591.86,false,assets/heightmaps/Hm_Terrain_Test_129.pgm,129,129,30.000,4.000,14,4.000,2.000,20000,0.801,0.000,6.000,1.539,4.467,10284,49528,10282,28,14,82,42,0,0,0,0,8,918.146,3.641,3.402,0.101,0.513,0.082,0.189,0.115,0.851,0.033,0.181,0.594,0.743,0.184,0.000,0.000,0.000,0.000,0.000,0.000,0.000,0.000,0.000,0.000,0.000,0.000,0.000,0.000,0.000,0.000,0,0,0.999,0.595,0.775,0.000,14
Data-Oriented CPU ROAM,RelWithDebInfo,OpenGL,NVIDIA GeForce RTX 5090 D/PCIe/SSE2,4.3.0 NVIDIA 591.86,false,assets/heightmaps/Hm_Terrain_Test_129.pgm,129,129,30.000,4.000,14,4.000,2.000,20000,0.806,0.000,6.000,1.481,4.028,10248,49560,10246,16,8,52,26,0,0,0,0,8,0.000,3.812,3.569,0.096,0.492,0.059,0.190,0.108,1.116,0.019,0.180,0.581,0.729,0.193,0.000,0.000,0.000,0.000,0.000,0.000,0.000,0.000,0.000,0.000,0.000,0.000,0.000,0.000,0.000,0.000,0,0,1.243,0.550,0.760,0.000,14
Data-Oriented CPU ROAM,RelWithDebInfo,OpenGL,NVIDIA GeForce RTX 5090 D/PCIe/SSE2,4.3.0 NVIDIA 591.86,false,assets/heightmaps/Hm_Terrain_Test_129.pgm,129,129,30.000,4.000,14,4.000,2.000,20000,0.810,0.000,6.000,1.423,4.188,10188,49588,10186,14,7,74,34,0,0,0,0,8,0.000,3.760,3.532,0.109,0.470,0.074,0.192,0.108,1.071,0.021,0.168,0.586,0.735,0.180,0.000,0.000,0.000,0.000,0.000,0.000,0.000,0.000,0.000,0.000,0.000,0.000,0.000,0.000,0.000,0.000,0,0,1.199,0.544,0.753,0.000,14
Data-Oriented CPU ROAM,RelWithDebInfo,OpenGL,NVIDIA GeForce RTX 5090 D/PCIe/SSE2,4.3.0 NVIDIA 591.86,false,assets/heightmaps/Hm_Terrain_Test_129.pgm,129,129,30.000,4.000,14,4.000,2.000,20000,0.814,0.000,6.000,1.367,4.041,10162,49640,10160,26,13,52,36,0,0,0,0,8,0.000,3.763,3.517,0.094,0.448,0.064,0.184,0.115,1.065,0.033,0.177,0.608,0.728,0.195,0.000,0.000,0.000,0.000,0.000,0.000,0.000,0.000,0.000,0.000,0.000,0.000,0.000,0.000,0.000,0.000,0,0,1.214,0.511,0.786,0.000,14
Data-Oriented CPU ROAM,RelWithDebInfo,OpenGL,NVIDIA GeForce RTX 5090 D/PCIe/SSE2,4.3.0 NVIDIA 591.86,false,assets/heightmaps/Hm_Terrain_Test_129.pgm,129,129,30.000,4.000,14,4.000,2.000,20000,0.818,0.000,6.000,1.312,4.063,10186,49752,10184,56,28,32,36,0,0,0,0,8,417.937,3.974,3.737,0.095,0.693,0.041,0.195,0.106,0.984,0.053,0.169,0.670,0.732,0.188,0.000,0.000,0.000,0.000,0.000,0.000,0.000,0.000,0.000,0.000,0.000,0.000,0.000,0.000,0.000,0.000,0,0,1.143,0.733,0.839,0.000,14
Data-Oriented CPU ROAM,RelWithDebInfo,OpenGL,NVIDIA GeForce RTX 5090 D/PCIe/SSE2,4.3.0 NVIDIA 591.86,false,assets/heightmaps/Hm_Terrain_Test_129.pgm,129,129,30.000,4.000,14,4.000,2.000,20000,0.822,0.000,6.000,1.255,4.277,10158,49828,10156,38,19,66,29,0,0,0,0,8,0.000,4.197,3.965,0.093,0.829,0.108,0.197,0.219,0.964,0.042,0.176,0.606,0.731,0.184,0.000,0.000,0.000,0.000,0.000,0.000,0.000,0.000,0.000,0.000,0.000,0.000,0.000,0.000,0.000,0.000,0,0,1.225,0.937,0.782,0.000,14
Data-Oriented CPU ROAM,RelWithDebInfo,OpenGL,NVIDIA GeForce RTX 5090 D/PCIe/SSE2,4.3.0 NVIDIA 591.86,false,assets/heightmaps/Hm_Terrain_Test_129.pgm,129,129,30.000,4.000,14,4.000,2.000,20000,0.827,0.000,6.000,1.197,4.510,10122,49892,10120,32,15,68,34,0,0,0,0,8,0.000,4.165,3.931,0.112,0.454,0.066,0.188,0.108,1.072,0.041,0.176,0.991,0.723,0.184,0.000,0.000,0.000,0.000,0.000,0.000,0.000,0.000,0.000,0.000,0.000,0.000,0.000,0.000,0.000,0.000,0,0,1.221,0.520,1.167,0.000,14
Data-Oriented CPU ROAM,RelWithDebInfo,OpenGL,NVIDIA GeForce RTX 5090 D/PCIe/SSE2,4.3.0 NVIDIA 591.86,false,assets/heightmaps/Hm_Terrain_Test_129.pgm,129,129,30.000,4.000,14,4.000,2.000,20000,0.831,0.000,6.000,1.139,4.481,10090,49956,10088,32,16,64,32,0,0,0,0,8,3248.863,4.069,3.847,0.096,0.779,0.065,0.191,0.108,1.118,0.033,0.165,0.581,0.711,0.174,0.000,0.000,0.000,0.000,0.000,0.000,0.000,0.000,0.000,0.000,0.000,0.000,0.000,0.000,0.000,0.000,0,0,1.258,0.844,0.747,0.000,14
Data-Oriented CPU ROAM,RelWithDebInfo,OpenGL,NVIDIA GeForce RTX 5090 D/PCIe/SSE2,4.3.0 NVIDIA 591.86,false,assets/heightmaps/Hm_Terrain_Test_129.pgm,129,129,30.000,4.000,14,4.000,2.000,20000,0.835,0.000,6.000,1.085,4.374,10090,50028,10088,36,18,36,23,0,0,0,0,8,0.000,3.800,3.564,0.099,0.458,0.038,0.187,0.198,1.081,0.042,0.176,0.576,0.709,0.191,0.000,0.000,0.000,0.000,0.000,0.000,0.000,0.000,0.000,0.000,0.000,0.000,0.000,0.000,0.000,0.000,0,0,1.321,0.495,0.752,0.000,14
Data-Oriented CPU ROAM,RelWithDebInfo,OpenGL,NVIDIA GeForce RTX 5090 D/PCIe/SSE2,4.3.0 NVIDIA 591.86,false,assets/heightmaps/Hm_Terrain_Test_129.pgm,129,129,30.000,4.000,14,4.000,2.000,20000,0.840,0.000,6.000,1.034,4.102,10070,50076,10068,24,12,44,24,0,0,0,0,8,0.000,3.501,3.268,0.103,0.443,0.056,0.182,0.111,0.850,0.027,0.192,0.590,0.714,0.176,0.000,0.000,0.000,0.000,0.000,0.000,0.000,0.000,0.000,0.000,0.000,0.000,0.000,0.000,0.000,0.000,0,0,0.988,0.499,0.781,0.000,14
Data-Oriented CPU ROAM,RelWithDebInfo,OpenGL,NVIDIA GeForce RTX 5090 D/PCIe/SSE2,4.3.0 NVIDIA 591.86,false,assets/heightmaps/Hm_Terrain_Test_129.pgm,129,129,30.000,4.000,14,4.000,2.000,20000,0.843,0.000,6.000,0.989,3.827,10024,50116,10022,20,10,66,14,0,0,0,0,8,0.000,3.986,3.759,0.125,0.680,0.087,0.181,0.110,1.076,0.026,0.174,0.580,0.717,0.177,0.000,0.000,0.000,0.000,0.000,0.000,0.000,0.000,0.000,0.000,0.000,0.000,0.000,0.000,0.000,0.000,0,0,1.213,0.768,0.754,0.000,14
Data-Oriented CPU ROAM,RelWithDebInfo,OpenGL,NVIDIA GeForce RTX 5090 D/PCIe/SSE2,4.3.0 NVIDIA 591.86,false,assets/heightmaps/Hm_Terrain_Test_129.pgm,129,129,30.000,4.000,14,4.000,2.000,20000,0.848,0.000,6.000,0.938,4.288,10018,50172,10016,28,14,34,20,0,0,0,0,8,452.361,3.680,3.453,0.095,0.447,0.037,0.186,0.108,1.057,0.027,0.163,0.618,0.714,0.179,0.000,0.000,0.000,0.000,0.000,0.000,0.000,0.000,0.000,0.000,0.000,0.000,0.000,0.000,0.000,0.000,0,0,1.192,0.485,0.781,0.000,14
Data-Oriented CPU ROAM,RelWithDebInfo,OpenGL,NVIDIA GeForce RTX 5090 D/PCIe/SSE2,4.3.0 NVIDIA 591.86,false,assets/heightmaps/Hm_Terrain_Test_129.pgm,129,129,30.000,4.000,14,4.000,2.000,20000,0.852,0.000,6.000,0.892,3.988,10006,50236,10004,32,16,44,20,0,0,0,0,8,0.000,3.501,3.274,0.095,0.464,0.048,0.183,0.116,0.835,0.039,0.174,0.586,0.734,0.179,0.000,0.000,0.000,0.000,0.000,0.000,0.000,0.000,0.000,0.000,0.000,0.000,0.000,0.000,0.000,0.000,0,0,0.990,0.512,0.761,0.000,14
Data-Oriented CPU ROAM,RelWithDebInfo,OpenGL,NVIDIA GeForce RTX 5090 D/PCIe/SSE2,4.3.0 NVIDIA 591.86,false,assets/heightmaps/Hm_Terrain_Test_129.pgm,129,129,30.000,4.000,14,4.000,2.000,20000,0.855,0.000,6.000,0.850,3.800,9942,50268,9940,16,8,80,34,0,0,0,0,8,0.000,4.037,3.807,0.098,0.450,0.078,0.191,0.202,1.124,0.025,0.185,0.721,0.734,0.181,0.000,0.000,0.000,0.000,0.000,0.000,0.000,0.000,0.000,0.000,0.000,0.000,0.000,0.000,0.000,0.000,0,0,1.351,0.528,0.906,0.000,14
Data-Oriented CPU ROAM,RelWithDebInfo,OpenGL,NVIDIA GeForce RTX 5090 D/PCIe/SSE2,4.3.0 NVIDIA 591.86,false,assets/heightmaps/Hm_Terrain_Test_129.pgm,129,129,30.000,4.000,14,4.000,2.000,20000,0.860,0.000,6.000,0.802,4.340,9888,50344,9886,38,19,92,28,0,0,0,0,8,0.000,4.270,4.050,0.122,0.478,0.081,0.194,0.104,1.260,0.043,0.164,0.899,0.704,0.174,0.000,0.000,0.000,0.000,0.000,0.000,0.000,0.000,0.000,0.000,0.000,0.000,0.000,0.000,0.000,0.000,0,0,1.407,0.559,1.064,0.000,14
Data-Oriented CPU ROAM,RelWithDebInfo,OpenGL,NVIDIA GeForce RTX 5090 D/PCIe/SSE2,4.3.0 NVIDIA 591.86,false,assets/heightmaps/Hm_Terrain_Test_129.pgm,129,129,30.000,4.000,14,4.000,2.000,20000,0.864,0.000,6.000,0.752,4.636,9887,50432,9885,44,21,45,32,0,0,0,0,8,412.465,4.009,3.787,0.107,0.758,0.046,0.181,0.103,1.092,0.041,0.165,0.585,0.708,0.178,0.000,0.000,0.000,0.000,0.000,0.000,0.000,0.000,0.000,0.000,0.000,0.000,0.000,0.000,0.000,0.000,0,0,1.236,0.805,0.750,0.000,14
Data-Oriented CPU ROAM,RelWithDebInfo,OpenGL,NVIDIA GeForce RTX 5090 D/PCIe/SSE2,4.3.0 NVIDIA 591.86,false,assets/heightmaps/Hm_Terrain_Test_129.pgm,129,129,30.000,4.000,14,4.000,2.000,20000,0.869,0.000,6.000,0.707,4.322,9868,50508,9866,38,19,57,26,0,0,0,0,8,0.000,3.642,3.413,0.100,0.428,0.056,0.182,0.105,1.044,0.034,0.168,0.571,0.724,0.179,0.000,0.000,0.000,0.000,0.000,0.000,0.000,0.000,0.000,0.000,0.000,0.000,0.000,0.000,0.000,0.000,0,0,1.183,0.485,0.739,0.000,14
Data-Oriented CPU ROAM,RelWithDebInfo,OpenGL,NVIDIA GeForce RTX 5090 D/PCIe/SSE2,4.3.0 NVIDIA 591.86,false,assets/heightmaps/Hm_Terrain_Test_129.pgm,129,129,30.000,4.000,14,4.000,2.000,20000,0.873,0.000,6.000,0.667,3.944,9821,50564,9819,28,14,75,34,0,0,0,0,8,0.000,3.654,3.436,0.097,0.419,0.075,0.191,0.106,1.071,0.028,0.163,0.559,0.726,0.174,0.000,0.000,0.000,0.000,0.000,0.000,0.000,0.000,0.000,0.000,0.000,0.000,0.000,0.000,0.000,0.000,0,0,1.206,0.495,0.723,0.000,14
Data-Oriented CPU ROAM,RelWithDebInfo,OpenGL,NVIDIA GeForce RTX 5090 D/PCIe/SSE2,4.3.0 NVIDIA 591.86,false,assets/heightmaps/Hm_Terrain_Test_129.pgm,129,129,30.000,4.000,14,4.000,2.000,20000,0.877,0.000,6.000,0.628,3.979,9797,50600,9795,18,9,42,16,0,0,0,0,8,0.000,3.885,3.651,0.087,0.427,0.041,0.189,0.196,1.064,0.025,0.171,0.675,0.776,0.187,0.000,0.000,0.000,0.000,0.000,0.000,0.000,0.000,0.000,0.000,0.000,0.000,0.000,0.000,0.000,0.000,0,0,1.284,0.468,0.845,0.000,14
Data-Oriented CPU ROAM,RelWithDebInfo,OpenGL,NVIDIA GeForce RTX 5090 D/PCIe/SSE2,4.3.0 NVIDIA 591.86,false,assets/heightmaps/Hm_Terrain_Test_129.pgm,129,129,30.000,4.000,14,4.000,2.000,20000,0.881,0.000,6.000,0.588,4.181,9793,50664,9791,32,16,36,23,0,0,0,0,8,2877.835,4.011,3.799,0.098,0.689,0.036,0.188,0.110,1.174,0.035,0.175,0.585,0.710,0.166,0.000,0.000,0.000,0.000,0.000,0.000,0.000,0.000,0.000,0.000,0.000,0.000,0.000,0.000,0.000,0.000,0,0,1.319,0.725,0.759,0.000,14
Data-Oriented CPU ROAM,RelWithDebInfo,OpenGL,NVIDIA GeForce RTX 5090 D/PCIe/SSE2,4.3.0 NVIDIA 591.86,false,assets/heightmaps/Hm_Terrain_Test_129.pgm,129,129,30.000,4.000,14,4.000,2.000,20000,0.885,0.000,6.000,0.548,4.299,9768,50712,9766,24,12,49,20,0,0,0,0,8,0.000,3.712,3.495,0.098,0.720,0.051,0.180,0.105,0.843,0.035,0.194,0.570,0.698,0.169,0.000,0.000,0.000,0.000,0.000,0.000,0.000,0.000,0.000,0.000,0.000,0.000,0.000,0.000,0.000,0.000,0,0,0.984,0.771,0.764,0.000,14
Data-Oriented CPU ROAM,RelWithDebInfo,OpenGL,NVIDIA GeForce RTX 5090 D/PCIe/SSE2,4.3.0 NVIDIA 591.86,false,assets/heightmaps/Hm_Terrain_Test_129.pgm,129,129,30.000,4.000,14,4.000,2.000,20000,0.889,0.000,6.000,0.512,4.052,9734,50748,9732,18,9,52,24,0,0,0,0,8,0.000,3.358,3.134,0.096,0.441,0.054,0.178,0.106,0.806,0.022,0.172,0.570,0.688,0.181,0.000,0.000,0.000,0.000,0.000,0.000,0.000,0.000,0.000,0.000,0.000,0.000,0.000,0.000,0.000,0.000,0,0,0.934,0.495,0.743,0.000,14
Data-Oriented CPU ROAM,RelWithDebInfo,OpenGL,NVIDIA GeForce RTX 5090 D/PCIe/SSE2,4.3.0 NVIDIA 591.86,false,assets/heightmaps/Hm_Terrain_Test_129.pgm,129,129,30.000,4.000,14,4.000,2.000,20000,0.893,0.000,6.000,0.479,3.665,9702,50772,9700,12,6,44,14,0,0,0,0,8,0.000,4.021,3.797,0.095,0.691,0.043,0.177,0.108,1.163,0.024,0.218,0.587,0.689,0.176,0.000,0.000,0.000,0.000,0.000,0.000,0.000,0.000,0.000,0.000,0.000,0.000,0.000,0.000,0.000,0.000,0,0,1.295,0.734,0.806,0.000,14
Data-Oriented CPU ROAM,RelWithDebInfo,OpenGL,NVIDIA GeForce RTX 5090 D/PCIe/SSE2,4.3.0 NVIDIA 591.86,false,assets/heightmaps/Hm_Terrain_Test_129.pgm,129,129,30.000,4.000,14,4.000,2.000,20000,0.897,0.000,6.000,0.443,4.340,9720,50832,9718,30,15,12,19,0,0,0,0,8,0.000,3.892,3.684,0.098,0.429,0.018,0.178,0.112,1.052,0.034,0.179,0.892,0.693,0.165,0.000,0.000,0.000,0.000,0.000,0.000,0.000,0.000,0.000,0.000,0.000,0.000,0.000,0.000,0.000,0.000,0,0,1.198,0.447,1.071,0.000,14
Data-Oriented CPU ROAM,RelWithDebInfo,OpenGL,NVIDIA GeForce RTX 5090 D/PCIe/SSE2,4.3.0 NVIDIA 591.86,false,assets/heightmaps/Hm_Terrain_Test_129.pgm,129,129,30.000,4.000,14,4.000,2.000,20000,0.901,0.000,6.000,0.409,4.206,9700,50872,9698,20,10,40,32,0,0,0,0,8,0.000,3.741,3.518,0.090,0.802,0.050,0.191,0.107,0.830,0.024,0.167,0.559,0.699,0.175,0.000,0.000,0.000,0.000,0.000,0.000,0.000,0.000,0.000,0.000,0.000,0.000,0.000,0.000,0.000,0.000,0,0,0.961,0.852,0.725,0.000,14
Data-Oriented CPU ROAM,RelWithDebInfo,OpenGL,NVIDIA GeForce RTX 5090 D/PCIe/SSE2,4.3.0 NVIDIA 591.86,false,assets/heightmaps/Hm_Terrain_Test_129.pgm,129,129,30.000,4.000,14,4.000,2.000,20000,0.905,0.000,6.000,0.377,4.061,9676,50896,9674,12,6,36,24,0,0,0,0,8,0.000,3.507,3.293,0.099,0.410,0.039,0.177,0.106,1.010,0.019,0.169,0.560,0.704,0.169,0.000,0.000,0.000,0.000,0.000,0.000,0.000,0.000,0.000,0.000,0.000,0.000,0.000,0.000,0.000,0.000,0,0,1.135,0.449,0.729,0.000,14
Data-Oriented CPU ROAM,RelWithDebInfo,OpenGL,NVIDIA GeForce RTX 5090 D/PCIe/SSE2,4.3.0 NVIDIA 591.86,false,assets/heightmaps/Hm_Terrain_Test_129.pgm,129,129,30.000,4.000,14,4.000,2.000,20000,0.909,0.000,6.000,0.348,3.799,9682,50932,9680,18,9,12,11,0,0,0,0,8,456.631,3.638,3.421,0.098,0.795,0.018,0.189,0.105,0.799,0.020,0.159,0.551,0.686,0.175,0.000,0.000,0.000,0.000,0.000,0.000,0.000,0.000,0.000,0.000,0.000,0.000,0.000,0.000,0.000,0.000,0,0,0.925,0.814,0.710,0.000,14
Data-Oriented CPU ROAM,RelWithDebInfo,OpenGL,NVIDIA GeForce RTX 5090 D/PCIe/SSE2,4.3.0 NVIDIA 591.86,false,assets/heightmaps/Hm_Terrain_Test_129.pgm,129,129,30.000,4.000,14,4.000,2.000,20000,0.913,0.000,6.000,0.319,3.914,9666,50960,9664,14,7,30,20,0,0,0,0,8,0.000,3.384,3.177,0.094,0.430,0.036,0.183,0.107,0.899,0.019,0.165,0.557,0.687,0.169,0.000,0.000,0.000,0.000,0.000,0.000,0.000,0.000,0.000,0.000,0.000,0.000,0.000,0.000,0.000,0.000,0,0,1.025,0.465,0.722,0.000,14
Data-Oriented CPU ROAM,RelWithDebInfo,OpenGL,NVIDIA GeForce RTX 5090 D/PCIe/SSE2,4.3.0 NVIDIA 591.86,false,assets/heightmaps/Hm_Terrain_Test_129.pgm,129,129,30.000,4.000,14,4.000,2.000,20000,0.917,0.000,6.000,0.294,3.636,9665,50986,9663,13,5,14,8,0,0,0,0,8,0.000,3.920,3.686,0.088,0.574,0.016,0.179,0.112,1.266,0.020,0.169,0.557,0.706,0.184,0.000,0.000,0.000,0.000,0.000,0.000,0.000,0.000,0.000,0.000,0.000,0.000,0.000,0.000,0.000,0.000,0,0,1.397,0.590,0.725,0.000,14
Data-Oriented CPU ROAM,RelWithDebInfo,OpenGL,NVIDIA GeForce RTX 5090 D/PCIe/SSE2,4.3.0 NVIDIA 591.86,false,assets/heightmaps/Hm_Terrain_Test_129.pgm,129,129,30.000,4.000,14,4.000,2.000,20000,0.921,0.000,6.000,0.266,4.228,9666,51020,9664,17,8,16,14,0,0,0,0,8,0.000,3.866,3.656,0.082,0.699,0.025,0.175,0.102,1.108,0.024,0.161,0.589,0.691,0.168,0.000,0.000,0.000,0.000,0.000,0.000,0.000,0.000,0.000,0.000,0.000,0.000,0.000,0.000,0.000,0.000,0,0,1.234,0.724,0.750,0.000,14
Data-Oriented CPU ROAM,RelWithDebInfo,OpenGL,NVIDIA GeForce RTX 5090 D/PCIe/SSE2,4.3.0 NVIDIA 591.86,false,assets/heightmaps/Hm_Terrain_Test_129.pgm,129,129,30.000,4.000,14,4.000,2.000,20000,0.925,0.000,6.000,0.239,4.163,9650,51044,9648,12,6,28,18,0,0,0,0,8,3277.571,4.041,3.813,0.186,0.424,0.033,0.181,0.213,1.069,0.020,0.170,0.825,0.692,0.180,0.000,0.000,0.000,0.000,0.000,0.000,0.000,0.000,0.000,0.000,0.000,0.000,0.000,0.000,0.000,0.000,0,0,1.302,0.457,0.995,0.000,14
Data-Oriented CPU ROAM,RelWithDebInfo,OpenGL,NVIDIA GeForce RTX 5090 D/PCIe/SSE2,4.3.0 NVIDIA 591.86,false,assets/heightmaps/Hm_Terrain_Test_129.pgm,129,129,30.000,4.000,14,4.000,2.000,20000,0.930,0.000,6.000,0.213,4.347,9651,51082,9649,19,9,18,14,0,0,0,0,8,0.000,3.336,3.130,0.104,0.403,0.025,0.186,0.104,0.873,0.023,0.163,0.575,0.674,0.168,0.000,0.000,0.000,0.000,0.000,0.000,0.000,0.000,0.000,0.000,0.000,0.000,0.000,0.000,0.000,0.000,0,0,1.000,0.429,0.738,0.000,14
Data-Oriented CPU ROAM,RelWithDebInfo,OpenGL,NVIDIA GeForce RTX 5090 D/PCIe/SSE2,4.3.0 NVIDIA 591.86,false,assets/heightmaps/Hm_Terrain_Test_129.pgm,129,129,30.000,4.000,14,4.000,2.000,20000,0.933,0.000,6.000,0.192,3.603,9655,51138,9653,28,14,24,16,0,0,0,0,8,0.000,3.830,3.598,0.116,0.803,0.028,0.178,0.108,0.913,0.034,0.168,0.563,0.687,0.185,0.000,0.000,0.000,0.000,0.000,0.000,0.000,0.000,0.000,0.000,0.000,0.000,0.000,0.000,0.000,0.000,0,0,1.055,0.832,0.730,0.000,14
Data-Oriented CPU ROAM,RelWithDebInfo,OpenGL,NVIDIA GeForce RTX 5090 D/PCIe/SSE2,4.3.0 NVIDIA 591.86,false,assets/heightmaps/Hm_Terrain_Test_129.pgm,129,129,30.000,4.000,14,4.000,2.000,20000,0.937,0.000,6.000,0.169,4.137,9626,51156,9624,9,4,38,20,0,0,0,0,8,0.000,3.540,3.325,0.085,0.411,0.044,0.180,0.104,1.018,0.014,0.164,0.561,0.743,0.172,0.000,0.000,0.000,0.000,0.000,0.000,0.000,0.000,0.000,0.000,0.000,0.000,0.000,0.000,0.000,0.000,0,0,1.137,0.454,0.726,0.000,14
Data-Oriented CPU ROAM,RelWithDebInfo,OpenGL,NVIDIA GeForce RTX 5090 D/PCIe/SSE2,4.3.0 NVIDIA 591.86,false,assets/heightmaps/Hm_Terrain_Test_129.pgm,129,129,30.000,4.000,14,4.000,2.000,20000,0.941,0.000,6.000,0.150,3.859,9541,51178,9539,11,4,96,32,0,0,0,0,8,2878.062,4.058,3.799,0.159,0.780,0.084,0.174,0.106,1.035,0.019,0.177,0.562,0.702,0.211,0.000,0.000,0.000,0.000,0.000,0.000,0.000,0.000,0.000,0.000,0.000,0.000,0.000,0.000,0.000,0.000,0,0,1.161,0.864,0.739,0.000,14
Data-Oriented CPU ROAM,RelWithDebInfo,OpenGL,NVIDIA GeForce RTX 5090 D/PCIe/SSE2,4.3.0 NVIDIA 591.86,false,assets/heightmaps/Hm_Terrain_Test_129.pgm,129,129,30.000,4.000,14,4.000,2.000,20000,0.946,0.000,6.000,0.129,4.369,9557,51218,9555,20,10,4,12,0,0,0,0,8,0.000,3.250,3.016,0.096,0.397,0.009,0.178,0.103,0.799,0.024,0.157,0.565,0.686,0.190,0.000,0.000,0.000,0.000,0.000,0.000,0.000,0.000,0.000,0.000,0.000,0.000,0.000,0.000,0.000,0.000,0,0,0.927,0.406,0.722,0.000,14
Data-Oriented CPU ROAM,RelWithDebInfo,OpenGL,NVIDIA GeForce RTX 5090 D/PCIe/SSE2,4.3.0 NVIDIA 591.86,false,assets/heightmaps/Hm_Terrain_Test_129.pgm,129,129,30.000,4.000,14,4.000,2.000,20000,0.949,0.000,6.000,0.113,3.583,9547,51226,9545,4,2,14,8,0,0,0,0,8,0.000,3.947,3.696,0.121,0.804,0.017,0.171,0.101,1.048,0.009,0.167,0.592,0.665,0.197,0.000,0.000,0.000,0.000,0.000,0.000,0.000,0.000,0.000,0.000,0.000,0.000,0.000,0.000,0.000,0.000,0,0,1.158,0.821,0.759,0.000,14
Data-Oriented CPU ROAM,RelWithDebInfo,OpenGL,NVIDIA GeForce RTX 5090 D/PCIe/SSE2,4.3.0 NVIDIA 591.86,false,assets/heightmaps/Hm_Terrain_Test_129.pgm,129,129,30.000,4.000,14,4.000,2.000,20000,0.953,0.000,6.000,0.095,4.222,9554,51260,9552,17,8,10,11,0,0,0,0,8,0.000,3.891,3.652,0.094,0.417,0.012,0.178,0.112,1.085,0.028,0.168,0.848,0.709,0.191,0.000,0.000,0.000,0.000,0.000,0.000,0.000,0.000,0.000,0.000,0.000,0.000,0.000,0.000,0.000,0.000,0,0,1.225,0.429,1.016,0.000,14
Data-Oriented CPU ROAM,RelWithDebInfo,OpenGL,NVIDIA GeForce RTX 5090 D/PCIe/SSE2,4.3.0 NVIDIA 591.86,false,assets/heightmaps/Hm_Terrain_Test_129.pgm,129,129,30.000,4.000,14,4.000,2.000,20000,0.958,0.000,6.000,0.079,4.228,9554,51264,9552,2,1,2,2,0,0,0,0,8,454.149,3.675,3.439,0.176,0.417,0.005,0.183,0.113,1.059,0.007,0.165,0.601,0.714,0.192,0.000,0.000,0.000,0.000,0.000,0.000,0.000,0.000,0.000,0.000,0.000,0.000,0.000,0.000,0.000,0.000,0,0,1.179,0.421,0.766,0.000,14
Data-Oriented CPU ROAM,RelWithDebInfo,OpenGL,NVIDIA GeForce RTX 5090 D/PCIe/SSE2,4.3.0 NVIDIA 591.86,false,assets/heightmaps/Hm_Terrain_Test_129.pgm,129,129,30.000,4.000,14,4.000,2.000,20000,0.962,0.000,6.000,0.065,3.994,9560,51280,9558,8,4,2,4,0,0,0,0,8,0.000,3.649,3.423,0.113,0.674,0.005,0.176,0.109,0.895,0.015,0.166,0.593,0.678,0.179,0.000,0.000,0.000,0.000,0.000,0.000,0.000,0.000,0.000,0.000,0.000,0.000,0.000,0.000,0.000,0.000,0,0,1.018,0.679,0.758,0.000,14
Data-Oriented CPU ROAM,RelWithDebInfo,OpenGL,NVIDIA GeForce RTX 5090 D/PCIe/SSE2,4.3.0 NVIDIA 591.86,false,assets/heightmaps/Hm_Terrain_Test_129.pgm,129,129,30.000,4.000,14,4.000,2.000,20000,0.966,0.000,6.000,0.052,3.970,9556,51292,9554,6,3,10,6,0,0,0,0,8,0.000,3.501,3.269,0.126,0.396,0.014,0.175,0.102,1.027,0.010,0.166,0.558,0.695,0.188,0.000,0.000,0.000,0.000,0.000,0.000,0.000,0.000,0.000,0.000,0.000,0.000,0.000,0.000,0.000,0.000,0,0,1.139,0.410,0.723,0.000,14
Data-Oriented CPU ROAM,RelWithDebInfo,OpenGL,NVIDIA GeForce RTX 5090 D/PCIe/SSE2,4.3.0 NVIDIA 591.86,false,assets/heightmaps/Hm_Terrain_Test_129.pgm,129,129,30.000,4.000,14,4.000,2.000,20000,0.969,0.000,6.000,0.041,3.827,9544,51296,9542,2,1,14,8,0,0,0,0,8,0.000,3.546,3.292,0.108,0.421,0.019,0.176,0.106,1.011,0.007,0.158,0.614,0.673,0.212,0.000,0.000,0.000,0.000,0.000,0.000,0.000,0.000,0.000,0.000,0.000,0.000,0.000,0.000,0.000,0.000,0,0,1.124,0.440,0.772,0.000,14
Data-Oriented CPU ROAM,RelWithDebInfo,OpenGL,NVIDIA GeForce RTX 5090 D/PCIe/SSE2,4.3.0 NVIDIA 591.86,false,assets/heightmaps/Hm_Terrain_Test_129.pgm,129,129,30.000,4.000,14,4.000,2.000,20000,0.973,0.000,6.000,0.032,3.864,9541,51302,9539,3,1,6,4,0,0,0,0,8,434.801,3.812,3.592,0.111,0.401,0.009,0.178,0.103,1.018,0.008,0.156,0.932,0.676,0.172,0.000,0.000,0.000,0.000,0.000,0.000,0.000,0.000,0.000,0.000,0.000,0.000,0.000,0.000,0.000,0.000,0,0,1.129,0.410,1.088,0.000,14
Data-Oriented CPU ROAM,RelWithDebInfo,OpenGL,NVIDIA GeForce RTX 5090 D/PCIe/SSE2,4.3.0 NVIDIA 591.86,false,assets/heightmaps/Hm_Terrain_Test_129.pgm,129,129,30.000,4.000,14,4.000,2.000,20000,0.977,0.000,6.000,0.023,4.114,9548,51316,9546,7,3,0,5,0,0,0,0,8,0.000,3.906,3.650,0.094,0.755,0.001,0.190,0.103,1.008,0.013,0.162,0.622,0.702,0.211,0.000,0.000,0.000,0.000,0.000,0.000,0.000,0.000,0.000,0.000,0.000,0.000,0.000,0.000,0.000,0.000,0,0,1.124,0.756,0.784,0.000,14
Data-Oriented CPU ROAM,RelWithDebInfo,OpenGL,NVIDIA GeForce RTX 5090 D/PCIe/SSE2,4.3.0 NVIDIA 591.86,false,assets/heightmaps/Hm_Terrain_Test_129.pgm,129,129,30.000,4.000,14,4.000,2.000,20000,0.982,0.000,6.000,0.015,4.192,9544,51328,9542,6,3,10,6,0,0,0,0,8,0.000,3.522,3.298,0.099,0.414,0.016,0.176,0.105,1.055,0.013,0.167,0.563,0.690,0.177,0.000,0.000,0.000,0.000,0.000,0.000,0.000,0.000,0.000,0.000,0.000,0.000,0.000,0.000,0.000,0.000,0,0,1.173,0.429,0.730,0.000,14
Data-Oriented CPU ROAM,RelWithDebInfo,OpenGL,NVIDIA GeForce RTX 5090 D/PCIe/SSE2,4.3.0 NVIDIA 591.86,false,assets/heightmaps/Hm_Terrain_Test_129.pgm,129,129,30.000,4.000,14,4.000,2.000,20000,0.985,0.000,6.000,0.010,3.821,9546,51332,9544,2,1,0,1,0,0,0,0,8,0.000,3.428,3.213,0.081,0.420,0.001,0.176,0.102,1.026,0.007,0.157,0.566,0.677,0.173,0.000,0.000,0.000,0.000,0.000,0.000,0.000,0.000,0.000,0.000,0.000,0.000,0.000,0.000,0.000,0.000,0,0,1.135,0.421,0.723,0.000,14
Data-Oriented CPU ROAM,RelWithDebInfo,OpenGL,NVIDIA GeForce RTX 5090 D/PCIe/SSE2,4.3.0 NVIDIA 591.86,false,assets/heightmaps/Hm_Terrain_Test_129.pgm,129,129,30.000,4.000,14,4.000,2.000,20000,0.989,0.000,6.000,0.005,3.723,9550,51340,9548,4,2,0,2,0,0,0,0,8,1335.356,3.749,3.510,0.121,0.777,0.002,0.179,0.108,0.919,0.012,0.176,0.548,0.668,0.192,0.000,0.000,0.000,0.000,0.000,0.000,0.000,0.000,0.000,0.000,0.000,0.000,0.000,0.000,0.000,0.000,0,0,1.039,0.778,0.725,0.000,14
Data-Oriented CPU ROAM,RelWithDebInfo,OpenGL,NVIDIA GeForce RTX 5090 D/PCIe/SSE2,4.3.0 NVIDIA 591.86,false,assets/heightmaps/Hm_Terrain_Test_129.pgm,129,129,30.000,4.000,14,4.000,2.000,20000,0.993,0.000,6.000,0.002,4.051,9550,51340,9548,0,0,0,0,0,0,0,0,8,0.000,3.422,3.202,0.102,0.428,0.001,0.179,0.103,0.990,0.003,0.157,0.571,0.666,0.179,0.000,0.000,0.000,0.000,0.000,0.000,0.000,0.000,0.000,0.000,0.000,0.000,0.000,0.000,0.000,0.000,0,0,1.096,0.430,0.728,0.000,14
Data-Oriented CPU ROAM,RelWithDebInfo,OpenGL,NVIDIA GeForce RTX 5090 D/PCIe/SSE2,4.3.0 NVIDIA 591.86,false,assets/heightmaps/Hm_Terrain_Test_129.pgm,129,129,30.000,4.000,14,4.000,2.000,20000,0.997,0.000,6.000,0.000,3.727,9550,51340,9548,0,0,0,0,0,0,0,0,8,0.000,3.607,3.387,0.114,0.558,0.001,0.176,0.106,1.055,0.003,0.155,0.562,0.657,0.174,0.000,0.000,0.000,0.000,0.000,0.000,0.000,0.000,0.000,0.000,0.000,0.000,0.000,0.000,0.000,0.000,0,0,1.165,0.558,0.717,0.000,14
Data-Oriented CPU ROAM,RelWithDebInfo,OpenGL,NVIDIA GeForce RTX 5090 D/PCIe/SSE2,4.3.0 NVIDIA 591.86,false,assets/heightmaps/Hm_Terrain_Test_129.pgm,129,129,30.000,4.000,14,4.000,2.000,20000,1.000,0.000,6.000,0.000,3.884,9550,51340,9548,0,0,0,0,0,0,0,0,8,0.000,3.970,3.756,0.146,0.428,0.001,0.178,0.103,1.254,0.002,0.154,0.835,0.653,0.172,0.000,0.000,0.000,0.000,0.000,0.000,0.000,0.000,0.000,0.000,0.000,0.000,0.000,0.000,0.000,0.000,0,0,1.360,0.429,0.989,0.000,14
GPU ROAM-like,RelWithDebInfo,OpenGL,NVIDIA GeForce RTX 5090 D/PCIe/SSE2,4.3.0 NVIDIA 591.86,false,assets/heightmaps/Hm_Terrain_Test_129.pgm,129,129,30.000,4.000,14,4.000,2.000,20000,0.000,0.000,6.000,15.000,25.061,15199,30396,15197,15197,7664,0,5233,0,0,0,0,1,68.868,22.813,17.372,6.753,0.000,0.003,0.001,0.001,0.001,8.750,0.299,0.000,1.564,0.415,0.000,0.000,0.000,0.000,0.000,0.000,0.000,0.000,0.000,0.748,0.001,0.771,0.000,0.000,0.000,0.000,3470968,0,8.752,0.003,0.000,0.000,14
GPU ROAM-like,RelWithDebInfo,OpenGL,NVIDIA GeForce RTX 5090 D/PCIe/SSE2,4.3.0 NVIDIA 591.86,false,assets/heightmaps/Hm_Terrain_Test_129.pgm,129,129,30.000,4.000,14,4.000,2.000,20000,0.023,0.000,6.000,14.976,23.231,15230,30466,15228,35,17,4,20,0,0,0,0,8,228.650,7.208,4.472,0.138,0.896,0.007,0.270,0.163,1.355,0.045,0.260,0.000,1.338,0.354,0.000,0.000,0.000,0.000,0.000,0.000,0.000,0.000,0.000,0.738,0.000,0.152,0.000,0.000,0.000,0.000,3412244,0,1.563,0.903,0.000,0.000,14
GPU ROAM-like,RelWithDebInfo,OpenGL,NVIDIA GeForce RTX 5090 D/PCIe/SSE2,4.3.0 NVIDIA 591.86,false,assets/heightmaps/Hm_Terrain_Test_129.pgm,129,129,30.000,4.000,14,4.000,2.000,20000,0.031,0.000,6.000,14.959,7.425,15237,30514,15235,24,12,17,13,0,0,0,0,8,0.000,6.193,3.795,0.160,0.575,0.023,0.277,0.173,1.056,0.033,0.264,0.000,1.235,0.341,0.000,0.000,0.000,0.000,0.000,0.000,0.000,0.000,0.000,0.759,0.001,0.095,0.000,0.000,0.000,0.000,3417620,0,1.262,0.598,0.000,0.000,14
GPU ROAM-like,RelWithDebInfo,OpenGL,NVIDIA GeForce RTX 5090 D/PCIe/SSE2,4.3.0 NVIDIA 591.86,false,assets/heightmaps/Hm_Terrain_Test_129.pgm,129,129,30.000,4.000,14,4.000,2.000,20000,0.037,0.000,6.000,14.940,6.396,15239,30582,15237,34,17,32,20,0,0,0,0,8,548.602,5.975,3.753,0.160,1.060,0.028,0.247,0.160,0.654,0.041,0.264,0.000,1.139,0.359,0.000,0.000,0.000,0.000,0.000,0.000,0.000,0.000,0.000,0.732,0.001,0.095,0.000,0.000,0.000,0.000,3425236,0,0.855,1.088,0.000,0.000,14
GPU ROAM-like,RelWithDebInfo,OpenGL,NVIDIA GeForce RTX 5090 D/PCIe/SSE2,4.3.0 NVIDIA 591.86,false,assets/heightmaps/Hm_Terrain_Test_129.pgm,129,129,30.000,4.000,14,4.000,2.000,20000,0.043,0.000,6.000,14.918,6.171,15233,30620,15231,19,9,25,12,0,0,0,0,8,0.000,5.876,3.219,0.182,0.570,0.023,0.249,0.151,0.660,0.029,0.250,0.000,1.105,0.368,0.005,0.012,0.012,0.009,0.005,0.004,0.004,0.013,0.065,0.768,0.000,0.116,0.007,0.985,0.000,0.000,3429492,96,0.840,0.593,0.000,0.000,14
GPU ROAM-like,RelWithDebInfo,OpenGL,NVIDIA GeForce RTX 5090 D/PCIe/SSE2,4.3.0 NVIDIA 591.86,false,assets/heightmaps/Hm_Terrain_Test_129.pgm,129,129,30.000,4.000,14,4.000,2.000,20000,0.049,0.000,6.000,14.894,6.067,15217,30628,15215,4,2,20,8,0,0,0,0,8,0.000,5.707,3.120,0.168,0.541,0.018,0.253,0.147,0.634,0.009,0.249,0.000,1.101,0.370,0.005,0.013,0.005,0.009,0.005,0.004,0.004,0.013,0.058,0.707,0.000,0.094,0.001,1.041,0.000,0.000,3430388,96,0.790,0.559,0.000,0.000,14
GPU ROAM-like,RelWithDebInfo,OpenGL,NVIDIA GeForce RTX 5090 D/PCIe/SSE2,4.3.0 NVIDIA 591.86,false,assets/heightmaps/Hm_Terrain_Test_129.pgm,129,129,30.000,4.000,14,4.000,2.000,20000,0.055,0.000,6.000,14.868,5.876,15210,30642,15208,7,2,14,6,0,0,0,0,8,270.755,6.036,3.537,0.191,0.962,0.014,0.250,0.146,0.622,0.012,0.250,0.000,1.091,0.381,0.005,0.013,0.012,0.009,0.005,0.004,0.004,0.013,0.064,0.741,0.000,0.087,0.001,1.015,0.000,0.000,3431956,96,0.780,0.975,0.000,0.000,14
GPU ROAM-like,RelWithDebInfo,OpenGL,NVIDIA GeForce RTX 5090 D/PCIe/SSE2,4.3.0 NVIDIA 591.86,false,assets/heightmaps/Hm_Terrain_Test_129.pgm,129,129,30.000,4.000,14,4.000,2.000,20000,0.061,0.000,6.000,14.838,6.187,15201,30686,15199,22,10,31,20,0,0,0,0,8,0.000,6.541,3.925,0.183,0.586,0.031,0.248,0.158,1.167,0.029,0.255,0.000,1.267,0.387,0.005,0.005,0.013,0.005,0.011,0.004,0.004,0.013,0.059,0.803,0.000,0.092,0.001,1.026,0.000,0.000,3436884,96,1.354,0.617,0.000,0.000,14
GPU ROAM-like,RelWithDebInfo,OpenGL,NVIDIA GeForce RTX 5090 D/PCIe/SSE2,4.3.0 NVIDIA 591.86,false,assets/heightmaps/Hm_Terrain_Test_129.pgm,129,129,30.000,4.000,14,4.000,2.000,20000,0.068,0.000,6.000,14.801,6.746,15184,30750,15182,32,16,49,22,0,0,0,0,8,469.156,6.983,4.147,0.230,0.985,0.043,0.249,0.153,1.053,0.040,0.254,0.000,1.141,0.376,0.005,0.005,0.012,0.005,0.011,0.004,0.004,0.012,0.059,0.754,0.000,0.087,0.001,1.282,0.000,0.000,3444052,96,1.246,1.028,0.000,0.000,14
GPU ROAM-like,RelWithDebInfo,OpenGL,NVIDIA GeForce RTX 5090 D/PCIe/SSE2,4.3.0 NVIDIA 591.86,false,assets/heightmaps/Hm_Terrain_Test_129.pgm,129,129,30.000,4.000,14,4.000,2.000,20000,0.075,0.000,6.000,14.758,7.183,15156,30822,15154,36,18,64,32,0,0,0,0,8,0.000,6.393,3.785,0.164,0.558,0.053,0.249,0.154,1.041,0.037,0.291,0.000,1.238,0.361,0.005,0.005,0.013,0.005,0.011,0.004,0.004,0.013,0.059,0.825,0.001,0.086,0.001,1.001,0.000,0.000,3452116,96,1.232,0.612,0.000,0.000,14
GPU ROAM-like,RelWithDebInfo,OpenGL,NVIDIA GeForce RTX 5090 D/PCIe/SSE2,4.3.0 NVIDIA 591.86,false,assets/heightmaps/Hm_Terrain_Test_129.pgm,129,129,30.000,4.000,14,4.000,2.000,20000,0.082,0.000,6.000,14.715,6.604,15080,30880,15078,29,14,105,44,0,0,0,0,8,0.000,6.740,4.131,0.199,1.012,0.081,0.258,0.155,1.012,0.035,0.243,0.000,1.136,0.345,0.005,0.013,0.012,0.010,0.005,0.004,0.004,0.013,0.065,0.748,0.000,0.115,0.001,1.089,0.000,0.000,3458612,96,1.202,1.093,0.000,0.000,14
GPU ROAM-like,RelWithDebInfo,OpenGL,NVIDIA GeForce RTX 5090 D/PCIe/SSE2,4.3.0 NVIDIA 591.86,false,assets/heightmaps/Hm_Terrain_Test_129.pgm,129,129,30.000,4.000,14,4.000,2.000,20000,0.089,0.000,6.000,14.666,6.924,15083,30978,15081,49,24,46,33,0,0,0,0,8,1240.828,6.587,4.065,0.125,1.079,0.038,0.247,0.155,1.006,0.049,0.248,0.000,1.118,0.341,0.005,0.005,0.012,0.010,0.005,0.004,0.004,0.013,0.057,0.737,0.000,0.095,0.001,1.047,0.000,0.000,3469588,96,1.209,1.118,0.000,0.000,14
GPU ROAM-like,RelWithDebInfo,OpenGL,NVIDIA GeForce RTX 5090 D/PCIe/SSE2,4.3.0 NVIDIA 591.86,false,assets/heightmaps/Hm_Terrain_Test_129.pgm,129,129,30.000,4.000,14,4.000,2.000,20000,0.096,0.000,6.000,14.615,6.736,15035,31018,15033,20,10,68,32,0,0,0,0,8,0.000,6.419,3.882,0.133,0.819,0.053,0.243,0.159,1.061,0.024,0.250,0.000,1.140,0.352,0.005,0.006,0.013,0.005,0.011,0.004,0.004,0.013,0.060,0.721,0.000,0.082,0.001,1.036,0.000,0.000,3474068,96,1.244,0.872,0.000,0.000,14
GPU ROAM-like,RelWithDebInfo,OpenGL,NVIDIA GeForce RTX 5090 D/PCIe/SSE2,4.3.0 NVIDIA 591.86,false,assets/heightmaps/Hm_Terrain_Test_129.pgm,129,129,30.000,4.000,14,4.000,2.000,20000,0.102,0.000,6.000,14.563,6.586,15014,31080,15012,31,15,52,20,0,0,0,0,8,236.929,6.870,4.161,0.131,1.088,0.047,0.245,0.157,1.066,0.039,0.245,0.000,1.143,0.341,0.006,0.005,0.013,0.005,0.011,0.004,0.004,0.013,0.059,0.726,0.000,0.097,0.001,1.256,0.000,0.000,3481012,96,1.262,1.135,0.000,0.000,14
GPU ROAM-like,RelWithDebInfo,OpenGL,NVIDIA GeForce RTX 5090 D/PCIe/SSE2,4.3.0 NVIDIA 591.86,false,assets/heightmaps/Hm_Terrain_Test_129.pgm,129,129,30.000,4.000,14,4.000,2.000,20000,0.109,0.000,6.000,14.503,7.029,15038,31176,15036,48,24,24,33,0,0,0,0,8,0.000,6.348,3.620,0.171,0.534,0.024,0.253,0.158,1.042,0.050,0.244,0.000,1.143,0.346,0.005,0.005,0.013,0.005,0.005,0.004,0.004,0.013,0.052,0.715,0.000,0.208,0.001,1.105,0.000,0.000,3491764,96,1.250,0.559,0.000,0.000,14
GPU ROAM-like,RelWithDebInfo,OpenGL,NVIDIA GeForce RTX 5090 D/PCIe/SSE2,4.3.0 NVIDIA 591.86,false,assets/heightmaps/Hm_Terrain_Test_129.pgm,129,129,30.000,4.000,14,4.000,2.000,20000,0.116,0.000,6.000,14.444,6.512,15052,31300,15050,62,31,48,38,0,0,0,0,8,254.433,6.406,3.606,0.140,0.534,0.040,0.246,0.157,1.046,0.061,0.258,0.000,1.124,0.346,0.005,0.005,0.013,0.005,0.005,0.004,0.004,0.013,0.053,0.727,0.001,0.093,0.001,1.359,0.000,0.000,3505652,96,1.264,0.574,0.000,0.000,14
GPU ROAM-like,RelWithDebInfo,OpenGL,NVIDIA GeForce RTX 5090 D/PCIe/SSE2,4.3.0 NVIDIA 591.86,false,assets/heightmaps/Hm_Terrain_Test_129.pgm,129,129,30.000,4.000,14,4.000,2.000,20000,0.122,0.000,6.000,14.382,6.559,15061,31388,15059,44,21,35,33,0,0,0,0,8,0.000,6.552,4.082,0.130,0.839,0.034,0.249,0.296,0.976,0.149,0.260,0.000,1.147,0.363,0.005,0.005,0.013,0.005,0.005,0.004,0.004,0.013,0.053,0.793,0.000,0.101,0.001,0.920,0.000,0.000,3515508,96,1.421,0.873,0.000,0.000,14
GPU ROAM-like,RelWithDebInfo,OpenGL,NVIDIA GeForce RTX 5090 D/PCIe/SSE2,4.3.0 NVIDIA 591.86,false,assets/heightmaps/Hm_Terrain_Test_129.pgm,129,129,30.000,4.000,14,4.000,2.000,20000,0.129,0.000,6.000,14.316,6.723,15018,31484,15016,48,24,91,36,0,0,0,0,8,0.000,6.675,4.236,0.142,1.059,0.089,0.244,0.160,1.038,0.050,0.263,0.000,1.192,0.364,0.005,0.005,0.013,0.009,0.005,0.004,0.004,0.013,0.058,0.740,0.001,0.078,0.001,0.930,0.000,0.000,3526260,96,1.247,1.148,0.000,0.000,14
GPU ROAM-like,RelWithDebInfo,OpenGL,NVIDIA GeForce RTX 5090 D/PCIe/SSE2,4.3.0 NVIDIA 591.86,false,assets/heightmaps/Hm_Terrain_Test_129.pgm,129,129,30.000,4.000,14,4.000,2.000,20000,0.136,0.000,6.000,14.245,6.840,14962,31576,14960,46,23,102,43,0,0,0,0,8,1264.077,6.444,3.931,0.131,0.684,0.097,0.251,0.171,1.155,0.045,0.252,0.000,1.147,0.356,0.006,0.013,0.005,0.010,0.005,0.007,0.004,0.013,0.062,0.754,0.000,0.078,0.001,1.047,0.000,0.000,3536564,96,1.370,0.780,0.000,0.000,14
GPU ROAM-like,RelWithDebInfo,OpenGL,NVIDIA GeForce RTX 5090 D/PCIe/SSE2,4.3.0 NVIDIA 591.86,false,assets/heightmaps/Hm_Terrain_Test_129.pgm,129,129,30.000,4.000,14,4.000,2.000,20000,0.142,0.000,6.000,14.174,6.606,14932,31668,14930,46,23,76,42,0,0,0,0,8,0.000,6.544,3.793,0.128,0.562,0.062,0.247,0.287,1.039,0.048,0.247,0.000,1.172,0.359,0.005,0.005,0.004,0.005,0.003,0.003,0.004,0.011,0.039,0.778,0.000,0.079,0.001,1.233,0.000,0.000,3546868,96,1.375,0.623,0.000,0.000,14
GPU ROAM-like,RelWithDebInfo,OpenGL,NVIDIA GeForce RTX 5090 D/PCIe/SSE2,4.3.0 NVIDIA 591.86,false,assets/heightmaps/Hm_Terrain_Test_129.pgm,129,129,30.000,4.000,14,4.000,2.000,20000,0.149,0.000,6.000,14.099,6.705,14944,31788,14942,60,30,48,46,0,0,0,0,8,238.440,6.833,4.005,0.150,0.559,0.040,0.244,0.280,1.153,0.059,0.248,0.000,1.273,0.362,0.004,0.004,0.004,0.005,0.003,0.003,0.004,0.011,0.037,0.755,0.000,0.221,0.001,1.177,0.000,0.000,3560308,96,1.491,0.600,0.000,0.000,14
GPU ROAM-like,RelWithDebInfo,OpenGL,NVIDIA GeForce RTX 5090 D/PCIe/SSE2,4.3.0 NVIDIA 591.86,false,assets/heightmaps/Hm_Terrain_Test_129.pgm,129,129,30.000,4.000,14,4.000,2.000,20000,0.156,0.000,6.000,14.017,7.001,14992,31944,14990,78,39,30,52,0,0,0,0,8,0.000,6.701,4.040,0.152,0.996,0.039,0.252,0.157,0.965,0.072,0.247,0.000,1.158,0.367,0.004,0.004,0.004,0.005,0.003,0.003,0.004,0.011,0.037,0.754,0.000,0.094,0.001,1.114,0.000,0.000,3577780,96,1.195,1.035,0.000,0.000,14
GPU ROAM-like,RelWithDebInfo,OpenGL,NVIDIA GeForce RTX 5090 D/PCIe/SSE2,4.3.0 NVIDIA 591.86,false,assets/heightmaps/Hm_Terrain_Test_129.pgm,129,129,30.000,4.000,14,4.000,2.000,20000,0.163,0.000,6.000,13.935,6.872,14989,32070,14987,63,31,66,43,0,0,0,0,8,236.915,6.882,4.126,0.152,1.026,0.055,0.256,0.286,0.766,0.062,0.249,0.000,1.275,0.370,0.005,0.004,0.004,0.005,0.003,0.003,0.004,0.011,0.038,0.778,0.000,0.100,0.001,1.205,0.000,0.000,3591892,96,1.113,1.081,0.000,0.000,14
GPU ROAM-like,RelWithDebInfo,OpenGL,NVIDIA GeForce RTX 5090 D/PCIe/SSE2,4.3.0 NVIDIA 591.86,false,assets/heightmaps/Hm_Terrain_Test_129.pgm,129,129,30.000,4.000,14,4.000,2.000,20000,0.170,0.000,6.000,13.846,7.057,14905,32204,14903,67,33,151,42,0,0,0,0,8,0.000,7.049,4.297,0.154,1.017,0.123,0.245,0.154,1.081,0.063,0.246,0.000,1.215,0.366,0.005,0.009,0.004,0.005,0.003,0.003,0.004,0.011,0.043,0.741,0.001,0.076,0.001,1.254,0.000,0.000,3606900,96,1.298,1.140,0.000,0.000,14
GPU ROAM-like,RelWithDebInfo,OpenGL,NVIDIA GeForce RTX 5090 D/PCIe/SSE2,4.3.0 NVIDIA 591.86,false,assets/heightmaps/Hm_Terrain_Test_129.pgm,129,129,30.000,4.000,14,4.000,2.000,20000,0.177,0.000,6.000,13.753,7.216,14744,32324,14742,60,30,221,47,0,0,0,0,8,484.669,6.716,3.971,0.159,0.590,0.138,0.242,0.200,1.059,0.060,0.245,0.000,1.276,0.363,0.005,0.004,0.004,0.005,0.003,0.003,0.004,0.011,0.038,0.756,0.000,0.102,0.001,1.240,0.000,0.000,3620340,96,1.319,0.729,0.000,0.000,14
GPU ROAM-like,RelWithDebInfo,OpenGL,NVIDIA GeForce RTX 5090 D/PCIe/SSE2,4.3.0 NVIDIA 591.86,false,assets/heightmaps/Hm_Terrain_Test_129.pgm,129,129,30.000,4.000,14,4.000,2.000,20000,0.184,0.000,6.000,13.662,6.882,14716,32472,14714,74,37,102,49,0,0,0,0,8,0.000,6.247,3.463,0.214,0.565,0.071,0.250,0.151,0.748,0.062,0.243,0.000,1.158,0.385,0.004,0.009,0.004,0.005,0.003,0.003,0.004,0.011,0.042,0.816,0.001,0.080,0.001,1.202,0.000,0.000,3636916,96,0.961,0.637,0.000,0.000,14
GPU ROAM-like,RelWithDebInfo,OpenGL,NVIDIA GeForce RTX 5090 D/PCIe/SSE2,4.3.0 NVIDIA 591.86,false,assets/heightmaps/Hm_Terrain_Test_129.pgm,129,129,30.000,4.000,14,4.000,2.000,20000,0.191,0.000,6.000,13.574,6.412,14723,32624,14721,76,38,69,52,0,0,0,0,8,0.000,6.046,3.349,0.190,0.573,0.051,0.241,0.151,0.698,0.066,0.237,0.000,1.141,0.376,0.004,0.004,0.004,0.004,0.003,0.003,0.004,0.011,0.037,0.793,0.000,0.137,0.001,1.085,0.000,0.000,3653940,96,0.915,0.624,0.000,0.000,14
GPU ROAM-like,RelWithDebInfo,OpenGL,NVIDIA GeForce RTX 5090 D/PCIe/SSE2,4.3.0 NVIDIA 591.86,false,assets/heightmaps/Hm_Terrain_Test_129.pgm,129,129,30.000,4.000,14,4.000,2.000,20000,0.197,0.000,6.000,13.486,6.211,14734,32764,14732,70,35,59,45,0,0,0,0,8,2119.686,6.150,3.674,0.147,0.665,0.051,0.243,0.149,0.998,0.066,0.237,0.000,1.118,0.408,0.005,0.004,0.004,0.005,0.003,0.003,0.004,0.011,0.038,0.760,0.001,0.097,0.001,0.941,0.000,0.000,3669620,96,1.213,0.716,0.000,0.000,14
GPU ROAM-like,RelWithDebInfo,OpenGL,NVIDIA GeForce RTX 5090 D/PCIe/SSE2,4.3.0 NVIDIA 591.86,false,assets/heightmaps/Hm_Terrain_Test_129.pgm,129,129,30.000,4.000,14,4.000,2.000,20000,0.203,0.000,6.000,13.396,6.314,14704,32896,14702,66,32,96,45,0,0,0,0,8,0.000,6.787,4.121,0.145,1.094,0.077,0.266,0.153,0.996,0.061,0.240,0.000,1.088,0.421,0.005,0.004,0.003,0.005,0.003,0.003,0.004,0.011,0.037,0.794,0.001,0.094,0.001,1.105,0.000,0.000,3684404,96,1.211,1.171,0.000,0.000,14
GPU ROAM-like,RelWithDebInfo,OpenGL,NVIDIA GeForce RTX 5090 D/PCIe/SSE2,4.3.0 NVIDIA 591.86,false,assets/heightmaps/Hm_Terrain_Test_129.pgm,129,129,30.000,4.000,14,4.000,2.000,20000,0.210,0.000,6.000,13.293,6.949,14600,33036,14598,70,35,174,53,0,0,0,0,8,256.581,6.371,3.614,0.153,0.553,0.120,0.238,0.148,1.053,0.066,0.233,0.000,1.050,0.415,0.004,0.004,0.004,0.005,0.003,0.003,0.004,0.011,0.037,0.845,0.000,0.082,0.001,1.122,0.000,0.000,3700084,96,1.266,0.673,0.000,0.000,14
GPU ROAM-like,RelWithDebInfo,OpenGL,NVIDIA GeForce RTX 5090 D/PCIe/SSE2,4.3.0 NVIDIA 591.86,false,assets/heightmaps/Hm_Terrain_Test_129.pgm,129,129,30.000,4.000,14,4.000,2.000,20000,0.217,0.000,6.000,13.194,6.528,14640,33212,14638,88,44,48,59,0,0,0,0,8,0.000,6.079,3.187,0.167,0.532,0.041,0.247,0.148,0.693,0.069,0.234,0.000,1.055,0.427,0.004,0.004,0.004,0.005,0.003,0.003,0.004,0.011,0.036,0.775,0.000,0.093,0.001,1.353,0.000,0.000,3719796,96,0.910,0.574,0.000,0.000,14
GPU ROAM-like,RelWithDebInfo,OpenGL,NVIDIA GeForce RTX 5090 D/PCIe/SSE2,4.3.0 NVIDIA 591.86,false,assets/heightmaps/Hm_Terrain_Test_129.pgm,129,129,30.000,4.000,14,4.000,2.000,20000,0.223,0.000,6.000,13.099,6.218,14670,33400,14668,94,47,64,65,0,0,0,0,8,0.000,6.717,3.626,0.174,0.573,0.051,0.241,0.148,1.059,0.080,0.235,0.000,1.065,0.380,0.004,0.004,0.004,0.004,0.003,0.003,0.004,0.011,0.036,0.760,0.000,0.089,0.001,1.334,0.000,0.000,3740852,96,1.287,0.625,0.000,0.000,14
GPU ROAM-like,RelWithDebInfo,OpenGL,NVIDIA GeForce RTX 5090 D/PCIe/SSE2,4.3.0 NVIDIA 591.86,false,assets/heightmaps/Hm_Terrain_Test_129.pgm,129,129,30.000,4.000,14,4.000,2.000,20000,0.230,0.000,6.000,12.991,6.851,14642,33556,14640,78,38,106,54,0,0,0,0,8,1451.710,6.781,3.664,0.177,0.588,0.093,0.241,0.150,1.035,0.065,0.234,0.000,1.080,0.379,0.004,0.004,0.003,0.005,0.003,0.003,0.004,0.011,0.037,0.776,0.000,0.103,0.001,1.527,0.000,0.000,3758324,96,1.250,0.681,0.000,0.000,14
GPU ROAM-like,RelWithDebInfo,OpenGL,NVIDIA GeForce RTX 5090 D/PCIe/SSE2,4.3.0 NVIDIA 591.86,false,assets/heightmaps/Hm_Terrain_Test_129.pgm,129,129,30.000,4.000,14,4.000,2.000,20000,0.237,0.000,6.000,12.879,6.916,14558,33736,14556,90,45,174,61,0,0,0,0,8,0.000,6.408,3.612,0.139,0.592,0.116,0.244,0.148,1.011,0.075,0.233,0.000,1.053,0.377,0.005,0.004,0.003,0.005,0.003,0.003,0.004,0.011,0.037,0.769,0.000,0.081,0.001,1.309,0.000,0.000,3778484,96,1.234,0.708,0.000,0.000,14
GPU ROAM-like,RelWithDebInfo,OpenGL,NVIDIA GeForce RTX 5090 D/PCIe/SSE2,4.3.0 NVIDIA 591.86,false,assets/heightmaps/Hm_Terrain_Test_129.pgm,129,129,30.000,4.000,14,4.000,2.000,20000,0.243,0.000,6.000,12.772,6.543,14476,33900,14474,82,41,164,53,0,0,0,0,8,255.745,6.379,3.631,0.148,0.549,0.119,0.240,0.150,1.059,0.069,0.234,0.000,1.064,0.377,0.005,0.004,0.004,0.005,0.003,0.003,0.004,0.011,0.037,0.780,0.000,0.083,0.001,1.229,0.000,0.000,3796852,96,1.278,0.668,0.000,0.000,14
GPU ROAM-like,RelWithDebInfo,OpenGL,NVIDIA GeForce RTX 5090 D/PCIe/SSE2,4.3.0 NVIDIA 591.86,false,assets/heightmaps/Hm_Terrain_Test_129.pgm,129,129,30.000,4.000,14,4.000,2.000,20000,0.250,0.000,6.000,12.663,6.521,14492,34096,14490,98,49,82,71,0,0,0,0,8,0.000,6.291,3.330,0.171,0.523,0.063,0.238,0.154,0.720,0.093,0.242,0.000,1.125,0.414,0.004,0.010,0.004,0.005,0.003,0.003,0.004,0.011,0.043,0.828,0.000,0.087,0.001,1.341,0.000,0.000,3818804,96,0.967,0.586,0.000,0.000,14
GPU ROAM-like,RelWithDebInfo,OpenGL,NVIDIA GeForce RTX 5090 D/PCIe/SSE2,4.3.0 NVIDIA 591.86,false,assets/heightmaps/Hm_Terrain_Test_129.pgm,129,129,30.000,4.000,14,4.000,2.000,20000,0.256,0.000,6.000,12.553,6.462,14496,34304,14494,104,52,100,68,0,0,0,0,8,488.174,6.716,3.647,0.143,0.541,0.086,0.244,0.147,1.082,0.089,0.233,0.000,1.082,0.384,0.004,0.009,0.003,0.004,0.003,0.003,0.004,0.011,0.041,0.860,0.000,0.100,0.001,1.394,0.000,0.000,3842100,96,1.319,0.627,0.000,0.000,14
GPU ROAM-like,RelWithDebInfo,OpenGL,NVIDIA GeForce RTX 5090 D/PCIe/SSE2,4.3.0 NVIDIA 591.86,false,assets/heightmaps/Hm_Terrain_Test_129.pgm,129,129,30.000,4.000,14,4.000,2.000,20000,0.263,0.000,6.000,12.434,6.914,14430,34456,14428,76,37,142,54,0,0,0,0,8,0.000,6.705,4.127,0.152,1.037,0.128,0.249,0.144,1.043,0.073,0.231,0.000,1.070,0.388,0.005,0.009,0.004,0.005,0.003,0.003,0.004,0.011,0.042,0.798,0.000,0.109,0.001,0.949,0.000,0.000,3859124,96,1.260,1.165,0.000,0.000,14
GPU ROAM-like,RelWithDebInfo,OpenGL,NVIDIA GeForce RTX 5090 D/PCIe/SSE2,4.3.0 NVIDIA 591.86,false,assets/heightmaps/Hm_Terrain_Test_129.pgm,129,129,30.000,4.000,14,4.000,2.000,20000,0.270,0.000,6.000,12.313,6.884,14406,34652,14404,98,49,122,65,0,0,0,0,8,0.000,6.561,3.697,0.120,0.674,0.092,0.237,0.149,1.044,0.091,0.239,0.000,1.050,0.403,0.005,0.009,0.004,0.005,0.003,0.003,0.004,0.011,0.042,0.870,0.000,0.088,0.001,1.223,0.000,0.000,3881076,96,1.285,0.766,0.000,0.000,14
GPU ROAM-like,RelWithDebInfo,OpenGL,NVIDIA GeForce RTX 5090 D/PCIe/SSE2,4.3.0 NVIDIA 591.86,false,assets/heightmaps/Hm_Terrain_Test_129.pgm,129,129,30.000,4.000,14,4.000,2.000,20000,0.277,0.000,6.000,12.192,6.740,14410,34844,14408,96,48,92,66,0,0,0,0,8,1463.540,6.697,3.819,0.148,0.784,0.082,0.238,0.148,1.011,0.091,0.242,0.000,1.075,0.401,0.004,0.004,0.004,0.005,0.003,0.003,0.004,0.011,0.037,0.801,0.001,0.093,0.001,1.272,0.000,0.000,3902580,96,1.250,0.866,0.000,0.000,14
GPU ROAM-like,RelWithDebInfo,OpenGL,NVIDIA GeForce RTX 5090 D/PCIe/SSE2,4.3.0 NVIDIA 591.86,false,assets/heightmaps/Hm_Terrain_Test_129.pgm,129,129,30.000,4.000,14,4.000,2.000,20000,0.283,0.000,6.000,12.067,6.882,14400,35094,14398,125,62,135,79,0,0,0,0,8,0.000,6.466,3.690,0.155,0.553,0.102,0.239,0.145,1.021,0.115,0.239,0.000,1.119,0.396,0.004,0.004,0.004,0.005,0.003,0.003,0.004,0.011,0.037,0.813,0.000,0.078,0.001,1.178,0.000,0.000,3930580,96,1.281,0.656,0.000,0.000,14
GPU ROAM-like,RelWithDebInfo,OpenGL,NVIDIA GeForce RTX 5090 D/PCIe/SSE2,4.3.0 NVIDIA 591.86,false,assets/heightmaps/Hm_Terrain_Test_129.pgm,129,129,30.000,4.000,14,4.000,2.000,20000,0.290,0.000,6.000,11.945,6.628,14261,35284,14259,95,47,234,58,0,0,0,0,8,247.227,6.612,3.637,0.162,0.567,0.153,0.236,0.144,0.989,0.084,0.238,0.000,1.064,0.416,0.004,0.004,0.004,0.005,0.003,0.003,0.004,0.011,0.036,0.775,0.001,0.092,0.001,1.384,0.000,0.000,3951860,96,1.217,0.720,0.000,0.000,14
GPU ROAM-like,RelWithDebInfo,OpenGL,NVIDIA GeForce RTX 5090 D/PCIe/SSE2,4.3.0 NVIDIA 591.86,false,assets/heightmaps/Hm_Terrain_Test_129.pgm,129,129,30.000,4.000,14,4.000,2.000,20000,0.297,0.000,6.000,11.819,6.778,14218,35480,14216,98,49,141,66,0,0,0,0,8,0.000,6.902,3.827,0.147,1.043,0.107,0.243,0.144,0.741,0.094,0.231,0.000,1.077,0.409,0.005,0.009,0.004,0.005,0.003,0.003,0.004,0.011,0.042,0.823,0.001,0.094,0.001,1.421,0.000,0.000,3973812,96,0.979,1.150,0.000,0.000,14
GPU ROAM-like,RelWithDebInfo,OpenGL,NVIDIA GeForce RTX 5090 D/PCIe/SSE2,4.3.0 NVIDIA 591.86,false,assets/heightmaps/Hm_Terrain_Test_129.pgm,129,129,30.000,4.000,14,4.000,2.000,20000,0.304,0.000,6.000,11.685,7.079,14204,35740,14202,130,65,144,89,0,0,0,0,8,232.121,7.037,4.126,0.142,1.064,0.109,0.234,0.150,1.029,0.110,0.228,0.000,1.059,0.396,0.005,0.004,0.004,0.005,0.003,0.003,0.004,0.011,0.037,0.771,0.000,0.088,0.001,1.327,0.000,0.000,4002932,96,1.289,1.173,0.000,0.000,14
GPU ROAM-like,RelWithDebInfo,OpenGL,NVIDIA GeForce RTX 5090 D/PCIe/SSE2,4.3.0 NVIDIA 591.86,false,assets/heightmaps/Hm_Terrain_Test_129.pgm,129,129,30.000,4.000,14,4.000,2.000,20000,0.311,0.000,6.000,11.547,7.211,14208,36024,14206,142,70,138,81,0,0,0,0,8,0.000,6.973,4.094,0.142,0.996,0.106,0.241,0.146,1.081,0.116,0.232,0.000,1.034,0.390,0.004,0.004,0.004,0.005,0.003,0.003,0.004,0.011,0.037,0.790,0.000,0.082,0.001,1.286,0.000,0.000,4034740,96,1.344,1.102,0.000,0.000,14
GPU ROAM-like,RelWithDebInfo,OpenGL,NVIDIA GeForce RTX 5090 D/PCIe/SSE2,4.3.0 NVIDIA 591.86,false,assets/heightmaps/Hm_Terrain_Test_129.pgm,129,129,30.000,4.000,14,4.000,2.000,20000,0.318,0.000,6.000,11.407,7.169,14144,36236,14142,106,53,170,66,0,0,0,0,8,509.148,6.435,3.469,0.155,0.568,0.127,0.300,0.142,0.766,0.101,0.239,0.000,1.070,0.396,0.004,0.004,0.004,0.005,0.003,0.003,0.004,0.011,0.037,0.800,0.001,0.076,0.001,1.382,0.000,0.000,4058484,96,1.008,0.695,0.000,0.000,14
GPU ROAM-like,RelWithDebInfo,OpenGL,NVIDIA GeForce RTX 5090 D/PCIe/SSE2,4.3.0 NVIDIA 591.86,false,assets/heightmaps/Hm_Terrain_Test_129.pgm,129,129,30.000,4.000,14,4.000,2.000,20000,0.325,0.000,6.000,11.277,6.641,14165,36464,14163,114,57,93,77,0,0,0,0,8,0.000,6.978,4.169,0.150,1.127,0.073,0.235,0.142,1.079,0.104,0.229,0.000,1.030,0.414,0.004,0.009,0.004,0.005,0.003,0.003,0.004,0.011,0.043,0.813,0.000,0.096,0.001,1.137,0.000,0.000,4084020,96,1.325,1.200,0.000,0.000,14
GPU ROAM-like,RelWithDebInfo,OpenGL,NVIDIA GeForce RTX 5090 D/PCIe/SSE2,4.3.0 NVIDIA 591.86,false,assets/heightmaps/Hm_Terrain_Test_129.pgm,129,129,30.000,4.000,14,4.000,2.000,20000,0.332,0.000,6.000,11.135,7.176,14121,36700,14119,118,59,162,77,0,0,0,0,8,0.000,6.786,3.753,0.200,0.590,0.125,0.245,0.142,1.072,0.100,0.229,0.000,1.049,0.398,0.005,0.004,0.003,0.005,0.003,0.003,0.004,0.011,0.037,0.812,0.000,0.102,0.001,1.386,0.000,0.000,4110452,96,1.314,0.716,0.000,0.000,14
GPU ROAM-like,RelWithDebInfo,OpenGL,NVIDIA GeForce RTX 5090 D/PCIe/SSE2,4.3.0 NVIDIA 591.86,false,assets/heightmaps/Hm_Terrain_Test_129.pgm,129,129,30.000,4.000,14,4.000,2.000,20000,0.339,0.000,6.000,10.995,6.961,13966,36956,13964,128,63,283,75,0,0,0,0,8,1437.972,6.823,3.754,0.138,0.589,0.196,0.227,0.140,1.089,0.111,0.227,0.000,1.038,0.406,0.005,0.004,0.003,0.005,0.003,0.003,0.004,0.011,0.037,0.816,0.001,0.101,0.001,1.411,0.000,0.000,4139124,96,1.339,0.784,0.000,0.000,14
GPU ROAM-like,RelWithDebInfo,OpenGL,NVIDIA GeForce RTX 5090 D/PCIe/SSE2,4.3.0 NVIDIA 591.86,false,assets/heightmaps/Hm_Terrain_Test_129.pgm,129,129,30.000,4.000,14,4.000,2.000,20000,0.346,0.000,6.000,10.853,7.006,13956,37148,13954,96,48,106,60,0,0,0,0,8,0.000,6.374,3.422,0.199,0.573,0.085,0.232,0.140,0.768,0.102,0.229,0.000,1.094,0.400,0.005,0.004,0.004,0.005,0.003,0.003,0.004,0.011,0.038,0.860,0.000,0.085,0.001,1.283,0.000,0.000,4160628,96,1.010,0.658,0.000,0.000,14
GPU ROAM-like,RelWithDebInfo,OpenGL,NVIDIA GeForce RTX 5090 D/PCIe/SSE2,4.3.0 NVIDIA 591.86,false,assets/heightmaps/Hm_Terrain_Test_129.pgm,129,129,30.000,4.000,14,4.000,2.000,20000,0.353,0.000,6.000,10.719,6.548,13968,37360,13966,106,53,94,74,0,0,0,0,8,225.955,7.225,4.116,0.117,0.772,0.083,0.235,0.186,1.380,0.090,0.226,0.000,1.027,0.451,0.004,0.004,0.004,0.005,0.003,0.003,0.004,0.011,0.038,0.829,0.000,0.075,0.001,1.435,0.000,0.000,4184372,96,1.656,0.855,0.000,0.000,14
GPU ROAM-like,RelWithDebInfo,OpenGL,NVIDIA GeForce RTX 5090 D/PCIe/SSE2,4.3.0 NVIDIA 591.86,false,assets/heightmaps/Hm_Terrain_Test_129.pgm,129,129,30.000,4.000,14,4.000,2.000,20000,0.360,0.000,6.000,10.567,7.375,13912,37632,13910,136,67,192,81,0,0,0,0,8,0.000,8.028,4.198,0.147,1.057,0.156,0.231,0.141,1.066,0.118,0.234,0.000,1.046,0.470,0.004,0.004,0.004,0.005,0.003,0.003,0.004,0.011,0.038,0.933,0.000,0.103,0.001,2.017,0.000,0.000,4214836,96,1.326,1.214,0.000,0.000,14
GPU ROAM-like,RelWithDebInfo,OpenGL,NVIDIA GeForce RTX 5090 D/PCIe/SSE2,4.3.0 NVIDIA 591.86,false,assets/heightmaps/Hm_Terrain_Test_129.pgm,129,129,30.000,4.000,14,4.000,2.000,20000,0.368,0.000,6.000,10.395,8.233,13864,37888,13862,128,64,176,80,0,0,0,0,8,1108.250,7.299,3.792,0.196,0.592,0.133,0.230,0.146,1.111,0.114,0.229,0.000,1.041,0.503,0.004,0.004,0.004,0.005,0.003,0.003,0.004,0.011,0.037,0.895,0.000,0.080,0.001,1.758,0.000,0.000,4243508,96,1.371,0.725,0.000,0.000,14
GPU ROAM-like,RelWithDebInfo,OpenGL,NVIDIA GeForce RTX 5090 D/PCIe/SSE2,4.3.0 NVIDIA 591.86,false,assets/heightmaps/Hm_Terrain_Test_129.pgm,129,129,30.000,4.000,14,4.000,2.000,20000,0.376,0.000,6.000,10.238,7.454,13802,38112,13800,112,56,174,80,0,0,0,0,8,0.000,6.924,3.382,0.142,0.585,0.127,0.230,0.139,0.774,0.094,0.222,0.000,1.067,0.434,0.005,0.004,0.004,0.005,0.003,0.003,0.004,0.011,0.038,0.926,0.000,0.086,0.001,1.441,0.000,0.000,4268596,96,1.008,0.712,0.000,0.000,14
GPU ROAM-like,RelWithDebInfo,OpenGL,NVIDIA GeForce RTX 5090 D/PCIe/SSE2,4.3.0 NVIDIA 591.86,false,assets/heightmaps/Hm_Terrain_Test_129.pgm,129,129,30.000,4.000,14,4.000,2.000,20000,0.383,0.000,6.000,10.088,7.087,13706,38328,13704,108,53,204,61,0,0,0,0,8,233.799,6.979,4.002,0.178,0.863,0.139,0.229,0.138,1.126,0.094,0.223,0.000,1.012,0.422,0.004,0.004,0.004,0.005,0.003,0.003,0.004,0.011,0.037,0.892,0.000,0.071,0.001,1.282,0.000,0.000,4292788,96,1.358,1.002,0.000,0.000,14
GPU ROAM-like,RelWithDebInfo,OpenGL,NVIDIA GeForce RTX 5090 D/PCIe/SSE2,4.3.0 NVIDIA 591.86,false,assets/heightmaps/Hm_Terrain_Test_129.pgm,129,129,30.000,4.000,14,4.000,2.000,20000,0.390,0.000,6.000,9.936,7.128,13624,38540,13622,106,53,188,69,0,0,0,0,8,0.000,6.989,4.097,0.173,0.987,0.136,0.231,0.142,1.090,0.095,0.228,0.000,1.013,0.424,0.005,0.010,0.004,0.005,0.003,0.003,0.004,0.011,0.043,0.915,0.001,0.105,0.001,1.152,0.000,0.000,4316532,96,1.328,1.124,0.000,0.000,14
GPU ROAM-like,RelWithDebInfo,OpenGL,NVIDIA GeForce RTX 5090 D/PCIe/SSE2,4.3.0 NVIDIA 591.86,false,assets/heightmaps/Hm_Terrain_Test_129.pgm,129,129,30.000,4.000,14,4.000,2.000,20000,0.397,0.000,6.000,9.782,7.162,13608,38832,13606,146,73,162,106,0,0,0,0,8,229.233,7.106,4.236,0.178,1.032,0.115,0.233,0.139,1.093,0.119,0.221,0.000,1.108,0.431,0.005,0.004,0.004,0.005,0.003,0.003,0.004,0.011,0.038,0.896,0.000,0.084,0.001,1.158,0.000,0.000,4349236,96,1.350,1.147,0.000,0.000,14
GPU ROAM-like,RelWithDebInfo,OpenGL,NVIDIA GeForce RTX 5090 D/PCIe/SSE2,4.3.0 NVIDIA 591.86,false,assets/heightmaps/Hm_Terrain_Test_129.pgm,129,129,30.000,4.000,14,4.000,2.000,20000,0.404,0.000,6.000,9.625,7.263,13570,39024,13568,96,47,134,56,0,0,0,0,8,0.000,7.315,4.226,0.164,0.910,0.116,0.233,0.145,1.192,0.096,0.230,0.000,1.139,0.449,0.004,0.004,0.004,0.005,0.003,0.003,0.004,0.011,0.037,1.042,0.001,0.106,0.002,1.163,0.000,0.000,4370740,96,1.433,1.026,0.000,0.000,14
GPU ROAM-like,RelWithDebInfo,OpenGL,NVIDIA GeForce RTX 5090 D/PCIe/SSE2,4.3.0 NVIDIA 591.86,false,assets/heightmaps/Hm_Terrain_Test_129.pgm,129,129,30.000,4.000,14,4.000,2.000,20000,0.412,0.000,6.000,9.462,7.494,13502,39216,13500,96,48,164,63,0,0,0,0,8,450.301,7.245,3.834,0.134,0.720,0.125,0.224,0.137,1.172,0.089,0.217,0.000,1.014,0.434,0.005,0.004,0.004,0.005,0.003,0.003,0.004,0.011,0.037,0.901,0.000,0.087,0.002,1.660,0.000,0.000,4392244,96,1.398,0.845,0.000,0.000,14
GPU ROAM-like,RelWithDebInfo,OpenGL,NVIDIA GeForce RTX 5090 D/PCIe/SSE2,4.3.0 NVIDIA 591.86,false,assets/heightmaps/Hm_Terrain_Test_129.pgm,129,129,30.000,4.000,14,4.000,2.000,20000,0.419,0.000,6.000,9.300,7.410,13500,39496,13498,140,70,142,98,0,0,0,0,8,0.000,6.655,3.713,0.144,0.968,0.106,0.231,0.138,0.783,0.115,0.218,0.000,1.010,0.432,0.005,0.004,0.004,0.005,0.003,0.003,0.004,0.011,0.037,0.886,0.001,0.094,0.001,1.173,0.000,0.000,4423604,96,1.036,1.074,0.000,0.000,14
GPU ROAM-like,RelWithDebInfo,OpenGL,NVIDIA GeForce RTX 5090 D/PCIe/SSE2,4.3.0 NVIDIA 591.86,false,assets/heightmaps/Hm_Terrain_Test_129.pgm,129,129,30.000,4.000,14,4.000,2.000,20000,0.426,0.000,6.000,9.150,6.825,13420,39728,13418,116,57,196,79,0,0,0,0,8,0.000,7.124,4.138,0.154,0.942,0.144,0.230,0.148,1.149,0.101,0.226,0.000,1.042,0.436,0.004,0.004,0.004,0.005,0.003,0.003,0.004,0.011,0.037,0.927,0.001,0.099,0.002,1.199,0.000,0.000,4449588,96,1.398,1.087,0.000,0.000,14
GPU ROAM-like,RelWithDebInfo,OpenGL,NVIDIA GeForce RTX 5090 D/PCIe/SSE2,4.3.0 NVIDIA 591.86,false,assets/heightmaps/Hm_Terrain_Test_129.pgm,129,129,30.000,4.000,14,4.000,2.000,20000,0.433,0.000,6.000,8.989,7.319,13346,39948,13344,110,55,184,69,0,0,0,0,8,0.000,6.939,3.859,0.126,0.734,0.135,0.222,0.137,1.148,0.105,0.223,0.000,1.028,0.443,0.004,0.004,0.004,0.005,0.003,0.003,0.004,0.011,0.037,0.917,0.000,0.171,0.002,1.201,0.000,0.000,4474228,96,1.390,0.869,0.000,0.000,14
GPU ROAM-like,RelWithDebInfo,OpenGL,NVIDIA GeForce RTX 5090 D/PCIe/SSE2,4.3.0 NVIDIA 591.86,false,assets/heightmaps/Hm_Terrain_Test_129.pgm,129,129,30.000,4.000,14,4.000,2.000,20000,0.441,0.000,6.000,8.832,7.113,13366,40208,13364,130,65,110,90,0,0,0,0,8,0.000,8.366,5.073,0.129,0.544,0.088,0.224,0.142,1.107,0.770,0.275,0.000,1.793,0.438,0.005,0.004,0.004,0.005,0.003,0.003,0.004,0.011,0.037,0.944,0.001,0.115,0.002,1.520,0.000,0.000,4503348,96,2.019,0.632,0.000,0.000,14
GPU ROAM-like,RelWithDebInfo,OpenGL,NVIDIA GeForce RTX 5090 D/PCIe/SSE2,4.3.0 NVIDIA 591.86,false,assets/heightmaps/Hm_Terrain_Test_129.pgm,129,129,30.000,4.000,14,4.000,2.000,20000,0.449,0.000,6.000,8.642,8.539,13302,40504,13300,148,73,212,114,0,0,0,0,8,0.000,7.409,4.369,0.128,1.044,0.192,0.222,0.140,0.987,0.149,0.234,0.000,1.273,0.441,0.005,0.004,0.004,0.005,0.003,0.003,0.004,0.011,0.037,0.967,0.001,0.111,0.001,1.196,0.000,0.000,4536500,96,1.275,1.236,0.000,0.000,14
GPU ROAM-like,RelWithDebInfo,OpenGL,NVIDIA GeForce RTX 5090 D/PCIe/SSE2,4.3.0 NVIDIA 591.86,false,assets/heightmaps/Hm_Terrain_Test_129.pgm,129,129,30.000,4.000,14,4.000,2.000,20000,0.457,0.000,6.000,8.473,7.584,13240,40760,13238,128,64,190,87,0,0,0,0,8,0.000,7.564,4.251,0.112,0.802,0.130,0.223,0.138,1.319,0.119,0.228,0.000,1.179,0.446,0.005,0.004,0.004,0.005,0.003,0.003,0.004,0.011,0.038,0.899,0.000,0.081,0.001,1.528,0.000,0.000,4565172,96,1.575,0.932,0.000,0.000,14
GPU ROAM-like,RelWithDebInfo,OpenGL,NVIDIA GeForce RTX 5090 D/PCIe/SSE2,4.3.0 NVIDIA 591.86,false,assets/heightmaps/Hm_Terrain_Test_129.pgm,129,129,30.000,4.000,14,4.000,2.000,20000,0.464,0.000,6.000,8.299,7.745,13293,41064,13291,152,75,99,110,0,0,0,0,8,0.000,6.727,3.710,0.122,0.908,0.077,0.222,0.134,0.810,0.141,0.217,0.000,1.078,0.500,0.004,0.004,0.004,0.005,0.003,0.003,0.004,0.011,0.037,0.922,0.000,0.084,0.001,1.163,0.000,0.000,4599220,96,1.084,0.985,0.000,0.000,14
GPU ROAM-like,RelWithDebInfo,OpenGL,NVIDIA GeForce RTX 5090 D/PCIe/SSE2,4.3.0 NVIDIA 591.86,false,assets/heightmaps/Hm_Terrain_Test_129.pgm,129,129,30.000,4.000,14,4.000,2.000,20000,0.471,0.000,6.000,8.145,6.884,13173,41304,13171,120,60,240,89,0,0,0,0,8,0.000,6.670,3.436,0.159,0.558,0.162,0.217,0.135,0.824,0.102,0.214,0.000,1.066,0.462,0.004,0.004,0.004,0.005,0.003,0.003,0.004,0.010,0.037,0.924,0.001,0.096,0.001,1.431,0.000,0.000,4626100,96,1.061,0.720,0.000,0.000,14
GPU ROAM-like,RelWithDebInfo,OpenGL,NVIDIA GeForce RTX 5090 D/PCIe/SSE2,4.3.0 NVIDIA 591.86,false,assets/heightmaps/Hm_Terrain_Test_129.pgm,129,129,30.000,4.000,14,4.000,2.000,20000,0.478,0.000,6.000,7.992,6.830,13098,41524,13096,110,55,185,68,0,0,0,0,8,440.612,7.404,4.139,0.107,1.046,0.122,0.221,0.132,1.136,0.106,0.218,0.000,1.050,0.452,0.005,0.004,0.004,0.005,0.003,0.003,0.004,0.011,0.037,0.911,0.001,0.100,0.001,1.476,0.000,0.000,4650740,96,1.373,1.168,0.000,0.000,14
GPU ROAM-like,RelWithDebInfo,OpenGL,NVIDIA GeForce RTX 5090 D/PCIe/SSE2,4.3.0 NVIDIA 591.86,false,assets/heightmaps/Hm_Terrain_Test_129.pgm,129,129,30.000,4.000,14,4.000,2.000,20000,0.486,0.000,6.000,7.822,7.583,13160,41848,13158,162,80,100,121,0,0,0,0,8,0.000,7.325,4.026,0.170,0.818,0.086,0.216,0.135,1.146,0.157,0.216,0.000,1.080,0.451,0.005,0.009,0.004,0.005,0.003,0.003,0.004,0.011,0.042,0.938,0.000,0.077,0.002,1.521,0.000,0.000,4687028,96,1.439,0.904,0.000,0.000,14
GPU ROAM-like,RelWithDebInfo,OpenGL,NVIDIA GeForce RTX 5090 D/PCIe/SSE2,4.3.0 NVIDIA 591.86,false,assets/heightmaps/Hm_Terrain_Test_129.pgm,129,129,30.000,4.000,14,4.000,2.000,20000,0.493,0.000,6.000,7.652,7.521,13110,42120,13108,136,68,186,87,0,0,0,0,8,156.533,10.405,4.245,0.134,0.865,0.145,0.216,0.139,1.154,0.131,0.213,0.000,1.248,0.784,0.005,0.004,0.004,0.005,0.003,0.003,0.004,0.011,0.037,2.224,0.001,0.216,0.006,2.472,0.000,0.000,4717492,96,1.423,1.010,0.000,0.000,14
GPU ROAM-like,RelWithDebInfo,OpenGL,NVIDIA GeForce RTX 5090 D/PCIe/SSE2,4.3.0 NVIDIA 591.86,false,assets/heightmaps/Hm_Terrain_Test_129.pgm,129,129,30.000,4.000,14,4.000,2.000,20000,0.504,0.000,6.000,7.408,10.867,13074,42468,13072,174,87,210,146,0,0,0,0,8,134.844,12.289,6.078,0.649,0.705,0.254,0.248,0.164,1.446,0.306,0.254,0.000,2.051,0.724,0.005,0.004,0.004,0.005,0.003,0.003,0.004,0.011,0.038,2.145,0.001,0.223,0.004,2.383,0.000,0.000,4756468,96,1.915,0.960,0.000,0.000,14
GPU ROAM-like,RelWithDebInfo,OpenGL,NVIDIA GeForce RTX 5090 D/PCIe/SSE2,4.3.0 NVIDIA 591.86,false,assets/heightmaps/Hm_Terrain_Test_129.pgm,129,129,30.000,4.000,14,4.000,2.000,20000,0.517,0.000,6.000,7.121,12.739,12974,42952,12972,242,120,342,199,0,0,0,0,8,0.000,8.406,5.081,0.380,0.982,0.330,0.249,0.259,1.044,0.371,0.249,0.000,1.218,0.445,0.004,0.009,0.004,0.005,0.003,0.003,0.004,0.011,0.042,0.934,0.001,0.081,0.001,1.241,0.000,0.000,4810676,96,1.674,1.312,0.000,0.000,14
GPU ROAM-like,RelWithDebInfo,OpenGL,NVIDIA GeForce RTX 5090 D/PCIe/SSE2,4.3.0 NVIDIA 591.86,false,assets/heightmaps/Hm_Terrain_Test_129.pgm,129,129,30.000,4.000,14,4.000,2.000,20000,0.525,0.000,6.000,6.928,8.603,12974,43248,12972,148,74,148,109,0,0,0,0,8,918.901,7.122,3.871,0.121,0.782,0.116,0.219,0.261,0.914,0.140,0.219,0.000,1.099,0.491,0.005,0.004,0.004,0.005,0.003,0.003,0.004,0.010,0.037,1.028,0.001,0.104,0.002,1.289,0.000,0.000,4843828,96,1.315,0.897,0.000,0.000,14
GPU ROAM-like,RelWithDebInfo,OpenGL,NVIDIA GeForce RTX 5090 D/PCIe/SSE2,4.3.0 NVIDIA 591.86,false,assets/heightmaps/Hm_Terrain_Test_129.pgm,129,129,30.000,4.000,14,4.000,2.000,20000,0.533,0.000,6.000,6.764,7.319,12946,43548,12944,150,74,178,94,0,0,0,0,8,0.000,7.336,3.862,0.132,0.892,0.156,0.229,0.139,0.914,0.139,0.218,0.000,1.043,0.483,0.005,0.004,0.004,0.005,0.003,0.003,0.004,0.011,0.037,0.976,0.000,0.082,0.002,1.591,0.000,0.000,4877428,96,1.192,1.049,0.000,0.000,14
GPU ROAM-like,RelWithDebInfo,OpenGL,NVIDIA GeForce RTX 5090 D/PCIe/SSE2,4.3.0 NVIDIA 591.86,false,assets/heightmaps/Hm_Terrain_Test_129.pgm,129,129,30.000,4.000,14,4.000,2.000,20000,0.540,0.000,6.000,6.595,7.552,12928,43832,12926,142,71,160,95,0,0,0,0,8,1897.245,6.944,3.650,0.130,0.849,0.128,0.216,0.136,0.865,0.137,0.211,0.000,0.979,0.483,0.005,0.004,0.004,0.005,0.003,0.003,0.004,0.010,0.037,0.919,0.001,0.083,0.002,1.436,0.000,0.000,4909236,96,1.138,0.976,0.000,0.000,14
GPU ROAM-like,RelWithDebInfo,OpenGL,NVIDIA GeForce RTX 5090 D/PCIe/SSE2,4.3.0 NVIDIA 591.86,false,assets/heightmaps/Hm_Terrain_Test_129.pgm,129,129,30.000,4.000,14,4.000,2.000,20000,0.547,0.000,6.000,6.435,7.176,12863,44076,12861,122,61,187,89,0,0,0,0,8,0.000,7.563,3.763,0.145,0.918,0.142,0.216,0.137,0.879,0.105,0.214,0.000,1.007,0.474,0.005,0.004,0.004,0.005,0.003,0.003,0.004,0.010,0.037,0.950,0.001,0.085,0.002,1.547,0.000,0.000,4936564,96,1.121,1.059,0.000,0.000,14
GPU ROAM-like,RelWithDebInfo,OpenGL,NVIDIA GeForce RTX 5090 D/PCIe/SSE2,4.3.0 NVIDIA 591.86,false,assets/heightmaps/Hm_Terrain_Test_129.pgm,129,129,30.000,4.000,14,4.000,2.000,20000,0.555,0.000,6.000,6.263,7.741,12757,44392,12755,158,78,264,101,0,0,0,0,8,200.031,8.132,4.089,0.132,0.873,0.185,0.213,0.132,1.215,0.136,0.218,0.000,0.984,0.545,0.005,0.008,0.004,0.005,0.003,0.003,0.004,0.011,0.042,1.074,0.000,0.094,0.001,1.992,0.000,0.000,4971956,96,1.483,1.058,0.000,0.000,14
GPU ROAM-like,RelWithDebInfo,OpenGL,NVIDIA GeForce RTX 5090 D/PCIe/SSE2,4.3.0 NVIDIA 591.86,false,assets/heightmaps/Hm_Terrain_Test_129.pgm,129,129,30.000,4.000,14,4.000,2.000,20000,0.564,0.000,6.000,6.078,8.335,12716,44676,12714,142,71,183,91,0,0,0,0,8,0.000,7.025,3.426,0.204,0.553,0.136,0.216,0.128,0.863,0.122,0.214,0.000,0.990,0.553,0.005,0.004,0.004,0.005,0.003,0.003,0.004,0.010,0.037,1.052,0.000,0.090,0.002,1.576,0.000,0.000,5003764,96,1.113,0.689,0.000,0.000,14
GPU ROAM-like,RelWithDebInfo,OpenGL,NVIDIA GeForce RTX 5090 D/PCIe/SSE2,4.3.0 NVIDIA 591.86,false,assets/heightmaps/Hm_Terrain_Test_129.pgm,129,129,30.000,4.000,14,4.000,2.000,20000,0.571,0.000,6.000,5.919,7.196,12716,44976,12714,150,74,150,97,0,0,0,0,8,221.458,7.387,4.144,0.161,0.987,0.120,0.214,0.129,1.186,0.116,0.206,0.000,1.025,0.502,0.005,0.010,0.004,0.005,0.003,0.003,0.004,0.011,0.043,0.979,0.000,0.100,0.002,1.312,0.000,0.000,5037364,96,1.431,1.107,0.000,0.000,14
GPU ROAM-like,RelWithDebInfo,OpenGL,NVIDIA GeForce RTX 5090 D/PCIe/SSE2,4.3.0 NVIDIA 591.86,false,assets/heightmaps/Hm_Terrain_Test_129.pgm,129,129,30.000,4.000,14,4.000,2.000,20000,0.578,0.000,6.000,5.752,7.579,12648,45196,12646,110,55,178,69,0,0,0,0,8,0.000,6.883,3.599,0.188,0.823,0.134,0.211,0.130,0.854,0.099,0.212,0.000,0.949,0.490,0.005,0.008,0.004,0.005,0.003,0.003,0.004,0.011,0.042,0.995,0.000,0.107,0.001,1.327,0.000,0.000,5062004,96,1.082,0.957,0.000,0.000,14
GPU ROAM-like,RelWithDebInfo,OpenGL,NVIDIA GeForce RTX 5090 D/PCIe/SSE2,4.3.0 NVIDIA 591.86,false,assets/heightmaps/Hm_Terrain_Test_129.pgm,129,129,30.000,4.000,14,4.000,2.000,20000,0.585,0.000,6.000,5.597,7.053,12648,45376,12646,90,45,90,59,0,0,0,0,8,232.173,7.058,3.826,0.193,0.793,0.077,0.216,0.134,1.173,0.081,0.205,0.000,0.954,0.491,0.005,0.004,0.004,0.005,0.003,0.003,0.004,0.010,0.038,0.991,0.000,0.085,0.001,1.326,0.000,0.000,5082164,96,1.388,0.870,0.000,0.000,14
GPU ROAM-like,RelWithDebInfo,OpenGL,NVIDIA GeForce RTX 5090 D/PCIe/SSE2,4.3.0 NVIDIA 591.86,false,assets/heightmaps/Hm_Terrain_Test_129.pgm,129,129,30.000,4.000,14,4.000,2.000,20000,0.593,0.000,6.000,5.440,7.243,12519,45592,12517,108,53,237,79,0,0,0,0,8,0.000,7.956,4.514,0.207,0.824,0.181,0.210,0.241,1.338,0.105,0.214,0.000,1.192,0.520,0.005,0.004,0.004,0.005,0.003,0.003,0.004,0.011,0.037,1.128,0.001,0.109,0.002,1.286,0.000,0.000,5106356,96,1.684,1.005,0.000,0.000,14
GPU ROAM-like,RelWithDebInfo,OpenGL,NVIDIA GeForce RTX 5090 D/PCIe/SSE2,4.3.0 NVIDIA 591.86,false,assets/heightmaps/Hm_Terrain_Test_129.pgm,129,129,30.000,4.000,14,4.000,2.000,20000,0.601,0.000,6.000,5.263,8.175,12426,45804,12424,106,53,199,76,0,0,0,0,8,205.708,7.939,4.331,0.139,1.108,0.164,0.211,0.144,1.195,0.104,0.207,0.000,1.059,0.496,0.005,0.004,0.004,0.005,0.003,0.003,0.004,0.010,0.037,1.047,0.001,0.110,0.002,1.591,0.000,0.000,5130100,96,1.443,1.272,0.000,0.000,14
GPU ROAM-like,RelWithDebInfo,OpenGL,NVIDIA GeForce RTX 5090 D/PCIe/SSE2,4.3.0 NVIDIA 591.86,false,assets/heightmaps/Hm_Terrain_Test_129.pgm,129,129,30.000,4.000,14,4.000,2.000,20000,0.609,0.000,6.000,5.087,8.155,12412,45992,12410,94,47,108,68,0,0,0,0,8,0.000,7.801,4.178,0.142,0.977,0.098,0.220,0.132,1.235,0.086,0.211,0.000,1.077,0.506,0.005,0.004,0.004,0.005,0.003,0.003,0.004,0.010,0.037,1.082,0.000,0.100,0.002,1.547,0.000,0.000,5151156,96,1.453,1.075,0.000,0.000,14
GPU ROAM-like,RelWithDebInfo,OpenGL,NVIDIA GeForce RTX 5090 D/PCIe/SSE2,4.3.0 NVIDIA 591.86,false,assets/heightmaps/Hm_Terrain_Test_129.pgm,129,129,30.000,4.000,14,4.000,2.000,20000,0.617,0.000,6.000,4.916,8.042,12264,46148,12262,78,38,226,75,0,0,0,0,8,215.493,7.690,4.190,0.161,1.061,0.194,0.216,0.132,1.011,0.079,0.208,0.000,1.127,0.523,0.005,0.004,0.004,0.005,0.003,0.003,0.004,0.010,0.037,1.081,0.001,0.111,0.002,1.325,0.000,0.000,5168628,96,1.222,1.255,0.000,0.000,14
GPU ROAM-like,RelWithDebInfo,OpenGL,NVIDIA GeForce RTX 5090 D/PCIe/SSE2,4.3.0 NVIDIA 591.86,false,assets/heightmaps/Hm_Terrain_Test_129.pgm,129,129,30.000,4.000,14,4.000,2.000,20000,0.625,0.000,6.000,4.747,7.952,12210,46296,12208,74,37,128,51,0,0,0,0,8,0.000,7.710,3.868,0.184,1.026,0.116,0.217,0.128,0.909,0.069,0.199,0.000,1.019,0.507,0.005,0.004,0.004,0.005,0.003,0.003,0.004,0.010,0.037,1.007,0.000,0.109,0.002,1.826,0.000,0.000,5185204,96,1.106,1.143,0.000,0.000,14
GPU ROAM-like,RelWithDebInfo,OpenGL,NVIDIA GeForce RTX 5090 D/PCIe/SSE2,4.3.0 NVIDIA 591.86,false,assets/heightmaps/Hm_Terrain_Test_129.pgm,129,129,30.000,4.000,14,4.000,2.000,20000,0.633,0.000,6.000,4.580,7.932,12144,46516,12142,110,55,176,82,0,0,0,0,8,228.072,7.206,3.691,0.160,0.906,0.146,0.212,0.130,0.871,0.095,0.200,0.000,0.970,0.534,0.005,0.004,0.004,0.005,0.003,0.003,0.004,0.010,0.037,1.035,0.000,0.116,0.002,1.455,0.000,0.000,5209844,96,1.096,1.052,0.000,0.000,14
GPU ROAM-like,RelWithDebInfo,OpenGL,NVIDIA GeForce RTX 5090 D/PCIe/SSE2,4.3.0 NVIDIA 591.86,false,assets/heightmaps/Hm_Terrain_Test_129.pgm,129,129,30.000,4.000,14,4.000,2.000,20000,0.640,0.000,6.000,4.425,7.461,11900,46632,11898,58,28,302,65,0,0,0,0,8,0.000,7.370,3.941,0.210,0.802,0.222,0.202,0.125,1.183,0.060,0.201,0.000,0.936,0.514,0.005,0.004,0.004,0.005,0.003,0.003,0.004,0.010,0.037,1.015,0.000,0.123,0.002,1.433,0.000,0.000,5222836,96,1.368,1.025,0.000,0.000,14
GPU ROAM-like,RelWithDebInfo,OpenGL,NVIDIA GeForce RTX 5090 D/PCIe/SSE2,4.3.0 NVIDIA 591.86,false,assets/heightmaps/Hm_Terrain_Test_129.pgm,129,129,30.000,4.000,14,4.000,2.000,20000,0.648,0.000,6.000,4.269,7.591,11836,46780,11834,74,37,138,59,0,0,0,0,8,228.529,7.233,3.758,0.127,0.846,0.164,0.200,0.123,1.154,0.069,0.192,0.000,0.882,0.526,0.005,0.004,0.004,0.005,0.003,0.003,0.004,0.010,0.037,1.049,0.001,0.112,0.002,1.372,0.000,0.000,5239412,96,1.346,1.010,0.000,0.000,14
GPU ROAM-like,RelWithDebInfo,OpenGL,NVIDIA GeForce RTX 5090 D/PCIe/SSE2,4.3.0 NVIDIA 591.86,false,assets/heightmaps/Hm_Terrain_Test_129.pgm,129,129,30.000,4.000,14,4.000,2.000,20000,0.655,0.000,6.000,4.116,7.452,11810,46960,11808,90,45,116,65,0,0,0,0,8,0.000,6.995,3.401,0.182,0.768,0.103,0.197,0.122,0.850,0.089,0.202,0.000,0.889,0.560,0.005,0.004,0.004,0.005,0.003,0.003,0.004,0.010,0.037,1.170,0.000,0.110,0.002,1.374,0.000,0.000,5259572,96,1.061,0.870,0.000,0.000,14
GPU ROAM-like,RelWithDebInfo,OpenGL,NVIDIA GeForce RTX 5090 D/PCIe/SSE2,4.3.0 NVIDIA 591.86,false,assets/heightmaps/Hm_Terrain_Test_129.pgm,129,129,30.000,4.000,14,4.000,2.000,20000,0.663,0.000,6.000,3.970,7.210,11680,47056,11678,48,23,178,57,0,0,0,0,8,223.195,7.355,3.580,0.163,0.633,0.143,0.198,0.127,1.153,0.051,0.200,0.000,0.911,0.592,0.005,0.008,0.004,0.005,0.003,0.003,0.004,0.010,0.041,1.135,0.001,0.102,0.002,1.571,0.000,0.000,5270324,96,1.331,0.776,0.000,0.000,14
GPU ROAM-like,RelWithDebInfo,OpenGL,NVIDIA GeForce RTX 5090 D/PCIe/SSE2,4.3.0 NVIDIA 591.86,false,assets/heightmaps/Hm_Terrain_Test_129.pgm,129,129,30.000,4.000,14,4.000,2.000,20000,0.670,0.000,6.000,3.819,7.578,11658,47216,11656,80,40,102,62,0,0,0,0,8,0.000,7.336,3.518,0.140,0.532,0.093,0.197,0.124,1.188,0.078,0.199,0.000,0.966,0.543,0.005,0.004,0.004,0.005,0.003,0.003,0.004,0.010,0.037,1.097,0.000,0.105,0.002,1.687,0.000,0.000,5288244,96,1.390,0.626,0.000,0.000,14
GPU ROAM-like,RelWithDebInfo,OpenGL,NVIDIA GeForce RTX 5090 D/PCIe/SSE2,4.3.0 NVIDIA 591.86,false,assets/heightmaps/Hm_Terrain_Test_129.pgm,129,129,30.000,4.000,14,4.000,2.000,20000,0.678,0.000,6.000,3.669,7.563,11556,47372,11554,78,39,180,58,0,0,0,0,8,217.803,7.560,3.872,0.134,0.833,0.139,0.192,0.124,1.201,0.076,0.201,0.000,0.970,0.513,0.005,0.004,0.004,0.005,0.003,0.003,0.004,0.010,0.037,1.078,0.001,0.100,0.002,1.591,0.000,0.000,5305716,96,1.402,0.972,0.000,0.000,14
GPU ROAM-like,RelWithDebInfo,OpenGL,NVIDIA GeForce RTX 5090 D/PCIe/SSE2,4.3.0 NVIDIA 591.86,false,assets/heightmaps/Hm_Terrain_Test_129.pgm,129,129,30.000,4.000,14,4.000,2.000,20000,0.686,0.000,6.000,3.517,7.782,11437,47516,11435,72,35,191,52,0,0,0,0,8,0.000,6.992,3.164,0.121,0.594,0.145,0.190,0.135,0.804,0.074,0.193,0.000,0.907,0.524,0.005,0.004,0.004,0.005,0.003,0.003,0.004,0.010,0.037,1.082,0.001,0.106,0.002,1.632,0.000,0.000,5321844,96,1.013,0.739,0.000,0.000,14
GPU ROAM-like,RelWithDebInfo,OpenGL,NVIDIA GeForce RTX 5090 D/PCIe/SSE2,4.3.0 NVIDIA 591.86,false,assets/heightmaps/Hm_Terrain_Test_129.pgm,129,129,30.000,4.000,14,4.000,2.000,20000,0.693,0.000,6.000,3.378,7.225,11366,47672,11364,78,39,149,57,0,0,0,0,8,450.489,7.287,3.678,0.122,0.694,0.118,0.190,0.126,1.246,0.081,0.193,0.000,0.909,0.522,0.005,0.010,0.004,0.005,0.003,0.003,0.004,0.010,0.043,1.027,0.000,0.092,0.002,1.600,0.000,0.000,5339316,96,1.452,0.812,0.000,0.000,14
GPU ROAM-like,RelWithDebInfo,OpenGL,NVIDIA GeForce RTX 5090 D/PCIe/SSE2,4.3.0 NVIDIA 591.86,false,assets/heightmaps/Hm_Terrain_Test_129.pgm,129,129,30.000,4.000,14,4.000,2.000,20000,0.700,0.000,6.000,3.235,7.538,11286,47788,11284,58,29,138,43,0,0,0,0,8,0.000,7.404,3.915,0.112,0.934,0.118,0.193,0.169,1.181,0.062,0.206,0.000,0.942,0.517,0.005,0.004,0.004,0.005,0.003,0.003,0.004,0.010,0.037,1.099,0.000,0.114,0.001,1.340,0.000,0.000,5352308,96,1.411,1.052,0.000,0.000,14
GPU ROAM-like,RelWithDebInfo,OpenGL,NVIDIA GeForce RTX 5090 D/PCIe/SSE2,4.3.0 NVIDIA 591.86,false,assets/heightmaps/Hm_Terrain_Test_129.pgm,129,129,30.000,4.000,14,4.000,2.000,20000,0.708,0.000,6.000,3.092,7.624,11243,47944,11241,78,38,121,65,0,0,0,0,8,428.311,7.668,3.895,0.116,0.509,0.097,0.200,0.121,1.276,0.112,0.366,0.000,1.099,0.517,0.005,0.004,0.004,0.005,0.003,0.003,0.004,0.010,0.037,1.023,0.000,0.092,0.001,1.752,0.000,0.000,5369780,96,1.509,0.606,0.000,0.000,14
GPU ROAM-like,RelWithDebInfo,OpenGL,NVIDIA GeForce RTX 5090 D/PCIe/SSE2,4.3.0 NVIDIA 591.86,false,assets/heightmaps/Hm_Terrain_Test_129.pgm,129,129,30.000,4.000,14,4.000,2.000,20000,0.716,0.000,6.000,2.946,7.871,11170,48088,11168,72,36,145,54,0,0,0,0,8,0.000,7.658,3.756,0.145,0.826,0.134,0.191,0.116,1.170,0.073,0.181,0.000,0.920,0.537,0.005,0.004,0.004,0.005,0.003,0.003,0.004,0.010,0.037,1.071,0.000,0.095,0.002,1.523,0.000,0.000,5385908,96,1.359,0.960,0.000,0.000,14
GPU ROAM-like,RelWithDebInfo,OpenGL,NVIDIA GeForce RTX 5090 D/PCIe/SSE2,4.3.0 NVIDIA 591.86,false,assets/heightmaps/Hm_Terrain_Test_129.pgm,129,129,30.000,4.000,14,4.000,2.000,20000,0.724,0.000,6.000,2.803,7.880,11045,48228,11043,70,35,195,55,0,0,0,0,8,469.247,6.985,3.472,0.116,0.650,0.155,0.187,0.119,1.145,0.064,0.185,0.000,0.852,0.536,0.005,0.004,0.004,0.005,0.003,0.003,0.004,0.010,0.037,1.044,0.000,0.090,0.001,1.504,0.000,0.000,5401588,96,1.328,0.804,0.000,0.000,14
GPU ROAM-like,RelWithDebInfo,OpenGL,NVIDIA GeForce RTX 5090 D/PCIe/SSE2,4.3.0 NVIDIA 591.86,false,assets/heightmaps/Hm_Terrain_Test_129.pgm,129,129,30.000,4.000,14,4.000,2.000,20000,0.731,0.000,6.000,2.675,7.182,10990,48376,10988,74,37,129,59,0,0,0,0,8,0.000,7.224,3.765,0.141,0.823,0.115,0.194,0.115,1.250,0.068,0.186,0.000,0.873,0.538,0.005,0.004,0.004,0.005,0.003,0.003,0.004,0.010,0.037,1.099,0.000,0.108,0.001,1.314,0.000,0.000,5418164,96,1.433,0.938,0.000,0.000,14
GPU ROAM-like,RelWithDebInfo,OpenGL,NVIDIA GeForce RTX 5090 D/PCIe/SSE2,4.3.0 NVIDIA 591.86,false,assets/heightmaps/Hm_Terrain_Test_129.pgm,129,129,30.000,4.000,14,4.000,2.000,20000,0.738,0.000,6.000,2.545,7.424,10840,48472,10838,48,23,198,49,0,0,0,0,8,0.000,7.156,3.674,0.145,0.872,0.157,0.183,0.113,1.155,0.051,0.175,0.000,0.822,0.538,0.005,0.004,0.004,0.005,0.003,0.003,0.004,0.303,0.330,1.050,0.000,0.104,0.002,1.413,0.000,0.000,5428916,96,1.320,1.030,0.000,0.000,14
GPU ROAM-like,RelWithDebInfo,OpenGL,NVIDIA GeForce RTX 5090 D/PCIe/SSE2,4.3.0 NVIDIA 591.86,false,assets/heightmaps/Hm_Terrain_Test_129.pgm,129,129,30.000,4.000,14,4.000,2.000,20000,0.746,0.000,6.000,2.418,7.343,10738,48616,10736,72,36,174,54,0,0,0,0,8,482.536,6.828,3.338,0.124,0.654,0.130,0.181,0.110,1.087,0.064,0.173,0.000,0.813,0.543,0.005,0.008,0.004,0.005,0.003,0.003,0.004,0.010,0.041,1.084,0.000,0.093,0.002,1.405,0.000,0.000,5445044,96,1.261,0.784,0.000,0.000,14
GPU ROAM-like,RelWithDebInfo,OpenGL,NVIDIA GeForce RTX 5090 D/PCIe/SSE2,4.3.0 NVIDIA 591.86,false,assets/heightmaps/Hm_Terrain_Test_129.pgm,129,129,30.000,4.000,14,4.000,2.000,20000,0.753,0.000,6.000,2.299,7.023,10676,48740,10674,62,31,124,49,0,0,0,0,8,0.000,6.785,3.325,0.149,0.593,0.113,0.181,0.115,1.134,0.056,0.178,0.000,0.807,0.547,0.005,0.009,0.004,0.005,0.003,0.003,0.004,0.010,0.042,1.070,0.000,0.092,0.001,1.352,0.000,0.000,5458932,96,1.305,0.706,0.000,0.000,14
GPU ROAM-like,RelWithDebInfo,OpenGL,NVIDIA GeForce RTX 5090 D/PCIe/SSE2,4.3.0 NVIDIA 591.86,false,assets/heightmaps/Hm_Terrain_Test_129.pgm,129,129,30.000,4.000,14,4.000,2.000,20000,0.760,0.000,6.000,2.184,6.961,10649,48882,10647,71,35,98,54,0,0,0,0,8,247.595,6.672,3.054,0.151,0.621,0.096,0.180,0.112,0.837,0.096,0.173,0.000,0.788,0.577,0.005,0.004,0.004,0.005,0.003,0.003,0.004,0.010,0.037,1.088,0.001,0.110,0.001,1.462,0.000,0.000,5474836,96,1.045,0.717,0.000,0.000,14
GPU ROAM-like,RelWithDebInfo,OpenGL,NVIDIA GeForce RTX 5090 D/PCIe/SSE2,4.3.0 NVIDIA 591.86,false,assets/heightmaps/Hm_Terrain_Test_129.pgm,129,129,30.000,4.000,14,4.000,2.000,20000,0.766,0.000,6.000,2.072,6.895,10594,48964,10592,41,20,96,62,0,0,0,0,8,0.000,6.680,3.389,0.144,0.657,0.093,0.181,0.112,1.136,0.037,0.223,0.000,0.806,0.556,0.005,0.004,0.004,0.005,0.003,0.003,0.004,0.010,0.037,1.069,0.000,0.093,0.002,1.200,0.000,0.000,5484020,96,1.286,0.750,0.000,0.000,14
GPU ROAM-like,RelWithDebInfo,OpenGL,NVIDIA GeForce RTX 5090 D/PCIe/SSE2,4.3.0 NVIDIA 591.86,false,assets/heightmaps/Hm_Terrain_Test_129.pgm,129,129,30.000,4.000,14,4.000,2.000,20000,0.773,0.000,6.000,1.962,6.871,10514,49052,10512,44,22,124,39,0,0,0,0,8,238.604,6.901,3.303,0.115,0.724,0.097,0.178,0.110,1.094,0.039,0.170,0.000,0.775,0.543,0.005,0.004,0.004,0.005,0.003,0.003,0.004,0.010,0.037,1.086,0.001,0.101,0.002,1.499,0.000,0.000,5493876,96,1.243,0.821,0.000,0.000,14
GPU ROAM-like,RelWithDebInfo,OpenGL,NVIDIA GeForce RTX 5090 D/PCIe/SSE2,4.3.0 NVIDIA 591.86,false,assets/heightmaps/Hm_Terrain_Test_129.pgm,129,129,30.000,4.000,14,4.000,2.000,20000,0.780,0.000,6.000,1.851,7.102,10458,49188,10456,68,34,124,50,0,0,0,0,8,0.000,6.581,3.114,0.136,0.490,0.098,0.174,0.110,1.098,0.056,0.168,0.000,0.784,0.561,0.005,0.008,0.004,0.005,0.003,0.003,0.004,0.010,0.041,1.115,0.000,0.107,0.001,1.328,0.000,0.000,5509108,96,1.264,0.588,0.000,0.000,14
GPU ROAM-like,RelWithDebInfo,OpenGL,NVIDIA GeForce RTX 5090 D/PCIe/SSE2,4.3.0 NVIDIA 591.86,false,assets/heightmaps/Hm_Terrain_Test_129.pgm,129,129,30.000,4.000,14,4.000,2.000,20000,0.787,0.000,6.000,1.748,6.763,10430,49304,10428,58,29,86,38,0,0,0,0,8,489.482,6.755,3.315,0.152,0.725,0.075,0.177,0.109,1.082,0.051,0.168,0.000,0.775,0.558,0.005,0.004,0.004,0.005,0.003,0.003,0.004,0.010,0.037,1.112,0.000,0.112,0.001,1.270,0.000,0.000,5522100,96,1.242,0.800,0.000,0.000,14
GPU ROAM-like,RelWithDebInfo,OpenGL,NVIDIA GeForce RTX 5090 D/PCIe/SSE2,4.3.0 NVIDIA 591.86,false,assets/heightmaps/Hm_Terrain_Test_129.pgm,129,129,30.000,4.000,14,4.000,2.000,20000,0.794,0.000,6.000,1.645,6.932,10341,49428,10339,62,30,151,47,0,0,0,0,8,0.000,7.508,3.640,0.144,0.929,0.129,0.185,0.110,1.124,0.055,0.178,0.000,0.786,0.713,0.004,0.004,0.004,0.005,0.003,0.003,0.004,0.010,0.036,1.161,0.001,0.122,0.002,1.446,0.000,0.000,5535988,96,1.289,1.059,0.000,0.000,14
GPU ROAM-like,RelWithDebInfo,OpenGL,NVIDIA GeForce RTX 5090 D/PCIe/SSE2,4.3.0 NVIDIA 591.86,false,assets/heightmaps/Hm_Terrain_Test_129.pgm,129,129,30.000,4.000,14,4.000,2.000,20000,0.802,0.000,6.000,1.533,7.726,10276,49528,10274,50,25,115,36,0,0,0,0,8,453.530,7.250,3.282,0.134,0.728,0.097,0.181,0.118,0.985,0.051,0.190,0.000,0.798,0.564,0.005,0.008,0.004,0.005,0.003,0.003,0.004,0.010,0.041,1.192,0.000,0.095,0.002,1.730,0.000,0.000,5547188,96,1.155,0.825,0.000,0.000,14
GPU ROAM-like,RelWithDebInfo,OpenGL,NVIDIA GeForce RTX 5090 D/PCIe/SSE2,4.3.0 NVIDIA 591.86,false,assets/heightmaps/Hm_Terrain_Test_129.pgm,129,129,30.000,4.000,14,4.000,2.000,20000,0.809,0.000,6.000,1.428,7.465,10192,49584,10190,28,14,112,26,0,0,0,0,8,0.000,7.316,3.305,0.128,0.825,0.100,0.172,0.162,0.878,0.032,0.175,0.000,0.833,0.622,0.005,0.008,0.004,0.005,0.003,0.003,0.004,0.010,0.041,1.133,0.001,0.103,0.002,1.742,0.000,0.000,5553460,96,1.072,0.925,0.000,0.000,14
GPU ROAM-like,RelWithDebInfo,OpenGL,NVIDIA GeForce RTX 5090 D/PCIe/SSE2,4.3.0 NVIDIA 591.86,false,assets/heightmaps/Hm_Terrain_Test_129.pgm,129,129,30.000,4.000,14,4.000,2.000,20000,0.817,0.000,6.000,1.325,7.549,10176,49720,10174,68,34,84,48,0,0,0,0,8,0.000,7.066,3.362,0.110,0.747,0.083,0.171,0.112,1.085,0.066,0.173,0.000,0.815,0.592,0.004,0.009,0.004,0.005,0.003,0.003,0.004,0.010,0.040,1.132,0.001,0.112,0.002,1.487,0.000,0.000,5568692,96,1.263,0.830,0.000,0.000,14
GPU ROAM-like,RelWithDebInfo,OpenGL,NVIDIA GeForce RTX 5090 D/PCIe/SSE2,4.3.0 NVIDIA 591.86,false,assets/heightmaps/Hm_Terrain_Test_129.pgm,129,129,30.000,4.000,14,4.000,2.000,20000,0.824,0.000,6.000,1.228,7.281,10136,49860,10134,70,34,110,51,0,0,0,0,8,0.000,7.392,3.611,0.109,0.954,0.097,0.173,0.110,1.129,0.066,0.175,0.000,0.797,0.646,0.005,0.004,0.004,0.005,0.003,0.003,0.004,0.010,0.037,1.129,0.001,0.100,0.002,1.536,0.000,0.000,5584372,96,1.306,1.051,0.000,0.000,14
GPU ROAM-like,RelWithDebInfo,OpenGL,NVIDIA GeForce RTX 5090 D/PCIe/SSE2,4.3.0 NVIDIA 591.86,false,assets/heightmaps/Hm_Terrain_Test_129.pgm,129,129,30.000,4.000,14,4.000,2.000,20000,0.832,0.000,6.000,1.130,7.654,10094,49968,10092,54,27,96,48,0,0,0,0,8,0.000,6.747,2.905,0.110,0.543,0.084,0.171,0.114,0.886,0.052,0.173,0.000,0.773,0.553,0.005,0.004,0.004,0.005,0.003,0.003,0.004,0.010,0.037,1.091,0.000,0.093,0.002,1.630,0.000,0.000,5596468,96,1.052,0.626,0.000,0.000,14
GPU ROAM-like,RelWithDebInfo,OpenGL,NVIDIA GeForce RTX 5090 D/PCIe/SSE2,4.3.0 NVIDIA 591.86,false,assets/heightmaps/Hm_Terrain_Test_129.pgm,129,129,30.000,4.000,14,4.000,2.000,20000,0.839,0.000,6.000,1.044,6.956,10078,50068,10076,50,25,66,36,0,0,0,0,8,457.279,7.233,3.439,0.109,0.943,0.060,0.170,0.110,1.077,0.046,0.175,0.000,0.748,0.564,0.005,0.004,0.004,0.005,0.003,0.003,0.004,0.010,0.036,1.084,0.000,0.092,0.001,1.640,0.000,0.000,5607668,96,1.233,1.003,0.000,0.000,14
GPU ROAM-like,RelWithDebInfo,OpenGL,NVIDIA GeForce RTX 5090 D/PCIe/SSE2,4.3.0 NVIDIA 591.86,false,assets/heightmaps/Hm_Terrain_Test_129.pgm,129,129,30.000,4.000,14,4.000,2.000,20000,0.846,0.000,6.000,0.955,7.473,10016,50148,10014,40,20,102,28,0,0,0,0,8,0.000,6.962,3.431,0.105,0.938,0.095,0.169,0.112,1.050,0.038,0.168,0.000,0.756,0.558,0.005,0.004,0.004,0.005,0.003,0.003,0.004,0.010,0.037,1.083,0.000,0.108,0.001,1.353,0.000,0.000,5616628,96,1.200,1.033,0.000,0.000,14
GPU ROAM-like,RelWithDebInfo,OpenGL,NVIDIA GeForce RTX 5090 D/PCIe/SSE2,4.3.0 NVIDIA 591.86,false,assets/heightmaps/Hm_Terrain_Test_129.pgm,129,129,30.000,4.000,14,4.000,2.000,20000,0.853,0.000,6.000,0.872,7.195,9960,50248,9958,50,25,106,42,0,0,0,0,8,493.011,6.723,2.908,0.133,0.637,0.083,0.169,0.105,0.822,0.045,0.169,0.000,0.743,0.546,0.004,0.009,0.004,0.005,0.003,0.003,0.004,0.010,0.040,1.093,0.000,0.222,0.002,1.552,0.000,0.000,5627828,96,0.972,0.721,0.000,0.000,14
GPU ROAM-like,RelWithDebInfo,OpenGL,NVIDIA GeForce RTX 5090 D/PCIe/SSE2,4.3.0 NVIDIA 591.86,false,assets/heightmaps/Hm_Terrain_Test_129.pgm,129,129,30.000,4.000,14,4.000,2.000,20000,0.860,0.000,6.000,0.795,6.937,9864,50348,9862,50,25,146,32,0,0,0,0,8,0.000,5.851,2.926,0.102,0.449,0.109,0.166,0.111,1.054,0.049,0.166,0.000,0.721,0.544,0.005,0.004,0.004,0.005,0.003,0.003,0.004,0.010,0.037,1.088,0.000,0.119,0.002,0.809,0.000,0.000,5639028,96,1.213,0.558,0.000,0.000,14
GPU ROAM-like,RelWithDebInfo,OpenGL,NVIDIA GeForce RTX 5090 D/PCIe/SSE2,4.3.0 NVIDIA 591.86,false,assets/heightmaps/Hm_Terrain_Test_129.pgm,129,129,30.000,4.000,14,4.000,2.000,20000,0.866,0.000,6.000,0.731,6.097,9874,50464,9872,58,28,48,38,0,0,0,0,8,250.381,6.694,2.805,0.083,0.659,0.042,0.167,0.111,0.801,0.051,0.180,0.000,0.710,0.601,0.005,0.004,0.004,0.005,0.003,0.003,0.004,0.010,0.037,1.171,0.000,0.079,0.002,1.567,0.000,0.000,5652020,96,0.963,0.701,0.000,0.000,14
GPU ROAM-like,RelWithDebInfo,OpenGL,NVIDIA GeForce RTX 5090 D/PCIe/SSE2,4.3.0 NVIDIA 591.86,false,assets/heightmaps/Hm_Terrain_Test_129.pgm,129,129,30.000,4.000,14,4.000,2.000,20000,0.873,0.000,6.000,0.661,6.893,9817,50572,9815,54,27,111,52,0,0,0,0,8,0.000,6.584,3.114,0.093,0.564,0.088,0.217,0.113,1.076,0.049,0.168,0.000,0.746,0.600,0.004,0.004,0.004,0.005,0.003,0.003,0.004,0.010,0.037,1.161,0.000,0.081,0.001,0.764,0.000,0.000,5664116,96,1.238,0.652,0.000,0.000,14
GPU ROAM-like,RelWithDebInfo,OpenGL,NVIDIA GeForce RTX 5090 D/PCIe/SSE2,4.3.0 NVIDIA 591.86,false,assets/heightmaps/Hm_Terrain_Test_129.pgm,129,129,30.000,4.000,14,4.000,2.000,20000,0.880,0.000,6.000,0.595,6.764,9795,50664,9793,46,23,68,32,0,0,0,0,8,477.165,6.895,3.336,0.080,0.849,0.056,0.168,0.111,1.127,0.049,0.169,0.000,0.728,0.545,0.004,0.004,0.004,0.005,0.003,0.003,0.004,0.010,0.037,1.084,0.001,0.096,0.002,1.472,0.000,0.000,5674420,96,1.287,0.905,0.000,0.000,14
GPU ROAM-like,RelWithDebInfo,OpenGL,NVIDIA GeForce RTX 5090 D/PCIe/SSE2,4.3.0 NVIDIA 591.86,false,assets/heightmaps/Hm_Terrain_Test_129.pgm,129,129,30.000,4.000,14,4.000,2.000,20000,0.887,0.000,6.000,0.529,7.071,9750,50732,9748,34,17,79,34,0,0,0,0,8,0.000,6.177,3.141,0.079,0.720,0.064,0.178,0.113,1.020,0.039,0.229,0.000,0.697,0.612,0.004,0.008,0.004,0.005,0.003,0.003,0.004,0.010,0.041,1.204,0.000,0.089,0.002,0.756,0.000,0.000,5682036,96,1.173,0.784,0.000,0.000,14
GPU ROAM-like,RelWithDebInfo,OpenGL,NVIDIA GeForce RTX 5090 D/PCIe/SSE2,4.3.0 NVIDIA 591.86,false,assets/heightmaps/Hm_Terrain_Test_129.pgm,129,129,30.000,4.000,14,4.000,2.000,20000,0.894,0.000,6.000,0.474,6.356,9702,50776,9700,22,11,70,28,0,0,0,0,8,0.000,6.477,3.134,0.090,0.736,0.056,0.166,0.110,1.031,0.026,0.170,0.000,0.749,0.626,0.005,0.008,0.004,0.005,0.003,0.003,0.004,0.010,0.041,1.531,0.000,0.077,0.002,0.743,0.000,0.000,5686964,96,1.167,0.792,0.000,0.000,14
GPU ROAM-like,RelWithDebInfo,OpenGL,NVIDIA GeForce RTX 5090 D/PCIe/SSE2,4.3.0 NVIDIA 591.86,false,assets/heightmaps/Hm_Terrain_Test_129.pgm,129,129,30.000,4.000,14,4.000,2.000,20000,0.900,0.000,6.000,0.418,6.653,9710,50864,9708,44,22,36,30,0,0,0,0,8,243.577,6.754,2.874,0.089,0.736,0.036,0.166,0.108,0.831,0.046,0.168,0.000,0.695,0.596,0.005,0.004,0.004,0.005,0.003,0.003,0.004,0.009,0.036,1.168,0.001,0.092,0.002,1.669,0.000,0.000,5696820,96,0.984,0.772,0.000,0.000,14
GPU ROAM-like,RelWithDebInfo,OpenGL,NVIDIA GeForce RTX 5090 D/PCIe/SSE2,4.3.0 NVIDIA 591.86,false,assets/heightmaps/Hm_Terrain_Test_129.pgm,129,129,30.000,4.000,14,4.000,2.000,20000,0.907,0.000,6.000,0.364,6.941,9674,50908,9672,22,11,58,40,0,0,0,0,8,0.000,6.144,3.062,0.087,0.697,0.051,0.165,0.107,1.084,0.029,0.167,0.000,0.675,0.593,0.005,0.009,0.004,0.005,0.003,0.003,0.004,0.010,0.041,1.202,0.000,0.117,0.001,0.827,0.000,0.000,5701748,96,1.220,0.748,0.000,0.000,14
GPU ROAM-like,RelWithDebInfo,OpenGL,NVIDIA GeForce RTX 5090 D/PCIe/SSE2,4.3.0 NVIDIA 591.86,false,assets/heightmaps/Hm_Terrain_Test_129.pgm,129,129,30.000,4.000,14,4.000,2.000,20000,0.914,0.000,6.000,0.317,6.356,9668,50964,9666,28,14,34,24,0,0,0,0,8,237.170,6.913,3.308,0.084,0.782,0.032,0.168,0.200,1.116,0.031,0.168,0.000,0.727,0.591,0.004,0.004,0.004,0.005,0.003,0.003,0.004,0.010,0.036,1.249,0.000,0.089,0.002,1.336,0.000,0.000,5708020,96,1.347,0.814,0.000,0.000,14
GPU ROAM-like,RelWithDebInfo,OpenGL,NVIDIA GeForce RTX 5090 D/PCIe/SSE2,4.3.0 NVIDIA 591.86,false,assets/heightmaps/Hm_Terrain_Test_129.pgm,129,129,30.000,4.000,14,4.000,2.000,20000,0.921,0.000,6.000,0.269,7.083,9662,51012,9660,24,10,30,20,0,0,0,0,8,0.000,6.841,3.044,0.090,0.657,0.029,0.166,0.116,1.055,0.026,0.170,0.000,0.733,0.599,0.004,0.009,0.004,0.005,0.003,0.003,0.004,0.010,0.040,1.215,0.001,0.083,0.002,1.550,0.000,0.000,5713396,96,1.198,0.686,0.000,0.000,14
GPU ROAM-like,RelWithDebInfo,OpenGL,NVIDIA GeForce RTX 5090 D/PCIe/SSE2,4.3.0 NVIDIA 591.86,false,assets/heightmaps/Hm_Terrain_Test_129.pgm,129,129,30.000,4.000,14,4.000,2.000,20000,0.928,0.000,6.000,0.224,7.016,9642,51064,9640,26,13,46,32,0,0,0,0,8,478.832,6.870,3.226,0.093,0.693,0.045,0.163,0.227,1.027,0.031,0.168,0.000,0.778,0.608,0.005,0.004,0.004,0.005,0.003,0.003,0.004,0.010,0.037,1.204,0.001,0.087,0.002,1.383,0.000,0.000,5719220,96,1.285,0.738,0.000,0.000,14
GPU ROAM-like,RelWithDebInfo,OpenGL,NVIDIA GeForce RTX 5090 D/PCIe/SSE2,4.3.0 NVIDIA 591.86,false,assets/heightmaps/Hm_Terrain_Test_129.pgm,129,129,30.000,4.000,14,4.000,2.000,20000,0.935,0.000,6.000,0.184,7.045,9641,51150,9639,43,21,44,30,0,0,0,0,8,0.000,7.155,3.205,0.100,0.622,0.039,0.166,0.213,1.074,0.045,0.178,0.000,0.769,0.601,0.004,0.004,0.003,0.005,0.003,0.003,0.004,0.010,0.036,1.236,0.001,0.089,0.001,1.562,0.000,0.000,5728852,96,1.331,0.662,0.000,0.000,14
GPU ROAM-like,RelWithDebInfo,OpenGL,NVIDIA GeForce RTX 5090 D/PCIe/SSE2,4.3.0 NVIDIA 591.86,false,assets/heightmaps/Hm_Terrain_Test_129.pgm,129,129,30.000,4.000,14,4.000,2.000,20000,0.942,0.000,6.000,0.146,7.335,9549,51194,9547,22,9,114,25,0,0,0,0,8,0.000,6.101,3.153,0.094,0.723,0.107,0.162,0.106,1.037,0.027,0.161,0.000,0.737,0.602,0.004,0.009,0.004,0.005,0.003,0.003,0.004,0.010,0.041,1.177,0.000,0.085,0.001,0.740,0.000,0.000,5733780,96,1.170,0.830,0.000,0.000,14
GPU ROAM-like,RelWithDebInfo,OpenGL,NVIDIA GeForce RTX 5090 D/PCIe/SSE2,4.3.0 NVIDIA 591.86,false,assets/heightmaps/Hm_Terrain_Test_129.pgm,129,129,30.000,4.000,14,4.000,2.000,20000,0.948,0.000,6.000,0.116,6.274,9549,51222,9547,14,7,14,10,0,0,0,0,8,1096.107,6.059,3.099,0.078,0.751,0.015,0.164,0.109,1.067,0.027,0.178,0.000,0.711,0.635,0.004,0.008,0.004,0.005,0.003,0.003,0.004,0.010,0.041,1.200,0.000,0.119,0.002,0.631,0.000,0.000,5736916,96,1.203,0.766,0.000,0.000,14
GPU ROAM-like,RelWithDebInfo,OpenGL,NVIDIA GeForce RTX 5090 D/PCIe/SSE2,4.3.0 NVIDIA 591.86,false,assets/heightmaps/Hm_Terrain_Test_129.pgm,129,129,30.000,4.000,14,4.000,2.000,20000,0.955,0.000,6.000,0.090,6.263,9552,51260,9550,19,9,16,14,0,0,0,0,8,0.000,6.115,3.046,0.091,0.762,0.018,0.164,0.109,1.028,0.023,0.154,0.000,0.697,0.680,0.004,0.004,0.004,0.005,0.003,0.003,0.004,0.010,0.036,1.248,0.000,0.080,0.002,0.730,0.000,0.000,5741172,96,1.160,0.780,0.000,0.000,14
GPU ROAM-like,RelWithDebInfo,OpenGL,NVIDIA GeForce RTX 5090 D/PCIe/SSE2,4.3.0 NVIDIA 591.86,false,assets/heightmaps/Hm_Terrain_Test_129.pgm,129,129,30.000,4.000,14,4.000,2.000,20000,0.961,0.000,6.000,0.067,6.286,9558,51276,9556,8,4,2,4,0,0,0,0,8,278.352,5.958,3.197,0.082,0.831,0.004,0.163,0.103,1.162,0.012,0.160,0.000,0.678,0.601,0.004,0.008,0.004,0.005,0.003,0.003,0.004,0.010,0.041,1.203,0.000,0.087,0.001,0.516,0.000,0.000,5742964,96,1.278,0.835,0.000,0.000,14
GPU ROAM-like,RelWithDebInfo,OpenGL,NVIDIA GeForce RTX 5090 D/PCIe/SSE2,4.3.0 NVIDIA 591.86,false,assets/heightmaps/Hm_Terrain_Test_129.pgm,129,129,30.000,4.000,14,4.000,2.000,20000,0.967,0.000,6.000,0.048,6.124,9554,51296,9552,10,5,14,10,0,0,0,0,8,0.000,6.075,3.143,0.089,0.762,0.017,0.170,0.102,1.153,0.013,0.155,0.000,0.681,0.632,0.005,0.004,0.004,0.005,0.003,0.003,0.004,0.009,0.036,1.202,0.000,0.069,0.001,0.714,0.000,0.000,5745204,96,1.268,0.780,0.000,0.000,14
GPU ROAM-like,RelWithDebInfo,OpenGL,NVIDIA GeForce RTX 5090 D/PCIe/SSE2,4.3.0 NVIDIA 591.86,false,assets/heightmaps/Hm_Terrain_Test_129.pgm,129,129,30.000,4.000,14,4.000,2.000,20000,0.973,0.000,6.000,0.032,6.217,9541,51302,9539,3,1,16,8,0,0,0,0,8,0.000,5.824,3.077,0.078,0.820,0.017,0.162,0.105,1.051,0.008,0.154,0.000,0.683,0.608,0.004,0.004,0.004,0.005,0.003,0.003,0.004,0.010,0.036,1.205,0.000,0.081,0.001,0.530,0.000,0.000,5745876,96,1.164,0.837,0.000,0.000,14
GPU ROAM-like,RelWithDebInfo,OpenGL,NVIDIA GeForce RTX 5090 D/PCIe/SSE2,4.3.0 NVIDIA 591.86,false,assets/heightmaps/Hm_Terrain_Test_129.pgm,129,129,30.000,4.000,14,4.000,2.000,20000,0.979,0.000,6.000,0.019,5.988,9554,51328,9552,13,6,0,9,0,0,0,0,8,237.008,6.903,3.083,0.107,0.750,0.002,0.162,0.102,1.080,0.021,0.155,0.000,0.705,0.608,0.004,0.008,0.003,0.005,0.003,0.003,0.004,0.010,0.040,1.185,0.001,0.078,0.001,1.620,0.000,0.000,5748788,96,1.203,0.751,0.000,0.000,14
GPU ROAM-like,RelWithDebInfo,OpenGL,NVIDIA GeForce RTX 5090 D/PCIe/SSE2,4.3.0 NVIDIA 591.86,false,assets/heightmaps/Hm_Terrain_Test_129.pgm,129,129,30.000,4.000,14,4.000,2.000,20000,0.986,0.000,6.000,0.008,7.086,9546,51332,9544,2,1,10,6,0,0,0,0,8,0.000,5.918,3.088,0.093,0.783,0.013,0.161,0.104,1.044,0.007,0.160,0.000,0.722,0.584,0.004,0.009,0.003,0.005,0.003,0.003,0.004,0.010,0.040,1.203,0.000,0.087,0.001,0.643,0.000,0.000,5749236,96,1.156,0.796,0.000,0.000,14
GPU ROAM-like,RelWithDebInfo,OpenGL,NVIDIA GeForce RTX 5090 D/PCIe/SSE2,4.3.0 NVIDIA 591.86,false,assets/heightmaps/Hm_Terrain_Test_129.pgm,129,129,30.000,4.000,14,4.000,2.000,20000,0.992,0.000,6.000,0.003,6.081,9550,51340,9548,4,2,0,2,0,0,0,0,8,238.513,6.910,3.118,0.127,0.760,0.002,0.163,0.103,1.073,0.011,0.157,0.000,0.723,0.652,0.004,0.009,0.003,0.005,0.003,0.003,0.004,0.010,0.040,1.204,0.000,0.082,0.002,1.473,0.000,0.000,5750132,96,1.186,0.761,0.000,0.000,14
GPU ROAM-like,RelWithDebInfo,OpenGL,NVIDIA GeForce RTX 5090 D/PCIe/SSE2,4.3.0 NVIDIA 591.86,false,assets/heightmaps/Hm_Terrain_Test_129.pgm,129,129,30.000,4.000,14,4.000,2.000,20000,0.999,0.000,6.000,0.000,7.089,9550,51340,9548,0,0,0,0,0,0,0,0,8,0.000,6.096,2.985,0.095,0.767,0.002,0.167,0.108,0.852,0.005,0.166,0.000,0.824,0.591,0.004,0.004,0.004,0.005,0.003,0.003,0.004,0.009,0.035,1.194,0.000,0.131,0.001,0.854,0.000,0.000,5750132,96,0.964,0.768,0.000,0.000,14
GPU ROAM-like,RelWithDebInfo,OpenGL,NVIDIA GeForce RTX 5090 D/PCIe/SSE2,4.3.0 NVIDIA 591.86,false,assets/heightmaps/Hm_Terrain_Test_129.pgm,129,129,30.000,4.000,14,4.000,2.000,20000,1.000,0.000,6.000,0.000,6.262,9550,51340,9548,0,0,0,0,0,0,0,0,8,0.000,5.715,2.891,0.086,0.619,0.001,0.162,0.105,1.026,0.005,0.158,0.000,0.728,0.594,0.004,0.009,0.003,0.005,0.003,0.003,0.004,0.010,0.040,1.244,0.000,0.098,0.001,0.553,0.000,0.000,5750132,96,1.137,0.620,0.000,0.000,14
