algorithm,buildConfiguration,graphicsBackend,graphicsAdapter,graphicsVersion,vSyncEnabled,heightMapPath,heightMapWidth,heightMapHeight,terrainSize,heightScale,maxDepthSetting,screenSpaceSplitThresholdPixels,screenSpaceMergeThresholdPixels,triangleBudget,timeSeconds,cameraX,cameraY,cameraZ,frameMilliseconds,triangles,nodes,activeSplits,splits,forcedSplits,merges,candidatePeak,budgetRejectedSplits,tjunctions,invalidNeighbors,invalidTopology,cpuWorkers,cpuUtilizationPercent,lodTotalMilliseconds,cpuUpdateMilliseconds,cpuPrepareMilliseconds,cpuMergeCandidateMarkMilliseconds,cpuMergeTopologyMilliseconds,cpuBudgetLeafCollectMilliseconds,cpuErrorEvalMilliseconds,cpuSplitCandidateMarkMilliseconds,cpuSplitTopologyMilliseconds,cpuFinalLeafCollectMilliseconds,cpuMeshEmitMilliseconds,cpuFinalizeMilliseconds,cpuUploadMilliseconds,gpuInitialLeafCompactionMilliseconds,gpuErrorEvaluationMilliseconds,gpuSplitCandidateMarkingMilliseconds,gpuMergeCandidateMarkingMilliseconds,gpuSplitTopologyMilliseconds,gpuActiveLeafResetMilliseconds,gpuFinalLeafCompactionMilliseconds,gpuMeshEmitMilliseconds,gpuPassSumMilliseconds,gpuSnapshotBuildMilliseconds,gpuBufferAllocationMilliseconds,gpuDispatchWallMilliseconds,gpuQueryWaitMilliseconds,gpuReadbackWaitMilliseconds,frameFenceWaitMilliseconds,renderMilliseconds,cpuGpuUploadBytes,cpuGpuReadbackBytes,splitMilliseconds,mergeMilliseconds,emitMilliseconds,validateMilliseconds,maxDepthReached
Classic CPU ROAM,RelWithDebInfo,OpenGL,NVIDIA GeForce RTX 5090 D/PCIe/SSE2,4.3.0 NVIDIA 591.86,false,assets/heightmaps/Hm_Terrain_Test_129.pgm,129,129,80.000,12.000,20,4.000,2.000,200000,0.000,0.000,18.000,40.000,0.507,22113,44224,22111,22111,11167,0,10074,0,0,0,0,1,101.129,448.406,448.061,424.929,0.002,0.000,0.000,0.000,0.001,10.021,0.500,8.717,3.888,0.233,0.000,0.000,0.000,0.000,0.000,0.000,0.000,0.000,0.000,0.000,0.000,0.000,0.000,0.000,0.000,0.000,0,0,10.023,0.003,9.217,0.000,17
Classic CPU ROAM,RelWithDebInfo,OpenGL,NVIDIA GeForce RTX 5090 D/PCIe/SSE2,4.3.0 NVIDIA 591.86,false,assets/heightmaps/Hm_Terrain_Test_129.pgm,129,129,80.000,12.000,20,4.000,2.000,200000,0.453,0.000,18.000,39.762,452.651,22090,44880,22088,328,163,351,233,0,0,0,0,1,99.661,16.030,15.675,0.174,3.037,0.099,0.163,0.000,2.054,0.127,0.159,7.581,2.278,0.245,0.000,0.000,0.000,0.000,0.000,0.000,0.000,0.000,0.000,0.000,0.000,0.000,0.000,0.000,0.000,0.000,0,0,2.182,3.138,7.740,0.000,17
Classic CPU ROAM,RelWithDebInfo,OpenGL,NVIDIA GeForce RTX 5090 D/PCIe/SSE2,4.3.0 NVIDIA 591.86,false,assets/heightmaps/Hm_Terrain_Test_129.pgm,129,129,80.000,12.000,20,4.000,2.000,200000,0.469,0.000,18.000,39.744,16.707,22060,44924,22058,22,11,52,22,0,0,0,0,1,94.144,16.938,16.594,0.200,2.965,0.016,0.157,0.000,2.058,0.011,0.161,7.638,3.385,0.240,0.000,0.000,0.000,0.000,0.000,0.000,0.000,0.000,0.000,0.000,0.000,0.000,0.000,0.000,0.000,0.000,0,0,2.069,2.982,7.800,0.000,17
Classic CPU ROAM,RelWithDebInfo,OpenGL,NVIDIA GeForce RTX 5090 D/PCIe/SSE2,4.3.0 NVIDIA 591.86,false,assets/heightmaps/Hm_Terrain_Test_129.pgm,129,129,80.000,12.000,20,4.000,2.000,200000,0.487,0.000,18.000,39.725,17.477,22056,44968,22054,22,11,26,11,0,0,0,0,1,103.977,15.367,15.025,0.176,2.919,0.009,0.165,0.000,2.103,0.011,0.158,7.399,2.082,0.229,0.000,0.000,0.000,0.000,0.000,0.000,0.000,0.000,0.000,0.000,0.000,0.000,0.000,0.000,0.000,0.000,0,0,2.115,2.929,7.558,0.000,17
Classic CPU ROAM,RelWithDebInfo,OpenGL,NVIDIA GeForce RTX 5090 D/PCIe/SSE2,4.3.0 NVIDIA 591.86,false,assets/heightmaps/Hm_Terrain_Test_129.pgm,129,129,80.000,12.000,20,4.000,2.000,200000,0.503,0.000,18.000,39.707,15.910,22072,45020,22070,26,13,10,15,0,0,0,0,1,107.545,14.872,14.526,0.182,2.743,0.004,0.157,0.000,1.977,0.013,0.160,7.334,1.954,0.243,0.000,0.000,0.000,0.000,0.000,0.000,0.000,0.000,0.000,0.000,0.000,0.000,0.000,0.000,0.000,0.000,0,0,1.990,2.748,7.494,0.000,17
Classic CPU ROAM,RelWithDebInfo,OpenGL,NVIDIA GeForce RTX 5090 D/PCIe/SSE2,4.3.0 NVIDIA 591.86,false,assets/heightmaps/Hm_Terrain_Test_129.pgm,129,129,80.000,12.000,20,4.000,2.000,200000,0.518,0.000,18.000,39.689,15.362,22072,45068,22070,24,12,24,14,0,0,0,0,1,106.490,14.997,14.670,0.191,2.824,0.007,0.167,0.000,2.028,0.012,0.158,7.284,1.997,0.222,0.000,0.000,0.000,0.000,0.000,0.000,0.000,0.000,0.000,0.000,0.000,0.000,0.000,0.000,0.000,0.000,0,0,2.040,2.832,7.442,0.000,17
Classic CPU ROAM,RelWithDebInfo,OpenGL,NVIDIA GeForce RTX 5090 D/PCIe/SSE2,4.3.0 NVIDIA 591.86,false,assets/heightmaps/Hm_Terrain_Test_129.pgm,129,129,80.000,12.000,20,4.000,2.000,200000,0.534,0.000,18.000,39.671,15.433,22082,45124,22080,34,20,24,14,0,0,0,0,1,109.387,14.609,14.282,0.180,2.593,0.007,0.156,0.000,1.936,0.014,0.161,7.329,1.906,0.221,0.000,0.000,0.000,0.000,0.000,0.000,0.000,0.000,0.000,0.000,0.000,0.000,0.000,0.000,0.000,0.000,0,0,1.950,2.601,7.490,0.000,17
Classic CPU ROAM,RelWithDebInfo,OpenGL,NVIDIA GeForce RTX 5090 D/PCIe/SSE2,4.3.0 NVIDIA 591.86,false,assets/heightmaps/Hm_Terrain_Test_129.pgm,129,129,80.000,12.000,20,4.000,2.000,200000,0.549,0.000,18.000,39.652,15.050,22059,45184,22057,30,15,53,26,0,0,0,0,1,107.684,14.844,14.508,0.175,2.570,0.014,0.159,0.000,2.003,0.014,0.163,7.325,2.083,0.233,0.000,0.000,0.000,0.000,0.000,0.000,0.000,0.000,0.000,0.000,0.000,0.000,0.000,0.000,0.000,0.000,0,0,2.017,2.585,7.489,0.000,17
Classic CPU ROAM,RelWithDebInfo,OpenGL,NVIDIA GeForce RTX 5090 D/PCIe/SSE2,4.3.0 NVIDIA 591.86,false,assets/heightmaps/Hm_Terrain_Test_129.pgm,129,129,80.000,12.000,20,4.000,2.000,200000,0.564,0.000,18.000,39.633,15.478,22093,45260,22091,38,19,4,19,0,0,0,0,1,99.650,16.007,15.677,0.326,2.746,0.002,0.166,0.000,2.288,0.019,0.158,7.410,2.561,0.223,0.000,0.000,0.000,0.000,0.000,0.000,0.000,0.000,0.000,0.000,0.000,0.000,0.000,0.000,0.000,0.000,0,0,2.307,2.749,7.568,0.000,17
Classic CPU ROAM,RelWithDebInfo,OpenGL,NVIDIA GeForce RTX 5090 D/PCIe/SSE2,4.3.0 NVIDIA 591.86,false,assets/heightmaps/Hm_Terrain_Test_129.pgm,129,129,80.000,12.000,20,4.000,2.000,200000,0.581,0.000,18.000,39.611,16.535,22099,45336,22097,38,19,32,19,0,0,0,0,1,103.016,15.487,15.165,0.232,3.144,0.009,0.159,0.000,2.104,0.018,0.160,7.363,1.975,0.218,0.000,0.000,0.000,0.000,0.000,0.000,0.000,0.000,0.000,0.000,0.000,0.000,0.000,0.000,0.000,0.000,0,0,2.122,3.154,7.523,0.000,17
Classic CPU ROAM,RelWithDebInfo,OpenGL,NVIDIA GeForce RTX 5090 D/PCIe/SSE2,4.3.0 NVIDIA 591.86,false,assets/heightmaps/Hm_Terrain_Test_129.pgm,129,129,80.000,12.000,20,4.000,2.000,200000,0.597,0.000,18.000,39.590,15.967,22106,45378,22104,21,10,14,13,0,0,0,0,1,109.325,14.608,14.290,0.176,2.558,0.004,0.208,0.000,1.956,0.011,0.162,7.443,1.770,0.221,0.000,0.000,0.000,0.000,0.000,0.000,0.000,0.000,0.000,0.000,0.000,0.000,0.000,0.000,0.000,0.000,0,0,1.967,2.563,7.605,0.000,17
Classic CPU ROAM,RelWithDebInfo,OpenGL,NVIDIA GeForce RTX 5090 D/PCIe/SSE2,4.3.0 NVIDIA 591.86,false,assets/heightmaps/Hm_Terrain_Test_129.pgm,129,129,80.000,12.000,20,4.000,2.000,200000,0.612,0.000,18.000,39.569,15.089,22124,45450,22122,36,18,18,21,0,0,0,0,1,108.134,14.766,14.447,0.172,2.527,0.005,0.173,0.000,2.007,0.017,0.160,7.378,2.006,0.213,0.000,0.000,0.000,0.000,0.000,0.000,0.000,0.000,0.000,0.000,0.000,0.000,0.000,0.000,0.000,0.000,0,0,2.024,2.533,7.537,0.000,17
Classic CPU ROAM,RelWithDebInfo,OpenGL,NVIDIA GeForce RTX 5090 D/PCIe/SSE2,4.3.0 NVIDIA 591.86,false,assets/heightmaps/Hm_Terrain_Test_129.pgm,129,129,80.000,12.000,20,4.000,2.000,200000,0.627,0.000,18.000,39.548,15.218,22124,45526,22122,38,19,38,19,0,0,0,0,1,98.013,16.240,15.940,0.180,2.640,0.010,0.162,0.000,2.807,0.039,0.256,7.642,2.201,0.209,0.000,0.000,0.000,0.000,0.000,0.000,0.000,0.000,0.000,0.000,0.000,0.000,0.000,0.000,0.000,0.000,0,0,2.847,2.652,7.898,0.000,17
Classic CPU ROAM,RelWithDebInfo,OpenGL,NVIDIA GeForce RTX 5090 D/PCIe/SSE2,4.3.0 NVIDIA 591.86,false,assets/heightmaps/Hm_Terrain_Test_129.pgm,129,129,80.000,12.000,20,4.000,2.000,200000,0.644,0.000,18.000,39.524,16.701,22144,45578,22142,26,13,6,14,0,0,0,0,1,106.252,15.009,14.704,0.184,2.810,0.002,0.159,0.000,1.994,0.013,0.160,7.296,2.085,0.213,0.000,0.000,0.000,0.000,0.000,0.000,0.000,0.000,0.000,0.000,0.000,0.000,0.000,0.000,0.000,0.000,0,0,2.007,2.814,7.456,0.000,17
Classic CPU ROAM,RelWithDebInfo,OpenGL,NVIDIA GeForce RTX 5090 D/PCIe/SSE2,4.3.0 NVIDIA 591.86,false,assets/heightmaps/Hm_Terrain_Test_129.pgm,129,129,80.000,12.000,20,4.000,2.000,200000,0.659,0.000,18.000,39.502,15.450,22144,45650,22142,36,18,36,22,0,0,0,0,1,110.213,14.492,14.175,0.174,2.671,0.011,0.159,0.000,1.979,0.018,0.161,7.308,1.694,0.221,0.000,0.000,0.000,0.000,0.000,0.000,0.000,0.000,0.000,0.000,0.000,0.000,0.000,0.000,0.000,0.000,0,0,1.996,2.682,7.469,0.000,17
Classic CPU ROAM,RelWithDebInfo,OpenGL,NVIDIA GeForce RTX 5090 D/PCIe/SSE2,4.3.0 NVIDIA 591.86,false,assets/heightmaps/Hm_Terrain_Test_129.pgm,129,129,80.000,12.000,20,4.000,2.000,200000,0.674,0.000,18.000,39.479,14.996,22182,45730,22180,40,20,2,20,0,0,0,0,1,109.970,14.536,14.206,0.170,2.509,0.001,0.159,0.000,1.983,0.019,0.157,7.330,1.877,0.224,0.000,0.000,0.000,0.000,0.000,0.000,0.000,0.000,0.000,0.000,0.000,0.000,0.000,0.000,0.000,0.000,0,0,2.002,2.511,7.487,0.000,17
Classic CPU ROAM,RelWithDebInfo,OpenGL,NVIDIA GeForce RTX 5090 D/PCIe/SSE2,4.3.0 NVIDIA 591.86,false,assets/heightmaps/Hm_Terrain_Test_129.pgm,129,129,80.000,12.000,20,4.000,2.000,200000,0.689,0.000,18.000,39.456,15.031,22198,45782,22196,26,13,10,15,0,0,0,0,1,109.040,14.646,14.327,0.176,2.646,0.003,0.162,0.000,2.031,0.012,0.159,7.337,1.801,0.217,0.000,0.000,0.000,0.000,0.000,0.000,0.000,0.000,0.000,0.000,0.000,0.000,0.000,0.000,0.000,0.000,0,0,2.044,2.650,7.495,0.000,17
Classic CPU ROAM,RelWithDebInfo,OpenGL,NVIDIA GeForce RTX 5090 D/PCIe/SSE2,4.3.0 NVIDIA 591.86,false,assets/heightmaps/Hm_Terrain_Test_129.pgm,129,129,80.000,12.000,20,4.000,2.000,200000,0.704,0.000,18.000,39.433,15.075,22175,45832,22173,25,12,48,20,0,0,0,0,1,109.365,14.613,14.285,0.175,2.659,0.014,0.158,0.000,1.959,0.012,0.160,7.335,1.812,0.219,0.000,0.000,0.000,0.000,0.000,0.000,0.000,0.000,0.000,0.000,0.000,0.000,0.000,0.000,0.000,0.000,0,0,1.971,2.673,7.495,0.000,17
Classic CPU ROAM,RelWithDebInfo,OpenGL,NVIDIA GeForce RTX 5090 D/PCIe/SSE2,4.3.0 NVIDIA 591.86,false,assets/heightmaps/Hm_Terrain_Test_129.pgm,129,129,80.000,12.000,20,4.000,2.000,200000,0.719,0.000,18.000,39.409,15.056,22177,45880,22175,24,12,22,12,0,0,0,0,1,106.214,15.020,14.709,0.188,2.840,0.006,0.157,0.000,1.977,0.012,0.159,7.295,2.074,0.210,0.000,0.000,0.000,0.000,0.000,0.000,0.000,0.000,0.000,0.000,0.000,0.000,0.000,0.000,0.000,0.000,0,0,1.989,2.847,7.454,0.000,17
Classic CPU ROAM,RelWithDebInfo,OpenGL,NVIDIA GeForce RTX 5090 D/PCIe/SSE2,4.3.0 NVIDIA 591.86,false,assets/heightmaps/Hm_Terrain_Test_129.pgm,129,129,80.000,12.000,20,4.000,2.000,200000,0.735,0.000,18.000,39.384,15.507,22161,45932,22159,26,13,42,24,0,0,0,0,1,105.232,15.170,14.846,0.182,2.766,0.012,0.157,0.000,1.974,0.033,0.160,7.409,2.151,0.220,0.000,0.000,0.000,0.000,0.000,0.000,0.000,0.000,0.000,0.000,0.000,0.000,0.000,0.000,0.000,0.000,0,0,2.007,2.779,7.569,0.000,17
Classic CPU ROAM,RelWithDebInfo,OpenGL,NVIDIA GeForce RTX 5090 D/PCIe/SSE2,4.3.0 NVIDIA 591.86,false,assets/heightmaps/Hm_Terrain_Test_129.pgm,129,129,80.000,12.000,20,4.000,2.000,200000,0.750,0.000,18.000,39.358,15.593,22159,45996,22157,32,16,34,20,0,0,0,0,1,109.318,14.625,14.291,0.179,2.650,0.009,0.157,0.000,2.008,0.015,0.161,7.316,1.794,0.225,0.000,0.000,0.000,0.000,0.000,0.000,0.000,0.000,0.000,0.000,0.000,0.000,0.000,0.000,0.000,0.000,0,0,2.024,2.661,7.476,0.000,17
Classic CPU ROAM,RelWithDebInfo,OpenGL,NVIDIA GeForce RTX 5090 D/PCIe/SSE2,4.3.0 NVIDIA 591.86,false,assets/heightmaps/Hm_Terrain_Test_129.pgm,129,129,80.000,12.000,20,4.000,2.000,200000,0.765,0.000,18.000,39.333,15.099,22143,46076,22141,40,20,56,26,0,0,0,0,1,110.184,14.546,14.178,0.175,2.586,0.015,0.161,0.000,2.020,0.018,0.159,7.286,1.756,0.218,0.000,0.000,0.000,0.000,0.000,0.000,0.000,0.000,0.000,0.000,0.000,0.000,0.000,0.000,0.000,0.000,0,0,2.039,2.602,7.445,0.000,17
Classic CPU ROAM,RelWithDebInfo,OpenGL,NVIDIA GeForce RTX 5090 D/PCIe/SSE2,4.3.0 NVIDIA 591.86,false,assets/heightmaps/Hm_Terrain_Test_129.pgm,129,129,80.000,12.000,20,4.000,2.000,200000,0.780,0.000,18.000,39.307,14.993,22171,46172,22169,48,24,20,26,0,0,0,0,1,107.541,14.849,14.526,0.188,2.700,0.006,0.159,0.000,1.998,0.021,0.162,7.370,1.920,0.218,0.000,0.000,0.000,0.000,0.000,0.000,0.000,0.000,0.000,0.000,0.000,0.000,0.000,0.000,0.000,0.000,0,0,2.020,2.707,7.532,0.000,17
Classic CPU ROAM,RelWithDebInfo,OpenGL,NVIDIA GeForce RTX 5090 D/PCIe/SSE2,4.3.0 NVIDIA 591.86,false,assets/heightmaps/Hm_Terrain_Test_129.pgm,129,129,80.000,12.000,20,4.000,2.000,200000,0.796,0.000,18.000,39.280,15.344,22177,46256,22175,42,21,36,21,0,0,0,0,1,105.089,15.187,14.866,0.191,2.808,0.011,0.157,0.000,1.987,0.020,0.160,7.363,2.167,0.215,0.000,0.000,0.000,0.000,0.000,0.000,0.000,0.000,0.000,0.000,0.000,0.000,0.000,0.000,0.000,0.000,0,0,2.008,2.821,7.523,0.000,17
Classic CPU ROAM,RelWithDebInfo,OpenGL,NVIDIA GeForce RTX 5090 D/PCIe/SSE2,4.3.0 NVIDIA 591.86,false,assets/heightmaps/Hm_Terrain_Test_129.pgm,129,129,80.000,12.000,20,4.000,2.000,200000,0.811,0.000,18.000,39.253,15.618,22148,46314,22146,29,14,58,28,0,0,0,0,1,106.288,15.037,14.698,0.178,2.783,0.017,0.161,0.000,1.986,0.014,0.160,7.314,2.082,0.228,0.000,0.000,0.000,0.000,0.000,0.000,0.000,0.000,0.000,0.000,0.000,0.000,0.000,0.000,0.000,0.000,0,0,2.001,2.801,7.474,0.000,17
Classic CPU ROAM,RelWithDebInfo,OpenGL,NVIDIA GeForce RTX 5090 D/PCIe/SSE2,4.3.0 NVIDIA 591.86,false,assets/heightmaps/Hm_Terrain_Test_129.pgm,129,129,80.000,12.000,20,4.000,2.000,200000,0.827,0.000,18.000,39.225,15.506,22142,46386,22140,36,18,42,26,0,0,0,0,1,108.883,14.672,14.347,0.175,2.652,0.012,0.159,0.000,2.066,0.018,0.157,7.276,1.831,0.218,0.000,0.000,0.000,0.000,0.000,0.000,0.000,0.000,0.000,0.000,0.000,0.000,0.000,0.000,0.000,0.000,0,0,2.084,2.665,7.433,0.000,17
Classic CPU ROAM,RelWithDebInfo,OpenGL,NVIDIA GeForce RTX 5090 D/PCIe/SSE2,4.3.0 NVIDIA 591.86,false,assets/heightmaps/Hm_Terrain_Test_129.pgm,129,129,80.000,12.000,20,4.000,2.000,200000,0.842,0.000,18.000,39.197,15.119,22124,46446,22122,30,15,48,26,0,0,0,0,1,108.761,14.689,14.364,0.180,2.584,0.014,0.160,0.000,2.003,0.014,0.158,7.383,1.867,0.223,0.000,0.000,0.000,0.000,0.000,0.000,0.000,0.000,0.000,0.000,0.000,0.000,0.000,0.000,0.000,0.000,0,0,2.017,2.599,7.541,0.000,17
Classic CPU ROAM,RelWithDebInfo,OpenGL,NVIDIA GeForce RTX 5090 D/PCIe/SSE2,4.3.0 NVIDIA 591.86,false,assets/heightmaps/Hm_Terrain_Test_129.pgm,129,129,80.000,12.000,20,4.000,2.000,200000,0.857,0.000,18.000,39.169,15.124,22093,46522,22091,38,19,69,26,0,0,0,0,1,104.530,15.288,14.945,0.213,2.787,0.019,0.161,0.000,2.075,0.020,0.156,7.444,2.068,0.239,0.000,0.000,0.000,0.000,0.000,0.000,0.000,0.000,0.000,0.000,0.000,0.000,0.000,0.000,0.000,0.000,0,0,2.095,2.807,7.601,0.000,17
Classic CPU ROAM,RelWithDebInfo,OpenGL,NVIDIA GeForce RTX 5090 D/PCIe/SSE2,4.3.0 NVIDIA 591.86,false,assets/heightmaps/Hm_Terrain_Test_129.pgm,129,129,80.000,12.000,20,4.000,2.000,200000,0.873,0.000,18.000,39.139,15.784,22109,46598,22107,38,19,22,20,0,0,0,0,1,100.778,15.837,15.502,0.195,2.886,0.007,0.158,0.000,1.990,0.019,0.160,7.723,2.362,0.227,0.000,0.000,0.000,0.000,0.000,0.000,0.000,0.000,0.000,0.000,0.000,0.000,0.000,0.000,0.000,0.000,0,0,2.010,2.894,7.882,0.000,17
Classic CPU ROAM,RelWithDebInfo,OpenGL,NVIDIA GeForce RTX 5090 D/PCIe/SSE2,4.3.0 NVIDIA 591.86,false,assets/heightmaps/Hm_Terrain_Test_129.pgm,129,129,80.000,12.000,20,4.000,2.000,200000,0.889,0.000,18.000,39.107,16.366,22089,46674,22087,38,19,58,32,0,0,0,0,1,98.766,16.167,15.818,0.182,2.927,0.016,0.182,0.000,2.183,0.018,0.169,7.513,2.625,0.242,0.000,0.000,0.000,0.000,0.000,0.000,0.000,0.000,0.000,0.000,0.000,0.000,0.000,0.000,0.000,0.000,0,0,2.201,2.945,7.682,0.000,17
Classic CPU ROAM,RelWithDebInfo,OpenGL,NVIDIA GeForce RTX 5090 D/PCIe/SSE2,4.3.0 NVIDIA 591.86,false,assets/heightmaps/Hm_Terrain_Test_129.pgm,129,129,80.000,12.000,20,4.000,2.000,200000,0.906,0.000,18.000,39.075,16.688,22081,46738,22079,32,16,40,24,0,0,0,0,1,102.715,15.525,15.210,0.193,3.040,0.012,0.159,0.000,2.087,0.015,0.159,7.394,2.151,0.212,0.000,0.000,0.000,0.000,0.000,0.000,0.000,0.000,0.000,0.000,0.000,0.000,0.000,0.000,0.000,0.000,0,0,2.102,3.053,7.552,0.000,17
Classic CPU ROAM,RelWithDebInfo,OpenGL,NVIDIA GeForce RTX 5090 D/PCIe/SSE2,4.3.0 NVIDIA 591.86,false,assets/heightmaps/Hm_Terrain_Test_129.pgm,129,129,80.000,12.000,20,4.000,2.000,200000,0.922,0.000,18.000,39.043,15.996,22087,46834,22085,48,24,42,26,0,0,0,0,1,105.810,15.106,14.765,0.180,2.764,0.011,0.159,0.000,1.960,0.023,0.160,7.359,2.148,0.229,0.000,0.000,0.000,0.000,0.000,0.000,0.000,0.000,0.000,0.000,0.000,0.000,0.000,0.000,0.000,0.000,0,0,1.983,2.776,7.519,0.000,17
Classic CPU ROAM,RelWithDebInfo,OpenGL,NVIDIA GeForce RTX 5090 D/PCIe/SSE2,4.3.0 NVIDIA 591.86,false,assets/heightmaps/Hm_Terrain_Test_129.pgm,129,129,80.000,12.000,20,4.000,2.000,200000,0.937,0.000,18.000,39.011,15.568,22105,46910,22103,38,18,20,21,0,0,0,0,1,107.541,14.847,14.527,0.183,2.722,0.006,0.158,0.000,2.024,0.017,0.162,7.382,1.871,0.218,0.000,0.000,0.000,0.000,0.000,0.000,0.000,0.000,0.000,0.000,0.000,0.000,0.000,0.000,0.000,0.000,0,0,2.041,2.729,7.544,0.000,17
Classic CPU ROAM,RelWithDebInfo,OpenGL,NVIDIA GeForce RTX 5090 D/PCIe/SSE2,4.3.0 NVIDIA 591.86,false,assets/heightmaps/Hm_Terrain_Test_129.pgm,129,129,80.000,12.000,20,4.000,2.000,200000,0.953,0.000,18.000,38.980,15.290,22115,47018,22113,54,27,44,29,0,0,0,0,1,110.452,14.476,14.144,0.177,2.601,0.013,0.164,0.000,2.025,0.024,0.158,7.322,1.657,0.219,0.000,0.000,0.000,0.000,0.000,0.000,0.000,0.000,0.000,0.000,0.000,0.000,0.000,0.000,0.000,0.000,0,0,2.049,2.615,7.480,0.000,17
Classic CPU ROAM,RelWithDebInfo,OpenGL,NVIDIA GeForce RTX 5090 D/PCIe/SSE2,4.3.0 NVIDIA 591.86,false,assets/heightmaps/Hm_Terrain_Test_129.pgm,129,129,80.000,12.000,20,4.000,2.000,200000,0.968,0.000,18.000,38.949,14.950,22120,47080,22118,31,15,26,20,0,0,0,0,1,107.249,14.930,14.567,0.177,2.737,0.008,0.159,0.000,2.008,0.015,0.158,7.400,1.902,0.258,0.000,0.000,0.000,0.000,0.000,0.000,0.000,0.000,0.000,0.000,0.000,0.000,0.000,0.000,0.000,0.000,0,0,2.023,2.746,7.558,0.000,17
Classic CPU ROAM,RelWithDebInfo,OpenGL,NVIDIA GeForce RTX 5090 D/PCIe/SSE2,4.3.0 NVIDIA 591.86,false,assets/heightmaps/Hm_Terrain_Test_129.pgm,129,129,80.000,12.000,20,4.000,2.000,200000,0.983,0.000,18.000,38.916,15.486,22123,47152,22121,36,18,33,23,0,0,0,0,1,101.154,15.780,15.445,0.206,3.075,0.010,0.162,0.000,2.088,0.017,0.163,7.359,2.363,0.223,0.000,0.000,0.000,0.000,0.000,0.000,0.000,0.000,0.000,0.000,0.000,0.000,0.000,0.000,0.000,0.000,0,0,2.105,3.086,7.522,0.000,17
Classic CPU ROAM,RelWithDebInfo,OpenGL,NVIDIA GeForce RTX 5090 D/PCIe/SSE2,4.3.0 NVIDIA 591.86,false,assets/heightmaps/Hm_Terrain_Test_129.pgm,129,129,80.000,12.000,20,4.000,2.000,200000,0.999,0.000,18.000,38.881,16.266,22121,47264,22119,58,30,60,31,0,0,0,0,1,103.131,15.486,15.149,0.182,2.809,0.018,0.159,0.000,2.114,0.025,0.168,7.310,2.363,0.230,0.000,0.000,0.000,0.000,0.000,0.000,0.000,0.000,0.000,0.000,0.000,0.000,0.000,0.000,0.000,0.000,0,0,2.139,2.828,7.477,0.000,17
Classic CPU ROAM,RelWithDebInfo,OpenGL,NVIDIA GeForce RTX 5090 D/PCIe/SSE2,4.3.0 NVIDIA 591.86,false,assets/heightmaps/Hm_Terrain_Test_129.pgm,129,129,80.000,12.000,20,4.000,2.000,200000,1.015,0.000,18.000,38.846,15.994,22143,47372,22141,54,27,32,34,0,0,0,0,1,104.705,15.263,14.921,0.176,2.826,0.010,0.163,0.000,2.150,0.023,0.160,7.333,2.078,0.235,0.000,0.000,0.000,0.000,0.000,0.000,0.000,0.000,0.000,0.000,0.000,0.000,0.000,0.000,0.000,0.000,0,0,2.174,2.837,7.492,0.000,17
Classic CPU ROAM,RelWithDebInfo,OpenGL,NVIDIA GeForce RTX 5090 D/PCIe/SSE2,4.3.0 NVIDIA 591.86,false,assets/heightmaps/Hm_Terrain_Test_129.pgm,129,129,80.000,12.000,20,4.000,2.000,200000,1.031,0.000,18.000,38.812,15.722,22125,47480,22123,54,27,72,38,0,0,0,0,1,102.346,15.590,15.264,0.204,2.958,0.020,0.171,0.000,2.039,0.025,0.158,7.327,2.360,0.217,0.000,0.000,0.000,0.000,0.000,0.000,0.000,0.000,0.000,0.000,0.000,0.000,0.000,0.000,0.000,0.000,0,0,2.064,2.980,7.486,0.000,17
Classic CPU ROAM,RelWithDebInfo,OpenGL,NVIDIA GeForce RTX 5090 D/PCIe/SSE2,4.3.0 NVIDIA 591.86,false,assets/heightmaps/Hm_Terrain_Test_129.pgm,129,129,80.000,12.000,20,4.000,2.000,200000,1.047,0.000,18.000,38.776,16.059,22102,47560,22100,40,20,63,38,0,0,0,0,1,105.048,15.196,14.872,0.181,2.897,0.017,0.157,0.000,2.014,0.018,0.164,7.319,2.100,0.212,0.000,0.000,0.000,0.000,0.000,0.000,0.000,0.000,0.000,0.000,0.000,0.000,0.000,0.000,0.000,0.000,0,0,2.033,2.916,7.483,0.000,17
Classic CPU ROAM,RelWithDebInfo,OpenGL,NVIDIA GeForce RTX 5090 D/PCIe/SSE2,4.3.0 NVIDIA 591.86,false,assets/heightmaps/Hm_Terrain_Test_129.pgm,129,129,80.000,12.000,20,4.000,2.000,200000,1.063,0.000,18.000,38.740,15.642,22098,47648,22096,44,22,48,24,0,0,0,0,1,104.703,15.229,14.920,0.176,2.695,0.016,0.163,0.000,2.029,0.022,0.162,7.721,1.934,0.214,0.000,0.000,0.000,0.000,0.000,0.000,0.000,0.000,0.000,0.000,0.000,0.000,0.000,0.000,0.000,0.000,0,0,2.051,2.712,7.883,0.000,17
Classic CPU ROAM,RelWithDebInfo,OpenGL,NVIDIA GeForce RTX 5090 D/PCIe/SSE2,4.3.0 NVIDIA 591.86,false,assets/heightmaps/Hm_Terrain_Test_129.pgm,129,129,80.000,12.000,20,4.000,2.000,200000,1.079,0.000,18.000,38.704,15.683,22132,47772,22130,62,31,28,35,0,0,0,0,1,105.500,15.150,14.808,0.171,2.697,0.009,0.164,0.000,2.046,0.073,0.160,7.594,1.892,0.231,0.000,0.000,0.000,0.000,0.000,0.000,0.000,0.000,0.000,0.000,0.000,0.000,0.000,0.000,0.000,0.000,0,0,2.119,2.707,7.754,0.000,17
Classic CPU ROAM,RelWithDebInfo,OpenGL,NVIDIA GeForce RTX 5090 D/PCIe/SSE2,4.3.0 NVIDIA 591.86,false,assets/heightmaps/Hm_Terrain_Test_129.pgm,129,129,80.000,12.000,20,4.000,2.000,200000,1.094,0.000,18.000,38.668,15.601,22114,47860,22112,44,22,62,34,0,0,0,0,1,100.271,15.902,15.580,0.197,2.788,0.018,0.162,0.000,1.973,0.021,0.161,7.595,2.664,0.221,0.000,0.000,0.000,0.000,0.000,0.000,0.000,0.000,0.000,0.000,0.000,0.000,0.000,0.000,0.000,0.000,0,0,1.994,2.807,7.756,0.000,17
Classic CPU ROAM,RelWithDebInfo,OpenGL,NVIDIA GeForce RTX 5090 D/PCIe/SSE2,4.3.0 NVIDIA 591.86,false,assets/heightmaps/Hm_Terrain_Test_129.pgm,129,129,80.000,12.000,20,4.000,2.000,200000,1.111,0.000,18.000,38.630,16.370,22138,47996,22136,68,34,44,37,0,0,0,0,1,103.989,15.347,15.023,0.173,2.887,0.012,0.161,0.000,2.118,0.031,0.165,7.471,2.003,0.221,0.000,0.000,0.000,0.000,0.000,0.000,0.000,0.000,0.000,0.000,0.000,0.000,0.000,0.000,0.000,0.000,0,0,2.150,2.900,7.636,0.000,17
Classic CPU ROAM,RelWithDebInfo,OpenGL,NVIDIA GeForce RTX 5090 D/PCIe/SSE2,4.3.0 NVIDIA 591.86,false,assets/heightmaps/Hm_Terrain_Test_129.pgm,129,129,80.000,12.000,20,4.000,2.000,200000,1.126,0.000,18.000,38.592,15.791,22136,48088,22134,46,23,48,28,0,0,0,0,1,101.507,15.705,15.390,0.176,2.632,0.013,0.167,0.000,2.020,0.022,0.160,7.757,2.442,0.214,0.000,0.000,0.000,0.000,0.000,0.000,0.000,0.000,0.000,0.000,0.000,0.000,0.000,0.000,0.000,0.000,0,0,2.042,2.646,7.916,0.000,17
Classic CPU ROAM,RelWithDebInfo,OpenGL,NVIDIA GeForce RTX 5090 D/PCIe/SSE2,4.3.0 NVIDIA 591.86,false,assets/heightmaps/Hm_Terrain_Test_129.pgm,129,129,80.000,12.000,20,4.000,2.000,200000,1.143,0.000,18.000,38.553,16.179,22120,48192,22118,52,26,68,32,0,0,0,0,1,100.600,15.858,15.529,0.185,2.911,0.020,0.160,0.000,2.031,0.024,0.160,7.484,2.553,0.224,0.000,0.000,0.000,0.000,0.000,0.000,0.000,0.000,0.000,0.000,0.000,0.000,0.000,0.000,0.000,0.000,0,0,2.055,2.932,7.644,0.000,17
Classic CPU ROAM,RelWithDebInfo,OpenGL,NVIDIA GeForce RTX 5090 D/PCIe/SSE2,4.3.0 NVIDIA 591.86,false,assets/heightmaps/Hm_Terrain_Test_129.pgm,129,129,80.000,12.000,20,4.000,2.000,200000,1.159,0.000,18.000,38.513,16.328,22116,48332,22114,70,35,74,39,0,0,0,0,1,104.970,15.202,14.883,0.181,2.948,0.020,0.158,0.000,2.009,0.032,0.162,7.352,2.020,0.221,0.000,0.000,0.000,0.000,0.000,0.000,0.000,0.000,0.000,0.000,0.000,0.000,0.000,0.000,0.000,0.000,0,0,2.041,2.969,7.514,0.000,17
Classic CPU ROAM,RelWithDebInfo,OpenGL,NVIDIA GeForce RTX 5090 D/PCIe/SSE2,4.3.0 NVIDIA 591.86,false,assets/heightmaps/Hm_Terrain_Test_129.pgm,129,129,80.000,12.000,20,4.000,2.000,200000,1.175,0.000,18.000,38.474,15.678,22124,48440,22122,64,37,56,31,0,0,0,0,1,108.236,14.756,14.434,0.171,2.645,0.016,0.160,0.000,2.013,0.025,0.159,7.375,1.867,0.216,0.000,0.000,0.000,0.000,0.000,0.000,0.000,0.000,0.000,0.000,0.000,0.000,0.000,0.000,0.000,0.000,0,0,2.039,2.662,7.534,0.000,17
Classic CPU ROAM,RelWithDebInfo,OpenGL,NVIDIA GeForce RTX 5090 D/PCIe/SSE2,4.3.0 NVIDIA 591.86,false,assets/heightmaps/Hm_Terrain_Test_129.pgm,129,129,80.000,12.000,20,4.000,2.000,200000,1.190,0.000,18.000,38.436,15.229,22072,48512,22070,36,18,88,38,0,0,0,0,1,106.868,14.936,14.618,0.177,2.688,0.026,0.167,0.000,2.016,0.017,0.161,7.423,1.942,0.213,0.000,0.000,0.000,0.000,0.000,0.000,0.000,0.000,0.000,0.000,0.000,0.000,0.000,0.000,0.000,0.000,0,0,2.033,2.715,7.583,0.000,17
Classic CPU ROAM,RelWithDebInfo,OpenGL,NVIDIA GeForce RTX 5090 D/PCIe/SSE2,4.3.0 NVIDIA 591.86,false,assets/heightmaps/Hm_Terrain_Test_129.pgm,129,129,80.000,12.000,20,4.000,2.000,200000,1.205,0.000,18.000,38.397,15.391,22056,48592,22054,40,20,56,30,0,0,0,0,1,104.971,15.211,14.882,0.183,2.735,0.014,0.157,0.000,1.959,0.018,0.160,7.419,2.235,0.221,0.000,0.000,0.000,0.000,0.000,0.000,0.000,0.000,0.000,0.000,0.000,0.000,0.000,0.000,0.000,0.000,0,0,1.977,2.751,7.579,0.000,17
Classic CPU ROAM,RelWithDebInfo,OpenGL,NVIDIA GeForce RTX 5090 D/PCIe/SSE2,4.3.0 NVIDIA 591.86,false,assets/heightmaps/Hm_Terrain_Test_129.pgm,129,129,80.000,12.000,20,4.000,2.000,200000,1.221,0.000,18.000,38.357,15.651,22070,48700,22068,54,27,40,29,0,0,0,0,1,102.868,15.509,15.186,0.234,2.845,0.010,0.160,0.000,2.017,0.026,0.162,7.377,2.352,0.220,0.000,0.000,0.000,0.000,0.000,0.000,0.000,0.000,0.000,0.000,0.000,0.000,0.000,0.000,0.000,0.000,0,0,2.043,2.857,7.540,0.000,17
Classic CPU ROAM,RelWithDebInfo,OpenGL,NVIDIA GeForce RTX 5090 D/PCIe/SSE2,4.3.0 NVIDIA 591.86,false,assets/heightmaps/Hm_Terrain_Test_129.pgm,129,129,80.000,12.000,20,4.000,2.000,200000,1.237,0.000,18.000,38.315,16.383,22110,48836,22108,68,34,28,39,0,0,0,0,1,104.114,15.331,15.005,0.179,2.842,0.009,0.168,0.000,2.105,0.032,0.161,7.444,2.064,0.221,0.000,0.000,0.000,0.000,0.000,0.000,0.000,0.000,0.000,0.000,0.000,0.000,0.000,0.000,0.000,0.000,0,0,2.138,2.852,7.605,0.000,17
Classic CPU ROAM,RelWithDebInfo,OpenGL,NVIDIA GeForce RTX 5090 D/PCIe/SSE2,4.3.0 NVIDIA 591.86,false,assets/heightmaps/Hm_Terrain_Test_129.pgm,129,129,80.000,12.000,20,4.000,2.000,200000,1.254,0.000,18.000,38.272,16.329,22114,48932,22112,48,24,44,26,0,0,0,0,1,103.800,15.376,15.050,0.187,2.891,0.013,0.159,0.000,2.009,0.022,0.161,7.406,2.200,0.221,0.000,0.000,0.000,0.000,0.000,0.000,0.000,0.000,0.000,0.000,0.000,0.000,0.000,0.000,0.000,0.000,0,0,2.031,2.905,7.568,0.000,17
Classic CPU ROAM,RelWithDebInfo,OpenGL,NVIDIA GeForce RTX 5090 D/PCIe/SSE2,4.3.0 NVIDIA 591.86,false,assets/heightmaps/Hm_Terrain_Test_129.pgm,129,129,80.000,12.000,20,4.000,2.000,200000,1.269,0.000,18.000,38.230,15.926,22100,49044,22098,56,28,70,34,0,0,0,0,1,96.129,16.592,16.251,0.181,2.947,0.019,0.160,0.000,2.030,0.026,0.164,7.523,3.197,0.227,0.000,0.000,0.000,0.000,0.000,0.000,0.000,0.000,0.000,0.000,0.000,0.000,0.000,0.000,0.000,0.000,0,0,2.057,2.968,7.688,0.000,17
Classic CPU ROAM,RelWithDebInfo,OpenGL,NVIDIA GeForce RTX 5090 D/PCIe/SSE2,4.3.0 NVIDIA 591.86,false,assets/heightmaps/Hm_Terrain_Test_129.pgm,129,129,80.000,12.000,20,4.000,2.000,200000,1.287,0.000,18.000,38.183,17.443,22092,49176,22090,66,33,74,40,0,0,0,0,1,99.279,16.060,15.736,0.183,3.490,0.022,0.169,0.000,2.258,0.030,0.162,7.343,2.075,0.221,0.000,0.000,0.000,0.000,0.000,0.000,0.000,0.000,0.000,0.000,0.000,0.000,0.000,0.000,0.000,0.000,0,0,2.288,3.514,7.505,0.000,17
Classic CPU ROAM,RelWithDebInfo,OpenGL,NVIDIA GeForce RTX 5090 D/PCIe/SSE2,4.3.0 NVIDIA 591.86,false,assets/heightmaps/Hm_Terrain_Test_129.pgm,129,129,80.000,12.000,20,4.000,2.000,200000,1.304,0.000,18.000,38.138,16.823,22066,49304,22064,64,32,90,41,0,0,0,0,1,102.946,15.583,15.175,0.191,2.969,0.025,0.160,0.000,2.038,0.030,0.165,7.329,2.265,0.221,0.000,0.000,0.000,0.000,0.000,0.000,0.000,0.000,0.000,0.000,0.000,0.000,0.000,0.000,0.000,0.000,0,0,2.068,2.996,7.494,0.000,17
Classic CPU ROAM,RelWithDebInfo,OpenGL,NVIDIA GeForce RTX 5090 D/PCIe/SSE2,4.3.0 NVIDIA 591.86,false,assets/heightmaps/Hm_Terrain_Test_129.pgm,129,129,80.000,12.000,20,4.000,2.000,200000,1.320,0.000,18.000,38.093,16.369,22056,49448,22054,72,36,82,37,0,0,0,0,1,76.243,20.927,20.490,0.186,2.819,0.023,0.162,0.000,2.049,0.031,0.161,7.823,7.233,0.284,0.000,0.000,0.000,0.000,0.000,0.000,0.000,0.000,0.000,0.000,0.000,0.000,0.000,0.000,0.000,0.000,0,0,2.081,2.844,7.984,0.000,17
Classic CPU ROAM,RelWithDebInfo,OpenGL,NVIDIA GeForce RTX 5090 D/PCIe/SSE2,4.3.0 NVIDIA 591.86,false,assets/heightmaps/Hm_Terrain_Test_129.pgm,129,129,80.000,12.000,20,4.000,2.000,200000,1.342,0.000,18.000,38.032,21.999,22076,49640,22074,96,48,76,55,0,0,0,0,1,107.597,29.435,29.040,0.373,7.752,0.033,0.679,0.000,4.812,0.089,0.465,9.401,5.430,0.248,0.000,0.000,0.000,0.000,0.000,0.000,0.000,0.000,0.000,0.000,0.000,0.000,0.000,0.000,0.000,0.000,0,0,4.901,7.791,9.866,0.000,17
Classic CPU ROAM,RelWithDebInfo,OpenGL,NVIDIA GeForce RTX 5090 D/PCIe/SSE2,4.3.0 NVIDIA 591.86,false,assets/heightmaps/Hm_Terrain_Test_129.pgm,129,129,80.000,12.000,20,4.000,2.000,200000,1.372,0.000,18.000,37.946,30.409,22084,49884,22082,122,61,114,69,0,0,0,0,1,110.985,28.574,28.154,0.263,7.098,0.044,0.581,0.000,4.559,0.074,0.456,9.494,5.579,0.288,0.000,0.000,0.000,0.000,0.000,0.000,0.000,0.000,0.000,0.000,0.000,0.000,0.000,0.000,0.000,0.000,0,0,4.634,7.147,9.950,0.000,17
Classic CPU ROAM,RelWithDebInfo,OpenGL,NVIDIA GeForce RTX 5090 D/PCIe/SSE2,4.3.0 NVIDIA 591.86,false,assets/heightmaps/Hm_Terrain_Test_129.pgm,129,129,80.000,12.000,20,4.000,2.000,200000,1.402,0.000,18.000,37.862,29.256,22064,50088,22062,102,51,122,66,0,0,0,0,1,79.874,19.992,19.559,0.266,4.509,0.038,0.183,0.000,2.973,0.050,0.163,7.726,3.650,0.310,0.000,0.000,0.000,0.000,0.000,0.000,0.000,0.000,0.000,0.000,0.000,0.000,0.000,0.000,0.000,0.000,0,0,3.023,4.549,7.889,0.000,17
Classic CPU ROAM,RelWithDebInfo,OpenGL,NVIDIA GeForce RTX 5090 D/PCIe/SSE2,4.3.0 NVIDIA 591.86,false,assets/heightmaps/Hm_Terrain_Test_129.pgm,129,129,80.000,12.000,20,4.000,2.000,200000,1.422,0.000,18.000,37.802,20.640,22066,50272,22064,92,46,90,54,0,0,0,0,1,84.843,18.747,18.414,0.266,4.644,0.030,0.228,0.000,2.937,0.047,0.174,7.704,2.382,0.232,0.000,0.000,0.000,0.000,0.000,0.000,0.000,0.000,0.000,0.000,0.000,0.000,0.000,0.000,0.000,0.000,0,0,2.984,4.675,7.878,0.000,17
Classic CPU ROAM,RelWithDebInfo,OpenGL,NVIDIA GeForce RTX 5090 D/PCIe/SSE2,4.3.0 NVIDIA 591.86,false,assets/heightmaps/Hm_Terrain_Test_129.pgm,129,129,80.000,12.000,20,4.000,2.000,200000,1.442,0.000,18.000,37.746,19.301,22095,50434,22093,81,40,52,46,0,0,0,0,1,104.146,15.331,15.001,0.208,2.730,0.014,0.159,0.000,2.071,0.035,0.161,7.419,2.201,0.227,0.000,0.000,0.000,0.000,0.000,0.000,0.000,0.000,0.000,0.000,0.000,0.000,0.000,0.000,0.000,0.000,0,0,2.107,2.746,7.580,0.000,17
Classic CPU ROAM,RelWithDebInfo,OpenGL,NVIDIA GeForce RTX 5090 D/PCIe/SSE2,4.3.0 NVIDIA 591.86,false,assets/heightmaps/Hm_Terrain_Test_129.pgm,129,129,80.000,12.000,20,4.000,2.000,200000,1.457,0.000,18.000,37.699,15.813,22092,50540,22090,55,28,58,32,0,0,0,0,1,0.000,14.967,14.651,0.187,2.776,0.016,0.159,0.000,2.069,0.027,0.166,7.376,1.874,0.219,0.000,0.000,0.000,0.000,0.000,0.000,0.000,0.000,0.000,0.000,0.000,0.000,0.000,0.000,0.000,0.000,0,0,2.096,2.793,7.543,0.000,17
Classic CPU ROAM,RelWithDebInfo,OpenGL,NVIDIA GeForce RTX 5090 D/PCIe/SSE2,4.3.0 NVIDIA 591.86,false,assets/heightmaps/Hm_Terrain_Test_129.pgm,129,129,80.000,12.000,20,4.000,2.000,200000,1.473,0.000,18.000,37.652,15.399,22069,50636,22067,48,24,71,35,0,0,0,0,1,106.488,14.992,14.671,0.181,2.586,0.019,0.161,0.000,2.076,0.022,0.172,7.345,2.108,0.217,0.000,0.000,0.000,0.000,0.000,0.000,0.000,0.000,0.000,0.000,0.000,0.000,0.000,0.000,0.000,0.000,0,0,2.098,2.606,7.517,0.000,17
Classic CPU ROAM,RelWithDebInfo,OpenGL,NVIDIA GeForce RTX 5090 D/PCIe/SSE2,4.3.0 NVIDIA 591.86,false,assets/heightmaps/Hm_Terrain_Test_129.pgm,129,129,80.000,12.000,20,4.000,2.000,200000,1.488,0.000,18.000,37.606,15.434,22004,50728,22002,46,23,111,45,0,0,0,0,1,108.945,14.656,14.340,0.188,2.675,0.032,0.163,0.000,2.039,0.023,0.165,7.370,1.684,0.214,0.000,0.000,0.000,0.000,0.000,0.000,0.000,0.000,0.000,0.000,0.000,0.000,0.000,0.000,0.000,0.000,0,0,2.062,2.708,7.535,0.000,17
Classic CPU ROAM,RelWithDebInfo,OpenGL,NVIDIA GeForce RTX 5090 D/PCIe/SSE2,4.3.0 NVIDIA 591.86,false,assets/heightmaps/Hm_Terrain_Test_129.pgm,129,129,80.000,12.000,20,4.000,2.000,200000,1.503,0.000,18.000,37.559,15.112,22010,50868,22008,70,35,64,40,0,0,0,0,1,108.811,14.675,14.357,0.181,2.592,0.019,0.157,0.000,1.976,0.030,0.160,7.399,1.839,0.214,0.000,0.000,0.000,0.000,0.000,0.000,0.000,0.000,0.000,0.000,0.000,0.000,0.000,0.000,0.000,0.000,0,0,2.007,2.613,7.559,0.000,17
Classic CPU ROAM,RelWithDebInfo,OpenGL,NVIDIA GeForce RTX 5090 D/PCIe/SSE2,4.3.0 NVIDIA 591.86,false,assets/heightmaps/Hm_Terrain_Test_129.pgm,129,129,80.000,12.000,20,4.000,2.000,200000,1.519,0.000,18.000,37.513,15.115,22030,50996,22028,64,32,44,39,0,0,0,0,1,105.736,15.101,14.775,0.195,2.749,0.012,0.158,0.000,2.037,0.028,0.163,7.428,2.001,0.228,0.000,0.000,0.000,0.000,0.000,0.000,0.000,0.000,0.000,0.000,0.000,0.000,0.000,0.000,0.000,0.000,0,0,2.065,2.763,7.592,0.000,17
Classic CPU ROAM,RelWithDebInfo,OpenGL,NVIDIA GeForce RTX 5090 D/PCIe/SSE2,4.3.0 NVIDIA 591.86,false,assets/heightmaps/Hm_Terrain_Test_129.pgm,129,129,80.000,12.000,20,4.000,2.000,200000,1.534,0.000,18.000,37.465,15.529,22006,51132,22004,68,34,92,48,0,0,0,0,1,103.033,15.488,15.163,0.182,2.698,0.027,0.158,0.000,2.044,0.032,0.189,7.554,2.278,0.223,0.000,0.000,0.000,0.000,0.000,0.000,0.000,0.000,0.000,0.000,0.000,0.000,0.000,0.000,0.000,0.000,0,0,2.076,2.726,7.743,0.000,17
Classic CPU ROAM,RelWithDebInfo,OpenGL,NVIDIA GeForce RTX 5090 D/PCIe/SSE2,4.3.0 NVIDIA 591.86,false,assets/heightmaps/Hm_Terrain_Test_129.pgm,129,129,80.000,12.000,20,4.000,2.000,200000,1.550,0.000,18.000,37.415,15.931,22030,51316,22028,92,46,68,56,0,0,0,0,1,102.253,15.607,15.278,0.184,2.723,0.019,0.174,0.000,2.141,0.041,0.162,7.551,2.282,0.230,0.000,0.000,0.000,0.000,0.000,0.000,0.000,0.000,0.000,0.000,0.000,0.000,0.000,0.000,0.000,0.000,0,0,2.182,2.743,7.713,0.000,17
Classic CPU ROAM,RelWithDebInfo,OpenGL,NVIDIA GeForce RTX 5090 D/PCIe/SSE2,4.3.0 NVIDIA 591.86,false,assets/heightmaps/Hm_Terrain_Test_129.pgm,129,129,80.000,12.000,20,4.000,2.000,200000,1.566,0.000,18.000,37.364,16.087,22046,51480,22044,82,41,66,44,0,0,0,0,1,101.105,15.775,15.452,0.198,2.869,0.019,0.159,0.000,2.014,0.050,0.164,7.516,2.461,0.214,0.000,0.000,0.000,0.000,0.000,0.000,0.000,0.000,0.000,0.000,0.000,0.000,0.000,0.000,0.000,0.000,0,0,2.065,2.889,7.681,0.000,17
Classic CPU ROAM,RelWithDebInfo,OpenGL,NVIDIA GeForce RTX 5090 D/PCIe/SSE2,4.3.0 NVIDIA 591.86,false,assets/heightmaps/Hm_Terrain_Test_129.pgm,129,129,80.000,12.000,20,4.000,2.000,200000,1.582,0.000,18.000,37.312,16.240,22046,51604,22044,68,37,68,38,0,0,0,0,1,180.853,17.623,17.277,0.177,2.968,0.020,0.159,0.000,2.066,0.029,0.170,7.974,3.713,0.236,0.000,0.000,0.000,0.000,0.000,0.000,0.000,0.000,0.000,0.000,0.000,0.000,0.000,0.000,0.000,0.000,0,0,2.095,2.989,8.144,0.000,17
Classic CPU ROAM,RelWithDebInfo,OpenGL,NVIDIA GeForce RTX 5090 D/PCIe/SSE2,4.3.0 NVIDIA 591.86,false,assets/heightmaps/Hm_Terrain_Test_129.pgm,129,129,80.000,12.000,20,4.000,2.000,200000,1.600,0.000,18.000,37.254,18.144,22020,51764,22018,80,40,106,56,0,0,0,0,1,92.893,17.156,16.818,0.195,3.609,0.033,0.165,0.000,2.372,0.038,0.160,7.565,2.679,0.230,0.000,0.000,0.000,0.000,0.000,0.000,0.000,0.000,0.000,0.000,0.000,0.000,0.000,0.000,0.000,0.000,0,0,2.410,3.644,7.725,0.000,17
Classic CPU ROAM,RelWithDebInfo,OpenGL,NVIDIA GeForce RTX 5090 D/PCIe/SSE2,4.3.0 NVIDIA 591.86,false,assets/heightmaps/Hm_Terrain_Test_129.pgm,129,129,80.000,12.000,20,4.000,2.000,200000,1.618,0.000,18.000,37.197,17.632,22008,51904,22006,70,35,82,40,0,0,0,0,1,74.295,21.716,21.027,0.201,2.901,0.023,0.162,0.000,2.139,0.031,0.161,8.252,7.155,0.427,0.000,0.000,0.000,0.000,0.000,0.000,0.000,0.000,0.000,0.000,0.000,0.000,0.000,0.000,0.000,0.000,0,0,2.170,2.925,8.413,0.000,17
Classic CPU ROAM,RelWithDebInfo,OpenGL,NVIDIA GeForce RTX 5090 D/PCIe/SSE2,4.3.0 NVIDIA 591.86,false,assets/heightmaps/Hm_Terrain_Test_129.pgm,129,129,80.000,12.000,20,4.000,2.000,200000,1.641,0.000,18.000,37.122,22.960,22020,52096,22018,98,50,86,58,0,0,0,0,1,153.668,20.699,20.331,0.400,7.021,0.045,0.165,0.000,2.646,0.051,0.184,7.656,2.160,0.238,0.000,0.000,0.000,0.000,0.000,0.000,0.000,0.000,0.000,0.000,0.000,0.000,0.000,0.000,0.000,0.000,0,0,2.697,7.069,7.840,0.000,17
Classic CPU ROAM,RelWithDebInfo,OpenGL,NVIDIA GeForce RTX 5090 D/PCIe/SSE2,4.3.0 NVIDIA 591.86,false,assets/heightmaps/Hm_Terrain_Test_129.pgm,129,129,80.000,12.000,20,4.000,2.000,200000,1.662,0.000,18.000,37.051,21.325,22034,52308,22032,106,53,92,58,0,0,0,0,1,102.396,15.604,15.257,0.186,2.763,0.024,0.167,0.000,2.050,0.052,0.159,7.542,2.311,0.238,0.000,0.000,0.000,0.000,0.000,0.000,0.000,0.000,0.000,0.000,0.000,0.000,0.000,0.000,0.000,0.000,0,0,2.103,2.789,7.701,0.000,17
Classic CPU ROAM,RelWithDebInfo,OpenGL,NVIDIA GeForce RTX 5090 D/PCIe/SSE2,4.3.0 NVIDIA 591.86,false,assets/heightmaps/Hm_Terrain_Test_129.pgm,129,129,80.000,12.000,20,4.000,2.000,200000,1.678,0.000,18.000,36.998,16.093,22036,52440,22034,66,33,64,39,0,0,0,0,1,101.499,15.786,15.392,0.215,2.882,0.017,0.161,0.000,2.112,0.030,0.161,7.379,2.432,0.284,0.000,0.000,0.000,0.000,0.000,0.000,0.000,0.000,0.000,0.000,0.000,0.000,0.000,0.000,0.000,0.000,0,0,2.143,2.901,7.540,0.000,17
Classic CPU ROAM,RelWithDebInfo,OpenGL,NVIDIA GeForce RTX 5090 D/PCIe/SSE2,4.3.0 NVIDIA 591.86,false,assets/heightmaps/Hm_Terrain_Test_129.pgm,129,129,80.000,12.000,20,4.000,2.000,200000,1.695,0.000,18.000,36.943,16.289,22004,52580,22002,70,35,102,56,0,0,0,0,1,104.092,15.335,15.007,0.203,2.961,0.028,0.175,0.000,2.301,0.032,0.161,7.347,1.797,0.224,0.000,0.000,0.000,0.000,0.000,0.000,0.000,0.000,0.000,0.000,0.000,0.000,0.000,0.000,0.000,0.000,0,0,2.333,2.990,7.508,0.000,17
Classic CPU ROAM,RelWithDebInfo,OpenGL,NVIDIA GeForce RTX 5090 D/PCIe/SSE2,4.3.0 NVIDIA 591.86,false,assets/heightmaps/Hm_Terrain_Test_129.pgm,129,129,80.000,12.000,20,4.000,2.000,200000,1.711,0.000,18.000,36.889,15.840,21962,52692,21960,56,28,98,38,0,0,0,0,1,105.363,15.174,14.827,0.189,2.611,0.027,0.201,0.000,2.230,0.026,0.164,7.424,1.954,0.232,0.000,0.000,0.000,0.000,0.000,0.000,0.000,0.000,0.000,0.000,0.000,0.000,0.000,0.000,0.000,0.000,0,0,2.257,2.640,7.588,0.000,17
Classic CPU ROAM,RelWithDebInfo,OpenGL,NVIDIA GeForce RTX 5090 D/PCIe/SSE2,4.3.0 NVIDIA 591.86,false,assets/heightmaps/Hm_Terrain_Test_129.pgm,129,129,80.000,12.000,20,4.000,2.000,200000,1.726,0.000,18.000,36.836,15.635,21996,52908,21994,108,54,74,59,0,0,0,0,1,100.901,15.812,15.483,0.207,2.614,0.020,0.161,0.000,1.975,0.045,0.159,7.659,2.642,0.228,0.000,0.000,0.000,0.000,0.000,0.000,0.000,0.000,0.000,0.000,0.000,0.000,0.000,0.000,0.000,0.000,0,0,2.020,2.634,7.818,0.000,17
Classic CPU ROAM,RelWithDebInfo,OpenGL,NVIDIA GeForce RTX 5090 D/PCIe/SSE2,4.3.0 NVIDIA 591.86,false,assets/heightmaps/Hm_Terrain_Test_129.pgm,129,129,80.000,12.000,20,4.000,2.000,200000,1.743,0.000,18.000,36.780,16.274,21984,53024,21982,58,29,70,40,0,0,0,0,1,98.988,16.124,15.783,0.204,2.959,0.019,0.158,0.000,2.171,0.026,0.163,7.497,2.583,0.232,0.000,0.000,0.000,0.000,0.000,0.000,0.000,0.000,0.000,0.000,0.000,0.000,0.000,0.000,0.000,0.000,0,0,2.198,2.980,7.660,0.000,17
Classic CPU ROAM,RelWithDebInfo,OpenGL,NVIDIA GeForce RTX 5090 D/PCIe/SSE2,4.3.0 NVIDIA 591.86,false,assets/heightmaps/Hm_Terrain_Test_129.pgm,129,129,80.000,12.000,20,4.000,2.000,200000,1.759,0.000,18.000,36.722,16.571,21990,53160,21988,70,36,64,42,0,0,0,0,1,0.000,15.396,15.055,0.204,2.934,0.018,0.186,0.000,2.178,0.031,0.158,7.411,1.934,0.224,0.000,0.000,0.000,0.000,0.000,0.000,0.000,0.000,0.000,0.000,0.000,0.000,0.000,0.000,0.000,0.000,0,0,2.209,2.953,7.569,0.000,17
Classic CPU ROAM,RelWithDebInfo,OpenGL,NVIDIA GeForce RTX 5090 D/PCIe/SSE2,4.3.0 NVIDIA 591.86,false,assets/heightmaps/Hm_Terrain_Test_129.pgm,129,129,80.000,12.000,20,4.000,2.000,200000,1.775,0.000,18.000,36.667,15.918,21982,53288,21980,64,32,72,38,0,0,0,0,1,95.730,16.657,16.320,0.212,3.734,0.022,0.168,0.000,2.326,0.034,0.165,7.514,2.142,0.226,0.000,0.000,0.000,0.000,0.000,0.000,0.000,0.000,0.000,0.000,0.000,0.000,0.000,0.000,0.000,0.000,0,0,2.360,3.758,7.679,0.000,17
Classic CPU ROAM,RelWithDebInfo,OpenGL,NVIDIA GeForce RTX 5090 D/PCIe/SSE2,4.3.0 NVIDIA 591.86,false,assets/heightmaps/Hm_Terrain_Test_129.pgm,129,129,80.000,12.000,20,4.000,2.000,200000,1.792,0.000,18.000,36.606,17.155,22010,53468,22008,90,45,62,53,0,0,0,0,1,102.305,15.603,15.271,0.194,2.590,0.016,0.158,0.000,2.107,0.047,0.195,7.601,2.362,0.225,0.000,0.000,0.000,0.000,0.000,0.000,0.000,0.000,0.000,0.000,0.000,0.000,0.000,0.000,0.000,0.000,0,0,2.154,2.607,7.796,0.000,17
Classic CPU ROAM,RelWithDebInfo,OpenGL,NVIDIA GeForce RTX 5090 D/PCIe/SSE2,4.3.0 NVIDIA 591.86,false,assets/heightmaps/Hm_Terrain_Test_129.pgm,129,129,80.000,12.000,20,4.000,2.000,200000,1.808,0.000,18.000,36.549,16.082,22010,53616,22008,74,37,74,50,0,0,0,0,1,100.336,15.910,15.570,0.189,2.765,0.019,0.166,0.000,2.063,0.033,0.161,7.620,2.553,0.230,0.000,0.000,0.000,0.000,0.000,0.000,0.000,0.000,0.000,0.000,0.000,0.000,0.000,0.000,0.000,0.000,0,0,2.096,2.785,7.781,0.000,17
Classic CPU ROAM,RelWithDebInfo,OpenGL,NVIDIA GeForce RTX 5090 D/PCIe/SSE2,4.3.0 NVIDIA 591.86,false,assets/heightmaps/Hm_Terrain_Test_129.pgm,129,129,80.000,12.000,20,4.000,2.000,200000,1.825,0.000,18.000,36.491,16.360,21959,53774,21957,79,39,130,56,0,0,0,0,1,99.910,15.974,15.637,0.214,2.982,0.036,0.156,0.000,2.173,0.036,0.165,7.368,2.504,0.230,0.000,0.000,0.000,0.000,0.000,0.000,0.000,0.000,0.000,0.000,0.000,0.000,0.000,0.000,0.000,0.000,0,0,2.209,3.020,7.533,0.000,17
Classic CPU ROAM,RelWithDebInfo,OpenGL,NVIDIA GeForce RTX 5090 D/PCIe/SSE2,4.3.0 NVIDIA 591.86,false,assets/heightmaps/Hm_Terrain_Test_129.pgm,129,129,80.000,12.000,20,4.000,2.000,200000,1.841,0.000,18.000,36.432,16.440,21983,53944,21981,85,42,61,54,0,0,0,0,1,105.038,15.200,14.873,0.193,2.891,0.016,0.163,0.000,2.181,0.038,0.159,7.406,1.825,0.220,0.000,0.000,0.000,0.000,0.000,0.000,0.000,0.000,0.000,0.000,0.000,0.000,0.000,0.000,0.000,0.000,0,0,2.219,2.908,7.565,0.000,17
Classic CPU ROAM,RelWithDebInfo,OpenGL,NVIDIA GeForce RTX 5090 D/PCIe/SSE2,4.3.0 NVIDIA 591.86,false,assets/heightmaps/Hm_Terrain_Test_129.pgm,129,129,80.000,12.000,20,4.000,2.000,200000,1.857,0.000,18.000,36.375,15.628,21964,54100,21962,78,39,97,42,0,0,0,0,1,97.470,16.375,16.029,0.178,2.654,0.027,0.190,0.000,2.368,0.040,0.176,7.617,2.776,0.233,0.000,0.000,0.000,0.000,0.000,0.000,0.000,0.000,0.000,0.000,0.000,0.000,0.000,0.000,0.000,0.000,0,0,2.408,2.683,7.793,0.000,17
Classic CPU ROAM,RelWithDebInfo,OpenGL,NVIDIA GeForce RTX 5090 D/PCIe/SSE2,4.3.0 NVIDIA 591.86,false,assets/heightmaps/Hm_Terrain_Test_129.pgm,129,129,80.000,12.000,20,4.000,2.000,200000,1.874,0.000,18.000,36.314,16.828,21972,54288,21970,94,47,86,49,0,0,0,0,1,92.909,17.177,16.815,0.213,2.757,0.025,0.158,0.000,2.048,0.058,0.160,7.700,3.694,0.249,0.000,0.000,0.000,0.000,0.000,0.000,0.000,0.000,0.000,0.000,0.000,0.000,0.000,0.000,0.000,0.000,0,0,2.106,2.783,7.859,0.000,17
Classic CPU ROAM,RelWithDebInfo,OpenGL,NVIDIA GeForce RTX 5090 D/PCIe/SSE2,4.3.0 NVIDIA 591.86,false,assets/heightmaps/Hm_Terrain_Test_129.pgm,129,129,80.000,12.000,20,4.000,2.000,200000,1.891,0.000,18.000,36.249,17.721,21930,54408,21928,60,30,102,54,0,0,0,0,1,92.437,17.245,16.901,0.205,3.383,0.032,0.176,0.000,2.372,0.028,0.158,7.717,2.826,0.233,0.000,0.000,0.000,0.000,0.000,0.000,0.000,0.000,0.000,0.000,0.000,0.000,0.000,0.000,0.000,0.000,0,0,2.401,3.416,7.876,0.000,17
Classic CPU ROAM,RelWithDebInfo,OpenGL,NVIDIA GeForce RTX 5090 D/PCIe/SSE2,4.3.0 NVIDIA 591.86,false,assets/heightmaps/Hm_Terrain_Test_129.pgm,129,129,80.000,12.000,20,4.000,2.000,200000,1.909,0.000,18.000,36.183,17.763,21914,54620,21912,106,53,122,58,0,0,0,0,1,96.782,16.486,16.142,0.208,3.079,0.033,0.159,0.000,2.302,0.047,0.180,7.576,2.556,0.236,0.000,0.000,0.000,0.000,0.000,0.000,0.000,0.000,0.000,0.000,0.000,0.000,0.000,0.000,0.000,0.000,0,0,2.349,3.113,7.757,0.000,17
Classic CPU ROAM,RelWithDebInfo,OpenGL,NVIDIA GeForce RTX 5090 D/PCIe/SSE2,4.3.0 NVIDIA 591.86,false,assets/heightmaps/Hm_Terrain_Test_129.pgm,129,129,80.000,12.000,20,4.000,2.000,200000,1.926,0.000,18.000,36.120,17.004,21880,54768,21878,82,45,116,58,0,0,0,0,1,103.067,15.481,15.158,0.201,2.948,0.033,0.179,0.000,2.157,0.034,0.157,7.708,1.739,0.217,0.000,0.000,0.000,0.000,0.000,0.000,0.000,0.000,0.000,0.000,0.000,0.000,0.000,0.000,0.000,0.000,0,0,2.191,2.983,7.865,0.000,17
Classic CPU ROAM,RelWithDebInfo,OpenGL,NVIDIA GeForce RTX 5090 D/PCIe/SSE2,4.3.0 NVIDIA 591.86,false,assets/heightmaps/Hm_Terrain_Test_129.pgm,129,129,80.000,12.000,20,4.000,2.000,200000,1.942,0.000,18.000,36.060,15.995,21845,54920,21843,76,38,111,54,0,0,0,0,1,0.000,16.115,15.775,0.202,3.399,0.032,0.157,0.000,2.095,0.035,0.161,7.473,2.220,0.235,0.000,0.000,0.000,0.000,0.000,0.000,0.000,0.000,0.000,0.000,0.000,0.000,0.000,0.000,0.000,0.000,0,0,2.130,3.432,7.634,0.000,17
Classic CPU ROAM,RelWithDebInfo,OpenGL,NVIDIA GeForce RTX 5090 D/PCIe/SSE2,4.3.0 NVIDIA 591.86,false,assets/heightmaps/Hm_Terrain_Test_129.pgm,129,129,80.000,12.000,20,4.000,2.000,200000,1.959,0.000,18.000,35.998,16.652,21913,55144,21911,112,56,44,65,0,0,0,0,1,95.410,16.713,16.375,0.200,2.721,0.012,0.162,0.000,2.097,0.052,0.182,7.758,3.190,0.230,0.000,0.000,0.000,0.000,0.000,0.000,0.000,0.000,0.000,0.000,0.000,0.000,0.000,0.000,0.000,0.000,0,0,2.148,2.734,7.939,0.000,17
Classic CPU ROAM,RelWithDebInfo,OpenGL,NVIDIA GeForce RTX 5090 D/PCIe/SSE2,4.3.0 NVIDIA 591.86,false,assets/heightmaps/Hm_Terrain_Test_129.pgm,129,129,80.000,12.000,20,4.000,2.000,200000,1.976,0.000,18.000,35.932,17.189,21907,55340,21905,98,49,104,59,0,0,0,0,1,92.357,17.251,16.916,0.234,3.166,0.029,0.163,0.000,2.210,0.042,0.160,7.656,3.254,0.227,0.000,0.000,0.000,0.000,0.000,0.000,0.000,0.000,0.000,0.000,0.000,0.000,0.000,0.000,0.000,0.000,0,0,2.252,3.197,7.816,0.000,17
Classic CPU ROAM,RelWithDebInfo,OpenGL,NVIDIA GeForce RTX 5090 D/PCIe/SSE2,4.3.0 NVIDIA 591.86,false,assets/heightmaps/Hm_Terrain_Test_129.pgm,129,129,80.000,12.000,20,4.000,2.000,200000,1.994,0.000,18.000,35.865,17.732,21880,55540,21878,100,50,127,57,0,0,0,0,1,96.869,16.455,16.128,0.215,3.250,0.036,0.178,0.000,2.312,0.043,0.161,7.429,2.503,0.221,0.000,0.000,0.000,0.000,0.000,0.000,0.000,0.000,0.000,0.000,0.000,0.000,0.000,0.000,0.000,0.000,0,0,2.355,3.287,7.590,0.000,17
Classic CPU ROAM,RelWithDebInfo,OpenGL,NVIDIA GeForce RTX 5090 D/PCIe/SSE2,4.3.0 NVIDIA 591.86,false,assets/heightmaps/Hm_Terrain_Test_129.pgm,129,129,80.000,12.000,20,4.000,2.000,200000,2.010,0.000,18.000,35.800,16.911,21849,55756,21847,108,54,139,66,0,0,0,0,1,102.571,15.568,15.231,0.187,2.920,0.039,0.174,0.000,2.150,0.045,0.159,7.416,2.140,0.225,0.000,0.000,0.000,0.000,0.000,0.000,0.000,0.000,0.000,0.000,0.000,0.000,0.000,0.000,0.000,0.000,0,0,2.195,2.960,7.576,0.000,17
Classic CPU ROAM,RelWithDebInfo,OpenGL,NVIDIA GeForce RTX 5090 D/PCIe/SSE2,4.3.0 NVIDIA 591.86,false,assets/heightmaps/Hm_Terrain_Test_129.pgm,129,129,80.000,12.000,20,4.000,2.000,200000,2.027,0.000,18.000,35.738,16.030,21827,55912,21825,78,39,100,44,0,0,0,0,1,98.752,16.150,15.820,0.227,3.306,0.028,0.160,0.000,2.326,0.037,0.171,7.409,2.154,0.224,0.000,0.000,0.000,0.000,0.000,0.000,0.000,0.000,0.000,0.000,0.000,0.000,0.000,0.000,0.000,0.000,0,0,2.364,3.336,7.580,0.000,17
Classic CPU ROAM,RelWithDebInfo,OpenGL,NVIDIA GeForce RTX 5090 D/PCIe/SSE2,4.3.0 NVIDIA 591.86,false,assets/heightmaps/Hm_Terrain_Test_129.pgm,129,129,80.000,12.000,20,4.000,2.000,200000,2.043,0.000,18.000,35.673,16.612,21839,56100,21837,94,47,82,53,0,0,0,0,1,104.448,15.286,14.958,0.185,2.581,0.022,0.166,0.000,2.072,0.084,0.181,7.561,2.103,0.223,0.000,0.000,0.000,0.000,0.000,0.000,0.000,0.000,0.000,0.000,0.000,0.000,0.000,0.000,0.000,0.000,0,0,2.156,2.605,7.742,0.000,17
Classic CPU ROAM,RelWithDebInfo,OpenGL,NVIDIA GeForce RTX 5090 D/PCIe/SSE2,4.3.0 NVIDIA 591.86,false,assets/heightmaps/Hm_Terrain_Test_129.pgm,129,129,80.000,12.000,20,4.000,2.000,200000,2.059,0.000,18.000,35.611,15.746,21849,56304,21847,102,51,92,56,0,0,0,0,1,102.834,15.521,15.192,0.196,2.671,0.024,0.160,0.000,1.964,0.043,0.160,7.546,2.426,0.224,0.000,0.000,0.000,0.000,0.000,0.000,0.000,0.000,0.000,0.000,0.000,0.000,0.000,0.000,0.000,0.000,0,0,2.008,2.697,7.706,0.000,17
Classic CPU ROAM,RelWithDebInfo,OpenGL,NVIDIA GeForce RTX 5090 D/PCIe/SSE2,4.3.0 NVIDIA 591.86,false,assets/heightmaps/Hm_Terrain_Test_129.pgm,129,129,80.000,12.000,20,4.000,2.000,200000,2.075,0.000,18.000,35.549,15.966,21837,56448,21835,72,36,84,44,0,0,0,0,1,98.857,16.145,15.803,0.213,2.950,0.024,0.158,0.000,2.158,0.033,0.165,7.411,2.688,0.235,0.000,0.000,0.000,0.000,0.000,0.000,0.000,0.000,0.000,0.000,0.000,0.000,0.000,0.000,0.000,0.000,0,0,2.192,2.975,7.576,0.000,17
Classic CPU ROAM,RelWithDebInfo,OpenGL,NVIDIA GeForce RTX 5090 D/PCIe/SSE2,4.3.0 NVIDIA 591.86,false,assets/heightmaps/Hm_Terrain_Test_129.pgm,129,129,80.000,12.000,20,4.000,2.000,200000,2.091,0.000,18.000,35.483,16.625,21807,56652,21805,102,51,132,64,0,0,0,0,1,105.024,15.194,14.875,0.205,2.924,0.034,0.169,0.000,2.258,0.043,0.161,7.356,1.724,0.218,0.000,0.000,0.000,0.000,0.000,0.000,0.000,0.000,0.000,0.000,0.000,0.000,0.000,0.000,0.000,0.000,0,0,2.301,2.960,7.517,0.000,17
Classic CPU ROAM,RelWithDebInfo,OpenGL,NVIDIA GeForce RTX 5090 D/PCIe/SSE2,4.3.0 NVIDIA 591.86,false,assets/heightmaps/Hm_Terrain_Test_129.pgm,129,129,80.000,12.000,20,4.000,2.000,200000,2.107,0.000,18.000,35.421,15.625,21838,56868,21836,108,54,77,67,0,0,0,0,1,101.416,15.734,15.405,0.180,2.644,0.021,0.216,0.000,2.156,0.049,0.158,7.503,2.477,0.222,0.000,0.000,0.000,0.000,0.000,0.000,0.000,0.000,0.000,0.000,0.000,0.000,0.000,0.000,0.000,0.000,0,0,2.205,2.667,7.661,0.000,17
Classic CPU ROAM,RelWithDebInfo,OpenGL,NVIDIA GeForce RTX 5090 D/PCIe/SSE2,4.3.0 NVIDIA 591.86,false,assets/heightmaps/Hm_Terrain_Test_129.pgm,129,129,80.000,12.000,20,4.000,2.000,200000,2.123,0.000,18.000,35.356,16.193,21866,57096,21864,114,57,86,64,0,0,0,0,1,95.526,16.754,16.354,0.214,2.779,0.023,0.157,0.000,2.031,0.048,0.159,7.639,3.302,0.284,0.000,0.000,0.000,0.000,0.000,0.000,0.000,0.000,0.000,0.000,0.000,0.000,0.000,0.000,0.000,0.000,0,0,2.080,2.803,7.798,0.000,17
Classic CPU ROAM,RelWithDebInfo,OpenGL,NVIDIA GeForce RTX 5090 D/PCIe/SSE2,4.3.0 NVIDIA 591.86,false,assets/heightmaps/Hm_Terrain_Test_129.pgm,129,129,80.000,12.000,20,4.000,2.000,200000,2.141,0.000,18.000,35.286,17.223,21851,57218,21849,61,30,76,46,0,0,0,0,1,93.356,17.118,16.735,0.220,3.664,0.022,0.275,0.000,2.460,0.028,0.159,7.578,2.325,0.265,0.000,0.000,0.000,0.000,0.000,0.000,0.000,0.000,0.000,0.000,0.000,0.000,0.000,0.000,0.000,0.000,0,0,2.489,3.687,7.737,0.000,17
Classic CPU ROAM,RelWithDebInfo,OpenGL,NVIDIA GeForce RTX 5090 D/PCIe/SSE2,4.3.0 NVIDIA 591.86,false,assets/heightmaps/Hm_Terrain_Test_129.pgm,129,129,80.000,12.000,20,4.000,2.000,200000,2.158,0.000,18.000,35.215,17.606,21900,57466,21898,143,81,94,76,0,0,0,0,1,100.346,15.908,15.569,0.218,2.949,0.025,0.157,0.000,2.105,0.058,0.167,7.412,2.476,0.233,0.000,0.000,0.000,0.000,0.000,0.000,0.000,0.000,0.000,0.000,0.000,0.000,0.000,0.000,0.000,0.000,0,0,2.164,2.975,7.578,0.000,17
Classic CPU ROAM,RelWithDebInfo,OpenGL,NVIDIA GeForce RTX 5090 D/PCIe/SSE2,4.3.0 NVIDIA 591.86,false,assets/heightmaps/Hm_Terrain_Test_129.pgm,129,129,80.000,12.000,20,4.000,2.000,200000,2.174,0.000,18.000,35.149,16.365,21840,57652,21838,93,46,153,61,0,0,0,0,1,104.185,15.312,14.995,0.221,2.877,0.042,0.165,0.000,2.313,0.042,0.162,7.448,1.724,0.217,0.000,0.000,0.000,0.000,0.000,0.000,0.000,0.000,0.000,0.000,0.000,0.000,0.000,0.000,0.000,0.000,0,0,2.356,2.920,7.609,0.000,17
Classic CPU ROAM,RelWithDebInfo,OpenGL,NVIDIA GeForce RTX 5090 D/PCIe/SSE2,4.3.0 NVIDIA 591.86,false,assets/heightmaps/Hm_Terrain_Test_129.pgm,129,129,80.000,12.000,20,4.000,2.000,200000,2.190,0.000,18.000,35.084,15.746,21841,57832,21839,90,45,89,53,0,0,0,0,1,102.856,15.522,15.189,0.182,2.652,0.024,0.219,0.000,2.258,0.043,0.158,7.564,2.087,0.227,0.000,0.000,0.000,0.000,0.000,0.000,0.000,0.000,0.000,0.000,0.000,0.000,0.000,0.000,0.000,0.000,0,0,2.301,2.677,7.722,0.000,17
Classic CPU ROAM,RelWithDebInfo,OpenGL,NVIDIA GeForce RTX 5090 D/PCIe/SSE2,4.3.0 NVIDIA 591.86,false,assets/heightmaps/Hm_Terrain_Test_129.pgm,129,129,80.000,12.000,20,4.000,2.000,200000,2.206,0.000,18.000,35.018,16.032,21833,58076,21831,122,61,130,69,0,0,0,0,1,186.756,17.078,16.730,0.203,2.640,0.037,0.158,0.000,1.984,0.069,0.162,7.854,3.621,0.238,0.000,0.000,0.000,0.000,0.000,0.000,0.000,0.000,0.000,0.000,0.000,0.000,0.000,0.000,0.000,0.000,0,0,2.054,2.678,8.015,0.000,17
Classic CPU ROAM,RelWithDebInfo,OpenGL,NVIDIA GeForce RTX 5090 D/PCIe/SSE2,4.3.0 NVIDIA 591.86,false,assets/heightmaps/Hm_Terrain_Test_129.pgm,129,129,80.000,12.000,20,4.000,2.000,200000,2.224,0.000,18.000,34.945,17.586,21877,58328,21875,126,63,82,68,0,0,0,0,1,96.519,16.516,16.187,0.198,3.433,0.023,0.192,0.000,2.318,0.051,0.158,7.525,2.287,0.228,0.000,0.000,0.000,0.000,0.000,0.000,0.000,0.000,0.000,0.000,0.000,0.000,0.000,0.000,0.000,0.000,0,0,2.369,3.458,7.682,0.000,17
Classic CPU ROAM,RelWithDebInfo,OpenGL,NVIDIA GeForce RTX 5090 D/PCIe/SSE2,4.3.0 NVIDIA 591.86,false,assets/heightmaps/Hm_Terrain_Test_129.pgm,129,129,80.000,12.000,20,4.000,2.000,200000,2.241,0.000,18.000,34.875,16.975,21834,58540,21832,106,53,149,66,0,0,0,0,1,99.726,16.038,15.666,0.256,3.095,0.040,0.159,0.000,2.061,0.044,0.159,7.414,2.435,0.259,0.000,0.000,0.000,0.000,0.000,0.000,0.000,0.000,0.000,0.000,0.000,0.000,0.000,0.000,0.000,0.000,0,0,2.106,3.136,7.573,0.000,17
Classic CPU ROAM,RelWithDebInfo,OpenGL,NVIDIA GeForce RTX 5090 D/PCIe/SSE2,4.3.0 NVIDIA 591.86,false,assets/heightmaps/Hm_Terrain_Test_129.pgm,129,129,80.000,12.000,20,4.000,2.000,200000,2.257,0.000,18.000,34.806,16.515,21862,58768,21860,114,57,86,68,0,0,0,0,1,102.597,15.576,15.228,0.208,3.034,0.024,0.163,0.000,2.286,0.050,0.162,7.393,1.907,0.244,0.000,0.000,0.000,0.000,0.000,0.000,0.000,0.000,0.000,0.000,0.000,0.000,0.000,0.000,0.000,0.000,0,0,2.336,3.059,7.555,0.000,17
Classic CPU ROAM,RelWithDebInfo,OpenGL,NVIDIA GeForce RTX 5090 D/PCIe/SSE2,4.3.0 NVIDIA 591.86,false,assets/heightmaps/Hm_Terrain_Test_129.pgm,129,129,80.000,12.000,20,4.000,2.000,200000,2.273,0.000,18.000,34.738,16.088,21904,58984,21902,108,54,66,65,0,0,0,0,1,102.817,15.527,15.194,0.184,2.746,0.018,0.182,0.000,2.385,0.050,0.159,7.385,2.084,0.226,0.000,0.000,0.000,0.000,0.000,0.000,0.000,0.000,0.000,0.000,0.000,0.000,0.000,0.000,0.000,0.000,0,0,2.435,2.765,7.544,0.000,17
Classic CPU ROAM,RelWithDebInfo,OpenGL,NVIDIA GeForce RTX 5090 D/PCIe/SSE2,4.3.0 NVIDIA 591.86,false,assets/heightmaps/Hm_Terrain_Test_129.pgm,129,129,80.000,12.000,20,4.000,2.000,200000,2.289,0.000,18.000,34.670,15.988,21840,59148,21838,82,41,146,68,0,0,0,0,1,94.810,16.816,16.478,0.227,2.695,0.042,0.161,0.000,2.066,0.037,0.159,7.769,3.322,0.227,0.000,0.000,0.000,0.000,0.000,0.000,0.000,0.000,0.000,0.000,0.000,0.000,0.000,0.000,0.000,0.000,0,0,2.103,2.738,7.928,0.000,17
Classic CPU ROAM,RelWithDebInfo,OpenGL,NVIDIA GeForce RTX 5090 D/PCIe/SSE2,4.3.0 NVIDIA 591.86,false,assets/heightmaps/Hm_Terrain_Test_129.pgm,129,129,80.000,12.000,20,4.000,2.000,200000,2.307,0.000,18.000,34.597,17.279,21828,59356,21826,106,54,118,66,0,0,0,0,1,95.827,16.633,16.303,0.200,3.228,0.033,0.178,0.000,2.329,0.048,0.161,7.503,2.622,0.223,0.000,0.000,0.000,0.000,0.000,0.000,0.000,0.000,0.000,0.000,0.000,0.000,0.000,0.000,0.000,0.000,0,0,2.377,3.262,7.663,0.000,17
Classic CPU ROAM,RelWithDebInfo,OpenGL,NVIDIA GeForce RTX 5090 D/PCIe/SSE2,4.3.0 NVIDIA 591.86,false,assets/heightmaps/Hm_Terrain_Test_129.pgm,129,129,80.000,12.000,20,4.000,2.000,200000,2.324,0.000,18.000,34.524,17.109,21826,59592,21824,118,59,120,69,0,0,0,0,1,96.770,16.479,16.145,0.205,3.191,0.034,0.160,0.000,2.114,0.050,0.162,7.385,2.843,0.231,0.000,0.000,0.000,0.000,0.000,0.000,0.000,0.000,0.000,0.000,0.000,0.000,0.000,0.000,0.000,0.000,0,0,2.164,3.226,7.547,0.000,17
Classic CPU ROAM,RelWithDebInfo,OpenGL,NVIDIA GeForce RTX 5090 D/PCIe/SSE2,4.3.0 NVIDIA 591.86,false,assets/heightmaps/Hm_Terrain_Test_129.pgm,129,129,80.000,12.000,20,4.000,2.000,200000,2.341,0.000,18.000,34.451,16.948,21862,59804,21860,106,53,70,61,0,0,0,0,1,99.150,16.086,15.757,0.202,3.109,0.019,0.168,0.000,2.333,0.064,0.165,7.566,2.129,0.224,0.000,0.000,0.000,0.000,0.000,0.000,0.000,0.000,0.000,0.000,0.000,0.000,0.000,0.000,0.000,0.000,0,0,2.398,3.129,7.730,0.000,17
Classic CPU ROAM,RelWithDebInfo,OpenGL,NVIDIA GeForce RTX 5090 D/PCIe/SSE2,4.3.0 NVIDIA 591.86,false,assets/heightmaps/Hm_Terrain_Test_129.pgm,129,129,80.000,12.000,20,4.000,2.000,200000,2.357,0.000,18.000,34.380,16.527,21918,60064,21916,130,65,74,77,0,0,0,0,1,99.974,15.965,15.627,0.193,2.849,0.019,0.187,0.000,2.109,0.057,0.162,7.589,2.460,0.227,0.000,0.000,0.000,0.000,0.000,0.000,0.000,0.000,0.000,0.000,0.000,0.000,0.000,0.000,0.000,0.000,0,0,2.166,2.870,7.751,0.000,17
Classic CPU ROAM,RelWithDebInfo,OpenGL,NVIDIA GeForce RTX 5090 D/PCIe/SSE2,4.3.0 NVIDIA 591.86,false,assets/heightmaps/Hm_Terrain_Test_129.pgm,129,129,80.000,12.000,20,4.000,2.000,200000,2.374,0.000,18.000,34.309,16.411,21890,60244,21888,90,45,118,50,0,0,0,0,1,96.669,16.508,16.161,0.206,2.795,0.034,0.160,0.000,2.024,0.039,0.161,7.669,3.073,0.236,0.000,0.000,0.000,0.000,0.000,0.000,0.000,0.000,0.000,0.000,0.000,0.000,0.000,0.000,0.000,0.000,0,0,2.063,2.830,7.830,0.000,17
Classic CPU ROAM,RelWithDebInfo,OpenGL,NVIDIA GeForce RTX 5090 D/PCIe/SSE2,4.3.0 NVIDIA 591.86,false,assets/heightmaps/Hm_Terrain_Test_129.pgm,129,129,80.000,12.000,20,4.000,2.000,200000,2.391,0.000,18.000,34.235,16.958,21846,60452,21844,104,52,148,70,0,0,0,0,1,95.865,16.624,16.297,0.200,3.227,0.040,0.174,0.000,2.266,0.048,0.157,7.682,2.501,0.222,0.000,0.000,0.000,0.000,0.000,0.000,0.000,0.000,0.000,0.000,0.000,0.000,0.000,0.000,0.000,0.000,0,0,2.314,3.268,7.839,0.000,17
Classic CPU ROAM,RelWithDebInfo,OpenGL,NVIDIA GeForce RTX 5090 D/PCIe/SSE2,4.3.0 NVIDIA 591.86,false,assets/heightmaps/Hm_Terrain_Test_129.pgm,129,129,80.000,12.000,20,4.000,2.000,200000,2.408,0.000,18.000,34.160,17.082,21842,60616,21840,82,41,86,51,0,0,0,0,1,104.430,15.344,14.959,0.206,3.005,0.023,0.155,0.000,2.109,0.035,0.159,7.333,1.932,0.266,0.000,0.000,0.000,0.000,0.000,0.000,0.000,0.000,0.000,0.000,0.000,0.000,0.000,0.000,0.000,0.000,0,0,2.144,3.030,7.493,0.000,17
Classic CPU ROAM,RelWithDebInfo,OpenGL,NVIDIA GeForce RTX 5090 D/PCIe/SSE2,4.3.0 NVIDIA 591.86,false,assets/heightmaps/Hm_Terrain_Test_129.pgm,129,129,80.000,12.000,20,4.000,2.000,200000,2.424,0.000,18.000,34.091,15.815,21862,60816,21860,100,50,80,68,0,0,0,0,1,103.245,15.464,15.132,0.194,2.898,0.022,0.160,0.000,2.160,0.045,0.184,7.470,1.996,0.230,0.000,0.000,0.000,0.000,0.000,0.000,0.000,0.000,0.000,0.000,0.000,0.000,0.000,0.000,0.000,0.000,0,0,2.205,2.921,7.655,0.000,17
Classic CPU ROAM,RelWithDebInfo,OpenGL,NVIDIA GeForce RTX 5090 D/PCIe/SSE2,4.3.0 NVIDIA 591.86,false,assets/heightmaps/Hm_Terrain_Test_129.pgm,129,129,80.000,12.000,20,4.000,2.000,200000,2.439,0.000,18.000,34.020,15.894,21879,61046,21877,115,57,98,69,0,0,0,0,1,96.535,16.513,16.184,0.183,2.692,0.027,0.182,0.000,2.227,0.053,0.162,7.752,2.905,0.225,0.000,0.000,0.000,0.000,0.000,0.000,0.000,0.000,0.000,0.000,0.000,0.000,0.000,0.000,0.000,0.000,0,0,2.280,2.720,7.914,0.000,17
Classic CPU ROAM,RelWithDebInfo,OpenGL,NVIDIA GeForce RTX 5090 D/PCIe/SSE2,4.3.0 NVIDIA 591.86,false,assets/heightmaps/Hm_Terrain_Test_129.pgm,129,129,80.000,12.000,20,4.000,2.000,200000,2.456,0.000,18.000,33.945,16.958,21877,61348,21875,151,75,153,87,0,0,0,0,1,93.785,16.997,16.658,0.204,3.074,0.041,0.181,0.000,2.138,0.063,0.162,7.709,3.083,0.235,0.000,0.000,0.000,0.000,0.000,0.000,0.000,0.000,0.000,0.000,0.000,0.000,0.000,0.000,0.000,0.000,0,0,2.201,3.116,7.872,0.000,17
Classic CPU ROAM,RelWithDebInfo,OpenGL,NVIDIA GeForce RTX 5090 D/PCIe/SSE2,4.3.0 NVIDIA 591.86,false,assets/heightmaps/Hm_Terrain_Test_129.pgm,129,129,80.000,12.000,20,4.000,2.000,200000,2.474,0.000,18.000,33.867,17.491,21868,61600,21866,126,63,135,75,0,0,0,0,1,189.310,16.876,16.505,0.195,3.299,0.038,0.174,0.000,2.267,0.142,0.161,7.648,2.578,0.257,0.000,0.000,0.000,0.000,0.000,0.000,0.000,0.000,0.000,0.000,0.000,0.000,0.000,0.000,0.000,0.000,0,0,2.410,3.339,7.809,0.000,17
Classic CPU ROAM,RelWithDebInfo,OpenGL,NVIDIA GeForce RTX 5090 D/PCIe/SSE2,4.3.0 NVIDIA 591.86,false,assets/heightmaps/Hm_Terrain_Test_129.pgm,129,129,80.000,12.000,20,4.000,2.000,200000,2.491,0.000,18.000,33.789,17.503,21867,61812,21865,106,53,107,63,0,0,0,0,1,104.585,15.259,14.937,0.214,3.080,0.030,0.160,0.000,2.138,0.046,0.161,7.313,1.793,0.216,0.000,0.000,0.000,0.000,0.000,0.000,0.000,0.000,0.000,0.000,0.000,0.000,0.000,0.000,0.000,0.000,0,0,2.185,3.112,7.474,0.000,17
Classic CPU ROAM,RelWithDebInfo,OpenGL,NVIDIA GeForce RTX 5090 D/PCIe/SSE2,4.3.0 NVIDIA 591.86,false,assets/heightmaps/Hm_Terrain_Test_129.pgm,129,129,80.000,12.000,20,4.000,2.000,200000,2.507,0.000,18.000,33.718,15.700,21865,62004,21863,96,48,98,49,0,0,0,0,1,109.211,14.651,14.305,0.180,2.609,0.026,0.159,0.000,1.980,0.040,0.166,7.296,1.849,0.243,0.000,0.000,0.000,0.000,0.000,0.000,0.000,0.000,0.000,0.000,0.000,0.000,0.000,0.000,0.000,0.000,0,0,2.020,2.635,7.462,0.000,17
Classic CPU ROAM,RelWithDebInfo,OpenGL,NVIDIA GeForce RTX 5090 D/PCIe/SSE2,4.3.0 NVIDIA 591.86,false,assets/heightmaps/Hm_Terrain_Test_129.pgm,129,129,80.000,12.000,20,4.000,2.000,200000,2.522,0.000,18.000,33.650,15.092,21843,62192,21841,94,47,116,60,0,0,0,0,1,108.158,14.757,14.444,0.184,2.694,0.030,0.161,0.000,2.037,0.041,0.161,7.347,1.788,0.212,0.000,0.000,0.000,0.000,0.000,0.000,0.000,0.000,0.000,0.000,0.000,0.000,0.000,0.000,0.000,0.000,0,0,2.078,2.726,7.508,0.000,17
Classic CPU ROAM,RelWithDebInfo,OpenGL,NVIDIA GeForce RTX 5090 D/PCIe/SSE2,4.3.0 NVIDIA 591.86,false,assets/heightmaps/Hm_Terrain_Test_129.pgm,129,129,80.000,12.000,20,4.000,2.000,200000,2.537,0.000,18.000,33.581,15.194,21837,62372,21835,92,47,98,54,0,0,0,0,1,0.000,14.693,14.370,0.177,2.657,0.027,0.167,0.000,1.974,0.037,0.159,7.281,1.888,0.221,0.000,0.000,0.000,0.000,0.000,0.000,0.000,0.000,0.000,0.000,0.000,0.000,0.000,0.000,0.000,0.000,0,0,2.012,2.686,7.440,0.000,17
Classic CPU ROAM,RelWithDebInfo,OpenGL,NVIDIA GeForce RTX 5090 D/PCIe/SSE2,4.3.0 NVIDIA 591.86,false,assets/heightmaps/Hm_Terrain_Test_129.pgm,129,129,80.000,12.000,20,4.000,2.000,200000,2.553,0.000,18.000,33.512,15.207,21780,62540,21778,84,42,141,66,0,0,0,0,1,102.878,15.539,15.185,0.191,2.971,0.040,0.160,0.000,2.039,0.037,0.159,7.376,2.209,0.232,0.000,0.000,0.000,0.000,0.000,0.000,0.000,0.000,0.000,0.000,0.000,0.000,0.000,0.000,0.000,0.000,0,0,2.077,3.013,7.535,0.000,17
Classic CPU ROAM,RelWithDebInfo,OpenGL,NVIDIA GeForce RTX 5090 D/PCIe/SSE2,4.3.0 NVIDIA 591.86,false,assets/heightmaps/Hm_Terrain_Test_129.pgm,129,129,80.000,12.000,20,4.000,2.000,200000,2.569,0.000,18.000,33.439,16.031,21760,62720,21758,90,45,110,64,0,0,0,0,1,100.767,15.829,15.504,0.219,2.948,0.030,0.159,0.000,2.058,0.044,0.168,7.307,2.569,0.221,0.000,0.000,0.000,0.000,0.000,0.000,0.000,0.000,0.000,0.000,0.000,0.000,0.000,0.000,0.000,0.000,0,0,2.102,2.980,7.476,0.000,17
Classic CPU ROAM,RelWithDebInfo,OpenGL,NVIDIA GeForce RTX 5090 D/PCIe/SSE2,4.3.0 NVIDIA 591.86,false,assets/heightmaps/Hm_Terrain_Test_129.pgm,129,129,80.000,12.000,20,4.000,2.000,200000,2.585,0.000,18.000,33.364,16.320,21740,62976,21738,128,64,148,76,0,0,0,0,1,96.081,16.611,16.260,0.203,2.934,0.042,0.168,0.000,2.369,0.057,0.190,7.579,2.717,0.241,0.000,0.000,0.000,0.000,0.000,0.000,0.000,0.000,0.000,0.000,0.000,0.000,0.000,0.000,0.000,0.000,0,0,2.427,2.977,7.769,0.000,17
Classic CPU ROAM,RelWithDebInfo,OpenGL,NVIDIA GeForce RTX 5090 D/PCIe/SSE2,4.3.0 NVIDIA 591.86,false,assets/heightmaps/Hm_Terrain_Test_129.pgm,129,129,80.000,12.000,20,4.000,2.000,200000,2.602,0.000,18.000,33.285,17.090,21734,63224,21732,124,62,130,72,0,0,0,0,1,103.892,15.375,15.037,0.230,2.909,0.037,0.158,0.000,2.086,0.052,0.158,7.381,2.025,0.229,0.000,0.000,0.000,0.000,0.000,0.000,0.000,0.000,0.000,0.000,0.000,0.000,0.000,0.000,0.000,0.000,0,0,2.138,2.947,7.540,0.000,17
Classic CPU ROAM,RelWithDebInfo,OpenGL,NVIDIA GeForce RTX 5090 D/PCIe/SSE2,4.3.0 NVIDIA 591.86,false,assets/heightmaps/Hm_Terrain_Test_129.pgm,129,129,80.000,12.000,20,4.000,2.000,200000,2.618,0.000,18.000,33.212,15.818,21726,63440,21724,108,54,116,62,0,0,0,0,1,69.058,23.345,22.623,0.223,2.978,0.031,0.161,0.000,2.182,0.071,0.164,8.154,8.656,0.496,0.000,0.000,0.000,0.000,0.000,0.000,0.000,0.000,0.000,0.000,0.000,0.000,0.000,0.000,0.000,0.000,0,0,2.253,3.011,8.318,0.000,17
Classic CPU ROAM,RelWithDebInfo,OpenGL,NVIDIA GeForce RTX 5090 D/PCIe/SSE2,4.3.0 NVIDIA 591.86,false,assets/heightmaps/Hm_Terrain_Test_129.pgm,129,129,80.000,12.000,20,4.000,2.000,200000,2.642,0.000,18.000,33.097,24.570,21700,63672,21698,116,58,142,68,0,0,0,0,1,89.368,17.799,17.479,0.486,4.878,0.041,0.167,0.000,2.313,0.052,0.173,7.377,1.989,0.220,0.000,0.000,0.000,0.000,0.000,0.000,0.000,0.000,0.000,0.000,0.000,0.000,0.000,0.000,0.000,0.000,0,0,2.365,4.921,7.549,0.000,17
Classic CPU ROAM,RelWithDebInfo,OpenGL,NVIDIA GeForce RTX 5090 D/PCIe/SSE2,4.3.0 NVIDIA 591.86,false,assets/heightmaps/Hm_Terrain_Test_129.pgm,129,129,80.000,12.000,20,4.000,2.000,200000,2.661,0.000,18.000,33.011,18.404,21714,63924,21712,126,63,112,75,0,0,0,0,1,107.010,14.932,14.600,0.197,2.677,0.029,0.159,0.000,2.077,0.056,0.169,7.305,1.928,0.230,0.000,0.000,0.000,0.000,0.000,0.000,0.000,0.000,0.000,0.000,0.000,0.000,0.000,0.000,0.000,0.000,0,0,2.134,2.708,7.473,0.000,17
Classic CPU ROAM,RelWithDebInfo,OpenGL,NVIDIA GeForce RTX 5090 D/PCIe/SSE2,4.3.0 NVIDIA 591.86,false,assets/heightmaps/Hm_Terrain_Test_129.pgm,129,129,80.000,12.000,20,4.000,2.000,200000,2.676,0.000,18.000,32.939,15.404,21754,64244,21752,160,80,120,97,0,0,0,0,1,109.013,14.660,14.331,0.186,2.630,0.034,0.170,0.000,2.025,0.067,0.161,7.323,1.734,0.232,0.000,0.000,0.000,0.000,0.000,0.000,0.000,0.000,0.000,0.000,0.000,0.000,0.000,0.000,0.000,0.000,0,0,2.092,2.665,7.484,0.000,17
Classic CPU ROAM,RelWithDebInfo,OpenGL,NVIDIA GeForce RTX 5090 D/PCIe/SSE2,4.3.0 NVIDIA 591.86,false,assets/heightmaps/Hm_Terrain_Test_129.pgm,129,129,80.000,12.000,20,4.000,2.000,200000,2.691,0.000,18.000,32.868,15.089,21796,64468,21794,122,66,80,61,0,0,0,0,1,106.716,14.951,14.639,0.188,2.698,0.023,0.161,0.000,1.949,0.048,0.158,7.418,1.995,0.212,0.000,0.000,0.000,0.000,0.000,0.000,0.000,0.000,0.000,0.000,0.000,0.000,0.000,0.000,0.000,0.000,0,0,1.997,2.723,7.576,0.000,17
Classic CPU ROAM,RelWithDebInfo,OpenGL,NVIDIA GeForce RTX 5090 D/PCIe/SSE2,4.3.0 NVIDIA 591.86,false,assets/heightmaps/Hm_Terrain_Test_129.pgm,129,129,80.000,12.000,20,4.000,2.000,200000,2.707,0.000,18.000,32.795,15.438,21776,64676,21774,114,62,134,64,0,0,0,0,1,103.831,15.382,15.046,0.203,2.900,0.037,0.157,0.000,1.998,0.045,0.161,7.357,2.187,0.231,0.000,0.000,0.000,0.000,0.000,0.000,0.000,0.000,0.000,0.000,0.000,0.000,0.000,0.000,0.000,0.000,0,0,2.043,2.938,7.517,0.000,17
Classic CPU ROAM,RelWithDebInfo,OpenGL,NVIDIA GeForce RTX 5090 D/PCIe/SSE2,4.3.0 NVIDIA 591.86,false,assets/heightmaps/Hm_Terrain_Test_129.pgm,129,129,80.000,12.000,20,4.000,2.000,200000,2.723,0.000,18.000,32.720,15.811,21781,64874,21779,99,49,94,58,0,0,0,0,1,104.006,15.337,15.021,0.183,2.837,0.024,0.158,0.000,2.033,0.043,0.167,7.389,2.186,0.213,0.000,0.000,0.000,0.000,0.000,0.000,0.000,0.000,0.000,0.000,0.000,0.000,0.000,0.000,0.000,0.000,0,0,2.076,2.862,7.556,0.000,17
Classic CPU ROAM,RelWithDebInfo,OpenGL,NVIDIA GeForce RTX 5090 D/PCIe/SSE2,4.3.0 NVIDIA 591.86,false,assets/heightmaps/Hm_Terrain_Test_129.pgm,129,129,80.000,12.000,20,4.000,2.000,200000,2.738,0.000,18.000,32.645,15.759,21773,65116,21771,121,60,129,67,0,0,0,0,1,104.529,15.276,14.946,0.183,2.861,0.036,0.169,0.000,2.096,0.051,0.160,7.346,2.044,0.221,0.000,0.000,0.000,0.000,0.000,0.000,0.000,0.000,0.000,0.000,0.000,0.000,0.000,0.000,0.000,0.000,0,0,2.148,2.897,7.505,0.000,17
Classic CPU ROAM,RelWithDebInfo,OpenGL,NVIDIA GeForce RTX 5090 D/PCIe/SSE2,4.3.0 NVIDIA 591.86,false,assets/heightmaps/Hm_Terrain_Test_129.pgm,129,129,80.000,12.000,20,4.000,2.000,200000,2.754,0.000,18.000,32.569,15.721,21746,65344,21744,114,57,141,73,0,0,0,0,1,97.555,16.688,16.014,0.186,3.102,0.041,0.157,0.000,2.107,0.066,0.158,7.495,2.701,0.223,0.000,0.000,0.000,0.000,0.000,0.000,0.000,0.000,0.000,0.000,0.000,0.000,0.000,0.000,0.000,0.000,0,0,2.174,3.144,7.652,0.000,17
Classic CPU ROAM,RelWithDebInfo,OpenGL,NVIDIA GeForce RTX 5090 D/PCIe/SSE2,4.3.0 NVIDIA 591.86,false,assets/heightmaps/Hm_Terrain_Test_129.pgm,129,129,80.000,12.000,20,4.000,2.000,200000,2.771,0.000,18.000,32.487,17.135,21678,65532,21676,94,47,162,68,0,0,0,0,1,101.946,15.646,15.324,0.187,3.169,0.043,0.157,0.000,2.077,0.040,0.160,7.386,2.103,0.215,0.000,0.000,0.000,0.000,0.000,0.000,0.000,0.000,0.000,0.000,0.000,0.000,0.000,0.000,0.000,0.000,0,0,2.117,3.213,7.547,0.000,17
Classic CPU ROAM,RelWithDebInfo,OpenGL,NVIDIA GeForce RTX 5090 D/PCIe/SSE2,4.3.0 NVIDIA 591.86,false,assets/heightmaps/Hm_Terrain_Test_129.pgm,129,129,80.000,12.000,20,4.000,2.000,200000,2.787,0.000,18.000,32.410,16.073,21662,65756,21660,112,56,128,66,0,0,0,0,1,0.000,15.011,14.700,0.174,2.862,0.036,0.166,0.000,2.049,0.048,0.157,7.260,1.945,0.210,0.000,0.000,0.000,0.000,0.000,0.000,0.000,0.000,0.000,0.000,0.000,0.000,0.000,0.000,0.000,0.000,0,0,2.098,2.900,7.417,0.000,17
Classic CPU ROAM,RelWithDebInfo,OpenGL,NVIDIA GeForce RTX 5090 D/PCIe/SSE2,4.3.0 NVIDIA 591.86,false,assets/heightmaps/Hm_Terrain_Test_129.pgm,129,129,80.000,12.000,20,4.000,2.000,200000,2.803,0.000,18.000,32.335,15.438,21680,66004,21678,126,64,108,74,0,0,0,0,1,106.329,15.012,14.692,0.181,2.898,0.032,0.156,0.000,1.960,0.051,0.157,7.241,2.016,0.210,0.000,0.000,0.000,0.000,0.000,0.000,0.000,0.000,0.000,0.000,0.000,0.000,0.000,0.000,0.000,0.000,0,0,2.011,2.931,7.397,0.000,17
Classic CPU ROAM,RelWithDebInfo,OpenGL,NVIDIA GeForce RTX 5090 D/PCIe/SSE2,4.3.0 NVIDIA 591.86,false,assets/heightmaps/Hm_Terrain_Test_129.pgm,129,129,80.000,12.000,20,4.000,2.000,200000,2.818,0.000,18.000,32.260,15.442,21652,66200,21650,98,49,126,72,0,0,0,0,1,101.574,15.699,15.381,0.203,3.176,0.035,0.156,0.000,1.979,0.040,0.159,7.277,2.354,0.214,0.000,0.000,0.000,0.000,0.000,0.000,0.000,0.000,0.000,0.000,0.000,0.000,0.000,0.000,0.000,0.000,0,0,2.020,3.213,7.436,0.000,17
Classic CPU ROAM,RelWithDebInfo,OpenGL,NVIDIA GeForce RTX 5090 D/PCIe/SSE2,4.3.0 NVIDIA 591.86,false,assets/heightmaps/Hm_Terrain_Test_129.pgm,129,129,80.000,12.000,20,4.000,2.000,200000,2.834,0.000,18.000,32.182,16.132,21642,66428,21640,114,57,124,68,0,0,0,0,1,105.954,15.071,14.745,0.229,2.988,0.034,0.160,0.000,2.041,0.046,0.161,7.184,1.899,0.220,0.000,0.000,0.000,0.000,0.000,0.000,0.000,0.000,0.000,0.000,0.000,0.000,0.000,0.000,0.000,0.000,0,0,2.087,3.024,7.345,0.000,17
Classic CPU ROAM,RelWithDebInfo,OpenGL,NVIDIA GeForce RTX 5090 D/PCIe/SSE2,4.3.0 NVIDIA 591.86,false,assets/heightmaps/Hm_Terrain_Test_129.pgm,129,129,80.000,12.000,20,4.000,2.000,200000,2.850,0.000,18.000,32.106,15.548,21648,66668,21646,120,60,114,64,0,0,0,0,1,105.567,15.127,14.798,0.184,2.873,0.033,0.173,0.000,2.178,0.052,0.157,7.230,1.916,0.222,0.000,0.000,0.000,0.000,0.000,0.000,0.000,0.000,0.000,0.000,0.000,0.000,0.000,0.000,0.000,0.000,0,0,2.230,2.908,7.388,0.000,17
Classic CPU ROAM,RelWithDebInfo,OpenGL,NVIDIA GeForce RTX 5090 D/PCIe/SSE2,4.3.0 NVIDIA 591.86,false,assets/heightmaps/Hm_Terrain_Test_129.pgm,129,129,80.000,12.000,20,4.000,2.000,200000,2.865,0.000,18.000,32.029,15.620,21666,66880,21664,106,53,88,59,0,0,0,0,1,104.297,15.303,14.979,0.198,3.007,0.025,0.157,0.000,1.977,0.047,0.157,7.250,2.159,0.217,0.000,0.000,0.000,0.000,0.000,0.000,0.000,0.000,0.000,0.000,0.000,0.000,0.000,0.000,0.000,0.000,0,0,2.024,3.033,7.407,0.000,17
Classic CPU ROAM,RelWithDebInfo,OpenGL,NVIDIA GeForce RTX 5090 D/PCIe/SSE2,4.3.0 NVIDIA 591.86,false,assets/heightmaps/Hm_Terrain_Test_129.pgm,129,129,80.000,12.000,20,4.000,2.000,200000,2.881,0.000,18.000,31.952,15.738,21648,67160,21646,140,70,158,81,0,0,0,0,1,100.647,15.847,15.522,0.183,3.190,0.042,0.157,0.000,1.954,0.062,0.166,7.423,2.343,0.221,0.000,0.000,0.000,0.000,0.000,0.000,0.000,0.000,0.000,0.000,0.000,0.000,0.000,0.000,0.000,0.000,0,0,2.017,3.233,7.589,0.000,17
Classic CPU ROAM,RelWithDebInfo,OpenGL,NVIDIA GeForce RTX 5090 D/PCIe/SSE2,4.3.0 NVIDIA 591.86,false,assets/heightmaps/Hm_Terrain_Test_129.pgm,129,129,80.000,12.000,20,4.000,2.000,200000,2.897,0.000,18.000,31.872,16.311,21658,67372,21656,106,53,96,64,0,0,0,0,1,102.713,15.527,15.211,0.171,2.952,0.026,0.169,0.000,2.089,0.048,0.160,7.592,2.001,0.215,0.000,0.000,0.000,0.000,0.000,0.000,0.000,0.000,0.000,0.000,0.000,0.000,0.000,0.000,0.000,0.000,0,0,2.137,2.979,7.752,0.000,17
Classic CPU ROAM,RelWithDebInfo,OpenGL,NVIDIA GeForce RTX 5090 D/PCIe/SSE2,4.3.0 NVIDIA 591.86,false,assets/heightmaps/Hm_Terrain_Test_129.pgm,129,129,80.000,12.000,20,4.000,2.000,200000,2.913,0.000,18.000,31.793,15.956,21630,67564,21628,96,48,124,58,0,0,0,0,1,105.186,15.174,14.853,0.175,2.987,0.035,0.162,0.000,1.987,0.041,0.158,7.253,2.055,0.215,0.000,0.000,0.000,0.000,0.000,0.000,0.000,0.000,0.000,0.000,0.000,0.000,0.000,0.000,0.000,0.000,0,0,2.028,3.022,7.411,0.000,17
Classic CPU ROAM,RelWithDebInfo,OpenGL,NVIDIA GeForce RTX 5090 D/PCIe/SSE2,4.3.0 NVIDIA 591.86,false,assets/heightmaps/Hm_Terrain_Test_129.pgm,129,129,80.000,12.000,20,4.000,2.000,200000,2.929,0.000,18.000,31.715,15.616,21638,67828,21636,132,66,124,79,0,0,0,0,1,101.615,15.704,15.374,0.184,2.997,0.035,0.157,0.000,1.939,0.052,0.159,7.406,2.444,0.223,0.000,0.000,0.000,0.000,0.000,0.000,0.000,0.000,0.000,0.000,0.000,0.000,0.000,0.000,0.000,0.000,0,0,1.991,3.033,7.565,0.000,17
Classic CPU ROAM,RelWithDebInfo,OpenGL,NVIDIA GeForce RTX 5090 D/PCIe/SSE2,4.3.0 NVIDIA 591.86,false,assets/heightmaps/Hm_Terrain_Test_129.pgm,129,129,80.000,12.000,20,4.000,2.000,200000,2.945,0.000,18.000,31.635,16.166,21648,68052,21646,112,56,102,66,0,0,0,0,1,103.188,15.453,15.140,0.180,3.039,0.027,0.162,0.000,2.101,0.063,0.167,7.321,2.078,0.215,0.000,0.000,0.000,0.000,0.000,0.000,0.000,0.000,0.000,0.000,0.000,0.000,0.000,0.000,0.000,0.000,0,0,2.165,3.067,7.488,0.000,17
Classic CPU ROAM,RelWithDebInfo,OpenGL,NVIDIA GeForce RTX 5090 D/PCIe/SSE2,4.3.0 NVIDIA 591.86,false,assets/heightmaps/Hm_Terrain_Test_129.pgm,129,129,80.000,12.000,20,4.000,2.000,200000,2.961,0.000,18.000,31.555,15.911,21671,68324,21669,136,68,113,79,0,0,0,0,1,106.319,15.031,14.694,0.171,2.834,0.031,0.167,0.000,2.037,0.057,0.158,7.264,1.973,0.235,0.000,0.000,0.000,0.000,0.000,0.000,0.000,0.000,0.000,0.000,0.000,0.000,0.000,0.000,0.000,0.000,0,0,2.094,2.866,7.423,0.000,17
Classic CPU ROAM,RelWithDebInfo,OpenGL,NVIDIA GeForce RTX 5090 D/PCIe/SSE2,4.3.0 NVIDIA 591.86,false,assets/heightmaps/Hm_Terrain_Test_129.pgm,129,129,80.000,12.000,20,4.000,2.000,200000,2.977,0.000,18.000,31.478,15.472,21668,68630,21666,153,76,156,87,0,0,0,0,1,100.288,15.894,15.578,0.188,2.997,0.042,0.157,0.000,1.954,0.065,0.159,7.416,2.599,0.213,0.000,0.000,0.000,0.000,0.000,0.000,0.000,0.000,0.000,0.000,0.000,0.000,0.000,0.000,0.000,0.000,0,0,2.020,3.040,7.574,0.000,17
Classic CPU ROAM,RelWithDebInfo,OpenGL,NVIDIA GeForce RTX 5090 D/PCIe/SSE2,4.3.0 NVIDIA 591.86,false,assets/heightmaps/Hm_Terrain_Test_129.pgm,129,129,80.000,12.000,20,4.000,2.000,200000,2.993,0.000,18.000,31.396,16.325,21691,68868,21689,119,59,96,63,0,0,0,0,1,101.237,15.753,15.432,0.176,3.184,0.027,0.159,0.000,2.015,0.050,0.175,7.291,2.354,0.217,0.000,0.000,0.000,0.000,0.000,0.000,0.000,0.000,0.000,0.000,0.000,0.000,0.000,0.000,0.000,0.000,0,0,2.065,3.213,7.465,0.000,17
Classic CPU ROAM,RelWithDebInfo,OpenGL,NVIDIA GeForce RTX 5090 D/PCIe/SSE2,4.3.0 NVIDIA 591.86,false,assets/heightmaps/Hm_Terrain_Test_129.pgm,129,129,80.000,12.000,20,4.000,2.000,200000,3.009,0.000,18.000,31.314,16.217,21612,69072,21610,102,51,181,89,0,0,0,0,1,104.259,15.296,14.984,0.174,2.979,0.049,0.170,0.000,2.191,0.044,0.159,7.244,1.972,0.210,0.000,0.000,0.000,0.000,0.000,0.000,0.000,0.000,0.000,0.000,0.000,0.000,0.000,0.000,0.000,0.000,0,0,2.235,3.030,7.403,0.000,17
Classic CPU ROAM,RelWithDebInfo,OpenGL,NVIDIA GeForce RTX 5090 D/PCIe/SSE2,4.3.0 NVIDIA 591.86,false,assets/heightmaps/Hm_Terrain_Test_129.pgm,129,129,80.000,12.000,20,4.000,2.000,200000,3.025,0.000,18.000,31.234,15.735,21572,69324,21570,126,63,166,80,0,0,0,0,1,101.307,15.736,15.421,0.179,2.918,0.047,0.159,0.000,1.990,0.052,0.157,7.458,2.460,0.212,0.000,0.000,0.000,0.000,0.000,0.000,0.000,0.000,0.000,0.000,0.000,0.000,0.000,0.000,0.000,0.000,0,0,2.042,2.966,7.615,0.000,17
Classic CPU ROAM,RelWithDebInfo,OpenGL,NVIDIA GeForce RTX 5090 D/PCIe/SSE2,4.3.0 NVIDIA 591.86,false,assets/heightmaps/Hm_Terrain_Test_129.pgm,129,129,80.000,12.000,20,4.000,2.000,200000,3.041,0.000,18.000,31.152,16.175,21556,69600,21554,138,69,154,82,0,0,0,0,1,101.888,15.644,15.333,0.188,3.223,0.041,0.154,0.000,1.952,0.057,0.162,7.273,2.282,0.208,0.000,0.000,0.000,0.000,0.000,0.000,0.000,0.000,0.000,0.000,0.000,0.000,0.000,0.000,0.000,0.000,0,0,2.009,3.266,7.434,0.000,17
Classic CPU ROAM,RelWithDebInfo,OpenGL,NVIDIA GeForce RTX 5090 D/PCIe/SSE2,4.3.0 NVIDIA 591.86,false,assets/heightmaps/Hm_Terrain_Test_129.pgm,129,129,80.000,12.000,20,4.000,2.000,200000,3.057,0.000,18.000,31.071,16.074,21529,69808,21527,104,52,131,64,0,0,0,0,1,104.484,15.264,14.952,0.176,2.905,0.038,0.161,0.000,1.995,0.063,0.159,7.418,2.036,0.212,0.000,0.000,0.000,0.000,0.000,0.000,0.000,0.000,0.000,0.000,0.000,0.000,0.000,0.000,0.000,0.000,0,0,2.059,2.944,7.577,0.000,17
Classic CPU ROAM,RelWithDebInfo,OpenGL,NVIDIA GeForce RTX 5090 D/PCIe/SSE2,4.3.0 NVIDIA 591.86,false,assets/heightmaps/Hm_Terrain_Test_129.pgm,129,129,80.000,12.000,20,4.000,2.000,200000,3.073,0.000,18.000,30.991,15.676,21505,70048,21503,120,60,144,73,0,0,0,0,1,102.358,15.579,15.263,0.175,2.919,0.039,0.162,0.000,1.934,0.050,0.156,7.380,2.445,0.215,0.000,0.000,0.000,0.000,0.000,0.000,0.000,0.000,0.000,0.000,0.000,0.000,0.000,0.000,0.000,0.000,0,0,1.985,2.960,7.536,0.000,17
Classic CPU ROAM,RelWithDebInfo,OpenGL,NVIDIA GeForce RTX 5090 D/PCIe/SSE2,4.3.0 NVIDIA 591.86,false,assets/heightmaps/Hm_Terrain_Test_129.pgm,129,129,80.000,12.000,20,4.000,2.000,200000,3.089,0.000,18.000,30.909,16.007,21523,70312,21521,132,66,114,78,0,0,0,0,1,100.575,15.899,15.533,0.203,3.243,0.032,0.158,0.000,1.977,0.055,0.160,7.240,2.464,0.218,0.000,0.000,0.000,0.000,0.000,0.000,0.000,0.000,0.000,0.000,0.000,0.000,0.000,0.000,0.000,0.000,0,0,2.032,3.277,7.400,0.000,17
Classic CPU ROAM,RelWithDebInfo,OpenGL,NVIDIA GeForce RTX 5090 D/PCIe/SSE2,4.3.0 NVIDIA 591.86,false,assets/heightmaps/Hm_Terrain_Test_129.pgm,129,129,80.000,12.000,20,4.000,2.000,200000,3.105,0.000,18.000,30.825,16.334,21527,70544,21525,116,58,112,66,0,0,0,0,1,103.313,15.443,15.122,0.193,3.108,0.032,0.158,0.000,2.052,0.049,0.160,7.264,2.105,0.220,0.000,0.000,0.000,0.000,0.000,0.000,0.000,0.000,0.000,0.000,0.000,0.000,0.000,0.000,0.000,0.000,0,0,2.101,3.141,7.424,0.000,17
Classic CPU ROAM,RelWithDebInfo,OpenGL,NVIDIA GeForce RTX 5090 D/PCIe/SSE2,4.3.0 NVIDIA 591.86,false,assets/heightmaps/Hm_Terrain_Test_129.pgm,129,129,80.000,12.000,20,4.000,2.000,200000,3.121,0.000,18.000,30.743,15.904,21553,70792,21551,124,62,98,72,0,0,0,0,1,100.580,15.857,15.533,0.173,2.898,0.026,0.175,0.000,2.030,0.053,0.156,7.378,2.642,0.218,0.000,0.000,0.000,0.000,0.000,0.000,0.000,0.000,0.000,0.000,0.000,0.000,0.000,0.000,0.000,0.000,0,0,2.084,2.926,7.534,0.000,17
Classic CPU ROAM,RelWithDebInfo,OpenGL,NVIDIA GeForce RTX 5090 D/PCIe/SSE2,4.3.0 NVIDIA 591.86,false,assets/heightmaps/Hm_Terrain_Test_129.pgm,129,129,80.000,12.000,20,4.000,2.000,200000,3.137,0.000,18.000,30.659,16.296,21524,71060,21522,134,67,163,79,0,0,0,0,1,97.559,16.337,16.014,0.187,3.277,0.047,0.157,0.000,2.049,0.056,0.160,7.480,2.597,0.220,0.000,0.000,0.000,0.000,0.000,0.000,0.000,0.000,0.000,0.000,0.000,0.000,0.000,0.000,0.000,0.000,0,0,2.106,3.326,7.640,0.000,17
Classic CPU ROAM,RelWithDebInfo,OpenGL,NVIDIA GeForce RTX 5090 D/PCIe/SSE2,4.3.0 NVIDIA 591.86,false,assets/heightmaps/Hm_Terrain_Test_129.pgm,129,129,80.000,12.000,20,4.000,2.000,200000,3.154,0.000,18.000,30.572,16.838,21542,71380,21540,160,80,142,92,0,0,0,0,1,98.636,16.159,15.838,0.181,3.235,0.036,0.182,0.000,2.192,0.068,0.158,7.601,2.183,0.219,0.000,0.000,0.000,0.000,0.000,0.000,0.000,0.000,0.000,0.000,0.000,0.000,0.000,0.000,0.000,0.000,0,0,2.260,3.273,7.759,0.000,17
Classic CPU ROAM,RelWithDebInfo,OpenGL,NVIDIA GeForce RTX 5090 D/PCIe/SSE2,4.3.0 NVIDIA 591.86,false,assets/heightmaps/Hm_Terrain_Test_129.pgm,129,129,80.000,12.000,20,4.000,2.000,200000,3.171,0.000,18.000,30.483,17.188,21448,71628,21446,124,62,218,100,0,0,0,0,1,102.332,15.597,15.266,0.185,3.147,0.066,0.155,0.000,1.959,0.052,0.162,7.212,2.326,0.223,0.000,0.000,0.000,0.000,0.000,0.000,0.000,0.000,0.000,0.000,0.000,0.000,0.000,0.000,0.000,0.000,0,0,2.012,3.215,7.374,0.000,17
Classic CPU ROAM,RelWithDebInfo,OpenGL,NVIDIA GeForce RTX 5090 D/PCIe/SSE2,4.3.0 NVIDIA 591.86,false,assets/heightmaps/Hm_Terrain_Test_129.pgm,129,129,80.000,12.000,20,4.000,2.000,200000,3.187,0.000,18.000,30.399,16.130,21462,71868,21460,120,60,106,75,0,0,0,0,1,100.877,15.806,15.487,0.178,3.290,0.031,0.156,0.000,2.105,0.076,0.161,7.246,2.242,0.216,0.000,0.000,0.000,0.000,0.000,0.000,0.000,0.000,0.000,0.000,0.000,0.000,0.000,0.000,0.000,0.000,0,0,2.182,3.322,7.407,0.000,17
Classic CPU ROAM,RelWithDebInfo,OpenGL,NVIDIA GeForce RTX 5090 D/PCIe/SSE2,4.3.0 NVIDIA 591.86,false,assets/heightmaps/Hm_Terrain_Test_129.pgm,129,129,80.000,12.000,20,4.000,2.000,200000,3.204,0.000,18.000,30.312,16.628,21480,72088,21478,110,55,92,64,0,0,0,0,1,102.912,15.510,15.181,0.188,3.076,0.026,0.166,0.000,2.114,0.048,0.155,7.332,2.075,0.222,0.000,0.000,0.000,0.000,0.000,0.000,0.000,0.000,0.000,0.000,0.000,0.000,0.000,0.000,0.000,0.000,0,0,2.162,3.103,7.487,0.000,17
Classic CPU ROAM,RelWithDebInfo,OpenGL,NVIDIA GeForce RTX 5090 D/PCIe/SSE2,4.3.0 NVIDIA 591.86,false,assets/heightmaps/Hm_Terrain_Test_129.pgm,129,129,80.000,12.000,20,4.000,2.000,200000,3.221,0.000,18.000,30.225,16.537,21501,72400,21499,156,77,135,87,0,0,0,0,1,103.075,15.479,15.156,0.194,3.010,0.037,0.153,0.000,1.989,0.066,0.158,7.205,2.343,0.216,0.000,0.000,0.000,0.000,0.000,0.000,0.000,0.000,0.000,0.000,0.000,0.000,0.000,0.000,0.000,0.000,0,0,2.055,3.049,7.362,0.000,17
Classic CPU ROAM,RelWithDebInfo,OpenGL,NVIDIA GeForce RTX 5090 D/PCIe/SSE2,4.3.0 NVIDIA 591.86,false,assets/heightmaps/Hm_Terrain_Test_129.pgm,129,129,80.000,12.000,20,4.000,2.000,200000,3.237,0.000,18.000,30.141,16.022,21491,72612,21489,106,53,116,76,0,0,0,0,1,104.456,15.281,14.956,0.179,3.160,0.036,0.159,0.000,2.079,0.045,0.163,7.229,1.905,0.212,0.000,0.000,0.000,0.000,0.000,0.000,0.000,0.000,0.000,0.000,0.000,0.000,0.000,0.000,0.000,0.000,0,0,2.124,3.197,7.392,0.000,17
Classic CPU ROAM,RelWithDebInfo,OpenGL,NVIDIA GeForce RTX 5090 D/PCIe/SSE2,4.3.0 NVIDIA 591.86,false,assets/heightmaps/Hm_Terrain_Test_129.pgm,129,129,80.000,12.000,20,4.000,2.000,200000,3.253,0.000,18.000,30.057,16.113,21523,72872,21521,130,65,98,72,0,0,0,0,1,107.018,14.938,14.598,0.191,2.796,0.029,0.169,0.000,2.002,0.053,0.160,7.194,2.003,0.230,0.000,0.000,0.000,0.000,0.000,0.000,0.000,0.000,0.000,0.000,0.000,0.000,0.000,0.000,0.000,0.000,0,0,2.055,2.826,7.354,0.000,17
Classic CPU ROAM,RelWithDebInfo,OpenGL,NVIDIA GeForce RTX 5090 D/PCIe/SSE2,4.3.0 NVIDIA 591.86,false,assets/heightmaps/Hm_Terrain_Test_129.pgm,129,129,80.000,12.000,20,4.000,2.000,200000,3.269,0.000,18.000,29.974,15.720,21417,73132,21415,130,65,236,110,0,0,0,0,1,100.185,15.923,15.593,0.193,3.178,0.062,0.156,0.000,1.985,0.057,0.159,7.230,2.571,0.216,0.000,0.000,0.000,0.000,0.000,0.000,0.000,0.000,0.000,0.000,0.000,0.000,0.000,0.000,0.000,0.000,0,0,2.043,3.242,7.388,0.000,17
Classic CPU ROAM,RelWithDebInfo,OpenGL,NVIDIA GeForce RTX 5090 D/PCIe/SSE2,4.3.0 NVIDIA 591.86,false,assets/heightmaps/Hm_Terrain_Test_129.pgm,129,129,80.000,12.000,20,4.000,2.000,200000,3.285,0.000,18.000,29.884,16.928,21433,73400,21431,134,67,118,80,0,0,0,0,1,102.660,15.547,15.218,0.173,3.036,0.034,0.159,0.000,2.009,0.056,0.161,7.214,2.375,0.223,0.000,0.000,0.000,0.000,0.000,0.000,0.000,0.000,0.000,0.000,0.000,0.000,0.000,0.000,0.000,0.000,0,0,2.065,3.071,7.374,0.000,17
Classic CPU ROAM,RelWithDebInfo,OpenGL,NVIDIA GeForce RTX 5090 D/PCIe/SSE2,4.3.0 NVIDIA 591.86,false,assets/heightmaps/Hm_Terrain_Test_129.pgm,129,129,80.000,12.000,20,4.000,2.000,200000,3.301,0.000,18.000,29.799,16.058,21409,73596,21407,98,49,122,58,0,0,0,0,1,0.000,14.764,14.457,0.173,3.025,0.035,0.169,0.000,2.047,0.062,0.156,7.173,1.614,0.207,0.000,0.000,0.000,0.000,0.000,0.000,0.000,0.000,0.000,0.000,0.000,0.000,0.000,0.000,0.000,0.000,0,0,2.110,3.062,7.329,0.000,17
Classic CPU ROAM,RelWithDebInfo,OpenGL,NVIDIA GeForce RTX 5090 D/PCIe/SSE2,4.3.0 NVIDIA 591.86,false,assets/heightmaps/Hm_Terrain_Test_129.pgm,129,129,80.000,12.000,20,4.000,2.000,200000,3.317,0.000,18.000,29.717,15.515,21383,73768,21381,86,43,112,74,0,0,0,0,1,0.000,14.931,14.599,0.186,2.801,0.030,0.156,0.000,1.936,0.038,0.156,7.209,2.084,0.229,0.000,0.000,0.000,0.000,0.000,0.000,0.000,0.000,0.000,0.000,0.000,0.000,0.000,0.000,0.000,0.000,0,0,1.974,2.833,7.365,0.000,17
Classic CPU ROAM,RelWithDebInfo,OpenGL,NVIDIA GeForce RTX 5090 D/PCIe/SSE2,4.3.0 NVIDIA 591.86,false,assets/heightmaps/Hm_Terrain_Test_129.pgm,129,129,80.000,12.000,20,4.000,2.000,200000,3.333,0.000,18.000,29.633,15.731,21389,74040,21387,136,68,130,82,0,0,0,0,1,101.864,15.655,15.336,0.197,2.873,0.034,0.153,0.000,1.978,0.060,0.161,7.313,2.565,0.216,0.000,0.000,0.000,0.000,0.000,0.000,0.000,0.000,0.000,0.000,0.000,0.000,0.000,0.000,0.000,0.000,0,0,2.038,2.909,7.474,0.000,17
Classic CPU ROAM,RelWithDebInfo,OpenGL,NVIDIA GeForce RTX 5090 D/PCIe/SSE2,4.3.0 NVIDIA 591.86,false,assets/heightmaps/Hm_Terrain_Test_129.pgm,129,129,80.000,12.000,20,4.000,2.000,200000,3.349,0.000,18.000,29.545,16.454,21403,74308,21401,134,67,120,81,0,0,0,0,1,0.000,15.309,14.996,0.170,3.081,0.032,0.173,0.000,2.247,0.059,0.161,7.257,1.812,0.210,0.000,0.000,0.000,0.000,0.000,0.000,0.000,0.000,0.000,0.000,0.000,0.000,0.000,0.000,0.000,0.000,0,0,2.307,3.115,7.419,0.000,17
Classic CPU ROAM,RelWithDebInfo,OpenGL,NVIDIA GeForce RTX 5090 D/PCIe/SSE2,4.3.0 NVIDIA 591.86,false,assets/heightmaps/Hm_Terrain_Test_129.pgm,129,129,80.000,12.000,20,4.000,2.000,200000,3.365,0.000,18.000,29.459,16.058,21459,74596,21457,144,72,88,89,0,0,0,0,1,104.404,15.288,14.963,0.202,2.874,0.024,0.160,0.000,2.024,0.062,0.159,7.279,2.178,0.220,0.000,0.000,0.000,0.000,0.000,0.000,0.000,0.000,0.000,0.000,0.000,0.000,0.000,0.000,0.000,0.000,0,0,2.086,2.899,7.438,0.000,17
Classic CPU ROAM,RelWithDebInfo,OpenGL,NVIDIA GeForce RTX 5090 D/PCIe/SSE2,4.3.0 NVIDIA 591.86,false,assets/heightmaps/Hm_Terrain_Test_129.pgm,129,129,80.000,12.000,20,4.000,2.000,200000,3.381,0.000,18.000,29.373,16.094,21463,74844,21461,124,62,120,69,0,0,0,0,1,102.363,15.581,15.262,0.221,3.198,0.033,0.155,0.000,2.071,0.056,0.164,7.303,2.059,0.217,0.000,0.000,0.000,0.000,0.000,0.000,0.000,0.000,0.000,0.000,0.000,0.000,0.000,0.000,0.000,0.000,0,0,2.127,3.232,7.467,0.000,17
Classic CPU ROAM,RelWithDebInfo,OpenGL,NVIDIA GeForce RTX 5090 D/PCIe/SSE2,4.3.0 NVIDIA 591.86,false,assets/heightmaps/Hm_Terrain_Test_129.pgm,129,129,80.000,12.000,20,4.000,2.000,200000,3.398,0.000,18.000,29.285,16.318,21437,75064,21435,110,55,136,59,0,0,0,0,1,105.403,15.135,14.822,0.179,2.659,0.037,0.168,0.000,2.034,0.046,0.158,7.364,2.174,0.215,0.000,0.000,0.000,0.000,0.000,0.000,0.000,0.000,0.000,0.000,0.000,0.000,0.000,0.000,0.000,0.000,0,0,2.081,2.698,7.522,0.000,17
Classic CPU ROAM,RelWithDebInfo,OpenGL,NVIDIA GeForce RTX 5090 D/PCIe/SSE2,4.3.0 NVIDIA 591.86,false,assets/heightmaps/Hm_Terrain_Test_129.pgm,129,129,80.000,12.000,20,4.000,2.000,200000,3.414,0.000,18.000,29.199,15.919,21372,75280,21370,108,54,173,88,0,0,0,0,1,103.181,15.457,15.141,0.182,2.883,0.045,0.158,0.000,1.994,0.047,0.159,7.552,2.120,0.211,0.000,0.000,0.000,0.000,0.000,0.000,0.000,0.000,0.000,0.000,0.000,0.000,0.000,0.000,0.000,0.000,0,0,2.041,2.929,7.711,0.000,17
Classic CPU ROAM,RelWithDebInfo,OpenGL,NVIDIA GeForce RTX 5090 D/PCIe/SSE2,4.3.0 NVIDIA 591.86,false,assets/heightmaps/Hm_Terrain_Test_129.pgm,129,129,80.000,12.000,20,4.000,2.000,200000,3.430,0.000,18.000,29.111,16.291,21372,75528,21370,124,62,124,74,0,0,0,0,1,97.626,16.324,16.002,0.187,3.025,0.036,0.159,0.000,2.070,0.070,0.175,7.454,2.826,0.219,0.000,0.000,0.000,0.000,0.000,0.000,0.000,0.000,0.000,0.000,0.000,0.000,0.000,0.000,0.000,0.000,0,0,2.140,3.062,7.628,0.000,17
Classic CPU ROAM,RelWithDebInfo,OpenGL,NVIDIA GeForce RTX 5090 D/PCIe/SSE2,4.3.0 NVIDIA 591.86,false,assets/heightmaps/Hm_Terrain_Test_129.pgm,129,129,80.000,12.000,20,4.000,2.000,200000,3.447,0.000,18.000,29.019,17.098,21336,75760,21334,116,58,152,76,0,0,0,0,1,103.031,15.490,15.163,0.201,3.341,0.044,0.193,0.000,2.218,0.049,0.159,7.179,1.777,0.216,0.000,0.000,0.000,0.000,0.000,0.000,0.000,0.000,0.000,0.000,0.000,0.000,0.000,0.000,0.000,0.000,0,0,2.268,3.387,7.338,0.000,17
Classic CPU ROAM,RelWithDebInfo,OpenGL,NVIDIA GeForce RTX 5090 D/PCIe/SSE2,4.3.0 NVIDIA 591.86,false,assets/heightmaps/Hm_Terrain_Test_129.pgm,129,129,80.000,12.000,20,4.000,2.000,200000,3.463,0.000,18.000,28.930,16.311,21331,75984,21329,112,55,117,65,0,0,0,0,1,97.573,16.326,16.011,0.209,3.044,0.031,0.157,0.000,2.048,0.052,0.160,7.540,2.768,0.217,0.000,0.000,0.000,0.000,0.000,0.000,0.000,0.000,0.000,0.000,0.000,0.000,0.000,0.000,0.000,0.000,0,0,2.100,3.077,7.700,0.000,17
Classic CPU ROAM,RelWithDebInfo,OpenGL,NVIDIA GeForce RTX 5090 D/PCIe/SSE2,4.3.0 NVIDIA 591.86,false,assets/heightmaps/Hm_Terrain_Test_129.pgm,129,129,80.000,12.000,20,4.000,2.000,200000,3.480,0.000,18.000,28.837,17.110,21361,76296,21359,156,78,126,89,0,0,0,0,1,104.706,15.238,14.921,0.194,3.104,0.035,0.167,0.000,2.187,0.070,0.167,7.233,1.761,0.216,0.000,0.000,0.000,0.000,0.000,0.000,0.000,0.000,0.000,0.000,0.000,0.000,0.000,0.000,0.000,0.000,0,0,2.258,3.141,7.400,0.000,17
Classic CPU ROAM,RelWithDebInfo,OpenGL,NVIDIA GeForce RTX 5090 D/PCIe/SSE2,4.3.0 NVIDIA 591.86,false,assets/heightmaps/Hm_Terrain_Test_129.pgm,129,129,80.000,12.000,20,4.000,2.000,200000,3.496,0.000,18.000,28.751,15.752,21321,76512,21319,108,54,148,80,0,0,0,0,1,105.935,15.079,14.748,0.189,2.591,0.040,0.212,0.000,1.985,0.047,0.160,7.293,2.229,0.231,0.000,0.000,0.000,0.000,0.000,0.000,0.000,0.000,0.000,0.000,0.000,0.000,0.000,0.000,0.000,0.000,0,0,2.033,2.633,7.452,0.000,17
Classic CPU ROAM,RelWithDebInfo,OpenGL,NVIDIA GeForce RTX 5090 D/PCIe/SSE2,4.3.0 NVIDIA 591.86,false,assets/heightmaps/Hm_Terrain_Test_129.pgm,129,129,80.000,12.000,20,4.000,2.000,200000,3.512,0.000,18.000,28.666,15.562,21324,76740,21322,114,57,111,72,0,0,0,0,1,108.693,14.680,14.373,0.189,2.742,0.031,0.155,0.000,2.012,0.048,0.156,7.210,1.828,0.206,0.000,0.000,0.000,0.000,0.000,0.000,0.000,0.000,0.000,0.000,0.000,0.000,0.000,0.000,0.000,0.000,0,0,2.060,2.774,7.366,0.000,17
Classic CPU ROAM,RelWithDebInfo,OpenGL,NVIDIA GeForce RTX 5090 D/PCIe/SSE2,4.3.0 NVIDIA 591.86,false,assets/heightmaps/Hm_Terrain_Test_129.pgm,129,129,80.000,12.000,20,4.000,2.000,200000,3.527,0.000,18.000,28.583,15.106,21324,76984,21322,122,61,122,72,0,0,0,0,1,106.263,15.007,14.702,0.198,2.700,0.034,0.155,0.000,1.959,0.052,0.157,7.246,2.201,0.210,0.000,0.000,0.000,0.000,0.000,0.000,0.000,0.000,0.000,0.000,0.000,0.000,0.000,0.000,0.000,0.000,0,0,2.011,2.735,7.403,0.000,17
Classic CPU ROAM,RelWithDebInfo,OpenGL,NVIDIA GeForce RTX 5090 D/PCIe/SSE2,4.3.0 NVIDIA 591.86,false,assets/heightmaps/Hm_Terrain_Test_129.pgm,129,129,80.000,12.000,20,4.000,2.000,200000,3.542,0.000,18.000,28.499,15.431,21346,77276,21344,146,73,124,92,0,0,0,0,1,101.453,15.710,15.399,0.192,2.865,0.034,0.154,0.000,2.143,0.087,0.214,7.527,2.180,0.210,0.000,0.000,0.000,0.000,0.000,0.000,0.000,0.000,0.000,0.000,0.000,0.000,0.000,0.000,0.000,0.000,0,0,2.231,2.900,7.741,0.000,17
Classic CPU ROAM,RelWithDebInfo,OpenGL,NVIDIA GeForce RTX 5090 D/PCIe/SSE2,4.3.0 NVIDIA 591.86,false,assets/heightmaps/Hm_Terrain_Test_129.pgm,129,129,80.000,12.000,20,4.000,2.000,200000,3.558,0.000,18.000,28.410,16.222,21314,77492,21312,108,54,140,68,0,0,0,0,1,105.873,15.052,14.756,0.180,2.780,0.040,0.178,0.000,2.097,0.045,0.156,7.425,1.854,0.202,0.000,0.000,0.000,0.000,0.000,0.000,0.000,0.000,0.000,0.000,0.000,0.000,0.000,0.000,0.000,0.000,0,0,2.143,2.820,7.581,0.000,17
Classic CPU ROAM,RelWithDebInfo,OpenGL,NVIDIA GeForce RTX 5090 D/PCIe/SSE2,4.3.0 NVIDIA 591.86,false,assets/heightmaps/Hm_Terrain_Test_129.pgm,129,129,80.000,12.000,20,4.000,2.000,200000,3.574,0.000,18.000,28.324,15.471,21274,77668,21272,88,44,128,64,0,0,0,0,1,103.634,15.403,15.075,0.177,2.737,0.034,0.154,0.000,1.944,0.038,0.165,7.487,2.337,0.224,0.000,0.000,0.000,0.000,0.000,0.000,0.000,0.000,0.000,0.000,0.000,0.000,0.000,0.000,0.000,0.000,0,0,1.982,2.772,7.652,0.000,17
Classic CPU ROAM,RelWithDebInfo,OpenGL,NVIDIA GeForce RTX 5090 D/PCIe/SSE2,4.3.0 NVIDIA 591.86,false,assets/heightmaps/Hm_Terrain_Test_129.pgm,129,129,80.000,12.000,20,4.000,2.000,200000,3.590,0.000,18.000,28.237,15.871,21314,77900,21312,116,58,76,65,0,0,0,0,1,100.214,15.897,15.589,0.190,3.185,0.021,0.155,0.000,2.082,0.050,0.166,7.280,2.459,0.208,0.000,0.000,0.000,0.000,0.000,0.000,0.000,0.000,0.000,0.000,0.000,0.000,0.000,0.000,0.000,0.000,0,0,2.132,3.207,7.446,0.000,17
Classic CPU ROAM,RelWithDebInfo,OpenGL,NVIDIA GeForce RTX 5090 D/PCIe/SSE2,4.3.0 NVIDIA 591.86,false,assets/heightmaps/Hm_Terrain_Test_129.pgm,129,129,80.000,12.000,20,4.000,2.000,200000,3.606,0.000,18.000,28.146,16.351,21344,78200,21342,150,75,120,83,0,0,0,0,1,105.285,15.154,14.839,0.168,2.956,0.034,0.160,0.000,2.046,0.063,0.156,7.204,2.050,0.210,0.000,0.000,0.000,0.000,0.000,0.000,0.000,0.000,0.000,0.000,0.000,0.000,0.000,0.000,0.000,0.000,0,0,2.109,2.991,7.361,0.000,17
Classic CPU ROAM,RelWithDebInfo,OpenGL,NVIDIA GeForce RTX 5090 D/PCIe/SSE2,4.3.0 NVIDIA 591.86,false,assets/heightmaps/Hm_Terrain_Test_129.pgm,129,129,80.000,12.000,20,4.000,2.000,200000,3.622,0.000,18.000,28.060,15.574,21336,78416,21334,108,54,116,66,0,0,0,0,1,136.786,23.474,22.842,0.170,2.968,0.033,0.162,0.000,2.021,0.045,0.157,9.682,7.602,0.392,0.000,0.000,0.000,0.000,0.000,0.000,0.000,0.000,0.000,0.000,0.000,0.000,0.000,0.000,0.000,0.000,0,0,2.067,3.002,9.839,0.000,17
Classic CPU ROAM,RelWithDebInfo,OpenGL,NVIDIA GeForce RTX 5090 D/PCIe/SSE2,4.3.0 NVIDIA 591.86,false,assets/heightmaps/Hm_Terrain_Test_129.pgm,129,129,80.000,12.000,20,4.000,2.000,200000,3.646,0.000,18.000,27.924,24.580,21362,78792,21360,188,94,162,117,0,0,0,0,1,98.220,16.212,15.906,0.198,3.587,0.044,0.162,0.000,2.281,0.082,0.164,7.437,1.949,0.205,0.000,0.000,0.000,0.000,0.000,0.000,0.000,0.000,0.000,0.000,0.000,0.000,0.000,0.000,0.000,0.000,0,0,2.363,3.633,7.601,0.000,17
Classic CPU ROAM,RelWithDebInfo,OpenGL,NVIDIA GeForce RTX 5090 D/PCIe/SSE2,4.3.0 NVIDIA 591.86,false,assets/heightmaps/Hm_Terrain_Test_129.pgm,129,129,80.000,12.000,20,4.000,2.000,200000,3.663,0.000,18.000,27.831,16.683,21362,79036,21360,122,61,122,72,0,0,0,0,1,104.976,15.200,14.882,0.172,2.885,0.034,0.167,0.000,2.052,0.069,0.156,7.395,1.950,0.215,0.000,0.000,0.000,0.000,0.000,0.000,0.000,0.000,0.000,0.000,0.000,0.000,0.000,0.000,0.000,0.000,0,0,2.122,2.921,7.551,0.000,17
Classic CPU ROAM,RelWithDebInfo,OpenGL,NVIDIA GeForce RTX 5090 D/PCIe/SSE2,4.3.0 NVIDIA 591.86,false,assets/heightmaps/Hm_Terrain_Test_129.pgm,129,129,80.000,12.000,20,4.000,2.000,200000,3.679,0.000,18.000,27.743,15.683,21349,79274,21347,119,59,132,72,0,0,0,0,1,103.800,15.368,15.051,0.181,2.916,0.036,0.160,0.000,1.931,0.050,0.160,7.281,2.334,0.215,0.000,0.000,0.000,0.000,0.000,0.000,0.000,0.000,0.000,0.000,0.000,0.000,0.000,0.000,0.000,0.000,0,0,1.982,2.953,7.441,0.000,17
Classic CPU ROAM,RelWithDebInfo,OpenGL,NVIDIA GeForce RTX 5090 D/PCIe/SSE2,4.3.0 NVIDIA 591.86,false,assets/heightmaps/Hm_Terrain_Test_129.pgm,129,129,80.000,12.000,20,4.000,2.000,200000,3.694,0.000,18.000,27.655,15.811,21306,79468,21304,97,48,140,66,0,0,0,0,1,102.839,15.504,15.191,0.179,3.137,0.039,0.153,0.000,1.988,0.047,0.162,7.319,2.165,0.210,0.000,0.000,0.000,0.000,0.000,0.000,0.000,0.000,0.000,0.000,0.000,0.000,0.000,0.000,0.000,0.000,0,0,2.035,3.177,7.482,0.000,17
Classic CPU ROAM,RelWithDebInfo,OpenGL,NVIDIA GeForce RTX 5090 D/PCIe/SSE2,4.3.0 NVIDIA 591.86,false,assets/heightmaps/Hm_Terrain_Test_129.pgm,129,129,80.000,12.000,20,4.000,2.000,200000,3.710,0.000,18.000,27.566,15.940,21256,79712,21254,122,61,172,70,0,0,0,0,1,107.288,14.879,14.561,0.164,2.826,0.045,0.158,0.000,2.006,0.050,0.156,7.225,1.929,0.213,0.000,0.000,0.000,0.000,0.000,0.000,0.000,0.000,0.000,0.000,0.000,0.000,0.000,0.000,0.000,0.000,0,0,2.056,2.873,7.382,0.000,17
Classic CPU ROAM,RelWithDebInfo,OpenGL,NVIDIA GeForce RTX 5090 D/PCIe/SSE2,4.3.0 NVIDIA 591.86,false,assets/heightmaps/Hm_Terrain_Test_129.pgm,129,129,80.000,12.000,20,4.000,2.000,200000,3.726,0.000,18.000,27.480,15.302,21240,79900,21238,94,47,110,56,0,0,0,0,1,107.377,14.878,14.550,0.170,2.817,0.030,0.163,0.000,1.957,0.043,0.154,7.241,1.972,0.222,0.000,0.000,0.000,0.000,0.000,0.000,0.000,0.000,0.000,0.000,0.000,0.000,0.000,0.000,0.000,0.000,0,0,2.001,2.848,7.395,0.000,17
Classic CPU ROAM,RelWithDebInfo,OpenGL,NVIDIA GeForce RTX 5090 D/PCIe/SSE2,4.3.0 NVIDIA 591.86,false,assets/heightmaps/Hm_Terrain_Test_129.pgm,129,129,80.000,12.000,20,4.000,2.000,200000,3.741,0.000,18.000,27.394,15.304,21258,80116,21256,108,54,90,64,0,0,0,0,1,105.581,15.116,14.797,0.177,2.913,0.026,0.161,0.000,1.904,0.044,0.163,7.235,2.173,0.214,0.000,0.000,0.000,0.000,0.000,0.000,0.000,0.000,0.000,0.000,0.000,0.000,0.000,0.000,0.000,0.000,0,0,1.948,2.940,7.398,0.000,17
Classic CPU ROAM,RelWithDebInfo,OpenGL,NVIDIA GeForce RTX 5090 D/PCIe/SSE2,4.3.0 NVIDIA 591.86,false,assets/heightmaps/Hm_Terrain_Test_129.pgm,129,129,80.000,12.000,20,4.000,2.000,200000,3.757,0.000,18.000,27.307,15.573,21256,80320,21254,102,51,104,58,0,0,0,0,1,102.202,15.604,15.286,0.188,3.107,0.030,0.154,0.000,1.930,0.043,0.158,7.261,2.414,0.214,0.000,0.000,0.000,0.000,0.000,0.000,0.000,0.000,0.000,0.000,0.000,0.000,0.000,0.000,0.000,0.000,0,0,1.973,3.138,7.419,0.000,17
Classic CPU ROAM,RelWithDebInfo,OpenGL,NVIDIA GeForce RTX 5090 D/PCIe/SSE2,4.3.0 NVIDIA 591.86,false,assets/heightmaps/Hm_Terrain_Test_129.pgm,129,129,80.000,12.000,20,4.000,2.000,200000,3.773,0.000,18.000,27.216,16.035,21230,80512,21228,96,48,122,70,0,0,0,0,1,105.563,15.130,14.799,0.176,2.997,0.033,0.160,0.000,2.020,0.045,0.156,7.211,2.001,0.218,0.000,0.000,0.000,0.000,0.000,0.000,0.000,0.000,0.000,0.000,0.000,0.000,0.000,0.000,0.000,0.000,0,0,2.065,3.031,7.367,0.000,17
Classic CPU ROAM,RelWithDebInfo,OpenGL,NVIDIA GeForce RTX 5090 D/PCIe/SSE2,4.3.0 NVIDIA 591.86,false,assets/heightmaps/Hm_Terrain_Test_129.pgm,129,129,80.000,12.000,20,4.000,2.000,200000,3.788,0.000,18.000,27.127,15.736,21214,80728,21212,114,60,130,66,0,0,0,0,1,106.648,14.958,14.648,0.168,2.950,0.037,0.159,0.000,1.932,0.046,0.155,7.228,1.970,0.208,0.000,0.000,0.000,0.000,0.000,0.000,0.000,0.000,0.000,0.000,0.000,0.000,0.000,0.000,0.000,0.000,0,0,1.978,2.989,7.384,0.000,17
Classic CPU ROAM,RelWithDebInfo,OpenGL,NVIDIA GeForce RTX 5090 D/PCIe/SSE2,4.3.0 NVIDIA 591.86,false,assets/heightmaps/Hm_Terrain_Test_129.pgm,129,129,80.000,12.000,20,4.000,2.000,200000,3.804,0.000,18.000,27.040,15.396,21252,81020,21250,146,73,108,84,0,0,0,0,1,107.690,14.826,14.507,0.197,2.824,0.030,0.153,0.000,1.911,0.079,0.193,7.124,1.994,0.219,0.000,0.000,0.000,0.000,0.000,0.000,0.000,0.000,0.000,0.000,0.000,0.000,0.000,0.000,0.000,0.000,0,0,1.990,2.856,7.317,0.000,17
Classic CPU ROAM,RelWithDebInfo,OpenGL,NVIDIA GeForce RTX 5090 D/PCIe/SSE2,4.3.0 NVIDIA 591.86,false,assets/heightmaps/Hm_Terrain_Test_129.pgm,129,129,80.000,12.000,20,4.000,2.000,200000,3.819,0.000,18.000,26.954,15.245,21308,81272,21306,126,63,70,76,0,0,0,0,1,105.404,15.130,14.822,0.194,2.916,0.019,0.154,0.000,1.979,0.053,0.157,7.222,2.127,0.211,0.000,0.000,0.000,0.000,0.000,0.000,0.000,0.000,0.000,0.000,0.000,0.000,0.000,0.000,0.000,0.000,0,0,2.033,2.936,7.379,0.000,17
Classic CPU ROAM,RelWithDebInfo,OpenGL,NVIDIA GeForce RTX 5090 D/PCIe/SSE2,4.3.0 NVIDIA 591.86,false,assets/heightmaps/Hm_Terrain_Test_129.pgm,129,129,80.000,12.000,20,4.000,2.000,200000,3.835,0.000,18.000,26.866,15.584,21330,81580,21328,154,77,132,89,0,0,0,0,1,107.606,14.838,14.519,0.174,2.807,0.035,0.155,0.000,2.046,0.068,0.164,7.138,1.931,0.217,0.000,0.000,0.000,0.000,0.000,0.000,0.000,0.000,0.000,0.000,0.000,0.000,0.000,0.000,0.000,0.000,0,0,2.113,2.843,7.302,0.000,17
Classic CPU ROAM,RelWithDebInfo,OpenGL,NVIDIA GeForce RTX 5090 D/PCIe/SSE2,4.3.0 NVIDIA 591.86,false,assets/heightmaps/Hm_Terrain_Test_129.pgm,129,129,80.000,12.000,20,4.000,2.000,200000,3.850,0.000,18.000,26.779,15.261,21296,81792,21294,106,53,140,72,0,0,0,0,1,107.764,14.813,14.497,0.182,2.669,0.038,0.163,0.000,2.128,0.047,0.166,7.240,1.863,0.215,0.000,0.000,0.000,0.000,0.000,0.000,0.000,0.000,0.000,0.000,0.000,0.000,0.000,0.000,0.000,0.000,0,0,2.175,2.708,7.406,0.000,17
Classic CPU ROAM,RelWithDebInfo,OpenGL,NVIDIA GeForce RTX 5090 D/PCIe/SSE2,4.3.0 NVIDIA 591.86,false,assets/heightmaps/Hm_Terrain_Test_129.pgm,129,129,80.000,12.000,20,4.000,2.000,200000,3.865,0.000,18.000,26.692,15.268,21302,82044,21300,126,63,120,71,0,0,0,0,1,108.075,14.784,14.455,0.181,2.687,0.035,0.156,0.000,1.944,0.056,0.158,7.317,1.920,0.221,0.000,0.000,0.000,0.000,0.000,0.000,0.000,0.000,0.000,0.000,0.000,0.000,0.000,0.000,0.000,0.000,0,0,2.000,2.723,7.475,0.000,17
Classic CPU ROAM,RelWithDebInfo,OpenGL,NVIDIA GeForce RTX 5090 D/PCIe/SSE2,4.3.0 NVIDIA 591.86,false,assets/heightmaps/Hm_Terrain_Test_129.pgm,129,129,80.000,12.000,20,4.000,2.000,200000,3.880,0.000,18.000,26.605,15.245,21328,82320,21326,138,69,112,79,0,0,0,0,1,0.000,15.345,15.042,0.194,2.992,0.032,0.153,0.000,1.993,0.058,0.155,7.444,2.019,0.204,0.000,0.000,0.000,0.000,0.000,0.000,0.000,0.000,0.000,0.000,0.000,0.000,0.000,0.000,0.000,0.000,0,0,2.052,3.024,7.599,0.000,17
Classic CPU ROAM,RelWithDebInfo,OpenGL,NVIDIA GeForce RTX 5090 D/PCIe/SSE2,4.3.0 NVIDIA 591.86,false,assets/heightmaps/Hm_Terrain_Test_129.pgm,129,129,80.000,12.000,20,4.000,2.000,200000,3.896,0.000,18.000,26.516,15.773,21324,82624,21322,154,78,158,82,0,0,0,0,1,0.000,14.915,14.597,0.178,2.812,0.043,0.152,0.000,1.988,0.067,0.166,7.180,2.010,0.214,0.000,0.000,0.000,0.000,0.000,0.000,0.000,0.000,0.000,0.000,0.000,0.000,0.000,0.000,0.000,0.000,0,0,2.055,2.857,7.346,0.000,17
Classic CPU ROAM,RelWithDebInfo,OpenGL,NVIDIA GeForce RTX 5090 D/PCIe/SSE2,4.3.0 NVIDIA 591.86,false,assets/heightmaps/Hm_Terrain_Test_129.pgm,129,129,80.000,12.000,20,4.000,2.000,200000,3.911,0.000,18.000,26.428,15.322,21340,82868,21338,122,60,106,74,0,0,0,0,1,108.158,14.750,14.444,0.183,2.746,0.029,0.166,0.000,2.034,0.071,0.158,7.265,1.792,0.208,0.000,0.000,0.000,0.000,0.000,0.000,0.000,0.000,0.000,0.000,0.000,0.000,0.000,0.000,0.000,0.000,0,0,2.106,2.776,7.422,0.000,17
Classic CPU ROAM,RelWithDebInfo,OpenGL,NVIDIA GeForce RTX 5090 D/PCIe/SSE2,4.3.0 NVIDIA 591.86,false,assets/heightmaps/Hm_Terrain_Test_129.pgm,129,129,80.000,12.000,20,4.000,2.000,200000,3.927,0.000,18.000,26.341,15.166,21367,83188,21365,162,82,135,101,0,0,0,0,1,0.000,14.431,14.126,0.174,2.693,0.037,0.164,0.000,1.975,0.068,0.156,7.100,1.758,0.204,0.000,0.000,0.000,0.000,0.000,0.000,0.000,0.000,0.000,0.000,0.000,0.000,0.000,0.000,0.000,0.000,0,0,2.044,2.731,7.256,0.000,17
Classic CPU ROAM,RelWithDebInfo,OpenGL,NVIDIA GeForce RTX 5090 D/PCIe/SSE2,4.3.0 NVIDIA 591.86,false,assets/heightmaps/Hm_Terrain_Test_129.pgm,129,129,80.000,12.000,20,4.000,2.000,200000,3.941,0.000,18.000,26.256,14.821,21350,83400,21348,106,53,123,62,0,0,0,0,1,0.000,14.895,14.573,0.181,2.666,0.033,0.195,0.000,1.930,0.044,0.154,7.193,2.176,0.222,0.000,0.000,0.000,0.000,0.000,0.000,0.000,0.000,0.000,0.000,0.000,0.000,0.000,0.000,0.000,0.000,0,0,1.974,2.701,7.347,0.000,17
Classic CPU ROAM,RelWithDebInfo,OpenGL,NVIDIA GeForce RTX 5090 D/PCIe/SSE2,4.3.0 NVIDIA 591.86,false,assets/heightmaps/Hm_Terrain_Test_129.pgm,129,129,80.000,12.000,20,4.000,2.000,200000,3.957,0.000,18.000,26.168,15.334,21346,83624,21344,112,56,116,61,0,0,0,0,1,96.134,16.580,16.251,0.176,3.113,0.031,0.154,0.000,1.982,0.050,0.155,7.413,3.175,0.216,0.000,0.000,0.000,0.000,0.000,0.000,0.000,0.000,0.000,0.000,0.000,0.000,0.000,0.000,0.000,0.000,0,0,2.033,3.145,7.568,0.000,17
Classic CPU ROAM,RelWithDebInfo,OpenGL,NVIDIA GeForce RTX 5090 D/PCIe/SSE2,4.3.0 NVIDIA 591.86,false,assets/heightmaps/Hm_Terrain_Test_129.pgm,129,129,80.000,12.000,20,4.000,2.000,200000,3.974,0.000,18.000,26.071,17.027,21350,83916,21348,154,81,150,86,0,0,0,0,1,98.023,16.248,15.938,0.187,3.621,0.044,0.164,0.000,2.171,0.063,0.154,7.277,2.255,0.208,0.000,0.000,0.000,0.000,0.000,0.000,0.000,0.000,0.000,0.000,0.000,0.000,0.000,0.000,0.000,0.000,0,0,2.234,3.666,7.432,0.000,17
Classic CPU ROAM,RelWithDebInfo,OpenGL,NVIDIA GeForce RTX 5090 D/PCIe/SSE2,4.3.0 NVIDIA 591.86,false,assets/heightmaps/Hm_Terrain_Test_129.pgm,129,129,80.000,12.000,20,4.000,2.000,200000,3.991,0.000,18.000,25.974,16.754,21306,84164,21304,140,78,184,78,0,0,0,0,1,104.254,15.316,14.985,0.170,3.049,0.051,0.157,0.000,1.929,0.054,0.154,7.196,2.223,0.221,0.000,0.000,0.000,0.000,0.000,0.000,0.000,0.000,0.000,0.000,0.000,0.000,0.000,0.000,0.000,0.000,0,0,1.984,3.101,7.350,0.000,17
Classic CPU ROAM,RelWithDebInfo,OpenGL,NVIDIA GeForce RTX 5090 D/PCIe/SSE2,4.3.0 NVIDIA 591.86,false,assets/heightmaps/Hm_Terrain_Test_129.pgm,129,129,80.000,12.000,20,4.000,2.000,200000,4.006,0.000,18.000,25.883,15.778,21279,84456,21277,146,73,173,86,0,0,0,0,1,100.145,15.917,15.600,0.197,3.248,0.048,0.156,0.000,1.990,0.064,0.163,7.316,2.417,0.213,0.000,0.000,0.000,0.000,0.000,0.000,0.000,0.000,0.000,0.000,0.000,0.000,0.000,0.000,0.000,0.000,0,0,2.054,3.297,7.479,0.000,17
Classic CPU ROAM,RelWithDebInfo,OpenGL,NVIDIA GeForce RTX 5090 D/PCIe/SSE2,4.3.0 NVIDIA 591.86,false,assets/heightmaps/Hm_Terrain_Test_129.pgm,129,129,80.000,12.000,20,4.000,2.000,200000,4.023,0.000,18.000,25.787,16.740,21275,84684,21273,114,57,118,67,0,0,0,0,1,104.935,15.193,14.888,0.185,2.905,0.035,0.178,0.000,2.117,0.070,0.155,7.328,1.912,0.207,0.000,0.000,0.000,0.000,0.000,0.000,0.000,0.000,0.000,0.000,0.000,0.000,0.000,0.000,0.000,0.000,0,0,2.188,2.941,7.483,0.000,17
Classic CPU ROAM,RelWithDebInfo,OpenGL,NVIDIA GeForce RTX 5090 D/PCIe/SSE2,4.3.0 NVIDIA 591.86,false,assets/heightmaps/Hm_Terrain_Test_129.pgm,129,129,80.000,12.000,20,4.000,2.000,200000,4.039,0.000,18.000,25.695,15.963,21297,84960,21295,138,69,116,82,0,0,0,0,1,104.401,15.287,14.964,0.190,2.818,0.032,0.161,0.000,1.976,0.060,0.163,7.349,2.214,0.222,0.000,0.000,0.000,0.000,0.000,0.000,0.000,0.000,0.000,0.000,0.000,0.000,0.000,0.000,0.000,0.000,0,0,2.036,2.851,7.512,0.000,17
Classic CPU ROAM,RelWithDebInfo,OpenGL,NVIDIA GeForce RTX 5090 D/PCIe/SSE2,4.3.0 NVIDIA 591.86,false,assets/heightmaps/Hm_Terrain_Test_129.pgm,129,129,80.000,12.000,20,4.000,2.000,200000,4.055,0.000,18.000,25.601,16.192,21328,85264,21326,152,76,121,92,0,0,0,0,1,102.361,15.584,15.263,0.192,2.977,0.034,0.152,0.000,2.007,0.068,0.159,7.302,2.371,0.221,0.000,0.000,0.000,0.000,0.000,0.000,0.000,0.000,0.000,0.000,0.000,0.000,0.000,0.000,0.000,0.000,0,0,2.075,3.011,7.461,0.000,17
Classic CPU ROAM,RelWithDebInfo,OpenGL,NVIDIA GeForce RTX 5090 D/PCIe/SSE2,4.3.0 NVIDIA 591.86,false,assets/heightmaps/Hm_Terrain_Test_129.pgm,129,129,80.000,12.000,20,4.000,2.000,200000,4.072,0.000,18.000,25.507,16.339,21296,85520,21294,128,64,160,92,0,0,0,0,1,104.043,15.323,15.015,0.189,2.939,0.043,0.167,0.000,2.091,0.059,0.154,7.325,2.047,0.207,0.000,0.000,0.000,0.000,0.000,0.000,0.000,0.000,0.000,0.000,0.000,0.000,0.000,0.000,0.000,0.000,0,0,2.151,2.984,7.479,0.000,17
Classic CPU ROAM,RelWithDebInfo,OpenGL,NVIDIA GeForce RTX 5090 D/PCIe/SSE2,4.3.0 NVIDIA 591.86,false,assets/heightmaps/Hm_Terrain_Test_129.pgm,129,129,80.000,12.000,20,4.000,2.000,200000,4.088,0.000,18.000,25.413,16.062,21312,85800,21310,146,76,130,77,0,0,0,0,1,104.027,15.335,15.017,0.280,3.004,0.037,0.161,0.000,1.926,0.062,0.161,7.225,2.160,0.214,0.000,0.000,0.000,0.000,0.000,0.000,0.000,0.000,0.000,0.000,0.000,0.000,0.000,0.000,0.000,0.000,0,0,1.988,3.041,7.386,0.000,17
Classic CPU ROAM,RelWithDebInfo,OpenGL,NVIDIA GeForce RTX 5090 D/PCIe/SSE2,4.3.0 NVIDIA 591.86,false,assets/heightmaps/Hm_Terrain_Test_129.pgm,129,129,80.000,12.000,20,4.000,2.000,200000,4.104,0.000,18.000,25.319,16.300,21320,86008,21318,104,52,96,63,0,0,0,0,1,101.283,15.740,15.425,0.188,3.002,0.028,0.153,0.000,2.034,0.045,0.161,7.335,2.477,0.215,0.000,0.000,0.000,0.000,0.000,0.000,0.000,0.000,0.000,0.000,0.000,0.000,0.000,0.000,0.000,0.000,0,0,2.080,3.031,7.496,0.000,17
Classic CPU ROAM,RelWithDebInfo,OpenGL,NVIDIA GeForce RTX 5090 D/PCIe/SSE2,4.3.0 NVIDIA 591.86,false,assets/heightmaps/Hm_Terrain_Test_129.pgm,129,129,80.000,12.000,20,4.000,2.000,200000,4.120,0.000,18.000,25.223,16.531,21343,86274,21341,133,66,110,74,0,0,0,0,1,101.073,15.785,15.457,0.185,2.970,0.030,0.204,0.000,2.111,0.061,0.158,7.448,2.287,0.221,0.000,0.000,0.000,0.000,0.000,0.000,0.000,0.000,0.000,0.000,0.000,0.000,0.000,0.000,0.000,0.000,0,0,2.172,3.002,7.606,0.000,17
Classic CPU ROAM,RelWithDebInfo,OpenGL,NVIDIA GeForce RTX 5090 D/PCIe/SSE2,4.3.0 NVIDIA 591.86,false,assets/heightmaps/Hm_Terrain_Test_129.pgm,129,129,80.000,12.000,20,4.000,2.000,200000,4.137,0.000,18.000,25.126,16.548,21337,86544,21335,135,67,141,79,0,0,0,0,1,100.825,15.808,15.494,0.189,3.016,0.038,0.154,0.000,1.989,0.082,0.157,7.560,2.307,0.212,0.000,0.000,0.000,0.000,0.000,0.000,0.000,0.000,0.000,0.000,0.000,0.000,0.000,0.000,0.000,0.000,0,0,2.071,3.055,7.717,0.000,17
Classic CPU ROAM,RelWithDebInfo,OpenGL,NVIDIA GeForce RTX 5090 D/PCIe/SSE2,4.3.0 NVIDIA 591.86,false,assets/heightmaps/Hm_Terrain_Test_129.pgm,129,129,80.000,12.000,20,4.000,2.000,200000,4.154,0.000,18.000,25.030,16.620,21310,86808,21308,132,66,159,82,0,0,0,0,1,104.016,15.340,15.018,0.324,3.061,0.043,0.158,0.000,2.065,0.059,0.159,7.168,1.979,0.215,0.000,0.000,0.000,0.000,0.000,0.000,0.000,0.000,0.000,0.000,0.000,0.000,0.000,0.000,0.000,0.000,0,0,2.124,3.105,7.327,0.000,17
Classic CPU ROAM,RelWithDebInfo,OpenGL,NVIDIA GeForce RTX 5090 D/PCIe/SSE2,4.3.0 NVIDIA 591.86,false,assets/heightmaps/Hm_Terrain_Test_129.pgm,129,129,80.000,12.000,20,4.000,2.000,200000,4.170,0.000,18.000,24.935,16.158,21344,87060,21342,126,63,92,76,0,0,0,0,1,109.178,14.644,14.309,0.172,2.836,0.026,0.176,0.000,2.001,0.057,0.159,7.148,1.733,0.238,0.000,0.000,0.000,0.000,0.000,0.000,0.000,0.000,0.000,0.000,0.000,0.000,0.000,0.000,0.000,0.000,0,0,2.059,2.863,7.306,0.000,17
Classic CPU ROAM,RelWithDebInfo,OpenGL,NVIDIA GeForce RTX 5090 D/PCIe/SSE2,4.3.0 NVIDIA 591.86,false,assets/heightmaps/Hm_Terrain_Test_129.pgm,129,129,80.000,12.000,20,4.000,2.000,200000,4.185,0.000,18.000,24.845,15.428,21310,87352,21308,146,73,180,84,0,0,0,0,1,104.586,15.258,14.937,0.315,3.019,0.054,0.154,0.000,1.933,0.060,0.154,7.236,2.009,0.215,0.000,0.000,0.000,0.000,0.000,0.000,0.000,0.000,0.000,0.000,0.000,0.000,0.000,0.000,0.000,0.000,0,0,1.993,3.075,7.390,0.000,17
Classic CPU ROAM,RelWithDebInfo,OpenGL,NVIDIA GeForce RTX 5090 D/PCIe/SSE2,4.3.0 NVIDIA 591.86,false,assets/heightmaps/Hm_Terrain_Test_129.pgm,129,129,80.000,12.000,20,4.000,2.000,200000,4.201,0.000,18.000,24.751,16.113,21342,87660,21340,154,77,122,90,0,0,0,0,1,105.942,15.062,14.746,0.189,2.922,0.034,0.153,0.000,1.981,0.068,0.161,7.138,2.099,0.215,0.000,0.000,0.000,0.000,0.000,0.000,0.000,0.000,0.000,0.000,0.000,0.000,0.000,0.000,0.000,0.000,0,0,2.049,2.957,7.300,0.000,17
Classic CPU ROAM,RelWithDebInfo,OpenGL,NVIDIA GeForce RTX 5090 D/PCIe/SSE2,4.3.0 NVIDIA 591.86,false,assets/heightmaps/Hm_Terrain_Test_129.pgm,129,129,80.000,12.000,20,4.000,2.000,200000,4.217,0.000,18.000,24.660,15.519,21346,87884,21344,112,56,108,67,0,0,0,0,1,107.979,14.785,14.469,0.172,2.851,0.030,0.157,0.000,2.011,0.048,0.162,7.161,1.874,0.216,0.000,0.000,0.000,0.000,0.000,0.000,0.000,0.000,0.000,0.000,0.000,0.000,0.000,0.000,0.000,0.000,0,0,2.059,2.882,7.324,0.000,17
Classic CPU ROAM,RelWithDebInfo,OpenGL,NVIDIA GeForce RTX 5090 D/PCIe/SSE2,4.3.0 NVIDIA 591.86,false,assets/heightmaps/Hm_Terrain_Test_129.pgm,129,129,80.000,12.000,20,4.000,2.000,200000,4.232,0.000,18.000,24.571,15.261,21352,88132,21350,130,68,124,74,0,0,0,0,1,110.024,14.513,14.199,0.177,2.757,0.041,0.171,0.000,2.012,0.076,0.157,7.157,1.648,0.212,0.000,0.000,0.000,0.000,0.000,0.000,0.000,0.000,0.000,0.000,0.000,0.000,0.000,0.000,0.000,0.000,0,0,2.089,2.799,7.314,0.000,17
Classic CPU ROAM,RelWithDebInfo,OpenGL,NVIDIA GeForce RTX 5090 D/PCIe/SSE2,4.3.0 NVIDIA 591.86,false,assets/heightmaps/Hm_Terrain_Test_129.pgm,129,129,80.000,12.000,20,4.000,2.000,200000,4.247,0.000,18.000,24.483,14.966,21360,88368,21358,118,59,110,75,0,0,0,0,1,107.899,14.790,14.479,0.169,2.661,0.031,0.154,0.000,1.956,0.049,0.156,7.248,2.053,0.207,0.000,0.000,0.000,0.000,0.000,0.000,0.000,0.000,0.000,0.000,0.000,0.000,0.000,0.000,0.000,0.000,0,0,2.005,2.693,7.404,0.000,17
Classic CPU ROAM,RelWithDebInfo,OpenGL,NVIDIA GeForce RTX 5090 D/PCIe/SSE2,4.3.0 NVIDIA 591.86,false,assets/heightmaps/Hm_Terrain_Test_129.pgm,129,129,80.000,12.000,20,4.000,2.000,200000,4.262,0.000,18.000,24.394,15.269,21342,88684,21340,160,81,178,100,0,0,0,0,1,103.197,15.453,15.138,0.183,3.011,0.049,0.152,0.000,2.016,0.067,0.156,7.232,2.270,0.213,0.000,0.000,0.000,0.000,0.000,0.000,0.000,0.000,0.000,0.000,0.000,0.000,0.000,0.000,0.000,0.000,0,0,2.084,3.061,7.388,0.000,17
Classic CPU ROAM,RelWithDebInfo,OpenGL,NVIDIA GeForce RTX 5090 D/PCIe/SSE2,4.3.0 NVIDIA 591.86,false,assets/heightmaps/Hm_Terrain_Test_129.pgm,129,129,80.000,12.000,20,4.000,2.000,200000,4.278,0.000,18.000,24.300,15.933,21372,88992,21370,154,77,124,89,0,0,0,0,1,103.928,15.355,15.032,0.177,3.201,0.035,0.155,0.000,2.000,0.064,0.158,7.123,2.116,0.215,0.000,0.000,0.000,0.000,0.000,0.000,0.000,0.000,0.000,0.000,0.000,0.000,0.000,0.000,0.000,0.000,0,0,2.064,3.237,7.281,0.000,17
Classic CPU ROAM,RelWithDebInfo,OpenGL,NVIDIA GeForce RTX 5090 D/PCIe/SSE2,4.3.0 NVIDIA 591.86,false,assets/heightmaps/Hm_Terrain_Test_129.pgm,129,129,80.000,12.000,20,4.000,2.000,200000,4.294,0.000,18.000,24.207,15.817,21378,89332,21376,170,85,164,99,0,0,0,0,1,105.669,15.098,14.785,0.166,2.899,0.045,0.164,0.000,2.185,0.072,0.171,7.185,1.897,0.211,0.000,0.000,0.000,0.000,0.000,0.000,0.000,0.000,0.000,0.000,0.000,0.000,0.000,0.000,0.000,0.000,0,0,2.257,2.945,7.356,0.000,17
Classic CPU ROAM,RelWithDebInfo,OpenGL,NVIDIA GeForce RTX 5090 D/PCIe/SSE2,4.3.0 NVIDIA 591.86,false,assets/heightmaps/Hm_Terrain_Test_129.pgm,129,129,80.000,12.000,20,4.000,2.000,200000,4.310,0.000,18.000,24.116,15.557,21400,89572,21398,120,60,98,71,0,0,0,0,1,106.518,14.993,14.667,0.165,2.822,0.029,0.158,0.000,1.958,0.049,0.158,7.215,2.112,0.220,0.000,0.000,0.000,0.000,0.000,0.000,0.000,0.000,0.000,0.000,0.000,0.000,0.000,0.000,0.000,0.000,0,0,2.007,2.852,7.373,0.000,17
Classic CPU ROAM,RelWithDebInfo,OpenGL,NVIDIA GeForce RTX 5090 D/PCIe/SSE2,4.3.0 NVIDIA 591.86,false,assets/heightmaps/Hm_Terrain_Test_129.pgm,129,129,80.000,12.000,20,4.000,2.000,200000,4.325,0.000,18.000,24.025,15.434,21436,89840,21434,134,67,98,78,0,0,0,0,1,102.206,15.605,15.285,0.177,3.120,0.027,0.156,0.000,2.008,0.063,0.156,7.214,2.363,0.217,0.000,0.000,0.000,0.000,0.000,0.000,0.000,0.000,0.000,0.000,0.000,0.000,0.000,0.000,0.000,0.000,0,0,2.071,3.147,7.371,0.000,17
Classic CPU ROAM,RelWithDebInfo,OpenGL,NVIDIA GeForce RTX 5090 D/PCIe/SSE2,4.3.0 NVIDIA 591.86,false,assets/heightmaps/Hm_Terrain_Test_129.pgm,129,129,80.000,12.000,20,4.000,2.000,200000,4.341,0.000,18.000,23.930,16.076,21422,90068,21420,114,56,128,74,0,0,0,0,1,99.289,16.062,15.735,0.173,3.079,0.034,0.159,0.000,1.999,0.071,0.162,7.241,2.816,0.220,0.000,0.000,0.000,0.000,0.000,0.000,0.000,0.000,0.000,0.000,0.000,0.000,0.000,0.000,0.000,0.000,0,0,2.070,3.114,7.403,0.000,17
Classic CPU ROAM,RelWithDebInfo,OpenGL,NVIDIA GeForce RTX 5090 D/PCIe/SSE2,4.3.0 NVIDIA 591.86,false,assets/heightmaps/Hm_Terrain_Test_129.pgm,129,129,80.000,12.000,20,4.000,2.000,200000,4.358,0.000,18.000,23.833,16.517,21399,90304,21397,118,59,141,84,0,0,0,0,1,99.028,16.090,15.776,0.171,3.350,0.040,0.170,0.000,2.137,0.058,0.156,7.323,2.370,0.213,0.000,0.000,0.000,0.000,0.000,0.000,0.000,0.000,0.000,0.000,0.000,0.000,0.000,0.000,0.000,0.000,0,0,2.194,3.391,7.479,0.000,17
Classic CPU ROAM,RelWithDebInfo,OpenGL,NVIDIA GeForce RTX 5090 D/PCIe/SSE2,4.3.0 NVIDIA 591.86,false,assets/heightmaps/Hm_Terrain_Test_129.pgm,129,129,80.000,12.000,20,4.000,2.000,200000,4.374,0.000,18.000,23.735,16.581,21411,90560,21409,130,66,118,79,0,0,0,0,1,98.827,16.123,15.808,0.177,3.207,0.034,0.158,0.000,2.020,0.056,0.173,7.442,2.540,0.214,0.000,0.000,0.000,0.000,0.000,0.000,0.000,0.000,0.000,0.000,0.000,0.000,0.000,0.000,0.000,0.000,0,0,2.076,3.242,7.615,0.000,17
Classic CPU ROAM,RelWithDebInfo,OpenGL,NVIDIA GeForce RTX 5090 D/PCIe/SSE2,4.3.0 NVIDIA 591.86,false,assets/heightmaps/Hm_Terrain_Test_129.pgm,129,129,80.000,12.000,20,4.000,2.000,200000,4.391,0.000,18.000,23.637,16.578,21370,90824,21368,132,66,173,78,0,0,0,0,1,102.789,15.513,15.199,0.171,3.245,0.047,0.163,0.000,2.104,0.060,0.161,7.264,1.983,0.213,0.000,0.000,0.000,0.000,0.000,0.000,0.000,0.000,0.000,0.000,0.000,0.000,0.000,0.000,0.000,0.000,0,0,2.164,3.293,7.425,0.000,17
Classic CPU ROAM,RelWithDebInfo,OpenGL,NVIDIA GeForce RTX 5090 D/PCIe/SSE2,4.3.0 NVIDIA 591.86,false,assets/heightmaps/Hm_Terrain_Test_129.pgm,129,129,80.000,12.000,20,4.000,2.000,200000,4.407,0.000,18.000,23.542,15.956,21400,91144,21398,160,80,130,96,0,0,0,0,1,100.799,15.815,15.499,0.169,3.005,0.037,0.165,0.000,2.018,0.073,0.159,7.398,2.473,0.215,0.000,0.000,0.000,0.000,0.000,0.000,0.000,0.000,0.000,0.000,0.000,0.000,0.000,0.000,0.000,0.000,0,0,2.091,3.044,7.557,0.000,17
Classic CPU ROAM,RelWithDebInfo,OpenGL,NVIDIA GeForce RTX 5090 D/PCIe/SSE2,4.3.0 NVIDIA 591.86,false,assets/heightmaps/Hm_Terrain_Test_129.pgm,129,129,80.000,12.000,20,4.000,2.000,200000,4.423,0.000,18.000,23.446,16.305,21410,91508,21408,182,91,172,111,0,0,0,0,1,99.531,16.010,15.696,0.198,3.459,0.051,0.157,0.000,2.003,0.078,0.159,7.151,2.438,0.211,0.000,0.000,0.000,0.000,0.000,0.000,0.000,0.000,0.000,0.000,0.000,0.000,0.000,0.000,0.000,0.000,0,0,2.082,3.511,7.310,0.000,17
Classic CPU ROAM,RelWithDebInfo,OpenGL,NVIDIA GeForce RTX 5090 D/PCIe/SSE2,4.3.0 NVIDIA 591.86,false,assets/heightmaps/Hm_Terrain_Test_129.pgm,129,129,80.000,12.000,20,4.000,2.000,200000,4.440,0.000,18.000,23.348,16.526,21418,91800,21416,146,73,138,83,0,0,0,0,1,104.976,15.197,14.882,0.172,3.045,0.039,0.161,0.000,2.070,0.066,0.164,7.145,2.018,0.212,0.000,0.000,0.000,0.000,0.000,0.000,0.000,0.000,0.000,0.000,0.000,0.000,0.000,0.000,0.000,0.000,0,0,2.137,3.085,7.309,0.000,17
Classic CPU ROAM,RelWithDebInfo,OpenGL,NVIDIA GeForce RTX 5090 D/PCIe/SSE2,4.3.0 NVIDIA 591.86,false,assets/heightmaps/Hm_Terrain_Test_129.pgm,129,129,80.000,12.000,20,4.000,2.000,200000,4.455,0.000,18.000,23.255,15.633,21426,92108,21424,154,77,146,92,0,0,0,0,1,107.584,14.848,14.522,0.178,2.847,0.041,0.157,0.000,1.886,0.082,0.156,7.171,2.002,0.224,0.000,0.000,0.000,0.000,0.000,0.000,0.000,0.000,0.000,0.000,0.000,0.000,0.000,0.000,0.000,0.000,0,0,1.968,2.889,7.328,0.000,17
Classic CPU ROAM,RelWithDebInfo,OpenGL,NVIDIA GeForce RTX 5090 D/PCIe/SSE2,4.3.0 NVIDIA 591.86,false,assets/heightmaps/Hm_Terrain_Test_129.pgm,129,129,80.000,12.000,20,4.000,2.000,200000,4.471,0.000,18.000,23.164,15.344,21404,92352,21402,122,61,144,72,0,0,0,0,1,94.072,16.945,16.607,0.173,3.444,0.043,0.157,0.000,2.071,0.298,0.165,7.180,3.075,0.227,0.000,0.000,0.000,0.000,0.000,0.000,0.000,0.000,0.000,0.000,0.000,0.000,0.000,0.000,0.000,0.000,0,0,2.369,3.488,7.345,0.000,17
Classic CPU ROAM,RelWithDebInfo,OpenGL,NVIDIA GeForce RTX 5090 D/PCIe/SSE2,4.3.0 NVIDIA 591.86,false,assets/heightmaps/Hm_Terrain_Test_129.pgm,129,129,80.000,12.000,20,4.000,2.000,200000,4.488,0.000,18.000,23.059,17.794,21432,92664,21430,156,78,128,101,0,0,0,0,1,99.491,16.022,15.702,0.183,3.572,0.037,0.178,0.000,2.218,0.068,0.158,7.221,2.064,0.221,0.000,0.000,0.000,0.000,0.000,0.000,0.000,0.000,0.000,0.000,0.000,0.000,0.000,0.000,0.000,0.000,0,0,2.287,3.610,7.380,0.000,17
Classic CPU ROAM,RelWithDebInfo,OpenGL,NVIDIA GeForce RTX 5090 D/PCIe/SSE2,4.3.0 NVIDIA 591.86,false,assets/heightmaps/Hm_Terrain_Test_129.pgm,129,129,80.000,12.000,20,4.000,2.000,200000,4.505,0.000,18.000,22.959,16.846,21470,92976,21468,156,78,118,95,0,0,0,0,1,102.404,15.585,15.256,0.186,3.096,0.032,0.158,0.000,1.962,0.062,0.159,7.248,2.350,0.214,0.000,0.000,0.000,0.000,0.000,0.000,0.000,0.000,0.000,0.000,0.000,0.000,0.000,0.000,0.000,0.000,0,0,2.024,3.130,7.408,0.000,17
Classic CPU ROAM,RelWithDebInfo,OpenGL,NVIDIA GeForce RTX 5090 D/PCIe/SSE2,4.3.0 NVIDIA 591.86,false,assets/heightmaps/Hm_Terrain_Test_129.pgm,129,129,80.000,12.000,20,4.000,2.000,200000,4.522,0.000,18.000,22.861,16.385,21510,93292,21508,158,79,118,97,0,0,0,0,1,101.470,15.712,15.396,0.178,3.188,0.032,0.158,0.000,2.032,0.069,0.168,7.301,2.269,0.213,0.000,0.000,0.000,0.000,0.000,0.000,0.000,0.000,0.000,0.000,0.000,0.000,0.000,0.000,0.000,0.000,0,0,2.101,3.221,7.469,0.000,17
Classic CPU ROAM,RelWithDebInfo,OpenGL,NVIDIA GeForce RTX 5090 D/PCIe/SSE2,4.3.0 NVIDIA 591.86,false,assets/heightmaps/Hm_Terrain_Test_129.pgm,129,129,80.000,12.000,20,4.000,2.000,200000,4.538,0.000,18.000,22.763,16.494,21541,93630,21539,169,84,138,102,0,0,0,0,1,100.162,15.922,15.597,0.170,3.110,0.041,0.171,0.000,2.089,0.070,0.159,7.302,2.483,0.215,0.000,0.000,0.000,0.000,0.000,0.000,0.000,0.000,0.000,0.000,0.000,0.000,0.000,0.000,0.000,0.000,0,0,2.159,3.153,7.462,0.000,17
Classic CPU ROAM,RelWithDebInfo,OpenGL,NVIDIA GeForce RTX 5090 D/PCIe/SSE2,4.3.0 NVIDIA 591.86,false,assets/heightmaps/Hm_Terrain_Test_129.pgm,129,129,80.000,12.000,20,4.000,2.000,200000,4.555,0.000,18.000,22.664,16.747,21565,93960,21563,165,82,141,97,0,0,0,0,1,98.688,16.141,15.830,0.197,3.546,0.039,0.159,0.000,2.064,0.068,0.159,7.286,2.311,0.215,0.000,0.000,0.000,0.000,0.000,0.000,0.000,0.000,0.000,0.000,0.000,0.000,0.000,0.000,0.000,0.000,0,0,2.132,3.586,7.444,0.000,17
Classic CPU ROAM,RelWithDebInfo,OpenGL,NVIDIA GeForce RTX 5090 D/PCIe/SSE2,4.3.0 NVIDIA 591.86,false,assets/heightmaps/Hm_Terrain_Test_129.pgm,129,129,80.000,12.000,20,4.000,2.000,200000,4.572,0.000,18.000,22.563,16.903,21536,94220,21534,132,67,161,79,0,0,0,0,1,98.946,16.114,15.789,0.174,3.059,0.043,0.163,0.000,2.039,0.061,0.159,7.518,2.572,0.225,0.000,0.000,0.000,0.000,0.000,0.000,0.000,0.000,0.000,0.000,0.000,0.000,0.000,0.000,0.000,0.000,0,0,2.100,3.103,7.677,0.000,17
Classic CPU ROAM,RelWithDebInfo,OpenGL,NVIDIA GeForce RTX 5090 D/PCIe/SSE2,4.3.0 NVIDIA 591.86,false,assets/heightmaps/Hm_Terrain_Test_129.pgm,129,129,80.000,12.000,20,4.000,2.000,200000,4.589,0.000,18.000,22.461,17.120,21580,94572,21578,176,88,132,106,0,0,0,0,1,0.000,16.177,15.861,0.186,3.351,0.038,0.157,0.000,1.997,0.080,0.161,7.431,2.458,0.215,0.000,0.000,0.000,0.000,0.000,0.000,0.000,0.000,0.000,0.000,0.000,0.000,0.000,0.000,0.000,0.000,0,0,2.077,3.390,7.592,0.000,17
Classic CPU ROAM,RelWithDebInfo,OpenGL,NVIDIA GeForce RTX 5090 D/PCIe/SSE2,4.3.0 NVIDIA 591.86,false,assets/heightmaps/Hm_Terrain_Test_129.pgm,129,129,80.000,12.000,20,4.000,2.000,200000,4.606,0.000,18.000,22.360,16.985,21548,94832,21546,130,65,162,82,0,0,0,0,1,103.423,15.404,15.106,0.176,3.238,0.046,0.170,0.000,2.086,0.058,0.165,7.429,1.735,0.201,0.000,0.000,0.000,0.000,0.000,0.000,0.000,0.000,0.000,0.000,0.000,0.000,0.000,0.000,0.000,0.000,0,0,2.145,3.285,7.594,0.000,17
Classic CPU ROAM,RelWithDebInfo,OpenGL,NVIDIA GeForce RTX 5090 D/PCIe/SSE2,4.3.0 NVIDIA 591.86,false,assets/heightmaps/Hm_Terrain_Test_129.pgm,129,129,80.000,12.000,20,4.000,2.000,200000,4.622,0.000,18.000,22.262,16.334,21560,95128,21558,148,74,136,85,0,0,0,0,1,132.282,23.963,23.622,0.174,2.731,0.038,0.157,0.000,1.940,0.061,0.161,11.343,7.015,0.245,0.000,0.000,0.000,0.000,0.000,0.000,0.000,0.000,0.000,0.000,0.000,0.000,0.000,0.000,0.000,0.000,0,0,2.001,2.770,11.504,0.000,18
Classic CPU ROAM,RelWithDebInfo,OpenGL,NVIDIA GeForce RTX 5090 D/PCIe/SSE2,4.3.0 NVIDIA 591.86,false,assets/heightmaps/Hm_Terrain_Test_129.pgm,129,129,80.000,12.000,20,4.000,2.000,200000,4.647,0.000,18.000,22.114,24.785,21596,95644,21594,264,135,228,166,0,0,0,0,1,83.280,19.078,18.759,0.215,4.628,0.071,0.249,0.000,3.060,0.164,0.180,7.470,2.719,0.221,0.000,0.000,0.000,0.000,0.000,0.000,0.000,0.000,0.000,0.000,0.000,0.000,0.000,0.000,0.000,0.000,0,0,3.226,4.700,7.650,0.000,18
Classic CPU ROAM,RelWithDebInfo,OpenGL,NVIDIA GeForce RTX 5090 D/PCIe/SSE2,4.3.0 NVIDIA 591.86,false,assets/heightmaps/Hm_Terrain_Test_129.pgm,129,129,80.000,12.000,20,4.000,2.000,200000,4.667,0.000,18.000,21.996,19.891,21588,96036,21586,196,98,204,121,0,0,0,0,1,88.853,17.901,17.582,0.215,3.260,0.057,0.157,0.000,2.038,0.086,0.164,7.544,4.059,0.218,0.000,0.000,0.000,0.000,0.000,0.000,0.000,0.000,0.000,0.000,0.000,0.000,0.000,0.000,0.000,0.000,0,0,2.124,3.318,7.708,0.000,18
Classic CPU ROAM,RelWithDebInfo,OpenGL,NVIDIA GeForce RTX 5090 D/PCIe/SSE2,4.3.0 NVIDIA 591.86,false,assets/heightmaps/Hm_Terrain_Test_129.pgm,129,129,80.000,12.000,20,4.000,2.000,200000,4.686,0.000,18.000,21.884,18.739,21670,96452,21668,222,118,140,129,0,0,0,0,1,89.516,17.771,17.451,0.313,4.625,0.042,0.170,0.000,2.293,0.094,0.189,7.282,2.442,0.214,0.000,0.000,0.000,0.000,0.000,0.000,0.000,0.000,0.000,0.000,0.000,0.000,0.000,0.000,0.000,0.000,0,0,2.387,4.668,7.471,0.000,18
Classic CPU ROAM,RelWithDebInfo,OpenGL,NVIDIA GeForce RTX 5090 D/PCIe/SSE2,4.3.0 NVIDIA 591.86,false,assets/heightmaps/Hm_Terrain_Test_129.pgm,129,129,80.000,12.000,20,4.000,2.000,200000,4.704,0.000,18.000,21.771,18.776,21670,96816,21668,182,91,182,113,0,0,0,0,1,103.172,15.457,15.142,0.174,3.037,0.049,0.164,0.000,2.115,0.081,0.159,7.253,2.109,0.216,0.000,0.000,0.000,0.000,0.000,0.000,0.000,0.000,0.000,0.000,0.000,0.000,0.000,0.000,0.000,0.000,0,0,2.196,3.088,7.411,0.000,18
Classic CPU ROAM,RelWithDebInfo,OpenGL,NVIDIA GeForce RTX 5090 D/PCIe/SSE2,4.3.0 NVIDIA 591.86,false,assets/heightmaps/Hm_Terrain_Test_129.pgm,129,129,80.000,12.000,20,4.000,2.000,200000,4.720,0.000,18.000,21.676,15.916,21682,97084,21680,134,67,122,73,0,0,0,0,1,102.163,15.615,15.291,0.174,3.192,0.034,0.214,0.000,1.981,0.056,0.157,7.268,2.215,0.218,0.000,0.000,0.000,0.000,0.000,0.000,0.000,0.000,0.000,0.000,0.000,0.000,0.000,0.000,0.000,0.000,0,0,2.037,3.227,7.425,0.000,18
Classic CPU ROAM,RelWithDebInfo,OpenGL,NVIDIA GeForce RTX 5090 D/PCIe/SSE2,4.3.0 NVIDIA 591.86,false,assets/heightmaps/Hm_Terrain_Test_129.pgm,129,129,80.000,12.000,20,4.000,2.000,200000,4.736,0.000,18.000,21.580,16.129,21720,97404,21718,160,80,122,99,0,0,0,0,1,99.678,15.990,15.673,0.184,3.358,0.034,0.157,0.000,2.009,0.089,0.160,7.262,2.418,0.216,0.000,0.000,0.000,0.000,0.000,0.000,0.000,0.000,0.000,0.000,0.000,0.000,0.000,0.000,0.000,0.000,0,0,2.099,3.393,7.422,0.000,18
Classic CPU ROAM,RelWithDebInfo,OpenGL,NVIDIA GeForce RTX 5090 D/PCIe/SSE2,4.3.0 NVIDIA 591.86,false,assets/heightmaps/Hm_Terrain_Test_129.pgm,129,129,80.000,12.000,20,4.000,2.000,200000,4.753,0.000,18.000,21.481,16.441,21770,97770,21768,191,99,141,109,0,0,0,0,1,105.355,15.210,14.829,0.177,3.109,0.038,0.168,0.000,2.079,0.078,0.160,7.229,1.789,0.281,0.000,0.000,0.000,0.000,0.000,0.000,0.000,0.000,0.000,0.000,0.000,0.000,0.000,0.000,0.000,0.000,0,0,2.157,3.148,7.389,0.000,18
Classic CPU ROAM,RelWithDebInfo,OpenGL,NVIDIA GeForce RTX 5090 D/PCIe/SSE2,4.3.0 NVIDIA 591.86,false,assets/heightmaps/Hm_Terrain_Test_129.pgm,129,129,80.000,12.000,20,4.000,2.000,200000,4.769,0.000,18.000,21.387,15.711,21810,98116,21808,173,86,133,99,0,0,0,0,1,102.471,15.651,15.246,0.169,3.078,0.038,0.166,0.000,2.008,0.075,0.158,7.323,2.229,0.301,0.000,0.000,0.000,0.000,0.000,0.000,0.000,0.000,0.000,0.000,0.000,0.000,0.000,0.000,0.000,0.000,0,0,2.083,3.117,7.481,0.000,18
Classic CPU ROAM,RelWithDebInfo,OpenGL,NVIDIA GeForce RTX 5090 D/PCIe/SSE2,4.3.0 NVIDIA 591.86,false,assets/heightmaps/Hm_Terrain_Test_129.pgm,129,129,80.000,12.000,20,4.000,2.000,200000,4.785,0.000,18.000,21.291,16.098,21810,98416,21808,150,75,150,88,0,0,0,0,1,0.000,16.235,15.905,0.204,3.331,0.041,0.158,0.000,2.024,0.065,0.162,7.303,2.616,0.219,0.000,0.000,0.000,0.000,0.000,0.000,0.000,0.000,0.000,0.000,0.000,0.000,0.000,0.000,0.000,0.000,0,0,2.089,3.374,7.464,0.000,18
Classic CPU ROAM,RelWithDebInfo,OpenGL,NVIDIA GeForce RTX 5090 D/PCIe/SSE2,4.3.0 NVIDIA 591.86,false,assets/heightmaps/Hm_Terrain_Test_129.pgm,129,129,80.000,12.000,20,4.000,2.000,200000,4.801,0.000,18.000,21.191,16.712,21774,98696,21772,140,70,176,86,0,0,0,0,1,202.600,15.739,15.422,0.180,3.234,0.049,0.168,0.000,2.121,0.059,0.157,7.280,2.173,0.216,0.000,0.000,0.000,0.000,0.000,0.000,0.000,0.000,0.000,0.000,0.000,0.000,0.000,0.000,0.000,0.000,0,0,2.180,3.284,7.437,0.000,18
Classic CPU ROAM,RelWithDebInfo,OpenGL,NVIDIA GeForce RTX 5090 D/PCIe/SSE2,4.3.0 NVIDIA 591.86,false,assets/heightmaps/Hm_Terrain_Test_129.pgm,129,129,80.000,12.000,20,4.000,2.000,200000,4.818,0.000,18.000,21.094,16.202,21818,99024,21816,164,82,120,94,0,0,0,0,1,100.561,15.871,15.536,0.184,3.175,0.034,0.158,0.000,2.010,0.069,0.159,7.339,2.407,0.225,0.000,0.000,0.000,0.000,0.000,0.000,0.000,0.000,0.000,0.000,0.000,0.000,0.000,0.000,0.000,0.000,0,0,2.080,3.209,7.497,0.000,18
Classic CPU ROAM,RelWithDebInfo,OpenGL,NVIDIA GeForce RTX 5090 D/PCIe/SSE2,4.3.0 NVIDIA 591.86,false,assets/heightmaps/Hm_Terrain_Test_129.pgm,129,129,80.000,12.000,20,4.000,2.000,200000,4.834,0.000,18.000,20.996,16.364,21811,99332,21809,160,83,167,86,0,0,0,0,1,98.747,16.145,15.821,0.191,3.369,0.047,0.162,0.000,2.063,0.086,0.166,7.388,2.347,0.221,0.000,0.000,0.000,0.000,0.000,0.000,0.000,0.000,0.000,0.000,0.000,0.000,0.000,0.000,0.000,0.000,0,0,2.149,3.417,7.554,0.000,18
Classic CPU ROAM,RelWithDebInfo,OpenGL,NVIDIA GeForce RTX 5090 D/PCIe/SSE2,4.3.0 NVIDIA 591.86,false,assets/heightmaps/Hm_Terrain_Test_129.pgm,129,129,80.000,12.000,20,4.000,2.000,200000,4.851,0.000,18.000,20.894,16.962,21747,99636,21745,152,76,216,90,0,0,0,0,1,101.443,15.729,15.400,0.178,3.166,0.059,0.183,0.000,2.209,0.063,0.159,7.306,2.075,0.225,0.000,0.000,0.000,0.000,0.000,0.000,0.000,0.000,0.000,0.000,0.000,0.000,0.000,0.000,0.000,0.000,0,0,2.273,3.227,7.465,0.000,18
Classic CPU ROAM,RelWithDebInfo,OpenGL,NVIDIA GeForce RTX 5090 D/PCIe/SSE2,4.3.0 NVIDIA 591.86,false,assets/heightmaps/Hm_Terrain_Test_129.pgm,129,129,80.000,12.000,20,4.000,2.000,200000,4.867,0.000,18.000,20.796,16.306,21808,100052,21806,208,104,147,120,0,0,0,0,1,98.712,16.145,15.826,0.201,3.276,0.043,0.157,0.000,1.970,0.089,0.161,7.408,2.518,0.219,0.000,0.000,0.000,0.000,0.000,0.000,0.000,0.000,0.000,0.000,0.000,0.000,0.000,0.000,0.000,0.000,0,0,2.060,3.321,7.569,0.000,18
Classic CPU ROAM,RelWithDebInfo,OpenGL,NVIDIA GeForce RTX 5090 D/PCIe/SSE2,4.3.0 NVIDIA 591.86,false,assets/heightmaps/Hm_Terrain_Test_129.pgm,129,129,80.000,12.000,20,4.000,2.000,200000,4.884,0.000,18.000,20.694,17.005,21832,100380,21830,164,82,140,103,0,0,0,0,1,101.845,15.657,15.340,0.177,3.194,0.040,0.168,0.000,2.215,0.071,0.162,7.389,1.922,0.216,0.000,0.000,0.000,0.000,0.000,0.000,0.000,0.000,0.000,0.000,0.000,0.000,0.000,0.000,0.000,0.000,0,0,2.286,3.236,7.550,0.000,18
Classic CPU ROAM,RelWithDebInfo,OpenGL,NVIDIA GeForce RTX 5090 D/PCIe/SSE2,4.3.0 NVIDIA 591.86,false,assets/heightmaps/Hm_Terrain_Test_129.pgm,129,129,80.000,12.000,20,4.000,2.000,200000,4.901,0.000,18.000,20.596,16.420,21862,100720,21860,176,91,146,99,0,0,0,0,1,97.675,16.310,15.995,0.172,3.112,0.041,0.160,0.000,1.988,0.070,0.170,7.719,2.562,0.217,0.000,0.000,0.000,0.000,0.000,0.000,0.000,0.000,0.000,0.000,0.000,0.000,0.000,0.000,0.000,0.000,0,0,2.058,3.154,7.890,0.000,18
Classic CPU ROAM,RelWithDebInfo,OpenGL,NVIDIA GeForce RTX 5090 D/PCIe/SSE2,4.3.0 NVIDIA 591.86,false,assets/heightmaps/Hm_Terrain_Test_129.pgm,129,129,80.000,12.000,20,4.000,2.000,200000,4.917,0.000,18.000,20.495,16.753,21836,101016,21834,148,74,174,84,0,0,0,0,1,98.854,16.124,15.804,0.191,3.446,0.050,0.160,0.000,2.097,0.082,0.173,7.357,2.247,0.219,0.000,0.000,0.000,0.000,0.000,0.000,0.000,0.000,0.000,0.000,0.000,0.000,0.000,0.000,0.000,0.000,0,0,2.179,3.497,7.530,0.000,18
Classic CPU ROAM,RelWithDebInfo,OpenGL,NVIDIA GeForce RTX 5090 D/PCIe/SSE2,4.3.0 NVIDIA 591.86,false,assets/heightmaps/Hm_Terrain_Test_129.pgm,129,129,80.000,12.000,20,4.000,2.000,200000,4.934,0.000,18.000,20.394,16.939,21910,101388,21908,186,93,112,115,0,0,0,0,1,101.587,15.701,15.377,0.368,3.281,0.033,0.177,0.000,2.128,0.076,0.166,7.322,1.824,0.227,0.000,0.000,0.000,0.000,0.000,0.000,0.000,0.000,0.000,0.000,0.000,0.000,0.000,0.000,0.000,0.000,0,0,2.204,3.315,7.488,0.000,18
Classic CPU ROAM,RelWithDebInfo,OpenGL,NVIDIA GeForce RTX 5090 D/PCIe/SSE2,4.3.0 NVIDIA 591.86,false,assets/heightmaps/Hm_Terrain_Test_129.pgm,129,129,80.000,12.000,20,4.000,2.000,200000,4.951,0.000,18.000,20.294,16.550,21968,101752,21966,186,95,128,106,0,0,0,0,1,100.385,15.884,15.562,0.197,2.945,0.034,0.161,0.000,2.024,0.076,0.168,7.326,2.630,0.220,0.000,0.000,0.000,0.000,0.000,0.000,0.000,0.000,0.000,0.000,0.000,0.000,0.000,0.000,0.000,0.000,0,0,2.100,2.981,7.494,0.000,18
Classic CPU ROAM,RelWithDebInfo,OpenGL,NVIDIA GeForce RTX 5090 D/PCIe/SSE2,4.3.0 NVIDIA 591.86,false,assets/heightmaps/Hm_Terrain_Test_129.pgm,129,129,80.000,12.000,20,4.000,2.000,200000,4.968,0.000,18.000,20.194,16.714,21987,102098,21985,173,86,154,95,0,0,0,0,1,100.601,15.846,15.529,0.178,3.215,0.042,0.166,0.000,2.182,0.073,0.166,7.356,2.148,0.214,0.000,0.000,0.000,0.000,0.000,0.000,0.000,0.000,0.000,0.000,0.000,0.000,0.000,0.000,0.000,0.000,0,0,2.256,3.258,7.522,0.000,18
Classic CPU ROAM,RelWithDebInfo,OpenGL,NVIDIA GeForce RTX 5090 D/PCIe/SSE2,4.3.0 NVIDIA 591.86,false,assets/heightmaps/Hm_Terrain_Test_129.pgm,129,129,80.000,12.000,20,4.000,2.000,200000,4.984,0.000,18.000,20.096,16.358,21957,102388,21955,145,72,175,90,0,0,0,0,1,98.085,16.254,15.928,0.171,3.247,0.048,0.177,0.000,2.156,0.060,0.161,7.428,2.478,0.215,0.000,0.000,0.000,0.000,0.000,0.000,0.000,0.000,0.000,0.000,0.000,0.000,0.000,0.000,0.000,0.000,0,0,2.216,3.296,7.589,0.000,18
Classic CPU ROAM,RelWithDebInfo,OpenGL,NVIDIA GeForce RTX 5090 D/PCIe/SSE2,4.3.0 NVIDIA 591.86,false,assets/heightmaps/Hm_Terrain_Test_129.pgm,129,129,80.000,12.000,20,4.000,2.000,200000,5.001,0.000,18.000,19.996,16.714,21964,102668,21962,140,70,133,83,0,0,0,0,1,95.894,16.619,16.291,0.195,3.303,0.038,0.161,0.000,2.025,0.059,0.167,7.411,2.932,0.224,0.000,0.000,0.000,0.000,0.000,0.000,0.000,0.000,0.000,0.000,0.000,0.000,0.000,0.000,0.000,0.000,0,0,2.084,3.342,7.577,0.000,18
Classic CPU ROAM,RelWithDebInfo,OpenGL,NVIDIA GeForce RTX 5090 D/PCIe/SSE2,4.3.0 NVIDIA 591.86,false,assets/heightmaps/Hm_Terrain_Test_129.pgm,129,129,80.000,12.000,20,4.000,2.000,200000,5.018,0.000,18.000,19.892,17.237,21968,102964,21966,148,74,144,88,0,0,0,0,1,97.518,16.361,16.020,0.184,3.537,0.042,0.175,0.000,2.177,0.080,0.160,7.358,2.306,0.228,0.000,0.000,0.000,0.000,0.000,0.000,0.000,0.000,0.000,0.000,0.000,0.000,0.000,0.000,0.000,0.000,0,0,2.257,3.580,7.517,0.000,18
Classic CPU ROAM,RelWithDebInfo,OpenGL,NVIDIA GeForce RTX 5090 D/PCIe/SSE2,4.3.0 NVIDIA 591.86,false,assets/heightmaps/Hm_Terrain_Test_129.pgm,129,129,80.000,12.000,20,4.000,2.000,200000,5.035,0.000,18.000,19.791,16.875,21958,103260,21956,148,74,158,86,0,0,0,0,1,194.651,16.381,16.052,0.189,3.299,0.045,0.161,0.000,2.051,0.061,0.165,7.385,2.694,0.220,0.000,0.000,0.000,0.000,0.000,0.000,0.000,0.000,0.000,0.000,0.000,0.000,0.000,0.000,0.000,0.000,0,0,2.112,3.345,7.550,0.000,18
Classic CPU ROAM,RelWithDebInfo,OpenGL,NVIDIA GeForce RTX 5090 D/PCIe/SSE2,4.3.0 NVIDIA 591.86,false,assets/heightmaps/Hm_Terrain_Test_129.pgm,129,129,80.000,12.000,20,4.000,2.000,200000,5.052,0.000,18.000,19.690,16.868,22006,103640,22004,190,95,142,113,0,0,0,0,1,102.159,15.604,15.292,0.185,3.227,0.040,0.169,0.000,2.155,0.080,0.162,7.313,1.959,0.208,0.000,0.000,0.000,0.000,0.000,0.000,0.000,0.000,0.000,0.000,0.000,0.000,0.000,0.000,0.000,0.000,0,0,2.236,3.268,7.475,0.000,18
Classic CPU ROAM,RelWithDebInfo,OpenGL,NVIDIA GeForce RTX 5090 D/PCIe/SSE2,4.3.0 NVIDIA 591.86,false,assets/heightmaps/Hm_Terrain_Test_129.pgm,129,129,80.000,12.000,20,4.000,2.000,200000,5.068,0.000,18.000,19.594,16.059,22054,104024,22052,192,96,144,104,0,0,0,0,1,100.272,15.902,15.580,0.174,3.079,0.041,0.161,0.000,1.963,0.079,0.162,7.433,2.487,0.219,0.000,0.000,0.000,0.000,0.000,0.000,0.000,0.000,0.000,0.000,0.000,0.000,0.000,0.000,0.000,0.000,0,0,2.042,3.120,7.595,0.000,18
Classic CPU ROAM,RelWithDebInfo,OpenGL,NVIDIA GeForce RTX 5090 D/PCIe/SSE2,4.3.0 NVIDIA 591.86,false,assets/heightmaps/Hm_Terrain_Test_129.pgm,129,129,80.000,12.000,20,4.000,2.000,200000,5.084,0.000,18.000,19.496,16.345,22022,104332,22020,154,77,186,88,0,0,0,0,1,97.554,16.337,16.015,0.182,3.420,0.051,0.161,0.000,2.037,0.064,0.168,7.421,2.511,0.217,0.000,0.000,0.000,0.000,0.000,0.000,0.000,0.000,0.000,0.000,0.000,0.000,0.000,0.000,0.000,0.000,0,0,2.101,3.471,7.589,0.000,18
Classic CPU ROAM,RelWithDebInfo,OpenGL,NVIDIA GeForce RTX 5090 D/PCIe/SSE2,4.3.0 NVIDIA 591.86,false,assets/heightmaps/Hm_Terrain_Test_129.pgm,129,129,80.000,12.000,20,4.000,2.000,200000,5.101,0.000,18.000,19.395,16.787,22062,104696,22060,192,101,152,107,0,0,0,0,1,102.185,15.617,15.289,0.177,3.165,0.043,0.171,0.000,2.105,0.098,0.162,7.399,1.967,0.230,0.000,0.000,0.000,0.000,0.000,0.000,0.000,0.000,0.000,0.000,0.000,0.000,0.000,0.000,0.000,0.000,0,0,2.204,3.209,7.560,0.000,18
Classic CPU ROAM,RelWithDebInfo,OpenGL,NVIDIA GeForce RTX 5090 D/PCIe/SSE2,4.3.0 NVIDIA 591.86,false,assets/heightmaps/Hm_Terrain_Test_129.pgm,129,129,80.000,12.000,20,4.000,2.000,200000,5.117,0.000,18.000,19.298,16.066,22068,105032,22066,168,84,162,98,0,0,0,0,1,98.876,16.140,15.800,0.185,3.134,0.045,0.161,0.000,2.013,0.074,0.160,7.383,2.644,0.231,0.000,0.000,0.000,0.000,0.000,0.000,0.000,0.000,0.000,0.000,0.000,0.000,0.000,0.000,0.000,0.000,0,0,2.088,3.180,7.543,0.000,18
Classic CPU ROAM,RelWithDebInfo,OpenGL,NVIDIA GeForce RTX 5090 D/PCIe/SSE2,4.3.0 NVIDIA 591.86,false,assets/heightmaps/Hm_Terrain_Test_129.pgm,129,129,80.000,12.000,20,4.000,2.000,200000,5.134,0.000,18.000,19.198,16.697,22046,105312,22044,140,70,162,77,0,0,0,0,1,93.336,17.051,16.739,0.190,3.769,0.048,0.167,0.000,2.256,0.061,0.162,7.535,2.549,0.215,0.000,0.000,0.000,0.000,0.000,0.000,0.000,0.000,0.000,0.000,0.000,0.000,0.000,0.000,0.000,0.000,0,0,2.318,3.818,7.697,0.000,18
Classic CPU ROAM,RelWithDebInfo,OpenGL,NVIDIA GeForce RTX 5090 D/PCIe/SSE2,4.3.0 NVIDIA 591.86,false,assets/heightmaps/Hm_Terrain_Test_129.pgm,129,129,80.000,12.000,20,4.000,2.000,200000,5.151,0.000,18.000,19.093,17.521,22076,105652,22074,170,85,140,105,0,0,0,0,1,94.369,16.878,16.556,0.187,3.357,0.040,0.160,0.000,2.021,0.071,0.161,7.647,2.912,0.216,0.000,0.000,0.000,0.000,0.000,0.000,0.000,0.000,0.000,0.000,0.000,0.000,0.000,0.000,0.000,0.000,0,0,2.092,3.398,7.807,0.000,18
Classic CPU ROAM,RelWithDebInfo,OpenGL,NVIDIA GeForce RTX 5090 D/PCIe/SSE2,4.3.0 NVIDIA 591.86,false,assets/heightmaps/Hm_Terrain_Test_129.pgm,129,129,80.000,12.000,20,4.000,2.000,200000,5.169,0.000,18.000,18.989,17.373,22057,106070,22055,209,104,228,117,0,0,0,0,1,97.920,16.275,15.955,0.180,3.414,0.064,0.167,0.000,2.142,0.091,0.163,7.575,2.157,0.224,0.000,0.000,0.000,0.000,0.000,0.000,0.000,0.000,0.000,0.000,0.000,0.000,0.000,0.000,0.000,0.000,0,0,2.234,3.479,7.738,0.000,18
Classic CPU ROAM,RelWithDebInfo,OpenGL,NVIDIA GeForce RTX 5090 D/PCIe/SSE2,4.3.0 NVIDIA 591.86,false,assets/heightmaps/Hm_Terrain_Test_129.pgm,129,129,80.000,12.000,20,4.000,2.000,200000,5.185,0.000,18.000,18.889,16.720,22121,106376,22119,153,76,89,85,0,0,0,0,1,100.134,15.929,15.602,0.170,3.097,0.025,0.167,0.000,2.081,0.066,0.162,7.551,2.280,0.222,0.000,0.000,0.000,0.000,0.000,0.000,0.000,0.000,0.000,0.000,0.000,0.000,0.000,0.000,0.000,0.000,0,0,2.148,3.123,7.713,0.000,18
Classic CPU ROAM,RelWithDebInfo,OpenGL,NVIDIA GeForce RTX 5090 D/PCIe/SSE2,4.3.0 NVIDIA 591.86,false,assets/heightmaps/Hm_Terrain_Test_129.pgm,129,129,80.000,12.000,20,4.000,2.000,200000,5.202,0.000,18.000,18.791,16.386,22145,106676,22143,152,77,128,81,0,0,0,0,1,97.290,16.374,16.058,0.193,3.431,0.036,0.164,0.000,2.071,0.089,0.167,7.535,2.372,0.213,0.000,0.000,0.000,0.000,0.000,0.000,0.000,0.000,0.000,0.000,0.000,0.000,0.000,0.000,0.000,0.000,0,0,2.160,3.468,7.702,0.000,18
Classic CPU ROAM,RelWithDebInfo,OpenGL,NVIDIA GeForce RTX 5090 D/PCIe/SSE2,4.3.0 NVIDIA 591.86,false,assets/heightmaps/Hm_Terrain_Test_129.pgm,129,129,80.000,12.000,20,4.000,2.000,200000,5.218,0.000,18.000,18.690,16.818,22155,107024,22153,174,87,164,101,0,0,0,0,1,103.062,15.470,15.159,0.172,3.130,0.043,0.176,0.000,2.169,0.075,0.164,7.332,1.896,0.209,0.000,0.000,0.000,0.000,0.000,0.000,0.000,0.000,0.000,0.000,0.000,0.000,0.000,0.000,0.000,0.000,0,0,2.244,3.174,7.497,0.000,18
Classic CPU ROAM,RelWithDebInfo,OpenGL,NVIDIA GeForce RTX 5090 D/PCIe/SSE2,4.3.0 NVIDIA 591.86,false,assets/heightmaps/Hm_Terrain_Test_129.pgm,129,129,80.000,12.000,20,4.000,2.000,200000,5.234,0.000,18.000,18.595,15.939,22161,107376,22159,176,88,170,104,0,0,0,0,1,100.889,15.809,15.485,0.213,3.020,0.047,0.161,0.000,2.063,0.075,0.162,7.393,2.349,0.221,0.000,0.000,0.000,0.000,0.000,0.000,0.000,0.000,0.000,0.000,0.000,0.000,0.000,0.000,0.000,0.000,0,0,2.138,3.068,7.556,0.000,18
Classic CPU ROAM,RelWithDebInfo,OpenGL,NVIDIA GeForce RTX 5090 D/PCIe/SSE2,4.3.0 NVIDIA 591.86,false,assets/heightmaps/Hm_Terrain_Test_129.pgm,129,129,80.000,12.000,20,4.000,2.000,200000,5.251,0.000,18.000,18.497,16.260,22168,107664,22166,144,72,137,84,0,0,0,0,1,98.463,16.186,15.867,0.183,3.255,0.038,0.162,0.000,2.119,0.062,0.170,7.370,2.507,0.212,0.000,0.000,0.000,0.000,0.000,0.000,0.000,0.000,0.000,0.000,0.000,0.000,0.000,0.000,0.000,0.000,0,0,2.181,3.294,7.540,0.000,18
Classic CPU ROAM,RelWithDebInfo,OpenGL,NVIDIA GeForce RTX 5090 D/PCIe/SSE2,4.3.0 NVIDIA 591.86,false,assets/heightmaps/Hm_Terrain_Test_129.pgm,129,129,80.000,12.000,20,4.000,2.000,200000,5.267,0.000,18.000,18.398,16.629,22164,107976,22162,156,78,160,94,0,0,0,0,1,100.885,15.809,15.486,0.173,3.236,0.043,0.183,0.000,2.185,0.069,0.163,7.437,1.996,0.224,0.000,0.000,0.000,0.000,0.000,0.000,0.000,0.000,0.000,0.000,0.000,0.000,0.000,0.000,0.000,0.000,0,0,2.254,3.280,7.600,0.000,18
Classic CPU ROAM,RelWithDebInfo,OpenGL,NVIDIA GeForce RTX 5090 D/PCIe/SSE2,4.3.0 NVIDIA 591.86,false,assets/heightmaps/Hm_Terrain_Test_129.pgm,129,129,80.000,12.000,20,4.000,2.000,200000,5.284,0.000,18.000,18.300,16.275,22118,108316,22116,170,85,216,101,0,0,0,0,1,98.974,16.111,15.785,0.197,3.159,0.061,0.165,0.000,2.031,0.071,0.164,7.432,2.502,0.217,0.000,0.000,0.000,0.000,0.000,0.000,0.000,0.000,0.000,0.000,0.000,0.000,0.000,0.000,0.000,0.000,0,0,2.102,3.221,7.596,0.000,18
Classic CPU ROAM,RelWithDebInfo,OpenGL,NVIDIA GeForce RTX 5090 D/PCIe/SSE2,4.3.0 NVIDIA 591.86,false,assets/heightmaps/Hm_Terrain_Test_129.pgm,129,129,80.000,12.000,20,4.000,2.000,200000,5.300,0.000,18.000,18.201,16.597,22144,108664,22142,174,87,148,99,0,0,0,0,1,100.006,15.946,15.622,0.192,3.338,0.041,0.164,0.000,2.119,0.092,0.167,7.460,2.048,0.223,0.000,0.000,0.000,0.000,0.000,0.000,0.000,0.000,0.000,0.000,0.000,0.000,0.000,0.000,0.000,0.000,0,0,2.211,3.380,7.627,0.000,18
Classic CPU ROAM,RelWithDebInfo,OpenGL,NVIDIA GeForce RTX 5090 D/PCIe/SSE2,4.3.0 NVIDIA 591.86,false,assets/heightmaps/Hm_Terrain_Test_129.pgm,129,129,80.000,12.000,20,4.000,2.000,200000,5.317,0.000,18.000,18.103,16.423,22140,108992,22138,170,88,174,92,0,0,0,0,1,103.955,15.351,15.029,0.174,3.003,0.048,0.180,0.000,2.108,0.069,0.168,7.382,1.896,0.220,0.000,0.000,0.000,0.000,0.000,0.000,0.000,0.000,0.000,0.000,0.000,0.000,0.000,0.000,0.000,0.000,0,0,2.178,3.052,7.550,0.000,18
Classic CPU ROAM,RelWithDebInfo,OpenGL,NVIDIA GeForce RTX 5090 D/PCIe/SSE2,4.3.0 NVIDIA 591.86,false,assets/heightmaps/Hm_Terrain_Test_129.pgm,129,129,80.000,12.000,20,4.000,2.000,200000,5.332,0.000,18.000,18.009,15.819,22192,109348,22190,178,89,126,96,0,0,0,0,1,0.000,16.104,15.782,0.178,3.107,0.035,0.161,0.000,2.044,0.073,0.163,7.400,2.621,0.221,0.000,0.000,0.000,0.000,0.000,0.000,0.000,0.000,0.000,0.000,0.000,0.000,0.000,0.000,0.000,0.000,0,0,2.117,3.143,7.563,0.000,18
Classic CPU ROAM,RelWithDebInfo,OpenGL,NVIDIA GeForce RTX 5090 D/PCIe/SSE2,4.3.0 NVIDIA 591.86,false,assets/heightmaps/Hm_Terrain_Test_129.pgm,129,129,80.000,12.000,20,4.000,2.000,200000,5.349,0.000,18.000,17.910,16.547,22140,109644,22138,148,74,200,83,0,0,0,0,1,99.071,16.090,15.770,0.177,3.473,0.057,0.166,0.000,2.231,0.065,0.176,7.405,2.019,0.214,0.000,0.000,0.000,0.000,0.000,0.000,0.000,0.000,0.000,0.000,0.000,0.000,0.000,0.000,0.000,0.000,0,0,2.296,3.530,7.581,0.000,18
Classic CPU ROAM,RelWithDebInfo,OpenGL,NVIDIA GeForce RTX 5090 D/PCIe/SSE2,4.3.0 NVIDIA 591.86,false,assets/heightmaps/Hm_Terrain_Test_129.pgm,129,129,80.000,12.000,20,4.000,2.000,200000,5.365,0.000,18.000,17.811,16.529,22116,109948,22114,152,76,176,93,0,0,0,0,1,99.213,16.079,15.747,0.223,3.027,0.050,0.171,0.000,2.243,0.064,0.163,7.413,2.392,0.228,0.000,0.000,0.000,0.000,0.000,0.000,0.000,0.000,0.000,0.000,0.000,0.000,0.000,0.000,0.000,0.000,0,0,2.307,3.078,7.576,0.000,18
Classic CPU ROAM,RelWithDebInfo,OpenGL,NVIDIA GeForce RTX 5090 D/PCIe/SSE2,4.3.0 NVIDIA 591.86,false,assets/heightmaps/Hm_Terrain_Test_129.pgm,129,129,80.000,12.000,20,4.000,2.000,200000,5.382,0.000,18.000,17.712,16.634,22160,110304,22158,178,89,134,103,0,0,0,0,1,96.074,16.589,16.261,0.197,3.714,0.038,0.163,0.000,2.197,0.096,0.168,7.378,2.307,0.223,0.000,0.000,0.000,0.000,0.000,0.000,0.000,0.000,0.000,0.000,0.000,0.000,0.000,0.000,0.000,0.000,0,0,2.293,3.753,7.547,0.000,18
Classic CPU ROAM,RelWithDebInfo,OpenGL,NVIDIA GeForce RTX 5090 D/PCIe/SSE2,4.3.0 NVIDIA 591.86,false,assets/heightmaps/Hm_Terrain_Test_129.pgm,129,129,80.000,12.000,20,4.000,2.000,200000,5.399,0.000,18.000,17.610,17.056,22185,110652,22183,174,86,149,105,0,0,0,0,1,101.244,15.757,15.431,0.179,3.146,0.040,0.173,0.000,2.164,0.072,0.164,7.379,2.112,0.225,0.000,0.000,0.000,0.000,0.000,0.000,0.000,0.000,0.000,0.000,0.000,0.000,0.000,0.000,0.000,0.000,0,0,2.236,3.186,7.543,0.000,18
Classic CPU ROAM,RelWithDebInfo,OpenGL,NVIDIA GeForce RTX 5090 D/PCIe/SSE2,4.3.0 NVIDIA 591.86,false,assets/heightmaps/Hm_Terrain_Test_129.pgm,129,129,80.000,12.000,20,4.000,2.000,200000,5.415,0.000,18.000,17.513,16.240,22228,110976,22226,162,81,119,93,0,0,0,0,1,97.111,16.408,16.087,0.188,3.432,0.035,0.163,0.000,2.102,0.067,0.163,7.405,2.532,0.217,0.000,0.000,0.000,0.000,0.000,0.000,0.000,0.000,0.000,0.000,0.000,0.000,0.000,0.000,0.000,0.000,0,0,2.169,3.467,7.568,0.000,18
Classic CPU ROAM,RelWithDebInfo,OpenGL,NVIDIA GeForce RTX 5090 D/PCIe/SSE2,4.3.0 NVIDIA 591.86,false,assets/heightmaps/Hm_Terrain_Test_129.pgm,129,129,80.000,12.000,20,4.000,2.000,200000,5.432,0.000,18.000,17.413,16.853,22256,111328,22254,184,96,156,95,0,0,0,0,1,90.876,17.532,17.191,0.182,3.204,0.043,0.162,0.000,2.097,0.077,0.171,7.840,3.413,0.232,0.000,0.000,0.000,0.000,0.000,0.000,0.000,0.000,0.000,0.000,0.000,0.000,0.000,0.000,0.000,0.000,0,0,2.175,3.248,8.012,0.000,18
Classic CPU ROAM,RelWithDebInfo,OpenGL,NVIDIA GeForce RTX 5090 D/PCIe/SSE2,4.3.0 NVIDIA 591.86,false,assets/heightmaps/Hm_Terrain_Test_129.pgm,129,129,80.000,12.000,20,4.000,2.000,200000,5.450,0.000,18.000,17.306,18.038,22246,111652,22244,162,81,172,96,0,0,0,0,1,92.586,17.202,16.873,0.182,3.605,0.049,0.166,0.000,1.981,0.069,0.164,7.731,2.925,0.222,0.000,0.000,0.000,0.000,0.000,0.000,0.000,0.000,0.000,0.000,0.000,0.000,0.000,0.000,0.000,0.000,0,0,2.051,3.655,7.895,0.000,18
Classic CPU ROAM,RelWithDebInfo,OpenGL,NVIDIA GeForce RTX 5090 D/PCIe/SSE2,4.3.0 NVIDIA 591.86,false,assets/heightmaps/Hm_Terrain_Test_129.pgm,129,129,80.000,12.000,20,4.000,2.000,200000,5.468,0.000,18.000,17.200,17.675,22274,112036,22272,192,96,164,110,0,0,0,0,1,92.359,17.259,16.916,0.182,3.406,0.050,0.177,0.000,2.252,0.080,0.167,7.770,2.830,0.239,0.000,0.000,0.000,0.000,0.000,0.000,0.000,0.000,0.000,0.000,0.000,0.000,0.000,0.000,0.000,0.000,0,0,2.333,3.456,7.937,0.000,18
Classic CPU ROAM,RelWithDebInfo,OpenGL,NVIDIA GeForce RTX 5090 D/PCIe/SSE2,4.3.0 NVIDIA 591.86,false,assets/heightmaps/Hm_Terrain_Test_129.pgm,129,129,80.000,12.000,20,4.000,2.000,200000,5.486,0.000,18.000,17.095,17.760,22284,112344,22282,158,81,148,91,0,0,0,0,1,93.925,16.959,16.633,0.202,3.737,0.041,0.167,0.000,2.162,0.086,0.169,7.538,2.530,0.219,0.000,0.000,0.000,0.000,0.000,0.000,0.000,0.000,0.000,0.000,0.000,0.000,0.000,0.000,0.000,0.000,0,0,2.248,3.779,7.707,0.000,18
Classic CPU ROAM,RelWithDebInfo,OpenGL,NVIDIA GeForce RTX 5090 D/PCIe/SSE2,4.3.0 NVIDIA 591.86,false,assets/heightmaps/Hm_Terrain_Test_129.pgm,129,129,80.000,12.000,20,4.000,2.000,200000,5.503,0.000,18.000,16.991,17.449,22298,112712,22296,184,92,170,110,0,0,0,0,1,99.921,15.950,15.635,0.178,3.219,0.046,0.173,0.000,2.216,0.077,0.167,7.431,2.127,0.213,0.000,0.000,0.000,0.000,0.000,0.000,0.000,0.000,0.000,0.000,0.000,0.000,0.000,0.000,0.000,0.000,0,0,2.293,3.266,7.597,0.000,18
Classic CPU ROAM,RelWithDebInfo,OpenGL,NVIDIA GeForce RTX 5090 D/PCIe/SSE2,4.3.0 NVIDIA 591.86,false,assets/heightmaps/Hm_Terrain_Test_129.pgm,129,129,80.000,12.000,20,4.000,2.000,200000,5.520,0.000,18.000,16.894,16.411,22238,113060,22236,174,87,234,104,0,0,0,0,1,0.000,15.813,15.486,0.178,3.058,0.064,0.163,0.000,2.108,0.073,0.166,7.367,2.307,0.220,0.000,0.000,0.000,0.000,0.000,0.000,0.000,0.000,0.000,0.000,0.000,0.000,0.000,0.000,0.000,0.000,0,0,2.182,3.123,7.533,0.000,18
Classic CPU ROAM,RelWithDebInfo,OpenGL,NVIDIA GeForce RTX 5090 D/PCIe/SSE2,4.3.0 NVIDIA 591.86,false,assets/heightmaps/Hm_Terrain_Test_129.pgm,129,129,80.000,12.000,20,4.000,2.000,200000,5.536,0.000,18.000,16.797,16.324,22244,113380,22242,172,92,166,88,0,0,0,0,1,100.580,15.849,15.533,0.180,3.176,0.046,0.162,0.000,2.100,0.074,0.174,7.482,2.137,0.218,0.000,0.000,0.000,0.000,0.000,0.000,0.000,0.000,0.000,0.000,0.000,0.000,0.000,0.000,0.000,0.000,0,0,2.175,3.224,7.655,0.000,18
Classic CPU ROAM,RelWithDebInfo,OpenGL,NVIDIA GeForce RTX 5090 D/PCIe/SSE2,4.3.0 NVIDIA 591.86,false,assets/heightmaps/Hm_Terrain_Test_129.pgm,129,129,80.000,12.000,20,4.000,2.000,200000,5.552,0.000,18.000,16.700,16.287,22282,113732,22280,180,92,142,100,0,0,0,0,1,104.174,15.310,14.997,0.177,2.814,0.040,0.171,0.000,2.139,0.075,0.167,7.402,2.011,0.213,0.000,0.000,0.000,0.000,0.000,0.000,0.000,0.000,0.000,0.000,0.000,0.000,0.000,0.000,0.000,0.000,0,0,2.214,2.855,7.569,0.000,18
Classic CPU ROAM,RelWithDebInfo,OpenGL,NVIDIA GeForce RTX 5090 D/PCIe/SSE2,4.3.0 NVIDIA 591.86,false,assets/heightmaps/Hm_Terrain_Test_129.pgm,129,129,80.000,12.000,20,4.000,2.000,200000,5.568,0.000,18.000,16.607,15.788,22216,114048,22214,158,79,224,92,0,0,0,0,1,99.341,16.092,15.726,0.184,2.915,0.061,0.161,0.000,2.083,0.087,0.165,7.537,2.532,0.254,0.000,0.000,0.000,0.000,0.000,0.000,0.000,0.000,0.000,0.000,0.000,0.000,0.000,0.000,0.000,0.000,0,0,2.171,2.977,7.702,0.000,18
Classic CPU ROAM,RelWithDebInfo,OpenGL,NVIDIA GeForce RTX 5090 D/PCIe/SSE2,4.3.0 NVIDIA 591.86,false,assets/heightmaps/Hm_Terrain_Test_129.pgm,129,129,80.000,12.000,20,4.000,2.000,200000,5.585,0.000,18.000,16.508,16.599,22242,114368,22240,160,80,134,92,0,0,0,0,1,86.639,18.371,18.032,0.213,4.438,0.043,0.204,0.000,2.920,0.084,0.171,7.638,2.320,0.227,0.000,0.000,0.000,0.000,0.000,0.000,0.000,0.000,0.000,0.000,0.000,0.000,0.000,0.000,0.000,0.000,0,0,3.005,4.483,7.808,0.000,18
Classic CPU ROAM,RelWithDebInfo,OpenGL,NVIDIA GeForce RTX 5090 D/PCIe/SSE2,4.3.0 NVIDIA 591.86,false,assets/heightmaps/Hm_Terrain_Test_129.pgm,129,129,80.000,12.000,20,4.000,2.000,200000,5.604,0.000,18.000,16.397,18.921,22235,114752,22233,192,95,199,112,0,0,0,0,1,96.115,16.606,16.254,0.215,3.274,0.059,0.166,0.000,2.222,0.085,0.169,7.513,2.548,0.239,0.000,0.000,0.000,0.000,0.000,0.000,0.000,0.000,0.000,0.000,0.000,0.000,0.000,0.000,0.000,0.000,0,0,2.307,3.335,7.683,0.000,18
Classic CPU ROAM,RelWithDebInfo,OpenGL,NVIDIA GeForce RTX 5090 D/PCIe/SSE2,4.3.0 NVIDIA 591.86,false,assets/heightmaps/Hm_Terrain_Test_129.pgm,129,129,80.000,12.000,20,4.000,2.000,200000,5.621,0.000,18.000,16.295,17.127,22254,115112,22252,182,92,163,109,0,0,0,0,1,68.065,23.553,22.951,0.186,2.945,0.044,0.163,0.000,2.350,0.084,0.232,9.562,7.382,0.321,0.000,0.000,0.000,0.000,0.000,0.000,0.000,0.000,0.000,0.000,0.000,0.000,0.000,0.000,0.000,0.000,0,0,2.435,2.990,9.795,0.000,18
Classic CPU ROAM,RelWithDebInfo,OpenGL,NVIDIA GeForce RTX 5090 D/PCIe/SSE2,4.3.0 NVIDIA 591.86,false,assets/heightmaps/Hm_Terrain_Test_129.pgm,129,129,80.000,12.000,20,4.000,2.000,200000,5.645,0.000,18.000,16.150,24.633,22235,115624,22233,256,128,275,156,0,0,0,0,1,87.995,18.095,17.752,0.266,4.344,0.083,0.171,0.000,2.563,0.121,0.211,7.667,2.321,0.233,0.000,0.000,0.000,0.000,0.000,0.000,0.000,0.000,0.000,0.000,0.000,0.000,0.000,0.000,0.000,0.000,0,0,2.686,4.430,7.878,0.000,18
Classic CPU ROAM,RelWithDebInfo,OpenGL,NVIDIA GeForce RTX 5090 D/PCIe/SSE2,4.3.0 NVIDIA 591.86,false,assets/heightmaps/Hm_Terrain_Test_129.pgm,129,129,80.000,12.000,20,4.000,2.000,200000,5.664,0.000,18.000,16.040,18.687,22171,115972,22169,174,87,238,106,0,0,0,0,1,99.038,16.122,15.774,0.199,2.971,0.067,0.185,0.000,2.401,0.102,0.168,7.519,2.161,0.239,0.000,0.000,0.000,0.000,0.000,0.000,0.000,0.000,0.000,0.000,0.000,0.000,0.000,0.000,0.000,0.000,0,0,2.503,3.039,7.687,0.000,18
Classic CPU ROAM,RelWithDebInfo,OpenGL,NVIDIA GeForce RTX 5090 D/PCIe/SSE2,4.3.0 NVIDIA 591.86,false,assets/heightmaps/Hm_Terrain_Test_129.pgm,129,129,80.000,12.000,20,4.000,2.000,200000,5.681,0.000,18.000,15.942,16.614,22203,116272,22201,150,75,118,82,0,0,0,0,1,95.983,16.620,16.276,0.207,3.161,0.032,0.161,0.000,2.055,0.063,0.164,7.665,2.766,0.237,0.000,0.000,0.000,0.000,0.000,0.000,0.000,0.000,0.000,0.000,0.000,0.000,0.000,0.000,0.000,0.000,0,0,2.118,3.194,7.829,0.000,18
Classic CPU ROAM,RelWithDebInfo,OpenGL,NVIDIA GeForce RTX 5090 D/PCIe/SSE2,4.3.0 NVIDIA 591.86,false,assets/heightmaps/Hm_Terrain_Test_129.pgm,129,129,80.000,12.000,20,4.000,2.000,200000,5.698,0.000,18.000,15.841,17.118,22253,116636,22251,182,91,132,107,0,0,0,0,1,85.681,18.603,18.234,0.186,3.458,0.037,0.231,0.000,2.580,0.085,0.173,7.759,3.725,0.252,0.000,0.000,0.000,0.000,0.000,0.000,0.000,0.000,0.000,0.000,0.000,0.000,0.000,0.000,0.000,0.000,0,0,2.665,3.496,7.932,0.000,18
Classic CPU ROAM,RelWithDebInfo,OpenGL,NVIDIA GeForce RTX 5090 D/PCIe/SSE2,4.3.0 NVIDIA 591.86,false,assets/heightmaps/Hm_Terrain_Test_129.pgm,129,129,80.000,12.000,20,4.000,2.000,200000,5.717,0.000,18.000,15.729,19.138,22217,117056,22215,210,105,246,140,0,0,0,0,1,85.620,18.599,18.247,0.224,4.217,0.072,0.184,0.000,2.595,0.090,0.164,7.674,3.024,0.243,0.000,0.000,0.000,0.000,0.000,0.000,0.000,0.000,0.000,0.000,0.000,0.000,0.000,0.000,0.000,0.000,0,0,2.686,4.291,7.838,0.000,18
Classic CPU ROAM,RelWithDebInfo,OpenGL,NVIDIA GeForce RTX 5090 D/PCIe/SSE2,4.3.0 NVIDIA 591.86,false,assets/heightmaps/Hm_Terrain_Test_129.pgm,129,129,80.000,12.000,20,4.000,2.000,200000,5.736,0.000,18.000,15.616,19.121,22170,117412,22168,178,89,225,109,0,0,0,0,1,89.582,17.786,17.440,0.224,3.864,0.065,0.163,0.000,2.310,0.080,0.175,7.562,2.994,0.234,0.000,0.000,0.000,0.000,0.000,0.000,0.000,0.000,0.000,0.000,0.000,0.000,0.000,0.000,0.000,0.000,0,0,2.391,3.930,7.737,0.000,18
Classic CPU ROAM,RelWithDebInfo,OpenGL,NVIDIA GeForce RTX 5090 D/PCIe/SSE2,4.3.0 NVIDIA 591.86,false,assets/heightmaps/Hm_Terrain_Test_129.pgm,129,129,80.000,12.000,20,4.000,2.000,200000,5.754,0.000,18.000,15.509,18.314,22226,117820,22224,204,102,148,110,0,0,0,0,1,97.483,16.356,16.026,0.195,3.385,0.042,0.192,0.000,2.434,0.106,0.160,7.562,1.950,0.228,0.000,0.000,0.000,0.000,0.000,0.000,0.000,0.000,0.000,0.000,0.000,0.000,0.000,0.000,0.000,0.000,0,0,2.540,3.428,7.722,0.000,18
Classic CPU ROAM,RelWithDebInfo,OpenGL,NVIDIA GeForce RTX 5090 D/PCIe/SSE2,4.3.0 NVIDIA 591.86,false,assets/heightmaps/Hm_Terrain_Test_129.pgm,129,129,80.000,12.000,20,4.000,2.000,200000,5.771,0.000,18.000,15.410,16.903,22142,118084,22140,138,72,222,106,0,0,0,0,1,95.687,16.658,16.327,0.200,3.374,0.060,0.160,0.000,2.206,0.059,0.164,7.659,2.445,0.226,0.000,0.000,0.000,0.000,0.000,0.000,0.000,0.000,0.000,0.000,0.000,0.000,0.000,0.000,0.000,0.000,0,0,2.266,3.434,7.822,0.000,18
Classic CPU ROAM,RelWithDebInfo,OpenGL,NVIDIA GeForce RTX 5090 D/PCIe/SSE2,4.3.0 NVIDIA 591.86,false,assets/heightmaps/Hm_Terrain_Test_129.pgm,129,129,80.000,12.000,20,4.000,2.000,200000,5.788,0.000,18.000,15.309,17.128,22132,118424,22130,170,85,180,99,0,0,0,0,1,99.184,16.112,15.752,0.182,2.989,0.049,0.178,0.000,2.341,0.077,0.169,7.513,2.251,0.254,0.000,0.000,0.000,0.000,0.000,0.000,0.000,0.000,0.000,0.000,0.000,0.000,0.000,0.000,0.000,0.000,0,0,2.419,3.040,7.682,0.000,18
Classic CPU ROAM,RelWithDebInfo,OpenGL,NVIDIA GeForce RTX 5090 D/PCIe/SSE2,4.3.0 NVIDIA 591.86,false,assets/heightmaps/Hm_Terrain_Test_129.pgm,129,129,80.000,12.000,20,4.000,2.000,200000,5.805,0.000,18.000,15.213,16.563,22196,118772,22194,174,87,110,105,0,0,0,0,1,93.852,16.989,16.646,0.196,2.916,0.030,0.156,0.000,2.081,0.073,0.161,7.722,3.308,0.236,0.000,0.000,0.000,0.000,0.000,0.000,0.000,0.000,0.000,0.000,0.000,0.000,0.000,0.000,0.000,0.000,0,0,2.154,2.948,7.883,0.000,18
Classic CPU ROAM,RelWithDebInfo,OpenGL,NVIDIA GeForce RTX 5090 D/PCIe/SSE2,4.3.0 NVIDIA 591.86,false,assets/heightmaps/Hm_Terrain_Test_129.pgm,129,129,80.000,12.000,20,4.000,2.000,200000,5.822,0.000,18.000,15.110,17.482,22192,119064,22190,146,72,150,94,0,0,0,0,1,91.995,17.323,16.983,0.189,3.576,0.044,0.184,0.000,2.380,0.066,0.167,7.664,2.710,0.234,0.000,0.000,0.000,0.000,0.000,0.000,0.000,0.000,0.000,0.000,0.000,0.000,0.000,0.000,0.000,0.000,0,0,2.446,3.622,7.831,0.000,18
Classic CPU ROAM,RelWithDebInfo,OpenGL,NVIDIA GeForce RTX 5090 D/PCIe/SSE2,4.3.0 NVIDIA 591.86,false,assets/heightmaps/Hm_Terrain_Test_129.pgm,129,129,80.000,12.000,20,4.000,2.000,200000,5.840,0.000,18.000,15.007,17.805,22116,119416,22114,176,88,252,130,0,0,0,0,1,94.983,16.794,16.448,0.200,3.455,0.070,0.160,0.000,2.166,0.075,0.165,7.498,2.657,0.234,0.000,0.000,0.000,0.000,0.000,0.000,0.000,0.000,0.000,0.000,0.000,0.000,0.000,0.000,0.000,0.000,0,0,2.241,3.527,7.662,0.000,18
Classic CPU ROAM,RelWithDebInfo,OpenGL,NVIDIA GeForce RTX 5090 D/PCIe/SSE2,4.3.0 NVIDIA 591.86,false,assets/heightmaps/Hm_Terrain_Test_129.pgm,129,129,80.000,12.000,20,4.000,2.000,200000,5.857,0.000,18.000,14.906,17.299,22136,119740,22134,162,81,142,84,0,0,0,0,1,93.263,17.092,16.751,0.198,3.848,0.042,0.202,0.000,2.564,0.089,0.164,7.473,2.171,0.230,0.000,0.000,0.000,0.000,0.000,0.000,0.000,0.000,0.000,0.000,0.000,0.000,0.000,0.000,0.000,0.000,0,0,2.653,3.891,7.636,0.000,18
Classic CPU ROAM,RelWithDebInfo,OpenGL,NVIDIA GeForce RTX 5090 D/PCIe/SSE2,4.3.0 NVIDIA 591.86,false,assets/heightmaps/Hm_Terrain_Test_129.pgm,129,129,80.000,12.000,20,4.000,2.000,200000,5.875,0.000,18.000,14.803,17.628,22130,120020,22128,146,76,152,82,0,0,0,0,1,94.581,16.855,16.518,0.222,3.491,0.045,0.223,0.000,2.179,0.067,0.171,7.512,2.607,0.234,0.000,0.000,0.000,0.000,0.000,0.000,0.000,0.000,0.000,0.000,0.000,0.000,0.000,0.000,0.000,0.000,0,0,2.247,3.537,7.683,0.000,18
Classic CPU ROAM,RelWithDebInfo,OpenGL,NVIDIA GeForce RTX 5090 D/PCIe/SSE2,4.3.0 NVIDIA 591.86,false,assets/heightmaps/Hm_Terrain_Test_129.pgm,129,129,80.000,12.000,20,4.000,2.000,200000,5.892,0.000,18.000,14.702,17.337,22136,120368,22134,174,87,168,98,0,0,0,0,1,95.046,16.775,16.437,0.185,2.984,0.072,0.171,0.000,2.424,0.077,0.175,7.844,2.503,0.234,0.000,0.000,0.000,0.000,0.000,0.000,0.000,0.000,0.000,0.000,0.000,0.000,0.000,0.000,0.000,0.000,0,0,2.501,3.056,8.020,0.000,18
Classic CPU ROAM,RelWithDebInfo,OpenGL,NVIDIA GeForce RTX 5090 D/PCIe/SSE2,4.3.0 NVIDIA 591.86,false,assets/heightmaps/Hm_Terrain_Test_129.pgm,129,129,80.000,12.000,20,4.000,2.000,200000,5.910,0.000,18.000,14.602,17.311,22138,120680,22136,156,78,154,93,0,0,0,0,1,183.952,17.319,16.986,0.189,3.019,0.042,0.169,0.000,2.080,0.067,0.171,7.943,3.304,0.229,0.000,0.000,0.000,0.000,0.000,0.000,0.000,0.000,0.000,0.000,0.000,0.000,0.000,0.000,0.000,0.000,0,0,2.147,3.063,8.114,0.000,17
Classic CPU ROAM,RelWithDebInfo,OpenGL,NVIDIA GeForce RTX 5090 D/PCIe/SSE2,4.3.0 NVIDIA 591.86,false,assets/heightmaps/Hm_Terrain_Test_129.pgm,129,129,80.000,12.000,20,4.000,2.000,200000,5.928,0.000,18.000,14.499,17.792,22138,121020,22136,170,85,170,100,0,0,0,0,1,89.640,17.767,17.428,0.190,3.723,0.051,0.197,0.000,2.292,0.071,0.172,7.870,2.860,0.232,0.000,0.000,0.000,0.000,0.000,0.000,0.000,0.000,0.000,0.000,0.000,0.000,0.000,0.000,0.000,0.000,0,0,2.363,3.775,8.043,0.000,18
Classic CPU ROAM,RelWithDebInfo,OpenGL,NVIDIA GeForce RTX 5090 D/PCIe/SSE2,4.3.0 NVIDIA 591.86,false,assets/heightmaps/Hm_Terrain_Test_129.pgm,129,129,80.000,12.000,20,4.000,2.000,200000,5.946,0.000,18.000,14.393,18.261,22146,121372,22144,192,104,184,103,0,0,0,0,1,93.699,17.005,16.674,0.195,3.304,0.051,0.162,0.000,2.249,0.100,0.191,7.523,2.897,0.226,0.000,0.000,0.000,0.000,0.000,0.000,0.000,0.000,0.000,0.000,0.000,0.000,0.000,0.000,0.000,0.000,0,0,2.350,3.356,7.714,0.000,18
Classic CPU ROAM,RelWithDebInfo,OpenGL,NVIDIA GeForce RTX 5090 D/PCIe/SSE2,4.3.0 NVIDIA 591.86,false,assets/heightmaps/Hm_Terrain_Test_129.pgm,129,129,80.000,12.000,20,4.000,2.000,200000,5.963,0.000,18.000,14.292,17.479,22118,121732,22116,180,90,208,107,0,0,0,0,1,96.296,16.591,16.224,0.192,3.511,0.063,0.186,0.000,2.308,0.075,0.187,7.397,2.301,0.254,0.000,0.000,0.000,0.000,0.000,0.000,0.000,0.000,0.000,0.000,0.000,0.000,0.000,0.000,0.000,0.000,0,0,2.384,3.575,7.585,0.000,17
Classic CPU ROAM,RelWithDebInfo,OpenGL,NVIDIA GeForce RTX 5090 D/PCIe/SSE2,4.3.0 NVIDIA 591.86,false,assets/heightmaps/Hm_Terrain_Test_129.pgm,129,129,80.000,12.000,20,4.000,2.000,200000,5.980,0.000,18.000,14.193,17.108,22142,122072,22140,170,85,146,98,0,0,0,0,1,82.763,19.223,18.876,0.239,5.016,0.047,0.206,0.000,2.985,0.080,0.178,7.687,2.435,0.238,0.000,0.000,0.000,0.000,0.000,0.000,0.000,0.000,0.000,0.000,0.000,0.000,0.000,0.000,0.000,0.000,0,0,3.066,5.064,7.866,0.000,18
Classic CPU ROAM,RelWithDebInfo,OpenGL,NVIDIA GeForce RTX 5090 D/PCIe/SSE2,4.3.0 NVIDIA 591.86,false,assets/heightmaps/Hm_Terrain_Test_129.pgm,129,129,80.000,12.000,20,4.000,2.000,200000,6.000,0.000,18.000,14.080,19.725,22132,122380,22130,168,91,178,96,0,0,0,0,1,89.143,17.875,17.525,0.207,3.661,0.052,0.170,0.000,2.286,0.078,0.177,7.569,3.324,0.238,0.000,0.000,0.000,0.000,0.000,0.000,0.000,0.000,0.000,0.000,0.000,0.000,0.000,0.000,0.000,0.000,0,0,2.364,3.715,7.745,0.000,18
Classic CPU ROAM,RelWithDebInfo,OpenGL,NVIDIA GeForce RTX 5090 D/PCIe/SSE2,4.3.0 NVIDIA 591.86,false,assets/heightmaps/Hm_Terrain_Test_129.pgm,129,129,80.000,12.000,20,4.000,2.000,200000,6.018,0.000,18.000,13.974,18.389,22134,122752,22132,186,93,184,106,0,0,0,0,1,174.484,18.257,17.907,0.191,3.490,0.053,0.236,0.000,2.716,0.087,0.240,7.614,3.279,0.239,0.000,0.000,0.000,0.000,0.000,0.000,0.000,0.000,0.000,0.000,0.000,0.000,0.000,0.000,0.000,0.000,0,0,2.803,3.544,7.854,0.000,18
Classic CPU ROAM,RelWithDebInfo,OpenGL,NVIDIA GeForce RTX 5090 D/PCIe/SSE2,4.3.0 NVIDIA 591.86,false,assets/heightmaps/Hm_Terrain_Test_129.pgm,129,129,80.000,12.000,20,4.000,2.000,200000,6.037,0.000,18.000,13.866,18.792,22097,123096,22095,172,85,209,104,0,0,0,0,1,87.823,18.132,17.789,0.200,3.547,0.058,0.174,0.000,2.488,0.084,0.220,7.853,3.164,0.237,0.000,0.000,0.000,0.000,0.000,0.000,0.000,0.000,0.000,0.000,0.000,0.000,0.000,0.000,0.000,0.000,0,0,2.572,3.606,8.073,0.000,18
Classic CPU ROAM,RelWithDebInfo,OpenGL,NVIDIA GeForce RTX 5090 D/PCIe/SSE2,4.3.0 NVIDIA 591.86,false,assets/heightmaps/Hm_Terrain_Test_129.pgm,129,129,80.000,12.000,20,4.000,2.000,200000,6.056,0.000,18.000,13.759,18.631,22026,123420,22024,162,81,233,109,0,0,0,0,1,91.767,17.361,17.025,0.200,3.271,0.065,0.161,0.000,2.230,0.084,0.209,7.635,3.170,0.226,0.000,0.000,0.000,0.000,0.000,0.000,0.000,0.000,0.000,0.000,0.000,0.000,0.000,0.000,0.000,0.000,0,0,2.314,3.337,7.843,0.000,18
Classic CPU ROAM,RelWithDebInfo,OpenGL,NVIDIA GeForce RTX 5090 D/PCIe/SSE2,4.3.0 NVIDIA 591.86,false,assets/heightmaps/Hm_Terrain_Test_129.pgm,129,129,80.000,12.000,20,4.000,2.000,200000,6.074,0.000,18.000,13.657,17.834,21982,123764,21980,172,86,216,113,0,0,0,0,1,90.865,17.528,17.194,0.185,3.645,0.064,0.184,0.000,2.391,0.075,0.164,7.603,2.880,0.228,0.000,0.000,0.000,0.000,0.000,0.000,0.000,0.000,0.000,0.000,0.000,0.000,0.000,0.000,0.000,0.000,0,0,2.467,3.710,7.768,0.000,18
Classic CPU ROAM,RelWithDebInfo,OpenGL,NVIDIA GeForce RTX 5090 D/PCIe/SSE2,4.3.0 NVIDIA 591.86,false,assets/heightmaps/Hm_Terrain_Test_129.pgm,129,129,80.000,12.000,20,4.000,2.000,200000,6.092,0.000,18.000,13.554,18.024,21980,124040,21978,138,69,140,78,0,0,0,0,1,95.838,16.634,16.301,0.201,3.405,0.040,0.162,0.000,2.253,0.059,0.170,7.355,2.655,0.229,0.000,0.000,0.000,0.000,0.000,0.000,0.000,0.000,0.000,0.000,0.000,0.000,0.000,0.000,0.000,0.000,0,0,2.312,3.445,7.525,0.000,18
Classic CPU ROAM,RelWithDebInfo,OpenGL,NVIDIA GeForce RTX 5090 D/PCIe/SSE2,4.3.0 NVIDIA 591.86,false,assets/heightmaps/Hm_Terrain_Test_129.pgm,129,129,80.000,12.000,20,4.000,2.000,200000,6.109,0.000,18.000,13.456,17.105,21986,124356,21984,158,79,152,93,0,0,0,0,1,103.726,15.376,15.062,0.185,3.175,0.042,0.177,0.000,2.139,0.067,0.160,7.355,1.760,0.216,0.000,0.000,0.000,0.000,0.000,0.000,0.000,0.000,0.000,0.000,0.000,0.000,0.000,0.000,0.000,0.000,0,0,2.207,3.218,7.515,0.000,18
Classic CPU ROAM,RelWithDebInfo,OpenGL,NVIDIA GeForce RTX 5090 D/PCIe/SSE2,4.3.0 NVIDIA 591.86,false,assets/heightmaps/Hm_Terrain_Test_129.pgm,129,129,80.000,12.000,20,4.000,2.000,200000,6.125,0.000,18.000,13.366,15.812,21890,124652,21888,148,74,244,114,0,0,0,0,1,89.845,17.745,17.389,0.184,3.399,0.069,0.161,0.000,2.164,0.066,0.161,7.745,3.437,0.245,0.000,0.000,0.000,0.000,0.000,0.000,0.000,0.000,0.000,0.000,0.000,0.000,0.000,0.000,0.000,0.000,0,0,2.230,3.470,7.906,0.000,18
Classic CPU ROAM,RelWithDebInfo,OpenGL,NVIDIA GeForce RTX 5090 D/PCIe/SSE2,4.3.0 NVIDIA 591.86,false,assets/heightmaps/Hm_Terrain_Test_129.pgm,129,129,80.000,12.000,20,4.000,2.000,200000,6.143,0.000,18.000,13.262,18.242,21890,125028,21888,188,94,188,107,0,0,0,0,1,159.151,19.979,19.633,0.210,4.355,0.057,0.308,0.000,2.856,0.112,0.163,7.985,3.584,0.241,0.000,0.000,0.000,0.000,0.000,0.000,0.000,0.000,0.000,0.000,0.000,0.000,0.000,0.000,0.000,0.000,0,0,2.969,4.413,8.149,0.000,18
Classic CPU ROAM,RelWithDebInfo,OpenGL,NVIDIA GeForce RTX 5090 D/PCIe/SSE2,4.3.0 NVIDIA 591.86,false,assets/heightmaps/Hm_Terrain_Test_129.pgm,129,129,80.000,12.000,20,4.000,2.000,200000,6.163,0.000,18.000,13.146,20.502,21934,125396,21932,184,92,140,126,0,0,0,0,1,92.061,17.299,16.971,0.211,3.599,0.038,0.219,0.000,2.612,0.081,0.172,7.682,2.353,0.221,0.000,0.000,0.000,0.000,0.000,0.000,0.000,0.000,0.000,0.000,0.000,0.000,0.000,0.000,0.000,0.000,0,0,2.694,3.639,7.854,0.000,18
Classic CPU ROAM,RelWithDebInfo,OpenGL,NVIDIA GeForce RTX 5090 D/PCIe/SSE2,4.3.0 NVIDIA 591.86,false,assets/heightmaps/Hm_Terrain_Test_129.pgm,129,129,80.000,12.000,20,4.000,2.000,200000,6.181,0.000,18.000,13.045,17.768,21896,125736,21894,170,85,208,116,0,0,0,0,1,96.041,16.605,16.267,0.219,2.965,0.059,0.156,0.000,2.041,0.075,0.164,7.793,2.795,0.237,0.000,0.000,0.000,0.000,0.000,0.000,0.000,0.000,0.000,0.000,0.000,0.000,0.000,0.000,0.000,0.000,0,0,2.115,3.025,7.956,0.000,18
Classic CPU ROAM,RelWithDebInfo,OpenGL,NVIDIA GeForce RTX 5090 D/PCIe/SSE2,4.3.0 NVIDIA 591.86,false,assets/heightmaps/Hm_Terrain_Test_129.pgm,129,129,80.000,12.000,20,4.000,2.000,200000,6.198,0.000,18.000,12.948,17.076,21910,126068,21908,166,83,152,101,0,0,0,0,1,94.784,16.823,16.483,0.192,3.387,0.043,0.186,0.000,2.301,0.070,0.160,7.587,2.555,0.232,0.000,0.000,0.000,0.000,0.000,0.000,0.000,0.000,0.000,0.000,0.000,0.000,0.000,0.000,0.000,0.000,0,0,2.372,3.431,7.747,0.000,18
Classic CPU ROAM,RelWithDebInfo,OpenGL,NVIDIA GeForce RTX 5090 D/PCIe/SSE2,4.3.0 NVIDIA 591.86,false,assets/heightmaps/Hm_Terrain_Test_129.pgm,129,129,80.000,12.000,20,4.000,2.000,200000,6.216,0.000,18.000,12.850,17.293,21988,126428,21986,180,90,102,106,0,0,0,0,1,96.482,16.531,16.192,0.212,3.346,0.028,0.162,0.000,2.152,0.075,0.163,7.430,2.622,0.236,0.000,0.000,0.000,0.000,0.000,0.000,0.000,0.000,0.000,0.000,0.000,0.000,0.000,0.000,0.000,0.000,0,0,2.228,3.375,7.593,0.000,18
Classic CPU ROAM,RelWithDebInfo,OpenGL,NVIDIA GeForce RTX 5090 D/PCIe/SSE2,4.3.0 NVIDIA 591.86,false,assets/heightmaps/Hm_Terrain_Test_129.pgm,129,129,80.000,12.000,20,4.000,2.000,200000,6.233,0.000,18.000,12.754,17.002,21904,126664,21902,118,59,202,104,0,0,0,0,1,101.354,15.739,15.414,0.191,3.352,0.054,0.186,0.000,2.305,0.053,0.222,7.317,1.732,0.223,0.000,0.000,0.000,0.000,0.000,0.000,0.000,0.000,0.000,0.000,0.000,0.000,0.000,0.000,0.000,0.000,0,0,2.358,3.407,7.540,0.000,18
Classic CPU ROAM,RelWithDebInfo,OpenGL,NVIDIA GeForce RTX 5090 D/PCIe/SSE2,4.3.0 NVIDIA 591.86,false,assets/heightmaps/Hm_Terrain_Test_129.pgm,129,129,80.000,12.000,20,4.000,2.000,200000,6.249,0.000,18.000,12.663,16.183,21813,126942,21811,139,69,230,92,0,0,0,0,1,96.932,16.450,16.118,0.177,3.083,0.068,0.176,0.000,2.278,0.086,0.188,7.405,2.626,0.230,0.000,0.000,0.000,0.000,0.000,0.000,0.000,0.000,0.000,0.000,0.000,0.000,0.000,0.000,0.000,0.000,0,0,2.365,3.181,7.592,0.000,18
Classic CPU ROAM,RelWithDebInfo,OpenGL,NVIDIA GeForce RTX 5090 D/PCIe/SSE2,4.3.0 NVIDIA 591.86,false,assets/heightmaps/Hm_Terrain_Test_129.pgm,129,129,80.000,12.000,20,4.000,2.000,200000,6.266,0.000,18.000,12.568,17.049,21847,127232,21845,145,72,111,90,0,0,0,0,1,92.464,17.248,16.896,0.217,3.324,0.031,0.160,0.000,2.223,0.068,0.194,7.569,3.109,0.234,0.000,0.000,0.000,0.000,0.000,0.000,0.000,0.000,0.000,0.000,0.000,0.000,0.000,0.000,0.000,0.000,0,0,2.291,3.356,7.762,0.000,18
Classic CPU ROAM,RelWithDebInfo,OpenGL,NVIDIA GeForce RTX 5090 D/PCIe/SSE2,4.3.0 NVIDIA 591.86,false,assets/heightmaps/Hm_Terrain_Test_129.pgm,129,129,80.000,12.000,20,4.000,2.000,200000,6.284,0.000,18.000,12.468,17.779,21808,127508,21806,138,69,177,97,0,0,0,0,1,179.399,17.745,17.417,0.225,3.419,0.050,0.170,0.000,2.221,0.060,0.206,7.669,3.397,0.226,0.000,0.000,0.000,0.000,0.000,0.000,0.000,0.000,0.000,0.000,0.000,0.000,0.000,0.000,0.000,0.000,0,0,2.281,3.470,7.875,0.000,18
Classic CPU ROAM,RelWithDebInfo,OpenGL,NVIDIA GeForce RTX 5090 D/PCIe/SSE2,4.3.0 NVIDIA 591.86,false,assets/heightmaps/Hm_Terrain_Test_129.pgm,129,129,80.000,12.000,20,4.000,2.000,200000,6.302,0.000,18.000,12.366,18.245,21794,127800,21792,146,73,160,90,0,0,0,0,1,94.875,16.809,16.467,0.193,3.441,0.046,0.177,0.000,2.256,0.063,0.170,7.501,2.618,0.235,0.000,0.000,0.000,0.000,0.000,0.000,0.000,0.000,0.000,0.000,0.000,0.000,0.000,0.000,0.000,0.000,0,0,2.319,3.488,7.671,0.000,18
Classic CPU ROAM,RelWithDebInfo,OpenGL,NVIDIA GeForce RTX 5090 D/PCIe/SSE2,4.3.0 NVIDIA 591.86,false,assets/heightmaps/Hm_Terrain_Test_129.pgm,129,129,80.000,12.000,20,4.000,2.000,200000,6.319,0.000,18.000,12.269,17.297,21712,128132,21710,166,83,248,114,0,0,0,0,1,92.049,17.308,16.973,0.201,3.904,0.074,0.171,0.000,2.241,0.072,0.174,7.351,2.784,0.234,0.000,0.000,0.000,0.000,0.000,0.000,0.000,0.000,0.000,0.000,0.000,0.000,0.000,0.000,0.000,0.000,0,0,2.313,3.979,7.525,0.000,18
Classic CPU ROAM,RelWithDebInfo,OpenGL,NVIDIA GeForce RTX 5090 D/PCIe/SSE2,4.3.0 NVIDIA 591.86,false,assets/heightmaps/Hm_Terrain_Test_129.pgm,129,129,80.000,12.000,20,4.000,2.000,200000,6.337,0.000,18.000,12.170,17.768,21712,128448,21710,158,79,158,100,0,0,0,0,1,98.420,16.202,15.873,0.192,3.174,0.044,0.172,0.000,2.306,0.068,0.167,7.436,2.312,0.223,0.000,0.000,0.000,0.000,0.000,0.000,0.000,0.000,0.000,0.000,0.000,0.000,0.000,0.000,0.000,0.000,0,0,2.375,3.219,7.603,0.000,18
Classic CPU ROAM,RelWithDebInfo,OpenGL,NVIDIA GeForce RTX 5090 D/PCIe/SSE2,4.3.0 NVIDIA 591.86,false,assets/heightmaps/Hm_Terrain_Test_129.pgm,129,129,80.000,12.000,20,4.000,2.000,200000,6.354,0.000,18.000,12.077,16.669,21780,128796,21778,174,87,106,109,0,0,0,0,1,92.749,17.176,16.844,0.183,3.286,0.032,0.163,0.000,2.215,0.097,0.193,7.529,3.145,0.230,0.000,0.000,0.000,0.000,0.000,0.000,0.000,0.000,0.000,0.000,0.000,0.000,0.000,0.000,0.000,0.000,0,0,2.312,3.318,7.723,0.000,18
Classic CPU ROAM,RelWithDebInfo,OpenGL,NVIDIA GeForce RTX 5090 D/PCIe/SSE2,4.3.0 NVIDIA 591.86,false,assets/heightmaps/Hm_Terrain_Test_129.pgm,129,129,80.000,12.000,20,4.000,2.000,200000,6.371,0.000,18.000,11.979,17.691,21734,129156,21732,182,92,228,110,0,0,0,0,1,94.018,16.949,16.617,0.210,3.383,0.062,0.193,0.000,2.663,0.080,0.241,7.372,2.410,0.226,0.000,0.000,0.000,0.000,0.000,0.000,0.000,0.000,0.000,0.000,0.000,0.000,0.000,0.000,0.000,0.000,0,0,2.743,3.446,7.613,0.000,18
Classic CPU ROAM,RelWithDebInfo,OpenGL,NVIDIA GeForce RTX 5090 D/PCIe/SSE2,4.3.0 NVIDIA 591.86,false,assets/heightmaps/Hm_Terrain_Test_129.pgm,129,129,80.000,12.000,20,4.000,2.000,200000,6.389,0.000,18.000,11.882,17.420,21704,129440,21702,144,73,174,88,0,0,0,0,1,100.719,15.844,15.511,0.193,2.911,0.048,0.165,0.000,2.022,0.060,0.170,7.394,2.546,0.230,0.000,0.000,0.000,0.000,0.000,0.000,0.000,0.000,0.000,0.000,0.000,0.000,0.000,0.000,0.000,0.000,0,0,2.082,2.960,7.564,0.000,18
Classic CPU ROAM,RelWithDebInfo,OpenGL,NVIDIA GeForce RTX 5090 D/PCIe/SSE2,4.3.0 NVIDIA 591.86,false,assets/heightmaps/Hm_Terrain_Test_129.pgm,129,129,80.000,12.000,20,4.000,2.000,200000,6.405,0.000,18.000,11.792,16.307,21766,129736,21764,168,94,106,89,0,0,0,0,1,95.170,16.748,16.416,0.189,3.488,0.032,0.174,0.000,2.259,0.066,0.224,7.455,2.528,0.227,0.000,0.000,0.000,0.000,0.000,0.000,0.000,0.000,0.000,0.000,0.000,0.000,0.000,0.000,0.000,0.000,0,0,2.325,3.521,7.679,0.000,18
Classic CPU ROAM,RelWithDebInfo,OpenGL,NVIDIA GeForce RTX 5090 D/PCIe/SSE2,4.3.0 NVIDIA 591.86,false,assets/heightmaps/Hm_Terrain_Test_129.pgm,129,129,80.000,12.000,20,4.000,2.000,200000,6.422,0.000,18.000,11.697,17.219,21734,130060,21732,162,81,194,97,0,0,0,0,1,98.579,16.180,15.848,0.183,3.404,0.058,0.172,0.000,2.168,0.070,0.227,7.454,2.112,0.232,0.000,0.000,0.000,0.000,0.000,0.000,0.000,0.000,0.000,0.000,0.000,0.000,0.000,0.000,0.000,0.000,0,0,2.238,3.463,7.680,0.000,18
Classic CPU ROAM,RelWithDebInfo,OpenGL,NVIDIA GeForce RTX 5090 D/PCIe/SSE2,4.3.0 NVIDIA 591.86,false,assets/heightmaps/Hm_Terrain_Test_129.pgm,129,129,80.000,12.000,20,4.000,2.000,200000,6.439,0.000,18.000,11.605,16.679,21646,130320,21644,130,65,218,114,0,0,0,0,1,97.903,16.336,15.957,0.228,3.398,0.061,0.172,0.000,2.114,0.059,0.237,7.523,2.138,0.240,0.000,0.000,0.000,0.000,0.000,0.000,0.000,0.000,0.000,0.000,0.000,0.000,0.000,0.000,0.000,0.000,0,0,2.174,3.484,7.761,0.000,18
Classic CPU ROAM,RelWithDebInfo,OpenGL,NVIDIA GeForce RTX 5090 D/PCIe/SSE2,4.3.0 NVIDIA 591.86,false,assets/heightmaps/Hm_Terrain_Test_129.pgm,129,129,80.000,12.000,20,4.000,2.000,200000,6.456,0.000,18.000,11.513,16.854,21740,130700,21738,212,117,118,124,0,0,0,0,1,99.770,15.993,15.659,0.185,2.917,0.034,0.186,0.000,2.243,0.108,0.248,7.510,2.205,0.232,0.000,0.000,0.000,0.000,0.000,0.000,0.000,0.000,0.000,0.000,0.000,0.000,0.000,0.000,0.000,0.000,0,0,2.351,2.973,7.759,0.000,18
Classic CPU ROAM,RelWithDebInfo,OpenGL,NVIDIA GeForce RTX 5090 D/PCIe/SSE2,4.3.0 NVIDIA 591.86,false,assets/heightmaps/Hm_Terrain_Test_129.pgm,129,129,80.000,12.000,20,4.000,2.000,200000,6.472,0.000,18.000,11.422,16.467,21681,130982,21679,141,70,200,94,0,0,0,0,1,189.360,16.849,16.500,0.208,3.002,0.057,0.170,0.000,2.017,0.060,0.211,7.596,3.164,0.239,0.000,0.000,0.000,0.000,0.000,0.000,0.000,0.000,0.000,0.000,0.000,0.000,0.000,0.000,0.000,0.000,0,0,2.078,3.073,7.806,0.000,18
Classic CPU ROAM,RelWithDebInfo,OpenGL,NVIDIA GeForce RTX 5090 D/PCIe/SSE2,4.3.0 NVIDIA 591.86,false,assets/heightmaps/Hm_Terrain_Test_129.pgm,129,129,80.000,12.000,20,4.000,2.000,200000,6.490,0.000,18.000,11.327,17.352,21669,131272,21667,155,82,167,82,0,0,0,0,1,101.201,15.758,15.437,0.205,3.454,0.047,0.171,0.000,2.349,0.064,0.204,7.237,1.688,0.218,0.000,0.000,0.000,0.000,0.000,0.000,0.000,0.000,0.000,0.000,0.000,0.000,0.000,0.000,0.000,0.000,0,0,2.415,3.518,7.441,0.000,18
Classic CPU ROAM,RelWithDebInfo,OpenGL,NVIDIA GeForce RTX 5090 D/PCIe/SSE2,4.3.0 NVIDIA 591.86,false,assets/heightmaps/Hm_Terrain_Test_129.pgm,129,129,80.000,12.000,20,4.000,2.000,200000,6.506,0.000,18.000,11.239,16.216,21625,131580,21623,166,89,210,93,0,0,0,0,1,105.939,15.063,14.747,0.170,2.704,0.057,0.161,0.000,1.961,0.063,0.199,7.341,2.076,0.211,0.000,0.000,0.000,0.000,0.000,0.000,0.000,0.000,0.000,0.000,0.000,0.000,0.000,0.000,0.000,0.000,0,0,2.025,2.775,7.540,0.000,18
Classic CPU ROAM,RelWithDebInfo,OpenGL,NVIDIA GeForce RTX 5090 D/PCIe/SSE2,4.3.0 NVIDIA 591.86,false,assets/heightmaps/Hm_Terrain_Test_129.pgm,129,129,80.000,12.000,20,4.000,2.000,200000,6.521,0.000,18.000,11.154,15.515,21582,131828,21580,150,88,193,80,0,0,0,0,1,102.681,15.531,15.215,0.189,3.015,0.053,0.163,0.000,1.991,0.056,0.202,7.264,2.267,0.215,0.000,0.000,0.000,0.000,0.000,0.000,0.000,0.000,0.000,0.000,0.000,0.000,0.000,0.000,0.000,0.000,0,0,2.047,3.083,7.466,0.000,18
Classic CPU ROAM,RelWithDebInfo,OpenGL,NVIDIA GeForce RTX 5090 D/PCIe/SSE2,4.3.0 NVIDIA 591.86,false,assets/heightmaps/Hm_Terrain_Test_129.pgm,129,129,80.000,12.000,20,4.000,2.000,200000,6.537,0.000,18.000,11.067,15.977,21528,132168,21526,170,85,224,101,0,0,0,0,1,97.829,16.300,15.970,0.185,3.004,0.061,0.161,0.000,2.054,0.072,0.214,7.244,2.959,0.225,0.000,0.000,0.000,0.000,0.000,0.000,0.000,0.000,0.000,0.000,0.000,0.000,0.000,0.000,0.000,0.000,0,0,2.127,3.080,7.458,0.000,18
Classic CPU ROAM,RelWithDebInfo,OpenGL,NVIDIA GeForce RTX 5090 D/PCIe/SSE2,4.3.0 NVIDIA 591.86,false,assets/heightmaps/Hm_Terrain_Test_129.pgm,129,129,80.000,12.000,20,4.000,2.000,200000,6.554,0.000,18.000,10.976,16.857,21490,132504,21488,172,88,210,104,0,0,0,0,1,97.129,16.405,16.085,0.193,3.589,0.063,0.183,0.000,2.010,0.091,0.198,7.304,2.437,0.214,0.000,0.000,0.000,0.000,0.000,0.000,0.000,0.000,0.000,0.000,0.000,0.000,0.000,0.000,0.000,0.000,0,0,2.101,3.668,7.502,0.000,18
Classic CPU ROAM,RelWithDebInfo,OpenGL,NVIDIA GeForce RTX 5090 D/PCIe/SSE2,4.3.0 NVIDIA 591.86,false,assets/heightmaps/Hm_Terrain_Test_129.pgm,129,129,80.000,12.000,20,4.000,2.000,200000,6.571,0.000,18.000,10.884,16.902,21440,132788,21438,146,75,196,104,0,0,0,0,1,0.000,16.083,15.741,0.203,3.090,0.054,0.160,0.000,2.055,0.062,0.208,7.241,2.654,0.233,0.000,0.000,0.000,0.000,0.000,0.000,0.000,0.000,0.000,0.000,0.000,0.000,0.000,0.000,0.000,0.000,0,0,2.117,3.158,7.449,0.000,18
Classic CPU ROAM,RelWithDebInfo,OpenGL,NVIDIA GeForce RTX 5090 D/PCIe/SSE2,4.3.0 NVIDIA 591.86,false,assets/heightmaps/Hm_Terrain_Test_129.pgm,129,129,80.000,12.000,20,4.000,2.000,200000,6.588,0.000,18.000,10.795,16.566,21472,133100,21470,158,80,126,96,0,0,0,0,1,94.597,16.838,16.515,0.212,3.780,0.038,0.188,0.000,2.529,0.071,0.202,7.333,2.146,0.219,0.000,0.000,0.000,0.000,0.000,0.000,0.000,0.000,0.000,0.000,0.000,0.000,0.000,0.000,0.000,0.000,0,0,2.600,3.835,7.535,0.000,18
Classic CPU ROAM,RelWithDebInfo,OpenGL,NVIDIA GeForce RTX 5090 D/PCIe/SSE2,4.3.0 NVIDIA 591.86,false,assets/heightmaps/Hm_Terrain_Test_129.pgm,129,129,80.000,12.000,20,4.000,2.000,200000,6.605,0.000,18.000,10.701,17.326,21434,133444,21432,182,96,220,104,0,0,0,0,1,105.867,15.068,14.757,0.214,2.793,0.063,0.157,0.000,1.903,0.074,0.207,7.258,2.074,0.211,0.000,0.000,0.000,0.000,0.000,0.000,0.000,0.000,0.000,0.000,0.000,0.000,0.000,0.000,0.000,0.000,0,0,1.977,2.870,7.465,0.000,18
Classic CPU ROAM,RelWithDebInfo,OpenGL,NVIDIA GeForce RTX 5090 D/PCIe/SSE2,4.3.0 NVIDIA 591.86,false,assets/heightmaps/Hm_Terrain_Test_129.pgm,129,129,80.000,12.000,20,4.000,2.000,200000,6.620,0.000,18.000,10.618,15.545,21392,133736,21390,148,75,190,96,0,0,0,0,1,71.574,22.533,21.829,0.180,2.922,0.051,0.161,0.000,1.986,0.063,0.212,8.940,7.300,0.462,0.000,0.000,0.000,0.000,0.000,0.000,0.000,0.000,0.000,0.000,0.000,0.000,0.000,0.000,0.000,0.000,0,0,2.049,2.987,9.153,0.000,18
Classic CPU ROAM,RelWithDebInfo,OpenGL,NVIDIA GeForce RTX 5090 D/PCIe/SSE2,4.3.0 NVIDIA 591.86,false,assets/heightmaps/Hm_Terrain_Test_129.pgm,129,129,80.000,12.000,20,4.000,2.000,200000,6.644,0.000,18.000,10.490,23.833,21468,134252,21466,258,129,182,155,0,0,0,0,1,192.360,16.564,16.242,0.274,3.419,0.050,0.170,0.000,2.142,0.128,0.198,7.316,2.530,0.220,0.000,0.000,0.000,0.000,0.000,0.000,0.000,0.000,0.000,0.000,0.000,0.000,0.000,0.000,0.000,0.000,0,0,2.271,3.483,7.515,0.000,18
Classic CPU ROAM,RelWithDebInfo,OpenGL,NVIDIA GeForce RTX 5090 D/PCIe/SSE2,4.3.0 NVIDIA 591.86,false,assets/heightmaps/Hm_Terrain_Test_129.pgm,129,129,80.000,12.000,20,4.000,2.000,200000,6.661,0.000,18.000,10.398,17.158,21458,134612,21456,182,92,192,109,0,0,0,0,1,0.000,15.330,15.026,0.204,3.082,0.054,0.160,0.000,2.071,0.076,0.212,7.124,2.031,0.209,0.000,0.000,0.000,0.000,0.000,0.000,0.000,0.000,0.000,0.000,0.000,0.000,0.000,0.000,0.000,0.000,0,0,2.147,3.148,7.336,0.000,18
Classic CPU ROAM,RelWithDebInfo,OpenGL,NVIDIA GeForce RTX 5090 D/PCIe/SSE2,4.3.0 NVIDIA 591.86,false,assets/heightmaps/Hm_Terrain_Test_129.pgm,129,129,80.000,12.000,20,4.000,2.000,200000,6.677,0.000,18.000,10.314,15.773,21360,134836,21358,112,56,210,104,0,0,0,0,1,0.000,14.669,14.352,0.182,2.728,0.056,0.168,0.000,1.990,0.049,0.201,7.120,1.843,0.210,0.000,0.000,0.000,0.000,0.000,0.000,0.000,0.000,0.000,0.000,0.000,0.000,0.000,0.000,0.000,0.000,0,0,2.039,2.799,7.322,0.000,18
Classic CPU ROAM,RelWithDebInfo,OpenGL,NVIDIA GeForce RTX 5090 D/PCIe/SSE2,4.3.0 NVIDIA 591.86,false,assets/heightmaps/Hm_Terrain_Test_129.pgm,129,129,80.000,12.000,20,4.000,2.000,200000,6.692,0.000,18.000,10.234,15.134,21374,135124,21372,150,78,136,87,0,0,0,0,1,0.000,14.517,14.205,0.182,2.666,0.038,0.164,0.000,1.959,0.062,0.200,7.104,1.816,0.208,0.000,0.000,0.000,0.000,0.000,0.000,0.000,0.000,0.000,0.000,0.000,0.000,0.000,0.000,0.000,0.000,0,0,2.021,2.718,7.304,0.000,18
Classic CPU ROAM,RelWithDebInfo,OpenGL,NVIDIA GeForce RTX 5090 D/PCIe/SSE2,4.3.0 NVIDIA 591.86,false,assets/heightmaps/Hm_Terrain_Test_129.pgm,129,129,80.000,12.000,20,4.000,2.000,200000,6.707,0.000,18.000,10.154,14.951,21383,135338,21381,107,53,98,64,0,0,0,0,1,0.000,15.018,14.703,0.185,2.805,0.027,0.160,0.000,1.920,0.048,0.202,7.279,2.062,0.216,0.000,0.000,0.000,0.000,0.000,0.000,0.000,0.000,0.000,0.000,0.000,0.000,0.000,0.000,0.000,0.000,0,0,1.969,2.847,7.481,0.000,18
Classic CPU ROAM,RelWithDebInfo,OpenGL,NVIDIA GeForce RTX 5090 D/PCIe/SSE2,4.3.0 NVIDIA 591.86,false,assets/heightmaps/Hm_Terrain_Test_129.pgm,129,129,80.000,12.000,20,4.000,2.000,200000,6.723,0.000,18.000,10.073,15.449,21335,135632,21333,147,73,195,95,0,0,0,0,1,95.908,16.608,16.289,0.183,3.016,0.055,0.181,0.000,2.298,0.076,0.213,7.304,2.949,0.215,0.000,0.000,0.000,0.000,0.000,0.000,0.000,0.000,0.000,0.000,0.000,0.000,0.000,0.000,0.000,0.000,0,0,2.374,3.086,7.517,0.000,18
Classic CPU ROAM,RelWithDebInfo,OpenGL,NVIDIA GeForce RTX 5090 D/PCIe/SSE2,4.3.0 NVIDIA 591.86,false,assets/heightmaps/Hm_Terrain_Test_129.pgm,129,129,80.000,12.000,20,4.000,2.000,200000,6.740,0.000,18.000,9.982,17.077,21304,135960,21302,164,82,195,101,0,0,0,0,1,106.296,15.007,14.698,0.209,2.966,0.052,0.166,0.000,2.078,0.070,0.203,7.163,1.773,0.206,0.000,0.000,0.000,0.000,0.000,0.000,0.000,0.000,0.000,0.000,0.000,0.000,0.000,0.000,0.000,0.000,0,0,2.149,3.034,7.366,0.000,18
Classic CPU ROAM,RelWithDebInfo,OpenGL,NVIDIA GeForce RTX 5090 D/PCIe/SSE2,4.3.0 NVIDIA 591.86,false,assets/heightmaps/Hm_Terrain_Test_129.pgm,129,129,80.000,12.000,20,4.000,2.000,200000,6.755,0.000,18.000,9.901,15.497,21352,136304,21350,176,90,128,105,0,0,0,0,1,0.000,14.717,14.356,0.180,2.638,0.034,0.163,0.000,1.887,0.089,0.203,7.226,1.923,0.263,0.000,0.000,0.000,0.000,0.000,0.000,0.000,0.000,0.000,0.000,0.000,0.000,0.000,0.000,0.000,0.000,0,0,1.976,2.685,7.428,0.000,18
Classic CPU ROAM,RelWithDebInfo,OpenGL,NVIDIA GeForce RTX 5090 D/PCIe/SSE2,4.3.0 NVIDIA 591.86,false,assets/heightmaps/Hm_Terrain_Test_129.pgm,129,129,80.000,12.000,20,4.000,2.000,200000,6.771,0.000,18.000,9.821,15.231,21386,136664,21384,186,96,152,103,0,0,0,0,1,105.678,15.092,14.783,0.175,2.882,0.041,0.161,0.000,1.871,0.074,0.202,7.301,2.060,0.205,0.000,0.000,0.000,0.000,0.000,0.000,0.000,0.000,0.000,0.000,0.000,0.000,0.000,0.000,0.000,0.000,0,0,1.945,2.938,7.503,0.000,18
Classic CPU ROAM,RelWithDebInfo,OpenGL,NVIDIA GeForce RTX 5090 D/PCIe/SSE2,4.3.0 NVIDIA 591.86,false,assets/heightmaps/Hm_Terrain_Test_129.pgm,129,129,80.000,12.000,20,4.000,2.000,200000,6.786,0.000,18.000,9.739,15.527,21308,136932,21306,136,69,214,104,0,0,0,0,1,0.000,15.510,15.178,0.182,3.067,0.062,0.161,0.000,1.912,0.060,0.205,7.207,2.306,0.210,0.000,0.000,0.000,0.000,0.000,0.000,0.000,0.000,0.000,0.000,0.000,0.000,0.000,0.000,0.000,0.000,0,0,1.972,3.144,7.412,0.000,18
Classic CPU ROAM,RelWithDebInfo,OpenGL,NVIDIA GeForce RTX 5090 D/PCIe/SSE2,4.3.0 NVIDIA 591.86,false,assets/heightmaps/Hm_Terrain_Test_129.pgm,129,129,80.000,12.000,20,4.000,2.000,200000,6.802,0.000,18.000,9.656,15.930,21300,137220,21298,158,86,166,84,0,0,0,0,1,0.000,14.782,14.483,0.176,2.885,0.046,0.164,0.000,1.927,0.064,0.206,7.169,1.831,0.203,0.000,0.000,0.000,0.000,0.000,0.000,0.000,0.000,0.000,0.000,0.000,0.000,0.000,0.000,0.000,0.000,0,0,1.991,2.946,7.376,0.000,18
Classic CPU ROAM,RelWithDebInfo,OpenGL,NVIDIA GeForce RTX 5090 D/PCIe/SSE2,4.3.0 NVIDIA 591.86,false,assets/heightmaps/Hm_Terrain_Test_129.pgm,129,129,80.000,12.000,20,4.000,2.000,200000,6.817,0.000,18.000,9.576,15.382,21236,137464,21234,124,63,188,86,0,0,0,0,1,0.000,14.684,14.375,0.175,2.795,0.054,0.174,0.000,2.005,0.052,0.205,7.123,1.773,0.210,0.000,0.000,0.000,0.000,0.000,0.000,0.000,0.000,0.000,0.000,0.000,0.000,0.000,0.000,0.000,0.000,0,0,2.057,2.867,7.328,0.000,18
Classic CPU ROAM,RelWithDebInfo,OpenGL,NVIDIA GeForce RTX 5090 D/PCIe/SSE2,4.3.0 NVIDIA 591.86,false,assets/heightmaps/Hm_Terrain_Test_129.pgm,129,129,80.000,12.000,20,4.000,2.000,200000,6.833,0.000,18.000,9.497,15.139,21210,137716,21208,126,63,152,84,0,0,0,0,1,0.000,15.106,14.792,0.166,2.896,0.041,0.162,0.000,1.902,0.055,0.207,7.226,2.121,0.211,0.000,0.000,0.000,0.000,0.000,0.000,0.000,0.000,0.000,0.000,0.000,0.000,0.000,0.000,0.000,0.000,0,0,1.958,2.952,7.433,0.000,18
Classic CPU ROAM,RelWithDebInfo,OpenGL,NVIDIA GeForce RTX 5090 D/PCIe/SSE2,4.3.0 NVIDIA 591.86,false,assets/heightmaps/Hm_Terrain_Test_129.pgm,129,129,80.000,12.000,20,4.000,2.000,200000,6.848,0.000,18.000,9.417,15.559,21228,138036,21226,168,88,150,97,0,0,0,0,1,97.096,16.408,16.090,0.193,3.283,0.042,0.202,0.000,2.121,0.121,0.219,7.410,2.476,0.216,0.000,0.000,0.000,0.000,0.000,0.000,0.000,0.000,0.000,0.000,0.000,0.000,0.000,0.000,0.000,0.000,0,0,2.243,3.345,7.630,0.000,18
Classic CPU ROAM,RelWithDebInfo,OpenGL,NVIDIA GeForce RTX 5090 D/PCIe/SSE2,4.3.0 NVIDIA 591.86,false,assets/heightmaps/Hm_Terrain_Test_129.pgm,129,129,80.000,12.000,20,4.000,2.000,200000,6.865,0.000,18.000,9.329,16.956,21286,138412,21284,190,96,132,105,0,0,0,0,1,102.431,15.588,15.252,0.175,2.996,0.037,0.175,0.000,2.051,0.356,0.225,7.234,1.987,0.240,0.000,0.000,0.000,0.000,0.000,0.000,0.000,0.000,0.000,0.000,0.000,0.000,0.000,0.000,0.000,0.000,0,0,2.408,3.049,7.459,0.000,18
Classic CPU ROAM,RelWithDebInfo,OpenGL,NVIDIA GeForce RTX 5090 D/PCIe/SSE2,4.3.0 NVIDIA 591.86,false,assets/heightmaps/Hm_Terrain_Test_129.pgm,129,129,80.000,12.000,20,4.000,2.000,200000,6.881,0.000,18.000,9.246,16.101,21238,138676,21236,138,72,186,77,0,0,0,0,1,107.123,14.902,14.583,0.170,3.003,0.052,0.164,0.000,1.954,0.057,0.205,7.076,1.885,0.221,0.000,0.000,0.000,0.000,0.000,0.000,0.000,0.000,0.000,0.000,0.000,0.000,0.000,0.000,0.000,0.000,0,0,2.011,3.071,7.281,0.000,18
Classic CPU ROAM,RelWithDebInfo,OpenGL,NVIDIA GeForce RTX 5090 D/PCIe/SSE2,4.3.0 NVIDIA 591.86,false,assets/heightmaps/Hm_Terrain_Test_129.pgm,129,129,80.000,12.000,20,4.000,2.000,200000,6.896,0.000,18.000,9.167,15.350,21252,139016,21250,170,85,156,100,0,0,0,0,1,104.356,15.280,14.971,0.211,2.911,0.042,0.163,0.000,1.865,0.071,0.203,7.161,2.274,0.213,0.000,0.000,0.000,0.000,0.000,0.000,0.000,0.000,0.000,0.000,0.000,0.000,0.000,0.000,0.000,0.000,0,0,1.937,3.023,7.364,0.000,18
Classic CPU ROAM,RelWithDebInfo,OpenGL,NVIDIA GeForce RTX 5090 D/PCIe/SSE2,4.3.0 NVIDIA 591.86,false,assets/heightmaps/Hm_Terrain_Test_129.pgm,129,129,80.000,12.000,20,4.000,2.000,200000,6.912,0.000,18.000,9.086,15.711,21238,139328,21236,156,78,170,97,0,0,0,0,1,104.974,15.194,14.883,0.237,3.120,0.048,0.164,0.000,1.932,0.068,0.215,7.118,1.966,0.216,0.000,0.000,0.000,0.000,0.000,0.000,0.000,0.000,0.000,0.000,0.000,0.000,0.000,0.000,0.000,0.000,0,0,2.000,3.183,7.332,0.000,18
Classic CPU ROAM,RelWithDebInfo,OpenGL,NVIDIA GeForce RTX 5090 D/PCIe/SSE2,4.3.0 NVIDIA 591.86,false,assets/heightmaps/Hm_Terrain_Test_129.pgm,129,129,80.000,12.000,20,4.000,2.000,200000,6.928,0.000,18.000,9.006,15.720,21208,139584,21206,128,64,158,76,0,0,0,0,1,107.326,14.869,14.556,0.308,2.894,0.047,0.178,0.000,1.974,0.052,0.204,7.063,1.818,0.213,0.000,0.000,0.000,0.000,0.000,0.000,0.000,0.000,0.000,0.000,0.000,0.000,0.000,0.000,0.000,0.000,0,0,2.027,2.958,7.266,0.000,18
Classic CPU ROAM,RelWithDebInfo,OpenGL,NVIDIA GeForce RTX 5090 D/PCIe/SSE2,4.3.0 NVIDIA 591.86,false,assets/heightmaps/Hm_Terrain_Test_129.pgm,129,129,80.000,12.000,20,4.000,2.000,200000,6.943,0.000,18.000,8.927,15.399,21162,139892,21160,154,77,200,91,0,0,0,0,1,107.023,14.896,14.598,0.173,2.854,0.055,0.164,0.000,1.888,0.084,0.196,7.125,2.043,0.201,0.000,0.000,0.000,0.000,0.000,0.000,0.000,0.000,0.000,0.000,0.000,0.000,0.000,0.000,0.000,0.000,0,0,1.973,2.924,7.321,0.000,18
Classic CPU ROAM,RelWithDebInfo,OpenGL,NVIDIA GeForce RTX 5090 D/PCIe/SSE2,4.3.0 NVIDIA 591.86,false,assets/heightmaps/Hm_Terrain_Test_129.pgm,129,129,80.000,12.000,20,4.000,2.000,200000,6.959,0.000,18.000,8.849,15.464,21131,140222,21129,165,82,196,96,0,0,0,0,1,104.557,15.246,14.942,0.190,3.097,0.052,0.161,0.000,1.891,0.064,0.202,7.134,2.132,0.205,0.000,0.000,0.000,0.000,0.000,0.000,0.000,0.000,0.000,0.000,0.000,0.000,0.000,0.000,0.000,0.000,0,0,1.955,3.167,7.336,0.000,18
Classic CPU ROAM,RelWithDebInfo,OpenGL,NVIDIA GeForce RTX 5090 D/PCIe/SSE2,4.3.0 NVIDIA 591.86,false,assets/heightmaps/Hm_Terrain_Test_129.pgm,129,129,80.000,12.000,20,4.000,2.000,200000,6.975,0.000,18.000,8.769,15.738,21124,140484,21122,141,75,148,81,0,0,0,0,1,103.133,15.455,15.148,0.175,2.921,0.039,0.162,0.000,1.886,0.058,0.206,7.109,2.578,0.206,0.000,0.000,0.000,0.000,0.000,0.000,0.000,0.000,0.000,0.000,0.000,0.000,0.000,0.000,0.000,0.000,0,0,1.945,2.974,7.315,0.000,18
Classic CPU ROAM,RelWithDebInfo,OpenGL,NVIDIA GeForce RTX 5090 D/PCIe/SSE2,4.3.0 NVIDIA 591.86,false,assets/heightmaps/Hm_Terrain_Test_129.pgm,129,129,80.000,12.000,20,4.000,2.000,200000,6.990,0.000,18.000,8.688,15.893,21135,140764,21133,140,70,129,80,0,0,0,0,1,106.264,15.019,14.702,0.178,3.025,0.037,0.170,0.000,1.977,0.061,0.204,7.075,1.958,0.211,0.000,0.000,0.000,0.000,0.000,0.000,0.000,0.000,0.000,0.000,0.000,0.000,0.000,0.000,0.000,0.000,0,0,2.039,3.078,7.279,0.000,18
Classic CPU ROAM,RelWithDebInfo,OpenGL,NVIDIA GeForce RTX 5090 D/PCIe/SSE2,4.3.0 NVIDIA 591.86,false,assets/heightmaps/Hm_Terrain_Test_129.pgm,129,129,80.000,12.000,20,4.000,2.000,200000,7.006,0.000,18.000,8.610,15.490,21151,141036,21149,136,68,120,78,0,0,0,0,1,106.009,15.049,14.737,0.171,2.967,0.032,0.175,0.000,1.980,0.058,0.201,7.099,2.035,0.210,0.000,0.000,0.000,0.000,0.000,0.000,0.000,0.000,0.000,0.000,0.000,0.000,0.000,0.000,0.000,0.000,0,0,2.039,3.017,7.300,0.000,18
Classic CPU ROAM,RelWithDebInfo,OpenGL,NVIDIA GeForce RTX 5090 D/PCIe/SSE2,4.3.0 NVIDIA 591.86,false,assets/heightmaps/Hm_Terrain_Test_129.pgm,129,129,80.000,12.000,20,4.000,2.000,200000,7.021,0.000,18.000,8.532,15.503,21151,141392,21149,178,89,178,112,0,0,0,0,1,0.000,15.595,15.281,0.190,2.978,0.050,0.167,0.000,1.872,0.073,0.202,7.214,2.516,0.207,0.000,0.000,0.000,0.000,0.000,0.000,0.000,0.000,0.000,0.000,0.000,0.000,0.000,0.000,0.000,0.000,0,0,1.946,3.045,7.416,0.000,18
Classic CPU ROAM,RelWithDebInfo,OpenGL,NVIDIA GeForce RTX 5090 D/PCIe/SSE2,4.3.0 NVIDIA 591.86,false,assets/heightmaps/Hm_Terrain_Test_129.pgm,129,129,80.000,12.000,20,4.000,2.000,200000,7.037,0.000,18.000,8.452,16.078,21028,141616,21026,112,56,235,104,0,0,0,0,1,102.776,15.503,15.201,0.189,3.153,0.065,0.166,0.000,1.971,0.071,0.211,7.117,2.243,0.205,0.000,0.000,0.000,0.000,0.000,0.000,0.000,0.000,0.000,0.000,0.000,0.000,0.000,0.000,0.000,0.000,0,0,2.043,3.232,7.328,0.000,18
Classic CPU ROAM,RelWithDebInfo,OpenGL,NVIDIA GeForce RTX 5090 D/PCIe/SSE2,4.3.0 NVIDIA 591.86,false,assets/heightmaps/Hm_Terrain_Test_129.pgm,129,129,80.000,12.000,20,4.000,2.000,200000,7.053,0.000,18.000,8.372,15.970,21020,141980,21018,186,95,194,108,0,0,0,0,1,88.420,17.999,17.670,0.182,2.822,0.056,0.167,0.000,1.934,0.081,0.233,7.751,4.426,0.220,0.000,0.000,0.000,0.000,0.000,0.000,0.000,0.000,0.000,0.000,0.000,0.000,0.000,0.000,0.000,0.000,0,0,2.015,2.894,7.985,0.000,18
Classic CPU ROAM,RelWithDebInfo,OpenGL,NVIDIA GeForce RTX 5090 D/PCIe/SSE2,4.3.0 NVIDIA 591.86,false,assets/heightmaps/Hm_Terrain_Test_129.pgm,129,129,80.000,12.000,20,4.000,2.000,200000,7.072,0.000,18.000,8.280,18.476,20974,142392,20972,206,103,252,119,0,0,0,0,1,78.692,20.184,19.853,0.214,5.032,0.082,0.271,0.000,2.722,0.099,0.215,7.518,3.679,0.221,0.000,0.000,0.000,0.000,0.000,0.000,0.000,0.000,0.000,0.000,0.000,0.000,0.000,0.000,0.000,0.000,0,0,2.822,5.133,7.733,0.000,18
Classic CPU ROAM,RelWithDebInfo,OpenGL,NVIDIA GeForce RTX 5090 D/PCIe/SSE2,4.3.0 NVIDIA 591.86,false,assets/heightmaps/Hm_Terrain_Test_129.pgm,129,129,80.000,12.000,20,4.000,2.000,200000,7.093,0.000,18.000,8.177,20.681,20990,142788,20988,198,99,182,118,0,0,0,0,1,97.972,16.250,15.946,0.208,3.980,0.053,0.189,0.000,2.215,0.087,0.210,7.107,1.878,0.206,0.000,0.000,0.000,0.000,0.000,0.000,0.000,0.000,0.000,0.000,0.000,0.000,0.000,0.000,0.000,0.000,0,0,2.302,4.052,7.317,0.000,18
Classic CPU ROAM,RelWithDebInfo,OpenGL,NVIDIA GeForce RTX 5090 D/PCIe/SSE2,4.3.0 NVIDIA 591.86,false,assets/heightmaps/Hm_Terrain_Test_129.pgm,129,129,80.000,12.000,20,4.000,2.000,200000,7.109,0.000,18.000,8.095,16.713,20976,143040,20974,126,63,140,74,0,0,0,0,1,112.099,14.231,13.937,0.168,2.660,0.038,0.163,0.000,1.847,0.056,0.205,7.047,1.739,0.203,0.000,0.000,0.000,0.000,0.000,0.000,0.000,0.000,0.000,0.000,0.000,0.000,0.000,0.000,0.000,0.000,0,0,1.903,2.713,7.251,0.000,18
Classic CPU ROAM,RelWithDebInfo,OpenGL,NVIDIA GeForce RTX 5090 D/PCIe/SSE2,4.3.0 NVIDIA 591.86,false,assets/heightmaps/Hm_Terrain_Test_129.pgm,129,129,80.000,12.000,20,4.000,2.000,200000,7.124,0.000,18.000,8.023,14.646,21000,143288,20998,124,62,100,72,0,0,0,0,1,105.137,15.172,14.860,0.168,2.717,0.027,0.165,0.000,1.851,0.050,0.200,7.220,2.444,0.210,0.000,0.000,0.000,0.000,0.000,0.000,0.000,0.000,0.000,0.000,0.000,0.000,0.000,0.000,0.000,0.000,0,0,1.901,2.760,7.421,0.000,18
Classic CPU ROAM,RelWithDebInfo,OpenGL,NVIDIA GeForce RTX 5090 D/PCIe/SSE2,4.3.0 NVIDIA 591.86,false,assets/heightmaps/Hm_Terrain_Test_129.pgm,129,129,80.000,12.000,20,4.000,2.000,200000,7.140,0.000,18.000,7.946,15.599,20978,143524,20976,118,59,140,70,0,0,0,0,1,103.312,15.435,15.122,0.186,3.117,0.039,0.164,0.000,1.893,0.069,0.212,7.070,2.360,0.211,0.000,0.000,0.000,0.000,0.000,0.000,0.000,0.000,0.000,0.000,0.000,0.000,0.000,0.000,0.000,0.000,0,0,1.962,3.169,7.282,0.000,18
Classic CPU ROAM,RelWithDebInfo,OpenGL,NVIDIA GeForce RTX 5090 D/PCIe/SSE2,4.3.0 NVIDIA 591.86,false,assets/heightmaps/Hm_Terrain_Test_129.pgm,129,129,80.000,12.000,20,4.000,2.000,200000,7.155,0.000,18.000,7.869,15.872,20958,143844,20956,160,80,180,99,0,0,0,0,1,102.721,15.523,15.209,0.176,3.012,0.050,0.163,0.000,1.927,0.070,0.234,7.216,2.346,0.216,0.000,0.000,0.000,0.000,0.000,0.000,0.000,0.000,0.000,0.000,0.000,0.000,0.000,0.000,0.000,0.000,0,0,1.997,3.077,7.450,0.000,18
Classic CPU ROAM,RelWithDebInfo,OpenGL,NVIDIA GeForce RTX 5090 D/PCIe/SSE2,4.3.0 NVIDIA 591.86,false,assets/heightmaps/Hm_Terrain_Test_129.pgm,129,129,80.000,12.000,20,4.000,2.000,200000,7.171,0.000,18.000,7.790,16.009,20926,144100,20924,128,64,160,82,0,0,0,0,1,106.952,14.909,14.608,0.173,2.862,0.043,0.170,0.000,1.953,0.055,0.215,7.226,1.895,0.206,0.000,0.000,0.000,0.000,0.000,0.000,0.000,0.000,0.000,0.000,0.000,0.000,0.000,0.000,0.000,0.000,0,0,2.008,2.920,7.441,0.000,18
Classic CPU ROAM,RelWithDebInfo,OpenGL,NVIDIA GeForce RTX 5090 D/PCIe/SSE2,4.3.0 NVIDIA 591.86,false,assets/heightmaps/Hm_Terrain_Test_129.pgm,129,129,80.000,12.000,20,4.000,2.000,200000,7.187,0.000,18.000,7.716,15.392,20882,144380,20880,140,70,184,98,0,0,0,0,1,109.596,14.555,14.255,0.165,2.746,0.050,0.162,0.000,1.853,0.058,0.206,7.236,1.765,0.203,0.000,0.000,0.000,0.000,0.000,0.000,0.000,0.000,0.000,0.000,0.000,0.000,0.000,0.000,0.000,0.000,0,0,1.911,2.810,7.442,0.000,18
Classic CPU ROAM,RelWithDebInfo,OpenGL,NVIDIA GeForce RTX 5090 D/PCIe/SSE2,4.3.0 NVIDIA 591.86,false,assets/heightmaps/Hm_Terrain_Test_129.pgm,129,129,80.000,12.000,20,4.000,2.000,200000,7.202,0.000,18.000,7.643,15.015,20834,144646,20832,133,66,181,75,0,0,0,0,1,108.750,14.663,14.366,0.176,2.827,0.050,0.160,0.000,1.853,0.054,0.197,7.028,2.007,0.201,0.000,0.000,0.000,0.000,0.000,0.000,0.000,0.000,0.000,0.000,0.000,0.000,0.000,0.000,0.000,0.000,0,0,1.907,2.890,7.225,0.000,18
Classic CPU ROAM,RelWithDebInfo,OpenGL,NVIDIA GeForce RTX 5090 D/PCIe/SSE2,4.3.0 NVIDIA 591.86,false,assets/heightmaps/Hm_Terrain_Test_129.pgm,129,129,80.000,12.000,20,4.000,2.000,200000,7.217,0.000,18.000,7.570,15.089,20818,144948,20816,151,75,167,90,0,0,0,0,1,108.371,14.724,14.416,0.181,2.966,0.045,0.161,0.000,1.886,0.064,0.203,6.999,1.895,0.211,0.000,0.000,0.000,0.000,0.000,0.000,0.000,0.000,0.000,0.000,0.000,0.000,0.000,0.000,0.000,0.000,0,0,1.951,3.027,7.202,0.000,18
Classic CPU ROAM,RelWithDebInfo,OpenGL,NVIDIA GeForce RTX 5090 D/PCIe/SSE2,4.3.0 NVIDIA 591.86,false,assets/heightmaps/Hm_Terrain_Test_129.pgm,129,129,80.000,12.000,20,4.000,2.000,200000,7.232,0.000,18.000,7.497,15.154,20870,145272,20868,162,81,110,95,0,0,0,0,1,110.130,14.489,14.186,0.173,2.705,0.030,0.162,0.000,1.847,0.069,0.224,7.013,1.947,0.208,0.000,0.000,0.000,0.000,0.000,0.000,0.000,0.000,0.000,0.000,0.000,0.000,0.000,0.000,0.000,0.000,0,0,1.917,2.750,7.237,0.000,18
Classic CPU ROAM,RelWithDebInfo,OpenGL,NVIDIA GeForce RTX 5090 D/PCIe/SSE2,4.3.0 NVIDIA 591.86,false,assets/heightmaps/Hm_Terrain_Test_129.pgm,129,129,80.000,12.000,20,4.000,2.000,200000,7.247,0.000,18.000,7.426,14.917,20885,145512,20883,120,60,105,73,0,0,0,0,1,110.907,14.385,14.087,0.169,2.641,0.027,0.163,0.000,1.865,0.052,0.208,7.053,1.895,0.205,0.000,0.000,0.000,0.000,0.000,0.000,0.000,0.000,0.000,0.000,0.000,0.000,0.000,0.000,0.000,0.000,0,0,1.917,2.682,7.261,0.000,18
Classic CPU ROAM,RelWithDebInfo,OpenGL,NVIDIA GeForce RTX 5090 D/PCIe/SSE2,4.3.0 NVIDIA 591.86,false,assets/heightmaps/Hm_Terrain_Test_129.pgm,129,129,80.000,12.000,20,4.000,2.000,200000,7.262,0.000,18.000,7.355,14.823,20869,145708,20867,98,49,114,59,0,0,0,0,1,110.903,14.386,14.088,0.165,2.717,0.030,0.166,0.000,1.893,0.044,0.205,6.962,1.889,0.202,0.000,0.000,0.000,0.000,0.000,0.000,0.000,0.000,0.000,0.000,0.000,0.000,0.000,0.000,0.000,0.000,0,0,1.937,2.763,7.168,0.000,18
Classic CPU ROAM,RelWithDebInfo,OpenGL,NVIDIA GeForce RTX 5090 D/PCIe/SSE2,4.3.0 NVIDIA 591.86,false,assets/heightmaps/Hm_Terrain_Test_129.pgm,129,129,80.000,12.000,20,4.000,2.000,200000,7.277,0.000,18.000,7.284,14.810,20875,146016,20873,154,77,148,100,0,0,0,0,1,106.675,14.949,14.646,0.167,2.749,0.040,0.165,0.000,1.833,0.064,0.199,7.130,2.282,0.207,0.000,0.000,0.000,0.000,0.000,0.000,0.000,0.000,0.000,0.000,0.000,0.000,0.000,0.000,0.000,0.000,0,0,1.898,2.806,7.328,0.000,18
Classic CPU ROAM,RelWithDebInfo,OpenGL,NVIDIA GeForce RTX 5090 D/PCIe/SSE2,4.3.0 NVIDIA 591.86,false,assets/heightmaps/Hm_Terrain_Test_129.pgm,129,129,80.000,12.000,20,4.000,2.000,200000,7.292,0.000,18.000,7.211,15.455,20765,146180,20763,82,41,192,90,0,0,0,0,1,105.043,15.170,14.873,0.170,3.184,0.054,0.160,0.000,1.820,0.035,0.200,7.053,2.180,0.201,0.000,0.000,0.000,0.000,0.000,0.000,0.000,0.000,0.000,0.000,0.000,0.000,0.000,0.000,0.000,0.000,0,0,1.856,3.254,7.253,0.000,18
Classic CPU ROAM,RelWithDebInfo,OpenGL,NVIDIA GeForce RTX 5090 D/PCIe/SSE2,4.3.0 NVIDIA 591.86,false,assets/heightmaps/Hm_Terrain_Test_129.pgm,129,129,80.000,12.000,20,4.000,2.000,200000,7.308,0.000,18.000,7.137,15.621,20743,146456,20741,138,69,160,86,0,0,0,0,1,107.598,14.814,14.520,0.172,2.878,0.044,0.159,0.000,1.826,0.075,0.206,7.039,2.105,0.200,0.000,0.000,0.000,0.000,0.000,0.000,0.000,0.000,0.000,0.000,0.000,0.000,0.000,0.000,0.000,0.000,0,0,1.902,2.938,7.245,0.000,18
Classic CPU ROAM,RelWithDebInfo,OpenGL,NVIDIA GeForce RTX 5090 D/PCIe/SSE2,4.3.0 NVIDIA 591.86,false,assets/heightmaps/Hm_Terrain_Test_129.pgm,129,129,80.000,12.000,20,4.000,2.000,200000,7.323,0.000,18.000,7.065,15.248,20711,146792,20709,168,84,200,96,0,0,0,0,1,109.128,14.615,14.316,0.173,2.752,0.055,0.159,0.000,1.866,0.070,0.205,7.023,1.996,0.205,0.000,0.000,0.000,0.000,0.000,0.000,0.000,0.000,0.000,0.000,0.000,0.000,0.000,0.000,0.000,0.000,0,0,1.936,2.823,7.229,0.000,18
Classic CPU ROAM,RelWithDebInfo,OpenGL,NVIDIA GeForce RTX 5090 D/PCIe/SSE2,4.3.0 NVIDIA 591.86,false,assets/heightmaps/Hm_Terrain_Test_129.pgm,129,129,80.000,12.000,20,4.000,2.000,200000,7.338,0.000,18.000,6.994,15.038,20719,147040,20717,124,62,116,69,0,0,0,0,1,106.986,14.900,14.603,0.165,2.711,0.033,0.163,0.000,1.860,0.051,0.197,7.078,2.329,0.202,0.000,0.000,0.000,0.000,0.000,0.000,0.000,0.000,0.000,0.000,0.000,0.000,0.000,0.000,0.000,0.000,0,0,1.912,2.759,7.275,0.000,18
Classic CPU ROAM,RelWithDebInfo,OpenGL,NVIDIA GeForce RTX 5090 D/PCIe/SSE2,4.3.0 NVIDIA 591.86,false,assets/heightmaps/Hm_Terrain_Test_129.pgm,129,129,80.000,12.000,20,4.000,2.000,200000,7.353,0.000,18.000,6.923,15.328,20687,147316,20685,138,69,170,86,0,0,0,0,1,108.719,14.674,14.370,0.172,2.935,0.046,0.166,0.000,1.846,0.057,0.201,7.049,1.883,0.208,0.000,0.000,0.000,0.000,0.000,0.000,0.000,0.000,0.000,0.000,0.000,0.000,0.000,0.000,0.000,0.000,0,0,1.903,2.996,7.250,0.000,18
Classic CPU ROAM,RelWithDebInfo,OpenGL,NVIDIA GeForce RTX 5090 D/PCIe/SSE2,4.3.0 NVIDIA 591.86,false,assets/heightmaps/Hm_Terrain_Test_129.pgm,129,129,80.000,12.000,20,4.000,2.000,200000,7.368,0.000,18.000,6.852,15.151,20725,147604,20723,160,88,122,83,0,0,0,0,1,102.384,15.568,15.259,0.198,3.134,0.035,0.166,0.000,1.936,0.060,0.199,7.163,2.349,0.214,0.000,0.000,0.000,0.000,0.000,0.000,0.000,0.000,0.000,0.000,0.000,0.000,0.000,0.000,0.000,0.000,0,0,1.997,3.186,7.362,0.000,18
Classic CPU ROAM,RelWithDebInfo,OpenGL,NVIDIA GeForce RTX 5090 D/PCIe/SSE2,4.3.0 NVIDIA 591.86,false,assets/heightmaps/Hm_Terrain_Test_129.pgm,129,129,80.000,12.000,20,4.000,2.000,200000,7.385,0.000,18.000,6.778,16.035,20731,147852,20729,124,62,118,73,0,0,0,0,1,101.976,15.623,15.320,0.188,3.119,0.034,0.166,0.000,1.945,0.053,0.221,7.199,2.379,0.206,0.000,0.000,0.000,0.000,0.000,0.000,0.000,0.000,0.000,0.000,0.000,0.000,0.000,0.000,0.000,0.000,0,0,1.999,3.169,7.420,0.000,18
Classic CPU ROAM,RelWithDebInfo,OpenGL,NVIDIA GeForce RTX 5090 D/PCIe/SSE2,4.3.0 NVIDIA 591.86,false,assets/heightmaps/Hm_Terrain_Test_129.pgm,129,129,80.000,12.000,20,4.000,2.000,200000,7.401,0.000,18.000,6.703,16.109,20771,148180,20769,164,82,124,91,0,0,0,0,1,108.555,14.691,14.392,0.179,2.909,0.034,0.170,0.000,1.924,0.090,0.201,7.055,1.813,0.203,0.000,0.000,0.000,0.000,0.000,0.000,0.000,0.000,0.000,0.000,0.000,0.000,0.000,0.000,0.000,0.000,0,0,2.015,2.958,7.257,0.000,18
Classic CPU ROAM,RelWithDebInfo,OpenGL,NVIDIA GeForce RTX 5090 D/PCIe/SSE2,4.3.0 NVIDIA 591.86,false,assets/heightmaps/Hm_Terrain_Test_129.pgm,129,129,80.000,12.000,20,4.000,2.000,200000,7.416,0.000,18.000,6.633,15.135,20679,148388,20677,104,52,196,88,0,0,0,0,1,107.852,14.791,14.486,0.163,2.783,0.054,0.162,0.000,1.813,0.046,0.196,7.062,2.191,0.211,0.000,0.000,0.000,0.000,0.000,0.000,0.000,0.000,0.000,0.000,0.000,0.000,0.000,0.000,0.000,0.000,0,0,1.859,2.852,7.258,0.000,18
Classic CPU ROAM,RelWithDebInfo,OpenGL,NVIDIA GeForce RTX 5090 D/PCIe/SSE2,4.3.0 NVIDIA 591.86,false,assets/heightmaps/Hm_Terrain_Test_129.pgm,129,129,80.000,12.000,20,4.000,2.000,200000,7.431,0.000,18.000,6.563,15.239,20633,148656,20631,134,67,180,84,0,0,0,0,1,104.668,15.228,14.927,0.182,3.049,0.050,0.158,0.000,1.854,0.056,0.194,7.014,2.354,0.206,0.000,0.000,0.000,0.000,0.000,0.000,0.000,0.000,0.000,0.000,0.000,0.000,0.000,0.000,0.000,0.000,0,0,1.911,3.113,7.208,0.000,18
Classic CPU ROAM,RelWithDebInfo,OpenGL,NVIDIA GeForce RTX 5090 D/PCIe/SSE2,4.3.0 NVIDIA 591.86,false,assets/heightmaps/Hm_Terrain_Test_129.pgm,129,129,80.000,12.000,20,4.000,2.000,200000,7.447,0.000,18.000,6.492,15.686,20585,148856,20583,100,50,148,86,0,0,0,0,1,105.064,15.159,14.870,0.200,3.272,0.041,0.158,0.000,1.913,0.046,0.205,6.965,2.056,0.192,0.000,0.000,0.000,0.000,0.000,0.000,0.000,0.000,0.000,0.000,0.000,0.000,0.000,0.000,0.000,0.000,0,0,1.959,3.327,7.170,0.000,18
Classic CPU ROAM,RelWithDebInfo,OpenGL,NVIDIA GeForce RTX 5090 D/PCIe/SSE2,4.3.0 NVIDIA 591.86,false,assets/heightmaps/Hm_Terrain_Test_129.pgm,129,129,80.000,12.000,20,4.000,2.000,200000,7.462,0.000,18.000,6.421,15.597,20476,149104,20474,124,62,233,84,0,0,0,0,1,107.080,14.893,14.590,0.172,2.676,0.064,0.159,0.000,1.881,0.053,0.207,6.619,2.742,0.203,0.000,0.000,0.000,0.000,0.000,0.000,0.000,0.000,0.000,0.000,0.000,0.000,0.000,0.000,0.000,0.000,0,0,1.934,2.756,6.826,0.000,18
Classic CPU ROAM,RelWithDebInfo,OpenGL,NVIDIA GeForce RTX 5090 D/PCIe/SSE2,4.3.0 NVIDIA 591.86,false,assets/heightmaps/Hm_Terrain_Test_129.pgm,129,129,80.000,12.000,20,4.000,2.000,200000,7.478,0.000,18.000,6.351,15.379,20468,149398,20466,147,73,155,81,0,0,0,0,1,109.497,14.561,14.267,0.176,3.135,0.045,0.203,0.000,2.093,0.064,0.197,6.537,1.799,0.195,0.000,0.000,0.000,0.000,0.000,0.000,0.000,0.000,0.000,0.000,0.000,0.000,0.000,0.000,0.000,0.000,0,0,2.157,3.198,6.734,0.000,18
Classic CPU ROAM,RelWithDebInfo,OpenGL,NVIDIA GeForce RTX 5090 D/PCIe/SSE2,4.3.0 NVIDIA 591.86,false,assets/heightmaps/Hm_Terrain_Test_129.pgm,129,129,80.000,12.000,20,4.000,2.000,200000,7.493,0.000,18.000,6.283,15.011,20501,149636,20499,121,61,88,74,0,0,0,0,1,106.041,15.031,14.733,0.167,2.656,0.025,0.156,0.000,1.805,0.052,0.195,7.016,2.645,0.201,0.000,0.000,0.000,0.000,0.000,0.000,0.000,0.000,0.000,0.000,0.000,0.000,0.000,0.000,0.000,0.000,0,0,1.857,2.698,7.211,0.000,18
Classic CPU ROAM,RelWithDebInfo,OpenGL,NVIDIA GeForce RTX 5090 D/PCIe/SSE2,4.3.0 NVIDIA 591.86,false,assets/heightmaps/Hm_Terrain_Test_129.pgm,129,129,80.000,12.000,20,4.000,2.000,200000,7.508,0.000,18.000,6.213,15.529,20457,149836,20455,100,50,144,74,0,0,0,0,1,110.074,14.493,14.193,0.185,3.282,0.039,0.159,0.000,1.870,0.044,0.200,6.527,1.869,0.200,0.000,0.000,0.000,0.000,0.000,0.000,0.000,0.000,0.000,0.000,0.000,0.000,0.000,0.000,0.000,0.000,0,0,1.914,3.338,6.727,0.000,18
Classic CPU ROAM,RelWithDebInfo,OpenGL,NVIDIA GeForce RTX 5090 D/PCIe/SSE2,4.3.0 NVIDIA 591.86,false,assets/heightmaps/Hm_Terrain_Test_129.pgm,129,129,80.000,12.000,20,4.000,2.000,200000,7.523,0.000,18.000,6.146,15.004,20502,150120,20500,142,71,97,84,0,0,0,0,1,110.520,14.444,14.135,0.170,2.684,0.025,0.159,0.000,1.799,0.080,0.201,6.914,2.089,0.212,0.000,0.000,0.000,0.000,0.000,0.000,0.000,0.000,0.000,0.000,0.000,0.000,0.000,0.000,0.000,0.000,0,0,1.879,2.724,7.115,0.000,18
Classic CPU ROAM,RelWithDebInfo,OpenGL,NVIDIA GeForce RTX 5090 D/PCIe/SSE2,4.3.0 NVIDIA 591.86,false,assets/heightmaps/Hm_Terrain_Test_129.pgm,129,129,80.000,12.000,20,4.000,2.000,200000,7.538,0.000,18.000,6.079,14.926,20499,150368,20497,124,62,127,77,0,0,0,0,1,105.304,15.132,14.836,0.165,2.752,0.035,0.158,0.000,1.813,0.050,0.204,7.037,2.607,0.206,0.000,0.000,0.000,0.000,0.000,0.000,0.000,0.000,0.000,0.000,0.000,0.000,0.000,0.000,0.000,0.000,0,0,1.864,2.802,7.241,0.000,18
Classic CPU ROAM,RelWithDebInfo,OpenGL,NVIDIA GeForce RTX 5090 D/PCIe/SSE2,4.3.0 NVIDIA 591.86,false,assets/heightmaps/Hm_Terrain_Test_129.pgm,129,129,80.000,12.000,20,4.000,2.000,200000,7.554,0.000,18.000,6.010,15.581,20479,150680,20477,156,78,176,88,0,0,0,0,1,108.929,14.648,14.342,0.172,3.054,0.049,0.187,0.000,1.977,0.068,0.203,6.526,2.089,0.204,0.000,0.000,0.000,0.000,0.000,0.000,0.000,0.000,0.000,0.000,0.000,0.000,0.000,0.000,0.000,0.000,0,0,2.045,3.121,6.729,0.000,18
Classic CPU ROAM,RelWithDebInfo,OpenGL,NVIDIA GeForce RTX 5090 D/PCIe/SSE2,4.3.0 NVIDIA 591.86,false,assets/heightmaps/Hm_Terrain_Test_129.pgm,129,129,80.000,12.000,20,4.000,2.000,200000,7.569,0.000,18.000,5.943,15.140,20449,150928,20447,124,62,154,80,0,0,0,0,1,113.023,14.129,13.822,0.181,2.881,0.044,0.170,0.000,1.846,0.053,0.203,6.616,1.814,0.205,0.000,0.000,0.000,0.000,0.000,0.000,0.000,0.000,0.000,0.000,0.000,0.000,0.000,0.000,0.000,0.000,0,0,1.899,2.940,6.819,0.000,18
Classic CPU ROAM,RelWithDebInfo,OpenGL,NVIDIA GeForce RTX 5090 D/PCIe/SSE2,4.3.0 NVIDIA 591.86,false,assets/heightmaps/Hm_Terrain_Test_129.pgm,129,129,80.000,12.000,20,4.000,2.000,200000,7.583,0.000,18.000,5.879,14.610,20358,151156,20356,114,57,205,94,0,0,0,0,1,0.000,13.933,13.635,0.172,2.960,0.060,0.161,0.000,1.887,0.050,0.198,6.480,1.652,0.202,0.000,0.000,0.000,0.000,0.000,0.000,0.000,0.000,0.000,0.000,0.000,0.000,0.000,0.000,0.000,0.000,0,0,1.937,3.036,6.678,0.000,18
Classic CPU ROAM,RelWithDebInfo,OpenGL,NVIDIA GeForce RTX 5090 D/PCIe/SSE2,4.3.0 NVIDIA 591.86,false,assets/heightmaps/Hm_Terrain_Test_129.pgm,129,129,80.000,12.000,20,4.000,2.000,200000,7.598,0.000,18.000,5.815,14.389,20252,151320,20250,82,41,188,76,0,0,0,0,1,118.830,13.470,13.147,0.184,2.696,0.054,0.157,0.000,1.790,0.034,0.194,6.452,1.572,0.227,0.000,0.000,0.000,0.000,0.000,0.000,0.000,0.000,0.000,0.000,0.000,0.000,0.000,0.000,0.000,0.000,0,0,1.825,2.764,6.646,0.000,18
Classic CPU ROAM,RelWithDebInfo,OpenGL,NVIDIA GeForce RTX 5090 D/PCIe/SSE2,4.3.0 NVIDIA 591.86,false,assets/heightmaps/Hm_Terrain_Test_129.pgm,129,129,80.000,12.000,20,4.000,2.000,200000,7.612,0.000,18.000,5.755,13.918,20206,151536,20204,108,54,154,66,0,0,0,0,1,114.538,13.931,13.640,0.177,2.809,0.043,0.155,0.000,1.801,0.047,0.235,6.560,1.798,0.195,0.000,0.000,0.000,0.000,0.000,0.000,0.000,0.000,0.000,0.000,0.000,0.000,0.000,0.000,0.000,0.000,0,0,1.848,2.867,6.794,0.000,18
Classic CPU ROAM,RelWithDebInfo,OpenGL,NVIDIA GeForce RTX 5090 D/PCIe/SSE2,4.3.0 NVIDIA 591.86,false,assets/heightmaps/Hm_Terrain_Test_129.pgm,129,129,80.000,12.000,20,4.000,2.000,200000,7.626,0.000,18.000,5.692,14.407,20256,151748,20254,112,59,62,59,0,0,0,0,1,153.243,20.731,20.390,0.173,2.784,0.017,0.156,0.000,2.148,0.158,0.300,9.749,4.888,0.221,0.000,0.000,0.000,0.000,0.000,0.000,0.000,0.000,0.000,0.000,0.000,0.000,0.000,0.000,0.000,0.000,0,0,2.306,2.817,10.049,0.000,18
Classic CPU ROAM,RelWithDebInfo,OpenGL,NVIDIA GeForce RTX 5090 D/PCIe/SSE2,4.3.0 NVIDIA 591.86,false,assets/heightmaps/Hm_Terrain_Test_129.pgm,129,129,80.000,12.000,20,4.000,2.000,200000,7.647,0.000,18.000,5.600,21.245,20279,152088,20277,170,85,147,102,0,0,0,0,1,108.978,14.618,14.336,0.187,3.259,0.041,0.159,0.000,1.887,0.075,0.205,6.561,1.941,0.190,0.000,0.000,0.000,0.000,0.000,0.000,0.000,0.000,0.000,0.000,0.000,0.000,0.000,0.000,0.000,0.000,0,0,1.962,3.320,6.767,0.000,18
Classic CPU ROAM,RelWithDebInfo,OpenGL,NVIDIA GeForce RTX 5090 D/PCIe/SSE2,4.3.0 NVIDIA 591.86,false,assets/heightmaps/Hm_Terrain_Test_129.pgm,129,129,80.000,12.000,20,4.000,2.000,200000,7.662,0.000,18.000,5.535,15.053,20302,152368,20300,140,70,117,85,0,0,0,0,1,0.000,13.708,13.414,0.169,2.701,0.032,0.156,0.000,1.803,0.058,0.208,6.426,1.847,0.196,0.000,0.000,0.000,0.000,0.000,0.000,0.000,0.000,0.000,0.000,0.000,0.000,0.000,0.000,0.000,0.000,0,0,1.861,2.747,6.634,0.000,18
Classic CPU ROAM,RelWithDebInfo,OpenGL,NVIDIA GeForce RTX 5090 D/PCIe/SSE2,4.3.0 NVIDIA 591.86,false,assets/heightmaps/Hm_Terrain_Test_129.pgm,129,129,80.000,12.000,20,4.000,2.000,200000,7.677,0.000,18.000,5.474,14.131,20224,152536,20222,84,42,162,64,0,0,0,0,1,0.000,13.496,13.201,0.167,2.595,0.043,0.153,0.000,1.821,0.039,0.204,6.371,1.793,0.201,0.000,0.000,0.000,0.000,0.000,0.000,0.000,0.000,0.000,0.000,0.000,0.000,0.000,0.000,0.000,0.000,0,0,1.861,2.652,6.575,0.000,18
Classic CPU ROAM,RelWithDebInfo,OpenGL,NVIDIA GeForce RTX 5090 D/PCIe/SSE2,4.3.0 NVIDIA 591.86,false,assets/heightmaps/Hm_Terrain_Test_129.pgm,129,129,80.000,12.000,20,4.000,2.000,200000,7.691,0.000,18.000,5.415,13.906,20220,152756,20218,110,55,114,66,0,0,0,0,1,119.419,13.372,13.083,0.168,2.592,0.030,0.153,0.000,1.773,0.046,0.196,6.347,1.762,0.196,0.000,0.000,0.000,0.000,0.000,0.000,0.000,0.000,0.000,0.000,0.000,0.000,0.000,0.000,0.000,0.000,0,0,1.820,2.637,6.543,0.000,18
Classic CPU ROAM,RelWithDebInfo,OpenGL,NVIDIA GeForce RTX 5090 D/PCIe/SSE2,4.3.0 NVIDIA 591.86,false,assets/heightmaps/Hm_Terrain_Test_129.pgm,129,129,80.000,12.000,20,4.000,2.000,200000,7.704,0.000,18.000,5.357,13.757,20196,153016,20194,130,65,154,73,0,0,0,0,1,118.421,13.479,13.193,0.165,2.606,0.042,0.153,0.000,1.769,0.056,0.200,6.422,1.766,0.195,0.000,0.000,0.000,0.000,0.000,0.000,0.000,0.000,0.000,0.000,0.000,0.000,0.000,0.000,0.000,0.000,0,0,1.825,2.662,6.622,0.000,18
Classic CPU ROAM,RelWithDebInfo,OpenGL,NVIDIA GeForce RTX 5090 D/PCIe/SSE2,4.3.0 NVIDIA 591.86,false,assets/heightmaps/Hm_Terrain_Test_129.pgm,129,129,80.000,12.000,20,4.000,2.000,200000,7.718,0.000,18.000,5.298,13.873,20174,153260,20172,122,61,144,74,0,0,0,0,1,117.237,13.626,13.326,0.165,2.636,0.041,0.156,0.000,1.762,0.051,0.201,6.423,1.877,0.200,0.000,0.000,0.000,0.000,0.000,0.000,0.000,0.000,0.000,0.000,0.000,0.000,0.000,0.000,0.000,0.000,0,0,1.813,2.691,6.623,0.000,18
Classic CPU ROAM,RelWithDebInfo,OpenGL,NVIDIA GeForce RTX 5090 D/PCIe/SSE2,4.3.0 NVIDIA 591.86,false,assets/heightmaps/Hm_Terrain_Test_129.pgm,129,129,80.000,12.000,20,4.000,2.000,200000,7.732,0.000,18.000,5.239,14.025,20098,153392,20096,66,33,142,60,0,0,0,0,1,114.733,13.917,13.617,0.163,2.675,0.039,0.155,0.000,1.804,0.029,0.196,6.404,2.135,0.206,0.000,0.000,0.000,0.000,0.000,0.000,0.000,0.000,0.000,0.000,0.000,0.000,0.000,0.000,0.000,0.000,0,0,1.833,2.730,6.600,0.000,18
Classic CPU ROAM,RelWithDebInfo,OpenGL,NVIDIA GeForce RTX 5090 D/PCIe/SSE2,4.3.0 NVIDIA 591.86,false,assets/heightmaps/Hm_Terrain_Test_129.pgm,129,129,80.000,12.000,20,4.000,2.000,200000,7.747,0.000,18.000,5.178,14.343,20000,153604,19998,106,53,204,96,0,0,0,0,1,111.552,14.307,14.005,0.169,2.732,0.055,0.163,0.000,1.846,0.068,0.206,6.368,2.382,0.202,0.000,0.000,0.000,0.000,0.000,0.000,0.000,0.000,0.000,0.000,0.000,0.000,0.000,0.000,0.000,0.000,0,0,1.915,2.801,6.574,0.000,18
Classic CPU ROAM,RelWithDebInfo,OpenGL,NVIDIA GeForce RTX 5090 D/PCIe/SSE2,4.3.0 NVIDIA 591.86,false,assets/heightmaps/Hm_Terrain_Test_129.pgm,129,129,80.000,12.000,20,4.000,2.000,200000,7.761,0.000,18.000,5.117,14.772,20003,153798,20001,97,48,94,57,0,0,0,0,1,110.264,14.463,14.169,0.185,2.892,0.028,0.186,0.000,1.990,0.046,0.202,6.402,2.220,0.201,0.000,0.000,0.000,0.000,0.000,0.000,0.000,0.000,0.000,0.000,0.000,0.000,0.000,0.000,0.000,0.000,0,0,2.036,2.937,6.604,0.000,18
Classic CPU ROAM,RelWithDebInfo,OpenGL,NVIDIA GeForce RTX 5090 D/PCIe/SSE2,4.3.0 NVIDIA 591.86,false,assets/heightmaps/Hm_Terrain_Test_129.pgm,129,129,80.000,12.000,20,4.000,2.000,200000,7.776,0.000,18.000,5.055,14.917,19995,153960,19993,83,42,91,51,0,0,0,0,1,116.196,13.752,13.446,0.160,2.655,0.025,0.159,0.000,1.795,0.035,0.192,6.329,2.082,0.207,0.000,0.000,0.000,0.000,0.000,0.000,0.000,0.000,0.000,0.000,0.000,0.000,0.000,0.000,0.000,0.000,0,0,1.831,2.694,6.521,0.000,18
Classic CPU ROAM,RelWithDebInfo,OpenGL,NVIDIA GeForce RTX 5090 D/PCIe/SSE2,4.3.0 NVIDIA 591.86,false,assets/heightmaps/Hm_Terrain_Test_129.pgm,129,129,80.000,12.000,20,4.000,2.000,200000,7.790,0.000,18.000,4.996,14.171,20021,154172,20019,106,53,80,65,0,0,0,0,1,114.880,13.894,13.600,0.156,2.686,0.022,0.162,0.000,1.818,0.045,0.196,6.356,2.142,0.206,0.000,0.000,0.000,0.000,0.000,0.000,0.000,0.000,0.000,0.000,0.000,0.000,0.000,0.000,0.000,0.000,0,0,1.863,2.723,6.552,0.000,18
Classic CPU ROAM,RelWithDebInfo,OpenGL,NVIDIA GeForce RTX 5090 D/PCIe/SSE2,4.3.0 NVIDIA 591.86,false,assets/heightmaps/Hm_Terrain_Test_129.pgm,129,129,80.000,12.000,20,4.000,2.000,200000,7.805,0.000,18.000,4.937,14.331,20028,154376,20026,110,59,103,61,0,0,0,0,1,113.754,14.027,13.734,0.159,2.768,0.030,0.161,0.000,1.778,0.046,0.197,6.421,2.158,0.199,0.000,0.000,0.000,0.000,0.000,0.000,0.000,0.000,0.000,0.000,0.000,0.000,0.000,0.000,0.000,0.000,0,0,1.824,2.813,6.618,0.000,18
Classic CPU ROAM,RelWithDebInfo,OpenGL,NVIDIA GeForce RTX 5090 D/PCIe/SSE2,4.3.0 NVIDIA 591.86,false,assets/heightmaps/Hm_Terrain_Test_129.pgm,129,129,80.000,12.000,20,4.000,2.000,200000,7.819,0.000,18.000,4.877,14.482,20038,154592,20036,108,54,98,67,0,0,0,0,1,0.000,13.947,13.645,0.170,2.812,0.028,0.156,0.000,1.781,0.044,0.198,6.445,1.995,0.211,0.000,0.000,0.000,0.000,0.000,0.000,0.000,0.000,0.000,0.000,0.000,0.000,0.000,0.000,0.000,0.000,0,0,1.826,2.856,6.643,0.000,18
Classic CPU ROAM,RelWithDebInfo,OpenGL,NVIDIA GeForce RTX 5090 D/PCIe/SSE2,4.3.0 NVIDIA 591.86,false,assets/heightmaps/Hm_Terrain_Test_129.pgm,129,129,80.000,12.000,20,4.000,2.000,200000,7.834,0.000,18.000,4.819,14.398,20004,154832,20002,120,60,154,76,0,0,0,0,1,0.000,14.125,13.811,0.175,2.925,0.043,0.155,0.000,1.804,0.052,0.196,6.361,2.084,0.215,0.000,0.000,0.000,0.000,0.000,0.000,0.000,0.000,0.000,0.000,0.000,0.000,0.000,0.000,0.000,0.000,0,0,1.856,2.984,6.557,0.000,18
Classic CPU ROAM,RelWithDebInfo,OpenGL,NVIDIA GeForce RTX 5090 D/PCIe/SSE2,4.3.0 NVIDIA 591.86,false,assets/heightmaps/Hm_Terrain_Test_129.pgm,129,129,80.000,12.000,20,4.000,2.000,200000,7.848,0.000,18.000,4.759,14.574,19988,155028,19986,100,51,116,68,0,0,0,0,1,107.761,14.799,14.498,0.172,2.991,0.032,0.156,0.000,1.826,0.042,0.197,6.516,2.547,0.204,0.000,0.000,0.000,0.000,0.000,0.000,0.000,0.000,0.000,0.000,0.000,0.000,0.000,0.000,0.000,0.000,0,0,1.868,3.041,6.713,0.000,18
Classic CPU ROAM,RelWithDebInfo,OpenGL,NVIDIA GeForce RTX 5090 D/PCIe/SSE2,4.3.0 NVIDIA 591.86,false,assets/heightmaps/Hm_Terrain_Test_129.pgm,129,129,80.000,12.000,20,4.000,2.000,200000,7.863,0.000,18.000,4.698,15.248,19936,155224,19934,98,49,150,70,0,0,0,0,1,110.141,14.487,14.184,0.169,3.082,0.041,0.158,0.000,1.816,0.041,0.207,6.325,2.328,0.202,0.000,0.000,0.000,0.000,0.000,0.000,0.000,0.000,0.000,0.000,0.000,0.000,0.000,0.000,0.000,0.000,0,0,1.858,3.141,6.532,0.000,18
Classic CPU ROAM,RelWithDebInfo,OpenGL,NVIDIA GeForce RTX 5090 D/PCIe/SSE2,4.3.0 NVIDIA 591.86,false,assets/heightmaps/Hm_Terrain_Test_129.pgm,129,129,80.000,12.000,20,4.000,2.000,200000,7.878,0.000,18.000,4.638,14.926,19906,155448,19904,114,58,144,65,0,0,0,0,1,98.419,16.182,15.875,0.164,2.942,0.041,0.161,0.000,1.981,0.070,0.234,6.848,3.417,0.209,0.000,0.000,0.000,0.000,0.000,0.000,0.000,0.000,0.000,0.000,0.000,0.000,0.000,0.000,0.000,0.000,0,0,2.051,2.999,7.082,0.000,18
Classic CPU ROAM,RelWithDebInfo,OpenGL,NVIDIA GeForce RTX 5090 D/PCIe/SSE2,4.3.0 NVIDIA 591.86,false,assets/heightmaps/Hm_Terrain_Test_129.pgm,129,129,80.000,12.000,20,4.000,2.000,200000,7.895,0.000,18.000,4.571,16.693,19884,155700,19882,126,63,148,74,0,0,0,0,1,92.357,17.225,16.916,0.175,3.704,0.047,0.183,0.000,2.029,0.055,0.219,6.732,3.754,0.208,0.000,0.000,0.000,0.000,0.000,0.000,0.000,0.000,0.000,0.000,0.000,0.000,0.000,0.000,0.000,0.000,0,0,2.085,3.767,6.951,0.000,18
Classic CPU ROAM,RelWithDebInfo,OpenGL,NVIDIA GeForce RTX 5090 D/PCIe/SSE2,4.3.0 NVIDIA 591.86,false,assets/heightmaps/Hm_Terrain_Test_129.pgm,129,129,80.000,12.000,20,4.000,2.000,200000,7.913,0.000,18.000,4.500,17.750,19856,155936,19854,118,59,146,74,0,0,0,0,1,94.295,16.861,16.569,0.183,4.305,0.047,0.229,0.000,2.405,0.056,0.208,6.475,2.645,0.197,0.000,0.000,0.000,0.000,0.000,0.000,0.000,0.000,0.000,0.000,0.000,0.000,0.000,0.000,0.000,0.000,0,0,2.461,4.369,6.682,0.000,18
Classic CPU ROAM,RelWithDebInfo,OpenGL,NVIDIA GeForce RTX 5090 D/PCIe/SSE2,4.3.0 NVIDIA 591.86,false,assets/heightmaps/Hm_Terrain_Test_129.pgm,129,129,80.000,12.000,20,4.000,2.000,200000,7.930,0.000,18.000,4.432,17.338,19826,156108,19824,86,43,116,60,0,0,0,0,1,106.078,15.040,14.728,0.173,2.969,0.035,0.163,0.000,1.926,0.039,0.192,6.457,2.759,0.223,0.000,0.000,0.000,0.000,0.000,0.000,0.000,0.000,0.000,0.000,0.000,0.000,0.000,0.000,0.000,0.000,0,0,1.965,3.019,6.649,0.000,18
Classic CPU ROAM,RelWithDebInfo,OpenGL,NVIDIA GeForce RTX 5090 D/PCIe/SSE2,4.3.0 NVIDIA 591.86,false,assets/heightmaps/Hm_Terrain_Test_129.pgm,129,129,80.000,12.000,20,4.000,2.000,200000,7.946,0.000,18.000,4.371,15.528,19798,156308,19796,100,50,128,61,0,0,0,0,1,96.764,16.450,16.146,0.196,3.545,0.039,0.171,0.000,2.022,0.047,0.201,6.629,3.280,0.203,0.000,0.000,0.000,0.000,0.000,0.000,0.000,0.000,0.000,0.000,0.000,0.000,0.000,0.000,0.000,0.000,0,0,2.069,3.599,6.830,0.000,18
Classic CPU ROAM,RelWithDebInfo,OpenGL,NVIDIA GeForce RTX 5090 D/PCIe/SSE2,4.3.0 NVIDIA 591.86,false,assets/heightmaps/Hm_Terrain_Test_129.pgm,129,129,80.000,12.000,20,4.000,2.000,200000,7.963,0.000,18.000,4.305,16.930,19858,156648,19856,180,95,120,101,0,0,0,0,1,78.372,20.269,19.934,0.182,4.209,0.038,0.319,0.000,3.044,0.092,0.310,7.221,4.499,0.227,0.000,0.000,0.000,0.000,0.000,0.000,0.000,0.000,0.000,0.000,0.000,0.000,0.000,0.000,0.000,0.000,0,0,3.137,4.265,7.531,0.000,18
Classic CPU ROAM,RelWithDebInfo,OpenGL,NVIDIA GeForce RTX 5090 D/PCIe/SSE2,4.3.0 NVIDIA 591.86,false,assets/heightmaps/Hm_Terrain_Test_129.pgm,129,129,80.000,12.000,20,4.000,2.000,200000,7.983,0.000,18.000,4.224,20.888,19854,156900,19852,126,63,130,84,0,0,0,0,1,142.236,22.274,21.967,0.732,6.372,0.057,0.457,0.000,3.154,0.116,0.256,6.996,3.807,0.206,0.000,0.000,0.000,0.000,0.000,0.000,0.000,0.000,0.000,0.000,0.000,0.000,0.000,0.000,0.000,0.000,0,0,3.271,6.448,7.252,0.000,18
Classic CPU ROAM,RelWithDebInfo,OpenGL,NVIDIA GeForce RTX 5090 D/PCIe/SSE2,4.3.0 NVIDIA 591.86,false,assets/heightmaps/Hm_Terrain_Test_129.pgm,129,129,80.000,12.000,20,4.000,2.000,200000,8.006,0.000,18.000,4.136,22.871,19780,157168,19778,142,75,216,100,0,0,0,0,1,89.262,17.848,17.503,0.175,4.231,0.075,0.218,0.000,2.149,0.066,0.214,6.827,3.531,0.202,0.000,0.000,0.000,0.000,0.000,0.000,0.000,0.000,0.000,0.000,0.000,0.000,0.000,0.000,0.000,0.000,0,0,2.215,4.322,7.041,0.000,18
Classic CPU ROAM,RelWithDebInfo,OpenGL,NVIDIA GeForce RTX 5090 D/PCIe/SSE2,4.3.0 NVIDIA 591.86,false,assets/heightmaps/Hm_Terrain_Test_129.pgm,129,129,80.000,12.000,20,4.000,2.000,200000,8.025,0.000,18.000,4.066,18.336,19714,157400,19712,116,58,182,74,0,0,0,0,1,90.315,17.613,17.299,0.185,3.881,0.058,0.224,0.000,2.242,0.074,0.230,6.944,3.444,0.216,0.000,0.000,0.000,0.000,0.000,0.000,0.000,0.000,0.000,0.000,0.000,0.000,0.000,0.000,0.000,0.000,0,0,2.316,3.955,7.174,0.000,18
Classic CPU ROAM,RelWithDebInfo,OpenGL,NVIDIA GeForce RTX 5090 D/PCIe/SSE2,4.3.0 NVIDIA 591.86,false,assets/heightmaps/Hm_Terrain_Test_129.pgm,129,129,80.000,12.000,20,4.000,2.000,200000,8.043,0.000,18.000,3.997,18.116,19714,157700,19712,150,75,150,94,0,0,0,0,1,88.595,17.937,17.634,0.199,4.150,0.052,0.162,0.000,2.045,0.071,0.206,6.813,3.918,0.209,0.000,0.000,0.000,0.000,0.000,0.000,0.000,0.000,0.000,0.000,0.000,0.000,0.000,0.000,0.000,0.000,0,0,2.116,4.220,7.019,0.000,18
Classic CPU ROAM,RelWithDebInfo,OpenGL,NVIDIA GeForce RTX 5090 D/PCIe/SSE2,4.3.0 NVIDIA 591.86,false,assets/heightmaps/Hm_Terrain_Test_129.pgm,129,129,80.000,12.000,20,4.000,2.000,200000,8.061,0.000,18.000,3.928,18.472,19642,157900,19640,100,50,172,74,0,0,0,0,1,79.441,19.991,19.666,0.252,4.858,0.061,0.319,0.000,2.748,0.052,0.204,6.880,4.276,0.216,0.000,0.000,0.000,0.000,0.000,0.000,0.000,0.000,0.000,0.000,0.000,0.000,0.000,0.000,0.000,0.000,0,0,2.800,4.935,7.083,0.000,18
Classic CPU ROAM,RelWithDebInfo,OpenGL,NVIDIA GeForce RTX 5090 D/PCIe/SSE2,4.3.0 NVIDIA 591.86,false,assets/heightmaps/Hm_Terrain_Test_129.pgm,129,129,80.000,12.000,20,4.000,2.000,200000,8.082,0.000,18.000,3.851,20.545,19576,158108,19574,112,59,178,78,0,0,0,0,1,74.619,21.236,20.938,0.234,5.650,0.068,0.344,0.000,2.991,0.060,0.247,6.930,4.392,0.206,0.000,0.000,0.000,0.000,0.000,0.000,0.000,0.000,0.000,0.000,0.000,0.000,0.000,0.000,0.000,0.000,0,0,3.051,5.739,7.177,0.000,18
Classic CPU ROAM,RelWithDebInfo,OpenGL,NVIDIA GeForce RTX 5090 D/PCIe/SSE2,4.3.0 NVIDIA 591.86,false,assets/heightmaps/Hm_Terrain_Test_129.pgm,129,129,80.000,12.000,20,4.000,2.000,200000,8.104,0.000,18.000,3.769,22.075,19599,158368,19597,138,73,115,74,0,0,0,0,1,86.641,18.337,18.032,0.187,4.728,0.043,0.161,0.000,2.003,0.062,0.195,6.683,3.954,0.204,0.000,0.000,0.000,0.000,0.000,0.000,0.000,0.000,0.000,0.000,0.000,0.000,0.000,0.000,0.000,0.000,0,0,2.065,4.787,6.878,0.000,18
Classic CPU ROAM,RelWithDebInfo,OpenGL,NVIDIA GeForce RTX 5090 D/PCIe/SSE2,4.3.0 NVIDIA 591.86,false,assets/heightmaps/Hm_Terrain_Test_129.pgm,129,129,80.000,12.000,20,4.000,2.000,200000,8.123,0.000,18.000,3.700,18.855,19613,158640,19611,140,72,126,80,0,0,0,0,1,81.912,19.416,19.072,0.341,5.112,0.046,0.343,0.000,2.932,0.074,0.254,6.747,3.203,0.239,0.000,0.000,0.000,0.000,0.000,0.000,0.000,0.000,0.000,0.000,0.000,0.000,0.000,0.000,0.000,0.000,0,0,3.006,5.177,7.002,0.000,18
Classic CPU ROAM,RelWithDebInfo,OpenGL,NVIDIA GeForce RTX 5090 D/PCIe/SSE2,4.3.0 NVIDIA 591.86,false,assets/heightmaps/Hm_Terrain_Test_129.pgm,129,129,80.000,12.000,20,4.000,2.000,200000,8.143,0.000,18.000,3.626,20.354,19553,158876,19551,122,63,182,84,0,0,0,0,1,182.159,17.495,17.152,0.188,3.802,0.055,0.217,0.000,2.542,0.059,0.221,6.721,3.329,0.233,0.000,0.000,0.000,0.000,0.000,0.000,0.000,0.000,0.000,0.000,0.000,0.000,0.000,0.000,0.000,0.000,0,0,2.601,3.875,6.942,0.000,18
Classic CPU ROAM,RelWithDebInfo,OpenGL,NVIDIA GeForce RTX 5090 D/PCIe/SSE2,4.3.0 NVIDIA 591.86,false,assets/heightmaps/Hm_Terrain_Test_129.pgm,129,129,80.000,12.000,20,4.000,2.000,200000,8.161,0.000,18.000,3.560,18.020,19519,159060,19517,92,46,126,60,0,0,0,0,1,82.828,19.202,18.862,0.208,4.169,0.043,0.211,0.000,2.585,0.050,0.242,7.058,4.276,0.236,0.000,0.000,0.000,0.000,0.000,0.000,0.000,0.000,0.000,0.000,0.000,0.000,0.000,0.000,0.000,0.000,0,0,2.636,4.231,7.300,0.000,18
Classic CPU ROAM,RelWithDebInfo,OpenGL,NVIDIA GeForce RTX 5090 D/PCIe/SSE2,4.3.0 NVIDIA 591.86,false,assets/heightmaps/Hm_Terrain_Test_129.pgm,129,129,80.000,12.000,20,4.000,2.000,200000,8.181,0.000,18.000,3.490,19.735,19501,159280,19499,110,55,128,66,0,0,0,0,1,73.229,21.659,21.336,0.229,5.974,0.057,0.376,0.000,3.491,0.091,0.280,7.068,3.750,0.223,0.000,0.000,0.000,0.000,0.000,0.000,0.000,0.000,0.000,0.000,0.000,0.000,0.000,0.000,0.000,0.000,0,0,3.583,6.049,7.348,0.000,18
Classic CPU ROAM,RelWithDebInfo,OpenGL,NVIDIA GeForce RTX 5090 D/PCIe/SSE2,4.3.0 NVIDIA 591.86,false,assets/heightmaps/Hm_Terrain_Test_129.pgm,129,129,80.000,12.000,20,4.000,2.000,200000,8.203,0.000,18.000,3.411,22.160,19448,159512,19446,116,58,169,72,0,0,0,0,1,88.666,17.930,17.620,0.238,4.405,0.061,0.193,0.000,2.682,0.061,0.254,6.644,3.067,0.215,0.000,0.000,0.000,0.000,0.000,0.000,0.000,0.000,0.000,0.000,0.000,0.000,0.000,0.000,0.000,0.000,0,0,2.743,4.481,6.899,0.000,18
Classic CPU ROAM,RelWithDebInfo,OpenGL,NVIDIA GeForce RTX 5090 D/PCIe/SSE2,4.3.0 NVIDIA 591.86,false,assets/heightmaps/Hm_Terrain_Test_129.pgm,129,129,80.000,12.000,20,4.000,2.000,200000,8.221,0.000,18.000,3.346,18.424,19476,159716,19474,102,51,74,57,0,0,0,0,1,104.727,15.211,14.918,0.194,3.294,0.024,0.195,0.000,2.226,0.044,0.198,6.401,2.323,0.198,0.000,0.000,0.000,0.000,0.000,0.000,0.000,0.000,0.000,0.000,0.000,0.000,0.000,0.000,0.000,0.000,0,0,2.270,3.336,6.599,0.000,18
Classic CPU ROAM,RelWithDebInfo,OpenGL,NVIDIA GeForce RTX 5090 D/PCIe/SSE2,4.3.0 NVIDIA 591.86,false,assets/heightmaps/Hm_Terrain_Test_129.pgm,129,129,80.000,12.000,20,4.000,2.000,200000,8.237,0.000,18.000,3.291,15.677,19412,159860,19410,72,36,136,64,0,0,0,0,1,101.796,15.663,15.347,0.198,3.260,0.040,0.165,0.000,2.040,0.036,0.193,6.462,2.934,0.218,0.000,0.000,0.000,0.000,0.000,0.000,0.000,0.000,0.000,0.000,0.000,0.000,0.000,0.000,0.000,0.000,0,0,2.077,3.317,6.655,0.000,18
Classic CPU ROAM,RelWithDebInfo,OpenGL,NVIDIA GeForce RTX 5090 D/PCIe/SSE2,4.3.0 NVIDIA 591.86,false,assets/heightmaps/Hm_Terrain_Test_129.pgm,129,129,80.000,12.000,20,4.000,2.000,200000,8.253,0.000,18.000,3.235,16.170,19352,160044,19350,92,46,152,64,0,0,0,0,1,97.547,16.333,16.016,0.212,3.425,0.045,0.165,0.000,2.138,0.045,0.208,6.473,3.289,0.220,0.000,0.000,0.000,0.000,0.000,0.000,0.000,0.000,0.000,0.000,0.000,0.000,0.000,0.000,0.000,0.000,0,0,2.184,3.486,6.681,0.000,18
Classic CPU ROAM,RelWithDebInfo,OpenGL,NVIDIA GeForce RTX 5090 D/PCIe/SSE2,4.3.0 NVIDIA 591.86,false,assets/heightmaps/Hm_Terrain_Test_129.pgm,129,129,80.000,12.000,20,4.000,2.000,200000,8.270,0.000,18.000,3.177,16.940,19338,160224,19336,90,45,104,55,0,0,0,0,1,84.464,18.821,18.497,0.216,4.263,0.036,0.287,0.000,2.784,0.053,0.233,6.747,3.859,0.219,0.000,0.000,0.000,0.000,0.000,0.000,0.000,0.000,0.000,0.000,0.000,0.000,0.000,0.000,0.000,0.000,0,0,2.838,4.316,6.980,0.000,18
Classic CPU ROAM,RelWithDebInfo,OpenGL,NVIDIA GeForce RTX 5090 D/PCIe/SSE2,4.3.0 NVIDIA 591.86,false,assets/heightmaps/Hm_Terrain_Test_129.pgm,129,129,80.000,12.000,20,4.000,2.000,200000,8.290,0.000,18.000,3.110,19.404,19382,160488,19380,132,66,88,77,0,0,0,0,1,75.220,21.099,20.771,0.237,5.595,0.037,0.420,0.000,3.196,0.080,0.288,6.934,3.964,0.226,0.000,0.000,0.000,0.000,0.000,0.000,0.000,0.000,0.000,0.000,0.000,0.000,0.000,0.000,0.000,0.000,0,0,3.277,5.651,7.222,0.000,18
Classic CPU ROAM,RelWithDebInfo,OpenGL,NVIDIA GeForce RTX 5090 D/PCIe/SSE2,4.3.0 NVIDIA 591.86,false,assets/heightmaps/Hm_Terrain_Test_129.pgm,129,129,80.000,12.000,20,4.000,2.000,200000,8.312,0.000,18.000,3.035,22.170,19418,160772,19416,142,71,106,89,0,0,0,0,1,88.760,17.908,17.601,0.240,5.244,0.040,0.169,0.000,2.383,0.069,0.201,6.263,2.975,0.213,0.000,0.000,0.000,0.000,0.000,0.000,0.000,0.000,0.000,0.000,0.000,0.000,0.000,0.000,0.000,0.000,0,0,2.452,5.300,6.464,0.000,18
Classic CPU ROAM,RelWithDebInfo,OpenGL,NVIDIA GeForce RTX 5090 D/PCIe/SSE2,4.3.0 NVIDIA 591.86,false,assets/heightmaps/Hm_Terrain_Test_129.pgm,129,129,80.000,12.000,20,4.000,2.000,200000,8.330,0.000,18.000,2.973,18.533,19338,160908,19336,68,34,148,70,0,0,0,0,1,107.410,14.828,14.545,0.179,3.405,0.046,0.153,0.000,2.114,0.033,0.196,6.345,2.058,0.188,0.000,0.000,0.000,0.000,0.000,0.000,0.000,0.000,0.000,0.000,0.000,0.000,0.000,0.000,0.000,0.000,0,0,2.148,3.466,6.541,0.000,18
Classic CPU ROAM,RelWithDebInfo,OpenGL,NVIDIA GeForce RTX 5090 D/PCIe/SSE2,4.3.0 NVIDIA 591.86,false,assets/heightmaps/Hm_Terrain_Test_129.pgm,129,129,80.000,12.000,20,4.000,2.000,200000,8.346,0.000,18.000,2.922,15.421,19312,161104,19310,98,49,124,74,0,0,0,0,1,117.037,13.632,13.349,0.158,2.543,0.036,0.154,0.000,1.758,0.061,0.190,6.190,2.243,0.195,0.000,0.000,0.000,0.000,0.000,0.000,0.000,0.000,0.000,0.000,0.000,0.000,0.000,0.000,0.000,0.000,0,0,1.819,2.595,6.380,0.000,18
Classic CPU ROAM,RelWithDebInfo,OpenGL,NVIDIA GeForce RTX 5090 D/PCIe/SSE2,4.3.0 NVIDIA 591.86,false,assets/heightmaps/Hm_Terrain_Test_129.pgm,129,129,80.000,12.000,20,4.000,2.000,200000,8.360,0.000,18.000,2.875,14.097,19284,161244,19282,70,35,98,50,0,0,0,0,1,108.627,14.671,14.381,0.182,2.875,0.033,0.162,0.000,1.897,0.034,0.195,6.363,2.623,0.189,0.000,0.000,0.000,0.000,0.000,0.000,0.000,0.000,0.000,0.000,0.000,0.000,0.000,0.000,0.000,0.000,0,0,1.931,2.924,6.558,0.000,18
Classic CPU ROAM,RelWithDebInfo,OpenGL,NVIDIA GeForce RTX 5090 D/PCIe/SSE2,4.3.0 NVIDIA 591.86,false,assets/heightmaps/Hm_Terrain_Test_129.pgm,129,129,80.000,12.000,20,4.000,2.000,200000,8.375,0.000,18.000,2.826,15.153,19268,161376,19266,66,33,82,40,0,0,0,0,1,93.798,16.982,16.655,0.179,3.422,0.026,0.197,0.000,2.079,0.033,0.197,6.631,3.874,0.227,0.000,0.000,0.000,0.000,0.000,0.000,0.000,0.000,0.000,0.000,0.000,0.000,0.000,0.000,0.000,0.000,0,0,2.113,3.465,6.827,0.000,18
Classic CPU ROAM,RelWithDebInfo,OpenGL,NVIDIA GeForce RTX 5090 D/PCIe/SSE2,4.3.0 NVIDIA 591.86,false,assets/heightmaps/Hm_Terrain_Test_129.pgm,129,129,80.000,12.000,20,4.000,2.000,200000,8.392,0.000,18.000,2.769,17.468,19204,161568,19202,96,48,160,64,0,0,0,0,1,159.022,19.960,19.649,0.267,4.960,0.057,0.326,0.000,3.123,0.054,0.261,6.939,3.645,0.220,0.000,0.000,0.000,0.000,0.000,0.000,0.000,0.000,0.000,0.000,0.000,0.000,0.000,0.000,0.000,0.000,0,0,3.178,5.032,7.201,0.000,18
Classic CPU ROAM,RelWithDebInfo,OpenGL,NVIDIA GeForce RTX 5090 D/PCIe/SSE2,4.3.0 NVIDIA 591.86,false,assets/heightmaps/Hm_Terrain_Test_129.pgm,129,129,80.000,12.000,20,4.000,2.000,200000,8.413,0.000,18.000,2.703,20.499,19246,161780,19244,106,53,64,64,0,0,0,0,1,93.746,16.985,16.665,0.236,4.095,0.022,0.202,0.000,2.594,0.057,0.245,6.445,2.752,0.222,0.000,0.000,0.000,0.000,0.000,0.000,0.000,0.000,0.000,0.000,0.000,0.000,0.000,0.000,0.000,0.000,0,0,2.651,4.135,6.690,0.000,18
Classic CPU ROAM,RelWithDebInfo,OpenGL,NVIDIA GeForce RTX 5090 D/PCIe/SSE2,4.3.0 NVIDIA 591.86,false,assets/heightmaps/Hm_Terrain_Test_129.pgm,129,129,80.000,12.000,20,4.000,2.000,200000,8.430,0.000,18.000,2.647,17.533,19244,161948,19242,84,42,86,46,0,0,0,0,1,106.058,15.031,14.730,0.212,3.377,0.027,0.166,0.000,2.157,0.039,0.201,6.280,2.255,0.210,0.000,0.000,0.000,0.000,0.000,0.000,0.000,0.000,0.000,0.000,0.000,0.000,0.000,0.000,0.000,0.000,0,0,2.197,3.420,6.481,0.000,18
Classic CPU ROAM,RelWithDebInfo,OpenGL,NVIDIA GeForce RTX 5090 D/PCIe/SSE2,4.3.0 NVIDIA 591.86,false,assets/heightmaps/Hm_Terrain_Test_129.pgm,129,129,80.000,12.000,20,4.000,2.000,200000,8.446,0.000,18.000,2.598,15.526,19236,162136,19234,94,47,102,56,0,0,0,0,1,106.428,14.987,14.679,0.205,3.256,0.030,0.158,0.000,2.027,0.043,0.196,6.250,2.494,0.209,0.000,0.000,0.000,0.000,0.000,0.000,0.000,0.000,0.000,0.000,0.000,0.000,0.000,0.000,0.000,0.000,0,0,2.070,3.305,6.446,0.000,18
Classic CPU ROAM,RelWithDebInfo,OpenGL,NVIDIA GeForce RTX 5090 D/PCIe/SSE2,4.3.0 NVIDIA 591.86,false,assets/heightmaps/Hm_Terrain_Test_129.pgm,129,129,80.000,12.000,20,4.000,2.000,200000,8.461,0.000,18.000,2.549,15.458,19176,162292,19174,78,38,138,68,0,0,0,0,1,107.790,14.805,14.493,0.192,3.023,0.039,0.151,0.000,2.017,0.038,0.197,6.177,2.642,0.216,0.000,0.000,0.000,0.000,0.000,0.000,0.000,0.000,0.000,0.000,0.000,0.000,0.000,0.000,0.000,0.000,0,0,2.056,3.079,6.373,0.000,18
Classic CPU ROAM,RelWithDebInfo,OpenGL,NVIDIA GeForce RTX 5090 D/PCIe/SSE2,4.3.0 NVIDIA 591.86,false,assets/heightmaps/Hm_Terrain_Test_129.pgm,129,129,80.000,12.000,20,4.000,2.000,200000,8.477,0.000,18.000,2.502,15.285,19178,162432,19176,70,35,68,44,0,0,0,0,1,99.290,16.042,15.734,0.194,3.246,0.022,0.177,0.000,2.553,0.041,0.231,6.382,2.870,0.217,0.000,0.000,0.000,0.000,0.000,0.000,0.000,0.000,0.000,0.000,0.000,0.000,0.000,0.000,0.000,0.000,0,0,2.594,3.286,6.613,0.000,18
Classic CPU ROAM,RelWithDebInfo,OpenGL,NVIDIA GeForce RTX 5090 D/PCIe/SSE2,4.3.0 NVIDIA 591.86,false,assets/heightmaps/Hm_Terrain_Test_129.pgm,129,129,80.000,12.000,20,4.000,2.000,200000,8.494,0.000,18.000,2.448,17.342,19190,162648,19188,110,56,98,65,0,0,0,0,1,83.984,18.915,18.601,0.244,4.365,0.034,0.274,0.000,2.991,0.063,0.266,6.739,3.601,0.216,0.000,0.000,0.000,0.000,0.000,0.000,0.000,0.000,0.000,0.000,0.000,0.000,0.000,0.000,0.000,0.000,0,0,3.055,4.422,7.005,0.000,18
Classic CPU ROAM,RelWithDebInfo,OpenGL,NVIDIA GeForce RTX 5090 D/PCIe/SSE2,4.3.0 NVIDIA 591.86,false,assets/heightmaps/Hm_Terrain_Test_129.pgm,129,129,80.000,12.000,20,4.000,2.000,200000,8.514,0.000,18.000,2.389,19.485,19176,162804,19174,78,39,92,48,0,0,0,0,1,88.441,17.963,17.665,0.204,4.275,0.032,0.296,0.000,2.994,0.047,0.319,6.567,2.913,0.207,0.000,0.000,0.000,0.000,0.000,0.000,0.000,0.000,0.000,0.000,0.000,0.000,0.000,0.000,0.000,0.000,0,0,3.041,4.325,6.886,0.000,18
Classic CPU ROAM,RelWithDebInfo,OpenGL,NVIDIA GeForce RTX 5090 D/PCIe/SSE2,4.3.0 NVIDIA 591.86,false,assets/heightmaps/Hm_Terrain_Test_129.pgm,129,129,80.000,12.000,20,4.000,2.000,200000,8.532,0.000,18.000,2.333,18.555,19148,162968,19146,82,41,110,54,0,0,0,0,1,105.110,15.172,14.863,0.199,3.024,0.037,0.163,0.000,2.093,0.057,0.199,6.430,2.643,0.211,0.000,0.000,0.000,0.000,0.000,0.000,0.000,0.000,0.000,0.000,0.000,0.000,0.000,0.000,0.000,0.000,0,0,2.151,3.079,6.628,0.000,18
Classic CPU ROAM,RelWithDebInfo,OpenGL,NVIDIA GeForce RTX 5090 D/PCIe/SSE2,4.3.0 NVIDIA 591.86,false,assets/heightmaps/Hm_Terrain_Test_129.pgm,129,129,80.000,12.000,20,4.000,2.000,200000,8.548,0.000,18.000,2.285,15.774,19082,163128,19080,80,40,146,58,0,0,0,0,1,119.074,13.405,13.120,0.170,2.813,0.042,0.158,0.000,1.956,0.037,0.196,6.110,1.621,0.197,0.000,0.000,0.000,0.000,0.000,0.000,0.000,0.000,0.000,0.000,0.000,0.000,0.000,0.000,0.000,0.000,0,0,1.993,2.872,6.306,0.000,18
Classic CPU ROAM,RelWithDebInfo,OpenGL,NVIDIA GeForce RTX 5090 D/PCIe/SSE2,4.3.0 NVIDIA 591.86,false,assets/heightmaps/Hm_Terrain_Test_129.pgm,129,129,80.000,12.000,20,4.000,2.000,200000,8.562,0.000,18.000,2.244,13.888,19096,163268,19094,70,35,56,40,0,0,0,0,1,114.522,13.937,13.642,0.167,2.423,0.017,0.173,0.000,1.961,0.034,0.194,6.214,2.440,0.201,0.000,0.000,0.000,0.000,0.000,0.000,0.000,0.000,0.000,0.000,0.000,0.000,0.000,0.000,0.000,0.000,0,0,1.995,2.458,6.408,0.000,18
Classic CPU ROAM,RelWithDebInfo,OpenGL,NVIDIA GeForce RTX 5090 D/PCIe/SSE2,4.3.0 NVIDIA 591.86,false,assets/heightmaps/Hm_Terrain_Test_129.pgm,129,129,80.000,12.000,20,4.000,2.000,200000,8.576,0.000,18.000,2.202,14.432,19112,163392,19110,62,31,46,38,0,0,0,0,1,102.612,15.531,15.225,0.188,3.360,0.016,0.206,0.000,2.345,0.033,0.201,6.320,2.539,0.204,0.000,0.000,0.000,0.000,0.000,0.000,0.000,0.000,0.000,0.000,0.000,0.000,0.000,0.000,0.000,0.000,0,0,2.378,3.391,6.522,0.000,18
Classic CPU ROAM,RelWithDebInfo,OpenGL,NVIDIA GeForce RTX 5090 D/PCIe/SSE2,4.3.0 NVIDIA 591.86,false,assets/heightmaps/Hm_Terrain_Test_129.pgm,129,129,80.000,12.000,20,4.000,2.000,200000,8.592,0.000,18.000,2.155,16.055,19110,163564,19108,86,43,88,54,0,0,0,0,1,91.291,17.441,17.113,0.206,3.407,0.027,0.170,0.000,2.213,0.045,0.237,6.852,3.940,0.227,0.000,0.000,0.000,0.000,0.000,0.000,0.000,0.000,0.000,0.000,0.000,0.000,0.000,0.000,0.000,0.000,0,0,2.259,3.450,7.089,0.000,18
Classic CPU ROAM,RelWithDebInfo,OpenGL,NVIDIA GeForce RTX 5090 D/PCIe/SSE2,4.3.0 NVIDIA 591.86,false,assets/heightmaps/Hm_Terrain_Test_129.pgm,129,129,80.000,12.000,20,4.000,2.000,200000,8.610,0.000,18.000,2.103,17.955,19118,163748,19116,92,46,84,55,0,0,0,0,1,87.978,18.084,17.758,0.199,4.453,0.028,0.300,0.000,2.714,0.050,0.221,6.497,3.278,0.224,0.000,0.000,0.000,0.000,0.000,0.000,0.000,0.000,0.000,0.000,0.000,0.000,0.000,0.000,0.000,0.000,0,0,2.764,4.500,6.718,0.000,18
Classic CPU ROAM,RelWithDebInfo,OpenGL,NVIDIA GeForce RTX 5090 D/PCIe/SSE2,4.3.0 NVIDIA 591.86,false,assets/heightmaps/Hm_Terrain_Test_129.pgm,129,129,80.000,12.000,20,4.000,2.000,200000,8.629,0.000,18.000,2.050,18.621,19076,163868,19074,60,30,102,52,0,0,0,0,1,140.910,22.489,22.175,0.206,7.104,0.061,0.472,0.000,4.958,0.036,0.211,6.315,2.773,0.227,0.000,0.000,0.000,0.000,0.000,0.000,0.000,0.000,0.000,0.000,0.000,0.000,0.000,0.000,0.000,0.000,0,0,4.995,7.204,6.526,0.000,17
Classic CPU ROAM,RelWithDebInfo,OpenGL,NVIDIA GeForce RTX 5090 D/PCIe/SSE2,4.3.0 NVIDIA 591.86,false,assets/heightmaps/Hm_Terrain_Test_129.pgm,129,129,80.000,12.000,20,4.000,2.000,200000,8.652,0.000,18.000,1.985,23.055,19058,164044,19056,88,44,106,62,0,0,0,0,1,111.252,14.335,14.043,0.202,3.185,0.034,0.172,0.000,2.126,0.041,0.195,6.101,1.971,0.207,0.000,0.000,0.000,0.000,0.000,0.000,0.000,0.000,0.000,0.000,0.000,0.000,0.000,0.000,0.000,0.000,0,0,2.168,3.234,6.296,0.000,17
Classic CPU ROAM,RelWithDebInfo,OpenGL,NVIDIA GeForce RTX 5090 D/PCIe/SSE2,4.3.0 NVIDIA 591.86,false,assets/heightmaps/Hm_Terrain_Test_129.pgm,129,129,80.000,12.000,20,4.000,2.000,200000,8.667,0.000,18.000,1.944,14.812,19080,164212,19078,84,42,62,46,0,0,0,0,1,112.209,14.227,13.923,0.173,3.003,0.019,0.163,0.000,1.979,0.042,0.188,6.197,2.142,0.213,0.000,0.000,0.000,0.000,0.000,0.000,0.000,0.000,0.000,0.000,0.000,0.000,0.000,0.000,0.000,0.000,0,0,2.022,3.038,6.385,0.000,17
Classic CPU ROAM,RelWithDebInfo,OpenGL,NVIDIA GeForce RTX 5090 D/PCIe/SSE2,4.3.0 NVIDIA 591.86,false,assets/heightmaps/Hm_Terrain_Test_129.pgm,129,129,80.000,12.000,20,4.000,2.000,200000,8.681,0.000,18.000,1.903,14.750,19084,164344,19082,66,33,62,38,0,0,0,0,1,103.773,15.376,15.054,0.194,2.832,0.019,0.159,0.000,2.039,0.034,0.214,6.319,3.230,0.222,0.000,0.000,0.000,0.000,0.000,0.000,0.000,0.000,0.000,0.000,0.000,0.000,0.000,0.000,0.000,0.000,0,0,2.073,2.866,6.533,0.000,17
Classic CPU ROAM,RelWithDebInfo,OpenGL,NVIDIA GeForce RTX 5090 D/PCIe/SSE2,4.3.0 NVIDIA 591.86,false,assets/heightmaps/Hm_Terrain_Test_129.pgm,129,129,80.000,12.000,20,4.000,2.000,200000,8.697,0.000,18.000,1.859,15.896,19108,164548,19106,102,51,78,55,0,0,0,0,1,89.147,17.853,17.525,0.208,3.800,0.027,0.170,0.000,2.445,0.052,0.218,6.626,3.962,0.228,0.000,0.000,0.000,0.000,0.000,0.000,0.000,0.000,0.000,0.000,0.000,0.000,0.000,0.000,0.000,0.000,0,0,2.497,3.843,6.844,0.000,17
Classic CPU ROAM,RelWithDebInfo,OpenGL,NVIDIA GeForce RTX 5090 D/PCIe/SSE2,4.3.0 NVIDIA 591.86,false,assets/heightmaps/Hm_Terrain_Test_129.pgm,129,129,80.000,12.000,20,4.000,2.000,200000,8.716,0.000,18.000,1.810,18.403,19080,164680,19078,78,45,106,50,0,0,0,0,1,80.610,19.688,19.381,0.227,5.160,0.036,0.276,0.000,2.857,0.066,0.243,6.708,3.791,0.212,0.000,0.000,0.000,0.000,0.000,0.000,0.000,0.000,0.000,0.000,0.000,0.000,0.000,0.000,0.000,0.000,0,0,2.923,5.213,6.950,0.000,17
Classic CPU ROAM,RelWithDebInfo,OpenGL,NVIDIA GeForce RTX 5090 D/PCIe/SSE2,4.3.0 NVIDIA 591.86,false,assets/heightmaps/Hm_Terrain_Test_129.pgm,129,129,80.000,12.000,20,4.000,2.000,200000,8.736,0.000,18.000,1.756,20.275,19034,164792,19032,56,28,102,50,0,0,0,0,1,99.252,16.042,15.741,0.179,3.814,0.032,0.157,0.000,2.164,0.027,0.190,6.394,2.768,0.210,0.000,0.000,0.000,0.000,0.000,0.000,0.000,0.000,0.000,0.000,0.000,0.000,0.000,0.000,0.000,0.000,0,0,2.191,3.861,6.584,0.000,17
Classic CPU ROAM,RelWithDebInfo,OpenGL,NVIDIA GeForce RTX 5090 D/PCIe/SSE2,4.3.0 NVIDIA 591.86,false,assets/heightmaps/Hm_Terrain_Test_129.pgm,129,129,80.000,12.000,20,4.000,2.000,200000,8.753,0.000,18.000,1.712,16.561,19014,164948,19012,78,39,98,48,0,0,0,0,1,109.590,14.546,14.255,0.202,3.297,0.030,0.151,0.000,2.034,0.038,0.194,6.199,2.095,0.200,0.000,0.000,0.000,0.000,0.000,0.000,0.000,0.000,0.000,0.000,0.000,0.000,0.000,0.000,0.000,0.000,0,0,2.073,3.342,6.393,0.000,17
Classic CPU ROAM,RelWithDebInfo,OpenGL,NVIDIA GeForce RTX 5090 D/PCIe/SSE2,4.3.0 NVIDIA 591.86,false,assets/heightmaps/Hm_Terrain_Test_129.pgm,129,129,80.000,12.000,20,4.000,2.000,200000,8.768,0.000,18.000,1.673,15.090,18994,165072,18992,62,31,82,50,0,0,0,0,1,111.633,14.333,13.995,0.171,2.447,0.023,0.151,0.000,1.815,0.031,0.205,6.350,2.787,0.228,0.000,0.000,0.000,0.000,0.000,0.000,0.000,0.000,0.000,0.000,0.000,0.000,0.000,0.000,0.000,0.000,0,0,1.846,2.485,6.554,0.000,17
Classic CPU ROAM,RelWithDebInfo,OpenGL,NVIDIA GeForce RTX 5090 D/PCIe/SSE2,4.3.0 NVIDIA 591.86,false,assets/heightmaps/Hm_Terrain_Test_129.pgm,129,129,80.000,12.000,20,4.000,2.000,200000,8.783,0.000,18.000,1.634,14.900,18952,165192,18950,60,30,102,60,0,0,0,0,1,94.259,16.885,16.574,0.222,3.880,0.033,0.219,0.000,2.672,0.037,0.248,6.509,2.733,0.212,0.000,0.000,0.000,0.000,0.000,0.000,0.000,0.000,0.000,0.000,0.000,0.000,0.000,0.000,0.000,0.000,0,0,2.710,3.933,6.757,0.000,17
Classic CPU ROAM,RelWithDebInfo,OpenGL,NVIDIA GeForce RTX 5090 D/PCIe/SSE2,4.3.0 NVIDIA 591.86,false,assets/heightmaps/Hm_Terrain_Test_129.pgm,129,129,80.000,12.000,20,4.000,2.000,200000,8.800,0.000,18.000,1.590,17.411,18966,165368,18964,88,44,74,48,0,0,0,0,1,174.597,18.221,17.895,0.221,4.222,0.025,0.208,0.000,2.515,0.051,0.223,6.652,3.753,0.225,0.000,0.000,0.000,0.000,0.000,0.000,0.000,0.000,0.000,0.000,0.000,0.000,0.000,0.000,0.000,0.000,0,0,2.567,4.269,6.875,0.000,17
Classic CPU ROAM,RelWithDebInfo,OpenGL,NVIDIA GeForce RTX 5090 D/PCIe/SSE2,4.3.0 NVIDIA 591.86,false,assets/heightmaps/Hm_Terrain_Test_129.pgm,129,129,80.000,12.000,20,4.000,2.000,200000,8.819,0.000,18.000,1.542,18.793,19002,165520,19000,76,38,40,41,0,0,0,0,1,84.714,18.745,18.443,0.206,4.663,0.015,0.445,0.000,3.105,0.045,0.239,6.551,3.154,0.208,0.000,0.000,0.000,0.000,0.000,0.000,0.000,0.000,0.000,0.000,0.000,0.000,0.000,0.000,0.000,0.000,0,0,3.151,4.697,6.790,0.000,17
Classic CPU ROAM,RelWithDebInfo,OpenGL,NVIDIA GeForce RTX 5090 D/PCIe/SSE2,4.3.0 NVIDIA 591.86,false,assets/heightmaps/Hm_Terrain_Test_129.pgm,129,129,80.000,12.000,20,4.000,2.000,200000,8.838,0.000,18.000,1.495,19.241,19014,165676,19012,78,39,66,45,0,0,0,0,1,101.029,15.769,15.464,0.195,3.280,0.020,0.171,0.000,2.485,0.050,0.256,6.387,2.599,0.212,0.000,0.000,0.000,0.000,0.000,0.000,0.000,0.000,0.000,0.000,0.000,0.000,0.000,0.000,0.000,0.000,0,0,2.536,3.321,6.643,0.000,17
Classic CPU ROAM,RelWithDebInfo,OpenGL,NVIDIA GeForce RTX 5090 D/PCIe/SSE2,4.3.0 NVIDIA 591.86,false,assets/heightmaps/Hm_Terrain_Test_129.pgm,129,129,80.000,12.000,20,4.000,2.000,200000,8.854,0.000,18.000,1.455,16.278,19030,165800,19028,62,31,46,36,0,0,0,0,1,110.035,14.518,14.198,0.179,2.772,0.014,0.168,0.000,2.041,0.031,0.191,6.308,2.477,0.216,0.000,0.000,0.000,0.000,0.000,0.000,0.000,0.000,0.000,0.000,0.000,0.000,0.000,0.000,0.000,0.000,0,0,2.072,2.803,6.499,0.000,17
Classic CPU ROAM,RelWithDebInfo,OpenGL,NVIDIA GeForce RTX 5090 D/PCIe/SSE2,4.3.0 NVIDIA 591.86,false,assets/heightmaps/Hm_Terrain_Test_129.pgm,129,129,80.000,12.000,20,4.000,2.000,200000,8.869,0.000,18.000,1.418,15.005,18994,165916,18992,58,29,94,48,0,0,0,0,1,108.023,14.774,14.462,0.192,3.202,0.027,0.157,0.000,1.997,0.029,0.199,6.250,2.387,0.217,0.000,0.000,0.000,0.000,0.000,0.000,0.000,0.000,0.000,0.000,0.000,0.000,0.000,0.000,0.000,0.000,0,0,2.027,3.249,6.449,0.000,17
Classic CPU ROAM,RelWithDebInfo,OpenGL,NVIDIA GeForce RTX 5090 D/PCIe/SSE2,4.3.0 NVIDIA 591.86,false,assets/heightmaps/Hm_Terrain_Test_129.pgm,129,129,80.000,12.000,20,4.000,2.000,200000,8.885,0.000,18.000,1.382,15.344,18942,166024,18940,54,27,106,52,0,0,0,0,1,87.618,18.145,17.831,0.207,3.521,0.030,0.152,0.000,2.441,0.030,0.274,6.962,4.198,0.215,0.000,0.000,0.000,0.000,0.000,0.000,0.000,0.000,0.000,0.000,0.000,0.000,0.000,0.000,0.000,0.000,0,0,2.471,3.565,7.237,0.000,17
Classic CPU ROAM,RelWithDebInfo,OpenGL,NVIDIA GeForce RTX 5090 D/PCIe/SSE2,4.3.0 NVIDIA 591.86,false,assets/heightmaps/Hm_Terrain_Test_129.pgm,129,129,80.000,12.000,20,4.000,2.000,200000,8.903,0.000,18.000,1.338,18.708,18911,166146,18909,63,32,94,48,0,0,0,0,1,70.756,22.414,22.080,0.257,5.987,0.035,0.307,0.000,3.271,0.042,0.254,7.377,4.532,0.222,0.000,0.000,0.000,0.000,0.000,0.000,0.000,0.000,0.000,0.000,0.000,0.000,0.000,0.000,0.000,0.000,0,0,3.313,6.040,7.631,0.000,17
Classic CPU ROAM,RelWithDebInfo,OpenGL,NVIDIA GeForce RTX 5090 D/PCIe/SSE2,4.3.0 NVIDIA 591.86,false,assets/heightmaps/Hm_Terrain_Test_129.pgm,129,129,80.000,12.000,20,4.000,2.000,200000,8.927,0.000,18.000,1.284,23.163,18917,166380,18915,117,58,111,63,0,0,0,0,1,58.541,27.024,26.688,0.752,7.417,0.049,0.692,0.000,4.282,0.090,0.532,7.705,5.148,0.221,0.000,0.000,0.000,0.000,0.000,0.000,0.000,0.000,0.000,0.000,0.000,0.000,0.000,0.000,0.000,0.000,0,0,4.372,7.487,8.236,0.000,17
Classic CPU ROAM,RelWithDebInfo,OpenGL,NVIDIA GeForce RTX 5090 D/PCIe/SSE2,4.3.0 NVIDIA 591.86,false,assets/heightmaps/Hm_Terrain_Test_129.pgm,129,129,80.000,12.000,20,4.000,2.000,200000,8.954,0.000,18.000,1.220,27.904,18890,166560,18888,90,45,117,58,0,0,0,0,1,128.444,24.626,24.327,0.250,6.584,0.046,0.610,0.000,3.924,0.097,0.440,7.685,4.668,0.188,0.000,0.000,0.000,0.000,0.000,0.000,0.000,0.000,0.000,0.000,0.000,0.000,0.000,0.000,0.000,0.000,0,0,4.022,6.653,8.125,0.000,17
Classic CPU ROAM,RelWithDebInfo,OpenGL,NVIDIA GeForce RTX 5090 D/PCIe/SSE2,4.3.0 NVIDIA 591.86,false,assets/heightmaps/Hm_Terrain_Test_129.pgm,129,129,80.000,12.000,20,4.000,2.000,200000,8.980,0.000,18.000,1.164,25.372,18897,166730,18895,85,42,78,50,0,0,0,0,1,65.216,24.269,23.956,0.255,6.224,0.034,0.461,0.000,4.126,0.057,0.570,7.860,4.335,0.210,0.000,0.000,0.000,0.000,0.000,0.000,0.000,0.000,0.000,0.000,0.000,0.000,0.000,0.000,0.000,0.000,0,0,4.183,6.291,8.430,0.000,17
Classic CPU ROAM,RelWithDebInfo,OpenGL,NVIDIA GeForce RTX 5090 D/PCIe/SSE2,4.3.0 NVIDIA 591.86,false,assets/heightmaps/Hm_Terrain_Test_129.pgm,129,129,80.000,12.000,20,4.000,2.000,200000,9.005,0.000,18.000,1.110,24.840,18899,166892,18897,81,40,79,44,0,0,0,0,1,145.651,21.749,21.453,0.188,5.396,0.030,0.352,0.000,3.116,0.049,0.322,7.532,4.441,0.185,0.000,0.000,0.000,0.000,0.000,0.000,0.000,0.000,0.000,0.000,0.000,0.000,0.000,0.000,0.000,0.000,0,0,3.165,5.453,7.854,0.000,17
Classic CPU ROAM,RelWithDebInfo,OpenGL,NVIDIA GeForce RTX 5090 D/PCIe/SSE2,4.3.0 NVIDIA 591.86,false,assets/heightmaps/Hm_Terrain_Test_129.pgm,129,129,80.000,12.000,20,4.000,2.000,200000,9.027,0.000,18.000,1.062,22.337,18893,166988,18891,48,24,54,28,0,0,0,0,1,73.230,21.611,21.334,0.197,5.563,0.022,0.310,0.000,2.923,0.032,0.310,7.462,4.492,0.175,0.000,0.000,0.000,0.000,0.000,0.000,0.000,0.000,0.000,0.000,0.000,0.000,0.000,0.000,0.000,0.000,0,0,2.955,5.609,7.772,0.000,17
Classic CPU ROAM,RelWithDebInfo,OpenGL,NVIDIA GeForce RTX 5090 D/PCIe/SSE2,4.3.0 NVIDIA 591.86,false,assets/heightmaps/Hm_Terrain_Test_129.pgm,129,129,80.000,12.000,20,4.000,2.000,200000,9.049,0.000,18.000,1.016,22.179,18791,167132,18789,72,36,174,80,0,0,0,0,1,157.145,20.167,19.884,0.196,5.634,0.061,0.235,0.000,2.813,0.044,0.278,6.739,3.862,0.176,0.000,0.000,0.000,0.000,0.000,0.000,0.000,0.000,0.000,0.000,0.000,0.000,0.000,0.000,0.000,0.000,0,0,2.857,5.717,7.017,0.000,17
Classic CPU ROAM,RelWithDebInfo,OpenGL,NVIDIA GeForce RTX 5090 D/PCIe/SSE2,4.3.0 NVIDIA 591.86,false,assets/heightmaps/Hm_Terrain_Test_129.pgm,129,129,80.000,12.000,20,4.000,2.000,200000,9.070,0.000,18.000,0.974,20.709,18713,167236,18711,52,26,130,68,0,0,0,0,1,85.936,18.465,18.180,0.184,4.804,0.043,0.275,0.000,2.628,0.031,0.225,6.383,3.586,0.190,0.000,0.000,0.000,0.000,0.000,0.000,0.000,0.000,0.000,0.000,0.000,0.000,0.000,0.000,0.000,0.000,0,0,2.659,4.868,6.608,0.000,17
Classic CPU ROAM,RelWithDebInfo,OpenGL,NVIDIA GeForce RTX 5090 D/PCIe/SSE2,4.3.0 NVIDIA 591.86,false,assets/heightmaps/Hm_Terrain_Test_129.pgm,129,129,80.000,12.000,20,4.000,2.000,200000,9.089,0.000,18.000,0.936,19.006,18666,167334,18664,49,24,96,46,0,0,0,0,1,92.633,17.161,16.865,0.181,4.903,0.032,0.268,0.000,2.628,0.027,0.189,6.182,2.433,0.191,0.000,0.000,0.000,0.000,0.000,0.000,0.000,0.000,0.000,0.000,0.000,0.000,0.000,0.000,0.000,0.000,0,0,2.656,4.956,6.371,0.000,17
Classic CPU ROAM,RelWithDebInfo,OpenGL,NVIDIA GeForce RTX 5090 D/PCIe/SSE2,4.3.0 NVIDIA 591.86,false,assets/heightmaps/Hm_Terrain_Test_129.pgm,129,129,80.000,12.000,20,4.000,2.000,200000,9.107,0.000,18.000,0.901,17.717,18718,167478,18716,72,36,20,41,0,0,0,0,1,115.898,13.819,13.480,0.178,2.535,0.006,0.146,0.000,1.666,0.033,0.196,6.308,2.397,0.242,0.000,0.000,0.000,0.000,0.000,0.000,0.000,0.000,0.000,0.000,0.000,0.000,0.000,0.000,0.000,0.000,0,0,1.699,2.554,6.504,0.000,17
Classic CPU ROAM,RelWithDebInfo,OpenGL,NVIDIA GeForce RTX 5090 D/PCIe/SSE2,4.3.0 NVIDIA 591.86,false,assets/heightmaps/Hm_Terrain_Test_129.pgm,129,129,80.000,12.000,20,4.000,2.000,200000,9.121,0.000,18.000,0.873,14.366,18736,167554,18734,38,19,20,21,0,0,0,0,1,121.955,13.104,12.810,0.178,3.046,0.007,0.146,0.000,1.711,0.018,0.201,6.018,1.469,0.195,0.000,0.000,0.000,0.000,0.000,0.000,0.000,0.000,0.000,0.000,0.000,0.000,0.000,0.000,0.000,0.000,0,0,1.729,3.069,6.219,0.000,17
Classic CPU ROAM,RelWithDebInfo,OpenGL,NVIDIA GeForce RTX 5090 D/PCIe/SSE2,4.3.0 NVIDIA 591.86,false,assets/heightmaps/Hm_Terrain_Test_129.pgm,129,129,80.000,12.000,20,4.000,2.000,200000,9.135,0.000,18.000,0.847,13.549,18754,167654,18752,50,25,32,28,0,0,0,0,1,120.598,13.252,12.954,0.157,2.520,0.010,0.154,0.000,1.820,0.024,0.199,6.139,1.914,0.206,0.000,0.000,0.000,0.000,0.000,0.000,0.000,0.000,0.000,0.000,0.000,0.000,0.000,0.000,0.000,0.000,0,0,1.844,2.546,6.338,0.000,17
Classic CPU ROAM,RelWithDebInfo,OpenGL,NVIDIA GeForce RTX 5090 D/PCIe/SSE2,4.3.0 NVIDIA 591.86,false,assets/heightmaps/Hm_Terrain_Test_129.pgm,129,129,80.000,12.000,20,4.000,2.000,200000,9.148,0.000,18.000,0.821,13.700,18773,167732,18771,39,19,20,22,0,0,0,0,1,124.249,12.861,12.574,0.171,2.471,0.007,0.145,0.000,1.739,0.018,0.197,6.212,1.599,0.196,0.000,0.000,0.000,0.000,0.000,0.000,0.000,0.000,0.000,0.000,0.000,0.000,0.000,0.000,0.000,0.000,0,0,1.757,2.493,6.409,0.000,17
Classic CPU ROAM,RelWithDebInfo,OpenGL,NVIDIA GeForce RTX 5090 D/PCIe/SSE2,4.3.0 NVIDIA 591.86,false,assets/heightmaps/Hm_Terrain_Test_129.pgm,129,129,80.000,12.000,20,4.000,2.000,200000,9.162,0.000,18.000,0.796,13.422,18803,167816,18801,42,21,12,21,0,0,0,0,1,0.000,12.556,12.264,0.159,2.458,0.004,0.193,0.000,1.705,0.020,0.189,6.120,1.402,0.206,0.000,0.000,0.000,0.000,0.000,0.000,0.000,0.000,0.000,0.000,0.000,0.000,0.000,0.000,0.000,0.000,0,0,1.725,2.476,6.309,0.000,17
Classic CPU ROAM,RelWithDebInfo,OpenGL,NVIDIA GeForce RTX 5090 D/PCIe/SSE2,4.3.0 NVIDIA 591.86,false,assets/heightmaps/Hm_Terrain_Test_129.pgm,129,129,80.000,12.000,20,4.000,2.000,200000,9.175,0.000,18.000,0.772,12.991,18818,167882,18816,33,16,18,17,0,0,0,0,1,114.334,13.967,13.664,0.147,2.289,0.005,0.146,0.000,1.729,0.016,0.196,6.442,2.677,0.212,0.000,0.000,0.000,0.000,0.000,0.000,0.000,0.000,0.000,0.000,0.000,0.000,0.000,0.000,0.000,0.000,0,0,1.746,2.310,6.638,0.000,17
Classic CPU ROAM,RelWithDebInfo,OpenGL,NVIDIA GeForce RTX 5090 D/PCIe/SSE2,4.3.0 NVIDIA 591.86,false,assets/heightmaps/Hm_Terrain_Test_129.pgm,129,129,80.000,12.000,20,4.000,2.000,200000,9.189,0.000,18.000,0.746,14.468,18804,167966,18802,42,21,56,22,0,0,0,0,1,124.645,12.837,12.534,0.194,2.807,0.019,0.147,0.000,1.929,0.018,0.182,5.946,1.277,0.209,0.000,0.000,0.000,0.000,0.000,0.000,0.000,0.000,0.000,0.000,0.000,0.000,0.000,0.000,0.000,0.000,0,0,1.947,2.841,6.128,0.000,17
Classic CPU ROAM,RelWithDebInfo,OpenGL,NVIDIA GeForce RTX 5090 D/PCIe/SSE2,4.3.0 NVIDIA 591.86,false,assets/heightmaps/Hm_Terrain_Test_129.pgm,129,129,80.000,12.000,20,4.000,2.000,200000,9.202,0.000,18.000,0.723,13.300,18806,168046,18804,40,19,38,30,0,0,0,0,1,134.193,11.917,11.642,0.153,2.327,0.010,0.146,0.000,1.663,0.018,0.191,5.976,1.145,0.191,0.000,0.000,0.000,0.000,0.000,0.000,0.000,0.000,0.000,0.000,0.000,0.000,0.000,0.000,0.000,0.000,0,0,1.681,2.352,6.166,0.000,17
Classic CPU ROAM,RelWithDebInfo,OpenGL,NVIDIA GeForce RTX 5090 D/PCIe/SSE2,4.3.0 NVIDIA 591.86,false,assets/heightmaps/Hm_Terrain_Test_129.pgm,129,129,80.000,12.000,20,4.000,2.000,200000,9.215,0.000,18.000,0.701,12.404,18812,168126,18810,46,26,40,28,0,0,0,0,1,135.383,11.822,11.540,0.144,2.184,0.011,0.149,0.000,1.669,0.020,0.185,5.919,1.242,0.195,0.000,0.000,0.000,0.000,0.000,0.000,0.000,0.000,0.000,0.000,0.000,0.000,0.000,0.000,0.000,0.000,0,0,1.689,2.211,6.104,0.000,17
Classic CPU ROAM,RelWithDebInfo,OpenGL,NVIDIA GeForce RTX 5090 D/PCIe/SSE2,4.3.0 NVIDIA 591.86,false,assets/heightmaps/Hm_Terrain_Test_129.pgm,129,129,80.000,12.000,20,4.000,2.000,200000,9.227,0.000,18.000,0.680,12.222,18776,168190,18774,32,16,68,46,0,0,0,0,1,0.000,12.142,11.861,0.150,2.190,0.018,0.161,0.000,1.692,0.017,0.195,5.960,1.466,0.192,0.000,0.000,0.000,0.000,0.000,0.000,0.000,0.000,0.000,0.000,0.000,0.000,0.000,0.000,0.000,0.000,0,0,1.709,2.221,6.155,0.000,17
Classic CPU ROAM,RelWithDebInfo,OpenGL,NVIDIA GeForce RTX 5090 D/PCIe/SSE2,4.3.0 NVIDIA 591.86,false,assets/heightmaps/Hm_Terrain_Test_129.pgm,129,129,80.000,12.000,20,4.000,2.000,200000,9.240,0.000,18.000,0.659,12.542,18702,168226,18700,18,9,92,62,0,0,0,0,1,126.939,12.600,12.307,0.196,2.268,0.025,0.145,0.000,1.648,0.010,0.182,6.077,1.742,0.203,0.000,0.000,0.000,0.000,0.000,0.000,0.000,0.000,0.000,0.000,0.000,0.000,0.000,0.000,0.000,0.000,0,0,1.658,2.307,6.259,0.000,17
Classic CPU ROAM,RelWithDebInfo,OpenGL,NVIDIA GeForce RTX 5090 D/PCIe/SSE2,4.3.0 NVIDIA 591.86,false,assets/heightmaps/Hm_Terrain_Test_129.pgm,129,129,80.000,12.000,20,4.000,2.000,200000,9.253,0.000,18.000,0.637,13.054,18710,168298,18708,36,18,28,18,0,0,0,0,1,128.606,12.435,12.148,0.160,2.556,0.008,0.146,0.000,1.719,0.016,0.185,5.965,1.378,0.199,0.000,0.000,0.000,0.000,0.000,0.000,0.000,0.000,0.000,0.000,0.000,0.000,0.000,0.000,0.000,0.000,0,0,1.736,2.578,6.150,0.000,17
Classic CPU ROAM,RelWithDebInfo,OpenGL,NVIDIA GeForce RTX 5090 D/PCIe/SSE2,4.3.0 NVIDIA 591.86,false,assets/heightmaps/Hm_Terrain_Test_129.pgm,129,129,80.000,12.000,20,4.000,2.000,200000,9.265,0.000,18.000,0.616,12.861,18677,168362,18675,32,16,65,32,0,0,0,0,1,129.182,12.387,12.094,0.158,2.384,0.018,0.146,0.000,1.708,0.034,0.185,5.946,1.498,0.201,0.000,0.000,0.000,0.000,0.000,0.000,0.000,0.000,0.000,0.000,0.000,0.000,0.000,0.000,0.000,0.000,0,0,1.742,2.417,6.131,0.000,17
Classic CPU ROAM,RelWithDebInfo,OpenGL,NVIDIA GeForce RTX 5090 D/PCIe/SSE2,4.3.0 NVIDIA 591.86,false,assets/heightmaps/Hm_Terrain_Test_129.pgm,129,129,80.000,12.000,20,4.000,2.000,200000,9.278,0.000,18.000,0.595,12.826,18679,168422,18677,30,15,28,15,0,0,0,0,1,126.538,12.630,12.346,0.151,2.373,0.008,0.146,0.000,1.669,0.014,0.182,6.039,1.749,0.191,0.000,0.000,0.000,0.000,0.000,0.000,0.000,0.000,0.000,0.000,0.000,0.000,0.000,0.000,0.000,0.000,0,0,1.683,2.397,6.220,0.000,17
Classic CPU ROAM,RelWithDebInfo,OpenGL,NVIDIA GeForce RTX 5090 D/PCIe/SSE2,4.3.0 NVIDIA 591.86,false,assets/heightmaps/Hm_Terrain_Test_129.pgm,129,129,80.000,12.000,20,4.000,2.000,200000,9.291,0.000,18.000,0.574,13.054,18670,168508,18668,43,21,52,23,0,0,0,0,1,127.165,12.575,12.286,0.150,2.436,0.021,0.151,0.000,1.720,0.021,0.181,5.942,1.649,0.201,0.000,0.000,0.000,0.000,0.000,0.000,0.000,0.000,0.000,0.000,0.000,0.000,0.000,0.000,0.000,0.000,0,0,1.741,2.473,6.123,0.000,17
Classic CPU ROAM,RelWithDebInfo,OpenGL,NVIDIA GeForce RTX 5090 D/PCIe/SSE2,4.3.0 NVIDIA 591.86,false,assets/heightmaps/Hm_Terrain_Test_129.pgm,129,129,80.000,12.000,20,4.000,2.000,200000,9.304,0.000,18.000,0.554,12.985,18670,168556,18668,24,12,24,16,0,0,0,0,1,0.000,12.493,12.203,0.150,2.279,0.007,0.147,0.000,1.703,0.012,0.197,5.977,1.714,0.199,0.000,0.000,0.000,0.000,0.000,0.000,0.000,0.000,0.000,0.000,0.000,0.000,0.000,0.000,0.000,0.000,0,0,1.716,2.301,6.174,0.000,17
Classic CPU ROAM,RelWithDebInfo,OpenGL,NVIDIA GeForce RTX 5090 D/PCIe/SSE2,4.3.0 NVIDIA 591.86,false,assets/heightmaps/Hm_Terrain_Test_129.pgm,129,129,80.000,12.000,20,4.000,2.000,200000,9.317,0.000,18.000,0.534,12.961,18684,168616,18682,30,15,16,15,0,0,0,0,1,127.948,12.498,12.210,0.153,2.323,0.005,0.143,0.000,1.674,0.014,0.191,5.917,1.775,0.197,0.000,0.000,0.000,0.000,0.000,0.000,0.000,0.000,0.000,0.000,0.000,0.000,0.000,0.000,0.000,0.000,0,0,1.688,2.342,6.109,0.000,17
Classic CPU ROAM,RelWithDebInfo,OpenGL,NVIDIA GeForce RTX 5090 D/PCIe/SSE2,4.3.0 NVIDIA 591.86,false,assets/heightmaps/Hm_Terrain_Test_129.pgm,129,129,80.000,12.000,20,4.000,2.000,200000,9.330,0.000,18.000,0.514,12.929,18664,168656,18662,20,10,40,14,0,0,0,0,1,128.009,12.494,12.205,0.153,2.361,0.012,0.144,0.000,1.686,0.010,0.194,6.011,1.617,0.197,0.000,0.000,0.000,0.000,0.000,0.000,0.000,0.000,0.000,0.000,0.000,0.000,0.000,0.000,0.000,0.000,0,0,1.696,2.388,6.206,0.000,17
Classic CPU ROAM,RelWithDebInfo,OpenGL,NVIDIA GeForce RTX 5090 D/PCIe/SSE2,4.3.0 NVIDIA 591.86,false,assets/heightmaps/Hm_Terrain_Test_129.pgm,129,129,80.000,12.000,20,4.000,2.000,200000,9.343,0.000,18.000,0.495,12.947,18678,168704,18676,24,12,10,12,0,0,0,0,1,127.708,12.523,12.233,0.154,2.394,0.003,0.143,0.000,1.720,0.011,0.184,6.020,1.590,0.199,0.000,0.000,0.000,0.000,0.000,0.000,0.000,0.000,0.000,0.000,0.000,0.000,0.000,0.000,0.000,0.000,0,0,1.731,2.411,6.204,0.000,17
Classic CPU ROAM,RelWithDebInfo,OpenGL,NVIDIA GeForce RTX 5090 D/PCIe/SSE2,4.3.0 NVIDIA 591.86,false,assets/heightmaps/Hm_Terrain_Test_129.pgm,129,129,80.000,12.000,20,4.000,2.000,200000,9.356,0.000,18.000,0.476,12.947,18672,168764,18670,30,15,36,18,0,0,0,0,1,126.786,12.599,12.322,0.178,2.552,0.010,0.143,0.000,1.767,0.014,0.182,6.011,1.448,0.194,0.000,0.000,0.000,0.000,0.000,0.000,0.000,0.000,0.000,0.000,0.000,0.000,0.000,0.000,0.000,0.000,0,0,1.781,2.578,6.194,0.000,17
Classic CPU ROAM,RelWithDebInfo,OpenGL,NVIDIA GeForce RTX 5090 D/PCIe/SSE2,4.3.0 NVIDIA 591.86,false,assets/heightmaps/Hm_Terrain_Test_129.pgm,129,129,80.000,12.000,20,4.000,2.000,200000,9.369,0.000,18.000,0.457,13.037,18646,168804,18644,20,10,46,16,0,0,0,0,1,128.498,12.439,12.158,0.161,2.511,0.015,0.146,0.000,1.730,0.010,0.240,5.963,1.364,0.191,0.000,0.000,0.000,0.000,0.000,0.000,0.000,0.000,0.000,0.000,0.000,0.000,0.000,0.000,0.000,0.000,0,0,1.740,2.544,6.203,0.000,17
Classic CPU ROAM,RelWithDebInfo,OpenGL,NVIDIA GeForce RTX 5090 D/PCIe/SSE2,4.3.0 NVIDIA 591.86,false,assets/heightmaps/Hm_Terrain_Test_129.pgm,129,129,80.000,12.000,20,4.000,2.000,200000,9.382,0.000,18.000,0.439,12.879,18628,168832,18626,14,7,32,24,0,0,0,0,1,0.000,12.278,12.008,0.149,2.233,0.009,0.151,0.000,1.729,0.007,0.196,6.060,1.457,0.183,0.000,0.000,0.000,0.000,0.000,0.000,0.000,0.000,0.000,0.000,0.000,0.000,0.000,0.000,0.000,0.000,0,0,1.737,2.258,6.256,0.000,17
Classic CPU ROAM,RelWithDebInfo,OpenGL,NVIDIA GeForce RTX 5090 D/PCIe/SSE2,4.3.0 NVIDIA 591.86,false,assets/heightmaps/Hm_Terrain_Test_129.pgm,129,129,80.000,12.000,20,4.000,2.000,200000,9.395,0.000,18.000,0.422,12.707,18618,168900,18616,34,17,44,20,0,0,0,0,1,0.000,12.210,11.934,0.156,2.204,0.012,0.145,0.000,1.666,0.016,0.194,5.949,1.576,0.185,0.000,0.000,0.000,0.000,0.000,0.000,0.000,0.000,0.000,0.000,0.000,0.000,0.000,0.000,0.000,0.000,0,0,1.682,2.232,6.142,0.000,17
Classic CPU ROAM,RelWithDebInfo,OpenGL,NVIDIA GeForce RTX 5090 D/PCIe/SSE2,4.3.0 NVIDIA 591.86,false,assets/heightmaps/Hm_Terrain_Test_129.pgm,129,129,80.000,12.000,20,4.000,2.000,200000,9.407,0.000,18.000,0.405,12.613,18622,168960,18620,30,15,26,15,0,0,0,0,1,128.903,12.401,12.120,0.150,2.277,0.007,0.144,0.000,1.615,0.014,0.199,5.971,1.729,0.194,0.000,0.000,0.000,0.000,0.000,0.000,0.000,0.000,0.000,0.000,0.000,0.000,0.000,0.000,0.000,0.000,0,0,1.629,2.297,6.170,0.000,17
Classic CPU ROAM,RelWithDebInfo,OpenGL,NVIDIA GeForce RTX 5090 D/PCIe/SSE2,4.3.0 NVIDIA 591.86,false,assets/heightmaps/Hm_Terrain_Test_129.pgm,129,129,80.000,12.000,20,4.000,2.000,200000,9.420,0.000,18.000,0.388,12.802,18590,169012,18588,26,13,58,24,0,0,0,0,1,131.799,12.136,11.854,0.147,2.401,0.017,0.144,0.000,1.642,0.012,0.183,5.925,1.365,0.190,0.000,0.000,0.000,0.000,0.000,0.000,0.000,0.000,0.000,0.000,0.000,0.000,0.000,0.000,0.000,0.000,0,0,1.655,2.434,6.108,0.000,17
Classic CPU ROAM,RelWithDebInfo,OpenGL,NVIDIA GeForce RTX 5090 D/PCIe/SSE2,4.3.0 NVIDIA 591.86,false,assets/heightmaps/Hm_Terrain_Test_129.pgm,129,129,80.000,12.000,20,4.000,2.000,200000,9.433,0.000,18.000,0.371,12.626,18606,169068,18604,28,14,12,15,0,0,0,0,1,128.930,12.385,12.117,0.166,2.734,0.004,0.144,0.000,1.671,0.013,0.189,5.914,1.265,0.183,0.000,0.000,0.000,0.000,0.000,0.000,0.000,0.000,0.000,0.000,0.000,0.000,0.000,0.000,0.000,0.000,0,0,1.684,2.754,6.103,0.000,17
Classic CPU ROAM,RelWithDebInfo,OpenGL,NVIDIA GeForce RTX 5090 D/PCIe/SSE2,4.3.0 NVIDIA 591.86,false,assets/heightmaps/Hm_Terrain_Test_129.pgm,129,129,80.000,12.000,20,4.000,2.000,200000,9.446,0.000,18.000,0.355,12.799,18598,169136,18596,34,17,42,22,0,0,0,0,1,0.000,12.462,12.187,0.154,2.437,0.012,0.146,0.000,1.799,0.016,0.183,5.867,1.556,0.185,0.000,0.000,0.000,0.000,0.000,0.000,0.000,0.000,0.000,0.000,0.000,0.000,0.000,0.000,0.000,0.000,0,0,1.816,2.465,6.050,0.000,17
Classic CPU ROAM,RelWithDebInfo,OpenGL,NVIDIA GeForce RTX 5090 D/PCIe/SSE2,4.3.0 NVIDIA 591.86,false,assets/heightmaps/Hm_Terrain_Test_129.pgm,129,129,80.000,12.000,20,4.000,2.000,200000,9.458,0.000,18.000,0.339,12.873,18585,169182,18583,23,11,36,14,0,0,0,0,1,0.000,12.694,12.421,0.147,2.266,0.010,0.145,0.000,1.659,0.012,0.190,5.987,1.988,0.183,0.000,0.000,0.000,0.000,0.000,0.000,0.000,0.000,0.000,0.000,0.000,0.000,0.000,0.000,0.000,0.000,0,0,1.671,2.294,6.176,0.000,17
Classic CPU ROAM,RelWithDebInfo,OpenGL,NVIDIA GeForce RTX 5090 D/PCIe/SSE2,4.3.0 NVIDIA 591.86,false,assets/heightmaps/Hm_Terrain_Test_129.pgm,129,129,80.000,12.000,20,4.000,2.000,200000,9.472,0.000,18.000,0.323,13.120,18615,169262,18613,40,20,10,22,0,0,0,0,1,126.207,12.655,12.379,0.143,2.374,0.003,0.145,0.000,1.683,0.018,0.181,5.940,1.875,0.182,0.000,0.000,0.000,0.000,0.000,0.000,0.000,0.000,0.000,0.000,0.000,0.000,0.000,0.000,0.000,0.000,0,0,1.702,2.393,6.122,0.000,17
Classic CPU ROAM,RelWithDebInfo,OpenGL,NVIDIA GeForce RTX 5090 D/PCIe/SSE2,4.3.0 NVIDIA 591.86,false,assets/heightmaps/Hm_Terrain_Test_129.pgm,129,129,80.000,12.000,20,4.000,2.000,200000,9.485,0.000,18.000,0.308,13.071,18600,169304,18598,21,10,36,26,0,0,0,0,1,131.752,12.139,11.858,0.153,2.368,0.011,0.145,0.000,1.663,0.011,0.179,5.876,1.438,0.192,0.000,0.000,0.000,0.000,0.000,0.000,0.000,0.000,0.000,0.000,0.000,0.000,0.000,0.000,0.000,0.000,0,0,1.674,2.394,6.055,0.000,17
Classic CPU ROAM,RelWithDebInfo,OpenGL,NVIDIA GeForce RTX 5090 D/PCIe/SSE2,4.3.0 NVIDIA 591.86,false,assets/heightmaps/Hm_Terrain_Test_129.pgm,129,129,80.000,12.000,20,4.000,2.000,200000,9.497,0.000,18.000,0.293,12.586,18576,169348,18574,22,11,46,18,0,0,0,0,1,136.035,11.759,11.484,0.145,2.264,0.013,0.141,0.000,1.597,0.012,0.182,5.865,1.249,0.192,0.000,0.000,0.000,0.000,0.000,0.000,0.000,0.000,0.000,0.000,0.000,0.000,0.000,0.000,0.000,0.000,0,0,1.610,2.293,6.047,0.000,17
Classic CPU ROAM,RelWithDebInfo,OpenGL,NVIDIA GeForce RTX 5090 D/PCIe/SSE2,4.3.0 NVIDIA 591.86,false,assets/heightmaps/Hm_Terrain_Test_129.pgm,129,129,80.000,12.000,20,4.000,2.000,200000,9.509,0.000,18.000,0.279,12.207,18548,169388,18546,20,10,48,20,0,0,0,0,1,133.566,11.973,11.696,0.192,2.330,0.013,0.141,0.000,1.623,0.010,0.182,5.887,1.303,0.185,0.000,0.000,0.000,0.000,0.000,0.000,0.000,0.000,0.000,0.000,0.000,0.000,0.000,0.000,0.000,0.000,0,0,1.634,2.357,6.069,0.000,17
Classic CPU ROAM,RelWithDebInfo,OpenGL,NVIDIA GeForce RTX 5090 D/PCIe/SSE2,4.3.0 NVIDIA 591.86,false,assets/heightmaps/Hm_Terrain_Test_129.pgm,129,129,80.000,12.000,20,4.000,2.000,200000,9.522,0.000,18.000,0.266,12.379,18546,169444,18544,28,14,30,14,0,0,0,0,1,0.000,12.038,11.764,0.149,2.381,0.008,0.154,0.000,1.682,0.013,0.182,5.834,1.346,0.183,0.000,0.000,0.000,0.000,0.000,0.000,0.000,0.000,0.000,0.000,0.000,0.000,0.000,0.000,0.000,0.000,0,0,1.695,2.405,6.016,0.000,17
Classic CPU ROAM,RelWithDebInfo,OpenGL,NVIDIA GeForce RTX 5090 D/PCIe/SSE2,4.3.0 NVIDIA 591.86,false,assets/heightmaps/Hm_Terrain_Test_129.pgm,129,129,80.000,12.000,20,4.000,2.000,200000,9.534,0.000,18.000,0.252,12.435,18518,169472,18516,14,7,42,20,0,0,0,0,1,128.020,12.477,12.203,0.143,2.206,0.012,0.146,0.000,1.670,0.008,0.182,5.940,1.880,0.188,0.000,0.000,0.000,0.000,0.000,0.000,0.000,0.000,0.000,0.000,0.000,0.000,0.000,0.000,0.000,0.000,0,0,1.678,2.234,6.122,0.000,17
Classic CPU ROAM,RelWithDebInfo,OpenGL,NVIDIA GeForce RTX 5090 D/PCIe/SSE2,4.3.0 NVIDIA 591.86,false,assets/heightmaps/Hm_Terrain_Test_129.pgm,129,129,80.000,12.000,20,4.000,2.000,200000,9.547,0.000,18.000,0.239,12.894,18528,169500,18526,14,7,4,7,0,0,0,0,1,130.296,12.277,11.990,0.149,2.305,0.002,0.144,0.000,1.670,0.008,0.179,5.927,1.591,0.191,0.000,0.000,0.000,0.000,0.000,0.000,0.000,0.000,0.000,0.000,0.000,0.000,0.000,0.000,0.000,0.000,0,0,1.679,2.321,6.107,0.000,17
Classic CPU ROAM,RelWithDebInfo,OpenGL,NVIDIA GeForce RTX 5090 D/PCIe/SSE2,4.3.0 NVIDIA 591.86,false,assets/heightmaps/Hm_Terrain_Test_129.pgm,129,129,80.000,12.000,20,4.000,2.000,200000,9.560,0.000,18.000,0.226,12.690,18546,169548,18544,24,12,6,16,0,0,0,0,1,132.049,12.110,11.831,0.150,2.340,0.002,0.140,0.000,1.608,0.012,0.196,5.908,1.460,0.188,0.000,0.000,0.000,0.000,0.000,0.000,0.000,0.000,0.000,0.000,0.000,0.000,0.000,0.000,0.000,0.000,0,0,1.621,2.356,6.104,0.000,17
Classic CPU ROAM,RelWithDebInfo,OpenGL,NVIDIA GeForce RTX 5090 D/PCIe/SSE2,4.3.0 NVIDIA 591.86,false,assets/heightmaps/Hm_Terrain_Test_129.pgm,129,129,80.000,12.000,20,4.000,2.000,200000,9.572,0.000,18.000,0.213,12.528,18544,169588,18542,20,10,22,14,0,0,0,0,1,131.209,12.191,11.906,0.154,2.351,0.007,0.141,0.000,1.678,0.010,0.185,5.988,1.376,0.200,0.000,0.000,0.000,0.000,0.000,0.000,0.000,0.000,0.000,0.000,0.000,0.000,0.000,0.000,0.000,0.000,0,0,1.688,2.374,6.173,0.000,17
Classic CPU ROAM,RelWithDebInfo,OpenGL,NVIDIA GeForce RTX 5090 D/PCIe/SSE2,4.3.0 NVIDIA 591.86,false,assets/heightmaps/Hm_Terrain_Test_129.pgm,129,129,80.000,12.000,20,4.000,2.000,200000,9.585,0.000,18.000,0.201,12.605,18528,169628,18526,20,10,36,20,0,0,0,0,1,0.000,12.165,11.891,0.157,2.502,0.010,0.140,0.000,1.684,0.010,0.196,5.889,1.288,0.184,0.000,0.000,0.000,0.000,0.000,0.000,0.000,0.000,0.000,0.000,0.000,0.000,0.000,0.000,0.000,0.000,0,0,1.694,2.527,6.085,0.000,17
Classic CPU ROAM,RelWithDebInfo,OpenGL,NVIDIA GeForce RTX 5090 D/PCIe/SSE2,4.3.0 NVIDIA 591.86,false,assets/heightmaps/Hm_Terrain_Test_129.pgm,129,129,80.000,12.000,20,4.000,2.000,200000,9.598,0.000,18.000,0.189,12.569,18544,169668,18542,20,10,4,10,0,0,0,0,1,132.393,12.078,11.801,0.146,2.294,0.001,0.142,0.000,1.687,0.010,0.195,5.909,1.398,0.192,0.000,0.000,0.000,0.000,0.000,0.000,0.000,0.000,0.000,0.000,0.000,0.000,0.000,0.000,0.000,0.000,0,0,1.698,2.312,6.104,0.000,17
Classic CPU ROAM,RelWithDebInfo,OpenGL,NVIDIA GeForce RTX 5090 D/PCIe/SSE2,4.3.0 NVIDIA 591.86,false,assets/heightmaps/Hm_Terrain_Test_129.pgm,129,129,80.000,12.000,20,4.000,2.000,200000,9.610,0.000,18.000,0.178,12.457,18553,169694,18551,13,6,4,7,0,0,0,0,1,132.628,12.060,11.780,0.147,2.195,0.002,0.142,0.000,1.641,0.007,0.234,5.896,1.501,0.189,0.000,0.000,0.000,0.000,0.000,0.000,0.000,0.000,0.000,0.000,0.000,0.000,0.000,0.000,0.000,0.000,0,0,1.648,2.211,6.130,0.000,17
Classic CPU ROAM,RelWithDebInfo,OpenGL,NVIDIA GeForce RTX 5090 D/PCIe/SSE2,4.3.0 NVIDIA 591.86,false,assets/heightmaps/Hm_Terrain_Test_129.pgm,129,129,80.000,12.000,20,4.000,2.000,200000,9.622,0.000,18.000,0.167,12.466,18519,169722,18517,14,7,48,24,0,0,0,0,1,97.162,16.640,16.079,0.148,2.248,0.012,0.141,0.000,1.632,0.008,0.187,7.119,4.569,0.353,0.000,0.000,0.000,0.000,0.000,0.000,0.000,0.000,0.000,0.000,0.000,0.000,0.000,0.000,0.000,0.000,0,0,1.640,2.273,7.306,0.000,17
Classic CPU ROAM,RelWithDebInfo,OpenGL,NVIDIA GeForce RTX 5090 D/PCIe/SSE2,4.3.0 NVIDIA 591.86,false,assets/heightmaps/Hm_Terrain_Test_129.pgm,129,129,80.000,12.000,20,4.000,2.000,200000,9.640,0.000,18.000,0.151,17.948,18533,169782,18531,30,15,16,15,0,0,0,0,1,118.861,13.455,13.141,0.207,3.062,0.005,0.140,0.000,1.740,0.015,0.185,6.129,1.638,0.205,0.000,0.000,0.000,0.000,0.000,0.000,0.000,0.000,0.000,0.000,0.000,0.000,0.000,0.000,0.000,0.000,0,0,1.755,3.088,6.313,0.000,17
Classic CPU ROAM,RelWithDebInfo,OpenGL,NVIDIA GeForce RTX 5090 D/PCIe/SSE2,4.3.0 NVIDIA 591.86,false,assets/heightmaps/Hm_Terrain_Test_129.pgm,129,129,80.000,12.000,20,4.000,2.000,200000,9.654,0.000,18.000,0.140,14.010,18539,169810,18537,14,7,8,8,0,0,0,0,1,122.366,13.054,12.767,0.153,2.553,0.003,0.142,0.000,1.731,0.009,0.184,5.958,2.014,0.199,0.000,0.000,0.000,0.000,0.000,0.000,0.000,0.000,0.000,0.000,0.000,0.000,0.000,0.000,0.000,0.000,0,0,1.741,2.575,6.142,0.000,17
Classic CPU ROAM,RelWithDebInfo,OpenGL,NVIDIA GeForce RTX 5090 D/PCIe/SSE2,4.3.0 NVIDIA 591.86,false,assets/heightmaps/Hm_Terrain_Test_129.pgm,129,129,80.000,12.000,20,4.000,2.000,200000,9.668,0.000,18.000,0.129,13.540,18550,169872,18548,31,15,20,16,0,0,0,0,1,121.368,13.159,12.872,0.155,2.923,0.006,0.156,0.000,2.013,0.017,0.178,5.897,1.510,0.187,0.000,0.000,0.000,0.000,0.000,0.000,0.000,0.000,0.000,0.000,0.000,0.000,0.000,0.000,0.000,0.000,0,0,2.030,2.945,6.075,0.000,17
Classic CPU ROAM,RelWithDebInfo,OpenGL,NVIDIA GeForce RTX 5090 D/PCIe/SSE2,4.3.0 NVIDIA 591.86,false,assets/heightmaps/Hm_Terrain_Test_129.pgm,129,129,80.000,12.000,20,4.000,2.000,200000,9.682,0.000,18.000,0.119,13.635,18548,169900,18546,14,7,16,14,0,0,0,0,1,134.466,11.894,11.618,0.155,2.337,0.004,0.141,0.000,1.654,0.008,0.179,5.819,1.305,0.188,0.000,0.000,0.000,0.000,0.000,0.000,0.000,0.000,0.000,0.000,0.000,0.000,0.000,0.000,0.000,0.000,0,0,1.662,2.357,5.998,0.000,17
Classic CPU ROAM,RelWithDebInfo,OpenGL,NVIDIA GeForce RTX 5090 D/PCIe/SSE2,4.3.0 NVIDIA 591.86,false,assets/heightmaps/Hm_Terrain_Test_129.pgm,129,129,80.000,12.000,20,4.000,2.000,200000,9.694,0.000,18.000,0.110,12.322,18564,169944,18562,22,11,6,11,0,0,0,0,1,0.000,12.079,11.807,0.145,2.184,0.002,0.145,0.000,1.654,0.011,0.178,5.848,1.625,0.190,0.000,0.000,0.000,0.000,0.000,0.000,0.000,0.000,0.000,0.000,0.000,0.000,0.000,0.000,0.000,0.000,0,0,1.666,2.200,6.026,0.000,17
Classic CPU ROAM,RelWithDebInfo,OpenGL,NVIDIA GeForce RTX 5090 D/PCIe/SSE2,4.3.0 NVIDIA 591.86,false,assets/heightmaps/Hm_Terrain_Test_129.pgm,129,129,80.000,12.000,20,4.000,2.000,200000,9.706,0.000,18.000,0.101,12.487,18562,169976,18560,16,8,18,10,0,0,0,0,1,132.927,12.032,11.753,0.149,2.284,0.006,0.142,0.000,1.671,0.009,0.181,5.841,1.456,0.191,0.000,0.000,0.000,0.000,0.000,0.000,0.000,0.000,0.000,0.000,0.000,0.000,0.000,0.000,0.000,0.000,0,0,1.680,2.303,6.023,0.000,17
Classic CPU ROAM,RelWithDebInfo,OpenGL,NVIDIA GeForce RTX 5090 D/PCIe/SSE2,4.3.0 NVIDIA 591.86,false,assets/heightmaps/Hm_Terrain_Test_129.pgm,129,129,80.000,12.000,20,4.000,2.000,200000,9.719,0.000,18.000,0.093,12.500,18580,170032,18578,28,14,10,14,0,0,0,0,1,134.885,11.876,11.582,0.153,2.301,0.003,0.142,0.000,1.663,0.013,0.179,5.881,1.234,0.200,0.000,0.000,0.000,0.000,0.000,0.000,0.000,0.000,0.000,0.000,0.000,0.000,0.000,0.000,0.000,0.000,0,0,1.676,2.318,6.060,0.000,17
Classic CPU ROAM,RelWithDebInfo,OpenGL,NVIDIA GeForce RTX 5090 D/PCIe/SSE2,4.3.0 NVIDIA 591.86,false,assets/heightmaps/Hm_Terrain_Test_129.pgm,129,129,80.000,12.000,20,4.000,2.000,200000,9.731,0.000,18.000,0.085,12.267,18583,170058,18581,13,6,10,8,0,0,0,0,1,129.863,12.307,12.031,0.155,2.400,0.003,0.142,0.000,1.699,0.007,0.182,5.901,1.525,0.189,0.000,0.000,0.000,0.000,0.000,0.000,0.000,0.000,0.000,0.000,0.000,0.000,0.000,0.000,0.000,0.000,0,0,1.707,2.419,6.083,0.000,17
Classic CPU ROAM,RelWithDebInfo,OpenGL,NVIDIA GeForce RTX 5090 D/PCIe/SSE2,4.3.0 NVIDIA 591.86,false,assets/heightmaps/Hm_Terrain_Test_129.pgm,129,129,80.000,12.000,20,4.000,2.000,200000,9.744,0.000,18.000,0.077,12.707,18579,170074,18577,8,4,12,8,0,0,0,0,1,129.552,12.339,12.059,0.147,2.443,0.004,0.147,0.000,1.682,0.005,0.185,5.898,1.535,0.186,0.000,0.000,0.000,0.000,0.000,0.000,0.000,0.000,0.000,0.000,0.000,0.000,0.000,0.000,0.000,0.000,0,0,1.687,2.461,6.082,0.000,17
Classic CPU ROAM,RelWithDebInfo,OpenGL,NVIDIA GeForce RTX 5090 D/PCIe/SSE2,4.3.0 NVIDIA 591.86,false,assets/heightmaps/Hm_Terrain_Test_129.pgm,129,129,80.000,12.000,20,4.000,2.000,200000,9.757,0.000,18.000,0.070,12.769,18573,170098,18571,12,6,18,10,0,0,0,0,1,0.000,12.033,11.757,0.145,2.283,0.005,0.145,0.000,1.676,0.007,0.184,5.895,1.400,0.187,0.000,0.000,0.000,0.000,0.000,0.000,0.000,0.000,0.000,0.000,0.000,0.000,0.000,0.000,0.000,0.000,0,0,1.683,2.305,6.079,0.000,17
Classic CPU ROAM,RelWithDebInfo,OpenGL,NVIDIA GeForce RTX 5090 D/PCIe/SSE2,4.3.0 NVIDIA 591.86,false,assets/heightmaps/Hm_Terrain_Test_129.pgm,129,129,80.000,12.000,20,4.000,2.000,200000,9.769,0.000,18.000,0.063,12.450,18579,170114,18577,8,4,2,4,0,0,0,0,1,112.959,14.128,13.831,0.149,2.266,0.001,0.142,0.000,1.650,0.005,0.200,6.226,3.176,0.204,0.000,0.000,0.000,0.000,0.000,0.000,0.000,0.000,0.000,0.000,0.000,0.000,0.000,0.000,0.000,0.000,0,0,1.655,2.282,6.426,0.000,17
Classic CPU ROAM,RelWithDebInfo,OpenGL,NVIDIA GeForce RTX 5090 D/PCIe/SSE2,4.3.0 NVIDIA 591.86,false,assets/heightmaps/Hm_Terrain_Test_129.pgm,129,129,80.000,12.000,20,4.000,2.000,200000,9.784,0.000,18.000,0.055,14.576,18573,170150,18571,20,11,26,10,0,0,0,0,1,115.599,13.811,13.514,0.174,3.003,0.008,0.166,0.000,2.051,0.011,0.183,5.883,2.020,0.201,0.000,0.000,0.000,0.000,0.000,0.000,0.000,0.000,0.000,0.000,0.000,0.000,0.000,0.000,0.000,0.000,0,0,2.062,3.027,6.065,0.000,17
Classic CPU ROAM,RelWithDebInfo,OpenGL,NVIDIA GeForce RTX 5090 D/PCIe/SSE2,4.3.0 NVIDIA 591.86,false,assets/heightmaps/Hm_Terrain_Test_129.pgm,129,129,80.000,12.000,20,4.000,2.000,200000,9.798,0.000,18.000,0.048,14.251,18583,170174,18581,12,6,2,7,0,0,0,0,1,128.167,12.479,12.189,0.161,2.419,0.001,0.150,0.000,1.847,0.007,0.189,5.907,1.493,0.201,0.000,0.000,0.000,0.000,0.000,0.000,0.000,0.000,0.000,0.000,0.000,0.000,0.000,0.000,0.000,0.000,0,0,1.854,2.436,6.096,0.000,17
Classic CPU ROAM,RelWithDebInfo,OpenGL,NVIDIA GeForce RTX 5090 D/PCIe/SSE2,4.3.0 NVIDIA 591.86,false,assets/heightmaps/Hm_Terrain_Test_129.pgm,129,129,80.000,12.000,20,4.000,2.000,200000,9.811,0.000,18.000,0.042,12.905,18587,170194,18585,10,5,6,6,0,0,0,0,1,114.908,13.892,13.596,0.150,2.227,0.002,0.142,0.000,1.673,0.007,0.209,6.357,2.814,0.198,0.000,0.000,0.000,0.000,0.000,0.000,0.000,0.000,0.000,0.000,0.000,0.000,0.000,0.000,0.000,0.000,0,0,1.679,2.244,6.566,0.000,17
Classic CPU ROAM,RelWithDebInfo,OpenGL,NVIDIA GeForce RTX 5090 D/PCIe/SSE2,4.3.0 NVIDIA 591.86,false,assets/heightmaps/Hm_Terrain_Test_129.pgm,129,129,80.000,12.000,20,4.000,2.000,200000,9.825,0.000,18.000,0.036,14.341,18584,170206,18582,6,3,9,9,0,0,0,0,1,118.855,13.436,13.144,0.164,2.696,0.003,0.150,0.000,1.947,0.024,0.185,5.918,2.039,0.202,0.000,0.000,0.000,0.000,0.000,0.000,0.000,0.000,0.000,0.000,0.000,0.000,0.000,0.000,0.000,0.000,0,0,1.971,2.716,6.104,0.000,17
Classic CPU ROAM,RelWithDebInfo,OpenGL,NVIDIA GeForce RTX 5090 D/PCIe/SSE2,4.3.0 NVIDIA 591.86,false,assets/heightmaps/Hm_Terrain_Test_129.pgm,129,129,80.000,12.000,20,4.000,2.000,200000,9.839,0.000,18.000,0.031,13.880,18578,170226,18576,12,7,18,8,0,0,0,0,1,125.719,12.711,12.427,0.156,2.441,0.005,0.143,0.000,1.805,0.006,0.183,5.893,1.776,0.192,0.000,0.000,0.000,0.000,0.000,0.000,0.000,0.000,0.000,0.000,0.000,0.000,0.000,0.000,0.000,0.000,0,0,1.812,2.464,6.076,0.000,17
Classic CPU ROAM,RelWithDebInfo,OpenGL,NVIDIA GeForce RTX 5090 D/PCIe/SSE2,4.3.0 NVIDIA 591.86,false,assets/heightmaps/Hm_Terrain_Test_129.pgm,129,129,80.000,12.000,20,4.000,2.000,200000,9.852,0.000,18.000,0.026,13.214,18580,170242,18578,8,4,6,4,0,0,0,0,1,123.549,12.938,12.645,0.146,2.405,0.002,0.143,0.000,1.722,0.005,0.189,5.925,2.091,0.201,0.000,0.000,0.000,0.000,0.000,0.000,0.000,0.000,0.000,0.000,0.000,0.000,0.000,0.000,0.000,0.000,0,0,1.727,2.424,6.114,0.000,17
Classic CPU ROAM,RelWithDebInfo,OpenGL,NVIDIA GeForce RTX 5090 D/PCIe/SSE2,4.3.0 NVIDIA 591.86,false,assets/heightmaps/Hm_Terrain_Test_129.pgm,129,129,80.000,12.000,20,4.000,2.000,200000,9.866,0.000,18.000,0.021,13.374,18580,170250,18578,4,2,4,2,0,0,0,0,1,0.000,12.066,11.781,0.152,2.442,0.002,0.143,0.000,1.751,0.003,0.213,5.918,1.143,0.194,0.000,0.000,0.000,0.000,0.000,0.000,0.000,0.000,0.000,0.000,0.000,0.000,0.000,0.000,0.000,0.000,0,0,1.755,2.457,6.131,0.000,17
Classic CPU ROAM,RelWithDebInfo,OpenGL,NVIDIA GeForce RTX 5090 D/PCIe/SSE2,4.3.0 NVIDIA 591.86,false,assets/heightmaps/Hm_Terrain_Test_129.pgm,129,129,80.000,12.000,20,4.000,2.000,200000,9.878,0.000,18.000,0.018,12.496,18589,170274,18587,12,6,3,6,0,0,0,0,1,126.814,12.610,12.319,0.145,2.541,0.001,0.144,0.000,1.695,0.007,0.185,6.027,1.559,0.203,0.000,0.000,0.000,0.000,0.000,0.000,0.000,0.000,0.000,0.000,0.000,0.000,0.000,0.000,0.000,0.000,0,0,1.703,2.556,6.212,0.000,17
Classic CPU ROAM,RelWithDebInfo,OpenGL,NVIDIA GeForce RTX 5090 D/PCIe/SSE2,4.3.0 NVIDIA 591.86,false,assets/heightmaps/Hm_Terrain_Test_129.pgm,129,129,80.000,12.000,20,4.000,2.000,200000,9.891,0.000,18.000,0.014,13.031,18583,170286,18581,6,3,12,4,0,0,0,0,1,119.055,13.418,13.123,0.151,2.272,0.004,0.145,0.000,1.720,0.004,0.242,6.208,2.363,0.206,0.000,0.000,0.000,0.000,0.000,0.000,0.000,0.000,0.000,0.000,0.000,0.000,0.000,0.000,0.000,0.000,0,0,1.724,2.289,6.451,0.000,17
Classic CPU ROAM,RelWithDebInfo,OpenGL,NVIDIA GeForce RTX 5090 D/PCIe/SSE2,4.3.0 NVIDIA 591.86,false,assets/heightmaps/Hm_Terrain_Test_129.pgm,129,129,80.000,12.000,20,4.000,2.000,200000,9.905,0.000,18.000,0.011,13.938,18577,170290,18575,2,1,8,2,0,0,0,0,1,128.689,12.422,12.139,0.172,2.687,0.003,0.148,0.000,1.843,0.002,0.189,5.905,1.174,0.194,0.000,0.000,0.000,0.000,0.000,0.000,0.000,0.000,0.000,0.000,0.000,0.000,0.000,0.000,0.000,0.000,0,0,1.845,2.705,6.094,0.000,17
Classic CPU ROAM,RelWithDebInfo,OpenGL,NVIDIA GeForce RTX 5090 D/PCIe/SSE2,4.3.0 NVIDIA 591.86,false,assets/heightmaps/Hm_Terrain_Test_129.pgm,129,129,80.000,12.000,20,4.000,2.000,200000,9.918,0.000,18.000,0.008,13.128,18579,170298,18577,4,2,2,2,0,0,0,0,1,121.949,13.100,12.810,0.229,2.647,0.001,0.145,0.000,1.857,0.004,0.186,6.040,1.678,0.201,0.000,0.000,0.000,0.000,0.000,0.000,0.000,0.000,0.000,0.000,0.000,0.000,0.000,0.000,0.000,0.000,0,0,1.861,2.670,6.226,0.000,17
Classic CPU ROAM,RelWithDebInfo,OpenGL,NVIDIA GeForce RTX 5090 D/PCIe/SSE2,4.3.0 NVIDIA 591.86,false,assets/heightmaps/Hm_Terrain_Test_129.pgm,129,129,80.000,12.000,20,4.000,2.000,200000,9.932,0.000,18.000,0.006,13.613,18577,170302,18575,2,1,4,4,0,0,0,0,1,125.705,12.712,12.428,0.157,2.400,0.002,0.146,0.000,1.685,0.002,0.181,5.974,1.865,0.193,0.000,0.000,0.000,0.000,0.000,0.000,0.000,0.000,0.000,0.000,0.000,0.000,0.000,0.000,0.000,0.000,0,0,1.688,2.417,6.155,0.000,17
Classic CPU ROAM,RelWithDebInfo,OpenGL,NVIDIA GeForce RTX 5090 D/PCIe/SSE2,4.3.0 NVIDIA 591.86,false,assets/heightmaps/Hm_Terrain_Test_129.pgm,129,129,80.000,12.000,20,4.000,2.000,200000,9.945,0.000,18.000,0.004,13.150,18577,170306,18575,2,1,2,2,0,0,0,0,1,0.000,12.353,12.070,0.147,2.528,0.001,0.160,0.000,1.745,0.002,0.183,5.871,1.413,0.197,0.000,0.000,0.000,0.000,0.000,0.000,0.000,0.000,0.000,0.000,0.000,0.000,0.000,0.000,0.000,0.000,0,0,1.747,2.547,6.054,0.000,17
Classic CPU ROAM,RelWithDebInfo,OpenGL,NVIDIA GeForce RTX 5090 D/PCIe/SSE2,4.3.0 NVIDIA 591.86,false,assets/heightmaps/Hm_Terrain_Test_129.pgm,129,129,80.000,12.000,20,4.000,2.000,200000,9.958,0.000,18.000,0.002,12.780,18571,170306,18569,0,0,6,2,0,0,0,0,1,0.000,13.201,12.902,0.153,2.285,0.002,0.149,0.000,1.787,0.000,0.152,5.938,2.420,0.201,0.000,0.000,0.000,0.000,0.000,0.000,0.000,0.000,0.000,0.000,0.000,0.000,0.000,0.000,0.000,0.000,0,0,1.787,2.303,6.090,0.000,17
Classic CPU ROAM,RelWithDebInfo,OpenGL,NVIDIA GeForce RTX 5090 D/PCIe/SSE2,4.3.0 NVIDIA 591.86,false,assets/heightmaps/Hm_Terrain_Test_129.pgm,129,129,80.000,12.000,20,4.000,2.000,200000,9.971,0.000,18.000,0.001,13.650,18569,170306,18567,0,0,2,2,0,0,0,0,1,123.894,12.903,12.610,0.179,2.608,0.001,0.146,0.000,1.767,0.000,0.135,5.824,1.933,0.199,0.000,0.000,0.000,0.000,0.000,0.000,0.000,0.000,0.000,0.000,0.000,0.000,0.000,0.000,0.000,0.000,0,0,1.767,2.625,5.959,0.000,17
Classic CPU ROAM,RelWithDebInfo,OpenGL,NVIDIA GeForce RTX 5090 D/PCIe/SSE2,4.3.0 NVIDIA 591.86,false,assets/heightmaps/Hm_Terrain_Test_129.pgm,129,129,80.000,12.000,20,4.000,2.000,200000,9.985,0.000,18.000,0.000,13.358,18569,170306,18567,0,0,0,0,0,0,0,0,1,126.010,12.676,12.398,0.163,2.472,0.000,0.144,0.000,1.763,0.000,0.146,5.979,1.713,0.193,0.000,0.000,0.000,0.000,0.000,0.000,0.000,0.000,0.000,0.000,0.000,0.000,0.000,0.000,0.000,0.000,0,0,1.763,2.489,6.125,0.000,17
Classic CPU ROAM,RelWithDebInfo,OpenGL,NVIDIA GeForce RTX 5090 D/PCIe/SSE2,4.3.0 NVIDIA 591.86,false,assets/heightmaps/Hm_Terrain_Test_129.pgm,129,129,80.000,12.000,20,4.000,2.000,200000,9.998,0.000,18.000,0.000,13.112,18569,170306,18567,0,0,0,0,0,0,0,0,1,117.154,13.639,13.335,0.151,2.328,0.000,0.143,0.000,1.697,0.000,0.151,6.253,2.598,0.204,0.000,0.000,0.000,0.000,0.000,0.000,0.000,0.000,0.000,0.000,0.000,0.000,0.000,0.000,0.000,0.000,0,0,1.697,2.343,6.404,0.000,17
Classic CPU ROAM,RelWithDebInfo,OpenGL,NVIDIA GeForce RTX 5090 D/PCIe/SSE2,4.3.0 NVIDIA 591.86,false,assets/heightmaps/Hm_Terrain_Test_129.pgm,129,129,80.000,12.000,20,4.000,2.000,200000,10.000,0.000,18.000,0.000,14.088,18569,170306,18567,0,0,0,0,0,0,0,0,1,107.313,14.869,14.557,0.183,2.681,0.000,0.147,0.000,1.946,0.000,0.139,6.088,3.357,0.211,0.000,0.000,0.000,0.000,0.000,0.000,0.000,0.000,0.000,0.000,0.000,0.000,0.000,0.000,0.000,0.000,0,0,1.946,2.698,6.227,0.000,17
Data-Oriented CPU ROAM,RelWithDebInfo,OpenGL,NVIDIA GeForce RTX 5090 D/PCIe/SSE2,4.3.0 NVIDIA 591.86,false,assets/heightmaps/Hm_Terrain_Test_129.pgm,129,129,80.000,12.000,20,4.000,2.000,200000,0.000,0.000,18.000,40.000,484.938,22113,44224,22111,22111,11167,0,10074,0,0,0,0,8,99.292,440.934,440.615,421.906,0.003,0.005,0.000,0.000,0.004,13.832,0.421,2.063,2.381,0.218,0.000,0.000,0.000,0.000,0.000,0.000,0.000,0.000,0.000,0.000,0.000,0.000,0.000,0.000,0.000,0.000,0,0,13.836,0.008,2.484,0.000,17
Data-Oriented CPU ROAM,RelWithDebInfo,OpenGL,NVIDIA GeForce RTX 5090 D/PCIe/SSE2,4.3.0 NVIDIA 591.86,false,assets/heightmaps/Hm_Terrain_Test_129.pgm,129,129,80.000,12.000,20,4.000,2.000,200000,0.441,0.000,18.000,39.773,441.488,22105,44858,22103,317,158,325,221,0,0,0,0,8,153.051,10.505,10.207,0.176,3.738,0.266,0.373,0.201,1.262,0.275,0.367,1.735,1.813,0.183,0.000,0.000,0.000,0.000,0.000,0.000,0.000,0.000,0.000,0.000,0.000,0.000,0.000,0.000,0.000,0.000,0,0,1.738,4.004,2.102,0.000,17
Data-Oriented CPU ROAM,RelWithDebInfo,OpenGL,NVIDIA GeForce RTX 5090 D/PCIe/SSE2,4.3.0 NVIDIA 591.86,false,assets/heightmaps/Hm_Terrain_Test_129.pgm,129,129,80.000,12.000,20,4.000,2.000,200000,0.453,0.000,18.000,39.762,11.030,22090,44880,22088,11,5,26,12,0,0,0,0,8,1226.308,10.477,10.190,0.283,3.583,0.033,0.384,0.219,1.945,0.021,0.368,1.621,1.733,0.174,0.000,0.000,0.000,0.000,0.000,0.000,0.000,0.000,0.000,0.000,0.000,0.000,0.000,0.000,0.000,0.000,0,0,2.186,3.615,1.989,0.000,17
Data-Oriented CPU ROAM,RelWithDebInfo,OpenGL,NVIDIA GeForce RTX 5090 D/PCIe/SSE2,4.3.0 NVIDIA 591.86,false,assets/heightmaps/Hm_Terrain_Test_129.pgm,129,129,80.000,12.000,20,4.000,2.000,200000,0.463,0.000,18.000,39.750,10.882,22052,44900,22050,10,5,48,18,0,0,0,0,8,0.000,9.880,9.594,0.189,3.165,0.048,0.380,0.365,1.839,0.019,0.367,1.491,1.730,0.169,0.000,0.000,0.000,0.000,0.000,0.000,0.000,0.000,0.000,0.000,0.000,0.000,0.000,0.000,0.000,0.000,0,0,2.224,3.214,1.858,0.000,17
Data-Oriented CPU ROAM,RelWithDebInfo,OpenGL,NVIDIA GeForce RTX 5090 D/PCIe/SSE2,4.3.0 NVIDIA 591.86,false,assets/heightmaps/Hm_Terrain_Test_129.pgm,129,129,80.000,12.000,20,4.000,2.000,200000,0.474,0.000,18.000,39.739,10.265,22054,44944,22052,22,11,20,11,0,0,0,0,8,173.684,9.282,8.994,0.178,3.499,0.022,0.386,0.207,1.421,0.034,0.369,1.224,1.654,0.176,0.000,0.000,0.000,0.000,0.000,0.000,0.000,0.000,0.000,0.000,0.000,0.000,0.000,0.000,0.000,0.000,0,0,1.661,3.521,1.594,0.000,17
Data-Oriented CPU ROAM,RelWithDebInfo,OpenGL,NVIDIA GeForce RTX 5090 D/PCIe/SSE2,4.3.0 NVIDIA 591.86,false,assets/heightmaps/Hm_Terrain_Test_129.pgm,129,129,80.000,12.000,20,4.000,2.000,200000,0.483,0.000,18.000,39.729,9.654,22058,44964,22056,10,5,6,5,0,0,0,0,8,1253.774,10.264,9.968,0.179,3.695,0.014,0.367,0.209,2.146,0.022,0.367,1.229,1.740,0.191,0.000,0.000,0.000,0.000,0.000,0.000,0.000,0.000,0.000,0.000,0.000,0.000,0.000,0.000,0.000,0.000,0,0,2.377,3.709,1.595,0.000,17
Data-Oriented CPU ROAM,RelWithDebInfo,OpenGL,NVIDIA GeForce RTX 5090 D/PCIe/SSE2,4.3.0 NVIDIA 591.86,false,assets/heightmaps/Hm_Terrain_Test_129.pgm,129,129,80.000,12.000,20,4.000,2.000,200000,0.494,0.000,18.000,39.717,10.642,22058,44976,22056,6,3,6,6,0,0,0,0,8,0.000,10.308,10.023,0.220,3.156,0.016,0.385,0.438,2.015,0.017,0.368,1.688,1.719,0.176,0.000,0.000,0.000,0.000,0.000,0.000,0.000,0.000,0.000,0.000,0.000,0.000,0.000,0.000,0.000,0.000,0,0,2.470,3.172,2.056,0.000,17
Data-Oriented CPU ROAM,RelWithDebInfo,OpenGL,NVIDIA GeForce RTX 5090 D/PCIe/SSE2,4.3.0 NVIDIA 591.86,false,assets/heightmaps/Hm_Terrain_Test_129.pgm,129,129,80.000,12.000,20,4.000,2.000,200000,0.505,0.000,18.000,39.705,10.695,22072,45020,22070,22,11,8,13,0,0,0,0,8,151.652,10.660,10.301,0.201,3.603,0.018,0.391,0.213,1.956,0.036,0.365,1.650,1.867,0.195,0.000,0.000,0.000,0.000,0.000,0.000,0.000,0.000,0.000,0.000,0.000,0.000,0.000,0.000,0.000,0.000,0,0,2.205,3.621,2.015,0.000,17
Data-Oriented CPU ROAM,RelWithDebInfo,OpenGL,NVIDIA GeForce RTX 5090 D/PCIe/SSE2,4.3.0 NVIDIA 591.86,false,assets/heightmaps/Hm_Terrain_Test_129.pgm,129,129,80.000,12.000,20,4.000,2.000,200000,0.516,0.000,18.000,39.692,11.127,22072,45060,22070,20,10,20,12,0,0,0,0,8,162.905,9.881,9.590,0.186,3.452,0.030,0.398,0.210,1.905,0.043,0.365,1.230,1.770,0.177,0.000,0.000,0.000,0.000,0.000,0.000,0.000,0.000,0.000,0.000,0.000,0.000,0.000,0.000,0.000,0.000,0,0,2.158,3.482,1.595,0.000,17
Data-Oriented CPU ROAM,RelWithDebInfo,OpenGL,NVIDIA GeForce RTX 5090 D/PCIe/SSE2,4.3.0 NVIDIA 591.86,false,assets/heightmaps/Hm_Terrain_Test_129.pgm,129,129,80.000,12.000,20,4.000,2.000,200000,0.526,0.000,18.000,39.680,10.257,22066,45092,22064,16,8,22,10,0,0,0,0,8,0.000,10.310,10.020,0.190,3.395,0.032,0.382,0.320,1.845,0.027,0.380,1.571,1.880,0.185,0.000,0.000,0.000,0.000,0.000,0.000,0.000,0.000,0.000,0.000,0.000,0.000,0.000,0.000,0.000,0.000,0,0,2.191,3.427,1.950,0.000,17
Data-Oriented CPU ROAM,RelWithDebInfo,OpenGL,NVIDIA GeForce RTX 5090 D/PCIe/SSE2,4.3.0 NVIDIA 591.86,false,assets/heightmaps/Hm_Terrain_Test_129.pgm,129,129,80.000,12.000,20,4.000,2.000,200000,0.537,0.000,18.000,39.667,10.690,22084,45140,22082,30,18,12,12,0,0,0,0,8,324.029,9.938,9.642,0.185,3.542,0.021,0.398,0.211,1.885,0.041,0.367,1.237,1.756,0.182,0.000,0.000,0.000,0.000,0.000,0.000,0.000,0.000,0.000,0.000,0.000,0.000,0.000,0.000,0.000,0.000,0,0,2.137,3.563,1.604,0.000,17
Data-Oriented CPU ROAM,RelWithDebInfo,OpenGL,NVIDIA GeForce RTX 5090 D/PCIe/SSE2,4.3.0 NVIDIA 591.86,false,assets/heightmaps/Hm_Terrain_Test_129.pgm,129,129,80.000,12.000,20,4.000,2.000,200000,0.547,0.000,18.000,39.654,10.309,22090,45184,22088,22,11,16,16,0,0,0,0,8,1351.688,9.544,9.246,0.184,3.349,0.029,0.370,0.209,1.601,0.035,0.366,1.297,1.807,0.186,0.000,0.000,0.000,0.000,0.000,0.000,0.000,0.000,0.000,0.000,0.000,0.000,0.000,0.000,0.000,0.000,0,0,1.845,3.378,1.663,0.000,17
Data-Oriented CPU ROAM,RelWithDebInfo,OpenGL,NVIDIA GeForce RTX 5090 D/PCIe/SSE2,4.3.0 NVIDIA 591.86,false,assets/heightmaps/Hm_Terrain_Test_129.pgm,129,129,80.000,12.000,20,4.000,2.000,200000,0.557,0.000,18.000,39.642,9.915,22075,45220,22073,18,9,33,9,0,0,0,0,8,0.000,9.812,9.526,0.180,3.446,0.034,0.398,0.301,1.885,0.031,0.387,1.245,1.619,0.176,0.000,0.000,0.000,0.000,0.000,0.000,0.000,0.000,0.000,0.000,0.000,0.000,0.000,0.000,0.000,0.000,0,0,2.217,3.480,1.632,0.000,17
Data-Oriented CPU ROAM,RelWithDebInfo,OpenGL,NVIDIA GeForce RTX 5090 D/PCIe/SSE2,4.3.0 NVIDIA 591.86,false,assets/heightmaps/Hm_Terrain_Test_129.pgm,129,129,80.000,12.000,20,4.000,2.000,200000,0.567,0.000,18.000,39.629,10.172,22097,45272,22095,26,13,4,13,0,0,0,0,8,154.319,10.413,10.123,0.182,3.584,0.012,0.364,0.213,1.832,0.039,0.363,1.759,1.773,0.177,0.000,0.000,0.000,0.000,0.000,0.000,0.000,0.000,0.000,0.000,0.000,0.000,0.000,0.000,0.000,0.000,0,0,2.084,3.596,2.122,0.000,17
Data-Oriented CPU ROAM,RelWithDebInfo,OpenGL,NVIDIA GeForce RTX 5090 D/PCIe/SSE2,4.3.0 NVIDIA 591.86,false,assets/heightmaps/Hm_Terrain_Test_129.pgm,129,129,80.000,12.000,20,4.000,2.000,200000,0.578,0.000,18.000,39.614,11.187,22091,45320,22089,24,12,30,16,0,0,0,0,8,154.889,10.394,10.086,0.204,3.520,0.042,0.380,0.209,1.912,0.038,0.406,1.581,1.793,0.195,0.000,0.000,0.000,0.000,0.000,0.000,0.000,0.000,0.000,0.000,0.000,0.000,0.000,0.000,0.000,0.000,0,0,2.159,3.562,1.988,0.000,17
Data-Oriented CPU ROAM,RelWithDebInfo,OpenGL,NVIDIA GeForce RTX 5090 D/PCIe/SSE2,4.3.0 NVIDIA 591.86,false,assets/heightmaps/Hm_Terrain_Test_129.pgm,129,129,80.000,12.000,20,4.000,2.000,200000,0.589,0.000,18.000,39.600,11.049,22104,45362,22102,21,10,8,15,0,0,0,0,8,0.000,10.054,9.763,0.190,3.138,0.013,0.381,0.208,1.925,0.034,0.417,1.721,1.733,0.168,0.000,0.000,0.000,0.000,0.000,0.000,0.000,0.000,0.000,0.000,0.000,0.000,0.000,0.000,0.000,0.000,0,0,2.168,3.152,2.139,0.000,17
Data-Oriented CPU ROAM,RelWithDebInfo,OpenGL,NVIDIA GeForce RTX 5090 D/PCIe/SSE2,4.3.0 NVIDIA 591.86,false,assets/heightmaps/Hm_Terrain_Test_129.pgm,129,129,80.000,12.000,20,4.000,2.000,200000,0.600,0.000,18.000,39.585,10.847,22114,45402,22112,20,10,10,11,0,0,0,0,8,159.698,10.061,9.781,0.252,3.614,0.019,0.382,0.213,1.364,0.033,0.392,1.731,1.781,0.172,0.000,0.000,0.000,0.000,0.000,0.000,0.000,0.000,0.000,0.000,0.000,0.000,0.000,0.000,0.000,0.000,0,0,1.610,3.633,2.123,0.000,17
Data-Oriented CPU ROAM,RelWithDebInfo,OpenGL,NVIDIA GeForce RTX 5090 D/PCIe/SSE2,4.3.0 NVIDIA 591.86,false,assets/heightmaps/Hm_Terrain_Test_129.pgm,129,129,80.000,12.000,20,4.000,2.000,200000,0.611,0.000,18.000,39.570,10.780,22124,45450,22122,24,12,14,12,0,0,0,0,8,467.227,10.304,10.031,0.181,3.123,0.024,0.366,0.409,1.869,0.044,0.417,1.801,1.798,0.162,0.000,0.000,0.000,0.000,0.000,0.000,0.000,0.000,0.000,0.000,0.000,0.000,0.000,0.000,0.000,0.000,0,0,2.322,3.147,2.218,0.000,17
Data-Oriented CPU ROAM,RelWithDebInfo,OpenGL,NVIDIA GeForce RTX 5090 D/PCIe/SSE2,4.3.0 NVIDIA 591.86,false,assets/heightmaps/Hm_Terrain_Test_129.pgm,129,129,80.000,12.000,20,4.000,2.000,200000,0.622,0.000,18.000,39.555,11.183,22116,45510,22114,30,15,38,16,0,0,0,0,8,148.422,10.815,10.526,0.172,3.758,0.042,0.368,0.211,1.909,0.045,0.407,1.702,1.913,0.174,0.000,0.000,0.000,0.000,0.000,0.000,0.000,0.000,0.000,0.000,0.000,0.000,0.000,0.000,0.000,0.000,0,0,2.164,3.800,2.108,0.000,17
Data-Oriented CPU ROAM,RelWithDebInfo,OpenGL,NVIDIA GeForce RTX 5090 D/PCIe/SSE2,4.3.0 NVIDIA 591.86,false,assets/heightmaps/Hm_Terrain_Test_129.pgm,129,129,80.000,12.000,20,4.000,2.000,200000,0.634,0.000,18.000,39.539,11.410,22122,45530,22120,10,5,4,6,0,0,0,0,8,0.000,10.146,9.873,0.175,3.497,0.011,0.404,0.359,1.920,0.023,0.407,1.269,1.807,0.168,0.000,0.000,0.000,0.000,0.000,0.000,0.000,0.000,0.000,0.000,0.000,0.000,0.000,0.000,0.000,0.000,0,0,2.302,3.508,1.676,0.000,17
Data-Oriented CPU ROAM,RelWithDebInfo,OpenGL,NVIDIA GeForce RTX 5090 D/PCIe/SSE2,4.3.0 NVIDIA 591.86,false,assets/heightmaps/Hm_Terrain_Test_129.pgm,129,129,80.000,12.000,20,4.000,2.000,200000,0.644,0.000,18.000,39.523,10.778,22142,45578,22140,24,12,4,12,0,0,0,0,8,155.482,10.317,10.048,0.176,3.519,0.013,0.369,0.413,1.750,0.041,0.407,1.681,1.679,0.161,0.000,0.000,0.000,0.000,0.000,0.000,0.000,0.000,0.000,0.000,0.000,0.000,0.000,0.000,0.000,0.000,0,0,2.204,3.532,2.088,0.000,17
Data-Oriented CPU ROAM,RelWithDebInfo,OpenGL,NVIDIA GeForce RTX 5090 D/PCIe/SSE2,4.3.0 NVIDIA 591.86,false,assets/heightmaps/Hm_Terrain_Test_129.pgm,129,129,80.000,12.000,20,4.000,2.000,200000,0.655,0.000,18.000,39.507,10.936,22150,45642,22148,32,16,24,17,0,0,0,0,8,155.693,10.311,10.034,0.170,3.440,0.037,0.382,0.210,2.077,0.116,0.620,1.231,1.751,0.175,0.000,0.000,0.000,0.000,0.000,0.000,0.000,0.000,0.000,0.000,0.000,0.000,0.000,0.000,0.000,0.000,0,0,2.404,3.477,1.851,0.000,17
Data-Oriented CPU ROAM,RelWithDebInfo,OpenGL,NVIDIA GeForce RTX 5090 D/PCIe/SSE2,4.3.0 NVIDIA 591.86,false,assets/heightmaps/Hm_Terrain_Test_129.pgm,129,129,80.000,12.000,20,4.000,2.000,200000,0.666,0.000,18.000,39.491,11.145,22162,45690,22160,24,12,12,13,0,0,0,0,8,0.000,9.171,8.896,0.174,3.156,0.020,0.372,0.208,1.557,0.038,0.405,1.239,1.725,0.167,0.000,0.000,0.000,0.000,0.000,0.000,0.000,0.000,0.000,0.000,0.000,0.000,0.000,0.000,0.000,0.000,0,0,1.803,3.176,1.644,0.000,17
Data-Oriented CPU ROAM,RelWithDebInfo,OpenGL,NVIDIA GeForce RTX 5090 D/PCIe/SSE2,4.3.0 NVIDIA 591.86,false,assets/heightmaps/Hm_Terrain_Test_129.pgm,129,129,80.000,12.000,20,4.000,2.000,200000,0.676,0.000,18.000,39.476,9.553,22186,45742,22184,26,13,2,14,0,0,0,0,8,160.284,10.023,9.747,0.168,3.809,0.008,0.390,0.209,1.831,0.040,0.396,1.224,1.673,0.170,0.000,0.000,0.000,0.000,0.000,0.000,0.000,0.000,0.000,0.000,0.000,0.000,0.000,0.000,0.000,0.000,0,0,2.080,3.817,1.620,0.000,17
Data-Oriented CPU ROAM,RelWithDebInfo,OpenGL,NVIDIA GeForce RTX 5090 D/PCIe/SSE2,4.3.0 NVIDIA 591.86,false,assets/heightmaps/Hm_Terrain_Test_129.pgm,129,129,80.000,12.000,20,4.000,2.000,200000,0.687,0.000,18.000,39.460,10.624,22194,45774,22192,16,8,8,8,0,0,0,0,8,0.000,8.966,8.689,0.175,3.147,0.016,0.369,0.208,1.510,0.030,0.398,1.240,1.596,0.168,0.000,0.000,0.000,0.000,0.000,0.000,0.000,0.000,0.000,0.000,0.000,0.000,0.000,0.000,0.000,0.000,0,0,1.748,3.163,1.638,0.000,17
Data-Oriented CPU ROAM,RelWithDebInfo,OpenGL,NVIDIA GeForce RTX 5090 D/PCIe/SSE2,4.3.0 NVIDIA 591.86,false,assets/heightmaps/Hm_Terrain_Test_129.pgm,129,129,80.000,12.000,20,4.000,2.000,200000,0.696,0.000,18.000,39.445,9.587,22189,45792,22187,9,4,14,5,0,0,0,0,8,0.000,9.963,9.684,0.173,3.609,0.016,0.375,0.214,1.858,0.022,0.392,1.232,1.793,0.172,0.000,0.000,0.000,0.000,0.000,0.000,0.000,0.000,0.000,0.000,0.000,0.000,0.000,0.000,0.000,0.000,0,0,2.094,3.625,1.623,0.000,17
Data-Oriented CPU ROAM,RelWithDebInfo,OpenGL,NVIDIA GeForce RTX 5090 D/PCIe/SSE2,4.3.0 NVIDIA 591.86,false,assets/heightmaps/Hm_Terrain_Test_129.pgm,129,129,80.000,12.000,20,4.000,2.000,200000,0.707,0.000,18.000,39.429,10.555,22179,45840,22177,24,12,34,18,0,0,0,0,8,160.099,10.051,9.758,0.175,3.148,0.045,0.370,0.426,1.614,0.037,0.413,1.704,1.827,0.187,0.000,0.000,0.000,0.000,0.000,0.000,0.000,0.000,0.000,0.000,0.000,0.000,0.000,0.000,0.000,0.000,0,0,2.076,3.192,2.117,0.000,17
Data-Oriented CPU ROAM,RelWithDebInfo,OpenGL,NVIDIA GeForce RTX 5090 D/PCIe/SSE2,4.3.0 NVIDIA 591.86,false,assets/heightmaps/Hm_Terrain_Test_129.pgm,129,129,80.000,12.000,20,4.000,2.000,200000,0.717,0.000,18.000,39.412,10.678,22177,45884,22175,22,11,24,14,0,0,0,0,8,0.000,9.010,8.737,0.185,3.221,0.033,0.385,0.206,1.376,0.032,0.391,1.246,1.661,0.167,0.000,0.000,0.000,0.000,0.000,0.000,0.000,0.000,0.000,0.000,0.000,0.000,0.000,0.000,0.000,0.000,0,0,1.614,3.254,1.638,0.000,17
Data-Oriented CPU ROAM,RelWithDebInfo,OpenGL,NVIDIA GeForce RTX 5090 D/PCIe/SSE2,4.3.0 NVIDIA 591.86,false,assets/heightmaps/Hm_Terrain_Test_129.pgm,129,129,80.000,12.000,20,4.000,2.000,200000,0.727,0.000,18.000,39.396,9.681,22169,45908,22167,12,6,20,12,0,0,0,0,8,0.000,9.182,8.908,0.172,3.351,0.030,0.373,0.210,1.330,0.024,0.390,1.237,1.790,0.164,0.000,0.000,0.000,0.000,0.000,0.000,0.000,0.000,0.000,0.000,0.000,0.000,0.000,0.000,0.000,0.000,0,0,1.564,3.381,1.627,0.000,17
Data-Oriented CPU ROAM,RelWithDebInfo,OpenGL,NVIDIA GeForce RTX 5090 D/PCIe/SSE2,4.3.0 NVIDIA 591.86,false,assets/heightmaps/Hm_Terrain_Test_129.pgm,129,129,80.000,12.000,20,4.000,2.000,200000,0.737,0.000,18.000,39.381,9.521,22157,45940,22155,16,8,28,18,0,0,0,0,8,681.362,9.448,9.171,0.173,3.154,0.040,0.375,0.216,1.674,0.030,0.433,1.288,1.789,0.172,0.000,0.000,0.000,0.000,0.000,0.000,0.000,0.000,0.000,0.000,0.000,0.000,0.000,0.000,0.000,0.000,0,0,1.919,3.194,1.721,0.000,17
Data-Oriented CPU ROAM,RelWithDebInfo,OpenGL,NVIDIA GeForce RTX 5090 D/PCIe/SSE2,4.3.0 NVIDIA 591.86,false,assets/heightmaps/Hm_Terrain_Test_129.pgm,129,129,80.000,12.000,20,4.000,2.000,200000,0.747,0.000,18.000,39.364,10.077,22185,46000,22183,30,15,2,15,0,0,0,0,8,0.000,9.693,9.412,0.169,3.440,0.009,0.385,0.222,1.775,0.044,0.405,1.225,1.738,0.167,0.000,0.000,0.000,0.000,0.000,0.000,0.000,0.000,0.000,0.000,0.000,0.000,0.000,0.000,0.000,0.000,0,0,2.042,3.449,1.630,0.000,17
Data-Oriented CPU ROAM,RelWithDebInfo,OpenGL,NVIDIA GeForce RTX 5090 D/PCIe/SSE2,4.3.0 NVIDIA 591.86,false,assets/heightmaps/Hm_Terrain_Test_129.pgm,129,129,80.000,12.000,20,4.000,2.000,200000,0.757,0.000,18.000,39.347,10.292,22155,46052,22153,26,13,56,26,0,0,0,0,8,0.000,10.512,10.173,0.175,3.669,0.065,0.382,0.210,1.701,0.044,0.371,1.756,1.800,0.188,0.000,0.000,0.000,0.000,0.000,0.000,0.000,0.000,0.000,0.000,0.000,0.000,0.000,0.000,0.000,0.000,0,0,1.955,3.734,2.127,0.000,17
Data-Oriented CPU ROAM,RelWithDebInfo,OpenGL,NVIDIA GeForce RTX 5090 D/PCIe/SSE2,4.3.0 NVIDIA 591.86,false,assets/heightmaps/Hm_Terrain_Test_129.pgm,129,129,80.000,12.000,20,4.000,2.000,200000,0.768,0.000,18.000,39.328,11.122,22141,46100,22139,24,12,38,16,0,0,0,0,8,714.220,9.048,8.750,0.171,3.294,0.044,0.368,0.206,1.285,0.045,0.368,1.220,1.750,0.179,0.000,0.000,0.000,0.000,0.000,0.000,0.000,0.000,0.000,0.000,0.000,0.000,0.000,0.000,0.000,0.000,0,0,1.535,3.338,1.587,0.000,17
Data-Oriented CPU ROAM,RelWithDebInfo,OpenGL,NVIDIA GeForce RTX 5090 D/PCIe/SSE2,4.3.0 NVIDIA 591.86,false,assets/heightmaps/Hm_Terrain_Test_129.pgm,129,129,80.000,12.000,20,4.000,2.000,200000,0.778,0.000,18.000,39.312,9.437,22163,46160,22161,30,15,8,15,0,0,0,0,8,0.000,9.783,9.519,0.184,3.141,0.017,0.377,0.267,2.027,0.049,0.369,1.294,1.794,0.165,0.000,0.000,0.000,0.000,0.000,0.000,0.000,0.000,0.000,0.000,0.000,0.000,0.000,0.000,0.000,0.000,0,0,2.343,3.158,1.663,0.000,17
Data-Oriented CPU ROAM,RelWithDebInfo,OpenGL,NVIDIA GeForce RTX 5090 D/PCIe/SSE2,4.3.0 NVIDIA 591.86,false,assets/heightmaps/Hm_Terrain_Test_129.pgm,129,129,80.000,12.000,20,4.000,2.000,200000,0.788,0.000,18.000,39.294,10.423,22177,46232,22175,36,18,22,18,0,0,0,0,8,0.000,10.654,10.375,0.172,3.732,0.033,0.389,0.209,1.853,0.054,0.369,1.718,1.848,0.167,0.000,0.000,0.000,0.000,0.000,0.000,0.000,0.000,0.000,0.000,0.000,0.000,0.000,0.000,0.000,0.000,0,0,2.115,3.764,2.087,0.000,17
Data-Oriented CPU ROAM,RelWithDebInfo,OpenGL,NVIDIA GeForce RTX 5090 D/PCIe/SSE2,4.3.0 NVIDIA 591.86,false,assets/heightmaps/Hm_Terrain_Test_129.pgm,129,129,80.000,12.000,20,4.000,2.000,200000,0.799,0.000,18.000,39.274,11.284,22172,46278,22170,23,11,28,12,0,0,0,0,8,157.994,10.161,9.888,0.173,3.658,0.034,0.374,0.212,2.068,0.038,0.368,1.232,1.733,0.164,0.000,0.000,0.000,0.000,0.000,0.000,0.000,0.000,0.000,0.000,0.000,0.000,0.000,0.000,0.000,0.000,0,0,2.318,3.691,1.599,0.000,17
Data-Oriented CPU ROAM,RelWithDebInfo,OpenGL,NVIDIA GeForce RTX 5090 D/PCIe/SSE2,4.3.0 NVIDIA 591.86,false,assets/heightmaps/Hm_Terrain_Test_129.pgm,129,129,80.000,12.000,20,4.000,2.000,200000,0.810,0.000,18.000,39.255,10.777,22146,46314,22144,18,9,44,22,0,0,0,0,8,148.774,10.793,10.501,0.175,3.725,0.083,0.371,0.210,1.711,0.029,0.370,1.861,1.966,0.178,0.000,0.000,0.000,0.000,0.000,0.000,0.000,0.000,0.000,0.000,0.000,0.000,0.000,0.000,0.000,0.000,0,0,1.949,3.808,2.231,0.000,17
Data-Oriented CPU ROAM,RelWithDebInfo,OpenGL,NVIDIA GeForce RTX 5090 D/PCIe/SSE2,4.3.0 NVIDIA 591.86,false,assets/heightmaps/Hm_Terrain_Test_129.pgm,129,129,80.000,12.000,20,4.000,2.000,200000,0.821,0.000,18.000,39.235,11.421,22142,46366,22140,26,13,30,20,0,0,0,0,8,0.000,9.298,9.022,0.176,3.517,0.040,0.394,0.210,1.394,0.041,0.369,1.243,1.638,0.166,0.000,0.000,0.000,0.000,0.000,0.000,0.000,0.000,0.000,0.000,0.000,0.000,0.000,0.000,0.000,0.000,0,0,1.644,3.558,1.612,0.000,17
Data-Oriented CPU ROAM,RelWithDebInfo,OpenGL,NVIDIA GeForce RTX 5090 D/PCIe/SSE2,4.3.0 NVIDIA 591.86,false,assets/heightmaps/Hm_Terrain_Test_129.pgm,129,129,80.000,12.000,20,4.000,2.000,200000,0.831,0.000,18.000,39.217,9.906,22144,46410,22142,22,11,20,14,0,0,0,0,8,168.507,9.547,9.271,0.175,3.506,0.030,0.375,0.208,1.426,0.034,0.369,1.432,1.716,0.172,0.000,0.000,0.000,0.000,0.000,0.000,0.000,0.000,0.000,0.000,0.000,0.000,0.000,0.000,0.000,0.000,0,0,1.669,3.537,1.800,0.000,17
Data-Oriented CPU ROAM,RelWithDebInfo,OpenGL,NVIDIA GeForce RTX 5090 D/PCIe/SSE2,4.3.0 NVIDIA 591.86,false,assets/heightmaps/Hm_Terrain_Test_129.pgm,129,129,80.000,12.000,20,4.000,2.000,200000,0.842,0.000,18.000,39.198,10.191,22124,46450,22122,20,10,40,20,0,0,0,0,8,159.395,10.081,9.801,0.173,3.563,0.062,0.393,0.253,2.003,0.034,0.364,1.218,1.737,0.169,0.000,0.000,0.000,0.000,0.000,0.000,0.000,0.000,0.000,0.000,0.000,0.000,0.000,0.000,0.000,0.000,0,0,2.290,3.625,1.582,0.000,17
Data-Oriented CPU ROAM,RelWithDebInfo,OpenGL,NVIDIA GeForce RTX 5090 D/PCIe/SSE2,4.3.0 NVIDIA 591.86,false,assets/heightmaps/Hm_Terrain_Test_129.pgm,129,129,80.000,12.000,20,4.000,2.000,200000,0.852,0.000,18.000,39.178,10.677,22102,46498,22100,24,12,46,20,0,0,0,0,8,0.000,9.811,9.529,0.176,3.168,0.053,0.372,0.209,1.690,0.038,0.370,1.671,1.782,0.177,0.000,0.000,0.000,0.000,0.000,0.000,0.000,0.000,0.000,0.000,0.000,0.000,0.000,0.000,0.000,0.000,0,0,1.936,3.221,2.042,0.000,17
Data-Oriented CPU ROAM,RelWithDebInfo,OpenGL,NVIDIA GeForce RTX 5090 D/PCIe/SSE2,4.3.0 NVIDIA 591.86,false,assets/heightmaps/Hm_Terrain_Test_129.pgm,129,129,80.000,12.000,20,4.000,2.000,200000,0.863,0.000,18.000,39.158,10.464,22091,46550,22089,26,13,37,13,0,0,0,0,8,164.239,9.793,9.512,0.173,3.420,0.042,0.410,0.209,1.791,0.041,0.362,1.279,1.784,0.169,0.000,0.000,0.000,0.000,0.000,0.000,0.000,0.000,0.000,0.000,0.000,0.000,0.000,0.000,0.000,0.000,0,0,2.041,3.461,1.642,0.000,17
Data-Oriented CPU ROAM,RelWithDebInfo,OpenGL,NVIDIA GeForce RTX 5090 D/PCIe/SSE2,4.3.0 NVIDIA 591.86,false,assets/heightmaps/Hm_Terrain_Test_129.pgm,129,129,80.000,12.000,20,4.000,2.000,200000,0.873,0.000,18.000,39.139,10.357,22103,46602,22101,26,13,14,14,0,0,0,0,8,298.070,10.768,10.481,0.323,3.604,0.024,0.371,0.211,2.026,0.050,0.371,1.686,1.815,0.177,0.000,0.000,0.000,0.000,0.000,0.000,0.000,0.000,0.000,0.000,0.000,0.000,0.000,0.000,0.000,0.000,0,0,2.287,3.627,2.056,0.000,17
Data-Oriented CPU ROAM,RelWithDebInfo,OpenGL,NVIDIA GeForce RTX 5090 D/PCIe/SSE2,4.3.0 NVIDIA 591.86,false,assets/heightmaps/Hm_Terrain_Test_129.pgm,129,129,80.000,12.000,20,4.000,2.000,200000,0.884,0.000,18.000,39.117,11.420,22097,46646,22095,22,11,28,16,0,0,0,0,8,0.000,10.006,9.723,0.174,3.551,0.039,0.407,0.213,1.833,0.038,0.366,1.268,1.835,0.175,0.000,0.000,0.000,0.000,0.000,0.000,0.000,0.000,0.000,0.000,0.000,0.000,0.000,0.000,0.000,0.000,0,0,2.084,3.590,1.634,0.000,17
Data-Oriented CPU ROAM,RelWithDebInfo,OpenGL,NVIDIA GeForce RTX 5090 D/PCIe/SSE2,4.3.0 NVIDIA 591.86,false,assets/heightmaps/Hm_Terrain_Test_129.pgm,129,129,80.000,12.000,20,4.000,2.000,200000,0.895,0.000,18.000,39.096,10.661,22073,46702,22071,28,14,52,26,0,0,0,0,8,172.511,9.328,9.056,0.184,3.142,0.063,0.371,0.207,1.248,0.038,0.368,1.789,1.643,0.162,0.000,0.000,0.000,0.000,0.000,0.000,0.000,0.000,0.000,0.000,0.000,0.000,0.000,0.000,0.000,0.000,0,0,1.494,3.206,2.157,0.000,17
Data-Oriented CPU ROAM,RelWithDebInfo,OpenGL,NVIDIA GeForce RTX 5090 D/PCIe/SSE2,4.3.0 NVIDIA 591.86,false,assets/heightmaps/Hm_Terrain_Test_129.pgm,129,129,80.000,12.000,20,4.000,2.000,200000,0.905,0.000,18.000,39.076,9.924,22077,46734,22075,16,8,12,10,0,0,0,0,8,0.000,9.752,9.483,0.174,3.379,0.024,0.393,0.211,1.884,0.031,0.366,1.314,1.707,0.166,0.000,0.000,0.000,0.000,0.000,0.000,0.000,0.000,0.000,0.000,0.000,0.000,0.000,0.000,0.000,0.000,0,0,2.125,3.403,1.681,0.000,17
Data-Oriented CPU ROAM,RelWithDebInfo,OpenGL,NVIDIA GeForce RTX 5090 D/PCIe/SSE2,4.3.0 NVIDIA 591.86,false,assets/heightmaps/Hm_Terrain_Test_129.pgm,129,129,80.000,12.000,20,4.000,2.000,200000,0.915,0.000,18.000,39.056,10.113,22099,46798,22097,32,16,10,17,0,0,0,0,8,0.000,10.356,10.082,0.180,3.833,0.022,0.383,0.394,1.874,0.051,0.371,1.257,1.717,0.166,0.000,0.000,0.000,0.000,0.000,0.000,0.000,0.000,0.000,0.000,0.000,0.000,0.000,0.000,0.000,0.000,0,0,2.319,3.855,1.628,0.000,17
Data-Oriented CPU ROAM,RelWithDebInfo,OpenGL,NVIDIA GeForce RTX 5090 D/PCIe/SSE2,4.3.0 NVIDIA 591.86,false,assets/heightmaps/Hm_Terrain_Test_129.pgm,129,129,80.000,12.000,20,4.000,2.000,200000,0.926,0.000,18.000,39.035,10.680,22085,46846,22083,24,12,38,14,0,0,0,0,8,152.397,10.523,10.251,0.173,3.818,0.044,0.380,0.207,2.153,0.037,0.364,1.271,1.803,0.167,0.000,0.000,0.000,0.000,0.000,0.000,0.000,0.000,0.000,0.000,0.000,0.000,0.000,0.000,0.000,0.000,0,0,2.398,3.862,1.635,0.000,17
Data-Oriented CPU ROAM,RelWithDebInfo,OpenGL,NVIDIA GeForce RTX 5090 D/PCIe/SSE2,4.3.0 NVIDIA 591.86,false,assets/heightmaps/Hm_Terrain_Test_129.pgm,129,129,80.000,12.000,20,4.000,2.000,200000,0.937,0.000,18.000,39.012,11.185,22103,46910,22101,32,15,14,18,0,0,0,0,8,159.192,10.102,9.814,0.187,3.549,0.024,0.364,0.413,1.784,0.050,0.371,1.291,1.781,0.175,0.000,0.000,0.000,0.000,0.000,0.000,0.000,0.000,0.000,0.000,0.000,0.000,0.000,0.000,0.000,0.000,0,0,2.247,3.573,1.661,0.000,17
Data-Oriented CPU ROAM,RelWithDebInfo,OpenGL,NVIDIA GeForce RTX 5090 D/PCIe/SSE2,4.3.0 NVIDIA 591.86,false,assets/heightmaps/Hm_Terrain_Test_129.pgm,129,129,80.000,12.000,20,4.000,2.000,200000,0.948,0.000,18.000,38.990,10.759,22103,46986,22101,38,19,38,20,0,0,0,0,8,0.000,10.481,10.185,0.170,3.527,0.046,0.365,0.220,1.946,0.061,0.371,1.298,2.179,0.196,0.000,0.000,0.000,0.000,0.000,0.000,0.000,0.000,0.000,0.000,0.000,0.000,0.000,0.000,0.000,0.000,0,0,2.228,3.574,1.670,0.000,17
Data-Oriented CPU ROAM,RelWithDebInfo,OpenGL,NVIDIA GeForce RTX 5090 D/PCIe/SSE2,4.3.0 NVIDIA 591.86,false,assets/heightmaps/Hm_Terrain_Test_129.pgm,129,129,80.000,12.000,20,4.000,2.000,200000,0.959,0.000,18.000,38.968,10.866,22109,47042,22107,28,14,22,16,0,0,0,0,8,160.611,10.004,9.727,0.178,3.136,0.036,0.389,0.415,2.172,0.046,0.368,1.226,1.761,0.168,0.000,0.000,0.000,0.000,0.000,0.000,0.000,0.000,0.000,0.000,0.000,0.000,0.000,0.000,0.000,0.000,0,0,2.632,3.172,1.594,0.000,17
Data-Oriented CPU ROAM,RelWithDebInfo,OpenGL,NVIDIA GeForce RTX 5090 D/PCIe/SSE2,4.3.0 NVIDIA 591.86,false,assets/heightmaps/Hm_Terrain_Test_129.pgm,129,129,80.000,12.000,20,4.000,2.000,200000,0.969,0.000,18.000,38.946,10.374,22122,47088,22120,23,11,10,13,0,0,0,0,8,153.516,10.451,10.176,0.176,3.729,0.022,0.379,0.209,2.126,0.043,0.370,1.277,1.846,0.168,0.000,0.000,0.000,0.000,0.000,0.000,0.000,0.000,0.000,0.000,0.000,0.000,0.000,0.000,0.000,0.000,0,0,2.378,3.751,1.647,0.000,17
Data-Oriented CPU ROAM,RelWithDebInfo,OpenGL,NVIDIA GeForce RTX 5090 D/PCIe/SSE2,4.3.0 NVIDIA 591.86,false,assets/heightmaps/Hm_Terrain_Test_129.pgm,129,129,80.000,12.000,20,4.000,2.000,200000,0.980,0.000,18.000,38.922,11.182,22129,47148,22127,30,15,23,19,0,0,0,0,8,0.000,9.596,9.309,0.185,3.304,0.034,0.386,0.217,1.696,0.047,0.373,1.261,1.806,0.170,0.000,0.000,0.000,0.000,0.000,0.000,0.000,0.000,0.000,0.000,0.000,0.000,0.000,0.000,0.000,0.000,0,0,1.960,3.338,1.634,0.000,17
Data-Oriented CPU ROAM,RelWithDebInfo,OpenGL,NVIDIA GeForce RTX 5090 D/PCIe/SSE2,4.3.0 NVIDIA 591.86,false,assets/heightmaps/Hm_Terrain_Test_129.pgm,129,129,80.000,12.000,20,4.000,2.000,200000,0.990,0.000,18.000,38.901,9.965,22137,47208,22135,32,17,24,15,0,0,0,0,8,339.523,9.481,9.202,0.173,3.176,0.035,0.386,0.206,1.844,0.047,0.365,1.253,1.718,0.165,0.000,0.000,0.000,0.000,0.000,0.000,0.000,0.000,0.000,0.000,0.000,0.000,0.000,0.000,0.000,0.000,0,0,2.096,3.212,1.618,0.000,17
Data-Oriented CPU ROAM,RelWithDebInfo,OpenGL,NVIDIA GeForce RTX 5090 D/PCIe/SSE2,4.3.0 NVIDIA 591.86,false,assets/heightmaps/Hm_Terrain_Test_129.pgm,129,129,80.000,12.000,20,4.000,2.000,200000,1.000,0.000,18.000,38.880,9.834,22121,47268,22119,30,15,46,19,0,0,0,0,8,152.065,10.543,10.274,0.175,3.199,0.055,0.388,0.419,1.999,0.053,0.368,1.778,1.840,0.167,0.000,0.000,0.000,0.000,0.000,0.000,0.000,0.000,0.000,0.000,0.000,0.000,0.000,0.000,0.000,0.000,0,0,2.471,3.253,2.146,0.000,17
Data-Oriented CPU ROAM,RelWithDebInfo,OpenGL,NVIDIA GeForce RTX 5090 D/PCIe/SSE2,4.3.0 NVIDIA 591.86,false,assets/heightmaps/Hm_Terrain_Test_129.pgm,129,129,80.000,12.000,20,4.000,2.000,200000,1.011,0.000,18.000,38.856,11.225,22139,47352,22137,42,21,24,24,0,0,0,0,8,0.000,10.910,10.620,0.170,3.826,0.033,0.384,0.208,2.092,0.064,0.366,1.596,1.879,0.179,0.000,0.000,0.000,0.000,0.000,0.000,0.000,0.000,0.000,0.000,0.000,0.000,0.000,0.000,0.000,0.000,0,0,2.365,3.860,1.963,0.000,17
Data-Oriented CPU ROAM,RelWithDebInfo,OpenGL,NVIDIA GeForce RTX 5090 D/PCIe/SSE2,4.3.0 NVIDIA 591.86,false,assets/heightmaps/Hm_Terrain_Test_129.pgm,129,129,80.000,12.000,20,4.000,2.000,200000,1.023,0.000,18.000,38.831,11.296,22139,47428,22137,38,19,38,24,0,0,0,0,8,0.000,10.097,9.813,0.175,3.474,0.050,0.402,0.210,2.100,0.054,0.382,1.262,1.704,0.174,0.000,0.000,0.000,0.000,0.000,0.000,0.000,0.000,0.000,0.000,0.000,0.000,0.000,0.000,0.000,0.000,0,0,2.364,3.524,1.644,0.000,17
Data-Oriented CPU ROAM,RelWithDebInfo,OpenGL,NVIDIA GeForce RTX 5090 D/PCIe/SSE2,4.3.0 NVIDIA 591.86,false,assets/heightmaps/Hm_Terrain_Test_129.pgm,129,129,80.000,12.000,20,4.000,2.000,200000,1.033,0.000,18.000,38.807,10.754,22118,47488,22116,30,15,51,28,0,0,0,0,8,625.275,10.279,9.995,0.175,3.812,0.065,0.388,0.211,1.945,0.051,0.368,1.267,1.713,0.169,0.000,0.000,0.000,0.000,0.000,0.000,0.000,0.000,0.000,0.000,0.000,0.000,0.000,0.000,0.000,0.000,0,0,2.207,3.876,1.635,0.000,17
Data-Oriented CPU ROAM,RelWithDebInfo,OpenGL,NVIDIA GeForce RTX 5090 D/PCIe/SSE2,4.3.0 NVIDIA 591.86,false,assets/heightmaps/Hm_Terrain_Test_129.pgm,129,129,80.000,12.000,20,4.000,2.000,200000,1.044,0.000,18.000,38.783,10.611,22110,47548,22108,30,15,38,22,0,0,0,0,8,0.000,9.861,9.579,0.171,3.461,0.045,0.391,0.211,1.835,0.045,0.365,1.214,1.840,0.167,0.000,0.000,0.000,0.000,0.000,0.000,0.000,0.000,0.000,0.000,0.000,0.000,0.000,0.000,0.000,0.000,0,0,2.091,3.506,1.579,0.000,17
Data-Oriented CPU ROAM,RelWithDebInfo,OpenGL,NVIDIA GeForce RTX 5090 D/PCIe/SSE2,4.3.0 NVIDIA 591.86,false,assets/heightmaps/Hm_Terrain_Test_129.pgm,129,129,80.000,12.000,20,4.000,2.000,200000,1.054,0.000,18.000,38.760,10.212,22102,47600,22100,26,13,34,16,0,0,0,0,8,0.000,10.294,10.019,0.181,3.558,0.045,0.385,0.209,2.233,0.043,0.368,1.256,1.740,0.172,0.000,0.000,0.000,0.000,0.000,0.000,0.000,0.000,0.000,0.000,0.000,0.000,0.000,0.000,0.000,0.000,0,0,2.485,3.604,1.624,0.000,17
Data-Oriented CPU ROAM,RelWithDebInfo,OpenGL,NVIDIA GeForce RTX 5090 D/PCIe/SSE2,4.3.0 NVIDIA 591.86,false,assets/heightmaps/Hm_Terrain_Test_129.pgm,129,129,80.000,12.000,20,4.000,2.000,200000,1.065,0.000,18.000,38.735,10.969,22092,47664,22090,32,16,42,22,0,0,0,0,8,700.720,9.188,8.918,0.169,3.161,0.054,0.386,0.209,1.608,0.055,0.367,1.242,1.667,0.162,0.000,0.000,0.000,0.000,0.000,0.000,0.000,0.000,0.000,0.000,0.000,0.000,0.000,0.000,0.000,0.000,0,0,1.872,3.215,1.609,0.000,17
Data-Oriented CPU ROAM,RelWithDebInfo,OpenGL,NVIDIA GeForce RTX 5090 D/PCIe/SSE2,4.3.0 NVIDIA 591.86,false,assets/heightmaps/Hm_Terrain_Test_129.pgm,129,129,80.000,12.000,20,4.000,2.000,200000,1.075,0.000,18.000,38.714,9.500,22122,47748,22120,42,21,12,24,0,0,0,0,8,142.667,11.236,10.950,0.175,3.602,0.021,0.368,0.207,2.028,0.081,0.706,1.669,2.093,0.187,0.000,0.000,0.000,0.000,0.000,0.000,0.000,0.000,0.000,0.000,0.000,0.000,0.000,0.000,0.000,0.000,0,0,2.316,3.623,2.375,0.000,17
Data-Oriented CPU ROAM,RelWithDebInfo,OpenGL,NVIDIA GeForce RTX 5090 D/PCIe/SSE2,4.3.0 NVIDIA 591.86,false,assets/heightmaps/Hm_Terrain_Test_129.pgm,129,129,80.000,12.000,20,4.000,2.000,200000,1.086,0.000,18.000,38.687,11.600,22110,47808,22108,30,15,42,20,0,0,0,0,8,0.000,9.708,9.430,0.175,3.782,0.053,0.396,0.210,1.501,0.045,0.370,1.238,1.660,0.169,0.000,0.000,0.000,0.000,0.000,0.000,0.000,0.000,0.000,0.000,0.000,0.000,0.000,0.000,0.000,0.000,0,0,1.756,3.835,1.608,0.000,17
Data-Oriented CPU ROAM,RelWithDebInfo,OpenGL,NVIDIA GeForce RTX 5090 D/PCIe/SSE2,4.3.0 NVIDIA 591.86,false,assets/heightmaps/Hm_Terrain_Test_129.pgm,129,129,80.000,12.000,20,4.000,2.000,200000,1.096,0.000,18.000,38.663,10.047,22116,47868,22114,30,15,24,18,0,0,0,0,8,839.251,9.576,9.307,0.175,3.635,0.037,0.371,0.207,1.615,0.043,0.370,1.237,1.616,0.165,0.000,0.000,0.000,0.000,0.000,0.000,0.000,0.000,0.000,0.000,0.000,0.000,0.000,0.000,0.000,0.000,0,0,1.866,3.672,1.607,0.000,17
Data-Oriented CPU ROAM,RelWithDebInfo,OpenGL,NVIDIA GeForce RTX 5090 D/PCIe/SSE2,4.3.0 NVIDIA 591.86,false,assets/heightmaps/Hm_Terrain_Test_129.pgm,129,129,80.000,12.000,20,4.000,2.000,200000,1.106,0.000,18.000,38.640,9.914,22122,47940,22120,36,18,30,20,0,0,0,0,8,0.000,10.752,10.452,0.177,3.916,0.038,0.387,0.214,1.843,0.056,0.369,1.688,1.763,0.193,0.000,0.000,0.000,0.000,0.000,0.000,0.000,0.000,0.000,0.000,0.000,0.000,0.000,0.000,0.000,0.000,0,0,2.114,3.954,2.057,0.000,17
Data-Oriented CPU ROAM,RelWithDebInfo,OpenGL,NVIDIA GeForce RTX 5090 D/PCIe/SSE2,4.3.0 NVIDIA 591.86,false,assets/heightmaps/Hm_Terrain_Test_129.pgm,129,129,80.000,12.000,20,4.000,2.000,200000,1.117,0.000,18.000,38.614,11.101,22136,48032,22134,46,23,32,25,0,0,0,0,8,0.000,10.557,10.285,0.182,3.627,0.045,0.379,0.209,1.938,0.065,0.370,1.765,1.706,0.163,0.000,0.000,0.000,0.000,0.000,0.000,0.000,0.000,0.000,0.000,0.000,0.000,0.000,0.000,0.000,0.000,0,0,2.211,3.672,2.135,0.000,17
Data-Oriented CPU ROAM,RelWithDebInfo,OpenGL,NVIDIA GeForce RTX 5090 D/PCIe/SSE2,4.3.0 NVIDIA 591.86,false,assets/heightmaps/Hm_Terrain_Test_129.pgm,129,129,80.000,12.000,20,4.000,2.000,200000,1.128,0.000,18.000,38.588,10.891,22122,48096,22120,32,16,46,20,0,0,0,0,8,138.743,11.653,11.260,0.166,3.374,0.053,0.404,0.222,1.893,0.112,0.371,2.380,2.285,0.243,0.000,0.000,0.000,0.000,0.000,0.000,0.000,0.000,0.000,0.000,0.000,0.000,0.000,0.000,0.000,0.000,0,0,2.227,3.427,2.751,0.000,17
Data-Oriented CPU ROAM,RelWithDebInfo,OpenGL,NVIDIA GeForce RTX 5090 D/PCIe/SSE2,4.3.0 NVIDIA 591.86,false,assets/heightmaps/Hm_Terrain_Test_129.pgm,129,129,80.000,12.000,20,4.000,2.000,200000,1.140,0.000,18.000,38.558,12.074,22118,48172,22116,38,19,42,24,0,0,0,0,8,1331.600,9.650,9.386,0.191,3.290,0.056,0.380,0.212,1.898,0.068,0.368,1.219,1.705,0.160,0.000,0.000,0.000,0.000,0.000,0.000,0.000,0.000,0.000,0.000,0.000,0.000,0.000,0.000,0.000,0.000,0,0,2.177,3.346,1.587,0.000,17
Data-Oriented CPU ROAM,RelWithDebInfo,OpenGL,NVIDIA GeForce RTX 5090 D/PCIe/SSE2,4.3.0 NVIDIA 591.86,false,assets/heightmaps/Hm_Terrain_Test_129.pgm,129,129,80.000,12.000,20,4.000,2.000,200000,1.150,0.000,18.000,38.534,9.983,22132,48264,22130,46,23,32,24,0,0,0,0,8,0.000,10.621,10.334,0.167,3.711,0.042,0.387,0.410,1.888,0.068,0.369,1.269,2.023,0.185,0.000,0.000,0.000,0.000,0.000,0.000,0.000,0.000,0.000,0.000,0.000,0.000,0.000,0.000,0.000,0.000,0,0,2.366,3.752,1.638,0.000,17
Data-Oriented CPU ROAM,RelWithDebInfo,OpenGL,NVIDIA GeForce RTX 5090 D/PCIe/SSE2,4.3.0 NVIDIA 591.86,false,assets/heightmaps/Hm_Terrain_Test_129.pgm,129,129,80.000,12.000,20,4.000,2.000,200000,1.161,0.000,18.000,38.507,10.985,22120,48356,22118,46,23,58,28,0,0,0,0,8,156.796,10.234,9.964,0.178,3.751,0.068,0.409,0.208,1.999,0.068,0.376,1.223,1.685,0.160,0.000,0.000,0.000,0.000,0.000,0.000,0.000,0.000,0.000,0.000,0.000,0.000,0.000,0.000,0.000,0.000,0,0,2.275,3.818,1.599,0.000,17
Data-Oriented CPU ROAM,RelWithDebInfo,OpenGL,NVIDIA GeForce RTX 5090 D/PCIe/SSE2,4.3.0 NVIDIA 591.86,false,assets/heightmaps/Hm_Terrain_Test_129.pgm,129,129,80.000,12.000,20,4.000,2.000,200000,1.172,0.000,18.000,38.481,10.571,22118,48424,22116,44,27,46,22,0,0,0,0,8,1252.882,10.253,9.976,0.177,3.161,0.057,0.382,0.208,2.070,0.055,0.367,1.691,1.806,0.172,0.000,0.000,0.000,0.000,0.000,0.000,0.000,0.000,0.000,0.000,0.000,0.000,0.000,0.000,0.000,0.000,0,0,2.334,3.219,2.058,0.000,17
Data-Oriented CPU ROAM,RelWithDebInfo,OpenGL,NVIDIA GeForce RTX 5090 D/PCIe/SSE2,4.3.0 NVIDIA 591.86,false,assets/heightmaps/Hm_Terrain_Test_129.pgm,129,129,80.000,12.000,20,4.000,2.000,200000,1.182,0.000,18.000,38.455,10.595,22088,48480,22086,28,14,58,22,0,0,0,0,8,0.000,10.134,9.854,0.169,3.767,0.065,0.400,0.209,1.851,0.047,0.364,1.229,1.753,0.169,0.000,0.000,0.000,0.000,0.000,0.000,0.000,0.000,0.000,0.000,0.000,0.000,0.000,0.000,0.000,0.000,0,0,2.107,3.832,1.593,0.000,17
Data-Oriented CPU ROAM,RelWithDebInfo,OpenGL,NVIDIA GeForce RTX 5090 D/PCIe/SSE2,4.3.0 NVIDIA 591.86,false,assets/heightmaps/Hm_Terrain_Test_129.pgm,129,129,80.000,12.000,20,4.000,2.000,200000,1.193,0.000,18.000,38.428,10.475,22076,48536,22074,28,14,40,24,0,0,0,0,8,304.813,10.594,10.251,0.173,3.494,0.051,0.390,0.245,1.986,0.043,0.363,1.555,1.951,0.184,0.000,0.000,0.000,0.000,0.000,0.000,0.000,0.000,0.000,0.000,0.000,0.000,0.000,0.000,0.000,0.000,0,0,2.273,3.545,1.918,0.000,17
Data-Oriented CPU ROAM,RelWithDebInfo,OpenGL,NVIDIA GeForce RTX 5090 D/PCIe/SSE2,4.3.0 NVIDIA 591.86,false,assets/heightmaps/Hm_Terrain_Test_129.pgm,129,129,80.000,12.000,20,4.000,2.000,200000,1.204,0.000,18.000,38.400,11.011,22066,48584,22064,24,12,34,18,0,0,0,0,8,448.243,10.739,10.456,0.226,3.459,0.041,0.396,0.396,2.142,0.039,0.366,1.664,1.727,0.172,0.000,0.000,0.000,0.000,0.000,0.000,0.000,0.000,0.000,0.000,0.000,0.000,0.000,0.000,0.000,0.000,0,0,2.577,3.500,2.030,0.000,17
Data-Oriented CPU ROAM,RelWithDebInfo,OpenGL,NVIDIA GeForce RTX 5090 D/PCIe/SSE2,4.3.0 NVIDIA 591.86,false,assets/heightmaps/Hm_Terrain_Test_129.pgm,129,129,80.000,12.000,20,4.000,2.000,200000,1.215,0.000,18.000,38.372,11.056,22056,48652,22054,34,17,44,18,0,0,0,0,8,0.000,9.957,9.678,0.181,3.216,0.049,0.388,0.229,2.068,0.065,0.370,1.253,1.860,0.174,0.000,0.000,0.000,0.000,0.000,0.000,0.000,0.000,0.000,0.000,0.000,0.000,0.000,0.000,0.000,0.000,0,0,2.363,3.264,1.622,0.000,17
Data-Oriented CPU ROAM,RelWithDebInfo,OpenGL,NVIDIA GeForce RTX 5090 D/PCIe/SSE2,4.3.0 NVIDIA 591.86,false,assets/heightmaps/Hm_Terrain_Test_129.pgm,129,129,80.000,12.000,20,4.000,2.000,200000,1.225,0.000,18.000,38.346,10.292,22084,48748,22082,48,24,20,25,0,0,0,0,8,788.528,10.208,9.906,0.177,3.791,0.030,0.387,0.207,1.783,0.064,0.364,1.301,1.802,0.184,0.000,0.000,0.000,0.000,0.000,0.000,0.000,0.000,0.000,0.000,0.000,0.000,0.000,0.000,0.000,0.000,0,0,2.053,3.822,1.665,0.000,17
Data-Oriented CPU ROAM,RelWithDebInfo,OpenGL,NVIDIA GeForce RTX 5090 D/PCIe/SSE2,4.3.0 NVIDIA 591.86,false,assets/heightmaps/Hm_Terrain_Test_129.pgm,129,129,80.000,12.000,20,4.000,2.000,200000,1.236,0.000,18.000,38.318,10.555,22106,48828,22104,40,20,18,22,0,0,0,0,8,164.056,9.801,9.523,0.195,3.161,0.030,0.384,0.212,2.172,0.063,0.370,1.240,1.696,0.171,0.000,0.000,0.000,0.000,0.000,0.000,0.000,0.000,0.000,0.000,0.000,0.000,0.000,0.000,0.000,0.000,0,0,2.446,3.191,1.610,0.000,17
Data-Oriented CPU ROAM,RelWithDebInfo,OpenGL,NVIDIA GeForce RTX 5090 D/PCIe/SSE2,4.3.0 NVIDIA 591.86,false,assets/heightmaps/Hm_Terrain_Test_129.pgm,129,129,80.000,12.000,20,4.000,2.000,200000,1.246,0.000,18.000,38.292,10.136,22126,48888,22124,30,15,10,16,0,0,0,0,8,0.000,10.029,9.747,0.174,3.417,0.020,0.391,0.327,2.119,0.045,0.365,1.222,1.666,0.170,0.000,0.000,0.000,0.000,0.000,0.000,0.000,0.000,0.000,0.000,0.000,0.000,0.000,0.000,0.000,0.000,0,0,2.491,3.437,1.588,0.000,17
Data-Oriented CPU ROAM,RelWithDebInfo,OpenGL,NVIDIA GeForce RTX 5090 D/PCIe/SSE2,4.3.0 NVIDIA 591.86,false,assets/heightmaps/Hm_Terrain_Test_129.pgm,129,129,80.000,12.000,20,4.000,2.000,200000,1.256,0.000,18.000,38.265,10.347,22096,48944,22094,28,14,58,20,0,0,0,0,8,655.164,9.817,9.538,0.176,3.186,0.066,0.382,0.285,1.974,0.045,0.370,1.331,1.724,0.171,0.000,0.000,0.000,0.000,0.000,0.000,0.000,0.000,0.000,0.000,0.000,0.000,0.000,0.000,0.000,0.000,0,0,2.304,3.252,1.700,0.000,17
Data-Oriented CPU ROAM,RelWithDebInfo,OpenGL,NVIDIA GeForce RTX 5090 D/PCIe/SSE2,4.3.0 NVIDIA 591.86,false,assets/heightmaps/Hm_Terrain_Test_129.pgm,129,129,80.000,12.000,20,4.000,2.000,200000,1.266,0.000,18.000,38.238,10.137,22110,49028,22108,42,21,28,22,0,0,0,0,8,962.891,10.007,9.735,0.168,3.742,0.036,0.397,0.210,1.838,0.060,0.365,1.215,1.705,0.165,0.000,0.000,0.000,0.000,0.000,0.000,0.000,0.000,0.000,0.000,0.000,0.000,0.000,0.000,0.000,0.000,0,0,2.108,3.778,1.580,0.000,17
Data-Oriented CPU ROAM,RelWithDebInfo,OpenGL,NVIDIA GeForce RTX 5090 D/PCIe/SSE2,4.3.0 NVIDIA 591.86,false,assets/heightmaps/Hm_Terrain_Test_129.pgm,129,129,80.000,12.000,20,4.000,2.000,200000,1.277,0.000,18.000,38.211,10.306,22084,49080,22082,26,13,52,24,0,0,0,0,8,0.000,10.746,10.462,0.175,3.492,0.060,0.391,0.207,1.949,0.041,0.370,2.074,1.703,0.174,0.000,0.000,0.000,0.000,0.000,0.000,0.000,0.000,0.000,0.000,0.000,0.000,0.000,0.000,0.000,0.000,0,0,2.196,3.553,2.444,0.000,17
Data-Oriented CPU ROAM,RelWithDebInfo,OpenGL,NVIDIA GeForce RTX 5090 D/PCIe/SSE2,4.3.0 NVIDIA 591.86,false,assets/heightmaps/Hm_Terrain_Test_129.pgm,129,129,80.000,12.000,20,4.000,2.000,200000,1.288,0.000,18.000,38.181,11.068,22090,49180,22088,50,25,44,28,0,0,0,0,8,859.830,9.366,9.085,0.172,3.589,0.058,0.398,0.205,1.049,0.073,0.368,1.480,1.693,0.173,0.000,0.000,0.000,0.000,0.000,0.000,0.000,0.000,0.000,0.000,0.000,0.000,0.000,0.000,0.000,0.000,0,0,1.328,3.647,1.848,0.000,17
Data-Oriented CPU ROAM,RelWithDebInfo,OpenGL,NVIDIA GeForce RTX 5090 D/PCIe/SSE2,4.3.0 NVIDIA 591.86,false,assets/heightmaps/Hm_Terrain_Test_129.pgm,129,129,80.000,12.000,20,4.000,2.000,200000,1.297,0.000,18.000,38.155,9.705,22090,49272,22088,46,23,46,28,0,0,0,0,8,159.745,10.115,9.780,0.177,3.630,0.057,0.394,0.205,1.445,0.062,0.375,1.739,1.697,0.180,0.000,0.000,0.000,0.000,0.000,0.000,0.000,0.000,0.000,0.000,0.000,0.000,0.000,0.000,0.000,0.000,0,0,1.712,3.687,2.114,0.000,17
Data-Oriented CPU ROAM,RelWithDebInfo,OpenGL,NVIDIA GeForce RTX 5090 D/PCIe/SSE2,4.3.0 NVIDIA 591.86,false,assets/heightmaps/Hm_Terrain_Test_129.pgm,129,129,80.000,12.000,20,4.000,2.000,200000,1.308,0.000,18.000,38.126,10.447,22062,49332,22060,30,15,58,20,0,0,0,0,8,0.000,9.284,9.014,0.177,3.482,0.061,0.399,0.206,1.385,0.047,0.370,1.254,1.633,0.171,0.000,0.000,0.000,0.000,0.000,0.000,0.000,0.000,0.000,0.000,0.000,0.000,0.000,0.000,0.000,0.000,0,0,1.638,3.543,1.624,0.000,17
Data-Oriented CPU ROAM,RelWithDebInfo,OpenGL,NVIDIA GeForce RTX 5090 D/PCIe/SSE2,4.3.0 NVIDIA 591.86,false,assets/heightmaps/Hm_Terrain_Test_129.pgm,129,129,80.000,12.000,20,4.000,2.000,200000,1.317,0.000,18.000,38.100,9.572,22054,49428,22052,48,24,56,25,0,0,0,0,8,340.099,9.476,9.187,0.185,3.447,0.063,0.412,0.206,1.394,0.065,0.370,1.405,1.639,0.177,0.000,0.000,0.000,0.000,0.000,0.000,0.000,0.000,0.000,0.000,0.000,0.000,0.000,0.000,0.000,0.000,0,0,1.665,3.510,1.776,0.000,17
Data-Oriented CPU ROAM,RelWithDebInfo,OpenGL,NVIDIA GeForce RTX 5090 D/PCIe/SSE2,4.3.0 NVIDIA 591.86,false,assets/heightmaps/Hm_Terrain_Test_129.pgm,129,129,80.000,12.000,20,4.000,2.000,200000,1.328,0.000,18.000,38.072,10.232,22076,49528,22074,50,25,28,29,0,0,0,0,8,1279.597,10.047,9.767,0.178,3.105,0.039,0.384,0.205,1.911,0.069,0.370,1.746,1.760,0.182,0.000,0.000,0.000,0.000,0.000,0.000,0.000,0.000,0.000,0.000,0.000,0.000,0.000,0.000,0.000,0.000,0,0,2.185,3.145,2.115,0.000,17
Data-Oriented CPU ROAM,RelWithDebInfo,OpenGL,NVIDIA GeForce RTX 5090 D/PCIe/SSE2,4.3.0 NVIDIA 591.86,false,assets/heightmaps/Hm_Terrain_Test_129.pgm,129,129,80.000,12.000,20,4.000,2.000,200000,1.338,0.000,18.000,38.043,10.328,22074,49612,22072,42,21,44,22,0,0,0,0,8,0.000,10.942,10.647,0.173,3.488,0.054,0.372,0.399,2.009,0.087,0.442,1.780,1.840,0.190,0.000,0.000,0.000,0.000,0.000,0.000,0.000,0.000,0.000,0.000,0.000,0.000,0.000,0.000,0.000,0.000,0,0,2.496,3.542,2.223,0.000,17
Data-Oriented CPU ROAM,RelWithDebInfo,OpenGL,NVIDIA GeForce RTX 5090 D/PCIe/SSE2,4.3.0 NVIDIA 591.86,false,assets/heightmaps/Hm_Terrain_Test_129.pgm,129,129,80.000,12.000,20,4.000,2.000,200000,1.349,0.000,18.000,38.012,11.254,22062,49692,22060,40,20,52,32,0,0,0,0,8,442.923,10.913,10.582,0.191,3.732,0.066,0.391,0.257,1.813,0.064,0.369,1.740,1.959,0.212,0.000,0.000,0.000,0.000,0.000,0.000,0.000,0.000,0.000,0.000,0.000,0.000,0.000,0.000,0.000,0.000,0,0,2.135,3.798,2.109,0.000,17
Data-Oriented CPU ROAM,RelWithDebInfo,OpenGL,NVIDIA GeForce RTX 5090 D/PCIe/SSE2,4.3.0 NVIDIA 591.86,false,assets/heightmaps/Hm_Terrain_Test_129.pgm,129,129,80.000,12.000,20,4.000,2.000,200000,1.361,0.000,18.000,37.980,11.296,22070,49772,22068,40,20,32,25,0,0,0,0,8,1248.976,10.293,10.007,0.204,3.664,0.046,0.401,0.280,1.643,0.061,0.375,1.404,1.928,0.177,0.000,0.000,0.000,0.000,0.000,0.000,0.000,0.000,0.000,0.000,0.000,0.000,0.000,0.000,0.000,0.000,0,0,1.984,3.711,1.779,0.000,17
Data-Oriented CPU ROAM,RelWithDebInfo,OpenGL,NVIDIA GeForce RTX 5090 D/PCIe/SSE2,4.3.0 NVIDIA 591.86,false,assets/heightmaps/Hm_Terrain_Test_129.pgm,129,129,80.000,12.000,20,4.000,2.000,200000,1.371,0.000,18.000,37.950,10.706,22082,49872,22080,50,25,38,25,0,0,0,0,8,0.000,9.786,9.507,0.184,3.305,0.053,0.398,0.326,1.857,0.076,0.370,1.216,1.722,0.171,0.000,0.000,0.000,0.000,0.000,0.000,0.000,0.000,0.000,0.000,0.000,0.000,0.000,0.000,0.000,0.000,0,0,2.259,3.358,1.586,0.000,17
Data-Oriented CPU ROAM,RelWithDebInfo,OpenGL,NVIDIA GeForce RTX 5090 D/PCIe/SSE2,4.3.0 NVIDIA 591.86,false,assets/heightmaps/Hm_Terrain_Test_129.pgm,129,129,80.000,12.000,20,4.000,2.000,200000,1.381,0.000,18.000,37.921,10.158,22072,49924,22070,26,13,36,14,0,0,0,0,8,818.337,9.816,9.546,0.179,3.563,0.045,0.387,0.212,1.874,0.043,0.371,1.218,1.655,0.162,0.000,0.000,0.000,0.000,0.000,0.000,0.000,0.000,0.000,0.000,0.000,0.000,0.000,0.000,0.000,0.000,0,0,2.128,3.607,1.589,0.000,17
Data-Oriented CPU ROAM,RelWithDebInfo,OpenGL,NVIDIA GeForce RTX 5090 D/PCIe/SSE2,4.3.0 NVIDIA 591.86,false,assets/heightmaps/Hm_Terrain_Test_129.pgm,129,129,80.000,12.000,20,4.000,2.000,200000,1.392,0.000,18.000,37.892,10.158,22068,50000,22066,38,19,42,32,0,0,0,0,8,1282.972,10.032,9.742,0.169,3.625,0.060,0.393,0.206,1.957,0.053,0.368,1.227,1.684,0.188,0.000,0.000,0.000,0.000,0.000,0.000,0.000,0.000,0.000,0.000,0.000,0.000,0.000,0.000,0.000,0.000,0,0,2.216,3.685,1.594,0.000,17
Data-Oriented CPU ROAM,RelWithDebInfo,OpenGL,NVIDIA GeForce RTX 5090 D/PCIe/SSE2,4.3.0 NVIDIA 591.86,false,assets/heightmaps/Hm_Terrain_Test_129.pgm,129,129,80.000,12.000,20,4.000,2.000,200000,1.402,0.000,18.000,37.862,10.347,22068,50096,22066,48,24,48,27,0,0,0,0,8,0.000,9.573,9.272,0.178,3.380,0.060,0.383,0.209,1.696,0.068,0.364,1.237,1.699,0.189,0.000,0.000,0.000,0.000,0.000,0.000,0.000,0.000,0.000,0.000,0.000,0.000,0.000,0.000,0.000,0.000,0,0,1.972,3.439,1.600,0.000,17
Data-Oriented CPU ROAM,RelWithDebInfo,OpenGL,NVIDIA GeForce RTX 5090 D/PCIe/SSE2,4.3.0 NVIDIA 591.86,false,assets/heightmaps/Hm_Terrain_Test_129.pgm,129,129,80.000,12.000,20,4.000,2.000,200000,1.412,0.000,18.000,37.833,9.905,22080,50176,22078,40,20,28,24,0,0,0,0,8,488.841,9.868,9.588,0.171,3.522,0.041,0.394,0.211,1.872,0.071,0.370,1.243,1.693,0.172,0.000,0.000,0.000,0.000,0.000,0.000,0.000,0.000,0.000,0.000,0.000,0.000,0.000,0.000,0.000,0.000,0,0,2.154,3.563,1.613,0.000,17
Data-Oriented CPU ROAM,RelWithDebInfo,OpenGL,NVIDIA GeForce RTX 5090 D/PCIe/SSE2,4.3.0 NVIDIA 591.86,false,assets/heightmaps/Hm_Terrain_Test_129.pgm,129,129,80.000,12.000,20,4.000,2.000,200000,1.422,0.000,18.000,37.803,10.191,22066,50268,22064,46,23,60,34,0,0,0,0,8,160.983,9.997,9.705,0.172,3.405,0.075,0.387,0.208,1.646,0.063,0.363,1.641,1.743,0.181,0.000,0.000,0.000,0.000,0.000,0.000,0.000,0.000,0.000,0.000,0.000,0.000,0.000,0.000,0.000,0.000,0,0,1.918,3.480,2.005,0.000,17
Data-Oriented CPU ROAM,RelWithDebInfo,OpenGL,NVIDIA GeForce RTX 5090 D/PCIe/SSE2,4.3.0 NVIDIA 591.86,false,assets/heightmaps/Hm_Terrain_Test_129.pgm,129,129,80.000,12.000,20,4.000,2.000,200000,1.432,0.000,18.000,37.773,10.337,22071,50366,22069,49,24,44,28,0,0,0,0,8,0.000,10.264,9.975,0.178,3.690,0.054,0.412,0.211,2.057,0.069,0.369,1.223,1.713,0.175,0.000,0.000,0.000,0.000,0.000,0.000,0.000,0.000,0.000,0.000,0.000,0.000,0.000,0.000,0.000,0.000,0,0,2.337,3.744,1.592,0.000,17
Data-Oriented CPU ROAM,RelWithDebInfo,OpenGL,NVIDIA GeForce RTX 5090 D/PCIe/SSE2,4.3.0 NVIDIA 591.86,false,assets/heightmaps/Hm_Terrain_Test_129.pgm,129,129,80.000,12.000,20,4.000,2.000,200000,1.443,0.000,18.000,37.742,10.586,22093,50438,22091,36,18,14,18,0,0,0,0,8,304.394,10.557,10.265,0.181,3.429,0.026,0.385,0.228,1.936,0.073,0.615,1.591,1.799,0.187,0.000,0.000,0.000,0.000,0.000,0.000,0.000,0.000,0.000,0.000,0.000,0.000,0.000,0.000,0.000,0.000,0,0,2.238,3.455,2.207,0.000,17
Data-Oriented CPU ROAM,RelWithDebInfo,OpenGL,NVIDIA GeForce RTX 5090 D/PCIe/SSE2,4.3.0 NVIDIA 591.86,false,assets/heightmaps/Hm_Terrain_Test_129.pgm,129,129,80.000,12.000,20,4.000,2.000,200000,1.454,0.000,18.000,37.709,10.915,22086,50520,22084,43,22,50,24,0,0,0,0,8,484.131,9.968,9.681,0.181,3.502,0.064,0.404,0.270,1.935,0.056,0.363,1.214,1.691,0.175,0.000,0.000,0.000,0.000,0.000,0.000,0.000,0.000,0.000,0.000,0.000,0.000,0.000,0.000,0.000,0.000,0,0,2.261,3.566,1.577,0.000,17
Data-Oriented CPU ROAM,RelWithDebInfo,OpenGL,NVIDIA GeForce RTX 5090 D/PCIe/SSE2,4.3.0 NVIDIA 591.86,false,assets/heightmaps/Hm_Terrain_Test_129.pgm,129,129,80.000,12.000,20,4.000,2.000,200000,1.464,0.000,18.000,37.679,10.267,22085,50580,22083,30,15,31,16,0,0,0,0,8,0.000,10.432,10.155,0.172,3.434,0.043,0.747,0.208,2.155,0.046,0.369,1.234,1.747,0.172,0.000,0.000,0.000,0.000,0.000,0.000,0.000,0.000,0.000,0.000,0.000,0.000,0.000,0.000,0.000,0.000,0,0,2.409,3.476,1.603,0.000,17
Data-Oriented CPU ROAM,RelWithDebInfo,OpenGL,NVIDIA GeForce RTX 5090 D/PCIe/SSE2,4.3.0 NVIDIA 591.86,false,assets/heightmaps/Hm_Terrain_Test_129.pgm,129,129,80.000,12.000,20,4.000,2.000,200000,1.475,0.000,18.000,37.646,10.763,22069,50648,22067,34,17,50,30,0,0,0,0,8,660.823,9.753,9.457,0.173,3.408,0.061,0.390,0.207,1.779,0.057,0.378,1.247,1.756,0.183,0.000,0.000,0.000,0.000,0.000,0.000,0.000,0.000,0.000,0.000,0.000,0.000,0.000,0.000,0.000,0.000,0,0,2.043,3.469,1.626,0.000,17
Data-Oriented CPU ROAM,RelWithDebInfo,OpenGL,NVIDIA GeForce RTX 5090 D/PCIe/SSE2,4.3.0 NVIDIA 591.86,false,assets/heightmaps/Hm_Terrain_Test_129.pgm,129,129,80.000,12.000,20,4.000,2.000,200000,1.485,0.000,18.000,37.616,10.096,22004,50700,22002,26,13,91,29,0,0,0,0,8,1236.877,10.396,10.105,0.188,3.484,0.098,0.388,0.399,1.963,0.062,0.462,1.245,1.816,0.187,0.000,0.000,0.000,0.000,0.000,0.000,0.000,0.000,0.000,0.000,0.000,0.000,0.000,0.000,0.000,0.000,0,0,2.424,3.582,1.707,0.000,17
Data-Oriented CPU ROAM,RelWithDebInfo,OpenGL,NVIDIA GeForce RTX 5090 D/PCIe/SSE2,4.3.0 NVIDIA 591.86,false,assets/heightmaps/Hm_Terrain_Test_129.pgm,129,129,80.000,12.000,20,4.000,2.000,200000,1.496,0.000,18.000,37.583,10.735,22010,50792,22008,46,23,40,28,0,0,0,0,8,0.000,9.851,9.560,0.191,3.580,0.051,0.381,0.210,1.729,0.065,0.401,1.212,1.739,0.182,0.000,0.000,0.000,0.000,0.000,0.000,0.000,0.000,0.000,0.000,0.000,0.000,0.000,0.000,0.000,0.000,0,0,2.005,3.631,1.613,0.000,17
Data-Oriented CPU ROAM,RelWithDebInfo,OpenGL,NVIDIA GeForce RTX 5090 D/PCIe/SSE2,4.3.0 NVIDIA 591.86,false,assets/heightmaps/Hm_Terrain_Test_129.pgm,129,129,80.000,12.000,20,4.000,2.000,200000,1.506,0.000,18.000,37.552,10.189,22024,50900,22022,54,27,40,29,0,0,0,0,8,684.152,9.437,9.134,0.197,3.161,0.054,0.384,0.209,1.627,0.074,0.367,1.280,1.780,0.193,0.000,0.000,0.000,0.000,0.000,0.000,0.000,0.000,0.000,0.000,0.000,0.000,0.000,0.000,0.000,0.000,0,0,1.911,3.214,1.647,0.000,17
Data-Oriented CPU ROAM,RelWithDebInfo,OpenGL,NVIDIA GeForce RTX 5090 D/PCIe/SSE2,4.3.0 NVIDIA 591.86,false,assets/heightmaps/Hm_Terrain_Test_129.pgm,129,129,80.000,12.000,20,4.000,2.000,200000,1.516,0.000,18.000,37.521,10.178,22030,50992,22028,46,23,40,32,0,0,0,0,8,169.748,9.483,9.203,0.190,3.168,0.059,0.401,0.209,1.787,0.063,0.363,1.232,1.729,0.174,0.000,0.000,0.000,0.000,0.000,0.000,0.000,0.000,0.000,0.000,0.000,0.000,0.000,0.000,0.000,0.000,0,0,2.059,3.228,1.595,0.000,17
Data-Oriented CPU ROAM,RelWithDebInfo,OpenGL,NVIDIA GeForce RTX 5090 D/PCIe/SSE2,4.3.0 NVIDIA 591.86,false,assets/heightmaps/Hm_Terrain_Test_129.pgm,129,129,80.000,12.000,20,4.000,2.000,200000,1.526,0.000,18.000,37.490,9.816,22014,51048,22012,28,14,44,20,0,0,0,0,8,0.000,10.059,9.757,0.176,3.301,0.054,0.388,0.206,1.727,0.044,0.362,1.607,1.892,0.189,0.000,0.000,0.000,0.000,0.000,0.000,0.000,0.000,0.000,0.000,0.000,0.000,0.000,0.000,0.000,0.000,0,0,1.977,3.355,1.969,0.000,17
Data-Oriented CPU ROAM,RelWithDebInfo,OpenGL,NVIDIA GeForce RTX 5090 D/PCIe/SSE2,4.3.0 NVIDIA 591.86,false,assets/heightmaps/Hm_Terrain_Test_129.pgm,129,129,80.000,12.000,20,4.000,2.000,200000,1.537,0.000,18.000,37.456,10.815,22016,51172,22014,62,31,60,36,0,0,0,0,8,305.331,10.518,10.233,0.187,4.012,0.080,0.412,0.206,1.904,0.081,0.363,1.263,1.724,0.179,0.000,0.000,0.000,0.000,0.000,0.000,0.000,0.000,0.000,0.000,0.000,0.000,0.000,0.000,0.000,0.000,0,0,2.191,4.092,1.626,0.000,17
Data-Oriented CPU ROAM,RelWithDebInfo,OpenGL,NVIDIA GeForce RTX 5090 D/PCIe/SSE2,4.3.0 NVIDIA 591.86,false,assets/heightmaps/Hm_Terrain_Test_129.pgm,129,129,80.000,12.000,20,4.000,2.000,200000,1.548,0.000,18.000,37.422,10.858,22018,51288,22016,58,29,56,35,0,0,0,0,8,787.749,10.221,9.916,0.184,3.512,0.071,0.385,0.207,2.022,0.093,0.369,1.238,1.833,0.187,0.000,0.000,0.000,0.000,0.000,0.000,0.000,0.000,0.000,0.000,0.000,0.000,0.000,0.000,0.000,0.000,0,0,2.323,3.583,1.607,0.000,17
Data-Oriented CPU ROAM,RelWithDebInfo,OpenGL,NVIDIA GeForce RTX 5090 D/PCIe/SSE2,4.3.0 NVIDIA 591.86,false,assets/heightmaps/Hm_Terrain_Test_129.pgm,129,129,80.000,12.000,20,4.000,2.000,200000,1.558,0.000,18.000,37.389,10.572,22028,51388,22026,50,25,40,26,0,0,0,0,8,0.000,10.466,10.183,0.188,3.841,0.054,0.409,0.211,2.078,0.070,0.369,1.225,1.738,0.177,0.000,0.000,0.000,0.000,0.000,0.000,0.000,0.000,0.000,0.000,0.000,0.000,0.000,0.000,0.000,0.000,0,0,2.359,3.895,1.594,0.000,17
Data-Oriented CPU ROAM,RelWithDebInfo,OpenGL,NVIDIA GeForce RTX 5090 D/PCIe/SSE2,4.3.0 NVIDIA 591.86,false,assets/heightmaps/Hm_Terrain_Test_129.pgm,129,129,80.000,12.000,20,4.000,2.000,200000,1.569,0.000,18.000,37.355,10.810,22044,51496,22042,54,27,38,29,0,0,0,0,8,731.021,10.999,10.686,0.186,3.128,0.054,0.384,0.205,2.115,0.100,0.648,2.029,1.838,0.202,0.000,0.000,0.000,0.000,0.000,0.000,0.000,0.000,0.000,0.000,0.000,0.000,0.000,0.000,0.000,0.000,0,0,2.421,3.181,2.677,0.000,17
Data-Oriented CPU ROAM,RelWithDebInfo,OpenGL,NVIDIA GeForce RTX 5090 D/PCIe/SSE2,4.3.0 NVIDIA 591.86,false,assets/heightmaps/Hm_Terrain_Test_129.pgm,129,129,80.000,12.000,20,4.000,2.000,200000,1.580,0.000,18.000,37.319,11.370,22040,51584,22038,44,22,48,26,0,0,0,0,8,595.925,10.798,10.486,0.192,3.828,0.062,0.396,0.212,1.837,0.066,0.371,1.447,2.076,0.208,0.000,0.000,0.000,0.000,0.000,0.000,0.000,0.000,0.000,0.000,0.000,0.000,0.000,0.000,0.000,0.000,0,0,2.114,3.890,1.818,0.000,17
Data-Oriented CPU ROAM,RelWithDebInfo,OpenGL,NVIDIA GeForce RTX 5090 D/PCIe/SSE2,4.3.0 NVIDIA 591.86,false,assets/heightmaps/Hm_Terrain_Test_129.pgm,129,129,80.000,12.000,20,4.000,2.000,200000,1.592,0.000,18.000,37.283,11.201,22048,51704,22046,66,36,58,36,0,0,0,0,8,0.000,10.128,9.857,0.181,3.233,0.074,0.395,0.315,2.260,0.086,0.368,1.276,1.669,0.173,0.000,0.000,0.000,0.000,0.000,0.000,0.000,0.000,0.000,0.000,0.000,0.000,0.000,0.000,0.000,0.000,0,0,2.661,3.308,1.644,0.000,17
Data-Oriented CPU ROAM,RelWithDebInfo,OpenGL,NVIDIA GeForce RTX 5090 D/PCIe/SSE2,4.3.0 NVIDIA 591.86,false,assets/heightmaps/Hm_Terrain_Test_129.pgm,129,129,80.000,12.000,20,4.000,2.000,200000,1.602,0.000,18.000,37.249,10.490,22028,51780,22026,38,19,58,34,0,0,0,0,8,0.000,10.220,9.938,0.173,3.388,0.072,0.379,0.232,1.973,0.083,0.536,1.239,1.864,0.174,0.000,0.000,0.000,0.000,0.000,0.000,0.000,0.000,0.000,0.000,0.000,0.000,0.000,0.000,0.000,0.000,0,0,2.287,3.460,1.775,0.000,17
Data-Oriented CPU ROAM,RelWithDebInfo,OpenGL,NVIDIA GeForce RTX 5090 D/PCIe/SSE2,4.3.0 NVIDIA 591.86,false,assets/heightmaps/Hm_Terrain_Test_129.pgm,129,129,80.000,12.000,20,4.000,2.000,200000,1.613,0.000,18.000,37.215,10.593,22040,51880,22038,50,25,38,26,0,0,0,0,8,165.035,9.741,9.466,0.182,3.174,0.048,0.390,0.213,2.009,0.072,0.370,1.229,1.779,0.172,0.000,0.000,0.000,0.000,0.000,0.000,0.000,0.000,0.000,0.000,0.000,0.000,0.000,0.000,0.000,0.000,0,0,2.294,3.222,1.599,0.000,17
Data-Oriented CPU ROAM,RelWithDebInfo,OpenGL,NVIDIA GeForce RTX 5090 D/PCIe/SSE2,4.3.0 NVIDIA 591.86,false,assets/heightmaps/Hm_Terrain_Test_129.pgm,129,129,80.000,12.000,20,4.000,2.000,200000,1.623,0.000,18.000,37.182,10.081,22018,51940,22016,30,15,52,24,0,0,0,0,8,0.000,9.752,9.468,0.176,3.182,0.061,0.386,0.211,2.098,0.047,0.368,1.238,1.702,0.169,0.000,0.000,0.000,0.000,0.000,0.000,0.000,0.000,0.000,0.000,0.000,0.000,0.000,0.000,0.000,0.000,0,0,2.356,3.242,1.606,0.000,17
Data-Oriented CPU ROAM,RelWithDebInfo,OpenGL,NVIDIA GeForce RTX 5090 D/PCIe/SSE2,4.3.0 NVIDIA 591.86,false,assets/heightmaps/Hm_Terrain_Test_129.pgm,129,129,80.000,12.000,20,4.000,2.000,200000,1.633,0.000,18.000,37.149,10.093,21990,52008,21988,34,17,62,32,0,0,0,0,8,0.000,10.239,9.941,0.177,3.526,0.071,0.390,0.218,2.017,0.053,0.370,1.255,1.862,0.187,0.000,0.000,0.000,0.000,0.000,0.000,0.000,0.000,0.000,0.000,0.000,0.000,0.000,0.000,0.000,0.000,0,0,2.289,3.597,1.625,0.000,17
Data-Oriented CPU ROAM,RelWithDebInfo,OpenGL,NVIDIA GeForce RTX 5090 D/PCIe/SSE2,4.3.0 NVIDIA 591.86,false,assets/heightmaps/Hm_Terrain_Test_129.pgm,129,129,80.000,12.000,20,4.000,2.000,200000,1.643,0.000,18.000,37.114,10.591,22030,52124,22028,60,31,20,33,0,0,0,0,8,140.992,11.378,11.081,0.190,3.773,0.034,0.388,0.210,2.153,0.116,0.574,1.812,1.831,0.195,0.000,0.000,0.000,0.000,0.000,0.000,0.000,0.000,0.000,0.000,0.000,0.000,0.000,0.000,0.000,0.000,0,0,2.479,3.807,2.386,0.000,17
Data-Oriented CPU ROAM,RelWithDebInfo,OpenGL,NVIDIA GeForce RTX 5090 D/PCIe/SSE2,4.3.0 NVIDIA 591.86,false,assets/heightmaps/Hm_Terrain_Test_129.pgm,129,129,80.000,12.000,20,4.000,2.000,200000,1.655,0.000,18.000,37.075,11.722,22022,52220,22020,48,24,56,28,0,0,0,0,8,0.000,9.792,9.509,0.193,3.367,0.063,0.395,0.207,1.865,0.072,0.363,1.302,1.680,0.173,0.000,0.000,0.000,0.000,0.000,0.000,0.000,0.000,0.000,0.000,0.000,0.000,0.000,0.000,0.000,0.000,0,0,2.144,3.430,1.666,0.000,17
Data-Oriented CPU ROAM,RelWithDebInfo,OpenGL,NVIDIA GeForce RTX 5090 D/PCIe/SSE2,4.3.0 NVIDIA 591.86,false,assets/heightmaps/Hm_Terrain_Test_129.pgm,129,129,80.000,12.000,20,4.000,2.000,200000,1.665,0.000,18.000,37.042,10.104,22032,52336,22030,58,29,48,30,0,0,0,0,8,0.000,10.307,10.015,0.178,3.865,0.057,0.377,0.212,1.786,0.079,0.371,1.303,1.787,0.184,0.000,0.000,0.000,0.000,0.000,0.000,0.000,0.000,0.000,0.000,0.000,0.000,0.000,0.000,0.000,0.000,0,0,2.077,3.922,1.673,0.000,17
Data-Oriented CPU ROAM,RelWithDebInfo,OpenGL,NVIDIA GeForce RTX 5090 D/PCIe/SSE2,4.3.0 NVIDIA 591.86,false,assets/heightmaps/Hm_Terrain_Test_129.pgm,129,129,80.000,12.000,20,4.000,2.000,200000,1.676,0.000,18.000,37.006,10.654,22036,52424,22034,44,22,40,24,0,0,0,0,8,161.144,9.979,9.695,0.178,3.514,0.051,0.411,0.249,1.909,0.058,0.371,1.277,1.675,0.173,0.000,0.000,0.000,0.000,0.000,0.000,0.000,0.000,0.000,0.000,0.000,0.000,0.000,0.000,0.000,0.000,0,0,2.217,3.566,1.648,0.000,17
Data-Oriented CPU ROAM,RelWithDebInfo,OpenGL,NVIDIA GeForce RTX 5090 D/PCIe/SSE2,4.3.0 NVIDIA 591.86,false,assets/heightmaps/Hm_Terrain_Test_129.pgm,129,129,80.000,12.000,20,4.000,2.000,200000,1.686,0.000,18.000,36.972,10.319,22014,52488,22012,32,16,54,32,0,0,0,0,8,1251.364,10.275,9.988,0.177,3.533,0.067,0.379,0.209,2.206,0.047,0.362,1.265,1.741,0.188,0.000,0.000,0.000,0.000,0.000,0.000,0.000,0.000,0.000,0.000,0.000,0.000,0.000,0.000,0.000,0.000,0,0,2.462,3.600,1.627,0.000,17
Data-Oriented CPU ROAM,RelWithDebInfo,OpenGL,NVIDIA GeForce RTX 5090 D/PCIe/SSE2,4.3.0 NVIDIA 591.86,false,assets/heightmaps/Hm_Terrain_Test_129.pgm,129,129,80.000,12.000,20,4.000,2.000,200000,1.697,0.000,18.000,36.936,10.607,22008,52600,22006,56,28,62,30,0,0,0,0,8,0.000,9.896,9.615,0.177,3.538,0.070,0.456,0.206,1.801,0.073,0.362,1.255,1.676,0.172,0.000,0.000,0.000,0.000,0.000,0.000,0.000,0.000,0.000,0.000,0.000,0.000,0.000,0.000,0.000,0.000,0,0,2.080,3.608,1.617,0.000,17
Data-Oriented CPU ROAM,RelWithDebInfo,OpenGL,NVIDIA GeForce RTX 5090 D/PCIe/SSE2,4.3.0 NVIDIA 591.86,false,assets/heightmaps/Hm_Terrain_Test_129.pgm,129,129,80.000,12.000,20,4.000,2.000,200000,1.707,0.000,18.000,36.901,10.205,21968,52668,21966,34,17,74,28,0,0,0,0,8,153.528,10.460,10.176,0.175,3.481,0.073,0.387,0.395,2.240,0.051,0.370,1.288,1.715,0.174,0.000,0.000,0.000,0.000,0.000,0.000,0.000,0.000,0.000,0.000,0.000,0.000,0.000,0.000,0.000,0.000,0,0,2.687,3.554,1.659,0.000,17
Data-Oriented CPU ROAM,RelWithDebInfo,OpenGL,NVIDIA GeForce RTX 5090 D/PCIe/SSE2,4.3.0 NVIDIA 591.86,false,assets/heightmaps/Hm_Terrain_Test_129.pgm,129,129,80.000,12.000,20,4.000,2.000,200000,1.718,0.000,18.000,36.865,10.787,21984,52820,21982,76,38,60,40,0,0,0,0,8,1164.036,11.021,10.737,0.175,3.555,0.067,0.384,0.382,2.097,0.101,0.366,1.801,1.809,0.177,0.000,0.000,0.000,0.000,0.000,0.000,0.000,0.000,0.000,0.000,0.000,0.000,0.000,0.000,0.000,0.000,0,0,2.581,3.622,2.166,0.000,17
Data-Oriented CPU ROAM,RelWithDebInfo,OpenGL,NVIDIA GeForce RTX 5090 D/PCIe/SSE2,4.3.0 NVIDIA 591.86,false,assets/heightmaps/Hm_Terrain_Test_129.pgm,129,129,80.000,12.000,20,4.000,2.000,200000,1.729,0.000,18.000,36.826,11.330,21994,52920,21992,50,25,40,26,0,0,0,0,8,0.000,10.147,9.867,0.195,3.137,0.053,0.386,0.421,2.123,0.075,0.369,1.247,1.861,0.177,0.000,0.000,0.000,0.000,0.000,0.000,0.000,0.000,0.000,0.000,0.000,0.000,0.000,0.000,0.000,0.000,0,0,2.619,3.190,1.616,0.000,17
Data-Oriented CPU ROAM,RelWithDebInfo,OpenGL,NVIDIA GeForce RTX 5090 D/PCIe/SSE2,4.3.0 NVIDIA 591.86,false,assets/heightmaps/Hm_Terrain_Test_129.pgm,129,129,80.000,12.000,20,4.000,2.000,200000,1.740,0.000,18.000,36.790,10.462,21992,53004,21990,42,21,44,24,0,0,0,0,8,152.842,10.500,10.222,0.193,3.640,0.055,0.389,0.207,2.004,0.082,0.654,1.236,1.763,0.178,0.000,0.000,0.000,0.000,0.000,0.000,0.000,0.000,0.000,0.000,0.000,0.000,0.000,0.000,0.000,0.000,0,0,2.293,3.695,1.890,0.000,17
Data-Oriented CPU ROAM,RelWithDebInfo,OpenGL,NVIDIA GeForce RTX 5090 D/PCIe/SSE2,4.3.0 NVIDIA 591.86,false,assets/heightmaps/Hm_Terrain_Test_129.pgm,129,129,80.000,12.000,20,4.000,2.000,200000,1.750,0.000,18.000,36.752,10.805,21994,53112,21992,54,27,52,30,0,0,0,0,8,461.423,10.445,10.157,0.185,3.683,0.064,0.380,0.209,2.125,0.074,0.369,1.259,1.809,0.176,0.000,0.000,0.000,0.000,0.000,0.000,0.000,0.000,0.000,0.000,0.000,0.000,0.000,0.000,0.000,0.000,0,0,2.408,3.747,1.628,0.000,17
Data-Oriented CPU ROAM,RelWithDebInfo,OpenGL,NVIDIA GeForce RTX 5090 D/PCIe/SSE2,4.3.0 NVIDIA 591.86,false,assets/heightmaps/Hm_Terrain_Test_129.pgm,129,129,80.000,12.000,20,4.000,2.000,200000,1.761,0.000,18.000,36.715,10.758,21988,53168,21986,30,16,36,28,0,0,0,0,8,0.000,9.864,9.585,0.171,3.399,0.051,0.389,0.348,1.887,0.042,0.367,1.225,1.706,0.179,0.000,0.000,0.000,0.000,0.000,0.000,0.000,0.000,0.000,0.000,0.000,0.000,0.000,0.000,0.000,0.000,0,0,2.277,3.450,1.592,0.000,17
Data-Oriented CPU ROAM,RelWithDebInfo,OpenGL,NVIDIA GeForce RTX 5090 D/PCIe/SSE2,4.3.0 NVIDIA 591.86,false,assets/heightmaps/Hm_Terrain_Test_129.pgm,129,129,80.000,12.000,20,4.000,2.000,200000,1.771,0.000,18.000,36.679,10.210,21984,53268,21982,50,25,54,29,0,0,0,0,8,317.175,10.131,9.851,0.184,3.563,0.065,0.387,0.212,2.011,0.087,0.369,1.253,1.719,0.172,0.000,0.000,0.000,0.000,0.000,0.000,0.000,0.000,0.000,0.000,0.000,0.000,0.000,0.000,0.000,0.000,0,0,2.310,3.628,1.623,0.000,17
Data-Oriented CPU ROAM,RelWithDebInfo,OpenGL,NVIDIA GeForce RTX 5090 D/PCIe/SSE2,4.3.0 NVIDIA 591.86,false,assets/heightmaps/Hm_Terrain_Test_129.pgm,129,129,80.000,12.000,20,4.000,2.000,200000,1.782,0.000,18.000,36.643,10.450,21982,53320,21980,26,13,28,18,0,0,0,0,8,172.359,9.358,9.064,0.178,3.547,0.042,0.385,0.209,1.368,0.038,0.391,1.257,1.649,0.186,0.000,0.000,0.000,0.000,0.000,0.000,0.000,0.000,0.000,0.000,0.000,0.000,0.000,0.000,0.000,0.000,0,0,1.615,3.589,1.648,0.000,17
Data-Oriented CPU ROAM,RelWithDebInfo,OpenGL,NVIDIA GeForce RTX 5090 D/PCIe/SSE2,4.3.0 NVIDIA 591.86,false,assets/heightmaps/Hm_Terrain_Test_129.pgm,129,129,80.000,12.000,20,4.000,2.000,200000,1.791,0.000,18.000,36.609,9.687,22016,53468,22014,74,37,40,44,0,0,0,0,8,0.000,9.017,8.727,0.194,3.136,0.053,0.373,0.206,1.044,0.095,0.370,1.630,1.625,0.184,0.000,0.000,0.000,0.000,0.000,0.000,0.000,0.000,0.000,0.000,0.000,0.000,0.000,0.000,0.000,0.000,0,0,1.345,3.189,2.001,0.000,17
Data-Oriented CPU ROAM,RelWithDebInfo,OpenGL,NVIDIA GeForce RTX 5090 D/PCIe/SSE2,4.3.0 NVIDIA 591.86,false,assets/heightmaps/Hm_Terrain_Test_129.pgm,129,129,80.000,12.000,20,4.000,2.000,200000,1.801,0.000,18.000,36.576,9.328,22012,53556,22010,44,22,48,30,0,0,0,0,8,169.811,9.496,9.200,0.178,3.483,0.063,0.387,0.209,1.510,0.057,0.367,1.232,1.715,0.190,0.000,0.000,0.000,0.000,0.000,0.000,0.000,0.000,0.000,0.000,0.000,0.000,0.000,0.000,0.000,0.000,0,0,1.775,3.546,1.599,0.000,17
Data-Oriented CPU ROAM,RelWithDebInfo,OpenGL,NVIDIA GeForce RTX 5090 D/PCIe/SSE2,4.3.0 NVIDIA 591.86,false,assets/heightmaps/Hm_Terrain_Test_129.pgm,129,129,80.000,12.000,20,4.000,2.000,200000,1.811,0.000,18.000,36.541,9.839,21992,53632,21990,38,19,58,30,0,0,0,0,8,0.000,9.212,8.929,0.182,3.127,0.067,0.366,0.210,1.646,0.050,0.371,1.264,1.645,0.181,0.000,0.000,0.000,0.000,0.000,0.000,0.000,0.000,0.000,0.000,0.000,0.000,0.000,0.000,0.000,0.000,0,0,1.906,3.194,1.636,0.000,17
Data-Oriented CPU ROAM,RelWithDebInfo,OpenGL,NVIDIA GeForce RTX 5090 D/PCIe/SSE2,4.3.0 NVIDIA 591.86,false,assets/heightmaps/Hm_Terrain_Test_129.pgm,129,129,80.000,12.000,20,4.000,2.000,200000,1.820,0.000,18.000,36.507,9.534,21995,53730,21993,49,24,46,27,0,0,0,0,8,0.000,9.842,9.551,0.181,3.107,0.053,0.372,0.325,1.658,0.070,0.369,1.684,1.732,0.188,0.000,0.000,0.000,0.000,0.000,0.000,0.000,0.000,0.000,0.000,0.000,0.000,0.000,0.000,0.000,0.000,0,0,2.053,3.160,2.053,0.000,17
Data-Oriented CPU ROAM,RelWithDebInfo,OpenGL,NVIDIA GeForce RTX 5090 D/PCIe/SSE2,4.3.0 NVIDIA 591.86,false,assets/heightmaps/Hm_Terrain_Test_129.pgm,129,129,80.000,12.000,20,4.000,2.000,200000,1.830,0.000,18.000,36.470,10.158,21985,53850,21983,60,30,70,33,0,0,0,0,8,668.850,9.634,9.343,0.172,3.803,0.080,0.386,0.208,1.415,0.079,0.368,1.214,1.618,0.189,0.000,0.000,0.000,0.000,0.000,0.000,0.000,0.000,0.000,0.000,0.000,0.000,0.000,0.000,0.000,0.000,0,0,1.702,3.883,1.582,0.000,17
Data-Oriented CPU ROAM,RelWithDebInfo,OpenGL,NVIDIA GeForce RTX 5090 D/PCIe/SSE2,4.3.0 NVIDIA 591.86,false,assets/heightmaps/Hm_Terrain_Test_129.pgm,129,129,80.000,12.000,20,4.000,2.000,200000,1.840,0.000,18.000,36.435,9.950,21983,53936,21981,43,21,45,27,0,0,0,0,8,0.000,9.455,9.175,0.188,3.111,0.054,0.372,0.205,1.347,0.054,0.368,1.798,1.679,0.177,0.000,0.000,0.000,0.000,0.000,0.000,0.000,0.000,0.000,0.000,0.000,0.000,0.000,0.000,0.000,0.000,0,0,1.606,3.165,2.166,0.000,17
Data-Oriented CPU ROAM,RelWithDebInfo,OpenGL,NVIDIA GeForce RTX 5090 D/PCIe/SSE2,4.3.0 NVIDIA 591.86,false,assets/heightmaps/Hm_Terrain_Test_129.pgm,129,129,80.000,12.000,20,4.000,2.000,200000,1.850,0.000,18.000,36.399,9.751,21989,54048,21987,56,28,50,30,0,0,0,0,8,784.230,10.270,9.961,0.178,3.390,0.057,0.397,0.210,2.062,0.080,0.370,1.243,1.973,0.198,0.000,0.000,0.000,0.000,0.000,0.000,0.000,0.000,0.000,0.000,0.000,0.000,0.000,0.000,0.000,0.000,0,0,2.352,3.447,1.612,0.000,17
Data-Oriented CPU ROAM,RelWithDebInfo,OpenGL,NVIDIA GeForce RTX 5090 D/PCIe/SSE2,4.3.0 NVIDIA 591.86,false,assets/heightmaps/Hm_Terrain_Test_129.pgm,129,129,80.000,12.000,20,4.000,2.000,200000,1.861,0.000,18.000,36.361,10.614,21965,54148,21963,50,25,74,27,0,0,0,0,8,1357.899,9.493,9.204,0.197,3.266,0.094,0.382,0.203,1.556,0.060,0.369,1.431,1.647,0.176,0.000,0.000,0.000,0.000,0.000,0.000,0.000,0.000,0.000,0.000,0.000,0.000,0.000,0.000,0.000,0.000,0,0,1.819,3.360,1.800,0.000,17
Data-Oriented CPU ROAM,RelWithDebInfo,OpenGL,NVIDIA GeForce RTX 5090 D/PCIe/SSE2,4.3.0 NVIDIA 591.86,false,assets/heightmaps/Hm_Terrain_Test_129.pgm,129,129,80.000,12.000,20,4.000,2.000,200000,1.870,0.000,18.000,36.325,9.826,21966,54268,21964,60,30,59,31,0,0,0,0,8,0.000,10.134,9.837,0.178,3.653,0.067,0.384,0.219,1.796,0.087,0.368,1.318,1.768,0.194,0.000,0.000,0.000,0.000,0.000,0.000,0.000,0.000,0.000,0.000,0.000,0.000,0.000,0.000,0.000,0.000,0,0,2.102,3.720,1.686,0.000,17
Data-Oriented CPU ROAM,RelWithDebInfo,OpenGL,NVIDIA GeForce RTX 5090 D/PCIe/SSE2,4.3.0 NVIDIA 591.86,false,assets/heightmaps/Hm_Terrain_Test_129.pgm,129,129,80.000,12.000,20,4.000,2.000,200000,1.881,0.000,18.000,36.287,10.465,21958,54344,21956,38,19,46,26,0,0,0,0,8,483.596,9.989,9.692,0.187,3.260,0.058,0.370,0.207,1.487,0.054,0.367,1.948,1.754,0.186,0.000,0.000,0.000,0.000,0.000,0.000,0.000,0.000,0.000,0.000,0.000,0.000,0.000,0.000,0.000,0.000,0,0,1.748,3.318,2.314,0.000,17
Data-Oriented CPU ROAM,RelWithDebInfo,OpenGL,NVIDIA GeForce RTX 5090 D/PCIe/SSE2,4.3.0 NVIDIA 591.86,false,assets/heightmaps/Hm_Terrain_Test_129.pgm,129,129,80.000,12.000,20,4.000,2.000,200000,1.891,0.000,18.000,36.249,10.343,21930,54408,21928,32,16,60,32,0,0,0,0,8,167.598,9.642,9.322,0.182,3.678,0.072,0.403,0.203,1.543,0.047,0.365,1.257,1.571,0.223,0.000,0.000,0.000,0.000,0.000,0.000,0.000,0.000,0.000,0.000,0.000,0.000,0.000,0.000,0.000,0.000,0,0,1.793,3.750,1.622,0.000,17
Data-Oriented CPU ROAM,RelWithDebInfo,OpenGL,NVIDIA GeForce RTX 5090 D/PCIe/SSE2,4.3.0 NVIDIA 591.86,false,assets/heightmaps/Hm_Terrain_Test_129.pgm,129,129,80.000,12.000,20,4.000,2.000,200000,1.901,0.000,18.000,36.212,9.936,21940,54520,21938,56,28,46,30,0,0,0,0,8,0.000,10.635,10.341,0.187,3.683,0.062,0.365,0.208,1.876,0.073,0.403,1.753,1.730,0.186,0.000,0.000,0.000,0.000,0.000,0.000,0.000,0.000,0.000,0.000,0.000,0.000,0.000,0.000,0.000,0.000,0,0,2.157,3.746,2.157,0.000,17
Data-Oriented CPU ROAM,RelWithDebInfo,OpenGL,NVIDIA GeForce RTX 5090 D/PCIe/SSE2,4.3.0 NVIDIA 591.86,false,assets/heightmaps/Hm_Terrain_Test_129.pgm,129,129,80.000,12.000,20,4.000,2.000,200000,1.912,0.000,18.000,36.172,10.957,21889,54648,21887,64,32,115,38,0,0,0,0,8,448.629,10.734,10.447,0.178,3.813,0.113,0.390,0.254,1.819,0.091,0.365,1.646,1.778,0.180,0.000,0.000,0.000,0.000,0.000,0.000,0.000,0.000,0.000,0.000,0.000,0.000,0.000,0.000,0.000,0.000,0,0,2.164,3.926,2.011,0.000,17
Data-Oriented CPU ROAM,RelWithDebInfo,OpenGL,NVIDIA GeForce RTX 5090 D/PCIe/SSE2,4.3.0 NVIDIA 591.86,false,assets/heightmaps/Hm_Terrain_Test_129.pgm,129,129,80.000,12.000,20,4.000,2.000,200000,1.923,0.000,18.000,36.130,11.101,21890,54752,21888,60,34,59,34,0,0,0,0,8,169.667,9.504,9.208,0.205,3.124,0.071,0.383,0.204,1.651,0.073,0.363,1.451,1.682,0.181,0.000,0.000,0.000,0.000,0.000,0.000,0.000,0.000,0.000,0.000,0.000,0.000,0.000,0.000,0.000,0.000,0,0,1.928,3.195,1.815,0.000,17
Data-Oriented CPU ROAM,RelWithDebInfo,OpenGL,NVIDIA GeForce RTX 5090 D/PCIe/SSE2,4.3.0 NVIDIA 591.86,false,assets/heightmaps/Hm_Terrain_Test_129.pgm,129,129,80.000,12.000,20,4.000,2.000,200000,1.933,0.000,18.000,36.094,9.804,21856,54836,21854,42,21,76,25,0,0,0,0,8,0.000,9.857,9.575,0.194,3.292,0.084,0.437,0.208,2.026,0.060,0.363,1.200,1.713,0.174,0.000,0.000,0.000,0.000,0.000,0.000,0.000,0.000,0.000,0.000,0.000,0.000,0.000,0.000,0.000,0.000,0,0,2.294,3.376,1.562,0.000,17
Data-Oriented CPU ROAM,RelWithDebInfo,OpenGL,NVIDIA GeForce RTX 5090 D/PCIe/SSE2,4.3.0 NVIDIA 591.86,false,assets/heightmaps/Hm_Terrain_Test_129.pgm,129,129,80.000,12.000,20,4.000,2.000,200000,1.943,0.000,18.000,36.056,10.170,21861,54952,21859,58,29,53,33,0,0,0,0,8,330.206,9.767,9.462,0.176,3.127,0.064,0.378,0.208,1.886,0.078,0.365,1.393,1.788,0.202,0.000,0.000,0.000,0.000,0.000,0.000,0.000,0.000,0.000,0.000,0.000,0.000,0.000,0.000,0.000,0.000,0,0,2.171,3.191,1.759,0.000,17
Data-Oriented CPU ROAM,RelWithDebInfo,OpenGL,NVIDIA GeForce RTX 5090 D/PCIe/SSE2,4.3.0 NVIDIA 591.86,false,assets/heightmaps/Hm_Terrain_Test_129.pgm,129,129,80.000,12.000,20,4.000,2.000,200000,1.953,0.000,18.000,36.017,10.106,21889,55072,21887,60,30,32,36,0,0,0,0,8,162.238,9.908,9.630,0.200,3.665,0.045,0.399,0.206,1.808,0.080,0.365,1.205,1.656,0.169,0.000,0.000,0.000,0.000,0.000,0.000,0.000,0.000,0.000,0.000,0.000,0.000,0.000,0.000,0.000,0.000,0,0,2.094,3.710,1.571,0.000,17
Data-Oriented CPU ROAM,RelWithDebInfo,OpenGL,NVIDIA GeForce RTX 5090 D/PCIe/SSE2,4.3.0 NVIDIA 591.86,false,assets/heightmaps/Hm_Terrain_Test_129.pgm,129,129,80.000,12.000,20,4.000,2.000,200000,1.964,0.000,18.000,35.979,10.196,21913,55204,21911,66,33,42,43,0,0,0,0,8,0.000,10.515,10.227,0.170,3.637,0.054,0.418,0.208,1.897,0.085,0.401,1.654,1.703,0.185,0.000,0.000,0.000,0.000,0.000,0.000,0.000,0.000,0.000,0.000,0.000,0.000,0.000,0.000,0.000,0.000,0,0,2.190,3.691,2.055,0.000,17
Data-Oriented CPU ROAM,RelWithDebInfo,OpenGL,NVIDIA GeForce RTX 5090 D/PCIe/SSE2,4.3.0 NVIDIA 591.86,false,assets/heightmaps/Hm_Terrain_Test_129.pgm,129,129,80.000,12.000,20,4.000,2.000,200000,1.974,0.000,18.000,35.938,10.833,21905,55312,21903,54,27,62,29,0,0,0,0,8,451.995,10.664,10.370,0.176,3.679,0.069,0.400,0.212,2.209,0.088,0.430,1.235,1.873,0.182,0.000,0.000,0.000,0.000,0.000,0.000,0.000,0.000,0.000,0.000,0.000,0.000,0.000,0.000,0.000,0.000,0,0,2.508,3.748,1.665,0.000,17
Data-Oriented CPU ROAM,RelWithDebInfo,OpenGL,NVIDIA GeForce RTX 5090 D/PCIe/SSE2,4.3.0 NVIDIA 591.86,false,assets/heightmaps/Hm_Terrain_Test_129.pgm,129,129,80.000,12.000,20,4.000,2.000,200000,1.985,0.000,18.000,35.896,10.995,21879,55448,21877,68,34,94,39,0,0,0,0,8,1219.108,10.534,10.252,0.180,3.612,0.101,0.378,0.204,1.779,0.091,0.397,1.773,1.737,0.179,0.000,0.000,0.000,0.000,0.000,0.000,0.000,0.000,0.000,0.000,0.000,0.000,0.000,0.000,0.000,0.000,0,0,2.074,3.713,2.170,0.000,17
Data-Oriented CPU ROAM,RelWithDebInfo,OpenGL,NVIDIA GeForce RTX 5090 D/PCIe/SSE2,4.3.0 NVIDIA 591.86,false,assets/heightmaps/Hm_Terrain_Test_129.pgm,129,129,80.000,12.000,20,4.000,2.000,200000,1.996,0.000,18.000,35.854,10.874,21858,55576,21856,64,32,85,36,0,0,0,0,8,0.000,9.822,9.538,0.175,3.274,0.098,0.402,0.205,1.725,0.128,0.635,1.219,1.678,0.172,0.000,0.000,0.000,0.000,0.000,0.000,0.000,0.000,0.000,0.000,0.000,0.000,0.000,0.000,0.000,0.000,0,0,2.058,3.372,1.854,0.000,17
Data-Oriented CPU ROAM,RelWithDebInfo,OpenGL,NVIDIA GeForce RTX 5090 D/PCIe/SSE2,4.3.0 NVIDIA 591.86,false,assets/heightmaps/Hm_Terrain_Test_129.pgm,129,129,80.000,12.000,20,4.000,2.000,200000,2.006,0.000,18.000,35.815,10.119,21850,55700,21848,62,31,70,34,0,0,0,0,8,799.102,10.060,9.776,0.177,3.656,0.081,0.379,0.239,1.906,0.081,0.367,1.229,1.661,0.169,0.000,0.000,0.000,0.000,0.000,0.000,0.000,0.000,0.000,0.000,0.000,0.000,0.000,0.000,0.000,0.000,0,0,2.225,3.737,1.596,0.000,17
Data-Oriented CPU ROAM,RelWithDebInfo,OpenGL,NVIDIA GeForce RTX 5090 D/PCIe/SSE2,4.3.0 NVIDIA 591.86,false,assets/heightmaps/Hm_Terrain_Test_129.pgm,129,129,80.000,12.000,20,4.000,2.000,200000,2.017,0.000,18.000,35.775,10.373,21859,55804,21857,52,26,43,29,0,0,0,0,8,294.370,10.915,10.614,0.201,4.016,0.052,0.394,0.207,1.849,0.078,0.365,1.681,1.771,0.186,0.000,0.000,0.000,0.000,0.000,0.000,0.000,0.000,0.000,0.000,0.000,0.000,0.000,0.000,0.000,0.000,0,0,2.135,4.067,2.046,0.000,17
Data-Oriented CPU ROAM,RelWithDebInfo,OpenGL,NVIDIA GeForce RTX 5090 D/PCIe/SSE2,4.3.0 NVIDIA 591.86,false,assets/heightmaps/Hm_Terrain_Test_129.pgm,129,129,80.000,12.000,20,4.000,2.000,200000,2.028,0.000,18.000,35.732,11.245,21837,55932,21835,64,32,86,34,0,0,0,0,8,0.000,9.305,9.034,0.180,3.114,0.090,0.363,0.205,1.707,0.084,0.367,1.230,1.692,0.167,0.000,0.000,0.000,0.000,0.000,0.000,0.000,0.000,0.000,0.000,0.000,0.000,0.000,0.000,0.000,0.000,0,0,1.997,3.204,1.598,0.000,17
Data-Oriented CPU ROAM,RelWithDebInfo,OpenGL,NVIDIA GeForce RTX 5090 D/PCIe/SSE2,4.3.0 NVIDIA 591.86,false,assets/heightmaps/Hm_Terrain_Test_129.pgm,129,129,80.000,12.000,20,4.000,2.000,200000,2.038,0.000,18.000,35.694,9.618,21823,56040,21821,54,27,68,30,0,0,0,0,8,793.292,10.131,9.847,0.186,3.581,0.073,0.386,0.209,2.023,0.074,0.365,1.210,1.739,0.177,0.000,0.000,0.000,0.000,0.000,0.000,0.000,0.000,0.000,0.000,0.000,0.000,0.000,0.000,0.000,0.000,0,0,2.306,3.654,1.575,0.000,17
Data-Oriented CPU ROAM,RelWithDebInfo,OpenGL,NVIDIA GeForce RTX 5090 D/PCIe/SSE2,4.3.0 NVIDIA 591.86,false,assets/heightmaps/Hm_Terrain_Test_129.pgm,129,129,80.000,12.000,20,4.000,2.000,200000,2.048,0.000,18.000,35.654,10.446,21833,56176,21831,68,34,58,36,0,0,0,0,8,1104.073,10.189,9.905,0.180,3.229,0.064,0.390,0.203,2.002,0.091,0.366,1.535,1.846,0.181,0.000,0.000,0.000,0.000,0.000,0.000,0.000,0.000,0.000,0.000,0.000,0.000,0.000,0.000,0.000,0.000,0,0,2.296,3.293,1.900,0.000,17
Data-Oriented CPU ROAM,RelWithDebInfo,OpenGL,NVIDIA GeForce RTX 5090 D/PCIe/SSE2,4.3.0 NVIDIA 591.86,false,assets/heightmaps/Hm_Terrain_Test_129.pgm,129,129,80.000,12.000,20,4.000,2.000,200000,2.059,0.000,18.000,35.613,10.525,21845,56296,21843,60,30,48,32,0,0,0,0,8,0.000,10.259,9.960,0.176,3.110,0.061,0.407,0.207,2.028,0.085,0.365,1.716,1.805,0.187,0.000,0.000,0.000,0.000,0.000,0.000,0.000,0.000,0.000,0.000,0.000,0.000,0.000,0.000,0.000,0.000,0,0,2.320,3.170,2.082,0.000,17
Data-Oriented CPU ROAM,RelWithDebInfo,OpenGL,NVIDIA GeForce RTX 5090 D/PCIe/SSE2,4.3.0 NVIDIA 591.86,false,assets/heightmaps/Hm_Terrain_Test_129.pgm,129,129,80.000,12.000,20,4.000,2.000,200000,2.069,0.000,18.000,35.571,10.598,21861,56400,21859,52,26,36,27,0,0,0,0,8,166.530,9.674,9.381,0.184,3.173,0.049,0.419,0.210,1.742,0.079,0.368,1.379,1.777,0.188,0.000,0.000,0.000,0.000,0.000,0.000,0.000,0.000,0.000,0.000,0.000,0.000,0.000,0.000,0.000,0.000,0,0,2.031,3.222,1.747,0.000,17
Data-Oriented CPU ROAM,RelWithDebInfo,OpenGL,NVIDIA GeForce RTX 5090 D/PCIe/SSE2,4.3.0 NVIDIA 591.86,false,assets/heightmaps/Hm_Terrain_Test_129.pgm,129,129,80.000,12.000,20,4.000,2.000,200000,2.079,0.000,18.000,35.531,10.043,21815,56472,21813,36,18,82,21,0,0,0,0,8,164.552,9.776,9.494,0.175,3.674,0.089,0.394,0.207,1.677,0.052,0.363,1.212,1.651,0.177,0.000,0.000,0.000,0.000,0.000,0.000,0.000,0.000,0.000,0.000,0.000,0.000,0.000,0.000,0.000,0.000,0,0,1.936,3.763,1.574,0.000,17
Data-Oriented CPU ROAM,RelWithDebInfo,OpenGL,NVIDIA GeForce RTX 5090 D/PCIe/SSE2,4.3.0 NVIDIA 591.86,false,assets/heightmaps/Hm_Terrain_Test_129.pgm,129,129,80.000,12.000,20,4.000,2.000,200000,2.089,0.000,18.000,35.491,10.077,21801,56636,21799,82,41,96,48,0,0,0,0,8,0.000,9.760,9.489,0.182,3.440,0.109,0.364,0.204,1.582,0.104,0.368,1.467,1.669,0.171,0.000,0.000,0.000,0.000,0.000,0.000,0.000,0.000,0.000,0.000,0.000,0.000,0.000,0.000,0.000,0.000,0,0,1.890,3.549,1.835,0.000,17
Data-Oriented CPU ROAM,RelWithDebInfo,OpenGL,NVIDIA GeForce RTX 5090 D/PCIe/SSE2,4.3.0 NVIDIA 591.86,false,assets/heightmaps/Hm_Terrain_Test_129.pgm,129,129,80.000,12.000,20,4.000,2.000,200000,2.099,0.000,18.000,35.451,10.084,21822,56760,21820,62,31,41,42,0,0,0,0,8,478.111,10.098,9.803,0.172,3.714,0.044,0.379,0.227,1.845,0.084,0.364,1.212,1.762,0.186,0.000,0.000,0.000,0.000,0.000,0.000,0.000,0.000,0.000,0.000,0.000,0.000,0.000,0.000,0.000,0.000,0,0,2.156,3.758,1.576,0.000,17
Data-Oriented CPU ROAM,RelWithDebInfo,OpenGL,NVIDIA GeForce RTX 5090 D/PCIe/SSE2,4.3.0 NVIDIA 591.86,false,assets/heightmaps/Hm_Terrain_Test_129.pgm,129,129,80.000,12.000,20,4.000,2.000,200000,2.110,0.000,18.000,35.410,10.427,21852,56904,21850,72,36,42,39,0,0,0,0,8,170.642,9.424,9.155,0.184,3.482,0.055,0.375,0.205,1.546,0.100,0.366,1.244,1.599,0.168,0.000,0.000,0.000,0.000,0.000,0.000,0.000,0.000,0.000,0.000,0.000,0.000,0.000,0.000,0.000,0.000,0,0,1.851,3.537,1.610,0.000,17
Data-Oriented CPU ROAM,RelWithDebInfo,OpenGL,NVIDIA GeForce RTX 5090 D/PCIe/SSE2,4.3.0 NVIDIA 591.86,false,assets/heightmaps/Hm_Terrain_Test_129.pgm,129,129,80.000,12.000,20,4.000,2.000,200000,2.120,0.000,18.000,35.371,9.738,21864,57048,21862,72,36,60,38,0,0,0,0,8,0.000,9.339,9.056,0.189,3.089,0.068,0.370,0.209,1.715,0.095,0.367,1.225,1.729,0.176,0.000,0.000,0.000,0.000,0.000,0.000,0.000,0.000,0.000,0.000,0.000,0.000,0.000,0.000,0.000,0.000,0,0,2.019,3.157,1.591,0.000,17
Data-Oriented CPU ROAM,RelWithDebInfo,OpenGL,NVIDIA GeForce RTX 5090 D/PCIe/SSE2,4.3.0 NVIDIA 591.86,false,assets/heightmaps/Hm_Terrain_Test_129.pgm,129,129,80.000,12.000,20,4.000,2.000,200000,2.129,0.000,18.000,35.332,9.644,21868,57140,21866,46,23,42,28,0,0,0,0,8,116.743,13.718,13.382,0.172,3.885,0.056,0.389,0.231,2.279,0.140,0.409,2.517,3.304,0.199,0.000,0.000,0.000,0.000,0.000,0.000,0.000,0.000,0.000,0.000,0.000,0.000,0.000,0.000,0.000,0.000,0,0,2.650,3.941,2.926,0.000,17
Data-Oriented CPU ROAM,RelWithDebInfo,OpenGL,NVIDIA GeForce RTX 5090 D/PCIe/SSE2,4.3.0 NVIDIA 591.86,false,assets/heightmaps/Hm_Terrain_Test_129.pgm,129,129,80.000,12.000,20,4.000,2.000,200000,2.143,0.000,18.000,35.275,14.083,21861,57270,21859,65,32,72,37,0,0,0,0,8,655.583,9.800,9.532,0.183,3.198,0.098,0.413,0.245,1.865,0.123,0.491,1.201,1.714,0.174,0.000,0.000,0.000,0.000,0.000,0.000,0.000,0.000,0.000,0.000,0.000,0.000,0.000,0.000,0.000,0.000,0,0,2.233,3.296,1.693,0.000,17
Data-Oriented CPU ROAM,RelWithDebInfo,OpenGL,NVIDIA GeForce RTX 5090 D/PCIe/SSE2,4.3.0 NVIDIA 591.86,false,assets/heightmaps/Hm_Terrain_Test_129.pgm,129,129,80.000,12.000,20,4.000,2.000,200000,2.154,0.000,18.000,35.234,10.253,21904,57402,21902,85,52,42,41,0,0,0,0,8,0.000,9.392,9.123,0.184,3.158,0.058,0.395,0.212,1.569,0.104,0.385,1.246,1.812,0.177,0.000,0.000,0.000,0.000,0.000,0.000,0.000,0.000,0.000,0.000,0.000,0.000,0.000,0.000,0.000,0.000,0,0,1.884,3.217,1.631,0.000,17
Data-Oriented CPU ROAM,RelWithDebInfo,OpenGL,NVIDIA GeForce RTX 5090 D/PCIe/SSE2,4.3.0 NVIDIA 591.86,false,assets/heightmaps/Hm_Terrain_Test_129.pgm,129,129,80.000,12.000,20,4.000,2.000,200000,2.163,0.000,18.000,35.194,9.734,21896,57548,21894,73,36,81,46,0,0,0,0,8,153.149,10.482,10.201,0.172,3.754,0.087,0.387,0.206,2.099,0.099,0.367,1.224,1.805,0.175,0.000,0.000,0.000,0.000,0.000,0.000,0.000,0.000,0.000,0.000,0.000,0.000,0.000,0.000,0.000,0.000,0,0,2.404,3.841,1.591,0.000,17
Data-Oriented CPU ROAM,RelWithDebInfo,OpenGL,NVIDIA GeForce RTX 5090 D/PCIe/SSE2,4.3.0 NVIDIA 591.86,false,assets/heightmaps/Hm_Terrain_Test_129.pgm,129,129,80.000,12.000,20,4.000,2.000,200000,2.174,0.000,18.000,35.150,10.812,21840,57652,21838,52,26,108,38,0,0,0,0,8,666.326,9.658,9.379,0.185,3.122,0.105,0.386,0.210,2.016,0.073,0.375,1.230,1.677,0.174,0.000,0.000,0.000,0.000,0.000,0.000,0.000,0.000,0.000,0.000,0.000,0.000,0.000,0.000,0.000,0.000,0,0,2.299,3.227,1.605,0.000,17
Data-Oriented CPU ROAM,RelWithDebInfo,OpenGL,NVIDIA GeForce RTX 5090 D/PCIe/SSE2,4.3.0 NVIDIA 591.86,false,assets/heightmaps/Hm_Terrain_Test_129.pgm,129,129,80.000,12.000,20,4.000,2.000,200000,2.184,0.000,18.000,35.109,9.983,21832,57764,21830,56,28,64,29,0,0,0,0,8,151.348,10.618,10.323,0.191,3.402,0.080,0.397,0.297,1.910,0.109,0.500,1.679,1.757,0.185,0.000,0.000,0.000,0.000,0.000,0.000,0.000,0.000,0.000,0.000,0.000,0.000,0.000,0.000,0.000,0.000,0,0,2.317,3.482,2.179,0.000,17
Data-Oriented CPU ROAM,RelWithDebInfo,OpenGL,NVIDIA GeForce RTX 5090 D/PCIe/SSE2,4.3.0 NVIDIA 591.86,false,assets/heightmaps/Hm_Terrain_Test_129.pgm,129,129,80.000,12.000,20,4.000,2.000,200000,2.195,0.000,18.000,35.064,10.938,21863,57892,21861,64,32,33,39,0,0,0,0,8,0.000,10.061,9.786,0.185,3.257,0.041,0.388,0.410,2.055,0.095,0.368,1.227,1.759,0.178,0.000,0.000,0.000,0.000,0.000,0.000,0.000,0.000,0.000,0.000,0.000,0.000,0.000,0.000,0.000,0.000,0,0,2.560,3.298,1.594,0.000,17
Data-Oriented CPU ROAM,RelWithDebInfo,OpenGL,NVIDIA GeForce RTX 5090 D/PCIe/SSE2,4.3.0 NVIDIA 591.86,false,assets/heightmaps/Hm_Terrain_Test_129.pgm,129,129,80.000,12.000,20,4.000,2.000,200000,2.205,0.000,18.000,35.022,10.391,21823,58052,21821,80,40,120,43,0,0,0,0,8,1134.528,11.296,11.017,0.174,3.759,0.185,0.384,0.397,2.128,0.148,0.425,1.731,1.686,0.168,0.000,0.000,0.000,0.000,0.000,0.000,0.000,0.000,0.000,0.000,0.000,0.000,0.000,0.000,0.000,0.000,0,0,2.673,3.943,2.157,0.000,17
Data-Oriented CPU ROAM,RelWithDebInfo,OpenGL,NVIDIA GeForce RTX 5090 D/PCIe/SSE2,4.3.0 NVIDIA 591.86,false,assets/heightmaps/Hm_Terrain_Test_129.pgm,129,129,80.000,12.000,20,4.000,2.000,200000,2.217,0.000,18.000,34.974,11.607,21891,58268,21889,108,54,40,57,0,0,0,0,8,0.000,9.740,9.460,0.175,3.105,0.052,0.385,0.215,2.094,0.132,0.367,1.232,1.703,0.175,0.000,0.000,0.000,0.000,0.000,0.000,0.000,0.000,0.000,0.000,0.000,0.000,0.000,0.000,0.000,0.000,0,0,2.441,3.157,1.599,0.000,17
Data-Oriented CPU ROAM,RelWithDebInfo,OpenGL,NVIDIA GeForce RTX 5090 D/PCIe/SSE2,4.3.0 NVIDIA 591.86,false,assets/heightmaps/Hm_Terrain_Test_129.pgm,129,129,80.000,12.000,20,4.000,2.000,200000,2.227,0.000,18.000,34.932,10.056,21869,58372,21867,52,26,74,28,0,0,0,0,8,0.000,9.686,9.394,0.175,3.381,0.076,0.384,0.205,1.764,0.083,0.366,1.211,1.749,0.179,0.000,0.000,0.000,0.000,0.000,0.000,0.000,0.000,0.000,0.000,0.000,0.000,0.000,0.000,0.000,0.000,0,0,2.052,3.457,1.577,0.000,17
Data-Oriented CPU ROAM,RelWithDebInfo,OpenGL,NVIDIA GeForce RTX 5090 D/PCIe/SSE2,4.3.0 NVIDIA 591.86,false,assets/heightmaps/Hm_Terrain_Test_129.pgm,129,129,80.000,12.000,20,4.000,2.000,200000,2.237,0.000,18.000,34.890,10.034,21864,58500,21862,64,32,69,33,0,0,0,0,8,653.930,9.838,9.556,0.193,3.107,0.076,0.384,0.420,1.992,0.087,0.368,1.224,1.704,0.176,0.000,0.000,0.000,0.000,0.000,0.000,0.000,0.000,0.000,0.000,0.000,0.000,0.000,0.000,0.000,0.000,0,0,2.500,3.184,1.593,0.000,17
Data-Oriented CPU ROAM,RelWithDebInfo,OpenGL,NVIDIA GeForce RTX 5090 D/PCIe/SSE2,4.3.0 NVIDIA 591.86,false,assets/heightmaps/Hm_Terrain_Test_129.pgm,129,129,80.000,12.000,20,4.000,2.000,200000,2.247,0.000,18.000,34.848,10.159,21844,58632,21842,66,33,86,38,0,0,0,0,8,154.570,10.392,10.107,0.185,3.491,0.095,0.382,0.207,2.287,0.084,0.359,1.220,1.797,0.176,0.000,0.000,0.000,0.000,0.000,0.000,0.000,0.000,0.000,0.000,0.000,0.000,0.000,0.000,0.000,0.000,0,0,2.578,3.586,1.579,0.000,17
Data-Oriented CPU ROAM,RelWithDebInfo,OpenGL,NVIDIA GeForce RTX 5090 D/PCIe/SSE2,4.3.0 NVIDIA 591.86,false,assets/heightmaps/Hm_Terrain_Test_129.pgm,129,129,80.000,12.000,20,4.000,2.000,200000,2.258,0.000,18.000,34.803,10.716,21868,58788,21866,78,39,54,44,0,0,0,0,8,0.000,9.815,9.534,0.175,3.273,0.068,0.383,0.420,1.730,0.101,0.430,1.220,1.735,0.177,0.000,0.000,0.000,0.000,0.000,0.000,0.000,0.000,0.000,0.000,0.000,0.000,0.000,0.000,0.000,0.000,0,0,2.250,3.341,1.650,0.000,17
Data-Oriented CPU ROAM,RelWithDebInfo,OpenGL,NVIDIA GeForce RTX 5090 D/PCIe/SSE2,4.3.0 NVIDIA 591.86,false,assets/heightmaps/Hm_Terrain_Test_129.pgm,129,129,80.000,12.000,20,4.000,2.000,200000,2.268,0.000,18.000,34.760,10.138,21898,58916,21896,64,32,34,37,0,0,0,0,8,624.650,10.300,10.005,0.202,3.374,0.048,0.389,0.399,2.083,0.111,0.366,1.207,1.825,0.187,0.000,0.000,0.000,0.000,0.000,0.000,0.000,0.000,0.000,0.000,0.000,0.000,0.000,0.000,0.000,0.000,0,0,2.593,3.422,1.573,0.000,17
Data-Oriented CPU ROAM,RelWithDebInfo,OpenGL,NVIDIA GeForce RTX 5090 D/PCIe/SSE2,4.3.0 NVIDIA 591.86,false,assets/heightmaps/Hm_Terrain_Test_129.pgm,129,129,80.000,12.000,20,4.000,2.000,200000,2.279,0.000,18.000,34.715,10.644,21856,59004,21854,44,22,86,24,0,0,0,0,8,163.298,9.846,9.567,0.183,3.138,0.100,0.380,0.260,2.084,0.066,0.368,1.245,1.743,0.173,0.000,0.000,0.000,0.000,0.000,0.000,0.000,0.000,0.000,0.000,0.000,0.000,0.000,0.000,0.000,0.000,0,0,2.410,3.239,1.613,0.000,17
Data-Oriented CPU ROAM,RelWithDebInfo,OpenGL,NVIDIA GeForce RTX 5090 D/PCIe/SSE2,4.3.0 NVIDIA 591.86,false,assets/heightmaps/Hm_Terrain_Test_129.pgm,129,129,80.000,12.000,20,4.000,2.000,200000,2.289,0.000,18.000,34.672,10.187,21848,59148,21846,72,36,80,40,0,0,0,0,8,0.000,9.843,9.559,0.172,3.442,0.095,0.398,0.206,1.842,0.096,0.364,1.217,1.726,0.171,0.000,0.000,0.000,0.000,0.000,0.000,0.000,0.000,0.000,0.000,0.000,0.000,0.000,0.000,0.000,0.000,0,0,2.143,3.537,1.581,0.000,17
Data-Oriented CPU ROAM,RelWithDebInfo,OpenGL,NVIDIA GeForce RTX 5090 D/PCIe/SSE2,4.3.0 NVIDIA 591.86,false,assets/heightmaps/Hm_Terrain_Test_129.pgm,129,129,80.000,12.000,20,4.000,2.000,200000,2.299,0.000,18.000,34.629,10.168,21842,59284,21840,70,36,76,36,0,0,0,0,8,645.048,9.975,9.688,0.177,3.059,0.083,0.387,0.300,2.163,0.097,0.366,1.233,1.822,0.181,0.000,0.000,0.000,0.000,0.000,0.000,0.000,0.000,0.000,0.000,0.000,0.000,0.000,0.000,0.000,0.000,0,0,2.560,3.142,1.599,0.000,17
Data-Oriented CPU ROAM,RelWithDebInfo,OpenGL,NVIDIA GeForce RTX 5090 D/PCIe/SSE2,4.3.0 NVIDIA 591.86,false,assets/heightmaps/Hm_Terrain_Test_129.pgm,129,129,80.000,12.000,20,4.000,2.000,200000,2.309,0.000,18.000,34.585,10.304,21814,59384,21812,50,25,78,29,0,0,0,0,8,0.000,9.569,9.273,0.191,3.206,0.082,0.385,0.204,1.550,0.123,0.626,1.206,1.699,0.182,0.000,0.000,0.000,0.000,0.000,0.000,0.000,0.000,0.000,0.000,0.000,0.000,0.000,0.000,0.000,0.000,0,0,1.877,3.288,1.832,0.000,17
Data-Oriented CPU ROAM,RelWithDebInfo,OpenGL,NVIDIA GeForce RTX 5090 D/PCIe/SSE2,4.3.0 NVIDIA 591.86,false,assets/heightmaps/Hm_Terrain_Test_129.pgm,129,129,80.000,12.000,20,4.000,2.000,200000,2.319,0.000,18.000,34.543,9.876,21820,59524,21818,70,35,64,41,0,0,0,0,8,161.405,9.959,9.679,0.175,3.080,0.076,0.382,0.206,2.206,0.093,0.367,1.417,1.678,0.176,0.000,0.000,0.000,0.000,0.000,0.000,0.000,0.000,0.000,0.000,0.000,0.000,0.000,0.000,0.000,0.000,0,0,2.504,3.156,1.784,0.000,17
Data-Oriented CPU ROAM,RelWithDebInfo,OpenGL,NVIDIA GeForce RTX 5090 D/PCIe/SSE2,4.3.0 NVIDIA 591.86,false,assets/heightmaps/Hm_Terrain_Test_129.pgm,129,129,80.000,12.000,20,4.000,2.000,200000,2.330,0.000,18.000,34.499,10.272,21828,59660,21826,68,34,60,39,0,0,0,0,8,475.290,10.156,9.861,0.167,3.596,0.073,0.398,0.208,2.042,0.088,0.365,1.216,1.707,0.184,0.000,0.000,0.000,0.000,0.000,0.000,0.000,0.000,0.000,0.000,0.000,0.000,0.000,0.000,0.000,0.000,0,0,2.339,3.669,1.581,0.000,17
Data-Oriented CPU ROAM,RelWithDebInfo,OpenGL,NVIDIA GeForce RTX 5090 D/PCIe/SSE2,4.3.0 NVIDIA 591.86,false,assets/heightmaps/Hm_Terrain_Test_129.pgm,129,129,80.000,12.000,20,4.000,2.000,200000,2.340,0.000,18.000,34.454,10.572,21862,59804,21860,72,36,38,40,0,0,0,0,8,0.000,10.458,10.186,0.183,3.137,0.050,0.383,0.252,2.131,0.133,0.550,1.707,1.659,0.166,0.000,0.000,0.000,0.000,0.000,0.000,0.000,0.000,0.000,0.000,0.000,0.000,0.000,0.000,0.000,0.000,0,0,2.516,3.188,2.257,0.000,17
Data-Oriented CPU ROAM,RelWithDebInfo,OpenGL,NVIDIA GeForce RTX 5090 D/PCIe/SSE2,4.3.0 NVIDIA 591.86,false,assets/heightmaps/Hm_Terrain_Test_129.pgm,129,129,80.000,12.000,20,4.000,2.000,200000,2.351,0.000,18.000,34.407,10.766,21890,59984,21888,90,45,62,50,0,0,0,0,8,162.798,9.884,9.597,0.168,3.429,0.070,0.385,0.210,1.803,0.122,0.408,1.212,1.790,0.181,0.000,0.000,0.000,0.000,0.000,0.000,0.000,0.000,0.000,0.000,0.000,0.000,0.000,0.000,0.000,0.000,0,0,2.135,3.499,1.620,0.000,17
Data-Oriented CPU ROAM,RelWithDebInfo,OpenGL,NVIDIA GeForce RTX 5090 D/PCIe/SSE2,4.3.0 NVIDIA 591.86,false,assets/heightmaps/Hm_Terrain_Test_129.pgm,129,129,80.000,12.000,20,4.000,2.000,200000,2.361,0.000,18.000,34.363,10.205,21906,60124,21904,70,35,54,38,0,0,0,0,8,485.128,9.941,9.661,0.179,3.165,0.064,0.390,0.206,2.060,0.132,0.539,1.234,1.692,0.172,0.000,0.000,0.000,0.000,0.000,0.000,0.000,0.000,0.000,0.000,0.000,0.000,0.000,0.000,0.000,0.000,0,0,2.398,3.229,1.773,0.000,17
Data-Oriented CPU ROAM,RelWithDebInfo,OpenGL,NVIDIA GeForce RTX 5090 D/PCIe/SSE2,4.3.0 NVIDIA 591.86,false,assets/heightmaps/Hm_Terrain_Test_129.pgm,129,129,80.000,12.000,20,4.000,2.000,200000,2.371,0.000,18.000,34.319,10.258,21896,60232,21894,54,27,64,30,0,0,0,0,8,0.000,10.173,9.888,0.170,3.682,0.072,0.385,0.206,1.991,0.076,0.364,1.236,1.705,0.175,0.000,0.000,0.000,0.000,0.000,0.000,0.000,0.000,0.000,0.000,0.000,0.000,0.000,0.000,0.000,0.000,0,0,2.273,3.754,1.600,0.000,17
Data-Oriented CPU ROAM,RelWithDebInfo,OpenGL,NVIDIA GeForce RTX 5090 D/PCIe/SSE2,4.3.0 NVIDIA 591.86,false,assets/heightmaps/Hm_Terrain_Test_129.pgm,129,129,80.000,12.000,20,4.000,2.000,200000,2.382,0.000,18.000,34.273,10.465,21886,60356,21884,62,31,72,33,0,0,0,0,8,152.803,10.533,10.224,0.174,3.461,0.080,0.397,0.207,1.856,0.087,0.369,1.351,2.242,0.204,0.000,0.000,0.000,0.000,0.000,0.000,0.000,0.000,0.000,0.000,0.000,0.000,0.000,0.000,0.000,0.000,0,0,2.150,3.540,1.720,0.000,17
Data-Oriented CPU ROAM,RelWithDebInfo,OpenGL,NVIDIA GeForce RTX 5090 D/PCIe/SSE2,4.3.0 NVIDIA 591.86,false,assets/heightmaps/Hm_Terrain_Test_129.pgm,129,129,80.000,12.000,20,4.000,2.000,200000,2.393,0.000,18.000,34.225,10.972,21848,60472,21846,58,29,96,31,0,0,0,0,8,139.040,11.534,11.236,0.217,4.050,0.107,0.412,0.205,2.193,0.089,0.367,1.710,1.885,0.185,0.000,0.000,0.000,0.000,0.000,0.000,0.000,0.000,0.000,0.000,0.000,0.000,0.000,0.000,0.000,0.000,0,0,2.487,4.157,2.077,0.000,17
Data-Oriented CPU ROAM,RelWithDebInfo,OpenGL,NVIDIA GeForce RTX 5090 D/PCIe/SSE2,4.3.0 NVIDIA 591.86,false,assets/heightmaps/Hm_Terrain_Test_129.pgm,129,129,80.000,12.000,20,4.000,2.000,200000,2.405,0.000,18.000,34.173,11.948,21862,60596,21860,62,31,48,36,0,0,0,0,8,0.000,9.835,9.561,0.185,3.524,0.058,0.397,0.213,1.816,0.086,0.368,1.226,1.688,0.166,0.000,0.000,0.000,0.000,0.000,0.000,0.000,0.000,0.000,0.000,0.000,0.000,0.000,0.000,0.000,0.000,0,0,2.115,3.582,1.593,0.000,17
Data-Oriented CPU ROAM,RelWithDebInfo,OpenGL,NVIDIA GeForce RTX 5090 D/PCIe/SSE2,4.3.0 NVIDIA 591.86,false,assets/heightmaps/Hm_Terrain_Test_129.pgm,129,129,80.000,12.000,20,4.000,2.000,200000,2.415,0.000,18.000,34.128,10.211,21860,60732,21858,68,34,70,42,0,0,0,0,8,0.000,10.845,10.562,0.169,3.472,0.080,0.375,0.356,2.007,0.126,0.485,1.696,1.795,0.173,0.000,0.000,0.000,0.000,0.000,0.000,0.000,0.000,0.000,0.000,0.000,0.000,0.000,0.000,0.000,0.000,0,0,2.489,3.551,2.181,0.000,17
Data-Oriented CPU ROAM,RelWithDebInfo,OpenGL,NVIDIA GeForce RTX 5090 D/PCIe/SSE2,4.3.0 NVIDIA 591.86,false,assets/heightmaps/Hm_Terrain_Test_129.pgm,129,129,80.000,12.000,20,4.000,2.000,200000,2.426,0.000,18.000,34.078,11.348,21866,60856,21864,62,31,56,41,0,0,0,0,8,153.845,10.468,10.154,0.328,3.545,0.071,0.398,0.218,2.201,0.086,0.367,1.229,1.711,0.193,0.000,0.000,0.000,0.000,0.000,0.000,0.000,0.000,0.000,0.000,0.000,0.000,0.000,0.000,0.000,0.000,0,0,2.505,3.616,1.596,0.000,17
Data-Oriented CPU ROAM,RelWithDebInfo,OpenGL,NVIDIA GeForce RTX 5090 D/PCIe/SSE2,4.3.0 NVIDIA 591.86,false,assets/heightmaps/Hm_Terrain_Test_129.pgm,129,129,80.000,12.000,20,4.000,2.000,200000,2.437,0.000,18.000,34.030,10.868,21871,60990,21869,67,33,62,40,0,0,0,0,8,153.868,10.441,10.153,0.182,3.096,0.079,0.387,0.203,2.018,0.142,0.620,1.697,1.729,0.182,0.000,0.000,0.000,0.000,0.000,0.000,0.000,0.000,0.000,0.000,0.000,0.000,0.000,0.000,0.000,0.000,0,0,2.364,3.175,2.316,0.000,17
Data-Oriented CPU ROAM,RelWithDebInfo,OpenGL,NVIDIA GeForce RTX 5090 D/PCIe/SSE2,4.3.0 NVIDIA 591.86,false,assets/heightmaps/Hm_Terrain_Test_129.pgm,129,129,80.000,12.000,20,4.000,2.000,200000,2.448,0.000,18.000,33.983,10.785,21915,61198,21913,104,52,60,60,0,0,0,0,8,0.000,10.173,9.882,0.168,3.409,0.074,0.394,0.205,1.954,0.185,0.538,1.232,1.723,0.180,0.000,0.000,0.000,0.000,0.000,0.000,0.000,0.000,0.000,0.000,0.000,0.000,0.000,0.000,0.000,0.000,0,0,2.343,3.483,1.770,0.000,17
Data-Oriented CPU ROAM,RelWithDebInfo,OpenGL,NVIDIA GeForce RTX 5090 D/PCIe/SSE2,4.3.0 NVIDIA 591.86,false,assets/heightmaps/Hm_Terrain_Test_129.pgm,129,129,80.000,12.000,20,4.000,2.000,200000,2.458,0.000,18.000,33.936,10.517,21861,61372,21859,87,43,141,50,0,0,0,0,8,158.551,10.130,9.854,0.178,3.065,0.130,0.385,0.688,1.951,0.111,0.368,1.221,1.756,0.172,0.000,0.000,0.000,0.000,0.000,0.000,0.000,0.000,0.000,0.000,0.000,0.000,0.000,0.000,0.000,0.000,0,0,2.751,3.195,1.589,0.000,17
Data-Oriented CPU ROAM,RelWithDebInfo,OpenGL,NVIDIA GeForce RTX 5090 D/PCIe/SSE2,4.3.0 NVIDIA 591.86,false,assets/heightmaps/Hm_Terrain_Test_129.pgm,129,129,80.000,12.000,20,4.000,2.000,200000,2.469,0.000,18.000,33.889,10.461,21860,61532,21858,80,40,81,45,0,0,0,0,8,149.185,10.755,10.472,0.167,3.431,0.088,0.392,0.389,2.079,0.110,0.366,1.666,1.784,0.178,0.000,0.000,0.000,0.000,0.000,0.000,0.000,0.000,0.000,0.000,0.000,0.000,0.000,0.000,0.000,0.000,0,0,2.578,3.519,2.033,0.000,17
Data-Oriented CPU ROAM,RelWithDebInfo,OpenGL,NVIDIA GeForce RTX 5090 D/PCIe/SSE2,4.3.0 NVIDIA 591.86,false,assets/heightmaps/Hm_Terrain_Test_129.pgm,129,129,80.000,12.000,20,4.000,2.000,200000,2.480,0.000,18.000,33.840,11.106,21866,61664,21864,66,33,60,39,0,0,0,0,8,0.000,10.859,10.569,0.178,3.085,0.069,0.384,0.462,2.318,0.092,0.380,1.743,1.859,0.176,0.000,0.000,0.000,0.000,0.000,0.000,0.000,0.000,0.000,0.000,0.000,0.000,0.000,0.000,0.000,0.000,0,0,2.872,3.154,2.123,0.000,17
Data-Oriented CPU ROAM,RelWithDebInfo,OpenGL,NVIDIA GeForce RTX 5090 D/PCIe/SSE2,4.3.0 NVIDIA 591.86,false,assets/heightmaps/Hm_Terrain_Test_129.pgm,129,129,80.000,12.000,20,4.000,2.000,200000,2.491,0.000,18.000,33.789,11.218,21877,61816,21875,76,38,65,47,0,0,0,0,8,158.245,10.148,9.873,0.173,3.826,0.074,0.386,0.207,1.726,0.096,0.370,1.242,1.773,0.175,0.000,0.000,0.000,0.000,0.000,0.000,0.000,0.000,0.000,0.000,0.000,0.000,0.000,0.000,0.000,0.000,0,0,2.030,3.900,1.612,0.000,17
Data-Oriented CPU ROAM,RelWithDebInfo,OpenGL,NVIDIA GeForce RTX 5090 D/PCIe/SSE2,4.3.0 NVIDIA 591.86,false,assets/heightmaps/Hm_Terrain_Test_129.pgm,129,129,80.000,12.000,20,4.000,2.000,200000,2.502,0.000,18.000,33.742,10.503,21891,61940,21889,62,31,48,31,0,0,0,0,8,481.218,10.024,9.739,0.176,3.530,0.058,0.380,0.298,1.894,0.085,0.372,1.215,1.730,0.171,0.000,0.000,0.000,0.000,0.000,0.000,0.000,0.000,0.000,0.000,0.000,0.000,0.000,0.000,0.000,0.000,0,0,2.277,3.588,1.587,0.000,17
Data-Oriented CPU ROAM,RelWithDebInfo,OpenGL,NVIDIA GeForce RTX 5090 D/PCIe/SSE2,4.3.0 NVIDIA 591.86,false,assets/heightmaps/Hm_Terrain_Test_129.pgm,129,129,80.000,12.000,20,4.000,2.000,200000,2.512,0.000,18.000,33.695,10.356,21853,62064,21851,62,31,100,31,0,0,0,0,8,149.135,10.752,10.476,0.173,3.136,0.107,0.387,0.400,2.266,0.121,0.368,1.663,1.854,0.172,0.000,0.000,0.000,0.000,0.000,0.000,0.000,0.000,0.000,0.000,0.000,0.000,0.000,0.000,0.000,0.000,0,0,2.786,3.243,2.031,0.000,17
Data-Oriented CPU ROAM,RelWithDebInfo,OpenGL,NVIDIA GeForce RTX 5090 D/PCIe/SSE2,4.3.0 NVIDIA 591.86,false,assets/heightmaps/Hm_Terrain_Test_129.pgm,129,129,80.000,12.000,20,4.000,2.000,200000,2.523,0.000,18.000,33.645,11.094,21847,62208,21845,72,36,78,40,0,0,0,0,8,0.000,10.175,9.889,0.175,3.620,0.085,0.387,0.307,1.890,0.098,0.368,1.222,1.740,0.173,0.000,0.000,0.000,0.000,0.000,0.000,0.000,0.000,0.000,0.000,0.000,0.000,0.000,0.000,0.000,0.000,0,0,2.295,3.705,1.589,0.000,17
Data-Oriented CPU ROAM,RelWithDebInfo,OpenGL,NVIDIA GeForce RTX 5090 D/PCIe/SSE2,4.3.0 NVIDIA 591.86,false,assets/heightmaps/Hm_Terrain_Test_129.pgm,129,129,80.000,12.000,20,4.000,2.000,200000,2.534,0.000,18.000,33.598,10.515,21833,62348,21831,70,35,84,42,0,0,0,0,8,1184.509,10.846,10.552,0.178,3.633,0.088,0.389,0.210,1.997,0.129,0.535,1.538,1.854,0.183,0.000,0.000,0.000,0.000,0.000,0.000,0.000,0.000,0.000,0.000,0.000,0.000,0.000,0.000,0.000,0.000,0,0,2.336,3.722,2.073,0.000,17
Data-Oriented CPU ROAM,RelWithDebInfo,OpenGL,NVIDIA GeForce RTX 5090 D/PCIe/SSE2,4.3.0 NVIDIA 591.86,false,assets/heightmaps/Hm_Terrain_Test_129.pgm,129,129,80.000,12.000,20,4.000,2.000,200000,2.545,0.000,18.000,33.547,11.207,21794,62468,21792,62,32,101,35,0,0,0,0,8,165.030,9.757,9.467,0.179,3.428,0.105,0.397,0.204,1.720,0.094,0.368,1.236,1.735,0.175,0.000,0.000,0.000,0.000,0.000,0.000,0.000,0.000,0.000,0.000,0.000,0.000,0.000,0.000,0.000,0.000,0,0,2.018,3.533,1.604,0.000,17
Data-Oriented CPU ROAM,RelWithDebInfo,OpenGL,NVIDIA GeForce RTX 5090 D/PCIe/SSE2,4.3.0 NVIDIA 591.86,false,assets/heightmaps/Hm_Terrain_Test_129.pgm,129,129,80.000,12.000,20,4.000,2.000,200000,2.555,0.000,18.000,33.500,10.136,21794,62584,21792,58,29,58,32,0,0,0,0,8,0.000,10.068,9.778,0.201,3.214,0.070,0.382,0.208,1.905,0.109,0.636,1.274,1.780,0.185,0.000,0.000,0.000,0.000,0.000,0.000,0.000,0.000,0.000,0.000,0.000,0.000,0.000,0.000,0.000,0.000,0,0,2.222,3.284,1.909,0.000,17
Data-Oriented CPU ROAM,RelWithDebInfo,OpenGL,NVIDIA GeForce RTX 5090 D/PCIe/SSE2,4.3.0 NVIDIA 591.86,false,assets/heightmaps/Hm_Terrain_Test_129.pgm,129,129,80.000,12.000,20,4.000,2.000,200000,2.565,0.000,18.000,33.453,10.414,21752,62676,21750,46,23,88,24,0,0,0,0,8,155.778,10.321,10.029,0.179,3.642,0.097,0.388,0.204,2.018,0.070,0.366,1.280,1.784,0.182,0.000,0.000,0.000,0.000,0.000,0.000,0.000,0.000,0.000,0.000,0.000,0.000,0.000,0.000,0.000,0.000,0,0,2.292,3.740,1.646,0.000,17
Data-Oriented CPU ROAM,RelWithDebInfo,OpenGL,NVIDIA GeForce RTX 5090 D/PCIe/SSE2,4.3.0 NVIDIA 591.86,false,assets/heightmaps/Hm_Terrain_Test_129.pgm,129,129,80.000,12.000,20,4.000,2.000,200000,2.576,0.000,18.000,33.404,10.672,21756,62836,21754,80,40,76,44,0,0,0,0,8,150.466,10.665,10.383,0.195,3.240,0.099,0.379,0.348,2.026,0.110,0.367,1.875,1.742,0.174,0.000,0.000,0.000,0.000,0.000,0.000,0.000,0.000,0.000,0.000,0.000,0.000,0.000,0.000,0.000,0.000,0,0,2.485,3.339,2.243,0.000,17
Data-Oriented CPU ROAM,RelWithDebInfo,OpenGL,NVIDIA GeForce RTX 5090 D/PCIe/SSE2,4.3.0 NVIDIA 591.86,false,assets/heightmaps/Hm_Terrain_Test_129.pgm,129,129,80.000,12.000,20,4.000,2.000,200000,2.587,0.000,18.000,33.353,11.012,21734,63012,21732,88,44,110,50,0,0,0,0,8,0.000,9.961,9.674,0.168,3.321,0.104,0.389,0.343,1.902,0.121,0.365,1.193,1.768,0.178,0.000,0.000,0.000,0.000,0.000,0.000,0.000,0.000,0.000,0.000,0.000,0.000,0.000,0.000,0.000,0.000,0,0,2.366,3.424,1.558,0.000,17
Data-Oriented CPU ROAM,RelWithDebInfo,OpenGL,NVIDIA GeForce RTX 5090 D/PCIe/SSE2,4.3.0 NVIDIA 591.86,false,assets/heightmaps/Hm_Terrain_Test_129.pgm,129,129,80.000,12.000,20,4.000,2.000,200000,2.597,0.000,18.000,33.306,10.288,21724,63168,21722,78,39,88,43,0,0,0,0,8,157.272,10.218,9.933,0.183,3.029,0.088,0.383,0.202,1.843,0.139,0.597,1.698,1.771,0.184,0.000,0.000,0.000,0.000,0.000,0.000,0.000,0.000,0.000,0.000,0.000,0.000,0.000,0.000,0.000,0.000,0,0,2.184,3.117,2.295,0.000,17
Data-Oriented CPU ROAM,RelWithDebInfo,OpenGL,NVIDIA GeForce RTX 5090 D/PCIe/SSE2,4.3.0 NVIDIA 591.86,false,assets/heightmaps/Hm_Terrain_Test_129.pgm,129,129,80.000,12.000,20,4.000,2.000,200000,2.608,0.000,18.000,33.257,10.558,21744,63324,21742,78,39,58,43,0,0,0,0,8,898.393,10.712,10.434,0.171,3.351,0.072,0.444,0.287,2.053,0.141,0.446,1.692,1.778,0.171,0.000,0.000,0.000,0.000,0.000,0.000,0.000,0.000,0.000,0.000,0.000,0.000,0.000,0.000,0.000,0.000,0,0,2.481,3.423,2.138,0.000,17
Data-Oriented CPU ROAM,RelWithDebInfo,OpenGL,NVIDIA GeForce RTX 5090 D/PCIe/SSE2,4.3.0 NVIDIA 591.86,false,assets/heightmaps/Hm_Terrain_Test_129.pgm,129,129,80.000,12.000,20,4.000,2.000,200000,2.619,0.000,18.000,33.206,11.035,21736,63468,21734,72,36,80,41,0,0,0,0,8,0.000,9.410,9.139,0.172,3.038,0.084,0.379,0.211,1.801,0.104,0.398,1.223,1.729,0.169,0.000,0.000,0.000,0.000,0.000,0.000,0.000,0.000,0.000,0.000,0.000,0.000,0.000,0.000,0.000,0.000,0,0,2.116,3.122,1.621,0.000,17
Data-Oriented CPU ROAM,RelWithDebInfo,OpenGL,NVIDIA GeForce RTX 5090 D/PCIe/SSE2,4.3.0 NVIDIA 591.86,false,assets/heightmaps/Hm_Terrain_Test_129.pgm,129,129,80.000,12.000,20,4.000,2.000,200000,2.629,0.000,18.000,33.161,9.743,21698,63544,21696,38,19,76,26,0,0,0,0,8,163.714,9.843,9.542,0.169,3.454,0.080,0.384,0.202,1.829,0.058,0.395,1.244,1.726,0.183,0.000,0.000,0.000,0.000,0.000,0.000,0.000,0.000,0.000,0.000,0.000,0.000,0.000,0.000,0.000,0.000,0,0,2.090,3.534,1.639,0.000,17
Data-Oriented CPU ROAM,RelWithDebInfo,OpenGL,NVIDIA GeForce RTX 5090 D/PCIe/SSE2,4.3.0 NVIDIA 591.86,false,assets/heightmaps/Hm_Terrain_Test_129.pgm,129,129,80.000,12.000,20,4.000,2.000,200000,2.639,0.000,18.000,33.113,10.188,21712,63652,21710,54,27,40,32,0,0,0,0,8,446.407,10.771,10.499,0.183,3.108,0.053,0.386,0.344,2.395,0.108,0.458,1.747,1.718,0.162,0.000,0.000,0.000,0.000,0.000,0.000,0.000,0.000,0.000,0.000,0.000,0.000,0.000,0.000,0.000,0.000,0,0,2.846,3.161,2.205,0.000,17
Data-Oriented CPU ROAM,RelWithDebInfo,OpenGL,NVIDIA GeForce RTX 5090 D/PCIe/SSE2,4.3.0 NVIDIA 591.86,false,assets/heightmaps/Hm_Terrain_Test_129.pgm,129,129,80.000,12.000,20,4.000,2.000,200000,2.650,0.000,18.000,33.061,11.092,21674,63768,21672,58,29,96,31,0,0,0,0,8,0.000,9.731,9.444,0.164,3.332,0.104,0.383,0.209,1.849,0.087,0.419,1.207,1.690,0.171,0.000,0.000,0.000,0.000,0.000,0.000,0.000,0.000,0.000,0.000,0.000,0.000,0.000,0.000,0.000,0.000,0,0,2.145,3.437,1.626,0.000,17
Data-Oriented CPU ROAM,RelWithDebInfo,OpenGL,NVIDIA GeForce RTX 5090 D/PCIe/SSE2,4.3.0 NVIDIA 591.86,false,assets/heightmaps/Hm_Terrain_Test_129.pgm,129,129,80.000,12.000,20,4.000,2.000,200000,2.660,0.000,18.000,33.014,10.062,21716,63936,21714,84,42,42,48,0,0,0,0,8,162.371,9.891,9.622,0.178,3.072,0.057,0.384,0.208,2.145,0.150,0.531,1.220,1.677,0.164,0.000,0.000,0.000,0.000,0.000,0.000,0.000,0.000,0.000,0.000,0.000,0.000,0.000,0.000,0.000,0.000,0,0,2.502,3.129,1.751,0.000,17
Data-Oriented CPU ROAM,RelWithDebInfo,OpenGL,NVIDIA GeForce RTX 5090 D/PCIe/SSE2,4.3.0 NVIDIA 591.86,false,assets/heightmaps/Hm_Terrain_Test_129.pgm,129,129,80.000,12.000,20,4.000,2.000,200000,2.670,0.000,18.000,32.966,10.207,21736,64132,21734,98,49,78,57,0,0,0,0,8,1232.499,10.428,10.141,0.176,3.725,0.083,0.386,0.205,2.134,0.130,0.404,1.212,1.687,0.175,0.000,0.000,0.000,0.000,0.000,0.000,0.000,0.000,0.000,0.000,0.000,0.000,0.000,0.000,0.000,0.000,0,0,2.468,3.807,1.616,0.000,17
Data-Oriented CPU ROAM,RelWithDebInfo,OpenGL,NVIDIA GeForce RTX 5090 D/PCIe/SSE2,4.3.0 NVIDIA 591.86,false,assets/heightmaps/Hm_Terrain_Test_129.pgm,129,129,80.000,12.000,20,4.000,2.000,200000,2.681,0.000,18.000,32.916,10.729,21786,64344,21784,116,63,66,61,0,0,0,0,8,0.000,9.962,9.679,0.170,3.029,0.081,0.384,0.202,1.797,0.133,0.367,1.811,1.704,0.173,0.000,0.000,0.000,0.000,0.000,0.000,0.000,0.000,0.000,0.000,0.000,0.000,0.000,0.000,0.000,0.000,0,0,2.132,3.111,2.178,0.000,17
Data-Oriented CPU ROAM,RelWithDebInfo,OpenGL,NVIDIA GeForce RTX 5090 D/PCIe/SSE2,4.3.0 NVIDIA 591.86,false,assets/heightmaps/Hm_Terrain_Test_129.pgm,129,129,80.000,12.000,20,4.000,2.000,200000,2.691,0.000,18.000,32.867,10.287,21796,64480,21794,68,34,58,36,0,0,0,0,8,159.226,10.093,9.812,0.170,3.710,0.070,0.385,0.205,1.858,0.091,0.361,1.243,1.719,0.174,0.000,0.000,0.000,0.000,0.000,0.000,0.000,0.000,0.000,0.000,0.000,0.000,0.000,0.000,0.000,0.000,0,0,2.153,3.781,1.604,0.000,17
Data-Oriented CPU ROAM,RelWithDebInfo,OpenGL,NVIDIA GeForce RTX 5090 D/PCIe/SSE2,4.3.0 NVIDIA 591.86,false,assets/heightmaps/Hm_Terrain_Test_129.pgm,129,129,80.000,12.000,20,4.000,2.000,200000,2.702,0.000,18.000,32.818,10.440,21806,64604,21804,62,31,52,35,0,0,0,0,8,0.000,9.696,9.429,0.175,3.072,0.065,0.382,0.203,2.147,0.095,0.370,1.212,1.707,0.160,0.000,0.000,0.000,0.000,0.000,0.000,0.000,0.000,0.000,0.000,0.000,0.000,0.000,0.000,0.000,0.000,0,0,2.445,3.137,1.582,0.000,17
Data-Oriented CPU ROAM,RelWithDebInfo,OpenGL,NVIDIA GeForce RTX 5090 D/PCIe/SSE2,4.3.0 NVIDIA 591.86,false,assets/heightmaps/Hm_Terrain_Test_129.pgm,129,129,80.000,12.000,20,4.000,2.000,200000,2.712,0.000,18.000,32.771,10.033,21775,64746,21773,81,45,112,41,0,0,0,0,8,0.000,9.913,9.628,0.164,3.444,0.109,0.389,0.208,1.921,0.099,0.366,1.210,1.717,0.183,0.000,0.000,0.000,0.000,0.000,0.000,0.000,0.000,0.000,0.000,0.000,0.000,0.000,0.000,0.000,0.000,0,0,2.229,3.553,1.576,0.000,17
Data-Oriented CPU ROAM,RelWithDebInfo,OpenGL,NVIDIA GeForce RTX 5090 D/PCIe/SSE2,4.3.0 NVIDIA 591.86,false,assets/heightmaps/Hm_Terrain_Test_129.pgm,129,129,80.000,12.000,20,4.000,2.000,200000,2.722,0.000,18.000,32.722,10.201,21777,64878,21775,66,33,64,36,0,0,0,0,8,142.137,11.288,10.991,0.178,3.057,0.081,0.384,0.385,2.407,0.125,0.394,2.324,1.656,0.170,0.000,0.000,0.000,0.000,0.000,0.000,0.000,0.000,0.000,0.000,0.000,0.000,0.000,0.000,0.000,0.000,0,0,2.918,3.138,2.718,0.000,17
Data-Oriented CPU ROAM,RelWithDebInfo,OpenGL,NVIDIA GeForce RTX 5090 D/PCIe/SSE2,4.3.0 NVIDIA 591.86,false,assets/heightmaps/Hm_Terrain_Test_129.pgm,129,129,80.000,12.000,20,4.000,2.000,200000,2.734,0.000,18.000,32.666,11.689,21785,65040,21783,81,40,73,45,0,0,0,0,8,1287.293,10.003,9.709,0.168,3.502,0.088,0.396,0.208,1.769,0.114,0.368,1.237,1.859,0.183,0.000,0.000,0.000,0.000,0.000,0.000,0.000,0.000,0.000,0.000,0.000,0.000,0.000,0.000,0.000,0.000,0,0,2.091,3.590,1.604,0.000,17
Data-Oriented CPU ROAM,RelWithDebInfo,OpenGL,NVIDIA GeForce RTX 5090 D/PCIe/SSE2,4.3.0 NVIDIA 591.86,false,assets/heightmaps/Hm_Terrain_Test_129.pgm,129,129,80.000,12.000,20,4.000,2.000,200000,2.744,0.000,18.000,32.617,10.352,21745,65224,21743,92,46,132,55,0,0,0,0,8,0.000,9.942,9.665,0.185,3.075,0.137,0.381,0.470,1.968,0.122,0.370,1.232,1.726,0.173,0.000,0.000,0.000,0.000,0.000,0.000,0.000,0.000,0.000,0.000,0.000,0.000,0.000,0.000,0.000,0.000,0,0,2.559,3.212,1.602,0.000,17
Data-Oriented CPU ROAM,RelWithDebInfo,OpenGL,NVIDIA GeForce RTX 5090 D/PCIe/SSE2,4.3.0 NVIDIA 591.86,false,assets/heightmaps/Hm_Terrain_Test_129.pgm,129,129,80.000,12.000,20,4.000,2.000,200000,2.754,0.000,18.000,32.568,10.280,21744,65364,21742,70,35,71,42,0,0,0,0,8,142.312,11.257,10.978,0.172,3.697,0.081,0.390,0.294,2.280,0.136,0.544,1.676,1.706,0.170,0.000,0.000,0.000,0.000,0.000,0.000,0.000,0.000,0.000,0.000,0.000,0.000,0.000,0.000,0.000,0.000,0,0,2.710,3.779,2.220,0.000,17
Data-Oriented CPU ROAM,RelWithDebInfo,OpenGL,NVIDIA GeForce RTX 5090 D/PCIe/SSE2,4.3.0 NVIDIA 591.86,false,assets/heightmaps/Hm_Terrain_Test_129.pgm,129,129,80.000,12.000,20,4.000,2.000,200000,2.766,0.000,18.000,32.512,11.591,21660,65476,21658,56,28,140,33,0,0,0,0,8,161.277,9.964,9.687,0.171,3.349,0.133,0.382,0.204,1.955,0.079,0.364,1.289,1.761,0.178,0.000,0.000,0.000,0.000,0.000,0.000,0.000,0.000,0.000,0.000,0.000,0.000,0.000,0.000,0.000,0.000,0,0,2.238,3.482,1.653,0.000,17
Data-Oriented CPU ROAM,RelWithDebInfo,OpenGL,NVIDIA GeForce RTX 5090 D/PCIe/SSE2,4.3.0 NVIDIA 591.86,false,assets/heightmaps/Hm_Terrain_Test_129.pgm,129,129,80.000,12.000,20,4.000,2.000,200000,2.776,0.000,18.000,32.463,10.284,21658,65620,21656,72,36,74,37,0,0,0,0,8,0.000,10.155,9.878,0.174,3.710,0.086,0.375,0.203,1.988,0.103,0.365,1.210,1.663,0.167,0.000,0.000,0.000,0.000,0.000,0.000,0.000,0.000,0.000,0.000,0.000,0.000,0.000,0.000,0.000,0.000,0,0,2.294,3.796,1.575,0.000,17
Data-Oriented CPU ROAM,RelWithDebInfo,OpenGL,NVIDIA GeForce RTX 5090 D/PCIe/SSE2,4.3.0 NVIDIA 591.86,false,assets/heightmaps/Hm_Terrain_Test_129.pgm,129,129,80.000,12.000,20,4.000,2.000,200000,2.787,0.000,18.000,32.412,10.455,21664,65772,21662,76,38,70,42,0,0,0,0,8,327.582,9.815,9.538,0.171,3.478,0.081,0.387,0.218,1.829,0.101,0.368,1.223,1.684,0.169,0.000,0.000,0.000,0.000,0.000,0.000,0.000,0.000,0.000,0.000,0.000,0.000,0.000,0.000,0.000,0.000,0,0,2.147,3.559,1.591,0.000,17
Data-Oriented CPU ROAM,RelWithDebInfo,OpenGL,NVIDIA GeForce RTX 5090 D/PCIe/SSE2,4.3.0 NVIDIA 591.86,false,assets/heightmaps/Hm_Terrain_Test_129.pgm,129,129,80.000,12.000,20,4.000,2.000,200000,2.797,0.000,18.000,32.364,10.125,21684,65940,21682,86,44,66,47,0,0,0,0,8,162.915,9.872,9.590,0.171,3.438,0.084,0.385,0.202,1.842,0.105,0.368,1.227,1.768,0.173,0.000,0.000,0.000,0.000,0.000,0.000,0.000,0.000,0.000,0.000,0.000,0.000,0.000,0.000,0.000,0.000,0,0,2.149,3.522,1.595,0.000,17
Data-Oriented CPU ROAM,RelWithDebInfo,OpenGL,NVIDIA GeForce RTX 5090 D/PCIe/SSE2,4.3.0 NVIDIA 591.86,false,assets/heightmaps/Hm_Terrain_Test_129.pgm,129,129,80.000,12.000,20,4.000,2.000,200000,2.807,0.000,18.000,32.314,10.233,21688,66084,21686,72,36,68,39,0,0,0,0,8,0.000,9.846,9.560,0.177,3.011,0.080,0.380,0.318,2.244,0.096,0.366,1.226,1.661,0.171,0.000,0.000,0.000,0.000,0.000,0.000,0.000,0.000,0.000,0.000,0.000,0.000,0.000,0.000,0.000,0.000,0,0,2.658,3.091,1.592,0.000,17
Data-Oriented CPU ROAM,RelWithDebInfo,OpenGL,NVIDIA GeForce RTX 5090 D/PCIe/SSE2,4.3.0 NVIDIA 591.86,false,assets/heightmaps/Hm_Terrain_Test_129.pgm,129,129,80.000,12.000,20,4.000,2.000,200000,2.817,0.000,18.000,32.265,10.161,21658,66212,21656,64,32,94,38,0,0,0,0,8,150.326,10.676,10.393,0.167,3.317,0.105,0.384,0.388,1.991,0.124,0.381,1.731,1.805,0.180,0.000,0.000,0.000,0.000,0.000,0.000,0.000,0.000,0.000,0.000,0.000,0.000,0.000,0.000,0.000,0.000,0,0,2.503,3.422,2.112,0.000,17
Data-Oriented CPU ROAM,RelWithDebInfo,OpenGL,NVIDIA GeForce RTX 5090 D/PCIe/SSE2,4.3.0 NVIDIA 591.86,false,assets/heightmaps/Hm_Terrain_Test_129.pgm,129,129,80.000,12.000,20,4.000,2.000,200000,2.828,0.000,18.000,32.211,10.999,21640,66352,21638,70,35,88,35,0,0,0,0,8,162.041,9.919,9.642,0.178,3.114,0.088,0.388,0.303,2.092,0.094,0.365,1.241,1.780,0.172,0.000,0.000,0.000,0.000,0.000,0.000,0.000,0.000,0.000,0.000,0.000,0.000,0.000,0.000,0.000,0.000,0,0,2.489,3.202,1.606,0.000,17
Data-Oriented CPU ROAM,RelWithDebInfo,OpenGL,NVIDIA GeForce RTX 5090 D/PCIe/SSE2,4.3.0 NVIDIA 591.86,false,assets/heightmaps/Hm_Terrain_Test_129.pgm,129,129,80.000,12.000,20,4.000,2.000,200000,2.838,0.000,18.000,32.161,10.222,21646,66492,21644,70,35,64,39,0,0,0,0,8,0.000,11.415,11.134,0.181,3.745,0.084,0.380,0.246,2.256,0.142,0.521,1.728,1.852,0.183,0.000,0.000,0.000,0.000,0.000,0.000,0.000,0.000,0.000,0.000,0.000,0.000,0.000,0.000,0.000,0.000,0,0,2.643,3.829,2.249,0.000,17
Data-Oriented CPU ROAM,RelWithDebInfo,OpenGL,NVIDIA GeForce RTX 5090 D/PCIe/SSE2,4.3.0 NVIDIA 591.86,false,assets/heightmaps/Hm_Terrain_Test_129.pgm,129,129,80.000,12.000,20,4.000,2.000,200000,2.850,0.000,18.000,32.104,11.748,21650,66684,21648,96,48,92,50,0,0,0,0,8,899.453,10.721,10.422,0.173,3.342,0.092,0.386,0.207,2.066,0.137,0.366,1.803,1.849,0.186,0.000,0.000,0.000,0.000,0.000,0.000,0.000,0.000,0.000,0.000,0.000,0.000,0.000,0.000,0.000,0.000,0,0,2.410,3.434,2.170,0.000,17
Data-Oriented CPU ROAM,RelWithDebInfo,OpenGL,NVIDIA GeForce RTX 5090 D/PCIe/SSE2,4.3.0 NVIDIA 591.86,false,assets/heightmaps/Hm_Terrain_Test_129.pgm,129,129,80.000,12.000,20,4.000,2.000,200000,2.861,0.000,18.000,32.050,11.077,21662,66828,21660,72,36,60,39,0,0,0,0,8,308.219,10.413,10.137,0.188,2.991,0.079,0.385,0.360,2.194,0.135,0.448,1.683,1.674,0.170,0.000,0.000,0.000,0.000,0.000,0.000,0.000,0.000,0.000,0.000,0.000,0.000,0.000,0.000,0.000,0.000,0,0,2.690,3.070,2.130,0.000,17
Data-Oriented CPU ROAM,RelWithDebInfo,OpenGL,NVIDIA GeForce RTX 5090 D/PCIe/SSE2,4.3.0 NVIDIA 591.86,false,assets/heightmaps/Hm_Terrain_Test_129.pgm,129,129,80.000,12.000,20,4.000,2.000,200000,2.872,0.000,18.000,31.997,10.768,21636,67008,21634,90,45,116,53,0,0,0,0,8,0.000,10.075,9.792,0.166,3.298,0.112,0.404,0.211,2.124,0.122,0.364,1.227,1.763,0.180,0.000,0.000,0.000,0.000,0.000,0.000,0.000,0.000,0.000,0.000,0.000,0.000,0.000,0.000,0.000,0.000,0,0,2.456,3.411,1.592,0.000,17
Data-Oriented CPU ROAM,RelWithDebInfo,OpenGL,NVIDIA GeForce RTX 5090 D/PCIe/SSE2,4.3.0 NVIDIA 591.86,false,assets/heightmaps/Hm_Terrain_Test_129.pgm,129,129,80.000,12.000,20,4.000,2.000,200000,2.882,0.000,18.000,31.946,10.403,21654,67200,21652,96,48,78,54,0,0,0,0,8,150.222,10.676,10.400,0.227,3.547,0.096,0.383,0.351,2.161,0.128,0.367,1.282,1.858,0.174,0.000,0.000,0.000,0.000,0.000,0.000,0.000,0.000,0.000,0.000,0.000,0.000,0.000,0.000,0.000,0.000,0,0,2.640,3.643,1.649,0.000,17
Data-Oriented CPU ROAM,RelWithDebInfo,OpenGL,NVIDIA GeForce RTX 5090 D/PCIe/SSE2,4.3.0 NVIDIA 591.86,false,assets/heightmaps/Hm_Terrain_Test_129.pgm,129,129,80.000,12.000,20,4.000,2.000,200000,2.893,0.000,18.000,31.891,11.016,21662,67340,21660,70,35,62,40,0,0,0,0,8,145.709,10.996,10.722,0.175,3.586,0.075,0.425,0.394,2.369,0.134,0.464,1.299,1.802,0.171,0.000,0.000,0.000,0.000,0.000,0.000,0.000,0.000,0.000,0.000,0.000,0.000,0.000,0.000,0.000,0.000,0,0,2.897,3.661,1.763,0.000,17
Data-Oriented CPU ROAM,RelWithDebInfo,OpenGL,NVIDIA GeForce RTX 5090 D/PCIe/SSE2,4.3.0 NVIDIA 591.86,false,assets/heightmaps/Hm_Terrain_Test_129.pgm,129,129,80.000,12.000,20,4.000,2.000,200000,2.905,0.000,18.000,31.835,11.349,21652,67484,21650,72,36,82,38,0,0,0,0,8,0.000,9.953,9.685,0.174,3.352,0.094,0.387,0.204,2.197,0.095,0.367,1.202,1.613,0.165,0.000,0.000,0.000,0.000,0.000,0.000,0.000,0.000,0.000,0.000,0.000,0.000,0.000,0.000,0.000,0.000,0,0,2.496,3.446,1.569,0.000,17
Data-Oriented CPU ROAM,RelWithDebInfo,OpenGL,NVIDIA GeForce RTX 5090 D/PCIe/SSE2,4.3.0 NVIDIA 591.86,false,assets/heightmaps/Hm_Terrain_Test_129.pgm,129,129,80.000,12.000,20,4.000,2.000,200000,2.915,0.000,18.000,31.785,10.247,21628,67612,21626,64,32,88,35,0,0,0,0,8,0.000,9.705,9.419,0.164,3.340,0.106,0.378,0.203,1.756,0.098,0.365,1.211,1.797,0.187,0.000,0.000,0.000,0.000,0.000,0.000,0.000,0.000,0.000,0.000,0.000,0.000,0.000,0.000,0.000,0.000,0,0,2.058,3.446,1.576,0.000,17
Data-Oriented CPU ROAM,RelWithDebInfo,OpenGL,NVIDIA GeForce RTX 5090 D/PCIe/SSE2,4.3.0 NVIDIA 591.86,false,assets/heightmaps/Hm_Terrain_Test_129.pgm,129,129,80.000,12.000,20,4.000,2.000,200000,2.925,0.000,18.000,31.735,10.057,21620,67784,21618,86,43,94,50,0,0,0,0,8,149.347,10.742,10.461,0.187,3.044,0.091,0.381,0.217,2.562,0.111,0.371,1.765,1.731,0.173,0.000,0.000,0.000,0.000,0.000,0.000,0.000,0.000,0.000,0.000,0.000,0.000,0.000,0.000,0.000,0.000,0,0,2.890,3.136,2.136,0.000,17
Data-Oriented CPU ROAM,RelWithDebInfo,OpenGL,NVIDIA GeForce RTX 5090 D/PCIe/SSE2,4.3.0 NVIDIA 591.86,false,assets/heightmaps/Hm_Terrain_Test_129.pgm,129,129,80.000,12.000,20,4.000,2.000,200000,2.936,0.000,18.000,31.680,11.054,21656,67952,21654,84,42,48,49,0,0,0,0,8,159.740,10.110,9.780,0.174,3.265,0.058,0.378,0.205,1.804,0.200,0.663,1.236,1.797,0.224,0.000,0.000,0.000,0.000,0.000,0.000,0.000,0.000,0.000,0.000,0.000,0.000,0.000,0.000,0.000,0.000,0,0,2.210,3.322,1.899,0.000,17
Data-Oriented CPU ROAM,RelWithDebInfo,OpenGL,NVIDIA GeForce RTX 5090 D/PCIe/SSE2,4.3.0 NVIDIA 591.86,false,assets/heightmaps/Hm_Terrain_Test_129.pgm,129,129,80.000,12.000,20,4.000,2.000,200000,2.947,0.000,18.000,31.628,10.462,21652,68120,21650,84,42,88,46,0,0,0,0,8,0.000,9.881,9.601,0.177,3.003,0.094,0.382,0.208,2.216,0.116,0.368,1.216,1.821,0.173,0.000,0.000,0.000,0.000,0.000,0.000,0.000,0.000,0.000,0.000,0.000,0.000,0.000,0.000,0.000,0.000,0,0,2.540,3.097,1.584,0.000,17
Data-Oriented CPU ROAM,RelWithDebInfo,OpenGL,NVIDIA GeForce RTX 5090 D/PCIe/SSE2,4.3.0 NVIDIA 591.86,false,assets/heightmaps/Hm_Terrain_Test_129.pgm,129,129,80.000,12.000,20,4.000,2.000,200000,2.957,0.000,18.000,31.577,10.206,21657,68280,21655,80,40,75,45,0,0,0,0,8,163.030,9.861,9.583,0.168,3.493,0.079,0.389,0.209,1.900,0.104,0.367,1.194,1.678,0.167,0.000,0.000,0.000,0.000,0.000,0.000,0.000,0.000,0.000,0.000,0.000,0.000,0.000,0.000,0.000,0.000,0,0,2.214,3.572,1.562,0.000,17
Data-Oriented CPU ROAM,RelWithDebInfo,OpenGL,NVIDIA GeForce RTX 5090 D/PCIe/SSE2,4.3.0 NVIDIA 591.86,false,assets/heightmaps/Hm_Terrain_Test_129.pgm,129,129,80.000,12.000,20,4.000,2.000,200000,2.967,0.000,18.000,31.526,10.232,21679,68468,21677,94,47,72,51,0,0,0,0,8,159.387,10.079,9.802,0.169,3.146,0.080,0.390,0.209,2.239,0.128,0.368,1.227,1.847,0.178,0.000,0.000,0.000,0.000,0.000,0.000,0.000,0.000,0.000,0.000,0.000,0.000,0.000,0.000,0.000,0.000,0,0,2.576,3.226,1.596,0.000,17
Data-Oriented CPU ROAM,RelWithDebInfo,OpenGL,NVIDIA GeForce RTX 5090 D/PCIe/SSE2,4.3.0 NVIDIA 591.86,false,assets/heightmaps/Hm_Terrain_Test_129.pgm,129,129,80.000,12.000,20,4.000,2.000,200000,2.977,0.000,18.000,31.473,10.392,21671,68676,21669,104,51,112,57,0,0,0,0,8,0.000,10.427,10.141,0.199,3.624,0.114,0.386,0.205,1.977,0.141,0.371,1.209,1.916,0.176,0.000,0.000,0.000,0.000,0.000,0.000,0.000,0.000,0.000,0.000,0.000,0.000,0.000,0.000,0.000,0.000,0,0,2.323,3.738,1.580,0.000,17
Data-Oriented CPU ROAM,RelWithDebInfo,OpenGL,NVIDIA GeForce RTX 5090 D/PCIe/SSE2,4.3.0 NVIDIA 591.86,false,assets/heightmaps/Hm_Terrain_Test_129.pgm,129,129,80.000,12.000,20,4.000,2.000,200000,2.988,0.000,18.000,31.419,10.770,21686,68824,21684,74,37,59,39,0,0,0,0,8,163.777,9.803,9.539,0.179,3.026,0.069,0.387,0.207,2.263,0.098,0.369,1.221,1.720,0.169,0.000,0.000,0.000,0.000,0.000,0.000,0.000,0.000,0.000,0.000,0.000,0.000,0.000,0.000,0.000,0.000,0,0,2.568,3.095,1.590,0.000,17
Data-Oriented CPU ROAM,RelWithDebInfo,OpenGL,NVIDIA GeForce RTX 5090 D/PCIe/SSE2,4.3.0 NVIDIA 591.86,false,assets/heightmaps/Hm_Terrain_Test_129.pgm,129,129,80.000,12.000,20,4.000,2.000,200000,2.998,0.000,18.000,31.368,10.125,21690,68972,21688,74,37,70,41,0,0,0,0,8,0.000,10.424,10.150,0.167,3.600,0.088,0.426,0.204,2.279,0.095,0.364,1.209,1.717,0.163,0.000,0.000,0.000,0.000,0.000,0.000,0.000,0.000,0.000,0.000,0.000,0.000,0.000,0.000,0.000,0.000,0,0,2.578,3.689,1.574,0.000,17
Data-Oriented CPU ROAM,RelWithDebInfo,OpenGL,NVIDIA GeForce RTX 5090 D/PCIe/SSE2,4.3.0 NVIDIA 591.86,false,assets/heightmaps/Hm_Terrain_Test_129.pgm,129,129,80.000,12.000,20,4.000,2.000,200000,3.009,0.000,18.000,31.314,10.762,21612,69100,21610,64,32,142,35,0,0,0,0,8,0.000,10.736,10.460,0.171,3.004,0.126,0.384,0.276,2.290,0.128,0.535,1.694,1.853,0.170,0.000,0.000,0.000,0.000,0.000,0.000,0.000,0.000,0.000,0.000,0.000,0.000,0.000,0.000,0.000,0.000,0,0,2.694,3.130,2.228,0.000,17
Data-Oriented CPU ROAM,RelWithDebInfo,OpenGL,NVIDIA GeForce RTX 5090 D/PCIe/SSE2,4.3.0 NVIDIA 591.86,false,assets/heightmaps/Hm_Terrain_Test_129.pgm,129,129,80.000,12.000,20,4.000,2.000,200000,3.020,0.000,18.000,31.258,11.055,21572,69272,21570,86,43,126,48,0,0,0,0,8,159.206,10.106,9.813,0.173,3.263,0.126,0.380,0.202,1.781,0.125,0.366,1.658,1.739,0.185,0.000,0.000,0.000,0.000,0.000,0.000,0.000,0.000,0.000,0.000,0.000,0.000,0.000,0.000,0.000,0.000,0,0,2.108,3.389,2.024,0.000,17
Data-Oriented CPU ROAM,RelWithDebInfo,OpenGL,NVIDIA GeForce RTX 5090 D/PCIe/SSE2,4.3.0 NVIDIA 591.86,false,assets/heightmaps/Hm_Terrain_Test_129.pgm,129,129,80.000,12.000,20,4.000,2.000,200000,3.031,0.000,18.000,31.205,10.452,21586,69444,21584,86,43,72,47,0,0,0,0,8,1281.762,10.031,9.751,0.200,3.533,0.083,0.401,0.207,1.926,0.113,0.368,1.203,1.718,0.172,0.000,0.000,0.000,0.000,0.000,0.000,0.000,0.000,0.000,0.000,0.000,0.000,0.000,0.000,0.000,0.000,0,0,2.245,3.616,1.571,0.000,17
Data-Oriented CPU ROAM,RelWithDebInfo,OpenGL,NVIDIA GeForce RTX 5090 D/PCIe/SSE2,4.3.0 NVIDIA 591.86,false,assets/heightmaps/Hm_Terrain_Test_129.pgm,129,129,80.000,12.000,20,4.000,2.000,200000,3.041,0.000,18.000,31.153,10.371,21556,69632,21554,94,47,124,54,0,0,0,0,8,0.000,10.797,10.503,0.176,3.329,0.132,0.373,0.387,2.350,0.135,0.365,1.360,1.895,0.192,0.000,0.000,0.000,0.000,0.000,0.000,0.000,0.000,0.000,0.000,0.000,0.000,0.000,0.000,0.000,0.000,0,0,2.873,3.461,1.725,0.000,17
Data-Oriented CPU ROAM,RelWithDebInfo,OpenGL,NVIDIA GeForce RTX 5090 D/PCIe/SSE2,4.3.0 NVIDIA 591.86,false,assets/heightmaps/Hm_Terrain_Test_129.pgm,129,129,80.000,12.000,20,4.000,2.000,200000,3.052,0.000,18.000,31.096,11.145,21526,69784,21524,76,38,106,49,0,0,0,0,8,167.005,9.641,9.354,0.199,3.127,0.100,0.398,0.207,1.933,0.100,0.366,1.203,1.721,0.173,0.000,0.000,0.000,0.000,0.000,0.000,0.000,0.000,0.000,0.000,0.000,0.000,0.000,0.000,0.000,0.000,0,0,2.241,3.227,1.569,0.000,17
Data-Oriented CPU ROAM,RelWithDebInfo,OpenGL,NVIDIA GeForce RTX 5090 D/PCIe/SSE2,4.3.0 NVIDIA 591.86,false,assets/heightmaps/Hm_Terrain_Test_129.pgm,129,129,80.000,12.000,20,4.000,2.000,200000,3.062,0.000,18.000,31.045,9.976,21517,69892,21515,54,27,63,29,0,0,0,0,8,155.756,10.311,10.030,0.195,3.256,0.075,0.382,0.380,2.309,0.076,0.367,1.237,1.753,0.175,0.000,0.000,0.000,0.000,0.000,0.000,0.000,0.000,0.000,0.000,0.000,0.000,0.000,0.000,0.000,0.000,0,0,2.764,3.331,1.604,0.000,17
Data-Oriented CPU ROAM,RelWithDebInfo,OpenGL,NVIDIA GeForce RTX 5090 D/PCIe/SSE2,4.3.0 NVIDIA 591.86,false,assets/heightmaps/Hm_Terrain_Test_129.pgm,129,129,80.000,12.000,20,4.000,2.000,200000,3.073,0.000,18.000,30.991,10.659,21505,70080,21503,94,47,106,56,0,0,0,0,8,0.000,9.904,9.630,0.191,3.411,0.107,0.378,0.203,1.978,0.117,0.364,1.210,1.670,0.168,0.000,0.000,0.000,0.000,0.000,0.000,0.000,0.000,0.000,0.000,0.000,0.000,0.000,0.000,0.000,0.000,0,0,2.298,3.518,1.575,0.000,17
Data-Oriented CPU ROAM,RelWithDebInfo,OpenGL,NVIDIA GeForce RTX 5090 D/PCIe/SSE2,4.3.0 NVIDIA 591.86,false,assets/heightmaps/Hm_Terrain_Test_129.pgm,129,129,80.000,12.000,20,4.000,2.000,200000,3.083,0.000,18.000,30.939,10.204,21531,70264,21529,92,46,66,53,0,0,0,0,8,159.101,10.116,9.820,0.178,3.409,0.081,0.384,0.206,1.845,0.123,0.363,1.237,1.993,0.186,0.000,0.000,0.000,0.000,0.000,0.000,0.000,0.000,0.000,0.000,0.000,0.000,0.000,0.000,0.000,0.000,0,0,2.174,3.489,1.601,0.000,17
Data-Oriented CPU ROAM,RelWithDebInfo,OpenGL,NVIDIA GeForce RTX 5090 D/PCIe/SSE2,4.3.0 NVIDIA 591.86,false,assets/heightmaps/Hm_Terrain_Test_129.pgm,129,129,80.000,12.000,20,4.000,2.000,200000,3.093,0.000,18.000,30.885,10.467,21525,70412,21523,74,37,80,42,0,0,0,0,8,1269.358,10.137,9.846,0.176,3.568,0.080,0.388,0.201,1.696,0.091,0.367,1.596,1.684,0.186,0.000,0.000,0.000,0.000,0.000,0.000,0.000,0.000,0.000,0.000,0.000,0.000,0.000,0.000,0.000,0.000,0,0,1.988,3.647,1.962,0.000,17
Data-Oriented CPU ROAM,RelWithDebInfo,OpenGL,NVIDIA GeForce RTX 5090 D/PCIe/SSE2,4.3.0 NVIDIA 591.86,false,assets/heightmaps/Hm_Terrain_Test_129.pgm,129,129,80.000,12.000,20,4.000,2.000,200000,3.104,0.000,18.000,30.831,10.447,21523,70560,21521,74,37,76,40,0,0,0,0,8,0.000,9.744,9.447,0.174,3.322,0.095,0.375,0.205,1.886,0.099,0.358,1.205,1.728,0.185,0.000,0.000,0.000,0.000,0.000,0.000,0.000,0.000,0.000,0.000,0.000,0.000,0.000,0.000,0.000,0.000,0,0,2.190,3.417,1.563,0.000,17
Data-Oriented CPU ROAM,RelWithDebInfo,OpenGL,NVIDIA GeForce RTX 5090 D/PCIe/SSE2,4.3.0 NVIDIA 591.86,false,assets/heightmaps/Hm_Terrain_Test_129.pgm,129,129,80.000,12.000,20,4.000,2.000,200000,3.114,0.000,18.000,30.780,10.073,21531,70712,21529,76,38,68,42,0,0,0,0,8,165.663,9.708,9.431,0.170,3.315,0.076,0.394,0.204,1.789,0.104,0.370,1.241,1.768,0.175,0.000,0.000,0.000,0.000,0.000,0.000,0.000,0.000,0.000,0.000,0.000,0.000,0.000,0.000,0.000,0.000,0,0,2.097,3.391,1.611,0.000,17
Data-Oriented CPU ROAM,RelWithDebInfo,OpenGL,NVIDIA GeForce RTX 5090 D/PCIe/SSE2,4.3.0 NVIDIA 591.86,false,assets/heightmaps/Hm_Terrain_Test_129.pgm,129,129,80.000,12.000,20,4.000,2.000,200000,3.124,0.000,18.000,30.728,10.042,21546,70880,21544,84,42,69,43,0,0,0,0,8,1156.283,11.392,10.809,0.168,3.287,0.084,0.383,0.381,2.324,0.143,0.365,1.711,1.962,0.305,0.000,0.000,0.000,0.000,0.000,0.000,0.000,0.000,0.000,0.000,0.000,0.000,0.000,0.000,0.000,0.000,0,0,2.849,3.371,2.076,0.000,17
Data-Oriented CPU ROAM,RelWithDebInfo,OpenGL,NVIDIA GeForce RTX 5090 D/PCIe/SSE2,4.3.0 NVIDIA 591.86,false,assets/heightmaps/Hm_Terrain_Test_129.pgm,129,129,80.000,12.000,20,4.000,2.000,200000,3.136,0.000,18.000,30.666,12.072,21522,71084,21520,102,51,126,58,0,0,0,0,8,0.000,11.094,10.811,0.203,3.401,0.311,0.386,0.212,2.599,0.131,0.362,1.342,1.863,0.174,0.000,0.000,0.000,0.000,0.000,0.000,0.000,0.000,0.000,0.000,0.000,0.000,0.000,0.000,0.000,0.000,0,0,2.943,3.712,1.703,0.000,17
Data-Oriented CPU ROAM,RelWithDebInfo,OpenGL,NVIDIA GeForce RTX 5090 D/PCIe/SSE2,4.3.0 NVIDIA 591.86,false,assets/heightmaps/Hm_Terrain_Test_129.pgm,129,129,80.000,12.000,20,4.000,2.000,200000,3.148,0.000,18.000,30.606,11.474,21544,71280,21542,98,49,76,53,0,0,0,0,8,153.785,10.428,10.159,0.216,3.440,0.077,0.378,0.205,2.415,0.125,0.365,1.192,1.745,0.170,0.000,0.000,0.000,0.000,0.000,0.000,0.000,0.000,0.000,0.000,0.000,0.000,0.000,0.000,0.000,0.000,0,0,2.745,3.517,1.558,0.000,17
Data-Oriented CPU ROAM,RelWithDebInfo,OpenGL,NVIDIA GeForce RTX 5090 D/PCIe/SSE2,4.3.0 NVIDIA 591.86,false,assets/heightmaps/Hm_Terrain_Test_129.pgm,129,129,80.000,12.000,20,4.000,2.000,200000,3.158,0.000,18.000,30.550,10.758,21530,71476,21528,98,49,112,58,0,0,0,0,8,732.509,10.957,10.664,0.174,3.691,0.113,0.379,0.230,2.358,0.124,0.366,1.260,1.969,0.191,0.000,0.000,0.000,0.000,0.000,0.000,0.000,0.000,0.000,0.000,0.000,0.000,0.000,0.000,0.000,0.000,0,0,2.712,3.804,1.626,0.000,17
Data-Oriented CPU ROAM,RelWithDebInfo,OpenGL,NVIDIA GeForce RTX 5090 D/PCIe/SSE2,4.3.0 NVIDIA 591.86,false,assets/heightmaps/Hm_Terrain_Test_129.pgm,129,129,80.000,12.000,20,4.000,2.000,200000,3.170,0.000,18.000,30.492,11.287,21444,71632,21442,78,39,164,41,0,0,0,0,8,0.000,9.699,9.426,0.181,3.521,0.141,0.397,0.203,1.656,0.100,0.362,1.197,1.668,0.166,0.000,0.000,0.000,0.000,0.000,0.000,0.000,0.000,0.000,0.000,0.000,0.000,0.000,0.000,0.000,0.000,0,0,1.959,3.662,1.559,0.000,17
Data-Oriented CPU ROAM,RelWithDebInfo,OpenGL,NVIDIA GeForce RTX 5090 D/PCIe/SSE2,4.3.0 NVIDIA 591.86,false,assets/heightmaps/Hm_Terrain_Test_129.pgm,129,129,80.000,12.000,20,4.000,2.000,200000,3.180,0.000,18.000,30.440,10.001,21414,71752,21412,60,30,90,39,0,0,0,0,8,0.000,10.586,10.298,0.175,3.526,0.086,0.382,0.206,2.200,0.088,0.365,1.572,1.698,0.187,0.000,0.000,0.000,0.000,0.000,0.000,0.000,0.000,0.000,0.000,0.000,0.000,0.000,0.000,0.000,0.000,0,0,2.494,3.612,1.938,0.000,17
Data-Oriented CPU ROAM,RelWithDebInfo,OpenGL,NVIDIA GeForce RTX 5090 D/PCIe/SSE2,4.3.0 NVIDIA 591.86,false,assets/heightmaps/Hm_Terrain_Test_129.pgm,129,129,80.000,12.000,20,4.000,2.000,200000,3.191,0.000,18.000,30.383,10.918,21460,71964,21458,106,53,60,59,0,0,0,0,8,158.994,10.101,9.826,0.175,3.550,0.069,0.408,0.204,2.061,0.138,0.366,1.190,1.664,0.168,0.000,0.000,0.000,0.000,0.000,0.000,0.000,0.000,0.000,0.000,0.000,0.000,0.000,0.000,0.000,0.000,0,0,2.404,3.619,1.556,0.000,17
Data-Oriented CPU ROAM,RelWithDebInfo,OpenGL,NVIDIA GeForce RTX 5090 D/PCIe/SSE2,4.3.0 NVIDIA 591.86,false,assets/heightmaps/Hm_Terrain_Test_129.pgm,129,129,80.000,12.000,20,4.000,2.000,200000,3.201,0.000,18.000,30.329,10.418,21484,72076,21482,56,28,32,32,0,0,0,0,8,147.265,10.900,10.609,0.168,3.319,0.045,0.380,0.383,2.294,0.106,0.449,1.711,1.753,0.187,0.000,0.000,0.000,0.000,0.000,0.000,0.000,0.000,0.000,0.000,0.000,0.000,0.000,0.000,0.000,0.000,0,0,2.783,3.365,2.160,0.000,17
Data-Oriented CPU ROAM,RelWithDebInfo,OpenGL,NVIDIA GeForce RTX 5090 D/PCIe/SSE2,4.3.0 NVIDIA 591.86,false,assets/heightmaps/Hm_Terrain_Test_129.pgm,129,129,80.000,12.000,20,4.000,2.000,200000,3.212,0.000,18.000,30.270,11.223,21506,72308,21504,116,58,94,61,0,0,0,0,8,0.000,9.228,8.960,0.171,2.939,0.096,0.384,0.203,1.824,0.146,0.363,1.183,1.651,0.164,0.000,0.000,0.000,0.000,0.000,0.000,0.000,0.000,0.000,0.000,0.000,0.000,0.000,0.000,0.000,0.000,0,0,2.172,3.035,1.546,0.000,17
Data-Oriented CPU ROAM,RelWithDebInfo,OpenGL,NVIDIA GeForce RTX 5090 D/PCIe/SSE2,4.3.0 NVIDIA 591.86,false,assets/heightmaps/Hm_Terrain_Test_129.pgm,129,129,80.000,12.000,20,4.000,2.000,200000,3.222,0.000,18.000,30.220,9.554,21495,72444,21493,68,33,79,38,0,0,0,0,8,156.069,10.297,10.010,0.174,3.497,0.089,0.378,0.204,2.269,0.093,0.363,1.211,1.733,0.179,0.000,0.000,0.000,0.000,0.000,0.000,0.000,0.000,0.000,0.000,0.000,0.000,0.000,0.000,0.000,0.000,0,0,2.566,3.586,1.574,0.000,17
Data-Oriented CPU ROAM,RelWithDebInfo,OpenGL,NVIDIA GeForce RTX 5090 D/PCIe/SSE2,4.3.0 NVIDIA 591.86,false,assets/heightmaps/Hm_Terrain_Test_129.pgm,129,129,80.000,12.000,20,4.000,2.000,200000,3.232,0.000,18.000,30.164,10.615,21496,72592,21494,74,37,73,38,0,0,0,0,8,0.000,10.336,10.035,0.170,3.409,0.079,0.384,0.206,1.961,0.102,0.363,1.647,1.713,0.189,0.000,0.000,0.000,0.000,0.000,0.000,0.000,0.000,0.000,0.000,0.000,0.000,0.000,0.000,0.000,0.000,0,0,2.269,3.488,2.010,0.000,17
Data-Oriented CPU ROAM,RelWithDebInfo,OpenGL,NVIDIA GeForce RTX 5090 D/PCIe/SSE2,4.3.0 NVIDIA 591.86,false,assets/heightmaps/Hm_Terrain_Test_129.pgm,129,129,80.000,12.000,20,4.000,2.000,200000,3.243,0.000,18.000,30.108,10.642,21523,72764,21521,86,43,59,44,0,0,0,0,8,0.000,10.011,9.726,0.182,2.959,0.074,0.375,0.205,2.343,0.113,0.363,1.365,1.746,0.183,0.000,0.000,0.000,0.000,0.000,0.000,0.000,0.000,0.000,0.000,0.000,0.000,0.000,0.000,0.000,0.000,0,0,2.661,3.033,1.728,0.000,17
Data-Oriented CPU ROAM,RelWithDebInfo,OpenGL,NVIDIA GeForce RTX 5090 D/PCIe/SSE2,4.3.0 NVIDIA 591.86,false,assets/heightmaps/Hm_Terrain_Test_129.pgm,129,129,80.000,12.000,20,4.000,2.000,200000,3.253,0.000,18.000,30.054,10.327,21505,72912,21503,74,37,92,41,0,0,0,0,8,156.497,10.267,9.983,0.177,3.650,0.103,0.442,0.205,2.028,0.102,0.364,1.197,1.716,0.173,0.000,0.000,0.000,0.000,0.000,0.000,0.000,0.000,0.000,0.000,0.000,0.000,0.000,0.000,0.000,0.000,0,0,2.335,3.753,1.560,0.000,17
Data-Oriented CPU ROAM,RelWithDebInfo,OpenGL,NVIDIA GeForce RTX 5090 D/PCIe/SSE2,4.3.0 NVIDIA 591.86,false,assets/heightmaps/Hm_Terrain_Test_129.pgm,129,129,80.000,12.000,20,4.000,2.000,200000,3.264,0.000,18.000,29.998,10.588,21397,73060,21395,74,37,182,51,0,0,0,0,8,144.394,11.108,10.820,0.178,3.255,0.170,0.379,0.383,2.352,0.143,0.416,1.706,1.838,0.181,0.000,0.000,0.000,0.000,0.000,0.000,0.000,0.000,0.000,0.000,0.000,0.000,0.000,0.000,0.000,0.000,0,0,2.879,3.425,2.121,0.000,17
Data-Oriented CPU ROAM,RelWithDebInfo,OpenGL,NVIDIA GeForce RTX 5090 D/PCIe/SSE2,4.3.0 NVIDIA 591.86,false,assets/heightmaps/Hm_Terrain_Test_129.pgm,129,129,80.000,12.000,20,4.000,2.000,200000,3.275,0.000,18.000,29.938,11.430,21429,73300,21427,120,60,88,66,0,0,0,0,8,0.000,10.350,10.058,0.178,3.721,0.098,0.383,0.202,2.043,0.156,0.364,1.174,1.736,0.182,0.000,0.000,0.000,0.000,0.000,0.000,0.000,0.000,0.000,0.000,0.000,0.000,0.000,0.000,0.000,0.000,0,0,2.402,3.819,1.538,0.000,17
Data-Oriented CPU ROAM,RelWithDebInfo,OpenGL,NVIDIA GeForce RTX 5090 D/PCIe/SSE2,4.3.0 NVIDIA 591.86,false,assets/heightmaps/Hm_Terrain_Test_129.pgm,129,129,80.000,12.000,20,4.000,2.000,200000,3.286,0.000,18.000,29.881,10.702,21433,73444,21431,72,36,68,43,0,0,0,0,8,146.843,10.953,10.639,0.185,3.171,0.081,0.379,0.208,2.184,0.101,0.364,1.676,2.290,0.206,0.000,0.000,0.000,0.000,0.000,0.000,0.000,0.000,0.000,0.000,0.000,0.000,0.000,0.000,0.000,0.000,0,0,2.493,3.252,2.040,0.000,17
Data-Oriented CPU ROAM,RelWithDebInfo,OpenGL,NVIDIA GeForce RTX 5090 D/PCIe/SSE2,4.3.0 NVIDIA 591.86,false,assets/heightmaps/Hm_Terrain_Test_129.pgm,129,129,80.000,12.000,20,4.000,2.000,200000,3.297,0.000,18.000,29.821,11.385,21437,73580,21435,68,34,64,41,0,0,0,0,8,1177.313,10.949,10.616,0.212,3.573,0.078,0.400,0.217,2.380,0.133,0.534,1.282,1.806,0.208,0.000,0.000,0.000,0.000,0.000,0.000,0.000,0.000,0.000,0.000,0.000,0.000,0.000,0.000,0.000,0.000,0,0,2.731,3.651,1.816,0.000,17
Data-Oriented CPU ROAM,RelWithDebInfo,OpenGL,NVIDIA GeForce RTX 5090 D/PCIe/SSE2,4.3.0 NVIDIA 591.86,false,assets/heightmaps/Hm_Terrain_Test_129.pgm,129,129,80.000,12.000,20,4.000,2.000,200000,3.309,0.000,18.000,29.760,11.383,21405,73716,21403,68,34,100,36,0,0,0,0,8,0.000,9.939,9.653,0.184,3.310,0.115,0.404,0.207,2.046,0.102,0.361,1.180,1.745,0.172,0.000,0.000,0.000,0.000,0.000,0.000,0.000,0.000,0.000,0.000,0.000,0.000,0.000,0.000,0.000,0.000,0,0,2.356,3.425,1.541,0.000,17
Data-Oriented CPU ROAM,RelWithDebInfo,OpenGL,NVIDIA GeForce RTX 5090 D/PCIe/SSE2,4.3.0 NVIDIA 591.86,false,assets/heightmaps/Hm_Terrain_Test_129.pgm,129,129,80.000,12.000,20,4.000,2.000,200000,3.319,0.000,18.000,29.706,10.302,21379,73824,21377,54,27,80,34,0,0,0,0,8,939.313,10.255,9.979,0.168,3.326,0.100,0.376,0.388,2.244,0.110,0.385,1.211,1.669,0.169,0.000,0.000,0.000,0.000,0.000,0.000,0.000,0.000,0.000,0.000,0.000,0.000,0.000,0.000,0.000,0.000,0,0,2.743,3.427,1.596,0.000,17
Data-Oriented CPU ROAM,RelWithDebInfo,OpenGL,NVIDIA GeForce RTX 5090 D/PCIe/SSE2,4.3.0 NVIDIA 591.86,false,assets/heightmaps/Hm_Terrain_Test_129.pgm,129,129,80.000,12.000,20,4.000,2.000,200000,3.330,0.000,18.000,29.649,10.606,21367,74016,21365,96,48,108,55,0,0,0,0,8,320.763,10.031,9.741,0.171,3.416,0.101,0.382,0.203,2.064,0.128,0.362,1.197,1.717,0.179,0.000,0.000,0.000,0.000,0.000,0.000,0.000,0.000,0.000,0.000,0.000,0.000,0.000,0.000,0.000,0.000,0,0,2.394,3.517,1.559,0.000,17
Data-Oriented CPU ROAM,RelWithDebInfo,OpenGL,NVIDIA GeForce RTX 5090 D/PCIe/SSE2,4.3.0 NVIDIA 591.86,false,assets/heightmaps/Hm_Terrain_Test_129.pgm,129,129,80.000,12.000,20,4.000,2.000,200000,3.340,0.000,18.000,29.594,10.378,21405,74184,21403,84,42,46,48,0,0,0,0,8,0.000,9.540,9.215,0.174,3.212,0.060,0.382,0.201,1.764,0.106,0.362,1.210,1.745,0.212,0.000,0.000,0.000,0.000,0.000,0.000,0.000,0.000,0.000,0.000,0.000,0.000,0.000,0.000,0.000,0.000,0,0,2.071,3.272,1.571,0.000,17
Data-Oriented CPU ROAM,RelWithDebInfo,OpenGL,NVIDIA GeForce RTX 5090 D/PCIe/SSE2,4.3.0 NVIDIA 591.86,false,assets/heightmaps/Hm_Terrain_Test_129.pgm,129,129,80.000,12.000,20,4.000,2.000,200000,3.350,0.000,18.000,29.541,9.964,21411,74372,21409,94,47,88,54,0,0,0,0,8,741.428,10.814,10.536,0.230,3.336,0.089,0.378,0.387,2.172,0.130,0.363,1.648,1.803,0.170,0.000,0.000,0.000,0.000,0.000,0.000,0.000,0.000,0.000,0.000,0.000,0.000,0.000,0.000,0.000,0.000,0,0,2.689,3.426,2.011,0.000,17
Data-Oriented CPU ROAM,RelWithDebInfo,OpenGL,NVIDIA GeForce RTX 5090 D/PCIe/SSE2,4.3.0 NVIDIA 591.86,false,assets/heightmaps/Hm_Terrain_Test_129.pgm,129,129,80.000,12.000,20,4.000,2.000,200000,3.361,0.000,18.000,29.481,11.183,21445,74576,21443,102,51,68,61,0,0,0,0,8,301.967,10.663,10.347,0.175,3.100,0.082,0.382,0.396,2.279,0.166,0.366,1.396,2.004,0.207,0.000,0.000,0.000,0.000,0.000,0.000,0.000,0.000,0.000,0.000,0.000,0.000,0.000,0.000,0.000,0.000,0,0,2.841,3.183,1.762,0.000,17
Data-Oriented CPU ROAM,RelWithDebInfo,OpenGL,NVIDIA GeForce RTX 5090 D/PCIe/SSE2,4.3.0 NVIDIA 591.86,false,assets/heightmaps/Hm_Terrain_Test_129.pgm,129,129,80.000,12.000,20,4.000,2.000,200000,3.372,0.000,18.000,29.421,11.045,21461,74740,21459,82,41,66,46,0,0,0,0,8,0.000,10.699,10.408,0.186,3.681,0.079,0.393,0.240,2.447,0.120,0.363,1.187,1.712,0.174,0.000,0.000,0.000,0.000,0.000,0.000,0.000,0.000,0.000,0.000,0.000,0.000,0.000,0.000,0.000,0.000,0,0,2.806,3.760,1.551,0.000,17
Data-Oriented CPU ROAM,RelWithDebInfo,OpenGL,NVIDIA GeForce RTX 5090 D/PCIe/SSE2,4.3.0 NVIDIA 591.86,false,assets/heightmaps/Hm_Terrain_Test_129.pgm,129,129,80.000,12.000,20,4.000,2.000,200000,3.383,0.000,18.000,29.362,11.052,21465,74908,21463,84,42,80,46,0,0,0,0,8,0.000,10.882,10.584,0.176,3.486,0.084,0.380,0.256,2.484,0.126,0.364,1.256,1.973,0.188,0.000,0.000,0.000,0.000,0.000,0.000,0.000,0.000,0.000,0.000,0.000,0.000,0.000,0.000,0.000,0.000,0,0,2.866,3.570,1.620,0.000,17
Data-Oriented CPU ROAM,RelWithDebInfo,OpenGL,NVIDIA GeForce RTX 5090 D/PCIe/SSE2,4.3.0 NVIDIA 591.86,false,assets/heightmaps/Hm_Terrain_Test_129.pgm,129,129,80.000,12.000,20,4.000,2.000,200000,3.395,0.000,18.000,29.302,11.265,21435,75052,21433,72,36,102,42,0,0,0,0,8,153.320,10.486,10.190,0.173,3.663,0.112,0.384,0.201,2.046,0.100,0.377,1.227,1.907,0.186,0.000,0.000,0.000,0.000,0.000,0.000,0.000,0.000,0.000,0.000,0.000,0.000,0.000,0.000,0.000,0.000,0,0,2.346,3.775,1.604,0.000,17
Data-Oriented CPU ROAM,RelWithDebInfo,OpenGL,NVIDIA GeForce RTX 5090 D/PCIe/SSE2,4.3.0 NVIDIA 591.86,false,assets/heightmaps/Hm_Terrain_Test_129.pgm,129,129,80.000,12.000,20,4.000,2.000,200000,3.405,0.000,18.000,29.243,10.865,21360,75192,21358,70,35,145,40,0,0,0,0,8,1256.534,10.236,9.947,0.184,3.430,0.134,0.390,0.206,2.035,0.099,0.365,1.232,1.872,0.183,0.000,0.000,0.000,0.000,0.000,0.000,0.000,0.000,0.000,0.000,0.000,0.000,0.000,0.000,0.000,0.000,0,0,2.340,3.564,1.598,0.000,17
Data-Oriented CPU ROAM,RelWithDebInfo,OpenGL,NVIDIA GeForce RTX 5090 D/PCIe/SSE2,4.3.0 NVIDIA 591.86,false,assets/heightmaps/Hm_Terrain_Test_129.pgm,129,129,80.000,12.000,20,4.000,2.000,200000,3.416,0.000,18.000,29.186,10.604,21362,75352,21360,80,40,78,44,0,0,0,0,8,0.000,9.984,9.674,0.179,2.988,0.093,0.382,0.206,1.930,0.108,0.360,1.259,2.168,0.194,0.000,0.000,0.000,0.000,0.000,0.000,0.000,0.000,0.000,0.000,0.000,0.000,0.000,0.000,0.000,0.000,0,0,2.245,3.082,1.618,0.000,17
Data-Oriented CPU ROAM,RelWithDebInfo,OpenGL,NVIDIA GeForce RTX 5090 D/PCIe/SSE2,4.3.0 NVIDIA 591.86,false,assets/heightmaps/Hm_Terrain_Test_129.pgm,129,129,80.000,12.000,20,4.000,2.000,200000,3.426,0.000,18.000,29.130,10.398,21390,75524,21388,86,43,58,50,0,0,0,0,8,154.541,10.395,10.109,0.198,2.945,0.069,0.391,0.555,2.184,0.129,0.368,1.219,2.049,0.176,0.000,0.000,0.000,0.000,0.000,0.000,0.000,0.000,0.000,0.000,0.000,0.000,0.000,0.000,0.000,0.000,0,0,2.869,3.014,1.587,0.000,17
Data-Oriented CPU ROAM,RelWithDebInfo,OpenGL,NVIDIA GeForce RTX 5090 D/PCIe/SSE2,4.3.0 NVIDIA 591.86,false,assets/heightmaps/Hm_Terrain_Test_129.pgm,129,129,80.000,12.000,20,4.000,2.000,200000,3.437,0.000,18.000,29.071,10.857,21346,75688,21344,82,41,126,56,0,0,0,0,8,1171.882,10.939,10.665,0.193,3.604,0.135,0.373,0.388,2.629,0.112,0.363,1.224,1.643,0.162,0.000,0.000,0.000,0.000,0.000,0.000,0.000,0.000,0.000,0.000,0.000,0.000,0.000,0.000,0.000,0.000,0,0,3.129,3.739,1.587,0.000,17
Data-Oriented CPU ROAM,RelWithDebInfo,OpenGL,NVIDIA GeForce RTX 5090 D/PCIe/SSE2,4.3.0 NVIDIA 591.86,false,assets/heightmaps/Hm_Terrain_Test_129.pgm,129,129,80.000,12.000,20,4.000,2.000,200000,3.449,0.000,18.000,29.010,11.312,21338,75824,21336,68,34,76,40,0,0,0,0,8,0.000,10.200,9.907,0.169,3.452,0.085,0.385,0.201,2.078,0.113,0.363,1.194,1.866,0.181,0.000,0.000,0.000,0.000,0.000,0.000,0.000,0.000,0.000,0.000,0.000,0.000,0.000,0.000,0.000,0.000,0,0,2.392,3.537,1.557,0.000,17
Data-Oriented CPU ROAM,RelWithDebInfo,OpenGL,NVIDIA GeForce RTX 5090 D/PCIe/SSE2,4.3.0 NVIDIA 591.86,false,assets/heightmaps/Hm_Terrain_Test_129.pgm,129,129,80.000,12.000,20,4.000,2.000,200000,3.459,0.000,18.000,28.952,10.592,21360,75996,21358,86,42,64,48,0,0,0,0,8,788.456,10.199,9.907,0.191,3.136,0.082,0.380,0.384,2.332,0.117,0.364,1.238,1.684,0.184,0.000,0.000,0.000,0.000,0.000,0.000,0.000,0.000,0.000,0.000,0.000,0.000,0.000,0.000,0.000,0.000,0,0,2.833,3.218,1.602,0.000,17
Data-Oriented CPU ROAM,RelWithDebInfo,OpenGL,NVIDIA GeForce RTX 5090 D/PCIe/SSE2,4.3.0 NVIDIA 591.86,false,assets/heightmaps/Hm_Terrain_Test_129.pgm,129,129,80.000,12.000,20,4.000,2.000,200000,3.470,0.000,18.000,28.895,10.562,21345,76136,21343,70,35,85,46,0,0,0,0,8,1245.057,10.405,10.038,0.169,3.384,0.094,0.386,0.205,2.141,0.097,0.363,1.195,2.004,0.243,0.000,0.000,0.000,0.000,0.000,0.000,0.000,0.000,0.000,0.000,0.000,0.000,0.000,0.000,0.000,0.000,0,0,2.443,3.478,1.558,0.000,17
Data-Oriented CPU ROAM,RelWithDebInfo,OpenGL,NVIDIA GeForce RTX 5090 D/PCIe/SSE2,4.3.0 NVIDIA 591.86,false,assets/heightmaps/Hm_Terrain_Test_129.pgm,129,129,80.000,12.000,20,4.000,2.000,200000,3.481,0.000,18.000,28.836,10.838,21365,76340,21363,102,51,82,53,0,0,0,0,8,0.000,9.465,9.170,0.210,3.007,0.089,0.382,0.200,1.783,0.135,0.363,1.269,1.732,0.186,0.000,0.000,0.000,0.000,0.000,0.000,0.000,0.000,0.000,0.000,0.000,0.000,0.000,0.000,0.000,0.000,0,0,2.118,3.095,1.632,0.000,17
Data-Oriented CPU ROAM,RelWithDebInfo,OpenGL,NVIDIA GeForce RTX 5090 D/PCIe/SSE2,4.3.0 NVIDIA 591.86,false,assets/heightmaps/Hm_Terrain_Test_129.pgm,129,129,80.000,12.000,20,4.000,2.000,200000,3.490,0.000,18.000,28.782,9.833,21337,76492,21335,76,38,104,39,0,0,0,0,8,652.721,9.875,9.574,0.170,2.926,0.115,0.396,0.215,2.117,0.101,0.364,1.280,1.890,0.188,0.000,0.000,0.000,0.000,0.000,0.000,0.000,0.000,0.000,0.000,0.000,0.000,0.000,0.000,0.000,0.000,0,0,2.433,3.040,1.644,0.000,17
Data-Oriented CPU ROAM,RelWithDebInfo,OpenGL,NVIDIA GeForce RTX 5090 D/PCIe/SSE2,4.3.0 NVIDIA 591.86,false,assets/heightmaps/Hm_Terrain_Test_129.pgm,129,129,80.000,12.000,20,4.000,2.000,200000,3.501,0.000,18.000,28.726,10.258,21322,76644,21320,76,38,91,40,0,0,0,0,8,163.182,9.849,9.573,0.200,2.963,0.103,0.378,0.203,2.201,0.110,0.364,1.358,1.694,0.170,0.000,0.000,0.000,0.000,0.000,0.000,0.000,0.000,0.000,0.000,0.000,0.000,0.000,0.000,0.000,0.000,0,0,2.515,3.066,1.722,0.000,17
Data-Oriented CPU ROAM,RelWithDebInfo,OpenGL,NVIDIA GeForce RTX 5090 D/PCIe/SSE2,4.3.0 NVIDIA 591.86,false,assets/heightmaps/Hm_Terrain_Test_129.pgm,129,129,80.000,12.000,20,4.000,2.000,200000,3.511,0.000,18.000,28.670,10.240,21328,76772,21326,64,32,58,38,0,0,0,0,8,0.000,10.286,9.947,0.192,3.284,0.070,0.396,0.204,2.010,0.092,0.364,1.293,2.041,0.225,0.000,0.000,0.000,0.000,0.000,0.000,0.000,0.000,0.000,0.000,0.000,0.000,0.000,0.000,0.000,0.000,0,0,2.307,3.354,1.656,0.000,17
Data-Oriented CPU ROAM,RelWithDebInfo,OpenGL,NVIDIA GeForce RTX 5090 D/PCIe/SSE2,4.3.0 NVIDIA 591.86,false,assets/heightmaps/Hm_Terrain_Test_129.pgm,129,129,80.000,12.000,20,4.000,2.000,200000,3.522,0.000,18.000,28.612,10.700,21322,76920,21320,74,37,80,41,0,0,0,0,8,491.961,9.875,9.526,0.226,2.976,0.097,0.379,0.201,1.825,0.106,0.364,1.420,1.933,0.185,0.000,0.000,0.000,0.000,0.000,0.000,0.000,0.000,0.000,0.000,0.000,0.000,0.000,0.000,0.000,0.000,0,0,2.132,3.073,1.784,0.000,17
Data-Oriented CPU ROAM,RelWithDebInfo,OpenGL,NVIDIA GeForce RTX 5090 D/PCIe/SSE2,4.3.0 NVIDIA 591.86,false,assets/heightmaps/Hm_Terrain_Test_129.pgm,129,129,80.000,12.000,20,4.000,2.000,200000,3.532,0.000,18.000,28.555,10.350,21314,77112,21312,96,48,104,55,0,0,0,0,8,162.776,9.885,9.597,0.213,3.182,0.111,0.410,0.207,1.820,0.137,0.362,1.207,1.947,0.174,0.000,0.000,0.000,0.000,0.000,0.000,0.000,0.000,0.000,0.000,0.000,0.000,0.000,0.000,0.000,0.000,0,0,2.164,3.293,1.569,0.000,17
Data-Oriented CPU ROAM,RelWithDebInfo,OpenGL,NVIDIA GeForce RTX 5090 D/PCIe/SSE2,4.3.0 NVIDIA 591.86,false,assets/heightmaps/Hm_Terrain_Test_129.pgm,129,129,80.000,12.000,20,4.000,2.000,200000,3.542,0.000,18.000,28.498,10.338,21346,77316,21344,102,51,70,59,0,0,0,0,8,0.000,10.747,10.454,0.191,3.508,0.079,0.381,0.267,2.574,0.137,0.364,1.212,1.742,0.184,0.000,0.000,0.000,0.000,0.000,0.000,0.000,0.000,0.000,0.000,0.000,0.000,0.000,0.000,0.000,0.000,0,0,2.978,3.586,1.577,0.000,17
Data-Oriented CPU ROAM,RelWithDebInfo,OpenGL,NVIDIA GeForce RTX 5090 D/PCIe/SSE2,4.3.0 NVIDIA 591.86,false,assets/heightmaps/Hm_Terrain_Test_129.pgm,129,129,80.000,12.000,20,4.000,2.000,200000,3.553,0.000,18.000,28.437,11.126,21352,77496,21350,90,45,84,56,0,0,0,0,8,908.536,10.615,10.317,0.171,3.539,0.102,0.413,0.203,2.255,0.124,0.364,1.192,1.954,0.183,0.000,0.000,0.000,0.000,0.000,0.000,0.000,0.000,0.000,0.000,0.000,0.000,0.000,0.000,0.000,0.000,0,0,2.582,3.641,1.557,0.000,17
Data-Oriented CPU ROAM,RelWithDebInfo,OpenGL,NVIDIA GeForce RTX 5090 D/PCIe/SSE2,4.3.0 NVIDIA 591.86,false,assets/heightmaps/Hm_Terrain_Test_129.pgm,129,129,80.000,12.000,20,4.000,2.000,200000,3.564,0.000,18.000,28.377,11.011,21294,77600,21292,52,26,110,28,0,0,0,0,8,316.507,10.150,9.872,0.191,3.369,0.113,0.377,0.204,2.251,0.076,0.364,1.228,1.698,0.171,0.000,0.000,0.000,0.000,0.000,0.000,0.000,0.000,0.000,0.000,0.000,0.000,0.000,0.000,0.000,0.000,0,0,2.531,3.482,1.592,0.000,17
Data-Oriented CPU ROAM,RelWithDebInfo,OpenGL,NVIDIA GeForce RTX 5090 D/PCIe/SSE2,4.3.0 NVIDIA 591.86,false,assets/heightmaps/Hm_Terrain_Test_129.pgm,129,129,80.000,12.000,20,4.000,2.000,200000,3.575,0.000,18.000,28.319,10.514,21276,77720,21274,60,30,78,33,0,0,0,0,8,0.000,10.234,9.933,0.174,3.281,0.088,0.383,0.201,2.043,0.087,0.365,1.187,2.124,0.187,0.000,0.000,0.000,0.000,0.000,0.000,0.000,0.000,0.000,0.000,0.000,0.000,0.000,0.000,0.000,0.000,0,0,2.331,3.369,1.552,0.000,17
Data-Oriented CPU ROAM,RelWithDebInfo,OpenGL,NVIDIA GeForce RTX 5090 D/PCIe/SSE2,4.3.0 NVIDIA 591.86,false,assets/heightmaps/Hm_Terrain_Test_129.pgm,129,129,80.000,12.000,20,4.000,2.000,200000,3.586,0.000,18.000,28.260,10.635,21304,77868,21302,74,37,46,40,0,0,0,0,8,157.961,10.162,9.890,0.203,3.444,0.060,0.375,0.221,2.288,0.110,0.364,1.185,1.640,0.166,0.000,0.000,0.000,0.000,0.000,0.000,0.000,0.000,0.000,0.000,0.000,0.000,0.000,0.000,0.000,0.000,0,0,2.619,3.504,1.550,0.000,17
Data-Oriented CPU ROAM,RelWithDebInfo,OpenGL,NVIDIA GeForce RTX 5090 D/PCIe/SSE2,4.3.0 NVIDIA 591.86,false,assets/heightmaps/Hm_Terrain_Test_129.pgm,129,129,80.000,12.000,20,4.000,2.000,200000,3.596,0.000,18.000,28.202,10.505,21330,78052,21328,92,46,66,49,0,0,0,0,8,312.253,10.290,10.007,0.163,3.254,0.079,0.380,0.200,1.953,0.174,0.643,1.188,1.972,0.169,0.000,0.000,0.000,0.000,0.000,0.000,0.000,0.000,0.000,0.000,0.000,0.000,0.000,0.000,0.000,0.000,0,0,2.328,3.333,1.830,0.000,17
Data-Oriented CPU ROAM,RelWithDebInfo,OpenGL,NVIDIA GeForce RTX 5090 D/PCIe/SSE2,4.3.0 NVIDIA 591.86,false,assets/heightmaps/Hm_Terrain_Test_129.pgm,129,129,80.000,12.000,20,4.000,2.000,200000,3.607,0.000,18.000,28.143,10.670,21346,78260,21344,104,52,88,54,0,0,0,0,8,0.000,9.749,9.473,0.199,2.918,0.096,0.385,0.207,2.250,0.133,0.365,1.206,1.714,0.170,0.000,0.000,0.000,0.000,0.000,0.000,0.000,0.000,0.000,0.000,0.000,0.000,0.000,0.000,0.000,0.000,0,0,2.590,3.014,1.572,0.000,17
Data-Oriented CPU ROAM,RelWithDebInfo,OpenGL,NVIDIA GeForce RTX 5090 D/PCIe/SSE2,4.3.0 NVIDIA 591.86,false,assets/heightmaps/Hm_Terrain_Test_129.pgm,129,129,80.000,12.000,20,4.000,2.000,200000,3.617,0.000,18.000,28.087,10.096,21340,78396,21338,68,34,74,39,0,0,0,0,8,0.000,9.935,9.627,0.172,2.976,0.088,0.378,0.201,2.149,0.095,0.362,1.197,2.008,0.191,0.000,0.000,0.000,0.000,0.000,0.000,0.000,0.000,0.000,0.000,0.000,0.000,0.000,0.000,0.000,0.000,0,0,2.445,3.065,1.559,0.000,17
Data-Oriented CPU ROAM,RelWithDebInfo,OpenGL,NVIDIA GeForce RTX 5090 D/PCIe/SSE2,4.3.0 NVIDIA 591.86,false,assets/heightmaps/Hm_Terrain_Test_129.pgm,129,129,80.000,12.000,20,4.000,2.000,200000,3.627,0.000,18.000,28.030,10.326,21336,78556,21334,80,40,84,47,0,0,0,0,8,449.528,10.735,10.426,0.194,2.912,0.089,0.380,0.401,2.308,0.110,0.365,1.656,2.011,0.201,0.000,0.000,0.000,0.000,0.000,0.000,0.000,0.000,0.000,0.000,0.000,0.000,0.000,0.000,0.000,0.000,0,0,2.819,3.001,2.021,0.000,17
Data-Oriented CPU ROAM,RelWithDebInfo,OpenGL,NVIDIA GeForce RTX 5090 D/PCIe/SSE2,4.3.0 NVIDIA 591.86,false,assets/heightmaps/Hm_Terrain_Test_129.pgm,129,129,80.000,12.000,20,4.000,2.000,200000,3.638,0.000,18.000,27.968,11.125,21342,78716,21340,80,40,74,47,0,0,0,0,8,417.375,11.539,11.229,0.193,3.602,0.093,0.379,0.384,2.527,0.107,0.364,1.712,1.869,0.189,0.000,0.000,0.000,0.000,0.000,0.000,0.000,0.000,0.000,0.000,0.000,0.000,0.000,0.000,0.000,0.000,0,0,3.018,3.695,2.076,0.000,17
Data-Oriented CPU ROAM,RelWithDebInfo,OpenGL,NVIDIA GeForce RTX 5090 D/PCIe/SSE2,4.3.0 NVIDIA 591.86,false,assets/heightmaps/Hm_Terrain_Test_129.pgm,129,129,80.000,12.000,20,4.000,2.000,200000,3.650,0.000,18.000,27.902,11.934,21372,78892,21370,88,44,58,52,0,0,0,0,8,0.000,10.113,9.825,0.176,3.503,0.072,0.389,0.205,2.083,0.141,0.361,1.209,1.685,0.177,0.000,0.000,0.000,0.000,0.000,0.000,0.000,0.000,0.000,0.000,0.000,0.000,0.000,0.000,0.000,0.000,0,0,2.429,3.575,1.570,0.000,17
Data-Oriented CPU ROAM,RelWithDebInfo,OpenGL,NVIDIA GeForce RTX 5090 D/PCIe/SSE2,4.3.0 NVIDIA 591.86,false,assets/heightmaps/Hm_Terrain_Test_129.pgm,129,129,80.000,12.000,20,4.000,2.000,200000,3.661,0.000,18.000,27.843,10.473,21358,79044,21356,76,38,90,41,0,0,0,0,8,145.632,11.028,10.727,0.175,3.376,0.106,0.380,0.404,2.590,0.114,0.365,1.215,2.002,0.182,0.000,0.000,0.000,0.000,0.000,0.000,0.000,0.000,0.000,0.000,0.000,0.000,0.000,0.000,0.000,0.000,0,0,3.108,3.481,1.580,0.000,17
Data-Oriented CPU ROAM,RelWithDebInfo,OpenGL,NVIDIA GeForce RTX 5090 D/PCIe/SSE2,4.3.0 NVIDIA 591.86,false,assets/heightmaps/Hm_Terrain_Test_129.pgm,129,129,80.000,12.000,20,4.000,2.000,200000,3.672,0.000,18.000,27.780,11.440,21352,79204,21350,80,40,86,46,0,0,0,0,8,161.946,9.941,9.647,0.178,3.199,0.096,0.382,0.215,1.921,0.111,0.366,1.383,1.796,0.188,0.000,0.000,0.000,0.000,0.000,0.000,0.000,0.000,0.000,0.000,0.000,0.000,0.000,0.000,0.000,0.000,0,0,2.247,3.295,1.749,0.000,17
Data-Oriented CPU ROAM,RelWithDebInfo,OpenGL,NVIDIA GeForce RTX 5090 D/PCIe/SSE2,4.3.0 NVIDIA 591.86,false,assets/heightmaps/Hm_Terrain_Test_129.pgm,129,129,80.000,12.000,20,4.000,2.000,200000,3.682,0.000,18.000,27.722,10.328,21368,79388,21366,92,45,76,54,0,0,0,0,8,0.000,11.515,11.224,0.184,3.434,0.090,0.377,0.389,2.618,0.126,0.365,1.730,1.909,0.173,0.000,0.000,0.000,0.000,0.000,0.000,0.000,0.000,0.000,0.000,0.000,0.000,0.000,0.000,0.000,0.000,0,0,3.133,3.525,2.096,0.000,17
Data-Oriented CPU ROAM,RelWithDebInfo,OpenGL,NVIDIA GeForce RTX 5090 D/PCIe/SSE2,4.3.0 NVIDIA 591.86,false,assets/heightmaps/Hm_Terrain_Test_129.pgm,129,129,80.000,12.000,20,4.000,2.000,200000,3.694,0.000,18.000,27.655,11.912,21310,79512,21308,62,31,120,35,0,0,0,0,8,147.548,10.904,10.588,0.176,3.040,0.123,0.376,0.336,2.029,0.114,0.448,1.869,2.076,0.201,0.000,0.000,0.000,0.000,0.000,0.000,0.000,0.000,0.000,0.000,0.000,0.000,0.000,0.000,0.000,0.000,0,0,2.480,3.163,2.318,0.000,17
Data-Oriented CPU ROAM,RelWithDebInfo,OpenGL,NVIDIA GeForce RTX 5090 D/PCIe/SSE2,4.3.0 NVIDIA 591.86,false,assets/heightmaps/Hm_Terrain_Test_129.pgm,129,129,80.000,12.000,20,4.000,2.000,200000,3.706,0.000,18.000,27.592,11.288,21280,79684,21278,86,43,116,47,0,0,0,0,8,1156.486,11.082,10.807,0.180,3.499,0.120,0.414,0.383,2.279,0.158,0.364,1.668,1.741,0.170,0.000,0.000,0.000,0.000,0.000,0.000,0.000,0.000,0.000,0.000,0.000,0.000,0.000,0.000,0.000,0.000,0,0,2.820,3.620,2.032,0.000,17
Data-Oriented CPU ROAM,RelWithDebInfo,OpenGL,NVIDIA GeForce RTX 5090 D/PCIe/SSE2,4.3.0 NVIDIA 591.86,false,assets/heightmaps/Hm_Terrain_Test_129.pgm,129,129,80.000,12.000,20,4.000,2.000,200000,3.717,0.000,18.000,27.528,11.427,21240,79820,21238,68,34,108,37,0,0,0,0,8,441.750,10.909,10.610,0.173,2.879,0.106,0.382,0.223,2.586,0.098,0.368,1.805,1.990,0.185,0.000,0.000,0.000,0.000,0.000,0.000,0.000,0.000,0.000,0.000,0.000,0.000,0.000,0.000,0.000,0.000,0,0,2.906,2.986,2.174,0.000,17
Data-Oriented CPU ROAM,RelWithDebInfo,OpenGL,NVIDIA GeForce RTX 5090 D/PCIe/SSE2,4.3.0 NVIDIA 591.86,false,assets/heightmaps/Hm_Terrain_Test_129.pgm,129,129,80.000,12.000,20,4.000,2.000,200000,3.728,0.000,18.000,27.465,11.292,21242,79960,21240,70,35,68,40,0,0,0,0,8,0.000,10.747,10.460,0.186,3.524,0.084,0.376,0.201,2.195,0.098,0.362,1.645,1.790,0.184,0.000,0.000,0.000,0.000,0.000,0.000,0.000,0.000,0.000,0.000,0.000,0.000,0.000,0.000,0.000,0.000,0,0,2.494,3.607,2.007,0.000,17
Data-Oriented CPU ROAM,RelWithDebInfo,OpenGL,NVIDIA GeForce RTX 5090 D/PCIe/SSE2,4.3.0 NVIDIA 591.86,false,assets/heightmaps/Hm_Terrain_Test_129.pgm,129,129,80.000,12.000,20,4.000,2.000,200000,3.740,0.000,18.000,27.403,11.109,21252,80140,21250,90,45,80,52,0,0,0,0,8,150.093,10.693,10.409,0.166,3.448,0.089,0.391,0.293,2.422,0.130,0.364,1.219,1.887,0.175,0.000,0.000,0.000,0.000,0.000,0.000,0.000,0.000,0.000,0.000,0.000,0.000,0.000,0.000,0.000,0.000,0,0,2.845,3.537,1.583,0.000,17
Data-Oriented CPU ROAM,RelWithDebInfo,OpenGL,NVIDIA GeForce RTX 5090 D/PCIe/SSE2,4.3.0 NVIDIA 591.86,false,assets/heightmaps/Hm_Terrain_Test_129.pgm,129,129,80.000,12.000,20,4.000,2.000,200000,3.751,0.000,18.000,27.340,11.074,21272,80276,21270,68,34,48,35,0,0,0,0,8,161.197,9.974,9.691,0.186,3.097,0.065,0.376,0.204,2.343,0.095,0.377,1.217,1.732,0.172,0.000,0.000,0.000,0.000,0.000,0.000,0.000,0.000,0.000,0.000,0.000,0.000,0.000,0.000,0.000,0.000,0,0,2.642,3.162,1.594,0.000,17
Data-Oriented CPU ROAM,RelWithDebInfo,OpenGL,NVIDIA GeForce RTX 5090 D/PCIe/SSE2,4.3.0 NVIDIA 591.86,false,assets/heightmaps/Hm_Terrain_Test_129.pgm,129,129,80.000,12.000,20,4.000,2.000,200000,3.761,0.000,18.000,27.282,10.335,21266,80404,21264,64,32,70,37,0,0,0,0,8,0.000,10.086,9.793,0.168,3.132,0.082,0.384,0.205,2.287,0.098,0.403,1.177,1.858,0.184,0.000,0.000,0.000,0.000,0.000,0.000,0.000,0.000,0.000,0.000,0.000,0.000,0.000,0.000,0.000,0.000,0,0,2.589,3.214,1.580,0.000,17
Data-Oriented CPU ROAM,RelWithDebInfo,OpenGL,NVIDIA GeForce RTX 5090 D/PCIe/SSE2,4.3.0 NVIDIA 591.86,false,assets/heightmaps/Hm_Terrain_Test_129.pgm,129,129,80.000,12.000,20,4.000,2.000,200000,3.771,0.000,18.000,27.223,10.466,21236,80540,21234,68,34,98,40,0,0,0,0,8,283.833,11.283,11.009,0.183,3.613,0.107,0.371,0.208,2.630,0.092,0.365,1.643,1.796,0.170,0.000,0.000,0.000,0.000,0.000,0.000,0.000,0.000,0.000,0.000,0.000,0.000,0.000,0.000,0.000,0.000,0,0,2.929,3.720,2.007,0.000,17
Data-Oriented CPU ROAM,RelWithDebInfo,OpenGL,NVIDIA GeForce RTX 5090 D/PCIe/SSE2,4.3.0 NVIDIA 591.86,false,assets/heightmaps/Hm_Terrain_Test_129.pgm,129,129,80.000,12.000,20,4.000,2.000,200000,3.783,0.000,18.000,27.157,11.660,21226,80716,21224,94,50,104,46,0,0,0,0,8,312.334,10.295,10.004,0.174,3.220,0.106,0.385,0.203,2.162,0.122,0.368,1.236,2.028,0.180,0.000,0.000,0.000,0.000,0.000,0.000,0.000,0.000,0.000,0.000,0.000,0.000,0.000,0.000,0.000,0.000,0,0,2.486,3.327,1.605,0.000,17
Data-Oriented CPU ROAM,RelWithDebInfo,OpenGL,NVIDIA GeForce RTX 5090 D/PCIe/SSE2,4.3.0 NVIDIA 591.86,false,assets/heightmaps/Hm_Terrain_Test_129.pgm,129,129,80.000,12.000,20,4.000,2.000,200000,3.794,0.000,18.000,27.097,10.682,21216,80896,21214,90,45,100,50,0,0,0,0,8,0.000,10.219,9.946,0.226,2.918,0.108,0.467,0.216,2.540,0.129,0.361,1.235,1.745,0.172,0.000,0.000,0.000,0.000,0.000,0.000,0.000,0.000,0.000,0.000,0.000,0.000,0.000,0.000,0.000,0.000,0,0,2.885,3.026,1.597,0.000,17
Data-Oriented CPU ROAM,RelWithDebInfo,OpenGL,NVIDIA GeForce RTX 5090 D/PCIe/SSE2,4.3.0 NVIDIA 591.86,false,assets/heightmaps/Hm_Terrain_Test_129.pgm,129,129,80.000,12.000,20,4.000,2.000,200000,3.804,0.000,18.000,27.037,10.576,21250,81072,21248,88,44,54,48,0,0,0,0,8,154.073,10.422,10.140,0.178,3.493,0.064,0.375,0.202,2.354,0.116,0.365,1.222,1.771,0.181,0.000,0.000,0.000,0.000,0.000,0.000,0.000,0.000,0.000,0.000,0.000,0.000,0.000,0.000,0.000,0.000,0,0,2.671,3.557,1.587,0.000,17
Data-Oriented CPU ROAM,RelWithDebInfo,OpenGL,NVIDIA GeForce RTX 5090 D/PCIe/SSE2,4.3.0 NVIDIA 591.86,false,assets/heightmaps/Hm_Terrain_Test_129.pgm,129,129,80.000,12.000,20,4.000,2.000,200000,3.815,0.000,18.000,26.976,10.764,21298,81272,21296,100,50,52,57,0,0,0,0,8,478.199,10.070,9.801,0.191,2.858,0.067,0.390,0.202,2.670,0.127,0.367,1.211,1.719,0.170,0.000,0.000,0.000,0.000,0.000,0.000,0.000,0.000,0.000,0.000,0.000,0.000,0.000,0.000,0.000,0.000,0,0,2.999,2.924,1.578,0.000,17
Data-Oriented CPU ROAM,RelWithDebInfo,OpenGL,NVIDIA GeForce RTX 5090 D/PCIe/SSE2,4.3.0 NVIDIA 591.86,false,assets/heightmaps/Hm_Terrain_Test_129.pgm,129,129,80.000,12.000,20,4.000,2.000,200000,3.825,0.000,18.000,26.917,10.405,21292,81436,21290,82,41,88,47,0,0,0,0,8,270.495,11.855,11.552,0.172,3.550,0.094,0.380,0.384,2.595,0.111,0.365,1.902,1.997,0.194,0.000,0.000,0.000,0.000,0.000,0.000,0.000,0.000,0.000,0.000,0.000,0.000,0.000,0.000,0.000,0.000,0,0,3.090,3.644,2.267,0.000,17
Data-Oriented CPU ROAM,RelWithDebInfo,OpenGL,NVIDIA GeForce RTX 5090 D/PCIe/SSE2,4.3.0 NVIDIA 591.86,false,assets/heightmaps/Hm_Terrain_Test_129.pgm,129,129,80.000,12.000,20,4.000,2.000,200000,3.838,0.000,18.000,26.848,12.249,21322,81668,21320,116,58,86,62,0,0,0,0,8,0.000,11.095,10.809,0.183,3.357,0.097,0.411,0.388,2.407,0.145,0.365,1.762,1.693,0.179,0.000,0.000,0.000,0.000,0.000,0.000,0.000,0.000,0.000,0.000,0.000,0.000,0.000,0.000,0.000,0.000,0,0,2.940,3.454,2.127,0.000,17
Data-Oriented CPU ROAM,RelWithDebInfo,OpenGL,NVIDIA GeForce RTX 5090 D/PCIe/SSE2,4.3.0 NVIDIA 591.86,false,assets/heightmaps/Hm_Terrain_Test_129.pgm,129,129,80.000,12.000,20,4.000,2.000,200000,3.849,0.000,18.000,26.783,11.477,21316,81836,21314,84,42,90,44,0,0,0,0,8,149.715,10.738,10.435,0.177,3.048,0.101,0.375,0.398,2.549,0.117,0.367,1.290,2.013,0.191,0.000,0.000,0.000,0.000,0.000,0.000,0.000,0.000,0.000,0.000,0.000,0.000,0.000,0.000,0.000,0.000,0,0,3.063,3.149,1.657,0.000,17
Data-Oriented CPU ROAM,RelWithDebInfo,OpenGL,NVIDIA GeForce RTX 5090 D/PCIe/SSE2,4.3.0 NVIDIA 591.86,false,assets/heightmaps/Hm_Terrain_Test_129.pgm,129,129,80.000,12.000,20,4.000,2.000,200000,3.860,0.000,18.000,26.720,11.123,21286,82012,21284,88,44,118,49,0,0,0,0,8,287.796,11.170,10.857,0.179,3.580,0.126,0.379,0.217,2.510,0.124,0.365,1.465,1.912,0.205,0.000,0.000,0.000,0.000,0.000,0.000,0.000,0.000,0.000,0.000,0.000,0.000,0.000,0.000,0.000,0.000,0,0,2.851,3.706,1.829,0.000,17
Data-Oriented CPU ROAM,RelWithDebInfo,OpenGL,NVIDIA GeForce RTX 5090 D/PCIe/SSE2,4.3.0 NVIDIA 591.86,false,assets/heightmaps/Hm_Terrain_Test_129.pgm,129,129,80.000,12.000,20,4.000,2.000,200000,3.872,0.000,18.000,26.654,11.601,21320,82192,21318,90,45,56,51,0,0,0,0,8,0.000,9.670,9.392,0.189,3.283,0.074,0.407,0.201,1.765,0.120,0.366,1.219,1.767,0.171,0.000,0.000,0.000,0.000,0.000,0.000,0.000,0.000,0.000,0.000,0.000,0.000,0.000,0.000,0.000,0.000,0,0,2.086,3.357,1.586,0.000,17
Data-Oriented CPU ROAM,RelWithDebInfo,OpenGL,NVIDIA GeForce RTX 5090 D/PCIe/SSE2,4.3.0 NVIDIA 591.86,false,assets/heightmaps/Hm_Terrain_Test_129.pgm,129,129,80.000,12.000,20,4.000,2.000,200000,3.882,0.000,18.000,26.596,10.159,21318,82392,21316,100,50,102,54,0,0,0,0,8,0.000,10.400,10.092,0.171,3.167,0.107,0.376,0.201,2.016,0.178,0.573,1.561,1.740,0.199,0.000,0.000,0.000,0.000,0.000,0.000,0.000,0.000,0.000,0.000,0.000,0.000,0.000,0.000,0.000,0.000,0,0,2.395,3.274,2.134,0.000,17
Data-Oriented CPU ROAM,RelWithDebInfo,OpenGL,NVIDIA GeForce RTX 5090 D/PCIe/SSE2,4.3.0 NVIDIA 591.86,false,assets/heightmaps/Hm_Terrain_Test_129.pgm,129,129,80.000,12.000,20,4.000,2.000,200000,3.893,0.000,18.000,26.534,10.811,21310,82588,21308,98,49,106,51,0,0,0,0,8,825.383,9.747,9.464,0.176,3.278,0.111,0.400,0.206,1.733,0.132,0.368,1.275,1.785,0.172,0.000,0.000,0.000,0.000,0.000,0.000,0.000,0.000,0.000,0.000,0.000,0.000,0.000,0.000,0.000,0.000,0,0,2.071,3.388,1.643,0.000,17
Data-Oriented CPU ROAM,RelWithDebInfo,OpenGL,NVIDIA GeForce RTX 5090 D/PCIe/SSE2,4.3.0 NVIDIA 591.86,false,assets/heightmaps/Hm_Terrain_Test_129.pgm,129,129,80.000,12.000,20,4.000,2.000,200000,3.903,0.000,18.000,26.476,10.126,21330,82796,21328,106,53,86,62,0,0,0,0,8,150.857,10.651,10.356,0.169,3.122,0.097,0.382,0.381,2.557,0.141,0.366,1.251,1.890,0.192,0.000,0.000,0.000,0.000,0.000,0.000,0.000,0.000,0.000,0.000,0.000,0.000,0.000,0.000,0.000,0.000,0,0,3.079,3.219,1.617,0.000,17
Data-Oriented CPU ROAM,RelWithDebInfo,OpenGL,NVIDIA GeForce RTX 5090 D/PCIe/SSE2,4.3.0 NVIDIA 591.86,false,assets/heightmaps/Hm_Terrain_Test_129.pgm,129,129,80.000,12.000,20,4.000,2.000,200000,3.914,0.000,18.000,26.413,11.034,21346,82952,21344,78,39,62,46,0,0,0,0,8,0.000,10.133,9.847,0.174,3.234,0.076,0.395,0.207,2.334,0.114,0.366,1.193,1.755,0.174,0.000,0.000,0.000,0.000,0.000,0.000,0.000,0.000,0.000,0.000,0.000,0.000,0.000,0.000,0.000,0.000,0,0,2.655,3.309,1.559,0.000,17
Data-Oriented CPU ROAM,RelWithDebInfo,OpenGL,NVIDIA GeForce RTX 5090 D/PCIe/SSE2,4.3.0 NVIDIA 591.86,false,assets/heightmaps/Hm_Terrain_Test_129.pgm,129,129,80.000,12.000,20,4.000,2.000,200000,3.925,0.000,18.000,26.353,10.503,21368,83172,21366,112,57,90,67,0,0,0,0,8,1071.600,10.510,10.205,0.169,3.366,0.098,0.380,0.208,2.289,0.138,0.367,1.265,1.926,0.197,0.000,0.000,0.000,0.000,0.000,0.000,0.000,0.000,0.000,0.000,0.000,0.000,0.000,0.000,0.000,0.000,0,0,2.635,3.464,1.632,0.000,17
Data-Oriented CPU ROAM,RelWithDebInfo,OpenGL,NVIDIA GeForce RTX 5090 D/PCIe/SSE2,4.3.0 NVIDIA 591.86,false,assets/heightmaps/Hm_Terrain_Test_129.pgm,129,129,80.000,12.000,20,4.000,2.000,200000,3.935,0.000,18.000,26.291,10.890,21358,83360,21356,94,47,104,51,0,0,0,0,8,149.254,10.766,10.467,0.179,3.520,0.108,0.385,0.306,2.361,0.123,0.365,1.258,1.862,0.181,0.000,0.000,0.000,0.000,0.000,0.000,0.000,0.000,0.000,0.000,0.000,0.000,0.000,0.000,0.000,0.000,0,0,2.791,3.628,1.623,0.000,17
Data-Oriented CPU ROAM,RelWithDebInfo,OpenGL,NVIDIA GeForce RTX 5090 D/PCIe/SSE2,4.3.0 NVIDIA 591.86,false,assets/heightmaps/Hm_Terrain_Test_129.pgm,129,129,80.000,12.000,20,4.000,2.000,200000,3.947,0.000,18.000,26.227,11.162,21354,83528,21352,84,42,88,44,0,0,0,0,8,0.000,11.456,11.169,0.212,3.388,0.096,0.379,0.212,2.658,0.118,0.377,1.734,1.995,0.174,0.000,0.000,0.000,0.000,0.000,0.000,0.000,0.000,0.000,0.000,0.000,0.000,0.000,0.000,0.000,0.000,0,0,2.989,3.483,2.111,0.000,17
Data-Oriented CPU ROAM,RelWithDebInfo,OpenGL,NVIDIA GeForce RTX 5090 D/PCIe/SSE2,4.3.0 NVIDIA 591.86,false,assets/heightmaps/Hm_Terrain_Test_129.pgm,129,129,80.000,12.000,20,4.000,2.000,200000,3.958,0.000,18.000,26.159,11.862,21346,83712,21344,92,46,100,50,0,0,0,0,8,157.634,10.203,9.911,0.178,3.035,0.115,0.379,0.202,1.963,0.169,0.469,1.650,1.751,0.183,0.000,0.000,0.000,0.000,0.000,0.000,0.000,0.000,0.000,0.000,0.000,0.000,0.000,0.000,0.000,0.000,0,0,2.334,3.149,2.119,0.000,17
Data-Oriented CPU ROAM,RelWithDebInfo,OpenGL,NVIDIA GeForce RTX 5090 D/PCIe/SSE2,4.3.0 NVIDIA 591.86,false,assets/heightmaps/Hm_Terrain_Test_129.pgm,129,129,80.000,12.000,20,4.000,2.000,200000,3.969,0.000,18.000,26.098,10.569,21360,83880,21358,84,42,70,52,0,0,0,0,8,158.799,10.155,9.838,0.186,3.174,0.083,0.401,0.203,1.976,0.117,0.370,1.239,2.088,0.196,0.000,0.000,0.000,0.000,0.000,0.000,0.000,0.000,0.000,0.000,0.000,0.000,0.000,0.000,0.000,0.000,0,0,2.296,3.257,1.609,0.000,17
Data-Oriented CPU ROAM,RelWithDebInfo,OpenGL,NVIDIA GeForce RTX 5090 D/PCIe/SSE2,4.3.0 NVIDIA 591.86,false,assets/heightmaps/Hm_Terrain_Test_129.pgm,129,129,80.000,12.000,20,4.000,2.000,200000,3.980,0.000,18.000,26.037,10.554,21336,84048,21334,84,42,108,47,0,0,0,0,8,0.000,11.215,10.871,0.200,3.391,0.120,0.388,0.414,2.588,0.141,0.368,1.353,1.907,0.206,0.000,0.000,0.000,0.000,0.000,0.000,0.000,0.000,0.000,0.000,0.000,0.000,0.000,0.000,0.000,0.000,0,0,3.143,3.511,1.721,0.000,17
Data-Oriented CPU ROAM,RelWithDebInfo,OpenGL,NVIDIA GeForce RTX 5090 D/PCIe/SSE2,4.3.0 NVIDIA 591.86,false,assets/heightmaps/Hm_Terrain_Test_129.pgm,129,129,80.000,12.000,20,4.000,2.000,200000,3.991,0.000,18.000,25.970,11.647,21282,84224,21280,104,60,158,53,0,0,0,0,8,150.995,10.688,10.346,0.192,3.192,0.144,0.398,0.387,2.356,0.130,0.372,1.199,1.978,0.219,0.000,0.000,0.000,0.000,0.000,0.000,0.000,0.000,0.000,0.000,0.000,0.000,0.000,0.000,0.000,0.000,0,0,2.873,3.336,1.571,0.000,17
Data-Oriented CPU ROAM,RelWithDebInfo,OpenGL,NVIDIA GeForce RTX 5090 D/PCIe/SSE2,4.3.0 NVIDIA 591.86,false,assets/heightmaps/Hm_Terrain_Test_129.pgm,129,129,80.000,12.000,20,4.000,2.000,200000,4.002,0.000,18.000,25.906,11.122,21259,84412,21257,94,47,117,54,0,0,0,0,8,774.074,10.365,10.091,0.192,3.406,0.114,0.392,0.312,2.261,0.124,0.367,1.203,1.718,0.170,0.000,0.000,0.000,0.000,0.000,0.000,0.000,0.000,0.000,0.000,0.000,0.000,0.000,0.000,0.000,0.000,0,0,2.698,3.520,1.570,0.000,17
Data-Oriented CPU ROAM,RelWithDebInfo,OpenGL,NVIDIA GeForce RTX 5090 D/PCIe/SSE2,4.3.0 NVIDIA 591.86,false,assets/heightmaps/Hm_Terrain_Test_129.pgm,129,129,80.000,12.000,20,4.000,2.000,200000,4.013,0.000,18.000,25.844,10.728,21261,84620,21259,104,52,102,60,0,0,0,0,8,143.112,11.209,10.917,0.165,3.146,0.108,0.383,0.384,2.543,0.142,0.361,1.673,2.011,0.177,0.000,0.000,0.000,0.000,0.000,0.000,0.000,0.000,0.000,0.000,0.000,0.000,0.000,0.000,0.000,0.000,0,0,3.069,3.254,2.035,0.000,17
Data-Oriented CPU ROAM,RelWithDebInfo,OpenGL,NVIDIA GeForce RTX 5090 D/PCIe/SSE2,4.3.0 NVIDIA 591.86,false,assets/heightmaps/Hm_Terrain_Test_129.pgm,129,129,80.000,12.000,20,4.000,2.000,200000,4.025,0.000,18.000,25.778,11.580,21283,84772,21281,76,38,54,40,0,0,0,0,8,0.000,10.022,9.746,0.178,3.339,0.066,0.394,0.206,2.238,0.098,0.363,1.191,1.672,0.171,0.000,0.000,0.000,0.000,0.000,0.000,0.000,0.000,0.000,0.000,0.000,0.000,0.000,0.000,0.000,0.000,0,0,2.541,3.406,1.554,0.000,17
Data-Oriented CPU ROAM,RelWithDebInfo,OpenGL,NVIDIA GeForce RTX 5090 D/PCIe/SSE2,4.3.0 NVIDIA 591.86,false,assets/heightmaps/Hm_Terrain_Test_129.pgm,129,129,80.000,12.000,20,4.000,2.000,200000,4.035,0.000,18.000,25.718,10.399,21287,84948,21285,88,44,84,49,0,0,0,0,8,145.212,11.052,10.759,0.174,3.289,0.095,0.375,0.384,2.785,0.119,0.367,1.257,1.914,0.178,0.000,0.000,0.000,0.000,0.000,0.000,0.000,0.000,0.000,0.000,0.000,0.000,0.000,0.000,0.000,0.000,0,0,3.288,3.384,1.623,0.000,17
Data-Oriented CPU ROAM,RelWithDebInfo,OpenGL,NVIDIA GeForce RTX 5090 D/PCIe/SSE2,4.3.0 NVIDIA 591.86,false,assets/heightmaps/Hm_Terrain_Test_129.pgm,129,129,80.000,12.000,20,4.000,2.000,200000,4.047,0.000,18.000,25.652,11.428,21300,85144,21298,98,49,85,57,0,0,0,0,8,141.251,11.384,11.061,0.172,3.437,0.093,0.382,0.316,2.421,0.140,0.363,1.703,2.035,0.205,0.000,0.000,0.000,0.000,0.000,0.000,0.000,0.000,0.000,0.000,0.000,0.000,0.000,0.000,0.000,0.000,0,0,2.876,3.530,2.066,0.000,17
Data-Oriented CPU ROAM,RelWithDebInfo,OpenGL,NVIDIA GeForce RTX 5090 D/PCIe/SSE2,4.3.0 NVIDIA 591.86,false,assets/heightmaps/Hm_Terrain_Test_129.pgm,129,129,80.000,12.000,20,4.000,2.000,200000,4.058,0.000,18.000,25.583,11.766,21316,85364,21314,110,55,94,62,0,0,0,0,8,0.000,10.429,10.148,0.188,3.617,0.116,0.383,0.206,1.956,0.146,0.369,1.217,1.949,0.174,0.000,0.000,0.000,0.000,0.000,0.000,0.000,0.000,0.000,0.000,0.000,0.000,0.000,0.000,0.000,0.000,0,0,2.309,3.733,1.586,0.000,17
Data-Oriented CPU ROAM,RelWithDebInfo,OpenGL,NVIDIA GeForce RTX 5090 D/PCIe/SSE2,4.3.0 NVIDIA 591.86,false,assets/heightmaps/Hm_Terrain_Test_129.pgm,129,129,80.000,12.000,20,4.000,2.000,200000,4.069,0.000,18.000,25.521,10.813,21296,85548,21294,92,46,112,51,0,0,0,0,8,1212.545,10.625,10.308,0.169,3.229,0.112,0.379,0.287,2.068,0.175,0.483,1.661,1.745,0.205,0.000,0.000,0.000,0.000,0.000,0.000,0.000,0.000,0.000,0.000,0.000,0.000,0.000,0.000,0.000,0.000,0,0,2.529,3.341,2.144,0.000,17
Data-Oriented CPU ROAM,RelWithDebInfo,OpenGL,NVIDIA GeForce RTX 5090 D/PCIe/SSE2,4.3.0 NVIDIA 591.86,false,assets/heightmaps/Hm_Terrain_Test_129.pgm,129,129,80.000,12.000,20,4.000,2.000,200000,4.080,0.000,18.000,25.457,10.982,21318,85700,21316,76,38,54,40,0,0,0,0,8,315.733,10.192,9.896,0.168,3.109,0.068,0.386,0.275,2.343,0.105,0.368,1.194,1.880,0.188,0.000,0.000,0.000,0.000,0.000,0.000,0.000,0.000,0.000,0.000,0.000,0.000,0.000,0.000,0.000,0.000,0,0,2.724,3.177,1.561,0.000,17
Data-Oriented CPU ROAM,RelWithDebInfo,OpenGL,NVIDIA GeForce RTX 5090 D/PCIe/SSE2,4.3.0 NVIDIA 591.86,false,assets/heightmaps/Hm_Terrain_Test_129.pgm,129,129,80.000,12.000,20,4.000,2.000,200000,4.091,0.000,18.000,25.396,10.554,21310,85888,21308,94,47,102,55,0,0,0,0,8,142.126,11.285,10.993,0.171,3.375,0.115,0.383,0.433,2.719,0.121,0.368,1.425,1.884,0.185,0.000,0.000,0.000,0.000,0.000,0.000,0.000,0.000,0.000,0.000,0.000,0.000,0.000,0.000,0.000,0.000,0,0,3.272,3.490,1.793,0.000,17
Data-Oriented CPU ROAM,RelWithDebInfo,OpenGL,NVIDIA GeForce RTX 5090 D/PCIe/SSE2,4.3.0 NVIDIA 591.86,false,assets/heightmaps/Hm_Terrain_Test_129.pgm,129,129,80.000,12.000,20,4.000,2.000,200000,4.102,0.000,18.000,25.328,11.647,21320,86040,21318,76,38,66,43,0,0,0,0,8,0.000,10.340,10.049,0.172,3.461,0.080,0.398,0.203,2.260,0.118,0.365,1.180,1.811,0.178,0.000,0.000,0.000,0.000,0.000,0.000,0.000,0.000,0.000,0.000,0.000,0.000,0.000,0.000,0.000,0.000,0,0,2.582,3.541,1.545,0.000,17
Data-Oriented CPU ROAM,RelWithDebInfo,OpenGL,NVIDIA GeForce RTX 5090 D/PCIe/SSE2,4.3.0 NVIDIA 591.86,false,assets/heightmaps/Hm_Terrain_Test_129.pgm,129,129,80.000,12.000,20,4.000,2.000,200000,4.113,0.000,18.000,25.266,10.680,21346,86228,21344,94,47,68,50,0,0,0,0,8,157.612,10.216,9.913,0.169,2.890,0.083,0.381,0.393,2.077,0.126,0.374,1.298,2.122,0.201,0.000,0.000,0.000,0.000,0.000,0.000,0.000,0.000,0.000,0.000,0.000,0.000,0.000,0.000,0.000,0.000,0,0,2.595,2.973,1.672,0.000,17
Data-Oriented CPU ROAM,RelWithDebInfo,OpenGL,NVIDIA GeForce RTX 5090 D/PCIe/SSE2,4.3.0 NVIDIA 591.86,false,assets/heightmaps/Hm_Terrain_Test_129.pgm,129,129,80.000,12.000,20,4.000,2.000,200000,4.124,0.000,18.000,25.205,10.586,21339,86350,21337,61,30,68,34,0,0,0,0,8,1148.454,11.412,10.883,0.177,3.547,0.078,0.402,0.385,2.640,0.114,0.363,1.194,1.983,0.262,0.000,0.000,0.000,0.000,0.000,0.000,0.000,0.000,0.000,0.000,0.000,0.000,0.000,0.000,0.000,0.000,0,0,3.138,3.625,1.558,0.000,17
Data-Oriented CPU ROAM,RelWithDebInfo,OpenGL,NVIDIA GeForce RTX 5090 D/PCIe/SSE2,4.3.0 NVIDIA 591.86,false,assets/heightmaps/Hm_Terrain_Test_129.pgm,129,129,80.000,12.000,20,4.000,2.000,200000,4.136,0.000,18.000,25.134,12.242,21345,86580,21343,115,57,109,64,0,0,0,0,8,0.000,11.721,11.418,0.265,3.548,0.213,0.449,0.449,2.522,0.191,0.371,1.225,2.186,0.201,0.000,0.000,0.000,0.000,0.000,0.000,0.000,0.000,0.000,0.000,0.000,0.000,0.000,0.000,0.000,0.000,0,0,3.161,3.762,1.595,0.000,17
Data-Oriented CPU ROAM,RelWithDebInfo,OpenGL,NVIDIA GeForce RTX 5090 D/PCIe/SSE2,4.3.0 NVIDIA 591.86,false,assets/heightmaps/Hm_Terrain_Test_129.pgm,129,129,80.000,12.000,20,4.000,2.000,200000,4.148,0.000,18.000,25.063,12.196,21324,86780,21322,100,50,121,59,0,0,0,0,8,0.000,10.542,10.276,0.179,3.031,0.114,0.393,0.389,2.700,0.131,0.368,1.189,1.782,0.172,0.000,0.000,0.000,0.000,0.000,0.000,0.000,0.000,0.000,0.000,0.000,0.000,0.000,0.000,0.000,0.000,0,0,3.220,3.145,1.556,0.000,17
Data-Oriented CPU ROAM,RelWithDebInfo,OpenGL,NVIDIA GeForce RTX 5090 D/PCIe/SSE2,4.3.0 NVIDIA 591.86,false,assets/heightmaps/Hm_Terrain_Test_129.pgm,129,129,80.000,12.000,20,4.000,2.000,200000,4.159,0.000,18.000,24.999,10.912,21318,86932,21316,76,38,82,49,0,0,0,0,8,732.873,10.932,10.659,0.164,3.294,0.093,0.380,0.280,2.222,0.143,0.556,1.639,1.887,0.176,0.000,0.000,0.000,0.000,0.000,0.000,0.000,0.000,0.000,0.000,0.000,0.000,0.000,0.000,0.000,0.000,0,0,2.646,3.387,2.195,0.000,17
Data-Oriented CPU ROAM,RelWithDebInfo,OpenGL,NVIDIA GeForce RTX 5090 D/PCIe/SSE2,4.3.0 NVIDIA 591.86,false,assets/heightmaps/Hm_Terrain_Test_129.pgm,129,129,80.000,12.000,20,4.000,2.000,200000,4.170,0.000,18.000,24.933,11.294,21350,87116,21348,92,46,60,52,0,0,0,0,8,153.628,10.466,10.169,0.264,3.557,0.073,0.386,0.206,2.297,0.124,0.368,1.209,1.687,0.188,0.000,0.000,0.000,0.000,0.000,0.000,0.000,0.000,0.000,0.000,0.000,0.000,0.000,0.000,0.000,0.000,0,0,2.626,3.630,1.577,0.000,17
Data-Oriented CPU ROAM,RelWithDebInfo,OpenGL,NVIDIA GeForce RTX 5090 D/PCIe/SSE2,4.3.0 NVIDIA 591.86,false,assets/heightmaps/Hm_Terrain_Test_129.pgm,129,129,80.000,12.000,20,4.000,2.000,200000,4.181,0.000,18.000,24.870,10.819,21300,87292,21298,88,44,138,48,0,0,0,0,8,0.000,11.609,11.302,0.169,3.086,0.150,0.389,0.383,2.743,0.133,0.370,1.266,2.613,0.197,0.000,0.000,0.000,0.000,0.000,0.000,0.000,0.000,0.000,0.000,0.000,0.000,0.000,0.000,0.000,0.000,0,0,3.259,3.236,1.636,0.000,17
Data-Oriented CPU ROAM,RelWithDebInfo,OpenGL,NVIDIA GeForce RTX 5090 D/PCIe/SSE2,4.3.0 NVIDIA 591.86,false,assets/heightmaps/Hm_Terrain_Test_129.pgm,129,129,80.000,12.000,20,4.000,2.000,200000,4.193,0.000,18.000,24.800,12.050,21344,87556,21342,132,66,88,85,0,0,0,0,8,146.856,10.915,10.638,0.193,3.672,0.103,0.408,0.203,2.401,0.171,0.365,1.207,1.916,0.163,0.000,0.000,0.000,0.000,0.000,0.000,0.000,0.000,0.000,0.000,0.000,0.000,0.000,0.000,0.000,0.000,0,0,2.774,3.775,1.572,0.000,17
Data-Oriented CPU ROAM,RelWithDebInfo,OpenGL,NVIDIA GeForce RTX 5090 D/PCIe/SSE2,4.3.0 NVIDIA 591.86,false,assets/heightmaps/Hm_Terrain_Test_129.pgm,129,129,80.000,12.000,20,4.000,2.000,200000,4.204,0.000,18.000,24.733,11.319,21360,87768,21358,106,53,90,55,0,0,0,0,8,1290.909,9.948,9.682,0.270,3.304,0.096,0.384,0.395,1.839,0.133,0.371,1.203,1.686,0.165,0.000,0.000,0.000,0.000,0.000,0.000,0.000,0.000,0.000,0.000,0.000,0.000,0.000,0.000,0.000,0.000,0,0,2.368,3.400,1.574,0.000,17
Data-Oriented CPU ROAM,RelWithDebInfo,OpenGL,NVIDIA GeForce RTX 5090 D/PCIe/SSE2,4.3.0 NVIDIA 591.86,false,assets/heightmaps/Hm_Terrain_Test_129.pgm,129,129,80.000,12.000,20,4.000,2.000,200000,4.215,0.000,18.000,24.673,10.308,21350,87892,21348,62,31,72,34,0,0,0,0,8,0.000,10.936,10.647,0.161,3.400,0.076,0.380,0.390,2.905,0.086,0.367,1.220,1.662,0.181,0.000,0.000,0.000,0.000,0.000,0.000,0.000,0.000,0.000,0.000,0.000,0.000,0.000,0.000,0.000,0.000,0,0,3.380,3.476,1.587,0.000,17
Data-Oriented CPU ROAM,RelWithDebInfo,OpenGL,NVIDIA GeForce RTX 5090 D/PCIe/SSE2,4.3.0 NVIDIA 591.86,false,assets/heightmaps/Hm_Terrain_Test_129.pgm,129,129,80.000,12.000,20,4.000,2.000,200000,4.226,0.000,18.000,24.607,11.304,21348,88056,21346,82,41,84,47,0,0,0,0,8,164.408,9.792,9.502,0.165,2.866,0.095,0.394,0.202,2.465,0.116,0.366,1.182,1.651,0.180,0.000,0.000,0.000,0.000,0.000,0.000,0.000,0.000,0.000,0.000,0.000,0.000,0.000,0.000,0.000,0.000,0,0,2.783,2.961,1.548,0.000,17
Data-Oriented CPU ROAM,RelWithDebInfo,OpenGL,NVIDIA GeForce RTX 5090 D/PCIe/SSE2,4.3.0 NVIDIA 591.86,false,assets/heightmaps/Hm_Terrain_Test_129.pgm,129,129,80.000,12.000,20,4.000,2.000,200000,4.236,0.000,18.000,24.548,10.112,21344,88224,21342,84,42,88,49,0,0,0,0,8,306.204,10.497,10.204,0.163,3.171,0.095,0.388,0.202,2.664,0.111,0.368,1.336,1.705,0.187,0.000,0.000,0.000,0.000,0.000,0.000,0.000,0.000,0.000,0.000,0.000,0.000,0.000,0.000,0.000,0.000,0,0,2.977,3.266,1.705,0.000,17
Data-Oriented CPU ROAM,RelWithDebInfo,OpenGL,NVIDIA GeForce RTX 5090 D/PCIe/SSE2,4.3.0 NVIDIA 591.86,false,assets/heightmaps/Hm_Terrain_Test_129.pgm,129,129,80.000,12.000,20,4.000,2.000,200000,4.247,0.000,18.000,24.484,10.844,21364,88404,21362,90,45,70,54,0,0,0,0,8,0.000,10.814,10.523,0.165,3.281,0.080,0.398,0.204,2.517,0.123,0.367,1.703,1.685,0.177,0.000,0.000,0.000,0.000,0.000,0.000,0.000,0.000,0.000,0.000,0.000,0.000,0.000,0.000,0.000,0.000,0,0,2.844,3.361,2.070,0.000,17
Data-Oriented CPU ROAM,RelWithDebInfo,OpenGL,NVIDIA GeForce RTX 5090 D/PCIe/SSE2,4.3.0 NVIDIA 591.86,false,assets/heightmaps/Hm_Terrain_Test_129.pgm,129,129,80.000,12.000,20,4.000,2.000,200000,4.258,0.000,18.000,24.419,11.170,21362,88652,21360,124,62,126,76,0,0,0,0,8,0.000,10.946,10.665,0.172,2.877,0.130,0.379,0.403,2.691,0.184,0.368,1.664,1.797,0.172,0.000,0.000,0.000,0.000,0.000,0.000,0.000,0.000,0.000,0.000,0.000,0.000,0.000,0.000,0.000,0.000,0,0,3.278,3.007,2.032,0.000,17
Data-Oriented CPU ROAM,RelWithDebInfo,OpenGL,NVIDIA GeForce RTX 5090 D/PCIe/SSE2,4.3.0 NVIDIA 591.86,false,assets/heightmaps/Hm_Terrain_Test_129.pgm,129,129,80.000,12.000,20,4.000,2.000,200000,4.269,0.000,18.000,24.352,11.295,21384,88856,21382,102,51,80,58,0,0,0,0,8,152.674,10.523,10.233,0.167,3.571,0.094,0.393,0.202,2.112,0.126,0.368,1.264,1.937,0.180,0.000,0.000,0.000,0.000,0.000,0.000,0.000,0.000,0.000,0.000,0.000,0.000,0.000,0.000,0.000,0.000,0,0,2.440,3.665,1.632,0.000,17
Data-Oriented CPU ROAM,RelWithDebInfo,OpenGL,NVIDIA GeForce RTX 5090 D/PCIe/SSE2,4.3.0 NVIDIA 591.86,false,assets/heightmaps/Hm_Terrain_Test_129.pgm,129,129,80.000,12.000,20,4.000,2.000,200000,4.280,0.000,18.000,24.288,10.893,21380,89076,21378,110,55,114,62,0,0,0,0,8,1154.980,11.144,10.821,0.270,2.901,0.115,0.385,0.404,2.228,0.156,0.372,1.739,2.250,0.206,0.000,0.000,0.000,0.000,0.000,0.000,0.000,0.000,0.000,0.000,0.000,0.000,0.000,0.000,0.000,0.000,0,0,2.788,3.017,2.111,0.000,17
Data-Oriented CPU ROAM,RelWithDebInfo,OpenGL,NVIDIA GeForce RTX 5090 D/PCIe/SSE2,4.3.0 NVIDIA 591.86,false,assets/heightmaps/Hm_Terrain_Test_129.pgm,129,129,80.000,12.000,20,4.000,2.000,200000,4.292,0.000,18.000,24.220,11.562,21382,89336,21380,130,65,128,72,0,0,0,0,8,0.000,10.559,10.264,0.189,3.428,0.131,0.387,0.200,2.145,0.167,0.370,1.242,2.005,0.186,0.000,0.000,0.000,0.000,0.000,0.000,0.000,0.000,0.000,0.000,0.000,0.000,0.000,0.000,0.000,0.000,0,0,2.513,3.559,1.611,0.000,17
Data-Oriented CPU ROAM,RelWithDebInfo,OpenGL,NVIDIA GeForce RTX 5090 D/PCIe/SSE2,4.3.0 NVIDIA 591.86,false,assets/heightmaps/Hm_Terrain_Test_129.pgm,129,129,80.000,12.000,20,4.000,2.000,200000,4.303,0.000,18.000,24.156,10.957,21378,89496,21376,80,40,84,48,0,0,0,0,8,786.528,10.208,9.932,0.203,3.301,0.086,0.398,0.309,2.314,0.108,0.367,1.186,1.659,0.165,0.000,0.000,0.000,0.000,0.000,0.000,0.000,0.000,0.000,0.000,0.000,0.000,0.000,0.000,0.000,0.000,0,0,2.731,3.388,1.553,0.000,17
Data-Oriented CPU ROAM,RelWithDebInfo,OpenGL,NVIDIA GeForce RTX 5090 D/PCIe/SSE2,4.3.0 NVIDIA 591.86,false,assets/heightmaps/Hm_Terrain_Test_129.pgm,129,129,80.000,12.000,20,4.000,2.000,200000,4.313,0.000,18.000,24.094,10.580,21420,89684,21418,94,47,52,49,0,0,0,0,8,291.155,11.009,10.732,0.165,3.433,0.068,0.390,0.292,2.725,0.136,0.370,1.207,1.945,0.175,0.000,0.000,0.000,0.000,0.000,0.000,0.000,0.000,0.000,0.000,0.000,0.000,0.000,0.000,0.000,0.000,0,0,3.153,3.502,1.577,0.000,17
Data-Oriented CPU ROAM,RelWithDebInfo,OpenGL,NVIDIA GeForce RTX 5090 D/PCIe/SSE2,4.3.0 NVIDIA 591.86,false,assets/heightmaps/Hm_Terrain_Test_129.pgm,129,129,80.000,12.000,20,4.000,2.000,200000,4.325,0.000,18.000,24.027,11.360,21442,89880,21440,98,49,76,52,0,0,0,0,8,139.983,11.441,11.161,0.165,3.360,0.079,0.387,0.380,2.632,0.131,0.369,1.707,1.951,0.170,0.000,0.000,0.000,0.000,0.000,0.000,0.000,0.000,0.000,0.000,0.000,0.000,0.000,0.000,0.000,0.000,0,0,3.143,3.439,2.076,0.000,17
Data-Oriented CPU ROAM,RelWithDebInfo,OpenGL,NVIDIA GeForce RTX 5090 D/PCIe/SSE2,4.3.0 NVIDIA 591.86,false,assets/heightmaps/Hm_Terrain_Test_129.pgm,129,129,80.000,12.000,20,4.000,2.000,200000,4.337,0.000,18.000,23.957,11.806,21423,90022,21421,73,37,92,42,0,0,0,0,8,0.000,10.200,9.924,0.263,3.385,0.094,0.376,0.410,2.043,0.098,0.369,1.195,1.691,0.171,0.000,0.000,0.000,0.000,0.000,0.000,0.000,0.000,0.000,0.000,0.000,0.000,0.000,0.000,0.000,0.000,0,0,2.551,3.479,1.564,0.000,17
Data-Oriented CPU ROAM,RelWithDebInfo,OpenGL,NVIDIA GeForce RTX 5090 D/PCIe/SSE2,4.3.0 NVIDIA 591.86,false,assets/heightmaps/Hm_Terrain_Test_129.pgm,129,129,80.000,12.000,20,4.000,2.000,200000,4.347,0.000,18.000,23.895,10.533,21415,90196,21413,87,43,95,50,0,0,0,0,8,146.732,10.948,10.648,0.165,3.171,0.106,0.384,0.386,2.632,0.125,0.367,1.279,2.032,0.194,0.000,0.000,0.000,0.000,0.000,0.000,0.000,0.000,0.000,0.000,0.000,0.000,0.000,0.000,0.000,0.000,0,0,3.144,3.277,1.646,0.000,17
Data-Oriented CPU ROAM,RelWithDebInfo,OpenGL,NVIDIA GeForce RTX 5090 D/PCIe/SSE2,4.3.0 NVIDIA 591.86,false,assets/heightmaps/Hm_Terrain_Test_129.pgm,129,129,80.000,12.000,20,4.000,2.000,200000,4.358,0.000,18.000,23.828,11.313,21393,90360,21391,82,41,104,49,0,0,0,0,8,1207.473,10.648,10.351,0.182,3.456,0.103,0.400,0.201,2.081,0.108,0.371,1.673,1.775,0.188,0.000,0.000,0.000,0.000,0.000,0.000,0.000,0.000,0.000,0.000,0.000,0.000,0.000,0.000,0.000,0.000,0,0,2.391,3.559,2.044,0.000,17
Data-Oriented CPU ROAM,RelWithDebInfo,OpenGL,NVIDIA GeForce RTX 5090 D/PCIe/SSE2,4.3.0 NVIDIA 591.86,false,assets/heightmaps/Hm_Terrain_Test_129.pgm,129,129,80.000,12.000,20,4.000,2.000,200000,4.369,0.000,18.000,23.763,11.013,21415,90540,21413,90,45,68,55,0,0,0,0,8,0.000,10.465,10.179,0.171,2.898,0.079,0.369,0.320,2.232,0.120,0.372,1.748,1.868,0.177,0.000,0.000,0.000,0.000,0.000,0.000,0.000,0.000,0.000,0.000,0.000,0.000,0.000,0.000,0.000,0.000,0,0,2.672,2.978,2.120,0.000,17
Data-Oriented CPU ROAM,RelWithDebInfo,OpenGL,NVIDIA GeForce RTX 5090 D/PCIe/SSE2,4.3.0 NVIDIA 591.86,false,assets/heightmaps/Hm_Terrain_Test_129.pgm,129,129,80.000,12.000,20,4.000,2.000,200000,4.380,0.000,18.000,23.700,10.813,21415,90716,21413,90,46,90,46,0,0,0,0,8,159.873,10.045,9.772,0.163,3.224,0.103,0.404,0.208,1.851,0.164,0.599,1.208,1.848,0.173,0.000,0.000,0.000,0.000,0.000,0.000,0.000,0.000,0.000,0.000,0.000,0.000,0.000,0.000,0.000,0.000,0,0,2.224,3.327,1.807,0.000,17
Data-Oriented CPU ROAM,RelWithDebInfo,OpenGL,NVIDIA GeForce RTX 5090 D/PCIe/SSE2,4.3.0 NVIDIA 591.86,false,assets/heightmaps/Hm_Terrain_Test_129.pgm,129,129,80.000,12.000,20,4.000,2.000,200000,4.391,0.000,18.000,23.638,10.388,21376,90864,21374,74,37,113,40,0,0,0,0,8,156.555,10.250,9.979,0.173,2.861,0.114,0.384,0.407,2.589,0.104,0.371,1.233,1.742,0.168,0.000,0.000,0.000,0.000,0.000,0.000,0.000,0.000,0.000,0.000,0.000,0.000,0.000,0.000,0.000,0.000,0,0,3.100,2.975,1.604,0.000,17
Data-Oriented CPU ROAM,RelWithDebInfo,OpenGL,NVIDIA GeForce RTX 5090 D/PCIe/SSE2,4.3.0 NVIDIA 591.86,false,assets/heightmaps/Hm_Terrain_Test_129.pgm,129,129,80.000,12.000,20,4.000,2.000,200000,4.401,0.000,18.000,23.576,10.582,21384,91056,21382,96,48,88,54,0,0,0,0,8,0.000,10.408,10.134,0.167,2.986,0.095,0.387,0.387,2.626,0.132,0.369,1.192,1.793,0.172,0.000,0.000,0.000,0.000,0.000,0.000,0.000,0.000,0.000,0.000,0.000,0.000,0.000,0.000,0.000,0.000,0,0,3.145,3.081,1.561,0.000,17
Data-Oriented CPU ROAM,RelWithDebInfo,OpenGL,NVIDIA GeForce RTX 5090 D/PCIe/SSE2,4.3.0 NVIDIA 591.86,false,assets/heightmaps/Hm_Terrain_Test_129.pgm,129,129,80.000,12.000,20,4.000,2.000,200000,4.412,0.000,18.000,23.512,10.757,21412,91300,21410,122,61,94,73,0,0,0,0,8,158.087,10.158,9.882,0.173,3.082,0.101,0.382,0.266,2.331,0.165,0.378,1.202,1.802,0.169,0.000,0.000,0.000,0.000,0.000,0.000,0.000,0.000,0.000,0.000,0.000,0.000,0.000,0.000,0.000,0.000,0,0,2.762,3.183,1.581,0.000,17
Data-Oriented CPU ROAM,RelWithDebInfo,OpenGL,NVIDIA GeForce RTX 5090 D/PCIe/SSE2,4.3.0 NVIDIA 591.86,false,assets/heightmaps/Hm_Terrain_Test_129.pgm,129,129,80.000,12.000,20,4.000,2.000,200000,4.422,0.000,18.000,23.450,10.511,21412,91516,21410,108,54,108,64,0,0,0,0,8,140.865,11.356,11.091,0.165,3.496,0.111,0.384,0.389,2.619,0.136,0.369,1.682,1.739,0.166,0.000,0.000,0.000,0.000,0.000,0.000,0.000,0.000,0.000,0.000,0.000,0.000,0.000,0.000,0.000,0.000,0,0,3.145,3.606,2.051,0.000,17
Data-Oriented CPU ROAM,RelWithDebInfo,OpenGL,NVIDIA GeForce RTX 5090 D/PCIe/SSE2,4.3.0 NVIDIA 591.86,false,assets/heightmaps/Hm_Terrain_Test_129.pgm,129,129,80.000,12.000,20,4.000,2.000,200000,4.434,0.000,18.000,23.381,11.666,21402,91720,21400,112,61,122,56,0,0,0,0,8,0.000,9.634,9.351,0.165,2.899,0.119,0.386,0.206,2.080,0.140,0.374,1.196,1.786,0.176,0.000,0.000,0.000,0.000,0.000,0.000,0.000,0.000,0.000,0.000,0.000,0.000,0.000,0.000,0.000,0.000,0,0,2.425,3.019,1.569,0.000,17
Data-Oriented CPU ROAM,RelWithDebInfo,OpenGL,NVIDIA GeForce RTX 5090 D/PCIe/SSE2,4.3.0 NVIDIA 591.86,false,assets/heightmaps/Hm_Terrain_Test_129.pgm,129,129,80.000,12.000,20,4.000,2.000,200000,4.444,0.000,18.000,23.322,9.962,21394,91912,21392,96,48,104,57,0,0,0,0,8,1010.234,11.114,10.825,0.169,2.945,0.110,0.383,0.379,2.683,0.125,0.371,1.782,1.877,0.183,0.000,0.000,0.000,0.000,0.000,0.000,0.000,0.000,0.000,0.000,0.000,0.000,0.000,0.000,0.000,0.000,0,0,3.188,3.055,2.154,0.000,17
Data-Oriented CPU ROAM,RelWithDebInfo,OpenGL,NVIDIA GeForce RTX 5090 D/PCIe/SSE2,4.3.0 NVIDIA 591.86,false,assets/heightmaps/Hm_Terrain_Test_129.pgm,129,129,80.000,12.000,20,4.000,2.000,200000,4.456,0.000,18.000,23.254,11.445,21424,92156,21422,122,61,92,70,0,0,0,0,8,715.863,11.201,10.912,0.170,3.503,0.098,0.412,0.387,2.401,0.176,0.368,1.664,1.732,0.178,0.000,0.000,0.000,0.000,0.000,0.000,0.000,0.000,0.000,0.000,0.000,0.000,0.000,0.000,0.000,0.000,0,0,2.965,3.601,2.033,0.000,17
Data-Oriented CPU ROAM,RelWithDebInfo,OpenGL,NVIDIA GeForce RTX 5090 D/PCIe/SSE2,4.3.0 NVIDIA 591.86,false,assets/heightmaps/Hm_Terrain_Test_129.pgm,129,129,80.000,12.000,20,4.000,2.000,200000,4.467,0.000,18.000,23.185,11.531,21402,92348,21400,96,48,118,54,0,0,0,0,8,453.670,10.606,10.331,0.172,2.902,0.115,0.387,0.389,2.864,0.122,0.378,1.210,1.793,0.175,0.000,0.000,0.000,0.000,0.000,0.000,0.000,0.000,0.000,0.000,0.000,0.000,0.000,0.000,0.000,0.000,0,0,3.375,3.017,1.587,0.000,17
Data-Oriented CPU ROAM,RelWithDebInfo,OpenGL,NVIDIA GeForce RTX 5090 D/PCIe/SSE2,4.3.0 NVIDIA 591.86,false,assets/heightmaps/Hm_Terrain_Test_129.pgm,129,129,80.000,12.000,20,4.000,2.000,200000,4.478,0.000,18.000,23.121,10.926,21440,92520,21438,86,43,48,48,0,0,0,0,8,0.000,11.026,10.741,0.166,3.277,0.058,0.392,0.359,2.285,0.114,0.373,1.652,2.065,0.177,0.000,0.000,0.000,0.000,0.000,0.000,0.000,0.000,0.000,0.000,0.000,0.000,0.000,0.000,0.000,0.000,0,0,2.757,3.335,2.026,0.000,17
Data-Oriented CPU ROAM,RelWithDebInfo,OpenGL,NVIDIA GeForce RTX 5090 D/PCIe/SSE2,4.3.0 NVIDIA 591.86,false,assets/heightmaps/Hm_Terrain_Test_129.pgm,129,129,80.000,12.000,20,4.000,2.000,200000,4.489,0.000,18.000,23.053,11.380,21434,92720,21432,100,50,106,57,0,0,0,0,8,151.542,10.582,10.310,0.226,3.455,0.109,0.385,0.209,1.908,0.131,0.375,1.755,1.756,0.167,0.000,0.000,0.000,0.000,0.000,0.000,0.000,0.000,0.000,0.000,0.000,0.000,0.000,0.000,0.000,0.000,0,0,2.248,3.565,2.130,0.000,17
Data-Oriented CPU ROAM,RelWithDebInfo,OpenGL,NVIDIA GeForce RTX 5090 D/PCIe/SSE2,4.3.0 NVIDIA 591.86,false,assets/heightmaps/Hm_Terrain_Test_129.pgm,129,129,80.000,12.000,20,4.000,2.000,200000,4.500,0.000,18.000,22.988,10.942,21448,92924,21446,102,51,88,58,0,0,0,0,8,149.108,10.771,10.478,0.166,3.143,0.101,0.384,0.206,2.347,0.135,0.372,1.774,1.850,0.181,0.000,0.000,0.000,0.000,0.000,0.000,0.000,0.000,0.000,0.000,0.000,0.000,0.000,0.000,0.000,0.000,0,0,2.688,3.244,2.146,0.000,17
Data-Oriented CPU ROAM,RelWithDebInfo,OpenGL,NVIDIA GeForce RTX 5090 D/PCIe/SSE2,4.3.0 NVIDIA 591.86,false,assets/heightmaps/Hm_Terrain_Test_129.pgm,129,129,80.000,12.000,20,4.000,2.000,200000,4.511,0.000,18.000,22.922,11.114,21458,93132,21456,104,52,94,59,0,0,0,0,8,0.000,10.914,10.614,0.167,3.508,0.102,0.406,0.300,2.500,0.139,0.369,1.187,1.938,0.184,0.000,0.000,0.000,0.000,0.000,0.000,0.000,0.000,0.000,0.000,0.000,0.000,0.000,0.000,0.000,0.000,0,0,2.939,3.609,1.556,0.000,17
Data-Oriented CPU ROAM,RelWithDebInfo,OpenGL,NVIDIA GeForce RTX 5090 D/PCIe/SSE2,4.3.0 NVIDIA 591.86,false,assets/heightmaps/Hm_Terrain_Test_129.pgm,129,129,80.000,12.000,20,4.000,2.000,200000,4.523,0.000,18.000,22.855,11.277,21510,93348,21508,108,54,56,63,0,0,0,0,8,154.268,10.402,10.127,0.181,2.936,0.065,0.383,0.206,2.252,0.142,0.380,1.694,1.888,0.173,0.000,0.000,0.000,0.000,0.000,0.000,0.000,0.000,0.000,0.000,0.000,0.000,0.000,0.000,0.000,0.000,0,0,2.601,3.000,2.074,0.000,17
Data-Oriented CPU ROAM,RelWithDebInfo,OpenGL,NVIDIA GeForce RTX 5090 D/PCIe/SSE2,4.3.0 NVIDIA 591.86,false,assets/heightmaps/Hm_Terrain_Test_129.pgm,129,129,80.000,12.000,20,4.000,2.000,200000,4.533,0.000,18.000,22.791,10.753,21530,93580,21528,116,58,96,67,0,0,0,0,8,414.035,11.600,11.320,0.168,3.573,0.112,0.388,0.375,2.448,0.210,0.430,1.754,1.862,0.170,0.000,0.000,0.000,0.000,0.000,0.000,0.000,0.000,0.000,0.000,0.000,0.000,0.000,0.000,0.000,0.000,0,0,3.033,3.685,2.184,0.000,17
Data-Oriented CPU ROAM,RelWithDebInfo,OpenGL,NVIDIA GeForce RTX 5090 D/PCIe/SSE2,4.3.0 NVIDIA 591.86,false,assets/heightmaps/Hm_Terrain_Test_129.pgm,129,129,80.000,12.000,20,4.000,2.000,200000,4.545,0.000,18.000,22.720,11.946,21563,93830,21561,125,62,92,72,0,0,0,0,8,159.015,10.104,9.825,0.167,3.571,0.091,0.387,0.209,1.781,0.164,0.375,1.223,1.857,0.176,0.000,0.000,0.000,0.000,0.000,0.000,0.000,0.000,0.000,0.000,0.000,0.000,0.000,0.000,0.000,0.000,0,0,2.154,3.662,1.598,0.000,17
Data-Oriented CPU ROAM,RelWithDebInfo,OpenGL,NVIDIA GeForce RTX 5090 D/PCIe/SSE2,4.3.0 NVIDIA 591.86,false,assets/heightmaps/Hm_Terrain_Test_129.pgm,129,129,80.000,12.000,20,4.000,2.000,200000,4.556,0.000,18.000,22.658,10.429,21569,94020,21567,95,47,89,55,0,0,0,0,8,0.000,10.524,10.229,0.168,3.330,0.097,0.387,0.298,2.372,0.126,0.379,1.223,1.850,0.179,0.000,0.000,0.000,0.000,0.000,0.000,0.000,0.000,0.000,0.000,0.000,0.000,0.000,0.000,0.000,0.000,0,0,2.796,3.427,1.602,0.000,17
Data-Oriented CPU ROAM,RelWithDebInfo,OpenGL,NVIDIA GeForce RTX 5090 D/PCIe/SSE2,4.3.0 NVIDIA 591.86,false,assets/heightmaps/Hm_Terrain_Test_129.pgm,129,129,80.000,12.000,20,4.000,2.000,200000,4.567,0.000,18.000,22.593,10.864,21565,94196,21563,88,44,92,49,0,0,0,0,8,159.672,10.074,9.784,0.171,2.891,0.099,0.392,0.205,2.117,0.126,0.373,1.594,1.816,0.181,0.000,0.000,0.000,0.000,0.000,0.000,0.000,0.000,0.000,0.000,0.000,0.000,0.000,0.000,0.000,0.000,0,0,2.447,2.990,1.967,0.000,17
Data-Oriented CPU ROAM,RelWithDebInfo,OpenGL,NVIDIA GeForce RTX 5090 D/PCIe/SSE2,4.3.0 NVIDIA 591.86,false,assets/heightmaps/Hm_Terrain_Test_129.pgm,129,129,80.000,12.000,20,4.000,2.000,200000,4.577,0.000,18.000,22.531,10.420,21550,94388,21548,98,50,113,53,0,0,0,0,8,1037.517,10.826,10.541,0.180,2.994,0.123,0.384,0.387,2.791,0.130,0.377,1.240,1.934,0.176,0.000,0.000,0.000,0.000,0.000,0.000,0.000,0.000,0.000,0.000,0.000,0.000,0.000,0.000,0.000,0.000,0,0,3.309,3.116,1.617,0.000,17
Data-Oriented CPU ROAM,RelWithDebInfo,OpenGL,NVIDIA GeForce RTX 5090 D/PCIe/SSE2,4.3.0 NVIDIA 591.86,false,assets/heightmaps/Hm_Terrain_Test_129.pgm,129,129,80.000,12.000,20,4.000,2.000,200000,4.588,0.000,18.000,22.465,11.173,21580,94604,21578,108,54,78,61,0,0,0,0,8,0.000,10.331,10.033,0.171,3.602,0.085,0.429,0.202,2.005,0.137,0.374,1.201,1.826,0.188,0.000,0.000,0.000,0.000,0.000,0.000,0.000,0.000,0.000,0.000,0.000,0.000,0.000,0.000,0.000,0.000,0,0,2.344,3.687,1.575,0.000,17
Data-Oriented CPU ROAM,RelWithDebInfo,OpenGL,NVIDIA GeForce RTX 5090 D/PCIe/SSE2,4.3.0 NVIDIA 591.86,false,assets/heightmaps/Hm_Terrain_Test_129.pgm,129,129,80.000,12.000,20,4.000,2.000,200000,4.599,0.000,18.000,22.401,10.685,21560,94792,21558,94,47,114,52,0,0,0,0,8,150.485,10.665,10.382,0.178,2.954,0.120,0.385,0.404,2.714,0.128,0.375,1.251,1.872,0.171,0.000,0.000,0.000,0.000,0.000,0.000,0.000,0.000,0.000,0.000,0.000,0.000,0.000,0.000,0.000,0.000,0,0,3.247,3.074,1.626,0.000,17
Data-Oriented CPU ROAM,RelWithDebInfo,OpenGL,NVIDIA GeForce RTX 5090 D/PCIe/SSE2,4.3.0 NVIDIA 591.86,false,assets/heightmaps/Hm_Terrain_Test_129.pgm,129,129,80.000,12.000,20,4.000,2.000,200000,4.610,0.000,18.000,22.335,11.002,21570,94944,21568,80,42,70,42,0,0,0,0,8,757.701,10.586,10.309,0.171,3.338,0.079,0.391,0.394,2.415,0.104,0.374,1.200,1.844,0.166,0.000,0.000,0.000,0.000,0.000,0.000,0.000,0.000,0.000,0.000,0.000,0.000,0.000,0.000,0.000,0.000,0,0,2.912,3.417,1.574,0.000,18
Data-Oriented CPU ROAM,RelWithDebInfo,OpenGL,NVIDIA GeForce RTX 5090 D/PCIe/SSE2,4.3.0 NVIDIA 591.86,false,assets/heightmaps/Hm_Terrain_Test_129.pgm,129,129,80.000,12.000,20,4.000,2.000,200000,4.621,0.000,18.000,22.270,10.938,21562,95152,21560,104,52,112,57,0,0,0,0,8,0.000,10.674,10.389,0.168,3.043,0.133,0.389,0.382,2.724,0.140,0.376,1.222,1.812,0.174,0.000,0.000,0.000,0.000,0.000,0.000,0.000,0.000,0.000,0.000,0.000,0.000,0.000,0.000,0.000,0.000,0,0,3.246,3.175,1.597,0.000,18
Data-Oriented CPU ROAM,RelWithDebInfo,OpenGL,NVIDIA GeForce RTX 5090 D/PCIe/SSE2,4.3.0 NVIDIA 591.86,false,assets/heightmaps/Hm_Terrain_Test_129.pgm,129,129,80.000,12.000,20,4.000,2.000,200000,4.632,0.000,18.000,22.204,11.004,21604,95376,21602,112,56,70,65,0,0,0,0,8,142.865,11.226,10.936,0.171,3.007,0.089,0.386,0.387,2.689,0.187,0.377,1.659,1.984,0.180,0.000,0.000,0.000,0.000,0.000,0.000,0.000,0.000,0.000,0.000,0.000,0.000,0.000,0.000,0.000,0.000,0,0,3.263,3.096,2.036,0.000,18
Data-Oriented CPU ROAM,RelWithDebInfo,OpenGL,NVIDIA GeForce RTX 5090 D/PCIe/SSE2,4.3.0 NVIDIA 591.86,false,assets/heightmaps/Hm_Terrain_Test_129.pgm,129,129,80.000,12.000,20,4.000,2.000,200000,4.644,0.000,18.000,22.135,11.577,21612,95616,21610,126,66,118,69,0,0,0,0,8,143.926,11.142,10.855,0.175,3.423,0.112,0.390,0.392,2.731,0.161,0.375,1.219,1.876,0.174,0.000,0.000,0.000,0.000,0.000,0.000,0.000,0.000,0.000,0.000,0.000,0.000,0.000,0.000,0.000,0.000,0,0,3.285,3.535,1.594,0.000,18
Data-Oriented CPU ROAM,RelWithDebInfo,OpenGL,NVIDIA GeForce RTX 5090 D/PCIe/SSE2,4.3.0 NVIDIA 591.86,false,assets/heightmaps/Hm_Terrain_Test_129.pgm,129,129,80.000,12.000,20,4.000,2.000,200000,4.655,0.000,18.000,22.067,11.479,21630,95840,21628,112,56,94,60,0,0,0,0,8,158.260,10.148,9.872,0.177,2.934,0.096,0.389,0.214,2.355,0.144,0.392,1.243,1.926,0.172,0.000,0.000,0.000,0.000,0.000,0.000,0.000,0.000,0.000,0.000,0.000,0.000,0.000,0.000,0.000,0.000,0,0,2.714,3.030,1.635,0.000,18
Data-Oriented CPU ROAM,RelWithDebInfo,OpenGL,NVIDIA GeForce RTX 5090 D/PCIe/SSE2,4.3.0 NVIDIA 591.86,false,assets/heightmaps/Hm_Terrain_Test_129.pgm,129,129,80.000,12.000,20,4.000,2.000,200000,4.666,0.000,18.000,22.004,10.520,21596,96036,21594,98,49,132,54,0,0,0,0,8,0.000,10.375,10.085,0.174,3.531,0.135,0.388,0.203,2.028,0.127,0.374,1.213,1.911,0.175,0.000,0.000,0.000,0.000,0.000,0.000,0.000,0.000,0.000,0.000,0.000,0.000,0.000,0.000,0.000,0.000,0,0,2.359,3.666,1.587,0.000,18
Data-Oriented CPU ROAM,RelWithDebInfo,OpenGL,NVIDIA GeForce RTX 5090 D/PCIe/SSE2,4.3.0 NVIDIA 591.86,false,assets/heightmaps/Hm_Terrain_Test_129.pgm,129,129,80.000,12.000,20,4.000,2.000,200000,4.676,0.000,18.000,21.940,10.720,21644,96308,21642,136,68,88,79,0,0,0,0,8,152.904,10.503,10.217,0.175,2.914,0.100,0.386,0.414,2.665,0.176,0.375,1.222,1.791,0.173,0.000,0.000,0.000,0.000,0.000,0.000,0.000,0.000,0.000,0.000,0.000,0.000,0.000,0.000,0.000,0.000,0,0,3.255,3.013,1.598,0.000,18
Data-Oriented CPU ROAM,RelWithDebInfo,OpenGL,NVIDIA GeForce RTX 5090 D/PCIe/SSE2,4.3.0 NVIDIA 591.86,false,assets/heightmaps/Hm_Terrain_Test_129.pgm,129,129,80.000,12.000,20,4.000,2.000,200000,4.687,0.000,18.000,21.875,10.856,21662,96520,21660,120,67,102,58,0,0,0,0,8,1305.619,9.858,9.573,0.171,3.229,0.114,0.386,0.207,2.006,0.148,0.380,1.201,1.731,0.172,0.000,0.000,0.000,0.000,0.000,0.000,0.000,0.000,0.000,0.000,0.000,0.000,0.000,0.000,0.000,0.000,0,0,2.361,3.343,1.581,0.000,18
Data-Oriented CPU ROAM,RelWithDebInfo,OpenGL,NVIDIA GeForce RTX 5090 D/PCIe/SSE2,4.3.0 NVIDIA 591.86,false,assets/heightmaps/Hm_Terrain_Test_129.pgm,129,129,80.000,12.000,20,4.000,2.000,200000,4.697,0.000,18.000,21.814,10.209,21674,96736,21672,108,54,96,64,0,0,0,0,8,0.000,10.719,10.431,0.168,3.458,0.089,0.393,0.208,2.554,0.140,0.381,1.226,1.814,0.182,0.000,0.000,0.000,0.000,0.000,0.000,0.000,0.000,0.000,0.000,0.000,0.000,0.000,0.000,0.000,0.000,0,0,2.901,3.547,1.607,0.000,18
Data-Oriented CPU ROAM,RelWithDebInfo,OpenGL,NVIDIA GeForce RTX 5090 D/PCIe/SSE2,4.3.0 NVIDIA 591.86,false,assets/heightmaps/Hm_Terrain_Test_129.pgm,129,129,80.000,12.000,20,4.000,2.000,200000,4.708,0.000,18.000,21.748,11.043,21660,96932,21658,98,49,112,53,0,0,0,0,8,154.518,10.412,10.111,0.172,3.128,0.114,0.382,0.394,2.261,0.132,0.377,1.281,1.870,0.188,0.000,0.000,0.000,0.000,0.000,0.000,0.000,0.000,0.000,0.000,0.000,0.000,0.000,0.000,0.000,0.000,0,0,2.787,3.241,1.658,0.000,18
Data-Oriented CPU ROAM,RelWithDebInfo,OpenGL,NVIDIA GeForce RTX 5090 D/PCIe/SSE2,4.3.0 NVIDIA 591.86,false,assets/heightmaps/Hm_Terrain_Test_129.pgm,129,129,80.000,12.000,20,4.000,2.000,200000,4.719,0.000,18.000,21.684,10.742,21680,97120,21678,94,47,74,49,0,0,0,0,8,149.951,10.704,10.419,0.171,3.208,0.078,0.408,0.208,2.362,0.127,0.375,1.731,1.750,0.171,0.000,0.000,0.000,0.000,0.000,0.000,0.000,0.000,0.000,0.000,0.000,0.000,0.000,0.000,0.000,0.000,0,0,2.697,3.286,2.106,0.000,18
Data-Oriented CPU ROAM,RelWithDebInfo,OpenGL,NVIDIA GeForce RTX 5090 D/PCIe/SSE2,4.3.0 NVIDIA 591.86,false,assets/heightmaps/Hm_Terrain_Test_129.pgm,129,129,80.000,12.000,20,4.000,2.000,200000,4.730,0.000,18.000,21.618,11.030,21716,97340,21714,110,55,74,64,0,0,0,0,8,0.000,10.697,10.399,0.174,2.989,0.101,0.392,0.389,2.378,0.149,0.379,1.609,1.840,0.186,0.000,0.000,0.000,0.000,0.000,0.000,0.000,0.000,0.000,0.000,0.000,0.000,0.000,0.000,0.000,0.000,0,0,2.916,3.090,1.987,0.000,18
Data-Oriented CPU ROAM,RelWithDebInfo,OpenGL,NVIDIA GeForce RTX 5090 D/PCIe/SSE2,4.3.0 NVIDIA 591.86,false,assets/heightmaps/Hm_Terrain_Test_129.pgm,129,129,80.000,12.000,20,4.000,2.000,200000,4.741,0.000,18.000,21.552,11.020,21710,97524,21708,92,46,98,57,0,0,0,0,8,166.699,9.666,9.372,0.171,2.965,0.101,0.399,0.207,2.019,0.122,0.377,1.226,1.785,0.183,0.000,0.000,0.000,0.000,0.000,0.000,0.000,0.000,0.000,0.000,0.000,0.000,0.000,0.000,0.000,0.000,0,0,2.348,3.066,1.603,0.000,18
Data-Oriented CPU ROAM,RelWithDebInfo,OpenGL,NVIDIA GeForce RTX 5090 D/PCIe/SSE2,4.3.0 NVIDIA 591.86,false,assets/heightmaps/Hm_Terrain_Test_129.pgm,129,129,80.000,12.000,20,4.000,2.000,200000,4.751,0.000,18.000,21.492,10.007,21766,97770,21764,129,67,73,67,0,0,0,0,8,1187.953,10.801,10.521,0.177,3.001,0.092,0.391,0.322,2.431,0.162,0.376,1.753,1.816,0.173,0.000,0.000,0.000,0.000,0.000,0.000,0.000,0.000,0.000,0.000,0.000,0.000,0.000,0.000,0.000,0.000,0,0,2.914,3.092,2.129,0.000,18
Data-Oriented CPU ROAM,RelWithDebInfo,OpenGL,NVIDIA GeForce RTX 5090 D/PCIe/SSE2,4.3.0 NVIDIA 591.86,false,assets/heightmaps/Hm_Terrain_Test_129.pgm,129,129,80.000,12.000,20,4.000,2.000,200000,4.762,0.000,18.000,21.425,11.137,21791,98020,21789,125,62,100,72,0,0,0,0,8,0.000,10.875,10.571,0.176,3.086,0.103,0.397,0.391,2.638,0.162,0.378,1.231,2.008,0.184,0.000,0.000,0.000,0.000,0.000,0.000,0.000,0.000,0.000,0.000,0.000,0.000,0.000,0.000,0.000,0.000,0,0,3.191,3.189,1.609,0.000,18
Data-Oriented CPU ROAM,RelWithDebInfo,OpenGL,NVIDIA GeForce RTX 5090 D/PCIe/SSE2,4.3.0 NVIDIA 591.86,false,assets/heightmaps/Hm_Terrain_Test_129.pgm,129,129,80.000,12.000,20,4.000,2.000,200000,4.774,0.000,18.000,21.358,11.237,21825,98284,21823,132,66,98,71,0,0,0,0,8,0.000,11.472,11.187,0.180,3.300,0.101,0.393,0.389,2.803,0.171,0.378,1.650,1.822,0.175,0.000,0.000,0.000,0.000,0.000,0.000,0.000,0.000,0.000,0.000,0.000,0.000,0.000,0.000,0.000,0.000,0,0,3.362,3.401,2.028,0.000,18
Data-Oriented CPU ROAM,RelWithDebInfo,OpenGL,NVIDIA GeForce RTX 5090 D/PCIe/SSE2,4.3.0 NVIDIA 591.86,false,assets/heightmaps/Hm_Terrain_Test_129.pgm,129,129,80.000,12.000,20,4.000,2.000,200000,4.785,0.000,18.000,21.287,11.826,21816,98480,21814,98,49,107,53,0,0,0,0,8,153.481,10.460,10.179,0.180,3.077,0.113,0.386,0.390,2.367,0.130,0.381,1.312,1.843,0.176,0.000,0.000,0.000,0.000,0.000,0.000,0.000,0.000,0.000,0.000,0.000,0.000,0.000,0.000,0.000,0.000,0,0,2.886,3.190,1.694,0.000,18
Data-Oriented CPU ROAM,RelWithDebInfo,OpenGL,NVIDIA GeForce RTX 5090 D/PCIe/SSE2,4.3.0 NVIDIA 591.86,false,assets/heightmaps/Hm_Terrain_Test_129.pgm,129,129,80.000,12.000,20,4.000,2.000,200000,4.796,0.000,18.000,21.222,10.811,21818,98680,21816,102,52,100,58,0,0,0,0,8,148.905,10.776,10.492,0.176,3.341,0.105,0.408,0.260,2.586,0.127,0.379,1.244,1.866,0.176,0.000,0.000,0.000,0.000,0.000,0.000,0.000,0.000,0.000,0.000,0.000,0.000,0.000,0.000,0.000,0.000,0,0,2.972,3.446,1.623,0.000,18
Data-Oriented CPU ROAM,RelWithDebInfo,OpenGL,NVIDIA GeForce RTX 5090 D/PCIe/SSE2,4.3.0 NVIDIA 591.86,false,assets/heightmaps/Hm_Terrain_Test_129.pgm,129,129,80.000,12.000,20,4.000,2.000,200000,4.808,0.000,18.000,21.154,11.453,21778,98868,21776,94,47,134,54,0,0,0,0,8,0.000,10.306,10.017,0.176,3.049,0.129,0.393,0.389,2.246,0.127,0.379,1.246,1.883,0.177,0.000,0.000,0.000,0.000,0.000,0.000,0.000,0.000,0.000,0.000,0.000,0.000,0.000,0.000,0.000,0.000,0,0,2.762,3.178,1.625,0.000,18
Data-Oriented CPU ROAM,RelWithDebInfo,OpenGL,NVIDIA GeForce RTX 5090 D/PCIe/SSE2,4.3.0 NVIDIA 591.86,false,assets/heightmaps/Hm_Terrain_Test_129.pgm,129,129,80.000,12.000,20,4.000,2.000,200000,4.818,0.000,18.000,21.090,10.647,21824,99096,21822,114,57,68,63,0,0,0,0,8,149.989,10.690,10.416,0.170,2.979,0.076,0.400,0.396,2.742,0.147,0.378,1.259,1.870,0.168,0.000,0.000,0.000,0.000,0.000,0.000,0.000,0.000,0.000,0.000,0.000,0.000,0.000,0.000,0.000,0.000,0,0,3.285,3.055,1.637,0.000,18
Data-Oriented CPU ROAM,RelWithDebInfo,OpenGL,NVIDIA GeForce RTX 5090 D/PCIe/SSE2,4.3.0 NVIDIA 591.86,false,assets/heightmaps/Hm_Terrain_Test_129.pgm,129,129,80.000,12.000,20,4.000,2.000,200000,4.829,0.000,18.000,21.024,11.050,21801,99304,21799,110,58,133,58,0,0,0,0,8,147.806,10.857,10.570,0.170,3.193,0.125,0.391,0.209,2.818,0.151,0.380,1.235,1.898,0.178,0.000,0.000,0.000,0.000,0.000,0.000,0.000,0.000,0.000,0.000,0.000,0.000,0.000,0.000,0.000,0.000,0,0,3.178,3.318,1.614,0.000,18
Data-Oriented CPU ROAM,RelWithDebInfo,OpenGL,NVIDIA GeForce RTX 5090 D/PCIe/SSE2,4.3.0 NVIDIA 591.86,false,assets/heightmaps/Hm_Terrain_Test_129.pgm,129,129,80.000,12.000,20,4.000,2.000,200000,4.840,0.000,18.000,20.957,11.197,21799,99496,21797,96,48,98,56,0,0,0,0,8,138.516,11.585,11.279,0.173,3.607,0.109,0.395,0.210,2.723,0.134,0.384,1.446,2.099,0.192,0.000,0.000,0.000,0.000,0.000,0.000,0.000,0.000,0.000,0.000,0.000,0.000,0.000,0.000,0.000,0.000,0,0,3.067,3.715,1.830,0.000,18
Data-Oriented CPU ROAM,RelWithDebInfo,OpenGL,NVIDIA GeForce RTX 5090 D/PCIe/SSE2,4.3.0 NVIDIA 591.86,false,assets/heightmaps/Hm_Terrain_Test_129.pgm,129,129,80.000,12.000,20,4.000,2.000,200000,4.852,0.000,18.000,20.885,11.946,21757,99728,21755,116,58,158,66,0,0,0,0,8,0.000,11.241,10.953,0.181,3.574,0.139,0.410,0.389,2.563,0.149,0.379,1.256,1.913,0.173,0.000,0.000,0.000,0.000,0.000,0.000,0.000,0.000,0.000,0.000,0.000,0.000,0.000,0.000,0.000,0.000,0,0,3.101,3.713,1.635,0.000,18
Data-Oriented CPU ROAM,RelWithDebInfo,OpenGL,NVIDIA GeForce RTX 5090 D/PCIe/SSE2,4.3.0 NVIDIA 591.86,false,assets/heightmaps/Hm_Terrain_Test_129.pgm,129,129,80.000,12.000,20,4.000,2.000,200000,4.864,0.000,18.000,20.816,11.600,21804,100044,21802,158,79,111,84,0,0,0,0,8,141.318,11.359,11.055,0.175,3.007,0.109,0.386,0.392,2.531,0.195,0.381,1.785,2.094,0.193,0.000,0.000,0.000,0.000,0.000,0.000,0.000,0.000,0.000,0.000,0.000,0.000,0.000,0.000,0.000,0.000,0,0,3.118,3.116,2.166,0.000,18
Data-Oriented CPU ROAM,RelWithDebInfo,OpenGL,NVIDIA GeForce RTX 5090 D/PCIe/SSE2,4.3.0 NVIDIA 591.86,false,assets/heightmaps/Hm_Terrain_Test_129.pgm,129,129,80.000,12.000,20,4.000,2.000,200000,4.876,0.000,18.000,20.745,11.738,21804,100268,21802,112,56,112,66,0,0,0,0,8,1130.802,11.368,11.052,0.178,3.217,0.125,0.391,0.292,2.485,0.149,0.380,1.381,2.455,0.204,0.000,0.000,0.000,0.000,0.000,0.000,0.000,0.000,0.000,0.000,0.000,0.000,0.000,0.000,0.000,0.000,0,0,2.926,3.341,1.761,0.000,18
Data-Oriented CPU ROAM,RelWithDebInfo,OpenGL,NVIDIA GeForce RTX 5090 D/PCIe/SSE2,4.3.0 NVIDIA 591.86,false,assets/heightmaps/Hm_Terrain_Test_129.pgm,129,129,80.000,12.000,20,4.000,2.000,200000,4.888,0.000,18.000,20.674,11.790,21854,100540,21852,136,68,86,78,0,0,0,0,8,134.416,11.910,11.623,0.195,3.686,0.100,0.424,0.210,2.409,0.192,0.382,1.796,2.228,0.179,0.000,0.000,0.000,0.000,0.000,0.000,0.000,0.000,0.000,0.000,0.000,0.000,0.000,0.000,0.000,0.000,0,0,2.811,3.787,2.178,0.000,18
Data-Oriented CPU ROAM,RelWithDebInfo,OpenGL,NVIDIA GeForce RTX 5090 D/PCIe/SSE2,4.3.0 NVIDIA 591.86,false,assets/heightmaps/Hm_Terrain_Test_129.pgm,129,129,80.000,12.000,20,4.000,2.000,200000,4.900,0.000,18.000,20.601,12.332,21860,100760,21858,116,61,110,62,0,0,0,0,8,0.000,11.416,11.112,0.188,3.007,0.117,0.388,0.621,2.653,0.157,0.415,1.266,2.301,0.189,0.000,0.000,0.000,0.000,0.000,0.000,0.000,0.000,0.000,0.000,0.000,0.000,0.000,0.000,0.000,0.000,0,0,3.431,3.124,1.680,0.000,18
Data-Oriented CPU ROAM,RelWithDebInfo,OpenGL,NVIDIA GeForce RTX 5090 D/PCIe/SSE2,4.3.0 NVIDIA 591.86,false,assets/heightmaps/Hm_Terrain_Test_129.pgm,129,129,80.000,12.000,20,4.000,2.000,200000,4.912,0.000,18.000,20.529,11.846,21802,100948,21800,94,47,152,48,0,0,0,0,8,141.840,11.305,11.014,0.186,3.152,0.147,0.390,0.395,2.785,0.138,0.381,1.237,2.203,0.178,0.000,0.000,0.000,0.000,0.000,0.000,0.000,0.000,0.000,0.000,0.000,0.000,0.000,0.000,0.000,0.000,0,0,3.317,3.299,1.618,0.000,18
Data-Oriented CPU ROAM,RelWithDebInfo,OpenGL,NVIDIA GeForce RTX 5090 D/PCIe/SSE2,4.3.0 NVIDIA 591.86,false,assets/heightmaps/Hm_Terrain_Test_129.pgm,129,129,80.000,12.000,20,4.000,2.000,200000,4.923,0.000,18.000,20.459,11.714,21898,101248,21896,150,75,54,84,0,0,0,0,8,406.989,11.799,11.516,0.172,3.555,0.068,0.388,0.390,2.968,0.185,0.387,1.612,1.792,0.176,0.000,0.000,0.000,0.000,0.000,0.000,0.000,0.000,0.000,0.000,0.000,0.000,0.000,0.000,0.000,0.000,0,0,3.543,3.622,1.998,0.000,18
Data-Oriented CPU ROAM,RelWithDebInfo,OpenGL,NVIDIA GeForce RTX 5090 D/PCIe/SSE2,4.3.0 NVIDIA 591.86,false,assets/heightmaps/Hm_Terrain_Test_129.pgm,129,129,80.000,12.000,20,4.000,2.000,200000,4.936,0.000,18.000,20.386,12.154,21912,101468,21910,110,55,96,63,0,0,0,0,8,1155.663,11.111,10.815,0.168,3.535,0.103,0.415,0.403,2.596,0.152,0.381,1.212,1.850,0.183,0.000,0.000,0.000,0.000,0.000,0.000,0.000,0.000,0.000,0.000,0.000,0.000,0.000,0.000,0.000,0.000,0,0,3.152,3.638,1.593,0.000,18
Data-Oriented CPU ROAM,RelWithDebInfo,OpenGL,NVIDIA GeForce RTX 5090 D/PCIe/SSE2,4.3.0 NVIDIA 591.86,false,assets/heightmaps/Hm_Terrain_Test_129.pgm,129,129,80.000,12.000,20,4.000,2.000,200000,4.947,0.000,18.000,20.317,11.480,21960,101732,21958,132,66,84,74,0,0,0,0,8,0.000,11.154,10.863,0.178,3.004,0.095,0.396,0.388,2.599,0.161,0.381,1.727,1.933,0.177,0.000,0.000,0.000,0.000,0.000,0.000,0.000,0.000,0.000,0.000,0.000,0.000,0.000,0.000,0.000,0.000,0,0,3.148,3.099,2.109,0.000,18
Data-Oriented CPU ROAM,RelWithDebInfo,OpenGL,NVIDIA GeForce RTX 5090 D/PCIe/SSE2,4.3.0 NVIDIA 591.86,false,assets/heightmaps/Hm_Terrain_Test_129.pgm,129,129,80.000,12.000,20,4.000,2.000,200000,4.959,0.000,18.000,20.248,11.517,21954,101924,21952,96,48,102,51,0,0,0,0,8,265.569,12.073,11.766,0.171,3.542,0.114,0.389,0.391,2.797,0.135,0.385,1.749,2.092,0.195,0.000,0.000,0.000,0.000,0.000,0.000,0.000,0.000,0.000,0.000,0.000,0.000,0.000,0.000,0.000,0.000,0,0,3.323,3.656,2.134,0.000,18
Data-Oriented CPU ROAM,RelWithDebInfo,OpenGL,NVIDIA GeForce RTX 5090 D/PCIe/SSE2,4.3.0 NVIDIA 591.86,false,assets/heightmaps/Hm_Terrain_Test_129.pgm,129,129,80.000,12.000,20,4.000,2.000,200000,4.971,0.000,18.000,20.174,12.437,21979,102222,21977,149,74,124,79,0,0,0,0,8,464.693,10.370,10.086,0.184,3.347,0.127,0.409,0.289,1.971,0.186,0.383,1.211,1.980,0.177,0.000,0.000,0.000,0.000,0.000,0.000,0.000,0.000,0.000,0.000,0.000,0.000,0.000,0.000,0.000,0.000,0,0,2.446,3.474,1.594,0.000,18
Data-Oriented CPU ROAM,RelWithDebInfo,OpenGL,NVIDIA GeForce RTX 5090 D/PCIe/SSE2,4.3.0 NVIDIA 591.86,false,assets/heightmaps/Hm_Terrain_Test_129.pgm,129,129,80.000,12.000,20,4.000,2.000,200000,4.982,0.000,18.000,20.109,10.744,21937,102388,21935,83,41,125,51,0,0,0,0,8,143.032,11.207,10.923,0.179,3.013,0.119,0.398,0.416,2.956,0.126,0.389,1.263,2.063,0.180,0.000,0.000,0.000,0.000,0.000,0.000,0.000,0.000,0.000,0.000,0.000,0.000,0.000,0.000,0.000,0.000,0,0,3.498,3.132,1.653,0.000,18
Data-Oriented CPU ROAM,RelWithDebInfo,OpenGL,NVIDIA GeForce RTX 5090 D/PCIe/SSE2,4.3.0 NVIDIA 591.86,false,assets/heightmaps/Hm_Terrain_Test_129.pgm,129,129,80.000,12.000,20,4.000,2.000,200000,4.993,0.000,18.000,20.040,11.591,21960,102608,21958,112,57,89,62,0,0,0,0,8,0.000,11.004,10.682,0.179,3.310,0.108,0.398,0.213,2.663,0.147,0.382,1.364,1.918,0.206,0.000,0.000,0.000,0.000,0.000,0.000,0.000,0.000,0.000,0.000,0.000,0.000,0.000,0.000,0.000,0.000,0,0,3.023,3.418,1.745,0.000,18
Data-Oriented CPU ROAM,RelWithDebInfo,OpenGL,NVIDIA GeForce RTX 5090 D/PCIe/SSE2,4.3.0 NVIDIA 591.86,false,assets/heightmaps/Hm_Terrain_Test_129.pgm,129,129,80.000,12.000,20,4.000,2.000,200000,5.005,0.000,18.000,19.971,11.468,21976,102816,21974,108,56,92,55,0,0,0,0,8,147.461,10.875,10.595,0.183,3.432,0.110,0.407,0.401,2.456,0.137,0.416,1.249,1.804,0.171,0.000,0.000,0.000,0.000,0.000,0.000,0.000,0.000,0.000,0.000,0.000,0.000,0.000,0.000,0.000,0.000,0,0,2.994,3.542,1.665,0.000,18
Data-Oriented CPU ROAM,RelWithDebInfo,OpenGL,NVIDIA GeForce RTX 5090 D/PCIe/SSE2,4.3.0 NVIDIA 591.86,false,assets/heightmaps/Hm_Terrain_Test_129.pgm,129,129,80.000,12.000,20,4.000,2.000,200000,5.016,0.000,18.000,19.903,11.249,21972,103004,21970,94,47,98,52,0,0,0,0,8,1166.524,11.003,10.714,0.172,2.968,0.101,0.396,0.419,2.928,0.132,0.382,1.251,1.965,0.179,0.000,0.000,0.000,0.000,0.000,0.000,0.000,0.000,0.000,0.000,0.000,0.000,0.000,0.000,0.000,0.000,0,0,3.479,3.068,1.632,0.000,18
Data-Oriented CPU ROAM,RelWithDebInfo,OpenGL,NVIDIA GeForce RTX 5090 D/PCIe/SSE2,4.3.0 NVIDIA 591.86,false,assets/heightmaps/Hm_Terrain_Test_129.pgm,129,129,80.000,12.000,20,4.000,2.000,200000,5.027,0.000,18.000,19.835,11.367,21942,103192,21940,94,47,124,56,0,0,0,0,8,142.599,11.260,10.956,0.172,3.584,0.124,0.392,0.205,2.804,0.121,0.383,1.272,1.899,0.192,0.000,0.000,0.000,0.000,0.000,0.000,0.000,0.000,0.000,0.000,0.000,0.000,0.000,0.000,0.000,0.000,0,0,3.131,3.707,1.655,0.000,18
Data-Oriented CPU ROAM,RelWithDebInfo,OpenGL,NVIDIA GeForce RTX 5090 D/PCIe/SSE2,4.3.0 NVIDIA 591.86,false,assets/heightmaps/Hm_Terrain_Test_129.pgm,129,129,80.000,12.000,20,4.000,2.000,200000,5.039,0.000,18.000,19.766,11.607,21954,103432,21952,124,64,112,67,0,0,0,0,8,0.000,10.639,10.340,0.172,3.280,0.116,0.412,0.393,2.389,0.163,0.382,1.226,1.808,0.190,0.000,0.000,0.000,0.000,0.000,0.000,0.000,0.000,0.000,0.000,0.000,0.000,0.000,0.000,0.000,0.000,0,0,2.945,3.396,1.609,0.000,18
Data-Oriented CPU ROAM,RelWithDebInfo,OpenGL,NVIDIA GeForce RTX 5090 D/PCIe/SSE2,4.3.0 NVIDIA 591.86,false,assets/heightmaps/Hm_Terrain_Test_129.pgm,129,129,80.000,12.000,20,4.000,2.000,200000,5.050,0.000,18.000,19.700,10.984,21988,103684,21986,126,63,92,69,0,0,0,0,8,138.583,11.588,11.273,0.180,3.017,0.103,0.400,0.398,2.832,0.161,0.415,1.365,2.401,0.203,0.000,0.000,0.000,0.000,0.000,0.000,0.000,0.000,0.000,0.000,0.000,0.000,0.000,0.000,0.000,0.000,0,0,3.392,3.121,1.780,0.000,18
Data-Oriented CPU ROAM,RelWithDebInfo,OpenGL,NVIDIA GeForce RTX 5090 D/PCIe/SSE2,4.3.0 NVIDIA 591.86,false,assets/heightmaps/Hm_Terrain_Test_129.pgm,129,129,80.000,12.000,20,4.000,2.000,200000,5.062,0.000,18.000,19.628,12.029,22038,103984,22036,150,75,100,78,0,0,0,0,8,145.791,11.036,10.715,0.196,3.440,0.117,0.416,0.399,2.099,0.193,0.380,1.262,2.214,0.199,0.000,0.000,0.000,0.000,0.000,0.000,0.000,0.000,0.000,0.000,0.000,0.000,0.000,0.000,0.000,0.000,0,0,2.690,3.557,1.642,0.000,18
Data-Oriented CPU ROAM,RelWithDebInfo,OpenGL,NVIDIA GeForce RTX 5090 D/PCIe/SSE2,4.3.0 NVIDIA 591.86,false,assets/heightmaps/Hm_Terrain_Test_129.pgm,129,129,80.000,12.000,20,4.000,2.000,200000,5.074,0.000,18.000,19.559,11.471,22038,104208,22036,112,56,112,67,0,0,0,0,8,0.000,12.101,11.772,0.185,3.520,0.115,0.411,0.217,2.607,0.158,0.386,1.793,2.378,0.208,0.000,0.000,0.000,0.000,0.000,0.000,0.000,0.000,0.000,0.000,0.000,0.000,0.000,0.000,0.000,0.000,0,0,2.982,3.635,2.180,0.000,18
Data-Oriented CPU ROAM,RelWithDebInfo,OpenGL,NVIDIA GeForce RTX 5090 D/PCIe/SSE2,4.3.0 NVIDIA 591.86,false,assets/heightmaps/Hm_Terrain_Test_129.pgm,129,129,80.000,12.000,20,4.000,2.000,200000,5.086,0.000,18.000,19.484,12.533,22042,104468,22040,140,75,136,70,0,0,0,0,8,0.000,11.714,11.394,0.199,3.099,0.170,0.414,0.394,2.855,0.193,0.386,1.278,2.405,0.202,0.000,0.000,0.000,0.000,0.000,0.000,0.000,0.000,0.000,0.000,0.000,0.000,0.000,0.000,0.000,0.000,0,0,3.442,3.269,1.665,0.000,18
Data-Oriented CPU ROAM,RelWithDebInfo,OpenGL,NVIDIA GeForce RTX 5090 D/PCIe/SSE2,4.3.0 NVIDIA 591.86,false,assets/heightmaps/Hm_Terrain_Test_129.pgm,129,129,80.000,12.000,20,4.000,2.000,200000,5.098,0.000,18.000,19.411,12.172,22072,104736,22070,134,67,104,74,0,0,0,0,8,95.438,16.747,16.369,0.193,3.371,0.119,0.412,0.421,2.780,0.334,1.063,2.881,4.796,0.248,0.000,0.000,0.000,0.000,0.000,0.000,0.000,0.000,0.000,0.000,0.000,0.000,0.000,0.000,0.000,0.000,0,0,3.535,3.490,3.944,0.000,18
Data-Oriented CPU ROAM,RelWithDebInfo,OpenGL,NVIDIA GeForce RTX 5090 D/PCIe/SSE2,4.3.0 NVIDIA 591.86,false,assets/heightmaps/Hm_Terrain_Test_129.pgm,129,129,80.000,12.000,20,4.000,2.000,200000,5.116,0.000,18.000,19.306,17.346,22060,105096,22058,180,90,192,108,0,0,0,0,8,765.765,14.636,14.280,0.252,4.479,0.251,0.576,0.325,2.404,0.290,0.473,1.452,3.778,0.220,0.000,0.000,0.000,0.000,0.000,0.000,0.000,0.000,0.000,0.000,0.000,0.000,0.000,0.000,0.000,0.000,0,0,3.019,4.730,1.925,0.000,18
Data-Oriented CPU ROAM,RelWithDebInfo,OpenGL,NVIDIA GeForce RTX 5090 D/PCIe/SSE2,4.3.0 NVIDIA 591.86,false,assets/heightmaps/Hm_Terrain_Test_129.pgm,129,129,80.000,12.000,20,4.000,2.000,200000,5.131,0.000,18.000,19.215,15.266,22062,105372,22060,138,69,136,74,0,0,0,0,8,454.837,17.535,17.173,0.266,6.194,0.174,1.176,0.445,2.764,0.271,0.501,1.469,3.912,0.228,0.000,0.000,0.000,0.000,0.000,0.000,0.000,0.000,0.000,0.000,0.000,0.000,0.000,0.000,0.000,0.000,0,0,3.480,6.369,1.969,0.000,18
Data-Oriented CPU ROAM,RelWithDebInfo,OpenGL,NVIDIA GeForce RTX 5090 D/PCIe/SSE2,4.3.0 NVIDIA 591.86,false,assets/heightmaps/Hm_Terrain_Test_129.pgm,129,129,80.000,12.000,20,4.000,2.000,200000,5.149,0.000,18.000,19.106,18.149,22074,105700,22072,164,82,152,97,0,0,0,0,8,0.000,14.292,13.927,0.273,4.160,0.196,0.520,0.405,2.588,0.278,0.433,1.499,3.574,0.225,0.000,0.000,0.000,0.000,0.000,0.000,0.000,0.000,0.000,0.000,0.000,0.000,0.000,0.000,0.000,0.000,0,0,3.271,4.357,1.932,0.000,18
Data-Oriented CPU ROAM,RelWithDebInfo,OpenGL,NVIDIA GeForce RTX 5090 D/PCIe/SSE2,4.3.0 NVIDIA 591.86,false,assets/heightmaps/Hm_Terrain_Test_129.pgm,129,129,80.000,12.000,20,4.000,2.000,200000,5.164,0.000,18.000,19.017,14.875,22076,106044,22074,172,86,170,97,0,0,0,0,8,0.000,15.276,14.911,0.224,3.893,0.207,0.433,0.637,2.850,0.363,0.463,1.964,3.875,0.228,0.000,0.000,0.000,0.000,0.000,0.000,0.000,0.000,0.000,0.000,0.000,0.000,0.000,0.000,0.000,0.000,0,0,3.851,4.100,2.427,0.000,18
Data-Oriented CPU ROAM,RelWithDebInfo,OpenGL,NVIDIA GeForce RTX 5090 D/PCIe/SSE2,4.3.0 NVIDIA 591.86,false,assets/heightmaps/Hm_Terrain_Test_129.pgm,129,129,80.000,12.000,20,4.000,2.000,200000,5.180,0.000,18.000,18.922,15.834,22098,106380,22096,168,83,146,91,0,0,0,0,8,0.000,11.947,11.641,0.226,3.903,0.162,0.432,0.302,2.582,0.215,0.385,1.496,1.937,0.193,0.000,0.000,0.000,0.000,0.000,0.000,0.000,0.000,0.000,0.000,0.000,0.000,0.000,0.000,0.000,0.000,0,0,3.099,4.065,1.881,0.000,18
Data-Oriented CPU ROAM,RelWithDebInfo,OpenGL,NVIDIA GeForce RTX 5090 D/PCIe/SSE2,4.3.0 NVIDIA 591.86,false,assets/heightmaps/Hm_Terrain_Test_129.pgm,129,129,80.000,12.000,20,4.000,2.000,200000,5.192,0.000,18.000,18.848,12.397,22138,106600,22136,110,55,70,59,0,0,0,0,8,154.128,10.448,10.136,0.175,2.979,0.087,0.431,0.396,2.564,0.147,0.390,1.236,1.731,0.191,0.000,0.000,0.000,0.000,0.000,0.000,0.000,0.000,0.000,0.000,0.000,0.000,0.000,0.000,0.000,0.000,0,0,3.108,3.066,1.625,0.000,18
Data-Oriented CPU ROAM,RelWithDebInfo,OpenGL,NVIDIA GeForce RTX 5090 D/PCIe/SSE2,4.3.0 NVIDIA 591.86,false,assets/heightmaps/Hm_Terrain_Test_129.pgm,129,129,80.000,12.000,20,4.000,2.000,200000,5.203,0.000,18.000,18.783,10.883,22155,106784,22153,94,48,77,49,0,0,0,0,8,146.696,10.932,10.649,0.176,2.996,0.083,0.398,0.403,3.029,0.121,0.387,1.247,1.810,0.171,0.000,0.000,0.000,0.000,0.000,0.000,0.000,0.000,0.000,0.000,0.000,0.000,0.000,0.000,0.000,0.000,0,0,3.552,3.079,1.634,0.000,18
Data-Oriented CPU ROAM,RelWithDebInfo,OpenGL,NVIDIA GeForce RTX 5090 D/PCIe/SSE2,4.3.0 NVIDIA 591.86,false,assets/heightmaps/Hm_Terrain_Test_129.pgm,129,129,80.000,12.000,20,4.000,2.000,200000,5.214,0.000,18.000,18.715,11.306,22155,107032,22153,124,62,124,67,0,0,0,0,8,0.000,11.597,11.304,0.171,3.741,0.138,0.403,0.208,2.955,0.157,0.420,1.248,1.863,0.183,0.000,0.000,0.000,0.000,0.000,0.000,0.000,0.000,0.000,0.000,0.000,0.000,0.000,0.000,0.000,0.000,0,0,3.319,3.880,1.668,0.000,18
Data-Oriented CPU ROAM,RelWithDebInfo,OpenGL,NVIDIA GeForce RTX 5090 D/PCIe/SSE2,4.3.0 NVIDIA 591.86,false,assets/heightmaps/Hm_Terrain_Test_129.pgm,129,129,80.000,12.000,20,4.000,2.000,200000,5.226,0.000,18.000,18.643,11.967,22147,107300,22145,134,67,142,77,0,0,0,0,8,151.718,10.594,10.297,0.173,3.152,0.129,0.405,0.214,2.120,0.161,0.388,1.737,1.817,0.181,0.000,0.000,0.000,0.000,0.000,0.000,0.000,0.000,0.000,0.000,0.000,0.000,0.000,0.000,0.000,0.000,0,0,2.495,3.281,2.125,0.000,18
Data-Oriented CPU ROAM,RelWithDebInfo,OpenGL,NVIDIA GeForce RTX 5090 D/PCIe/SSE2,4.3.0 NVIDIA 591.86,false,assets/heightmaps/Hm_Terrain_Test_129.pgm,129,129,80.000,12.000,20,4.000,2.000,200000,5.237,0.000,18.000,18.578,10.962,22185,107532,22183,118,60,80,61,0,0,0,0,8,964.829,11.633,11.335,0.205,2.992,0.094,0.400,0.396,2.934,0.231,0.539,1.719,1.824,0.185,0.000,0.000,0.000,0.000,0.000,0.000,0.000,0.000,0.000,0.000,0.000,0.000,0.000,0.000,0.000,0.000,0,0,3.561,3.086,2.259,0.000,18
Data-Oriented CPU ROAM,RelWithDebInfo,OpenGL,NVIDIA GeForce RTX 5090 D/PCIe/SSE2,4.3.0 NVIDIA 591.86,false,assets/heightmaps/Hm_Terrain_Test_129.pgm,129,129,80.000,12.000,20,4.000,2.000,200000,5.249,0.000,18.000,18.506,11.988,22174,107724,22172,96,48,107,54,0,0,0,0,8,132.388,12.160,11.801,0.170,3.299,0.111,0.409,0.398,2.799,0.179,0.492,1.899,2.045,0.193,0.000,0.000,0.000,0.000,0.000,0.000,0.000,0.000,0.000,0.000,0.000,0.000,0.000,0.000,0.000,0.000,0,0,3.376,3.409,2.391,0.000,18
Data-Oriented CPU ROAM,RelWithDebInfo,OpenGL,NVIDIA GeForce RTX 5090 D/PCIe/SSE2,4.3.0 NVIDIA 591.86,false,assets/heightmaps/Hm_Terrain_Test_129.pgm,129,129,80.000,12.000,20,4.000,2.000,200000,5.262,0.000,18.000,18.430,12.654,22180,107992,22178,134,67,128,74,0,0,0,0,8,0.000,10.357,10.056,0.267,3.283,0.127,0.416,0.210,2.139,0.170,0.389,1.233,1.820,0.186,0.000,0.000,0.000,0.000,0.000,0.000,0.000,0.000,0.000,0.000,0.000,0.000,0.000,0.000,0.000,0.000,0,0,2.519,3.410,1.623,0.000,18
Data-Oriented CPU ROAM,RelWithDebInfo,OpenGL,NVIDIA GeForce RTX 5090 D/PCIe/SSE2,4.3.0 NVIDIA 591.86,false,assets/heightmaps/Hm_Terrain_Test_129.pgm,129,129,80.000,12.000,20,4.000,2.000,200000,5.273,0.000,18.000,18.366,10.723,22168,108208,22166,108,54,120,59,0,0,0,0,8,142.595,11.241,10.956,0.180,3.298,0.124,0.403,0.214,2.679,0.136,0.389,1.635,1.898,0.174,0.000,0.000,0.000,0.000,0.000,0.000,0.000,0.000,0.000,0.000,0.000,0.000,0.000,0.000,0.000,0.000,0,0,3.030,3.422,2.024,0.000,18
Data-Oriented CPU ROAM,RelWithDebInfo,OpenGL,NVIDIA GeForce RTX 5090 D/PCIe/SSE2,4.3.0 NVIDIA 591.86,false,assets/heightmaps/Hm_Terrain_Test_129.pgm,129,129,80.000,12.000,20,4.000,2.000,200000,5.284,0.000,18.000,18.297,11.585,22110,108408,22108,100,50,158,56,0,0,0,0,8,1170.642,10.974,10.677,0.172,3.060,0.162,0.398,0.398,2.819,0.127,0.386,1.252,1.902,0.177,0.000,0.000,0.000,0.000,0.000,0.000,0.000,0.000,0.000,0.000,0.000,0.000,0.000,0.000,0.000,0.000,0,0,3.345,3.223,1.638,0.000,18
Data-Oriented CPU ROAM,RelWithDebInfo,OpenGL,NVIDIA GeForce RTX 5090 D/PCIe/SSE2,4.3.0 NVIDIA 591.86,false,assets/heightmaps/Hm_Terrain_Test_129.pgm,129,129,80.000,12.000,20,4.000,2.000,200000,5.296,0.000,18.000,18.229,11.333,22138,108656,22136,124,62,96,69,0,0,0,0,8,139.435,11.498,11.205,0.171,3.513,0.098,0.399,0.400,2.974,0.173,0.387,1.229,1.861,0.183,0.000,0.000,0.000,0.000,0.000,0.000,0.000,0.000,0.000,0.000,0.000,0.000,0.000,0.000,0.000,0.000,0,0,3.547,3.610,1.617,0.000,18
Data-Oriented CPU ROAM,RelWithDebInfo,OpenGL,NVIDIA GeForce RTX 5090 D/PCIe/SSE2,4.3.0 NVIDIA 591.86,false,assets/heightmaps/Hm_Terrain_Test_129.pgm,129,129,80.000,12.000,20,4.000,2.000,200000,5.307,0.000,18.000,18.158,11.852,22148,108884,22146,122,65,112,63,0,0,0,0,8,0.000,10.986,10.701,0.179,3.280,0.124,0.401,0.316,2.750,0.148,0.388,1.239,1.877,0.176,0.000,0.000,0.000,0.000,0.000,0.000,0.000,0.000,0.000,0.000,0.000,0.000,0.000,0.000,0.000,0.000,0,0,3.214,3.403,1.627,0.000,18
Data-Oriented CPU ROAM,RelWithDebInfo,OpenGL,NVIDIA GeForce RTX 5090 D/PCIe/SSE2,4.3.0 NVIDIA 591.86,false,assets/heightmaps/Hm_Terrain_Test_129.pgm,129,129,80.000,12.000,20,4.000,2.000,200000,5.319,0.000,18.000,18.090,11.343,22144,109120,22142,124,65,128,65,0,0,0,0,8,967.663,11.598,11.302,0.170,3.528,0.140,0.402,0.396,2.869,0.155,0.384,1.292,1.965,0.183,0.000,0.000,0.000,0.000,0.000,0.000,0.000,0.000,0.000,0.000,0.000,0.000,0.000,0.000,0.000,0.000,0,0,3.420,3.668,1.676,0.000,18
Data-Oriented CPU ROAM,RelWithDebInfo,OpenGL,NVIDIA GeForce RTX 5090 D/PCIe/SSE2,4.3.0 NVIDIA 591.86,false,assets/heightmaps/Hm_Terrain_Test_129.pgm,129,129,80.000,12.000,20,4.000,2.000,200000,5.331,0.000,18.000,18.019,11.959,22180,109400,22178,140,70,104,75,0,0,0,0,8,1210.982,10.617,10.321,0.173,3.476,0.115,0.400,0.213,2.237,0.175,0.387,1.242,1.903,0.183,0.000,0.000,0.000,0.000,0.000,0.000,0.000,0.000,0.000,0.000,0.000,0.000,0.000,0.000,0.000,0.000,0,0,2.625,3.591,1.629,0.000,18
Data-Oriented CPU ROAM,RelWithDebInfo,OpenGL,NVIDIA GeForce RTX 5090 D/PCIe/SSE2,4.3.0 NVIDIA 591.86,false,assets/heightmaps/Hm_Terrain_Test_129.pgm,129,129,80.000,12.000,20,4.000,2.000,200000,5.342,0.000,18.000,17.953,10.970,22166,109632,22164,116,58,130,63,0,0,0,0,8,1118.849,11.465,11.171,0.178,3.260,0.146,0.398,0.399,3.023,0.159,0.394,1.244,1.971,0.179,0.000,0.000,0.000,0.000,0.000,0.000,0.000,0.000,0.000,0.000,0.000,0.000,0.000,0.000,0.000,0.000,0,0,3.582,3.406,1.638,0.000,18
Data-Oriented CPU ROAM,RelWithDebInfo,OpenGL,NVIDIA GeForce RTX 5090 D/PCIe/SSE2,4.3.0 NVIDIA 591.86,false,assets/heightmaps/Hm_Terrain_Test_129.pgm,129,129,80.000,12.000,20,4.000,2.000,200000,5.353,0.000,18.000,17.883,11.814,22126,109832,22124,100,50,140,58,0,0,0,0,8,0.000,11.374,11.086,0.174,3.667,0.162,0.505,0.211,2.555,0.130,0.387,1.238,2.056,0.175,0.000,0.000,0.000,0.000,0.000,0.000,0.000,0.000,0.000,0.000,0.000,0.000,0.000,0.000,0.000,0.000,0,0,2.897,3.829,1.625,0.000,18
Data-Oriented CPU ROAM,RelWithDebInfo,OpenGL,NVIDIA GeForce RTX 5090 D/PCIe/SSE2,4.3.0 NVIDIA 591.86,false,assets/heightmaps/Hm_Terrain_Test_129.pgm,129,129,80.000,12.000,20,4.000,2.000,200000,5.365,0.000,18.000,17.813,11.741,22114,110036,22112,102,51,114,61,0,0,0,0,8,592.782,10.830,10.542,0.176,3.221,0.112,0.402,0.400,2.546,0.135,0.425,1.229,1.897,0.179,0.000,0.000,0.000,0.000,0.000,0.000,0.000,0.000,0.000,0.000,0.000,0.000,0.000,0.000,0.000,0.000,0,0,3.081,3.333,1.653,0.000,18
Data-Oriented CPU ROAM,RelWithDebInfo,OpenGL,NVIDIA GeForce RTX 5090 D/PCIe/SSE2,4.3.0 NVIDIA 591.86,false,assets/heightmaps/Hm_Terrain_Test_129.pgm,129,129,80.000,12.000,20,4.000,2.000,200000,5.376,0.000,18.000,17.746,11.212,22150,110308,22148,136,68,100,77,0,0,0,0,8,264.833,12.083,11.799,0.174,3.643,0.124,0.392,0.219,3.505,0.177,0.385,1.242,1.937,0.178,0.000,0.000,0.000,0.000,0.000,0.000,0.000,0.000,0.000,0.000,0.000,0.000,0.000,0.000,0.000,0.000,0,0,3.901,3.767,1.628,0.000,18
Data-Oriented CPU ROAM,RelWithDebInfo,OpenGL,NVIDIA GeForce RTX 5090 D/PCIe/SSE2,4.3.0 NVIDIA 591.86,false,assets/heightmaps/Hm_Terrain_Test_129.pgm,129,129,80.000,12.000,20,4.000,2.000,200000,5.389,0.000,18.000,17.672,12.432,22174,110548,22172,120,59,96,67,0,0,0,0,8,1091.999,11.751,11.446,0.171,3.468,0.105,0.397,0.403,2.774,0.153,0.386,1.553,2.036,0.196,0.000,0.000,0.000,0.000,0.000,0.000,0.000,0.000,0.000,0.000,0.000,0.000,0.000,0.000,0.000,0.000,0,0,3.330,3.572,1.939,0.000,18
Data-Oriented CPU ROAM,RelWithDebInfo,OpenGL,NVIDIA GeForce RTX 5090 D/PCIe/SSE2,4.3.0 NVIDIA 591.86,false,assets/heightmaps/Hm_Terrain_Test_129.pgm,129,129,80.000,12.000,20,4.000,2.000,200000,5.401,0.000,18.000,17.599,12.118,22167,110772,22165,112,56,119,63,0,0,0,0,8,0.000,11.032,10.752,0.185,3.404,0.131,0.424,0.214,2.675,0.150,0.389,1.240,1.941,0.178,0.000,0.000,0.000,0.000,0.000,0.000,0.000,0.000,0.000,0.000,0.000,0.000,0.000,0.000,0.000,0.000,0,0,3.039,3.534,1.629,0.000,18
Data-Oriented CPU ROAM,RelWithDebInfo,OpenGL,NVIDIA GeForce RTX 5090 D/PCIe/SSE2,4.3.0 NVIDIA 591.86,false,assets/heightmaps/Hm_Terrain_Test_129.pgm,129,129,80.000,12.000,20,4.000,2.000,200000,5.412,0.000,18.000,17.531,11.408,22216,111016,22214,122,61,73,71,0,0,0,0,8,927.520,10.383,10.106,0.180,3.324,0.085,0.404,0.212,2.201,0.148,0.389,1.238,1.925,0.173,0.000,0.000,0.000,0.000,0.000,0.000,0.000,0.000,0.000,0.000,0.000,0.000,0.000,0.000,0.000,0.000,0,0,2.561,3.409,1.627,0.000,18
Data-Oriented CPU ROAM,RelWithDebInfo,OpenGL,NVIDIA GeForce RTX 5090 D/PCIe/SSE2,4.3.0 NVIDIA 591.86,false,assets/heightmaps/Hm_Terrain_Test_129.pgm,129,129,80.000,12.000,20,4.000,2.000,200000,5.423,0.000,18.000,17.468,10.710,22272,111240,22270,114,58,58,61,0,0,0,0,8,132.168,12.115,11.821,0.174,3.042,0.071,0.402,0.403,3.505,0.149,0.387,1.732,1.955,0.190,0.000,0.000,0.000,0.000,0.000,0.000,0.000,0.000,0.000,0.000,0.000,0.000,0.000,0.000,0.000,0.000,0,0,4.057,3.113,2.120,0.000,18
Data-Oriented CPU ROAM,RelWithDebInfo,OpenGL,NVIDIA GeForce RTX 5090 D/PCIe/SSE2,4.3.0 NVIDIA 591.86,false,assets/heightmaps/Hm_Terrain_Test_129.pgm,129,129,80.000,12.000,20,4.000,2.000,200000,5.436,0.000,18.000,17.393,12.472,22244,111464,22242,112,56,140,59,0,0,0,0,8,1120.292,11.473,11.156,0.177,3.281,0.148,0.410,0.404,3.045,0.143,0.388,1.239,1.922,0.174,0.000,0.000,0.000,0.000,0.000,0.000,0.000,0.000,0.000,0.000,0.000,0.000,0.000,0.000,0.000,0.000,0,0,3.592,3.430,1.627,0.000,18
Data-Oriented CPU ROAM,RelWithDebInfo,OpenGL,NVIDIA GeForce RTX 5090 D/PCIe/SSE2,4.3.0 NVIDIA 591.86,false,assets/heightmaps/Hm_Terrain_Test_129.pgm,129,129,80.000,12.000,20,4.000,2.000,200000,5.447,0.000,18.000,17.323,11.802,22264,111696,22262,116,58,96,63,0,0,0,0,8,0.000,11.107,10.823,0.177,3.573,0.123,0.403,0.212,2.618,0.156,0.392,1.247,1.921,0.176,0.000,0.000,0.000,0.000,0.000,0.000,0.000,0.000,0.000,0.000,0.000,0.000,0.000,0.000,0.000,0.000,0,0,2.986,3.695,1.639,0.000,18
Data-Oriented CPU ROAM,RelWithDebInfo,OpenGL,NVIDIA GeForce RTX 5090 D/PCIe/SSE2,4.3.0 NVIDIA 591.86,false,assets/heightmaps/Hm_Terrain_Test_129.pgm,129,129,80.000,12.000,20,4.000,2.000,200000,5.459,0.000,18.000,17.255,11.459,22232,111948,22230,126,63,158,67,0,0,0,0,8,550.593,11.670,11.350,0.175,3.590,0.169,0.405,0.207,2.499,0.163,0.389,1.602,2.150,0.209,0.000,0.000,0.000,0.000,0.000,0.000,0.000,0.000,0.000,0.000,0.000,0.000,0.000,0.000,0.000,0.000,0,0,2.869,3.760,1.991,0.000,18
Data-Oriented CPU ROAM,RelWithDebInfo,OpenGL,NVIDIA GeForce RTX 5090 D/PCIe/SSE2,4.3.0 NVIDIA 591.86,false,assets/heightmaps/Hm_Terrain_Test_129.pgm,129,129,80.000,12.000,20,4.000,2.000,200000,5.471,0.000,18.000,17.183,12.068,22270,112188,22268,120,60,82,67,0,0,0,0,8,383.016,12.544,12.237,0.187,3.236,0.111,0.406,0.433,2.905,0.174,0.389,1.691,2.705,0.195,0.000,0.000,0.000,0.000,0.000,0.000,0.000,0.000,0.000,0.000,0.000,0.000,0.000,0.000,0.000,0.000,0,0,3.512,3.347,2.080,0.000,18
Data-Oriented CPU ROAM,RelWithDebInfo,OpenGL,NVIDIA GeForce RTX 5090 D/PCIe/SSE2,4.3.0 NVIDIA 591.86,false,assets/heightmaps/Hm_Terrain_Test_129.pgm,129,129,80.000,12.000,20,4.000,2.000,200000,5.484,0.000,18.000,17.106,12.979,22262,112388,22260,104,54,112,58,0,0,0,0,8,141.759,11.322,11.021,0.200,3.434,0.122,0.397,0.419,2.162,0.144,0.391,1.706,2.046,0.186,0.000,0.000,0.000,0.000,0.000,0.000,0.000,0.000,0.000,0.000,0.000,0.000,0.000,0.000,0.000,0.000,0,0,2.725,3.556,2.097,0.000,18
Data-Oriented CPU ROAM,RelWithDebInfo,OpenGL,NVIDIA GeForce RTX 5090 D/PCIe/SSE2,4.3.0 NVIDIA 591.86,false,assets/heightmaps/Hm_Terrain_Test_129.pgm,129,129,80.000,12.000,20,4.000,2.000,200000,5.496,0.000,18.000,17.036,11.752,22268,112648,22266,130,65,124,81,0,0,0,0,8,0.000,11.745,11.418,0.183,3.327,0.134,0.434,0.394,2.675,0.170,0.391,1.692,2.017,0.174,0.000,0.000,0.000,0.000,0.000,0.000,0.000,0.000,0.000,0.000,0.000,0.000,0.000,0.000,0.000,0.000,0,0,3.239,3.461,2.083,0.000,18
Data-Oriented CPU ROAM,RelWithDebInfo,OpenGL,NVIDIA GeForce RTX 5090 D/PCIe/SSE2,4.3.0 NVIDIA 591.86,false,assets/heightmaps/Hm_Terrain_Test_129.pgm,129,129,80.000,12.000,20,4.000,2.000,200000,5.508,0.000,18.000,16.964,12.149,22266,112908,22264,130,65,132,72,0,0,0,0,8,0.000,12.398,12.074,0.175,3.227,0.142,0.400,0.409,2.918,0.183,0.391,1.615,2.614,0.194,0.000,0.000,0.000,0.000,0.000,0.000,0.000,0.000,0.000,0.000,0.000,0.000,0.000,0.000,0.000,0.000,0,0,3.510,3.369,2.006,0.000,18
Data-Oriented CPU ROAM,RelWithDebInfo,OpenGL,NVIDIA GeForce RTX 5090 D/PCIe/SSE2,4.3.0 NVIDIA 591.86,false,assets/heightmaps/Hm_Terrain_Test_129.pgm,129,129,80.000,12.000,20,4.000,2.000,200000,5.521,0.000,18.000,16.888,12.814,22250,113188,22248,140,70,156,75,0,0,0,0,8,0.000,12.839,12.543,0.188,3.732,0.168,0.424,0.394,3.010,0.257,0.437,1.926,2.008,0.185,0.000,0.000,0.000,0.000,0.000,0.000,0.000,0.000,0.000,0.000,0.000,0.000,0.000,0.000,0.000,0.000,0,0,3.661,3.899,2.363,0.000,18
Data-Oriented CPU ROAM,RelWithDebInfo,OpenGL,NVIDIA GeForce RTX 5090 D/PCIe/SSE2,4.3.0 NVIDIA 591.86,false,assets/heightmaps/Hm_Terrain_Test_129.pgm,129,129,80.000,12.000,20,4.000,2.000,200000,5.534,0.000,18.000,16.809,13.249,22238,113436,22236,136,74,148,65,0,0,0,0,8,131.536,12.176,11.877,0.174,3.549,0.150,0.413,0.400,3.315,0.163,0.388,1.266,2.061,0.187,0.000,0.000,0.000,0.000,0.000,0.000,0.000,0.000,0.000,0.000,0.000,0.000,0.000,0.000,0.000,0.000,0,0,3.877,3.699,1.654,0.000,18
Data-Oriented CPU ROAM,RelWithDebInfo,OpenGL,NVIDIA GeForce RTX 5090 D/PCIe/SSE2,4.3.0 NVIDIA 591.86,false,assets/heightmaps/Hm_Terrain_Test_129.pgm,129,129,80.000,12.000,20,4.000,2.000,200000,5.546,0.000,18.000,16.735,12.545,22254,113712,22252,142,73,126,79,0,0,0,0,8,140.286,11.433,11.137,0.179,3.696,0.135,0.418,0.396,2.492,0.183,0.387,1.240,2.011,0.180,0.000,0.000,0.000,0.000,0.000,0.000,0.000,0.000,0.000,0.000,0.000,0.000,0.000,0.000,0.000,0.000,0,0,3.071,3.831,1.627,0.000,18
Data-Oriented CPU ROAM,RelWithDebInfo,OpenGL,NVIDIA GeForce RTX 5090 D/PCIe/SSE2,4.3.0 NVIDIA 591.86,false,assets/heightmaps/Hm_Terrain_Test_129.pgm,129,129,80.000,12.000,20,4.000,2.000,200000,5.558,0.000,18.000,16.665,11.848,22282,113968,22280,128,64,100,70,0,0,0,0,8,0.000,10.994,10.708,0.186,3.007,0.104,0.399,0.457,2.877,0.169,0.387,1.246,1.877,0.176,0.000,0.000,0.000,0.000,0.000,0.000,0.000,0.000,0.000,0.000,0.000,0.000,0.000,0.000,0.000,0.000,0,0,3.503,3.111,1.633,0.000,18
Data-Oriented CPU ROAM,RelWithDebInfo,OpenGL,NVIDIA GeForce RTX 5090 D/PCIe/SSE2,4.3.0 NVIDIA 591.86,false,assets/heightmaps/Hm_Terrain_Test_129.pgm,129,129,80.000,12.000,20,4.000,2.000,200000,5.570,0.000,18.000,16.597,11.354,22214,114168,22212,100,50,168,56,0,0,0,0,8,137.383,11.674,11.372,0.175,3.582,0.152,0.399,0.386,2.973,0.139,0.398,1.270,1.897,0.188,0.000,0.000,0.000,0.000,0.000,0.000,0.000,0.000,0.000,0.000,0.000,0.000,0.000,0.000,0.000,0.000,0,0,3.499,3.735,1.668,0.000,18
Data-Oriented CPU ROAM,RelWithDebInfo,OpenGL,NVIDIA GeForce RTX 5090 D/PCIe/SSE2,4.3.0 NVIDIA 591.86,false,assets/heightmaps/Hm_Terrain_Test_129.pgm,129,129,80.000,12.000,20,4.000,2.000,200000,5.582,0.000,18.000,16.526,12.032,22240,114412,22238,122,61,96,68,0,0,0,0,8,151.888,10.576,10.285,0.173,3.541,0.101,0.405,0.215,2.223,0.159,0.390,1.239,1.839,0.179,0.000,0.000,0.000,0.000,0.000,0.000,0.000,0.000,0.000,0.000,0.000,0.000,0.000,0.000,0.000,0.000,0,0,2.597,3.642,1.629,0.000,18
Data-Oriented CPU ROAM,RelWithDebInfo,OpenGL,NVIDIA GeForce RTX 5090 D/PCIe/SSE2,4.3.0 NVIDIA 591.86,false,assets/heightmaps/Hm_Terrain_Test_129.pgm,129,129,80.000,12.000,20,4.000,2.000,200000,5.593,0.000,18.000,16.462,10.911,22193,114624,22191,106,53,153,56,0,0,0,0,8,139.273,11.507,11.218,0.178,3.331,0.147,0.401,0.389,3.141,0.136,0.388,1.246,1.862,0.178,0.000,0.000,0.000,0.000,0.000,0.000,0.000,0.000,0.000,0.000,0.000,0.000,0.000,0.000,0.000,0.000,0,0,3.666,3.477,1.633,0.000,18
Data-Oriented CPU ROAM,RelWithDebInfo,OpenGL,NVIDIA GeForce RTX 5090 D/PCIe/SSE2,4.3.0 NVIDIA 591.86,false,assets/heightmaps/Hm_Terrain_Test_129.pgm,129,129,80.000,12.000,20,4.000,2.000,200000,5.604,0.000,18.000,16.391,11.863,22235,114876,22233,126,62,84,67,0,0,0,0,8,0.000,11.676,11.399,0.174,3.633,0.092,0.402,0.399,3.128,0.161,0.393,1.240,1.777,0.167,0.000,0.000,0.000,0.000,0.000,0.000,0.000,0.000,0.000,0.000,0.000,0.000,0.000,0.000,0.000,0.000,0,0,3.688,3.725,1.633,0.000,18
Data-Oriented CPU ROAM,RelWithDebInfo,OpenGL,NVIDIA GeForce RTX 5090 D/PCIe/SSE2,4.3.0 NVIDIA 591.86,false,assets/heightmaps/Hm_Terrain_Test_129.pgm,129,129,80.000,12.000,20,4.000,2.000,200000,5.616,0.000,18.000,16.320,12.000,22271,115156,22269,142,72,106,80,0,0,0,0,8,144.127,11.150,10.840,0.170,3.648,0.106,0.405,0.212,2.296,0.175,0.391,1.299,2.136,0.193,0.000,0.000,0.000,0.000,0.000,0.000,0.000,0.000,0.000,0.000,0.000,0.000,0.000,0.000,0.000,0.000,0,0,2.683,3.754,1.691,0.000,18
Data-Oriented CPU ROAM,RelWithDebInfo,OpenGL,NVIDIA GeForce RTX 5090 D/PCIe/SSE2,4.3.0 NVIDIA 591.86,false,assets/heightmaps/Hm_Terrain_Test_129.pgm,129,129,80.000,12.000,20,4.000,2.000,200000,5.628,0.000,18.000,16.252,11.514,22249,115352,22247,98,49,120,53,0,0,0,0,8,1095.319,11.708,11.411,0.187,3.120,0.127,0.397,0.418,3.188,0.148,0.393,1.259,2.173,0.186,0.000,0.000,0.000,0.000,0.000,0.000,0.000,0.000,0.000,0.000,0.000,0.000,0.000,0.000,0.000,0.000,0,0,3.754,3.247,1.652,0.000,18
Data-Oriented CPU ROAM,RelWithDebInfo,OpenGL,NVIDIA GeForce RTX 5090 D/PCIe/SSE2,4.3.0 NVIDIA 591.86,false,assets/heightmaps/Hm_Terrain_Test_129.pgm,129,129,80.000,12.000,20,4.000,2.000,200000,5.640,0.000,18.000,16.181,12.075,22247,115612,22245,130,65,132,69,0,0,0,0,8,139.077,11.537,11.233,0.179,3.398,0.136,0.400,0.424,2.930,0.167,0.389,1.279,1.931,0.188,0.000,0.000,0.000,0.000,0.000,0.000,0.000,0.000,0.000,0.000,0.000,0.000,0.000,0.000,0.000,0.000,0,0,3.521,3.534,1.668,0.000,18
Data-Oriented CPU ROAM,RelWithDebInfo,OpenGL,NVIDIA GeForce RTX 5090 D/PCIe/SSE2,4.3.0 NVIDIA 591.86,false,assets/heightmaps/Hm_Terrain_Test_129.pgm,129,129,80.000,12.000,20,4.000,2.000,200000,5.652,0.000,18.000,16.111,11.911,22189,115848,22187,118,59,176,60,0,0,0,0,8,0.000,11.512,11.227,0.173,3.395,0.154,0.407,0.402,2.970,0.160,0.387,1.255,1.923,0.169,0.000,0.000,0.000,0.000,0.000,0.000,0.000,0.000,0.000,0.000,0.000,0.000,0.000,0.000,0.000,0.000,0,0,3.533,3.548,1.642,0.000,18
Data-Oriented CPU ROAM,RelWithDebInfo,OpenGL,NVIDIA GeForce RTX 5090 D/PCIe/SSE2,4.3.0 NVIDIA 591.86,false,assets/heightmaps/Hm_Terrain_Test_129.pgm,129,129,80.000,12.000,20,4.000,2.000,200000,5.664,0.000,18.000,16.041,11.903,22171,116072,22169,112,56,130,61,0,0,0,0,8,0.000,11.448,11.141,0.322,3.335,0.117,0.402,0.394,2.677,0.142,0.385,1.368,1.999,0.189,0.000,0.000,0.000,0.000,0.000,0.000,0.000,0.000,0.000,0.000,0.000,0.000,0.000,0.000,0.000,0.000,0,0,3.212,3.452,1.753,0.000,18
Data-Oriented CPU ROAM,RelWithDebInfo,OpenGL,NVIDIA GeForce RTX 5090 D/PCIe/SSE2,4.3.0 NVIDIA 591.86,false,assets/heightmaps/Hm_Terrain_Test_129.pgm,129,129,80.000,12.000,20,4.000,2.000,200000,5.676,0.000,18.000,15.971,11.835,22183,116264,22181,96,48,84,52,0,0,0,0,8,143.743,11.155,10.869,0.179,3.279,0.091,0.400,0.396,2.878,0.130,0.387,1.253,1.876,0.176,0.000,0.000,0.000,0.000,0.000,0.000,0.000,0.000,0.000,0.000,0.000,0.000,0.000,0.000,0.000,0.000,0,0,3.404,3.370,1.640,0.000,18
Data-Oriented CPU ROAM,RelWithDebInfo,OpenGL,NVIDIA GeForce RTX 5090 D/PCIe/SSE2,4.3.0 NVIDIA 591.86,false,assets/heightmaps/Hm_Terrain_Test_129.pgm,129,129,80.000,12.000,20,4.000,2.000,200000,5.687,0.000,18.000,15.903,11.509,22215,116480,22213,108,54,76,64,0,0,0,0,8,145.965,11.005,10.703,0.175,3.325,0.083,0.401,0.399,2.588,0.137,0.388,1.237,1.970,0.173,0.000,0.000,0.000,0.000,0.000,0.000,0.000,0.000,0.000,0.000,0.000,0.000,0.000,0.000,0.000,0.000,0,0,3.124,3.408,1.625,0.000,18
Data-Oriented CPU ROAM,RelWithDebInfo,OpenGL,NVIDIA GeForce RTX 5090 D/PCIe/SSE2,4.3.0 NVIDIA 591.86,false,assets/heightmaps/Hm_Terrain_Test_129.pgm,129,129,80.000,12.000,20,4.000,2.000,200000,5.698,0.000,18.000,15.836,11.364,22253,116744,22251,132,66,94,77,0,0,0,0,8,0.000,11.809,11.516,0.174,3.424,0.095,0.404,0.366,2.690,0.183,0.392,1.800,1.988,0.180,0.000,0.000,0.000,0.000,0.000,0.000,0.000,0.000,0.000,0.000,0.000,0.000,0.000,0.000,0.000,0.000,0,0,3.238,3.520,2.192,0.000,18
Data-Oriented CPU ROAM,RelWithDebInfo,OpenGL,NVIDIA GeForce RTX 5090 D/PCIe/SSE2,4.3.0 NVIDIA 591.86,false,assets/heightmaps/Hm_Terrain_Test_129.pgm,129,129,80.000,12.000,20,4.000,2.000,200000,5.711,0.000,18.000,15.765,12.174,22233,116988,22231,122,61,142,68,0,0,0,0,8,137.836,11.635,11.335,0.185,3.275,0.125,0.401,0.428,3.029,0.159,0.388,1.254,2.090,0.188,0.000,0.000,0.000,0.000,0.000,0.000,0.000,0.000,0.000,0.000,0.000,0.000,0.000,0.000,0.000,0.000,0,0,3.616,3.400,1.642,0.000,18
Data-Oriented CPU ROAM,RelWithDebInfo,OpenGL,NVIDIA GeForce RTX 5090 D/PCIe/SSE2,4.3.0 NVIDIA 591.86,false,assets/heightmaps/Hm_Terrain_Test_129.pgm,129,129,80.000,12.000,20,4.000,2.000,200000,5.723,0.000,18.000,15.694,12.003,22180,117252,22178,132,66,185,73,0,0,0,0,8,141.704,11.327,11.025,0.171,3.524,0.170,0.400,0.393,2.707,0.160,0.387,1.254,1.858,0.190,0.000,0.000,0.000,0.000,0.000,0.000,0.000,0.000,0.000,0.000,0.000,0.000,0.000,0.000,0.000,0.000,0,0,3.260,3.694,1.641,0.000,18
Data-Oriented CPU ROAM,RelWithDebInfo,OpenGL,NVIDIA GeForce RTX 5090 D/PCIe/SSE2,4.3.0 NVIDIA 591.86,false,assets/heightmaps/Hm_Terrain_Test_129.pgm,129,129,80.000,12.000,20,4.000,2.000,200000,5.734,0.000,18.000,15.626,11.686,22160,117484,22158,116,58,136,67,0,0,0,0,8,673.184,11.900,11.604,0.173,3.476,0.139,0.402,0.398,2.764,0.146,0.386,1.712,2.007,0.180,0.000,0.000,0.000,0.000,0.000,0.000,0.000,0.000,0.000,0.000,0.000,0.000,0.000,0.000,0.000,0.000,0,0,3.308,3.616,2.098,0.000,18
Data-Oriented CPU ROAM,RelWithDebInfo,OpenGL,NVIDIA GeForce RTX 5090 D/PCIe/SSE2,4.3.0 NVIDIA 591.86,false,assets/heightmaps/Hm_Terrain_Test_129.pgm,129,129,80.000,12.000,20,4.000,2.000,200000,5.747,0.000,18.000,15.554,12.257,22164,117744,22162,130,65,126,68,0,0,0,0,8,140.113,11.444,11.150,0.221,3.282,0.132,0.398,0.217,2.668,0.166,0.387,1.750,1.929,0.181,0.000,0.000,0.000,0.000,0.000,0.000,0.000,0.000,0.000,0.000,0.000,0.000,0.000,0.000,0.000,0.000,0,0,3.051,3.414,2.136,0.000,18
Data-Oriented CPU ROAM,RelWithDebInfo,OpenGL,NVIDIA GeForce RTX 5090 D/PCIe/SSE2,4.3.0 NVIDIA 591.86,false,assets/heightmaps/Hm_Terrain_Test_129.pgm,129,129,80.000,12.000,20,4.000,2.000,200000,5.758,0.000,18.000,15.484,11.799,22206,117976,22204,116,58,74,61,0,0,0,0,8,0.000,11.790,11.499,0.181,3.149,0.092,0.438,0.213,3.024,0.155,0.391,1.715,2.141,0.181,0.000,0.000,0.000,0.000,0.000,0.000,0.000,0.000,0.000,0.000,0.000,0.000,0.000,0.000,0.000,0.000,0,0,3.392,3.241,2.105,0.000,18
Data-Oriented CPU ROAM,RelWithDebInfo,OpenGL,NVIDIA GeForce RTX 5090 D/PCIe/SSE2,4.3.0 NVIDIA 591.86,false,assets/heightmaps/Hm_Terrain_Test_129.pgm,129,129,80.000,12.000,20,4.000,2.000,200000,5.771,0.000,18.000,15.413,12.162,22134,118164,22132,100,53,172,49,0,0,0,0,8,135.662,11.815,11.516,0.178,3.600,0.165,0.394,0.409,2.810,0.131,0.386,1.252,2.192,0.188,0.000,0.000,0.000,0.000,0.000,0.000,0.000,0.000,0.000,0.000,0.000,0.000,0.000,0.000,0.000,0.000,0,0,3.349,3.765,1.638,0.000,18
Data-Oriented CPU ROAM,RelWithDebInfo,OpenGL,NVIDIA GeForce RTX 5090 D/PCIe/SSE2,4.3.0 NVIDIA 591.86,false,assets/heightmaps/Hm_Terrain_Test_129.pgm,129,129,80.000,12.000,20,4.000,2.000,200000,5.783,0.000,18.000,15.342,12.172,22132,118424,22130,130,65,132,74,0,0,0,0,8,283.841,11.292,11.009,0.172,3.461,0.122,0.399,0.404,2.713,0.171,0.389,1.235,1.943,0.175,0.000,0.000,0.000,0.000,0.000,0.000,0.000,0.000,0.000,0.000,0.000,0.000,0.000,0.000,0.000,0.000,0,0,3.288,3.583,1.623,0.000,18
Data-Oriented CPU ROAM,RelWithDebInfo,OpenGL,NVIDIA GeForce RTX 5090 D/PCIe/SSE2,4.3.0 NVIDIA 591.86,false,assets/heightmaps/Hm_Terrain_Test_129.pgm,129,129,80.000,12.000,20,4.000,2.000,200000,5.794,0.000,18.000,15.274,11.635,22146,118648,22144,112,56,98,64,0,0,0,0,8,139.402,11.495,11.207,0.177,3.538,0.102,0.394,0.211,3.144,0.148,0.386,1.238,1.869,0.177,0.000,0.000,0.000,0.000,0.000,0.000,0.000,0.000,0.000,0.000,0.000,0.000,0.000,0.000,0.000,0.000,0,0,3.503,3.640,1.625,0.000,18
Data-Oriented CPU ROAM,RelWithDebInfo,OpenGL,NVIDIA GeForce RTX 5090 D/PCIe/SSE2,4.3.0 NVIDIA 591.86,false,assets/heightmaps/Hm_Terrain_Test_129.pgm,129,129,80.000,12.000,20,4.000,2.000,200000,5.806,0.000,18.000,15.205,11.841,22214,118896,22212,132,70,64,72,0,0,0,0,8,0.000,11.728,11.418,0.175,3.273,0.072,0.409,0.210,3.151,0.165,0.387,1.706,1.870,0.195,0.000,0.000,0.000,0.000,0.000,0.000,0.000,0.000,0.000,0.000,0.000,0.000,0.000,0.000,0.000,0.000,0,0,3.526,3.345,2.093,0.000,18
Data-Oriented CPU ROAM,RelWithDebInfo,OpenGL,NVIDIA GeForce RTX 5090 D/PCIe/SSE2,4.3.0 NVIDIA 591.86,false,assets/heightmaps/Hm_Terrain_Test_129.pgm,129,129,80.000,12.000,20,4.000,2.000,200000,5.818,0.000,18.000,15.134,12.093,22206,119088,22204,96,47,104,59,0,0,0,0,8,149.341,10.755,10.461,0.171,2.962,0.115,0.419,0.407,2.735,0.128,0.386,1.244,1.894,0.180,0.000,0.000,0.000,0.000,0.000,0.000,0.000,0.000,0.000,0.000,0.000,0.000,0.000,0.000,0.000,0.000,0,0,3.270,3.077,1.630,0.000,18
Data-Oriented CPU ROAM,RelWithDebInfo,OpenGL,NVIDIA GeForce RTX 5090 D/PCIe/SSE2,4.3.0 NVIDIA 591.86,false,assets/heightmaps/Hm_Terrain_Test_129.pgm,129,129,80.000,12.000,20,4.000,2.000,200000,5.829,0.000,18.000,15.069,11.101,22160,119336,22158,124,62,170,69,0,0,0,0,8,145.937,10.996,10.705,0.176,3.249,0.144,0.394,0.510,2.505,0.158,0.391,1.260,1.918,0.179,0.000,0.000,0.000,0.000,0.000,0.000,0.000,0.000,0.000,0.000,0.000,0.000,0.000,0.000,0.000,0.000,0,0,3.172,3.394,1.651,0.000,18
Data-Oriented CPU ROAM,RelWithDebInfo,OpenGL,NVIDIA GeForce RTX 5090 D/PCIe/SSE2,4.3.0 NVIDIA 591.86,false,assets/heightmaps/Hm_Terrain_Test_129.pgm,129,129,80.000,12.000,20,4.000,2.000,200000,5.841,0.000,18.000,15.003,11.350,22108,119524,22106,94,47,146,47,0,0,0,0,8,141.266,11.341,11.059,0.171,3.477,0.138,0.401,0.401,2.833,0.120,0.385,1.263,1.870,0.170,0.000,0.000,0.000,0.000,0.000,0.000,0.000,0.000,0.000,0.000,0.000,0.000,0.000,0.000,0.000,0.000,0,0,3.355,3.615,1.648,0.000,18
Data-Oriented CPU ROAM,RelWithDebInfo,OpenGL,NVIDIA GeForce RTX 5090 D/PCIe/SSE2,4.3.0 NVIDIA 591.86,false,assets/heightmaps/Hm_Terrain_Test_129.pgm,129,129,80.000,12.000,20,4.000,2.000,200000,5.852,0.000,18.000,14.935,11.686,22114,119736,22112,106,53,100,55,0,0,0,0,8,0.000,11.877,11.577,0.173,3.583,0.098,0.408,0.403,2.870,0.138,0.386,1.260,2.259,0.184,0.000,0.000,0.000,0.000,0.000,0.000,0.000,0.000,0.000,0.000,0.000,0.000,0.000,0.000,0.000,0.000,0,0,3.411,3.681,1.646,0.000,18
Data-Oriented CPU ROAM,RelWithDebInfo,OpenGL,NVIDIA GeForce RTX 5090 D/PCIe/SSE2,4.3.0 NVIDIA 591.86,false,assets/heightmaps/Hm_Terrain_Test_129.pgm,129,129,80.000,12.000,20,4.000,2.000,200000,5.865,0.000,18.000,14.863,12.265,22122,119964,22120,114,57,106,59,0,0,0,0,8,139.123,11.530,11.230,0.188,3.463,0.112,0.400,0.341,3.091,0.150,0.386,1.276,1.821,0.183,0.000,0.000,0.000,0.000,0.000,0.000,0.000,0.000,0.000,0.000,0.000,0.000,0.000,0.000,0.000,0.000,0,0,3.583,3.575,1.663,0.000,18
Data-Oriented CPU ROAM,RelWithDebInfo,OpenGL,NVIDIA GeForce RTX 5090 D/PCIe/SSE2,4.3.0 NVIDIA 591.86,false,assets/heightmaps/Hm_Terrain_Test_129.pgm,129,129,80.000,12.000,20,4.000,2.000,200000,5.877,0.000,18.000,14.794,11.888,22106,120144,22104,96,51,112,52,0,0,0,0,8,281.775,11.392,11.089,0.175,3.265,0.116,0.396,0.447,2.833,0.129,0.387,1.377,1.963,0.188,0.000,0.000,0.000,0.000,0.000,0.000,0.000,0.000,0.000,0.000,0.000,0.000,0.000,0.000,0.000,0.000,0,0,3.410,3.381,1.764,0.000,18
Data-Oriented CPU ROAM,RelWithDebInfo,OpenGL,NVIDIA GeForce RTX 5090 D/PCIe/SSE2,4.3.0 NVIDIA 591.86,false,assets/heightmaps/Hm_Terrain_Test_129.pgm,129,129,80.000,12.000,20,4.000,2.000,200000,5.888,0.000,18.000,14.726,11.747,22120,120384,22118,120,60,106,65,0,0,0,0,8,1113.923,11.504,11.220,0.172,3.621,0.112,0.410,0.394,2.866,0.146,0.386,1.274,1.839,0.176,0.000,0.000,0.000,0.000,0.000,0.000,0.000,0.000,0.000,0.000,0.000,0.000,0.000,0.000,0.000,0.000,0,0,3.407,3.733,1.660,0.000,18
Data-Oriented CPU ROAM,RelWithDebInfo,OpenGL,NVIDIA GeForce RTX 5090 D/PCIe/SSE2,4.3.0 NVIDIA 591.86,false,assets/heightmaps/Hm_Terrain_Test_129.pgm,129,129,80.000,12.000,20,4.000,2.000,200000,5.900,0.000,18.000,14.657,11.859,22094,120580,22092,98,49,124,58,0,0,0,0,8,0.000,10.888,10.599,0.174,3.118,0.120,0.409,0.211,2.907,0.128,0.387,1.254,1.890,0.179,0.000,0.000,0.000,0.000,0.000,0.000,0.000,0.000,0.000,0.000,0.000,0.000,0.000,0.000,0.000,0.000,0,0,3.246,3.238,1.642,0.000,17
Data-Oriented CPU ROAM,RelWithDebInfo,OpenGL,NVIDIA GeForce RTX 5090 D/PCIe/SSE2,4.3.0 NVIDIA 591.86,false,assets/heightmaps/Hm_Terrain_Test_129.pgm,129,129,80.000,12.000,20,4.000,2.000,200000,5.911,0.000,18.000,14.592,11.274,22134,120800,22132,110,55,70,68,0,0,0,0,8,134.583,11.901,11.608,0.177,3.382,0.082,0.401,0.557,3.208,0.144,0.389,1.283,1.985,0.179,0.000,0.000,0.000,0.000,0.000,0.000,0.000,0.000,0.000,0.000,0.000,0.000,0.000,0.000,0.000,0.000,0,0,3.909,3.464,1.672,0.000,17
Data-Oriented CPU ROAM,RelWithDebInfo,OpenGL,NVIDIA GeForce RTX 5090 D/PCIe/SSE2,4.3.0 NVIDIA 591.86,false,assets/heightmaps/Hm_Terrain_Test_129.pgm,129,129,80.000,12.000,20,4.000,2.000,200000,5.924,0.000,18.000,14.521,12.259,22146,121072,22144,136,68,124,74,0,0,0,0,8,387.342,12.384,12.101,0.178,3.567,0.138,0.396,0.405,3.631,0.183,0.387,1.300,1.916,0.176,0.000,0.000,0.000,0.000,0.000,0.000,0.000,0.000,0.000,0.000,0.000,0.000,0.000,0.000,0.000,0.000,0,0,4.219,3.704,1.687,0.000,18
Data-Oriented CPU ROAM,RelWithDebInfo,OpenGL,NVIDIA GeForce RTX 5090 D/PCIe/SSE2,4.3.0 NVIDIA 591.86,false,assets/heightmaps/Hm_Terrain_Test_129.pgm,129,129,80.000,12.000,20,4.000,2.000,200000,5.936,0.000,18.000,14.447,12.740,22142,121308,22140,132,73,136,65,0,0,0,0,8,138.872,11.551,11.250,0.178,3.419,0.129,0.398,0.401,2.920,0.157,0.387,1.240,2.021,0.185,0.000,0.000,0.000,0.000,0.000,0.000,0.000,0.000,0.000,0.000,0.000,0.000,0.000,0.000,0.000,0.000,0,0,3.478,3.548,1.628,0.000,18
Data-Oriented CPU ROAM,RelWithDebInfo,OpenGL,NVIDIA GeForce RTX 5090 D/PCIe/SSE2,4.3.0 NVIDIA 591.86,false,assets/heightmaps/Hm_Terrain_Test_129.pgm,129,129,80.000,12.000,20,4.000,2.000,200000,5.948,0.000,18.000,14.378,11.908,22126,121528,22124,110,55,126,61,0,0,0,0,8,0.000,10.626,10.345,0.178,3.419,0.127,0.410,0.216,2.239,0.150,0.393,1.267,1.946,0.175,0.000,0.000,0.000,0.000,0.000,0.000,0.000,0.000,0.000,0.000,0.000,0.000,0.000,0.000,0.000,0.000,0,0,2.604,3.546,1.660,0.000,18
Data-Oriented CPU ROAM,RelWithDebInfo,OpenGL,NVIDIA GeForce RTX 5090 D/PCIe/SSE2,4.3.0 NVIDIA 591.86,false,assets/heightmaps/Hm_Terrain_Test_129.pgm,129,129,80.000,12.000,20,4.000,2.000,200000,5.959,0.000,18.000,14.314,10.982,22120,121776,22118,124,62,130,71,0,0,0,0,8,945.137,11.861,11.571,0.173,3.602,0.124,0.400,0.427,3.018,0.160,0.384,1.281,2.003,0.184,0.000,0.000,0.000,0.000,0.000,0.000,0.000,0.000,0.000,0.000,0.000,0.000,0.000,0.000,0.000,0.000,0,0,3.605,3.726,1.665,0.000,17
Data-Oriented CPU ROAM,RelWithDebInfo,OpenGL,NVIDIA GeForce RTX 5090 D/PCIe/SSE2,4.3.0 NVIDIA 591.86,false,assets/heightmaps/Hm_Terrain_Test_129.pgm,129,129,80.000,12.000,20,4.000,2.000,200000,5.972,0.000,18.000,14.244,12.212,22144,122000,22142,112,56,88,64,0,0,0,0,8,147.998,10.850,10.556,0.176,3.549,0.093,0.408,0.237,2.270,0.148,0.389,1.253,2.032,0.184,0.000,0.000,0.000,0.000,0.000,0.000,0.000,0.000,0.000,0.000,0.000,0.000,0.000,0.000,0.000,0.000,0,0,2.654,3.643,1.642,0.000,18
Data-Oriented CPU ROAM,RelWithDebInfo,OpenGL,NVIDIA GeForce RTX 5090 D/PCIe/SSE2,4.3.0 NVIDIA 591.86,false,assets/heightmaps/Hm_Terrain_Test_129.pgm,129,129,80.000,12.000,20,4.000,2.000,200000,5.983,0.000,18.000,14.179,11.223,22154,122228,22152,114,57,104,63,0,0,0,0,8,1104.114,11.630,11.320,0.177,3.201,0.108,0.400,0.417,2.987,0.155,0.388,1.309,2.178,0.203,0.000,0.000,0.000,0.000,0.000,0.000,0.000,0.000,0.000,0.000,0.000,0.000,0.000,0.000,0.000,0.000,0,0,3.559,3.308,1.697,0.000,18
Data-Oriented CPU ROAM,RelWithDebInfo,OpenGL,NVIDIA GeForce RTX 5090 D/PCIe/SSE2,4.3.0 NVIDIA 591.86,false,assets/heightmaps/Hm_Terrain_Test_129.pgm,129,129,80.000,12.000,20,4.000,2.000,200000,5.995,0.000,18.000,14.110,12.007,22124,122424,22122,98,49,128,54,0,0,0,0,8,0.000,11.332,11.044,0.182,3.284,0.133,0.414,0.404,2.783,0.144,0.387,1.312,2.000,0.177,0.000,0.000,0.000,0.000,0.000,0.000,0.000,0.000,0.000,0.000,0.000,0.000,0.000,0.000,0.000,0.000,0,0,3.331,3.417,1.700,0.000,18
Data-Oriented CPU ROAM,RelWithDebInfo,OpenGL,NVIDIA GeForce RTX 5090 D/PCIe/SSE2,4.3.0 NVIDIA 591.86,false,assets/heightmaps/Hm_Terrain_Test_129.pgm,129,129,80.000,12.000,20,4.000,2.000,200000,6.007,0.000,18.000,14.042,11.703,22130,122656,22128,130,72,124,65,0,0,0,0,8,956.945,11.743,11.428,0.171,3.600,0.124,0.398,0.400,2.897,0.151,0.495,1.326,1.864,0.205,0.000,0.000,0.000,0.000,0.000,0.000,0.000,0.000,0.000,0.000,0.000,0.000,0.000,0.000,0.000,0.000,0,0,3.449,3.724,1.822,0.000,18
Data-Oriented CPU ROAM,RelWithDebInfo,OpenGL,NVIDIA GeForce RTX 5090 D/PCIe/SSE2,4.3.0 NVIDIA 591.86,false,assets/heightmaps/Hm_Terrain_Test_129.pgm,129,129,80.000,12.000,20,4.000,2.000,200000,6.019,0.000,18.000,13.973,12.146,22132,122872,22130,108,54,106,59,0,0,0,0,8,145.635,11.014,10.728,0.187,3.447,0.101,0.410,0.390,2.606,0.147,0.383,1.257,1.800,0.180,0.000,0.000,0.000,0.000,0.000,0.000,0.000,0.000,0.000,0.000,0.000,0.000,0.000,0.000,0.000,0.000,0,0,3.143,3.548,1.640,0.000,18
Data-Oriented CPU ROAM,RelWithDebInfo,OpenGL,NVIDIA GeForce RTX 5090 D/PCIe/SSE2,4.3.0 NVIDIA 591.86,false,assets/heightmaps/Hm_Terrain_Test_129.pgm,129,129,80.000,12.000,20,4.000,2.000,200000,6.030,0.000,18.000,13.907,11.379,22107,123070,22105,99,49,124,56,0,0,0,0,8,142.013,11.286,11.001,0.176,3.155,0.125,0.395,0.308,3.186,0.133,0.384,1.262,1.878,0.178,0.000,0.000,0.000,0.000,0.000,0.000,0.000,0.000,0.000,0.000,0.000,0.000,0.000,0.000,0.000,0.000,0,0,3.627,3.280,1.646,0.000,17
Data-Oriented CPU ROAM,RelWithDebInfo,OpenGL,NVIDIA GeForce RTX 5090 D/PCIe/SSE2,4.3.0 NVIDIA 591.86,false,assets/heightmaps/Hm_Terrain_Test_129.pgm,129,129,80.000,12.000,20,4.000,2.000,200000,6.042,0.000,18.000,13.840,11.628,22072,123304,22070,117,58,152,68,0,0,0,0,8,0.000,12.411,12.115,0.176,3.482,0.147,0.425,0.395,3.677,0.147,0.384,1.273,2.009,0.191,0.000,0.000,0.000,0.000,0.000,0.000,0.000,0.000,0.000,0.000,0.000,0.000,0.000,0.000,0.000,0.000,0,0,4.219,3.629,1.657,0.000,18
Data-Oriented CPU ROAM,RelWithDebInfo,OpenGL,NVIDIA GeForce RTX 5090 D/PCIe/SSE2,4.3.0 NVIDIA 591.86,false,assets/heightmaps/Hm_Terrain_Test_129.pgm,129,129,80.000,12.000,20,4.000,2.000,200000,6.054,0.000,18.000,13.767,12.806,22027,123516,22025,106,53,151,60,0,0,0,0,8,141.154,11.366,11.068,0.175,3.584,0.141,0.402,0.405,2.633,0.141,0.424,1.282,1.882,0.180,0.000,0.000,0.000,0.000,0.000,0.000,0.000,0.000,0.000,0.000,0.000,0.000,0.000,0.000,0.000,0.000,0,0,3.179,3.726,1.705,0.000,18
Data-Oriented CPU ROAM,RelWithDebInfo,OpenGL,NVIDIA GeForce RTX 5090 D/PCIe/SSE2,4.3.0 NVIDIA 591.86,false,assets/heightmaps/Hm_Terrain_Test_129.pgm,129,129,80.000,12.000,20,4.000,2.000,200000,6.066,0.000,18.000,13.700,11.732,22044,123784,22042,134,67,117,83,0,0,0,0,8,146.132,11.080,10.691,0.179,3.038,0.122,0.400,0.211,3.081,0.164,0.385,1.259,1.852,0.199,0.000,0.000,0.000,0.000,0.000,0.000,0.000,0.000,0.000,0.000,0.000,0.000,0.000,0.000,0.000,0.000,0,0,3.456,3.160,1.644,0.000,18
Data-Oriented CPU ROAM,RelWithDebInfo,OpenGL,NVIDIA GeForce RTX 5090 D/PCIe/SSE2,4.3.0 NVIDIA 591.86,false,assets/heightmaps/Hm_Terrain_Test_129.pgm,129,129,80.000,12.000,20,4.000,2.000,200000,6.078,0.000,18.000,13.634,11.448,21966,123936,21964,76,38,154,42,0,0,0,0,8,144.133,11.115,10.839,0.174,2.980,0.162,0.389,0.379,2.954,0.161,0.429,1.266,1.944,0.171,0.000,0.000,0.000,0.000,0.000,0.000,0.000,0.000,0.000,0.000,0.000,0.000,0.000,0.000,0.000,0.000,0,0,3.495,3.142,1.695,0.000,18
Data-Oriented CPU ROAM,RelWithDebInfo,OpenGL,NVIDIA GeForce RTX 5090 D/PCIe/SSE2,4.3.0 NVIDIA 591.86,false,assets/heightmaps/Hm_Terrain_Test_129.pgm,129,129,80.000,12.000,20,4.000,2.000,200000,6.089,0.000,18.000,13.568,11.493,21970,124120,21968,92,46,88,51,0,0,0,0,8,0.000,11.082,10.796,0.169,3.203,0.093,0.401,0.369,2.892,0.121,0.385,1.235,1.927,0.174,0.000,0.000,0.000,0.000,0.000,0.000,0.000,0.000,0.000,0.000,0.000,0.000,0.000,0.000,0.000,0.000,0,0,3.382,3.296,1.620,0.000,18
Data-Oriented CPU ROAM,RelWithDebInfo,OpenGL,NVIDIA GeForce RTX 5090 D/PCIe/SSE2,4.3.0 NVIDIA 591.86,false,assets/heightmaps/Hm_Terrain_Test_129.pgm,129,129,80.000,12.000,20,4.000,2.000,200000,6.101,0.000,18.000,13.503,11.444,21966,124328,21964,104,52,108,58,0,0,0,0,8,142.422,11.255,10.969,0.175,3.355,0.111,0.397,0.205,3.134,0.135,0.383,1.219,1.858,0.174,0.000,0.000,0.000,0.000,0.000,0.000,0.000,0.000,0.000,0.000,0.000,0.000,0.000,0.000,0.000,0.000,0,0,3.473,3.466,1.601,0.000,18
Data-Oriented CPU ROAM,RelWithDebInfo,OpenGL,NVIDIA GeForce RTX 5090 D/PCIe/SSE2,4.3.0 NVIDIA 591.86,false,assets/heightmaps/Hm_Terrain_Test_129.pgm,129,129,80.000,12.000,20,4.000,2.000,200000,6.112,0.000,18.000,13.437,11.609,21974,124560,21972,116,58,108,63,0,0,0,0,8,1105.353,11.592,11.307,0.171,3.132,0.113,0.400,0.396,3.185,0.209,0.444,1.265,1.992,0.178,0.000,0.000,0.000,0.000,0.000,0.000,0.000,0.000,0.000,0.000,0.000,0.000,0.000,0.000,0.000,0.000,0,0,3.790,3.246,1.709,0.000,18
Data-Oriented CPU ROAM,RelWithDebInfo,OpenGL,NVIDIA GeForce RTX 5090 D/PCIe/SSE2,4.3.0 NVIDIA 591.86,false,assets/heightmaps/Hm_Terrain_Test_129.pgm,129,129,80.000,12.000,20,4.000,2.000,200000,6.124,0.000,18.000,13.369,11.956,21888,124776,21886,108,54,194,64,0,0,0,0,8,117.836,13.864,13.258,0.175,3.206,0.168,0.396,0.388,3.066,0.134,0.378,2.057,3.289,0.270,0.000,0.000,0.000,0.000,0.000,0.000,0.000,0.000,0.000,0.000,0.000,0.000,0.000,0.000,0.000,0.000,0,0,3.589,3.375,2.435,0.000,18
Data-Oriented CPU ROAM,RelWithDebInfo,OpenGL,NVIDIA GeForce RTX 5090 D/PCIe/SSE2,4.3.0 NVIDIA 591.86,false,assets/heightmaps/Hm_Terrain_Test_129.pgm,129,129,80.000,12.000,20,4.000,2.000,200000,6.139,0.000,18.000,13.285,14.685,21872,125068,21870,146,73,162,84,0,0,0,0,8,1150.557,11.135,10.862,0.270,3.435,0.310,0.388,0.213,2.544,0.189,0.378,1.220,1.915,0.172,0.000,0.000,0.000,0.000,0.000,0.000,0.000,0.000,0.000,0.000,0.000,0.000,0.000,0.000,0.000,0.000,0,0,2.946,3.745,1.599,0.000,18
Data-Oriented CPU ROAM,RelWithDebInfo,OpenGL,NVIDIA GeForce RTX 5090 D/PCIe/SSE2,4.3.0 NVIDIA 591.86,false,assets/heightmaps/Hm_Terrain_Test_129.pgm,129,129,80.000,12.000,20,4.000,2.000,200000,6.150,0.000,18.000,13.219,11.573,21910,125284,21908,108,54,70,62,0,0,0,0,8,0.000,11.351,11.081,0.172,3.553,0.081,0.422,0.392,2.858,0.135,0.382,1.241,1.847,0.173,0.000,0.000,0.000,0.000,0.000,0.000,0.000,0.000,0.000,0.000,0.000,0.000,0.000,0.000,0.000,0.000,0,0,3.384,3.633,1.623,0.000,18
Data-Oriented CPU ROAM,RelWithDebInfo,OpenGL,NVIDIA GeForce RTX 5090 D/PCIe/SSE2,4.3.0 NVIDIA 591.86,false,assets/heightmaps/Hm_Terrain_Test_129.pgm,129,129,80.000,12.000,20,4.000,2.000,200000,6.162,0.000,18.000,13.153,11.707,21932,125516,21930,116,58,94,73,0,0,0,0,8,140.544,11.398,11.116,0.180,3.043,0.096,0.397,0.417,3.237,0.159,0.384,1.241,1.962,0.178,0.000,0.000,0.000,0.000,0.000,0.000,0.000,0.000,0.000,0.000,0.000,0.000,0.000,0.000,0.000,0.000,0,0,3.812,3.140,1.625,0.000,18
Data-Oriented CPU ROAM,RelWithDebInfo,OpenGL,NVIDIA GeForce RTX 5090 D/PCIe/SSE2,4.3.0 NVIDIA 591.86,false,assets/heightmaps/Hm_Terrain_Test_129.pgm,129,129,80.000,12.000,20,4.000,2.000,200000,6.174,0.000,18.000,13.086,11.862,21928,125740,21926,112,56,116,67,0,0,0,0,8,294.939,10.883,10.594,0.176,3.133,0.116,0.398,0.397,2.800,0.135,0.384,1.305,1.750,0.184,0.000,0.000,0.000,0.000,0.000,0.000,0.000,0.000,0.000,0.000,0.000,0.000,0.000,0.000,0.000,0.000,0,0,3.332,3.250,1.689,0.000,18
Data-Oriented CPU ROAM,RelWithDebInfo,OpenGL,NVIDIA GeForce RTX 5090 D/PCIe/SSE2,4.3.0 NVIDIA 591.86,false,assets/heightmaps/Hm_Terrain_Test_129.pgm,129,129,80.000,12.000,20,4.000,2.000,200000,6.185,0.000,18.000,13.022,11.214,21892,125924,21890,92,46,128,51,0,0,0,0,8,150.804,10.650,10.360,0.172,2.873,0.116,0.398,0.388,2.885,0.122,0.380,1.217,1.808,0.178,0.000,0.000,0.000,0.000,0.000,0.000,0.000,0.000,0.000,0.000,0.000,0.000,0.000,0.000,0.000,0.000,0,0,3.395,2.989,1.597,0.000,18
Data-Oriented CPU ROAM,RelWithDebInfo,OpenGL,NVIDIA GeForce RTX 5090 D/PCIe/SSE2,4.3.0 NVIDIA 591.86,false,assets/heightmaps/Hm_Terrain_Test_129.pgm,129,129,80.000,12.000,20,4.000,2.000,200000,6.196,0.000,18.000,12.960,10.989,21908,126152,21906,114,57,98,69,0,0,0,0,8,0.000,11.311,11.030,0.176,3.036,0.104,0.395,0.383,3.222,0.147,0.382,1.236,1.949,0.175,0.000,0.000,0.000,0.000,0.000,0.000,0.000,0.000,0.000,0.000,0.000,0.000,0.000,0.000,0.000,0.000,0,0,3.752,3.140,1.618,0.000,18
Data-Oriented CPU ROAM,RelWithDebInfo,OpenGL,NVIDIA GeForce RTX 5090 D/PCIe/SSE2,4.3.0 NVIDIA 591.86,false,assets/heightmaps/Hm_Terrain_Test_129.pgm,129,129,80.000,12.000,20,4.000,2.000,200000,6.208,0.000,18.000,12.894,11.644,21982,126424,21980,136,68,62,79,0,0,0,0,8,132.542,12.083,11.788,0.171,3.325,0.070,0.400,0.399,3.204,0.165,0.395,1.703,1.955,0.189,0.000,0.000,0.000,0.000,0.000,0.000,0.000,0.000,0.000,0.000,0.000,0.000,0.000,0.000,0.000,0.000,0,0,3.768,3.395,2.098,0.000,18
Data-Oriented CPU ROAM,RelWithDebInfo,OpenGL,NVIDIA GeForce RTX 5090 D/PCIe/SSE2,4.3.0 NVIDIA 591.86,false,assets/heightmaps/Hm_Terrain_Test_129.pgm,129,129,80.000,12.000,20,4.000,2.000,200000,6.220,0.000,18.000,12.824,12.430,21940,126628,21938,102,51,144,60,0,0,0,0,8,153.714,10.441,10.164,0.171,3.106,0.135,0.403,0.394,2.330,0.140,0.385,1.282,1.818,0.177,0.000,0.000,0.000,0.000,0.000,0.000,0.000,0.000,0.000,0.000,0.000,0.000,0.000,0.000,0.000,0.000,0,0,2.864,3.241,1.667,0.000,18
Data-Oriented CPU ROAM,RelWithDebInfo,OpenGL,NVIDIA GeForce RTX 5090 D/PCIe/SSE2,4.3.0 NVIDIA 591.86,false,assets/heightmaps/Hm_Terrain_Test_129.pgm,129,129,80.000,12.000,20,4.000,2.000,200000,6.231,0.000,18.000,12.763,10.816,21892,126768,21890,70,35,118,39,0,0,0,0,8,133.068,12.036,11.741,0.188,3.403,0.129,0.394,0.425,3.030,0.101,0.382,1.641,2.045,0.183,0.000,0.000,0.000,0.000,0.000,0.000,0.000,0.000,0.000,0.000,0.000,0.000,0.000,0.000,0.000,0.000,0,0,3.556,3.532,2.023,0.000,18
Data-Oriented CPU ROAM,RelWithDebInfo,OpenGL,NVIDIA GeForce RTX 5090 D/PCIe/SSE2,4.3.0 NVIDIA 591.86,false,assets/heightmaps/Hm_Terrain_Test_129.pgm,129,129,80.000,12.000,20,4.000,2.000,200000,6.243,0.000,18.000,12.693,12.382,21878,127008,21876,120,60,134,70,0,0,0,0,8,0.000,11.797,11.505,0.172,3.498,0.131,0.395,0.395,3.105,0.149,0.382,1.265,2.012,0.180,0.000,0.000,0.000,0.000,0.000,0.000,0.000,0.000,0.000,0.000,0.000,0.000,0.000,0.000,0.000,0.000,0,0,3.649,3.629,1.647,0.000,18
Data-Oriented CPU ROAM,RelWithDebInfo,OpenGL,NVIDIA GeForce RTX 5090 D/PCIe/SSE2,4.3.0 NVIDIA 591.86,false,assets/heightmaps/Hm_Terrain_Test_129.pgm,129,129,80.000,12.000,20,4.000,2.000,200000,6.256,0.000,18.000,12.625,12.141,21858,127212,21856,102,50,122,58,0,0,0,0,8,555.620,11.537,11.247,0.177,3.434,0.112,0.404,0.398,3.087,0.132,0.380,1.214,1.908,0.175,0.000,0.000,0.000,0.000,0.000,0.000,0.000,0.000,0.000,0.000,0.000,0.000,0.000,0.000,0.000,0.000,0,0,3.617,3.547,1.595,0.000,18
Data-Oriented CPU ROAM,RelWithDebInfo,OpenGL,NVIDIA GeForce RTX 5090 D/PCIe/SSE2,4.3.0 NVIDIA 591.86,false,assets/heightmaps/Hm_Terrain_Test_129.pgm,129,129,80.000,12.000,20,4.000,2.000,200000,6.268,0.000,18.000,12.558,11.908,21840,127388,21838,88,44,106,55,0,0,0,0,8,277.566,11.548,11.257,0.176,3.352,0.107,0.398,0.389,3.283,0.115,0.381,1.222,1.834,0.179,0.000,0.000,0.000,0.000,0.000,0.000,0.000,0.000,0.000,0.000,0.000,0.000,0.000,0.000,0.000,0.000,0,0,3.787,3.459,1.602,0.000,18
Data-Oriented CPU ROAM,RelWithDebInfo,OpenGL,NVIDIA GeForce RTX 5090 D/PCIe/SSE2,4.3.0 NVIDIA 591.86,false,assets/heightmaps/Hm_Terrain_Test_129.pgm,129,129,80.000,12.000,20,4.000,2.000,200000,6.279,0.000,18.000,12.491,11.885,21834,127560,21832,86,43,92,53,0,0,0,0,8,1098.409,11.679,11.379,0.174,3.414,0.112,0.390,0.209,2.627,0.159,0.586,1.724,1.984,0.191,0.000,0.000,0.000,0.000,0.000,0.000,0.000,0.000,0.000,0.000,0.000,0.000,0.000,0.000,0.000,0.000,0,0,2.994,3.526,2.310,0.000,18
Data-Oriented CPU ROAM,RelWithDebInfo,OpenGL,NVIDIA GeForce RTX 5090 D/PCIe/SSE2,4.3.0 NVIDIA 591.86,false,assets/heightmaps/Hm_Terrain_Test_129.pgm,129,129,80.000,12.000,20,4.000,2.000,200000,6.291,0.000,18.000,12.424,12.021,21822,127784,21820,112,56,124,66,0,0,0,0,8,0.000,12.120,11.819,0.172,3.577,0.127,0.392,0.388,2.898,0.139,0.379,1.692,2.056,0.191,0.000,0.000,0.000,0.000,0.000,0.000,0.000,0.000,0.000,0.000,0.000,0.000,0.000,0.000,0.000,0.000,0,0,3.425,3.704,2.071,0.000,18
Data-Oriented CPU ROAM,RelWithDebInfo,OpenGL,NVIDIA GeForce RTX 5090 D/PCIe/SSE2,4.3.0 NVIDIA 591.86,false,assets/heightmaps/Hm_Terrain_Test_129.pgm,129,129,80.000,12.000,20,4.000,2.000,200000,6.304,0.000,18.000,12.354,12.469,21796,127968,21794,92,46,118,53,0,0,0,0,8,150.005,10.689,10.415,0.176,3.280,0.125,0.412,0.207,2.709,0.114,0.377,1.219,1.794,0.169,0.000,0.000,0.000,0.000,0.000,0.000,0.000,0.000,0.000,0.000,0.000,0.000,0.000,0.000,0.000,0.000,0,0,3.030,3.406,1.596,0.000,18
Data-Oriented CPU ROAM,RelWithDebInfo,OpenGL,NVIDIA GeForce RTX 5090 D/PCIe/SSE2,4.3.0 NVIDIA 591.86,false,assets/heightmaps/Hm_Terrain_Test_129.pgm,129,129,80.000,12.000,20,4.000,2.000,200000,6.315,0.000,18.000,12.293,11.001,21714,128176,21712,104,52,186,57,0,0,0,0,8,528.774,12.106,11.818,0.172,3.238,0.161,0.393,0.317,3.392,0.145,0.381,1.695,1.924,0.180,0.000,0.000,0.000,0.000,0.000,0.000,0.000,0.000,0.000,0.000,0.000,0.000,0.000,0.000,0.000,0.000,0,0,3.854,3.399,2.075,0.000,18
Data-Oriented CPU ROAM,RelWithDebInfo,OpenGL,NVIDIA GeForce RTX 5090 D/PCIe/SSE2,4.3.0 NVIDIA 591.86,false,assets/heightmaps/Hm_Terrain_Test_129.pgm,129,129,80.000,12.000,20,4.000,2.000,200000,6.327,0.000,18.000,12.223,12.446,21734,128432,21732,128,64,108,80,0,0,0,0,8,272.111,11.782,11.483,0.173,3.017,0.115,0.391,0.396,3.596,0.160,0.385,1.256,1.994,0.184,0.000,0.000,0.000,0.000,0.000,0.000,0.000,0.000,0.000,0.000,0.000,0.000,0.000,0.000,0.000,0.000,0,0,4.152,3.132,1.640,0.000,18
Data-Oriented CPU ROAM,RelWithDebInfo,OpenGL,NVIDIA GeForce RTX 5090 D/PCIe/SSE2,4.3.0 NVIDIA 591.86,false,assets/heightmaps/Hm_Terrain_Test_129.pgm,129,129,80.000,12.000,20,4.000,2.000,200000,6.340,0.000,18.000,12.155,12.274,21722,128620,21720,94,47,106,51,0,0,0,0,8,137.370,11.648,11.372,0.330,3.288,0.110,0.406,0.387,3.170,0.121,0.462,1.213,1.884,0.167,0.000,0.000,0.000,0.000,0.000,0.000,0.000,0.000,0.000,0.000,0.000,0.000,0.000,0.000,0.000,0.000,0,0,3.679,3.398,1.675,0.000,18
Data-Oriented CPU ROAM,RelWithDebInfo,OpenGL,NVIDIA GeForce RTX 5090 D/PCIe/SSE2,4.3.0 NVIDIA 591.86,false,assets/heightmaps/Hm_Terrain_Test_129.pgm,129,129,80.000,12.000,20,4.000,2.000,200000,6.352,0.000,18.000,12.088,11.993,21774,128884,21772,132,66,80,78,0,0,0,0,8,0.000,11.597,11.308,0.226,3.335,0.087,0.426,0.458,2.538,0.168,0.386,1.710,1.973,0.181,0.000,0.000,0.000,0.000,0.000,0.000,0.000,0.000,0.000,0.000,0.000,0.000,0.000,0.000,0.000,0.000,0,0,3.164,3.422,2.096,0.000,18
Data-Oriented CPU ROAM,RelWithDebInfo,OpenGL,NVIDIA GeForce RTX 5090 D/PCIe/SSE2,4.3.0 NVIDIA 591.86,false,assets/heightmaps/Hm_Terrain_Test_129.pgm,129,129,80.000,12.000,20,4.000,2.000,200000,6.364,0.000,18.000,12.022,11.950,21748,129132,21746,126,64,152,82,0,0,0,0,8,139.785,11.456,11.176,0.176,3.412,0.150,0.391,0.209,3.217,0.152,0.380,1.209,1.880,0.171,0.000,0.000,0.000,0.000,0.000,0.000,0.000,0.000,0.000,0.000,0.000,0.000,0.000,0.000,0.000,0.000,0,0,3.578,3.562,1.589,0.000,18
Data-Oriented CPU ROAM,RelWithDebInfo,OpenGL,NVIDIA GeForce RTX 5090 D/PCIe/SSE2,4.3.0 NVIDIA 591.86,false,assets/heightmaps/Hm_Terrain_Test_129.pgm,129,129,80.000,12.000,20,4.000,2.000,200000,6.375,0.000,18.000,11.956,11.798,21690,129356,21688,112,56,170,63,0,0,0,0,8,144.363,11.113,10.822,0.167,3.063,0.141,0.393,0.360,2.802,0.140,0.379,1.498,1.879,0.186,0.000,0.000,0.000,0.000,0.000,0.000,0.000,0.000,0.000,0.000,0.000,0.000,0.000,0.000,0.000,0.000,0,0,3.302,3.204,1.877,0.000,18
Data-Oriented CPU ROAM,RelWithDebInfo,OpenGL,NVIDIA GeForce RTX 5090 D/PCIe/SSE2,4.3.0 NVIDIA 591.86,false,assets/heightmaps/Hm_Terrain_Test_129.pgm,129,129,80.000,12.000,20,4.000,2.000,200000,6.387,0.000,18.000,11.893,11.456,21684,129516,21682,82,42,88,48,0,0,0,0,8,144.752,11.080,10.793,0.170,2.799,0.095,0.404,0.385,2.990,0.104,0.378,1.698,1.769,0.178,0.000,0.000,0.000,0.000,0.000,0.000,0.000,0.000,0.000,0.000,0.000,0.000,0.000,0.000,0.000,0.000,0,0,3.480,2.894,2.076,0.000,18
Data-Oriented CPU ROAM,RelWithDebInfo,OpenGL,NVIDIA GeForce RTX 5090 D/PCIe/SSE2,4.3.0 NVIDIA 591.86,false,assets/heightmaps/Hm_Terrain_Test_129.pgm,129,129,80.000,12.000,20,4.000,2.000,200000,6.398,0.000,18.000,11.829,11.422,21772,129748,21770,150,92,62,71,0,0,0,0,8,0.000,10.991,10.702,0.178,3.006,0.076,0.393,0.421,2.846,0.170,0.383,1.214,2.015,0.181,0.000,0.000,0.000,0.000,0.000,0.000,0.000,0.000,0.000,0.000,0.000,0.000,0.000,0.000,0.000,0.000,0,0,3.437,3.082,1.597,0.000,18
Data-Oriented CPU ROAM,RelWithDebInfo,OpenGL,NVIDIA GeForce RTX 5090 D/PCIe/SSE2,4.3.0 NVIDIA 591.86,false,assets/heightmaps/Hm_Terrain_Test_129.pgm,129,129,80.000,12.000,20,4.000,2.000,200000,6.410,0.000,18.000,11.767,11.327,21766,129968,21764,110,55,116,66,0,0,0,0,8,133.319,12.017,11.719,0.170,3.454,0.121,0.396,0.379,3.212,0.133,0.380,1.549,1.926,0.186,0.000,0.000,0.000,0.000,0.000,0.000,0.000,0.000,0.000,0.000,0.000,0.000,0.000,0.000,0.000,0.000,0,0,3.723,3.575,1.929,0.000,18
Data-Oriented CPU ROAM,RelWithDebInfo,OpenGL,NVIDIA GeForce RTX 5090 D/PCIe/SSE2,4.3.0 NVIDIA 591.86,false,assets/heightmaps/Hm_Terrain_Test_129.pgm,129,129,80.000,12.000,20,4.000,2.000,200000,6.422,0.000,18.000,11.699,12.348,21732,130192,21730,112,56,146,66,0,0,0,0,8,1162.921,11.061,10.748,0.171,3.236,0.132,0.414,0.394,2.814,0.146,0.379,1.222,1.840,0.199,0.000,0.000,0.000,0.000,0.000,0.000,0.000,0.000,0.000,0.000,0.000,0.000,0.000,0.000,0.000,0.000,0,0,3.354,3.368,1.601,0.000,18
Data-Oriented CPU ROAM,RelWithDebInfo,OpenGL,NVIDIA GeForce RTX 5090 D/PCIe/SSE2,4.3.0 NVIDIA 591.86,false,assets/heightmaps/Hm_Terrain_Test_129.pgm,129,129,80.000,12.000,20,4.000,2.000,200000,6.433,0.000,18.000,11.636,11.420,21684,130348,21682,78,39,126,46,0,0,0,0,8,0.000,11.014,10.738,0.181,2.883,0.114,0.386,0.350,3.185,0.101,0.380,1.226,1.934,0.172,0.000,0.000,0.000,0.000,0.000,0.000,0.000,0.000,0.000,0.000,0.000,0.000,0.000,0.000,0.000,0.000,0,0,3.635,2.997,1.606,0.000,18
Data-Oriented CPU ROAM,RelWithDebInfo,OpenGL,NVIDIA GeForce RTX 5090 D/PCIe/SSE2,4.3.0 NVIDIA 591.86,false,assets/heightmaps/Hm_Terrain_Test_129.pgm,129,129,80.000,12.000,20,4.000,2.000,200000,6.445,0.000,18.000,11.573,11.379,21664,130572,21662,120,64,140,68,0,0,0,0,8,138.383,11.582,11.290,0.172,3.299,0.129,0.392,0.313,2.564,0.217,0.451,1.801,1.953,0.181,0.000,0.000,0.000,0.000,0.000,0.000,0.000,0.000,0.000,0.000,0.000,0.000,0.000,0.000,0.000,0.000,0,0,3.094,3.428,2.252,0.000,18
Data-Oriented CPU ROAM,RelWithDebInfo,OpenGL,NVIDIA GeForce RTX 5090 D/PCIe/SSE2,4.3.0 NVIDIA 591.86,false,assets/heightmaps/Hm_Terrain_Test_129.pgm,129,129,80.000,12.000,20,4.000,2.000,200000,6.457,0.000,18.000,11.508,11.924,21746,130848,21744,154,85,72,88,0,0,0,0,8,153.514,10.456,10.177,0.170,3.389,0.078,0.417,0.207,2.330,0.171,0.382,1.234,1.799,0.174,0.000,0.000,0.000,0.000,0.000,0.000,0.000,0.000,0.000,0.000,0.000,0.000,0.000,0.000,0.000,0.000,0,0,2.708,3.467,1.617,0.000,18
Data-Oriented CPU ROAM,RelWithDebInfo,OpenGL,NVIDIA GeForce RTX 5090 D/PCIe/SSE2,4.3.0 NVIDIA 591.86,false,assets/heightmaps/Hm_Terrain_Test_129.pgm,129,129,80.000,12.000,20,4.000,2.000,200000,6.467,0.000,18.000,11.448,10.776,21698,131024,21696,92,48,140,55,0,0,0,0,8,136.805,11.706,11.420,0.178,3.237,0.141,0.391,0.383,3.486,0.111,0.380,1.237,1.875,0.175,0.000,0.000,0.000,0.000,0.000,0.000,0.000,0.000,0.000,0.000,0.000,0.000,0.000,0.000,0.000,0.000,0,0,3.980,3.378,1.617,0.000,18
Data-Oriented CPU ROAM,RelWithDebInfo,OpenGL,NVIDIA GeForce RTX 5090 D/PCIe/SSE2,4.3.0 NVIDIA 591.86,false,assets/heightmaps/Hm_Terrain_Test_129.pgm,129,129,80.000,12.000,20,4.000,2.000,200000,6.480,0.000,18.000,11.381,12.230,21650,131260,21648,118,58,166,70,0,0,0,0,8,0.000,11.238,10.950,0.313,2.853,0.153,0.389,0.388,2.961,0.156,0.377,1.329,2.029,0.178,0.000,0.000,0.000,0.000,0.000,0.000,0.000,0.000,0.000,0.000,0.000,0.000,0.000,0.000,0.000,0.000,0,0,3.505,3.007,1.707,0.000,18
Data-Oriented CPU ROAM,RelWithDebInfo,OpenGL,NVIDIA GeForce RTX 5090 D/PCIe/SSE2,4.3.0 NVIDIA 591.86,false,assets/heightmaps/Hm_Terrain_Test_129.pgm,129,129,80.000,12.000,20,4.000,2.000,200000,6.491,0.000,18.000,11.318,11.603,21655,131460,21653,100,50,95,55,0,0,0,0,8,150.818,10.649,10.359,0.172,3.029,0.102,0.406,0.208,2.850,0.128,0.379,1.234,1.851,0.184,0.000,0.000,0.000,0.000,0.000,0.000,0.000,0.000,0.000,0.000,0.000,0.000,0.000,0.000,0.000,0.000,0,0,3.186,3.131,1.613,0.000,18
Data-Oriented CPU ROAM,RelWithDebInfo,OpenGL,NVIDIA GeForce RTX 5090 D/PCIe/SSE2,4.3.0 NVIDIA 591.86,false,assets/heightmaps/Hm_Terrain_Test_129.pgm,129,129,80.000,12.000,20,4.000,2.000,200000,6.502,0.000,18.000,11.258,11.023,21639,131656,21637,108,59,124,52,0,0,0,0,8,295.486,10.860,10.575,0.182,3.053,0.125,0.391,0.210,2.735,0.136,0.379,1.258,2.106,0.183,0.000,0.000,0.000,0.000,0.000,0.000,0.000,0.000,0.000,0.000,0.000,0.000,0.000,0.000,0.000,0.000,0,0,3.080,3.178,1.637,0.000,18
Data-Oriented CPU ROAM,RelWithDebInfo,OpenGL,NVIDIA GeForce RTX 5090 D/PCIe/SSE2,4.3.0 NVIDIA 591.86,false,assets/heightmaps/Hm_Terrain_Test_129.pgm,129,129,80.000,12.000,20,4.000,2.000,200000,6.513,0.000,18.000,11.197,11.208,21623,131844,21621,102,55,118,59,0,0,0,0,8,1081.203,11.851,11.560,0.165,3.487,0.110,0.409,0.389,2.941,0.126,0.380,1.648,1.903,0.178,0.000,0.000,0.000,0.000,0.000,0.000,0.000,0.000,0.000,0.000,0.000,0.000,0.000,0.000,0.000,0.000,0,0,3.456,3.597,2.029,0.000,18
Data-Oriented CPU ROAM,RelWithDebInfo,OpenGL,NVIDIA GeForce RTX 5090 D/PCIe/SSE2,4.3.0 NVIDIA 591.86,false,assets/heightmaps/Hm_Terrain_Test_129.pgm,129,129,80.000,12.000,20,4.000,2.000,200000,6.526,0.000,18.000,11.130,12.222,21558,132056,21556,110,57,175,66,0,0,0,0,8,0.000,12.541,12.224,0.175,3.438,0.193,0.387,0.548,2.822,0.158,0.380,1.272,2.851,0.206,0.000,0.000,0.000,0.000,0.000,0.000,0.000,0.000,0.000,0.000,0.000,0.000,0.000,0.000,0.000,0.000,0,0,3.528,3.631,1.652,0.000,18
Data-Oriented CPU ROAM,RelWithDebInfo,OpenGL,NVIDIA GeForce RTX 5090 D/PCIe/SSE2,4.3.0 NVIDIA 591.86,false,assets/heightmaps/Hm_Terrain_Test_129.pgm,129,129,80.000,12.000,20,4.000,2.000,200000,6.539,0.000,18.000,11.059,13.019,21522,132352,21520,148,74,184,85,0,0,0,0,8,0.000,12.688,12.373,0.223,3.200,0.197,0.412,0.389,3.148,0.201,0.378,1.709,2.515,0.196,0.000,0.000,0.000,0.000,0.000,0.000,0.000,0.000,0.000,0.000,0.000,0.000,0.000,0.000,0.000,0.000,0,0,3.738,3.397,2.087,0.000,18
Data-Oriented CPU ROAM,RelWithDebInfo,OpenGL,NVIDIA GeForce RTX 5090 D/PCIe/SSE2,4.3.0 NVIDIA 591.86,false,assets/heightmaps/Hm_Terrain_Test_129.pgm,129,129,80.000,12.000,20,4.000,2.000,200000,6.552,0.000,18.000,10.986,13.510,21488,132616,21486,132,66,166,80,0,0,0,0,8,135.775,11.853,11.506,0.210,3.161,0.171,0.402,0.400,2.593,0.174,0.382,1.283,2.730,0.222,0.000,0.000,0.000,0.000,0.000,0.000,0.000,0.000,0.000,0.000,0.000,0.000,0.000,0.000,0.000,0.000,0,0,3.167,3.332,1.665,0.000,18
Data-Oriented CPU ROAM,RelWithDebInfo,OpenGL,NVIDIA GeForce RTX 5090 D/PCIe/SSE2,4.3.0 NVIDIA 591.86,false,assets/heightmaps/Hm_Terrain_Test_129.pgm,129,129,80.000,12.000,20,4.000,2.000,200000,6.565,0.000,18.000,10.919,12.352,21452,132828,21450,118,65,154,59,0,0,0,0,8,903.560,12.443,12.103,0.205,3.328,0.163,0.406,0.398,2.915,0.192,0.384,1.401,2.710,0.218,0.000,0.000,0.000,0.000,0.000,0.000,0.000,0.000,0.000,0.000,0.000,0.000,0.000,0.000,0.000,0.000,0,0,3.505,3.490,1.786,0.000,18
Data-Oriented CPU ROAM,RelWithDebInfo,OpenGL,NVIDIA GeForce RTX 5090 D/PCIe/SSE2,4.3.0 NVIDIA 591.86,false,assets/heightmaps/Hm_Terrain_Test_129.pgm,129,129,80.000,12.000,20,4.000,2.000,200000,6.578,0.000,18.000,10.847,13.323,21468,133080,21466,128,65,112,85,0,0,0,0,8,376.918,12.752,12.433,0.216,3.197,0.130,0.397,0.365,3.039,0.239,0.411,1.899,2.540,0.199,0.000,0.000,0.000,0.000,0.000,0.000,0.000,0.000,0.000,0.000,0.000,0.000,0.000,0.000,0.000,0.000,0,0,3.643,3.327,2.310,0.000,18
Data-Oriented CPU ROAM,RelWithDebInfo,OpenGL,NVIDIA GeForce RTX 5090 D/PCIe/SSE2,4.3.0 NVIDIA 591.86,false,assets/heightmaps/Hm_Terrain_Test_129.pgm,129,129,80.000,12.000,20,4.000,2.000,200000,6.591,0.000,18.000,10.774,13.554,21472,133384,21470,152,76,148,86,0,0,0,0,8,1054.915,12.183,11.846,0.237,3.372,0.159,0.406,0.379,2.767,0.212,0.376,1.283,2.655,0.214,0.000,0.000,0.000,0.000,0.000,0.000,0.000,0.000,0.000,0.000,0.000,0.000,0.000,0.000,0.000,0.000,0,0,3.357,3.531,1.660,0.000,18
Data-Oriented CPU ROAM,RelWithDebInfo,OpenGL,NVIDIA GeForce RTX 5090 D/PCIe/SSE2,4.3.0 NVIDIA 591.86,false,assets/heightmaps/Hm_Terrain_Test_129.pgm,129,129,80.000,12.000,20,4.000,2.000,200000,6.605,0.000,18.000,10.703,13.100,21438,133604,21436,120,65,154,66,0,0,0,0,8,125.261,12.781,12.472,0.205,3.337,0.190,0.401,0.391,3.307,0.155,0.377,1.773,2.336,0.196,0.000,0.000,0.000,0.000,0.000,0.000,0.000,0.000,0.000,0.000,0.000,0.000,0.000,0.000,0.000,0.000,0,0,3.853,3.527,2.150,0.000,18
Data-Oriented CPU ROAM,RelWithDebInfo,OpenGL,NVIDIA GeForce RTX 5090 D/PCIe/SSE2,4.3.0 NVIDIA 591.86,false,assets/heightmaps/Hm_Terrain_Test_129.pgm,129,129,80.000,12.000,20,4.000,2.000,200000,6.618,0.000,18.000,10.630,13.590,21418,133844,21416,124,64,144,70,0,0,0,0,8,0.000,12.050,11.741,0.173,3.379,0.161,0.399,0.391,3.156,0.165,0.374,1.228,2.315,0.205,0.000,0.000,0.000,0.000,0.000,0.000,0.000,0.000,0.000,0.000,0.000,0.000,0.000,0.000,0.000,0.000,0,0,3.712,3.540,1.602,0.000,18
Data-Oriented CPU ROAM,RelWithDebInfo,OpenGL,NVIDIA GeForce RTX 5090 D/PCIe/SSE2,4.3.0 NVIDIA 591.86,false,assets/heightmaps/Hm_Terrain_Test_129.pgm,129,129,80.000,12.000,20,4.000,2.000,200000,6.631,0.000,18.000,10.560,13.081,21414,134104,21412,130,65,134,77,0,0,0,0,8,907.142,12.379,12.055,0.186,3.099,0.133,0.403,0.402,2.920,0.174,0.389,1.602,2.748,0.206,0.000,0.000,0.000,0.000,0.000,0.000,0.000,0.000,0.000,0.000,0.000,0.000,0.000,0.000,0.000,0.000,0,0,3.495,3.231,1.991,0.000,18
Data-Oriented CPU ROAM,RelWithDebInfo,OpenGL,NVIDIA GeForce RTX 5090 D/PCIe/SSE2,4.3.0 NVIDIA 591.86,false,assets/heightmaps/Hm_Terrain_Test_129.pgm,129,129,80.000,12.000,20,4.000,2.000,200000,6.644,0.000,18.000,10.490,12.977,21466,134412,21464,154,77,102,84,0,0,0,0,8,130.753,12.287,11.948,0.211,3.563,0.129,0.404,0.394,2.710,0.209,0.379,1.280,2.669,0.222,0.000,0.000,0.000,0.000,0.000,0.000,0.000,0.000,0.000,0.000,0.000,0.000,0.000,0.000,0.000,0.000,0,0,3.313,3.692,1.659,0.000,18
Data-Oriented CPU ROAM,RelWithDebInfo,OpenGL,NVIDIA GeForce RTX 5090 D/PCIe/SSE2,4.3.0 NVIDIA 591.86,false,assets/heightmaps/Hm_Terrain_Test_129.pgm,129,129,80.000,12.000,20,4.000,2.000,200000,6.657,0.000,18.000,10.420,13.101,21452,134680,21450,134,67,148,80,0,0,0,0,8,269.943,11.883,11.574,0.201,3.511,0.158,0.404,0.216,2.817,0.179,0.379,1.240,2.470,0.187,0.000,0.000,0.000,0.000,0.000,0.000,0.000,0.000,0.000,0.000,0.000,0.000,0.000,0.000,0.000,0.000,0,0,3.212,3.668,1.618,0.000,18
Data-Oriented CPU ROAM,RelWithDebInfo,OpenGL,NVIDIA GeForce RTX 5090 D/PCIe/SSE2,4.3.0 NVIDIA 591.86,false,assets/heightmaps/Hm_Terrain_Test_129.pgm,129,129,80.000,12.000,20,4.000,2.000,200000,6.670,0.000,18.000,10.353,12.670,21412,134912,21410,116,58,156,68,0,0,0,0,8,129.769,12.430,12.038,0.197,3.205,0.150,0.402,0.737,2.988,0.168,0.389,1.248,2.553,0.272,0.000,0.000,0.000,0.000,0.000,0.000,0.000,0.000,0.000,0.000,0.000,0.000,0.000,0.000,0.000,0.000,0,0,3.894,3.355,1.637,0.000,18
Data-Oriented CPU ROAM,RelWithDebInfo,OpenGL,NVIDIA GeForce RTX 5090 D/PCIe/SSE2,4.3.0 NVIDIA 591.86,false,assets/heightmaps/Hm_Terrain_Test_129.pgm,129,129,80.000,12.000,20,4.000,2.000,200000,6.683,0.000,18.000,10.282,13.282,21356,135112,21354,108,58,164,61,0,0,0,0,8,136.974,11.728,11.404,0.209,3.066,0.162,0.396,0.388,3.040,0.147,0.379,1.234,2.383,0.205,0.000,0.000,0.000,0.000,0.000,0.000,0.000,0.000,0.000,0.000,0.000,0.000,0.000,0.000,0.000,0.000,0,0,3.575,3.228,1.613,0.000,18
Data-Oriented CPU ROAM,RelWithDebInfo,OpenGL,NVIDIA GeForce RTX 5090 D/PCIe/SSE2,4.3.0 NVIDIA 591.86,false,assets/heightmaps/Hm_Terrain_Test_129.pgm,129,129,80.000,12.000,20,4.000,2.000,200000,6.696,0.000,18.000,10.215,12.568,21371,135338,21369,113,56,98,65,0,0,0,0,8,0.000,12.889,12.559,0.202,3.442,0.119,0.400,0.382,2.823,0.184,0.380,1.272,3.354,0.214,0.000,0.000,0.000,0.000,0.000,0.000,0.000,0.000,0.000,0.000,0.000,0.000,0.000,0.000,0.000,0.000,0,0,3.390,3.561,1.652,0.000,18
Data-Oriented CPU ROAM,RelWithDebInfo,OpenGL,NVIDIA GeForce RTX 5090 D/PCIe/SSE2,4.3.0 NVIDIA 591.86,false,assets/heightmaps/Hm_Terrain_Test_129.pgm,129,129,80.000,12.000,20,4.000,2.000,200000,6.709,0.000,18.000,10.144,13.456,21361,135542,21359,102,51,112,57,0,0,0,0,8,901.133,12.459,12.135,0.257,3.744,0.136,0.416,0.410,2.494,0.204,0.386,1.288,2.798,0.208,0.000,0.000,0.000,0.000,0.000,0.000,0.000,0.000,0.000,0.000,0.000,0.000,0.000,0.000,0.000,0.000,0,0,3.109,3.880,1.674,0.000,18
Data-Oriented CPU ROAM,RelWithDebInfo,OpenGL,NVIDIA GeForce RTX 5090 D/PCIe/SSE2,4.3.0 NVIDIA 591.86,false,assets/heightmaps/Hm_Terrain_Test_129.pgm,129,129,80.000,12.000,20,4.000,2.000,200000,6.722,0.000,18.000,10.075,12.982,21327,135768,21325,113,56,147,73,0,0,0,0,8,142.167,11.298,10.988,0.199,3.175,0.154,0.410,0.404,2.589,0.162,0.374,1.266,2.253,0.196,0.000,0.000,0.000,0.000,0.000,0.000,0.000,0.000,0.000,0.000,0.000,0.000,0.000,0.000,0.000,0.000,0,0,3.155,3.329,1.641,0.000,18
Data-Oriented CPU ROAM,RelWithDebInfo,OpenGL,NVIDIA GeForce RTX 5090 D/PCIe/SSE2,4.3.0 NVIDIA 591.86,false,assets/heightmaps/Hm_Terrain_Test_129.pgm,129,129,80.000,12.000,20,4.000,2.000,200000,6.734,0.000,18.000,10.013,11.779,21317,136020,21315,126,63,136,75,0,0,0,0,8,136.833,11.725,11.417,0.178,3.152,0.135,0.400,0.406,2.561,0.190,0.451,1.296,2.647,0.202,0.000,0.000,0.000,0.000,0.000,0.000,0.000,0.000,0.000,0.000,0.000,0.000,0.000,0.000,0.000,0.000,0,0,3.158,3.287,1.747,0.000,18
Data-Oriented CPU ROAM,RelWithDebInfo,OpenGL,NVIDIA GeForce RTX 5090 D/PCIe/SSE2,4.3.0 NVIDIA 591.86,false,assets/heightmaps/Hm_Terrain_Test_129.pgm,129,129,80.000,12.000,20,4.000,2.000,200000,6.746,0.000,18.000,9.948,12.230,21300,136248,21298,114,57,131,68,0,0,0,0,8,129.144,12.442,12.096,0.208,3.106,0.140,0.384,0.400,2.964,0.187,0.384,1.773,2.549,0.218,0.000,0.000,0.000,0.000,0.000,0.000,0.000,0.000,0.000,0.000,0.000,0.000,0.000,0.000,0.000,0.000,0,0,3.551,3.246,2.156,0.000,18
Data-Oriented CPU ROAM,RelWithDebInfo,OpenGL,NVIDIA GeForce RTX 5090 D/PCIe/SSE2,4.3.0 NVIDIA 591.86,false,assets/heightmaps/Hm_Terrain_Test_129.pgm,129,129,80.000,12.000,20,4.000,2.000,200000,6.759,0.000,18.000,9.880,12.975,21356,136532,21354,142,71,86,88,0,0,0,0,8,0.000,11.278,10.950,0.255,2.968,0.111,0.391,0.657,2.325,0.202,0.386,1.255,2.400,0.208,0.000,0.000,0.000,0.000,0.000,0.000,0.000,0.000,0.000,0.000,0.000,0.000,0.000,0.000,0.000,0.000,0,0,3.183,3.079,1.641,0.000,18
Data-Oriented CPU ROAM,RelWithDebInfo,OpenGL,NVIDIA GeForce RTX 5090 D/PCIe/SSE2,4.3.0 NVIDIA 591.86,false,assets/heightmaps/Hm_Terrain_Test_129.pgm,129,129,80.000,12.000,20,4.000,2.000,200000,6.771,0.000,18.000,9.818,11.752,21384,136824,21382,152,79,124,81,0,0,0,0,8,135.764,11.824,11.507,0.178,3.310,0.137,0.411,0.211,2.880,0.193,0.377,1.276,2.533,0.203,0.000,0.000,0.000,0.000,0.000,0.000,0.000,0.000,0.000,0.000,0.000,0.000,0.000,0.000,0.000,0.000,0,0,3.283,3.447,1.654,0.000,18
Data-Oriented CPU ROAM,RelWithDebInfo,OpenGL,NVIDIA GeForce RTX 5090 D/PCIe/SSE2,4.3.0 NVIDIA 591.86,false,assets/heightmaps/Hm_Terrain_Test_129.pgm,129,129,80.000,12.000,20,4.000,2.000,200000,6.783,0.000,18.000,9.754,12.319,21330,137036,21328,106,53,160,62,0,0,0,0,8,271.682,11.885,11.500,0.199,2.987,0.154,0.391,0.397,2.727,0.154,0.375,1.293,2.822,0.250,0.000,0.000,0.000,0.000,0.000,0.000,0.000,0.000,0.000,0.000,0.000,0.000,0.000,0.000,0.000,0.000,0,0,3.278,3.141,1.669,0.000,18
Data-Oriented CPU ROAM,RelWithDebInfo,OpenGL,NVIDIA GeForce RTX 5090 D/PCIe/SSE2,4.3.0 NVIDIA 591.86,false,assets/heightmaps/Hm_Terrain_Test_129.pgm,129,129,80.000,12.000,20,4.000,2.000,200000,6.796,0.000,18.000,9.689,12.440,21304,137280,21302,124,63,150,71,0,0,0,0,8,134.180,11.954,11.643,0.240,3.473,0.163,0.390,0.221,3.160,0.178,0.377,1.213,2.227,0.186,0.000,0.000,0.000,0.000,0.000,0.000,0.000,0.000,0.000,0.000,0.000,0.000,0.000,0.000,0.000,0.000,0,0,3.558,3.636,1.591,0.000,18
Data-Oriented CPU ROAM,RelWithDebInfo,OpenGL,NVIDIA GeForce RTX 5090 D/PCIe/SSE2,4.3.0 NVIDIA 591.86,false,assets/heightmaps/Hm_Terrain_Test_129.pgm,129,129,80.000,12.000,20,4.000,2.000,200000,6.808,0.000,18.000,9.624,12.466,21246,137448,21244,98,56,156,49,0,0,0,0,8,0.000,11.985,11.668,0.186,3.187,0.169,0.382,0.382,2.714,0.136,0.378,1.337,2.796,0.206,0.000,0.000,0.000,0.000,0.000,0.000,0.000,0.000,0.000,0.000,0.000,0.000,0.000,0.000,0.000,0.000,0,0,3.232,3.356,1.715,0.000,18
Data-Oriented CPU ROAM,RelWithDebInfo,OpenGL,NVIDIA GeForce RTX 5090 D/PCIe/SSE2,4.3.0 NVIDIA 591.86,false,assets/heightmaps/Hm_Terrain_Test_129.pgm,129,129,80.000,12.000,20,4.000,2.000,200000,6.821,0.000,18.000,9.559,12.476,21244,137668,21242,112,57,114,63,0,0,0,0,8,0.000,12.779,12.458,0.184,3.456,0.127,0.406,0.408,3.158,0.158,0.376,1.309,2.876,0.209,0.000,0.000,0.000,0.000,0.000,0.000,0.000,0.000,0.000,0.000,0.000,0.000,0.000,0.000,0.000,0.000,0,0,3.724,3.583,1.685,0.000,18
Data-Oriented CPU ROAM,RelWithDebInfo,OpenGL,NVIDIA GeForce RTX 5090 D/PCIe/SSE2,4.3.0 NVIDIA 591.86,false,assets/heightmaps/Hm_Terrain_Test_129.pgm,129,129,80.000,12.000,20,4.000,2.000,200000,6.834,0.000,18.000,9.490,13.301,21202,137888,21200,110,55,152,70,0,0,0,0,8,709.265,13.572,13.216,0.216,3.511,0.179,0.416,0.394,2.573,0.182,0.385,2.130,3.230,0.229,0.000,0.000,0.000,0.000,0.000,0.000,0.000,0.000,0.000,0.000,0.000,0.000,0.000,0.000,0.000,0.000,0,0,3.149,3.691,2.515,0.000,18
Data-Oriented CPU ROAM,RelWithDebInfo,OpenGL,NVIDIA GeForce RTX 5090 D/PCIe/SSE2,4.3.0 NVIDIA 591.86,false,assets/heightmaps/Hm_Terrain_Test_129.pgm,129,129,80.000,12.000,20,4.000,2.000,200000,6.848,0.000,18.000,9.416,14.127,21228,138196,21226,162,85,136,94,0,0,0,0,8,133.762,12.007,11.679,0.235,3.542,0.173,0.434,0.347,2.605,0.197,0.375,1.268,2.503,0.204,0.000,0.000,0.000,0.000,0.000,0.000,0.000,0.000,0.000,0.000,0.000,0.000,0.000,0.000,0.000,0.000,0,0,3.149,3.715,1.643,0.000,18
Data-Oriented CPU ROAM,RelWithDebInfo,OpenGL,NVIDIA GeForce RTX 5090 D/PCIe/SSE2,4.3.0 NVIDIA 591.86,false,assets/heightmaps/Hm_Terrain_Test_129.pgm,129,129,80.000,12.000,20,4.000,2.000,200000,6.861,0.000,18.000,9.351,12.535,21244,138448,21242,128,65,112,72,0,0,0,0,8,253.322,12.653,12.333,0.255,3.504,0.126,0.423,0.393,3.034,0.180,0.375,1.312,2.730,0.209,0.000,0.000,0.000,0.000,0.000,0.000,0.000,0.000,0.000,0.000,0.000,0.000,0.000,0.000,0.000,0.000,0,0,3.608,3.630,1.686,0.000,18
Data-Oriented CPU ROAM,RelWithDebInfo,OpenGL,NVIDIA GeForce RTX 5090 D/PCIe/SSE2,4.3.0 NVIDIA 591.86,false,assets/heightmaps/Hm_Terrain_Test_129.pgm,129,129,80.000,12.000,20,4.000,2.000,200000,6.874,0.000,18.000,9.283,13.182,21228,138684,21226,120,61,136,67,0,0,0,0,8,130.948,12.271,11.929,0.243,3.523,0.158,0.406,0.384,2.438,0.164,0.380,1.292,2.940,0.223,0.000,0.000,0.000,0.000,0.000,0.000,0.000,0.000,0.000,0.000,0.000,0.000,0.000,0.000,0.000,0.000,0,0,2.986,3.682,1.671,0.000,18
Data-Oriented CPU ROAM,RelWithDebInfo,OpenGL,NVIDIA GeForce RTX 5090 D/PCIe/SSE2,4.3.0 NVIDIA 591.86,false,assets/heightmaps/Hm_Terrain_Test_129.pgm,129,129,80.000,12.000,20,4.000,2.000,200000,6.887,0.000,18.000,9.217,12.800,21256,138980,21254,148,74,120,87,0,0,0,0,8,134.162,11.961,11.645,0.197,3.482,0.132,0.393,0.391,2.908,0.208,0.377,1.254,2.302,0.199,0.000,0.000,0.000,0.000,0.000,0.000,0.000,0.000,0.000,0.000,0.000,0.000,0.000,0.000,0.000,0.000,0,0,3.506,3.614,1.631,0.000,18
Data-Oriented CPU ROAM,RelWithDebInfo,OpenGL,NVIDIA GeForce RTX 5090 D/PCIe/SSE2,4.3.0 NVIDIA 591.86,false,assets/heightmaps/Hm_Terrain_Test_129.pgm,129,129,80.000,12.000,20,4.000,2.000,200000,6.899,0.000,18.000,9.153,12.453,21252,139240,21250,130,65,134,76,0,0,0,0,8,0.000,11.524,11.199,0.233,3.169,0.145,0.395,0.385,2.665,0.180,0.380,1.264,2.381,0.202,0.000,0.000,0.000,0.000,0.000,0.000,0.000,0.000,0.000,0.000,0.000,0.000,0.000,0.000,0.000,0.000,0,0,3.231,3.315,1.645,0.000,18
Data-Oriented CPU ROAM,RelWithDebInfo,OpenGL,NVIDIA GeForce RTX 5090 D/PCIe/SSE2,4.3.0 NVIDIA 591.86,false,assets/heightmaps/Hm_Terrain_Test_129.pgm,129,129,80.000,12.000,20,4.000,2.000,200000,6.911,0.000,18.000,9.092,12.038,21238,139476,21236,118,59,132,74,0,0,0,0,8,130.801,12.273,11.943,0.206,3.196,0.153,0.404,0.272,2.642,0.167,0.378,1.699,2.826,0.213,0.000,0.000,0.000,0.000,0.000,0.000,0.000,0.000,0.000,0.000,0.000,0.000,0.000,0.000,0.000,0.000,0,0,3.082,3.349,2.077,0.000,18
Data-Oriented CPU ROAM,RelWithDebInfo,OpenGL,NVIDIA GeForce RTX 5090 D/PCIe/SSE2,4.3.0 NVIDIA 591.86,false,assets/heightmaps/Hm_Terrain_Test_129.pgm,129,129,80.000,12.000,20,4.000,2.000,200000,6.924,0.000,18.000,9.026,12.802,21208,139672,21206,98,49,128,55,0,0,0,0,8,1008.073,12.740,12.397,0.253,3.678,0.155,0.444,0.296,2.654,0.148,0.380,1.329,3.058,0.221,0.000,0.000,0.000,0.000,0.000,0.000,0.000,0.000,0.000,0.000,0.000,0.000,0.000,0.000,0.000,0.000,0,0,3.099,3.834,1.710,0.000,18
Data-Oriented CPU ROAM,RelWithDebInfo,OpenGL,NVIDIA GeForce RTX 5090 D/PCIe/SSE2,4.3.0 NVIDIA 591.86,false,assets/heightmaps/Hm_Terrain_Test_129.pgm,129,129,80.000,12.000,20,4.000,2.000,200000,6.937,0.000,18.000,8.958,13.279,21176,139916,21174,126,65,158,69,0,0,0,0,8,134.751,11.925,11.593,0.258,3.216,0.159,0.421,0.221,2.581,0.168,0.382,1.551,2.635,0.220,0.000,0.000,0.000,0.000,0.000,0.000,0.000,0.000,0.000,0.000,0.000,0.000,0.000,0.000,0.000,0.000,0,0,2.970,3.375,1.933,0.000,18
Data-Oriented CPU ROAM,RelWithDebInfo,OpenGL,NVIDIA GeForce RTX 5090 D/PCIe/SSE2,4.3.0 NVIDIA 591.86,false,assets/heightmaps/Hm_Terrain_Test_129.pgm,129,129,80.000,12.000,20,4.000,2.000,200000,6.950,0.000,18.000,8.895,12.433,21139,140202,21137,143,71,180,84,0,0,0,0,8,131.122,12.257,11.913,0.203,3.374,0.173,0.393,0.379,3.043,0.191,0.375,1.230,2.553,0.213,0.000,0.000,0.000,0.000,0.000,0.000,0.000,0.000,0.000,0.000,0.000,0.000,0.000,0.000,0.000,0.000,0,0,3.613,3.547,1.605,0.000,18
Data-Oriented CPU ROAM,RelWithDebInfo,OpenGL,NVIDIA GeForce RTX 5090 D/PCIe/SSE2,4.3.0 NVIDIA 591.86,false,assets/heightmaps/Hm_Terrain_Test_129.pgm,129,129,80.000,12.000,20,4.000,2.000,200000,6.962,0.000,18.000,8.830,12.776,21156,140464,21154,131,65,114,77,0,0,0,0,8,0.000,11.575,11.236,0.268,3.432,0.133,0.393,0.290,2.458,0.182,0.381,1.239,2.459,0.209,0.000,0.000,0.000,0.000,0.000,0.000,0.000,0.000,0.000,0.000,0.000,0.000,0.000,0.000,0.000,0.000,0,0,2.930,3.566,1.620,0.000,18
Data-Oriented CPU ROAM,RelWithDebInfo,OpenGL,NVIDIA GeForce RTX 5090 D/PCIe/SSE2,4.3.0 NVIDIA 591.86,false,assets/heightmaps/Hm_Terrain_Test_129.pgm,129,129,80.000,12.000,20,4.000,2.000,200000,6.975,0.000,18.000,8.769,12.091,21128,140652,21126,104,57,132,52,0,0,0,0,8,273.823,17.482,17.116,0.217,3.622,0.167,0.409,0.532,3.625,0.241,0.993,2.625,4.683,0.194,0.000,0.000,0.000,0.000,0.000,0.000,0.000,0.000,0.000,0.000,0.000,0.000,0.000,0.000,0.000,0.000,0,0,4.399,3.789,3.619,0.000,18
Data-Oriented CPU ROAM,RelWithDebInfo,OpenGL,NVIDIA GeForce RTX 5090 D/PCIe/SSE2,4.3.0 NVIDIA 591.86,false,assets/heightmaps/Hm_Terrain_Test_129.pgm,129,129,80.000,12.000,20,4.000,2.000,200000,6.993,0.000,18.000,8.677,18.111,21141,140968,21139,160,81,147,89,0,0,0,0,8,0.000,13.821,13.414,0.177,4.451,0.246,0.815,0.413,3.026,0.207,0.411,1.477,2.192,0.254,0.000,0.000,0.000,0.000,0.000,0.000,0.000,0.000,0.000,0.000,0.000,0.000,0.000,0.000,0.000,0.000,0,0,3.646,4.696,1.888,0.000,18
Data-Oriented CPU ROAM,RelWithDebInfo,OpenGL,NVIDIA GeForce RTX 5090 D/PCIe/SSE2,4.3.0 NVIDIA 591.86,false,assets/heightmaps/Hm_Terrain_Test_129.pgm,129,129,80.000,12.000,20,4.000,2.000,200000,7.007,0.000,18.000,8.604,14.526,21145,141224,21143,128,64,124,72,0,0,0,0,8,87.923,18.345,17.765,0.941,5.215,0.209,0.816,0.361,2.678,0.188,0.402,1.355,5.601,0.414,0.000,0.000,0.000,0.000,0.000,0.000,0.000,0.000,0.000,0.000,0.000,0.000,0.000,0.000,0.000,0.000,0,0,3.226,5.424,1.757,0.000,18
Data-Oriented CPU ROAM,RelWithDebInfo,OpenGL,NVIDIA GeForce RTX 5090 D/PCIe/SSE2,4.3.0 NVIDIA 591.86,false,assets/heightmaps/Hm_Terrain_Test_129.pgm,129,129,80.000,12.000,20,4.000,2.000,200000,7.027,0.000,18.000,8.506,19.423,21107,141632,21105,204,102,242,125,0,0,0,0,8,793.837,16.124,15.742,0.596,4.310,0.317,0.731,0.373,3.318,0.294,0.406,1.425,3.973,0.238,0.000,0.000,0.000,0.000,0.000,0.000,0.000,0.000,0.000,0.000,0.000,0.000,0.000,0.000,0.000,0.000,0,0,3.985,4.627,1.831,0.000,18
Data-Oriented CPU ROAM,RelWithDebInfo,OpenGL,NVIDIA GeForce RTX 5090 D/PCIe/SSE2,4.3.0 NVIDIA 591.86,false,assets/heightmaps/Hm_Terrain_Test_129.pgm,129,129,80.000,12.000,20,4.000,2.000,200000,7.043,0.000,18.000,8.422,16.792,21056,141940,21054,154,77,205,88,0,0,0,0,8,86.704,18.577,18.017,0.303,5.095,0.297,0.561,0.299,2.988,0.232,0.637,1.774,5.832,0.383,0.000,0.000,0.000,0.000,0.000,0.000,0.000,0.000,0.000,0.000,0.000,0.000,0.000,0.000,0.000,0.000,0,0,3.519,5.391,2.411,0.000,18
Data-Oriented CPU ROAM,RelWithDebInfo,OpenGL,NVIDIA GeForce RTX 5090 D/PCIe/SSE2,4.3.0 NVIDIA 591.86,false,assets/heightmaps/Hm_Terrain_Test_129.pgm,129,129,80.000,12.000,20,4.000,2.000,200000,7.063,0.000,18.000,8.326,19.354,20990,142336,20988,202,103,268,120,0,0,0,0,8,224.045,14.274,13.945,0.581,4.213,0.322,0.461,0.405,3.183,0.295,0.386,1.279,2.821,0.207,0.000,0.000,0.000,0.000,0.000,0.000,0.000,0.000,0.000,0.000,0.000,0.000,0.000,0.000,0.000,0.000,0,0,3.883,4.534,1.665,0.000,18
Data-Oriented CPU ROAM,RelWithDebInfo,OpenGL,NVIDIA GeForce RTX 5090 D/PCIe/SSE2,4.3.0 NVIDIA 591.86,false,assets/heightmaps/Hm_Terrain_Test_129.pgm,129,129,80.000,12.000,20,4.000,2.000,200000,7.078,0.000,18.000,8.252,14.880,20970,142652,20968,158,79,178,87,0,0,0,0,8,477.351,13.429,13.090,0.235,3.588,0.191,0.419,0.516,3.146,0.214,0.384,1.314,3.084,0.220,0.000,0.000,0.000,0.000,0.000,0.000,0.000,0.000,0.000,0.000,0.000,0.000,0.000,0.000,0.000,0.000,0,0,3.876,3.778,1.697,0.000,18
Data-Oriented CPU ROAM,RelWithDebInfo,OpenGL,NVIDIA GeForce RTX 5090 D/PCIe/SSE2,4.3.0 NVIDIA 591.86,false,assets/heightmaps/Hm_Terrain_Test_129.pgm,129,129,80.000,12.000,20,4.000,2.000,200000,7.092,0.000,18.000,8.183,13.966,20984,142940,20982,148,76,134,84,0,0,0,0,8,1058.551,12.126,11.806,0.211,3.510,0.163,0.428,0.375,2.752,0.201,0.376,1.394,2.395,0.201,0.000,0.000,0.000,0.000,0.000,0.000,0.000,0.000,0.000,0.000,0.000,0.000,0.000,0.000,0.000,0.000,0,0,3.329,3.672,1.769,0.000,18
Data-Oriented CPU ROAM,RelWithDebInfo,OpenGL,NVIDIA GeForce RTX 5090 D/PCIe/SSE2,4.3.0 NVIDIA 591.86,false,assets/heightmaps/Hm_Terrain_Test_129.pgm,129,129,80.000,12.000,20,4.000,2.000,200000,7.104,0.000,18.000,8.120,12.645,20986,143124,20984,92,46,90,54,0,0,0,0,8,0.000,12.183,11.860,0.176,3.267,0.119,0.412,0.219,2.645,0.133,0.376,1.898,2.614,0.202,0.000,0.000,0.000,0.000,0.000,0.000,0.000,0.000,0.000,0.000,0.000,0.000,0.000,0.000,0.000,0.000,0,0,2.998,3.386,2.274,0.000,18
Data-Oriented CPU ROAM,RelWithDebInfo,OpenGL,NVIDIA GeForce RTX 5090 D/PCIe/SSE2,4.3.0 NVIDIA 591.86,false,assets/heightmaps/Hm_Terrain_Test_129.pgm,129,129,80.000,12.000,20,4.000,2.000,200000,7.117,0.000,18.000,8.058,12.694,20996,143340,20994,108,54,98,63,0,0,0,0,8,0.000,11.504,11.170,0.186,2.956,0.120,0.415,0.266,2.661,0.152,0.377,1.253,2.783,0.213,0.000,0.000,0.000,0.000,0.000,0.000,0.000,0.000,0.000,0.000,0.000,0.000,0.000,0.000,0.000,0.000,0,0,3.079,3.077,1.631,0.000,18
Data-Oriented CPU ROAM,RelWithDebInfo,OpenGL,NVIDIA GeForce RTX 5090 D/PCIe/SSE2,4.3.0 NVIDIA 591.86,false,assets/heightmaps/Hm_Terrain_Test_129.pgm,129,129,80.000,12.000,20,4.000,2.000,200000,7.129,0.000,18.000,7.998,12.054,21004,143528,21002,94,47,86,54,0,0,0,0,8,101.265,15.796,15.427,0.255,3.431,0.125,0.409,0.394,3.289,0.342,0.402,2.830,3.951,0.238,0.000,0.000,0.000,0.000,0.000,0.000,0.000,0.000,0.000,0.000,0.000,0.000,0.000,0.000,0.000,0.000,0,0,4.024,3.556,3.232,0.000,18
Data-Oriented CPU ROAM,RelWithDebInfo,OpenGL,NVIDIA GeForce RTX 5090 D/PCIe/SSE2,4.3.0 NVIDIA 591.86,false,assets/heightmaps/Hm_Terrain_Test_129.pgm,129,129,80.000,12.000,20,4.000,2.000,200000,7.145,0.000,18.000,7.918,16.386,20950,143808,20948,140,70,194,82,0,0,0,0,8,114.496,13.972,13.643,0.297,3.963,0.239,0.416,0.380,2.773,0.211,0.378,1.434,3.551,0.213,0.000,0.000,0.000,0.000,0.000,0.000,0.000,0.000,0.000,0.000,0.000,0.000,0.000,0.000,0.000,0.000,0,0,3.365,4.202,1.812,0.000,18
Data-Oriented CPU ROAM,RelWithDebInfo,OpenGL,NVIDIA GeForce RTX 5090 D/PCIe/SSE2,4.3.0 NVIDIA 591.86,false,assets/heightmaps/Hm_Terrain_Test_129.pgm,129,129,80.000,12.000,20,4.000,2.000,200000,7.160,0.000,18.000,7.847,14.531,20972,144112,20970,152,76,130,94,0,0,0,0,8,130.719,12.277,11.950,0.252,3.649,0.165,0.438,0.374,2.651,0.200,0.374,1.303,2.543,0.209,0.000,0.000,0.000,0.000,0.000,0.000,0.000,0.000,0.000,0.000,0.000,0.000,0.000,0.000,0.000,0.000,0,0,3.226,3.814,1.677,0.000,18
Data-Oriented CPU ROAM,RelWithDebInfo,OpenGL,NVIDIA GeForce RTX 5090 D/PCIe/SSE2,4.3.0 NVIDIA 591.86,false,assets/heightmaps/Hm_Terrain_Test_129.pgm,129,129,80.000,12.000,20,4.000,2.000,200000,7.173,0.000,18.000,7.784,12.838,20928,144296,20926,92,46,136,55,0,0,0,0,8,135.349,11.869,11.542,0.194,3.413,0.153,0.411,0.213,2.949,0.131,0.370,1.220,2.487,0.203,0.000,0.000,0.000,0.000,0.000,0.000,0.000,0.000,0.000,0.000,0.000,0.000,0.000,0.000,0.000,0.000,0,0,3.294,3.566,1.590,0.000,18
Data-Oriented CPU ROAM,RelWithDebInfo,OpenGL,NVIDIA GeForce RTX 5090 D/PCIe/SSE2,4.3.0 NVIDIA 591.86,false,assets/heightmaps/Hm_Terrain_Test_129.pgm,129,129,80.000,12.000,20,4.000,2.000,200000,7.185,0.000,18.000,7.724,12.372,20890,144528,20888,116,58,154,62,0,0,0,0,8,139.772,11.516,11.176,0.224,3.232,0.177,0.395,0.618,2.392,0.167,0.372,1.201,2.398,0.212,0.000,0.000,0.000,0.000,0.000,0.000,0.000,0.000,0.000,0.000,0.000,0.000,0.000,0.000,0.000,0.000,0,0,3.177,3.409,1.574,0.000,18
Data-Oriented CPU ROAM,RelWithDebInfo,OpenGL,NVIDIA GeForce RTX 5090 D/PCIe/SSE2,4.3.0 NVIDIA 591.86,false,assets/heightmaps/Hm_Terrain_Test_129.pgm,129,129,80.000,12.000,20,4.000,2.000,200000,7.197,0.000,18.000,7.666,12.031,20834,144726,20832,99,49,155,55,0,0,0,0,8,0.000,13.434,13.089,0.260,3.309,0.174,0.395,0.401,3.147,0.184,0.449,1.386,3.384,0.220,0.000,0.000,0.000,0.000,0.000,0.000,0.000,0.000,0.000,0.000,0.000,0.000,0.000,0.000,0.000,0.000,0,0,3.732,3.483,1.835,0.000,18
Data-Oriented CPU ROAM,RelWithDebInfo,OpenGL,NVIDIA GeForce RTX 5090 D/PCIe/SSE2,4.3.0 NVIDIA 591.86,false,assets/heightmaps/Hm_Terrain_Test_129.pgm,129,129,80.000,12.000,20,4.000,2.000,200000,7.211,0.000,18.000,7.598,14.002,20787,144980,20785,127,63,174,72,0,0,0,0,8,0.000,11.839,11.523,0.219,3.198,0.216,0.398,0.403,2.879,0.193,0.372,1.334,2.312,0.198,0.000,0.000,0.000,0.000,0.000,0.000,0.000,0.000,0.000,0.000,0.000,0.000,0.000,0.000,0.000,0.000,0,0,3.475,3.414,1.706,0.000,18
Data-Oriented CPU ROAM,RelWithDebInfo,OpenGL,NVIDIA GeForce RTX 5090 D/PCIe/SSE2,4.3.0 NVIDIA 591.86,false,assets/heightmaps/Hm_Terrain_Test_129.pgm,129,129,80.000,12.000,20,4.000,2.000,200000,7.223,0.000,18.000,7.539,12.364,20874,145292,20872,156,78,69,95,0,0,0,0,8,130.154,12.312,12.003,0.177,3.422,0.097,0.413,0.375,3.353,0.216,0.369,1.224,2.355,0.191,0.000,0.000,0.000,0.000,0.000,0.000,0.000,0.000,0.000,0.000,0.000,0.000,0.000,0.000,0.000,0.000,0,0,3.944,3.520,1.594,0.000,18
Data-Oriented CPU ROAM,RelWithDebInfo,OpenGL,NVIDIA GeForce RTX 5090 D/PCIe/SSE2,4.3.0 NVIDIA 591.86,false,assets/heightmaps/Hm_Terrain_Test_129.pgm,129,129,80.000,12.000,20,4.000,2.000,200000,7.236,0.000,18.000,7.477,12.826,20890,145524,20888,116,58,100,68,0,0,0,0,8,260.834,12.306,11.978,0.181,3.174,0.132,0.403,0.251,2.955,0.163,0.368,1.739,2.611,0.203,0.000,0.000,0.000,0.000,0.000,0.000,0.000,0.000,0.000,0.000,0.000,0.000,0.000,0.000,0.000,0.000,0,0,3.369,3.306,2.108,0.000,18
Data-Oriented CPU ROAM,RelWithDebInfo,OpenGL,NVIDIA GeForce RTX 5090 D/PCIe/SSE2,4.3.0 NVIDIA 591.86,false,assets/heightmaps/Hm_Terrain_Test_129.pgm,129,129,80.000,12.000,20,4.000,2.000,200000,7.249,0.000,18.000,7.415,12.824,20891,145716,20889,96,48,95,56,0,0,0,0,8,133.203,12.038,11.728,0.216,3.265,0.132,0.392,0.379,2.907,0.147,0.372,1.237,2.679,0.198,0.000,0.000,0.000,0.000,0.000,0.000,0.000,0.000,0.000,0.000,0.000,0.000,0.000,0.000,0.000,0.000,0,0,3.433,3.398,1.609,0.000,18
Data-Oriented CPU ROAM,RelWithDebInfo,OpenGL,NVIDIA GeForce RTX 5090 D/PCIe/SSE2,4.3.0 NVIDIA 591.86,false,assets/heightmaps/Hm_Terrain_Test_129.pgm,129,129,80.000,12.000,20,4.000,2.000,200000,7.262,0.000,18.000,7.355,12.544,20869,145880,20867,82,41,104,48,0,0,0,0,8,136.841,11.745,11.416,0.244,3.427,0.128,0.377,0.411,2.511,0.118,0.375,1.678,2.145,0.211,0.000,0.000,0.000,0.000,0.000,0.000,0.000,0.000,0.000,0.000,0.000,0.000,0.000,0.000,0.000,0.000,0,0,3.040,3.556,2.054,0.000,18
Data-Oriented CPU ROAM,RelWithDebInfo,OpenGL,NVIDIA GeForce RTX 5090 D/PCIe/SSE2,4.3.0 NVIDIA 591.86,false,assets/heightmaps/Hm_Terrain_Test_129.pgm,129,129,80.000,12.000,20,4.000,2.000,200000,7.274,0.000,18.000,7.297,12.272,20875,146128,20873,124,62,118,79,0,0,0,0,8,0.000,11.375,11.074,0.203,3.267,0.130,0.380,0.398,2.362,0.168,0.372,1.612,2.182,0.194,0.000,0.000,0.000,0.000,0.000,0.000,0.000,0.000,0.000,0.000,0.000,0.000,0.000,0.000,0.000,0.000,0,0,2.928,3.397,1.985,0.000,18
Data-Oriented CPU ROAM,RelWithDebInfo,OpenGL,NVIDIA GeForce RTX 5090 D/PCIe/SSE2,4.3.0 NVIDIA 591.86,false,assets/heightmaps/Hm_Terrain_Test_129.pgm,129,129,80.000,12.000,20,4.000,2.000,200000,7.286,0.000,18.000,7.241,11.852,20803,146276,20801,74,37,146,48,0,0,0,0,8,121.097,13.249,12.900,0.181,3.377,0.168,0.399,0.373,2.853,0.096,0.375,1.920,3.158,0.225,0.000,0.000,0.000,0.000,0.000,0.000,0.000,0.000,0.000,0.000,0.000,0.000,0.000,0.000,0.000,0.000,0,0,3.322,3.545,2.295,0.000,18
Data-Oriented CPU ROAM,RelWithDebInfo,OpenGL,NVIDIA GeForce RTX 5090 D/PCIe/SSE2,4.3.0 NVIDIA 591.86,false,assets/heightmaps/Hm_Terrain_Test_129.pgm,129,129,80.000,12.000,20,4.000,2.000,200000,7.300,0.000,18.000,7.175,13.788,20747,146480,20745,102,51,158,57,0,0,0,0,8,133.906,11.980,11.666,0.226,3.675,0.197,0.430,0.369,2.701,0.152,0.372,1.315,2.229,0.193,0.000,0.000,0.000,0.000,0.000,0.000,0.000,0.000,0.000,0.000,0.000,0.000,0.000,0.000,0.000,0.000,0,0,3.223,3.872,1.687,0.000,18
Data-Oriented CPU ROAM,RelWithDebInfo,OpenGL,NVIDIA GeForce RTX 5090 D/PCIe/SSE2,4.3.0 NVIDIA 591.86,false,assets/heightmaps/Hm_Terrain_Test_129.pgm,129,129,80.000,12.000,20,4.000,2.000,200000,7.312,0.000,18.000,7.116,12.469,20735,146712,20733,116,58,128,64,0,0,0,0,8,132.583,12.132,11.782,0.201,3.199,0.151,0.399,0.373,2.816,0.162,0.373,1.236,2.874,0.224,0.000,0.000,0.000,0.000,0.000,0.000,0.000,0.000,0.000,0.000,0.000,0.000,0.000,0.000,0.000,0.000,0,0,3.350,3.350,1.609,0.000,18
Data-Oriented CPU ROAM,RelWithDebInfo,OpenGL,NVIDIA GeForce RTX 5090 D/PCIe/SSE2,4.3.0 NVIDIA 591.86,false,assets/heightmaps/Hm_Terrain_Test_129.pgm,129,129,80.000,12.000,20,4.000,2.000,200000,7.325,0.000,18.000,7.056,12.741,20693,146984,20691,136,68,178,73,0,0,0,0,8,137.355,11.691,11.373,0.288,3.305,0.191,0.378,0.393,3.005,0.193,0.366,1.177,2.076,0.198,0.000,0.000,0.000,0.000,0.000,0.000,0.000,0.000,0.000,0.000,0.000,0.000,0.000,0.000,0.000,0.000,0,0,3.591,3.496,1.543,0.000,18
Data-Oriented CPU ROAM,RelWithDebInfo,OpenGL,NVIDIA GeForce RTX 5090 D/PCIe/SSE2,4.3.0 NVIDIA 591.86,false,assets/heightmaps/Hm_Terrain_Test_129.pgm,129,129,80.000,12.000,20,4.000,2.000,200000,7.337,0.000,18.000,6.999,12.254,20719,147196,20717,106,53,80,59,0,0,0,0,8,0.000,10.864,10.583,0.226,2.879,0.095,0.364,0.392,2.937,0.139,0.368,1.194,1.990,0.172,0.000,0.000,0.000,0.000,0.000,0.000,0.000,0.000,0.000,0.000,0.000,0.000,0.000,0.000,0.000,0.000,0,0,3.468,2.974,1.562,0.000,18
Data-Oriented CPU ROAM,RelWithDebInfo,OpenGL,NVIDIA GeForce RTX 5090 D/PCIe/SSE2,4.3.0 NVIDIA 591.86,false,assets/heightmaps/Hm_Terrain_Test_129.pgm,129,129,80.000,12.000,20,4.000,2.000,200000,7.348,0.000,18.000,6.946,11.319,20681,147392,20679,98,49,136,64,0,0,0,0,8,155.335,10.351,10.057,0.162,2.982,0.142,0.378,0.369,2.539,0.126,0.367,1.157,1.836,0.182,0.000,0.000,0.000,0.000,0.000,0.000,0.000,0.000,0.000,0.000,0.000,0.000,0.000,0.000,0.000,0.000,0,0,3.033,3.124,1.524,0.000,18
Data-Oriented CPU ROAM,RelWithDebInfo,OpenGL,NVIDIA GeForce RTX 5090 D/PCIe/SSE2,4.3.0 NVIDIA 591.86,false,assets/heightmaps/Hm_Terrain_Test_129.pgm,129,129,80.000,12.000,20,4.000,2.000,200000,7.359,0.000,18.000,6.896,10.785,20709,147600,20707,120,68,92,60,0,0,0,0,8,154.853,10.355,10.088,0.182,2.984,0.101,0.374,0.373,2.727,0.149,0.376,1.197,1.626,0.157,0.000,0.000,0.000,0.000,0.000,0.000,0.000,0.000,0.000,0.000,0.000,0.000,0.000,0.000,0.000,0.000,0,0,3.249,3.085,1.573,0.000,18
Data-Oriented CPU ROAM,RelWithDebInfo,OpenGL,NVIDIA GeForce RTX 5090 D/PCIe/SSE2,4.3.0 NVIDIA 591.86,false,assets/heightmaps/Hm_Terrain_Test_129.pgm,129,129,80.000,12.000,20,4.000,2.000,200000,7.370,0.000,18.000,6.845,10.745,20739,147804,20737,102,51,72,57,0,0,0,0,8,0.000,11.777,11.464,0.157,3.170,0.088,0.382,0.377,3.279,0.133,0.372,1.217,2.286,0.197,0.000,0.000,0.000,0.000,0.000,0.000,0.000,0.000,0.000,0.000,0.000,0.000,0.000,0.000,0.000,0.000,0,0,3.790,3.259,1.589,0.000,18
Data-Oriented CPU ROAM,RelWithDebInfo,OpenGL,NVIDIA GeForce RTX 5090 D/PCIe/SSE2,4.3.0 NVIDIA 591.86,false,assets/heightmaps/Hm_Terrain_Test_129.pgm,129,129,80.000,12.000,20,4.000,2.000,200000,7.382,0.000,18.000,6.789,12.211,20723,147984,20721,90,45,106,53,0,0,0,0,8,143.368,11.210,10.896,0.200,2.766,0.116,0.389,0.372,2.991,0.127,0.368,1.626,1.941,0.192,0.000,0.000,0.000,0.000,0.000,0.000,0.000,0.000,0.000,0.000,0.000,0.000,0.000,0.000,0.000,0.000,0,0,3.490,2.881,1.994,0.000,18
Data-Oriented CPU ROAM,RelWithDebInfo,OpenGL,NVIDIA GeForce RTX 5090 D/PCIe/SSE2,4.3.0 NVIDIA 591.86,false,assets/heightmaps/Hm_Terrain_Test_129.pgm,129,129,80.000,12.000,20,4.000,2.000,200000,7.394,0.000,18.000,6.735,11.684,20781,148252,20779,134,67,76,73,0,0,0,0,8,145.987,11.010,10.701,0.205,3.209,0.096,0.378,0.377,2.826,0.170,0.367,1.179,1.895,0.188,0.000,0.000,0.000,0.000,0.000,0.000,0.000,0.000,0.000,0.000,0.000,0.000,0.000,0.000,0.000,0.000,0,0,3.373,3.305,1.546,0.000,18
Data-Oriented CPU ROAM,RelWithDebInfo,OpenGL,NVIDIA GeForce RTX 5090 D/PCIe/SSE2,4.3.0 NVIDIA 591.86,false,assets/heightmaps/Hm_Terrain_Test_129.pgm,129,129,80.000,12.000,20,4.000,2.000,200000,7.405,0.000,18.000,6.682,11.467,20765,148420,20763,84,42,100,46,0,0,0,0,8,1188.721,10.829,10.514,0.180,2.950,0.125,0.373,0.388,2.278,0.170,0.446,1.358,2.246,0.195,0.000,0.000,0.000,0.000,0.000,0.000,0.000,0.000,0.000,0.000,0.000,0.000,0.000,0.000,0.000,0.000,0,0,2.836,3.075,1.804,0.000,18
Data-Oriented CPU ROAM,RelWithDebInfo,OpenGL,NVIDIA GeForce RTX 5090 D/PCIe/SSE2,4.3.0 NVIDIA 591.86,false,assets/heightmaps/Hm_Terrain_Test_129.pgm,129,129,80.000,12.000,20,4.000,2.000,200000,7.417,0.000,18.000,6.630,11.329,20659,148568,20657,74,37,180,49,0,0,0,0,8,0.000,10.850,10.526,0.205,3.303,0.162,0.401,0.292,2.344,0.151,0.605,1.176,1.887,0.215,0.000,0.000,0.000,0.000,0.000,0.000,0.000,0.000,0.000,0.000,0.000,0.000,0.000,0.000,0.000,0.000,0,0,2.788,3.465,1.781,0.000,18
Data-Oriented CPU ROAM,RelWithDebInfo,OpenGL,NVIDIA GeForce RTX 5090 D/PCIe/SSE2,4.3.0 NVIDIA 591.86,false,assets/heightmaps/Hm_Terrain_Test_129.pgm,129,129,80.000,12.000,20,4.000,2.000,200000,7.428,0.000,18.000,6.578,11.244,20639,148776,20637,104,52,124,60,0,0,0,0,8,569.523,11.273,10.972,0.184,3.130,0.129,0.362,0.206,3.155,0.136,0.375,1.258,2.038,0.184,0.000,0.000,0.000,0.000,0.000,0.000,0.000,0.000,0.000,0.000,0.000,0.000,0.000,0.000,0.000,0.000,0,0,3.497,3.259,1.633,0.000,18
Data-Oriented CPU ROAM,RelWithDebInfo,OpenGL,NVIDIA GeForce RTX 5090 D/PCIe/SSE2,4.3.0 NVIDIA 591.86,false,assets/heightmaps/Hm_Terrain_Test_129.pgm,129,129,80.000,12.000,20,4.000,2.000,200000,7.440,0.000,18.000,6.524,11.712,20619,148944,20617,84,42,104,51,0,0,0,0,8,406.256,11.829,11.536,0.185,3.365,0.122,0.386,0.383,2.924,0.116,0.363,1.815,1.877,0.182,0.000,0.000,0.000,0.000,0.000,0.000,0.000,0.000,0.000,0.000,0.000,0.000,0.000,0.000,0.000,0.000,0,0,3.422,3.487,2.178,0.000,18
Data-Oriented CPU ROAM,RelWithDebInfo,OpenGL,NVIDIA GeForce RTX 5090 D/PCIe/SSE2,4.3.0 NVIDIA 591.86,false,assets/heightmaps/Hm_Terrain_Test_129.pgm,129,129,80.000,12.000,20,4.000,2.000,200000,7.452,0.000,18.000,6.468,12.246,20548,149116,20546,86,43,157,44,0,0,0,0,8,1141.844,11.251,10.946,0.180,3.214,0.168,0.403,0.370,2.797,0.119,0.363,1.168,2.164,0.192,0.000,0.000,0.000,0.000,0.000,0.000,0.000,0.000,0.000,0.000,0.000,0.000,0.000,0.000,0.000,0.000,0,0,3.286,3.382,1.531,0.000,18
Data-Oriented CPU ROAM,RelWithDebInfo,OpenGL,NVIDIA GeForce RTX 5090 D/PCIe/SSE2,4.3.0 NVIDIA 591.86,false,assets/heightmaps/Hm_Terrain_Test_129.pgm,129,129,80.000,12.000,20,4.000,2.000,200000,7.463,0.000,18.000,6.415,11.682,20492,149312,20490,98,49,154,54,0,0,0,0,8,0.000,11.422,11.139,0.201,3.286,0.147,0.382,0.378,2.975,0.132,0.367,1.148,2.121,0.176,0.000,0.000,0.000,0.000,0.000,0.000,0.000,0.000,0.000,0.000,0.000,0.000,0.000,0.000,0.000,0.000,0,0,3.486,3.434,1.515,0.000,18
Data-Oriented CPU ROAM,RelWithDebInfo,OpenGL,NVIDIA GeForce RTX 5090 D/PCIe/SSE2,4.3.0 NVIDIA 591.86,false,assets/heightmaps/Hm_Terrain_Test_129.pgm,129,129,80.000,12.000,20,4.000,2.000,200000,7.475,0.000,18.000,6.361,11.870,20513,149534,20511,111,55,90,62,0,0,0,0,8,1187.152,10.820,10.527,0.193,3.033,0.108,0.373,0.383,2.737,0.166,0.365,1.168,2.002,0.183,0.000,0.000,0.000,0.000,0.000,0.000,0.000,0.000,0.000,0.000,0.000,0.000,0.000,0.000,0.000,0.000,0,0,3.286,3.140,1.533,0.000,18
Data-Oriented CPU ROAM,RelWithDebInfo,OpenGL,NVIDIA GeForce RTX 5090 D/PCIe/SSE2,4.3.0 NVIDIA 591.86,false,assets/heightmaps/Hm_Terrain_Test_129.pgm,129,129,80.000,12.000,20,4.000,2.000,200000,7.487,0.000,18.000,6.310,11.248,20467,149688,20465,79,40,125,47,0,0,0,0,8,433.895,11.110,10.802,0.180,3.338,0.134,0.382,0.366,2.824,0.109,0.363,1.162,1.945,0.196,0.000,0.000,0.000,0.000,0.000,0.000,0.000,0.000,0.000,0.000,0.000,0.000,0.000,0.000,0.000,0.000,0,0,3.298,3.472,1.525,0.000,18
Data-Oriented CPU ROAM,RelWithDebInfo,OpenGL,NVIDIA GeForce RTX 5090 D/PCIe/SSE2,4.3.0 NVIDIA 591.86,false,assets/heightmaps/Hm_Terrain_Test_129.pgm,129,129,80.000,12.000,20,4.000,2.000,200000,7.498,0.000,18.000,6.258,11.550,20479,149872,20477,92,46,80,54,0,0,0,0,8,148.753,10.776,10.502,0.173,3.013,0.090,0.381,0.373,2.971,0.120,0.363,1.279,1.738,0.173,0.000,0.000,0.000,0.000,0.000,0.000,0.000,0.000,0.000,0.000,0.000,0.000,0.000,0.000,0.000,0.000,0,0,3.465,3.103,1.642,0.000,18
Data-Oriented CPU ROAM,RelWithDebInfo,OpenGL,NVIDIA GeForce RTX 5090 D/PCIe/SSE2,4.3.0 NVIDIA 591.86,false,assets/heightmaps/Hm_Terrain_Test_129.pgm,129,129,80.000,12.000,20,4.000,2.000,200000,7.509,0.000,18.000,6.208,11.176,20465,150036,20463,82,41,96,48,0,0,0,0,8,0.000,11.860,11.559,0.157,2.947,0.115,0.370,0.380,3.224,0.157,0.522,1.726,1.962,0.196,0.000,0.000,0.000,0.000,0.000,0.000,0.000,0.000,0.000,0.000,0.000,0.000,0.000,0.000,0.000,0.000,0,0,3.760,3.062,2.249,0.000,18
Data-Oriented CPU ROAM,RelWithDebInfo,OpenGL,NVIDIA GeForce RTX 5090 D/PCIe/SSE2,4.3.0 NVIDIA 591.86,false,assets/heightmaps/Hm_Terrain_Test_129.pgm,129,129,80.000,12.000,20,4.000,2.000,200000,7.522,0.000,18.000,6.153,12.251,20488,150260,20486,112,56,89,66,0,0,0,0,8,675.863,11.851,11.558,0.193,3.378,0.105,0.383,0.368,3.017,0.152,0.361,1.190,2.410,0.190,0.000,0.000,0.000,0.000,0.000,0.000,0.000,0.000,0.000,0.000,0.000,0.000,0.000,0.000,0.000,0.000,0,0,3.537,3.483,1.551,0.000,18
Data-Oriented CPU ROAM,RelWithDebInfo,OpenGL,NVIDIA GeForce RTX 5090 D/PCIe/SSE2,4.3.0 NVIDIA 591.86,false,assets/heightmaps/Hm_Terrain_Test_129.pgm,129,129,80.000,12.000,20,4.000,2.000,200000,7.534,0.000,18.000,6.098,12.322,20495,150464,20493,102,51,95,59,0,0,0,0,8,423.871,11.345,11.057,0.209,2.733,0.111,0.410,0.370,2.925,0.155,0.381,1.680,2.083,0.187,0.000,0.000,0.000,0.000,0.000,0.000,0.000,0.000,0.000,0.000,0.000,0.000,0.000,0.000,0.000,0.000,0,0,3.450,2.845,2.061,0.000,18
Data-Oriented CPU ROAM,RelWithDebInfo,OpenGL,NVIDIA GeForce RTX 5090 D/PCIe/SSE2,4.3.0 NVIDIA 591.86,false,assets/heightmaps/Hm_Terrain_Test_129.pgm,129,129,80.000,12.000,20,4.000,2.000,200000,7.546,0.000,18.000,6.046,11.818,20461,150684,20459,110,55,144,65,0,0,0,0,8,140.539,11.378,11.116,0.206,3.257,0.157,0.377,0.344,3.223,0.155,0.365,1.199,1.834,0.161,0.000,0.000,0.000,0.000,0.000,0.000,0.000,0.000,0.000,0.000,0.000,0.000,0.000,0.000,0.000,0.000,0,0,3.722,3.414,1.564,0.000,18
Data-Oriented CPU ROAM,RelWithDebInfo,OpenGL,NVIDIA GeForce RTX 5090 D/PCIe/SSE2,4.3.0 NVIDIA 591.86,false,assets/heightmaps/Hm_Terrain_Test_129.pgm,129,129,80.000,12.000,20,4.000,2.000,200000,7.558,0.000,18.000,5.993,11.816,20473,150916,20471,116,58,104,65,0,0,0,0,8,0.000,10.670,10.381,0.170,3.282,0.121,0.378,0.199,2.383,0.154,0.366,1.166,2.162,0.190,0.000,0.000,0.000,0.000,0.000,0.000,0.000,0.000,0.000,0.000,0.000,0.000,0.000,0.000,0.000,0.000,0,0,2.736,3.403,1.532,0.000,18
Data-Oriented CPU ROAM,RelWithDebInfo,OpenGL,NVIDIA GeForce RTX 5090 D/PCIe/SSE2,4.3.0 NVIDIA 591.86,false,assets/heightmaps/Hm_Terrain_Test_129.pgm,129,129,80.000,12.000,20,4.000,2.000,200000,7.569,0.000,18.000,5.944,11.119,20445,151092,20443,88,44,116,48,0,0,0,0,8,838.543,11.470,11.179,0.181,3.510,0.133,0.380,0.376,2.789,0.128,0.366,1.224,2.092,0.184,0.000,0.000,0.000,0.000,0.000,0.000,0.000,0.000,0.000,0.000,0.000,0.000,0.000,0.000,0.000,0.000,0,0,3.293,3.643,1.590,0.000,18
Data-Oriented CPU ROAM,RelWithDebInfo,OpenGL,NVIDIA GeForce RTX 5090 D/PCIe/SSE2,4.3.0 NVIDIA 591.86,false,assets/heightmaps/Hm_Terrain_Test_129.pgm,129,129,80.000,12.000,20,4.000,2.000,200000,7.581,0.000,18.000,5.891,11.928,20400,151296,20398,102,51,147,58,0,0,0,0,8,964.668,11.648,11.336,0.201,3.335,0.153,0.389,0.368,2.850,0.145,0.372,1.245,2.278,0.200,0.000,0.000,0.000,0.000,0.000,0.000,0.000,0.000,0.000,0.000,0.000,0.000,0.000,0.000,0.000,0.000,0,0,3.362,3.489,1.617,0.000,18
Data-Oriented CPU ROAM,RelWithDebInfo,OpenGL,NVIDIA GeForce RTX 5090 D/PCIe/SSE2,4.3.0 NVIDIA 591.86,false,assets/heightmaps/Hm_Terrain_Test_129.pgm,129,129,80.000,12.000,20,4.000,2.000,200000,7.593,0.000,18.000,5.838,12.230,20298,151444,20296,74,37,176,45,0,0,0,0,8,138.280,11.604,11.297,0.208,3.286,0.188,0.389,0.369,2.979,0.109,0.362,1.241,2.166,0.192,0.000,0.000,0.000,0.000,0.000,0.000,0.000,0.000,0.000,0.000,0.000,0.000,0.000,0.000,0.000,0.000,0,0,3.457,3.475,1.602,0.000,18
Data-Oriented CPU ROAM,RelWithDebInfo,OpenGL,NVIDIA GeForce RTX 5090 D/PCIe/SSE2,4.3.0 NVIDIA 591.86,false,assets/heightmaps/Hm_Terrain_Test_129.pgm,129,129,80.000,12.000,20,4.000,2.000,200000,7.605,0.000,18.000,5.785,12.091,20214,151584,20212,70,35,154,38,0,0,0,0,8,131.367,12.201,11.893,0.197,3.507,0.172,0.397,0.365,2.832,0.117,0.361,1.471,2.474,0.194,0.000,0.000,0.000,0.000,0.000,0.000,0.000,0.000,0.000,0.000,0.000,0.000,0.000,0.000,0.000,0.000,0,0,3.314,3.679,1.832,0.000,18
Data-Oriented CPU ROAM,RelWithDebInfo,OpenGL,NVIDIA GeForce RTX 5090 D/PCIe/SSE2,4.3.0 NVIDIA 591.86,false,assets/heightmaps/Hm_Terrain_Test_129.pgm,129,129,80.000,12.000,20,4.000,2.000,200000,7.618,0.000,18.000,5.729,12.679,20240,151800,20238,114,60,88,64,0,0,0,0,8,0.000,10.920,10.603,0.199,3.275,0.107,0.390,0.284,2.630,0.152,0.356,1.146,2.064,0.209,0.000,0.000,0.000,0.000,0.000,0.000,0.000,0.000,0.000,0.000,0.000,0.000,0.000,0.000,0.000,0.000,0,0,3.065,3.382,1.502,0.000,18
Data-Oriented CPU ROAM,RelWithDebInfo,OpenGL,NVIDIA GeForce RTX 5090 D/PCIe/SSE2,4.3.0 NVIDIA 591.86,false,assets/heightmaps/Hm_Terrain_Test_129.pgm,129,129,80.000,12.000,20,4.000,2.000,200000,7.629,0.000,18.000,5.680,11.431,20258,151960,20256,80,40,62,43,0,0,0,0,8,128.618,12.478,12.146,0.219,3.250,0.092,0.386,0.365,3.038,0.118,0.372,1.352,2.953,0.215,0.000,0.000,0.000,0.000,0.000,0.000,0.000,0.000,0.000,0.000,0.000,0.000,0.000,0.000,0.000,0.000,0,0,3.521,3.343,1.724,0.000,18
Data-Oriented CPU ROAM,RelWithDebInfo,OpenGL,NVIDIA GeForce RTX 5090 D/PCIe/SSE2,4.3.0 NVIDIA 591.86,false,assets/heightmaps/Hm_Terrain_Test_129.pgm,129,129,80.000,12.000,20,4.000,2.000,200000,7.642,0.000,18.000,5.623,13.036,20276,152192,20274,118,60,100,65,0,0,0,0,8,133.958,11.945,11.661,0.285,3.108,0.142,0.407,0.233,3.076,0.167,0.368,1.211,2.664,0.177,0.000,0.000,0.000,0.000,0.000,0.000,0.000,0.000,0.000,0.000,0.000,0.000,0.000,0.000,0.000,0.000,0,0,3.476,3.250,1.579,0.000,18
Data-Oriented CPU ROAM,RelWithDebInfo,OpenGL,NVIDIA GeForce RTX 5090 D/PCIe/SSE2,4.3.0 NVIDIA 591.86,false,assets/heightmaps/Hm_Terrain_Test_129.pgm,129,129,80.000,12.000,20,4.000,2.000,200000,7.654,0.000,18.000,5.569,12.470,20278,152392,20276,100,50,98,63,0,0,0,0,8,289.784,11.080,10.781,0.186,3.426,0.111,0.382,0.224,2.555,0.129,0.363,1.410,1.996,0.185,0.000,0.000,0.000,0.000,0.000,0.000,0.000,0.000,0.000,0.000,0.000,0.000,0.000,0.000,0.000,0.000,0,0,2.908,3.537,1.773,0.000,18
Data-Oriented CPU ROAM,RelWithDebInfo,OpenGL,NVIDIA GeForce RTX 5090 D/PCIe/SSE2,4.3.0 NVIDIA 591.86,false,assets/heightmaps/Hm_Terrain_Test_129.pgm,129,129,80.000,12.000,20,4.000,2.000,200000,7.666,0.000,18.000,5.520,11.521,20294,152596,20292,102,51,86,58,0,0,0,0,8,0.000,10.884,10.606,0.170,3.130,0.100,0.393,0.374,2.866,0.141,0.361,1.142,1.928,0.169,0.000,0.000,0.000,0.000,0.000,0.000,0.000,0.000,0.000,0.000,0.000,0.000,0.000,0.000,0.000,0.000,0,0,3.381,3.230,1.503,0.000,18
Data-Oriented CPU ROAM,RelWithDebInfo,OpenGL,NVIDIA GeForce RTX 5090 D/PCIe/SSE2,4.3.0 NVIDIA 591.86,false,assets/heightmaps/Hm_Terrain_Test_129.pgm,129,129,80.000,12.000,20,4.000,2.000,200000,7.677,0.000,18.000,5.471,11.355,20216,152732,20214,68,34,146,38,0,0,0,0,8,406.467,11.812,11.531,0.189,3.411,0.148,0.369,0.202,3.033,0.102,0.368,1.645,2.062,0.176,0.000,0.000,0.000,0.000,0.000,0.000,0.000,0.000,0.000,0.000,0.000,0.000,0.000,0.000,0.000,0.000,0,0,3.338,3.559,2.014,0.000,18
Data-Oriented CPU ROAM,RelWithDebInfo,OpenGL,NVIDIA GeForce RTX 5090 D/PCIe/SSE2,4.3.0 NVIDIA 591.86,false,assets/heightmaps/Hm_Terrain_Test_129.pgm,129,129,80.000,12.000,20,4.000,2.000,200000,7.690,0.000,18.000,5.419,12.260,20218,152924,20216,96,48,94,58,0,0,0,0,8,418.564,11.512,11.197,0.167,3.299,0.119,0.395,0.382,2.933,0.148,0.361,1.309,2.085,0.193,0.000,0.000,0.000,0.000,0.000,0.000,0.000,0.000,0.000,0.000,0.000,0.000,0.000,0.000,0.000,0.000,0,0,3.463,3.418,1.670,0.000,18
Data-Oriented CPU ROAM,RelWithDebInfo,OpenGL,NVIDIA GeForce RTX 5090 D/PCIe/SSE2,4.3.0 NVIDIA 591.86,false,assets/heightmaps/Hm_Terrain_Test_129.pgm,129,129,80.000,12.000,20,4.000,2.000,200000,7.702,0.000,18.000,5.368,11.966,20208,153172,20206,124,62,134,68,0,0,0,0,8,137.081,11.704,11.396,0.182,3.336,0.132,0.395,0.373,3.125,0.163,0.358,1.160,2.174,0.197,0.000,0.000,0.000,0.000,0.000,0.000,0.000,0.000,0.000,0.000,0.000,0.000,0.000,0.000,0.000,0.000,0,0,3.660,3.467,1.518,0.000,18
Data-Oriented CPU ROAM,RelWithDebInfo,OpenGL,NVIDIA GeForce RTX 5090 D/PCIe/SSE2,4.3.0 NVIDIA 591.86,false,assets/heightmaps/Hm_Terrain_Test_129.pgm,129,129,80.000,12.000,20,4.000,2.000,200000,7.714,0.000,18.000,5.316,12.153,20202,153336,20200,82,41,88,52,0,0,0,0,8,0.000,11.506,11.212,0.200,3.197,0.099,0.373,0.376,2.806,0.114,0.362,1.679,2.006,0.178,0.000,0.000,0.000,0.000,0.000,0.000,0.000,0.000,0.000,0.000,0.000,0.000,0.000,0.000,0.000,0.000,0,0,3.297,3.296,2.040,0.000,18
Data-Oriented CPU ROAM,RelWithDebInfo,OpenGL,NVIDIA GeForce RTX 5090 D/PCIe/SSE2,4.3.0 NVIDIA 591.86,false,assets/heightmaps/Hm_Terrain_Test_129.pgm,129,129,80.000,12.000,20,4.000,2.000,200000,7.726,0.000,18.000,5.266,11.957,20140,153508,20138,86,43,148,48,0,0,0,0,8,135.845,11.782,11.500,0.210,3.187,0.160,0.364,0.360,3.528,0.119,0.359,1.163,2.049,0.174,0.000,0.000,0.000,0.000,0.000,0.000,0.000,0.000,0.000,0.000,0.000,0.000,0.000,0.000,0.000,0.000,0,0,4.007,3.348,1.521,0.000,18
Data-Oriented CPU ROAM,RelWithDebInfo,OpenGL,NVIDIA GeForce RTX 5090 D/PCIe/SSE2,4.3.0 NVIDIA 591.86,false,assets/heightmaps/Hm_Terrain_Test_129.pgm,129,129,80.000,12.000,20,4.000,2.000,200000,7.738,0.000,18.000,5.214,12.218,20066,153672,20064,82,41,156,49,0,0,0,0,8,141.532,11.337,11.038,0.180,3.200,0.152,0.367,0.356,3.080,0.115,0.358,1.154,2.076,0.188,0.000,0.000,0.000,0.000,0.000,0.000,0.000,0.000,0.000,0.000,0.000,0.000,0.000,0.000,0.000,0.000,0,0,3.550,3.352,1.513,0.000,18
Data-Oriented CPU ROAM,RelWithDebInfo,OpenGL,NVIDIA GeForce RTX 5090 D/PCIe/SSE2,4.3.0 NVIDIA 591.86,false,assets/heightmaps/Hm_Terrain_Test_129.pgm,129,129,80.000,12.000,20,4.000,2.000,200000,7.750,0.000,18.000,5.165,11.781,19990,153816,19988,72,36,148,37,0,0,0,0,8,145.679,11.028,10.724,0.179,3.195,0.139,0.379,0.202,2.752,0.104,0.357,1.156,2.261,0.200,0.000,0.000,0.000,0.000,0.000,0.000,0.000,0.000,0.000,0.000,0.000,0.000,0.000,0.000,0.000,0.000,0,0,3.058,3.334,1.514,0.000,18
Data-Oriented CPU ROAM,RelWithDebInfo,OpenGL,NVIDIA GeForce RTX 5090 D/PCIe/SSE2,4.3.0 NVIDIA 591.86,false,assets/heightmaps/Hm_Terrain_Test_129.pgm,129,129,80.000,12.000,20,4.000,2.000,200000,7.761,0.000,18.000,5.117,11.536,20007,153978,20005,81,40,64,49,0,0,0,0,8,0.000,10.986,10.674,0.211,3.013,0.090,0.365,0.389,2.612,0.115,0.362,1.218,2.299,0.207,0.000,0.000,0.000,0.000,0.000,0.000,0.000,0.000,0.000,0.000,0.000,0.000,0.000,0.000,0.000,0.000,0,0,3.116,3.103,1.581,0.000,18
Data-Oriented CPU ROAM,RelWithDebInfo,OpenGL,NVIDIA GeForce RTX 5090 D/PCIe/SSE2,4.3.0 NVIDIA 591.86,false,assets/heightmaps/Hm_Terrain_Test_129.pgm,129,129,80.000,12.000,20,4.000,2.000,200000,7.773,0.000,18.000,5.069,11.523,19978,154072,19976,47,23,76,28,0,0,0,0,8,0.000,11.901,11.517,0.213,3.286,0.099,0.378,0.366,2.881,0.075,0.356,1.172,2.688,0.261,0.000,0.000,0.000,0.000,0.000,0.000,0.000,0.000,0.000,0.000,0.000,0.000,0.000,0.000,0.000,0.000,0,0,3.323,3.386,1.528,0.000,18
Data-Oriented CPU ROAM,RelWithDebInfo,OpenGL,NVIDIA GeForce RTX 5090 D/PCIe/SSE2,4.3.0 NVIDIA 591.86,false,assets/heightmaps/Hm_Terrain_Test_129.pgm,129,129,80.000,12.000,20,4.000,2.000,200000,7.785,0.000,18.000,5.017,12.505,20017,154284,20015,106,53,67,62,0,0,0,0,8,125.145,12.796,12.482,0.276,3.795,0.100,0.378,0.353,3.053,0.145,0.355,1.471,2.556,0.197,0.000,0.000,0.000,0.000,0.000,0.000,0.000,0.000,0.000,0.000,0.000,0.000,0.000,0.000,0.000,0.000,0,0,3.551,3.895,1.826,0.000,18
Data-Oriented CPU ROAM,RelWithDebInfo,OpenGL,NVIDIA GeForce RTX 5090 D/PCIe/SSE2,4.3.0 NVIDIA 591.86,false,assets/heightmaps/Hm_Terrain_Test_129.pgm,129,129,80.000,12.000,20,4.000,2.000,200000,7.799,0.000,18.000,4.962,13.320,20026,154448,20024,84,43,75,49,0,0,0,0,8,407.435,11.792,11.503,0.233,3.400,0.096,0.474,0.358,3.074,0.115,0.356,1.182,2.215,0.177,0.000,0.000,0.000,0.000,0.000,0.000,0.000,0.000,0.000,0.000,0.000,0.000,0.000,0.000,0.000,0.000,0,0,3.548,3.496,1.537,0.000,18
Data-Oriented CPU ROAM,RelWithDebInfo,OpenGL,NVIDIA GeForce RTX 5090 D/PCIe/SSE2,4.3.0 NVIDIA 591.86,false,assets/heightmaps/Hm_Terrain_Test_129.pgm,129,129,80.000,12.000,20,4.000,2.000,200000,7.811,0.000,18.000,4.911,12.297,20020,154660,20018,114,61,120,62,0,0,0,0,8,1124.424,11.433,11.115,0.209,3.123,0.141,0.377,0.372,2.751,0.156,0.389,1.156,2.441,0.201,0.000,0.000,0.000,0.000,0.000,0.000,0.000,0.000,0.000,0.000,0.000,0.000,0.000,0.000,0.000,0.000,0,0,3.279,3.264,1.545,0.000,18
Data-Oriented CPU ROAM,RelWithDebInfo,OpenGL,NVIDIA GeForce RTX 5090 D/PCIe/SSE2,4.3.0 NVIDIA 591.86,false,assets/heightmaps/Hm_Terrain_Test_129.pgm,129,129,80.000,12.000,20,4.000,2.000,200000,7.823,0.000,18.000,4.862,11.974,20046,154832,20044,86,43,60,51,0,0,0,0,8,0.000,11.411,11.106,0.222,3.242,0.080,0.386,0.374,2.850,0.123,0.362,1.186,2.280,0.193,0.000,0.000,0.000,0.000,0.000,0.000,0.000,0.000,0.000,0.000,0.000,0.000,0.000,0.000,0.000,0.000,0,0,3.346,3.323,1.548,0.000,18
Data-Oriented CPU ROAM,RelWithDebInfo,OpenGL,NVIDIA GeForce RTX 5090 D/PCIe/SSE2,4.3.0 NVIDIA 591.86,false,assets/heightmaps/Hm_Terrain_Test_129.pgm,129,129,80.000,12.000,20,4.000,2.000,200000,7.835,0.000,18.000,4.814,11.904,20014,155036,20012,102,51,134,57,0,0,0,0,8,133.480,12.014,11.704,0.186,3.538,0.156,0.376,0.193,2.487,0.129,0.363,1.805,2.471,0.189,0.000,0.000,0.000,0.000,0.000,0.000,0.000,0.000,0.000,0.000,0.000,0.000,0.000,0.000,0.000,0.000,0,0,2.809,3.694,2.168,0.000,18
Data-Oriented CPU ROAM,RelWithDebInfo,OpenGL,NVIDIA GeForce RTX 5090 D/PCIe/SSE2,4.3.0 NVIDIA 591.86,false,assets/heightmaps/Hm_Terrain_Test_129.pgm,129,129,80.000,12.000,20,4.000,2.000,200000,7.847,0.000,18.000,4.763,12.509,20002,155196,20000,80,40,92,50,0,0,0,0,8,143.153,11.269,10.913,0.257,3.099,0.102,0.388,0.218,2.707,0.122,0.358,1.190,2.472,0.224,0.000,0.000,0.000,0.000,0.000,0.000,0.000,0.000,0.000,0.000,0.000,0.000,0.000,0.000,0.000,0.000,0,0,3.047,3.201,1.548,0.000,18
Data-Oriented CPU ROAM,RelWithDebInfo,OpenGL,NVIDIA GeForce RTX 5090 D/PCIe/SSE2,4.3.0 NVIDIA 591.86,false,assets/heightmaps/Hm_Terrain_Test_129.pgm,129,129,80.000,12.000,20,4.000,2.000,200000,7.859,0.000,18.000,4.715,11.773,19986,155348,19984,86,48,102,44,0,0,0,0,8,143.052,11.212,10.920,0.278,3.193,0.130,0.373,0.212,2.808,0.115,0.358,1.166,2.288,0.195,0.000,0.000,0.000,0.000,0.000,0.000,0.000,0.000,0.000,0.000,0.000,0.000,0.000,0.000,0.000,0.000,0,0,3.135,3.323,1.523,0.000,18
Data-Oriented CPU ROAM,RelWithDebInfo,OpenGL,NVIDIA GeForce RTX 5090 D/PCIe/SSE2,4.3.0 NVIDIA 591.86,false,assets/heightmaps/Hm_Terrain_Test_129.pgm,129,129,80.000,12.000,20,4.000,2.000,200000,7.871,0.000,18.000,4.668,11.722,19930,155504,19928,78,39,134,47,0,0,0,0,8,122.836,13.070,12.718,0.210,3.386,0.164,0.387,0.366,2.766,0.115,0.358,1.772,3.194,0.236,0.000,0.000,0.000,0.000,0.000,0.000,0.000,0.000,0.000,0.000,0.000,0.000,0.000,0.000,0.000,0.000,0,0,3.248,3.549,2.131,0.000,18
Data-Oriented CPU ROAM,RelWithDebInfo,OpenGL,NVIDIA GeForce RTX 5090 D/PCIe/SSE2,4.3.0 NVIDIA 591.86,false,assets/heightmaps/Hm_Terrain_Test_129.pgm,129,129,80.000,12.000,20,4.000,2.000,200000,7.884,0.000,18.000,4.613,13.654,19886,155740,19884,126,67,170,61,0,0,0,0,8,0.000,12.139,11.828,0.262,3.707,0.200,0.412,0.378,2.593,0.180,0.380,1.189,2.527,0.200,0.000,0.000,0.000,0.000,0.000,0.000,0.000,0.000,0.000,0.000,0.000,0.000,0.000,0.000,0.000,0.000,0,0,3.151,3.907,1.569,0.000,18
Data-Oriented CPU ROAM,RelWithDebInfo,OpenGL,NVIDIA GeForce RTX 5090 D/PCIe/SSE2,4.3.0 NVIDIA 591.86,false,assets/heightmaps/Hm_Terrain_Test_129.pgm,129,129,80.000,12.000,20,4.000,2.000,200000,7.897,0.000,18.000,4.563,12.664,19888,155908,19886,84,42,82,46,0,0,0,0,8,1000.329,11.238,10.932,0.212,3.177,0.105,0.375,0.364,2.484,0.112,0.352,1.613,2.137,0.186,0.000,0.000,0.000,0.000,0.000,0.000,0.000,0.000,0.000,0.000,0.000,0.000,0.000,0.000,0.000,0.000,0,0,2.960,3.282,1.966,0.000,18
Data-Oriented CPU ROAM,RelWithDebInfo,OpenGL,NVIDIA GeForce RTX 5090 D/PCIe/SSE2,4.3.0 NVIDIA 591.86,false,assets/heightmaps/Hm_Terrain_Test_129.pgm,129,129,80.000,12.000,20,4.000,2.000,200000,7.909,0.000,18.000,4.516,11.730,19848,156064,19846,78,39,118,45,0,0,0,0,8,1086.437,11.856,11.503,0.213,3.316,0.137,0.366,0.368,2.739,0.117,0.355,1.158,2.734,0.239,0.000,0.000,0.000,0.000,0.000,0.000,0.000,0.000,0.000,0.000,0.000,0.000,0.000,0.000,0.000,0.000,0,0,3.223,3.454,1.514,0.000,18
Data-Oriented CPU ROAM,RelWithDebInfo,OpenGL,NVIDIA GeForce RTX 5090 D/PCIe/SSE2,4.3.0 NVIDIA 591.86,false,assets/heightmaps/Hm_Terrain_Test_129.pgm,129,129,80.000,12.000,20,4.000,2.000,200000,7.921,0.000,18.000,4.467,12.394,19852,156216,19850,76,38,72,45,0,0,0,0,8,1058.010,10.637,10.336,0.279,2.903,0.096,0.376,0.207,2.486,0.117,0.362,1.279,2.230,0.190,0.000,0.000,0.000,0.000,0.000,0.000,0.000,0.000,0.000,0.000,0.000,0.000,0.000,0.000,0.000,0.000,0,0,2.810,2.999,1.642,0.000,18
Data-Oriented CPU ROAM,RelWithDebInfo,OpenGL,NVIDIA GeForce RTX 5090 D/PCIe/SSE2,4.3.0 NVIDIA 591.86,false,assets/heightmaps/Hm_Terrain_Test_129.pgm,129,129,80.000,12.000,20,4.000,2.000,200000,7.932,0.000,18.000,4.423,11.145,19810,156324,19808,58,31,100,29,0,0,0,0,8,0.000,11.709,11.419,0.204,3.362,0.125,0.390,0.357,2.862,0.088,0.358,1.478,2.194,0.185,0.000,0.000,0.000,0.000,0.000,0.000,0.000,0.000,0.000,0.000,0.000,0.000,0.000,0.000,0.000,0.000,0,0,3.307,3.487,1.836,0.000,18
Data-Oriented CPU ROAM,RelWithDebInfo,OpenGL,NVIDIA GeForce RTX 5090 D/PCIe/SSE2,4.3.0 NVIDIA 591.86,false,assets/heightmaps/Hm_Terrain_Test_129.pgm,129,129,80.000,12.000,20,4.000,2.000,200000,7.945,0.000,18.000,4.375,12.195,19796,156480,19794,78,39,92,48,0,0,0,0,8,137.446,11.727,11.366,0.190,3.492,0.112,0.379,0.358,2.893,0.114,0.355,1.147,2.326,0.226,0.000,0.000,0.000,0.000,0.000,0.000,0.000,0.000,0.000,0.000,0.000,0.000,0.000,0.000,0.000,0.000,0,0,3.365,3.604,1.502,0.000,18
Data-Oriented CPU ROAM,RelWithDebInfo,OpenGL,NVIDIA GeForce RTX 5090 D/PCIe/SSE2,4.3.0 NVIDIA 591.86,false,assets/heightmaps/Hm_Terrain_Test_129.pgm,129,129,80.000,12.000,20,4.000,2.000,200000,7.957,0.000,18.000,4.327,12.265,19850,156696,19848,118,64,64,64,0,0,0,0,8,143.014,11.246,10.923,0.248,2.758,0.081,0.366,0.200,2.675,0.168,0.354,1.552,2.520,0.212,0.000,0.000,0.000,0.000,0.000,0.000,0.000,0.000,0.000,0.000,0.000,0.000,0.000,0.000,0.000,0.000,0,0,3.043,2.840,1.906,0.000,18
Data-Oriented CPU ROAM,RelWithDebInfo,OpenGL,NVIDIA GeForce RTX 5090 D/PCIe/SSE2,4.3.0 NVIDIA 591.86,false,assets/heightmaps/Hm_Terrain_Test_129.pgm,129,129,80.000,12.000,20,4.000,2.000,200000,7.969,0.000,18.000,4.281,11.786,19860,156916,19858,110,55,100,60,0,0,0,0,8,1106.586,11.634,11.293,0.220,3.458,0.128,0.400,0.359,2.543,0.162,0.356,1.153,2.513,0.222,0.000,0.000,0.000,0.000,0.000,0.000,0.000,0.000,0.000,0.000,0.000,0.000,0.000,0.000,0.000,0.000,0,0,3.064,3.587,1.509,0.000,18
Data-Oriented CPU ROAM,RelWithDebInfo,OpenGL,NVIDIA GeForce RTX 5090 D/PCIe/SSE2,4.3.0 NVIDIA 591.86,false,assets/heightmaps/Hm_Terrain_Test_129.pgm,129,129,80.000,12.000,20,4.000,2.000,200000,7.981,0.000,18.000,4.234,12.242,19856,157060,19854,72,36,76,42,0,0,0,0,8,128.862,12.440,12.123,0.289,3.511,0.125,0.401,0.358,2.965,0.117,0.356,1.251,2.748,0.204,0.000,0.000,0.000,0.000,0.000,0.000,0.000,0.000,0.000,0.000,0.000,0.000,0.000,0.000,0.000,0.000,0,0,3.441,3.636,1.607,0.000,18
Data-Oriented CPU ROAM,RelWithDebInfo,OpenGL,NVIDIA GeForce RTX 5090 D/PCIe/SSE2,4.3.0 NVIDIA 591.86,false,assets/heightmaps/Hm_Terrain_Test_129.pgm,129,129,80.000,12.000,20,4.000,2.000,200000,7.994,0.000,18.000,4.184,13.005,19816,157204,19814,72,36,112,44,0,0,0,0,8,0.000,12.105,11.801,0.213,3.219,0.136,0.399,0.364,2.863,0.110,0.356,1.810,2.331,0.184,0.000,0.000,0.000,0.000,0.000,0.000,0.000,0.000,0.000,0.000,0.000,0.000,0.000,0.000,0.000,0.000,0,0,3.337,3.355,2.166,0.000,18
Data-Oriented CPU ROAM,RelWithDebInfo,OpenGL,NVIDIA GeForce RTX 5090 D/PCIe/SSE2,4.3.0 NVIDIA 591.86,false,assets/heightmaps/Hm_Terrain_Test_129.pgm,129,129,80.000,12.000,20,4.000,2.000,200000,8.006,0.000,18.000,4.135,12.583,19778,157356,19776,84,46,122,42,0,0,0,0,8,1111.002,11.569,11.249,0.174,3.383,0.130,0.384,0.302,2.568,0.115,0.356,1.168,2.669,0.214,0.000,0.000,0.000,0.000,0.000,0.000,0.000,0.000,0.000,0.000,0.000,0.000,0.000,0.000,0.000,0.000,0,0,2.985,3.513,1.524,0.000,18
Data-Oriented CPU ROAM,RelWithDebInfo,OpenGL,NVIDIA GeForce RTX 5090 D/PCIe/SSE2,4.3.0 NVIDIA 591.86,false,assets/heightmaps/Hm_Terrain_Test_129.pgm,129,129,80.000,12.000,20,4.000,2.000,200000,8.019,0.000,18.000,4.089,12.113,19724,157508,19722,76,38,130,44,0,0,0,0,8,134.025,11.946,11.656,0.279,3.549,0.160,0.369,0.254,3.161,0.116,0.352,1.183,2.233,0.183,0.000,0.000,0.000,0.000,0.000,0.000,0.000,0.000,0.000,0.000,0.000,0.000,0.000,0.000,0.000,0.000,0,0,3.531,3.709,1.535,0.000,18
Data-Oriented CPU ROAM,RelWithDebInfo,OpenGL,NVIDIA GeForce RTX 5090 D/PCIe/SSE2,4.3.0 NVIDIA 591.86,false,assets/heightmaps/Hm_Terrain_Test_129.pgm,129,129,80.000,12.000,20,4.000,2.000,200000,8.031,0.000,18.000,4.042,12.470,19702,157680,19700,86,43,108,52,0,0,0,0,8,1083.893,11.833,11.530,0.196,3.124,0.128,0.380,0.380,3.217,0.172,0.363,1.152,2.418,0.199,0.000,0.000,0.000,0.000,0.000,0.000,0.000,0.000,0.000,0.000,0.000,0.000,0.000,0.000,0.000,0.000,0,0,3.768,3.252,1.515,0.000,18
Data-Oriented CPU ROAM,RelWithDebInfo,OpenGL,NVIDIA GeForce RTX 5090 D/PCIe/SSE2,4.3.0 NVIDIA 591.86,false,assets/heightmaps/Hm_Terrain_Test_129.pgm,129,129,80.000,12.000,20,4.000,2.000,200000,8.043,0.000,18.000,3.995,12.354,19710,157896,19708,108,54,100,66,0,0,0,0,8,129.014,12.415,12.108,0.184,3.590,0.125,0.389,0.364,3.085,0.153,0.355,1.285,2.578,0.186,0.000,0.000,0.000,0.000,0.000,0.000,0.000,0.000,0.000,0.000,0.000,0.000,0.000,0.000,0.000,0.000,0,0,3.602,3.714,1.640,0.000,18
Data-Oriented CPU ROAM,RelWithDebInfo,OpenGL,NVIDIA GeForce RTX 5090 D/PCIe/SSE2,4.3.0 NVIDIA 591.86,false,assets/heightmaps/Hm_Terrain_Test_129.pgm,129,129,80.000,12.000,20,4.000,2.000,200000,8.056,0.000,18.000,3.946,12.909,19676,158044,19674,80,43,114,39,0,0,0,0,8,0.000,12.855,12.116,0.186,3.104,0.143,0.386,0.361,2.959,0.116,0.349,1.561,2.951,0.242,0.000,0.000,0.000,0.000,0.000,0.000,0.000,0.000,0.000,0.000,0.000,0.000,0.000,0.000,0.000,0.000,0,0,3.435,3.247,1.911,0.000,18
Data-Oriented CPU ROAM,RelWithDebInfo,OpenGL,NVIDIA GeForce RTX 5090 D/PCIe/SSE2,4.3.0 NVIDIA 591.86,false,assets/heightmaps/Hm_Terrain_Test_129.pgm,129,129,80.000,12.000,20,4.000,2.000,200000,8.070,0.000,18.000,3.896,13.439,19635,158210,19633,83,41,124,48,0,0,0,0,8,138.450,11.563,11.283,0.289,3.574,0.161,0.386,0.356,2.725,0.120,0.352,1.136,2.184,0.167,0.000,0.000,0.000,0.000,0.000,0.000,0.000,0.000,0.000,0.000,0.000,0.000,0.000,0.000,0.000,0.000,0,0,3.200,3.736,1.488,0.000,18
Data-Oriented CPU ROAM,RelWithDebInfo,OpenGL,NVIDIA GeForce RTX 5090 D/PCIe/SSE2,4.3.0 NVIDIA 591.86,false,assets/heightmaps/Hm_Terrain_Test_129.pgm,129,129,80.000,12.000,20,4.000,2.000,200000,8.082,0.000,18.000,3.851,12.081,19580,158308,19578,49,24,104,29,0,0,0,0,8,140.140,11.433,11.147,0.210,3.151,0.112,0.361,0.362,3.206,0.082,0.354,1.184,2.124,0.178,0.000,0.000,0.000,0.000,0.000,0.000,0.000,0.000,0.000,0.000,0.000,0.000,0.000,0.000,0.000,0.000,0,0,3.650,3.263,1.539,0.000,18
Data-Oriented CPU ROAM,RelWithDebInfo,OpenGL,NVIDIA GeForce RTX 5090 D/PCIe/SSE2,4.3.0 NVIDIA 591.86,false,assets/heightmaps/Hm_Terrain_Test_129.pgm,129,129,80.000,12.000,20,4.000,2.000,200000,8.094,0.000,18.000,3.806,11.931,19579,158408,19577,50,25,51,33,0,0,0,0,8,145.229,11.047,10.757,0.201,3.282,0.078,0.365,0.378,2.390,0.084,0.356,1.151,2.471,0.186,0.000,0.000,0.000,0.000,0.000,0.000,0.000,0.000,0.000,0.000,0.000,0.000,0.000,0.000,0.000,0.000,0,0,2.852,3.361,1.507,0.000,18
Data-Oriented CPU ROAM,RelWithDebInfo,OpenGL,NVIDIA GeForce RTX 5090 D/PCIe/SSE2,4.3.0 NVIDIA 591.86,false,assets/heightmaps/Hm_Terrain_Test_129.pgm,129,129,80.000,12.000,20,4.000,2.000,200000,8.105,0.000,18.000,3.764,11.532,19580,158584,19578,88,44,87,55,0,0,0,0,8,0.000,11.491,11.203,0.195,3.009,0.117,0.384,0.358,2.839,0.123,0.350,1.713,2.114,0.179,0.000,0.000,0.000,0.000,0.000,0.000,0.000,0.000,0.000,0.000,0.000,0.000,0.000,0.000,0.000,0.000,0,0,3.320,3.127,2.063,0.000,18
Data-Oriented CPU ROAM,RelWithDebInfo,OpenGL,NVIDIA GeForce RTX 5090 D/PCIe/SSE2,4.3.0 NVIDIA 591.86,false,assets/heightmaps/Hm_Terrain_Test_129.pgm,129,129,80.000,12.000,20,4.000,2.000,200000,8.117,0.000,18.000,3.720,11.970,19621,158764,19619,90,45,49,52,0,0,0,0,8,135.852,11.821,11.499,0.186,3.018,0.073,0.384,0.534,3.077,0.143,0.356,1.174,2.556,0.198,0.000,0.000,0.000,0.000,0.000,0.000,0.000,0.000,0.000,0.000,0.000,0.000,0.000,0.000,0.000,0.000,0,0,3.754,3.090,1.529,0.000,18
Data-Oriented CPU ROAM,RelWithDebInfo,OpenGL,NVIDIA GeForce RTX 5090 D/PCIe/SSE2,4.3.0 NVIDIA 591.86,false,assets/heightmaps/Hm_Terrain_Test_129.pgm,129,129,80.000,12.000,20,4.000,2.000,200000,8.130,0.000,18.000,3.674,12.395,19647,158976,19645,106,53,80,57,0,0,0,0,8,113.285,14.119,13.790,0.258,3.131,0.102,0.429,0.404,3.365,0.349,0.437,2.812,2.502,0.215,0.000,0.000,0.000,0.000,0.000,0.000,0.000,0.000,0.000,0.000,0.000,0.000,0.000,0.000,0.000,0.000,0,0,4.118,3.233,3.249,0.000,18
Data-Oriented CPU ROAM,RelWithDebInfo,OpenGL,NVIDIA GeForce RTX 5090 D/PCIe/SSE2,4.3.0 NVIDIA 591.86,false,assets/heightmaps/Hm_Terrain_Test_129.pgm,129,129,80.000,12.000,20,4.000,2.000,200000,8.144,0.000,18.000,3.621,14.757,19549,159092,19547,62,33,160,34,0,0,0,0,8,139.397,11.483,11.207,0.223,3.443,0.166,0.387,0.351,3.030,0.092,0.351,1.123,2.040,0.179,0.000,0.000,0.000,0.000,0.000,0.000,0.000,0.000,0.000,0.000,0.000,0.000,0.000,0.000,0.000,0.000,0,0,3.473,3.610,1.474,0.000,18
Data-Oriented CPU ROAM,RelWithDebInfo,OpenGL,NVIDIA GeForce RTX 5090 D/PCIe/SSE2,4.3.0 NVIDIA 591.86,false,assets/heightmaps/Hm_Terrain_Test_129.pgm,129,129,80.000,12.000,20,4.000,2.000,200000,8.156,0.000,18.000,3.577,11.986,19509,159196,19507,52,26,92,33,0,0,0,0,8,139.767,11.435,11.178,0.190,3.447,0.113,0.368,0.357,3.004,0.084,0.349,1.161,2.106,0.153,0.000,0.000,0.000,0.000,0.000,0.000,0.000,0.000,0.000,0.000,0.000,0.000,0.000,0.000,0.000,0.000,0,0,3.445,3.560,1.509,0.000,18
Data-Oriented CPU ROAM,RelWithDebInfo,OpenGL,NVIDIA GeForce RTX 5090 D/PCIe/SSE2,4.3.0 NVIDIA 591.86,false,assets/heightmaps/Hm_Terrain_Test_129.pgm,129,129,80.000,12.000,20,4.000,2.000,200000,8.168,0.000,18.000,3.535,11.890,19515,159328,19513,66,33,60,40,0,0,0,0,8,140.648,11.390,11.108,0.165,3.047,0.085,0.374,0.350,2.914,0.104,0.347,1.520,2.201,0.175,0.000,0.000,0.000,0.000,0.000,0.000,0.000,0.000,0.000,0.000,0.000,0.000,0.000,0.000,0.000,0.000,0,0,3.368,3.132,1.867,0.000,18
Data-Oriented CPU ROAM,RelWithDebInfo,OpenGL,NVIDIA GeForce RTX 5090 D/PCIe/SSE2,4.3.0 NVIDIA 591.86,false,assets/heightmaps/Hm_Terrain_Test_129.pgm,129,129,80.000,12.000,20,4.000,2.000,200000,8.180,0.000,18.000,3.492,11.843,19509,159464,19507,68,34,74,39,0,0,0,0,8,0.000,10.701,10.425,0.179,2.935,0.086,0.369,0.395,2.971,0.104,0.351,1.113,1.922,0.167,0.000,0.000,0.000,0.000,0.000,0.000,0.000,0.000,0.000,0.000,0.000,0.000,0.000,0.000,0.000,0.000,0,0,3.470,3.021,1.464,0.000,18
Data-Oriented CPU ROAM,RelWithDebInfo,OpenGL,NVIDIA GeForce RTX 5090 D/PCIe/SSE2,4.3.0 NVIDIA 591.86,false,assets/heightmaps/Hm_Terrain_Test_129.pgm,129,129,80.000,12.000,20,4.000,2.000,200000,8.191,0.000,18.000,3.453,11.135,19466,159572,19464,54,27,97,32,0,0,0,0,8,140.126,11.422,11.149,0.210,2.961,0.123,0.361,0.356,3.545,0.084,0.347,1.128,2.033,0.167,0.000,0.000,0.000,0.000,0.000,0.000,0.000,0.000,0.000,0.000,0.000,0.000,0.000,0.000,0.000,0.000,0,0,3.986,3.085,1.474,0.000,18
Data-Oriented CPU ROAM,RelWithDebInfo,OpenGL,NVIDIA GeForce RTX 5090 D/PCIe/SSE2,4.3.0 NVIDIA 591.86,false,assets/heightmaps/Hm_Terrain_Test_129.pgm,129,129,80.000,12.000,20,4.000,2.000,200000,8.203,0.000,18.000,3.410,11.915,19448,159708,19446,68,34,86,40,0,0,0,0,8,153.628,10.508,10.169,0.175,2.981,0.099,0.360,0.347,2.766,0.100,0.349,1.112,1.881,0.211,0.000,0.000,0.000,0.000,0.000,0.000,0.000,0.000,0.000,0.000,0.000,0.000,0.000,0.000,0.000,0.000,0,0,3.213,3.080,1.460,0.000,18
Data-Oriented CPU ROAM,RelWithDebInfo,OpenGL,NVIDIA GeForce RTX 5090 D/PCIe/SSE2,4.3.0 NVIDIA 591.86,false,assets/heightmaps/Hm_Terrain_Test_129.pgm,129,129,80.000,12.000,20,4.000,2.000,200000,8.214,0.000,18.000,3.371,10.984,19470,159844,19468,68,34,46,36,0,0,0,0,8,0.000,11.006,10.727,0.201,2.964,0.059,0.363,0.357,3.192,0.099,0.353,1.143,1.995,0.173,0.000,0.000,0.000,0.000,0.000,0.000,0.000,0.000,0.000,0.000,0.000,0.000,0.000,0.000,0.000,0.000,0,0,3.649,3.023,1.496,0.000,18
Data-Oriented CPU ROAM,RelWithDebInfo,OpenGL,NVIDIA GeForce RTX 5090 D/PCIe/SSE2,4.3.0 NVIDIA 591.86,false,assets/heightmaps/Hm_Terrain_Test_129.pgm,129,129,80.000,12.000,20,4.000,2.000,200000,8.226,0.000,18.000,3.331,11.449,19484,159948,19482,52,26,38,29,0,0,0,0,8,141.357,11.344,11.052,0.181,3.336,0.053,0.360,0.367,2.777,0.076,0.346,1.630,1.924,0.177,0.000,0.000,0.000,0.000,0.000,0.000,0.000,0.000,0.000,0.000,0.000,0.000,0.000,0.000,0.000,0.000,0,0,3.221,3.390,1.976,0.000,18
Data-Oriented CPU ROAM,RelWithDebInfo,OpenGL,NVIDIA GeForce RTX 5090 D/PCIe/SSE2,4.3.0 NVIDIA 591.86,false,assets/heightmaps/Hm_Terrain_Test_129.pgm,129,129,80.000,12.000,20,4.000,2.000,200000,8.237,0.000,18.000,3.290,11.774,19400,160060,19398,56,28,140,36,0,0,0,0,8,145.889,10.982,10.709,0.212,3.358,0.153,0.366,0.348,2.807,0.081,0.343,1.312,1.729,0.164,0.000,0.000,0.000,0.000,0.000,0.000,0.000,0.000,0.000,0.000,0.000,0.000,0.000,0.000,0.000,0.000,0,0,3.236,3.511,1.655,0.000,18
Data-Oriented CPU ROAM,RelWithDebInfo,OpenGL,NVIDIA GeForce RTX 5090 D/PCIe/SSE2,4.3.0 NVIDIA 591.86,false,assets/heightmaps/Hm_Terrain_Test_129.pgm,129,129,80.000,12.000,20,4.000,2.000,200000,8.249,0.000,18.000,3.251,11.386,19360,160200,19358,70,35,110,41,0,0,0,0,8,1276.070,10.051,9.794,0.159,3.119,0.114,0.380,0.189,2.702,0.094,0.344,1.077,1.618,0.154,0.000,0.000,0.000,0.000,0.000,0.000,0.000,0.000,0.000,0.000,0.000,0.000,0.000,0.000,0.000,0.000,0,0,2.985,3.233,1.420,0.000,18
Data-Oriented CPU ROAM,RelWithDebInfo,OpenGL,NVIDIA GeForce RTX 5090 D/PCIe/SSE2,4.3.0 NVIDIA 591.86,false,assets/heightmaps/Hm_Terrain_Test_129.pgm,129,129,80.000,12.000,20,4.000,2.000,200000,8.259,0.000,18.000,3.214,10.432,19344,160324,19342,62,31,78,39,0,0,0,0,8,0.000,10.841,10.577,0.154,2.987,0.091,0.370,0.362,2.854,0.083,0.345,1.663,1.667,0.166,0.000,0.000,0.000,0.000,0.000,0.000,0.000,0.000,0.000,0.000,0.000,0.000,0.000,0.000,0.000,0.000,0,0,3.299,3.077,2.009,0.000,18
Data-Oriented CPU ROAM,RelWithDebInfo,OpenGL,NVIDIA GeForce RTX 5090 D/PCIe/SSE2,4.3.0 NVIDIA 591.86,false,assets/heightmaps/Hm_Terrain_Test_129.pgm,129,129,80.000,12.000,20,4.000,2.000,200000,8.270,0.000,18.000,3.176,11.201,19338,160420,19336,48,24,54,27,0,0,0,0,8,161.127,9.962,9.696,0.160,2.673,0.065,0.382,0.354,3.040,0.067,0.343,1.057,1.555,0.162,0.000,0.000,0.000,0.000,0.000,0.000,0.000,0.000,0.000,0.000,0.000,0.000,0.000,0.000,0.000,0.000,0,0,3.461,2.739,1.400,0.000,18
Data-Oriented CPU ROAM,RelWithDebInfo,OpenGL,NVIDIA GeForce RTX 5090 D/PCIe/SSE2,4.3.0 NVIDIA 591.86,false,assets/heightmaps/Hm_Terrain_Test_129.pgm,129,129,80.000,12.000,20,4.000,2.000,200000,8.281,0.000,18.000,3.141,10.288,19338,160548,19336,64,32,64,37,0,0,0,0,8,150.879,10.609,10.355,0.156,3.061,0.069,0.357,0.190,2.716,0.124,0.625,1.360,1.696,0.156,0.000,0.000,0.000,0.000,0.000,0.000,0.000,0.000,0.000,0.000,0.000,0.000,0.000,0.000,0.000,0.000,0,0,3.030,3.130,1.985,0.000,18
Data-Oriented CPU ROAM,RelWithDebInfo,OpenGL,NVIDIA GeForce RTX 5090 D/PCIe/SSE2,4.3.0 NVIDIA 591.86,false,assets/heightmaps/Hm_Terrain_Test_129.pgm,129,129,80.000,12.000,20,4.000,2.000,200000,8.292,0.000,18.000,3.103,10.966,19388,160704,19386,78,39,28,44,0,0,0,0,8,0.000,10.018,9.744,0.165,3.257,0.038,0.368,0.185,2.623,0.102,0.342,1.068,1.596,0.170,0.000,0.000,0.000,0.000,0.000,0.000,0.000,0.000,0.000,0.000,0.000,0.000,0.000,0.000,0.000,0.000,0,0,2.910,3.294,1.411,0.000,18
Data-Oriented CPU ROAM,RelWithDebInfo,OpenGL,NVIDIA GeForce RTX 5090 D/PCIe/SSE2,4.3.0 NVIDIA 591.86,false,assets/heightmaps/Hm_Terrain_Test_129.pgm,129,129,80.000,12.000,20,4.000,2.000,200000,8.302,0.000,18.000,3.068,10.359,19422,160864,19420,80,40,46,48,0,0,0,0,8,151.587,10.559,10.306,0.164,3.053,0.066,0.353,0.364,3.094,0.118,0.347,1.105,1.643,0.152,0.000,0.000,0.000,0.000,0.000,0.000,0.000,0.000,0.000,0.000,0.000,0.000,0.000,0.000,0.000,0.000,0,0,3.576,3.118,1.452,0.000,18
Data-Oriented CPU ROAM,RelWithDebInfo,OpenGL,NVIDIA GeForce RTX 5090 D/PCIe/SSE2,4.3.0 NVIDIA 591.86,false,assets/heightmaps/Hm_Terrain_Test_129.pgm,129,129,80.000,12.000,20,4.000,2.000,200000,8.313,0.000,18.000,3.031,10.964,19422,160976,19420,56,28,56,29,0,0,0,0,8,1288.461,9.975,9.700,0.155,3.112,0.066,0.360,0.347,2.589,0.076,0.343,1.072,1.581,0.166,0.000,0.000,0.000,0.000,0.000,0.000,0.000,0.000,0.000,0.000,0.000,0.000,0.000,0.000,0.000,0.000,0,0,3.011,3.177,1.415,0.000,18
Data-Oriented CPU ROAM,RelWithDebInfo,OpenGL,NVIDIA GeForce RTX 5090 D/PCIe/SSE2,4.3.0 NVIDIA 591.86,false,assets/heightmaps/Hm_Terrain_Test_129.pgm,129,129,80.000,12.000,20,4.000,2.000,200000,8.323,0.000,18.000,2.997,10.328,19342,161052,19340,38,19,118,23,0,0,0,0,8,0.000,10.736,10.447,0.153,2.885,0.129,0.350,0.364,2.676,0.061,0.349,1.519,1.959,0.181,0.000,0.000,0.000,0.000,0.000,0.000,0.000,0.000,0.000,0.000,0.000,0.000,0.000,0.000,0.000,0.000,0,0,3.102,3.015,1.868,0.000,18
Data-Oriented CPU ROAM,RelWithDebInfo,OpenGL,NVIDIA GeForce RTX 5090 D/PCIe/SSE2,4.3.0 NVIDIA 591.86,false,assets/heightmaps/Hm_Terrain_Test_129.pgm,129,129,80.000,12.000,20,4.000,2.000,200000,8.335,0.000,18.000,2.959,11.242,19334,161160,19332,54,27,62,27,0,0,0,0,8,1191.566,10.745,10.487,0.303,3.336,0.093,0.356,0.348,2.697,0.082,0.346,1.141,1.784,0.152,0.000,0.000,0.000,0.000,0.000,0.000,0.000,0.000,0.000,0.000,0.000,0.000,0.000,0.000,0.000,0.000,0,0,3.127,3.430,1.487,0.000,18
Data-Oriented CPU ROAM,RelWithDebInfo,OpenGL,NVIDIA GeForce RTX 5090 D/PCIe/SSE2,4.3.0 NVIDIA 591.86,false,assets/heightmaps/Hm_Terrain_Test_129.pgm,129,129,80.000,12.000,20,4.000,2.000,200000,8.346,0.000,18.000,2.922,11.171,19312,161300,19310,70,35,92,40,0,0,0,0,8,321.086,9.980,9.731,0.165,3.171,0.091,0.359,0.186,2.643,0.104,0.346,1.108,1.559,0.153,0.000,0.000,0.000,0.000,0.000,0.000,0.000,0.000,0.000,0.000,0.000,0.000,0.000,0.000,0.000,0.000,0,0,2.933,3.262,1.454,0.000,18
Data-Oriented CPU ROAM,RelWithDebInfo,OpenGL,NVIDIA GeForce RTX 5090 D/PCIe/SSE2,4.3.0 NVIDIA 591.86,false,assets/heightmaps/Hm_Terrain_Test_129.pgm,129,129,80.000,12.000,20,4.000,2.000,200000,8.356,0.000,18.000,2.888,10.326,19290,161392,19288,46,23,68,34,0,0,0,0,8,0.000,10.322,10.050,0.159,3.036,0.089,0.360,0.186,2.877,0.068,0.346,1.271,1.658,0.162,0.000,0.000,0.000,0.000,0.000,0.000,0.000,0.000,0.000,0.000,0.000,0.000,0.000,0.000,0.000,0.000,0,0,3.130,3.126,1.617,0.000,18
Data-Oriented CPU ROAM,RelWithDebInfo,OpenGL,NVIDIA GeForce RTX 5090 D/PCIe/SSE2,4.3.0 NVIDIA 591.86,false,assets/heightmaps/Hm_Terrain_Test_129.pgm,129,129,80.000,12.000,20,4.000,2.000,200000,8.367,0.000,18.000,2.853,10.701,19282,161508,19280,58,29,66,34,0,0,0,0,8,0.000,10.104,9.845,0.164,3.113,0.080,0.366,0.293,2.776,0.081,0.343,1.082,1.547,0.163,0.000,0.000,0.000,0.000,0.000,0.000,0.000,0.000,0.000,0.000,0.000,0.000,0.000,0.000,0.000,0.000,0,0,3.150,3.192,1.425,0.000,18
Data-Oriented CPU ROAM,RelWithDebInfo,OpenGL,NVIDIA GeForce RTX 5090 D/PCIe/SSE2,4.3.0 NVIDIA 591.86,false,assets/heightmaps/Hm_Terrain_Test_129.pgm,129,129,80.000,12.000,20,4.000,2.000,200000,8.377,0.000,18.000,2.818,10.485,19248,161612,19246,52,26,86,32,0,0,0,0,8,303.148,10.611,10.307,0.155,2.876,0.097,0.355,0.354,2.731,0.068,0.341,1.735,1.595,0.201,0.000,0.000,0.000,0.000,0.000,0.000,0.000,0.000,0.000,0.000,0.000,0.000,0.000,0.000,0.000,0.000,0,0,3.152,2.974,2.076,0.000,18
Data-Oriented CPU ROAM,RelWithDebInfo,OpenGL,NVIDIA GeForce RTX 5090 D/PCIe/SSE2,4.3.0 NVIDIA 591.86,false,assets/heightmaps/Hm_Terrain_Test_129.pgm,129,129,80.000,12.000,20,4.000,2.000,200000,8.388,0.000,18.000,2.783,10.962,19238,161732,19236,60,30,70,34,0,0,0,0,8,0.000,9.458,9.209,0.156,2.953,0.075,0.382,0.186,2.422,0.082,0.342,1.074,1.536,0.153,0.000,0.000,0.000,0.000,0.000,0.000,0.000,0.000,0.000,0.000,0.000,0.000,0.000,0.000,0.000,0.000,0,0,2.690,3.028,1.416,0.000,18
Data-Oriented CPU ROAM,RelWithDebInfo,OpenGL,NVIDIA GeForce RTX 5090 D/PCIe/SSE2,4.3.0 NVIDIA 591.86,false,assets/heightmaps/Hm_Terrain_Test_129.pgm,129,129,80.000,12.000,20,4.000,2.000,200000,8.398,0.000,18.000,2.751,9.767,19210,161836,19208,52,26,80,30,0,0,0,0,8,0.000,11.064,10.789,0.156,3.058,0.083,0.359,0.342,3.173,0.074,0.338,1.603,1.602,0.178,0.000,0.000,0.000,0.000,0.000,0.000,0.000,0.000,0.000,0.000,0.000,0.000,0.000,0.000,0.000,0.000,0,0,3.589,3.141,1.941,0.000,18
Data-Oriented CPU ROAM,RelWithDebInfo,OpenGL,NVIDIA GeForce RTX 5090 D/PCIe/SSE2,4.3.0 NVIDIA 591.86,false,assets/heightmaps/Hm_Terrain_Test_129.pgm,129,129,80.000,12.000,20,4.000,2.000,200000,8.409,0.000,18.000,2.714,11.394,19238,161932,19236,48,24,20,26,0,0,0,0,8,1150.759,9.752,9.503,0.157,2.866,0.038,0.359,0.306,2.490,0.073,0.350,1.088,1.777,0.155,0.000,0.000,0.000,0.000,0.000,0.000,0.000,0.000,0.000,0.000,0.000,0.000,0.000,0.000,0.000,0.000,0,0,2.870,2.903,1.438,0.000,18
Data-Oriented CPU ROAM,RelWithDebInfo,OpenGL,NVIDIA GeForce RTX 5090 D/PCIe/SSE2,4.3.0 NVIDIA 591.86,false,assets/heightmaps/Hm_Terrain_Test_129.pgm,129,129,80.000,12.000,20,4.000,2.000,200000,8.419,0.000,18.000,2.682,10.106,19258,162052,19256,60,30,40,33,0,0,0,0,8,0.000,10.479,10.159,0.162,3.293,0.050,0.356,0.254,2.826,0.088,0.338,1.082,1.711,0.165,0.000,0.000,0.000,0.000,0.000,0.000,0.000,0.000,0.000,0.000,0.000,0.000,0.000,0.000,0.000,0.000,0,0,3.168,3.343,1.420,0.000,18
Data-Oriented CPU ROAM,RelWithDebInfo,OpenGL,NVIDIA GeForce RTX 5090 D/PCIe/SSE2,4.3.0 NVIDIA 591.86,false,assets/heightmaps/Hm_Terrain_Test_129.pgm,129,129,80.000,12.000,20,4.000,2.000,200000,8.430,0.000,18.000,2.647,10.835,19240,162136,19238,42,21,60,32,0,0,0,0,8,0.000,10.011,9.760,0.156,3.010,0.072,0.353,0.350,2.702,0.062,0.344,1.088,1.624,0.154,0.000,0.000,0.000,0.000,0.000,0.000,0.000,0.000,0.000,0.000,0.000,0.000,0.000,0.000,0.000,0.000,0,0,3.113,3.082,1.431,0.000,18
Data-Oriented CPU ROAM,RelWithDebInfo,OpenGL,NVIDIA GeForce RTX 5090 D/PCIe/SSE2,4.3.0 NVIDIA 591.86,false,assets/heightmaps/Hm_Terrain_Test_129.pgm,129,129,80.000,12.000,20,4.000,2.000,200000,8.441,0.000,18.000,2.615,10.344,19230,162252,19228,58,29,68,36,0,0,0,0,8,1337.871,9.602,9.342,0.155,2.727,0.078,0.350,0.356,2.566,0.083,0.362,1.081,1.584,0.162,0.000,0.000,0.000,0.000,0.000,0.000,0.000,0.000,0.000,0.000,0.000,0.000,0.000,0.000,0.000,0.000,0,0,3.006,2.805,1.443,0.000,18
Data-Oriented CPU ROAM,RelWithDebInfo,OpenGL,NVIDIA GeForce RTX 5090 D/PCIe/SSE2,4.3.0 NVIDIA 591.86,false,assets/heightmaps/Hm_Terrain_Test_129.pgm,129,129,80.000,12.000,20,4.000,2.000,200000,8.451,0.000,18.000,2.583,9.932,19240,162380,19238,64,31,54,41,0,0,0,0,8,0.000,9.914,9.669,0.149,3.233,0.063,0.357,0.188,2.536,0.094,0.347,1.092,1.609,0.149,0.000,0.000,0.000,0.000,0.000,0.000,0.000,0.000,0.000,0.000,0.000,0.000,0.000,0.000,0.000,0.000,0,0,2.818,3.296,1.439,0.000,18
Data-Oriented CPU ROAM,RelWithDebInfo,OpenGL,NVIDIA GeForce RTX 5090 D/PCIe/SSE2,4.3.0 NVIDIA 591.86,false,assets/heightmaps/Hm_Terrain_Test_129.pgm,129,129,80.000,12.000,20,4.000,2.000,200000,8.461,0.000,18.000,2.551,10.235,19186,162496,19184,58,29,112,29,0,0,0,0,8,0.000,10.712,10.445,0.152,3.156,0.110,0.357,0.351,2.838,0.113,0.461,1.298,1.609,0.164,0.000,0.000,0.000,0.000,0.000,0.000,0.000,0.000,0.000,0.000,0.000,0.000,0.000,0.000,0.000,0.000,0,0,3.302,3.266,1.760,0.000,18
Data-Oriented CPU ROAM,RelWithDebInfo,OpenGL,NVIDIA GeForce RTX 5090 D/PCIe/SSE2,4.3.0 NVIDIA 591.86,false,assets/heightmaps/Hm_Terrain_Test_129.pgm,129,129,80.000,12.000,20,4.000,2.000,200000,8.472,0.000,18.000,2.517,11.079,19163,162584,19161,44,22,67,24,0,0,0,0,8,1058.568,9.108,8.855,0.157,2.622,0.075,0.361,0.186,2.413,0.066,0.343,1.074,1.558,0.155,0.000,0.000,0.000,0.000,0.000,0.000,0.000,0.000,0.000,0.000,0.000,0.000,0.000,0.000,0.000,0.000,0,0,2.665,2.697,1.418,0.000,18
Data-Oriented CPU ROAM,RelWithDebInfo,OpenGL,NVIDIA GeForce RTX 5090 D/PCIe/SSE2,4.3.0 NVIDIA 591.86,false,assets/heightmaps/Hm_Terrain_Test_129.pgm,129,129,80.000,12.000,20,4.000,2.000,200000,8.481,0.000,18.000,2.488,9.425,19194,162700,19192,60,31,29,29,0,0,0,0,8,144.876,11.058,10.784,0.155,2.906,0.047,0.364,0.348,3.162,0.079,0.340,1.512,1.870,0.173,0.000,0.000,0.000,0.000,0.000,0.000,0.000,0.000,0.000,0.000,0.000,0.000,0.000,0.000,0.000,0.000,0,0,3.590,2.953,1.852,0.000,18
Data-Oriented CPU ROAM,RelWithDebInfo,OpenGL,NVIDIA GeForce RTX 5090 D/PCIe/SSE2,4.3.0 NVIDIA 591.86,false,assets/heightmaps/Hm_Terrain_Test_129.pgm,129,129,80.000,12.000,20,4.000,2.000,200000,8.493,0.000,18.000,2.452,11.415,19206,162836,19204,68,34,56,42,0,0,0,0,8,0.000,10.793,10.521,0.160,3.226,0.065,0.387,0.312,2.717,0.147,0.496,1.418,1.594,0.164,0.000,0.000,0.000,0.000,0.000,0.000,0.000,0.000,0.000,0.000,0.000,0.000,0.000,0.000,0.000,0.000,0,0,3.176,3.291,1.913,0.000,18
Data-Oriented CPU ROAM,RelWithDebInfo,OpenGL,NVIDIA GeForce RTX 5090 D/PCIe/SSE2,4.3.0 NVIDIA 591.86,false,assets/heightmaps/Hm_Terrain_Test_129.pgm,129,129,80.000,12.000,20,4.000,2.000,200000,8.504,0.000,18.000,2.418,11.134,19212,162956,19210,60,30,54,34,0,0,0,0,8,0.000,10.033,9.788,0.158,3.061,0.062,0.351,0.297,2.743,0.084,0.343,1.082,1.605,0.148,0.000,0.000,0.000,0.000,0.000,0.000,0.000,0.000,0.000,0.000,0.000,0.000,0.000,0.000,0.000,0.000,0,0,3.125,3.123,1.426,0.000,18
Data-Oriented CPU ROAM,RelWithDebInfo,OpenGL,NVIDIA GeForce RTX 5090 D/PCIe/SSE2,4.3.0 NVIDIA 591.86,false,assets/heightmaps/Hm_Terrain_Test_129.pgm,129,129,80.000,12.000,20,4.000,2.000,200000,8.514,0.000,18.000,2.387,10.360,19176,163016,19174,30,15,66,30,0,0,0,0,8,1221.932,10.490,10.229,0.148,2.978,0.078,0.354,0.345,3.045,0.049,0.342,1.105,1.785,0.157,0.000,0.000,0.000,0.000,0.000,0.000,0.000,0.000,0.000,0.000,0.000,0.000,0.000,0.000,0.000,0.000,0,0,3.439,3.056,1.447,0.000,18
Data-Oriented CPU ROAM,RelWithDebInfo,OpenGL,NVIDIA GeForce RTX 5090 D/PCIe/SSE2,4.3.0 NVIDIA 591.86,false,assets/heightmaps/Hm_Terrain_Test_129.pgm,129,129,80.000,12.000,20,4.000,2.000,200000,8.525,0.000,18.000,2.354,10.817,19184,163128,19182,56,28,48,29,0,0,0,0,8,0.000,10.217,9.961,0.169,2.984,0.059,0.356,0.341,2.909,0.079,0.340,1.118,1.606,0.154,0.000,0.000,0.000,0.000,0.000,0.000,0.000,0.000,0.000,0.000,0.000,0.000,0.000,0.000,0.000,0.000,0,0,3.329,3.043,1.458,0.000,18
Data-Oriented CPU ROAM,RelWithDebInfo,OpenGL,NVIDIA GeForce RTX 5090 D/PCIe/SSE2,4.3.0 NVIDIA 591.86,false,assets/heightmaps/Hm_Terrain_Test_129.pgm,129,129,80.000,12.000,20,4.000,2.000,200000,8.536,0.000,18.000,2.322,10.566,19156,163220,19154,46,23,74,40,0,0,0,0,8,153.558,10.437,10.174,0.150,3.286,0.086,0.353,0.351,2.807,0.068,0.345,1.066,1.662,0.155,0.000,0.000,0.000,0.000,0.000,0.000,0.000,0.000,0.000,0.000,0.000,0.000,0.000,0.000,0.000,0.000,0,0,3.226,3.371,1.411,0.000,18
Data-Oriented CPU ROAM,RelWithDebInfo,OpenGL,NVIDIA GeForce RTX 5090 D/PCIe/SSE2,4.3.0 NVIDIA 591.86,false,assets/heightmaps/Hm_Terrain_Test_129.pgm,129,129,80.000,12.000,20,4.000,2.000,200000,8.546,0.000,18.000,2.290,10.787,19092,163336,19090,58,29,122,31,0,0,0,0,8,1315.665,9.752,9.500,0.169,2.879,0.116,0.353,0.368,2.393,0.096,0.343,1.084,1.699,0.151,0.000,0.000,0.000,0.000,0.000,0.000,0.000,0.000,0.000,0.000,0.000,0.000,0.000,0.000,0.000,0.000,0,0,2.858,2.995,1.426,0.000,18
Data-Oriented CPU ROAM,RelWithDebInfo,OpenGL,NVIDIA GeForce RTX 5090 D/PCIe/SSE2,4.3.0 NVIDIA 591.86,false,assets/heightmaps/Hm_Terrain_Test_129.pgm,129,129,80.000,12.000,20,4.000,2.000,200000,8.556,0.000,18.000,2.260,10.090,19088,163436,19086,50,25,54,28,0,0,0,0,8,0.000,10.582,10.319,0.162,3.338,0.065,0.353,0.189,2.710,0.102,0.612,1.104,1.685,0.144,0.000,0.000,0.000,0.000,0.000,0.000,0.000,0.000,0.000,0.000,0.000,0.000,0.000,0.000,0.000,0.000,0,0,3.001,3.403,1.715,0.000,18
Data-Oriented CPU ROAM,RelWithDebInfo,OpenGL,NVIDIA GeForce RTX 5090 D/PCIe/SSE2,4.3.0 NVIDIA 591.86,false,assets/heightmaps/Hm_Terrain_Test_129.pgm,129,129,80.000,12.000,20,4.000,2.000,200000,8.567,0.000,18.000,2.227,11.018,19088,163516,19086,40,20,40,22,0,0,0,0,8,156.061,10.265,10.011,0.157,3.286,0.051,0.352,0.248,2.863,0.061,0.345,1.067,1.582,0.153,0.000,0.000,0.000,0.000,0.000,0.000,0.000,0.000,0.000,0.000,0.000,0.000,0.000,0.000,0.000,0.000,0,0,3.171,3.337,1.412,0.000,18
Data-Oriented CPU ROAM,RelWithDebInfo,OpenGL,NVIDIA GeForce RTX 5090 D/PCIe/SSE2,4.3.0 NVIDIA 591.86,false,assets/heightmaps/Hm_Terrain_Test_129.pgm,129,129,80.000,12.000,20,4.000,2.000,200000,8.578,0.000,18.000,2.196,10.604,19120,163624,19118,54,27,22,29,0,0,0,0,8,1011.261,11.076,10.814,0.153,3.024,0.036,0.353,0.345,3.184,0.074,0.339,1.567,1.738,0.166,0.000,0.000,0.000,0.000,0.000,0.000,0.000,0.000,0.000,0.000,0.000,0.000,0.000,0.000,0.000,0.000,0,0,3.604,3.061,1.905,0.000,18
Data-Oriented CPU ROAM,RelWithDebInfo,OpenGL,NVIDIA GeForce RTX 5090 D/PCIe/SSE2,4.3.0 NVIDIA 591.86,false,assets/heightmaps/Hm_Terrain_Test_129.pgm,129,129,80.000,12.000,20,4.000,2.000,200000,8.590,0.000,18.000,2.163,11.418,19120,163744,19118,60,30,60,31,0,0,0,0,8,0.000,10.110,9.856,0.159,3.298,0.072,0.363,0.361,2.498,0.082,0.343,1.096,1.582,0.154,0.000,0.000,0.000,0.000,0.000,0.000,0.000,0.000,0.000,0.000,0.000,0.000,0.000,0.000,0.000,0.000,0,0,2.941,3.371,1.440,0.000,18
Data-Oriented CPU ROAM,RelWithDebInfo,OpenGL,NVIDIA GeForce RTX 5090 D/PCIe/SSE2,4.3.0 NVIDIA 591.86,false,assets/heightmaps/Hm_Terrain_Test_129.pgm,129,129,80.000,12.000,20,4.000,2.000,200000,8.600,0.000,18.000,2.133,10.443,19124,163876,19122,66,33,62,36,0,0,0,0,8,1001.667,9.627,9.358,0.159,2.937,0.079,0.352,0.181,2.569,0.095,0.342,1.088,1.556,0.163,0.000,0.000,0.000,0.000,0.000,0.000,0.000,0.000,0.000,0.000,0.000,0.000,0.000,0.000,0.000,0.000,0,0,2.845,3.016,1.430,0.000,18
Data-Oriented CPU ROAM,RelWithDebInfo,OpenGL,NVIDIA GeForce RTX 5090 D/PCIe/SSE2,4.3.0 NVIDIA 591.86,false,assets/heightmaps/Hm_Terrain_Test_129.pgm,129,129,80.000,12.000,20,4.000,2.000,200000,8.610,0.000,18.000,2.104,9.961,19122,163960,19120,42,21,44,28,0,0,0,0,8,152.737,10.469,10.229,0.152,3.143,0.055,0.368,0.344,3.220,0.059,0.339,1.064,1.484,0.148,0.000,0.000,0.000,0.000,0.000,0.000,0.000,0.000,0.000,0.000,0.000,0.000,0.000,0.000,0.000,0.000,0,0,3.623,3.198,1.403,0.000,18
Data-Oriented CPU ROAM,RelWithDebInfo,OpenGL,NVIDIA GeForce RTX 5090 D/PCIe/SSE2,4.3.0 NVIDIA 591.86,false,assets/heightmaps/Hm_Terrain_Test_129.pgm,129,129,80.000,12.000,20,4.000,2.000,200000,8.621,0.000,18.000,2.073,10.782,19098,164036,19096,38,19,62,22,0,0,0,0,8,0.000,10.585,10.329,0.149,3.205,0.080,0.355,0.283,2.691,0.057,0.354,1.521,1.633,0.153,0.000,0.000,0.000,0.000,0.000,0.000,0.000,0.000,0.000,0.000,0.000,0.000,0.000,0.000,0.000,0.000,0,0,3.031,3.286,1.875,0.000,17
Data-Oriented CPU ROAM,RelWithDebInfo,OpenGL,NVIDIA GeForce RTX 5090 D/PCIe/SSE2,4.3.0 NVIDIA 591.86,false,assets/heightmaps/Hm_Terrain_Test_129.pgm,129,129,80.000,12.000,20,4.000,2.000,200000,8.632,0.000,18.000,2.042,10.931,19074,164088,19072,26,13,50,28,0,0,0,0,8,1260.691,10.172,9.914,0.154,3.282,0.064,0.358,0.255,2.663,0.044,0.336,1.052,1.706,0.157,0.000,0.000,0.000,0.000,0.000,0.000,0.000,0.000,0.000,0.000,0.000,0.000,0.000,0.000,0.000,0.000,0,0,2.962,3.346,1.388,0.000,17
Data-Oriented CPU ROAM,RelWithDebInfo,OpenGL,NVIDIA GeForce RTX 5090 D/PCIe/SSE2,4.3.0 NVIDIA 591.86,false,assets/heightmaps/Hm_Terrain_Test_129.pgm,129,129,80.000,12.000,20,4.000,2.000,200000,8.642,0.000,18.000,2.012,10.515,19084,164188,19082,50,25,40,25,0,0,0,0,8,156.786,10.221,9.964,0.172,2.872,0.054,0.352,0.349,2.873,0.078,0.342,1.087,1.785,0.164,0.000,0.000,0.000,0.000,0.000,0.000,0.000,0.000,0.000,0.000,0.000,0.000,0.000,0.000,0.000,0.000,0,0,3.301,2.927,1.428,0.000,17
Data-Oriented CPU ROAM,RelWithDebInfo,OpenGL,NVIDIA GeForce RTX 5090 D/PCIe/SSE2,4.3.0 NVIDIA 591.86,false,assets/heightmaps/Hm_Terrain_Test_129.pgm,129,129,80.000,12.000,20,4.000,2.000,200000,8.653,0.000,18.000,1.983,10.555,19060,164272,19058,42,21,66,21,0,0,0,0,8,0.000,10.125,9.877,0.165,3.294,0.078,0.355,0.322,2.657,0.064,0.339,1.068,1.534,0.148,0.000,0.000,0.000,0.000,0.000,0.000,0.000,0.000,0.000,0.000,0.000,0.000,0.000,0.000,0.000,0.000,0,0,3.044,3.372,1.408,0.000,17
Data-Oriented CPU ROAM,RelWithDebInfo,OpenGL,NVIDIA GeForce RTX 5090 D/PCIe/SSE2,4.3.0 NVIDIA 591.86,false,assets/heightmaps/Hm_Terrain_Test_129.pgm,129,129,80.000,12.000,20,4.000,2.000,200000,8.663,0.000,18.000,1.953,10.461,19066,164380,19064,54,27,48,29,0,0,0,0,8,156.884,10.204,9.957,0.155,2.849,0.064,0.352,0.349,2.801,0.107,0.439,1.107,1.732,0.156,0.000,0.000,0.000,0.000,0.000,0.000,0.000,0.000,0.000,0.000,0.000,0.000,0.000,0.000,0.000,0.000,0,0,3.257,2.913,1.547,0.000,17
Data-Oriented CPU ROAM,RelWithDebInfo,OpenGL,NVIDIA GeForce RTX 5090 D/PCIe/SSE2,4.3.0 NVIDIA 591.86,false,assets/heightmaps/Hm_Terrain_Test_129.pgm,129,129,80.000,12.000,20,4.000,2.000,200000,8.674,0.000,18.000,1.924,10.522,19082,164484,19080,52,26,36,29,0,0,0,0,8,157.255,10.198,9.935,0.150,3.280,0.049,0.378,0.344,2.701,0.072,0.334,1.067,1.559,0.160,0.000,0.000,0.000,0.000,0.000,0.000,0.000,0.000,0.000,0.000,0.000,0.000,0.000,0.000,0.000,0.000,0,0,3.118,3.329,1.401,0.000,17
Data-Oriented CPU ROAM,RelWithDebInfo,OpenGL,NVIDIA GeForce RTX 5090 D/PCIe/SSE2,4.3.0 NVIDIA 591.86,false,assets/heightmaps/Hm_Terrain_Test_129.pgm,129,129,80.000,12.000,20,4.000,2.000,200000,8.684,0.000,18.000,1.895,10.521,19092,164608,19090,62,31,52,32,0,0,0,0,8,0.000,10.411,10.166,0.160,2.947,0.065,0.394,0.357,3.058,0.082,0.341,1.105,1.658,0.151,0.000,0.000,0.000,0.000,0.000,0.000,0.000,0.000,0.000,0.000,0.000,0.000,0.000,0.000,0.000,0.000,0,0,3.497,3.012,1.445,0.000,17
Data-Oriented CPU ROAM,RelWithDebInfo,OpenGL,NVIDIA GeForce RTX 5090 D/PCIe/SSE2,4.3.0 NVIDIA 591.86,false,assets/heightmaps/Hm_Terrain_Test_129.pgm,129,129,80.000,12.000,20,4.000,2.000,200000,8.695,0.000,18.000,1.866,10.737,19106,164736,19104,64,32,50,32,0,0,0,0,8,0.000,10.774,10.515,0.151,3.086,0.061,0.358,0.353,2.886,0.093,0.381,1.477,1.670,0.149,0.000,0.000,0.000,0.000,0.000,0.000,0.000,0.000,0.000,0.000,0.000,0.000,0.000,0.000,0.000,0.000,0,0,3.332,3.147,1.858,0.000,17
Data-Oriented CPU ROAM,RelWithDebInfo,OpenGL,NVIDIA GeForce RTX 5090 D/PCIe/SSE2,4.3.0 NVIDIA 591.86,false,assets/heightmaps/Hm_Terrain_Test_129.pgm,129,129,80.000,12.000,20,4.000,2.000,200000,8.706,0.000,18.000,1.836,11.117,19114,164836,19112,62,37,54,27,0,0,0,0,8,328.868,9.745,9.501,0.156,2.658,0.059,0.347,0.247,2.887,0.079,0.343,1.078,1.647,0.150,0.000,0.000,0.000,0.000,0.000,0.000,0.000,0.000,0.000,0.000,0.000,0.000,0.000,0.000,0.000,0.000,0,0,3.213,2.718,1.420,0.000,17
Data-Oriented CPU ROAM,RelWithDebInfo,OpenGL,NVIDIA GeForce RTX 5090 D/PCIe/SSE2,4.3.0 NVIDIA 591.86,false,assets/heightmaps/Hm_Terrain_Test_129.pgm,129,129,80.000,12.000,20,4.000,2.000,200000,8.716,0.000,18.000,1.809,10.070,19080,164892,19078,28,14,62,30,0,0,0,0,8,0.000,10.361,10.113,0.150,3.072,0.066,0.353,0.350,2.961,0.059,0.339,1.075,1.688,0.150,0.000,0.000,0.000,0.000,0.000,0.000,0.000,0.000,0.000,0.000,0.000,0.000,0.000,0.000,0.000,0.000,0,0,3.370,3.138,1.414,0.000,17
Data-Oriented CPU ROAM,RelWithDebInfo,OpenGL,NVIDIA GeForce RTX 5090 D/PCIe/SSE2,4.3.0 NVIDIA 591.86,false,assets/heightmaps/Hm_Terrain_Test_129.pgm,129,129,80.000,12.000,20,4.000,2.000,200000,8.727,0.000,18.000,1.780,10.702,19064,164964,19062,36,18,52,24,0,0,0,0,8,0.000,10.135,9.895,0.157,3.138,0.062,0.352,0.183,2.938,0.053,0.343,1.071,1.597,0.148,0.000,0.000,0.000,0.000,0.000,0.000,0.000,0.000,0.000,0.000,0.000,0.000,0.000,0.000,0.000,0.000,0,0,3.174,3.200,1.414,0.000,17
Data-Oriented CPU ROAM,RelWithDebInfo,OpenGL,NVIDIA GeForce RTX 5090 D/PCIe/SSE2,4.3.0 NVIDIA 591.86,false,assets/heightmaps/Hm_Terrain_Test_129.pgm,129,129,80.000,12.000,20,4.000,2.000,200000,8.737,0.000,18.000,1.752,10.457,19036,165012,19034,24,12,52,30,0,0,0,0,8,330.569,9.709,9.452,0.151,2.656,0.062,0.351,0.347,2.905,0.041,0.335,1.047,1.557,0.153,0.000,0.000,0.000,0.000,0.000,0.000,0.000,0.000,0.000,0.000,0.000,0.000,0.000,0.000,0.000,0.000,0,0,3.293,2.718,1.382,0.000,17
Data-Oriented CPU ROAM,RelWithDebInfo,OpenGL,NVIDIA GeForce RTX 5090 D/PCIe/SSE2,4.3.0 NVIDIA 591.86,false,assets/heightmaps/Hm_Terrain_Test_129.pgm,129,129,80.000,12.000,20,4.000,2.000,200000,8.747,0.000,18.000,1.726,10.011,19020,165100,19018,44,22,60,24,0,0,0,0,8,0.000,10.023,9.778,0.156,2.906,0.078,0.354,0.184,2.970,0.063,0.339,1.072,1.656,0.152,0.000,0.000,0.000,0.000,0.000,0.000,0.000,0.000,0.000,0.000,0.000,0.000,0.000,0.000,0.000,0.000,0,0,3.217,2.984,1.411,0.000,17
Data-Oriented CPU ROAM,RelWithDebInfo,OpenGL,NVIDIA GeForce RTX 5090 D/PCIe/SSE2,4.3.0 NVIDIA 591.86,false,assets/heightmaps/Hm_Terrain_Test_129.pgm,129,129,80.000,12.000,20,4.000,2.000,200000,8.758,0.000,18.000,1.699,10.339,19002,165188,19000,44,22,62,28,0,0,0,0,8,0.000,10.050,9.790,0.164,3.240,0.069,0.355,0.228,2.651,0.063,0.338,1.055,1.625,0.160,0.000,0.000,0.000,0.000,0.000,0.000,0.000,0.000,0.000,0.000,0.000,0.000,0.000,0.000,0.000,0.000,0,0,2.943,3.309,1.394,0.000,17
Data-Oriented CPU ROAM,RelWithDebInfo,OpenGL,NVIDIA GeForce RTX 5090 D/PCIe/SSE2,4.3.0 NVIDIA 591.86,false,assets/heightmaps/Hm_Terrain_Test_129.pgm,129,129,80.000,12.000,20,4.000,2.000,200000,8.768,0.000,18.000,1.672,10.391,18996,165288,18994,50,25,56,27,0,0,0,0,8,163.710,9.773,9.543,0.161,2.731,0.075,0.343,0.224,2.869,0.075,0.339,1.104,1.620,0.146,0.000,0.000,0.000,0.000,0.000,0.000,0.000,0.000,0.000,0.000,0.000,0.000,0.000,0.000,0.000,0.000,0,0,3.169,2.807,1.444,0.000,17
Data-Oriented CPU ROAM,RelWithDebInfo,OpenGL,NVIDIA GeForce RTX 5090 D/PCIe/SSE2,4.3.0 NVIDIA 591.86,false,assets/heightmaps/Hm_Terrain_Test_129.pgm,129,129,80.000,12.000,20,4.000,2.000,200000,8.778,0.000,18.000,1.646,10.091,18978,165372,18976,42,21,60,21,0,0,0,0,8,0.000,9.651,9.390,0.149,3.047,0.066,0.355,0.288,2.479,0.065,0.345,1.046,1.550,0.164,0.000,0.000,0.000,0.000,0.000,0.000,0.000,0.000,0.000,0.000,0.000,0.000,0.000,0.000,0.000,0.000,0,0,2.833,3.112,1.391,0.000,17
Data-Oriented CPU ROAM,RelWithDebInfo,OpenGL,NVIDIA GeForce RTX 5090 D/PCIe/SSE2,4.3.0 NVIDIA 591.86,false,assets/heightmaps/Hm_Terrain_Test_129.pgm,129,129,80.000,12.000,20,4.000,2.000,200000,8.788,0.000,18.000,1.620,10.008,18962,165456,18960,42,21,58,22,0,0,0,0,8,154.519,10.651,10.111,0.161,2.982,0.074,0.349,0.372,3.112,0.065,0.337,1.062,1.598,0.147,0.000,0.000,0.000,0.000,0.000,0.000,0.000,0.000,0.000,0.000,0.000,0.000,0.000,0.000,0.000,0.000,0,0,3.548,3.056,1.398,0.000,17
Data-Oriented CPU ROAM,RelWithDebInfo,OpenGL,NVIDIA GeForce RTX 5090 D/PCIe/SSE2,4.3.0 NVIDIA 591.86,false,assets/heightmaps/Hm_Terrain_Test_129.pgm,129,129,80.000,12.000,20,4.000,2.000,200000,8.799,0.000,18.000,1.592,10.959,18962,165572,18960,58,29,58,30,0,0,0,0,8,161.796,9.902,9.656,0.152,2.642,0.066,0.354,0.345,3.010,0.077,0.336,1.092,1.583,0.150,0.000,0.000,0.000,0.000,0.000,0.000,0.000,0.000,0.000,0.000,0.000,0.000,0.000,0.000,0.000,0.000,0,0,3.432,2.708,1.427,0.000,17
Data-Oriented CPU ROAM,RelWithDebInfo,OpenGL,NVIDIA GeForce RTX 5090 D/PCIe/SSE2,4.3.0 NVIDIA 591.86,false,assets/heightmaps/Hm_Terrain_Test_129.pgm,129,129,80.000,12.000,20,4.000,2.000,200000,8.809,0.000,18.000,1.566,10.209,18982,165656,18980,42,21,22,23,0,0,0,0,8,154.122,10.385,10.137,0.157,2.871,0.030,0.351,0.366,3.109,0.063,0.343,1.094,1.752,0.154,0.000,0.000,0.000,0.000,0.000,0.000,0.000,0.000,0.000,0.000,0.000,0.000,0.000,0.000,0.000,0.000,0,0,3.538,2.901,1.437,0.000,17
Data-Oriented CPU ROAM,RelWithDebInfo,OpenGL,NVIDIA GeForce RTX 5090 D/PCIe/SSE2,4.3.0 NVIDIA 591.86,false,assets/heightmaps/Hm_Terrain_Test_129.pgm,129,129,80.000,12.000,20,4.000,2.000,200000,8.820,0.000,18.000,1.539,10.715,19012,165752,19010,48,24,18,27,0,0,0,0,8,0.000,10.466,10.207,0.153,3.205,0.032,0.355,0.344,3.038,0.066,0.333,1.074,1.608,0.156,0.000,0.000,0.000,0.000,0.000,0.000,0.000,0.000,0.000,0.000,0.000,0.000,0.000,0.000,0.000,0.000,0,0,3.447,3.237,1.408,0.000,17
Data-Oriented CPU ROAM,RelWithDebInfo,OpenGL,NVIDIA GeForce RTX 5090 D/PCIe/SSE2,4.3.0 NVIDIA 591.86,false,assets/heightmaps/Hm_Terrain_Test_129.pgm,129,129,80.000,12.000,20,4.000,2.000,200000,8.831,0.000,18.000,1.513,10.810,19006,165836,19004,42,21,48,22,0,0,0,0,8,1241.619,10.316,10.066,0.155,3.131,0.058,0.350,0.345,2.836,0.065,0.387,1.101,1.638,0.154,0.000,0.000,0.000,0.000,0.000,0.000,0.000,0.000,0.000,0.000,0.000,0.000,0.000,0.000,0.000,0.000,0,0,3.246,3.189,1.487,0.000,17
Data-Oriented CPU ROAM,RelWithDebInfo,OpenGL,NVIDIA GeForce RTX 5090 D/PCIe/SSE2,4.3.0 NVIDIA 591.86,false,assets/heightmaps/Hm_Terrain_Test_129.pgm,129,129,80.000,12.000,20,4.000,2.000,200000,8.841,0.000,18.000,1.486,10.638,19030,165920,19028,42,21,18,26,0,0,0,0,8,0.000,10.010,9.745,0.155,2.833,0.026,0.380,0.339,2.803,0.075,0.339,1.125,1.669,0.162,0.000,0.000,0.000,0.000,0.000,0.000,0.000,0.000,0.000,0.000,0.000,0.000,0.000,0.000,0.000,0.000,0,0,3.218,2.860,1.464,0.000,17
Data-Oriented CPU ROAM,RelWithDebInfo,OpenGL,NVIDIA GeForce RTX 5090 D/PCIe/SSE2,4.3.0 NVIDIA 591.86,false,assets/heightmaps/Hm_Terrain_Test_129.pgm,129,129,80.000,12.000,20,4.000,2.000,200000,8.852,0.000,18.000,1.461,10.364,19024,166000,19022,40,20,46,22,0,0,0,0,8,0.000,10.435,10.182,0.164,3.136,0.059,0.348,0.348,2.799,0.063,0.344,1.138,1.782,0.158,0.000,0.000,0.000,0.000,0.000,0.000,0.000,0.000,0.000,0.000,0.000,0.000,0.000,0.000,0.000,0.000,0,0,3.210,3.194,1.483,0.000,17
Data-Oriented CPU ROAM,RelWithDebInfo,OpenGL,NVIDIA GeForce RTX 5090 D/PCIe/SSE2,4.3.0 NVIDIA 591.86,false,assets/heightmaps/Hm_Terrain_Test_129.pgm,129,129,80.000,12.000,20,4.000,2.000,200000,8.863,0.000,18.000,1.435,10.789,19028,166084,19026,42,21,38,21,0,0,0,0,8,138.247,11.572,11.301,0.155,3.342,0.049,0.354,0.342,3.265,0.062,0.340,1.593,1.800,0.165,0.000,0.000,0.000,0.000,0.000,0.000,0.000,0.000,0.000,0.000,0.000,0.000,0.000,0.000,0.000,0.000,0,0,3.668,3.391,1.933,0.000,17
Data-Oriented CPU ROAM,RelWithDebInfo,OpenGL,NVIDIA GeForce RTX 5090 D/PCIe/SSE2,4.3.0 NVIDIA 591.86,false,assets/heightmaps/Hm_Terrain_Test_129.pgm,129,129,80.000,12.000,20,4.000,2.000,200000,8.875,0.000,18.000,1.406,11.937,18998,166156,18996,36,18,66,18,0,0,0,0,8,158.873,10.077,9.834,0.167,3.351,0.081,0.368,0.186,2.505,0.058,0.346,1.151,1.620,0.149,0.000,0.000,0.000,0.000,0.000,0.000,0.000,0.000,0.000,0.000,0.000,0.000,0.000,0.000,0.000,0.000,0,0,2.749,3.432,1.497,0.000,17
Data-Oriented CPU ROAM,RelWithDebInfo,OpenGL,NVIDIA GeForce RTX 5090 D/PCIe/SSE2,4.3.0 NVIDIA 591.86,false,assets/heightmaps/Hm_Terrain_Test_129.pgm,129,129,80.000,12.000,20,4.000,2.000,200000,8.885,0.000,18.000,1.381,10.418,18942,166236,18940,40,20,96,21,0,0,0,0,8,0.000,10.733,10.472,0.154,3.068,0.106,0.353,0.351,3.003,0.064,0.339,1.288,1.746,0.158,0.000,0.000,0.000,0.000,0.000,0.000,0.000,0.000,0.000,0.000,0.000,0.000,0.000,0.000,0.000,0.000,0,0,3.418,3.174,1.627,0.000,17
Data-Oriented CPU ROAM,RelWithDebInfo,OpenGL,NVIDIA GeForce RTX 5090 D/PCIe/SSE2,4.3.0 NVIDIA 591.86,false,assets/heightmaps/Hm_Terrain_Test_129.pgm,129,129,80.000,12.000,20,4.000,2.000,200000,8.896,0.000,18.000,1.355,11.102,18942,166308,18940,38,20,38,28,0,0,0,0,8,157.841,10.147,9.898,0.161,3.087,0.048,0.365,0.349,2.769,0.060,0.344,1.106,1.608,0.154,0.000,0.000,0.000,0.000,0.000,0.000,0.000,0.000,0.000,0.000,0.000,0.000,0.000,0.000,0.000,0.000,0,0,3.178,3.135,1.450,0.000,17
Data-Oriented CPU ROAM,RelWithDebInfo,OpenGL,NVIDIA GeForce RTX 5090 D/PCIe/SSE2,4.3.0 NVIDIA 591.86,false,assets/heightmaps/Hm_Terrain_Test_129.pgm,129,129,80.000,12.000,20,4.000,2.000,200000,8.907,0.000,18.000,1.330,10.655,18932,166404,18930,48,23,58,25,0,0,0,0,8,158.335,10.120,9.866,0.175,2.698,0.064,0.345,0.372,3.063,0.071,0.336,1.083,1.659,0.152,0.000,0.000,0.000,0.000,0.000,0.000,0.000,0.000,0.000,0.000,0.000,0.000,0.000,0.000,0.000,0.000,0,0,3.506,2.763,1.419,0.000,17
Data-Oriented CPU ROAM,RelWithDebInfo,OpenGL,NVIDIA GeForce RTX 5090 D/PCIe/SSE2,4.3.0 NVIDIA 591.86,false,assets/heightmaps/Hm_Terrain_Test_129.pgm,129,129,80.000,12.000,20,4.000,2.000,200000,8.917,0.000,18.000,1.305,10.519,18923,166504,18921,50,25,59,34,0,0,0,0,8,0.000,9.792,9.546,0.161,3.022,0.070,0.353,0.184,2.559,0.071,0.340,1.118,1.667,0.149,0.000,0.000,0.000,0.000,0.000,0.000,0.000,0.000,0.000,0.000,0.000,0.000,0.000,0.000,0.000,0.000,0,0,2.815,3.092,1.458,0.000,17
Data-Oriented CPU ROAM,RelWithDebInfo,OpenGL,NVIDIA GeForce RTX 5090 D/PCIe/SSE2,4.3.0 NVIDIA 591.86,false,assets/heightmaps/Hm_Terrain_Test_129.pgm,129,129,80.000,12.000,20,4.000,2.000,200000,8.927,0.000,18.000,1.282,10.168,18919,166600,18917,48,24,52,25,0,0,0,0,8,156.868,10.216,9.958,0.174,2.736,0.060,0.350,0.343,3.109,0.073,0.337,1.107,1.669,0.157,0.000,0.000,0.000,0.000,0.000,0.000,0.000,0.000,0.000,0.000,0.000,0.000,0.000,0.000,0.000,0.000,0,0,3.525,2.795,1.444,0.000,17
Data-Oriented CPU ROAM,RelWithDebInfo,OpenGL,NVIDIA GeForce RTX 5090 D/PCIe/SSE2,4.3.0 NVIDIA 591.86,false,assets/heightmaps/Hm_Terrain_Test_129.pgm,129,129,80.000,12.000,20,4.000,2.000,200000,8.938,0.000,18.000,1.258,10.605,18927,166660,18925,30,15,22,15,0,0,0,0,8,163.824,9.785,9.536,0.159,3.023,0.032,0.359,0.209,2.635,0.050,0.337,1.058,1.675,0.152,0.000,0.000,0.000,0.000,0.000,0.000,0.000,0.000,0.000,0.000,0.000,0.000,0.000,0.000,0.000,0.000,0,0,2.894,3.055,1.395,0.000,17
Data-Oriented CPU ROAM,RelWithDebInfo,OpenGL,NVIDIA GeForce RTX 5090 D/PCIe/SSE2,4.3.0 NVIDIA 591.86,false,assets/heightmaps/Hm_Terrain_Test_129.pgm,129,129,80.000,12.000,20,4.000,2.000,200000,8.948,0.000,18.000,1.235,10.160,18898,166740,18896,40,20,69,28,0,0,0,0,8,0.000,10.432,10.182,0.171,2.954,0.077,0.351,0.186,3.180,0.064,0.337,1.058,1.804,0.152,0.000,0.000,0.000,0.000,0.000,0.000,0.000,0.000,0.000,0.000,0.000,0.000,0.000,0.000,0.000,0.000,0,0,3.429,3.031,1.395,0.000,17
Data-Oriented CPU ROAM,RelWithDebInfo,OpenGL,NVIDIA GeForce RTX 5090 D/PCIe/SSE2,4.3.0 NVIDIA 591.86,false,assets/heightmaps/Hm_Terrain_Test_129.pgm,129,129,80.000,12.000,20,4.000,2.000,200000,8.959,0.000,18.000,1.210,10.790,18895,166806,18893,33,16,36,24,0,0,0,0,8,955.122,10.060,9.814,0.156,3.127,0.054,0.352,0.347,2.714,0.051,0.340,1.051,1.621,0.148,0.000,0.000,0.000,0.000,0.000,0.000,0.000,0.000,0.000,0.000,0.000,0.000,0.000,0.000,0.000,0.000,0,0,3.112,3.181,1.391,0.000,17
Data-Oriented CPU ROAM,RelWithDebInfo,OpenGL,NVIDIA GeForce RTX 5090 D/PCIe/SSE2,4.3.0 NVIDIA 591.86,false,assets/heightmaps/Hm_Terrain_Test_129.pgm,129,129,80.000,12.000,20,4.000,2.000,200000,8.969,0.000,18.000,1.187,10.411,18897,166866,18895,30,15,28,20,0,0,0,0,8,153.018,10.488,10.210,0.166,2.794,0.040,0.345,0.345,3.283,0.054,0.339,1.072,1.772,0.185,0.000,0.000,0.000,0.000,0.000,0.000,0.000,0.000,0.000,0.000,0.000,0.000,0.000,0.000,0.000,0.000,0,0,3.682,2.834,1.411,0.000,17
Data-Oriented CPU ROAM,RelWithDebInfo,OpenGL,NVIDIA GeForce RTX 5090 D/PCIe/SSE2,4.3.0 NVIDIA 591.86,false,assets/heightmaps/Hm_Terrain_Test_129.pgm,129,129,80.000,12.000,20,4.000,2.000,200000,8.980,0.000,18.000,1.163,10.844,18899,166946,18897,40,20,38,26,0,0,0,0,8,0.000,10.050,9.806,0.159,3.010,0.047,0.355,0.186,2.801,0.070,0.344,1.096,1.738,0.153,0.000,0.000,0.000,0.000,0.000,0.000,0.000,0.000,0.000,0.000,0.000,0.000,0.000,0.000,0.000,0.000,0,0,3.057,3.057,1.439,0.000,17
Data-Oriented CPU ROAM,RelWithDebInfo,OpenGL,NVIDIA GeForce RTX 5090 D/PCIe/SSE2,4.3.0 NVIDIA 591.86,false,assets/heightmaps/Hm_Terrain_Test_129.pgm,129,129,80.000,12.000,20,4.000,2.000,200000,8.991,0.000,18.000,1.140,10.387,18894,166992,18892,23,11,28,16,0,0,0,0,8,784.955,10.202,9.952,0.166,3.273,0.039,0.352,0.256,2.830,0.041,0.342,1.049,1.603,0.153,0.000,0.000,0.000,0.000,0.000,0.000,0.000,0.000,0.000,0.000,0.000,0.000,0.000,0.000,0.000,0.000,0,0,3.128,3.313,1.390,0.000,17
Data-Oriented CPU ROAM,RelWithDebInfo,OpenGL,NVIDIA GeForce RTX 5090 D/PCIe/SSE2,4.3.0 NVIDIA 591.86,false,assets/heightmaps/Hm_Terrain_Test_129.pgm,129,129,80.000,12.000,20,4.000,2.000,200000,9.001,0.000,18.000,1.117,10.577,18892,167056,18890,32,16,34,16,0,0,0,0,8,151.820,10.548,10.290,0.155,3.096,0.045,0.347,0.349,3.117,0.055,0.338,1.077,1.712,0.149,0.000,0.000,0.000,0.000,0.000,0.000,0.000,0.000,0.000,0.000,0.000,0.000,0.000,0.000,0.000,0.000,0,0,3.521,3.141,1.414,0.000,17
Data-Oriented CPU ROAM,RelWithDebInfo,OpenGL,NVIDIA GeForce RTX 5090 D/PCIe/SSE2,4.3.0 NVIDIA 591.86,false,assets/heightmaps/Hm_Terrain_Test_129.pgm,129,129,80.000,12.000,20,4.000,2.000,200000,9.012,0.000,18.000,1.094,10.894,18917,167152,18915,48,24,23,25,0,0,0,0,8,0.000,10.032,9.786,0.166,2.895,0.034,0.352,0.350,2.911,0.074,0.338,1.050,1.617,0.149,0.000,0.000,0.000,0.000,0.000,0.000,0.000,0.000,0.000,0.000,0.000,0.000,0.000,0.000,0.000,0.000,0,0,3.335,2.928,1.388,0.000,17
Data-Oriented CPU ROAM,RelWithDebInfo,OpenGL,NVIDIA GeForce RTX 5090 D/PCIe/SSE2,4.3.0 NVIDIA 591.86,false,assets/heightmaps/Hm_Terrain_Test_129.pgm,129,129,80.000,12.000,20,4.000,2.000,200000,9.022,0.000,18.000,1.072,10.389,18881,167168,18879,8,4,44,22,0,0,0,0,8,158.897,10.126,9.832,0.155,2.998,0.053,0.354,0.345,2.848,0.019,0.340,1.095,1.625,0.198,0.000,0.000,0.000,0.000,0.000,0.000,0.000,0.000,0.000,0.000,0.000,0.000,0.000,0.000,0.000,0.000,0,0,3.211,3.052,1.435,0.000,17
Data-Oriented CPU ROAM,RelWithDebInfo,OpenGL,NVIDIA GeForce RTX 5090 D/PCIe/SSE2,4.3.0 NVIDIA 591.86,false,assets/heightmaps/Hm_Terrain_Test_129.pgm,129,129,80.000,12.000,20,4.000,2.000,200000,9.033,0.000,18.000,1.050,10.460,18891,167248,18889,40,20,30,20,0,0,0,0,8,157.817,10.156,9.899,0.156,2.701,0.039,0.349,0.292,3.245,0.061,0.341,1.082,1.634,0.157,0.000,0.000,0.000,0.000,0.000,0.000,0.000,0.000,0.000,0.000,0.000,0.000,0.000,0.000,0.000,0.000,0,0,3.598,2.739,1.422,0.000,17
Data-Oriented CPU ROAM,RelWithDebInfo,OpenGL,NVIDIA GeForce RTX 5090 D/PCIe/SSE2,4.3.0 NVIDIA 591.86,false,assets/heightmaps/Hm_Terrain_Test_129.pgm,129,129,80.000,12.000,20,4.000,2.000,200000,9.043,0.000,18.000,1.028,10.500,18781,167312,18779,32,16,142,33,0,0,0,0,8,0.000,10.576,10.311,0.156,2.874,0.138,0.352,0.262,3.220,0.051,0.335,1.124,1.800,0.169,0.000,0.000,0.000,0.000,0.000,0.000,0.000,0.000,0.000,0.000,0.000,0.000,0.000,0.000,0.000,0.000,0,0,3.533,3.012,1.459,0.000,17
Data-Oriented CPU ROAM,RelWithDebInfo,OpenGL,NVIDIA GeForce RTX 5090 D/PCIe/SSE2,4.3.0 NVIDIA 591.86,false,assets/heightmaps/Hm_Terrain_Test_129.pgm,129,129,80.000,12.000,20,4.000,2.000,200000,9.054,0.000,18.000,1.005,10.939,18753,167360,18751,24,12,52,30,0,0,0,0,8,159.395,10.046,9.801,0.175,2.901,0.066,0.351,0.348,2.910,0.043,0.334,1.055,1.618,0.145,0.000,0.000,0.000,0.000,0.000,0.000,0.000,0.000,0.000,0.000,0.000,0.000,0.000,0.000,0.000,0.000,0,0,3.300,2.967,1.390,0.000,17
Data-Oriented CPU ROAM,RelWithDebInfo,OpenGL,NVIDIA GeForce RTX 5090 D/PCIe/SSE2,4.3.0 NVIDIA 591.86,false,assets/heightmaps/Hm_Terrain_Test_129.pgm,129,129,80.000,12.000,20,4.000,2.000,200000,9.065,0.000,18.000,0.984,10.402,18739,167408,18737,24,12,38,24,0,0,0,0,8,309.198,10.358,10.105,0.157,3.234,0.050,0.348,0.338,2.842,0.041,0.333,1.262,1.501,0.160,0.000,0.000,0.000,0.000,0.000,0.000,0.000,0.000,0.000,0.000,0.000,0.000,0.000,0.000,0.000,0.000,0,0,3.221,3.284,1.594,0.000,17
Data-Oriented CPU ROAM,RelWithDebInfo,OpenGL,NVIDIA GeForce RTX 5090 D/PCIe/SSE2,4.3.0 NVIDIA 591.86,false,assets/heightmaps/Hm_Terrain_Test_129.pgm,129,129,80.000,12.000,20,4.000,2.000,200000,9.076,0.000,18.000,0.962,10.792,18725,167480,18723,36,18,50,24,0,0,0,0,8,0.000,10.120,9.869,0.151,3.275,0.064,0.352,0.198,2.773,0.065,0.342,1.047,1.602,0.149,0.000,0.000,0.000,0.000,0.000,0.000,0.000,0.000,0.000,0.000,0.000,0.000,0.000,0.000,0.000,0.000,0,0,3.036,3.339,1.389,0.000,17
Data-Oriented CPU ROAM,RelWithDebInfo,OpenGL,NVIDIA GeForce RTX 5090 D/PCIe/SSE2,4.3.0 NVIDIA 591.86,false,assets/heightmaps/Hm_Terrain_Test_129.pgm,129,129,80.000,12.000,20,4.000,2.000,200000,9.086,0.000,18.000,0.941,10.459,18667,167532,18665,26,13,84,18,0,0,0,0,8,0.000,10.621,10.369,0.149,3.082,0.106,0.345,0.345,3.267,0.042,0.337,1.094,1.600,0.153,0.000,0.000,0.000,0.000,0.000,0.000,0.000,0.000,0.000,0.000,0.000,0.000,0.000,0.000,0.000,0.000,0,0,3.655,3.187,1.432,0.000,17
Data-Oriented CPU ROAM,RelWithDebInfo,OpenGL,NVIDIA GeForce RTX 5090 D/PCIe/SSE2,4.3.0 NVIDIA 591.86,false,assets/heightmaps/Hm_Terrain_Test_129.pgm,129,129,80.000,12.000,20,4.000,2.000,200000,9.097,0.000,18.000,0.920,10.965,18694,167622,18692,45,22,18,24,0,0,0,0,8,1288.049,9.952,9.703,0.156,3.046,0.028,0.347,0.338,2.827,0.065,0.332,1.062,1.503,0.148,0.000,0.000,0.000,0.000,0.000,0.000,0.000,0.000,0.000,0.000,0.000,0.000,0.000,0.000,0.000,0.000,0,0,3.230,3.074,1.394,0.000,17
Data-Oriented CPU ROAM,RelWithDebInfo,OpenGL,NVIDIA GeForce RTX 5090 D/PCIe/SSE2,4.3.0 NVIDIA 591.86,false,assets/heightmaps/Hm_Terrain_Test_129.pgm,129,129,80.000,12.000,20,4.000,2.000,200000,9.107,0.000,18.000,0.899,10.312,18718,167690,18716,34,17,10,19,0,0,0,0,8,0.000,10.117,9.859,0.163,2.947,0.022,0.347,0.334,2.901,0.056,0.332,1.140,1.617,0.155,0.000,0.000,0.000,0.000,0.000,0.000,0.000,0.000,0.000,0.000,0.000,0.000,0.000,0.000,0.000,0.000,0,0,3.292,2.969,1.472,0.000,17
Data-Oriented CPU ROAM,RelWithDebInfo,OpenGL,NVIDIA GeForce RTX 5090 D/PCIe/SSE2,4.3.0 NVIDIA 591.86,false,assets/heightmaps/Hm_Terrain_Test_129.pgm,129,129,80.000,12.000,20,4.000,2.000,200000,9.118,0.000,18.000,0.879,10.443,18732,167758,18730,34,17,20,17,0,0,0,0,8,0.000,10.426,10.185,0.157,3.196,0.030,0.365,0.343,2.858,0.054,0.338,1.293,1.551,0.151,0.000,0.000,0.000,0.000,0.000,0.000,0.000,0.000,0.000,0.000,0.000,0.000,0.000,0.000,0.000,0.000,0,0,3.255,3.226,1.630,0.000,17
Data-Oriented CPU ROAM,RelWithDebInfo,OpenGL,NVIDIA GeForce RTX 5090 D/PCIe/SSE2,4.3.0 NVIDIA 591.86,false,assets/heightmaps/Hm_Terrain_Test_129.pgm,129,129,80.000,12.000,20,4.000,2.000,200000,9.128,0.000,18.000,0.858,10.750,18730,167810,18728,26,13,28,16,0,0,0,0,8,127.946,12.489,12.211,0.149,3.265,0.040,0.363,0.380,3.291,0.091,0.349,1.958,2.322,0.165,0.000,0.000,0.000,0.000,0.000,0.000,0.000,0.000,0.000,0.000,0.000,0.000,0.000,0.000,0.000,0.000,0,0,3.763,3.305,2.308,0.000,17
Data-Oriented CPU ROAM,RelWithDebInfo,OpenGL,NVIDIA GeForce RTX 5090 D/PCIe/SSE2,4.3.0 NVIDIA 591.86,false,assets/heightmaps/Hm_Terrain_Test_129.pgm,129,129,80.000,12.000,20,4.000,2.000,200000,9.141,0.000,18.000,0.834,12.840,18768,167906,18766,48,24,10,26,0,0,0,0,8,170.521,9.397,9.162,0.152,2.742,0.024,0.361,0.314,2.662,0.068,0.333,1.047,1.459,0.142,0.000,0.000,0.000,0.000,0.000,0.000,0.000,0.000,0.000,0.000,0.000,0.000,0.000,0.000,0.000,0.000,0,0,3.045,2.766,1.379,0.000,17
Data-Oriented CPU ROAM,RelWithDebInfo,OpenGL,NVIDIA GeForce RTX 5090 D/PCIe/SSE2,4.3.0 NVIDIA 591.86,false,assets/heightmaps/Hm_Terrain_Test_129.pgm,129,129,80.000,12.000,20,4.000,2.000,200000,9.151,0.000,18.000,0.816,9.720,18779,167956,18777,25,12,14,13,0,0,0,0,8,0.000,9.910,9.674,0.145,3.040,0.021,0.354,0.198,2.895,0.054,0.339,1.073,1.556,0.149,0.000,0.000,0.000,0.000,0.000,0.000,0.000,0.000,0.000,0.000,0.000,0.000,0.000,0.000,0.000,0.000,0,0,3.146,3.061,1.412,0.000,17
Data-Oriented CPU ROAM,RelWithDebInfo,OpenGL,NVIDIA GeForce RTX 5090 D/PCIe/SSE2,4.3.0 NVIDIA 591.86,false,assets/heightmaps/Hm_Terrain_Test_129.pgm,129,129,80.000,12.000,20,4.000,2.000,200000,9.161,0.000,18.000,0.797,10.274,18803,168028,18801,36,18,12,18,0,0,0,0,8,150.578,10.620,10.375,0.275,3.313,0.024,0.352,0.337,3.103,0.053,0.336,1.052,1.529,0.146,0.000,0.000,0.000,0.000,0.000,0.000,0.000,0.000,0.000,0.000,0.000,0.000,0.000,0.000,0.000,0.000,0,0,3.493,3.337,1.388,0.000,17
Data-Oriented CPU ROAM,RelWithDebInfo,OpenGL,NVIDIA GeForce RTX 5090 D/PCIe/SSE2,4.3.0 NVIDIA 591.86,false,assets/heightmaps/Hm_Terrain_Test_129.pgm,129,129,80.000,12.000,20,4.000,2.000,200000,9.172,0.000,18.000,0.777,10.988,18816,168086,18814,29,14,16,15,0,0,0,0,8,1243.261,10.297,10.053,0.148,2.876,0.023,0.351,0.363,3.338,0.046,0.335,1.036,1.536,0.149,0.000,0.000,0.000,0.000,0.000,0.000,0.000,0.000,0.000,0.000,0.000,0.000,0.000,0.000,0.000,0.000,0,0,3.747,2.899,1.371,0.000,17
Data-Oriented CPU ROAM,RelWithDebInfo,OpenGL,NVIDIA GeForce RTX 5090 D/PCIe/SSE2,4.3.0 NVIDIA 591.86,false,assets/heightmaps/Hm_Terrain_Test_129.pgm,129,129,80.000,12.000,20,4.000,2.000,200000,9.183,0.000,18.000,0.758,10.614,18816,168158,18814,36,18,36,18,0,0,0,0,8,0.000,9.517,9.280,0.146,3.124,0.045,0.348,0.184,2.547,0.054,0.336,1.047,1.449,0.147,0.000,0.000,0.000,0.000,0.000,0.000,0.000,0.000,0.000,0.000,0.000,0.000,0.000,0.000,0.000,0.000,0,0,2.785,3.168,1.383,0.000,17
Data-Oriented CPU ROAM,RelWithDebInfo,OpenGL,NVIDIA GeForce RTX 5090 D/PCIe/SSE2,4.3.0 NVIDIA 591.86,false,assets/heightmaps/Hm_Terrain_Test_129.pgm,129,129,80.000,12.000,20,4.000,2.000,200000,9.193,0.000,18.000,0.740,9.813,18815,168212,18813,27,13,28,18,0,0,0,0,8,156.455,10.230,9.986,0.144,3.120,0.036,0.353,0.338,3.044,0.043,0.338,1.050,1.518,0.147,0.000,0.000,0.000,0.000,0.000,0.000,0.000,0.000,0.000,0.000,0.000,0.000,0.000,0.000,0.000,0.000,0,0,3.426,3.157,1.388,0.000,17
Data-Oriented CPU ROAM,RelWithDebInfo,OpenGL,NVIDIA GeForce RTX 5090 D/PCIe/SSE2,4.3.0 NVIDIA 591.86,false,assets/heightmaps/Hm_Terrain_Test_129.pgm,129,129,80.000,12.000,20,4.000,2.000,200000,9.203,0.000,18.000,0.721,10.535,18808,168266,18806,27,13,34,26,0,0,0,0,8,141.536,11.310,11.038,0.148,3.009,0.048,0.356,0.362,2.676,0.051,0.338,1.417,2.632,0.176,0.000,0.000,0.000,0.000,0.000,0.000,0.000,0.000,0.000,0.000,0.000,0.000,0.000,0.000,0.000,0.000,0,0,3.089,3.057,1.755,0.000,17
Data-Oriented CPU ROAM,RelWithDebInfo,OpenGL,NVIDIA GeForce RTX 5090 D/PCIe/SSE2,4.3.0 NVIDIA 591.86,false,assets/heightmaps/Hm_Terrain_Test_129.pgm,129,129,80.000,12.000,20,4.000,2.000,200000,9.215,0.000,18.000,0.701,11.789,18804,168350,18802,48,27,52,38,0,0,0,0,8,0.000,10.162,9.924,0.201,3.010,0.072,0.348,0.346,2.732,0.072,0.338,1.062,1.740,0.150,0.000,0.000,0.000,0.000,0.000,0.000,0.000,0.000,0.000,0.000,0.000,0.000,0.000,0.000,0.000,0.000,0,0,3.151,3.082,1.400,0.000,17
Data-Oriented CPU ROAM,RelWithDebInfo,OpenGL,NVIDIA GeForce RTX 5090 D/PCIe/SSE2,4.3.0 NVIDIA 591.86,false,assets/heightmaps/Hm_Terrain_Test_129.pgm,129,129,80.000,12.000,20,4.000,2.000,200000,9.226,0.000,18.000,0.682,10.589,18782,168402,18780,26,13,48,30,0,0,0,0,8,154.879,10.336,10.087,0.151,2.839,0.060,0.357,0.342,3.112,0.047,0.336,1.075,1.767,0.160,0.000,0.000,0.000,0.000,0.000,0.000,0.000,0.000,0.000,0.000,0.000,0.000,0.000,0.000,0.000,0.000,0,0,3.501,2.900,1.411,0.000,17
Data-Oriented CPU ROAM,RelWithDebInfo,OpenGL,NVIDIA GeForce RTX 5090 D/PCIe/SSE2,4.3.0 NVIDIA 591.86,false,assets/heightmaps/Hm_Terrain_Test_129.pgm,129,129,80.000,12.000,20,4.000,2.000,200000,9.236,0.000,18.000,0.664,10.753,18714,168430,18712,14,7,82,23,0,0,0,0,8,160.900,9.948,9.709,0.149,2.673,0.088,0.355,0.345,3.161,0.027,0.333,1.039,1.539,0.146,0.000,0.000,0.000,0.000,0.000,0.000,0.000,0.000,0.000,0.000,0.000,0.000,0.000,0.000,0.000,0.000,0,0,3.533,2.761,1.372,0.000,17
Data-Oriented CPU ROAM,RelWithDebInfo,OpenGL,NVIDIA GeForce RTX 5090 D/PCIe/SSE2,4.3.0 NVIDIA 591.86,false,assets/heightmaps/Hm_Terrain_Test_129.pgm,129,129,80.000,12.000,20,4.000,2.000,200000,9.247,0.000,18.000,0.647,10.326,18710,168486,18708,28,14,32,16,0,0,0,0,8,0.000,9.896,9.654,0.145,3.107,0.046,0.365,0.212,2.826,0.049,0.335,1.052,1.518,0.153,0.000,0.000,0.000,0.000,0.000,0.000,0.000,0.000,0.000,0.000,0.000,0.000,0.000,0.000,0.000,0.000,0,0,3.087,3.152,1.387,0.000,17
Data-Oriented CPU ROAM,RelWithDebInfo,OpenGL,NVIDIA GeForce RTX 5090 D/PCIe/SSE2,4.3.0 NVIDIA 591.86,false,assets/heightmaps/Hm_Terrain_Test_129.pgm,129,129,80.000,12.000,20,4.000,2.000,200000,9.257,0.000,18.000,0.630,10.262,18692,168518,18690,16,8,34,26,0,0,0,0,8,159.682,10.050,9.784,0.147,3.095,0.046,0.362,0.344,2.878,0.032,0.336,1.032,1.513,0.176,0.000,0.000,0.000,0.000,0.000,0.000,0.000,0.000,0.000,0.000,0.000,0.000,0.000,0.000,0.000,0.000,0,0,3.253,3.141,1.368,0.000,17
Data-Oriented CPU ROAM,RelWithDebInfo,OpenGL,NVIDIA GeForce RTX 5090 D/PCIe/SSE2,4.3.0 NVIDIA 591.86,false,assets/heightmaps/Hm_Terrain_Test_129.pgm,129,129,80.000,12.000,20,4.000,2.000,200000,9.267,0.000,18.000,0.613,10.431,18681,168586,18679,34,17,45,17,0,0,0,0,8,157.626,10.157,9.911,0.156,2.708,0.064,0.345,0.342,3.229,0.057,0.335,1.065,1.611,0.160,0.000,0.000,0.000,0.000,0.000,0.000,0.000,0.000,0.000,0.000,0.000,0.000,0.000,0.000,0.000,0.000,0,0,3.628,2.772,1.400,0.000,17
Data-Oriented CPU ROAM,RelWithDebInfo,OpenGL,NVIDIA GeForce RTX 5090 D/PCIe/SSE2,4.3.0 NVIDIA 591.86,false,assets/heightmaps/Hm_Terrain_Test_129.pgm,129,129,80.000,12.000,20,4.000,2.000,200000,9.278,0.000,18.000,0.596,10.516,18679,168638,18677,26,13,28,14,0,0,0,0,8,0.000,9.543,9.307,0.147,3.162,0.040,0.354,0.179,2.504,0.043,0.335,1.047,1.496,0.144,0.000,0.000,0.000,0.000,0.000,0.000,0.000,0.000,0.000,0.000,0.000,0.000,0.000,0.000,0.000,0.000,0,0,2.726,3.202,1.382,0.000,17
Data-Oriented CPU ROAM,RelWithDebInfo,OpenGL,NVIDIA GeForce RTX 5090 D/PCIe/SSE2,4.3.0 NVIDIA 591.86,false,assets/heightmaps/Hm_Terrain_Test_129.pgm,129,129,80.000,12.000,20,4.000,2.000,200000,9.288,0.000,18.000,0.580,9.882,18668,168696,18666,29,14,40,15,0,0,0,0,8,1079.160,10.384,10.134,0.150,3.163,0.052,0.348,0.346,3.001,0.048,0.339,1.092,1.596,0.155,0.000,0.000,0.000,0.000,0.000,0.000,0.000,0.000,0.000,0.000,0.000,0.000,0.000,0.000,0.000,0.000,0,0,3.394,3.215,1.431,0.000,17
Data-Oriented CPU ROAM,RelWithDebInfo,OpenGL,NVIDIA GeForce RTX 5090 D/PCIe/SSE2,4.3.0 NVIDIA 591.86,false,assets/heightmaps/Hm_Terrain_Test_129.pgm,129,129,80.000,12.000,20,4.000,2.000,200000,9.299,0.000,18.000,0.563,10.738,18678,168752,18676,28,14,18,17,0,0,0,0,8,165.495,9.686,9.440,0.152,3.182,0.028,0.347,0.342,2.414,0.044,0.339,1.028,1.564,0.148,0.000,0.000,0.000,0.000,0.000,0.000,0.000,0.000,0.000,0.000,0.000,0.000,0.000,0.000,0.000,0.000,0,0,2.801,3.210,1.367,0.000,17
Data-Oriented CPU ROAM,RelWithDebInfo,OpenGL,NVIDIA GeForce RTX 5090 D/PCIe/SSE2,4.3.0 NVIDIA 591.86,false,assets/heightmaps/Hm_Terrain_Test_129.pgm,129,129,80.000,12.000,20,4.000,2.000,200000,9.309,0.000,18.000,0.547,10.013,18682,168804,18680,26,13,22,16,0,0,0,0,8,0.000,10.385,10.143,0.150,3.222,0.036,0.350,0.339,3.014,0.043,0.333,1.071,1.586,0.151,0.000,0.000,0.000,0.000,0.000,0.000,0.000,0.000,0.000,0.000,0.000,0.000,0.000,0.000,0.000,0.000,0,0,3.396,3.258,1.404,0.000,17
Data-Oriented CPU ROAM,RelWithDebInfo,OpenGL,NVIDIA GeForce RTX 5090 D/PCIe/SSE2,4.3.0 NVIDIA 591.86,false,assets/heightmaps/Hm_Terrain_Test_129.pgm,129,129,80.000,12.000,20,4.000,2.000,200000,9.319,0.000,18.000,0.531,10.713,18684,168844,18682,20,10,18,10,0,0,0,0,8,157.374,10.179,9.927,0.150,2.880,0.028,0.359,0.342,3.197,0.036,0.336,1.067,1.534,0.151,0.000,0.000,0.000,0.000,0.000,0.000,0.000,0.000,0.000,0.000,0.000,0.000,0.000,0.000,0.000,0.000,0,0,3.574,2.908,1.403,0.000,17
Data-Oriented CPU ROAM,RelWithDebInfo,OpenGL,NVIDIA GeForce RTX 5090 D/PCIe/SSE2,4.3.0 NVIDIA 591.86,false,assets/heightmaps/Hm_Terrain_Test_129.pgm,129,129,80.000,12.000,20,4.000,2.000,200000,9.330,0.000,18.000,0.515,10.506,18672,168868,18670,12,6,24,8,0,0,0,0,8,159.920,10.013,9.769,0.152,3.186,0.031,0.343,0.346,2.774,0.028,0.341,1.055,1.515,0.145,0.000,0.000,0.000,0.000,0.000,0.000,0.000,0.000,0.000,0.000,0.000,0.000,0.000,0.000,0.000,0.000,0,0,3.148,3.216,1.395,0.000,17
Data-Oriented CPU ROAM,RelWithDebInfo,OpenGL,NVIDIA GeForce RTX 5090 D/PCIe/SSE2,4.3.0 NVIDIA 591.86,false,assets/heightmaps/Hm_Terrain_Test_129.pgm,129,129,80.000,12.000,20,4.000,2.000,200000,9.340,0.000,18.000,0.500,10.336,18670,168900,18668,16,8,18,8,0,0,0,0,8,0.000,9.856,9.613,0.145,2.942,0.027,0.349,0.341,2.743,0.033,0.381,1.050,1.602,0.154,0.000,0.000,0.000,0.000,0.000,0.000,0.000,0.000,0.000,0.000,0.000,0.000,0.000,0.000,0.000,0.000,0,0,3.117,2.969,1.431,0.000,17
Data-Oriented CPU ROAM,RelWithDebInfo,OpenGL,NVIDIA GeForce RTX 5090 D/PCIe/SSE2,4.3.0 NVIDIA 591.86,false,assets/heightmaps/Hm_Terrain_Test_129.pgm,129,129,80.000,12.000,20,4.000,2.000,200000,9.350,0.000,18.000,0.485,10.179,18660,168944,18658,22,11,32,16,0,0,0,0,8,1253.460,10.244,9.971,0.152,3.004,0.042,0.348,0.348,3.022,0.042,0.336,1.044,1.633,0.156,0.000,0.000,0.000,0.000,0.000,0.000,0.000,0.000,0.000,0.000,0.000,0.000,0.000,0.000,0.000,0.000,0,0,3.412,3.046,1.380,0.000,17
Data-Oriented CPU ROAM,RelWithDebInfo,OpenGL,NVIDIA GeForce RTX 5090 D/PCIe/SSE2,4.3.0 NVIDIA 591.86,false,assets/heightmaps/Hm_Terrain_Test_129.pgm,129,129,80.000,12.000,20,4.000,2.000,200000,9.361,0.000,18.000,0.469,10.604,18672,169004,18670,30,15,18,15,0,0,0,0,8,155.787,10.266,10.028,0.163,3.190,0.027,0.353,0.342,3.042,0.049,0.332,1.032,1.497,0.142,0.000,0.000,0.000,0.000,0.000,0.000,0.000,0.000,0.000,0.000,0.000,0.000,0.000,0.000,0.000,0.000,0,0,3.432,3.217,1.365,0.000,17
Data-Oriented CPU ROAM,RelWithDebInfo,OpenGL,NVIDIA GeForce RTX 5090 D/PCIe/SSE2,4.3.0 NVIDIA 591.86,false,assets/heightmaps/Hm_Terrain_Test_129.pgm,129,129,80.000,12.000,20,4.000,2.000,200000,9.372,0.000,18.000,0.454,10.608,18632,169020,18630,8,4,48,14,0,0,0,0,8,0.000,10.086,9.836,0.145,3.251,0.057,0.340,0.338,2.500,0.021,0.337,1.278,1.569,0.153,0.000,0.000,0.000,0.000,0.000,0.000,0.000,0.000,0.000,0.000,0.000,0.000,0.000,0.000,0.000,0.000,0,0,2.859,3.308,1.615,0.000,17
Data-Oriented CPU ROAM,RelWithDebInfo,OpenGL,NVIDIA GeForce RTX 5090 D/PCIe/SSE2,4.3.0 NVIDIA 591.86,false,assets/heightmaps/Hm_Terrain_Test_129.pgm,129,129,80.000,12.000,20,4.000,2.000,200000,9.382,0.000,18.000,0.440,10.427,18626,169044,18624,12,6,18,18,0,0,0,0,8,155.586,10.385,10.042,0.153,3.113,0.032,0.362,0.346,3.059,0.027,0.333,1.102,1.515,0.157,0.000,0.000,0.000,0.000,0.000,0.000,0.000,0.000,0.000,0.000,0.000,0.000,0.000,0.000,0.000,0.000,0,0,3.431,3.145,1.435,0.000,17
Data-Oriented CPU ROAM,RelWithDebInfo,OpenGL,NVIDIA GeForce RTX 5090 D/PCIe/SSE2,4.3.0 NVIDIA 591.86,false,assets/heightmaps/Hm_Terrain_Test_129.pgm,129,129,80.000,12.000,20,4.000,2.000,200000,9.393,0.000,18.000,0.425,10.703,18638,169104,18636,30,15,18,15,0,0,0,0,8,301.542,10.612,10.362,0.149,3.243,0.031,0.343,0.370,3.113,0.056,0.337,1.091,1.630,0.158,0.000,0.000,0.000,0.000,0.000,0.000,0.000,0.000,0.000,0.000,0.000,0.000,0.000,0.000,0.000,0.000,0,0,3.539,3.274,1.427,0.000,17
Data-Oriented CPU ROAM,RelWithDebInfo,OpenGL,NVIDIA GeForce RTX 5090 D/PCIe/SSE2,4.3.0 NVIDIA 591.86,false,assets/heightmaps/Hm_Terrain_Test_129.pgm,129,129,80.000,12.000,20,4.000,2.000,200000,9.404,0.000,18.000,0.410,10.940,18626,169148,18624,22,11,34,18,0,0,0,0,8,0.000,10.486,10.226,0.149,3.350,0.044,0.362,0.336,3.024,0.040,0.332,1.054,1.535,0.160,0.000,0.000,0.000,0.000,0.000,0.000,0.000,0.000,0.000,0.000,0.000,0.000,0.000,0.000,0.000,0.000,0,0,3.400,3.394,1.386,0.000,17
Data-Oriented CPU ROAM,RelWithDebInfo,OpenGL,NVIDIA GeForce RTX 5090 D/PCIe/SSE2,4.3.0 NVIDIA 591.86,false,assets/heightmaps/Hm_Terrain_Test_129.pgm,129,129,80.000,12.000,20,4.000,2.000,200000,9.414,0.000,18.000,0.395,10.815,18616,169200,18614,26,13,36,16,0,0,0,0,8,0.000,10.090,9.848,0.153,2.842,0.048,0.348,0.365,3.020,0.044,0.334,1.041,1.652,0.145,0.000,0.000,0.000,0.000,0.000,0.000,0.000,0.000,0.000,0.000,0.000,0.000,0.000,0.000,0.000,0.000,0,0,3.429,2.890,1.375,0.000,17
Data-Oriented CPU ROAM,RelWithDebInfo,OpenGL,NVIDIA GeForce RTX 5090 D/PCIe/SSE2,4.3.0 NVIDIA 591.86,false,assets/heightmaps/Hm_Terrain_Test_129.pgm,129,129,80.000,12.000,20,4.000,2.000,200000,9.425,0.000,18.000,0.382,10.451,18590,169236,18588,18,9,44,18,0,0,0,0,8,1290.083,9.932,9.688,0.155,3.183,0.050,0.347,0.339,2.693,0.031,0.320,1.040,1.531,0.154,0.000,0.000,0.000,0.000,0.000,0.000,0.000,0.000,0.000,0.000,0.000,0.000,0.000,0.000,0.000,0.000,0,0,3.063,3.233,1.360,0.000,17
Data-Oriented CPU ROAM,RelWithDebInfo,OpenGL,NVIDIA GeForce RTX 5090 D/PCIe/SSE2,4.3.0 NVIDIA 591.86,false,assets/heightmaps/Hm_Terrain_Test_129.pgm,129,129,80.000,12.000,20,4.000,2.000,200000,9.435,0.000,18.000,0.369,10.239,18608,169304,18606,34,17,16,18,0,0,0,0,8,0.000,10.002,9.747,0.154,2.730,0.026,0.342,0.338,3.077,0.056,0.335,1.033,1.656,0.154,0.000,0.000,0.000,0.000,0.000,0.000,0.000,0.000,0.000,0.000,0.000,0.000,0.000,0.000,0.000,0.000,0,0,3.470,2.756,1.368,0.000,17
Data-Oriented CPU ROAM,RelWithDebInfo,OpenGL,NVIDIA GeForce RTX 5090 D/PCIe/SSE2,4.3.0 NVIDIA 591.86,false,assets/heightmaps/Hm_Terrain_Test_129.pgm,129,129,80.000,12.000,20,4.000,2.000,200000,9.445,0.000,18.000,0.355,10.339,18596,169348,18594,22,11,34,18,0,0,0,0,8,160.025,10.016,9.763,0.149,2.830,0.043,0.349,0.341,3.088,0.041,0.330,1.040,1.551,0.162,0.000,0.000,0.000,0.000,0.000,0.000,0.000,0.000,0.000,0.000,0.000,0.000,0.000,0.000,0.000,0.000,0,0,3.471,2.873,1.370,0.000,17
Data-Oriented CPU ROAM,RelWithDebInfo,OpenGL,NVIDIA GeForce RTX 5090 D/PCIe/SSE2,4.3.0 NVIDIA 591.86,false,assets/heightmaps/Hm_Terrain_Test_129.pgm,129,129,80.000,12.000,20,4.000,2.000,200000,9.456,0.000,18.000,0.343,10.348,18585,169374,18583,13,6,24,10,0,0,0,0,8,1305.797,9.815,9.571,0.157,3.135,0.034,0.346,0.252,2.731,0.027,0.330,1.044,1.516,0.146,0.000,0.000,0.000,0.000,0.000,0.000,0.000,0.000,0.000,0.000,0.000,0.000,0.000,0.000,0.000,0.000,0,0,3.010,3.169,1.374,0.000,17
Data-Oriented CPU ROAM,RelWithDebInfo,OpenGL,NVIDIA GeForce RTX 5090 D/PCIe/SSE2,4.3.0 NVIDIA 591.86,false,assets/heightmaps/Hm_Terrain_Test_129.pgm,129,129,80.000,12.000,20,4.000,2.000,200000,9.466,0.000,18.000,0.330,10.135,18601,169438,18599,32,16,16,16,0,0,0,0,8,0.000,9.920,9.668,0.143,3.099,0.024,0.347,0.333,2.754,0.053,0.333,1.028,1.553,0.151,0.000,0.000,0.000,0.000,0.000,0.000,0.000,0.000,0.000,0.000,0.000,0.000,0.000,0.000,0.000,0.000,0,0,3.140,3.124,1.361,0.000,17
Data-Oriented CPU ROAM,RelWithDebInfo,OpenGL,NVIDIA GeForce RTX 5090 D/PCIe/SSE2,4.3.0 NVIDIA 591.86,false,assets/heightmaps/Hm_Terrain_Test_129.pgm,129,129,80.000,12.000,20,4.000,2.000,200000,9.476,0.000,18.000,0.318,10.234,18607,169494,18605,28,14,22,15,0,0,0,0,8,0.000,10.413,10.174,0.151,2.983,0.032,0.347,0.364,3.233,0.052,0.332,1.058,1.621,0.149,0.000,0.000,0.000,0.000,0.000,0.000,0.000,0.000,0.000,0.000,0.000,0.000,0.000,0.000,0.000,0.000,0,0,3.650,3.015,1.390,0.000,17
Data-Oriented CPU ROAM,RelWithDebInfo,OpenGL,NVIDIA GeForce RTX 5090 D/PCIe/SSE2,4.3.0 NVIDIA 591.86,false,assets/heightmaps/Hm_Terrain_Test_129.pgm,129,129,80.000,12.000,20,4.000,2.000,200000,9.487,0.000,18.000,0.305,10.730,18602,169532,18600,19,9,24,22,0,0,0,0,8,317.688,10.083,9.835,0.147,3.174,0.040,0.351,0.339,2.751,0.034,0.330,1.041,1.628,0.149,0.000,0.000,0.000,0.000,0.000,0.000,0.000,0.000,0.000,0.000,0.000,0.000,0.000,0.000,0.000,0.000,0,0,3.124,3.214,1.371,0.000,17
Data-Oriented CPU ROAM,RelWithDebInfo,OpenGL,NVIDIA GeForce RTX 5090 D/PCIe/SSE2,4.3.0 NVIDIA 591.86,false,assets/heightmaps/Hm_Terrain_Test_129.pgm,129,129,80.000,12.000,20,4.000,2.000,200000,9.497,0.000,18.000,0.293,10.393,18576,169564,18574,16,8,42,14,0,0,0,0,8,0.000,10.358,10.108,0.159,2.913,0.045,0.344,0.497,3.110,0.033,0.330,1.044,1.633,0.149,0.000,0.000,0.000,0.000,0.000,0.000,0.000,0.000,0.000,0.000,0.000,0.000,0.000,0.000,0.000,0.000,0,0,3.640,2.959,1.374,0.000,17
Data-Oriented CPU ROAM,RelWithDebInfo,OpenGL,NVIDIA GeForce RTX 5090 D/PCIe/SSE2,4.3.0 NVIDIA 591.86,false,assets/heightmaps/Hm_Terrain_Test_129.pgm,129,129,80.000,12.000,20,4.000,2.000,200000,9.508,0.000,18.000,0.281,10.683,18544,169596,18542,16,8,48,20,0,0,0,0,8,0.000,9.995,9.742,0.146,3.085,0.052,0.346,0.264,2.750,0.030,0.332,1.041,1.697,0.158,0.000,0.000,0.000,0.000,0.000,0.000,0.000,0.000,0.000,0.000,0.000,0.000,0.000,0.000,0.000,0.000,0,0,3.043,3.137,1.373,0.000,17
Data-Oriented CPU ROAM,RelWithDebInfo,OpenGL,NVIDIA GeForce RTX 5090 D/PCIe/SSE2,4.3.0 NVIDIA 591.86,false,assets/heightmaps/Hm_Terrain_Test_129.pgm,129,129,80.000,12.000,20,4.000,2.000,200000,9.518,0.000,18.000,0.270,10.343,18538,169644,18536,24,12,30,14,0,0,0,0,8,458.853,10.465,10.214,0.172,2.954,0.039,0.343,0.338,3.228,0.046,0.329,1.061,1.703,0.147,0.000,0.000,0.000,0.000,0.000,0.000,0.000,0.000,0.000,0.000,0.000,0.000,0.000,0.000,0.000,0.000,0,0,3.612,2.993,1.391,0.000,17
Data-Oriented CPU ROAM,RelWithDebInfo,OpenGL,NVIDIA GeForce RTX 5090 D/PCIe/SSE2,4.3.0 NVIDIA 591.86,false,assets/heightmaps/Hm_Terrain_Test_129.pgm,129,129,80.000,12.000,20,4.000,2.000,200000,9.529,0.000,18.000,0.258,10.826,18538,169676,18536,16,8,16,12,0,0,0,0,8,0.000,10.468,10.214,0.148,3.056,0.030,0.350,0.342,3.230,0.036,0.328,1.028,1.665,0.152,0.000,0.000,0.000,0.000,0.000,0.000,0.000,0.000,0.000,0.000,0.000,0.000,0.000,0.000,0.000,0.000,0,0,3.608,3.086,1.357,0.000,17
Data-Oriented CPU ROAM,RelWithDebInfo,OpenGL,NVIDIA GeForce RTX 5090 D/PCIe/SSE2,4.3.0 NVIDIA 591.86,false,assets/heightmaps/Hm_Terrain_Test_129.pgm,129,129,80.000,12.000,20,4.000,2.000,200000,9.540,0.000,18.000,0.246,10.810,18530,169712,18528,18,9,26,10,0,0,0,0,8,0.000,10.867,10.617,0.171,3.231,0.032,0.340,0.190,3.323,0.038,0.337,1.067,1.887,0.156,0.000,0.000,0.000,0.000,0.000,0.000,0.000,0.000,0.000,0.000,0.000,0.000,0.000,0.000,0.000,0.000,0,0,3.551,3.264,1.404,0.000,17
Data-Oriented CPU ROAM,RelWithDebInfo,OpenGL,NVIDIA GeForce RTX 5090 D/PCIe/SSE2,4.3.0 NVIDIA 591.86,false,assets/heightmaps/Hm_Terrain_Test_129.pgm,129,129,80.000,12.000,20,4.000,2.000,200000,9.551,0.000,18.000,0.234,11.266,18544,169748,18542,18,9,4,9,0,0,0,0,8,156.635,10.234,9.974,0.165,2.908,0.013,0.350,0.342,3.291,0.033,0.337,1.052,1.482,0.159,0.000,0.000,0.000,0.000,0.000,0.000,0.000,0.000,0.000,0.000,0.000,0.000,0.000,0.000,0.000,0.000,0,0,3.666,2.921,1.389,0.000,17
Data-Oriented CPU ROAM,RelWithDebInfo,OpenGL,NVIDIA GeForce RTX 5090 D/PCIe/SSE2,4.3.0 NVIDIA 591.86,false,assets/heightmaps/Hm_Terrain_Test_129.pgm,129,129,80.000,12.000,20,4.000,2.000,200000,9.562,0.000,18.000,0.224,10.596,18548,169768,18546,10,5,6,6,0,0,0,0,8,1311.868,9.755,9.527,0.147,3.115,0.015,0.347,0.277,2.799,0.025,0.330,1.033,1.439,0.138,0.000,0.000,0.000,0.000,0.000,0.000,0.000,0.000,0.000,0.000,0.000,0.000,0.000,0.000,0.000,0.000,0,0,3.102,3.130,1.363,0.000,17
Data-Oriented CPU ROAM,RelWithDebInfo,OpenGL,NVIDIA GeForce RTX 5090 D/PCIe/SSE2,4.3.0 NVIDIA 591.86,false,assets/heightmaps/Hm_Terrain_Test_129.pgm,129,129,80.000,12.000,20,4.000,2.000,200000,9.572,0.000,18.000,0.214,10.088,18546,169804,18544,18,9,20,12,0,0,0,0,8,0.000,10.636,10.363,0.185,3.118,0.034,0.346,0.184,2.936,0.036,0.330,1.283,1.909,0.169,0.000,0.000,0.000,0.000,0.000,0.000,0.000,0.000,0.000,0.000,0.000,0.000,0.000,0.000,0.000,0.000,0,0,3.157,3.152,1.613,0.000,17
Data-Oriented CPU ROAM,RelWithDebInfo,OpenGL,NVIDIA GeForce RTX 5090 D/PCIe/SSE2,4.3.0 NVIDIA 591.86,false,assets/heightmaps/Hm_Terrain_Test_129.pgm,129,129,80.000,12.000,20,4.000,2.000,200000,9.583,0.000,18.000,0.203,11.058,18528,169844,18526,20,10,38,22,0,0,0,0,8,149.523,10.711,10.449,0.237,3.074,0.050,0.355,0.349,3.215,0.041,0.332,1.052,1.743,0.162,0.000,0.000,0.000,0.000,0.000,0.000,0.000,0.000,0.000,0.000,0.000,0.000,0.000,0.000,0.000,0.000,0,0,3.606,3.124,1.384,0.000,17
Data-Oriented CPU ROAM,RelWithDebInfo,OpenGL,NVIDIA GeForce RTX 5090 D/PCIe/SSE2,4.3.0 NVIDIA 591.86,false,assets/heightmaps/Hm_Terrain_Test_129.pgm,129,129,80.000,12.000,20,4.000,2.000,200000,9.594,0.000,18.000,0.192,11.120,18540,169872,18538,14,7,2,7,0,0,0,0,8,160.597,9.971,9.728,0.156,2.846,0.009,0.341,0.343,2.883,0.040,0.513,1.102,1.495,0.145,0.000,0.000,0.000,0.000,0.000,0.000,0.000,0.000,0.000,0.000,0.000,0.000,0.000,0.000,0.000,0.000,0,0,3.266,2.854,1.615,0.000,17
Data-Oriented CPU ROAM,RelWithDebInfo,OpenGL,NVIDIA GeForce RTX 5090 D/PCIe/SSE2,4.3.0 NVIDIA 591.86,false,assets/heightmaps/Hm_Terrain_Test_129.pgm,129,129,80.000,12.000,20,4.000,2.000,200000,9.604,0.000,18.000,0.183,10.327,18549,169898,18547,13,6,4,7,0,0,0,0,8,0.000,9.528,9.294,0.143,2.929,0.013,0.352,0.354,2.614,0.030,0.333,1.037,1.488,0.144,0.000,0.000,0.000,0.000,0.000,0.000,0.000,0.000,0.000,0.000,0.000,0.000,0.000,0.000,0.000,0.000,0,0,2.998,2.942,1.370,0.000,17
Data-Oriented CPU ROAM,RelWithDebInfo,OpenGL,NVIDIA GeForce RTX 5090 D/PCIe/SSE2,4.3.0 NVIDIA 591.86,false,assets/heightmaps/Hm_Terrain_Test_129.pgm,129,129,80.000,12.000,20,4.000,2.000,200000,9.614,0.000,18.000,0.174,9.875,18553,169918,18551,10,5,6,6,0,0,0,0,8,158.942,10.083,9.830,0.143,2.872,0.014,0.391,0.340,2.861,0.023,0.333,1.297,1.555,0.156,0.000,0.000,0.000,0.000,0.000,0.000,0.000,0.000,0.000,0.000,0.000,0.000,0.000,0.000,0.000,0.000,0,0,3.225,2.886,1.630,0.000,17
Data-Oriented CPU ROAM,RelWithDebInfo,OpenGL,NVIDIA GeForce RTX 5090 D/PCIe/SSE2,4.3.0 NVIDIA 591.86,false,assets/heightmaps/Hm_Terrain_Test_129.pgm,129,129,80.000,12.000,20,4.000,2.000,200000,9.625,0.000,18.000,0.165,10.398,18517,169950,18515,16,8,52,22,0,0,0,0,8,163.286,9.795,9.568,0.153,3.119,0.055,0.345,0.184,2.776,0.031,0.333,1.116,1.455,0.142,0.000,0.000,0.000,0.000,0.000,0.000,0.000,0.000,0.000,0.000,0.000,0.000,0.000,0.000,0.000,0.000,0,0,2.991,3.174,1.449,0.000,17
Data-Oriented CPU ROAM,RelWithDebInfo,OpenGL,NVIDIA GeForce RTX 5090 D/PCIe/SSE2,4.3.0 NVIDIA 591.86,false,assets/heightmaps/Hm_Terrain_Test_129.pgm,129,129,80.000,12.000,20,4.000,2.000,200000,9.635,0.000,18.000,0.156,10.123,18527,169978,18525,14,7,4,7,0,0,0,0,8,0.000,10.171,9.919,0.142,3.105,0.013,0.347,0.185,2.458,0.040,0.334,1.418,1.876,0.152,0.000,0.000,0.000,0.000,0.000,0.000,0.000,0.000,0.000,0.000,0.000,0.000,0.000,0.000,0.000,0.000,0,0,2.683,3.118,1.752,0.000,17
Data-Oriented CPU ROAM,RelWithDebInfo,OpenGL,NVIDIA GeForce RTX 5090 D/PCIe/SSE2,4.3.0 NVIDIA 591.86,false,assets/heightmaps/Hm_Terrain_Test_129.pgm,129,129,80.000,12.000,20,4.000,2.000,200000,9.645,0.000,18.000,0.147,10.536,18543,170018,18541,20,10,4,10,0,0,0,0,8,171.943,9.321,9.086,0.169,2.904,0.012,0.344,0.292,2.505,0.040,0.337,1.048,1.437,0.147,0.000,0.000,0.000,0.000,0.000,0.000,0.000,0.000,0.000,0.000,0.000,0.000,0.000,0.000,0.000,0.000,0,0,2.836,2.916,1.384,0.000,17
Data-Oriented CPU ROAM,RelWithDebInfo,OpenGL,NVIDIA GeForce RTX 5090 D/PCIe/SSE2,4.3.0 NVIDIA 591.86,false,assets/heightmaps/Hm_Terrain_Test_129.pgm,129,129,80.000,12.000,20,4.000,2.000,200000,9.655,0.000,18.000,0.140,9.653,18539,170026,18537,4,2,8,8,0,0,0,0,8,0.000,9.687,9.441,0.144,2.620,0.024,0.349,0.346,3.035,0.017,0.326,1.061,1.519,0.148,0.000,0.000,0.000,0.000,0.000,0.000,0.000,0.000,0.000,0.000,0.000,0.000,0.000,0.000,0.000,0.000,0,0,3.398,2.644,1.387,0.000,17
Data-Oriented CPU ROAM,RelWithDebInfo,OpenGL,NVIDIA GeForce RTX 5090 D/PCIe/SSE2,4.3.0 NVIDIA 591.86,false,assets/heightmaps/Hm_Terrain_Test_129.pgm,129,129,80.000,12.000,20,4.000,2.000,200000,9.665,0.000,18.000,0.132,10.009,18544,170076,18542,25,12,20,13,0,0,0,0,8,0.000,9.892,9.655,0.148,2.966,0.029,0.344,0.183,3.031,0.046,0.333,1.054,1.520,0.145,0.000,0.000,0.000,0.000,0.000,0.000,0.000,0.000,0.000,0.000,0.000,0.000,0.000,0.000,0.000,0.000,0,0,3.260,2.996,1.387,0.000,17
Data-Oriented CPU ROAM,RelWithDebInfo,OpenGL,NVIDIA GeForce RTX 5090 D/PCIe/SSE2,4.3.0 NVIDIA 591.86,false,assets/heightmaps/Hm_Terrain_Test_129.pgm,129,129,80.000,12.000,20,4.000,2.000,200000,9.675,0.000,18.000,0.124,10.212,18554,170112,18552,18,9,8,12,0,0,0,0,8,1235.092,10.359,10.120,0.145,2.962,0.017,0.350,0.340,3.423,0.035,0.329,1.025,1.494,0.142,0.000,0.000,0.000,0.000,0.000,0.000,0.000,0.000,0.000,0.000,0.000,0.000,0.000,0.000,0.000,0.000,0,0,3.798,2.979,1.354,0.000,17
Data-Oriented CPU ROAM,RelWithDebInfo,OpenGL,NVIDIA GeForce RTX 5090 D/PCIe/SSE2,4.3.0 NVIDIA 591.86,false,assets/heightmaps/Hm_Terrain_Test_129.pgm,129,129,80.000,12.000,20,4.000,2.000,200000,9.686,0.000,18.000,0.116,10.799,18552,170128,18550,8,4,10,10,0,0,0,0,8,0.000,9.920,9.684,0.147,2.940,0.021,0.341,0.346,2.996,0.019,0.333,1.052,1.488,0.142,0.000,0.000,0.000,0.000,0.000,0.000,0.000,0.000,0.000,0.000,0.000,0.000,0.000,0.000,0.000,0.000,0,0,3.362,2.961,1.385,0.000,17
Data-Oriented CPU ROAM,RelWithDebInfo,OpenGL,NVIDIA GeForce RTX 5090 D/PCIe/SSE2,4.3.0 NVIDIA 591.86,false,assets/heightmaps/Hm_Terrain_Test_129.pgm,129,129,80.000,12.000,20,4.000,2.000,200000,9.696,0.000,18.000,0.108,10.239,18564,170172,18562,22,11,10,11,0,0,0,0,8,0.000,10.401,10.149,0.142,2.962,0.021,0.350,0.179,3.065,0.044,0.330,1.325,1.730,0.149,0.000,0.000,0.000,0.000,0.000,0.000,0.000,0.000,0.000,0.000,0.000,0.000,0.000,0.000,0.000,0.000,0,0,3.288,2.983,1.655,0.000,17
Data-Oriented CPU ROAM,RelWithDebInfo,OpenGL,NVIDIA GeForce RTX 5090 D/PCIe/SSE2,4.3.0 NVIDIA 591.86,false,assets/heightmaps/Hm_Terrain_Test_129.pgm,129,129,80.000,12.000,20,4.000,2.000,200000,9.707,0.000,18.000,0.101,10.756,18560,170192,18558,10,5,14,6,0,0,0,0,8,158.749,10.083,9.841,0.158,2.979,0.022,0.343,0.397,2.973,0.024,0.335,1.088,1.523,0.149,0.000,0.000,0.000,0.000,0.000,0.000,0.000,0.000,0.000,0.000,0.000,0.000,0.000,0.000,0.000,0.000,0,0,3.394,3.001,1.423,0.000,17
Data-Oriented CPU ROAM,RelWithDebInfo,OpenGL,NVIDIA GeForce RTX 5090 D/PCIe/SSE2,4.3.0 NVIDIA 591.86,false,assets/heightmaps/Hm_Terrain_Test_129.pgm,129,129,80.000,12.000,20,4.000,2.000,200000,9.717,0.000,18.000,0.094,10.407,18576,170240,18574,24,12,8,12,0,0,0,0,8,0.000,9.738,9.490,0.148,2.688,0.014,0.342,0.332,2.930,0.042,0.334,1.044,1.616,0.149,0.000,0.000,0.000,0.000,0.000,0.000,0.000,0.000,0.000,0.000,0.000,0.000,0.000,0.000,0.000,0.000,0,0,3.304,2.702,1.378,0.000,17
Data-Oriented CPU ROAM,RelWithDebInfo,OpenGL,NVIDIA GeForce RTX 5090 D/PCIe/SSE2,4.3.0 NVIDIA 591.86,false,assets/heightmaps/Hm_Terrain_Test_129.pgm,129,129,80.000,12.000,20,4.000,2.000,200000,9.727,0.000,18.000,0.088,10.061,18583,170270,18581,15,7,8,8,0,0,0,0,8,0.000,10.059,9.818,0.155,2.715,0.016,0.347,0.347,3.229,0.032,0.332,1.047,1.598,0.146,0.000,0.000,0.000,0.000,0.000,0.000,0.000,0.000,0.000,0.000,0.000,0.000,0.000,0.000,0.000,0.000,0,0,3.608,2.731,1.379,0.000,17
Data-Oriented CPU ROAM,RelWithDebInfo,OpenGL,NVIDIA GeForce RTX 5090 D/PCIe/SSE2,4.3.0 NVIDIA 591.86,false,assets/heightmaps/Hm_Terrain_Test_129.pgm,129,129,80.000,12.000,20,4.000,2.000,200000,9.738,0.000,18.000,0.081,10.410,18581,170282,18579,6,3,8,4,0,0,0,0,8,157.098,10.186,9.945,0.147,3.167,0.017,0.348,0.340,2.955,0.021,0.329,1.045,1.576,0.143,0.000,0.000,0.000,0.000,0.000,0.000,0.000,0.000,0.000,0.000,0.000,0.000,0.000,0.000,0.000,0.000,0,0,3.316,3.184,1.374,0.000,17
Data-Oriented CPU ROAM,RelWithDebInfo,OpenGL,NVIDIA GeForce RTX 5090 D/PCIe/SSE2,4.3.0 NVIDIA 591.86,false,assets/heightmaps/Hm_Terrain_Test_129.pgm,129,129,80.000,12.000,20,4.000,2.000,200000,9.748,0.000,18.000,0.075,10.502,18577,170294,18575,6,3,10,10,0,0,0,0,8,0.000,9.991,9.751,0.145,2.789,0.021,0.340,0.333,3.183,0.019,0.332,1.063,1.525,0.147,0.000,0.000,0.000,0.000,0.000,0.000,0.000,0.000,0.000,0.000,0.000,0.000,0.000,0.000,0.000,0.000,0,0,3.536,2.810,1.395,0.000,17
Data-Oriented CPU ROAM,RelWithDebInfo,OpenGL,NVIDIA GeForce RTX 5090 D/PCIe/SSE2,4.3.0 NVIDIA 591.86,false,assets/heightmaps/Hm_Terrain_Test_129.pgm,129,129,80.000,12.000,20,4.000,2.000,200000,9.759,0.000,18.000,0.069,10.305,18575,170318,18573,12,6,14,7,0,0,0,0,8,0.000,10.245,9.977,0.143,3.256,0.022,0.356,0.191,2.748,0.029,0.334,1.063,1.833,0.164,0.000,0.000,0.000,0.000,0.000,0.000,0.000,0.000,0.000,0.000,0.000,0.000,0.000,0.000,0.000,0.000,0,0,2.968,3.279,1.398,0.000,17
Data-Oriented CPU ROAM,RelWithDebInfo,OpenGL,NVIDIA GeForce RTX 5090 D/PCIe/SSE2,4.3.0 NVIDIA 591.86,false,assets/heightmaps/Hm_Terrain_Test_129.pgm,129,129,80.000,12.000,20,4.000,2.000,200000,9.769,0.000,18.000,0.063,10.601,18579,170330,18577,6,3,2,3,0,0,0,0,8,156.342,10.288,9.992,0.165,2.936,0.010,0.339,0.361,2.996,0.021,0.333,1.131,1.700,0.171,0.000,0.000,0.000,0.000,0.000,0.000,0.000,0.000,0.000,0.000,0.000,0.000,0.000,0.000,0.000,0.000,0,0,3.377,2.946,1.465,0.000,17
Data-Oriented CPU ROAM,RelWithDebInfo,OpenGL,NVIDIA GeForce RTX 5090 D/PCIe/SSE2,4.3.0 NVIDIA 591.86,false,assets/heightmaps/Hm_Terrain_Test_129.pgm,129,129,80.000,12.000,20,4.000,2.000,200000,9.780,0.000,18.000,0.057,10.644,18569,170358,18567,16,9,26,10,0,0,0,0,8,1156.005,11.058,10.812,0.153,3.216,0.038,0.352,0.338,3.273,0.030,0.330,1.514,1.569,0.157,0.000,0.000,0.000,0.000,0.000,0.000,0.000,0.000,0.000,0.000,0.000,0.000,0.000,0.000,0.000,0.000,0,0,3.640,3.254,1.844,0.000,17
Data-Oriented CPU ROAM,RelWithDebInfo,OpenGL,NVIDIA GeForce RTX 5090 D/PCIe/SSE2,4.3.0 NVIDIA 591.86,false,assets/heightmaps/Hm_Terrain_Test_129.pgm,129,129,80.000,12.000,20,4.000,2.000,200000,9.791,0.000,18.000,0.052,11.385,18579,170378,18577,10,5,0,5,0,0,0,0,8,0.000,9.522,9.291,0.142,2.922,0.003,0.355,0.517,2.539,0.026,0.331,1.031,1.425,0.141,0.000,0.000,0.000,0.000,0.000,0.000,0.000,0.000,0.000,0.000,0.000,0.000,0.000,0.000,0.000,0.000,0,0,3.082,2.925,1.362,0.000,17
Data-Oriented CPU ROAM,RelWithDebInfo,OpenGL,NVIDIA GeForce RTX 5090 D/PCIe/SSE2,4.3.0 NVIDIA 591.86,false,assets/heightmaps/Hm_Terrain_Test_129.pgm,129,129,80.000,12.000,20,4.000,2.000,200000,9.801,0.000,18.000,0.047,9.832,18583,170394,18581,8,4,4,4,0,0,0,0,8,149.168,10.721,10.474,0.140,3.051,0.013,0.348,0.341,3.377,0.023,0.345,1.096,1.740,0.158,0.000,0.000,0.000,0.000,0.000,0.000,0.000,0.000,0.000,0.000,0.000,0.000,0.000,0.000,0.000,0.000,0,0,3.741,3.064,1.441,0.000,17
Data-Oriented CPU ROAM,RelWithDebInfo,OpenGL,NVIDIA GeForce RTX 5090 D/PCIe/SSE2,4.3.0 NVIDIA 591.86,false,assets/heightmaps/Hm_Terrain_Test_129.pgm,129,129,80.000,12.000,20,4.000,2.000,200000,9.812,0.000,18.000,0.042,11.049,18586,170410,18584,8,4,5,5,0,0,0,0,8,166.204,9.632,9.400,0.153,2.946,0.014,0.346,0.342,2.775,0.020,0.336,1.052,1.414,0.138,0.000,0.000,0.000,0.000,0.000,0.000,0.000,0.000,0.000,0.000,0.000,0.000,0.000,0.000,0.000,0.000,0,0,3.138,2.961,1.389,0.000,17
Data-Oriented CPU ROAM,RelWithDebInfo,OpenGL,NVIDIA GeForce RTX 5090 D/PCIe/SSE2,4.3.0 NVIDIA 591.86,false,assets/heightmaps/Hm_Terrain_Test_129.pgm,129,129,80.000,12.000,20,4.000,2.000,200000,9.822,0.000,18.000,0.038,9.941,18584,170418,18582,4,2,6,6,0,0,0,0,8,0.000,10.247,10.000,0.140,3.071,0.017,0.343,0.345,3.066,0.017,0.334,1.045,1.623,0.156,0.000,0.000,0.000,0.000,0.000,0.000,0.000,0.000,0.000,0.000,0.000,0.000,0.000,0.000,0.000,0.000,0,0,3.428,3.088,1.379,0.000,17
Data-Oriented CPU ROAM,RelWithDebInfo,OpenGL,NVIDIA GeForce RTX 5090 D/PCIe/SSE2,4.3.0 NVIDIA 591.86,false,assets/heightmaps/Hm_Terrain_Test_129.pgm,129,129,80.000,12.000,20,4.000,2.000,200000,9.833,0.000,18.000,0.033,10.553,18576,170434,18574,10,6,18,8,0,0,0,0,8,157.442,10.258,9.923,0.151,3.230,0.026,0.348,0.335,3.028,0.022,0.330,1.034,1.419,0.239,0.000,0.000,0.000,0.000,0.000,0.000,0.000,0.000,0.000,0.000,0.000,0.000,0.000,0.000,0.000,0.000,0,0,3.385,3.257,1.364,0.000,17
Data-Oriented CPU ROAM,RelWithDebInfo,OpenGL,NVIDIA GeForce RTX 5090 D/PCIe/SSE2,4.3.0 NVIDIA 591.86,false,assets/heightmaps/Hm_Terrain_Test_129.pgm,129,129,80.000,12.000,20,4.000,2.000,200000,9.843,0.000,18.000,0.029,10.548,18578,170442,18576,4,2,2,2,0,0,0,0,8,158.464,10.115,9.859,0.139,2.936,0.009,0.350,0.339,3.093,0.014,0.331,1.166,1.482,0.166,0.000,0.000,0.000,0.000,0.000,0.000,0.000,0.000,0.000,0.000,0.000,0.000,0.000,0.000,0.000,0.000,0,0,3.446,2.945,1.497,0.000,17
Data-Oriented CPU ROAM,RelWithDebInfo,OpenGL,NVIDIA GeForce RTX 5090 D/PCIe/SSE2,4.3.0 NVIDIA 591.86,false,assets/heightmaps/Hm_Terrain_Test_129.pgm,129,129,80.000,12.000,20,4.000,2.000,200000,9.854,0.000,18.000,0.025,10.401,18580,170458,18578,8,4,6,4,0,0,0,0,8,0.000,10.353,10.114,0.144,3.265,0.013,0.401,0.340,2.981,0.019,0.332,1.061,1.557,0.144,0.000,0.000,0.000,0.000,0.000,0.000,0.000,0.000,0.000,0.000,0.000,0.000,0.000,0.000,0.000,0.000,0,0,3.340,3.279,1.393,0.000,17
Data-Oriented CPU ROAM,RelWithDebInfo,OpenGL,NVIDIA GeForce RTX 5090 D/PCIe/SSE2,4.3.0 NVIDIA 591.86,false,assets/heightmaps/Hm_Terrain_Test_129.pgm,129,129,80.000,12.000,20,4.000,2.000,200000,9.864,0.000,18.000,0.022,10.659,18580,170466,18578,4,2,4,2,0,0,0,0,8,140.161,11.410,11.147,0.144,3.392,0.010,0.351,0.339,3.171,0.024,0.514,1.493,1.710,0.163,0.000,0.000,0.000,0.000,0.000,0.000,0.000,0.000,0.000,0.000,0.000,0.000,0.000,0.000,0.000,0.000,0,0,3.533,3.401,2.007,0.000,17
Data-Oriented CPU ROAM,RelWithDebInfo,OpenGL,NVIDIA GeForce RTX 5090 D/PCIe/SSE2,4.3.0 NVIDIA 591.86,false,assets/heightmaps/Hm_Terrain_Test_129.pgm,129,129,80.000,12.000,20,4.000,2.000,200000,9.876,0.000,18.000,0.018,11.730,18589,170490,18587,12,6,3,6,0,0,0,0,8,163.329,9.812,9.565,0.152,2.994,0.010,0.360,0.282,2.774,0.033,0.333,1.148,1.480,0.147,0.000,0.000,0.000,0.000,0.000,0.000,0.000,0.000,0.000,0.000,0.000,0.000,0.000,0.000,0.000,0.000,0,0,3.088,3.004,1.481,0.000,17
Data-Oriented CPU ROAM,RelWithDebInfo,OpenGL,NVIDIA GeForce RTX 5090 D/PCIe/SSE2,4.3.0 NVIDIA 591.86,false,assets/heightmaps/Hm_Terrain_Test_129.pgm,129,129,80.000,12.000,20,4.000,2.000,200000,9.886,0.000,18.000,0.015,10.135,18591,170498,18589,4,2,2,2,0,0,0,0,8,0.000,10.492,10.236,0.150,3.039,0.009,0.344,0.348,3.290,0.019,0.333,1.071,1.633,0.160,0.000,0.000,0.000,0.000,0.000,0.000,0.000,0.000,0.000,0.000,0.000,0.000,0.000,0.000,0.000,0.000,0,0,3.657,3.047,1.404,0.000,17
Data-Oriented CPU ROAM,RelWithDebInfo,OpenGL,NVIDIA GeForce RTX 5090 D/PCIe/SSE2,4.3.0 NVIDIA 591.86,false,assets/heightmaps/Hm_Terrain_Test_129.pgm,129,129,80.000,12.000,20,4.000,2.000,200000,9.897,0.000,18.000,0.013,10.840,18583,170502,18581,2,1,10,2,0,0,0,0,8,1146.212,9.775,9.541,0.146,3.115,0.016,0.348,0.184,2.802,0.011,0.336,1.033,1.548,0.145,0.000,0.000,0.000,0.000,0.000,0.000,0.000,0.000,0.000,0.000,0.000,0.000,0.000,0.000,0.000,0.000,0,0,2.998,3.131,1.369,0.000,17
Data-Oriented CPU ROAM,RelWithDebInfo,OpenGL,NVIDIA GeForce RTX 5090 D/PCIe/SSE2,4.3.0 NVIDIA 591.86,false,assets/heightmaps/Hm_Terrain_Test_129.pgm,129,129,80.000,12.000,20,4.000,2.000,200000,9.907,0.000,18.000,0.010,10.080,18577,170506,18575,2,1,8,2,0,0,0,0,8,157.081,10.193,9.946,0.147,3.024,0.014,0.343,0.376,2.961,0.016,0.332,1.145,1.588,0.150,0.000,0.000,0.000,0.000,0.000,0.000,0.000,0.000,0.000,0.000,0.000,0.000,0.000,0.000,0.000,0.000,0,0,3.353,3.039,1.476,0.000,17
Data-Oriented CPU ROAM,RelWithDebInfo,OpenGL,NVIDIA GeForce RTX 5090 D/PCIe/SSE2,4.3.0 NVIDIA 591.86,false,assets/heightmaps/Hm_Terrain_Test_129.pgm,129,129,80.000,12.000,20,4.000,2.000,200000,9.918,0.000,18.000,0.008,10.657,18579,170514,18577,4,2,2,2,0,0,0,0,8,0.000,9.369,9.119,0.272,2.748,0.009,0.342,0.182,2.596,0.015,0.336,1.038,1.581,0.149,0.000,0.000,0.000,0.000,0.000,0.000,0.000,0.000,0.000,0.000,0.000,0.000,0.000,0.000,0.000,0.000,0,0,2.793,2.757,1.373,0.000,17
Data-Oriented CPU ROAM,RelWithDebInfo,OpenGL,NVIDIA GeForce RTX 5090 D/PCIe/SSE2,4.3.0 NVIDIA 591.86,false,assets/heightmaps/Hm_Terrain_Test_129.pgm,129,129,80.000,12.000,20,4.000,2.000,200000,9.927,0.000,18.000,0.006,9.708,18579,170518,18577,2,1,2,2,0,0,0,0,8,159.811,10.021,9.776,0.147,2.769,0.007,0.354,0.178,3.145,0.011,0.332,1.228,1.605,0.150,0.000,0.000,0.000,0.000,0.000,0.000,0.000,0.000,0.000,0.000,0.000,0.000,0.000,0.000,0.000,0.000,0,0,3.334,2.776,1.560,0.000,17
Data-Oriented CPU ROAM,RelWithDebInfo,OpenGL,NVIDIA GeForce RTX 5090 D/PCIe/SSE2,4.3.0 NVIDIA 591.86,false,assets/heightmaps/Hm_Terrain_Test_129.pgm,129,129,80.000,12.000,20,4.000,2.000,200000,9.938,0.000,18.000,0.005,10.345,18577,170522,18575,2,1,4,4,0,0,0,0,8,1262.295,10.147,9.901,0.147,3.117,0.011,0.354,0.342,3.003,0.012,0.328,1.041,1.546,0.150,0.000,0.000,0.000,0.000,0.000,0.000,0.000,0.000,0.000,0.000,0.000,0.000,0.000,0.000,0.000,0.000,0,0,3.357,3.128,1.369,0.000,17
Data-Oriented CPU ROAM,RelWithDebInfo,OpenGL,NVIDIA GeForce RTX 5090 D/PCIe/SSE2,4.3.0 NVIDIA 591.86,false,assets/heightmaps/Hm_Terrain_Test_129.pgm,129,129,80.000,12.000,20,4.000,2.000,200000,9.948,0.000,18.000,0.003,10.462,18577,170522,18575,0,0,0,0,0,0,0,0,8,0.000,10.397,10.145,0.144,3.016,0.003,0.345,0.345,3.214,0.009,0.330,1.037,1.703,0.144,0.000,0.000,0.000,0.000,0.000,0.000,0.000,0.000,0.000,0.000,0.000,0.000,0.000,0.000,0.000,0.000,0,0,3.568,3.019,1.367,0.000,17
Data-Oriented CPU ROAM,RelWithDebInfo,OpenGL,NVIDIA GeForce RTX 5090 D/PCIe/SSE2,4.3.0 NVIDIA 591.86,false,assets/heightmaps/Hm_Terrain_Test_129.pgm,129,129,80.000,12.000,20,4.000,2.000,200000,9.959,0.000,18.000,0.002,10.724,18571,170522,18569,0,0,6,2,0,0,0,0,8,668.628,9.606,9.346,0.150,3.126,0.013,0.362,0.187,2.539,0.007,0.336,1.042,1.583,0.164,0.000,0.000,0.000,0.000,0.000,0.000,0.000,0.000,0.000,0.000,0.000,0.000,0.000,0.000,0.000,0.000,0,0,2.733,3.139,1.378,0.000,17
Data-Oriented CPU ROAM,RelWithDebInfo,OpenGL,NVIDIA GeForce RTX 5090 D/PCIe/SSE2,4.3.0 NVIDIA 591.86,false,assets/heightmaps/Hm_Terrain_Test_129.pgm,129,129,80.000,12.000,20,4.000,2.000,200000,9.969,0.000,18.000,0.001,9.931,18569,170522,18567,0,0,2,2,0,0,0,0,8,154.522,10.378,10.111,0.152,3.125,0.008,0.341,0.338,2.756,0.009,0.560,1.180,1.642,0.164,0.000,0.000,0.000,0.000,0.000,0.000,0.000,0.000,0.000,0.000,0.000,0.000,0.000,0.000,0.000,0.000,0,0,3.102,3.134,1.740,0.000,17
Data-Oriented CPU ROAM,RelWithDebInfo,OpenGL,NVIDIA GeForce RTX 5090 D/PCIe/SSE2,4.3.0 NVIDIA 591.86,false,assets/heightmaps/Hm_Terrain_Test_129.pgm,129,129,80.000,12.000,20,4.000,2.000,200000,9.980,0.000,18.000,0.000,10.718,18569,170522,18567,0,0,0,0,0,0,0,0,8,0.000,9.906,9.662,0.176,3.010,0.004,0.357,0.213,2.924,0.007,0.333,1.072,1.566,0.146,0.000,0.000,0.000,0.000,0.000,0.000,0.000,0.000,0.000,0.000,0.000,0.000,0.000,0.000,0.000,0.000,0,0,3.144,3.014,1.405,0.000,17
Data-Oriented CPU ROAM,RelWithDebInfo,OpenGL,NVIDIA GeForce RTX 5090 D/PCIe/SSE2,4.3.0 NVIDIA 591.86,false,assets/heightmaps/Hm_Terrain_Test_129.pgm,129,129,80.000,12.000,20,4.000,2.000,200000,9.990,0.000,18.000,0.000,10.239,18569,170522,18567,0,0,0,0,0,0,0,0,8,324.861,9.870,9.618,0.154,3.189,0.004,0.349,0.221,2.774,0.007,0.334,1.055,1.531,0.156,0.000,0.000,0.000,0.000,0.000,0.000,0.000,0.000,0.000,0.000,0.000,0.000,0.000,0.000,0.000,0.000,0,0,3.003,3.192,1.389,0.000,17
Data-Oriented CPU ROAM,RelWithDebInfo,OpenGL,NVIDIA GeForce RTX 5090 D/PCIe/SSE2,4.3.0 NVIDIA 591.86,false,assets/heightmaps/Hm_Terrain_Test_129.pgm,129,129,80.000,12.000,20,4.000,2.000,200000,10.000,0.000,18.000,0.000,10.201,18569,170522,18567,0,0,0,0,0,0,0,0,8,161.564,9.913,9.670,0.146,3.044,0.004,0.354,0.337,2.826,0.006,0.330,1.110,1.512,0.147,0.000,0.000,0.000,0.000,0.000,0.000,0.000,0.000,0.000,0.000,0.000,0.000,0.000,0.000,0.000,0.000,0,0,3.168,3.048,1.441,0.000,17
GPU ROAM-like,RelWithDebInfo,OpenGL,NVIDIA GeForce RTX 5090 D/PCIe/SSE2,4.3.0 NVIDIA 591.86,false,assets/heightmaps/Hm_Terrain_Test_129.pgm,129,129,80.000,12.000,20,4.000,2.000,200000,0.000,0.000,18.000,40.000,482.514,22113,44224,22111,22111,11167,0,10074,0,0,0,0,1,104.606,448.333,442.199,423.935,0.003,0.006,0.001,0.000,0.003,15.054,0.460,0.000,2.738,1.104,0.000,0.000,0.000,0.000,0.000,0.000,0.000,0.000,0.000,1.162,0.062,1.676,0.000,0.000,0.000,0.000,5019704,0,15.057,0.008,0.000,0.000,17
GPU ROAM-like,RelWithDebInfo,OpenGL,NVIDIA GeForce RTX 5090 D/PCIe/SSE2,4.3.0 NVIDIA 591.86,false,assets/heightmaps/Hm_Terrain_Test_129.pgm,129,129,80.000,12.000,20,4.000,2.000,200000,0.449,0.000,18.000,39.765,448.924,22097,44874,22095,325,162,341,231,0,0,0,0,8,118.530,13.327,10.863,0.567,4.059,0.289,0.360,0.421,2.007,0.328,0.365,0.000,2.467,0.850,0.000,0.000,0.000,0.000,0.000,0.000,0.000,0.000,0.000,1.167,0.221,0.064,0.000,0.000,0.000,0.000,5025940,0,2.756,4.348,0.000,0.000,17
GPU ROAM-like,RelWithDebInfo,OpenGL,NVIDIA GeForce RTX 5090 D/PCIe/SSE2,4.3.0 NVIDIA 591.86,false,assets/heightmaps/Hm_Terrain_Test_129.pgm,129,129,80.000,12.000,20,4.000,2.000,200000,0.463,0.000,18.000,39.751,13.791,22052,44900,22050,13,6,58,22,0,0,0,0,8,0.000,10.238,8.700,0.239,3.211,0.055,0.370,0.219,2.004,0.027,0.368,0.000,2.207,0.249,0.000,0.000,0.000,0.000,0.000,0.000,0.000,0.000,0.000,1.062,0.004,0.065,0.000,0.000,0.000,0.000,5028852,0,2.251,3.266,0.000,0.000,17
GPU ROAM-like,RelWithDebInfo,OpenGL,NVIDIA GeForce RTX 5090 D/PCIe/SSE2,4.3.0 NVIDIA 591.86,false,assets/heightmaps/Hm_Terrain_Test_129.pgm,129,129,80.000,12.000,20,4.000,2.000,200000,0.473,0.000,18.000,39.740,10.685,22054,44944,22052,22,11,20,11,0,0,0,0,8,152.469,10.401,8.741,0.199,3.622,0.023,0.370,0.220,1.912,0.037,0.397,0.000,1.959,0.317,0.000,0.000,0.000,0.000,0.000,0.000,0.000,0.000,0.000,1.104,0.005,0.065,0.000,0.000,0.000,0.000,5033780,0,2.168,3.646,0.000,0.000,17
GPU ROAM-like,RelWithDebInfo,OpenGL,NVIDIA GeForce RTX 5090 D/PCIe/SSE2,4.3.0 NVIDIA 591.86,false,assets/heightmaps/Hm_Terrain_Test_129.pgm,129,129,80.000,12.000,20,4.000,2.000,200000,0.484,0.000,18.000,39.728,10.820,22054,44964,22052,10,5,10,8,0,0,0,0,8,115.432,13.687,9.071,0.206,3.675,0.020,0.366,0.218,2.238,0.023,0.367,0.000,1.959,0.890,0.022,0.014,0.017,0.011,0.012,0.006,0.010,0.018,0.110,1.108,0.226,0.070,0.005,2.151,0.000,0.000,5036020,96,2.479,3.695,0.000,0.000,17
GPU ROAM-like,RelWithDebInfo,OpenGL,NVIDIA GeForce RTX 5090 D/PCIe/SSE2,4.3.0 NVIDIA 591.86,false,assets/heightmaps/Hm_Terrain_Test_129.pgm,129,129,80.000,12.000,20,4.000,2.000,200000,0.498,0.000,18.000,39.712,14.122,22064,44996,22062,16,8,6,8,0,0,0,0,8,129.141,12.252,8.574,0.278,3.187,0.014,0.363,0.214,1.998,0.030,0.382,0.000,2.107,0.700,0.012,0.012,0.012,0.009,0.024,0.012,0.007,0.021,0.109,1.071,0.214,0.072,0.005,1.449,0.000,0.000,5039604,96,2.243,3.201,0.000,0.000,17
GPU ROAM-like,RelWithDebInfo,OpenGL,NVIDIA GeForce RTX 5090 D/PCIe/SSE2,4.3.0 NVIDIA 591.86,false,assets/heightmaps/Hm_Terrain_Test_129.pgm,129,129,80.000,12.000,20,4.000,2.000,200000,0.511,0.000,18.000,39.697,12.678,22072,45036,22070,20,10,12,11,0,0,0,0,8,0.000,13.257,9.558,0.298,3.783,0.022,0.364,0.413,1.965,0.041,0.364,0.000,2.308,0.710,0.011,0.014,0.015,0.009,0.013,0.011,0.008,0.021,0.103,1.023,0.223,0.069,0.005,1.508,0.000,0.000,5044084,96,2.418,3.805,0.000,0.000,17
GPU ROAM-like,RelWithDebInfo,OpenGL,NVIDIA GeForce RTX 5090 D/PCIe/SSE2,4.3.0 NVIDIA 591.86,false,assets/heightmaps/Hm_Terrain_Test_129.pgm,129,129,80.000,12.000,20,4.000,2.000,200000,0.525,0.000,18.000,39.681,13.689,22072,45092,22070,28,14,28,16,0,0,0,0,8,128.496,12.316,8.631,0.255,3.153,0.032,0.365,0.217,2.062,0.053,0.373,0.000,2.120,0.763,0.018,0.015,0.015,0.009,0.019,0.011,0.008,0.020,0.115,1.063,0.204,0.076,0.005,1.402,0.000,0.000,5050356,96,2.332,3.185,0.000,0.000,17
GPU ROAM-like,RelWithDebInfo,OpenGL,NVIDIA GeForce RTX 5090 D/PCIe/SSE2,4.3.0 NVIDIA 591.86,false,assets/heightmaps/Hm_Terrain_Test_129.pgm,129,129,80.000,12.000,20,4.000,2.000,200000,0.538,0.000,18.000,39.666,12.798,22084,45140,22082,30,18,18,12,0,0,0,0,8,105.274,15.012,10.297,0.342,3.806,0.033,0.367,0.216,1.814,0.054,0.370,0.000,3.293,1.167,0.013,0.012,0.017,0.009,0.015,0.012,0.007,0.020,0.105,1.342,0.350,0.093,0.009,1.557,0.000,0.000,5055732,96,2.084,3.839,0.000,0.000,17
GPU ROAM-like,RelWithDebInfo,OpenGL,NVIDIA GeForce RTX 5090 D/PCIe/SSE2,4.3.0 NVIDIA 591.86,false,assets/heightmaps/Hm_Terrain_Test_129.pgm,129,129,80.000,12.000,20,4.000,2.000,200000,0.553,0.000,18.000,39.646,15.563,22063,45196,22061,28,14,49,24,0,0,0,0,8,109.521,14.404,10.594,0.708,3.984,0.072,0.386,0.421,1.705,0.055,0.369,0.000,2.894,0.780,0.010,0.015,0.016,0.011,0.016,0.011,0.010,0.022,0.111,1.123,0.225,0.081,0.005,1.438,0.000,0.000,5062004,96,2.181,4.056,0.000,0.000,17
GPU ROAM-like,RelWithDebInfo,OpenGL,NVIDIA GeForce RTX 5090 D/PCIe/SSE2,4.3.0 NVIDIA 591.86,false,assets/heightmaps/Hm_Terrain_Test_129.pgm,129,129,80.000,12.000,20,4.000,2.000,200000,0.568,0.000,18.000,39.628,14.920,22099,45276,22097,40,20,4,20,0,0,0,0,8,129.732,12.185,8.572,0.337,3.284,0.014,0.371,0.218,1.698,0.064,0.371,0.000,2.215,0.697,0.012,0.016,0.017,0.009,0.018,0.011,0.008,0.021,0.112,1.017,0.205,0.070,0.005,1.465,0.000,0.000,5070964,96,1.980,3.297,0.000,0.000,17
GPU ROAM-like,RelWithDebInfo,OpenGL,NVIDIA GeForce RTX 5090 D/PCIe/SSE2,4.3.0 NVIDIA 591.86,false,assets/heightmaps/Hm_Terrain_Test_129.pgm,129,129,80.000,12.000,20,4.000,2.000,200000,0.581,0.000,18.000,39.611,12.633,22099,45336,22097,30,15,30,16,0,0,0,0,8,114.178,13.833,9.172,0.270,3.465,0.040,0.368,0.221,1.807,0.055,0.372,0.000,2.574,0.881,0.013,0.018,0.015,0.010,0.013,0.012,0.008,0.020,0.110,1.090,0.226,0.076,0.006,2.217,0.000,0.000,5077684,96,2.083,3.506,0.000,0.000,17
GPU ROAM-like,RelWithDebInfo,OpenGL,NVIDIA GeForce RTX 5090 D/PCIe/SSE2,4.3.0 NVIDIA 591.86,false,assets/heightmaps/Hm_Terrain_Test_129.pgm,129,129,80.000,12.000,20,4.000,2.000,200000,0.595,0.000,18.000,39.592,14.290,22104,45370,22102,17,8,12,11,0,0,0,0,8,130.307,12.134,8.788,0.352,3.331,0.023,0.368,0.218,1.991,0.038,0.367,0.000,2.101,0.919,0.010,0.017,0.016,0.008,0.019,0.011,0.007,0.021,0.109,0.985,0.216,0.073,0.005,0.988,0.000,0.000,5081492,96,2.247,3.354,0.000,0.000,17
GPU ROAM-like,RelWithDebInfo,OpenGL,NVIDIA GeForce RTX 5090 D/PCIe/SSE2,4.3.0 NVIDIA 591.86,false,assets/heightmaps/Hm_Terrain_Test_129.pgm,129,129,80.000,12.000,20,4.000,2.000,200000,0.607,0.000,18.000,39.575,12.567,22130,45442,22128,36,18,10,20,0,0,0,0,8,0.000,11.255,8.291,0.230,3.170,0.018,0.366,0.412,1.805,0.050,0.368,0.000,1.872,0.696,0.009,0.019,0.017,0.009,0.020,0.011,0.007,0.019,0.111,0.979,0.207,0.209,0.004,0.732,0.000,0.000,5089556,96,2.267,3.188,0.000,0.000,17
GPU ROAM-like,RelWithDebInfo,OpenGL,NVIDIA GeForce RTX 5090 D/PCIe/SSE2,4.3.0 NVIDIA 591.86,false,assets/heightmaps/Hm_Terrain_Test_129.pgm,129,129,80.000,12.000,20,4.000,2.000,200000,0.619,0.000,18.000,39.559,11.658,22120,45494,22118,26,13,36,16,0,0,0,0,8,127.597,12.377,9.304,0.193,3.691,0.039,0.364,0.289,2.348,0.041,0.370,0.000,1.969,0.789,0.012,0.017,0.014,0.009,0.020,0.012,0.007,0.019,0.110,1.066,0.203,0.195,0.004,0.673,0.000,0.000,5095380,96,2.678,3.730,0.000,0.000,17
GPU ROAM-like,RelWithDebInfo,OpenGL,NVIDIA GeForce RTX 5090 D/PCIe/SSE2,4.3.0 NVIDIA 591.86,false,assets/heightmaps/Hm_Terrain_Test_129.pgm,129,129,80.000,12.000,20,4.000,2.000,200000,0.632,0.000,18.000,39.541,12.786,22122,45530,22120,18,9,16,11,0,0,0,0,8,142.919,11.065,7.646,0.192,3.474,0.037,0.368,0.209,1.237,0.028,0.369,0.000,1.731,0.697,0.014,0.013,0.013,0.010,0.020,0.008,0.010,0.022,0.110,1.050,0.733,0.054,0.005,0.735,0.000,0.000,5099412,96,1.474,3.511,0.000,0.000,17
GPU ROAM-like,RelWithDebInfo,OpenGL,NVIDIA GeForce RTX 5090 D/PCIe/SSE2,4.3.0 NVIDIA 591.86,false,assets/heightmaps/Hm_Terrain_Test_129.pgm,129,129,80.000,12.000,20,4.000,2.000,200000,0.643,0.000,18.000,39.525,11.462,22144,45578,22142,24,12,2,12,0,0,0,0,8,0.000,13.967,9.258,0.254,3.463,0.009,0.367,0.253,2.000,0.039,0.365,0.000,2.509,1.046,0.008,0.014,0.013,0.009,0.008,0.004,0.006,0.018,0.080,2.290,0.390,0.060,0.006,0.737,0.000,0.000,5104788,96,2.291,3.472,0.000,0.000,17
GPU ROAM-like,RelWithDebInfo,OpenGL,NVIDIA GeForce RTX 5090 D/PCIe/SSE2,4.3.0 NVIDIA 591.86,false,assets/heightmaps/Hm_Terrain_Test_129.pgm,129,129,80.000,12.000,20,4.000,2.000,200000,0.658,0.000,18.000,39.504,14.408,22148,45646,22146,34,17,30,20,0,0,0,0,8,136.073,11.611,8.689,0.297,3.131,0.039,0.472,0.211,1.852,0.070,0.654,0.000,1.962,0.703,0.010,0.009,0.020,0.008,0.014,0.004,0.007,0.022,0.095,0.994,0.217,0.053,0.005,0.808,0.000,0.000,5112404,96,2.133,3.170,0.000,0.000,17
GPU ROAM-like,RelWithDebInfo,OpenGL,NVIDIA GeForce RTX 5090 D/PCIe/SSE2,4.3.0 NVIDIA 591.86,false,assets/heightmaps/Hm_Terrain_Test_129.pgm,129,129,80.000,12.000,20,4.000,2.000,200000,0.670,0.000,18.000,39.486,12.012,22172,45710,22170,32,16,8,16,0,0,0,0,8,0.000,10.917,8.021,0.263,3.129,0.014,0.366,0.219,1.695,0.048,0.370,0.000,1.916,0.786,0.011,0.013,0.010,0.010,0.008,0.015,0.006,0.019,0.090,1.046,0.216,0.051,0.004,0.655,0.000,0.000,5119572,96,1.962,3.143,0.000,0.000,17
GPU ROAM-like,RelWithDebInfo,OpenGL,NVIDIA GeForce RTX 5090 D/PCIe/SSE2,4.3.0 NVIDIA 591.86,false,assets/heightmaps/Hm_Terrain_Test_129.pgm,129,129,80.000,12.000,20,4.000,2.000,200000,0.681,0.000,18.000,39.469,11.303,22188,45758,22186,24,12,8,13,0,0,0,0,8,137.653,11.477,8.427,0.185,3.784,0.016,0.365,0.215,1.785,0.037,0.370,0.000,1.671,0.858,0.008,0.014,0.006,0.013,0.005,0.003,0.006,0.018,0.072,1.009,0.243,0.055,0.004,0.741,0.000,0.000,5124948,96,2.036,3.799,0.000,0.000,17
GPU ROAM-like,RelWithDebInfo,OpenGL,NVIDIA GeForce RTX 5090 D/PCIe/SSE2,4.3.0 NVIDIA 591.86,false,assets/heightmaps/Hm_Terrain_Test_129.pgm,129,129,80.000,12.000,20,4.000,2.000,200000,0.693,0.000,18.000,39.450,11.863,22201,45788,22199,15,7,2,10,0,0,0,0,8,138.361,11.422,8.050,0.235,3.175,0.008,0.368,0.272,1.861,0.025,0.370,0.000,1.737,0.859,0.006,0.009,0.005,0.007,0.003,0.003,0.005,0.016,0.055,0.996,0.212,0.053,0.005,1.104,0.000,0.000,5128308,96,2.158,3.182,0.000,0.000,17
GPU ROAM-like,RelWithDebInfo,OpenGL,NVIDIA GeForce RTX 5090 D/PCIe/SSE2,4.3.0 NVIDIA 591.86,false,assets/heightmaps/Hm_Terrain_Test_129.pgm,129,129,80.000,12.000,20,4.000,2.000,200000,0.705,0.000,18.000,39.432,11.801,22179,45840,22177,26,13,48,20,0,0,0,0,8,134.102,11.798,8.960,0.286,3.697,0.047,0.366,0.217,2.104,0.039,0.372,0.000,1.831,0.722,0.006,0.006,0.007,0.008,0.003,0.003,0.005,0.018,0.056,1.039,0.180,0.053,0.004,0.682,0.000,0.000,5134132,96,2.360,3.744,0.000,0.000,17
GPU ROAM-like,RelWithDebInfo,OpenGL,NVIDIA GeForce RTX 5090 D/PCIe/SSE2,4.3.0 NVIDIA 591.86,false,assets/heightmaps/Hm_Terrain_Test_129.pgm,129,129,80.000,12.000,20,4.000,2.000,200000,0.718,0.000,18.000,39.411,12.939,22177,45884,22175,22,11,24,14,0,0,0,0,8,138.590,11.405,8.513,0.275,3.096,0.030,0.365,0.409,1.931,0.035,0.370,0.000,2.003,0.714,0.011,0.009,0.007,0.007,0.003,0.003,0.006,0.017,0.063,1.061,0.181,0.049,0.004,0.741,0.000,0.000,5139060,96,2.375,3.125,0.000,0.000,17
GPU ROAM-like,RelWithDebInfo,OpenGL,NVIDIA GeForce RTX 5090 D/PCIe/SSE2,4.3.0 NVIDIA 591.86,false,assets/heightmaps/Hm_Terrain_Test_129.pgm,129,129,80.000,12.000,20,4.000,2.000,200000,0.729,0.000,18.000,39.392,11.787,22175,45928,22173,22,11,24,14,0,0,0,0,8,0.000,10.815,7.875,0.188,3.526,0.032,0.365,0.216,1.483,0.034,0.373,0.000,1.657,0.723,0.007,0.009,0.005,0.007,0.003,0.003,0.006,0.016,0.056,1.070,0.198,0.053,0.004,0.741,0.000,0.000,5143988,96,1.732,3.559,0.000,0.000,17
GPU ROAM-like,RelWithDebInfo,OpenGL,NVIDIA GeForce RTX 5090 D/PCIe/SSE2,4.3.0 NVIDIA 591.86,false,assets/heightmaps/Hm_Terrain_Test_129.pgm,129,129,80.000,12.000,20,4.000,2.000,200000,0.741,0.000,18.000,39.374,11.196,22165,45956,22163,14,7,24,16,0,0,0,0,8,145.281,10.887,8.045,0.211,3.388,0.032,0.367,0.211,1.714,0.025,0.375,0.000,1.722,0.686,0.006,0.010,0.006,0.006,0.003,0.003,0.005,0.017,0.056,1.007,0.186,0.055,0.005,0.759,0.000,0.000,5147124,96,1.950,3.420,0.000,0.000,17
GPU ROAM-like,RelWithDebInfo,OpenGL,NVIDIA GeForce RTX 5090 D/PCIe/SSE2,4.3.0 NVIDIA 591.86,false,assets/heightmaps/Hm_Terrain_Test_129.pgm,129,129,80.000,12.000,20,4.000,2.000,200000,0.752,0.000,18.000,39.355,11.278,22173,46028,22171,36,18,28,19,0,0,0,0,8,146.827,10.762,8.037,0.287,3.165,0.034,0.367,0.209,1.865,0.048,0.369,0.000,1.693,0.698,0.011,0.006,0.005,0.006,0.003,0.003,0.005,0.017,0.057,0.997,0.179,0.048,0.004,0.667,0.000,0.000,5155188,96,2.122,3.198,0.000,0.000,17
GPU ROAM-like,RelWithDebInfo,OpenGL,NVIDIA GeForce RTX 5090 D/PCIe/SSE2,4.3.0 NVIDIA 591.86,false,assets/heightmaps/Hm_Terrain_Test_129.pgm,129,129,80.000,12.000,20,4.000,2.000,200000,0.763,0.000,18.000,39.337,11.126,22143,46068,22141,20,10,50,22,0,0,0,0,8,0.000,10.551,8.147,0.177,3.221,0.043,0.362,0.220,1.927,0.036,0.372,0.000,1.788,0.240,0.006,0.010,0.004,0.005,0.003,0.003,0.004,0.015,0.049,1.073,0.000,0.054,0.004,0.874,0.000,0.000,5159668,96,2.184,3.265,0.000,0.000,17
GPU ROAM-like,RelWithDebInfo,OpenGL,NVIDIA GeForce RTX 5090 D/PCIe/SSE2,4.3.0 NVIDIA 591.86,false,assets/heightmaps/Hm_Terrain_Test_129.pgm,129,129,80.000,12.000,20,4.000,2.000,200000,0.774,0.000,18.000,39.318,10.941,22157,46140,22155,36,18,22,21,0,0,0,0,8,139.802,11.310,8.426,0.282,3.142,0.026,0.366,0.406,1.955,0.060,0.370,0.000,1.820,0.712,0.011,0.005,0.004,0.005,0.003,0.003,0.004,0.019,0.053,1.034,0.200,0.047,0.005,0.742,0.000,0.000,5167732,96,2.421,3.168,0.000,0.000,17
GPU ROAM-like,RelWithDebInfo,OpenGL,NVIDIA GeForce RTX 5090 D/PCIe/SSE2,4.3.0 NVIDIA 591.86,false,assets/heightmaps/Hm_Terrain_Test_129.pgm,129,129,80.000,12.000,20,4.000,2.000,200000,0.786,0.000,18.000,39.298,11.688,22167,46200,22165,30,15,20,15,0,0,0,0,8,139.886,11.295,8.449,0.196,3.595,0.030,0.365,0.273,1.837,0.043,0.368,0.000,1.741,0.709,0.006,0.009,0.004,0.005,0.003,0.003,0.004,0.017,0.050,1.045,0.191,0.052,0.005,0.709,0.000,0.000,5174452,96,2.154,3.626,0.000,0.000,17
GPU ROAM-like,RelWithDebInfo,OpenGL,NVIDIA GeForce RTX 5090 D/PCIe/SSE2,4.3.0 NVIDIA 591.86,false,assets/heightmaps/Hm_Terrain_Test_129.pgm,129,129,80.000,12.000,20,4.000,2.000,200000,0.797,0.000,18.000,39.278,11.679,22168,46262,22166,31,15,30,16,0,0,0,0,8,140.673,11.238,8.364,0.189,3.194,0.032,0.367,0.215,2.149,0.047,0.365,0.000,1.808,0.691,0.005,0.010,0.004,0.005,0.003,0.003,0.004,0.018,0.051,1.034,0.199,0.055,0.004,0.749,0.000,0.000,5181396,96,2.411,3.226,0.000,0.000,17
GPU ROAM-like,RelWithDebInfo,OpenGL,NVIDIA GeForce RTX 5090 D/PCIe/SSE2,4.3.0 NVIDIA 591.86,false,assets/heightmaps/Hm_Terrain_Test_129.pgm,129,129,80.000,12.000,20,4.000,2.000,200000,0.809,0.000,18.000,39.257,11.616,22144,46306,22142,22,11,46,24,0,0,0,0,8,0.000,10.904,8.517,0.240,3.285,0.044,0.366,0.417,1.863,0.037,0.368,0.000,1.898,0.237,0.006,0.008,0.004,0.005,0.003,0.003,0.004,0.017,0.050,1.072,0.000,0.046,0.004,0.879,0.000,0.000,5186324,96,2.317,3.329,0.000,0.000,17
GPU ROAM-like,RelWithDebInfo,OpenGL,NVIDIA GeForce RTX 5090 D/PCIe/SSE2,4.3.0 NVIDIA 591.86,false,assets/heightmaps/Hm_Terrain_Test_129.pgm,129,129,80.000,12.000,20,4.000,2.000,200000,0.820,0.000,18.000,39.237,11.293,22136,46350,22134,22,11,30,20,0,0,0,0,8,426.303,11.123,8.207,0.182,3.485,0.039,0.364,0.223,1.758,0.035,0.368,0.000,1.753,0.688,0.006,0.009,0.004,0.005,0.003,0.003,0.004,0.017,0.050,1.052,0.249,0.049,0.004,0.734,0.000,0.000,5191252,96,2.016,3.524,0.000,0.000,17
GPU ROAM-like,RelWithDebInfo,OpenGL,NVIDIA GeForce RTX 5090 D/PCIe/SSE2,4.3.0 NVIDIA 591.86,false,assets/heightmaps/Hm_Terrain_Test_129.pgm,129,129,80.000,12.000,20,4.000,2.000,200000,0.832,0.000,18.000,39.216,11.500,22146,46410,22144,30,15,20,16,0,0,0,0,8,420.001,11.292,8.224,0.195,3.127,0.027,0.366,0.212,2.050,0.042,0.367,0.000,1.839,0.883,0.006,0.008,0.004,0.005,0.003,0.003,0.004,0.017,0.050,1.020,0.191,0.055,0.005,0.770,0.000,0.000,5197972,96,2.304,3.153,0.000,0.000,17
GPU ROAM-like,RelWithDebInfo,OpenGL,NVIDIA GeForce RTX 5090 D/PCIe/SSE2,4.3.0 NVIDIA 591.86,false,assets/heightmaps/Hm_Terrain_Test_129.pgm,129,129,80.000,12.000,20,4.000,2.000,200000,0.843,0.000,18.000,39.194,11.674,22122,46458,22120,24,12,48,24,0,0,0,0,8,148.783,10.637,8.325,0.269,3.097,0.048,0.366,0.412,1.968,0.039,0.367,0.000,1.758,0.237,0.007,0.008,0.004,0.005,0.003,0.003,0.004,0.018,0.052,1.046,0.000,0.044,0.005,0.835,0.000,0.000,5203348,96,2.419,3.145,0.000,0.000,17
GPU ROAM-like,RelWithDebInfo,OpenGL,NVIDIA GeForce RTX 5090 D/PCIe/SSE2,4.3.0 NVIDIA 591.86,false,assets/heightmaps/Hm_Terrain_Test_129.pgm,129,129,80.000,12.000,20,4.000,2.000,200000,0.854,0.000,18.000,39.174,11.002,22087,46506,22085,24,12,59,20,0,0,0,0,8,0.000,10.777,8.344,0.172,3.155,0.047,0.366,0.466,1.988,0.036,0.368,0.000,1.746,0.213,0.006,0.004,0.005,0.005,0.003,0.003,0.004,0.017,0.047,1.062,0.000,0.048,0.004,0.955,0.000,0.000,5208724,96,2.490,3.202,0.000,0.000,17
GPU ROAM-like,RelWithDebInfo,OpenGL,NVIDIA GeForce RTX 5090 D/PCIe/SSE2,4.3.0 NVIDIA 591.86,false,assets/heightmaps/Hm_Terrain_Test_129.pgm,129,129,80.000,12.000,20,4.000,2.000,200000,0.866,0.000,18.000,39.153,11.155,22099,46562,22097,28,14,16,14,0,0,0,0,8,138.233,11.444,8.270,0.216,3.242,0.021,0.366,0.417,1.806,0.044,0.368,0.000,1.789,0.882,0.006,0.008,0.006,0.005,0.003,0.003,0.004,0.017,0.052,1.052,0.212,0.053,0.004,0.817,0.000,0.000,5214996,96,2.267,3.263,0.000,0.000,17
GPU ROAM-like,RelWithDebInfo,OpenGL,NVIDIA GeForce RTX 5090 D/PCIe/SSE2,4.3.0 NVIDIA 591.86,false,assets/heightmaps/Hm_Terrain_Test_129.pgm,129,129,80.000,12.000,20,4.000,2.000,200000,0.877,0.000,18.000,39.130,11.839,22093,46618,22091,28,14,34,22,0,0,0,0,8,137.953,11.463,8.548,0.299,3.406,0.041,0.365,0.326,1.663,0.052,0.373,0.000,2.025,0.699,0.017,0.007,0.004,0.005,0.003,0.003,0.004,0.017,0.059,1.074,0.189,0.051,0.005,0.749,0.000,0.000,5221268,96,2.041,3.447,0.000,0.000,17
GPU ROAM-like,RelWithDebInfo,OpenGL,NVIDIA GeForce RTX 5090 D/PCIe/SSE2,4.3.0 NVIDIA 591.86,false,assets/heightmaps/Hm_Terrain_Test_129.pgm,129,129,80.000,12.000,20,4.000,2.000,200000,0.889,0.000,18.000,39.107,11.852,22089,46674,22087,28,14,32,18,0,0,0,0,8,139.031,11.370,8.486,0.178,3.694,0.035,0.365,0.226,1.881,0.036,0.366,0.000,1.705,0.703,0.006,0.008,0.004,0.005,0.003,0.003,0.004,0.017,0.049,1.051,0.191,0.049,0.004,0.743,0.000,0.000,5227540,96,2.143,3.729,0.000,0.000,17
GPU ROAM-like,RelWithDebInfo,OpenGL,NVIDIA GeForce RTX 5090 D/PCIe/SSE2,4.3.0 NVIDIA 591.86,false,assets/heightmaps/Hm_Terrain_Test_129.pgm,129,129,80.000,12.000,20,4.000,2.000,200000,0.901,0.000,18.000,39.084,11.740,22077,46714,22075,20,10,32,18,0,0,0,0,8,0.000,11.914,8.959,0.202,3.734,0.034,0.365,0.214,2.040,0.042,0.382,0.000,1.946,0.746,0.006,0.008,0.004,0.005,0.003,0.003,0.004,0.017,0.049,1.102,0.202,0.058,0.005,0.684,0.000,0.000,5232020,96,2.296,3.768,0.000,0.000,17
GPU ROAM-like,RelWithDebInfo,OpenGL,NVIDIA GeForce RTX 5090 D/PCIe/SSE2,4.3.0 NVIDIA 591.86,false,assets/heightmaps/Hm_Terrain_Test_129.pgm,129,129,80.000,12.000,20,4.000,2.000,200000,0.913,0.000,18.000,39.060,12.325,22097,46790,22095,38,19,18,20,0,0,0,0,8,133.117,11.871,9.003,0.313,3.528,0.028,0.456,0.401,1.703,0.056,0.407,0.000,2.111,0.706,0.006,0.009,0.004,0.005,0.003,0.003,0.004,0.017,0.051,1.021,0.189,0.051,0.004,0.755,0.000,0.000,5240532,96,2.159,3.556,0.000,0.000,17
GPU ROAM-like,RelWithDebInfo,OpenGL,NVIDIA GeForce RTX 5090 D/PCIe/SSE2,4.3.0 NVIDIA 591.86,false,assets/heightmaps/Hm_Terrain_Test_129.pgm,129,129,80.000,12.000,20,4.000,2.000,200000,0.926,0.000,18.000,39.035,12.261,22085,46842,22083,26,13,38,14,0,0,0,0,8,415.110,11.432,8.364,0.208,3.196,0.038,0.365,0.408,1.982,0.037,0.367,0.000,1.762,0.773,0.006,0.004,0.007,0.005,0.003,0.003,0.004,0.019,0.051,1.191,0.190,0.051,0.004,0.709,0.000,0.000,5246356,96,2.427,3.234,0.000,0.000,17
GPU ROAM-like,RelWithDebInfo,OpenGL,NVIDIA GeForce RTX 5090 D/PCIe/SSE2,4.3.0 NVIDIA 591.86,false,assets/heightmaps/Hm_Terrain_Test_129.pgm,129,129,80.000,12.000,20,4.000,2.000,200000,0.937,0.000,18.000,39.011,11.816,22105,46910,22103,34,16,14,19,0,0,0,0,8,142.394,11.115,8.145,0.207,3.158,0.021,0.365,0.214,2.016,0.051,0.363,0.000,1.749,0.704,0.007,0.004,0.007,0.005,0.003,0.003,0.004,0.017,0.050,1.104,0.207,0.051,0.005,0.747,0.000,0.000,5253972,96,2.281,3.180,0.000,0.000,17
GPU ROAM-like,RelWithDebInfo,OpenGL,NVIDIA GeForce RTX 5090 D/PCIe/SSE2,4.3.0 NVIDIA 591.86,false,assets/heightmaps/Hm_Terrain_Test_129.pgm,129,129,80.000,12.000,20,4.000,2.000,200000,0.949,0.000,18.000,38.988,11.505,22105,46990,22103,40,20,40,22,0,0,0,0,8,0.000,11.826,8.919,0.241,3.698,0.042,0.363,0.216,2.124,0.054,0.361,0.000,1.820,0.724,0.006,0.009,0.007,0.005,0.003,0.003,0.004,0.017,0.053,1.047,0.185,0.050,0.004,0.747,0.000,0.000,5262932,96,2.393,3.740,0.000,0.000,17
GPU ROAM-like,RelWithDebInfo,OpenGL,NVIDIA GeForce RTX 5090 D/PCIe/SSE2,4.3.0 NVIDIA 591.86,false,assets/heightmaps/Hm_Terrain_Test_129.pgm,129,129,80.000,12.000,20,4.000,2.000,200000,0.961,0.000,18.000,38.962,12.194,22108,47048,22106,29,14,26,20,0,0,0,0,8,561.914,11.260,8.321,0.242,3.078,0.030,0.362,0.408,1.886,0.046,0.366,0.000,1.902,0.762,0.006,0.008,0.004,0.005,0.003,0.003,0.004,0.017,0.050,1.100,0.207,0.048,0.004,0.670,0.000,0.000,5269428,96,2.340,3.109,0.000,0.000,17
GPU ROAM-like,RelWithDebInfo,OpenGL,NVIDIA GeForce RTX 5090 D/PCIe/SSE2,4.3.0 NVIDIA 591.86,false,assets/heightmaps/Hm_Terrain_Test_129.pgm,129,129,80.000,12.000,20,4.000,2.000,200000,0.974,0.000,18.000,38.936,12.625,22129,47124,22127,38,19,17,22,0,0,0,0,8,135.883,11.633,8.536,0.214,3.206,0.021,0.362,0.284,2.102,0.055,0.373,0.000,1.918,0.882,0.007,0.008,0.004,0.005,0.003,0.003,0.004,0.017,0.050,1.044,0.201,0.056,0.005,0.765,0.000,0.000,5277940,96,2.441,3.227,0.000,0.000,17
GPU ROAM-like,RelWithDebInfo,OpenGL,NVIDIA GeForce RTX 5090 D/PCIe/SSE2,4.3.0 NVIDIA 591.86,false,assets/heightmaps/Hm_Terrain_Test_129.pgm,129,129,80.000,12.000,20,4.000,2.000,200000,0.986,0.000,18.000,38.910,12.026,22119,47164,22117,20,10,30,20,0,0,0,0,8,147.188,10.757,7.537,0.197,3.174,0.035,0.365,0.212,1.431,0.030,0.372,0.000,1.720,0.967,0.005,0.010,0.004,0.005,0.003,0.003,0.004,0.018,0.052,1.097,0.207,0.056,0.005,0.734,0.000,0.000,5282420,96,1.674,3.209,0.000,0.000,17
GPU ROAM-like,RelWithDebInfo,OpenGL,NVIDIA GeForce RTX 5090 D/PCIe/SSE2,4.3.0 NVIDIA 591.86,false,assets/heightmaps/Hm_Terrain_Test_129.pgm,129,129,80.000,12.000,20,4.000,2.000,200000,0.997,0.000,18.000,38.887,11.152,22115,47252,22113,46,24,50,25,0,0,0,0,8,0.000,12.194,8.998,0.258,3.606,0.049,0.364,0.211,2.162,0.060,0.363,0.000,1.926,0.831,0.007,0.009,0.004,0.005,0.003,0.003,0.004,0.017,0.051,1.182,0.207,0.056,0.004,0.760,0.000,0.000,5292276,96,2.433,3.655,0.000,0.000,17
GPU ROAM-like,RelWithDebInfo,OpenGL,NVIDIA GeForce RTX 5090 D/PCIe/SSE2,4.3.0 NVIDIA 591.86,false,assets/heightmaps/Hm_Terrain_Test_129.pgm,129,129,80.000,12.000,20,4.000,2.000,200000,1.010,0.000,18.000,38.859,12.604,22139,47336,22137,42,21,18,24,0,0,0,0,8,0.000,11.512,8.398,0.246,3.239,0.028,0.367,0.418,1.753,0.057,0.370,0.000,1.920,0.814,0.011,0.007,0.004,0.005,0.003,0.003,0.004,0.017,0.054,1.170,0.208,0.052,0.005,0.712,0.000,0.000,5301684,96,2.228,3.267,0.000,0.000,17
GPU ROAM-like,RelWithDebInfo,OpenGL,NVIDIA GeForce RTX 5090 D/PCIe/SSE2,4.3.0 NVIDIA 591.86,false,assets/heightmaps/Hm_Terrain_Test_129.pgm,129,129,80.000,12.000,20,4.000,2.000,200000,1.021,0.000,18.000,38.833,11.901,22151,47416,22149,40,20,28,26,0,0,0,0,8,132.370,11.943,8.927,0.176,3.855,0.036,0.365,0.323,1.857,0.054,0.366,0.000,1.895,0.732,0.007,0.009,0.004,0.005,0.003,0.003,0.004,0.017,0.051,1.091,0.216,0.056,0.004,0.765,0.000,0.000,5310644,96,2.233,3.891,0.000,0.000,17
GPU ROAM-like,RelWithDebInfo,OpenGL,NVIDIA GeForce RTX 5090 D/PCIe/SSE2,4.3.0 NVIDIA 591.86,false,assets/heightmaps/Hm_Terrain_Test_129.pgm,129,129,80.000,12.000,20,4.000,2.000,200000,1.034,0.000,18.000,38.806,12.350,22118,47484,22116,34,17,67,38,0,0,0,0,8,131.463,12.046,8.787,0.215,3.170,0.068,0.366,0.275,1.970,0.053,0.364,0.000,2.307,0.769,0.011,0.004,0.004,0.005,0.003,0.003,0.005,0.017,0.054,1.207,0.255,0.071,0.006,0.772,0.000,0.000,5318260,96,2.298,3.238,0.000,0.000,17
GPU ROAM-like,RelWithDebInfo,OpenGL,NVIDIA GeForce RTX 5090 D/PCIe/SSE2,4.3.0 NVIDIA 591.86,false,assets/heightmaps/Hm_Terrain_Test_129.pgm,129,129,80.000,12.000,20,4.000,2.000,200000,1.046,0.000,18.000,38.778,12.505,22112,47556,22110,36,18,42,26,0,0,0,0,8,135.525,11.680,8.724,0.281,3.571,0.049,0.366,0.219,1.810,0.052,0.362,0.000,2.014,0.751,0.005,0.011,0.004,0.005,0.003,0.003,0.007,0.019,0.056,1.084,0.211,0.059,0.005,0.681,0.000,0.000,5326324,96,2.080,3.620,0.000,0.000,17
GPU ROAM-like,RelWithDebInfo,OpenGL,NVIDIA GeForce RTX 5090 D/PCIe/SSE2,4.3.0 NVIDIA 591.86,false,assets/heightmaps/Hm_Terrain_Test_129.pgm,129,129,80.000,12.000,20,4.000,2.000,200000,1.058,0.000,18.000,38.750,12.127,22094,47620,22092,32,16,50,24,0,0,0,0,8,0.000,11.928,8.908,0.236,3.272,0.064,0.365,0.417,1.997,0.051,0.367,0.000,2.139,0.730,0.004,0.009,0.004,0.005,0.003,0.003,0.006,0.017,0.050,1.102,0.205,0.058,0.005,0.765,0.000,0.000,5333492,96,2.465,3.336,0.000,0.000,17
GPU ROAM-like,RelWithDebInfo,OpenGL,NVIDIA GeForce RTX 5090 D/PCIe/SSE2,4.3.0 NVIDIA 591.86,false,assets/heightmaps/Hm_Terrain_Test_129.pgm,129,129,80.000,12.000,20,4.000,2.000,200000,1.071,0.000,18.000,38.722,12.355,22108,47704,22106,42,21,28,23,0,0,0,0,8,673.381,11.754,8.364,0.191,3.397,0.039,0.367,0.210,1.900,0.056,0.364,0.000,1.841,0.918,0.004,0.004,0.004,0.005,0.003,0.003,0.007,0.017,0.047,1.237,0.220,0.060,0.006,0.782,0.000,0.000,5342900,96,2.165,3.436,0.000,0.000,17
GPU ROAM-like,RelWithDebInfo,OpenGL,NVIDIA GeForce RTX 5090 D/PCIe/SSE2,4.3.0 NVIDIA 591.86,false,assets/heightmaps/Hm_Terrain_Test_129.pgm,129,129,80.000,12.000,20,4.000,2.000,200000,1.083,0.000,18.000,38.694,12.176,22112,47784,22110,40,20,36,20,0,0,0,0,8,130.947,12.074,8.817,0.211,3.713,0.044,0.368,0.212,1.942,0.057,0.368,0.000,1.903,0.895,0.005,0.010,0.004,0.005,0.003,0.003,0.004,0.015,0.048,1.120,0.204,0.057,0.005,0.822,0.000,0.000,5351860,96,2.211,3.757,0.000,0.000,17
GPU ROAM-like,RelWithDebInfo,OpenGL,NVIDIA GeForce RTX 5090 D/PCIe/SSE2,4.3.0 NVIDIA 591.86,false,assets/heightmaps/Hm_Terrain_Test_129.pgm,129,129,80.000,12.000,20,4.000,2.000,200000,1.095,0.000,18.000,38.665,12.488,22114,47860,22112,38,19,36,22,0,0,0,0,8,125.723,12.580,9.464,0.205,4.050,0.042,0.370,0.214,1.937,0.060,0.366,0.000,2.221,0.786,0.005,0.010,0.004,0.005,0.003,0.003,0.004,0.017,0.050,1.140,0.237,0.062,0.005,0.721,0.000,0.000,5360372,96,2.211,4.092,0.000,0.000,17
GPU ROAM-like,RelWithDebInfo,OpenGL,NVIDIA GeForce RTX 5090 D/PCIe/SSE2,4.3.0 NVIDIA 591.86,false,assets/heightmaps/Hm_Terrain_Test_129.pgm,129,129,80.000,12.000,20,4.000,2.000,200000,1.108,0.000,18.000,38.634,13.003,22124,47964,22122,52,26,42,29,0,0,0,0,8,133.528,11.863,8.658,0.248,3.392,0.047,0.366,0.220,1.777,0.074,0.410,0.000,2.124,0.853,0.005,0.010,0.004,0.005,0.003,0.003,0.005,0.016,0.050,1.133,0.206,0.060,0.005,0.773,0.000,0.000,5372020,96,2.071,3.439,0.000,0.000,17
GPU ROAM-like,RelWithDebInfo,OpenGL,NVIDIA GeForce RTX 5090 D/PCIe/SSE2,4.3.0 NVIDIA 591.86,false,assets/heightmaps/Hm_Terrain_Test_129.pgm,129,129,80.000,12.000,20,4.000,2.000,200000,1.121,0.000,18.000,38.605,12.329,22128,48040,22126,38,19,34,22,0,0,0,0,8,0.000,12.156,9.051,0.261,3.304,0.048,0.368,0.407,1.794,0.060,0.369,0.000,2.440,0.740,0.005,0.004,0.004,0.005,0.003,0.003,0.004,0.017,0.045,1.136,0.228,0.065,0.006,0.772,0.000,0.000,5380532,96,2.261,3.352,0.000,0.000,17
GPU ROAM-like,RelWithDebInfo,OpenGL,NVIDIA GeForce RTX 5090 D/PCIe/SSE2,4.3.0 NVIDIA 591.86,false,assets/heightmaps/Hm_Terrain_Test_129.pgm,129,129,80.000,12.000,20,4.000,2.000,200000,1.133,0.000,18.000,38.575,12.600,22130,48128,22128,44,22,42,23,0,0,0,0,8,818.270,11.616,8.471,0.198,3.395,0.045,0.365,0.213,2.040,0.062,0.367,0.000,1.786,0.754,0.006,0.004,0.004,0.005,0.003,0.003,0.004,0.016,0.044,1.223,0.240,0.069,0.005,0.680,0.000,0.000,5390388,96,2.316,3.440,0.000,0.000,17
GPU ROAM-like,RelWithDebInfo,OpenGL,NVIDIA GeForce RTX 5090 D/PCIe/SSE2,4.3.0 NVIDIA 591.86,false,assets/heightmaps/Hm_Terrain_Test_129.pgm,129,129,80.000,12.000,20,4.000,2.000,200000,1.145,0.000,18.000,38.546,12.059,22130,48220,22128,46,23,46,28,0,0,0,0,8,128.834,12.277,8.813,0.223,3.208,0.052,0.383,0.216,2.135,0.072,0.368,0.000,2.156,0.925,0.004,0.004,0.004,0.005,0.003,0.003,0.007,0.019,0.049,1.317,0.221,0.060,0.004,0.775,0.000,0.000,5400692,96,2.422,3.261,0.000,0.000,17
GPU ROAM-like,RelWithDebInfo,OpenGL,NVIDIA GeForce RTX 5090 D/PCIe/SSE2,4.3.0 NVIDIA 591.86,false,assets/heightmaps/Hm_Terrain_Test_129.pgm,129,129,80.000,12.000,20,4.000,2.000,200000,1.158,0.000,18.000,38.515,12.698,22116,48324,22114,52,26,66,29,0,0,0,0,8,120.562,13.120,9.096,0.205,3.687,0.067,0.366,0.217,1.931,0.078,0.365,0.000,2.179,1.589,0.004,0.010,0.004,0.005,0.003,0.003,0.004,0.017,0.049,1.170,0.234,0.081,0.004,0.771,0.000,0.000,5412340,96,2.227,3.753,0.000,0.000,17
GPU ROAM-like,RelWithDebInfo,OpenGL,NVIDIA GeForce RTX 5090 D/PCIe/SSE2,4.3.0 NVIDIA 591.86,false,assets/heightmaps/Hm_Terrain_Test_129.pgm,129,129,80.000,12.000,20,4.000,2.000,200000,1.172,0.000,18.000,38.481,13.549,22116,48416,22114,56,33,56,28,0,0,0,0,8,138.715,11.416,8.414,0.276,3.203,0.063,0.367,0.216,1.889,0.070,0.364,0.000,1.967,0.732,0.004,0.004,0.004,0.005,0.003,0.003,0.005,0.017,0.045,1.072,0.198,0.055,0.004,0.778,0.000,0.000,5422644,96,2.174,3.266,0.000,0.000,17
GPU ROAM-like,RelWithDebInfo,OpenGL,NVIDIA GeForce RTX 5090 D/PCIe/SSE2,4.3.0 NVIDIA 591.86,false,assets/heightmaps/Hm_Terrain_Test_129.pgm,129,129,80.000,12.000,20,4.000,2.000,200000,1.184,0.000,18.000,38.452,11.868,22084,48484,22082,34,17,66,26,0,0,0,0,8,0.000,11.969,8.800,0.259,3.176,0.072,0.366,0.422,1.734,0.062,0.411,0.000,2.297,0.849,0.005,0.004,0.004,0.005,0.003,0.003,0.006,0.017,0.047,1.149,0.223,0.059,0.004,0.721,0.000,0.000,5430260,96,2.218,3.248,0.000,0.000,17
GPU ROAM-like,RelWithDebInfo,OpenGL,NVIDIA GeForce RTX 5090 D/PCIe/SSE2,4.3.0 NVIDIA 591.86,false,assets/heightmaps/Hm_Terrain_Test_129.pgm,129,129,80.000,12.000,20,4.000,2.000,200000,1.196,0.000,18.000,38.420,12.460,22070,48540,22068,28,14,42,26,0,0,0,0,8,131.740,12.014,8.797,0.203,3.717,0.053,0.365,0.208,1.998,0.045,0.367,0.000,1.841,0.760,0.005,0.010,0.004,0.005,0.003,0.003,0.006,0.017,0.051,1.218,0.222,0.058,0.005,0.788,0.000,0.000,5436532,96,2.252,3.771,0.000,0.000,17
GPU ROAM-like,RelWithDebInfo,OpenGL,NVIDIA GeForce RTX 5090 D/PCIe/SSE2,4.3.0 NVIDIA 591.86,false,assets/heightmaps/Hm_Terrain_Test_129.pgm,129,129,80.000,12.000,20,4.000,2.000,200000,1.208,0.000,18.000,38.389,12.443,22056,48608,22054,34,17,48,20,0,0,0,0,8,134.759,11.735,8.686,0.210,3.556,0.046,0.364,0.222,2.030,0.049,0.367,0.000,1.841,0.737,0.006,0.010,0.004,0.005,0.003,0.003,0.006,0.017,0.052,1.111,0.219,0.053,0.004,0.772,0.000,0.000,5444148,96,2.300,3.602,0.000,0.000,17
GPU ROAM-like,RelWithDebInfo,OpenGL,NVIDIA GeForce RTX 5090 D/PCIe/SSE2,4.3.0 NVIDIA 591.86,false,assets/heightmaps/Hm_Terrain_Test_129.pgm,129,129,80.000,12.000,20,4.000,2.000,200000,1.221,0.000,18.000,38.358,12.135,22070,48696,22068,44,22,30,23,0,0,0,0,8,133.926,11.823,8.759,0.188,3.415,0.034,0.366,0.341,2.013,0.070,0.367,0.000,1.966,0.809,0.005,0.010,0.004,0.005,0.003,0.003,0.008,0.019,0.056,1.106,0.226,0.065,0.005,0.681,0.000,0.000,5454004,96,2.424,3.449,0.000,0.000,17
GPU ROAM-like,RelWithDebInfo,OpenGL,NVIDIA GeForce RTX 5090 D/PCIe/SSE2,4.3.0 NVIDIA 591.86,false,assets/heightmaps/Hm_Terrain_Test_129.pgm,129,129,80.000,12.000,20,4.000,2.000,200000,1.233,0.000,18.000,38.326,12.252,22110,48808,22108,56,28,16,32,0,0,0,0,8,0.000,11.269,8.256,0.237,3.150,0.024,0.366,0.213,1.871,0.081,0.368,0.000,1.946,0.739,0.004,0.004,0.004,0.005,0.004,0.003,0.006,0.017,0.046,1.079,0.206,0.053,0.004,0.777,0.000,0.000,5466548,96,2.165,3.174,0.000,0.000,17
GPU ROAM-like,RelWithDebInfo,OpenGL,NVIDIA GeForce RTX 5090 D/PCIe/SSE2,4.3.0 NVIDIA 591.86,false,assets/heightmaps/Hm_Terrain_Test_129.pgm,129,129,80.000,12.000,20,4.000,2.000,200000,1.245,0.000,18.000,38.293,12.561,22132,48884,22130,38,19,16,20,0,0,0,0,8,0.000,11.676,8.500,0.281,3.229,0.028,0.367,0.208,1.992,0.055,0.370,0.000,1.969,0.943,0.004,0.010,0.004,0.005,0.003,0.003,0.006,0.017,0.051,1.102,0.202,0.051,0.004,0.720,0.000,0.000,5475060,96,2.256,3.257,0.000,0.000,17
GPU ROAM-like,RelWithDebInfo,OpenGL,NVIDIA GeForce RTX 5090 D/PCIe/SSE2,4.3.0 NVIDIA 591.86,false,assets/heightmaps/Hm_Terrain_Test_129.pgm,129,129,80.000,12.000,20,4.000,2.000,200000,1.258,0.000,18.000,38.261,12.092,22084,48940,22082,28,14,76,26,0,0,0,0,8,427.672,11.135,8.405,0.177,3.472,0.071,0.366,0.331,1.733,0.045,0.370,0.000,1.840,0.268,0.005,0.010,0.004,0.005,0.003,0.003,0.006,0.018,0.052,1.251,0.000,0.064,0.005,0.951,0.000,0.000,5481332,96,2.110,3.543,0.000,0.000,17
GPU ROAM-like,RelWithDebInfo,OpenGL,NVIDIA GeForce RTX 5090 D/PCIe/SSE2,4.3.0 NVIDIA 591.86,false,assets/heightmaps/Hm_Terrain_Test_129.pgm,129,129,80.000,12.000,20,4.000,2.000,200000,1.269,0.000,18.000,38.231,11.590,22104,49040,22102,50,25,30,29,0,0,0,0,8,398.289,11.925,8.569,0.354,3.186,0.036,0.367,0.235,1.867,0.074,0.370,0.000,2.078,1.013,0.005,0.010,0.004,0.005,0.003,0.003,0.006,0.018,0.053,1.123,0.229,0.059,0.005,0.758,0.000,0.000,5492532,96,2.176,3.222,0.000,0.000,17
GPU ROAM-like,RelWithDebInfo,OpenGL,NVIDIA GeForce RTX 5090 D/PCIe/SSE2,4.3.0 NVIDIA 591.86,false,assets/heightmaps/Hm_Terrain_Test_129.pgm,129,129,80.000,12.000,20,4.000,2.000,200000,1.281,0.000,18.000,38.198,12.340,22112,49136,22110,48,24,40,26,0,0,0,0,8,132.165,11.966,8.719,0.222,3.208,0.043,0.366,0.426,1.838,0.077,0.372,0.000,2.166,0.832,0.016,0.010,0.005,0.006,0.003,0.003,0.006,0.017,0.065,1.185,0.219,0.057,0.005,0.792,0.000,0.000,5503284,96,2.341,3.251,0.000,0.000,17
GPU ROAM-like,RelWithDebInfo,OpenGL,NVIDIA GeForce RTX 5090 D/PCIe/SSE2,4.3.0 NVIDIA 591.86,false,assets/heightmaps/Hm_Terrain_Test_129.pgm,129,129,80.000,12.000,20,4.000,2.000,200000,1.294,0.000,18.000,38.164,12.395,22100,49240,22098,52,26,64,34,0,0,0,0,8,0.000,11.963,8.775,0.246,3.235,0.071,0.367,0.409,2.111,0.069,0.366,0.000,1.901,0.818,0.005,0.004,0.004,0.006,0.003,0.003,0.004,0.017,0.045,1.168,0.206,0.054,0.005,0.792,0.000,0.000,5514932,96,2.589,3.306,0.000,0.000,17
GPU ROAM-like,RelWithDebInfo,OpenGL,NVIDIA GeForce RTX 5090 D/PCIe/SSE2,4.3.0 NVIDIA 591.86,false,assets/heightmaps/Hm_Terrain_Test_129.pgm,129,129,80.000,12.000,20,4.000,2.000,200000,1.306,0.000,18.000,38.131,12.364,22062,49316,22060,38,19,76,30,0,0,0,0,8,0.000,11.252,8.739,0.178,3.630,0.068,0.368,0.211,1.929,0.052,0.367,0.000,1.935,0.268,0.004,0.010,0.004,0.005,0.003,0.003,0.005,0.015,0.049,1.188,0.000,0.055,0.004,0.832,0.000,0.000,5523444,96,2.192,3.699,0.000,0.000,17
GPU ROAM-like,RelWithDebInfo,OpenGL,NVIDIA GeForce RTX 5090 D/PCIe/SSE2,4.3.0 NVIDIA 591.86,false,assets/heightmaps/Hm_Terrain_Test_129.pgm,129,129,80.000,12.000,20,4.000,2.000,200000,1.318,0.000,18.000,38.099,11.695,22054,49424,22052,54,27,62,28,0,0,0,0,8,136.708,11.588,8.344,0.212,3.182,0.055,0.366,0.214,1.995,0.071,0.367,0.000,1.883,0.820,0.005,0.004,0.004,0.005,0.004,0.003,0.004,0.017,0.046,1.140,0.225,0.063,0.005,0.819,0.000,0.000,5535540,96,2.280,3.237,0.000,0.000,17
GPU ROAM-like,RelWithDebInfo,OpenGL,NVIDIA GeForce RTX 5090 D/PCIe/SSE2,4.3.0 NVIDIA 591.86,false,assets/heightmaps/Hm_Terrain_Test_129.pgm,129,129,80.000,12.000,20,4.000,2.000,200000,1.330,0.000,18.000,38.066,12.036,22066,49552,22064,64,32,52,38,0,0,0,0,8,135.689,11.660,8.386,0.339,3.184,0.058,0.366,0.369,1.531,0.093,0.372,0.000,2.074,0.969,0.006,0.010,0.004,0.005,0.003,0.003,0.004,0.019,0.053,1.104,0.216,0.056,0.004,0.766,0.000,0.000,5549876,96,1.993,3.242,0.000,0.000,17
GPU ROAM-like,RelWithDebInfo,OpenGL,NVIDIA GeForce RTX 5090 D/PCIe/SSE2,4.3.0 NVIDIA 591.86,false,assets/heightmaps/Hm_Terrain_Test_129.pgm,129,129,80.000,12.000,20,4.000,2.000,200000,1.342,0.000,18.000,38.032,12.080,22076,49636,22074,42,21,32,22,0,0,0,0,8,0.000,11.096,7.412,0.196,3.159,0.041,0.366,0.216,1.357,0.057,0.367,0.000,1.653,1.014,0.005,0.010,0.004,0.005,0.003,0.003,0.004,0.017,0.051,1.373,0.233,0.056,0.005,0.828,0.000,0.000,5559284,96,1.630,3.200,0.000,0.000,17
GPU ROAM-like,RelWithDebInfo,OpenGL,NVIDIA GeForce RTX 5090 D/PCIe/SSE2,4.3.0 NVIDIA 591.86,false,assets/heightmaps/Hm_Terrain_Test_129.pgm,129,129,80.000,12.000,20,4.000,2.000,200000,1.354,0.000,18.000,38.000,11.519,22076,49732,22074,48,24,48,28,0,0,0,0,8,0.000,11.575,8.442,0.247,3.250,0.058,0.369,0.220,1.815,0.078,0.368,0.000,2.036,0.782,0.005,0.008,0.004,0.005,0.003,0.003,0.004,0.018,0.050,1.154,0.229,0.057,0.005,0.743,0.000,0.000,5570036,96,2.112,3.308,0.000,0.000,17
GPU ROAM-like,RelWithDebInfo,OpenGL,NVIDIA GeForce RTX 5090 D/PCIe/SSE2,4.3.0 NVIDIA 591.86,false,assets/heightmaps/Hm_Terrain_Test_129.pgm,129,129,80.000,12.000,20,4.000,2.000,200000,1.366,0.000,18.000,37.966,11.988,22068,49804,22066,36,18,44,23,0,0,0,0,8,124.592,12.693,9.537,0.245,3.975,0.046,0.369,0.215,2.247,0.052,0.366,0.000,2.022,0.784,0.006,0.008,0.004,0.005,0.003,0.003,0.004,0.017,0.049,1.118,0.218,0.062,0.005,0.805,0.000,0.000,5578100,96,2.514,4.021,0.000,0.000,17
GPU ROAM-like,RelWithDebInfo,OpenGL,NVIDIA GeForce RTX 5090 D/PCIe/SSE2,4.3.0 NVIDIA 591.86,false,assets/heightmaps/Hm_Terrain_Test_129.pgm,129,129,80.000,12.000,20,4.000,2.000,200000,1.379,0.000,18.000,37.929,13.120,22060,49892,22058,44,22,52,24,0,0,0,0,8,273.631,11.557,8.453,0.274,3.170,0.055,0.364,0.221,1.928,0.060,0.367,0.000,2.014,0.755,0.007,0.008,0.004,0.005,0.003,0.003,0.004,0.018,0.051,1.138,0.203,0.056,0.005,0.800,0.000,0.000,5587956,96,2.209,3.225,0.000,0.000,17
GPU ROAM-like,RelWithDebInfo,OpenGL,NVIDIA GeForce RTX 5090 D/PCIe/SSE2,4.3.0 NVIDIA 591.86,false,assets/heightmaps/Hm_Terrain_Test_129.pgm,129,129,80.000,12.000,20,4.000,2.000,200000,1.391,0.000,18.000,37.895,11.963,22064,49988,22062,48,24,44,34,0,0,0,0,8,134.654,11.750,8.634,0.185,3.329,0.060,0.368,0.218,1.995,0.065,0.367,0.000,2.048,0.775,0.011,0.004,0.004,0.005,0.003,0.003,0.004,0.017,0.051,1.169,0.236,0.062,0.004,0.708,0.000,0.000,5598708,96,2.277,3.388,0.000,0.000,17
GPU ROAM-like,RelWithDebInfo,OpenGL,NVIDIA GeForce RTX 5090 D/PCIe/SSE2,4.3.0 NVIDIA 591.86,false,assets/heightmaps/Hm_Terrain_Test_129.pgm,129,129,80.000,12.000,20,4.000,2.000,200000,1.403,0.000,18.000,37.859,12.172,22070,50100,22068,56,28,50,31,0,0,0,0,8,0.000,12.289,8.675,0.181,3.283,0.053,0.366,0.213,1.984,0.101,0.618,0.000,1.875,0.983,0.011,0.004,0.004,0.005,0.003,0.003,0.004,0.019,0.053,1.209,0.240,0.147,0.005,0.855,0.000,0.000,5611252,96,2.298,3.337,0.000,0.000,17
GPU ROAM-like,RelWithDebInfo,OpenGL,NVIDIA GeForce RTX 5090 D/PCIe/SSE2,4.3.0 NVIDIA 591.86,false,assets/heightmaps/Hm_Terrain_Test_129.pgm,129,129,80.000,12.000,20,4.000,2.000,200000,1.416,0.000,18.000,37.822,12.721,22058,50192,22056,46,23,58,34,0,0,0,0,8,130.721,12.107,8.752,0.296,3.143,0.063,0.363,0.218,2.186,0.079,0.368,0.000,2.037,0.954,0.007,0.009,0.004,0.005,0.003,0.003,0.004,0.018,0.052,1.190,0.241,0.055,0.005,0.740,0.000,0.000,5621556,96,2.483,3.206,0.000,0.000,17
GPU ROAM-like,RelWithDebInfo,OpenGL,NVIDIA GeForce RTX 5090 D/PCIe/SSE2,4.3.0 NVIDIA 591.86,false,assets/heightmaps/Hm_Terrain_Test_129.pgm,129,129,80.000,12.000,20,4.000,2.000,200000,1.428,0.000,18.000,37.786,12.517,22074,50316,22072,62,31,46,37,0,0,0,0,8,130.729,12.104,8.932,0.232,3.721,0.051,0.365,0.213,1.743,0.084,0.368,0.000,2.157,0.779,0.007,0.008,0.004,0.005,0.003,0.003,0.004,0.017,0.050,1.119,0.229,0.063,0.005,0.810,0.000,0.000,5635444,96,2.040,3.772,0.000,0.000,17
GPU ROAM-like,RelWithDebInfo,OpenGL,NVIDIA GeForce RTX 5090 D/PCIe/SSE2,4.3.0 NVIDIA 591.86,false,assets/heightmaps/Hm_Terrain_Test_129.pgm,129,129,80.000,12.000,20,4.000,2.000,200000,1.441,0.000,18.000,37.749,12.536,22093,50418,22091,51,25,32,26,0,0,0,0,8,1108.117,11.417,8.332,0.216,3.132,0.038,0.366,0.327,1.858,0.069,0.369,0.000,1.958,0.808,0.006,0.009,0.004,0.005,0.003,0.003,0.004,0.017,0.051,1.120,0.204,0.050,0.005,0.751,0.000,0.000,5646868,96,2.254,3.170,0.000,0.000,17
GPU ROAM-like,RelWithDebInfo,OpenGL,NVIDIA GeForce RTX 5090 D/PCIe/SSE2,4.3.0 NVIDIA 591.86,false,assets/heightmaps/Hm_Terrain_Test_129.pgm,129,129,80.000,12.000,20,4.000,2.000,200000,1.452,0.000,18.000,37.714,11.827,22077,50498,22075,42,22,58,30,0,0,0,0,8,136.760,11.579,8.317,0.180,3.246,0.071,0.368,0.210,1.910,0.057,0.365,0.000,1.910,0.782,0.006,0.010,0.004,0.005,0.003,0.003,0.004,0.017,0.052,1.202,0.228,0.063,0.005,0.815,0.000,0.000,5655828,96,2.177,3.317,0.000,0.000,17
GPU ROAM-like,RelWithDebInfo,OpenGL,NVIDIA GeForce RTX 5090 D/PCIe/SSE2,4.3.0 NVIDIA 591.86,false,assets/heightmaps/Hm_Terrain_Test_129.pgm,129,129,80.000,12.000,20,4.000,2.000,200000,1.464,0.000,18.000,37.678,12.013,22085,50576,22083,39,19,31,23,0,0,0,0,8,0.000,11.803,8.608,0.247,3.135,0.036,0.366,0.213,2.234,0.053,0.368,0.000,1.954,0.781,0.007,0.008,0.004,0.005,0.003,0.003,0.004,0.017,0.051,1.130,0.256,0.056,0.005,0.803,0.000,0.000,5664564,96,2.501,3.171,0.000,0.000,17
GPU ROAM-like,RelWithDebInfo,OpenGL,NVIDIA GeForce RTX 5090 D/PCIe/SSE2,4.3.0 NVIDIA 591.86,false,assets/heightmaps/Hm_Terrain_Test_129.pgm,129,129,80.000,12.000,20,4.000,2.000,200000,1.477,0.000,18.000,37.641,12.239,22045,50652,22043,38,19,78,23,0,0,0,0,8,568.326,11.180,8.686,0.293,3.123,0.084,0.367,0.210,2.149,0.053,0.367,0.000,2.038,0.260,0.006,0.009,0.004,0.005,0.003,0.003,0.004,0.017,0.050,1.122,0.000,0.067,0.005,0.845,0.000,0.000,5673076,96,2.412,3.207,0.000,0.000,17
GPU ROAM-like,RelWithDebInfo,OpenGL,NVIDIA GeForce RTX 5090 D/PCIe/SSE2,4.3.0 NVIDIA 591.86,false,assets/heightmaps/Hm_Terrain_Test_129.pgm,129,129,80.000,12.000,20,4.000,2.000,200000,1.488,0.000,18.000,37.606,11.595,22004,50724,22002,36,18,77,29,0,0,0,0,8,553.887,11.437,8.824,0.260,3.199,0.078,0.366,0.217,2.342,0.053,0.366,0.000,1.944,0.239,0.006,0.010,0.004,0.005,0.003,0.003,0.004,0.017,0.051,1.174,0.000,0.051,0.004,0.980,0.000,0.000,5681140,96,2.611,3.277,0.000,0.000,17
GPU ROAM-like,RelWithDebInfo,OpenGL,NVIDIA GeForce RTX 5090 D/PCIe/SSE2,4.3.0 NVIDIA 591.86,false,assets/heightmaps/Hm_Terrain_Test_129.pgm,129,129,80.000,12.000,20,4.000,2.000,200000,1.500,0.000,18.000,37.570,11.857,22012,50852,22010,64,32,56,36,0,0,0,0,8,132.764,11.919,8.481,0.211,3.323,0.060,0.364,0.212,1.874,0.087,0.366,0.000,1.984,0.973,0.005,0.004,0.004,0.005,0.003,0.003,0.004,0.018,0.046,1.171,0.284,0.059,0.005,0.784,0.000,0.000,5695476,96,2.173,3.383,0.000,0.000,17
GPU ROAM-like,RelWithDebInfo,OpenGL,NVIDIA GeForce RTX 5090 D/PCIe/SSE2,4.3.0 NVIDIA 591.86,false,assets/heightmaps/Hm_Terrain_Test_129.pgm,129,129,80.000,12.000,20,4.000,2.000,200000,1.513,0.000,18.000,37.531,12.596,22020,50956,22018,52,26,44,34,0,0,0,0,8,132.389,11.955,8.453,0.208,3.420,0.052,0.364,0.302,1.680,0.070,0.366,0.000,1.991,0.935,0.006,0.008,0.006,0.009,0.003,0.003,0.004,0.018,0.057,1.144,0.224,0.061,0.005,0.968,0.000,0.000,5707124,96,2.051,3.472,0.000,0.000,17
GPU ROAM-like,RelWithDebInfo,OpenGL,NVIDIA GeForce RTX 5090 D/PCIe/SSE2,4.3.0 NVIDIA 591.86,false,assets/heightmaps/Hm_Terrain_Test_129.pgm,129,129,80.000,12.000,20,4.000,2.000,200000,1.525,0.000,18.000,37.493,12.359,22026,51048,22024,46,23,40,26,0,0,0,0,8,0.000,12.371,9.224,0.266,3.632,0.044,0.365,0.223,2.209,0.059,0.367,0.000,2.058,0.797,0.008,0.006,0.005,0.005,0.003,0.003,0.004,0.017,0.050,1.183,0.207,0.056,0.005,0.738,0.000,0.000,5717428,96,2.491,3.676,0.000,0.000,17
GPU ROAM-like,RelWithDebInfo,OpenGL,NVIDIA GeForce RTX 5090 D/PCIe/SSE2,4.3.0 NVIDIA 591.86,false,assets/heightmaps/Hm_Terrain_Test_129.pgm,129,129,80.000,12.000,20,4.000,2.000,200000,1.538,0.000,18.000,37.453,12.794,22012,51184,22010,68,34,82,41,0,0,0,0,8,137.577,11.500,8.321,0.268,3.185,0.088,0.364,0.412,1.662,0.093,0.370,0.000,1.879,0.791,0.006,0.009,0.004,0.005,0.003,0.003,0.004,0.017,0.050,1.141,0.195,0.051,0.004,0.845,0.000,0.000,5732660,96,2.167,3.273,0.000,0.000,17
GPU ROAM-like,RelWithDebInfo,OpenGL,NVIDIA GeForce RTX 5090 D/PCIe/SSE2,4.3.0 NVIDIA 591.86,false,assets/heightmaps/Hm_Terrain_Test_129.pgm,129,129,80.000,12.000,20,4.000,2.000,200000,1.550,0.000,18.000,37.416,11.896,22030,51316,22028,66,33,48,40,0,0,0,0,8,135.670,11.656,8.562,0.176,3.411,0.056,0.364,0.415,1.867,0.085,0.368,0.000,1.820,0.799,0.007,0.009,0.004,0.006,0.003,0.003,0.004,0.018,0.054,1.141,0.216,0.057,0.004,0.725,0.000,0.000,5747444,96,2.367,3.467,0.000,0.000,17
GPU ROAM-like,RelWithDebInfo,OpenGL,NVIDIA GeForce RTX 5090 D/PCIe/SSE2,4.3.0 NVIDIA 591.86,false,assets/heightmaps/Hm_Terrain_Test_129.pgm,129,129,80.000,12.000,20,4.000,2.000,200000,1.562,0.000,18.000,37.378,12.053,22028,51432,22026,58,29,60,38,0,0,0,0,8,135.686,11.676,8.185,0.196,3.107,0.060,0.366,0.209,1.934,0.070,0.365,0.000,1.878,0.995,0.007,0.008,0.004,0.005,0.003,0.003,0.004,0.017,0.051,1.166,0.218,0.057,0.005,0.876,0.000,0.000,5760436,96,2.213,3.167,0.000,0.000,17
GPU ROAM-like,RelWithDebInfo,OpenGL,NVIDIA GeForce RTX 5090 D/PCIe/SSE2,4.3.0 NVIDIA 591.86,false,assets/heightmaps/Hm_Terrain_Test_129.pgm,129,129,80.000,12.000,20,4.000,2.000,200000,1.574,0.000,18.000,37.339,12.107,22040,51540,22038,54,27,42,31,0,0,0,0,8,0.000,12.959,9.284,0.411,3.212,0.051,0.365,0.336,1.838,0.082,0.366,0.000,2.623,0.989,0.006,0.009,0.004,0.007,0.003,0.003,0.004,0.017,0.053,1.151,0.224,0.062,0.005,1.079,0.000,0.000,5772532,96,2.255,3.263,0.000,0.000,17
GPU ROAM-like,RelWithDebInfo,OpenGL,NVIDIA GeForce RTX 5090 D/PCIe/SSE2,4.3.0 NVIDIA 591.86,false,assets/heightmaps/Hm_Terrain_Test_129.pgm,129,129,80.000,12.000,20,4.000,2.000,200000,1.587,0.000,18.000,37.297,13.377,22042,51676,22040,74,40,72,38,0,0,0,0,8,132.933,11.906,8.693,0.268,3.220,0.075,0.363,0.217,2.079,0.087,0.367,0.000,2.016,0.817,0.007,0.009,0.007,0.005,0.003,0.003,0.004,0.017,0.054,1.175,0.201,0.063,0.005,0.786,0.000,0.000,5787764,96,2.384,3.296,0.000,0.000,17
GPU ROAM-like,RelWithDebInfo,OpenGL,NVIDIA GeForce RTX 5090 D/PCIe/SSE2,4.3.0 NVIDIA 591.86,false,assets/heightmaps/Hm_Terrain_Test_129.pgm,129,129,80.000,12.000,20,4.000,2.000,200000,1.600,0.000,18.000,37.257,12.334,22026,51764,22024,44,22,60,34,0,0,0,0,8,136.380,11.594,8.386,0.243,3.180,0.065,0.366,0.212,1.975,0.064,0.370,0.000,1.911,0.821,0.006,0.009,0.007,0.008,0.003,0.003,0.004,0.017,0.057,1.155,0.193,0.054,0.005,0.832,0.000,0.000,5797620,96,2.251,3.244,0.000,0.000,17
GPU ROAM-like,RelWithDebInfo,OpenGL,NVIDIA GeForce RTX 5090 D/PCIe/SSE2,4.3.0 NVIDIA 591.86,false,assets/heightmaps/Hm_Terrain_Test_129.pgm,129,129,80.000,12.000,20,4.000,2.000,200000,1.612,0.000,18.000,37.218,12.029,22040,51872,22038,54,27,40,29,0,0,0,0,8,137.770,11.484,8.240,0.186,3.136,0.043,0.365,0.210,2.065,0.069,0.367,0.000,1.799,0.802,0.006,0.010,0.004,0.005,0.003,0.003,0.004,0.017,0.051,1.244,0.216,0.053,0.005,0.770,0.000,0.000,5809716,96,2.343,3.180,0.000,0.000,17
GPU ROAM-like,RelWithDebInfo,OpenGL,NVIDIA GeForce RTX 5090 D/PCIe/SSE2,4.3.0 NVIDIA 591.86,false,assets/heightmaps/Hm_Terrain_Test_129.pgm,129,129,80.000,12.000,20,4.000,2.000,200000,1.624,0.000,18.000,37.179,11.879,22018,51952,22016,40,20,62,32,0,0,0,0,8,127.293,12.430,8.609,0.243,3.357,0.060,0.365,0.211,2.042,0.057,0.366,0.000,1.908,1.070,0.006,0.009,0.004,0.006,0.003,0.003,0.006,0.017,0.054,1.234,0.223,0.058,0.005,1.064,0.000,0.000,5818676,96,2.310,3.417,0.000,0.000,17
GPU ROAM-like,RelWithDebInfo,OpenGL,NVIDIA GeForce RTX 5090 D/PCIe/SSE2,4.3.0 NVIDIA 591.86,false,assets/heightmaps/Hm_Terrain_Test_129.pgm,129,129,80.000,12.000,20,4.000,2.000,200000,1.636,0.000,18.000,37.137,12.830,22012,52056,22010,52,26,58,32,0,0,0,0,8,0.000,12.834,9.398,0.307,4.066,0.061,0.394,0.215,1.946,0.071,0.366,0.000,1.972,1.056,0.006,0.008,0.007,0.008,0.003,0.003,0.006,0.018,0.058,1.196,0.216,0.052,0.005,0.753,0.000,0.000,5830324,96,2.232,4.127,0.000,0.000,17
GPU ROAM-like,RelWithDebInfo,OpenGL,NVIDIA GeForce RTX 5090 D/PCIe/SSE2,4.3.0 NVIDIA 591.86,false,assets/heightmaps/Hm_Terrain_Test_129.pgm,129,129,80.000,12.000,20,4.000,2.000,200000,1.650,0.000,18.000,37.094,13.224,22038,52180,22036,62,31,36,35,0,0,0,0,8,168.562,18.797,12.601,0.266,3.354,0.084,0.406,0.466,2.827,0.201,0.411,0.000,4.586,1.158,0.011,0.008,0.007,0.009,0.003,0.003,0.006,0.017,0.064,3.221,0.509,0.149,0.014,0.851,0.000,0.000,5844212,96,3.494,3.438,0.000,0.000,17
GPU ROAM-like,RelWithDebInfo,OpenGL,NVIDIA GeForce RTX 5090 D/PCIe/SSE2,4.3.0 NVIDIA 591.86,false,assets/heightmaps/Hm_Terrain_Test_129.pgm,129,129,80.000,12.000,20,4.000,2.000,200000,1.669,0.000,18.000,37.028,19.830,22032,52376,22030,98,49,104,53,0,0,0,0,8,0.000,12.807,9.654,0.649,3.573,0.179,0.364,0.240,2.154,0.129,0.368,0.000,1.998,0.801,0.006,0.008,0.006,0.007,0.003,0.003,0.006,0.017,0.055,1.221,0.194,0.054,0.005,0.738,0.000,0.000,5866164,96,2.523,3.752,0.000,0.000,17
GPU ROAM-like,RelWithDebInfo,OpenGL,NVIDIA GeForce RTX 5090 D/PCIe/SSE2,4.3.0 NVIDIA 591.86,false,assets/heightmaps/Hm_Terrain_Test_129.pgm,129,129,80.000,12.000,20,4.000,2.000,200000,1.683,0.000,18.000,36.983,13.321,22020,52472,22018,48,24,60,32,0,0,0,0,8,0.000,11.966,8.786,0.272,3.176,0.063,0.366,0.218,2.222,0.062,0.371,0.000,2.036,0.825,0.006,0.009,0.004,0.005,0.003,0.003,0.006,0.017,0.053,1.167,0.189,0.054,0.004,0.798,0.000,0.000,5876916,96,2.501,3.239,0.000,0.000,17
GPU ROAM-like,RelWithDebInfo,OpenGL,NVIDIA GeForce RTX 5090 D/PCIe/SSE2,4.3.0 NVIDIA 591.86,false,assets/heightmaps/Hm_Terrain_Test_129.pgm,129,129,80.000,12.000,20,4.000,2.000,200000,1.695,0.000,18.000,36.942,12.352,22006,52588,22004,58,29,72,29,0,0,0,0,8,403.733,11.758,8.239,0.185,3.794,0.077,0.363,0.207,1.483,0.069,0.364,0.000,1.696,1.000,0.007,0.006,0.005,0.005,0.003,0.003,0.006,0.017,0.051,1.208,0.221,0.054,0.005,0.871,0.000,0.000,5889908,96,1.759,3.872,0.000,0.000,17
GPU ROAM-like,RelWithDebInfo,OpenGL,NVIDIA GeForce RTX 5090 D/PCIe/SSE2,4.3.0 NVIDIA 591.86,false,assets/heightmaps/Hm_Terrain_Test_129.pgm,129,129,80.000,12.000,20,4.000,2.000,200000,1.707,0.000,18.000,36.900,12.151,21968,52672,21966,42,21,80,32,0,0,0,0,8,506.487,12.500,9.045,0.269,3.578,0.068,0.364,0.208,2.116,0.058,0.368,0.000,2.015,0.977,0.006,0.008,0.006,0.007,0.003,0.003,0.006,0.017,0.056,1.238,0.228,0.061,0.005,0.772,0.000,0.000,5899316,96,2.383,3.645,0.000,0.000,17
GPU ROAM-like,RelWithDebInfo,OpenGL,NVIDIA GeForce RTX 5090 D/PCIe/SSE2,4.3.0 NVIDIA 591.86,false,assets/heightmaps/Hm_Terrain_Test_129.pgm,129,129,80.000,12.000,20,4.000,2.000,200000,1.720,0.000,18.000,36.856,12.909,22000,52856,21998,92,46,60,50,0,0,0,0,8,129.115,12.259,8.906,0.325,3.593,0.059,0.365,0.209,1.899,0.109,0.367,0.000,1.979,0.811,0.006,0.010,0.006,0.007,0.003,0.003,0.006,0.018,0.058,1.255,0.190,0.055,0.004,0.870,0.000,0.000,5919924,96,2.218,3.652,0.000,0.000,17
GPU ROAM-like,RelWithDebInfo,OpenGL,NVIDIA GeForce RTX 5090 D/PCIe/SSE2,4.3.0 NVIDIA 591.86,false,assets/heightmaps/Hm_Terrain_Test_129.pgm,129,129,80.000,12.000,20,4.000,2.000,200000,1.733,0.000,18.000,36.813,12.643,21984,52940,21982,42,21,58,34,0,0,0,0,8,0.000,11.452,8.276,0.257,3.114,0.062,0.365,0.329,1.703,0.059,0.367,0.000,2.022,0.803,0.007,0.009,0.007,0.008,0.003,0.003,0.005,0.017,0.059,1.163,0.214,0.051,0.004,0.789,0.000,0.000,5929332,96,2.090,3.175,0.000,0.000,17
GPU ROAM-like,RelWithDebInfo,OpenGL,NVIDIA GeForce RTX 5090 D/PCIe/SSE2,4.3.0 NVIDIA 591.86,false,assets/heightmaps/Hm_Terrain_Test_129.pgm,129,129,80.000,12.000,20,4.000,2.000,200000,1.745,0.000,18.000,36.772,11.849,21982,53048,21980,54,27,56,32,0,0,0,0,8,0.000,11.507,8.243,0.190,3.406,0.057,0.364,0.205,1.661,0.067,0.368,0.000,1.924,0.796,0.006,0.009,0.004,0.006,0.003,0.003,0.006,0.017,0.053,1.182,0.214,0.056,0.005,0.851,0.000,0.000,5941428,96,1.933,3.464,0.000,0.000,17
GPU ROAM-like,RelWithDebInfo,OpenGL,NVIDIA GeForce RTX 5090 D/PCIe/SSE2,4.3.0 NVIDIA 591.86,false,assets/heightmaps/Hm_Terrain_Test_129.pgm,129,129,80.000,12.000,20,4.000,2.000,200000,1.757,0.000,18.000,36.731,11.903,21994,53148,21992,52,27,40,26,0,0,0,0,8,130.059,12.171,8.723,0.204,3.529,0.039,0.366,0.212,2.045,0.064,0.367,0.000,1.898,0.968,0.007,0.009,0.005,0.006,0.003,0.003,0.006,0.016,0.055,1.252,0.228,0.054,0.005,0.772,0.000,0.000,5952628,96,2.321,3.567,0.000,0.000,17
GPU ROAM-like,RelWithDebInfo,OpenGL,NVIDIA GeForce RTX 5090 D/PCIe/SSE2,4.3.0 NVIDIA 591.86,false,assets/heightmaps/Hm_Terrain_Test_129.pgm,129,129,80.000,12.000,20,4.000,2.000,200000,1.769,0.000,18.000,36.687,12.567,21984,53244,21982,48,24,58,31,0,0,0,0,8,383.511,12.392,8.968,0.287,3.590,0.067,0.366,0.221,1.941,0.075,0.366,0.000,2.056,0.979,0.006,0.010,0.007,0.008,0.003,0.003,0.004,0.018,0.059,1.182,0.210,0.058,0.005,0.805,0.000,0.000,5963380,96,2.237,3.657,0.000,0.000,17
GPU ROAM-like,RelWithDebInfo,OpenGL,NVIDIA GeForce RTX 5090 D/PCIe/SSE2,4.3.0 NVIDIA 591.86,false,assets/heightmaps/Hm_Terrain_Test_129.pgm,129,129,80.000,12.000,20,4.000,2.000,200000,1.782,0.000,18.000,36.642,12.838,21984,53328,21982,42,21,42,28,0,0,0,0,8,132.887,11.910,8.642,0.306,3.082,0.049,0.364,0.428,1.926,0.060,0.368,0.000,2.058,0.808,0.015,0.009,0.005,0.006,0.003,0.003,0.006,0.017,0.063,1.179,0.204,0.054,0.004,0.855,0.000,0.000,5972788,96,2.414,3.131,0.000,0.000,17
GPU ROAM-like,RelWithDebInfo,OpenGL,NVIDIA GeForce RTX 5090 D/PCIe/SSE2,4.3.0 NVIDIA 591.86,false,assets/heightmaps/Hm_Terrain_Test_129.pgm,129,129,80.000,12.000,20,4.000,2.000,200000,1.795,0.000,18.000,36.596,13.181,22018,53500,22016,86,43,52,50,0,0,0,0,8,0.000,11.994,8.708,0.268,3.137,0.057,0.363,0.414,2.002,0.106,0.368,0.000,1.993,0.823,0.006,0.008,0.007,0.009,0.003,0.003,0.006,0.017,0.059,1.188,0.268,0.054,0.005,0.779,0.000,0.000,5992052,96,2.522,3.194,0.000,0.000,17
GPU ROAM-like,RelWithDebInfo,OpenGL,NVIDIA GeForce RTX 5090 D/PCIe/SSE2,4.3.0 NVIDIA 591.86,false,assets/heightmaps/Hm_Terrain_Test_129.pgm,129,129,80.000,12.000,20,4.000,2.000,200000,1.808,0.000,18.000,36.551,12.729,22018,53620,22016,60,30,60,38,0,0,0,0,8,0.000,12.551,8.785,0.261,3.137,0.062,0.364,0.414,1.998,0.076,0.366,0.000,2.107,0.870,0.007,0.008,0.006,0.007,0.003,0.003,0.006,0.017,0.057,1.461,0.342,0.055,0.007,0.860,0.000,0.000,6005492,96,2.488,3.200,0.000,0.000,17
GPU ROAM-like,RelWithDebInfo,OpenGL,NVIDIA GeForce RTX 5090 D/PCIe/SSE2,4.3.0 NVIDIA 591.86,false,assets/heightmaps/Hm_Terrain_Test_129.pgm,129,129,80.000,12.000,20,4.000,2.000,200000,1.821,0.000,18.000,36.505,12.951,21999,53750,21997,65,32,84,38,0,0,0,0,8,625.475,13.231,8.574,0.190,3.648,0.094,0.364,0.210,1.781,0.078,0.365,0.000,1.845,1.003,0.007,0.008,0.006,0.007,0.003,0.003,0.006,0.017,0.056,1.215,0.837,0.055,0.005,0.788,0.000,0.000,6020052,96,2.069,3.742,0.000,0.000,17
GPU ROAM-like,RelWithDebInfo,OpenGL,NVIDIA GeForce RTX 5090 D/PCIe/SSE2,4.3.0 NVIDIA 591.86,false,assets/heightmaps/Hm_Terrain_Test_129.pgm,129,129,80.000,12.000,20,4.000,2.000,200000,1.834,0.000,18.000,36.456,13.632,21979,53898,21977,74,37,94,46,0,0,0,0,8,134.523,11.769,8.216,0.218,3.443,0.103,0.363,0.207,1.575,0.093,0.366,0.000,1.849,0.989,0.011,0.010,0.005,0.007,0.003,0.003,0.006,0.016,0.061,1.214,0.225,0.054,0.004,0.899,0.000,0.000,6036628,96,1.875,3.546,0.000,0.000,17
GPU ROAM-like,RelWithDebInfo,OpenGL,NVIDIA GeForce RTX 5090 D/PCIe/SSE2,4.3.0 NVIDIA 591.86,false,assets/heightmaps/Hm_Terrain_Test_129.pgm,129,129,80.000,12.000,20,4.000,2.000,200000,1.847,0.000,18.000,36.412,12.163,21997,54024,21995,63,31,45,34,0,0,0,0,8,1065.317,11.888,8.602,0.269,3.359,0.043,0.365,0.213,2.006,0.077,0.366,0.000,1.905,0.836,0.006,0.009,0.006,0.005,0.003,0.003,0.006,0.017,0.053,1.244,0.227,0.051,0.005,0.755,0.000,0.000,6050740,96,2.296,3.402,0.000,0.000,17
GPU ROAM-like,RelWithDebInfo,OpenGL,NVIDIA GeForce RTX 5090 D/PCIe/SSE2,4.3.0 NVIDIA 591.86,false,assets/heightmaps/Hm_Terrain_Test_129.pgm,129,129,80.000,12.000,20,4.000,2.000,200000,1.859,0.000,18.000,36.367,12.268,21972,54140,21970,58,29,83,31,0,0,0,0,8,124.043,12.762,9.321,0.306,3.621,0.089,0.365,0.414,2.044,0.074,0.366,0.000,2.040,0.855,0.007,0.008,0.007,0.009,0.003,0.003,0.009,0.020,0.066,1.198,0.228,0.063,0.005,0.913,0.000,0.000,6063732,96,2.532,3.711,0.000,0.000,17
GPU ROAM-like,RelWithDebInfo,OpenGL,NVIDIA GeForce RTX 5090 D/PCIe/SSE2,4.3.0 NVIDIA 591.86,false,assets/heightmaps/Hm_Terrain_Test_129.pgm,129,129,80.000,12.000,20,4.000,2.000,200000,1.872,0.000,18.000,36.319,13.173,21966,54280,21964,70,35,76,37,0,0,0,0,8,0.000,11.797,8.477,0.337,3.105,0.087,0.363,0.324,1.585,0.105,0.364,0.000,2.208,0.818,0.009,0.007,0.005,0.005,0.003,0.003,0.006,0.016,0.054,1.189,0.211,0.058,0.005,0.870,0.000,0.000,6079412,96,2.013,3.192,0.000,0.000,17
GPU ROAM-like,RelWithDebInfo,OpenGL,NVIDIA GeForce RTX 5090 D/PCIe/SSE2,4.3.0 NVIDIA 591.86,false,assets/heightmaps/Hm_Terrain_Test_129.pgm,129,129,80.000,12.000,20,4.000,2.000,200000,1.884,0.000,18.000,36.275,12.195,21958,54372,21956,46,23,54,32,0,0,0,0,8,137.618,11.510,8.208,0.231,3.171,0.058,0.363,0.218,1.858,0.057,0.368,0.000,1.884,0.923,0.006,0.008,0.005,0.006,0.003,0.003,0.005,0.016,0.054,1.219,0.226,0.055,0.005,0.706,0.000,0.000,6089716,96,2.133,3.230,0.000,0.000,17
GPU ROAM-like,RelWithDebInfo,OpenGL,NVIDIA GeForce RTX 5090 D/PCIe/SSE2,4.3.0 NVIDIA 591.86,false,assets/heightmaps/Hm_Terrain_Test_129.pgm,129,129,80.000,12.000,20,4.000,2.000,200000,1.896,0.000,18.000,36.231,11.910,21920,54440,21918,34,17,72,34,0,0,0,0,8,142.591,11.124,8.286,0.201,3.607,0.070,0.363,0.209,1.652,0.045,0.368,0.000,1.770,0.260,0.006,0.010,0.007,0.008,0.003,0.003,0.007,0.018,0.062,1.287,0.000,0.053,0.005,1.056,0.000,0.000,6097332,96,1.906,3.678,0.000,0.000,17
GPU ROAM-like,RelWithDebInfo,OpenGL,NVIDIA GeForce RTX 5090 D/PCIe/SSE2,4.3.0 NVIDIA 591.86,false,assets/heightmaps/Hm_Terrain_Test_129.pgm,129,129,80.000,12.000,20,4.000,2.000,200000,1.908,0.000,18.000,36.188,11.527,21912,54616,21910,88,44,96,49,0,0,0,0,8,133.209,11.900,8.330,0.279,3.134,0.086,0.363,0.228,1.835,0.103,0.364,0.000,1.938,1.023,0.007,0.009,0.007,0.009,0.003,0.003,0.004,0.017,0.058,1.223,0.241,0.060,0.004,0.835,0.000,0.000,6117044,96,2.167,3.219,0.000,0.000,17
GPU ROAM-like,RelWithDebInfo,OpenGL,NVIDIA GeForce RTX 5090 D/PCIe/SSE2,4.3.0 NVIDIA 591.86,false,assets/heightmaps/Hm_Terrain_Test_129.pgm,129,129,80.000,12.000,20,4.000,2.000,200000,1.920,0.000,18.000,36.143,12.307,21872,54716,21870,58,33,98,26,0,0,0,0,8,128.733,12.295,8.738,0.303,3.241,0.099,0.362,0.307,1.976,0.068,0.366,0.000,2.017,0.977,0.006,0.007,0.005,0.007,0.003,0.003,0.006,0.017,0.054,1.213,0.229,0.058,0.005,0.905,0.000,0.000,6128244,96,2.350,3.340,0.000,0.000,17
GPU ROAM-like,RelWithDebInfo,OpenGL,NVIDIA GeForce RTX 5090 D/PCIe/SSE2,4.3.0 NVIDIA 591.86,false,assets/heightmaps/Hm_Terrain_Test_129.pgm,129,129,80.000,12.000,20,4.000,2.000,200000,1.933,0.000,18.000,36.095,12.702,21856,54832,21854,58,29,74,31,0,0,0,0,8,0.000,11.977,8.597,0.230,3.425,0.100,0.376,0.207,1.908,0.078,0.358,0.000,1.914,0.896,0.006,0.009,0.007,0.008,0.003,0.003,0.006,0.016,0.058,1.254,0.228,0.057,0.004,0.763,0.000,0.000,6141236,96,2.193,3.526,0.000,0.000,17
GPU ROAM-like,RelWithDebInfo,OpenGL,NVIDIA GeForce RTX 5090 D/PCIe/SSE2,4.3.0 NVIDIA 591.86,false,assets/heightmaps/Hm_Terrain_Test_129.pgm,129,129,80.000,12.000,20,4.000,2.000,200000,1.945,0.000,18.000,36.049,12.387,21865,54972,21863,70,35,61,43,0,0,0,0,8,252.323,12.539,9.125,0.192,3.954,0.067,0.363,0.218,2.017,0.084,0.373,0.000,1.858,0.836,0.006,0.008,0.006,0.007,0.003,0.003,0.006,0.017,0.054,1.285,0.240,0.057,0.005,0.824,0.000,0.000,6156916,96,2.318,4.021,0.000,0.000,17
GPU ROAM-like,RelWithDebInfo,OpenGL,NVIDIA GeForce RTX 5090 D/PCIe/SSE2,4.3.0 NVIDIA 591.86,false,assets/heightmaps/Hm_Terrain_Test_129.pgm,129,129,80.000,12.000,20,4.000,2.000,200000,1.958,0.000,18.000,36.000,12.943,21905,55132,21903,80,40,40,46,0,0,0,0,8,124.789,12.687,8.958,0.209,3.655,0.045,0.362,0.209,2.147,0.095,0.364,0.000,1.871,0.999,0.007,0.008,0.006,0.005,0.004,0.003,0.006,0.016,0.054,1.332,0.245,0.056,0.005,0.913,0.000,0.000,6174836,96,2.452,3.700,0.000,0.000,17
GPU ROAM-like,RelWithDebInfo,OpenGL,NVIDIA GeForce RTX 5090 D/PCIe/SSE2,4.3.0 NVIDIA 591.86,false,assets/heightmaps/Hm_Terrain_Test_129.pgm,129,129,80.000,12.000,20,4.000,2.000,200000,1.971,0.000,18.000,35.950,13.094,21903,55276,21901,72,36,74,47,0,0,0,0,8,982.295,12.891,9.323,0.352,3.692,0.073,0.364,0.214,2.117,0.088,0.362,0.000,2.061,0.999,0.007,0.008,0.004,0.005,0.003,0.003,0.004,0.015,0.048,1.289,0.235,0.060,0.005,0.798,0.000,0.000,6190964,96,2.419,3.766,0.000,0.000,17
GPU ROAM-like,RelWithDebInfo,OpenGL,NVIDIA GeForce RTX 5090 D/PCIe/SSE2,4.3.0 NVIDIA 591.86,false,assets/heightmaps/Hm_Terrain_Test_129.pgm,129,129,80.000,12.000,20,4.000,2.000,200000,1.984,0.000,18.000,35.900,13.284,21891,55448,21889,86,43,98,50,0,0,0,0,8,129.965,12.184,8.717,0.281,3.147,0.089,0.362,0.214,2.027,0.107,0.370,0.000,2.118,0.860,0.006,0.010,0.004,0.005,0.003,0.003,0.004,0.017,0.051,1.248,0.232,0.057,0.004,0.891,0.000,0.000,6210228,96,2.349,3.237,0.000,0.000,17
GPU ROAM-like,RelWithDebInfo,OpenGL,NVIDIA GeForce RTX 5090 D/PCIe/SSE2,4.3.0 NVIDIA 591.86,false,assets/heightmaps/Hm_Terrain_Test_129.pgm,129,129,80.000,12.000,20,4.000,2.000,200000,1.997,0.000,18.000,35.852,12.612,21858,55584,21856,68,34,101,38,0,0,0,0,8,127.881,12.382,8.957,0.263,3.222,0.097,0.362,0.403,1.871,0.089,0.366,0.000,2.284,0.890,0.006,0.009,0.004,0.005,0.003,0.003,0.004,0.016,0.049,1.296,0.220,0.058,0.004,0.779,0.000,0.000,6225460,96,2.362,3.319,0.000,0.000,17
GPU ROAM-like,RelWithDebInfo,OpenGL,NVIDIA GeForce RTX 5090 D/PCIe/SSE2,4.3.0 NVIDIA 591.86,false,assets/heightmaps/Hm_Terrain_Test_129.pgm,129,129,80.000,12.000,20,4.000,2.000,200000,2.010,0.000,18.000,35.802,12.812,21858,55748,21856,82,41,82,45,0,0,0,0,8,0.000,11.957,8.429,0.235,3.174,0.080,0.361,0.210,2.000,0.099,0.365,0.000,1.905,0.926,0.007,0.008,0.004,0.005,0.003,0.003,0.004,0.016,0.050,1.326,0.217,0.056,0.005,0.835,0.000,0.000,6243828,96,2.309,3.255,0.000,0.000,17
GPU ROAM-like,RelWithDebInfo,OpenGL,NVIDIA GeForce RTX 5090 D/PCIe/SSE2,4.3.0 NVIDIA 591.86,false,assets/heightmaps/Hm_Terrain_Test_129.pgm,129,129,80.000,12.000,20,4.000,2.000,200000,2.022,0.000,18.000,35.755,12.358,21827,55856,21825,54,27,85,30,0,0,0,0,8,127.322,12.452,8.412,0.178,3.442,0.091,0.364,0.209,1.821,0.069,0.365,0.000,1.874,1.164,0.007,0.004,0.004,0.006,0.003,0.003,0.004,0.016,0.046,1.430,0.242,0.069,0.006,0.930,0.000,0.000,6255924,96,2.099,3.533,0.000,0.000,17
GPU ROAM-like,RelWithDebInfo,OpenGL,NVIDIA GeForce RTX 5090 D/PCIe/SSE2,4.3.0 NVIDIA 591.86,false,assets/heightmaps/Hm_Terrain_Test_129.pgm,129,129,80.000,12.000,20,4.000,2.000,200000,2.035,0.000,18.000,35.704,12.922,21823,56012,21821,78,39,82,42,0,0,0,0,8,116.937,13.528,9.737,0.520,3.910,0.102,0.375,0.216,1.564,0.108,0.365,0.000,2.577,1.038,0.007,0.008,0.004,0.005,0.003,0.003,0.007,0.017,0.053,1.449,0.247,0.066,0.005,0.803,0.000,0.000,6273396,96,1.888,4.013,0.000,0.000,17
GPU ROAM-like,RelWithDebInfo,OpenGL,NVIDIA GeForce RTX 5090 D/PCIe/SSE2,4.3.0 NVIDIA 591.86,false,assets/heightmaps/Hm_Terrain_Test_129.pgm,129,129,80.000,12.000,20,4.000,2.000,200000,2.049,0.000,18.000,35.650,13.967,21819,56176,21817,82,41,86,44,0,0,0,0,8,995.294,12.719,9.253,0.233,3.711,0.084,0.361,0.208,2.132,0.102,0.363,0.000,2.059,0.860,0.006,0.009,0.004,0.005,0.003,0.003,0.004,0.015,0.049,1.263,0.285,0.062,0.004,0.817,0.000,0.000,6291764,96,2.443,3.796,0.000,0.000,17
GPU ROAM-like,RelWithDebInfo,OpenGL,NVIDIA GeForce RTX 5090 D/PCIe/SSE2,4.3.0 NVIDIA 591.86,false,assets/heightmaps/Hm_Terrain_Test_129.pgm,129,129,80.000,12.000,20,4.000,2.000,200000,2.062,0.000,18.000,35.598,13.138,21857,56344,21855,84,42,46,44,0,0,0,0,8,137.202,11.559,8.036,0.206,3.141,0.048,0.361,0.209,1.634,0.111,0.364,0.000,1.961,0.875,0.006,0.010,0.004,0.005,0.003,0.003,0.006,0.015,0.051,1.276,0.242,0.060,0.005,0.882,0.000,0.000,6310580,96,1.954,3.189,0.000,0.000,17
GPU ROAM-like,RelWithDebInfo,OpenGL,NVIDIA GeForce RTX 5090 D/PCIe/SSE2,4.3.0 NVIDIA 591.86,false,assets/heightmaps/Hm_Terrain_Test_129.pgm,129,129,80.000,12.000,20,4.000,2.000,200000,2.075,0.000,18.000,35.548,12.841,21837,56444,21835,50,25,70,36,0,0,0,0,8,0.000,12.523,8.677,0.320,3.190,0.075,0.362,0.214,1.947,0.069,0.365,0.000,2.135,1.038,0.007,0.008,0.004,0.005,0.003,0.003,0.006,0.015,0.050,1.272,0.245,0.063,0.005,1.037,0.000,0.000,6321780,96,2.230,3.265,0.000,0.000,17
GPU ROAM-like,RelWithDebInfo,OpenGL,NVIDIA GeForce RTX 5090 D/PCIe/SSE2,4.3.0 NVIDIA 591.86,false,assets/heightmaps/Hm_Terrain_Test_129.pgm,129,129,80.000,12.000,20,4.000,2.000,200000,2.088,0.000,18.000,35.497,12.941,21795,56588,21793,72,36,114,40,0,0,0,0,8,125.284,12.631,9.042,0.319,3.482,0.106,0.361,0.225,1.986,0.095,0.366,0.000,2.102,1.035,0.007,0.008,0.004,0.005,0.003,0.003,0.006,0.016,0.052,1.255,0.223,0.062,0.005,0.834,0.000,0.000,6337908,96,2.306,3.588,0.000,0.000,17
GPU ROAM-like,RelWithDebInfo,OpenGL,NVIDIA GeForce RTX 5090 D/PCIe/SSE2,4.3.0 NVIDIA 591.86,false,assets/heightmaps/Hm_Terrain_Test_129.pgm,129,129,80.000,12.000,20,4.000,2.000,200000,2.101,0.000,18.000,35.445,13.063,21822,56772,21820,92,46,65,65,0,0,0,0,8,133.917,11.835,8.370,0.276,3.070,0.062,0.362,0.414,1.683,0.106,0.364,0.000,2.032,0.864,0.007,0.008,0.007,0.009,0.003,0.003,0.007,0.016,0.060,1.286,0.238,0.060,0.005,0.831,0.000,0.000,6358516,96,2.203,3.132,0.000,0.000,17
GPU ROAM-like,RelWithDebInfo,OpenGL,NVIDIA GeForce RTX 5090 D/PCIe/SSE2,4.3.0 NVIDIA 591.86,false,assets/heightmaps/Hm_Terrain_Test_129.pgm,129,129,80.000,12.000,20,4.000,2.000,200000,2.113,0.000,18.000,35.396,12.259,21834,56924,21832,76,38,64,43,0,0,0,0,8,251.473,13.206,8.562,0.272,3.159,0.066,0.359,0.210,2.107,0.089,0.365,0.000,1.935,0.859,0.018,0.008,0.005,0.007,0.003,0.003,0.006,0.015,0.065,1.293,0.727,0.056,0.004,0.911,0.000,0.000,6375540,96,2.406,3.225,0.000,0.000,17
GPU ROAM-like,RelWithDebInfo,OpenGL,NVIDIA GeForce RTX 5090 D/PCIe/SSE2,4.3.0 NVIDIA 591.86,false,assets/heightmaps/Hm_Terrain_Test_129.pgm,129,129,80.000,12.000,20,4.000,2.000,200000,2.127,0.000,18.000,35.341,13.649,21870,57128,21868,102,51,66,59,0,0,0,0,8,129.096,12.277,8.495,0.228,3.312,0.081,0.361,0.207,1.809,0.123,0.366,0.000,2.008,1.173,0.007,0.008,0.005,0.007,0.003,0.003,0.006,0.015,0.054,1.344,0.232,0.058,0.005,0.783,0.000,0.000,6398388,96,2.138,3.394,0.000,0.000,17
GPU ROAM-like,RelWithDebInfo,OpenGL,NVIDIA GeForce RTX 5090 D/PCIe/SSE2,4.3.0 NVIDIA 591.86,false,assets/heightmaps/Hm_Terrain_Test_129.pgm,129,129,80.000,12.000,20,4.000,2.000,200000,2.140,0.000,18.000,35.290,12.704,21846,57196,21844,34,17,58,38,0,0,0,0,8,127.247,12.443,8.733,0.221,3.629,0.073,0.380,0.252,1.810,0.048,0.369,0.000,1.949,1.040,0.007,0.007,0.004,0.007,0.003,0.003,0.006,0.015,0.051,1.298,0.282,0.058,0.004,0.850,0.000,0.000,6406004,96,2.111,3.702,0.000,0.000,17
GPU ROAM-like,RelWithDebInfo,OpenGL,NVIDIA GeForce RTX 5090 D/PCIe/SSE2,4.3.0 NVIDIA 591.86,false,assets/heightmaps/Hm_Terrain_Test_129.pgm,129,129,80.000,12.000,20,4.000,2.000,200000,2.153,0.000,18.000,35.238,12.850,21904,57390,21902,116,67,58,57,0,0,0,0,8,0.000,12.273,8.691,0.227,3.174,0.062,0.364,0.399,1.870,0.136,0.366,0.000,2.093,0.898,0.007,0.008,0.006,0.007,0.003,0.003,0.006,0.015,0.054,1.347,0.235,0.055,0.005,0.871,0.000,0.000,6427732,96,2.406,3.236,0.000,0.000,17
GPU ROAM-like,RelWithDebInfo,OpenGL,NVIDIA GeForce RTX 5090 D/PCIe/SSE2,4.3.0 NVIDIA 591.86,false,assets/heightmaps/Hm_Terrain_Test_129.pgm,129,129,80.000,12.000,20,4.000,2.000,200000,2.165,0.000,18.000,35.186,12.736,21849,57552,21847,81,40,136,50,0,0,0,0,8,0.000,12.516,8.746,0.228,3.466,0.118,0.362,0.207,1.822,0.103,0.367,0.000,2.072,1.039,0.015,0.007,0.006,0.007,0.003,0.003,0.006,0.015,0.062,1.328,0.233,0.062,0.005,0.918,0.000,0.000,6445876,96,2.132,3.584,0.000,0.000,17
GPU ROAM-like,RelWithDebInfo,OpenGL,NVIDIA GeForce RTX 5090 D/PCIe/SSE2,4.3.0 NVIDIA 591.86,false,assets/heightmaps/Hm_Terrain_Test_129.pgm,129,129,80.000,12.000,20,4.000,2.000,200000,2.178,0.000,18.000,35.133,12.939,21822,57684,21820,66,33,93,35,0,0,0,0,8,131.559,12.053,8.339,0.288,3.208,0.086,0.361,0.212,1.580,0.089,0.375,0.000,2.140,1.059,0.006,0.009,0.005,0.007,0.003,0.003,0.006,0.015,0.055,1.302,0.241,0.061,0.005,0.855,0.000,0.000,6460660,96,1.881,3.293,0.000,0.000,17
GPU ROAM-like,RelWithDebInfo,OpenGL,NVIDIA GeForce RTX 5090 D/PCIe/SSE2,4.3.0 NVIDIA 591.86,false,assets/heightmaps/Hm_Terrain_Test_129.pgm,129,129,80.000,12.000,20,4.000,2.000,200000,2.191,0.000,18.000,35.082,12.469,21841,57828,21839,72,36,53,43,0,0,0,0,8,1089.420,11.642,8.139,0.312,3.200,0.059,0.363,0.212,1.692,0.095,0.364,0.000,1.842,0.873,0.007,0.008,0.005,0.007,0.003,0.003,0.006,0.015,0.054,1.303,0.229,0.055,0.004,0.858,0.000,0.000,6476788,96,1.999,3.258,0.000,0.000,17
GPU ROAM-like,RelWithDebInfo,OpenGL,NVIDIA GeForce RTX 5090 D/PCIe/SSE2,4.3.0 NVIDIA 591.86,false,assets/heightmaps/Hm_Terrain_Test_129.pgm,129,129,80.000,12.000,20,4.000,2.000,200000,2.203,0.000,18.000,35.033,12.027,21829,58008,21827,90,45,102,50,0,0,0,0,8,130.406,12.144,8.562,0.191,3.092,0.104,0.363,0.211,2.123,0.112,0.360,0.000,2.006,0.875,0.006,0.008,0.006,0.007,0.003,0.003,0.007,0.015,0.055,1.305,0.237,0.057,0.005,0.926,0.000,0.000,6496948,96,2.446,3.196,0.000,0.000,17
GPU ROAM-like,RelWithDebInfo,OpenGL,NVIDIA GeForce RTX 5090 D/PCIe/SSE2,4.3.0 NVIDIA 591.86,false,assets/heightmaps/Hm_Terrain_Test_129.pgm,129,129,80.000,12.000,20,4.000,2.000,200000,2.215,0.000,18.000,34.981,12.544,21877,58232,21875,112,56,64,58,0,0,0,0,8,0.000,12.537,8.792,0.200,4.177,0.110,0.368,0.208,1.299,0.129,0.383,0.000,1.919,1.071,0.007,0.006,0.005,0.007,0.003,0.003,0.006,0.015,0.051,1.359,0.240,0.059,0.005,0.828,0.000,0.000,6522036,96,1.637,4.287,0.000,0.000,17
GPU ROAM-like,RelWithDebInfo,OpenGL,NVIDIA GeForce RTX 5090 D/PCIe/SSE2,4.3.0 NVIDIA 591.86,false,assets/heightmaps/Hm_Terrain_Test_129.pgm,129,129,80.000,12.000,20,4.000,2.000,200000,2.228,0.000,18.000,34.927,12.952,21861,58372,21859,70,35,86,37,0,0,0,0,8,128.826,12.305,8.280,0.312,3.112,0.086,0.364,0.213,1.700,0.096,0.366,0.000,2.030,1.144,0.007,0.009,0.005,0.007,0.003,0.003,0.006,0.015,0.054,1.338,0.235,0.059,0.005,1.053,0.000,0.000,6537716,96,2.009,3.199,0.000,0.000,17
GPU ROAM-like,RelWithDebInfo,OpenGL,NVIDIA GeForce RTX 5090 D/PCIe/SSE2,4.3.0 NVIDIA 591.86,false,assets/heightmaps/Hm_Terrain_Test_129.pgm,129,129,80.000,12.000,20,4.000,2.000,200000,2.241,0.000,18.000,34.874,12.712,21834,58540,21832,84,42,111,44,0,0,0,0,8,132.183,11.991,8.417,0.269,3.066,0.105,0.361,0.410,1.732,0.102,0.367,0.000,2.005,0.887,0.015,0.008,0.007,0.008,0.003,0.003,0.008,0.017,0.070,1.319,0.238,0.056,0.005,0.884,0.000,0.000,6556532,96,2.243,3.171,0.000,0.000,17
GPU ROAM-like,RelWithDebInfo,OpenGL,NVIDIA GeForce RTX 5090 D/PCIe/SSE2,4.3.0 NVIDIA 591.86,false,assets/heightmaps/Hm_Terrain_Test_129.pgm,129,129,80.000,12.000,20,4.000,2.000,200000,2.253,0.000,18.000,34.823,12.393,21848,58700,21846,80,40,66,51,0,0,0,0,8,1035.102,12.248,8.547,0.300,3.138,0.068,0.363,0.408,1.868,0.091,0.361,0.000,1.949,0.905,0.006,0.008,0.006,0.009,0.003,0.003,0.006,0.015,0.057,1.369,0.236,0.055,0.004,0.947,0.000,0.000,6574452,96,2.368,3.206,0.000,0.000,17
GPU ROAM-like,RelWithDebInfo,OpenGL,NVIDIA GeForce RTX 5090 D/PCIe/SSE2,4.3.0 NVIDIA 591.86,false,assets/heightmaps/Hm_Terrain_Test_129.pgm,129,129,80.000,12.000,20,4.000,2.000,200000,2.266,0.000,18.000,34.769,12.663,21884,58884,21882,92,46,56,57,0,0,0,0,8,118.791,13.320,9.557,0.260,3.970,0.068,0.362,0.392,1.897,0.113,0.369,0.000,2.125,1.101,0.008,0.008,0.005,0.007,0.003,0.003,0.006,0.016,0.055,1.351,0.241,0.059,0.005,0.825,0.000,0.000,6595060,96,2.402,4.038,0.000,0.000,17
GPU ROAM-like,RelWithDebInfo,OpenGL,NVIDIA GeForce RTX 5090 D/PCIe/SSE2,4.3.0 NVIDIA 591.86,false,assets/heightmaps/Hm_Terrain_Test_129.pgm,129,129,80.000,12.000,20,4.000,2.000,200000,2.280,0.000,18.000,34.711,13.735,21856,59024,21854,70,35,98,40,0,0,0,0,8,129.764,12.208,8.461,0.241,3.476,0.109,0.363,0.210,1.688,0.086,0.367,0.000,1.921,1.061,0.006,0.009,0.005,0.007,0.003,0.003,0.006,0.015,0.055,1.319,0.256,0.056,0.005,0.870,0.000,0.000,6610740,96,1.984,3.586,0.000,0.000,17
GPU ROAM-like,RelWithDebInfo,OpenGL,NVIDIA GeForce RTX 5090 D/PCIe/SSE2,4.3.0 NVIDIA 591.86,false,assets/heightmaps/Hm_Terrain_Test_129.pgm,129,129,80.000,12.000,20,4.000,2.000,200000,2.292,0.000,18.000,34.658,12.623,21844,59180,21842,78,39,90,44,0,0,0,0,8,0.000,12.365,8.644,0.220,3.284,0.103,0.363,0.212,2.048,0.091,0.361,0.000,1.962,0.898,0.006,0.007,0.005,0.006,0.003,0.003,0.006,0.016,0.052,1.386,0.248,0.058,0.004,0.946,0.000,0.000,6628212,96,2.352,3.386,0.000,0.000,17
GPU ROAM-like,RelWithDebInfo,OpenGL,NVIDIA GeForce RTX 5090 D/PCIe/SSE2,4.3.0 NVIDIA 591.86,false,assets/heightmaps/Hm_Terrain_Test_129.pgm,129,129,80.000,12.000,20,4.000,2.000,200000,2.305,0.000,18.000,34.604,12.780,21824,59340,21822,82,42,102,44,0,0,0,0,8,646.452,12.259,8.398,0.256,3.076,0.087,0.363,0.298,1.954,0.097,0.359,0.000,1.906,1.110,0.007,0.008,0.006,0.007,0.003,0.003,0.006,0.016,0.056,1.378,0.290,0.056,0.004,0.837,0.000,0.000,6646132,96,2.349,3.164,0.000,0.000,17
GPU ROAM-like,RelWithDebInfo,OpenGL,NVIDIA GeForce RTX 5090 D/PCIe/SSE2,4.3.0 NVIDIA 591.86,false,assets/heightmaps/Hm_Terrain_Test_129.pgm,129,129,80.000,12.000,20,4.000,2.000,200000,2.318,0.000,18.000,34.550,12.660,21804,59488,21802,74,37,94,43,0,0,0,0,8,119.544,13.249,9.375,0.282,3.936,0.083,0.361,0.207,2.032,0.094,0.364,0.000,2.015,1.151,0.007,0.007,0.005,0.007,0.003,0.003,0.005,0.016,0.053,1.375,0.244,0.059,0.005,0.849,0.000,0.000,6662708,96,2.333,4.019,0.000,0.000,17
GPU ROAM-like,RelWithDebInfo,OpenGL,NVIDIA GeForce RTX 5090 D/PCIe/SSE2,4.3.0 NVIDIA 591.86,false,assets/heightmaps/Hm_Terrain_Test_129.pgm,129,129,80.000,12.000,20,4.000,2.000,200000,2.331,0.000,18.000,34.491,13.644,21828,59668,21826,90,45,66,52,0,0,0,0,8,372.245,12.769,8.990,0.297,3.448,0.064,0.362,0.220,2.034,0.106,0.365,0.000,2.093,0.963,0.007,0.008,0.005,0.006,0.003,0.003,0.006,0.015,0.054,1.429,0.247,0.058,0.005,0.886,0.000,0.000,6682868,96,2.360,3.513,0.000,0.000,17
GPU ROAM-like,RelWithDebInfo,OpenGL,NVIDIA GeForce RTX 5090 D/PCIe/SSE2,4.3.0 NVIDIA 591.86,false,assets/heightmaps/Hm_Terrain_Test_129.pgm,129,129,80.000,12.000,20,4.000,2.000,200000,2.345,0.000,18.000,34.435,13.180,21870,59856,21868,94,47,52,54,0,0,0,0,8,121.238,13.072,8.706,0.323,3.150,0.056,0.364,0.406,1.858,0.120,0.367,0.000,2.063,1.371,0.007,0.008,0.007,0.008,0.003,0.003,0.006,0.015,0.057,1.504,0.246,0.062,0.005,0.981,0.000,0.000,6703924,96,2.383,3.206,0.000,0.000,17
GPU ROAM-like,RelWithDebInfo,OpenGL,NVIDIA GeForce RTX 5090 D/PCIe/SSE2,4.3.0 NVIDIA 591.86,false,assets/heightmaps/Hm_Terrain_Test_129.pgm,129,129,80.000,12.000,20,4.000,2.000,200000,2.358,0.000,18.000,34.375,13.857,21912,60076,21910,110,55,68,65,0,0,0,0,8,123.358,12.863,8.986,0.309,3.225,0.074,0.365,0.407,1.981,0.136,0.367,0.000,2.122,1.095,0.007,0.008,0.005,0.007,0.003,0.003,0.006,0.015,0.053,1.421,0.248,0.061,0.005,0.837,0.000,0.000,6728564,96,2.525,3.299,0.000,0.000,17
GPU ROAM-like,RelWithDebInfo,OpenGL,NVIDIA GeForce RTX 5090 D/PCIe/SSE2,4.3.0 NVIDIA 591.86,false,assets/heightmaps/Hm_Terrain_Test_129.pgm,129,129,80.000,12.000,20,4.000,2.000,200000,2.372,0.000,18.000,34.317,13.332,21896,60228,21894,76,38,92,41,0,0,0,0,8,0.000,13.054,9.356,0.395,3.347,0.098,0.366,0.405,2.031,0.101,0.369,0.000,2.244,0.972,0.006,0.010,0.005,0.007,0.003,0.003,0.006,0.015,0.055,1.346,0.241,0.060,0.005,0.881,0.000,0.000,6745588,96,2.537,3.445,0.000,0.000,17
GPU ROAM-like,RelWithDebInfo,OpenGL,NVIDIA GeForce RTX 5090 D/PCIe/SSE2,4.3.0 NVIDIA 591.86,false,assets/heightmaps/Hm_Terrain_Test_129.pgm,129,129,80.000,12.000,20,4.000,2.000,200000,2.385,0.000,18.000,34.258,13.489,21864,60404,21862,88,44,120,47,0,0,0,0,8,121.074,13.079,9.344,0.331,3.287,0.113,0.363,0.411,2.114,0.113,0.366,0.000,2.244,0.901,0.006,0.007,0.007,0.009,0.003,0.003,0.008,0.017,0.059,1.365,0.248,0.064,0.005,0.964,0.000,0.000,6765300,96,2.638,3.400,0.000,0.000,17
GPU ROAM-like,RelWithDebInfo,OpenGL,NVIDIA GeForce RTX 5090 D/PCIe/SSE2,4.3.0 NVIDIA 591.86,false,assets/heightmaps/Hm_Terrain_Test_129.pgm,129,129,80.000,12.000,20,4.000,2.000,200000,2.399,0.000,18.000,34.199,13.519,21850,60512,21848,54,27,68,34,0,0,0,0,8,798.001,11.915,7.964,0.247,3.152,0.070,0.363,0.211,1.570,0.071,0.362,0.000,1.918,1.079,0.007,0.008,0.005,0.008,0.003,0.003,0.006,0.016,0.055,1.383,0.264,0.062,0.004,0.976,0.000,0.000,6777396,96,1.852,3.223,0.000,0.000,17
GPU ROAM-like,RelWithDebInfo,OpenGL,NVIDIA GeForce RTX 5090 D/PCIe/SSE2,4.3.0 NVIDIA 591.86,false,assets/heightmaps/Hm_Terrain_Test_129.pgm,129,129,80.000,12.000,20,4.000,2.000,200000,2.411,0.000,18.000,34.145,12.336,21846,60664,21844,76,38,80,44,0,0,0,0,8,126.885,12.481,8.640,0.217,3.651,0.088,0.363,0.211,1.761,0.093,0.363,0.000,1.894,1.083,0.007,0.009,0.007,0.007,0.003,0.003,0.006,0.016,0.058,1.359,0.251,0.062,0.005,0.899,0.000,0.000,6794420,96,2.065,3.738,0.000,0.000,17
GPU ROAM-like,RelWithDebInfo,OpenGL,NVIDIA GeForce RTX 5090 D/PCIe/SSE2,4.3.0 NVIDIA 591.86,false,assets/heightmaps/Hm_Terrain_Test_129.pgm,129,129,80.000,12.000,20,4.000,2.000,200000,2.424,0.000,18.000,34.089,12.893,21862,60820,21860,78,39,62,55,0,0,0,0,8,123.379,12.837,9.054,0.250,3.502,0.074,0.369,0.222,2.280,0.093,0.366,0.000,1.898,0.962,0.006,0.006,0.006,0.006,0.003,0.003,0.006,0.016,0.052,1.443,0.260,0.062,0.006,0.863,0.000,0.000,6811892,96,2.595,3.577,0.000,0.000,17
GPU ROAM-like,RelWithDebInfo,OpenGL,NVIDIA GeForce RTX 5090 D/PCIe/SSE2,4.3.0 NVIDIA 591.86,false,assets/heightmaps/Hm_Terrain_Test_129.pgm,129,129,80.000,12.000,20,4.000,2.000,200000,2.437,0.000,18.000,34.030,13.265,21871,60986,21869,83,41,74,49,0,0,0,0,8,122.987,12.881,9.157,0.307,3.312,0.072,0.366,0.268,2.336,0.111,0.365,0.000,2.020,0.940,0.007,0.007,0.007,0.008,0.003,0.003,0.006,0.015,0.057,1.407,0.248,0.056,0.005,0.879,0.000,0.000,6830484,96,2.715,3.385,0.000,0.000,17
GPU ROAM-like,RelWithDebInfo,OpenGL,NVIDIA GeForce RTX 5090 D/PCIe/SSE2,4.3.0 NVIDIA 591.86,false,assets/heightmaps/Hm_Terrain_Test_129.pgm,129,129,80.000,12.000,20,4.000,2.000,200000,2.451,0.000,18.000,33.971,13.287,21903,61254,21901,134,67,102,77,0,0,0,0,8,116.452,13.606,8.542,0.292,3.126,0.094,0.365,0.208,1.947,0.146,0.368,0.000,1.995,2.240,0.007,0.008,0.006,0.007,0.003,0.003,0.006,0.015,0.055,1.377,0.254,0.061,0.005,0.924,0.000,0.000,6860500,96,2.301,3.220,0.000,0.000,17
GPU ROAM-like,RelWithDebInfo,OpenGL,NVIDIA GeForce RTX 5090 D/PCIe/SSE2,4.3.0 NVIDIA 591.86,false,assets/heightmaps/Hm_Terrain_Test_129.pgm,129,129,80.000,12.000,20,4.000,2.000,200000,2.465,0.000,18.000,33.909,14.018,21869,61460,21867,103,51,137,58,0,0,0,0,8,0.000,13.359,9.372,0.444,3.130,0.122,0.364,0.284,2.135,0.132,0.365,0.000,2.396,1.109,0.007,0.008,0.006,0.007,0.003,0.003,0.006,0.015,0.055,1.429,0.253,0.061,0.004,0.936,0.000,0.000,6883572,96,2.550,3.252,0.000,0.000,17
GPU ROAM-like,RelWithDebInfo,OpenGL,NVIDIA GeForce RTX 5090 D/PCIe/SSE2,4.3.0 NVIDIA 591.86,false,assets/heightmaps/Hm_Terrain_Test_129.pgm,129,129,80.000,12.000,20,4.000,2.000,200000,2.478,0.000,18.000,33.847,13.775,21880,61648,21878,94,47,83,55,0,0,0,0,8,0.000,13.467,9.391,0.295,3.611,0.091,0.363,0.311,2.065,0.161,0.502,0.000,1.993,1.096,0.006,0.010,0.007,0.009,0.003,0.003,0.007,0.015,0.059,1.457,0.267,0.062,0.005,0.991,0.000,0.000,6904628,96,2.537,3.701,0.000,0.000,17
GPU ROAM-like,RelWithDebInfo,OpenGL,NVIDIA GeForce RTX 5090 D/PCIe/SSE2,4.3.0 NVIDIA 591.86,false,assets/heightmaps/Hm_Terrain_Test_129.pgm,129,129,80.000,12.000,20,4.000,2.000,200000,2.492,0.000,18.000,33.785,13.885,21873,61820,21871,86,43,93,52,0,0,0,0,8,584.095,13.554,9.561,0.357,3.270,0.088,0.365,0.222,2.446,0.112,0.366,0.000,2.334,1.150,0.007,0.009,0.005,0.007,0.003,0.003,0.006,0.015,0.055,1.475,0.268,0.066,0.005,0.833,0.000,0.000,6923892,96,2.780,3.358,0.000,0.000,17
GPU ROAM-like,RelWithDebInfo,OpenGL,NVIDIA GeForce RTX 5090 D/PCIe/SSE2,4.3.0 NVIDIA 591.86,false,assets/heightmaps/Hm_Terrain_Test_129.pgm,129,129,80.000,12.000,20,4.000,2.000,200000,2.506,0.000,18.000,33.722,13.981,21861,61992,21859,86,43,98,43,0,0,0,0,8,120.763,13.111,9.336,0.357,3.543,0.097,0.374,0.409,1.870,0.108,0.364,0.000,2.213,0.962,0.007,0.008,0.005,0.007,0.003,0.003,0.006,0.015,0.055,1.438,0.258,0.059,0.005,0.866,0.000,0.000,6943156,96,2.387,3.641,0.000,0.000,17
GPU ROAM-like,RelWithDebInfo,OpenGL,NVIDIA GeForce RTX 5090 D/PCIe/SSE2,4.3.0 NVIDIA 591.86,false,assets/heightmaps/Hm_Terrain_Test_129.pgm,129,129,80.000,12.000,20,4.000,2.000,200000,2.520,0.000,18.000,33.661,13.533,21843,62152,21841,80,40,98,43,0,0,0,0,8,500.689,12.655,8.907,0.279,3.252,0.092,0.366,0.250,2.088,0.100,0.368,0.000,2.112,0.966,0.007,0.006,0.006,0.007,0.003,0.003,0.006,0.015,0.053,1.398,0.251,0.058,0.005,0.885,0.000,0.000,6961076,96,2.438,3.344,0.000,0.000,17
GPU ROAM-like,RelWithDebInfo,OpenGL,NVIDIA GeForce RTX 5090 D/PCIe/SSE2,4.3.0 NVIDIA 591.86,false,assets/heightmaps/Hm_Terrain_Test_129.pgm,129,129,80.000,12.000,20,4.000,2.000,200000,2.533,0.000,18.000,33.602,13.071,21829,62332,21827,90,45,104,56,0,0,0,0,8,125.535,12.618,8.679,0.285,3.043,0.090,0.364,0.257,2.006,0.111,0.367,0.000,2.156,1.141,0.006,0.009,0.005,0.006,0.003,0.003,0.006,0.015,0.054,1.380,0.250,0.062,0.005,0.914,0.000,0.000,6981236,96,2.373,3.133,0.000,0.000,17
GPU ROAM-like,RelWithDebInfo,OpenGL,NVIDIA GeForce RTX 5090 D/PCIe/SSE2,4.3.0 NVIDIA 591.86,false,assets/heightmaps/Hm_Terrain_Test_129.pgm,129,129,80.000,12.000,20,4.000,2.000,200000,2.546,0.000,18.000,33.542,13.039,21802,62476,21800,74,38,101,41,0,0,0,0,8,124.757,12.709,8.657,0.305,3.143,0.094,0.365,0.484,1.725,0.109,0.367,0.000,2.066,1.152,0.007,0.006,0.005,0.006,0.003,0.003,0.006,0.016,0.053,1.436,0.253,0.063,0.005,0.945,0.000,0.000,6997364,96,2.318,3.237,0.000,0.000,17
GPU ROAM-like,RelWithDebInfo,OpenGL,NVIDIA GeForce RTX 5090 D/PCIe/SSE2,4.3.0 NVIDIA 591.86,false,assets/heightmaps/Hm_Terrain_Test_129.pgm,129,129,80.000,12.000,20,4.000,2.000,200000,2.559,0.000,18.000,33.483,13.127,21774,62600,21772,62,31,90,35,0,0,0,0,8,118.184,13.410,9.415,0.305,3.657,0.116,0.364,0.403,2.006,0.080,0.370,0.000,2.113,1.037,0.006,0.008,0.007,0.009,0.003,0.003,0.006,0.015,0.057,1.509,0.242,0.060,0.004,0.939,0.000,0.000,7011252,96,2.489,3.773,0.000,0.000,17
GPU ROAM-like,RelWithDebInfo,OpenGL,NVIDIA GeForce RTX 5090 D/PCIe/SSE2,4.3.0 NVIDIA 591.86,false,assets/heightmaps/Hm_Terrain_Test_129.pgm,129,129,80.000,12.000,20,4.000,2.000,200000,2.573,0.000,18.000,33.419,13.844,21760,62776,21758,88,44,102,47,0,0,0,0,8,0.000,12.639,8.756,0.320,3.207,0.117,0.363,0.294,1.729,0.114,0.368,0.000,2.243,0.937,0.006,0.008,0.007,0.008,0.003,0.003,0.006,0.015,0.057,1.410,0.268,0.064,0.005,1.001,0.000,0.000,7030964,96,2.138,3.324,0.000,0.000,17
GPU ROAM-like,RelWithDebInfo,OpenGL,NVIDIA GeForce RTX 5090 D/PCIe/SSE2,4.3.0 NVIDIA 591.86,false,assets/heightmaps/Hm_Terrain_Test_129.pgm,129,129,80.000,12.000,20,4.000,2.000,200000,2.586,0.000,18.000,33.359,13.094,21744,62984,21742,104,52,120,64,0,0,0,0,8,508.312,12.465,8.731,0.291,3.131,0.117,0.364,0.318,2.022,0.133,0.368,0.000,1.985,0.959,0.007,0.009,0.005,0.007,0.003,0.003,0.006,0.015,0.055,1.413,0.245,0.059,0.005,0.870,0.000,0.000,7054260,96,2.473,3.249,0.000,0.000,17
GPU ROAM-like,RelWithDebInfo,OpenGL,NVIDIA GeForce RTX 5090 D/PCIe/SSE2,4.3.0 NVIDIA 591.86,false,assets/heightmaps/Hm_Terrain_Test_129.pgm,129,129,80.000,12.000,20,4.000,2.000,200000,2.599,0.000,18.000,33.300,12.893,21724,63184,21722,100,50,120,55,0,0,0,0,8,126.293,12.542,8.584,0.213,3.163,0.112,0.369,0.211,1.751,0.127,0.364,0.000,2.272,1.120,0.006,0.009,0.005,0.007,0.003,0.003,0.006,0.015,0.054,1.423,0.258,0.066,0.005,0.900,0.000,0.000,7076660,96,2.089,3.276,0.000,0.000,17
GPU ROAM-like,RelWithDebInfo,OpenGL,NVIDIA GeForce RTX 5090 D/PCIe/SSE2,4.3.0 NVIDIA 591.86,false,assets/heightmaps/Hm_Terrain_Test_129.pgm,129,129,80.000,12.000,20,4.000,2.000,200000,2.612,0.000,18.000,33.240,12.959,21764,63372,21762,94,47,54,52,0,0,0,0,8,126.845,12.490,8.476,0.231,3.340,0.060,0.363,0.224,1.748,0.116,0.366,0.000,2.028,1.118,0.006,0.008,0.006,0.007,0.003,0.003,0.007,0.016,0.055,1.493,0.253,0.059,0.004,0.901,0.000,0.000,7097716,96,2.089,3.400,0.000,0.000,17
GPU ROAM-like,RelWithDebInfo,OpenGL,NVIDIA GeForce RTX 5090 D/PCIe/SSE2,4.3.0 NVIDIA 591.86,false,assets/heightmaps/Hm_Terrain_Test_129.pgm,129,129,80.000,12.000,20,4.000,2.000,200000,2.625,0.000,18.000,33.180,12.897,21702,63508,21700,68,34,130,41,0,0,0,0,8,126.041,12.581,8.652,0.341,3.257,0.112,0.364,0.206,1.861,0.094,0.363,0.000,2.053,0.999,0.006,0.009,0.006,0.007,0.003,0.003,0.006,0.015,0.054,1.494,0.258,0.059,0.005,0.918,0.000,0.000,7112948,96,2.161,3.369,0.000,0.000,17
GPU ROAM-like,RelWithDebInfo,OpenGL,NVIDIA GeForce RTX 5090 D/PCIe/SSE2,4.3.0 NVIDIA 591.86,false,assets/heightmaps/Hm_Terrain_Test_129.pgm,129,129,80.000,12.000,20,4.000,2.000,200000,2.638,0.000,18.000,33.119,12.980,21710,63624,21708,58,29,50,35,0,0,0,0,8,120.929,13.273,9.125,0.363,3.215,0.055,0.364,0.418,2.188,0.081,0.363,0.000,2.076,0.987,0.007,0.008,0.007,0.008,0.003,0.003,0.006,0.015,0.056,1.455,0.271,0.113,0.005,0.943,0.000,0.000,7125940,96,2.687,3.271,0.000,0.000,17
GPU ROAM-like,RelWithDebInfo,OpenGL,NVIDIA GeForce RTX 5090 D/PCIe/SSE2,4.3.0 NVIDIA 591.86,false,assets/heightmaps/Hm_Terrain_Test_129.pgm,129,129,80.000,12.000,20,4.000,2.000,200000,2.653,0.000,18.000,33.047,15.546,21692,63804,21690,90,45,108,52,0,0,0,0,8,75.529,21.093,13.050,1.041,3.367,0.207,0.365,0.269,2.404,0.250,0.369,0.000,4.779,2.046,0.007,0.008,0.005,0.007,0.003,0.003,0.006,0.015,0.053,3.807,0.645,0.162,0.017,0.916,0.000,0.000,7146100,96,2.922,3.574,0.000,0.000,17
GPU ROAM-like,RelWithDebInfo,OpenGL,NVIDIA GeForce RTX 5090 D/PCIe/SSE2,4.3.0 NVIDIA 591.86,false,assets/heightmaps/Hm_Terrain_Test_129.pgm,129,129,80.000,12.000,20,4.000,2.000,200000,2.675,0.000,18.000,32.942,22.294,21752,64240,21750,218,109,158,132,0,0,0,0,8,471.680,13.425,9.339,0.836,3.193,0.133,0.361,0.338,1.813,0.331,0.366,0.000,1.968,1.088,0.006,0.009,0.005,0.007,0.003,0.003,0.006,0.015,0.054,1.473,0.244,0.058,0.005,1.030,0.000,0.000,7194932,96,2.482,3.326,0.000,0.000,17
GPU ROAM-like,RelWithDebInfo,OpenGL,NVIDIA GeForce RTX 5090 D/PCIe/SSE2,4.3.0 NVIDIA 591.86,false,assets/heightmaps/Hm_Terrain_Test_129.pgm,129,129,80.000,12.000,20,4.000,2.000,200000,2.689,0.000,18.000,32.877,13.891,21806,64464,21804,122,66,68,62,0,0,0,0,8,123.981,12.783,8.722,0.287,3.562,0.079,0.363,0.207,1.690,0.137,0.369,0.000,2.027,1.139,0.007,0.008,0.007,0.008,0.003,0.003,0.007,0.015,0.058,1.503,0.263,0.062,0.005,0.893,0.000,0.000,7220020,96,2.035,3.641,0.000,0.000,17
GPU ROAM-like,RelWithDebInfo,OpenGL,NVIDIA GeForce RTX 5090 D/PCIe/SSE2,4.3.0 NVIDIA 591.86,false,assets/heightmaps/Hm_Terrain_Test_129.pgm,129,129,80.000,12.000,20,4.000,2.000,200000,2.703,0.000,18.000,32.814,13.201,21792,64600,21790,68,34,82,39,0,0,0,0,8,125.875,12.592,8.729,0.256,3.540,0.098,0.368,0.208,1.698,0.099,0.368,0.000,2.094,0.988,0.011,0.009,0.006,0.007,0.003,0.003,0.006,0.015,0.059,1.470,0.258,0.062,0.005,0.888,0.000,0.000,7235252,96,2.005,3.638,0.000,0.000,17
GPU ROAM-like,RelWithDebInfo,OpenGL,NVIDIA GeForce RTX 5090 D/PCIe/SSE2,4.3.0 NVIDIA 591.86,false,assets/heightmaps/Hm_Terrain_Test_129.pgm,129,129,80.000,12.000,20,4.000,2.000,200000,2.716,0.000,18.000,32.753,13.010,21773,64798,21771,99,49,118,59,0,0,0,0,8,122.498,12.948,8.618,0.226,3.379,0.114,0.364,0.210,1.884,0.114,0.366,0.000,1.961,1.311,0.017,0.011,0.007,0.008,0.003,0.003,0.006,0.016,0.071,1.559,0.268,0.063,0.005,0.918,0.000,0.000,7257428,96,2.208,3.493,0.000,0.000,17
GPU ROAM-like,RelWithDebInfo,OpenGL,NVIDIA GeForce RTX 5090 D/PCIe/SSE2,4.3.0 NVIDIA 591.86,false,assets/heightmaps/Hm_Terrain_Test_129.pgm,129,129,80.000,12.000,20,4.000,2.000,200000,2.729,0.000,18.000,32.689,13.377,21777,64956,21775,79,39,75,46,0,0,0,0,8,0.000,12.876,8.711,0.303,3.057,0.080,0.368,0.244,2.076,0.101,0.368,0.000,2.112,1.179,0.007,0.006,0.006,0.007,0.003,0.003,0.006,0.015,0.053,1.519,0.262,0.062,0.005,0.934,0.000,0.000,7275124,96,2.422,3.137,0.000,0.000,17
GPU ROAM-like,RelWithDebInfo,OpenGL,NVIDIA GeForce RTX 5090 D/PCIe/SSE2,4.3.0 NVIDIA 591.86,false,assets/heightmaps/Hm_Terrain_Test_129.pgm,129,129,80.000,12.000,20,4.000,2.000,200000,2.742,0.000,18.000,32.626,13.299,21749,65176,21747,110,55,138,63,0,0,0,0,8,507.042,12.519,8.466,0.341,3.038,0.125,0.364,0.259,1.651,0.130,0.366,0.000,2.190,1.016,0.007,0.006,0.007,0.007,0.003,0.003,0.006,0.015,0.053,1.474,0.257,0.060,0.005,1.035,0.000,0.000,7299764,96,2.041,3.164,0.000,0.000,17
GPU ROAM-like,RelWithDebInfo,OpenGL,NVIDIA GeForce RTX 5090 D/PCIe/SSE2,4.3.0 NVIDIA 591.86,false,assets/heightmaps/Hm_Terrain_Test_129.pgm,129,129,80.000,12.000,20,4.000,2.000,200000,2.755,0.000,18.000,32.564,12.930,21736,65348,21734,86,43,99,52,0,0,0,0,8,122.392,12.958,9.031,0.336,3.460,0.101,0.362,0.404,1.796,0.113,0.365,0.000,2.093,1.002,0.006,0.009,0.007,0.008,0.003,0.003,0.007,0.017,0.060,1.453,0.260,0.060,0.005,0.940,0.000,0.000,7319028,96,2.314,3.562,0.000,0.000,17
GPU ROAM-like,RelWithDebInfo,OpenGL,NVIDIA GeForce RTX 5090 D/PCIe/SSE2,4.3.0 NVIDIA 591.86,false,assets/heightmaps/Hm_Terrain_Test_129.pgm,129,129,80.000,12.000,20,4.000,2.000,200000,2.769,0.000,18.000,32.500,13.380,21660,65484,21658,68,34,144,39,0,0,0,0,8,1056.627,12.034,8.835,0.295,2.996,0.121,0.362,0.228,2.165,0.093,0.364,0.000,2.212,0.339,0.007,0.007,0.005,0.007,0.003,0.003,0.006,0.015,0.054,1.487,0.000,0.062,0.005,1.088,0.000,0.000,7334260,96,2.486,3.117,0.000,0.000,17
GPU ROAM-like,RelWithDebInfo,OpenGL,NVIDIA GeForce RTX 5090 D/PCIe/SSE2,4.3.0 NVIDIA 591.86,false,assets/heightmaps/Hm_Terrain_Test_129.pgm,129,129,80.000,12.000,20,4.000,2.000,200000,2.781,0.000,18.000,32.440,12.473,21646,65668,21644,92,46,106,48,0,0,0,0,8,129.713,12.235,8.126,0.256,3.018,0.105,0.356,0.214,1.708,0.117,0.367,0.000,1.984,1.174,0.007,0.009,0.006,0.007,0.003,0.003,0.006,0.015,0.056,1.467,0.260,0.061,0.005,0.939,0.000,0.000,7354868,96,2.039,3.122,0.000,0.000,17
GPU ROAM-like,RelWithDebInfo,OpenGL,NVIDIA GeForce RTX 5090 D/PCIe/SSE2,4.3.0 NVIDIA 591.86,false,assets/heightmaps/Hm_Terrain_Test_129.pgm,129,129,80.000,12.000,20,4.000,2.000,200000,2.794,0.000,18.000,32.379,12.665,21674,65860,21672,98,50,70,54,0,0,0,0,8,0.000,12.337,8.030,0.225,3.156,0.080,0.362,0.204,1.716,0.108,0.366,0.000,1.814,1.292,0.006,0.009,0.007,0.008,0.003,0.003,0.008,0.017,0.061,1.568,0.247,0.058,0.005,0.932,0.000,0.000,7376372,96,2.027,3.235,0.000,0.000,17
GPU ROAM-like,RelWithDebInfo,OpenGL,NVIDIA GeForce RTX 5090 D/PCIe/SSE2,4.3.0 NVIDIA 591.86,false,assets/heightmaps/Hm_Terrain_Test_129.pgm,129,129,80.000,12.000,20,4.000,2.000,200000,2.806,0.000,18.000,32.317,12.757,21684,66048,21682,94,47,84,53,0,0,0,0,8,126.675,12.537,8.564,0.232,3.360,0.092,0.364,0.215,1.911,0.119,0.366,0.000,1.905,0.998,0.007,0.008,0.007,0.008,0.003,0.003,0.007,0.015,0.058,1.484,0.259,0.058,0.005,0.953,0.000,0.000,7397428,96,2.245,3.452,0.000,0.000,17
GPU ROAM-like,RelWithDebInfo,OpenGL,NVIDIA GeForce RTX 5090 D/PCIe/SSE2,4.3.0 NVIDIA 591.86,false,assets/heightmaps/Hm_Terrain_Test_129.pgm,129,129,80.000,12.000,20,4.000,2.000,200000,2.819,0.000,18.000,32.254,12.985,21628,66196,21626,74,37,130,46,0,0,0,0,8,120.800,13.123,8.923,0.306,3.018,0.111,0.363,0.208,2.363,0.091,0.367,0.000,2.096,1.188,0.006,0.008,0.005,0.007,0.003,0.003,0.006,0.015,0.052,1.535,0.259,0.060,0.005,0.948,0.000,0.000,7414004,96,2.662,3.129,0.000,0.000,17
GPU ROAM-like,RelWithDebInfo,OpenGL,NVIDIA GeForce RTX 5090 D/PCIe/SSE2,4.3.0 NVIDIA 591.86,false,assets/heightmaps/Hm_Terrain_Test_129.pgm,129,129,80.000,12.000,20,4.000,2.000,200000,2.833,0.000,18.000,32.188,13.551,21634,66400,21632,102,51,96,53,0,0,0,0,8,122.553,12.941,8.733,0.300,3.051,0.090,0.362,0.214,1.990,0.130,0.366,0.000,2.230,1.183,0.007,0.006,0.005,0.006,0.003,0.003,0.006,0.015,0.050,1.536,0.261,0.062,0.004,0.954,0.000,0.000,7436852,96,2.334,3.141,0.000,0.000,17
GPU ROAM-like,RelWithDebInfo,OpenGL,NVIDIA GeForce RTX 5090 D/PCIe/SSE2,4.3.0 NVIDIA 591.86,false,assets/heightmaps/Hm_Terrain_Test_129.pgm,129,129,80.000,12.000,20,4.000,2.000,200000,2.846,0.000,18.000,32.123,13.367,21660,66608,21658,104,52,78,56,0,0,0,0,8,125.689,12.623,8.441,0.347,2.964,0.078,0.365,0.214,1.932,0.139,0.360,0.000,2.043,1.102,0.006,0.009,0.005,0.007,0.003,0.003,0.006,0.015,0.054,1.603,0.259,0.061,0.005,0.945,0.000,0.000,7460148,96,2.285,3.042,0.000,0.000,17
GPU ROAM-like,RelWithDebInfo,OpenGL,NVIDIA GeForce RTX 5090 D/PCIe/SSE2,4.3.0 NVIDIA 591.86,false,assets/heightmaps/Hm_Terrain_Test_129.pgm,129,129,80.000,12.000,20,4.000,2.000,200000,2.859,0.000,18.000,32.059,13.047,21662,66792,21660,92,46,90,53,0,0,0,0,8,121.501,13.065,8.649,0.240,3.138,0.097,0.362,0.209,2.153,0.120,0.366,0.000,1.963,1.224,0.006,0.007,0.008,0.009,0.003,0.003,0.006,0.015,0.057,1.478,0.314,0.068,0.005,1.106,0.000,0.000,7480756,96,2.482,3.235,0.000,0.000,17
GPU ROAM-like,RelWithDebInfo,OpenGL,NVIDIA GeForce RTX 5090 D/PCIe/SSE2,4.3.0 NVIDIA 591.86,false,assets/heightmaps/Hm_Terrain_Test_129.pgm,129,129,80.000,12.000,20,4.000,2.000,200000,2.873,0.000,18.000,31.992,13.568,21622,66996,21620,102,51,142,59,0,0,0,0,8,113.266,13.999,8.825,0.488,3.079,0.130,0.361,0.286,1.771,0.127,0.364,0.000,2.218,1.217,0.007,0.007,0.006,0.007,0.003,0.003,0.006,0.016,0.055,1.509,1.019,0.063,0.005,1.142,0.000,0.000,7503604,96,2.184,3.209,0.000,0.000,17
GPU ROAM-like,RelWithDebInfo,OpenGL,NVIDIA GeForce RTX 5090 D/PCIe/SSE2,4.3.0 NVIDIA 591.86,false,assets/heightmaps/Hm_Terrain_Test_129.pgm,129,129,80.000,12.000,20,4.000,2.000,200000,2.887,0.000,18.000,31.921,14.428,21666,67236,21664,120,60,76,71,0,0,0,0,8,123.484,12.853,8.729,0.361,2.997,0.082,0.363,0.213,2.164,0.139,0.362,0.000,2.047,1.037,0.007,0.007,0.005,0.007,0.003,0.003,0.006,0.015,0.054,1.522,0.279,0.106,0.005,0.962,0.000,0.000,7530484,96,2.517,3.079,0.000,0.000,17
GPU ROAM-like,RelWithDebInfo,OpenGL,NVIDIA GeForce RTX 5090 D/PCIe/SSE2,4.3.0 NVIDIA 591.86,false,assets/heightmaps/Hm_Terrain_Test_129.pgm,129,129,80.000,12.000,20,4.000,2.000,200000,2.901,0.000,18.000,31.856,13.273,21670,67420,21668,92,46,88,51,0,0,0,0,8,0.000,13.346,8.975,0.289,3.125,0.081,0.362,0.209,2.253,0.116,0.366,0.000,2.172,1.303,0.006,0.009,0.007,0.008,0.003,0.003,0.006,0.015,0.057,1.572,0.267,0.058,0.005,0.948,0.000,0.000,7551092,96,2.579,3.207,0.000,0.000,17
GPU ROAM-like,RelWithDebInfo,OpenGL,NVIDIA GeForce RTX 5090 D/PCIe/SSE2,4.3.0 NVIDIA 591.86,false,assets/heightmaps/Hm_Terrain_Test_129.pgm,129,129,80.000,12.000,20,4.000,2.000,200000,2.914,0.000,18.000,31.788,13.763,21624,67576,21622,78,39,124,43,0,0,0,0,8,732.479,12.998,8.783,0.313,3.120,0.118,0.364,0.411,1.928,0.115,0.366,0.000,2.048,1.200,0.007,0.007,0.006,0.007,0.003,0.003,0.006,0.015,0.054,1.500,0.273,0.058,0.005,0.965,0.000,0.000,7568564,96,2.454,3.238,0.000,0.000,17
GPU ROAM-like,RelWithDebInfo,OpenGL,NVIDIA GeForce RTX 5090 D/PCIe/SSE2,4.3.0 NVIDIA 591.86,false,assets/heightmaps/Hm_Terrain_Test_129.pgm,129,129,80.000,12.000,20,4.000,2.000,200000,2.928,0.000,18.000,31.721,13.423,21644,67816,21642,120,60,100,73,0,0,0,0,8,119.656,13.252,9.144,0.349,3.066,0.095,0.362,0.409,2.125,0.145,0.367,0.000,2.225,1.065,0.007,0.007,0.006,0.007,0.003,0.003,0.006,0.015,0.055,1.541,0.263,0.060,0.005,0.965,0.000,0.000,7595444,96,2.680,3.161,0.000,0.000,17
GPU ROAM-like,RelWithDebInfo,OpenGL,NVIDIA GeForce RTX 5090 D/PCIe/SSE2,4.3.0 NVIDIA 591.86,false,assets/heightmaps/Hm_Terrain_Test_129.pgm,129,129,80.000,12.000,20,4.000,2.000,200000,2.942,0.000,18.000,31.653,13.701,21658,67996,21656,90,45,76,54,0,0,0,0,8,485.659,13.075,8.818,0.312,3.348,0.074,0.362,0.331,1.890,0.118,0.369,0.000,2.013,1.214,0.006,0.009,0.008,0.009,0.003,0.003,0.007,0.017,0.061,1.530,0.263,0.062,0.005,0.962,0.000,0.000,7615604,96,2.339,3.422,0.000,0.000,17
GPU ROAM-like,RelWithDebInfo,OpenGL,NVIDIA GeForce RTX 5090 D/PCIe/SSE2,4.3.0 NVIDIA 591.86,false,assets/heightmaps/Hm_Terrain_Test_129.pgm,129,129,80.000,12.000,20,4.000,2.000,200000,2.955,0.000,18.000,31.584,13.851,21669,68248,21667,126,63,115,69,0,0,0,0,8,471.286,13.469,9.178,0.426,3.112,0.102,0.379,0.222,2.240,0.157,0.362,0.000,2.178,1.208,0.007,0.006,0.005,0.007,0.003,0.003,0.006,0.015,0.052,1.534,0.280,0.063,0.005,0.976,0.000,0.000,7643828,96,2.619,3.214,0.000,0.000,17
GPU ROAM-like,RelWithDebInfo,OpenGL,NVIDIA GeForce RTX 5090 D/PCIe/SSE2,4.3.0 NVIDIA 591.86,false,assets/heightmaps/Hm_Terrain_Test_129.pgm,129,129,80.000,12.000,20,4.000,2.000,200000,2.969,0.000,18.000,31.514,13.911,21694,68490,21692,121,60,96,68,0,0,0,0,8,115.778,13.697,9.382,0.387,3.229,0.096,0.361,0.386,2.267,0.153,0.366,0.000,2.135,1.234,0.007,0.008,0.005,0.006,0.003,0.003,0.006,0.015,0.053,1.560,0.262,0.063,0.005,0.974,0.000,0.000,7670932,96,2.806,3.326,0.000,0.000,17
GPU ROAM-like,RelWithDebInfo,OpenGL,NVIDIA GeForce RTX 5090 D/PCIe/SSE2,4.3.0 NVIDIA 591.86,false,assets/heightmaps/Hm_Terrain_Test_129.pgm,129,129,80.000,12.000,20,4.000,2.000,200000,2.983,0.000,18.000,31.443,14.130,21693,68744,21691,127,63,128,73,0,0,0,0,8,114.184,13.887,9.385,0.326,3.004,0.110,0.362,0.418,2.530,0.166,0.366,0.000,2.101,1.341,0.006,0.009,0.007,0.008,0.003,0.003,0.008,0.017,0.061,1.622,0.262,0.065,0.006,0.988,0.000,0.000,7699380,96,3.114,3.114,0.000,0.000,17
GPU ROAM-like,RelWithDebInfo,OpenGL,NVIDIA GeForce RTX 5090 D/PCIe/SSE2,4.3.0 NVIDIA 591.86,false,assets/heightmaps/Hm_Terrain_Test_129.pgm,129,129,80.000,12.000,20,4.000,2.000,200000,2.998,0.000,18.000,31.371,14.318,21686,68932,21684,94,47,101,49,0,0,0,0,8,116.295,13.634,9.217,0.386,3.342,0.094,0.368,0.236,1.754,0.124,0.368,0.000,2.545,1.152,0.007,0.008,0.005,0.006,0.003,0.003,0.006,0.015,0.053,1.726,0.279,0.065,0.005,0.975,0.000,0.000,7720436,96,2.114,3.436,0.000,0.000,17
GPU ROAM-like,RelWithDebInfo,OpenGL,NVIDIA GeForce RTX 5090 D/PCIe/SSE2,4.3.0 NVIDIA 591.86,false,assets/heightmaps/Hm_Terrain_Test_129.pgm,129,129,80.000,12.000,20,4.000,2.000,200000,3.012,0.000,18.000,31.300,14.060,21590,69124,21588,96,48,192,56,0,0,0,0,8,0.000,11.677,8.342,0.310,3.060,0.152,0.362,0.212,1.782,0.120,0.366,0.000,1.979,0.348,0.006,0.010,0.005,0.007,0.003,0.003,0.006,0.015,0.055,1.563,0.000,0.054,0.005,1.144,0.000,0.000,7741940,96,2.114,3.212,0.000,0.000,17
GPU ROAM-like,RelWithDebInfo,OpenGL,NVIDIA GeForce RTX 5090 D/PCIe/SSE2,4.3.0 NVIDIA 591.86,false,assets/heightmaps/Hm_Terrain_Test_129.pgm,129,129,80.000,12.000,20,4.000,2.000,200000,3.024,0.000,18.000,31.239,12.111,21570,69320,21568,98,49,118,55,0,0,0,0,8,984.112,12.904,8.420,0.268,3.090,0.114,0.362,0.204,1.852,0.111,0.362,0.000,2.057,1.307,0.007,0.007,0.005,0.007,0.003,0.003,0.007,0.015,0.055,1.613,0.289,0.062,0.005,0.988,0.000,0.000,7763892,96,2.167,3.204,0.000,0.000,17
GPU ROAM-like,RelWithDebInfo,OpenGL,NVIDIA GeForce RTX 5090 D/PCIe/SSE2,4.3.0 NVIDIA 591.86,false,assets/heightmaps/Hm_Terrain_Test_129.pgm,129,129,80.000,12.000,20,4.000,2.000,200000,3.037,0.000,18.000,31.171,13.352,21556,69524,21554,102,51,116,60,0,0,0,0,8,117.642,13.481,9.137,0.262,3.193,0.115,0.361,0.213,2.437,0.129,0.363,0.000,2.065,1.251,0.007,0.008,0.006,0.007,0.003,0.003,0.006,0.015,0.055,1.559,0.274,0.063,0.005,0.978,0.000,0.000,7786740,96,2.779,3.308,0.000,0.000,17
GPU ROAM-like,RelWithDebInfo,OpenGL,NVIDIA GeForce RTX 5090 D/PCIe/SSE2,4.3.0 NVIDIA 591.86,false,assets/heightmaps/Hm_Terrain_Test_129.pgm,129,129,80.000,12.000,20,4.000,2.000,200000,3.051,0.000,18.000,31.101,13.928,21522,69752,21520,114,57,148,72,0,0,0,0,8,515.226,12.325,8.127,0.304,3.074,0.144,0.360,0.205,1.485,0.156,0.365,0.000,2.034,1.059,0.006,0.010,0.007,0.009,0.003,0.003,0.008,0.017,0.063,1.597,0.271,0.064,0.005,0.992,0.000,0.000,7812276,96,1.846,3.217,0.000,0.000,17
GPU ROAM-like,RelWithDebInfo,OpenGL,NVIDIA GeForce RTX 5090 D/PCIe/SSE2,4.3.0 NVIDIA 591.86,false,assets/heightmaps/Hm_Terrain_Test_129.pgm,129,129,80.000,12.000,20,4.000,2.000,200000,3.064,0.000,18.000,31.036,12.762,21529,69904,21527,76,38,69,43,0,0,0,0,8,117.315,13.522,9.142,0.247,3.663,0.084,0.362,0.210,1.966,0.100,0.365,0.000,2.144,1.266,0.006,0.008,0.006,0.007,0.003,0.003,0.006,0.015,0.053,1.567,0.285,0.065,0.005,0.973,0.000,0.000,7829300,96,2.276,3.748,0.000,0.000,17
GPU ROAM-like,RelWithDebInfo,OpenGL,NVIDIA GeForce RTX 5090 D/PCIe/SSE2,4.3.0 NVIDIA 591.86,false,assets/heightmaps/Hm_Terrain_Test_129.pgm,129,129,80.000,12.000,20,4.000,2.000,200000,3.078,0.000,18.000,30.964,13.949,21515,70148,21513,122,61,136,69,0,0,0,0,8,115.821,13.691,9.353,0.265,3.728,0.139,0.361,0.395,1.807,0.150,0.374,0.000,2.135,1.240,0.007,0.008,0.005,0.006,0.003,0.003,0.006,0.016,0.054,1.570,0.282,0.068,0.005,0.959,0.000,0.000,7856628,96,2.352,3.867,0.000,0.000,17
GPU ROAM-like,RelWithDebInfo,OpenGL,NVIDIA GeForce RTX 5090 D/PCIe/SSE2,4.3.0 NVIDIA 591.86,false,assets/heightmaps/Hm_Terrain_Test_129.pgm,129,129,80.000,12.000,20,4.000,2.000,200000,3.092,0.000,18.000,30.892,14.120,21529,70380,21527,116,58,102,66,0,0,0,0,8,120.645,13.147,8.990,0.233,3.659,0.103,0.360,0.205,1.922,0.134,0.364,0.000,2.010,1.083,0.007,0.007,0.005,0.007,0.003,0.003,0.006,0.016,0.055,1.593,0.271,0.059,0.005,0.936,0.000,0.000,7882612,96,2.261,3.762,0.000,0.000,17
GPU ROAM-like,RelWithDebInfo,OpenGL,NVIDIA GeForce RTX 5090 D/PCIe/SSE2,4.3.0 NVIDIA 591.86,false,assets/heightmaps/Hm_Terrain_Test_129.pgm,129,129,80.000,12.000,20,4.000,2.000,200000,3.106,0.000,18.000,30.822,13.569,21529,70560,21527,90,45,90,49,0,0,0,0,8,0.000,13.184,8.627,0.210,3.247,0.095,0.362,0.207,2.063,0.112,0.365,0.000,1.966,1.271,0.007,0.008,0.007,0.008,0.003,0.003,0.008,0.017,0.060,1.623,0.315,0.063,0.004,1.064,0.000,0.000,7902772,96,2.382,3.342,0.000,0.000,17
GPU ROAM-like,RelWithDebInfo,OpenGL,NVIDIA GeForce RTX 5090 D/PCIe/SSE2,4.3.0 NVIDIA 591.86,false,assets/heightmaps/Hm_Terrain_Test_129.pgm,129,129,80.000,12.000,20,4.000,2.000,200000,3.119,0.000,18.000,30.752,13.616,21555,70792,21553,116,58,90,66,0,0,0,0,8,110.555,14.339,9.745,0.319,3.436,0.110,0.362,0.208,2.213,0.220,0.618,0.000,2.259,1.340,0.007,0.008,0.006,0.006,0.003,0.003,0.006,0.015,0.054,1.607,0.288,0.065,0.005,1.067,0.000,0.000,7928756,96,2.640,3.546,0.000,0.000,17
GPU ROAM-like,RelWithDebInfo,OpenGL,NVIDIA GeForce RTX 5090 D/PCIe/SSE2,4.3.0 NVIDIA 591.86,false,assets/heightmaps/Hm_Terrain_Test_129.pgm,129,129,80.000,12.000,20,4.000,2.000,200000,3.134,0.000,18.000,30.676,14.776,21550,71012,21548,110,55,115,67,0,0,0,0,8,116.304,13.650,9.175,0.269,3.072,0.132,0.363,0.441,2.227,0.142,0.365,0.000,2.164,1.254,0.007,0.008,0.005,0.006,0.003,0.003,0.006,0.015,0.054,1.583,0.313,0.067,0.005,1.022,0.000,0.000,7953396,96,2.810,3.203,0.000,0.000,17
GPU ROAM-like,RelWithDebInfo,OpenGL,NVIDIA GeForce RTX 5090 D/PCIe/SSE2,4.3.0 NVIDIA 591.86,false,assets/heightmaps/Hm_Terrain_Test_129.pgm,129,129,80.000,12.000,20,4.000,2.000,200000,3.148,0.000,18.000,30.603,14.094,21546,71268,21544,128,64,132,69,0,0,0,0,8,235.805,13.448,9.065,0.287,3.072,0.118,0.363,0.380,2.116,0.156,0.370,0.000,2.200,1.257,0.006,0.009,0.007,0.008,0.003,0.003,0.008,0.017,0.060,1.568,0.278,0.064,0.005,0.998,0.000,0.000,7982068,96,2.653,3.191,0.000,0.000,17
GPU ROAM-like,RelWithDebInfo,OpenGL,NVIDIA GeForce RTX 5090 D/PCIe/SSE2,4.3.0 NVIDIA 591.86,false,assets/heightmaps/Hm_Terrain_Test_129.pgm,129,129,80.000,12.000,20,4.000,2.000,200000,3.162,0.000,18.000,30.531,13.893,21502,71468,21500,100,50,144,63,0,0,0,0,8,118.848,13.337,9.115,0.252,3.117,0.139,0.364,0.396,2.312,0.116,0.363,0.000,2.055,1.079,0.007,0.008,0.005,0.007,0.003,0.003,0.006,0.015,0.054,1.586,0.296,0.061,0.005,0.990,0.000,0.000,8004468,96,2.823,3.256,0.000,0.000,17
GPU ROAM-like,RelWithDebInfo,OpenGL,NVIDIA GeForce RTX 5090 D/PCIe/SSE2,4.3.0 NVIDIA 591.86,false,assets/heightmaps/Hm_Terrain_Test_129.pgm,129,129,80.000,12.000,20,4.000,2.000,200000,3.176,0.000,18.000,30.460,13.767,21408,71700,21406,116,58,210,70,0,0,0,0,8,238.081,13.316,9.063,0.285,3.236,0.161,0.360,0.378,2.114,0.141,0.362,0.000,2.027,1.085,0.007,0.008,0.005,0.007,0.003,0.003,0.006,0.015,0.053,1.636,0.283,0.062,0.005,0.976,0.000,0.000,8030452,96,2.633,3.397,0.000,0.000,17
GPU ROAM-like,RelWithDebInfo,OpenGL,NVIDIA GeForce RTX 5090 D/PCIe/SSE2,4.3.0 NVIDIA 591.86,false,assets/heightmaps/Hm_Terrain_Test_129.pgm,129,129,80.000,12.000,20,4.000,2.000,200000,3.190,0.000,18.000,30.388,13.788,21458,71924,21456,112,56,62,65,0,0,0,0,8,115.310,13.769,9.240,0.246,3.357,0.063,0.360,0.401,1.905,0.145,0.368,0.000,2.395,1.316,0.007,0.006,0.006,0.007,0.003,0.003,0.006,0.016,0.054,1.649,0.303,0.069,0.005,0.949,0.000,0.000,8055540,96,2.450,3.420,0.000,0.000,17
GPU ROAM-like,RelWithDebInfo,OpenGL,NVIDIA GeForce RTX 5090 D/PCIe/SSE2,4.3.0 NVIDIA 591.86,false,assets/heightmaps/Hm_Terrain_Test_129.pgm,129,129,80.000,12.000,20,4.000,2.000,200000,3.204,0.000,18.000,30.314,14.250,21480,72100,21478,88,44,66,50,0,0,0,0,8,113.073,14.019,9.448,0.526,3.742,0.081,0.358,0.218,1.544,0.125,0.365,0.000,2.490,1.266,0.007,0.006,0.006,0.007,0.003,0.003,0.006,0.015,0.053,1.640,0.279,0.064,0.005,1.100,0.000,0.000,8075252,96,1.886,3.823,0.000,0.000,17
GPU ROAM-like,RelWithDebInfo,OpenGL,NVIDIA GeForce RTX 5090 D/PCIe/SSE2,4.3.0 NVIDIA 591.86,false,assets/heightmaps/Hm_Terrain_Test_129.pgm,129,129,80.000,12.000,20,4.000,2.000,200000,3.218,0.000,18.000,30.238,14.486,21513,72370,21511,135,67,102,73,0,0,0,0,8,125.301,12.673,8.030,0.341,3.010,0.106,0.362,0.203,1.381,0.162,0.372,0.000,2.094,1.319,0.006,0.007,0.007,0.008,0.003,0.003,0.008,0.017,0.059,1.695,0.285,0.062,0.005,1.059,0.000,0.000,8105492,96,1.745,3.115,0.000,0.000,17
GPU ROAM-like,RelWithDebInfo,OpenGL,NVIDIA GeForce RTX 5090 D/PCIe/SSE2,4.3.0 NVIDIA 591.86,false,assets/heightmaps/Hm_Terrain_Test_129.pgm,129,129,80.000,12.000,20,4.000,2.000,200000,3.231,0.000,18.000,30.169,13.127,21500,72560,21498,95,47,108,50,0,0,0,0,8,116.959,13.568,8.993,0.269,3.753,0.109,0.362,0.203,1.713,0.117,0.366,0.000,2.100,1.278,0.007,0.008,0.007,0.009,0.003,0.003,0.008,0.017,0.061,1.666,0.294,0.065,0.005,1.042,0.000,0.000,8126772,96,2.033,3.862,0.000,0.000,17
GPU ROAM-like,RelWithDebInfo,OpenGL,NVIDIA GeForce RTX 5090 D/PCIe/SSE2,4.3.0 NVIDIA 591.86,false,assets/heightmaps/Hm_Terrain_Test_129.pgm,129,129,80.000,12.000,20,4.000,2.000,200000,3.245,0.000,18.000,30.095,14.022,21527,72768,21525,104,52,77,55,0,0,0,0,8,0.000,12.936,8.604,0.368,3.145,0.085,0.362,0.204,1.845,0.142,0.365,0.000,2.087,1.115,0.007,0.008,0.005,0.007,0.003,0.003,0.006,0.015,0.054,1.635,0.283,0.058,0.005,1.024,0.000,0.000,8150068,96,2.191,3.230,0.000,0.000,17
GPU ROAM-like,RelWithDebInfo,OpenGL,NVIDIA GeForce RTX 5090 D/PCIe/SSE2,4.3.0 NVIDIA 591.86,false,assets/heightmaps/Hm_Terrain_Test_129.pgm,129,129,80.000,12.000,20,4.000,2.000,200000,3.260,0.000,18.000,30.019,14.500,21437,72972,21435,102,51,192,62,0,0,0,0,8,0.000,13.930,9.358,0.392,2.974,0.172,0.361,0.376,2.212,0.163,0.366,0.000,2.342,1.247,0.007,0.009,0.006,0.007,0.003,0.003,0.006,0.015,0.057,1.748,0.297,0.065,0.005,0.975,0.000,0.000,8172916,96,2.751,3.146,0.000,0.000,17
GPU ROAM-like,RelWithDebInfo,OpenGL,NVIDIA GeForce RTX 5090 D/PCIe/SSE2,4.3.0 NVIDIA 591.86,false,assets/heightmaps/Hm_Terrain_Test_129.pgm,129,129,80.000,12.000,20,4.000,2.000,200000,3.274,0.000,18.000,29.943,14.398,21425,73256,21423,142,71,154,77,0,0,0,0,8,114.192,13.901,9.158,0.365,3.147,0.148,0.358,0.316,2.128,0.173,0.365,0.000,2.158,1.419,0.007,0.009,0.006,0.006,0.003,0.003,0.007,0.015,0.056,1.753,0.283,0.066,0.005,0.982,0.000,0.000,8204724,96,2.617,3.295,0.000,0.000,17
GPU ROAM-like,RelWithDebInfo,OpenGL,NVIDIA GeForce RTX 5090 D/PCIe/SSE2,4.3.0 NVIDIA 591.86,false,assets/heightmaps/Hm_Terrain_Test_129.pgm,129,129,80.000,12.000,20,4.000,2.000,200000,3.289,0.000,18.000,29.867,14.352,21427,73440,21425,92,46,90,56,0,0,0,0,8,338.563,14.063,9.306,0.485,3.109,0.099,0.359,0.321,1.975,0.127,0.365,0.000,2.468,1.377,0.006,0.009,0.005,0.007,0.003,0.003,0.006,0.015,0.054,1.809,0.288,0.065,0.005,0.980,0.000,0.000,8225332,96,2.422,3.208,0.000,0.000,17
GPU ROAM-like,RelWithDebInfo,OpenGL,NVIDIA GeForce RTX 5090 D/PCIe/SSE2,4.3.0 NVIDIA 591.86,false,assets/heightmaps/Hm_Terrain_Test_129.pgm,129,129,80.000,12.000,20,4.000,2.000,200000,3.303,0.000,18.000,29.790,14.509,21405,73628,21403,94,47,116,55,0,0,0,0,8,111.001,14.285,9.668,0.463,3.029,0.116,0.359,0.411,2.010,0.125,0.364,0.000,2.790,1.158,0.016,0.009,0.006,0.007,0.003,0.003,0.006,0.015,0.066,1.776,0.297,0.064,0.006,1.091,0.000,0.000,8246388,96,2.545,3.145,0.000,0.000,17
GPU ROAM-like,RelWithDebInfo,OpenGL,NVIDIA GeForce RTX 5090 D/PCIe/SSE2,4.3.0 NVIDIA 591.86,false,assets/heightmaps/Hm_Terrain_Test_129.pgm,129,129,80.000,12.000,20,4.000,2.000,200000,3.318,0.000,18.000,29.712,14.722,21387,73800,21385,86,43,104,47,0,0,0,0,8,113.682,13.956,9.300,0.330,3.565,0.106,0.358,0.212,1.993,0.136,0.361,0.000,2.238,1.338,0.006,0.010,0.007,0.008,0.003,0.003,0.006,0.015,0.058,1.654,0.290,0.063,0.006,1.077,0.000,0.000,8265652,96,2.342,3.670,0.000,0.000,17
GPU ROAM-like,RelWithDebInfo,OpenGL,NVIDIA GeForce RTX 5090 D/PCIe/SSE2,4.3.0 NVIDIA 591.86,false,assets/heightmaps/Hm_Terrain_Test_129.pgm,129,129,80.000,12.000,20,4.000,2.000,200000,3.332,0.000,18.000,29.635,14.391,21387,74052,21385,126,63,126,73,0,0,0,0,8,561.299,14.132,9.535,0.350,3.325,0.114,0.359,0.332,2.305,0.160,0.362,0.000,2.228,1.297,0.006,0.008,0.005,0.007,0.003,0.003,0.006,0.015,0.053,1.660,0.292,0.063,0.005,1.051,0.000,0.000,8293876,96,2.797,3.440,0.000,0.000,17
GPU ROAM-like,RelWithDebInfo,OpenGL,NVIDIA GeForce RTX 5090 D/PCIe/SSE2,4.3.0 NVIDIA 591.86,false,assets/heightmaps/Hm_Terrain_Test_129.pgm,129,129,80.000,12.000,20,4.000,2.000,200000,3.347,0.000,18.000,29.557,14.563,21409,74280,21407,114,57,92,68,0,0,0,0,8,230.225,13.787,9.138,0.366,3.000,0.088,0.414,0.211,2.328,0.147,0.357,0.000,2.227,1.309,0.006,0.009,0.005,0.006,0.003,0.003,0.006,0.015,0.055,1.702,0.301,0.062,0.004,1.042,0.000,0.000,8319412,96,2.686,3.088,0.000,0.000,17
GPU ROAM-like,RelWithDebInfo,OpenGL,NVIDIA GeForce RTX 5090 D/PCIe/SSE2,4.3.0 NVIDIA 591.86,false,assets/heightmaps/Hm_Terrain_Test_129.pgm,129,129,80.000,12.000,20,4.000,2.000,200000,3.361,0.000,18.000,29.481,14.220,21445,74556,21443,138,69,102,81,0,0,0,0,8,111.264,14.261,9.573,0.357,4.008,0.101,0.361,0.390,1.653,0.171,0.364,0.000,2.167,1.320,0.007,0.007,0.007,0.009,0.003,0.003,0.007,0.018,0.061,1.759,0.300,0.067,0.005,1.002,0.000,0.000,8350324,96,2.215,4.109,0.000,0.000,17
GPU ROAM-like,RelWithDebInfo,OpenGL,NVIDIA GeForce RTX 5090 D/PCIe/SSE2,4.3.0 NVIDIA 591.86,false,assets/heightmaps/Hm_Terrain_Test_129.pgm,129,129,80.000,12.000,20,4.000,2.000,200000,3.376,0.000,18.000,29.402,14.700,21453,74776,21451,110,55,102,61,0,0,0,0,8,106.722,14.845,10.111,0.467,3.845,0.102,0.363,0.216,2.150,0.155,0.363,0.000,2.450,1.312,0.007,0.006,0.005,0.007,0.003,0.003,0.006,0.015,0.053,1.696,0.303,0.064,0.005,1.132,0.000,0.000,8374964,96,2.520,3.947,0.000,0.000,17
GPU ROAM-like,RelWithDebInfo,OpenGL,NVIDIA GeForce RTX 5090 D/PCIe/SSE2,4.3.0 NVIDIA 591.86,false,assets/heightmaps/Hm_Terrain_Test_129.pgm,129,129,80.000,12.000,20,4.000,2.000,200000,3.391,0.000,18.000,29.320,15.279,21455,75000,21453,112,56,110,60,0,0,0,0,8,114.877,13.809,9.129,0.284,3.083,0.107,0.360,0.213,2.248,0.140,0.365,0.000,2.329,1.313,0.008,0.007,0.005,0.007,0.003,0.003,0.006,0.015,0.054,1.670,0.302,0.064,0.005,1.101,0.000,0.000,8400052,96,2.601,3.190,0.000,0.000,17
GPU ROAM-like,RelWithDebInfo,OpenGL,NVIDIA GeForce RTX 5090 D/PCIe/SSE2,4.3.0 NVIDIA 591.86,false,assets/heightmaps/Hm_Terrain_Test_129.pgm,129,129,80.000,12.000,20,4.000,2.000,200000,3.405,0.000,18.000,29.244,14.255,21360,75172,21358,86,43,181,49,0,0,0,0,8,119.457,13.297,9.751,0.293,3.445,0.175,0.401,0.403,2.293,0.121,0.363,0.000,2.257,0.376,0.007,0.007,0.005,0.007,0.003,0.003,0.006,0.015,0.053,1.667,0.000,0.062,0.005,1.206,0.000,0.000,8419316,96,2.816,3.620,0.000,0.000,17
GPU ROAM-like,RelWithDebInfo,OpenGL,NVIDIA GeForce RTX 5090 D/PCIe/SSE2,4.3.0 NVIDIA 591.86,false,assets/heightmaps/Hm_Terrain_Test_129.pgm,129,129,80.000,12.000,20,4.000,2.000,200000,3.419,0.000,18.000,29.169,13.749,21382,75384,21380,106,53,84,62,0,0,0,0,8,108.715,14.596,10.133,0.261,3.981,0.106,0.387,0.388,2.382,0.138,0.373,0.000,2.118,1.161,0.007,0.009,0.006,0.007,0.003,0.003,0.006,0.016,0.055,1.682,0.304,0.068,0.005,1.004,0.000,0.000,8443060,96,2.908,4.087,0.000,0.000,17
GPU ROAM-like,RelWithDebInfo,OpenGL,NVIDIA GeForce RTX 5090 D/PCIe/SSE2,4.3.0 NVIDIA 591.86,false,assets/heightmaps/Hm_Terrain_Test_129.pgm,129,129,80.000,12.000,20,4.000,2.000,200000,3.434,0.000,18.000,29.088,15.058,21358,75604,21356,110,55,134,62,0,0,0,0,8,112.830,14.066,9.316,0.434,3.070,0.138,0.358,0.398,2.150,0.141,0.363,0.000,2.263,1.340,0.007,0.007,0.006,0.007,0.003,0.003,0.006,0.015,0.053,1.692,0.300,0.066,0.005,1.112,0.000,0.000,8467700,96,2.689,3.208,0.000,0.000,17
GPU ROAM-like,RelWithDebInfo,OpenGL,NVIDIA GeForce RTX 5090 D/PCIe/SSE2,4.3.0 NVIDIA 591.86,false,assets/heightmaps/Hm_Terrain_Test_129.pgm,129,129,80.000,12.000,20,4.000,2.000,200000,3.449,0.000,18.000,29.009,14.521,21338,75800,21336,98,49,118,57,0,0,0,0,8,0.000,14.071,8.999,0.448,2.953,0.111,0.358,0.318,1.975,0.178,0.363,0.000,2.296,1.513,0.008,0.007,0.005,0.007,0.003,0.003,0.006,0.015,0.054,1.891,0.280,0.069,0.005,1.069,0.000,0.000,8489652,96,2.471,3.063,0.000,0.000,17
GPU ROAM-like,RelWithDebInfo,OpenGL,NVIDIA GeForce RTX 5090 D/PCIe/SSE2,4.3.0 NVIDIA 591.86,false,assets/heightmaps/Hm_Terrain_Test_129.pgm,129,129,80.000,12.000,20,4.000,2.000,200000,3.463,0.000,18.000,28.930,14.524,21337,75992,21335,96,47,97,59,0,0,0,0,8,0.000,13.791,9.198,0.392,3.101,0.107,0.359,0.214,2.181,0.125,0.361,0.000,2.359,1.167,0.007,0.005,0.005,0.007,0.003,0.003,0.006,0.014,0.049,1.763,0.311,0.065,0.006,1.037,0.000,0.000,8511156,96,2.520,3.208,0.000,0.000,17
GPU ROAM-like,RelWithDebInfo,OpenGL,NVIDIA GeForce RTX 5090 D/PCIe/SSE2,4.3.0 NVIDIA 591.86,false,assets/heightmaps/Hm_Terrain_Test_129.pgm,129,129,80.000,12.000,20,4.000,2.000,200000,3.477,0.000,18.000,28.853,14.244,21343,76240,21341,124,62,118,68,0,0,0,0,8,110.292,14.386,9.530,0.479,3.254,0.115,0.361,0.398,2.236,0.202,0.363,0.000,2.123,1.393,0.006,0.008,0.005,0.007,0.003,0.003,0.007,0.015,0.053,1.679,0.342,0.066,0.005,1.136,0.000,0.000,8538932,96,2.836,3.369,0.000,0.000,17
GPU ROAM-like,RelWithDebInfo,OpenGL,NVIDIA GeForce RTX 5090 D/PCIe/SSE2,4.3.0 NVIDIA 591.86,false,assets/heightmaps/Hm_Terrain_Test_129.pgm,129,129,80.000,12.000,20,4.000,2.000,200000,3.492,0.000,18.000,28.772,14.830,21327,76488,21325,124,62,140,70,0,0,0,0,8,657.655,14.480,9.588,0.451,3.389,0.134,0.358,0.214,1.974,0.170,0.363,0.000,2.534,1.390,0.007,0.008,0.006,0.007,0.003,0.003,0.006,0.015,0.054,1.767,0.314,0.068,0.006,1.105,0.000,0.000,8566708,96,2.359,3.523,0.000,0.000,17
GPU ROAM-like,RelWithDebInfo,OpenGL,NVIDIA GeForce RTX 5090 D/PCIe/SSE2,4.3.0 NVIDIA 591.86,false,assets/heightmaps/Hm_Terrain_Test_129.pgm,129,129,80.000,12.000,20,4.000,2.000,200000,3.507,0.000,18.000,28.691,14.918,21326,76700,21324,106,53,107,62,0,0,0,0,8,112.137,14.150,9.483,0.506,3.449,0.103,0.359,0.205,1.988,0.135,0.361,0.000,2.376,1.195,0.007,0.008,0.006,0.006,0.003,0.003,0.006,0.015,0.055,1.801,0.306,0.061,0.005,1.069,0.000,0.000,8590452,96,2.328,3.553,0.000,0.000,17
GPU ROAM-like,RelWithDebInfo,OpenGL,NVIDIA GeForce RTX 5090 D/PCIe/SSE2,4.3.0 NVIDIA 591.86,false,assets/heightmaps/Hm_Terrain_Test_129.pgm,129,129,80.000,12.000,20,4.000,2.000,200000,3.522,0.000,18.000,28.611,14.582,21314,76900,21312,100,50,112,58,0,0,0,0,8,112.719,14.073,9.368,0.369,3.131,0.114,0.359,0.390,2.285,0.130,0.361,0.000,2.228,1.362,0.007,0.009,0.007,0.009,0.003,0.003,0.008,0.017,0.063,1.717,0.300,0.066,0.005,1.029,0.000,0.000,8612852,96,2.804,3.245,0.000,0.000,17
GPU ROAM-like,RelWithDebInfo,OpenGL,NVIDIA GeForce RTX 5090 D/PCIe/SSE2,4.3.0 NVIDIA 591.86,false,assets/heightmaps/Hm_Terrain_Test_129.pgm,129,129,80.000,12.000,20,4.000,2.000,200000,3.536,0.000,18.000,28.531,14.514,21306,77144,21304,122,61,130,75,0,0,0,0,8,112.113,14.167,9.163,0.363,3.301,0.142,0.358,0.416,1.796,0.153,0.364,0.000,2.270,1.474,0.008,0.007,0.006,0.007,0.003,0.003,0.006,0.015,0.055,1.803,0.297,0.060,0.005,1.119,0.000,0.000,8640180,96,2.364,3.444,0.000,0.000,17
GPU ROAM-like,RelWithDebInfo,OpenGL,NVIDIA GeForce RTX 5090 D/PCIe/SSE2,4.3.0 NVIDIA 591.86,false,assets/heightmaps/Hm_Terrain_Test_129.pgm,129,129,80.000,12.000,20,4.000,2.000,200000,3.551,0.000,18.000,28.451,14.601,21356,77428,21354,142,71,92,91,0,0,0,0,8,325.690,14.612,9.429,0.269,3.109,0.105,0.361,0.402,2.517,0.169,0.363,0.000,2.134,1.753,0.008,0.008,0.005,0.007,0.003,0.003,0.006,0.015,0.055,1.698,0.322,0.067,0.005,1.101,0.000,0.000,8671988,96,3.088,3.214,0.000,0.000,17
GPU ROAM-like,RelWithDebInfo,OpenGL,NVIDIA GeForce RTX 5090 D/PCIe/SSE2,4.3.0 NVIDIA 591.86,false,assets/heightmaps/Hm_Terrain_Test_129.pgm,129,129,80.000,12.000,20,4.000,2.000,200000,3.566,0.000,18.000,28.368,15.075,21284,77580,21282,76,38,148,41,0,0,0,0,8,218.596,14.527,9.711,0.492,3.043,0.135,0.359,0.398,2.247,0.114,0.361,0.000,2.562,1.373,0.007,0.008,0.007,0.008,0.003,0.003,0.008,0.015,0.059,1.757,0.312,0.067,0.005,1.054,0.000,0.000,8689012,96,2.759,3.179,0.000,0.000,17
GPU ROAM-like,RelWithDebInfo,OpenGL,NVIDIA GeForce RTX 5090 D/PCIe/SSE2,4.3.0 NVIDIA 591.86,false,assets/heightmaps/Hm_Terrain_Test_129.pgm,129,129,80.000,12.000,20,4.000,2.000,200000,3.581,0.000,18.000,28.283,15.412,21294,77768,21292,94,47,84,56,0,0,0,0,8,222.639,14.260,9.677,0.441,3.078,0.093,0.358,0.399,2.497,0.130,0.362,0.000,2.319,1.238,0.007,0.008,0.006,0.007,0.003,0.003,0.007,0.015,0.055,1.722,0.306,0.064,0.005,1.006,0.000,0.000,8710068,96,3.026,3.171,0.000,0.000,17
GPU ROAM-like,RelWithDebInfo,OpenGL,NVIDIA GeForce RTX 5090 D/PCIe/SSE2,4.3.0 NVIDIA 591.86,false,assets/heightmaps/Hm_Terrain_Test_129.pgm,129,129,80.000,12.000,20,4.000,2.000,200000,3.596,0.000,18.000,28.202,14.719,21330,78024,21328,128,64,92,68,0,0,0,0,8,111.627,14.223,9.277,0.491,2.978,0.100,0.359,0.214,2.227,0.179,0.363,0.000,2.367,1.452,0.008,0.008,0.006,0.007,0.003,0.003,0.006,0.015,0.056,1.755,0.299,0.067,0.005,1.127,0.000,0.000,8738740,96,2.619,3.078,0.000,0.000,17
GPU ROAM-like,RelWithDebInfo,OpenGL,NVIDIA GeForce RTX 5090 D/PCIe/SSE2,4.3.0 NVIDIA 591.86,false,assets/heightmaps/Hm_Terrain_Test_129.pgm,129,129,80.000,12.000,20,4.000,2.000,200000,3.611,0.000,18.000,28.121,14.656,21344,78288,21342,132,66,118,69,0,0,0,0,8,106.874,14.837,9.700,0.415,3.101,0.120,0.359,0.373,2.219,0.166,0.362,0.000,2.586,1.427,0.008,0.009,0.005,0.006,0.003,0.003,0.006,0.015,0.056,2.010,0.296,0.068,0.005,1.095,0.000,0.000,8768308,96,2.758,3.220,0.000,0.000,17
GPU ROAM-like,RelWithDebInfo,OpenGL,NVIDIA GeForce RTX 5090 D/PCIe/SSE2,4.3.0 NVIDIA 591.86,false,assets/heightmaps/Hm_Terrain_Test_129.pgm,129,129,80.000,12.000,20,4.000,2.000,200000,3.626,0.000,18.000,28.036,15.277,21346,78520,21344,116,58,114,65,0,0,0,0,8,111.659,14.207,9.329,0.424,3.495,0.132,0.363,0.209,1.925,0.145,0.357,0.000,2.279,1.411,0.007,0.008,0.005,0.006,0.003,0.003,0.006,0.015,0.053,1.783,0.311,0.064,0.005,1.073,0.000,0.000,8794292,96,2.279,3.628,0.000,0.000,17
GPU ROAM-like,RelWithDebInfo,OpenGL,NVIDIA GeForce RTX 5090 D/PCIe/SSE2,4.3.0 NVIDIA 591.86,false,assets/heightmaps/Hm_Terrain_Test_129.pgm,129,129,80.000,12.000,20,4.000,2.000,200000,3.641,0.000,18.000,27.955,14.648,21350,78732,21348,106,53,102,63,0,0,0,0,8,98.353,16.394,8.616,0.324,3.259,0.100,0.361,0.211,1.650,0.130,0.362,0.000,2.220,2.304,0.006,0.009,0.007,0.008,0.003,0.003,0.008,0.016,0.060,2.844,0.784,0.181,0.013,1.097,0.000,0.000,8818036,96,1.990,3.359,0.000,0.000,17
GPU ROAM-like,RelWithDebInfo,OpenGL,NVIDIA GeForce RTX 5090 D/PCIe/SSE2,4.3.0 NVIDIA 591.86,false,assets/heightmaps/Hm_Terrain_Test_129.pgm,129,129,80.000,12.000,20,4.000,2.000,200000,3.658,0.000,18.000,27.857,17.547,21356,78988,21354,128,64,122,72,0,0,0,0,8,130.727,24.124,16.322,1.880,4.108,0.283,0.428,0.228,2.143,0.445,0.423,0.000,6.384,1.261,0.007,0.008,0.005,0.006,0.003,0.003,0.006,0.015,0.052,4.762,0.335,0.070,0.006,1.123,0.000,0.000,8846708,96,2.816,4.391,0.000,0.000,17
GPU ROAM-like,RelWithDebInfo,OpenGL,NVIDIA GeForce RTX 5090 D/PCIe/SSE2,4.3.0 NVIDIA 591.86,false,assets/heightmaps/Hm_Terrain_Test_129.pgm,129,129,80.000,12.000,20,4.000,2.000,200000,3.683,0.000,18.000,27.720,24.736,21370,79364,21368,188,93,174,118,0,0,0,0,8,99.116,15.980,10.956,0.602,3.915,0.180,0.361,0.223,2.217,0.263,0.366,0.000,2.829,1.541,0.007,0.008,0.005,0.007,0.003,0.003,0.006,0.015,0.054,1.876,0.300,0.065,0.005,1.005,0.000,0.000,8888820,96,2.703,4.095,0.000,0.000,17
GPU ROAM-like,RelWithDebInfo,OpenGL,NVIDIA GeForce RTX 5090 D/PCIe/SSE2,4.3.0 NVIDIA 591.86,false,assets/heightmaps/Hm_Terrain_Test_129.pgm,129,129,80.000,12.000,20,4.000,2.000,200000,3.699,0.000,18.000,27.628,16.426,21284,79548,21282,92,46,178,53,0,0,0,0,8,115.558,13.752,8.684,0.268,3.000,0.158,0.359,0.393,1.849,0.121,0.365,0.000,2.170,1.476,0.007,0.007,0.005,0.007,0.003,0.003,0.006,0.015,0.053,1.847,0.289,0.065,0.004,1.140,0.000,0.000,8909428,96,2.363,3.158,0.000,0.000,17
GPU ROAM-like,RelWithDebInfo,OpenGL,NVIDIA GeForce RTX 5090 D/PCIe/SSE2,4.3.0 NVIDIA 591.86,false,assets/heightmaps/Hm_Terrain_Test_129.pgm,129,129,80.000,12.000,20,4.000,2.000,200000,3.714,0.000,18.000,27.548,14.181,21254,79756,21252,104,52,134,55,0,0,0,0,8,0.000,14.039,9.337,0.344,2.950,0.133,0.359,0.410,2.392,0.137,0.362,0.000,2.251,1.238,0.008,0.007,0.006,0.007,0.003,0.003,0.006,0.015,0.056,1.752,0.323,0.066,0.006,1.078,0.000,0.000,8932724,96,2.939,3.083,0.000,0.000,17
GPU ROAM-like,RelWithDebInfo,OpenGL,NVIDIA GeForce RTX 5090 D/PCIe/SSE2,4.3.0 NVIDIA 591.86,false,assets/heightmaps/Hm_Terrain_Test_129.pgm,129,129,80.000,12.000,20,4.000,2.000,200000,3.728,0.000,18.000,27.467,14.485,21242,79928,21240,86,43,98,49,0,0,0,0,8,111.370,14.277,9.180,0.417,3.521,0.096,0.360,0.209,1.963,0.127,0.362,0.000,2.124,1.452,0.007,0.009,0.007,0.009,0.003,0.003,0.008,0.016,0.061,1.817,0.329,0.070,0.005,1.160,0.000,0.000,8951988,96,2.299,3.618,0.000,0.000,17
GPU ROAM-like,RelWithDebInfo,OpenGL,NVIDIA GeForce RTX 5090 D/PCIe/SSE2,4.3.0 NVIDIA 591.86,false,assets/heightmaps/Hm_Terrain_Test_129.pgm,129,129,80.000,12.000,20,4.000,2.000,200000,3.743,0.000,18.000,27.384,14.739,21266,80144,21264,108,54,84,64,0,0,0,0,8,104.145,15.227,10.261,0.674,3.155,0.096,0.361,0.401,2.317,0.153,0.361,0.000,2.743,1.396,0.007,0.009,0.006,0.007,0.003,0.003,0.006,0.015,0.055,1.826,0.324,0.065,0.005,1.110,0.000,0.000,8976180,96,2.871,3.251,0.000,0.000,17
GPU ROAM-like,RelWithDebInfo,OpenGL,NVIDIA GeForce RTX 5090 D/PCIe/SSE2,4.3.0 NVIDIA 591.86,false,assets/heightmaps/Hm_Terrain_Test_129.pgm,129,129,80.000,12.000,20,4.000,2.000,200000,3.758,0.000,18.000,27.296,15.674,21266,80352,21264,104,52,104,57,0,0,0,0,8,109.318,14.522,9.549,0.381,3.175,0.102,0.360,0.210,2.285,0.185,0.562,0.000,2.287,1.407,0.008,0.008,0.005,0.007,0.003,0.003,0.006,0.015,0.055,1.832,0.371,0.066,0.006,1.046,0.000,0.000,8999476,96,2.680,3.277,0.000,0.000,17
GPU ROAM-like,RelWithDebInfo,OpenGL,NVIDIA GeForce RTX 5090 D/PCIe/SSE2,4.3.0 NVIDIA 591.86,false,assets/heightmaps/Hm_Terrain_Test_129.pgm,129,129,80.000,12.000,20,4.000,2.000,200000,3.773,0.000,18.000,27.212,14.979,21224,80536,21222,92,46,134,54,0,0,0,0,8,649.283,14.691,9.403,0.415,2.990,0.120,0.359,0.290,2.546,0.115,0.364,0.000,2.203,1.474,0.006,0.009,0.008,0.009,0.003,0.003,0.008,0.017,0.063,1.945,0.398,0.068,0.005,1.127,0.000,0.000,9020084,96,2.951,3.110,0.000,0.000,17
GPU ROAM-like,RelWithDebInfo,OpenGL,NVIDIA GeForce RTX 5090 D/PCIe/SSE2,4.3.0 NVIDIA 591.86,false,assets/heightmaps/Hm_Terrain_Test_129.pgm,129,129,80.000,12.000,20,4.000,2.000,200000,3.789,0.000,18.000,27.126,15.160,21202,80744,21200,110,58,132,62,0,0,0,0,8,308.145,15.455,10.547,0.447,3.930,0.129,0.357,0.389,2.507,0.139,0.363,0.000,2.287,1.268,0.007,0.007,0.006,0.007,0.003,0.003,0.006,0.015,0.054,1.838,0.317,0.065,0.006,1.154,0.000,0.000,9043380,96,3.034,4.058,0.000,0.000,17
GPU ROAM-like,RelWithDebInfo,OpenGL,NVIDIA GeForce RTX 5090 D/PCIe/SSE2,4.3.0 NVIDIA 591.86,false,assets/heightmaps/Hm_Terrain_Test_129.pgm,129,129,80.000,12.000,20,4.000,2.000,200000,3.805,0.000,18.000,27.036,15.908,21252,81040,21250,148,74,98,86,0,0,0,0,8,437.730,14.524,9.411,0.434,2.916,0.105,0.358,0.327,2.477,0.192,0.357,0.000,2.246,1.439,0.007,0.008,0.005,0.007,0.003,0.003,0.006,0.015,0.053,1.852,0.331,0.066,0.005,1.156,0.000,0.000,9076532,96,2.996,3.021,0.000,0.000,17
GPU ROAM-like,RelWithDebInfo,OpenGL,NVIDIA GeForce RTX 5090 D/PCIe/SSE2,4.3.0 NVIDIA 591.86,false,assets/heightmaps/Hm_Terrain_Test_129.pgm,129,129,80.000,12.000,20,4.000,2.000,200000,3.819,0.000,18.000,26.952,14.972,21310,81284,21308,122,61,64,74,0,0,0,0,8,106.726,14.877,9.759,0.443,3.271,0.073,0.360,0.414,2.418,0.160,0.365,0.000,2.255,1.426,0.006,0.005,0.005,0.007,0.003,0.003,0.006,0.015,0.051,1.933,0.334,0.067,0.005,1.099,0.000,0.000,9103860,96,2.991,3.345,0.000,0.000,17
GPU ROAM-like,RelWithDebInfo,OpenGL,NVIDIA GeForce RTX 5090 D/PCIe/SSE2,4.3.0 NVIDIA 591.86,false,assets/heightmaps/Hm_Terrain_Test_129.pgm,129,129,80.000,12.000,20,4.000,2.000,200000,3.835,0.000,18.000,26.865,15.320,21330,81588,21328,152,76,132,88,0,0,0,0,8,101.453,15.643,10.545,0.451,3.609,0.130,0.362,0.336,2.637,0.194,0.363,0.000,2.463,1.407,0.007,0.008,0.005,0.007,0.003,0.003,0.006,0.014,0.053,1.844,0.326,0.067,0.005,1.190,0.000,0.000,9137908,96,3.166,3.740,0.000,0.000,17
GPU ROAM-like,RelWithDebInfo,OpenGL,NVIDIA GeForce RTX 5090 D/PCIe/SSE2,4.3.0 NVIDIA 591.86,false,assets/heightmaps/Hm_Terrain_Test_129.pgm,129,129,80.000,12.000,20,4.000,2.000,200000,3.851,0.000,18.000,26.773,16.105,21284,81804,21282,108,54,154,57,0,0,0,0,8,106.794,14.873,9.611,0.468,3.021,0.146,0.361,0.402,2.446,0.144,0.363,0.000,2.259,1.672,0.006,0.008,0.007,0.009,0.003,0.003,0.008,0.015,0.058,1.913,0.300,0.063,0.005,1.051,0.000,0.000,9162100,96,2.992,3.167,0.000,0.000,17
GPU ROAM-like,RelWithDebInfo,OpenGL,NVIDIA GeForce RTX 5090 D/PCIe/SSE2,4.3.0 NVIDIA 591.86,false,assets/heightmaps/Hm_Terrain_Test_129.pgm,129,129,80.000,12.000,20,4.000,2.000,200000,3.866,0.000,18.000,26.686,15.318,21314,82084,21312,140,70,110,78,0,0,0,0,8,107.133,14.832,9.829,0.292,3.316,0.110,0.361,0.370,2.672,0.177,0.365,0.000,2.168,1.485,0.007,0.009,0.005,0.007,0.003,0.003,0.006,0.015,0.055,1.824,0.293,0.069,0.006,1.060,0.000,0.000,9193460,96,3.219,3.426,0.000,0.000,17
GPU ROAM-like,RelWithDebInfo,OpenGL,NVIDIA GeForce RTX 5090 D/PCIe/SSE2,4.3.0 NVIDIA 591.86,false,assets/heightmaps/Hm_Terrain_Test_129.pgm,129,129,80.000,12.000,20,4.000,2.000,200000,3.881,0.000,18.000,26.599,15.284,21328,82356,21326,136,68,122,76,0,0,0,0,8,107.434,14.778,9.658,0.552,3.024,0.119,0.363,0.391,2.101,0.176,0.364,0.000,2.568,1.436,0.007,0.007,0.007,0.007,0.003,0.003,0.006,0.015,0.056,1.869,0.338,0.066,0.005,1.155,0.000,0.000,9223924,96,2.668,3.142,0.000,0.000,17
GPU ROAM-like,RelWithDebInfo,OpenGL,NVIDIA GeForce RTX 5090 D/PCIe/SSE2,4.3.0 NVIDIA 591.86,false,assets/heightmaps/Hm_Terrain_Test_129.pgm,129,129,80.000,12.000,20,4.000,2.000,200000,3.897,0.000,18.000,26.512,15.228,21322,82644,21320,146,74,152,78,0,0,0,0,8,109.485,14.500,9.451,0.449,3.139,0.135,0.365,0.264,2.062,0.184,0.424,0.000,2.428,1.422,0.007,0.007,0.007,0.007,0.003,0.003,0.007,0.015,0.057,1.886,0.333,0.065,0.005,1.092,0.000,0.000,9256180,96,2.510,3.275,0.000,0.000,17
GPU ROAM-like,RelWithDebInfo,OpenGL,NVIDIA GeForce RTX 5090 D/PCIe/SSE2,4.3.0 NVIDIA 591.86,false,assets/heightmaps/Hm_Terrain_Test_129.pgm,129,129,80.000,12.000,20,4.000,2.000,200000,3.912,0.000,18.000,26.427,14.948,21340,82880,21338,118,58,100,72,0,0,0,0,8,106.646,14.887,9.781,0.401,3.146,0.103,0.361,0.384,2.704,0.131,0.364,0.000,2.186,1.428,0.007,0.007,0.006,0.007,0.003,0.003,0.006,0.015,0.054,1.842,0.328,0.066,0.004,1.185,0.000,0.000,9282612,96,3.219,3.249,0.000,0.000,17
GPU ROAM-like,RelWithDebInfo,OpenGL,NVIDIA GeForce RTX 5090 D/PCIe/SSE2,4.3.0 NVIDIA 591.86,false,assets/heightmaps/Hm_Terrain_Test_129.pgm,129,129,80.000,12.000,20,4.000,2.000,200000,3.927,0.000,18.000,26.337,15.707,21361,83208,21359,164,82,143,104,0,0,0,0,8,105.502,15.051,9.974,0.511,3.012,0.139,0.362,0.394,2.457,0.219,0.366,0.000,2.513,1.475,0.008,0.008,0.006,0.007,0.003,0.003,0.006,0.015,0.056,1.823,0.327,0.067,0.005,1.121,0.000,0.000,9319348,96,3.069,3.152,0.000,0.000,17
GPU ROAM-like,RelWithDebInfo,OpenGL,NVIDIA GeForce RTX 5090 D/PCIe/SSE2,4.3.0 NVIDIA 591.86,false,assets/heightmaps/Hm_Terrain_Test_129.pgm,129,129,80.000,12.000,20,4.000,2.000,200000,3.943,0.000,18.000,26.248,15.533,21348,83420,21346,106,53,119,61,0,0,0,0,8,106.252,14.952,9.527,0.412,3.044,0.108,0.364,0.563,2.426,0.220,0.367,0.000,2.023,1.500,0.007,0.007,0.005,0.007,0.003,0.003,0.006,0.015,0.054,1.900,0.340,0.065,0.004,1.351,0.000,0.000,9343092,96,3.209,3.152,0.000,0.000,17
GPU ROAM-like,RelWithDebInfo,OpenGL,NVIDIA GeForce RTX 5090 D/PCIe/SSE2,4.3.0 NVIDIA 591.86,false,assets/heightmaps/Hm_Terrain_Test_129.pgm,129,129,80.000,12.000,20,4.000,2.000,200000,3.958,0.000,18.000,26.160,15.392,21348,83676,21346,128,64,128,71,0,0,0,0,8,97.550,17.167,10.125,0.512,3.230,0.120,0.362,0.401,2.618,0.166,0.363,0.000,2.354,1.302,0.007,0.007,0.006,0.007,0.003,0.003,0.007,0.015,0.055,2.112,1.257,0.061,0.005,1.139,0.000,0.000,9371764,96,3.184,3.350,0.000,0.000,17
GPU ROAM-like,RelWithDebInfo,OpenGL,NVIDIA GeForce RTX 5090 D/PCIe/SSE2,4.3.0 NVIDIA 591.86,false,assets/heightmaps/Hm_Terrain_Test_129.pgm,129,129,80.000,12.000,20,4.000,2.000,200000,3.976,0.000,18.000,26.059,17.619,21356,83956,21354,140,70,132,88,0,0,0,0,8,100.013,15.875,10.028,0.527,3.252,0.141,0.361,0.392,2.325,0.184,0.370,0.000,2.477,1.855,0.008,0.007,0.005,0.007,0.003,0.003,0.006,0.015,0.054,2.047,0.311,0.066,0.005,1.294,0.000,0.000,9403124,96,2.900,3.392,0.000,0.000,17
GPU ROAM-like,RelWithDebInfo,OpenGL,NVIDIA GeForce RTX 5090 D/PCIe/SSE2,4.3.0 NVIDIA 591.86,false,assets/heightmaps/Hm_Terrain_Test_129.pgm,129,129,80.000,12.000,20,4.000,2.000,200000,3.992,0.000,18.000,25.965,16.329,21278,84200,21276,138,77,216,76,0,0,0,0,8,518.662,15.309,9.993,0.325,3.601,0.231,0.360,0.402,2.462,0.158,0.364,0.000,2.089,1.490,0.007,0.008,0.007,0.007,0.003,0.003,0.006,0.015,0.056,1.993,0.338,0.068,0.006,1.155,0.000,0.000,9430452,96,3.022,3.833,0.000,0.000,17
GPU ROAM-like,RelWithDebInfo,OpenGL,NVIDIA GeForce RTX 5090 D/PCIe/SSE2,4.3.0 NVIDIA 591.86,false,assets/heightmaps/Hm_Terrain_Test_129.pgm,129,129,80.000,12.000,20,4.000,2.000,200000,4.008,0.000,18.000,25.874,15.755,21253,84496,21251,148,74,173,87,0,0,0,0,8,776.031,16.403,11.047,0.591,3.501,0.181,0.360,0.392,2.824,0.192,0.365,0.000,2.640,1.483,0.007,0.007,0.005,0.007,0.003,0.003,0.006,0.015,0.053,1.899,0.336,0.068,0.005,1.253,0.000,0.000,9463604,96,3.408,3.682,0.000,0.000,17
GPU ROAM-like,RelWithDebInfo,OpenGL,NVIDIA GeForce RTX 5090 D/PCIe/SSE2,4.3.0 NVIDIA 591.86,false,assets/heightmaps/Hm_Terrain_Test_129.pgm,129,129,80.000,12.000,20,4.000,2.000,200000,4.025,0.000,18.000,25.777,16.867,21279,84732,21277,118,59,92,73,0,0,0,0,8,0.000,15.551,9.949,0.446,2.968,0.102,0.362,0.400,2.594,0.155,0.366,0.000,2.556,1.670,0.011,0.007,0.005,0.007,0.003,0.003,0.006,0.015,0.057,1.990,0.326,0.065,0.005,1.222,0.000,0.000,9490036,96,3.148,3.070,0.000,0.000,17
GPU ROAM-like,RelWithDebInfo,OpenGL,NVIDIA GeForce RTX 5090 D/PCIe/SSE2,4.3.0 NVIDIA 591.86,false,assets/heightmaps/Hm_Terrain_Test_129.pgm,129,129,80.000,12.000,20,4.000,2.000,200000,4.041,0.000,18.000,25.684,16.009,21301,85000,21299,134,67,112,81,0,0,0,0,8,0.000,15.068,9.660,0.347,3.487,0.118,0.362,0.212,2.323,0.176,0.366,0.000,2.268,1.520,0.007,0.008,0.005,0.007,0.003,0.003,0.006,0.015,0.055,1.966,0.343,0.065,0.006,1.237,0.000,0.000,9520052,96,2.712,3.605,0.000,0.000,17
GPU ROAM-like,RelWithDebInfo,OpenGL,NVIDIA GeForce RTX 5090 D/PCIe/SSE2,4.3.0 NVIDIA 591.86,false,assets/heightmaps/Hm_Terrain_Test_129.pgm,129,129,80.000,12.000,20,4.000,2.000,200000,4.056,0.000,18.000,25.594,15.509,21322,85292,21320,146,73,125,87,0,0,0,0,8,103.779,15.304,10.069,0.429,3.410,0.125,0.364,0.397,2.200,0.269,0.402,0.000,2.474,1.495,0.007,0.007,0.005,0.007,0.003,0.003,0.006,0.015,0.054,1.921,0.346,0.064,0.005,1.138,0.000,0.000,9552756,96,2.865,3.535,0.000,0.000,17
GPU ROAM-like,RelWithDebInfo,OpenGL,NVIDIA GeForce RTX 5090 D/PCIe/SSE2,4.3.0 NVIDIA 591.86,false,assets/heightmaps/Hm_Terrain_Test_129.pgm,129,129,80.000,12.000,20,4.000,2.000,200000,4.072,0.000,18.000,25.503,15.762,21292,85536,21290,122,61,152,69,0,0,0,0,8,115.246,13.793,8.722,0.399,3.058,0.158,0.363,0.204,1.767,0.150,0.365,0.000,2.260,1.338,0.007,0.007,0.006,0.008,0.003,0.003,0.006,0.015,0.056,1.937,0.315,0.064,0.005,1.164,0.000,0.000,9580084,96,2.120,3.215,0.000,0.000,17
GPU ROAM-like,RelWithDebInfo,OpenGL,NVIDIA GeForce RTX 5090 D/PCIe/SSE2,4.3.0 NVIDIA 591.86,false,assets/heightmaps/Hm_Terrain_Test_129.pgm,129,129,80.000,12.000,20,4.000,2.000,200000,4.086,0.000,18.000,25.421,14.241,21310,85788,21308,126,63,108,67,0,0,0,0,8,102.122,15.555,10.316,0.376,3.308,0.112,0.362,0.415,2.832,0.161,0.364,0.000,2.385,1.518,0.011,0.006,0.006,0.007,0.003,0.003,0.006,0.015,0.057,1.929,0.323,0.068,0.006,1.123,0.000,0.000,9608308,96,3.408,3.420,0.000,0.000,17
GPU ROAM-like,RelWithDebInfo,OpenGL,NVIDIA GeForce RTX 5090 D/PCIe/SSE2,4.3.0 NVIDIA 591.86,false,assets/heightmaps/Hm_Terrain_Test_129.pgm,129,129,80.000,12.000,20,4.000,2.000,200000,4.102,0.000,18.000,25.328,16.014,21320,86008,21318,110,55,100,67,0,0,0,0,8,104.830,15.159,9.811,0.511,2.999,0.109,0.361,0.376,2.217,0.152,0.368,0.000,2.716,1.505,0.009,0.007,0.005,0.007,0.003,0.003,0.006,0.015,0.055,1.960,0.324,0.065,0.004,1.219,0.000,0.000,9632948,96,2.746,3.108,0.000,0.000,17
GPU ROAM-like,RelWithDebInfo,OpenGL,NVIDIA GeForce RTX 5090 D/PCIe/SSE2,4.3.0 NVIDIA 591.86,false,assets/heightmaps/Hm_Terrain_Test_129.pgm,129,129,80.000,12.000,20,4.000,2.000,200000,4.118,0.000,18.000,25.237,15.614,21359,86266,21357,129,64,90,72,0,0,0,0,8,102.227,15.529,10.215,0.427,3.364,0.095,0.364,0.327,2.711,0.164,0.366,0.000,2.397,1.504,0.007,0.006,0.006,0.007,0.003,0.003,0.006,0.015,0.052,2.027,0.330,0.066,0.005,1.119,0.000,0.000,9661844,96,3.202,3.459,0.000,0.000,17
GPU ROAM-like,RelWithDebInfo,OpenGL,NVIDIA GeForce RTX 5090 D/PCIe/SSE2,4.3.0 NVIDIA 591.86,false,assets/heightmaps/Hm_Terrain_Test_129.pgm,129,129,80.000,12.000,20,4.000,2.000,200000,4.134,0.000,18.000,25.144,15.970,21327,86492,21325,113,56,145,65,0,0,0,0,8,106.676,14.891,9.541,0.357,3.394,0.152,0.362,0.206,2.341,0.142,0.370,0.000,2.216,1.512,0.007,0.008,0.005,0.007,0.003,0.003,0.007,0.015,0.054,2.000,0.329,0.069,0.005,1.172,0.000,0.000,9687156,96,2.689,3.546,0.000,0.000,17
GPU ROAM-like,RelWithDebInfo,OpenGL,NVIDIA GeForce RTX 5090 D/PCIe/SSE2,4.3.0 NVIDIA 591.86,false,assets/heightmaps/Hm_Terrain_Test_129.pgm,129,129,80.000,12.000,20,4.000,2.000,200000,4.149,0.000,18.000,25.055,15.351,21316,86764,21314,136,68,147,88,0,0,0,0,8,106.282,14.956,9.537,0.382,3.103,0.145,0.363,0.206,2.416,0.171,0.365,0.000,2.385,1.511,0.011,0.006,0.006,0.007,0.003,0.003,0.007,0.015,0.058,2.001,0.317,0.066,0.005,1.247,0.000,0.000,9717620,96,2.793,3.248,0.000,0.000,17
GPU ROAM-like,RelWithDebInfo,OpenGL,NVIDIA GeForce RTX 5090 D/PCIe/SSE2,4.3.0 NVIDIA 591.86,false,assets/heightmaps/Hm_Terrain_Test_129.pgm,129,129,80.000,12.000,20,4.000,2.000,200000,4.165,0.000,18.000,24.965,15.405,21348,86992,21346,114,57,82,70,0,0,0,0,8,105.203,15.103,9.743,0.355,2.909,0.089,0.363,0.407,2.773,0.149,0.369,0.000,2.329,1.535,0.011,0.007,0.006,0.007,0.003,0.003,0.006,0.015,0.058,2.002,0.322,0.065,0.005,1.162,0.000,0.000,9743156,96,3.329,2.998,0.000,0.000,17
GPU ROAM-like,RelWithDebInfo,OpenGL,NVIDIA GeForce RTX 5090 D/PCIe/SSE2,4.3.0 NVIDIA 591.86,false,assets/heightmaps/Hm_Terrain_Test_129.pgm,129,129,80.000,12.000,20,4.000,2.000,200000,4.180,0.000,18.000,24.874,15.555,21298,87248,21296,128,64,178,73,0,0,0,0,8,104.331,15.225,9.927,0.408,3.420,0.156,0.363,0.209,2.438,0.167,0.365,0.000,2.401,1.329,0.007,0.007,0.007,0.007,0.003,0.003,0.006,0.015,0.056,2.074,0.329,0.068,0.005,1.226,0.000,0.000,9771828,96,2.814,3.576,0.000,0.000,17
GPU ROAM-like,RelWithDebInfo,OpenGL,NVIDIA GeForce RTX 5090 D/PCIe/SSE2,4.3.0 NVIDIA 591.86,false,assets/heightmaps/Hm_Terrain_Test_129.pgm,129,129,80.000,12.000,20,4.000,2.000,200000,4.196,0.000,18.000,24.783,15.675,21356,87588,21354,170,85,112,104,0,0,0,0,8,109.107,14.577,9.197,0.364,3.023,0.121,0.364,0.347,2.066,0.204,0.365,0.000,2.344,1.540,0.012,0.006,0.005,0.006,0.003,0.003,0.006,0.014,0.056,2.018,0.324,0.066,0.005,1.153,0.000,0.000,9809908,96,2.616,3.143,0.000,0.000,17
GPU ROAM-like,RelWithDebInfo,OpenGL,NVIDIA GeForce RTX 5090 D/PCIe/SSE2,4.3.0 NVIDIA 591.86,false,assets/heightmaps/Hm_Terrain_Test_129.pgm,129,129,80.000,12.000,20,4.000,2.000,200000,4.211,0.000,18.000,24.695,15.023,21350,87812,21348,124,68,130,62,0,0,0,0,8,644.857,14.812,9.287,0.342,3.062,0.133,0.363,0.398,2.031,0.141,0.368,0.000,2.449,1.545,0.008,0.007,0.005,0.007,0.003,0.003,0.006,0.015,0.054,2.075,0.326,0.069,0.005,1.213,0.000,0.000,9834996,96,2.570,3.195,0.000,0.000,17
GPU ROAM-like,RelWithDebInfo,OpenGL,NVIDIA GeForce RTX 5090 D/PCIe/SSE2,4.3.0 NVIDIA 591.86,false,assets/heightmaps/Hm_Terrain_Test_129.pgm,129,129,80.000,12.000,20,4.000,2.000,200000,4.226,0.000,18.000,24.605,15.290,21348,88024,21346,106,53,108,63,0,0,0,0,8,579.871,16.415,10.771,0.661,3.434,0.133,0.364,0.211,2.457,0.156,0.367,0.000,2.986,1.729,0.016,0.007,0.005,0.007,0.003,0.003,0.006,0.015,0.062,2.067,0.310,0.062,0.005,1.208,0.000,0.000,9858740,96,2.825,3.567,0.000,0.000,17
GPU ROAM-like,RelWithDebInfo,OpenGL,NVIDIA GeForce RTX 5090 D/PCIe/SSE2,4.3.0 NVIDIA 591.86,false,assets/heightmaps/Hm_Terrain_Test_129.pgm,129,129,80.000,12.000,20,4.000,2.000,200000,4.243,0.000,18.000,24.506,16.868,21352,88308,21350,142,71,138,93,0,0,0,0,8,110.994,14.328,8.913,0.291,3.113,0.143,0.365,0.206,2.086,0.184,0.387,0.000,2.137,1.508,0.007,0.008,0.007,0.009,0.003,0.003,0.008,0.017,0.061,2.075,0.307,0.060,0.004,1.194,0.000,0.000,9890548,96,2.477,3.256,0.000,0.000,17
GPU ROAM-like,RelWithDebInfo,OpenGL,NVIDIA GeForce RTX 5090 D/PCIe/SSE2,4.3.0 NVIDIA 591.86,false,assets/heightmaps/Hm_Terrain_Test_129.pgm,129,129,80.000,12.000,20,4.000,2.000,200000,4.258,0.000,18.000,24.420,14.767,21358,88608,21356,150,75,144,99,0,0,0,0,8,629.330,15.149,9.549,0.353,3.137,0.147,0.364,0.210,2.452,0.183,0.390,0.000,2.313,1.596,0.011,0.006,0.005,0.007,0.003,0.003,0.007,0.015,0.058,2.089,0.321,0.066,0.004,1.258,0.000,0.000,9924148,96,2.845,3.284,0.000,0.000,17
GPU ROAM-like,RelWithDebInfo,OpenGL,NVIDIA GeForce RTX 5090 D/PCIe/SSE2,4.3.0 NVIDIA 591.86,false,assets/heightmaps/Hm_Terrain_Test_129.pgm,129,129,80.000,12.000,20,4.000,2.000,200000,4.274,0.000,18.000,24.326,16.039,21378,88924,21376,158,79,138,94,0,0,0,0,8,105.882,15.022,9.517,0.501,3.118,0.125,0.364,0.236,1.959,0.188,0.381,0.000,2.645,1.546,0.008,0.007,0.005,0.007,0.003,0.003,0.006,0.015,0.053,2.088,0.342,0.068,0.006,1.170,0.000,0.000,9959540,96,2.383,3.243,0.000,0.000,17
GPU ROAM-like,RelWithDebInfo,OpenGL,NVIDIA GeForce RTX 5090 D/PCIe/SSE2,4.3.0 NVIDIA 591.86,false,assets/heightmaps/Hm_Terrain_Test_129.pgm,129,129,80.000,12.000,20,4.000,2.000,200000,4.289,0.000,18.000,24.235,15.495,21362,89236,21360,156,78,172,93,0,0,0,0,8,101.863,15.603,9.881,0.504,3.008,0.157,0.365,0.313,2.357,0.214,0.371,0.000,2.592,1.591,0.007,0.007,0.005,0.007,0.003,0.003,0.006,0.015,0.053,2.104,0.346,0.067,0.006,1.329,0.000,0.000,9994484,96,2.884,3.165,0.000,0.000,17
GPU ROAM-like,RelWithDebInfo,OpenGL,NVIDIA GeForce RTX 5090 D/PCIe/SSE2,4.3.0 NVIDIA 591.86,false,assets/heightmaps/Hm_Terrain_Test_129.pgm,129,129,80.000,12.000,20,4.000,2.000,200000,4.306,0.000,18.000,24.140,16.054,21404,89524,21402,144,72,102,82,0,0,0,0,8,105.329,15.088,9.469,0.451,3.190,0.099,0.365,0.230,2.192,0.176,0.368,0.000,2.397,1.556,0.007,0.009,0.008,0.009,0.003,0.003,0.007,0.017,0.061,2.110,0.335,0.066,0.006,1.275,0.000,0.000,10026740,96,2.599,3.290,0.000,0.000,17
GPU ROAM-like,RelWithDebInfo,OpenGL,NVIDIA GeForce RTX 5090 D/PCIe/SSE2,4.3.0 NVIDIA 591.86,false,assets/heightmaps/Hm_Terrain_Test_129.pgm,129,129,80.000,12.000,20,4.000,2.000,200000,4.321,0.000,18.000,24.049,15.531,21442,89788,21440,138,72,100,73,0,0,0,0,8,103.600,15.338,9.925,0.427,3.459,0.116,0.415,0.276,2.215,0.178,0.370,0.000,2.468,1.559,0.007,0.007,0.005,0.007,0.003,0.003,0.006,0.015,0.055,2.004,0.338,0.068,0.005,1.166,0.000,0.000,10056308,96,2.670,3.575,0.000,0.000,17
GPU ROAM-like,RelWithDebInfo,OpenGL,NVIDIA GeForce RTX 5090 D/PCIe/SSE2,4.3.0 NVIDIA 591.86,false,assets/heightmaps/Hm_Terrain_Test_129.pgm,129,129,80.000,12.000,20,4.000,2.000,200000,4.337,0.000,18.000,23.956,15.809,21427,89994,21425,105,53,120,60,0,0,0,0,8,100.449,15.822,10.316,0.430,3.076,0.131,0.366,0.396,2.950,0.140,0.371,0.000,2.456,1.606,0.007,0.008,0.007,0.007,0.003,0.003,0.006,0.015,0.057,2.024,0.337,0.067,0.006,1.181,0.000,0.000,10079380,96,3.486,3.207,0.000,0.000,17
GPU ROAM-like,RelWithDebInfo,OpenGL,NVIDIA GeForce RTX 5090 D/PCIe/SSE2,4.3.0 NVIDIA 591.86,false,assets/heightmaps/Hm_Terrain_Test_129.pgm,129,129,80.000,12.000,20,4.000,2.000,200000,4.353,0.000,18.000,23.860,16.277,21400,90252,21398,129,64,156,80,0,0,0,0,8,103.282,15.397,9.604,0.468,3.005,0.132,0.363,0.402,2.017,0.184,0.368,0.000,2.665,1.773,0.008,0.007,0.005,0.007,0.003,0.003,0.006,0.014,0.053,2.195,0.319,0.059,0.005,1.158,0.000,0.000,10108276,96,2.603,3.137,0.000,0.000,17
GPU ROAM-like,RelWithDebInfo,OpenGL,NVIDIA GeForce RTX 5090 D/PCIe/SSE2,4.3.0 NVIDIA 591.86,false,assets/heightmaps/Hm_Terrain_Test_129.pgm,129,129,80.000,12.000,20,4.000,2.000,200000,4.369,0.000,18.000,23.766,15.839,21411,90492,21409,120,60,109,80,0,0,0,0,8,201.927,15.733,10.372,0.291,3.563,0.113,0.368,0.397,2.782,0.151,0.367,0.000,2.340,1.370,0.007,0.007,0.007,0.007,0.003,0.003,0.006,0.015,0.055,2.028,0.340,0.067,0.006,1.275,0.000,0.000,10135156,96,3.330,3.676,0.000,0.000,17
GPU ROAM-like,RelWithDebInfo,OpenGL,NVIDIA GeForce RTX 5090 D/PCIe/SSE2,4.3.0 NVIDIA 591.86,false,assets/heightmaps/Hm_Terrain_Test_129.pgm,129,129,80.000,12.000,20,4.000,2.000,200000,4.385,0.000,18.000,23.670,16.213,21376,90752,21374,130,65,165,71,0,0,0,0,8,96.754,16.411,10.871,0.430,3.518,0.174,0.366,0.399,2.760,0.181,0.368,0.000,2.677,1.656,0.016,0.007,0.007,0.007,0.003,0.003,0.006,0.015,0.064,2.040,0.328,0.066,0.006,1.166,0.000,0.000,10164276,96,3.340,3.691,0.000,0.000,17
GPU ROAM-like,RelWithDebInfo,OpenGL,NVIDIA GeForce RTX 5090 D/PCIe/SSE2,4.3.0 NVIDIA 591.86,false,assets/heightmaps/Hm_Terrain_Test_129.pgm,129,129,80.000,12.000,20,4.000,2.000,200000,4.402,0.000,18.000,23.571,16.874,21384,91032,21382,140,70,132,83,0,0,0,0,8,99.446,15.971,10.280,0.376,3.545,0.141,0.366,0.364,2.515,0.178,0.367,0.000,2.428,1.593,0.007,0.008,0.005,0.007,0.003,0.003,0.006,0.015,0.053,2.133,0.388,0.067,0.005,1.228,0.000,0.000,10195636,96,3.057,3.686,0.000,0.000,17
GPU ROAM-like,RelWithDebInfo,OpenGL,NVIDIA GeForce RTX 5090 D/PCIe/SSE2,4.3.0 NVIDIA 591.86,false,assets/heightmaps/Hm_Terrain_Test_129.pgm,129,129,80.000,12.000,20,4.000,2.000,200000,4.418,0.000,18.000,23.473,16.421,21434,91400,21432,184,92,134,115,0,0,0,0,8,103.010,15.440,9.736,0.426,3.318,0.151,0.365,0.328,2.116,0.225,0.366,0.000,2.440,1.573,0.007,0.008,0.005,0.007,0.003,0.003,0.006,0.015,0.055,2.139,0.345,0.068,0.005,1.284,0.000,0.000,10236852,96,2.669,3.469,0.000,0.000,17
GPU ROAM-like,RelWithDebInfo,OpenGL,NVIDIA GeForce RTX 5090 D/PCIe/SSE2,4.3.0 NVIDIA 591.86,false,assets/heightmaps/Hm_Terrain_Test_129.pgm,129,129,80.000,12.000,20,4.000,2.000,200000,4.434,0.000,18.000,23.379,15.904,21406,91684,21404,142,71,170,80,0,0,0,0,8,100.163,15.872,10.278,0.523,3.176,0.190,0.368,0.405,2.301,0.266,0.394,0.000,2.656,1.607,0.007,0.008,0.005,0.008,0.003,0.003,0.007,0.015,0.055,2.095,0.347,0.069,0.006,1.178,0.000,0.000,10268660,96,2.973,3.365,0.000,0.000,17
GPU ROAM-like,RelWithDebInfo,OpenGL,NVIDIA GeForce RTX 5090 D/PCIe/SSE2,4.3.0 NVIDIA 591.86,false,assets/heightmaps/Hm_Terrain_Test_129.pgm,129,129,80.000,12.000,20,4.000,2.000,200000,4.451,0.000,18.000,23.282,16.329,21416,92008,21414,162,81,152,100,0,0,0,0,8,100.901,15.752,9.816,0.420,2.955,0.142,0.365,0.396,2.550,0.206,0.370,0.000,2.413,1.884,0.016,0.010,0.006,0.007,0.003,0.003,0.006,0.015,0.067,2.154,0.364,0.068,0.005,1.173,0.000,0.000,10304948,96,3.152,3.097,0.000,0.000,17
GPU ROAM-like,RelWithDebInfo,OpenGL,NVIDIA GeForce RTX 5090 D/PCIe/SSE2,4.3.0 NVIDIA 591.86,false,assets/heightmaps/Hm_Terrain_Test_129.pgm,129,129,80.000,12.000,20,4.000,2.000,200000,4.467,0.000,18.000,23.186,16.212,21416,92304,21414,148,74,148,88,0,0,0,0,8,101.443,15.695,9.954,0.565,3.094,0.171,0.368,0.201,2.399,0.188,0.368,0.000,2.600,1.643,0.008,0.007,0.005,0.007,0.003,0.003,0.006,0.015,0.054,2.131,0.332,0.066,0.005,1.254,0.000,0.000,10338100,96,2.787,3.265,0.000,0.000,17
GPU ROAM-like,RelWithDebInfo,OpenGL,NVIDIA GeForce RTX 5090 D/PCIe/SSE2,4.3.0 NVIDIA 591.86,false,assets/heightmaps/Hm_Terrain_Test_129.pgm,129,129,80.000,12.000,20,4.000,2.000,200000,4.483,0.000,18.000,23.090,16.281,21444,92600,21442,148,74,120,92,0,0,0,0,8,100.440,15.849,10.063,0.493,3.092,0.125,0.366,0.407,2.522,0.210,0.374,0.000,2.474,1.625,0.011,0.006,0.005,0.007,0.003,0.003,0.006,0.015,0.056,2.088,0.363,0.081,0.005,1.311,0.000,0.000,10371252,96,3.138,3.217,0.000,0.000,17
GPU ROAM-like,RelWithDebInfo,OpenGL,NVIDIA GeForce RTX 5090 D/PCIe/SSE2,4.3.0 NVIDIA 591.86,false,assets/heightmaps/Hm_Terrain_Test_129.pgm,129,129,80.000,12.000,20,4.000,2.000,200000,4.500,0.000,18.000,22.993,16.340,21444,92872,21442,136,68,136,82,0,0,0,0,8,99.365,15.983,10.245,0.592,3.142,0.136,0.366,0.392,2.298,0.194,0.368,0.000,2.757,1.638,0.007,0.008,0.006,0.007,0.003,0.003,0.006,0.016,0.054,2.187,0.353,0.067,0.006,1.211,0.000,0.000,10401716,96,2.884,3.278,0.000,0.000,17
GPU ROAM-like,RelWithDebInfo,OpenGL,NVIDIA GeForce RTX 5090 D/PCIe/SSE2,4.3.0 NVIDIA 591.86,false,assets/heightmaps/Hm_Terrain_Test_129.pgm,129,129,80.000,12.000,20,4.000,2.000,200000,4.516,0.000,18.000,22.895,16.433,21494,93176,21492,152,76,102,91,0,0,0,0,8,106.805,14.908,8.977,0.497,3.156,0.121,0.368,0.209,1.712,0.187,0.370,0.000,2.355,1.812,0.011,0.006,0.006,0.007,0.003,0.003,0.006,0.015,0.058,2.203,0.335,0.063,0.005,1.218,0.000,0.000,10435764,96,2.109,3.277,0.000,0.000,17
GPU ROAM-like,RelWithDebInfo,OpenGL,NVIDIA GeForce RTX 5090 D/PCIe/SSE2,4.3.0 NVIDIA 591.86,false,assets/heightmaps/Hm_Terrain_Test_129.pgm,129,129,80.000,12.000,20,4.000,2.000,200000,4.531,0.000,18.000,22.804,15.362,21518,93492,21516,158,79,134,97,0,0,0,0,8,106.761,14.903,9.234,0.321,3.021,0.146,0.366,0.217,2.442,0.194,0.373,0.000,2.155,1.629,0.008,0.007,0.005,0.007,0.003,0.003,0.006,0.015,0.053,2.069,0.335,0.071,0.005,1.274,0.000,0.000,10471156,96,2.853,3.167,0.000,0.000,17
GPU ROAM-like,RelWithDebInfo,OpenGL,NVIDIA GeForce RTX 5090 D/PCIe/SSE2,4.3.0 NVIDIA 591.86,false,assets/heightmaps/Hm_Terrain_Test_129.pgm,129,129,80.000,12.000,20,4.000,2.000,200000,4.547,0.000,18.000,22.712,15.358,21567,93810,21565,159,79,110,96,0,0,0,0,8,98.906,16.064,10.119,0.481,2.994,0.109,0.367,0.394,2.657,0.204,0.376,0.000,2.536,1.797,0.011,0.006,0.007,0.007,0.003,0.003,0.006,0.015,0.058,2.200,0.342,0.060,0.005,1.259,0.000,0.000,10506772,96,3.256,3.103,0.000,0.000,17
GPU ROAM-like,RelWithDebInfo,OpenGL,NVIDIA GeForce RTX 5090 D/PCIe/SSE2,4.3.0 NVIDIA 591.86,false,assets/heightmaps/Hm_Terrain_Test_129.pgm,129,129,80.000,12.000,20,4.000,2.000,200000,4.563,0.000,18.000,22.614,16.503,21567,94116,21565,153,76,153,89,0,0,0,0,8,99.348,16.005,9.806,0.365,3.017,0.141,0.368,0.389,2.490,0.190,0.371,0.000,2.474,1.845,0.007,0.007,0.005,0.006,0.003,0.003,0.006,0.015,0.053,2.307,0.352,0.068,0.006,1.327,0.000,0.000,10541044,96,3.070,3.158,0.000,0.000,17
GPU ROAM-like,RelWithDebInfo,OpenGL,NVIDIA GeForce RTX 5090 D/PCIe/SSE2,4.3.0 NVIDIA 591.86,false,assets/heightmaps/Hm_Terrain_Test_129.pgm,129,129,80.000,12.000,20,4.000,2.000,200000,4.580,0.000,18.000,22.516,16.453,21552,94388,21550,138,70,153,80,0,0,0,0,8,103.161,15.519,9.820,0.388,3.324,0.156,0.371,0.393,2.125,0.267,0.378,0.000,2.418,1.509,0.007,0.006,0.007,0.007,0.003,0.003,0.006,0.015,0.053,2.150,0.377,0.070,0.005,1.197,0.000,0.000,10571508,96,2.784,3.480,0.000,0.000,17
GPU ROAM-like,RelWithDebInfo,OpenGL,NVIDIA GeForce RTX 5090 D/PCIe/SSE2,4.3.0 NVIDIA 591.86,false,assets/heightmaps/Hm_Terrain_Test_129.pgm,129,129,80.000,12.000,20,4.000,2.000,200000,4.596,0.000,18.000,22.421,15.994,21578,94692,21576,152,76,126,86,0,0,0,0,8,103.214,15.407,9.604,0.554,3.274,0.135,0.367,0.215,2.083,0.206,0.365,0.000,2.405,1.747,0.007,0.007,0.007,0.007,0.003,0.003,0.006,0.015,0.055,2.093,0.375,0.069,0.005,1.228,0.000,0.000,10605556,96,2.503,3.408,0.000,0.000,17
GPU ROAM-like,RelWithDebInfo,OpenGL,NVIDIA GeForce RTX 5090 D/PCIe/SSE2,4.3.0 NVIDIA 591.86,false,assets/heightmaps/Hm_Terrain_Test_129.pgm,129,129,80.000,12.000,20,4.000,2.000,200000,4.612,0.000,18.000,22.326,15.864,21572,94916,21570,116,60,122,66,0,0,0,0,8,717.138,17.710,9.937,0.503,3.031,0.127,0.379,0.390,2.465,0.152,0.372,0.000,2.518,3.491,0.007,0.006,0.007,0.007,0.003,0.003,0.006,0.015,0.054,2.338,0.351,0.073,0.005,1.216,0.000,0.000,10630644,96,3.007,3.159,0.000,0.000,18
GPU ROAM-like,RelWithDebInfo,OpenGL,NVIDIA GeForce RTX 5090 D/PCIe/SSE2,4.3.0 NVIDIA 591.86,false,assets/heightmaps/Hm_Terrain_Test_129.pgm,129,129,80.000,12.000,20,4.000,2.000,200000,4.630,0.000,18.000,22.216,18.553,21602,95312,21600,198,99,168,126,0,0,0,0,8,97.340,16.327,10.519,0.639,3.112,0.161,0.367,0.418,2.571,0.266,0.372,0.000,2.613,1.664,0.016,0.008,0.006,0.007,0.003,0.003,0.007,0.016,0.065,2.144,0.364,0.071,0.006,1.265,0.000,0.000,10674996,96,3.255,3.273,0.000,0.000,18
GPU ROAM-like,RelWithDebInfo,OpenGL,NVIDIA GeForce RTX 5090 D/PCIe/SSE2,4.3.0 NVIDIA 591.86,false,assets/heightmaps/Hm_Terrain_Test_129.pgm,129,129,80.000,12.000,20,4.000,2.000,200000,4.647,0.000,18.000,22.115,16.795,21594,95648,21592,174,90,182,101,0,0,0,0,8,123.777,25.915,14.854,0.447,3.307,0.154,0.372,0.402,3.012,0.533,0.377,0.000,6.250,2.765,0.008,0.008,0.007,0.008,0.003,0.003,0.008,0.017,0.061,5.435,0.873,0.140,0.015,1.117,0.000,0.000,10712628,96,3.947,3.462,0.000,0.000,18
GPU ROAM-like,RelWithDebInfo,OpenGL,NVIDIA GeForce RTX 5090 D/PCIe/SSE2,4.3.0 NVIDIA 591.86,false,assets/heightmaps/Hm_Terrain_Test_129.pgm,129,129,80.000,12.000,20,4.000,2.000,200000,4.674,0.000,18.000,21.954,27.019,21632,96204,21630,278,139,240,183,0,0,0,0,8,74.676,21.204,15.022,1.649,5.324,0.446,0.381,0.421,3.581,0.354,0.372,0.000,2.493,1.787,0.011,0.006,0.007,0.007,0.003,0.003,0.006,0.015,0.058,2.325,0.394,0.065,0.006,1.305,0.000,0.000,10774900,96,4.356,5.769,0.000,0.000,18
GPU ROAM-like,RelWithDebInfo,OpenGL,NVIDIA GeForce RTX 5090 D/PCIe/SSE2,4.3.0 NVIDIA 591.86,false,assets/heightmaps/Hm_Terrain_Test_129.pgm,129,129,80.000,12.000,20,4.000,2.000,200000,4.696,0.000,18.000,21.824,21.737,21660,96660,21658,228,114,200,146,0,0,0,0,8,777.532,16.350,10.450,0.454,3.395,0.174,0.413,0.215,2.555,0.287,0.373,0.000,2.584,1.641,0.007,0.007,0.006,0.007,0.003,0.003,0.006,0.015,0.054,2.167,0.345,0.071,0.005,1.378,0.000,0.000,10825972,96,3.058,3.569,0.000,0.000,18
GPU ROAM-like,RelWithDebInfo,OpenGL,NVIDIA GeForce RTX 5090 D/PCIe/SSE2,4.3.0 NVIDIA 591.86,false,assets/heightmaps/Hm_Terrain_Test_129.pgm,129,129,80.000,12.000,20,4.000,2.000,200000,4.712,0.000,18.000,21.724,16.809,21642,96960,21640,150,75,168,87,0,0,0,0,8,95.798,16.585,10.635,0.478,3.124,0.155,0.377,0.404,2.788,0.201,0.377,0.000,2.729,1.845,0.011,0.006,0.007,0.007,0.003,0.003,0.007,0.015,0.059,2.272,0.354,0.067,0.006,1.113,0.000,0.000,10859572,96,3.393,3.279,0.000,0.000,18
GPU ROAM-like,RelWithDebInfo,OpenGL,NVIDIA GeForce RTX 5090 D/PCIe/SSE2,4.3.0 NVIDIA 591.86,false,assets/heightmaps/Hm_Terrain_Test_129.pgm,129,129,80.000,12.000,20,4.000,2.000,200000,4.729,0.000,18.000,21.622,17.034,21714,97284,21712,162,81,90,100,0,0,0,0,8,95.231,16.682,10.785,0.335,3.523,0.107,0.371,0.400,3.338,0.211,0.390,0.000,2.111,1.746,0.007,0.008,0.006,0.008,0.003,0.003,0.006,0.015,0.055,2.202,0.347,0.062,0.005,1.243,0.000,0.000,10895860,96,3.948,3.630,0.000,0.000,18
GPU ROAM-like,RelWithDebInfo,OpenGL,NVIDIA GeForce RTX 5090 D/PCIe/SSE2,4.3.0 NVIDIA 591.86,false,assets/heightmaps/Hm_Terrain_Test_129.pgm,129,129,80.000,12.000,20,4.000,2.000,200000,4.747,0.000,18.000,21.519,17.134,21745,97624,21743,178,93,147,107,0,0,0,0,8,98.882,16.089,10.190,0.385,3.141,0.147,0.371,0.407,2.493,0.266,0.377,0.000,2.603,1.702,0.007,0.007,0.005,0.007,0.003,0.003,0.006,0.015,0.053,2.177,0.364,0.070,0.006,1.274,0.000,0.000,10933940,96,3.166,3.288,0.000,0.000,18
GPU ROAM-like,RelWithDebInfo,OpenGL,NVIDIA GeForce RTX 5090 D/PCIe/SSE2,4.3.0 NVIDIA 591.86,false,assets/heightmaps/Hm_Terrain_Test_129.pgm,129,129,80.000,12.000,20,4.000,2.000,200000,4.763,0.000,18.000,21.420,16.612,21799,97992,21797,184,91,130,111,0,0,0,0,8,100.516,15.828,9.728,0.438,3.108,0.121,0.372,0.407,2.043,0.229,0.374,0.000,2.636,1.828,0.007,0.007,0.007,0.007,0.003,0.003,0.006,0.015,0.055,2.317,0.346,0.063,0.005,1.241,0.000,0.000,10975156,96,2.679,3.229,0.000,0.000,18
GPU ROAM-like,RelWithDebInfo,OpenGL,NVIDIA GeForce RTX 5090 D/PCIe/SSE2,4.3.0 NVIDIA 591.86,false,assets/heightmaps/Hm_Terrain_Test_129.pgm,129,129,80.000,12.000,20,4.000,2.000,200000,4.779,0.000,18.000,21.322,16.268,21797,98324,21795,166,83,168,99,0,0,0,0,8,101.600,15.681,9.740,0.311,3.004,0.149,0.372,0.395,2.715,0.207,0.374,0.000,2.213,1.661,0.007,0.007,0.005,0.007,0.003,0.003,0.006,0.015,0.053,2.218,0.361,0.067,0.005,1.311,0.000,0.000,11012340,96,3.317,3.153,0.000,0.000,18
GPU ROAM-like,RelWithDebInfo,OpenGL,NVIDIA GeForce RTX 5090 D/PCIe/SSE2,4.3.0 NVIDIA 591.86,false,assets/heightmaps/Hm_Terrain_Test_129.pgm,129,129,80.000,12.000,20,4.000,2.000,200000,4.796,0.000,18.000,21.221,16.845,21820,98636,21818,158,80,135,94,0,0,0,0,8,96.997,16.392,10.437,0.588,3.138,0.131,0.372,0.399,2.516,0.197,0.378,0.000,2.718,1.705,0.007,0.007,0.007,0.008,0.003,0.003,0.006,0.015,0.055,2.195,0.368,0.069,0.005,1.311,0.000,0.000,11047284,96,3.111,3.270,0.000,0.000,18
GPU ROAM-like,RelWithDebInfo,OpenGL,NVIDIA GeForce RTX 5090 D/PCIe/SSE2,4.3.0 NVIDIA 591.86,false,assets/heightmaps/Hm_Terrain_Test_129.pgm,129,129,80.000,12.000,20,4.000,2.000,200000,4.813,0.000,18.000,21.120,16.859,21802,98932,21800,148,74,166,89,0,0,0,0,8,97.940,16.245,10.158,0.474,3.353,0.149,0.381,0.309,2.336,0.321,0.426,0.000,2.410,1.678,0.007,0.006,0.007,0.007,0.003,0.003,0.006,0.015,0.053,2.331,0.375,0.070,0.005,1.317,0.000,0.000,11080436,96,2.965,3.502,0.000,0.000,18
GPU ROAM-like,RelWithDebInfo,OpenGL,NVIDIA GeForce RTX 5090 D/PCIe/SSE2,4.3.0 NVIDIA 591.86,false,assets/heightmaps/Hm_Terrain_Test_129.pgm,129,129,80.000,12.000,20,4.000,2.000,200000,4.830,0.000,18.000,21.020,16.703,21805,99268,21803,168,84,165,100,0,0,0,0,8,563.239,16.925,10.882,0.553,3.429,0.162,0.372,0.418,2.555,0.230,0.378,0.000,2.784,1.730,0.007,0.007,0.007,0.007,0.003,0.003,0.007,0.015,0.056,2.250,0.375,0.072,0.005,1.313,0.000,0.000,11118068,96,3.203,3.592,0.000,0.000,18
GPU ROAM-like,RelWithDebInfo,OpenGL,NVIDIA GeForce RTX 5090 D/PCIe/SSE2,4.3.0 NVIDIA 591.86,false,assets/heightmaps/Hm_Terrain_Test_129.pgm,129,129,80.000,12.000,20,4.000,2.000,200000,4.847,0.000,18.000,20.916,17.384,21793,99572,21791,152,76,164,89,0,0,0,0,8,290.521,16.411,10.358,0.484,3.628,0.141,0.373,0.220,2.329,0.202,0.377,0.000,2.604,1.700,0.019,0.011,0.007,0.008,0.003,0.003,0.007,0.015,0.073,2.306,0.360,0.069,0.005,1.318,0.000,0.000,11152116,96,2.750,3.769,0.000,0.000,18
GPU ROAM-like,RelWithDebInfo,OpenGL,NVIDIA GeForce RTX 5090 D/PCIe/SSE2,4.3.0 NVIDIA 591.86,false,assets/heightmaps/Hm_Terrain_Test_129.pgm,129,129,80.000,12.000,20,4.000,2.000,200000,4.864,0.000,18.000,20.815,16.865,21806,100000,21804,214,107,201,122,0,0,0,0,8,90.710,17.525,11.252,0.517,3.284,0.180,0.372,0.434,2.839,0.280,0.376,0.000,2.969,1.947,0.008,0.007,0.007,0.007,0.003,0.003,0.006,0.015,0.056,2.357,0.373,0.068,0.005,1.206,0.000,0.000,11200052,96,3.554,3.464,0.000,0.000,18
GPU ROAM-like,RelWithDebInfo,OpenGL,NVIDIA GeForce RTX 5090 D/PCIe/SSE2,4.3.0 NVIDIA 591.86,false,assets/heightmaps/Hm_Terrain_Test_129.pgm,129,129,80.000,12.000,20,4.000,2.000,200000,4.882,0.000,18.000,20.707,17.978,21832,100352,21830,176,88,150,111,0,0,0,0,8,95.553,16.639,10.472,0.294,3.490,0.151,0.374,0.403,2.898,0.224,0.376,0.000,2.263,1.744,0.011,0.006,0.005,0.007,0.003,0.003,0.006,0.015,0.057,2.358,0.361,0.063,0.005,1.331,0.000,0.000,11239476,96,3.525,3.641,0.000,0.000,18
GPU ROAM-like,RelWithDebInfo,OpenGL,NVIDIA GeForce RTX 5090 D/PCIe/SSE2,4.3.0 NVIDIA 591.86,false,assets/heightmaps/Hm_Terrain_Test_129.pgm,129,129,80.000,12.000,20,4.000,2.000,200000,4.899,0.000,18.000,20.605,17.093,21860,100712,21858,188,98,160,105,0,0,0,0,8,91.691,17.323,11.284,0.451,3.807,0.161,0.411,0.397,2.698,0.249,0.377,0.000,2.734,1.740,0.008,0.007,0.006,0.007,0.003,0.003,0.006,0.015,0.055,2.227,0.370,0.068,0.005,1.327,0.000,0.000,11279796,96,3.344,3.968,0.000,0.000,18
GPU ROAM-like,RelWithDebInfo,OpenGL,NVIDIA GeForce RTX 5090 D/PCIe/SSE2,4.3.0 NVIDIA 591.86,false,assets/heightmaps/Hm_Terrain_Test_129.pgm,129,129,80.000,12.000,20,4.000,2.000,200000,4.917,0.000,18.000,20.498,17.782,21828,101012,21826,150,75,182,84,0,0,0,0,8,94.011,16.911,10.785,0.516,3.477,0.156,0.374,0.408,2.624,0.203,0.376,0.000,2.651,1.726,0.007,0.007,0.006,0.007,0.003,0.003,0.007,0.015,0.056,2.287,0.381,0.068,0.005,1.349,0.000,0.000,11313396,96,3.235,3.632,0.000,0.000,18
GPU ROAM-like,RelWithDebInfo,OpenGL,NVIDIA GeForce RTX 5090 D/PCIe/SSE2,4.3.0 NVIDIA 591.86,false,assets/heightmaps/Hm_Terrain_Test_129.pgm,129,129,80.000,12.000,20,4.000,2.000,200000,4.934,0.000,18.000,20.394,17.382,21910,101400,21908,194,97,112,121,0,0,0,0,8,94.260,16.868,10.713,0.649,3.180,0.113,0.375,0.423,2.647,0.264,0.377,0.000,2.684,1.759,0.007,0.007,0.006,0.007,0.003,0.003,0.006,0.015,0.055,2.288,0.386,0.067,0.005,1.336,0.000,0.000,11356852,96,3.334,3.293,0.000,0.000,18
GPU ROAM-like,RelWithDebInfo,OpenGL,NVIDIA GeForce RTX 5090 D/PCIe/SSE2,4.3.0 NVIDIA 591.86,false,assets/heightmaps/Hm_Terrain_Test_129.pgm,129,129,80.000,12.000,20,4.000,2.000,200000,4.952,0.000,18.000,20.290,17.329,21952,101768,21950,188,96,146,107,0,0,0,0,8,92.537,17.182,10.893,0.519,3.255,0.138,0.377,0.245,2.888,0.327,0.506,0.000,2.639,1.828,0.007,0.007,0.007,0.007,0.003,0.003,0.006,0.015,0.055,2.323,0.403,0.070,0.005,1.344,0.000,0.000,11398068,96,3.460,3.393,0.000,0.000,18
GPU ROAM-like,RelWithDebInfo,OpenGL,NVIDIA GeForce RTX 5090 D/PCIe/SSE2,4.3.0 NVIDIA 591.86,false,assets/heightmaps/Hm_Terrain_Test_129.pgm,129,129,80.000,12.000,20,4.000,2.000,200000,4.969,0.000,18.000,20.184,17.647,21967,102122,21965,177,88,162,99,0,0,0,0,8,92.462,17.194,10.578,0.637,3.251,0.168,0.376,0.428,2.312,0.243,0.379,0.000,2.785,2.074,0.011,0.006,0.007,0.007,0.003,0.003,0.007,0.015,0.058,2.494,0.372,0.066,0.005,1.292,0.000,0.000,11437716,96,2.983,3.418,0.000,0.000,18
GPU ROAM-like,RelWithDebInfo,OpenGL,NVIDIA GeForce RTX 5090 D/PCIe/SSE2,4.3.0 NVIDIA 591.86,false,assets/heightmaps/Hm_Terrain_Test_129.pgm,129,129,80.000,12.000,20,4.000,2.000,200000,4.987,0.000,18.000,20.078,17.657,21959,102472,21957,177,89,185,109,0,0,0,0,8,187.591,16.956,10.640,0.331,3.669,0.163,0.377,0.412,2.652,0.257,0.380,0.000,2.399,1.778,0.007,0.007,0.005,0.007,0.003,0.003,0.006,0.015,0.054,2.397,0.389,0.072,0.006,1.357,0.000,0.000,11476916,96,3.321,3.832,0.000,0.000,18
GPU ROAM-like,RelWithDebInfo,OpenGL,NVIDIA GeForce RTX 5090 D/PCIe/SSE2,4.3.0 NVIDIA 591.86,false,assets/heightmaps/Hm_Terrain_Test_129.pgm,129,129,80.000,12.000,20,4.000,2.000,200000,5.004,0.000,18.000,19.973,17.438,21972,102760,21970,146,74,133,81,0,0,0,0,8,91.852,17.301,10.905,0.662,3.413,0.140,0.377,0.406,2.232,0.202,0.396,0.000,3.077,1.784,0.007,0.007,0.007,0.007,0.003,0.003,0.006,0.016,0.056,2.316,0.413,0.070,0.005,1.499,0.000,0.000,11509172,96,2.840,3.553,0.000,0.000,18
GPU ROAM-like,RelWithDebInfo,OpenGL,NVIDIA GeForce RTX 5090 D/PCIe/SSE2,4.3.0 NVIDIA 591.86,false,assets/heightmaps/Hm_Terrain_Test_129.pgm,129,129,80.000,12.000,20,4.000,2.000,200000,5.023,0.000,18.000,19.865,18.080,21958,103060,21956,150,75,164,89,0,0,0,0,8,94.495,16.837,10.651,0.613,3.464,0.155,0.377,0.214,2.316,0.199,0.428,0.000,2.885,1.761,0.268,0.006,0.005,0.007,0.003,0.003,0.007,0.016,0.315,2.308,0.390,0.072,0.005,1.328,0.000,0.000,11542772,96,2.729,3.619,0.000,0.000,18
GPU ROAM-like,RelWithDebInfo,OpenGL,NVIDIA GeForce RTX 5090 D/PCIe/SSE2,4.3.0 NVIDIA 591.86,false,assets/heightmaps/Hm_Terrain_Test_129.pgm,129,129,80.000,12.000,20,4.000,2.000,200000,5.040,0.000,18.000,19.761,17.307,21948,103384,21946,162,81,172,98,0,0,0,0,8,169.972,18.683,12.272,0.684,4.171,0.197,0.396,0.329,2.697,0.240,0.385,0.000,3.173,1.795,0.007,0.007,0.007,0.007,0.003,0.003,0.007,0.017,0.058,2.498,0.397,0.070,0.005,1.329,0.000,0.000,11579060,96,3.266,4.368,0.000,0.000,18
GPU ROAM-like,RelWithDebInfo,OpenGL,NVIDIA GeForce RTX 5090 D/PCIe/SSE2,4.3.0 NVIDIA 591.86,false,assets/heightmaps/Hm_Terrain_Test_129.pgm,129,129,80.000,12.000,20,4.000,2.000,200000,5.059,0.000,18.000,19.646,19.168,22030,103840,22028,228,114,146,139,0,0,0,0,8,82.207,19.329,11.883,0.698,3.805,0.161,0.377,0.404,2.431,0.323,0.388,0.000,3.294,2.521,0.011,0.006,0.006,0.007,0.003,0.003,0.006,0.016,0.059,2.527,0.434,0.069,0.007,1.546,0.000,0.000,11630132,96,3.159,3.966,0.000,0.000,18
GPU ROAM-like,RelWithDebInfo,OpenGL,NVIDIA GeForce RTX 5090 D/PCIe/SSE2,4.3.0 NVIDIA 591.86,false,assets/heightmaps/Hm_Terrain_Test_129.pgm,129,129,80.000,12.000,20,4.000,2.000,200000,5.079,0.000,18.000,19.527,19.814,22016,104244,22014,202,101,216,129,0,0,0,0,8,91.783,17.328,10.901,0.468,3.622,0.214,0.396,0.326,2.353,0.249,0.375,0.000,2.898,1.913,0.010,0.009,0.016,0.009,0.003,0.003,0.006,0.016,0.073,2.374,0.390,0.072,0.005,1.349,0.000,0.000,11675380,96,2.929,3.836,0.000,0.000,18
GPU ROAM-like,RelWithDebInfo,OpenGL,NVIDIA GeForce RTX 5090 D/PCIe/SSE2,4.3.0 NVIDIA 591.86,false,assets/heightmaps/Hm_Terrain_Test_129.pgm,129,129,80.000,12.000,20,4.000,2.000,200000,5.097,0.000,18.000,19.421,17.790,22060,104628,22058,202,106,158,116,0,0,0,0,8,91.896,17.306,10.711,0.456,3.231,0.151,0.378,0.433,2.621,0.270,0.385,0.000,2.786,1.827,0.007,0.007,0.006,0.007,0.003,0.003,0.006,0.016,0.055,2.559,0.409,0.068,0.005,1.406,0.000,0.000,11718388,96,3.324,3.382,0.000,0.000,18
GPU ROAM-like,RelWithDebInfo,OpenGL,NVIDIA GeForce RTX 5090 D/PCIe/SSE2,4.3.0 NVIDIA 591.86,false,assets/heightmaps/Hm_Terrain_Test_129.pgm,129,129,80.000,12.000,20,4.000,2.000,200000,5.114,0.000,18.000,19.314,17.758,22058,105028,22056,200,100,202,122,0,0,0,0,8,88.550,17.945,11.388,0.667,3.334,0.191,0.377,0.219,2.715,0.261,0.384,0.000,3.240,2.045,0.007,0.006,0.005,0.007,0.003,0.003,0.007,0.017,0.055,2.423,0.401,0.068,0.005,1.297,0.000,0.000,11763188,96,3.196,3.525,0.000,0.000,18
GPU ROAM-like,RelWithDebInfo,OpenGL,NVIDIA GeForce RTX 5090 D/PCIe/SSE2,4.3.0 NVIDIA 591.86,false,assets/heightmaps/Hm_Terrain_Test_129.pgm,129,129,80.000,12.000,20,4.000,2.000,200000,5.133,0.000,18.000,19.204,18.415,22042,105332,22040,152,76,168,85,0,0,0,0,8,658.552,16.923,10.076,0.402,3.192,0.165,0.379,0.390,2.464,0.202,0.379,0.000,2.502,1.964,0.008,0.006,0.007,0.008,0.003,0.003,0.007,0.017,0.059,2.755,0.401,0.075,0.006,1.311,0.000,0.000,11797236,96,3.057,3.357,0.000,0.000,18
GPU ROAM-like,RelWithDebInfo,OpenGL,NVIDIA GeForce RTX 5090 D/PCIe/SSE2,4.3.0 NVIDIA 591.86,false,assets/heightmaps/Hm_Terrain_Test_129.pgm,129,129,80.000,12.000,20,4.000,2.000,200000,5.150,0.000,18.000,19.099,17.424,22078,105668,22076,168,84,132,100,0,0,0,0,8,85.638,18.561,12.018,0.709,3.448,0.187,0.378,0.408,2.895,0.328,0.430,0.000,3.234,2.085,0.008,0.006,0.005,0.007,0.003,0.003,0.006,0.017,0.055,2.441,0.397,0.069,0.006,1.209,0.000,0.000,11834868,96,3.632,3.635,0.000,0.000,18
GPU ROAM-like,RelWithDebInfo,OpenGL,NVIDIA GeForce RTX 5090 D/PCIe/SSE2,4.3.0 NVIDIA 591.86,false,assets/heightmaps/Hm_Terrain_Test_129.pgm,129,129,80.000,12.000,20,4.000,2.000,200000,5.169,0.000,18.000,18.985,19.043,22061,106110,22059,221,110,238,129,0,0,0,0,8,89.231,17.843,11.147,0.609,3.484,0.246,0.376,0.420,2.587,0.267,0.383,0.000,2.774,2.093,0.007,0.007,0.007,0.007,0.003,0.003,0.006,0.017,0.056,2.470,0.368,0.074,0.006,1.335,0.000,0.000,11884372,96,3.273,3.731,0.000,0.000,18
GPU ROAM-like,RelWithDebInfo,OpenGL,NVIDIA GeForce RTX 5090 D/PCIe/SSE2,4.3.0 NVIDIA 591.86,false,assets/heightmaps/Hm_Terrain_Test_129.pgm,129,129,80.000,12.000,20,4.000,2.000,200000,5.188,0.000,18.000,18.875,18.354,22127,106444,22125,167,83,101,100,0,0,0,0,8,90.736,17.532,10.820,0.512,3.307,0.117,0.390,0.392,2.918,0.220,0.382,0.000,2.580,1.960,0.008,0.007,0.005,0.007,0.003,0.003,0.006,0.017,0.056,2.579,0.384,0.068,0.005,1.385,0.000,0.000,11921780,96,3.530,3.425,0.000,0.000,18
GPU ROAM-like,RelWithDebInfo,OpenGL,NVIDIA GeForce RTX 5090 D/PCIe/SSE2,4.3.0 NVIDIA 591.86,false,assets/heightmaps/Hm_Terrain_Test_129.pgm,129,129,80.000,12.000,20,4.000,2.000,200000,5.206,0.000,18.000,18.767,18.001,22159,106796,22157,178,90,146,100,0,0,0,0,8,86.590,18.355,11.582,0.458,3.296,0.153,0.425,0.425,3.377,0.257,0.389,0.000,2.803,2.046,0.007,0.008,0.005,0.007,0.003,0.003,0.006,0.017,0.056,2.562,0.385,0.068,0.005,1.378,0.000,0.000,11961204,96,4.059,3.448,0.000,0.000,18
GPU ROAM-like,RelWithDebInfo,OpenGL,NVIDIA GeForce RTX 5090 D/PCIe/SSE2,4.3.0 NVIDIA 591.86,false,assets/heightmaps/Hm_Terrain_Test_129.pgm,129,129,80.000,12.000,20,4.000,2.000,200000,5.224,0.000,18.000,18.654,18.816,22175,107224,22173,214,107,198,129,0,0,0,0,8,90.684,17.543,10.803,0.499,3.557,0.185,0.396,0.409,2.281,0.270,0.385,0.000,2.822,2.085,0.007,0.006,0.006,0.008,0.003,0.003,0.006,0.017,0.056,2.495,0.395,0.070,0.006,1.356,0.000,0.000,12009140,96,2.960,3.742,0.000,0.000,18
GPU ROAM-like,RelWithDebInfo,OpenGL,NVIDIA GeForce RTX 5090 D/PCIe/SSE2,4.3.0 NVIDIA 591.86,false,assets/heightmaps/Hm_Terrain_Test_129.pgm,129,129,80.000,12.000,20,4.000,2.000,200000,5.242,0.000,18.000,18.547,18.017,22181,107560,22179,170,86,164,100,0,0,0,0,8,787.736,18.169,11.013,0.464,3.191,0.163,0.382,0.423,2.621,0.247,0.389,0.000,3.132,2.070,0.007,0.007,0.006,0.007,0.003,0.003,0.006,0.017,0.056,2.763,0.421,0.167,0.005,1.390,0.000,0.000,12046772,96,3.291,3.354,0.000,0.000,18
GPU ROAM-like,RelWithDebInfo,OpenGL,NVIDIA GeForce RTX 5090 D/PCIe/SSE2,4.3.0 NVIDIA 591.86,false,assets/heightmaps/Hm_Terrain_Test_129.pgm,129,129,80.000,12.000,20,4.000,2.000,200000,5.261,0.000,18.000,18.435,18.666,22176,107908,22174,174,87,179,104,0,0,0,0,8,84.051,18.896,12.149,0.747,3.723,0.196,0.388,0.412,2.734,0.247,0.403,0.000,3.299,1.925,0.008,0.006,0.007,0.008,0.003,0.003,0.007,0.018,0.059,2.607,0.451,0.070,0.005,1.365,0.000,0.000,12085748,96,3.393,3.919,0.000,0.000,18
GPU ROAM-like,RelWithDebInfo,OpenGL,NVIDIA GeForce RTX 5090 D/PCIe/SSE2,4.3.0 NVIDIA 591.86,false,assets/heightmaps/Hm_Terrain_Test_129.pgm,129,129,80.000,12.000,20,4.000,2.000,200000,5.280,0.000,18.000,18.319,19.372,22140,108312,22138,202,101,238,122,0,0,0,0,8,84.366,18.820,12.219,0.627,3.694,0.239,0.381,0.388,2.850,0.255,0.384,0.000,3.401,1.934,0.008,0.007,0.007,0.007,0.003,0.003,0.006,0.017,0.059,2.437,0.405,0.070,0.006,1.428,0.000,0.000,12130996,96,3.493,3.933,0.000,0.000,18
GPU ROAM-like,RelWithDebInfo,OpenGL,NVIDIA GeForce RTX 5090 D/PCIe/SSE2,4.3.0 NVIDIA 591.86,false,assets/heightmaps/Hm_Terrain_Test_129.pgm,129,129,80.000,12.000,20,4.000,2.000,200000,5.300,0.000,18.000,18.204,19.287,22140,108688,22138,188,94,188,111,0,0,0,0,8,265.651,17.982,11.072,0.685,3.590,0.188,0.388,0.227,2.506,0.249,0.385,0.000,2.853,1.917,0.007,0.007,0.007,0.007,0.003,0.003,0.006,0.017,0.058,2.706,0.425,0.076,0.006,1.422,0.000,0.000,12173108,96,2.982,3.779,0.000,0.000,18
GPU ROAM-like,RelWithDebInfo,OpenGL,NVIDIA GeForce RTX 5090 D/PCIe/SSE2,4.3.0 NVIDIA 591.86,false,assets/heightmaps/Hm_Terrain_Test_129.pgm,129,129,80.000,12.000,20,4.000,2.000,200000,5.318,0.000,18.000,18.093,18.485,22150,109056,22148,190,98,180,110,0,0,0,0,8,86.311,18.424,11.433,0.739,3.699,0.187,0.386,0.404,2.681,0.257,0.383,0.000,2.698,2.024,0.007,0.007,0.007,0.007,0.003,0.003,0.007,0.017,0.058,2.750,0.434,0.069,0.005,1.368,0.000,0.000,12214324,96,3.341,3.886,0.000,0.000,18
GPU ROAM-like,RelWithDebInfo,OpenGL,NVIDIA GeForce RTX 5090 D/PCIe/SSE2,4.3.0 NVIDIA 591.86,false,assets/heightmaps/Hm_Terrain_Test_129.pgm,129,129,80.000,12.000,20,4.000,2.000,200000,5.337,0.000,18.000,17.980,18.957,22194,109476,22192,210,105,166,120,0,0,0,0,8,83.338,19.058,12.184,0.832,4.045,0.191,0.379,0.406,2.823,0.271,0.383,0.000,2.854,2.029,0.007,0.007,0.006,0.007,0.003,0.003,0.007,0.018,0.057,2.555,0.442,0.068,0.006,1.445,0.000,0.000,12261364,96,3.499,4.236,0.000,0.000,18
GPU ROAM-like,RelWithDebInfo,OpenGL,NVIDIA GeForce RTX 5090 D/PCIe/SSE2,4.3.0 NVIDIA 591.86,false,assets/heightmaps/Hm_Terrain_Test_129.pgm,129,129,80.000,12.000,20,4.000,2.000,200000,5.357,0.000,18.000,17.863,19.538,22124,109848,22122,186,93,256,116,0,0,0,0,8,82.688,19.231,12.315,0.614,3.799,0.262,0.383,0.573,2.719,0.248,0.384,0.000,3.333,2.028,0.008,0.007,0.006,0.007,0.003,0.003,0.007,0.017,0.058,2.524,0.412,0.072,0.005,1.519,0.000,0.000,12303028,96,3.540,4.061,0.000,0.000,18
GPU ROAM-like,RelWithDebInfo,OpenGL,NVIDIA GeForce RTX 5090 D/PCIe/SSE2,4.3.0 NVIDIA 591.86,false,assets/heightmaps/Hm_Terrain_Test_129.pgm,129,129,80.000,12.000,20,4.000,2.000,200000,5.376,0.000,18.000,17.746,19.719,22150,110252,22148,202,101,176,120,0,0,0,0,8,719.719,17.690,11.003,0.549,3.581,0.189,0.384,0.408,2.481,0.259,0.383,0.000,2.768,1.861,0.007,0.007,0.005,0.007,0.003,0.003,0.006,0.017,0.056,2.569,0.418,0.078,0.006,1.412,0.000,0.000,12348276,96,3.149,3.770,0.000,0.000,18
GPU ROAM-like,RelWithDebInfo,OpenGL,NVIDIA GeForce RTX 5090 D/PCIe/SSE2,4.3.0 NVIDIA 591.86,false,assets/heightmaps/Hm_Terrain_Test_129.pgm,129,129,80.000,12.000,20,4.000,2.000,200000,5.395,0.000,18.000,17.637,18.213,22188,110604,22186,176,87,138,106,0,0,0,0,8,84.405,18.831,12.175,0.764,3.750,0.160,0.381,0.561,2.747,0.269,0.390,0.000,3.153,1.874,0.007,0.007,0.005,0.007,0.003,0.003,0.006,0.017,0.056,2.552,0.412,0.072,0.005,1.402,0.000,0.000,12387700,96,3.577,3.910,0.000,0.000,18
GPU ROAM-like,RelWithDebInfo,OpenGL,NVIDIA GeForce RTX 5090 D/PCIe/SSE2,4.3.0 NVIDIA 591.86,false,assets/heightmaps/Hm_Terrain_Test_129.pgm,129,129,80.000,12.000,20,4.000,2.000,200000,5.414,0.000,18.000,17.522,19.334,22214,110976,22212,186,93,160,113,0,0,0,0,8,685.533,18.554,11.541,0.690,3.310,0.176,0.382,0.405,3.061,0.238,0.388,0.000,2.890,2.087,0.011,0.006,0.007,0.007,0.003,0.003,0.006,0.017,0.060,2.594,0.421,0.177,0.005,1.393,0.000,0.000,12429364,96,3.704,3.486,0.000,0.000,18
GPU ROAM-like,RelWithDebInfo,OpenGL,NVIDIA GeForce RTX 5090 D/PCIe/SSE2,4.3.0 NVIDIA 591.86,false,assets/heightmaps/Hm_Terrain_Test_129.pgm,129,129,80.000,12.000,20,4.000,2.000,200000,5.433,0.000,18.000,17.407,19.332,22260,111380,22258,204,103,158,113,0,0,0,0,8,90.217,17.632,10.854,0.414,3.238,0.167,0.382,0.403,2.872,0.255,0.386,0.000,2.737,2.028,0.007,0.008,0.005,0.007,0.003,0.003,0.006,0.017,0.056,2.498,0.455,0.074,0.005,1.385,0.000,0.000,12474612,96,3.530,3.405,0.000,0.000,18
GPU ROAM-like,RelWithDebInfo,OpenGL,NVIDIA GeForce RTX 5090 D/PCIe/SSE2,4.3.0 NVIDIA 591.86,false,assets/heightmaps/Hm_Terrain_Test_129.pgm,129,129,80.000,12.000,20,4.000,2.000,200000,5.451,0.000,18.000,17.299,18.102,22240,111708,22238,164,82,184,93,0,0,0,0,8,90.114,17.658,10.757,0.476,3.131,0.185,0.384,0.410,2.843,0.223,0.384,0.000,2.720,1.959,0.008,0.007,0.005,0.007,0.003,0.003,0.006,0.017,0.056,2.693,0.412,0.071,0.005,1.423,0.000,0.000,12511348,96,3.476,3.316,0.000,0.000,18
GPU ROAM-like,RelWithDebInfo,OpenGL,NVIDIA GeForce RTX 5090 D/PCIe/SSE2,4.3.0 NVIDIA 591.86,false,assets/heightmaps/Hm_Terrain_Test_129.pgm,129,129,80.000,12.000,20,4.000,2.000,200000,5.470,0.000,18.000,17.191,18.138,22262,112096,22260,194,97,172,114,0,0,0,0,8,676.301,18.796,11.812,0.778,3.731,0.188,0.381,0.432,2.552,0.263,0.386,0.000,3.101,2.070,0.007,0.007,0.005,0.007,0.003,0.003,0.007,0.017,0.056,2.605,0.455,0.069,0.006,1.447,0.000,0.000,12554804,96,3.247,3.919,0.000,0.000,18
GPU ROAM-like,RelWithDebInfo,OpenGL,NVIDIA GeForce RTX 5090 D/PCIe/SSE2,4.3.0 NVIDIA 591.86,false,assets/heightmaps/Hm_Terrain_Test_129.pgm,129,129,80.000,12.000,20,4.000,2.000,200000,5.489,0.000,18.000,17.076,19.265,22286,112452,22284,178,89,154,113,0,0,0,0,8,81.956,19.389,12.282,0.489,3.939,0.158,0.383,0.428,3.477,0.245,0.385,0.000,2.778,2.017,0.008,0.006,0.007,0.007,0.003,0.003,0.007,0.018,0.059,2.496,0.469,0.192,0.006,1.584,0.000,0.000,12594676,96,4.149,4.097,0.000,0.000,18
GPU ROAM-like,RelWithDebInfo,OpenGL,NVIDIA GeForce RTX 5090 D/PCIe/SSE2,4.3.0 NVIDIA 591.86,false,assets/heightmaps/Hm_Terrain_Test_129.pgm,129,129,80.000,12.000,20,4.000,2.000,200000,5.509,0.000,18.000,16.958,19.861,22272,112872,22270,210,105,224,128,0,0,0,0,8,173.368,18.333,11.546,0.772,4.083,0.221,0.388,0.218,2.255,0.275,0.391,0.000,2.942,2.065,0.008,0.006,0.006,0.007,0.003,0.003,0.006,0.017,0.056,2.562,0.409,0.071,0.006,1.347,0.000,0.000,12641716,96,2.748,4.304,0.000,0.000,18
GPU ROAM-like,RelWithDebInfo,OpenGL,NVIDIA GeForce RTX 5090 D/PCIe/SSE2,4.3.0 NVIDIA 591.86,false,assets/heightmaps/Hm_Terrain_Test_129.pgm,129,129,80.000,12.000,20,4.000,2.000,200000,5.528,0.000,18.000,16.846,18.856,22236,113244,22234,186,93,222,107,0,0,0,0,8,90.572,17.562,10.471,0.666,3.219,0.196,0.385,0.223,2.510,0.226,0.387,0.000,2.658,1.996,0.007,0.008,0.005,0.008,0.003,0.003,0.007,0.017,0.058,2.762,0.421,0.068,0.005,1.508,0.000,0.000,12683380,96,2.959,3.416,0.000,0.000,18
GPU ROAM-like,RelWithDebInfo,OpenGL,NVIDIA GeForce RTX 5090 D/PCIe/SSE2,4.3.0 NVIDIA 591.86,false,assets/heightmaps/Hm_Terrain_Test_129.pgm,129,129,80.000,12.000,20,4.000,2.000,200000,5.546,0.000,18.000,16.740,18.031,22246,113620,22244,208,114,198,111,0,0,0,0,8,82.194,19.324,12.181,0.747,3.621,0.193,0.380,0.413,3.063,0.263,0.389,0.000,3.112,2.207,0.007,0.007,0.005,0.007,0.003,0.003,0.006,0.018,0.056,2.752,0.422,0.066,0.005,1.358,0.000,0.000,12725492,96,3.740,3.814,0.000,0.000,18
GPU ROAM-like,RelWithDebInfo,OpenGL,NVIDIA GeForce RTX 5090 D/PCIe/SSE2,4.3.0 NVIDIA 591.86,false,assets/heightmaps/Hm_Terrain_Test_129.pgm,129,129,80.000,12.000,20,4.000,2.000,200000,5.565,0.000,18.000,16.622,19.776,22256,114032,22254,206,103,196,121,0,0,0,0,8,170.675,18.638,11.675,0.363,3.625,0.166,0.380,0.430,3.262,0.301,0.390,0.000,2.759,2.034,0.008,0.006,0.006,0.008,0.003,0.003,0.007,0.020,0.060,2.604,0.399,0.069,0.006,1.505,0.000,0.000,12771636,96,3.993,3.791,0.000,0.000,18
GPU ROAM-like,RelWithDebInfo,OpenGL,NVIDIA GeForce RTX 5090 D/PCIe/SSE2,4.3.0 NVIDIA 591.86,false,assets/heightmaps/Hm_Terrain_Test_129.pgm,129,129,80.000,12.000,20,4.000,2.000,200000,5.584,0.000,18.000,16.509,19.104,22242,114400,22240,184,92,198,106,0,0,0,0,8,87.934,18.108,11.162,0.666,3.298,0.185,0.382,0.288,2.921,0.238,0.386,0.000,2.797,2.102,0.008,0.007,0.006,0.007,0.003,0.003,0.006,0.017,0.057,2.588,0.416,0.073,0.006,1.404,0.000,0.000,12812852,96,3.447,3.483,0.000,0.000,18
GPU ROAM-like,RelWithDebInfo,OpenGL,NVIDIA GeForce RTX 5090 D/PCIe/SSE2,4.3.0 NVIDIA 591.86,false,assets/heightmaps/Hm_Terrain_Test_129.pgm,129,129,80.000,12.000,20,4.000,2.000,200000,5.603,0.000,18.000,16.399,18.588,22235,114772,22233,186,92,193,106,0,0,0,0,8,168.802,18.837,11.671,0.657,3.599,0.187,0.381,0.357,3.141,0.233,0.384,0.000,2.732,2.029,0.007,0.007,0.006,0.007,0.003,0.003,0.006,0.017,0.057,2.756,0.413,0.071,0.005,1.549,0.000,0.000,12854516,96,3.731,3.786,0.000,0.000,18
GPU ROAM-like,RelWithDebInfo,OpenGL,NVIDIA GeForce RTX 5090 D/PCIe/SSE2,4.3.0 NVIDIA 591.86,false,assets/heightmaps/Hm_Terrain_Test_129.pgm,129,129,80.000,12.000,20,4.000,2.000,200000,5.622,0.000,18.000,16.285,19.337,22229,115172,22227,202,102,208,123,0,0,0,0,8,86.120,18.453,11.259,0.659,3.268,0.186,0.380,0.434,2.812,0.265,0.388,0.000,2.867,1.980,0.007,0.007,0.005,0.007,0.003,0.003,0.006,0.017,0.055,2.868,0.426,0.071,0.006,1.516,0.000,0.000,12899316,96,3.510,3.454,0.000,0.000,18
GPU ROAM-like,RelWithDebInfo,OpenGL,NVIDIA GeForce RTX 5090 D/PCIe/SSE2,4.3.0 NVIDIA 591.86,false,assets/heightmaps/Hm_Terrain_Test_129.pgm,129,129,80.000,12.000,20,4.000,2.000,200000,5.641,0.000,18.000,16.173,18.925,22247,115580,22245,204,102,186,110,0,0,0,0,8,111.984,28.614,13.596,0.666,3.725,0.184,0.382,0.219,2.245,0.257,0.383,0.000,5.535,4.917,0.008,0.007,0.005,0.007,0.003,0.003,0.006,0.017,0.056,7.208,1.075,0.196,0.016,0.839,0.000,0.000,12945012,96,2.721,3.909,0.000,0.000,18
GPU ROAM-like,RelWithDebInfo,OpenGL,NVIDIA GeForce RTX 5090 D/PCIe/SSE2,4.3.0 NVIDIA 591.86,false,assets/heightmaps/Hm_Terrain_Test_129.pgm,129,129,80.000,12.000,20,4.000,2.000,200000,5.671,0.000,18.000,15.997,29.871,22165,116120,22163,270,135,352,182,0,0,0,0,8,65.155,24.282,17.081,2.381,6.228,0.624,0.506,0.396,3.173,0.673,0.393,0.000,2.707,2.278,0.007,0.008,0.005,0.007,0.003,0.003,0.007,0.017,0.056,2.799,0.387,0.065,0.006,1.344,0.000,0.000,13005492,96,4.242,6.852,0.000,0.000,18
GPU ROAM-like,RelWithDebInfo,OpenGL,NVIDIA GeForce RTX 5090 D/PCIe/SSE2,4.3.0 NVIDIA 591.86,false,assets/heightmaps/Hm_Terrain_Test_129.pgm,129,129,80.000,12.000,20,4.000,2.000,200000,5.696,0.000,18.000,15.851,24.874,22253,116636,22251,258,129,170,165,0,0,0,0,8,168.251,18.911,12.019,0.548,3.550,0.153,0.382,0.397,3.504,0.300,0.386,0.000,2.798,1.976,0.011,0.006,0.005,0.007,0.003,0.003,0.007,0.017,0.059,2.617,0.410,0.067,0.005,1.464,0.000,0.000,13063284,96,4.202,3.704,0.000,0.000,18
GPU ROAM-like,RelWithDebInfo,OpenGL,NVIDIA GeForce RTX 5090 D/PCIe/SSE2,4.3.0 NVIDIA 591.86,false,assets/heightmaps/Hm_Terrain_Test_129.pgm,129,129,80.000,12.000,20,4.000,2.000,200000,5.715,0.000,18.000,15.737,19.382,22215,117044,22213,204,102,242,120,0,0,0,0,8,88.224,18.048,10.953,0.657,3.229,0.192,0.383,0.413,2.636,0.258,0.387,0.000,2.799,1.973,0.007,0.007,0.006,0.007,0.003,0.003,0.007,0.017,0.057,2.697,0.422,0.073,0.005,1.568,0.000,0.000,13108980,96,3.307,3.421,0.000,0.000,18
GPU ROAM-like,RelWithDebInfo,OpenGL,NVIDIA GeForce RTX 5090 D/PCIe/SSE2,4.3.0 NVIDIA 591.86,false,assets/heightmaps/Hm_Terrain_Test_129.pgm,129,129,80.000,12.000,20,4.000,2.000,200000,5.734,0.000,18.000,15.628,18.524,22168,117404,22166,180,90,227,112,0,0,0,0,8,83.643,19.010,11.822,0.652,3.672,0.214,0.379,0.411,3.070,0.243,0.384,0.000,2.797,2.092,0.015,0.008,0.006,0.007,0.003,0.003,0.007,0.017,0.066,2.774,0.430,0.068,0.005,1.472,0.000,0.000,13149300,96,3.723,3.887,0.000,0.000,18
GPU ROAM-like,RelWithDebInfo,OpenGL,NVIDIA GeForce RTX 5090 D/PCIe/SSE2,4.3.0 NVIDIA 591.86,false,assets/heightmaps/Hm_Terrain_Test_129.pgm,129,129,80.000,12.000,20,4.000,2.000,200000,5.753,0.000,18.000,15.514,19.477,22222,117836,22220,216,108,162,115,0,0,0,0,8,337.946,18.829,11.646,0.580,3.610,0.173,0.387,0.409,2.963,0.280,0.385,0.000,2.859,2.031,0.008,0.009,0.005,0.007,0.003,0.003,0.006,0.017,0.059,2.641,0.423,0.069,0.006,1.657,0.000,0.000,13197684,96,3.652,3.784,0.000,0.000,18
GPU ROAM-like,RelWithDebInfo,OpenGL,NVIDIA GeForce RTX 5090 D/PCIe/SSE2,4.3.0 NVIDIA 591.86,false,assets/heightmaps/Hm_Terrain_Test_129.pgm,129,129,80.000,12.000,20,4.000,2.000,200000,5.773,0.000,18.000,15.401,19.283,22116,118160,22114,168,87,274,91,0,0,0,0,8,253.270,18.834,11.656,0.640,3.544,0.244,0.390,0.449,2.877,0.219,0.384,0.000,2.909,2.037,0.007,0.007,0.006,0.007,0.003,0.003,0.007,0.017,0.056,2.704,0.420,0.066,0.005,1.600,0.000,0.000,13233972,96,3.545,3.788,0.000,0.000,18
GPU ROAM-like,RelWithDebInfo,OpenGL,NVIDIA GeForce RTX 5090 D/PCIe/SSE2,4.3.0 NVIDIA 591.86,false,assets/heightmaps/Hm_Terrain_Test_129.pgm,129,129,80.000,12.000,20,4.000,2.000,200000,5.792,0.000,18.000,15.288,19.294,22140,118528,22138,184,92,160,110,0,0,0,0,8,86.792,18.341,11.246,0.627,3.408,0.153,0.379,0.222,3.089,0.227,0.385,0.000,2.756,2.005,0.007,0.007,0.005,0.007,0.003,0.003,0.007,0.017,0.056,2.730,0.407,0.072,0.005,1.518,0.000,0.000,13275188,96,3.537,3.561,0.000,0.000,18
GPU ROAM-like,RelWithDebInfo,OpenGL,NVIDIA GeForce RTX 5090 D/PCIe/SSE2,4.3.0 NVIDIA 591.86,false,assets/heightmaps/Hm_Terrain_Test_129.pgm,129,129,80.000,12.000,20,4.000,2.000,200000,5.811,0.000,18.000,15.178,18.806,22206,118888,22204,180,89,114,113,0,0,0,0,8,81.574,19.493,12.148,0.605,3.823,0.130,0.380,0.501,3.115,0.257,0.383,0.000,2.953,2.049,0.008,0.007,0.006,0.008,0.003,0.003,0.007,0.017,0.058,2.867,0.410,0.069,0.005,1.586,0.000,0.000,13315508,96,3.872,3.954,0.000,0.000,18
GPU ROAM-like,RelWithDebInfo,OpenGL,NVIDIA GeForce RTX 5090 D/PCIe/SSE2,4.3.0 NVIDIA 591.86,false,assets/heightmaps/Hm_Terrain_Test_129.pgm,129,129,80.000,12.000,20,4.000,2.000,200000,5.831,0.000,18.000,15.061,19.963,22148,119280,22146,196,98,254,115,0,0,0,0,8,164.468,19.346,12.082,0.664,3.847,0.284,0.378,0.404,3.054,0.255,0.383,0.000,2.812,2.070,0.007,0.006,0.005,0.007,0.003,0.003,0.006,0.017,0.056,2.806,0.449,0.070,0.005,1.499,0.000,0.000,13359412,96,3.713,4.131,0.000,0.000,18
GPU ROAM-like,RelWithDebInfo,OpenGL,NVIDIA GeForce RTX 5090 D/PCIe/SSE2,4.3.0 NVIDIA 591.86,false,assets/heightmaps/Hm_Terrain_Test_129.pgm,129,129,80.000,12.000,20,4.000,2.000,200000,5.851,0.000,18.000,14.946,19.817,22096,119600,22094,160,80,212,91,0,0,0,0,8,172.710,18.420,11.421,0.579,3.413,0.206,0.380,0.425,2.952,0.231,0.382,0.000,2.854,1.900,0.007,0.008,0.005,0.007,0.003,0.003,0.006,0.017,0.058,2.725,0.416,0.061,0.005,1.551,0.000,0.000,13395252,96,3.608,3.618,0.000,0.000,17
GPU ROAM-like,RelWithDebInfo,OpenGL,NVIDIA GeForce RTX 5090 D/PCIe/SSE2,4.3.0 NVIDIA 591.86,false,assets/heightmaps/Hm_Terrain_Test_129.pgm,129,129,80.000,12.000,20,4.000,2.000,200000,5.870,0.000,18.000,14.830,19.845,22124,119988,22122,200,103,172,113,0,0,0,0,8,83.335,19.092,11.799,0.633,3.496,0.178,0.393,0.406,2.959,0.268,0.390,0.000,3.076,2.124,0.008,0.007,0.005,0.007,0.003,0.003,0.006,0.017,0.056,2.713,0.460,0.071,0.005,1.558,0.000,0.000,13438708,96,3.634,3.674,0.000,0.000,18
GPU ROAM-like,RelWithDebInfo,OpenGL,NVIDIA GeForce RTX 5090 D/PCIe/SSE2,4.3.0 NVIDIA 591.86,false,assets/heightmaps/Hm_Terrain_Test_129.pgm,129,129,80.000,12.000,20,4.000,2.000,200000,5.890,0.000,18.000,14.716,19.560,22124,120332,22122,176,90,176,98,0,0,0,0,8,83.075,19.154,11.928,0.664,3.727,0.159,0.383,0.250,3.028,0.314,0.457,0.000,2.946,2.053,0.007,0.007,0.006,0.007,0.003,0.003,0.006,0.017,0.056,2.762,0.415,0.068,0.005,1.558,0.000,0.000,13477236,96,3.593,3.885,0.000,0.000,18
GPU ROAM-like,RelWithDebInfo,OpenGL,NVIDIA GeForce RTX 5090 D/PCIe/SSE2,4.3.0 NVIDIA 591.86,false,assets/heightmaps/Hm_Terrain_Test_129.pgm,129,129,80.000,12.000,20,4.000,2.000,200000,5.910,0.000,18.000,14.602,19.618,22138,120704,22136,186,93,172,115,0,0,0,0,8,253.739,18.825,11.446,0.657,3.264,0.156,0.380,0.423,3.155,0.230,0.382,0.000,2.800,2.042,0.007,0.007,0.005,0.007,0.003,0.003,0.006,0.017,0.055,2.824,0.434,0.073,0.006,1.628,0.000,0.000,13518900,96,3.808,3.420,0.000,0.000,17
GPU ROAM-like,RelWithDebInfo,OpenGL,NVIDIA GeForce RTX 5090 D/PCIe/SSE2,4.3.0 NVIDIA 591.86,false,assets/heightmaps/Hm_Terrain_Test_129.pgm,129,129,80.000,12.000,20,4.000,2.000,200000,5.929,0.000,18.000,14.490,19.336,22130,121076,22128,186,93,194,108,0,0,0,0,8,497.498,19.199,11.673,0.708,3.658,0.197,0.377,0.219,2.741,0.246,0.384,0.000,3.143,2.340,0.016,0.008,0.006,0.007,0.003,0.003,0.006,0.017,0.067,2.957,0.390,0.068,0.004,1.395,0.000,0.000,13560564,96,3.207,3.855,0.000,0.000,18
GPU ROAM-like,RelWithDebInfo,OpenGL,NVIDIA GeForce RTX 5090 D/PCIe/SSE2,4.3.0 NVIDIA 591.86,false,assets/heightmaps/Hm_Terrain_Test_129.pgm,129,129,80.000,12.000,20,4.000,2.000,200000,5.949,0.000,18.000,14.376,19.681,22112,121444,22110,200,108,218,107,0,0,0,0,8,88.282,18.039,10.566,0.411,3.422,0.199,0.378,0.416,2.521,0.246,0.384,0.000,2.590,2.242,0.009,0.006,0.006,0.008,0.003,0.003,0.007,0.017,0.058,2.830,0.408,0.068,0.005,1.563,0.000,0.000,13601780,96,3.183,3.621,0.000,0.000,18
GPU ROAM-like,RelWithDebInfo,OpenGL,NVIDIA GeForce RTX 5090 D/PCIe/SSE2,4.3.0 NVIDIA 591.86,false,assets/heightmaps/Hm_Terrain_Test_129.pgm,129,129,80.000,12.000,20,4.000,2.000,200000,5.967,0.000,18.000,14.270,18.496,22126,121832,22124,194,97,180,120,0,0,0,0,8,82.544,19.288,11.406,0.505,3.475,0.155,0.380,0.445,3.032,0.250,0.384,0.000,2.780,2.318,0.008,0.006,0.006,0.007,0.003,0.003,0.007,0.017,0.056,2.970,0.454,0.071,0.005,1.682,0.000,0.000,13645236,96,3.727,3.630,0.000,0.000,18
GPU ROAM-like,RelWithDebInfo,OpenGL,NVIDIA GeForce RTX 5090 D/PCIe/SSE2,4.3.0 NVIDIA 591.86,false,assets/heightmaps/Hm_Terrain_Test_129.pgm,129,129,80.000,12.000,20,4.000,2.000,200000,5.987,0.000,18.000,14.156,19.756,22142,122196,22140,182,91,166,110,0,0,0,0,8,162.430,19.602,12.194,0.753,4.008,0.150,0.382,0.414,3.015,0.250,0.384,0.000,2.839,2.110,0.016,0.007,0.006,0.007,0.003,0.003,0.006,0.017,0.066,2.896,0.430,0.074,0.006,1.506,0.000,0.000,13686004,96,3.678,4.159,0.000,0.000,18
GPU ROAM-like,RelWithDebInfo,OpenGL,NVIDIA GeForce RTX 5090 D/PCIe/SSE2,4.3.0 NVIDIA 591.86,false,assets/heightmaps/Hm_Terrain_Test_129.pgm,129,129,80.000,12.000,20,4.000,2.000,200000,6.007,0.000,18.000,14.040,20.099,22126,122572,22124,202,108,218,113,0,0,0,0,8,332.749,19.135,11.612,0.785,3.576,0.206,0.378,0.408,3.020,0.258,0.382,0.000,2.599,2.058,0.007,0.007,0.005,0.007,0.003,0.003,0.007,0.017,0.056,2.968,0.441,0.072,0.005,1.603,0.000,0.000,13728116,96,3.686,3.782,0.000,0.000,18
GPU ROAM-like,RelWithDebInfo,OpenGL,NVIDIA GeForce RTX 5090 D/PCIe/SSE2,4.3.0 NVIDIA 591.86,false,assets/heightmaps/Hm_Terrain_Test_129.pgm,129,129,80.000,12.000,20,4.000,2.000,200000,6.027,0.000,18.000,13.927,19.648,22091,122906,22089,167,83,202,97,0,0,0,0,8,79.148,20.107,12.155,0.795,4.073,0.198,0.379,0.405,2.886,0.231,0.386,0.000,2.802,2.223,0.007,0.007,0.006,0.007,0.003,0.003,0.007,0.017,0.057,3.179,0.470,0.087,0.006,1.594,0.000,0.000,13765524,96,3.522,4.271,0.000,0.000,17
GPU ROAM-like,RelWithDebInfo,OpenGL,NVIDIA GeForce RTX 5090 D/PCIe/SSE2,4.3.0 NVIDIA 591.86,false,assets/heightmaps/Hm_Terrain_Test_129.pgm,129,129,80.000,12.000,20,4.000,2.000,200000,6.047,0.000,18.000,13.808,20.619,22092,123324,22090,209,104,208,130,0,0,0,0,8,574.648,19.394,11.799,0.836,3.662,0.201,0.380,0.425,2.988,0.255,0.384,0.000,2.667,2.130,0.008,0.006,0.006,0.007,0.003,0.003,0.007,0.017,0.057,3.024,0.453,0.068,0.005,1.535,0.000,0.000,13812340,96,3.668,3.862,0.000,0.000,18
GPU ROAM-like,RelWithDebInfo,OpenGL,NVIDIA GeForce RTX 5090 D/PCIe/SSE2,4.3.0 NVIDIA 591.86,false,assets/heightmaps/Hm_Terrain_Test_129.pgm,129,129,80.000,12.000,20,4.000,2.000,200000,6.067,0.000,18.000,13.694,19.889,22044,123712,22042,194,97,242,123,0,0,0,0,8,82.311,19.338,11.687,0.812,3.689,0.229,0.377,0.408,2.547,0.255,0.382,0.000,2.987,2.352,0.007,0.007,0.005,0.007,0.003,0.003,0.006,0.017,0.055,2.983,0.426,0.068,0.006,1.444,0.000,0.000,13855796,96,3.210,3.918,0.000,0.000,18
GPU ROAM-like,RelWithDebInfo,OpenGL,NVIDIA GeForce RTX 5090 D/PCIe/SSE2,4.3.0 NVIDIA 591.86,false,assets/heightmaps/Hm_Terrain_Test_129.pgm,129,129,80.000,12.000,20,4.000,2.000,200000,6.087,0.000,18.000,13.581,19.802,21996,124000,21994,144,72,192,87,0,0,0,0,8,166.744,19.096,11.336,0.384,3.719,0.183,0.377,0.443,3.172,0.200,0.381,0.000,2.476,2.177,0.008,0.007,0.005,0.007,0.003,0.003,0.006,0.017,0.056,2.872,0.478,0.071,0.005,1.783,0.000,0.000,13888052,96,3.815,3.902,0.000,0.000,18
GPU ROAM-like,RelWithDebInfo,OpenGL,NVIDIA GeForce RTX 5090 D/PCIe/SSE2,4.3.0 NVIDIA 591.86,false,assets/heightmaps/Hm_Terrain_Test_129.pgm,129,129,80.000,12.000,20,4.000,2.000,200000,6.107,0.000,18.000,13.469,19.554,21974,124348,21972,174,87,196,104,0,0,0,0,8,81.640,19.502,11.950,0.762,3.596,0.187,0.380,0.410,3.102,0.228,0.381,0.000,2.904,2.175,0.008,0.007,0.006,0.007,0.003,0.003,0.006,0.017,0.057,2.853,0.454,0.074,0.005,1.607,0.000,0.000,13927028,96,3.740,3.783,0.000,0.000,18
GPU ROAM-like,RelWithDebInfo,OpenGL,NVIDIA GeForce RTX 5090 D/PCIe/SSE2,4.3.0 NVIDIA 591.86,false,assets/heightmaps/Hm_Terrain_Test_129.pgm,129,129,80.000,12.000,20,4.000,2.000,200000,6.126,0.000,18.000,13.356,19.962,21892,124728,21890,190,95,272,116,0,0,0,0,8,81.946,19.428,12.105,0.749,3.580,0.218,0.376,0.402,3.196,0.237,0.379,0.000,2.968,1.938,0.007,0.007,0.005,0.007,0.003,0.003,0.006,0.017,0.056,2.918,0.458,0.069,0.006,1.551,0.000,0.000,13969588,96,3.835,3.798,0.000,0.000,18
GPU ROAM-like,RelWithDebInfo,OpenGL,NVIDIA GeForce RTX 5090 D/PCIe/SSE2,4.3.0 NVIDIA 591.86,false,assets/heightmaps/Hm_Terrain_Test_129.pgm,129,129,80.000,12.000,20,4.000,2.000,200000,6.146,0.000,18.000,13.242,19.928,21904,125152,21902,212,106,200,127,0,0,0,0,8,84.007,18.951,11.368,0.736,3.350,0.180,0.378,0.239,2.901,0.260,0.423,0.000,2.901,2.105,0.007,0.007,0.006,0.007,0.003,0.003,0.007,0.017,0.057,2.924,0.464,0.075,0.006,1.638,0.000,0.000,14017076,96,3.400,3.530,0.000,0.000,18
GPU ROAM-like,RelWithDebInfo,OpenGL,NVIDIA GeForce RTX 5090 D/PCIe/SSE2,4.3.0 NVIDIA 591.86,false,assets/heightmaps/Hm_Terrain_Test_129.pgm,129,129,80.000,12.000,20,4.000,2.000,200000,6.166,0.000,18.000,13.132,19.429,21944,125500,21942,174,87,134,114,0,0,0,0,8,82.760,19.235,11.503,0.708,3.752,0.139,0.375,0.423,2.734,0.234,0.382,0.000,2.757,2.139,0.008,0.007,0.005,0.008,0.003,0.003,0.007,0.017,0.057,3.003,0.457,0.072,0.005,1.681,0.000,0.000,14056052,96,3.391,3.891,0.000,0.000,18
GPU ROAM-like,RelWithDebInfo,OpenGL,NVIDIA GeForce RTX 5090 D/PCIe/SSE2,4.3.0 NVIDIA 591.86,false,assets/heightmaps/Hm_Terrain_Test_129.pgm,129,129,80.000,12.000,20,4.000,2.000,200000,6.186,0.000,18.000,13.020,19.723,21902,125852,21900,176,88,218,108,0,0,0,0,8,82.457,19.295,11.615,0.697,3.390,0.195,0.377,0.406,2.997,0.234,0.383,0.000,2.936,2.136,0.008,0.007,0.006,0.008,0.003,0.003,0.007,0.016,0.057,3.066,0.463,0.068,0.005,1.576,0.000,0.000,14095476,96,3.637,3.585,0.000,0.000,18
GPU ROAM-like,RelWithDebInfo,OpenGL,NVIDIA GeForce RTX 5090 D/PCIe/SSE2,4.3.0 NVIDIA 591.86,false,assets/heightmaps/Hm_Terrain_Test_129.pgm,129,129,80.000,12.000,20,4.000,2.000,200000,6.205,0.000,18.000,12.908,19.777,21954,126260,21952,204,102,152,129,0,0,0,0,8,161.245,19.742,12.117,0.717,3.832,0.159,0.385,0.427,2.976,0.255,0.381,0.000,2.985,2.176,0.007,0.007,0.007,0.010,0.003,0.003,0.008,0.017,0.063,2.950,0.465,0.069,0.005,1.578,0.000,0.000,14141172,96,3.658,3.991,0.000,0.000,18
GPU ROAM-like,RelWithDebInfo,OpenGL,NVIDIA GeForce RTX 5090 D/PCIe/SSE2,4.3.0 NVIDIA 591.86,false,assets/heightmaps/Hm_Terrain_Test_129.pgm,129,129,80.000,12.000,20,4.000,2.000,200000,6.226,0.000,18.000,12.794,20.202,21928,126608,21926,174,87,200,110,0,0,0,0,8,238.462,20.011,12.300,0.703,4.309,0.186,0.384,0.415,2.584,0.240,0.381,0.000,3.097,2.219,0.007,0.009,0.005,0.007,0.003,0.003,0.007,0.016,0.056,2.962,0.484,0.070,0.006,1.595,0.000,0.000,14180148,96,3.239,4.495,0.000,0.000,18
GPU ROAM-like,RelWithDebInfo,OpenGL,NVIDIA GeForce RTX 5090 D/PCIe/SSE2,4.3.0 NVIDIA 591.86,false,assets/heightmaps/Hm_Terrain_Test_129.pgm,129,129,80.000,12.000,20,4.000,2.000,200000,6.246,0.000,18.000,12.679,20.477,21833,126938,21831,165,82,260,100,0,0,0,0,8,79.725,19.960,11.823,0.667,3.814,0.222,0.377,0.212,2.679,0.298,0.570,0.000,2.983,2.603,0.007,0.007,0.005,0.007,0.003,0.003,0.006,0.017,0.056,3.073,0.455,0.068,0.006,1.553,0.000,0.000,14217108,96,3.190,4.036,0.000,0.000,18
GPU ROAM-like,RelWithDebInfo,OpenGL,NVIDIA GeForce RTX 5090 D/PCIe/SSE2,4.3.0 NVIDIA 591.86,false,assets/heightmaps/Hm_Terrain_Test_129.pgm,129,129,80.000,12.000,20,4.000,2.000,200000,6.266,0.000,18.000,12.564,20.417,21851,127280,21849,171,85,153,111,0,0,0,0,8,86.080,18.517,10.568,0.373,3.556,0.153,0.390,0.404,2.400,0.215,0.425,0.000,2.652,2.454,0.011,0.006,0.006,0.007,0.003,0.003,0.007,0.016,0.060,3.050,0.456,0.071,0.006,1.527,0.000,0.000,14255412,96,3.019,3.708,0.000,0.000,18
GPU ROAM-like,RelWithDebInfo,OpenGL,NVIDIA GeForce RTX 5090 D/PCIe/SSE2,4.3.0 NVIDIA 591.86,false,assets/heightmaps/Hm_Terrain_Test_129.pgm,129,129,80.000,12.000,20,4.000,2.000,200000,6.285,0.000,18.000,12.458,18.979,21810,127568,21808,144,72,185,90,0,0,0,0,8,520.434,18.381,10.553,0.551,3.158,0.181,0.381,0.406,2.699,0.187,0.380,0.000,2.608,2.202,0.008,0.006,0.007,0.007,0.003,0.003,0.006,0.016,0.057,3.010,0.461,0.071,0.005,1.692,0.000,0.000,14287668,96,3.292,3.340,0.000,0.000,18
GPU ROAM-like,RelWithDebInfo,OpenGL,NVIDIA GeForce RTX 5090 D/PCIe/SSE2,4.3.0 NVIDIA 591.86,false,assets/heightmaps/Hm_Terrain_Test_129.pgm,129,129,80.000,12.000,20,4.000,2.000,200000,6.305,0.000,18.000,12.350,19.215,21794,127904,21792,168,84,184,99,0,0,0,0,8,665.999,19.134,11.249,0.688,3.558,0.178,0.375,0.407,2.769,0.215,0.380,0.000,2.678,2.237,0.008,0.007,0.005,0.007,0.003,0.003,0.006,0.016,0.055,3.151,0.502,0.073,0.006,1.532,0.000,0.000,14325300,96,3.391,3.736,0.000,0.000,18
GPU ROAM-like,RelWithDebInfo,OpenGL,NVIDIA GeForce RTX 5090 D/PCIe/SSE2,4.3.0 NVIDIA 591.86,false,assets/heightmaps/Hm_Terrain_Test_129.pgm,129,129,80.000,12.000,20,4.000,2.000,200000,6.324,0.000,18.000,12.240,19.623,21724,128284,21722,190,95,260,115,0,0,0,0,8,84.841,18.768,11.201,0.674,3.357,0.228,0.374,0.414,2.712,0.253,0.377,0.000,2.812,2.271,0.007,0.006,0.005,0.007,0.003,0.003,0.006,0.015,0.053,2.894,0.452,0.067,0.005,1.508,0.000,0.000,14367860,96,3.379,3.585,0.000,0.000,18
GPU ROAM-like,RelWithDebInfo,OpenGL,NVIDIA GeForce RTX 5090 D/PCIe/SSE2,4.3.0 NVIDIA 591.86,false,assets/heightmaps/Hm_Terrain_Test_129.pgm,129,129,80.000,12.000,20,4.000,2.000,200000,6.343,0.000,18.000,12.133,19.230,21754,128640,21752,178,89,148,102,0,0,0,0,8,86.469,18.435,10.720,0.476,3.271,0.143,0.375,0.408,2.708,0.234,0.380,0.000,2.725,2.356,0.008,0.007,0.006,0.007,0.003,0.003,0.006,0.015,0.055,2.917,0.454,0.071,0.005,1.528,0.000,0.000,14407732,96,3.351,3.413,0.000,0.000,18
GPU ROAM-like,RelWithDebInfo,OpenGL,NVIDIA GeForce RTX 5090 D/PCIe/SSE2,4.3.0 NVIDIA 591.86,false,assets/heightmaps/Hm_Terrain_Test_129.pgm,129,129,80.000,12.000,20,4.000,2.000,200000,6.362,0.000,18.000,12.028,18.902,21752,129024,21750,194,98,196,127,0,0,0,0,8,166.080,19.178,11.261,0.500,3.562,0.179,0.392,0.404,2.688,0.257,0.385,0.000,2.895,2.266,0.007,0.007,0.005,0.008,0.003,0.003,0.006,0.015,0.054,3.122,0.460,0.072,0.011,1.603,0.000,0.000,14450740,96,3.348,3.741,0.000,0.000,18
GPU ROAM-like,RelWithDebInfo,OpenGL,NVIDIA GeForce RTX 5090 D/PCIe/SSE2,4.3.0 NVIDIA 591.86,false,assets/heightmaps/Hm_Terrain_Test_129.pgm,129,129,80.000,12.000,20,4.000,2.000,200000,6.382,0.000,18.000,11.919,19.653,21674,129364,21672,170,85,248,104,0,0,0,0,8,240.751,19.840,12.050,0.695,3.822,0.208,0.383,0.421,2.728,0.225,0.391,0.000,3.178,2.194,0.008,0.007,0.005,0.007,0.003,0.003,0.006,0.015,0.054,2.981,0.462,0.073,0.006,1.682,0.000,0.000,14488820,96,3.374,4.030,0.000,0.000,18
GPU ROAM-like,RelWithDebInfo,OpenGL,NVIDIA GeForce RTX 5090 D/PCIe/SSE2,4.3.0 NVIDIA 591.86,false,assets/heightmaps/Hm_Terrain_Test_129.pgm,129,129,80.000,12.000,20,4.000,2.000,200000,6.402,0.000,18.000,11.807,20.316,21744,129720,21742,180,91,110,112,0,0,0,0,8,82.649,19.281,11.334,0.680,3.491,0.127,0.372,0.408,2.720,0.232,0.380,0.000,2.924,2.274,0.007,0.007,0.006,0.007,0.003,0.003,0.007,0.015,0.057,3.060,0.465,0.076,0.005,1.669,0.000,0.000,14528692,96,3.360,3.618,0.000,0.000,18
GPU ROAM-like,RelWithDebInfo,OpenGL,NVIDIA GeForce RTX 5090 D/PCIe/SSE2,4.3.0 NVIDIA 591.86,false,assets/heightmaps/Hm_Terrain_Test_129.pgm,129,129,80.000,12.000,20,4.000,2.000,200000,6.422,0.000,18.000,11.698,19.761,21732,130092,21730,186,93,198,114,0,0,0,0,8,80.585,19.746,11.628,0.699,3.807,0.188,0.371,0.396,2.658,0.243,0.378,0.000,2.885,2.355,0.008,0.007,0.006,0.008,0.003,0.003,0.007,0.015,0.056,3.151,0.476,0.071,0.006,1.683,0.000,0.000,14570356,96,3.298,3.996,0.000,0.000,18
GPU ROAM-like,RelWithDebInfo,OpenGL,NVIDIA GeForce RTX 5090 D/PCIe/SSE2,4.3.0 NVIDIA 591.86,false,assets/heightmaps/Hm_Terrain_Test_129.pgm,129,129,80.000,12.000,20,4.000,2.000,200000,6.442,0.000,18.000,11.586,20.211,21640,130392,21638,154,79,246,89,0,0,0,0,8,82.418,19.323,11.624,0.694,3.592,0.232,0.373,0.412,3.021,0.196,0.380,0.000,2.726,2.257,0.008,0.006,0.005,0.007,0.003,0.003,0.006,0.015,0.055,3.097,0.443,0.066,0.005,1.449,0.000,0.000,14603956,96,3.628,3.823,0.000,0.000,18
GPU ROAM-like,RelWithDebInfo,OpenGL,NVIDIA GeForce RTX 5090 D/PCIe/SSE2,4.3.0 NVIDIA 591.86,false,assets/heightmaps/Hm_Terrain_Test_129.pgm,129,129,80.000,12.000,20,4.000,2.000,200000,6.462,0.000,18.000,11.478,19.785,21748,130840,21746,254,142,146,142,0,0,0,0,8,156.867,20.284,12.201,0.506,3.724,0.160,0.373,0.425,3.653,0.287,0.377,0.000,2.695,2.288,0.007,0.008,0.006,0.007,0.003,0.003,0.007,0.015,0.055,2.991,0.703,0.071,0.006,1.642,0.000,0.000,14654132,96,4.365,3.885,0.000,0.000,18
GPU ROAM-like,RelWithDebInfo,OpenGL,NVIDIA GeForce RTX 5090 D/PCIe/SSE2,4.3.0 NVIDIA 591.86,false,assets/heightmaps/Hm_Terrain_Test_129.pgm,129,129,80.000,12.000,20,4.000,2.000,200000,6.483,0.000,18.000,11.364,20.745,21668,131228,21666,200,102,280,118,0,0,0,0,8,78.832,20.194,11.920,0.688,3.976,0.249,0.373,0.324,2.638,0.254,0.379,0.000,3.040,2.496,0.007,0.008,0.005,0.008,0.003,0.003,0.007,0.015,0.057,2.992,0.713,0.070,0.005,1.600,0.000,0.000,14697588,96,3.215,4.225,0.000,0.000,18
GPU ROAM-like,RelWithDebInfo,OpenGL,NVIDIA GeForce RTX 5090 D/PCIe/SSE2,4.3.0 NVIDIA 591.86,false,assets/heightmaps/Hm_Terrain_Test_129.pgm,129,129,80.000,12.000,20,4.000,2.000,200000,6.503,0.000,18.000,11.251,20.649,21633,131584,21631,180,91,215,102,0,0,0,0,8,613.422,20.739,12.517,0.691,3.782,0.215,0.384,0.424,3.269,0.241,0.375,0.000,3.136,2.363,0.007,0.008,0.006,0.008,0.003,0.003,0.007,0.015,0.056,3.082,0.677,0.070,0.005,1.644,0.000,0.000,14737460,96,3.934,3.997,0.000,0.000,18
GPU ROAM-like,RelWithDebInfo,OpenGL,NVIDIA GeForce RTX 5090 D/PCIe/SSE2,4.3.0 NVIDIA 591.86,false,assets/heightmaps/Hm_Terrain_Test_129.pgm,129,129,80.000,12.000,20,4.000,2.000,200000,6.525,0.000,18.000,11.136,21.189,21556,131936,21554,192,104,269,112,0,0,0,0,8,153.706,20.693,12.521,0.711,4.165,0.251,0.372,0.414,2.980,0.279,0.378,0.000,2.971,2.406,0.015,0.007,0.007,0.009,0.003,0.003,0.008,0.016,0.068,3.096,0.663,0.071,0.005,1.548,0.000,0.000,14776884,96,3.673,4.416,0.000,0.000,18
GPU ROAM-like,RelWithDebInfo,OpenGL,NVIDIA GeForce RTX 5090 D/PCIe/SSE2,4.3.0 NVIDIA 591.86,false,assets/heightmaps/Hm_Terrain_Test_129.pgm,129,129,80.000,12.000,20,4.000,2.000,200000,6.546,0.000,18.000,11.021,21.157,21510,132396,21508,238,123,284,141,0,0,0,0,8,76.181,20.879,12.588,0.656,4.038,0.263,0.368,0.419,3.048,0.287,0.379,0.000,3.130,2.396,0.008,0.007,0.005,0.007,0.003,0.003,0.007,0.015,0.055,3.179,0.691,0.075,0.006,1.554,0.000,0.000,14828404,96,3.753,4.302,0.000,0.000,18
GPU ROAM-like,RelWithDebInfo,OpenGL,NVIDIA GeForce RTX 5090 D/PCIe/SSE2,4.3.0 NVIDIA 591.86,false,assets/heightmaps/Hm_Terrain_Test_129.pgm,129,129,80.000,12.000,20,4.000,2.000,200000,6.567,0.000,18.000,10.905,21.364,21450,132780,21448,200,104,260,126,0,0,0,0,8,78.545,20.268,11.908,0.741,3.652,0.229,0.369,0.402,3.040,0.242,0.375,0.000,2.858,2.526,0.008,0.007,0.005,0.008,0.003,0.003,0.006,0.015,0.055,3.197,0.729,0.069,0.005,1.440,0.000,0.000,14871412,96,3.684,3.882,0.000,0.000,18
GPU ROAM-like,RelWithDebInfo,OpenGL,NVIDIA GeForce RTX 5090 D/PCIe/SSE2,4.3.0 NVIDIA 591.86,false,assets/heightmaps/Hm_Terrain_Test_129.pgm,129,129,80.000,12.000,20,4.000,2.000,200000,6.588,0.000,18.000,10.793,20.755,21468,133180,21466,202,102,184,124,0,0,0,0,8,80.721,19.728,11.510,0.477,3.689,0.223,0.368,0.408,3.189,0.252,0.379,0.000,2.525,2.497,0.008,0.006,0.005,0.008,0.003,0.003,0.006,0.015,0.054,3.034,0.778,0.070,0.005,1.443,0.000,0.000,14916212,96,3.849,3.912,0.000,0.000,18
GPU ROAM-like,RelWithDebInfo,OpenGL,NVIDIA GeForce RTX 5090 D/PCIe/SSE2,4.3.0 NVIDIA 591.86,false,assets/heightmaps/Hm_Terrain_Test_129.pgm,129,129,80.000,12.000,20,4.000,2.000,200000,6.608,0.000,18.000,10.684,20.190,21418,133528,21416,184,97,234,110,0,0,0,0,8,83.516,19.081,10.699,0.615,3.626,0.214,0.371,0.312,2.370,0.235,0.376,0.000,2.579,2.328,0.008,0.007,0.006,0.007,0.003,0.003,0.006,0.015,0.055,2.952,0.901,0.072,0.005,1.733,0.000,0.000,14955188,96,2.917,3.841,0.000,0.000,18
GPU ROAM-like,RelWithDebInfo,OpenGL,NVIDIA GeForce RTX 5090 D/PCIe/SSE2,4.3.0 NVIDIA 591.86,false,assets/heightmaps/Hm_Terrain_Test_129.pgm,129,129,80.000,12.000,20,4.000,2.000,200000,6.628,0.000,18.000,10.579,19.540,21404,133928,21402,200,100,214,123,0,0,0,0,8,155.658,20.964,11.957,0.725,3.957,0.212,0.373,0.412,2.674,0.264,0.374,0.000,2.967,2.340,0.007,0.007,0.005,0.007,0.003,0.003,0.007,0.016,0.055,3.018,0.893,0.175,0.006,1.649,0.000,0.000,14999988,96,3.350,4.168,0.000,0.000,18
GPU ROAM-like,RelWithDebInfo,OpenGL,NVIDIA GeForce RTX 5090 D/PCIe/SSE2,4.3.0 NVIDIA 591.86,false,assets/heightmaps/Hm_Terrain_Test_129.pgm,129,129,80.000,12.000,20,4.000,2.000,200000,6.650,0.000,18.000,10.459,22.299,21466,134444,21464,262,133,200,154,0,0,0,0,8,81.292,38.860,23.322,2.130,6.475,0.489,0.464,0.406,4.243,1.011,0.382,0.000,7.722,3.382,0.009,0.006,0.006,0.008,0.003,0.003,0.007,0.015,0.056,8.347,1.651,0.075,0.005,1.631,0.000,0.000,15057780,96,5.660,6.964,0.000,0.000,18
GPU ROAM-like,RelWithDebInfo,OpenGL,NVIDIA GeForce RTX 5090 D/PCIe/SSE2,4.3.0 NVIDIA 591.86,false,assets/heightmaps/Hm_Terrain_Test_129.pgm,129,129,80.000,12.000,20,4.000,2.000,200000,6.689,0.000,18.000,10.249,39.452,21362,135100,21360,344,180,448,239,0,0,0,0,8,77.574,20.516,11.924,0.736,3.579,0.356,0.369,0.394,2.872,0.393,0.375,0.000,2.849,2.399,0.008,0.006,0.005,0.007,0.003,0.003,0.007,0.015,0.054,3.016,0.950,0.074,0.005,1.751,0.000,0.000,15131252,96,3.658,3.936,0.000,0.000,18
GPU ROAM-like,RelWithDebInfo,OpenGL,NVIDIA GeForce RTX 5090 D/PCIe/SSE2,4.3.0 NVIDIA 591.86,false,assets/heightmaps/Hm_Terrain_Test_129.pgm,129,129,80.000,12.000,20,4.000,2.000,200000,6.710,0.000,18.000,10.138,21.019,21355,135442,21353,173,87,180,108,0,0,0,0,8,561.909,19.842,11.494,0.684,3.600,0.183,0.370,0.335,2.749,0.227,0.371,0.000,2.976,2.302,0.015,0.007,0.006,0.008,0.003,0.003,0.007,0.015,0.064,3.085,0.818,0.071,0.005,1.667,0.000,0.000,15169556,96,3.310,3.783,0.000,0.000,18
GPU ROAM-like,RelWithDebInfo,OpenGL,NVIDIA GeForce RTX 5090 D/PCIe/SSE2,4.3.0 NVIDIA 591.86,false,assets/heightmaps/Hm_Terrain_Test_129.pgm,129,129,80.000,12.000,20,4.000,2.000,200000,6.731,0.000,18.000,10.030,20.325,21303,135820,21301,189,94,241,121,0,0,0,0,8,79.316,20.070,11.802,0.699,3.666,0.219,0.372,0.202,2.981,0.253,0.412,0.000,2.998,2.300,0.013,0.007,0.006,0.008,0.003,0.003,0.006,0.015,0.061,3.067,0.786,0.074,0.006,1.644,0.000,0.000,15211892,96,3.436,3.885,0.000,0.000,18
GPU ROAM-like,RelWithDebInfo,OpenGL,NVIDIA GeForce RTX 5090 D/PCIe/SSE2,4.3.0 NVIDIA 591.86,false,assets/heightmaps/Hm_Terrain_Test_129.pgm,129,129,80.000,12.000,20,4.000,2.000,200000,6.751,0.000,18.000,9.922,20.547,21314,136236,21312,208,104,197,127,0,0,0,0,8,392.099,20.310,11.605,0.641,3.504,0.202,0.371,0.415,2.938,0.269,0.373,0.000,2.892,2.609,0.013,0.008,0.006,0.008,0.003,0.003,0.007,0.015,0.063,3.181,0.815,0.072,0.005,1.616,0.000,0.000,15258484,96,3.622,3.706,0.000,0.000,18
GPU ROAM-like,RelWithDebInfo,OpenGL,NVIDIA GeForce RTX 5090 D/PCIe/SSE2,4.3.0 NVIDIA 591.86,false,assets/heightmaps/Hm_Terrain_Test_129.pgm,129,129,80.000,12.000,20,4.000,2.000,200000,6.772,0.000,18.000,9.811,21.134,21374,136724,21372,250,128,190,147,0,0,0,0,8,162.089,19.668,11.528,0.470,3.359,0.173,0.377,0.394,3.398,0.295,0.370,0.000,2.690,2.458,0.015,0.008,0.006,0.008,0.003,0.003,0.006,0.015,0.063,3.074,0.466,0.072,0.006,1.656,0.000,0.000,15313140,96,4.088,3.533,0.000,0.000,18
GPU ROAM-like,RelWithDebInfo,OpenGL,NVIDIA GeForce RTX 5090 D/PCIe/SSE2,4.3.0 NVIDIA 591.86,false,assets/heightmaps/Hm_Terrain_Test_129.pgm,129,129,80.000,12.000,20,4.000,2.000,200000,6.793,0.000,18.000,9.705,20.125,21310,137100,21308,190,96,254,111,0,0,0,0,8,83.610,19.067,10.466,0.581,3.234,0.227,0.368,0.210,2.657,0.245,0.370,0.000,2.574,2.383,0.008,0.006,0.005,0.007,0.003,0.003,0.006,0.014,0.053,3.239,0.798,0.073,0.005,1.703,0.000,0.000,15355252,96,3.112,3.461,0.000,0.000,18
GPU ROAM-like,RelWithDebInfo,OpenGL,NVIDIA GeForce RTX 5090 D/PCIe/SSE2,4.3.0 NVIDIA 591.86,false,assets/heightmaps/Hm_Terrain_Test_129.pgm,129,129,80.000,12.000,20,4.000,2.000,200000,6.812,0.000,18.000,9.603,19.529,21216,137392,21214,150,77,244,85,0,0,0,0,8,77.628,20.507,11.883,0.650,3.793,0.223,0.368,0.397,3.017,0.198,0.371,0.000,2.867,2.323,0.008,0.007,0.005,0.007,0.003,0.003,0.006,0.014,0.055,3.233,0.841,0.074,0.005,1.746,0.000,0.000,15387956,96,3.612,4.016,0.000,0.000,18
GPU ROAM-like,RelWithDebInfo,OpenGL,NVIDIA GeForce RTX 5090 D/PCIe/SSE2,4.3.0 NVIDIA 591.86,false,assets/heightmaps/Hm_Terrain_Test_129.pgm,129,129,80.000,12.000,20,4.000,2.000,200000,6.833,0.000,18.000,9.494,20.976,21202,137744,21200,176,88,190,113,0,0,0,0,8,79.201,20.140,11.255,0.679,3.563,0.174,0.366,0.389,2.793,0.226,0.371,0.000,2.694,2.345,0.007,0.007,0.005,0.007,0.003,0.003,0.007,0.015,0.055,3.374,0.937,0.075,0.005,1.716,0.000,0.000,15427380,96,3.408,3.737,0.000,0.000,18
GPU ROAM-like,RelWithDebInfo,OpenGL,NVIDIA GeForce RTX 5090 D/PCIe/SSE2,4.3.0 NVIDIA 591.86,false,assets/heightmaps/Hm_Terrain_Test_129.pgm,129,129,80.000,12.000,20,4.000,2.000,200000,6.854,0.000,18.000,9.387,20.632,21222,138188,21220,222,111,202,137,0,0,0,0,8,76.948,20.697,11.915,0.677,3.928,0.193,0.366,0.411,2.959,0.271,0.370,0.000,2.740,2.369,0.007,0.008,0.005,0.007,0.003,0.003,0.007,0.015,0.055,3.365,0.862,0.077,0.005,1.689,0.000,0.000,15477108,96,3.642,4.121,0.000,0.000,18
GPU ROAM-like,RelWithDebInfo,OpenGL,NVIDIA GeForce RTX 5090 D/PCIe/SSE2,4.3.0 NVIDIA 591.86,false,assets/heightmaps/Hm_Terrain_Test_129.pgm,129,129,80.000,12.000,20,4.000,2.000,200000,6.875,0.000,18.000,9.278,21.179,21226,138560,21224,190,97,186,107,0,0,0,0,8,76.735,20.748,12.093,0.723,4.130,0.195,0.367,0.415,3.004,0.246,0.369,0.000,2.645,2.328,0.007,0.008,0.006,0.007,0.003,0.003,0.006,0.015,0.055,3.302,0.829,0.076,0.005,1.706,0.000,0.000,15518772,96,3.665,4.325,0.000,0.000,18
GPU ROAM-like,RelWithDebInfo,OpenGL,NVIDIA GeForce RTX 5090 D/PCIe/SSE2,4.3.0 NVIDIA 591.86,false,assets/heightmaps/Hm_Terrain_Test_129.pgm,129,129,80.000,12.000,20,4.000,2.000,200000,6.896,0.000,18.000,9.168,21.266,21268,139036,21266,240,121,198,148,0,0,0,0,8,155.926,20.414,11.605,0.680,3.623,0.185,0.369,0.383,2.642,0.309,0.370,0.000,3.042,2.341,0.008,0.007,0.006,0.008,0.003,0.003,0.007,0.015,0.056,3.291,0.846,0.070,0.006,1.860,0.000,0.000,15572084,96,3.334,3.809,0.000,0.000,18
GPU ROAM-like,RelWithDebInfo,OpenGL,NVIDIA GeForce RTX 5090 D/PCIe/SSE2,4.3.0 NVIDIA 591.86,false,assets/heightmaps/Hm_Terrain_Test_129.pgm,129,129,80.000,12.000,20,4.000,2.000,200000,6.917,0.000,18.000,9.061,20.896,21222,139436,21220,200,100,246,128,0,0,0,0,8,73.331,21.690,12.819,0.647,3.753,0.228,0.369,0.398,3.826,0.254,0.368,0.000,2.976,2.557,0.008,0.006,0.006,0.008,0.003,0.003,0.007,0.015,0.055,3.158,0.884,0.074,0.006,1.789,0.000,0.000,15616884,96,4.477,3.981,0.000,0.000,18
GPU ROAM-like,RelWithDebInfo,OpenGL,NVIDIA GeForce RTX 5090 D/PCIe/SSE2,4.3.0 NVIDIA 591.86,false,assets/heightmaps/Hm_Terrain_Test_129.pgm,129,129,80.000,12.000,20,4.000,2.000,200000,6.939,0.000,18.000,8.948,22.164,21188,139816,21186,190,95,224,112,0,0,0,0,8,79.427,20.055,11.027,0.706,3.566,0.206,0.367,0.386,2.461,0.240,0.369,0.000,2.726,2.607,0.008,0.007,0.005,0.007,0.003,0.003,0.007,0.015,0.054,3.325,0.851,0.072,0.005,1.763,0.000,0.000,15659444,96,3.088,3.772,0.000,0.000,18
GPU ROAM-like,RelWithDebInfo,OpenGL,NVIDIA GeForce RTX 5090 D/PCIe/SSE2,4.3.0 NVIDIA 591.86,false,assets/heightmaps/Hm_Terrain_Test_129.pgm,129,129,80.000,12.000,20,4.000,2.000,200000,6.960,0.000,18.000,8.844,20.528,21137,140262,21135,223,111,274,131,0,0,0,0,8,151.056,21.074,12.361,0.682,3.821,0.238,0.367,0.382,3.336,0.318,0.369,0.000,2.847,2.437,0.011,0.008,0.006,0.008,0.003,0.003,0.007,0.015,0.060,3.211,0.845,0.072,0.005,1.733,0.000,0.000,15709396,96,4.036,4.060,0.000,0.000,18
GPU ROAM-like,RelWithDebInfo,OpenGL,NVIDIA GeForce RTX 5090 D/PCIe/SSE2,4.3.0 NVIDIA 591.86,false,assets/heightmaps/Hm_Terrain_Test_129.pgm,129,129,80.000,12.000,20,4.000,2.000,200000,6.981,0.000,18.000,8.734,21.545,21138,140632,21136,185,92,184,114,0,0,0,0,8,78.218,20.365,11.691,0.643,3.535,0.186,0.368,0.388,3.018,0.241,0.370,0.000,2.943,2.463,0.008,0.006,0.005,0.008,0.003,0.003,0.007,0.015,0.056,3.209,0.846,0.071,0.005,1.669,0.000,0.000,15750836,96,3.648,3.720,0.000,0.000,18
GPU ROAM-like,RelWithDebInfo,OpenGL,NVIDIA GeForce RTX 5090 D/PCIe/SSE2,4.3.0 NVIDIA 591.86,false,assets/heightmaps/Hm_Terrain_Test_129.pgm,129,129,80.000,12.000,20,4.000,2.000,200000,7.002,0.000,18.000,8.629,20.849,21149,140984,21147,176,88,165,102,0,0,0,0,8,74.640,21.327,12.283,0.661,3.651,0.167,0.376,0.391,3.547,0.234,0.369,0.000,2.887,2.509,0.008,0.007,0.006,0.008,0.003,0.003,0.007,0.015,0.055,3.205,1.010,0.072,0.005,1.829,0.000,0.000,15790260,96,4.172,3.817,0.000,0.000,18
GPU ROAM-like,RelWithDebInfo,OpenGL,NVIDIA GeForce RTX 5090 D/PCIe/SSE2,4.3.0 NVIDIA 591.86,false,assets/heightmaps/Hm_Terrain_Test_129.pgm,129,129,80.000,12.000,20,4.000,2.000,200000,7.024,0.000,18.000,8.520,21.794,21133,141432,21131,224,112,240,139,0,0,0,0,8,150.912,21.100,12.139,0.650,3.808,0.218,0.378,0.400,3.146,0.278,0.371,0.000,2.889,2.462,0.008,0.007,0.005,0.007,0.003,0.003,0.007,0.015,0.054,3.159,0.915,0.072,0.005,1.933,0.000,0.000,15840436,96,3.825,4.027,0.000,0.000,18
GPU ROAM-like,RelWithDebInfo,OpenGL,NVIDIA GeForce RTX 5090 D/PCIe/SSE2,4.3.0 NVIDIA 591.86,false,assets/heightmaps/Hm_Terrain_Test_129.pgm,129,129,80.000,12.000,20,4.000,2.000,200000,7.045,0.000,18.000,8.412,21.557,21066,141836,21064,202,101,269,124,0,0,0,0,8,76.378,20.854,11.992,0.683,3.645,0.264,0.369,0.402,2.979,0.280,0.370,0.000,3.000,2.691,0.012,0.009,0.005,0.007,0.003,0.003,0.007,0.015,0.060,3.339,0.812,0.069,0.005,1.530,0.000,0.000,15885684,96,3.661,3.909,0.000,0.000,18
GPU ROAM-like,RelWithDebInfo,OpenGL,NVIDIA GeForce RTX 5090 D/PCIe/SSE2,4.3.0 NVIDIA 591.86,false,assets/heightmaps/Hm_Terrain_Test_129.pgm,129,129,80.000,12.000,20,4.000,2.000,200000,7.067,0.000,18.000,8.305,21.310,20992,142280,20990,226,115,300,136,0,0,0,0,8,80.488,19.791,11.101,0.435,3.425,0.274,0.369,0.393,3.171,0.273,0.369,0.000,2.392,2.510,0.018,0.010,0.007,0.008,0.003,0.003,0.006,0.014,0.071,3.171,0.769,0.070,0.006,1.768,0.000,0.000,15935412,96,3.836,3.699,0.000,0.000,18
GPU ROAM-like,RelWithDebInfo,OpenGL,NVIDIA GeForce RTX 5090 D/PCIe/SSE2,4.3.0 NVIDIA 591.86,false,assets/heightmaps/Hm_Terrain_Test_129.pgm,129,129,80.000,12.000,20,4.000,2.000,200000,7.087,0.000,18.000,8.205,20.245,20970,142692,20968,206,103,228,123,0,0,0,0,8,160.933,19.808,10.802,0.512,3.524,0.220,0.368,0.207,2.919,0.254,0.368,0.000,2.432,2.494,0.018,0.009,0.006,0.008,0.003,0.003,0.007,0.015,0.067,3.164,0.984,0.070,0.005,1.879,0.000,0.000,15981556,96,3.379,3.743,0.000,0.000,18
GPU ROAM-like,RelWithDebInfo,OpenGL,NVIDIA GeForce RTX 5090 D/PCIe/SSE2,4.3.0 NVIDIA 591.86,false,assets/heightmaps/Hm_Terrain_Test_129.pgm,129,129,80.000,12.000,20,4.000,2.000,200000,7.107,0.000,18.000,8.105,20.256,20970,143008,20968,158,79,158,97,0,0,0,0,8,77.303,20.668,11.517,0.668,3.655,0.174,0.372,0.389,2.872,0.208,0.369,0.000,2.809,2.629,0.008,0.006,0.006,0.007,0.003,0.003,0.007,0.015,0.055,3.247,0.971,0.092,0.005,1.726,0.000,0.000,16016948,96,3.470,3.829,0.000,0.000,18
GPU ROAM-like,RelWithDebInfo,OpenGL,NVIDIA GeForce RTX 5090 D/PCIe/SSE2,4.3.0 NVIDIA 591.86,false,assets/heightmaps/Hm_Terrain_Test_129.pgm,129,129,80.000,12.000,20,4.000,2.000,200000,7.128,0.000,18.000,8.001,21.153,21004,143364,21002,178,89,144,108,0,0,0,0,8,155.885,20.444,11.555,0.487,3.361,0.153,0.363,0.393,3.605,0.234,0.368,0.000,2.591,2.642,0.015,0.009,0.006,0.008,0.003,0.003,0.006,0.015,0.065,3.253,0.850,0.072,0.005,1.648,0.000,0.000,16056820,96,4.232,3.514,0.000,0.000,18
GPU ROAM-like,RelWithDebInfo,OpenGL,NVIDIA GeForce RTX 5090 D/PCIe/SSE2,4.3.0 NVIDIA 591.86,false,assets/heightmaps/Hm_Terrain_Test_129.pgm,129,129,80.000,12.000,20,4.000,2.000,200000,7.149,0.000,18.000,7.898,20.912,20946,143736,20944,186,93,244,118,0,0,0,0,8,150.637,21.157,11.861,0.629,3.615,0.238,0.363,0.385,2.990,0.246,0.370,0.000,3.025,2.984,0.008,0.006,0.006,0.008,0.003,0.003,0.007,0.015,0.056,3.228,0.814,0.073,0.005,1.755,0.000,0.000,16098484,96,3.621,3.853,0.000,0.000,18
GPU ROAM-like,RelWithDebInfo,OpenGL,NVIDIA GeForce RTX 5090 D/PCIe/SSE2,4.3.0 NVIDIA 591.86,false,assets/heightmaps/Hm_Terrain_Test_129.pgm,129,129,80.000,12.000,20,4.000,2.000,200000,7.171,0.000,18.000,7.793,21.634,20926,144112,20924,188,94,208,115,0,0,0,0,8,75.736,21.022,12.105,0.670,4.253,0.257,0.369,0.372,2.890,0.250,0.369,0.000,2.676,2.624,0.017,0.008,0.006,0.008,0.003,0.003,0.007,0.015,0.065,3.299,0.823,0.069,0.005,1.686,0.000,0.000,16140596,96,3.511,4.509,0.000,0.000,18
GPU ROAM-like,RelWithDebInfo,OpenGL,NVIDIA GeForce RTX 5090 D/PCIe/SSE2,4.3.0 NVIDIA 591.86,false,assets/heightmaps/Hm_Terrain_Test_129.pgm,129,129,80.000,12.000,20,4.000,2.000,200000,7.192,0.000,18.000,7.688,21.492,20843,144478,20841,183,91,266,102,0,0,0,0,8,80.255,19.879,10.858,0.621,3.524,0.263,0.362,0.354,2.483,0.248,0.373,0.000,2.630,2.690,0.014,0.007,0.006,0.008,0.003,0.003,0.007,0.015,0.062,3.329,0.834,0.072,0.006,1.660,0.000,0.000,16181588,96,3.085,3.787,0.000,0.000,18
GPU ROAM-like,RelWithDebInfo,OpenGL,NVIDIA GeForce RTX 5090 D/PCIe/SSE2,4.3.0 NVIDIA 591.86,false,assets/heightmaps/Hm_Terrain_Test_129.pgm,129,129,80.000,12.000,20,4.000,2.000,200000,7.213,0.000,18.000,7.590,20.354,20801,144860,20799,191,95,233,109,0,0,0,0,8,146.809,21.737,12.235,0.721,3.770,0.239,0.383,0.398,3.256,0.256,0.367,0.000,2.846,2.729,0.017,0.008,0.006,0.008,0.003,0.003,0.007,0.015,0.066,3.552,0.859,0.072,0.005,1.811,0.000,0.000,16224372,96,3.910,4.009,0.000,0.000,18
GPU ROAM-like,RelWithDebInfo,OpenGL,NVIDIA GeForce RTX 5090 D/PCIe/SSE2,4.3.0 NVIDIA 591.86,false,assets/heightmaps/Hm_Terrain_Test_129.pgm,129,129,80.000,12.000,20,4.000,2.000,200000,7.235,0.000,18.000,7.481,22.584,20886,145344,20884,242,121,157,149,0,0,0,0,8,315.009,20.259,11.421,0.688,3.555,0.189,0.360,0.390,2.918,0.308,0.365,0.000,2.648,2.522,0.016,0.009,0.007,0.008,0.003,0.003,0.007,0.015,0.067,3.485,0.518,0.076,0.006,1.793,0.000,0.000,16278580,96,3.615,3.744,0.000,0.000,18
GPU ROAM-like,RelWithDebInfo,OpenGL,NVIDIA GeForce RTX 5090 D/PCIe/SSE2,4.3.0 NVIDIA 591.86,false,assets/heightmaps/Hm_Terrain_Test_129.pgm,129,129,80.000,12.000,20,4.000,2.000,200000,7.256,0.000,18.000,7.382,20.742,20895,145652,20893,154,77,145,97,0,0,0,0,8,154.106,20.672,11.593,0.702,3.662,0.174,0.361,0.385,2.999,0.219,0.367,0.000,2.725,2.502,0.008,0.006,0.006,0.008,0.003,0.003,0.007,0.014,0.055,3.484,0.812,0.073,0.006,1.786,0.000,0.000,16313076,96,3.603,3.836,0.000,0.000,18
GPU ROAM-like,RelWithDebInfo,OpenGL,NVIDIA GeForce RTX 5090 D/PCIe/SSE2,4.3.0 NVIDIA 591.86,false,assets/heightmaps/Hm_Terrain_Test_129.pgm,129,129,80.000,12.000,20,4.000,2.000,200000,7.277,0.000,18.000,7.281,21.148,20859,146040,20857,194,97,230,126,0,0,0,0,8,75.196,21.167,12.066,0.678,3.777,0.264,0.362,0.385,3.278,0.241,0.366,0.000,2.716,2.501,0.007,0.007,0.005,0.007,0.003,0.003,0.007,0.015,0.054,3.430,0.812,0.075,0.005,1.865,0.000,0.000,16356532,96,3.904,4.041,0.000,0.000,18
GPU ROAM-like,RelWithDebInfo,OpenGL,NVIDIA GeForce RTX 5090 D/PCIe/SSE2,4.3.0 NVIDIA 591.86,false,assets/heightmaps/Hm_Terrain_Test_129.pgm,129,129,80.000,12.000,20,4.000,2.000,200000,7.299,0.000,18.000,7.178,21.646,20747,146312,20745,136,68,248,78,0,0,0,0,8,150.175,21.212,12.252,0.721,4.182,0.250,0.368,0.380,2.965,0.187,0.364,0.000,2.834,2.479,0.011,0.006,0.005,0.007,0.003,0.003,0.007,0.015,0.057,3.353,0.847,0.073,0.006,1.777,0.000,0.000,16386996,96,3.532,4.432,0.000,0.000,18
GPU ROAM-like,RelWithDebInfo,OpenGL,NVIDIA GeForce RTX 5090 D/PCIe/SSE2,4.3.0 NVIDIA 591.86,false,assets/heightmaps/Hm_Terrain_Test_129.pgm,129,129,80.000,12.000,20,4.000,2.000,200000,7.321,0.000,18.000,7.076,21.723,20705,146744,20703,216,108,258,121,0,0,0,0,8,147.229,21.651,12.087,0.682,3.940,0.253,0.362,0.292,2.681,0.280,0.367,0.000,3.230,2.761,0.007,0.007,0.005,0.007,0.003,0.003,0.007,0.015,0.054,3.458,1.010,0.074,0.005,1.808,0.000,0.000,16435380,96,3.253,4.194,0.000,0.000,18
GPU ROAM-like,RelWithDebInfo,OpenGL,NVIDIA GeForce RTX 5090 D/PCIe/SSE2,4.3.0 NVIDIA 591.86,false,assets/heightmaps/Hm_Terrain_Test_129.pgm,129,129,80.000,12.000,20,4.000,2.000,200000,7.343,0.000,18.000,6.972,22.141,20709,147136,20707,196,98,192,121,0,0,0,0,8,74.010,21.522,12.401,0.554,3.880,0.207,0.372,0.385,3.678,0.244,0.359,0.000,2.721,2.724,0.007,0.007,0.004,0.006,0.003,0.003,0.005,0.015,0.049,3.423,0.792,0.068,0.005,1.677,0.000,0.000,16479284,96,4.307,4.087,0.000,0.000,18
GPU ROAM-like,RelWithDebInfo,OpenGL,NVIDIA GeForce RTX 5090 D/PCIe/SSE2,4.3.0 NVIDIA 591.86,false,assets/heightmaps/Hm_Terrain_Test_129.pgm,129,129,80.000,12.000,20,4.000,2.000,200000,7.365,0.000,18.000,6.869,21.995,20727,147572,20725,240,131,222,134,0,0,0,0,8,145.030,21.967,12.642,0.578,4.101,0.225,0.361,0.399,3.400,0.310,0.367,0.000,2.901,2.570,0.007,0.006,0.004,0.006,0.003,0.003,0.005,0.015,0.049,3.437,0.892,0.070,0.005,1.909,0.000,0.000,16528116,96,4.109,4.326,0.000,0.000,18
GPU ROAM-like,RelWithDebInfo,OpenGL,NVIDIA GeForce RTX 5090 D/PCIe/SSE2,4.3.0 NVIDIA 591.86,false,assets/heightmaps/Hm_Terrain_Test_129.pgm,129,129,80.000,12.000,20,4.000,2.000,200000,7.387,0.000,18.000,6.765,22.468,20745,147948,20743,188,94,170,112,0,0,0,0,8,74.023,21.522,12.128,0.711,4.004,0.218,0.359,0.377,3.111,0.241,0.365,0.000,2.741,2.656,0.011,0.006,0.005,0.007,0.003,0.003,0.007,0.015,0.057,3.624,0.831,0.076,0.004,1.765,0.000,0.000,16570228,96,3.728,4.222,0.000,0.000,18
GPU ROAM-like,RelWithDebInfo,OpenGL,NVIDIA GeForce RTX 5090 D/PCIe/SSE2,4.3.0 NVIDIA 591.86,false,assets/heightmaps/Hm_Terrain_Test_129.pgm,129,129,80.000,12.000,20,4.000,2.000,200000,7.409,0.000,18.000,6.663,22.029,20735,148308,20733,180,90,190,108,0,0,0,0,8,158.008,20.198,10.727,0.682,3.461,0.200,0.359,0.380,2.512,0.224,0.365,0.000,2.545,2.581,0.017,0.008,0.006,0.008,0.003,0.003,0.007,0.015,0.068,3.734,0.833,0.073,0.005,1.801,0.000,0.000,16610548,96,3.116,3.661,0.000,0.000,18
GPU ROAM-like,RelWithDebInfo,OpenGL,NVIDIA GeForce RTX 5090 D/PCIe/SSE2,4.3.0 NVIDIA 591.86,false,assets/heightmaps/Hm_Terrain_Test_129.pgm,129,129,80.000,12.000,20,4.000,2.000,200000,7.430,0.000,18.000,6.568,20.695,20639,148656,20637,174,87,270,116,0,0,0,0,8,154.026,20.708,11.249,0.743,3.962,0.251,0.361,0.226,2.309,0.248,0.366,0.000,2.784,2.769,0.009,0.006,0.006,0.008,0.003,0.003,0.007,0.015,0.055,3.540,0.850,0.074,0.005,1.782,0.000,0.000,16649524,96,2.782,4.212,0.000,0.000,18
GPU ROAM-like,RelWithDebInfo,OpenGL,NVIDIA GeForce RTX 5090 D/PCIe/SSE2,4.3.0 NVIDIA 591.86,false,assets/heightmaps/Hm_Terrain_Test_129.pgm,129,129,80.000,12.000,20,4.000,2.000,200000,7.451,0.000,18.000,6.471,21.213,20546,148948,20544,146,73,239,84,0,0,0,0,8,76.761,20.782,11.077,0.599,3.696,0.238,0.357,0.400,2.627,0.188,0.409,0.000,2.562,2.734,0.011,0.007,0.006,0.008,0.003,0.003,0.007,0.014,0.058,3.804,0.939,0.075,0.006,1.697,0.000,0.000,16682228,96,3.215,3.935,0.000,0.000,18
GPU ROAM-like,RelWithDebInfo,OpenGL,NVIDIA GeForce RTX 5090 D/PCIe/SSE2,4.3.0 NVIDIA 591.86,false,assets/heightmaps/Hm_Terrain_Test_129.pgm,129,129,80.000,12.000,20,4.000,2.000,200000,7.473,0.000,18.000,6.374,21.275,20493,149322,20491,187,93,240,104,0,0,0,0,8,624.329,20.508,10.969,0.652,3.516,0.221,0.355,0.391,2.766,0.229,0.359,0.000,2.480,2.580,0.018,0.010,0.007,0.008,0.003,0.003,0.007,0.014,0.071,3.646,0.849,0.076,0.006,1.872,0.000,0.000,16724116,96,3.386,3.736,0.000,0.000,18
GPU ROAM-like,RelWithDebInfo,OpenGL,NVIDIA GeForce RTX 5090 D/PCIe/SSE2,4.3.0 NVIDIA 591.86,false,assets/heightmaps/Hm_Terrain_Test_129.pgm,129,129,80.000,12.000,20,4.000,2.000,200000,7.494,0.000,18.000,6.279,21.029,20503,149668,20501,175,88,165,105,0,0,0,0,8,150.394,21.199,11.742,0.668,3.739,0.180,0.357,0.383,2.949,0.236,0.361,0.000,2.871,2.679,0.015,0.009,0.006,0.008,0.003,0.003,0.007,0.015,0.066,3.703,0.854,0.077,0.006,1.692,0.000,0.000,16762868,96,3.567,3.918,0.000,0.000,18
GPU ROAM-like,RelWithDebInfo,OpenGL,NVIDIA GeForce RTX 5090 D/PCIe/SSE2,4.3.0 NVIDIA 591.86,false,assets/heightmaps/Hm_Terrain_Test_129.pgm,129,129,80.000,12.000,20,4.000,2.000,200000,7.515,0.000,18.000,6.181,21.760,20484,149992,20482,162,81,181,94,0,0,0,0,8,77.391,20.612,11.173,0.703,3.526,0.192,0.357,0.367,2.628,0.218,0.362,0.000,2.819,2.564,0.008,0.008,0.005,0.008,0.003,0.003,0.006,0.014,0.055,3.522,0.950,0.073,0.005,1.880,0.000,0.000,16799156,96,3.214,3.718,0.000,0.000,18
GPU ROAM-like,RelWithDebInfo,OpenGL,NVIDIA GeForce RTX 5090 D/PCIe/SSE2,4.3.0 NVIDIA 591.86,false,assets/heightmaps/Hm_Terrain_Test_129.pgm,129,129,80.000,12.000,20,4.000,2.000,200000,7.536,0.000,18.000,6.087,21.132,20509,150356,20507,182,91,157,114,0,0,0,0,8,157.988,20.213,10.845,0.683,3.405,0.167,0.357,0.215,2.592,0.246,0.363,0.000,2.818,2.561,0.007,0.007,0.005,0.007,0.003,0.003,0.006,0.015,0.054,3.567,0.902,0.074,0.006,1.803,0.000,0.000,16839924,96,3.053,3.571,0.000,0.000,18
GPU ROAM-like,RelWithDebInfo,OpenGL,NVIDIA GeForce RTX 5090 D/PCIe/SSE2,4.3.0 NVIDIA 591.86,false,assets/heightmaps/Hm_Terrain_Test_129.pgm,129,129,80.000,12.000,20,4.000,2.000,200000,7.557,0.000,18.000,5.995,20.714,20473,150752,20471,198,99,234,116,0,0,0,0,8,75.808,21.042,11.584,0.706,3.780,0.234,0.362,0.393,2.720,0.361,0.359,0.000,2.669,2.636,0.016,0.008,0.006,0.008,0.003,0.003,0.006,0.014,0.065,3.607,0.847,0.075,0.005,1.833,0.000,0.000,16884276,96,3.473,4.014,0.000,0.000,18
GPU ROAM-like,RelWithDebInfo,OpenGL,NVIDIA GeForce RTX 5090 D/PCIe/SSE2,4.3.0 NVIDIA 591.86,false,assets/heightmaps/Hm_Terrain_Test_129.pgm,129,129,80.000,12.000,20,4.000,2.000,200000,7.579,0.000,18.000,5.900,21.552,20426,151108,20424,178,89,225,105,0,0,0,0,8,439.167,25.909,11.725,0.742,4.095,0.231,0.356,0.208,2.594,0.230,0.361,0.000,2.908,5.697,0.018,0.010,0.006,0.008,0.003,0.003,0.007,0.014,0.069,3.497,1.733,0.221,0.021,1.949,0.000,0.000,16924148,96,3.033,4.327,0.000,0.000,18
GPU ROAM-like,RelWithDebInfo,OpenGL,NVIDIA GeForce RTX 5090 D/PCIe/SSE2,4.3.0 NVIDIA 591.86,false,assets/heightmaps/Hm_Terrain_Test_129.pgm,129,129,80.000,12.000,20,4.000,2.000,200000,7.606,0.000,18.000,5.779,27.396,20214,151428,20212,160,80,372,102,0,0,0,0,8,97.413,32.489,25.517,2.471,9.051,0.960,0.739,0.396,3.773,0.534,0.454,0.000,7.139,1.107,0.008,0.007,0.005,0.006,0.003,0.003,0.007,0.015,0.053,3.644,0.000,0.073,0.005,1.707,0.000,0.000,16959988,96,4.703,10.011,0.000,0.000,18
GPU ROAM-like,RelWithDebInfo,OpenGL,NVIDIA GeForce RTX 5090 D/PCIe/SSE2,4.3.0 NVIDIA 591.86,false,assets/heightmaps/Hm_Terrain_Test_129.pgm,129,129,80.000,12.000,20,4.000,2.000,200000,7.639,0.000,18.000,5.635,33.134,20262,151952,20260,270,139,222,166,0,0,0,0,8,77.677,20.527,10.660,0.429,3.452,0.221,0.355,0.377,2.871,0.309,0.359,0.000,2.287,2.786,0.008,0.006,0.005,0.008,0.003,0.003,0.007,0.014,0.055,3.948,0.818,0.073,0.006,1.803,0.000,0.000,17018676,96,3.556,3.674,0.000,0.000,18
GPU ROAM-like,RelWithDebInfo,OpenGL,NVIDIA GeForce RTX 5090 D/PCIe/SSE2,4.3.0 NVIDIA 591.86,false,assets/heightmaps/Hm_Terrain_Test_129.pgm,129,129,80.000,12.000,20,4.000,2.000,200000,7.660,0.000,18.000,5.545,20.997,20302,152348,20300,198,99,158,126,0,0,0,0,8,624.557,20.427,11.048,0.665,3.416,0.157,0.355,0.211,2.769,0.257,0.359,0.000,2.858,2.688,0.017,0.009,0.007,0.008,0.003,0.003,0.007,0.015,0.068,3.634,0.824,0.069,0.005,1.728,0.000,0.000,17063028,96,3.237,3.573,0.000,0.000,18
GPU ROAM-like,RelWithDebInfo,OpenGL,NVIDIA GeForce RTX 5090 D/PCIe/SSE2,4.3.0 NVIDIA 591.86,false,assets/heightmaps/Hm_Terrain_Test_129.pgm,129,129,80.000,12.000,20,4.000,2.000,200000,7.681,0.000,18.000,5.455,20.880,20222,152640,20220,146,73,226,89,0,0,0,0,8,155.431,20.529,10.866,0.520,3.455,0.206,0.354,0.359,2.947,0.200,0.356,0.000,2.468,2.700,0.008,0.006,0.006,0.008,0.003,0.003,0.007,0.015,0.055,3.643,0.931,0.072,0.005,1.867,0.000,0.000,17095732,96,3.506,3.661,0.000,0.000,18
GPU ROAM-like,RelWithDebInfo,OpenGL,NVIDIA GeForce RTX 5090 D/PCIe/SSE2,4.3.0 NVIDIA 591.86,false,assets/heightmaps/Hm_Terrain_Test_129.pgm,129,129,80.000,12.000,20,4.000,2.000,200000,7.702,0.000,18.000,5.366,21.006,20212,153012,20210,192,99,202,106,0,0,0,0,8,77.767,20.518,10.868,0.686,3.550,0.188,0.352,0.379,2.693,0.219,0.353,0.000,2.449,2.578,0.007,0.006,0.005,0.008,0.003,0.003,0.007,0.015,0.052,3.730,0.973,0.074,0.005,1.840,0.000,0.000,17137396,96,3.290,3.737,0.000,0.000,18
GPU ROAM-like,RelWithDebInfo,OpenGL,NVIDIA GeForce RTX 5090 D/PCIe/SSE2,4.3.0 NVIDIA 591.86,false,assets/heightmaps/Hm_Terrain_Test_129.pgm,129,129,80.000,12.000,20,4.000,2.000,200000,7.723,0.000,18.000,5.275,21.358,20144,153332,20142,160,80,228,98,0,0,0,0,8,77.443,20.607,11.525,0.650,3.583,0.222,0.352,0.367,2.885,0.213,0.355,0.000,2.897,2.597,0.018,0.011,0.007,0.008,0.003,0.003,0.007,0.015,0.071,3.571,0.503,0.072,0.005,1.880,0.000,0.000,17173236,96,3.465,3.805,0.000,0.000,18
GPU ROAM-like,RelWithDebInfo,OpenGL,NVIDIA GeForce RTX 5090 D/PCIe/SSE2,4.3.0 NVIDIA 591.86,false,assets/heightmaps/Hm_Terrain_Test_129.pgm,129,129,80.000,12.000,20,4.000,2.000,200000,7.745,0.000,18.000,5.186,21.167,20012,153592,20010,130,65,262,76,0,0,0,0,8,85.670,18.694,11.550,0.647,3.653,0.245,0.355,0.368,2.985,0.171,0.353,0.000,2.772,0.903,0.015,0.009,0.006,0.008,0.003,0.003,0.007,0.015,0.066,3.611,0.000,0.069,0.005,2.078,0.000,0.000,17202356,96,3.525,3.898,0.000,0.000,18
GPU ROAM-like,RelWithDebInfo,OpenGL,NVIDIA GeForce RTX 5090 D/PCIe/SSE2,4.3.0 NVIDIA 591.86,false,assets/heightmaps/Hm_Terrain_Test_129.pgm,129,129,80.000,12.000,20,4.000,2.000,200000,7.764,0.000,18.000,5.106,19.205,19979,153818,19977,113,56,146,67,0,0,0,0,8,75.178,21.206,11.501,0.616,3.833,0.155,0.349,0.377,3.117,0.149,0.351,0.000,2.554,2.639,0.011,0.006,0.006,0.008,0.003,0.003,0.007,0.015,0.058,3.768,0.920,0.075,0.005,1.853,0.000,0.000,17227668,96,3.643,3.989,0.000,0.000,18
GPU ROAM-like,RelWithDebInfo,OpenGL,NVIDIA GeForce RTX 5090 D/PCIe/SSE2,4.3.0 NVIDIA 591.86,false,assets/heightmaps/Hm_Terrain_Test_129.pgm,129,129,80.000,12.000,20,4.000,2.000,200000,7.786,0.000,18.000,5.016,21.685,20017,154124,20015,155,78,117,94,0,0,0,0,8,78.487,20.331,10.497,0.650,3.496,0.135,0.350,0.207,2.663,0.196,0.350,0.000,2.450,2.606,0.008,0.007,0.005,0.007,0.003,0.003,0.007,0.014,0.054,3.725,0.997,0.073,0.005,1.982,0.000,0.000,17261940,96,3.066,3.631,0.000,0.000,18
GPU ROAM-like,RelWithDebInfo,OpenGL,NVIDIA GeForce RTX 5090 D/PCIe/SSE2,4.3.0 NVIDIA 591.86,false,assets/heightmaps/Hm_Terrain_Test_129.pgm,129,129,80.000,12.000,20,4.000,2.000,200000,7.807,0.000,18.000,4.929,21.115,20022,154420,20020,158,84,153,87,0,0,0,0,8,78.704,20.298,10.609,0.681,3.469,0.169,0.350,0.214,2.445,0.197,0.351,0.000,2.733,2.676,0.008,0.007,0.005,0.007,0.003,0.003,0.007,0.015,0.055,3.763,0.882,0.078,0.005,1.814,0.000,0.000,17295092,96,2.856,3.638,0.000,0.000,18
GPU ROAM-like,RelWithDebInfo,OpenGL,NVIDIA GeForce RTX 5090 D/PCIe/SSE2,4.3.0 NVIDIA 591.86,false,assets/heightmaps/Hm_Terrain_Test_129.pgm,129,129,80.000,12.000,20,4.000,2.000,200000,7.827,0.000,18.000,4.844,20.832,20056,154756,20054,168,84,134,102,0,0,0,0,8,71.808,22.250,12.261,0.800,3.729,0.170,0.387,0.375,3.171,0.229,0.361,0.000,3.039,2.949,0.007,0.009,0.005,0.007,0.003,0.003,0.007,0.014,0.055,3.730,0.893,0.078,0.005,1.816,0.000,0.000,17332724,96,3.774,3.899,0.000,0.000,18
GPU ROAM-like,RelWithDebInfo,OpenGL,NVIDIA GeForce RTX 5090 D/PCIe/SSE2,4.3.0 NVIDIA 591.86,false,assets/heightmaps/Hm_Terrain_Test_129.pgm,129,129,80.000,12.000,20,4.000,2.000,200000,7.850,0.000,18.000,4.751,22.761,19988,155048,19986,146,73,214,91,0,0,0,0,8,139.690,22.809,12.687,0.727,4.094,0.253,0.378,0.419,2.911,0.216,0.407,0.000,3.281,2.899,0.008,0.007,0.004,0.006,0.003,0.003,0.005,0.015,0.049,4.029,0.862,0.075,0.006,1.788,0.000,0.000,17365428,96,3.546,4.348,0.000,0.000,18
GPU ROAM-like,RelWithDebInfo,OpenGL,NVIDIA GeForce RTX 5090 D/PCIe/SSE2,4.3.0 NVIDIA 591.86,false,assets/heightmaps/Hm_Terrain_Test_129.pgm,129,129,80.000,12.000,20,4.000,2.000,200000,7.874,0.000,18.000,4.657,23.320,19934,155392,19932,174,88,228,103,0,0,0,0,8,68.919,23.115,12.790,0.720,4.062,0.281,0.425,0.377,2.793,0.264,0.390,0.000,3.476,3.010,0.007,0.008,0.005,0.006,0.003,0.003,0.007,0.014,0.053,4.106,0.852,0.080,0.006,1.804,0.000,0.000,17403956,96,3.434,4.344,0.000,0.000,18
GPU ROAM-like,RelWithDebInfo,OpenGL,NVIDIA GeForce RTX 5090 D/PCIe/SSE2,4.3.0 NVIDIA 591.86,false,assets/heightmaps/Hm_Terrain_Test_129.pgm,129,129,80.000,12.000,20,4.000,2.000,200000,7.897,0.000,18.000,4.562,23.648,19888,155728,19886,168,84,214,93,0,0,0,0,8,136.291,23.366,12.924,0.696,4.218,0.248,0.515,0.271,3.003,0.252,0.475,0.000,3.245,2.956,0.016,0.007,0.006,0.007,0.003,0.003,0.006,0.015,0.064,4.299,0.902,0.080,0.005,1.738,0.000,0.000,17441588,96,3.526,4.466,0.000,0.000,18
GPU ROAM-like,RelWithDebInfo,OpenGL,NVIDIA GeForce RTX 5090 D/PCIe/SSE2,4.3.0 NVIDIA 591.86,false,assets/heightmaps/Hm_Terrain_Test_129.pgm,129,129,80.000,12.000,20,4.000,2.000,200000,7.921,0.000,18.000,4.467,23.906,19852,156032,19850,152,76,188,93,0,0,0,0,8,116.988,27.164,16.525,1.000,5.274,0.327,0.930,0.375,3.995,0.268,0.824,0.000,3.532,3.013,0.016,0.007,0.004,0.006,0.003,0.003,0.005,0.015,0.060,4.341,0.966,0.083,0.006,1.749,0.000,0.000,17475636,96,4.637,5.601,0.000,0.000,18
GPU ROAM-like,RelWithDebInfo,OpenGL,NVIDIA GeForce RTX 5090 D/PCIe/SSE2,4.3.0 NVIDIA 591.86,false,assets/heightmaps/Hm_Terrain_Test_129.pgm,129,129,80.000,12.000,20,4.000,2.000,200000,7.949,0.000,18.000,4.358,27.732,19824,156352,19822,170,90,198,98,0,0,0,0,8,65.395,24.344,13.763,0.743,4.670,0.262,0.534,0.310,2.911,0.290,0.567,0.000,3.476,3.003,0.010,0.007,0.006,0.008,0.003,0.003,0.007,0.014,0.057,4.167,1.034,0.086,0.006,1.804,0.000,0.000,17511476,96,3.510,4.932,0.000,0.000,18
GPU ROAM-like,RelWithDebInfo,OpenGL,NVIDIA GeForce RTX 5090 D/PCIe/SSE2,4.3.0 NVIDIA 591.86,false,assets/heightmaps/Hm_Terrain_Test_129.pgm,129,129,80.000,12.000,20,4.000,2.000,200000,7.974,0.000,18.000,4.261,24.971,19878,156804,19876,234,121,180,132,0,0,0,0,8,121.163,26.303,13.826,0.861,3.930,0.224,0.373,0.236,2.593,0.327,0.370,0.000,4.912,3.015,0.011,0.006,0.004,0.006,0.003,0.003,0.007,0.015,0.055,6.063,1.063,0.078,0.006,1.712,0.000,0.000,17562100,96,3.155,4.154,0.000,0.000,18
GPU ROAM-like,RelWithDebInfo,OpenGL,NVIDIA GeForce RTX 5090 D/PCIe/SSE2,4.3.0 NVIDIA 591.86,false,assets/heightmaps/Hm_Terrain_Test_129.pgm,129,129,80.000,12.000,20,4.000,2.000,200000,8.001,0.000,18.000,4.157,26.922,19790,157104,19788,150,75,238,93,0,0,0,0,8,69.544,22.912,12.508,0.897,4.444,0.286,0.386,0.238,2.693,0.206,0.357,0.000,3.001,2.933,0.012,0.007,0.005,0.006,0.003,0.003,0.007,0.014,0.057,3.885,1.113,0.078,0.006,1.918,0.000,0.000,17595700,96,3.137,4.730,0.000,0.000,18
GPU ROAM-like,RelWithDebInfo,OpenGL,NVIDIA GeForce RTX 5090 D/PCIe/SSE2,4.3.0 NVIDIA 591.86,false,assets/heightmaps/Hm_Terrain_Test_129.pgm,129,129,80.000,12.000,20,4.000,2.000,200000,8.024,0.000,18.000,4.067,23.529,19712,157396,19710,146,73,224,91,0,0,0,0,8,135.958,23.648,12.711,0.729,3.784,0.254,0.389,0.374,2.860,0.220,0.356,0.000,3.743,3.153,0.016,0.008,0.005,0.006,0.003,0.003,0.007,0.015,0.063,3.971,1.137,0.098,0.006,1.878,0.000,0.000,17628404,96,3.455,4.038,0.000,0.000,18
GPU ROAM-like,RelWithDebInfo,OpenGL,NVIDIA GeForce RTX 5090 D/PCIe/SSE2,4.3.0 NVIDIA 591.86,false,assets/heightmaps/Hm_Terrain_Test_129.pgm,129,129,80.000,12.000,20,4.000,2.000,200000,8.049,0.000,18.000,3.975,24.241,19676,157744,19674,174,87,210,109,0,0,0,0,8,68.466,23.264,12.013,0.734,4.174,0.261,0.363,0.251,2.757,0.252,0.372,0.000,2.849,3.769,0.008,0.006,0.004,0.006,0.003,0.003,0.005,0.014,0.049,3.911,1.105,0.079,0.005,1.914,0.000,0.000,17667380,96,3.260,4.435,0.000,0.000,18
GPU ROAM-like,RelWithDebInfo,OpenGL,NVIDIA GeForce RTX 5090 D/PCIe/SSE2,4.3.0 NVIDIA 591.86,false,assets/heightmaps/Hm_Terrain_Test_129.pgm,129,129,80.000,12.000,20,4.000,2.000,200000,8.072,0.000,18.000,3.886,23.772,19613,158030,19611,145,73,208,82,0,0,0,0,8,144.977,21.990,11.811,0.662,4.035,0.218,0.353,0.365,3.007,0.190,0.347,0.000,2.634,2.996,0.016,0.009,0.006,0.006,0.003,0.003,0.007,0.014,0.064,3.678,1.063,0.074,0.006,1.904,0.000,0.000,17699412,96,3.563,4.253,0.000,0.000,18
GPU ROAM-like,RelWithDebInfo,OpenGL,NVIDIA GeForce RTX 5090 D/PCIe/SSE2,4.3.0 NVIDIA 591.86,false,assets/heightmaps/Hm_Terrain_Test_129.pgm,129,129,80.000,12.000,20,4.000,2.000,200000,8.095,0.000,18.000,3.803,22.474,19593,158248,19591,117,62,137,61,0,0,0,0,8,72.031,22.212,11.938,0.632,4.180,0.160,0.348,0.375,2.889,0.186,0.356,0.000,2.812,2.963,0.018,0.008,0.005,0.008,0.003,0.003,0.007,0.014,0.066,3.825,1.007,0.081,0.005,1.849,0.000,0.000,17723828,96,3.450,4.340,0.000,0.000,18
GPU ROAM-like,RelWithDebInfo,OpenGL,NVIDIA GeForce RTX 5090 D/PCIe/SSE2,4.3.0 NVIDIA 591.86,false,assets/heightmaps/Hm_Terrain_Test_129.pgm,129,129,80.000,12.000,20,4.000,2.000,200000,8.118,0.000,18.000,3.719,22.762,19625,158580,19623,168,85,136,99,0,0,0,0,8,142.600,22.363,12.103,0.673,3.775,0.182,0.364,0.356,2.925,0.228,0.368,0.000,3.230,2.793,0.011,0.006,0.006,0.008,0.003,0.003,0.006,0.014,0.056,3.943,0.994,0.075,0.005,1.978,0.000,0.000,17761012,96,3.510,3.958,0.000,0.000,18
GPU ROAM-like,RelWithDebInfo,OpenGL,NVIDIA GeForce RTX 5090 D/PCIe/SSE2,4.3.0 NVIDIA 591.86,false,assets/heightmaps/Hm_Terrain_Test_129.pgm,129,129,80.000,12.000,20,4.000,2.000,200000,8.140,0.000,18.000,3.635,22.881,19583,158864,19581,146,75,188,83,0,0,0,0,8,72.462,22.014,11.845,0.697,3.922,0.207,0.351,0.367,3.158,0.194,0.353,0.000,2.595,2.871,0.008,0.006,0.005,0.007,0.003,0.003,0.005,0.014,0.052,3.875,0.901,0.079,0.006,1.959,0.000,0.000,17792820,96,3.719,4.128,0.000,0.000,18
GPU ROAM-like,RelWithDebInfo,OpenGL,NVIDIA GeForce RTX 5090 D/PCIe/SSE2,4.3.0 NVIDIA 591.86,false,assets/heightmaps/Hm_Terrain_Test_129.pgm,129,129,80.000,12.000,20,4.000,2.000,200000,8.163,0.000,18.000,3.554,22.526,19525,159084,19523,110,55,168,71,0,0,0,0,8,144.303,22.097,12.330,0.649,4.321,0.214,0.364,0.370,3.146,0.155,0.351,0.000,2.758,3.019,0.017,0.007,0.005,0.008,0.003,0.003,0.005,0.014,0.062,3.678,0.849,0.074,0.006,1.679,0.000,0.000,17817460,96,3.672,4.535,0.000,0.000,18
GPU ROAM-like,RelWithDebInfo,OpenGL,NVIDIA GeForce RTX 5090 D/PCIe/SSE2,4.3.0 NVIDIA 591.86,false,assets/heightmaps/Hm_Terrain_Test_129.pgm,129,129,80.000,12.000,20,4.000,2.000,200000,8.186,0.000,18.000,3.473,22.592,19486,159316,19484,116,58,155,70,0,0,0,0,8,75.993,21.016,10.865,0.634,3.607,0.184,0.352,0.380,2.647,0.163,0.345,0.000,2.554,3.009,0.008,0.008,0.004,0.008,0.003,0.003,0.005,0.015,0.053,3.966,0.872,0.077,0.006,1.743,0.000,0.000,17843444,96,3.189,3.790,0.000,0.000,18
GPU ROAM-like,RelWithDebInfo,OpenGL,NVIDIA GeForce RTX 5090 D/PCIe/SSE2,4.3.0 NVIDIA 591.86,false,assets/heightmaps/Hm_Terrain_Test_129.pgm,129,129,80.000,12.000,20,4.000,2.000,200000,8.207,0.000,18.000,3.397,21.517,19460,159572,19458,128,64,154,78,0,0,0,0,8,145.786,21.886,11.639,0.657,4.063,0.192,0.354,0.356,2.872,0.174,0.375,0.000,2.595,2.931,0.008,0.006,0.005,0.008,0.003,0.003,0.007,0.015,0.056,3.948,0.902,0.078,0.006,1.905,0.000,0.000,17872116,96,3.402,4.255,0.000,0.000,18
GPU ROAM-like,RelWithDebInfo,OpenGL,NVIDIA GeForce RTX 5090 D/PCIe/SSE2,4.3.0 NVIDIA 591.86,false,assets/heightmaps/Hm_Terrain_Test_129.pgm,129,129,80.000,12.000,20,4.000,2.000,200000,8.230,0.000,18.000,3.316,22.831,19416,159792,19414,110,55,154,65,0,0,0,0,8,73.589,21.686,11.964,0.575,4.172,0.185,0.352,0.384,3.013,0.168,0.347,0.000,2.769,2.993,0.017,0.008,0.006,0.008,0.003,0.003,0.007,0.014,0.065,3.891,0.507,0.076,0.006,1.775,0.000,0.000,17896756,96,3.565,4.357,0.000,0.000,18
GPU ROAM-like,RelWithDebInfo,OpenGL,NVIDIA GeForce RTX 5090 D/PCIe/SSE2,4.3.0 NVIDIA 591.86,false,assets/heightmaps/Hm_Terrain_Test_129.pgm,129,129,80.000,12.000,20,4.000,2.000,200000,8.252,0.000,18.000,3.239,22.205,19350,160036,19348,122,61,188,75,0,0,0,0,8,77.298,20.676,11.134,0.600,3.904,0.187,0.346,0.218,2.844,0.171,0.344,0.000,2.518,2.754,0.014,0.008,0.006,0.006,0.003,0.003,0.007,0.014,0.060,3.816,0.550,0.073,0.006,1.860,0.000,0.000,17924084,96,3.233,4.091,0.000,0.000,18
GPU ROAM-like,RelWithDebInfo,OpenGL,NVIDIA GeForce RTX 5090 D/PCIe/SSE2,4.3.0 NVIDIA 591.86,false,assets/heightmaps/Hm_Terrain_Test_129.pgm,129,129,80.000,12.000,20,4.000,2.000,200000,8.273,0.000,18.000,3.166,21.292,19336,160256,19334,110,55,124,68,0,0,0,0,8,608.489,20.997,11.465,0.652,3.796,0.145,0.348,0.352,2.912,0.158,0.344,0.000,2.757,2.713,0.013,0.006,0.004,0.006,0.003,0.003,0.007,0.015,0.055,3.765,0.553,0.075,0.006,1.944,0.000,0.000,17948724,96,3.422,3.942,0.000,0.000,18
GPU ROAM-like,RelWithDebInfo,OpenGL,NVIDIA GeForce RTX 5090 D/PCIe/SSE2,4.3.0 NVIDIA 591.86,false,assets/heightmaps/Hm_Terrain_Test_129.pgm,129,129,80.000,12.000,20,4.000,2.000,200000,8.295,0.000,18.000,3.092,21.514,19392,160556,19390,150,75,94,91,0,0,0,0,8,75.332,21.184,11.253,0.654,3.989,0.138,0.355,0.273,2.475,0.197,0.377,0.000,2.795,2.927,0.016,0.006,0.006,0.008,0.003,0.003,0.005,0.014,0.062,3.771,0.883,0.074,0.006,1.805,0.000,0.000,17982324,96,2.944,4.127,0.000,0.000,18
GPU ROAM-like,RelWithDebInfo,OpenGL,NVIDIA GeForce RTX 5090 D/PCIe/SSE2,4.3.0 NVIDIA 591.86,false,assets/heightmaps/Hm_Terrain_Test_129.pgm,129,129,80.000,12.000,20,4.000,2.000,200000,8.317,0.000,18.000,3.019,21.673,19392,160808,19390,126,63,126,76,0,0,0,0,8,147.490,21.619,11.500,0.632,3.860,0.160,0.376,0.365,2.611,0.199,0.352,0.000,2.946,3.056,0.008,0.006,0.004,0.006,0.004,0.003,0.007,0.014,0.052,3.931,0.884,0.077,0.007,1.708,0.000,0.000,18010548,96,3.174,4.020,0.000,0.000,18
GPU ROAM-like,RelWithDebInfo,OpenGL,NVIDIA GeForce RTX 5090 D/PCIe/SSE2,4.3.0 NVIDIA 591.86,false,assets/heightmaps/Hm_Terrain_Test_129.pgm,129,129,80.000,12.000,20,4.000,2.000,200000,8.339,0.000,18.000,2.945,22.136,19308,161024,19306,108,54,192,57,0,0,0,0,8,71.930,22.173,11.741,0.656,4.269,0.220,0.343,0.365,2.721,0.160,0.347,0.000,2.660,2.887,0.007,0.004,0.004,0.007,0.003,0.003,0.005,0.014,0.047,3.977,1.160,0.078,0.006,1.851,0.000,0.000,18034740,96,3.246,4.489,0.000,0.000,18
GPU ROAM-like,RelWithDebInfo,OpenGL,NVIDIA GeForce RTX 5090 D/PCIe/SSE2,4.3.0 NVIDIA 591.86,false,assets/heightmaps/Hm_Terrain_Test_129.pgm,129,129,80.000,12.000,20,4.000,2.000,200000,8.361,0.000,18.000,2.870,22.672,19288,161272,19286,124,62,144,73,0,0,0,0,8,70.579,22.701,12.130,0.667,3.854,0.168,0.349,0.367,3.099,0.195,0.362,0.000,3.069,3.178,0.016,0.007,0.006,0.006,0.003,0.003,0.005,0.014,0.060,4.029,0.966,0.097,0.005,1.705,0.000,0.000,18062516,96,3.661,4.022,0.000,0.000,18
GPU ROAM-like,RelWithDebInfo,OpenGL,NVIDIA GeForce RTX 5090 D/PCIe/SSE2,4.3.0 NVIDIA 591.86,false,assets/heightmaps/Hm_Terrain_Test_129.pgm,129,129,80.000,12.000,20,4.000,2.000,200000,8.385,0.000,18.000,2.794,23.207,19242,161492,19240,110,55,156,68,0,0,0,0,8,145.288,21.955,11.592,0.606,3.926,0.168,0.361,0.345,2.967,0.157,0.343,0.000,2.717,2.988,0.016,0.006,0.006,0.008,0.003,0.003,0.005,0.014,0.061,3.777,1.091,0.075,0.005,1.960,0.000,0.000,18087156,96,3.470,4.094,0.000,0.000,18
GPU ROAM-like,RelWithDebInfo,OpenGL,NVIDIA GeForce RTX 5090 D/PCIe/SSE2,4.3.0 NVIDIA 591.86,false,assets/heightmaps/Hm_Terrain_Test_129.pgm,129,129,80.000,12.000,20,4.000,2.000,200000,8.407,0.000,18.000,2.722,22.457,19230,161712,19228,110,55,122,65,0,0,0,0,8,591.355,21.584,11.297,0.575,4.027,0.150,0.379,0.198,2.764,0.163,0.340,0.000,2.701,2.983,0.019,0.011,0.005,0.007,0.003,0.003,0.005,0.014,0.068,3.740,0.985,0.079,0.006,2.025,0.000,0.000,18111796,96,3.125,4.178,0.000,0.000,18
GPU ROAM-like,RelWithDebInfo,OpenGL,NVIDIA GeForce RTX 5090 D/PCIe/SSE2,4.3.0 NVIDIA 591.86,false,assets/heightmaps/Hm_Terrain_Test_129.pgm,129,129,80.000,12.000,20,4.000,2.000,200000,8.429,0.000,18.000,2.651,22.083,19246,161936,19244,112,56,96,61,0,0,0,0,8,292.272,21.840,11.668,0.608,4.080,0.139,0.344,0.366,2.849,0.170,0.348,0.000,2.765,2.897,0.016,0.007,0.004,0.006,0.003,0.003,0.005,0.014,0.059,3.862,0.894,0.078,0.006,1.956,0.000,0.000,18136884,96,3.385,4.218,0.000,0.000,18
GPU ROAM-like,RelWithDebInfo,OpenGL,NVIDIA GeForce RTX 5090 D/PCIe/SSE2,4.3.0 NVIDIA 591.86,false,assets/heightmaps/Hm_Terrain_Test_129.pgm,129,129,80.000,12.000,20,4.000,2.000,200000,8.451,0.000,18.000,2.581,22.340,19240,162208,19238,136,67,142,85,0,0,0,0,8,70.840,22.518,12.292,0.643,4.053,0.175,0.337,0.364,3.519,0.189,0.350,0.000,2.662,2.957,0.014,0.006,0.004,0.008,0.003,0.003,0.005,0.014,0.058,4.008,0.970,0.075,0.005,1.725,0.000,0.000,18167348,96,4.073,4.227,0.000,0.000,18
GPU ROAM-like,RelWithDebInfo,OpenGL,NVIDIA GeForce RTX 5090 D/PCIe/SSE2,4.3.0 NVIDIA 591.86,false,assets/heightmaps/Hm_Terrain_Test_129.pgm,129,129,80.000,12.000,20,4.000,2.000,200000,8.474,0.000,18.000,2.509,23.015,19162,162412,19160,102,51,180,58,0,0,0,0,8,148.537,21.487,11.416,0.615,3.745,0.183,0.340,0.361,2.958,0.143,0.345,0.000,2.725,3.066,0.018,0.008,0.006,0.008,0.003,0.003,0.005,0.014,0.065,3.790,0.933,0.075,0.006,1.729,0.000,0.000,18190196,96,3.462,3.928,0.000,0.000,18
GPU ROAM-like,RelWithDebInfo,OpenGL,NVIDIA GeForce RTX 5090 D/PCIe/SSE2,4.3.0 NVIDIA 591.86,false,assets/heightmaps/Hm_Terrain_Test_129.pgm,129,129,80.000,12.000,20,4.000,2.000,200000,8.496,0.000,18.000,2.441,21.978,19190,162692,19188,142,72,114,84,0,0,0,0,8,74.834,21.764,11.168,0.590,3.822,0.154,0.358,0.327,2.685,0.192,0.340,0.000,2.700,2.933,0.017,0.009,0.004,0.006,0.003,0.003,0.005,0.014,0.061,3.791,0.923,0.148,0.006,1.872,0.000,0.000,18221556,96,3.204,3.976,0.000,0.000,18
GPU ROAM-like,RelWithDebInfo,OpenGL,NVIDIA GeForce RTX 5090 D/PCIe/SSE2,4.3.0 NVIDIA 591.86,false,assets/heightmaps/Hm_Terrain_Test_129.pgm,129,129,80.000,12.000,20,4.000,2.000,200000,8.519,0.000,18.000,2.371,23.016,19176,162876,19174,92,46,106,51,0,0,0,0,8,114.876,41.258,25.486,1.837,9.118,0.379,0.826,0.456,4.131,0.402,0.596,0.000,7.742,3.067,0.011,0.004,0.004,0.008,0.003,0.003,0.005,0.014,0.052,9.482,0.870,0.079,0.005,1.787,0.000,0.000,18242164,96,4.989,9.497,0.000,0.000,18
GPU ROAM-like,RelWithDebInfo,OpenGL,NVIDIA GeForce RTX 5090 D/PCIe/SSE2,4.3.0 NVIDIA 591.86,false,assets/heightmaps/Hm_Terrain_Test_129.pgm,129,129,80.000,12.000,20,4.000,2.000,200000,8.561,0.000,18.000,2.245,41.919,19094,163272,19092,198,99,280,118,0,0,0,0,8,70.317,22.675,12.342,0.651,4.157,0.304,0.337,0.383,3.015,0.268,0.349,0.000,2.876,3.004,0.011,0.006,0.005,0.008,0.003,0.003,0.007,0.014,0.057,4.012,0.923,0.076,0.005,1.836,0.000,0.000,18286516,96,3.667,4.461,0.000,0.000,18
GPU ROAM-like,RelWithDebInfo,OpenGL,NVIDIA GeForce RTX 5090 D/PCIe/SSE2,4.3.0 NVIDIA 591.86,false,assets/heightmaps/Hm_Terrain_Test_129.pgm,129,129,80.000,12.000,20,4.000,2.000,200000,8.585,0.000,18.000,2.177,23.228,19112,163496,19110,112,56,94,64,0,0,0,0,8,150.864,21.185,10.648,0.622,3.389,0.122,0.336,0.272,2.772,0.158,0.340,0.000,2.637,2.904,0.020,0.012,0.007,0.009,0.003,0.003,0.007,0.014,0.075,4.059,1.066,0.078,0.005,1.929,0.000,0.000,18311604,96,3.201,3.511,0.000,0.000,18
GPU ROAM-like,RelWithDebInfo,OpenGL,NVIDIA GeForce RTX 5090 D/PCIe/SSE2,4.3.0 NVIDIA 591.86,false,assets/heightmaps/Hm_Terrain_Test_129.pgm,129,129,80.000,12.000,20,4.000,2.000,200000,8.606,0.000,18.000,2.114,21.727,19124,163736,19122,120,60,108,73,0,0,0,0,8,73.196,21.799,11.542,0.671,3.499,0.134,0.336,0.337,2.968,0.195,0.339,0.000,3.062,2.944,0.011,0.007,0.004,0.006,0.003,0.003,0.007,0.014,0.054,3.925,0.897,0.075,0.006,1.933,0.000,0.000,18338484,96,3.500,3.633,0.000,0.000,18
GPU ROAM-like,RelWithDebInfo,OpenGL,NVIDIA GeForce RTX 5090 D/PCIe/SSE2,4.3.0 NVIDIA 591.86,false,assets/heightmaps/Hm_Terrain_Test_129.pgm,129,129,80.000,12.000,20,4.000,2.000,200000,8.629,0.000,18.000,2.050,22.307,19076,163876,19074,70,35,118,45,0,0,0,0,8,145.004,22.334,11.546,0.649,3.882,0.152,0.353,0.336,2.849,0.114,0.340,0.000,2.871,2.983,0.012,0.006,0.004,0.008,0.003,0.003,0.007,0.014,0.056,3.997,1.000,0.074,0.006,1.920,0.000,0.000,18354164,96,3.299,4.034,0.000,0.000,17
GPU ROAM-like,RelWithDebInfo,OpenGL,NVIDIA GeForce RTX 5090 D/PCIe/SSE2,4.3.0 NVIDIA 591.86,false,assets/heightmaps/Hm_Terrain_Test_129.pgm,129,129,80.000,12.000,20,4.000,2.000,200000,8.652,0.000,18.000,1.984,23.559,19054,164056,19052,90,45,112,46,0,0,0,0,8,67.262,23.711,12.996,1.760,4.198,0.162,0.344,0.222,2.898,0.133,0.340,0.000,2.938,3.290,0.012,0.007,0.005,0.006,0.003,0.003,0.007,0.014,0.057,3.967,0.974,0.094,0.005,1.876,0.000,0.000,18374324,96,3.253,4.360,0.000,0.000,17
GPU ROAM-like,RelWithDebInfo,OpenGL,NVIDIA GeForce RTX 5090 D/PCIe/SSE2,4.3.0 NVIDIA 591.86,false,assets/heightmaps/Hm_Terrain_Test_129.pgm,129,129,80.000,12.000,20,4.000,2.000,200000,8.677,0.000,18.000,1.916,24.335,19090,164312,19088,128,64,92,74,0,0,0,0,8,150.292,21.257,10.938,0.658,3.396,0.112,0.335,0.351,2.840,0.178,0.339,0.000,2.731,2.916,0.008,0.007,0.005,0.008,0.003,0.003,0.007,0.014,0.054,3.942,0.930,0.075,0.005,1.962,0.000,0.000,18402996,96,3.368,3.507,0.000,0.000,17
GPU ROAM-like,RelWithDebInfo,OpenGL,NVIDIA GeForce RTX 5090 D/PCIe/SSE2,4.3.0 NVIDIA 591.86,false,assets/heightmaps/Hm_Terrain_Test_129.pgm,129,129,80.000,12.000,20,4.000,2.000,200000,8.698,0.000,18.000,1.857,21.758,19084,164560,19082,124,62,130,70,0,0,0,0,8,71.283,22.373,12.085,0.655,4.012,0.172,0.347,0.342,3.232,0.177,0.342,0.000,2.806,3.032,0.016,0.007,0.006,0.008,0.003,0.003,0.007,0.014,0.063,3.866,0.920,0.077,0.006,1.911,0.000,0.000,18430772,96,3.750,4.184,0.000,0.000,17
GPU ROAM-like,RelWithDebInfo,OpenGL,NVIDIA GeForce RTX 5090 D/PCIe/SSE2,4.3.0 NVIDIA 591.86,false,assets/heightmaps/Hm_Terrain_Test_129.pgm,129,129,80.000,12.000,20,4.000,2.000,200000,8.721,0.000,18.000,1.795,22.890,19082,164724,19080,94,53,96,45,0,0,0,0,8,206.008,23.218,12.430,0.613,4.248,0.196,0.384,0.356,3.152,0.146,0.351,0.000,2.984,2.974,0.019,0.010,0.007,0.008,0.003,0.003,0.007,0.014,0.071,4.295,0.929,0.076,0.006,2.018,0.000,0.000,18449140,96,3.655,4.444,0.000,0.000,17
GPU ROAM-like,RelWithDebInfo,OpenGL,NVIDIA GeForce RTX 5090 D/PCIe/SSE2,4.3.0 NVIDIA 591.86,false,assets/heightmaps/Hm_Terrain_Test_129.pgm,129,129,80.000,12.000,20,4.000,2.000,200000,8.745,0.000,18.000,1.731,24.090,19024,164892,19022,84,42,142,47,0,0,0,0,8,72.014,22.163,12.011,0.603,4.205,0.160,0.342,0.362,2.999,0.135,0.347,0.000,2.858,3.020,0.012,0.006,0.006,0.006,0.003,0.003,0.007,0.014,0.056,4.030,0.589,0.079,0.005,1.938,0.000,0.000,18467956,96,3.495,4.365,0.000,0.000,17
GPU ROAM-like,RelWithDebInfo,OpenGL,NVIDIA GeForce RTX 5090 D/PCIe/SSE2,4.3.0 NVIDIA 591.86,false,assets/heightmaps/Hm_Terrain_Test_129.pgm,129,129,80.000,12.000,20,4.000,2.000,200000,8.768,0.000,18.000,1.672,22.690,18996,165084,18994,96,48,124,57,0,0,0,0,8,145.372,21.942,11.484,0.613,4.293,0.162,0.343,0.343,2.793,0.135,0.335,0.000,2.468,2.984,0.018,0.010,0.006,0.008,0.003,0.003,0.007,0.014,0.070,3.820,0.998,0.074,0.006,2.109,0.000,0.000,18489460,96,3.271,4.455,0.000,0.000,17
GPU ROAM-like,RelWithDebInfo,OpenGL,NVIDIA GeForce RTX 5090 D/PCIe/SSE2,4.3.0 NVIDIA 591.86,false,assets/heightmaps/Hm_Terrain_Test_129.pgm,129,129,80.000,12.000,20,4.000,2.000,200000,8.790,0.000,18.000,1.614,22.495,18968,165292,18966,104,52,132,55,0,0,0,0,8,73.536,21.721,10.891,0.629,3.509,0.151,0.341,0.257,2.901,0.155,0.341,0.000,2.607,3.062,0.019,0.010,0.006,0.008,0.003,0.003,0.007,0.014,0.070,4.303,0.920,0.078,0.006,1.962,0.000,0.000,18512756,96,3.312,3.660,0.000,0.000,17
GPU ROAM-like,RelWithDebInfo,OpenGL,NVIDIA GeForce RTX 5090 D/PCIe/SSE2,4.3.0 NVIDIA 591.86,false,assets/heightmaps/Hm_Terrain_Test_129.pgm,129,129,80.000,12.000,20,4.000,2.000,200000,8.813,0.000,18.000,1.558,22.257,18984,165464,18982,86,43,70,48,0,0,0,0,8,73.413,21.738,11.257,0.605,3.693,0.100,0.336,0.365,3.182,0.129,0.343,0.000,2.503,2.926,0.019,0.011,0.006,0.009,0.003,0.003,0.005,0.014,0.070,4.071,0.918,0.075,0.006,2.010,0.000,0.000,18532020,96,3.676,3.793,0.000,0.000,17
GPU ROAM-like,RelWithDebInfo,OpenGL,NVIDIA GeForce RTX 5090 D/PCIe/SSE2,4.3.0 NVIDIA 591.86,false,assets/heightmaps/Hm_Terrain_Test_129.pgm,129,129,80.000,12.000,20,4.000,2.000,200000,8.835,0.000,18.000,1.502,22.265,19004,165656,19002,96,48,76,59,0,0,0,0,8,144.432,22.109,11.395,0.639,4.116,0.117,0.348,0.363,2.867,0.134,0.341,0.000,2.470,3.082,0.008,0.007,0.006,0.008,0.003,0.003,0.007,0.014,0.056,4.127,1.030,0.080,0.005,1.890,0.000,0.000,18553524,96,3.364,4.233,0.000,0.000,17
GPU ROAM-like,RelWithDebInfo,OpenGL,NVIDIA GeForce RTX 5090 D/PCIe/SSE2,4.3.0 NVIDIA 591.86,false,assets/heightmaps/Hm_Terrain_Test_129.pgm,129,129,80.000,12.000,20,4.000,2.000,200000,8.858,0.000,18.000,1.447,22.628,19032,165836,19030,90,45,62,53,0,0,0,0,8,72.729,21.961,11.545,0.635,3.697,0.094,0.339,0.356,3.101,0.138,0.340,0.000,2.846,3.040,0.015,0.008,0.006,0.008,0.003,0.003,0.007,0.014,0.062,3.971,0.906,0.076,0.005,1.917,0.000,0.000,18573684,96,3.594,3.791,0.000,0.000,17
GPU ROAM-like,RelWithDebInfo,OpenGL,NVIDIA GeForce RTX 5090 D/PCIe/SSE2,4.3.0 NVIDIA 591.86,false,assets/heightmaps/Hm_Terrain_Test_129.pgm,129,129,80.000,12.000,20,4.000,2.000,200000,8.880,0.000,18.000,1.393,22.488,18942,166008,18940,86,43,176,44,0,0,0,0,8,79.721,20.134,12.311,0.659,4.357,0.187,0.340,0.344,3.069,0.143,0.342,0.000,2.871,1.198,0.017,0.009,0.006,0.008,0.003,0.003,0.007,0.014,0.067,4.054,0.000,0.071,0.006,1.936,0.000,0.000,18592948,96,3.555,4.544,0.000,0.000,17
GPU ROAM-like,RelWithDebInfo,OpenGL,NVIDIA GeForce RTX 5090 D/PCIe/SSE2,4.3.0 NVIDIA 591.86,false,assets/heightmaps/Hm_Terrain_Test_129.pgm,129,129,80.000,12.000,20,4.000,2.000,200000,8.901,0.000,18.000,1.344,20.657,18925,166134,18923,65,33,82,32,0,0,0,0,8,74.961,21.297,10.792,0.620,3.577,0.111,0.343,0.349,2.858,0.099,0.338,0.000,2.497,3.202,0.015,0.007,0.005,0.008,0.003,0.003,0.007,0.014,0.062,4.031,0.872,0.072,0.006,1.847,0.000,0.000,18607060,96,3.306,3.688,0.000,0.000,17
GPU ROAM-like,RelWithDebInfo,OpenGL,NVIDIA GeForce RTX 5090 D/PCIe/SSE2,4.3.0 NVIDIA 591.86,false,assets/heightmaps/Hm_Terrain_Test_129.pgm,129,129,80.000,12.000,20,4.000,2.000,200000,8.923,0.000,18.000,1.293,21.796,18937,166340,18935,103,51,91,57,0,0,0,0,8,74.746,21.366,10.917,0.575,3.799,0.139,0.338,0.324,2.623,0.163,0.338,0.000,2.617,3.080,0.011,0.006,0.005,0.008,0.003,0.003,0.007,0.014,0.056,4.070,0.865,0.076,0.005,1.868,0.000,0.000,18630132,96,3.110,3.938,0.000,0.000,17
GPU ROAM-like,RelWithDebInfo,OpenGL,NVIDIA GeForce RTX 5090 D/PCIe/SSE2,4.3.0 NVIDIA 591.86,false,assets/heightmaps/Hm_Terrain_Test_129.pgm,129,129,80.000,12.000,20,4.000,2.000,200000,8.944,0.000,18.000,1.243,21.877,18908,166520,18906,90,45,119,48,0,0,0,0,8,148.929,21.451,11.103,0.587,3.705,0.138,0.333,0.354,2.908,0.143,0.341,0.000,2.595,3.001,0.017,0.009,0.006,0.008,0.003,0.003,0.007,0.014,0.068,3.926,0.943,0.076,0.005,1.906,0.000,0.000,18650292,96,3.404,3.843,0.000,0.000,17
GPU ROAM-like,RelWithDebInfo,OpenGL,NVIDIA GeForce RTX 5090 D/PCIe/SSE2,4.3.0 NVIDIA 591.86,false,assets/heightmaps/Hm_Terrain_Test_129.pgm,129,129,80.000,12.000,20,4.000,2.000,200000,8.966,0.000,18.000,1.194,21.966,18897,166650,18895,65,32,76,36,0,0,0,0,8,73.110,21.843,11.300,0.605,3.692,0.113,0.336,0.374,3.123,0.106,0.337,0.000,2.615,2.973,0.007,0.007,0.007,0.009,0.003,0.003,0.009,0.015,0.060,4.019,1.027,0.076,0.006,1.946,0.000,0.000,18664852,96,3.603,3.804,0.000,0.000,17
GPU ROAM-like,RelWithDebInfo,OpenGL,NVIDIA GeForce RTX 5090 D/PCIe/SSE2,4.3.0 NVIDIA 591.86,false,assets/heightmaps/Hm_Terrain_Test_129.pgm,129,129,80.000,12.000,20,4.000,2.000,200000,8.989,0.000,18.000,1.144,22.362,18892,166784,18890,67,33,72,38,0,0,0,0,8,139.619,22.881,11.692,0.600,3.734,0.109,0.340,0.375,3.208,0.106,0.341,0.000,2.878,3.129,0.016,0.008,0.006,0.008,0.003,0.003,0.008,0.014,0.066,4.177,1.227,0.080,0.006,2.045,0.000,0.000,18679860,96,3.689,3.843,0.000,0.000,17
GPU ROAM-like,RelWithDebInfo,OpenGL,NVIDIA GeForce RTX 5090 D/PCIe/SSE2,4.3.0 NVIDIA 591.86,false,assets/heightmaps/Hm_Terrain_Test_129.pgm,129,129,80.000,12.000,20,4.000,2.000,200000,9.012,0.000,18.000,1.094,23.419,18917,166952,18915,84,42,59,45,0,0,0,0,8,68.578,23.378,12.297,0.634,4.242,0.098,0.347,0.380,3.196,0.160,0.347,0.000,2.893,3.046,0.012,0.008,0.006,0.008,0.003,0.003,0.007,0.014,0.061,4.208,1.116,0.079,0.006,2.007,0.000,0.000,18698676,96,3.736,4.340,0.000,0.000,17
GPU ROAM-like,RelWithDebInfo,OpenGL,NVIDIA GeForce RTX 5090 D/PCIe/SSE2,4.3.0 NVIDIA 591.86,false,assets/heightmaps/Hm_Terrain_Test_129.pgm,129,129,80.000,12.000,20,4.000,2.000,200000,9.036,0.000,18.000,1.043,23.924,18821,167068,18819,58,29,154,30,0,0,0,0,8,77.936,20.574,12.529,0.740,4.185,0.190,0.433,0.365,3.199,0.108,0.387,0.000,2.923,1.100,0.019,0.011,0.007,0.007,0.003,0.003,0.007,0.014,0.071,4.258,0.000,0.083,0.005,2.049,0.000,0.000,18711668,96,3.672,4.375,0.000,0.000,17
GPU ROAM-like,RelWithDebInfo,OpenGL,NVIDIA GeForce RTX 5090 D/PCIe/SSE2,4.3.0 NVIDIA 591.86,false,assets/heightmaps/Hm_Terrain_Test_129.pgm,129,129,80.000,12.000,20,4.000,2.000,200000,9.057,0.000,18.000,0.999,21.177,18751,167168,18749,50,25,120,30,0,0,0,0,8,79.794,20.090,12.252,0.727,4.024,0.148,0.341,0.404,3.391,0.091,0.343,0.000,2.783,1.046,0.006,0.008,0.005,0.008,0.003,0.003,0.007,0.014,0.054,4.099,0.000,0.076,0.006,2.080,0.000,0.000,18722868,96,3.886,4.171,0.000,0.000,17
GPU ROAM-like,RelWithDebInfo,OpenGL,NVIDIA GeForce RTX 5090 D/PCIe/SSE2,4.3.0 NVIDIA 591.86,false,assets/heightmaps/Hm_Terrain_Test_129.pgm,129,129,80.000,12.000,20,4.000,2.000,200000,9.078,0.000,18.000,0.958,20.691,18727,167288,18725,60,30,84,34,0,0,0,0,8,82.606,19.433,11.523,0.753,4.046,0.126,0.353,0.355,2.719,0.106,0.349,0.000,2.716,1.047,0.011,0.009,0.006,0.008,0.003,0.003,0.007,0.014,0.061,4.159,0.000,0.088,0.005,2.068,0.000,0.000,18736308,96,3.180,4.172,0.000,0.000,17
GPU ROAM-like,RelWithDebInfo,OpenGL,NVIDIA GeForce RTX 5090 D/PCIe/SSE2,4.3.0 NVIDIA 591.86,false,assets/heightmaps/Hm_Terrain_Test_129.pgm,129,129,80.000,12.000,20,4.000,2.000,200000,9.098,0.000,18.000,0.918,20.039,18694,167422,18692,67,33,100,39,0,0,0,0,8,140.374,22.787,11.602,0.659,3.800,0.141,0.343,0.372,3.104,0.113,0.347,0.000,2.722,3.166,0.011,0.006,0.006,0.008,0.003,0.003,0.007,0.014,0.058,4.364,1.103,0.084,0.006,1.910,0.000,0.000,18751316,96,3.589,3.941,0.000,0.000,17
GPU ROAM-like,RelWithDebInfo,OpenGL,NVIDIA GeForce RTX 5090 D/PCIe/SSE2,4.3.0 NVIDIA 591.86,false,assets/heightmaps/Hm_Terrain_Test_129.pgm,129,129,80.000,12.000,20,4.000,2.000,200000,9.121,0.000,18.000,0.872,23.323,18736,167570,18734,74,37,32,41,0,0,0,0,8,68.684,23.214,12.099,0.695,4.073,0.063,0.347,0.353,3.253,0.118,0.346,0.000,2.851,3.289,0.011,0.006,0.005,0.006,0.003,0.003,0.007,0.014,0.054,4.171,1.063,0.078,0.006,2.015,0.000,0.000,18767892,96,3.723,4.136,0.000,0.000,17
GPU ROAM-like,RelWithDebInfo,OpenGL,NVIDIA GeForce RTX 5090 D/PCIe/SSE2,4.3.0 NVIDIA 591.86,false,assets/heightmaps/Hm_Terrain_Test_129.pgm,129,129,80.000,12.000,20,4.000,2.000,200000,9.145,0.000,18.000,0.827,23.746,18765,167728,18763,79,39,50,46,0,0,0,0,8,138.323,23.042,12.065,0.673,4.051,0.086,0.449,0.368,2.831,0.142,0.394,0.000,3.070,3.134,0.011,0.006,0.005,0.008,0.003,0.003,0.007,0.014,0.056,4.460,0.834,0.079,0.006,1.988,0.000,0.000,18785588,96,3.342,4.137,0.000,0.000,17
GPU ROAM-like,RelWithDebInfo,OpenGL,NVIDIA GeForce RTX 5090 D/PCIe/SSE2,4.3.0 NVIDIA 591.86,false,assets/heightmaps/Hm_Terrain_Test_129.pgm,129,129,80.000,12.000,20,4.000,2.000,200000,9.169,0.000,18.000,0.783,23.569,18814,167878,18812,75,37,26,41,0,0,0,0,8,69.621,22.907,11.713,0.649,3.740,0.057,0.354,0.359,3.514,0.114,0.338,0.000,2.588,3.284,0.007,0.007,0.005,0.008,0.003,0.003,0.007,0.014,0.053,4.284,1.174,0.077,0.006,1.878,0.000,0.000,18802388,96,3.987,3.797,0.000,0.000,17
GPU ROAM-like,RelWithDebInfo,OpenGL,NVIDIA GeForce RTX 5090 D/PCIe/SSE2,4.3.0 NVIDIA 591.86,false,assets/heightmaps/Hm_Terrain_Test_129.pgm,129,129,80.000,12.000,20,4.000,2.000,200000,9.192,0.000,18.000,0.741,23.393,18813,168008,18811,65,32,66,34,0,0,0,0,8,139.645,23.034,12.164,0.638,3.977,0.094,0.336,0.359,3.096,0.162,0.377,0.000,3.126,3.139,0.011,0.005,0.005,0.007,0.003,0.003,0.007,0.014,0.056,3.941,1.112,0.100,0.005,1.888,0.000,0.000,18816948,96,3.616,4.070,0.000,0.000,17
GPU ROAM-like,RelWithDebInfo,OpenGL,NVIDIA GeForce RTX 5090 D/PCIe/SSE2,4.3.0 NVIDIA 591.86,false,assets/heightmaps/Hm_Terrain_Test_129.pgm,129,129,80.000,12.000,20,4.000,2.000,200000,9.216,0.000,18.000,0.700,23.581,18804,168150,18802,77,41,86,37,0,0,0,0,8,71.160,22.421,11.513,0.601,3.725,0.131,0.342,0.368,2.937,0.125,0.377,0.000,2.906,3.075,0.011,0.006,0.005,0.008,0.003,0.003,0.007,0.014,0.057,4.311,1.016,0.074,0.006,1.939,0.000,0.000,18832852,96,3.430,3.856,0.000,0.000,17
GPU ROAM-like,RelWithDebInfo,OpenGL,NVIDIA GeForce RTX 5090 D/PCIe/SSE2,4.3.0 NVIDIA 591.86,false,assets/heightmaps/Hm_Terrain_Test_129.pgm,129,129,80.000,12.000,20,4.000,2.000,200000,9.239,0.000,18.000,0.660,23.340,18706,168238,18704,44,22,142,34,0,0,0,0,8,83.261,19.244,11.488,0.659,3.773,0.148,0.372,0.337,2.819,0.080,0.346,0.000,2.954,1.160,0.008,0.006,0.005,0.009,0.003,0.003,0.007,0.014,0.055,4.109,0.000,0.072,0.006,1.908,0.000,0.000,18842708,96,3.237,3.920,0.000,0.000,17
GPU ROAM-like,RelWithDebInfo,OpenGL,NVIDIA GeForce RTX 5090 D/PCIe/SSE2,4.3.0 NVIDIA 591.86,false,assets/heightmaps/Hm_Terrain_Test_129.pgm,129,129,80.000,12.000,20,4.000,2.000,200000,9.259,0.000,18.000,0.627,19.829,18690,168330,18688,46,23,62,26,0,0,0,0,8,0.000,19.273,11.246,0.667,3.938,0.080,0.333,0.379,2.506,0.086,0.348,0.000,2.908,1.161,0.011,0.007,0.006,0.008,0.003,0.003,0.007,0.014,0.059,4.375,0.000,0.073,0.006,1.916,0.000,0.000,18853012,96,2.971,4.017,0.000,0.000,17
GPU ROAM-like,RelWithDebInfo,OpenGL,NVIDIA GeForce RTX 5090 D/PCIe/SSE2,4.3.0 NVIDIA 591.86,false,assets/heightmaps/Hm_Terrain_Test_129.pgm,129,129,80.000,12.000,20,4.000,2.000,200000,9.279,0.000,18.000,0.595,19.776,18679,168438,18677,54,27,65,27,0,0,0,0,8,74.309,21.509,11.154,0.587,3.460,0.087,0.330,0.358,3.147,0.106,0.354,0.000,2.724,3.095,0.018,0.009,0.006,0.008,0.003,0.003,0.007,0.014,0.067,4.242,0.580,0.076,0.005,1.853,0.000,0.000,18865108,96,3.611,3.547,0.000,0.000,17
GPU ROAM-like,RelWithDebInfo,OpenGL,NVIDIA GeForce RTX 5090 D/PCIe/SSE2,4.3.0 NVIDIA 591.86,false,assets/heightmaps/Hm_Terrain_Test_129.pgm,129,129,80.000,12.000,20,4.000,2.000,200000,9.301,0.000,18.000,0.560,22.035,18676,168556,18674,59,29,62,34,0,0,0,0,8,521.670,21.452,11.042,0.615,3.579,0.089,0.340,0.356,3.033,0.096,0.349,0.000,2.583,2.892,0.012,0.009,0.008,0.011,0.003,0.003,0.008,0.015,0.068,4.291,0.576,0.073,0.006,2.065,0.000,0.000,18878324,96,3.484,3.668,0.000,0.000,17
GPU ROAM-like,RelWithDebInfo,OpenGL,NVIDIA GeForce RTX 5090 D/PCIe/SSE2,4.3.0 NVIDIA 591.86,false,assets/heightmaps/Hm_Terrain_Test_129.pgm,129,129,80.000,12.000,20,4.000,2.000,200000,9.323,0.000,18.000,0.526,21.968,18674,168652,18672,48,24,50,26,0,0,0,0,8,71.768,22.238,11.173,0.601,3.820,0.076,0.366,0.303,2.715,0.087,0.362,0.000,2.843,3.146,0.007,0.008,0.004,0.006,0.003,0.003,0.007,0.014,0.052,4.153,1.113,0.078,0.006,2.077,0.000,0.000,18889076,96,3.105,3.896,0.000,0.000,17
GPU ROAM-like,RelWithDebInfo,OpenGL,NVIDIA GeForce RTX 5090 D/PCIe/SSE2,4.3.0 NVIDIA 591.86,false,assets/heightmaps/Hm_Terrain_Test_129.pgm,129,129,80.000,12.000,20,4.000,2.000,200000,9.345,0.000,18.000,0.492,22.734,18662,168720,18660,34,17,46,22,0,0,0,0,8,68.683,23.218,12.150,0.619,4.207,0.070,0.408,0.386,3.020,0.076,0.390,0.000,2.974,3.230,0.007,0.007,0.005,0.006,0.003,0.003,0.007,0.014,0.052,4.178,1.068,0.082,0.005,2.007,0.000,0.000,18896692,96,3.482,4.277,0.000,0.000,17
GPU ROAM-like,RelWithDebInfo,OpenGL,NVIDIA GeForce RTX 5090 D/PCIe/SSE2,4.3.0 NVIDIA 591.86,false,assets/heightmaps/Hm_Terrain_Test_129.pgm,129,129,80.000,12.000,20,4.000,2.000,200000,9.369,0.000,18.000,0.458,23.740,18646,168820,18644,50,25,66,28,0,0,0,0,8,141.352,22.595,11.887,0.622,4.316,0.100,0.332,0.355,2.842,0.090,0.345,0.000,2.886,3.205,0.011,0.004,0.004,0.006,0.003,0.003,0.007,0.014,0.051,4.061,1.012,0.079,0.007,1.833,0.000,0.000,18907892,96,3.287,4.416,0.000,0.000,17
GPU ROAM-like,RelWithDebInfo,OpenGL,NVIDIA GeForce RTX 5090 D/PCIe/SSE2,4.3.0 NVIDIA 591.86,false,assets/heightmaps/Hm_Terrain_Test_129.pgm,129,129,80.000,12.000,20,4.000,2.000,200000,9.392,0.000,18.000,0.425,23.121,18638,168904,18636,42,21,50,34,0,0,0,0,8,69.950,22.804,12.049,0.683,4.172,0.091,0.362,0.352,3.185,0.079,0.336,0.000,2.789,3.276,0.009,0.007,0.004,0.007,0.003,0.003,0.007,0.014,0.054,4.131,0.917,0.073,0.006,1.861,0.000,0.000,18917300,96,3.616,4.263,0.000,0.000,17
GPU ROAM-like,RelWithDebInfo,OpenGL,NVIDIA GeForce RTX 5090 D/PCIe/SSE2,4.3.0 NVIDIA 591.86,false,assets/heightmaps/Hm_Terrain_Test_129.pgm,129,129,80.000,12.000,20,4.000,2.000,200000,9.415,0.000,18.000,0.394,23.319,18618,169004,18616,50,25,70,34,0,0,0,0,8,147.297,21.702,11.013,0.600,3.695,0.098,0.350,0.355,2.720,0.100,0.337,0.000,2.757,3.157,0.014,0.007,0.005,0.008,0.003,0.003,0.007,0.014,0.061,4.097,0.945,0.079,0.006,1.892,0.000,0.000,18928500,96,3.175,3.793,0.000,0.000,17
GPU ROAM-like,RelWithDebInfo,OpenGL,NVIDIA GeForce RTX 5090 D/PCIe/SSE2,4.3.0 NVIDIA 591.86,false,assets/heightmaps/Hm_Terrain_Test_129.pgm,129,129,80.000,12.000,20,4.000,2.000,200000,9.438,0.000,18.000,0.365,22.230,18602,169112,18600,54,27,70,34,0,0,0,0,8,282.570,22.592,11.829,0.617,3.826,0.105,0.331,0.350,3.271,0.095,0.336,0.000,2.898,3.072,0.011,0.006,0.005,0.007,0.003,0.003,0.007,0.014,0.056,4.303,0.916,0.074,0.005,1.894,0.000,0.000,18940596,96,3.716,3.931,0.000,0.000,17
GPU ROAM-like,RelWithDebInfo,OpenGL,NVIDIA GeForce RTX 5090 D/PCIe/SSE2,4.3.0 NVIDIA 591.86,false,assets/heightmaps/Hm_Terrain_Test_129.pgm,129,129,80.000,12.000,20,4.000,2.000,200000,9.461,0.000,18.000,0.336,23.107,18589,169210,18587,49,24,62,26,0,0,0,0,8,575.814,22.176,11.591,0.652,4.097,0.095,0.337,0.351,2.912,0.090,0.335,0.000,2.722,3.104,0.009,0.006,0.005,0.007,0.003,0.003,0.007,0.014,0.054,4.069,0.920,0.079,0.006,1.913,0.000,0.000,18951572,96,3.353,4.192,0.000,0.000,17
GPU ROAM-like,RelWithDebInfo,OpenGL,NVIDIA GeForce RTX 5090 D/PCIe/SSE2,4.3.0 NVIDIA 591.86,false,assets/heightmaps/Hm_Terrain_Test_129.pgm,129,129,80.000,12.000,20,4.000,2.000,200000,9.483,0.000,18.000,0.309,22.690,18604,169320,18602,55,27,40,35,0,0,0,0,8,72.468,22.045,11.319,0.574,3.754,0.065,0.353,0.349,2.892,0.093,0.331,0.000,2.907,3.213,0.013,0.007,0.006,0.007,0.003,0.003,0.007,0.014,0.059,4.146,0.850,0.074,0.005,1.933,0.000,0.000,18963892,96,3.334,3.819,0.000,0.000,17
GPU ROAM-like,RelWithDebInfo,OpenGL,NVIDIA GeForce RTX 5090 D/PCIe/SSE2,4.3.0 NVIDIA 591.86,false,assets/heightmaps/Hm_Terrain_Test_129.pgm,129,129,80.000,12.000,20,4.000,2.000,200000,9.506,0.000,18.000,0.283,22.543,18546,169388,18544,34,17,92,19,0,0,0,0,8,83.463,19.196,11.311,0.541,3.932,0.120,0.330,0.294,3.086,0.068,0.336,0.000,2.604,1.080,0.008,0.008,0.005,0.008,0.003,0.003,0.007,0.014,0.056,4.152,0.000,0.072,0.006,2.078,0.000,0.000,18971508,96,3.448,4.052,0.000,0.000,17
GPU ROAM-like,RelWithDebInfo,OpenGL,NVIDIA GeForce RTX 5090 D/PCIe/SSE2,4.3.0 NVIDIA 591.86,false,assets/heightmaps/Hm_Terrain_Test_129.pgm,129,129,80.000,12.000,20,4.000,2.000,200000,9.526,0.000,18.000,0.261,19.703,18542,169472,18540,42,21,46,24,0,0,0,0,8,129.740,25.216,10.941,0.554,3.504,0.069,0.384,0.361,2.976,0.084,0.331,0.000,2.678,5.787,0.024,0.009,0.007,0.008,0.003,0.003,0.007,0.014,0.076,4.074,1.760,0.233,0.014,1.216,0.000,0.000,18980916,96,3.420,3.572,0.000,0.000,17
GPU ROAM-like,RelWithDebInfo,OpenGL,NVIDIA GeForce RTX 5090 D/PCIe/SSE2,4.3.0 NVIDIA 591.86,false,assets/heightmaps/Hm_Terrain_Test_129.pgm,129,129,80.000,12.000,20,4.000,2.000,200000,9.552,0.000,18.000,0.233,26.537,18542,169548,18540,38,19,38,21,0,0,0,0,8,131.445,36.137,23.605,1.894,7.985,0.181,0.846,0.510,3.501,0.170,0.478,0.000,8.039,3.256,0.017,0.009,0.006,0.008,0.003,0.003,0.007,0.014,0.066,5.962,0.873,0.080,0.006,1.847,0.000,0.000,18989428,96,4.181,8.167,0.000,0.000,17
GPU ROAM-like,RelWithDebInfo,OpenGL,NVIDIA GeForce RTX 5090 D/PCIe/SSE2,4.3.0 NVIDIA 591.86,false,assets/heightmaps/Hm_Terrain_Test_129.pgm,129,129,80.000,12.000,20,4.000,2.000,200000,9.589,0.000,18.000,0.197,36.803,18532,169652,18530,52,26,62,38,0,0,0,0,8,68.573,23.238,12.439,0.676,4.403,0.105,0.363,0.370,3.017,0.096,0.357,0.000,3.051,3.090,0.008,0.006,0.005,0.009,0.003,0.003,0.007,0.014,0.055,4.468,0.841,0.077,0.005,1.844,0.000,0.000,19001076,96,3.483,4.508,0.000,0.000,17
GPU ROAM-like,RelWithDebInfo,OpenGL,NVIDIA GeForce RTX 5090 D/PCIe/SSE2,4.3.0 NVIDIA 591.86,false,assets/heightmaps/Hm_Terrain_Test_129.pgm,129,129,80.000,12.000,20,4.000,2.000,200000,9.613,0.000,18.000,0.175,23.755,18551,169714,18549,31,15,12,16,0,0,0,0,8,149.051,21.435,10.839,0.569,3.596,0.028,0.328,0.333,2.843,0.060,0.353,0.000,2.727,3.062,0.007,0.007,0.007,0.009,0.003,0.003,0.009,0.015,0.061,4.168,0.898,0.076,0.006,1.895,0.000,0.000,19008020,96,3.236,3.624,0.000,0.000,17
GPU ROAM-like,RelWithDebInfo,OpenGL,NVIDIA GeForce RTX 5090 D/PCIe/SSE2,4.3.0 NVIDIA 591.86,false,assets/heightmaps/Hm_Terrain_Test_129.pgm,129,129,80.000,12.000,20,4.000,2.000,200000,9.635,0.000,18.000,0.156,21.975,18527,169778,18525,32,16,56,24,0,0,0,0,8,66.919,23.806,10.961,0.603,3.383,0.062,0.341,0.361,3.205,0.063,0.331,0.000,2.612,4.485,0.019,0.011,0.007,0.008,0.003,0.003,0.007,0.014,0.073,4.163,1.794,0.075,0.006,1.839,0.000,0.000,19015188,96,3.628,3.445,0.000,0.000,17
GPU ROAM-like,RelWithDebInfo,OpenGL,NVIDIA GeForce RTX 5090 D/PCIe/SSE2,4.3.0 NVIDIA 591.86,false,assets/heightmaps/Hm_Terrain_Test_129.pgm,129,129,80.000,12.000,20,4.000,2.000,200000,9.659,0.000,18.000,0.136,24.347,18551,169858,18549,40,20,16,20,0,0,0,0,8,284.434,22.454,11.606,0.613,4.111,0.038,0.335,0.339,2.898,0.071,0.331,0.000,2.868,3.154,0.011,0.007,0.006,0.008,0.003,0.003,0.006,0.014,0.057,4.308,0.882,0.075,0.005,1.921,0.000,0.000,19024148,96,3.309,4.149,0.000,0.000,17
GPU ROAM-like,RelWithDebInfo,OpenGL,NVIDIA GeForce RTX 5090 D/PCIe/SSE2,4.3.0 NVIDIA 591.86,false,assets/heightmaps/Hm_Terrain_Test_129.pgm,129,129,80.000,12.000,20,4.000,2.000,200000,9.682,0.000,18.000,0.119,22.984,18548,169916,18546,29,14,32,22,0,0,0,0,8,73.751,21.665,10.966,0.598,3.852,0.051,0.332,0.348,2.533,0.059,0.334,0.000,2.859,3.191,0.014,0.008,0.006,0.008,0.003,0.003,0.007,0.014,0.062,4.089,0.967,0.077,0.006,1.869,0.000,0.000,19030644,96,2.940,3.904,0.000,0.000,17
GPU ROAM-like,RelWithDebInfo,OpenGL,NVIDIA GeForce RTX 5090 D/PCIe/SSE2,4.3.0 NVIDIA 591.86,false,assets/heightmaps/Hm_Terrain_Test_129.pgm,129,129,80.000,12.000,20,4.000,2.000,200000,9.704,0.000,18.000,0.103,22.152,18574,169992,18572,38,19,12,21,0,0,0,0,8,145.450,21.971,10.873,0.594,3.573,0.027,0.333,0.330,3.180,0.070,0.325,0.000,2.442,3.141,0.015,0.007,0.005,0.008,0.003,0.003,0.007,0.014,0.061,4.059,1.147,0.079,0.006,2.156,0.000,0.000,19039156,96,3.580,3.599,0.000,0.000,17
GPU ROAM-like,RelWithDebInfo,OpenGL,NVIDIA GeForce RTX 5090 D/PCIe/SSE2,4.3.0 NVIDIA 591.86,false,assets/heightmaps/Hm_Terrain_Test_129.pgm,129,129,80.000,12.000,20,4.000,2.000,200000,9.727,0.000,18.000,0.088,22.484,18583,170070,18581,39,19,30,20,0,0,0,0,8,143.361,22.262,11.643,0.650,3.857,0.052,0.409,0.352,2.996,0.073,0.335,0.000,2.918,3.175,0.013,0.007,0.006,0.007,0.003,0.003,0.007,0.013,0.059,4.112,0.891,0.074,0.005,1.876,0.000,0.000,19047892,96,3.421,3.909,0.000,0.000,17
GPU ROAM-like,RelWithDebInfo,OpenGL,NVIDIA GeForce RTX 5090 D/PCIe/SSE2,4.3.0 NVIDIA 591.86,false,assets/heightmaps/Hm_Terrain_Test_129.pgm,129,129,80.000,12.000,20,4.000,2.000,200000,9.750,0.000,18.000,0.074,23.136,18581,170102,18579,16,8,18,14,0,0,0,0,8,73.906,21.626,11.183,0.550,4.004,0.040,0.333,0.352,2.958,0.038,0.333,0.000,2.576,3.060,0.013,0.007,0.005,0.008,0.003,0.003,0.007,0.014,0.059,4.227,0.589,0.076,0.006,1.977,0.000,0.000,19051476,96,3.347,4.044,0.000,0.000,17
GPU ROAM-like,RelWithDebInfo,OpenGL,NVIDIA GeForce RTX 5090 D/PCIe/SSE2,4.3.0 NVIDIA 591.86,false,assets/heightmaps/Hm_Terrain_Test_129.pgm,129,129,80.000,12.000,20,4.000,2.000,200000,9.772,0.000,18.000,0.061,22.149,18581,170142,18579,20,10,20,10,0,0,0,0,8,146.863,21.760,11.643,0.600,4.203,0.042,0.330,0.346,3.292,0.046,0.335,0.000,2.451,2.795,0.011,0.006,0.005,0.008,0.003,0.003,0.007,0.014,0.056,4.193,0.579,0.076,0.005,1.964,0.000,0.000,19055956,96,3.683,4.244,0.000,0.000,17
GPU ROAM-like,RelWithDebInfo,OpenGL,NVIDIA GeForce RTX 5090 D/PCIe/SSE2,4.3.0 NVIDIA 591.86,false,assets/heightmaps/Hm_Terrain_Test_129.pgm,129,129,80.000,12.000,20,4.000,2.000,200000,9.794,0.000,18.000,0.050,22.298,18579,170182,18577,22,12,24,10,0,0,0,0,8,75.279,21.332,11.274,0.607,3.773,0.043,0.388,0.350,3.123,0.048,0.338,0.000,2.603,2.849,0.007,0.008,0.006,0.008,0.003,0.003,0.007,0.014,0.056,4.079,0.594,0.077,0.006,1.856,0.000,0.000,19060436,96,3.521,3.816,0.000,0.000,17
GPU ROAM-like,RelWithDebInfo,OpenGL,NVIDIA GeForce RTX 5090 D/PCIe/SSE2,4.3.0 NVIDIA 591.86,false,assets/heightmaps/Hm_Terrain_Test_129.pgm,129,129,80.000,12.000,20,4.000,2.000,200000,9.816,0.000,18.000,0.040,21.871,18586,170210,18584,14,7,7,7,0,0,0,0,8,673.353,21.362,11.062,0.586,3.883,0.025,0.359,0.349,2.945,0.034,0.343,0.000,2.538,2.903,0.020,0.011,0.007,0.009,0.003,0.003,0.007,0.014,0.072,4.085,0.581,0.076,0.006,2.148,0.000,0.000,19063572,96,3.328,3.909,0.000,0.000,17
GPU ROAM-like,RelWithDebInfo,OpenGL,NVIDIA GeForce RTX 5090 D/PCIe/SSE2,4.3.0 NVIDIA 591.86,false,assets/heightmaps/Hm_Terrain_Test_129.pgm,129,129,80.000,12.000,20,4.000,2.000,200000,9.838,0.000,18.000,0.031,21.875,18576,170238,18574,16,9,26,14,0,0,0,0,8,74.121,21.590,11.647,0.581,4.205,0.063,0.351,0.354,2.877,0.041,0.333,0.000,2.842,2.895,0.007,0.006,0.005,0.008,0.003,0.003,0.007,0.014,0.053,3.861,0.580,0.073,0.006,1.998,0.000,0.000,19066708,96,3.272,4.268,0.000,0.000,17
GPU ROAM-like,RelWithDebInfo,OpenGL,NVIDIA GeForce RTX 5090 D/PCIe/SSE2,4.3.0 NVIDIA 591.86,false,assets/heightmaps/Hm_Terrain_Test_129.pgm,129,129,80.000,12.000,20,4.000,2.000,200000,9.860,0.000,18.000,0.023,22.087,18580,170266,18578,14,7,10,7,0,0,0,0,8,295.409,21.627,11.541,0.583,3.851,0.024,0.361,0.477,3.043,0.040,0.336,0.000,2.826,3.034,0.008,0.008,0.009,0.009,0.003,0.003,0.009,0.016,0.065,4.019,0.571,0.070,0.005,1.893,0.000,0.000,19069844,96,3.560,3.875,0.000,0.000,17
GPU ROAM-like,RelWithDebInfo,OpenGL,NVIDIA GeForce RTX 5090 D/PCIe/SSE2,4.3.0 NVIDIA 591.86,false,assets/heightmaps/Hm_Terrain_Test_129.pgm,129,129,80.000,12.000,20,4.000,2.000,200000,9.882,0.000,18.000,0.016,22.147,18593,170298,18591,16,8,3,8,0,0,0,0,8,304.654,20.997,11.077,0.583,3.860,0.013,0.331,0.349,2.805,0.041,0.333,0.000,2.761,2.835,0.008,0.007,0.010,0.009,0.003,0.003,0.007,0.014,0.062,4.000,0.561,0.076,0.006,1.939,0.000,0.000,19073428,96,3.195,3.874,0.000,0.000,17
GPU ROAM-like,RelWithDebInfo,OpenGL,NVIDIA GeForce RTX 5090 D/PCIe/SSE2,4.3.0 NVIDIA 591.86,false,assets/heightmaps/Hm_Terrain_Test_129.pgm,129,129,80.000,12.000,20,4.000,2.000,200000,9.904,0.000,18.000,0.011,21.515,18583,170302,18581,2,1,12,4,0,0,0,0,8,87.481,18.323,10.573,0.550,3.456,0.024,0.329,0.348,3.005,0.015,0.336,0.000,2.510,1.156,0.011,0.008,0.007,0.010,0.003,0.003,0.009,0.014,0.064,4.090,0.000,0.065,0.005,1.955,0.000,0.000,19073876,96,3.368,3.480,0.000,0.000,17
GPU ROAM-like,RelWithDebInfo,OpenGL,NVIDIA GeForce RTX 5090 D/PCIe/SSE2,4.3.0 NVIDIA 591.86,false,assets/heightmaps/Hm_Terrain_Test_129.pgm,129,129,80.000,12.000,20,4.000,2.000,200000,9.923,0.000,18.000,0.007,18.802,18577,170314,18575,6,3,12,6,0,0,0,0,8,89.398,17.958,10.301,0.400,3.306,0.026,0.333,0.354,3.061,0.021,0.330,0.000,2.469,1.231,0.007,0.007,0.009,0.009,0.003,0.003,0.009,0.016,0.062,3.985,0.000,0.069,0.006,1.867,0.000,0.000,19075220,96,3.436,3.332,0.000,0.000,17
GPU ROAM-like,RelWithDebInfo,OpenGL,NVIDIA GeForce RTX 5090 D/PCIe/SSE2,4.3.0 NVIDIA 591.86,false,assets/heightmaps/Hm_Terrain_Test_129.pgm,129,129,80.000,12.000,20,4.000,2.000,200000,9.941,0.000,18.000,0.004,18.440,18577,170322,18575,4,2,4,4,0,0,0,0,8,89.141,18.022,10.372,0.494,3.262,0.015,0.330,0.292,2.881,0.019,0.333,0.000,2.746,1.176,0.012,0.005,0.006,0.008,0.003,0.003,0.005,0.014,0.055,3.963,0.000,0.071,0.005,1.922,0.000,0.000,19076116,96,3.192,3.277,0.000,0.000,17
GPU ROAM-like,RelWithDebInfo,OpenGL,NVIDIA GeForce RTX 5090 D/PCIe/SSE2,4.3.0 NVIDIA 591.86,false,assets/heightmaps/Hm_Terrain_Test_129.pgm,129,129,80.000,12.000,20,4.000,2.000,200000,9.960,0.000,18.000,0.002,18.556,18571,170322,18569,0,0,6,2,0,0,0,0,8,85.427,18.773,10.870,0.556,3.402,0.016,0.334,0.236,2.958,0.009,0.346,0.000,3.013,1.088,0.007,0.007,0.005,0.006,0.003,0.003,0.005,0.014,0.050,4.115,0.000,0.072,0.006,2.121,0.000,0.000,19076116,96,3.203,3.418,0.000,0.000,17
GPU ROAM-like,RelWithDebInfo,OpenGL,NVIDIA GeForce RTX 5090 D/PCIe/SSE2,4.3.0 NVIDIA 591.86,false,assets/heightmaps/Hm_Terrain_Test_129.pgm,129,129,80.000,12.000,20,4.000,2.000,200000,9.979,0.000,18.000,0.001,19.280,18569,170322,18567,0,0,2,2,0,0,0,0,8,90.234,17.814,10.060,0.508,3.227,0.012,0.328,0.378,2.521,0.008,0.339,0.000,2.739,1.137,0.007,0.007,0.004,0.006,0.003,0.003,0.005,0.014,0.049,3.952,0.000,0.073,0.006,2.066,0.000,0.000,19076116,96,2.907,3.239,0.000,0.000,17
GPU ROAM-like,RelWithDebInfo,OpenGL,NVIDIA GeForce RTX 5090 D/PCIe/SSE2,4.3.0 NVIDIA 591.86,false,assets/heightmaps/Hm_Terrain_Test_129.pgm,129,129,80.000,12.000,20,4.000,2.000,200000,9.997,0.000,18.000,0.000,18.322,18569,170322,18567,0,0,0,0,0,0,0,0,8,83.461,19.208,11.299,0.539,3.476,0.004,0.347,0.357,3.278,0.012,0.333,0.000,2.952,1.158,0.007,0.008,0.004,0.006,0.003,0.003,0.005,0.014,0.049,4.138,0.000,0.073,0.006,2.028,0.000,0.000,19076116,96,3.646,3.480,0.000,0.000,17
GPU ROAM-like,RelWithDebInfo,OpenGL,NVIDIA GeForce RTX 5090 D/PCIe/SSE2,4.3.0 NVIDIA 591.86,false,assets/heightmaps/Hm_Terrain_Test_129.pgm,129,129,80.000,12.000,20,4.000,2.000,200000,10.000,0.000,18.000,0.000,19.724,18569,170322,18567,0,0,0,0,0,0,0,0,8,83.889,19.123,11.444,0.561,3.955,0.005,0.338,0.353,3.032,0.008,0.330,0.000,2.861,1.081,0.007,0.007,0.004,0.006,0.003,0.003,0.005,0.014,0.048,3.936,0.000,0.072,0.006,2.066,0.000,0.000,19076116,96,3.392,3.961,0.000,0.000,17
