algorithm,algorithmKey,buildConfiguration,graphicsBackend,graphicsAdapter,graphicsVersion,vSyncEnabled,drawableWidth,drawableHeight,heightMapPath,heightMapWidth,heightMapHeight,terrainSize,heightScale,maxDepthSetting,screenSpaceSplitThresholdPixels,screenSpaceMergeThresholdPixels,triangleBudget,dodParallelSplitEnabled,pathSampleIndex,pathSampleCount,pathProgress,timeSeconds,cameraX,cameraY,cameraZ,frameMilliseconds,triangles,nodes,activeSplits,splits,forcedSplits,merges,candidatePeak,persistentSplitQueueSize,persistentMergeQueueSize,queueCrossoverCount,queueMembershipUpdateCount,cpuMeshFullRebuildCount,cpuMeshUpdatedTriangleCount,cpuMeshReusedTriangleCount,cpuMeshDirtyRangeCount,budgetRejectedSplits,tjunctions,invalidNeighbors,invalidTopology,cpuWorkers,cpuUtilizationPercent,lodTotalMilliseconds,cpuUpdateMilliseconds,cpuPrepareMilliseconds,cpuMergeCandidateMarkMilliseconds,cpuMergeTopologyMilliseconds,cpuBudgetLeafCollectMilliseconds,cpuErrorEvalMilliseconds,cpuSplitCandidateMarkMilliseconds,cpuSplitTopologyMilliseconds,cpuSplitTopologyChunkBuildMilliseconds,cpuSplitTopologyQueueInvalidationMilliseconds,cpuSplitTopologyParallelCommitMilliseconds,cpuSplitTopologyResultMergeMilliseconds,cpuSplitTopologyIndexQueueRefreshMilliseconds,cpuSplitTopologySerialConvergenceMilliseconds,cpuMergeTopologyChunkBuildMilliseconds,cpuMergeTopologyQueueInvalidationMilliseconds,cpuMergeTopologyParallelCommitMilliseconds,cpuMergeTopologyResultMergeMilliseconds,cpuMergeTopologyIndexQueueRefreshMilliseconds,cpuMergeTopologySerialConvergenceMilliseconds,cpuFinalLeafCollectMilliseconds,cpuMeshEmitMilliseconds,cpuFinalizeMilliseconds,cpuUploadMilliseconds,frameFenceWaitMilliseconds,renderMilliseconds,cpuGpuUploadBytes,cpuGpuReadbackBytes,splitMilliseconds,mergeMilliseconds,emitMilliseconds,validateMilliseconds,maxDepthReached,cbtCapacity,cbtTriangleAreaPixels,cbtValidationMode,cbtGeometryMode,cbtResourceGeneration,cbtTopologyGeneration,cbtDiagnosticSampleGeneration,cbtGpuTimingSampleGeneration,cbtTerrainRenderSampleGeneration,cbtDiagnosticSampleAge,cbtDiagnosticSampleDropped,cbtActiveDynamicSlots,cbtRemainingDynamicSlots,cbtSplitCandidates,cbtSimplifyCandidates,cbtCommittedSlots,cbtSplitPropagation,cbtPreparedSimplification,cbtReleasedSlots,cbtSimplifyPropagation,cbtPairMerges,cbtQuadMerges,cbtTemplateCenter,cbtTemplateRight,cbtTemplateLeft,cbtTemplateTriple,cbtGpuStageSumMilliseconds,cbtBlockingValidationWaitMilliseconds,cbtGpuclassificationGeometryMilliseconds,cbtGpuresetMilliseconds,cbtGpuclassifyMilliseconds,cbtGpusplitMilliseconds,cbtGpuallocateMilliseconds,cbtGpuneighborCopyMilliseconds,cbtGpubisectMilliseconds,cbtGpupropagateBisectMilliseconds,cbtGpuprepareSimplifyMilliseconds,cbtGpusimplifyMilliseconds,cbtGpupropagateSimplifyMilliseconds,cbtGpureducePreMilliseconds,cbtGpureduceFirstMilliseconds,cbtGpureduceSecondMilliseconds,cbtGpuindexationMilliseconds,cbtGpurenderGeometryMilliseconds,cbtGpuvalidationMilliseconds,cbtGputerrainRenderMilliseconds
Classic CPU ROAM,classic_cpu_roam,Release,D3D12,NVIDIA GeForce RTX 5090 D,Direct3D 12 (feature level 12_0); requested Agility SDK 614; runtime 6.2.26100.8972 (C:\WINDOWS\SYSTEM32\D3D12Core.dll); driver 32.0.15.9186,false,2048,1129,assets/heightmaps/Hm_Terrain_Peking_513.png,547,547,80.000,12.000,20,0.250,0.100,200000,false,0,64,0.000,0.000,58.000,20.000,0.000,119.502,200000,399998,199998,0,0,0,233547,200000,33547,0,0,0,0,200000,0,1,0,0,0,1,108.285,115.447,115.434,3.385,13.099,0.000,0.000,0.000,39.633,0.001,0.000,0.000,0.000,0.000,0.000,0.001,0.000,0.000,0.000,0.000,0.000,0.000,0.000,1.171,58.145,0.003,0.000,0.079,0,0,39.634,13.099,1.171,0.000,20,0,0.000,Off,ModifiedOnly,0,0,0,0,0,0,false,0,0,0,0,0,0,0,0,0,0,0,0,0,0,0,0.000,0.000,0.000,0.000,0.000,0.000,0.000,0.000,0.000,0.000,0.000,0.000,0.000,0.000,0.000,0.000,0.000,0.000,0.000,0.000
Classic CPU ROAM,classic_cpu_roam,Release,D3D12,NVIDIA GeForce RTX 5090 D,Direct3D 12 (feature level 12_0); requested Agility SDK 614; runtime 6.2.26100.8972 (C:\WINDOWS\SYSTEM32\D3D12Core.dll); driver 32.0.15.9186,false,2048,1129,assets/heightmaps/Hm_Terrain_Peking_513.png,547,547,80.000,12.000,20,0.250,0.100,200000,false,1,64,0.016,0.116,57.712,20.594,5.775,116.433,200000,427368,199998,13685,6900,13685,233767,200000,33647,6040,159376,0,43526,156474,13125,3870,0,0,0,1,98.190,176.092,174.971,3.363,13.570,16.084,0.000,0.000,41.065,24.606,0.000,0.000,0.000,0.000,0.000,24.606,0.000,0.000,0.000,0.000,0.000,0.000,0.000,21.285,54.995,1.028,0.000,0.079,7312368,0,65.671,29.654,21.285,0.000,20,0,0.000,Off,ModifiedOnly,0,0,0,0,0,0,false,0,0,0,0,0,0,0,0,0,0,0,0,0,0,0,0.000,0.000,0.000,0.000,0.000,0.000,0.000,0.000,0.000,0.000,0.000,0.000,0.000,0.000,0.000,0.000,0.000,0.000,0.000,0.000
Classic CPU ROAM,classic_cpu_roam,Release,D3D12,NVIDIA GeForce RTX 5090 D,Direct3D 12 (feature level 12_0); requested Agility SDK 614; runtime 6.2.26100.8972 (C:\WINDOWS\SYSTEM32\D3D12Core.dll); driver 32.0.15.9186,false,2048,1129,assets/heightmaps/Hm_Terrain_Peking_513.png,547,547,80.000,12.000,20,0.250,0.100,200000,false,2,64,0.032,0.293,56.850,21.165,11.492,176.841,200000,455414,199998,14446,7328,14446,233838,200000,33704,4265,170461,0,75720,124280,18031,2412,0,0,0,1,103.394,183.934,181.229,4.791,13.592,15.259,0.000,0.000,40.184,27.222,0.000,0.000,0.000,0.000,0.000,27.222,0.000,0.000,0.000,0.000,0.000,0.000,0.000,25.047,55.132,2.562,0.000,0.079,12797568,0,67.406,28.851,25.047,0.000,20,0,0.000,Off,ModifiedOnly,0,0,0,0,0,0,false,0,0,0,0,0,0,0,0,0,0,0,0,0,0,0,0.000,0.000,0.000,0.000,0.000,0.000,0.000,0.000,0.000,0.000,0.000,0.000,0.000,0.000,0.000,0.000,0.000,0.000,0.000,0.000
Classic CPU ROAM,classic_cpu_roam,Release,D3D12,NVIDIA GeForce RTX 5090 D,Direct3D 12 (feature level 12_0); requested Agility SDK 614; runtime 6.2.26100.8972 (C:\WINDOWS\SYSTEM32\D3D12Core.dll); driver 32.0.15.9186,false,2048,1129,assets/heightmaps/Hm_Terrain_Peking_513.png,547,547,80.000,12.000,20,0.250,0.100,200000,false,3,64,0.048,0.478,55.423,21.690,17.096,185.005,200000,484810,199998,15418,7882,15418,234099,200000,33915,3895,184041,0,79547,120453,19299,1640,0,0,0,1,97.997,194.768,191.215,5.632,13.687,15.715,0.000,0.000,42.058,30.528,0.000,0.000,0.000,0.000,0.000,30.528,0.000,0.000,0.000,0.000,0.000,0.000,0.000,27.169,56.425,3.410,0.000,0.080,17871168,0,72.587,29.401,27.169,0.000,20,0,0.000,Off,ModifiedOnly,0,0,0,0,0,0,false,0,0,0,0,0,0,0,0,0,0,0,0,0,0,0,0.000,0.000,0.000,0.000,0.000,0.000,0.000,0.000,0.000,0.000,0.000,0.000,0.000,0.000,0.000,0.000,0.000,0.000,0.000,0.000
Classic CPU ROAM,classic_cpu_roam,Release,D3D12,NVIDIA GeForce RTX 5090 D,Direct3D 12 (feature level 12_0); requested Agility SDK 614; runtime 6.2.26100.8972 (C:\WINDOWS\SYSTEM32\D3D12Core.dll); driver 32.0.15.9186,false,2048,1129,assets/heightmaps/Hm_Terrain_Peking_513.png,547,547,80.000,12.000,20,0.250,0.100,200000,false,4,64,0.063,0.674,53.446,22.148,22.529,195.597,200000,516248,199998,16567,8420,16567,234303,200000,34123,4247,200382,0,83336,116664,19317,1657,0,0,0,1,103.040,200.573,197.021,6.888,13.864,17.338,0.000,0.000,40.876,31.897,0.000,0.000,0.000,0.000,0.000,31.897,0.000,0.000,0.000,0.000,0.000,0.000,0.000,28.685,57.473,3.414,0.000,0.080,18743424,0,72.773,31.201,28.685,0.000,20,0,0.000,Off,ModifiedOnly,0,0,0,0,0,0,false,0,0,0,0,0,0,0,0,0,0,0,0,0,0,0,0.000,0.000,0.000,0.000,0.000,0.000,0.000,0.000,0.000,0.000,0.000,0.000,0.000,0.000,0.000,0.000,0.000,0.000,0.000,0.000
Classic CPU ROAM,classic_cpu_roam,Release,D3D12,NVIDIA GeForce RTX 5090 D,Direct3D 12 (feature level 12_0); requested Agility SDK 614; runtime 6.2.26100.8972 (C:\WINDOWS\SYSTEM32\D3D12Core.dll); driver 32.0.15.9186,false,2048,1129,assets/heightmaps/Hm_Terrain_Peking_513.png,547,547,80.000,12.000,20,0.250,0.100,200000,false,5,64,0.079,0.875,50.937,22.520,27.739,201.337,200000,546298,199998,16457,8355,16457,234468,200000,34158,4077,195573,0,83123,116877,20475,2264,0,0,0,1,104.090,214.208,210.013,5.960,14.321,17.391,0.000,0.000,41.874,32.364,0.000,0.000,0.000,0.000,0.000,32.364,0.000,0.000,0.000,0.000,0.000,0.000,0.000,28.603,69.499,4.022,0.000,0.079,18685296,0,74.238,31.712,28.603,0.000,20,0,0.000,Off,ModifiedOnly,0,0,0,0,0,0,false,0,0,0,0,0,0,0,0,0,0,0,0,0,0,0,0.000,0.000,0.000,0.000,0.000,0.000,0.000,0.000,0.000,0.000,0.000,0.000,0.000,0.000,0.000,0.000,0.000,0.000,0.000,0.000
Classic CPU ROAM,classic_cpu_roam,Release,D3D12,NVIDIA GeForce RTX 5090 D,Direct3D 12 (feature level 12_0); requested Agility SDK 614; runtime 6.2.26100.8972 (C:\WINDOWS\SYSTEM32\D3D12Core.dll); driver 32.0.15.9186,false,2048,1129,assets/heightmaps/Hm_Terrain_Peking_513.png,547,547,80.000,12.000,20,0.250,0.100,200000,false,6,64,0.095,1.090,47.922,22.793,32.673,215.044,200000,574082,199998,15496,7849,15496,234509,200000,34114,4361,184208,0,82831,117169,21560,1948,0,0,0,1,98.399,210.213,206.293,7.427,14.746,17.902,0.000,0.000,44.518,32.616,0.000,0.000,0.000,0.000,0.000,32.616,0.000,0.000,0.000,0.000,0.000,0.000,0.000,27.164,61.917,3.750,0.000,0.081,18509400,0,77.135,32.649,27.164,0.000,20,0,0.000,Off,ModifiedOnly,0,0,0,0,0,0,false,0,0,0,0,0,0,0,0,0,0,0,0,0,0,0,0.000,0.000,0.000,0.000,0.000,0.000,0.000,0.000,0.000,0.000,0.000,0.000,0.000,0.000,0.000,0.000,0.000,0.000,0.000,0.000
Classic CPU ROAM,classic_cpu_roam,Release,D3D12,NVIDIA GeForce RTX 5090 D,Direct3D 12 (feature level 12_0); requested Agility SDK 614; runtime 6.2.26100.8972 (C:\WINDOWS\SYSTEM32\D3D12Core.dll); driver 32.0.15.9186,false,2048,1129,assets/heightmaps/Hm_Terrain_Peking_513.png,547,547,80.000,12.000,20,0.250,0.100,200000,false,7,64,0.111,1.301,44.431,22.954,37.282,211.011,200000,601646,199998,15837,8018,15837,234508,200000,34186,5332,189922,0,83781,116219,22035,2519,0,0,0,1,108.567,190.758,186.924,7.910,13.667,16.444,0.000,0.000,40.725,27.984,0.000,0.000,0.000,0.000,0.000,27.984,0.000,0.000,0.000,0.000,0.000,0.000,0.000,26.873,53.319,3.634,0.000,0.079,18885888,0,68.709,30.111,26.873,0.000,20,0,0.000,Off,ModifiedOnly,0,0,0,0,0,0,false,0,0,0,0,0,0,0,0,0,0,0,0,0,0,0,0.000,0.000,0.000,0.000,0.000,0.000,0.000,0.000,0.000,0.000,0.000,0.000,0.000,0.000,0.000,0.000,0.000,0.000,0.000,0.000
Classic CPU ROAM,classic_cpu_roam,Release,D3D12,NVIDIA GeForce RTX 5090 D,Direct3D 12 (feature level 12_0); requested Agility SDK 614; runtime 6.2.26100.8972 (C:\WINDOWS\SYSTEM32\D3D12Core.dll); driver 32.0.15.9186,false,2048,1129,assets/heightmaps/Hm_Terrain_Peking_513.png,547,547,80.000,12.000,20,0.250,0.100,200000,false,8,64,0.127,1.493,40.498,22.999,41.520,191.421,200000,628588,199998,15915,8055,15915,234377,200000,34209,6104,185613,0,85641,114359,23118,2866,0,0,0,1,92.008,190.503,186.665,6.768,13.882,17.077,0.000,0.000,42.700,26.226,0.000,0.000,0.000,0.000,0.000,26.226,0.000,0.000,0.000,0.000,0.000,0.000,0.000,27.264,52.746,3.666,0.000,0.080,19157208,0,68.926,30.960,27.264,0.000,20,0,0.000,Off,ModifiedOnly,0,0,0,0,0,0,false,0,0,0,0,0,0,0,0,0,0,0,0,0,0,0,0.000,0.000,0.000,0.000,0.000,0.000,0.000,0.000,0.000,0.000,0.000,0.000,0.000,0.000,0.000,0.000,0.000,0.000,0.000,0.000
Classic CPU ROAM,classic_cpu_roam,Release,D3D12,NVIDIA GeForce RTX 5090 D,Direct3D 12 (feature level 12_0); requested Agility SDK 614; runtime 6.2.26100.8972 (C:\WINDOWS\SYSTEM32\D3D12Core.dll); driver 32.0.15.9186,false,2048,1129,assets/heightmaps/Hm_Terrain_Peking_513.png,547,547,80.000,12.000,20,0.250,0.100,200000,false,9,64,0.143,1.684,36.162,22.925,45.346,191.185,200000,654506,199998,16019,8080,16019,234312,200000,34044,6626,186273,0,86784,113216,23720,4250,0,0,0,1,99.877,191.526,187.614,6.081,13.730,17.734,0.000,0.000,41.183,26.803,0.000,0.000,0.000,0.000,0.000,26.803,0.000,0.000,0.000,0.000,0.000,0.000,0.000,27.853,54.228,3.765,0.000,0.078,19644408,0,67.986,31.465,27.853,0.000,20,0,0.000,Off,ModifiedOnly,0,0,0,0,0,0,false,0,0,0,0,0,0,0,0,0,0,0,0,0,0,0,0.000,0.000,0.000,0.000,0.000,0.000,0.000,0.000,0.000,0.000,0.000,0.000,0.000,0.000,0.000,0.000,0.000,0.000,0.000,0.000
Classic CPU ROAM,classic_cpu_roam,Release,D3D12,NVIDIA GeForce RTX 5090 D,Direct3D 12 (feature level 12_0); requested Agility SDK 614; runtime 6.2.26100.8972 (C:\WINDOWS\SYSTEM32\D3D12Core.dll); driver 32.0.15.9186,false,2048,1129,assets/heightmaps/Hm_Terrain_Peking_513.png,547,547,80.000,12.000,20,0.250,0.100,200000,false,10,64,0.159,1.876,31.468,22.735,48.722,192.191,200000,678776,199998,15560,7909,15560,234065,200000,33861,6826,183029,0,86220,113780,23853,3662,0,0,0,1,102.504,186.993,182.781,5.951,13.768,17.914,0.000,0.000,40.359,25.547,0.000,0.000,0.000,0.000,0.000,25.547,0.000,0.000,0.000,0.000,0.000,0.000,0.000,26.902,52.339,4.043,0.000,0.081,19585440,0,65.905,31.682,26.902,0.000,20,0,0.000,Off,ModifiedOnly,0,0,0,0,0,0,false,0,0,0,0,0,0,0,0,0,0,0,0,0,0,0,0.000,0.000,0.000,0.000,0.000,0.000,0.000,0.000,0.000,0.000,0.000,0.000,0.000,0.000,0.000,0.000,0.000,0.000,0.000,0.000
Classic CPU ROAM,classic_cpu_roam,Release,D3D12,NVIDIA GeForce RTX 5090 D,Direct3D 12 (feature level 12_0); requested Agility SDK 614; runtime 6.2.26100.8972 (C:\WINDOWS\SYSTEM32\D3D12Core.dll); driver 32.0.15.9186,false,2048,1129,assets/heightmaps/Hm_Terrain_Peking_513.png,547,547,80.000,12.000,20,0.250,0.100,200000,false,11,64,0.175,2.064,26.460,22.436,51.613,187.704,200000,700212,199998,14268,7308,14268,233867,200000,33756,6101,168545,0,84336,115664,24507,2647,0,0,0,1,102.993,186.032,181.911,6.239,13.698,16.553,0.000,0.000,40.254,24.879,0.000,0.000,0.000,0.000,0.000,24.879,0.000,0.000,0.000,0.000,0.000,0.000,0.000,26.499,53.787,3.951,0.000,0.077,19489008,0,65.133,30.251,26.499,0.000,20,0,0.000,Off,ModifiedOnly,0,0,0,0,0,0,false,0,0,0,0,0,0,0,0,0,0,0,0,0,0,0,0.000,0.000,0.000,0.000,0.000,0.000,0.000,0.000,0.000,0.000,0.000,0.000,0.000,0.000,0.000,0.000,0.000,0.000,0.000,0.000
Classic CPU ROAM,classic_cpu_roam,Release,D3D12,NVIDIA GeForce RTX 5090 D,Direct3D 12 (feature level 12_0); requested Agility SDK 614; runtime 6.2.26100.8972 (C:\WINDOWS\SYSTEM32\D3D12Core.dll); driver 32.0.15.9186,false,2048,1129,assets/heightmaps/Hm_Terrain_Peking_513.png,547,547,80.000,12.000,20,0.250,0.100,200000,false,12,64,0.190,2.250,21.190,22.041,53.991,186.657,200000,721238,199998,14417,7364,14417,233927,200000,33701,5594,170531,0,80690,119310,24378,2509,0,0,0,1,96.739,181.542,177.539,6.289,13.633,15.875,0.000,0.000,40.425,23.593,0.000,0.000,0.000,0.000,0.000,23.593,0.000,0.000,0.000,0.000,0.000,0.000,0.000,25.034,52.688,3.844,0.000,0.080,19101096,0,64.018,29.509,25.034,0.000,20,0,0.000,Off,ModifiedOnly,0,0,0,0,0,0,false,0,0,0,0,0,0,0,0,0,0,0,0,0,0,0,0.000,0.000,0.000,0.000,0.000,0.000,0.000,0.000,0.000,0.000,0.000,0.000,0.000,0.000,0.000,0.000,0.000,0.000,0.000,0.000
Classic CPU ROAM,classic_cpu_roam,Release,D3D12,NVIDIA GeForce RTX 5090 D,Direct3D 12 (feature level 12_0); requested Agility SDK 614; runtime 6.2.26100.8972 (C:\WINDOWS\SYSTEM32\D3D12Core.dll); driver 32.0.15.9186,false,2048,1129,assets/heightmaps/Hm_Terrain_Peking_513.png,547,547,80.000,12.000,20,0.250,0.100,200000,false,13,64,0.206,2.433,15.709,21.564,55.832,182.297,200000,744270,199998,15276,7779,15276,233842,200000,33642,5758,177463,0,82540,117460,24949,6558,0,0,0,1,102.581,186.774,182.640,6.439,14.068,17.080,0.000,0.000,40.264,26.428,0.000,0.000,0.000,0.000,0.000,26.428,0.000,0.000,0.000,0.000,0.000,0.000,0.000,26.316,52.043,3.959,0.000,0.078,18648504,0,66.693,31.148,26.316,0.000,20,0,0.000,Off,ModifiedOnly,0,0,0,0,0,0,false,0,0,0,0,0,0,0,0,0,0,0,0,0,0,0,0.000,0.000,0.000,0.000,0.000,0.000,0.000,0.000,0.000,0.000,0.000,0.000,0.000,0.000,0.000,0.000,0.000,0.000,0.000,0.000
Classic CPU ROAM,classic_cpu_roam,Release,D3D12,NVIDIA GeForce RTX 5090 D,Direct3D 12 (feature level 12_0); requested Agility SDK 614; runtime 6.2.26100.8972 (C:\WINDOWS\SYSTEM32\D3D12Core.dll); driver 32.0.15.9186,false,2048,1129,assets/heightmaps/Hm_Terrain_Peking_513.png,547,547,80.000,12.000,20,0.250,0.100,200000,false,14,64,0.222,2.620,10.072,21.026,57.119,187.509,200000,769730,199998,16362,8378,16362,233906,200000,33573,6036,190275,0,86611,113389,25474,3245,0,0,0,1,99.345,192.791,188.590,6.799,13.666,18.316,0.000,0.000,40.625,27.679,0.000,0.000,0.000,0.000,0.000,27.679,0.000,0.000,0.000,0.000,0.000,0.000,0.000,28.077,53.427,4.023,0.000,0.080,19324368,0,68.304,31.981,28.077,0.000,20,0,0.000,Off,ModifiedOnly,0,0,0,0,0,0,false,0,0,0,0,0,0,0,0,0,0,0,0,0,0,0,0.000,0.000,0.000,0.000,0.000,0.000,0.000,0.000,0.000,0.000,0.000,0.000,0.000,0.000,0.000,0.000,0.000,0.000,0.000,0.000
Classic CPU ROAM,classic_cpu_roam,Release,D3D12,NVIDIA GeForce RTX 5090 D,Direct3D 12 (feature level 12_0); requested Agility SDK 614; runtime 6.2.26100.8972 (C:\WINDOWS\SYSTEM32\D3D12Core.dll); driver 32.0.15.9186,false,2048,1129,assets/heightmaps/Hm_Terrain_Peking_513.png,547,547,80.000,12.000,20,0.250,0.100,200000,false,15,64,0.238,2.814,4.334,20.447,57.838,193.775,200000,795432,199998,16599,8406,16599,233653,200000,33436,5789,192327,0,86888,113112,25341,3196,0,0,0,1,100.003,191.841,187.367,6.011,13.631,17.993,0.000,0.000,40.883,27.606,0.000,0.000,0.000,0.000,0.000,27.606,0.000,0.000,0.000,0.000,0.000,0.000,0.000,28.824,52.418,4.317,0.000,0.081,19491360,0,68.489,31.624,28.824,0.000,20,0,0.000,Off,ModifiedOnly,0,0,0,0,0,0,false,0,0,0,0,0,0,0,0,0,0,0,0,0,0,0,0.000,0.000,0.000,0.000,0.000,0.000,0.000,0.000,0.000,0.000,0.000,0.000,0.000,0.000,0.000,0.000,0.000,0.000,0.000,0.000
Classic CPU ROAM,classic_cpu_roam,Release,D3D12,NVIDIA GeForce RTX 5090 D,Direct3D 12 (feature level 12_0); requested Agility SDK 614; runtime 6.2.26100.8972 (C:\WINDOWS\SYSTEM32\D3D12Core.dll); driver 32.0.15.9186,false,2048,1129,assets/heightmaps/Hm_Terrain_Peking_513.png,547,547,80.000,12.000,20,0.250,0.100,200000,false,16,64,0.254,3.006,-1.446,19.850,57.982,192.449,200000,821502,199998,15791,7902,15791,233701,200000,33502,5325,186684,0,83258,116742,25299,2339,0,0,0,1,97.709,196.031,191.750,6.468,14.257,18.785,0.000,0.000,41.841,30.929,0.000,0.000,0.000,0.000,0.000,30.929,0.000,0.000,0.000,0.000,0.000,0.000,0.000,27.734,51.735,4.104,0.000,0.080,18874968,0,72.770,33.041,27.734,0.000,20,0,0.000,Off,ModifiedOnly,0,0,0,0,0,0,false,0,0,0,0,0,0,0,0,0,0,0,0,0,0,0,0.000,0.000,0.000,0.000,0.000,0.000,0.000,0.000,0.000,0.000,0.000,0.000,0.000,0.000,0.000,0.000,0.000,0.000,0.000,0.000
Classic CPU ROAM,classic_cpu_roam,Release,D3D12,NVIDIA GeForce RTX 5090 D,Direct3D 12 (feature level 12_0); requested Agility SDK 614; runtime 6.2.26100.8972 (C:\WINDOWS\SYSTEM32\D3D12Core.dll); driver 32.0.15.9186,false,2048,1129,assets/heightmaps/Hm_Terrain_Peking_513.png,547,547,80.000,12.000,20,0.250,0.100,200000,false,17,64,0.270,3.203,-7.212,19.260,57.550,196.648,200000,846072,199998,14261,7191,14261,233539,200000,33437,5210,166377,0,78283,121717,25124,2997,0,0,0,1,104.724,183.259,178.919,6.374,13.571,15.594,0.000,0.000,41.349,25.226,0.000,0.000,0.000,0.000,0.000,25.226,0.000,0.000,0.000,0.000,0.000,0.000,0.000,24.918,51.885,4.184,0.000,0.080,18479832,0,66.575,29.165,24.918,0.000,20,0,0.000,Off,ModifiedOnly,0,0,0,0,0,0,false,0,0,0,0,0,0,0,0,0,0,0,0,0,0,0,0.000,0.000,0.000,0.000,0.000,0.000,0.000,0.000,0.000,0.000,0.000,0.000,0.000,0.000,0.000,0.000,0.000,0.000,0.000,0.000
Classic CPU ROAM,classic_cpu_roam,Release,D3D12,NVIDIA GeForce RTX 5090 D,Direct3D 12 (feature level 12_0); requested Agility SDK 614; runtime 6.2.26100.8972 (C:\WINDOWS\SYSTEM32\D3D12Core.dll); driver 32.0.15.9186,false,2048,1129,assets/heightmaps/Hm_Terrain_Peking_513.png,547,547,80.000,12.000,20,0.250,0.100,200000,false,18,64,0.286,3.387,-12.906,18.698,56.546,183.848,200000,870464,199998,14979,7677,14979,233749,200000,33647,4655,176090,0,77969,122031,25168,2644,0,0,0,1,103.700,184.836,180.677,6.088,13.621,15.506,0.000,0.000,41.288,26.121,0.000,0.000,0.000,0.000,0.000,26.121,0.000,0.000,0.000,0.000,0.000,0.000,0.000,26.180,51.872,3.992,0.000,0.082,17999184,0,67.408,29.127,26.180,0.000,20,0,0.000,Off,ModifiedOnly,0,0,0,0,0,0,false,0,0,0,0,0,0,0,0,0,0,0,0,0,0,0,0.000,0.000,0.000,0.000,0.000,0.000,0.000,0.000,0.000,0.000,0.000,0.000,0.000,0.000,0.000,0.000,0.000,0.000,0.000,0.000
Classic CPU ROAM,classic_cpu_roam,Release,D3D12,NVIDIA GeForce RTX 5090 D,Direct3D 12 (feature level 12_0); requested Agility SDK 614; runtime 6.2.26100.8972 (C:\WINDOWS\SYSTEM32\D3D12Core.dll); driver 32.0.15.9186,false,2048,1129,assets/heightmaps/Hm_Terrain_Peking_513.png,547,547,80.000,12.000,20,0.250,0.100,200000,false,19,64,0.302,3.572,-18.472,18.189,54.980,185.438,200000,898438,199998,17882,9187,17882,233762,200000,33512,4651,207773,0,82121,117879,25368,2700,0,0,0,1,97.372,212.539,208.471,6.015,13.615,18.638,0.000,0.000,40.928,30.379,0.000,0.000,0.000,0.000,0.000,30.379,0.000,0.000,0.000,0.000,0.000,0.000,0.000,29.156,69.740,3.898,0.000,0.080,18581472,0,71.307,32.253,29.156,0.000,20,0,0.000,Off,ModifiedOnly,0,0,0,0,0,0,false,0,0,0,0,0,0,0,0,0,0,0,0,0,0,0,0.000,0.000,0.000,0.000,0.000,0.000,0.000,0.000,0.000,0.000,0.000,0.000,0.000,0.000,0.000,0.000,0.000,0.000,0.000,0.000
Classic CPU ROAM,classic_cpu_roam,Release,D3D12,NVIDIA GeForce RTX 5090 D,Direct3D 12 (feature level 12_0); requested Agility SDK 614; runtime 6.2.26100.8972 (C:\WINDOWS\SYSTEM32\D3D12Core.dll); driver 32.0.15.9186,false,2048,1129,assets/heightmaps/Hm_Terrain_Peking_513.png,547,547,80.000,12.000,20,0.250,0.100,200000,false,20,64,0.317,3.786,-23.855,17.751,52.867,213.235,200000,926160,199998,18331,9248,18331,233865,200000,33486,4625,210412,0,84704,115296,26029,1876,0,0,0,1,95.477,200.563,196.229,8.534,13.544,17.649,0.000,0.000,41.466,31.746,0.000,0.000,0.000,0.000,0.000,31.746,0.000,0.000,0.000,0.000,0.000,0.000,0.000,30.256,53.032,4.148,0.000,0.085,18834480,0,73.212,31.194,30.256,0.000,20,0,0.000,Off,ModifiedOnly,0,0,0,0,0,0,false,0,0,0,0,0,0,0,0,0,0,0,0,0,0,0,0.000,0.000,0.000,0.000,0.000,0.000,0.000,0.000,0.000,0.000,0.000,0.000,0.000,0.000,0.000,0.000,0.000,0.000,0.000,0.000
Classic CPU ROAM,classic_cpu_roam,Release,D3D12,NVIDIA GeForce RTX 5090 D,Direct3D 12 (feature level 12_0); requested Agility SDK 614; runtime 6.2.26100.8972 (C:\WINDOWS\SYSTEM32\D3D12Core.dll); driver 32.0.15.9186,false,2048,1129,assets/heightmaps/Hm_Terrain_Peking_513.png,547,547,80.000,12.000,20,0.250,0.100,200000,false,21,64,0.333,3.987,-29.000,17.402,50.229,201.163,200000,953206,199998,17663,8905,17663,233812,200000,33461,4484,202723,0,88045,111955,26659,1382,0,0,0,1,98.956,193.663,189.337,5.870,13.554,17.172,0.000,0.000,40.156,30.198,0.000,0.000,0.000,0.000,0.000,30.198,0.000,0.000,0.000,0.000,0.000,0.000,0.000,29.933,52.453,4.154,0.000,0.079,19221888,0,70.353,30.726,29.933,0.000,20,0,0.000,Off,ModifiedOnly,0,0,0,0,0,0,false,0,0,0,0,0,0,0,0,0,0,0,0,0,0,0,0.000,0.000,0.000,0.000,0.000,0.000,0.000,0.000,0.000,0.000,0.000,0.000,0.000,0.000,0.000,0.000,0.000,0.000,0.000,0.000
Classic CPU ROAM,classic_cpu_roam,Release,D3D12,NVIDIA GeForce RTX 5090 D,Direct3D 12 (feature level 12_0); requested Agility SDK 614; runtime 6.2.26100.8972 (C:\WINDOWS\SYSTEM32\D3D12Core.dll); driver 32.0.15.9186,false,2048,1129,assets/heightmaps/Hm_Terrain_Peking_513.png,547,547,80.000,12.000,20,0.250,0.100,200000,false,22,64,0.349,4.181,-33.857,17.156,47.092,194.289,200000,977176,199998,16479,8341,16479,233794,200000,33453,4891,188736,0,88790,111210,27116,2589,0,0,0,1,100.516,190.733,186.390,5.795,13.688,16.501,0.000,0.000,40.275,28.867,0.000,0.000,0.000,0.000,0.000,28.867,0.000,0.000,0.000,0.000,0.000,0.000,0.000,28.598,52.665,4.163,0.000,0.081,19602408,0,69.142,30.188,28.598,0.000,20,0,0.000,Off,ModifiedOnly,0,0,0,0,0,0,false,0,0,0,0,0,0,0,0,0,0,0,0,0,0,0,0.000,0.000,0.000,0.000,0.000,0.000,0.000,0.000,0.000,0.000,0.000,0.000,0.000,0.000,0.000,0.000,0.000,0.000,0.000,0.000
Classic CPU ROAM,classic_cpu_roam,Release,D3D12,NVIDIA GeForce RTX 5090 D,Direct3D 12 (feature level 12_0); requested Agility SDK 614; runtime 6.2.26100.8972 (C:\WINDOWS\SYSTEM32\D3D12Core.dll); driver 32.0.15.9186,false,2048,1129,assets/heightmaps/Hm_Terrain_Peking_513.png,547,547,80.000,12.000,20,0.250,0.100,200000,false,23,64,0.365,4.372,-38.378,17.023,43.487,191.307,200000,999936,199998,16180,8200,16180,233726,200000,33430,5466,184687,0,84433,115567,27127,2037,0,0,0,1,100.900,190.131,185.674,6.101,13.574,16.906,0.000,0.000,40.078,28.026,0.000,0.000,0.000,0.000,0.000,28.026,0.000,0.000,0.000,0.000,0.000,0.000,0.000,28.776,52.212,4.271,0.000,0.080,19796784,0,68.104,30.480,28.776,0.000,20,0,0.000,Off,ModifiedOnly,0,0,0,0,0,0,false,0,0,0,0,0,0,0,0,0,0,0,0,0,0,0,0.000,0.000,0.000,0.000,0.000,0.000,0.000,0.000,0.000,0.000,0.000,0.000,0.000,0.000,0.000,0.000,0.000,0.000,0.000,0.000
Classic CPU ROAM,classic_cpu_roam,Release,D3D12,NVIDIA GeForce RTX 5090 D,Direct3D 12 (feature level 12_0); requested Agility SDK 614; runtime 6.2.26100.8972 (C:\WINDOWS\SYSTEM32\D3D12Core.dll); driver 32.0.15.9186,false,2048,1129,assets/heightmaps/Hm_Terrain_Peking_513.png,547,547,80.000,12.000,20,0.250,0.100,200000,false,24,64,0.381,4.563,-42.517,17.008,39.450,190.768,200000,1022572,199998,16674,8500,16674,233573,200000,33391,6362,187531,0,84250,115750,27349,3865,0,0,0,1,100.570,190.691,186.299,6.176,13.631,17.939,0.000,0.000,40.095,27.583,0.000,0.000,0.000,0.000,0.000,27.583,0.000,0.000,0.000,0.000,0.000,0.000,0.000,28.793,52.080,4.222,0.000,0.081,19635840,0,67.678,31.570,28.793,0.000,20,0,0.000,Off,ModifiedOnly,0,0,0,0,0,0,false,0,0,0,0,0,0,0,0,0,0,0,0,0,0,0,0.000,0.000,0.000,0.000,0.000,0.000,0.000,0.000,0.000,0.000,0.000,0.000,0.000,0.000,0.000,0.000,0.000,0.000,0.000,0.000
Classic CPU ROAM,classic_cpu_roam,Release,D3D12,NVIDIA GeForce RTX 5090 D,Direct3D 12 (feature level 12_0); requested Agility SDK 614; runtime 6.2.26100.8972 (C:\WINDOWS\SYSTEM32\D3D12Core.dll); driver 32.0.15.9186,false,2048,1129,assets/heightmaps/Hm_Terrain_Peking_513.png,547,547,80.000,12.000,20,0.250,0.100,200000,false,25,64,0.397,4.754,-46.234,17.112,35.021,191.267,200000,1046030,199998,17827,8998,17827,233647,200000,33468,6324,203789,0,87295,112705,27890,2450,0,0,0,1,97.704,196.115,191.766,4.860,13.717,18.689,0.000,0.000,40.330,30.502,0.000,0.000,0.000,0.000,0.000,30.502,0.000,0.000,0.000,0.000,0.000,0.000,0.000,30.167,53.498,4.173,0.000,0.079,19769568,0,70.833,32.406,30.167,0.000,20,0,0.000,Off,ModifiedOnly,0,0,0,0,0,0,false,0,0,0,0,0,0,0,0,0,0,0,0,0,0,0,0.000,0.000,0.000,0.000,0.000,0.000,0.000,0.000,0.000,0.000,0.000,0.000,0.000,0.000,0.000,0.000,0.000,0.000,0.000,0.000
Classic CPU ROAM,classic_cpu_roam,Release,D3D12,NVIDIA GeForce RTX 5090 D,Direct3D 12 (feature level 12_0); requested Agility SDK 614; runtime 6.2.26100.8972 (C:\WINDOWS\SYSTEM32\D3D12Core.dll); driver 32.0.15.9186,false,2048,1129,assets/heightmaps/Hm_Terrain_Peking_513.png,547,547,80.000,12.000,20,0.250,0.100,200000,false,26,64,0.413,4.951,-49.491,17.330,30.243,196.733,200000,1069760,199998,16792,8506,16792,233746,200000,33512,5338,194538,0,87768,112232,27922,2930,0,0,0,1,97.792,195.975,191.577,5.513,13.588,17.342,0.000,0.000,40.198,31.946,0.000,0.000,0.000,0.000,0.000,31.946,0.000,0.000,0.000,0.000,0.000,0.000,0.000,29.342,53.646,4.206,0.000,0.080,19796616,0,72.144,30.930,29.342,0.000,20,0,0.000,Off,ModifiedOnly,0,0,0,0,0,0,false,0,0,0,0,0,0,0,0,0,0,0,0,0,0,0,0.000,0.000,0.000,0.000,0.000,0.000,0.000,0.000,0.000,0.000,0.000,0.000,0.000,0.000,0.000,0.000,0.000,0.000,0.000,0.000
Classic CPU ROAM,classic_cpu_roam,Release,D3D12,NVIDIA GeForce RTX 5090 D,Direct3D 12 (feature level 12_0); requested Agility SDK 614; runtime 6.2.26100.8972 (C:\WINDOWS\SYSTEM32\D3D12Core.dll); driver 32.0.15.9186,false,2048,1129,assets/heightmaps/Hm_Terrain_Peking_513.png,547,547,80.000,12.000,20,0.250,0.100,200000,false,27,64,0.429,5.148,-52.256,17.655,25.165,196.588,200000,1091346,199998,15042,7638,15042,233816,200000,33487,5045,177001,0,85053,114947,28142,2144,0,0,0,1,95.164,184.873,180.443,4.986,13.762,15.862,0.000,0.000,40.375,26.389,0.000,0.000,0.000,0.000,0.000,26.389,0.000,0.000,0.000,0.000,0.000,0.000,0.000,26.818,52.250,4.231,0.000,0.079,19624584,0,66.764,29.624,26.818,0.000,20,0,0.000,Off,ModifiedOnly,0,0,0,0,0,0,false,0,0,0,0,0,0,0,0,0,0,0,0,0,0,0,0.000,0.000,0.000,0.000,0.000,0.000,0.000,0.000,0.000,0.000,0.000,0.000,0.000,0.000,0.000,0.000,0.000,0.000,0.000,0.000
Classic CPU ROAM,classic_cpu_roam,Release,D3D12,NVIDIA GeForce RTX 5090 D,Direct3D 12 (feature level 12_0); requested Agility SDK 614; runtime 6.2.26100.8972 (C:\WINDOWS\SYSTEM32\D3D12Core.dll); driver 32.0.15.9186,false,2048,1129,assets/heightmaps/Hm_Terrain_Peking_513.png,547,547,80.000,12.000,20,0.250,0.100,200000,false,28,64,0.444,5.333,-54.502,18.072,19.837,185.471,200000,1111500,199998,14210,7226,14210,233767,200000,33478,5006,166743,0,80993,119007,28260,2316,0,0,0,1,96.174,183.059,178.548,5.212,13.602,15.237,0.000,0.000,40.482,24.652,0.000,0.000,0.000,0.000,0.000,24.652,0.000,0.000,0.000,0.000,0.000,0.000,0.000,25.644,53.718,4.311,0.000,0.080,19059600,0,65.134,28.839,25.644,0.000,20,0,0.000,Off,ModifiedOnly,0,0,0,0,0,0,false,0,0,0,0,0,0,0,0,0,0,0,0,0,0,0,0.000,0.000,0.000,0.000,0.000,0.000,0.000,0.000,0.000,0.000,0.000,0.000,0.000,0.000,0.000,0.000,0.000,0.000,0.000,0.000
Classic CPU ROAM,classic_cpu_roam,Release,D3D12,NVIDIA GeForce RTX 5090 D,Direct3D 12 (feature level 12_0); requested Agility SDK 614; runtime 6.2.26100.8972 (C:\WINDOWS\SYSTEM32\D3D12Core.dll); driver 32.0.15.9186,false,2048,1129,assets/heightmaps/Hm_Terrain_Peking_513.png,547,547,80.000,12.000,20,0.250,0.100,200000,false,29,64,0.460,5.517,-56.206,18.565,14.312,183.675,200000,1133264,199998,15384,7855,15384,233713,200000,33579,5608,180587,0,83044,116956,29139,2874,0,0,0,1,101.900,188.428,183.845,5.409,13.723,16.556,0.000,0.000,40.612,26.958,0.000,0.000,0.000,0.000,0.000,26.958,0.000,0.000,0.000,0.000,0.000,0.000,0.000,26.861,53.725,4.390,0.000,0.080,19076064,0,67.570,30.279,26.861,0.000,20,0,0.000,Off,ModifiedOnly,0,0,0,0,0,0,false,0,0,0,0,0,0,0,0,0,0,0,0,0,0,0,0.000,0.000,0.000,0.000,0.000,0.000,0.000,0.000,0.000,0.000,0.000,0.000,0.000,0.000,0.000,0.000,0.000,0.000,0.000,0.000
Classic CPU ROAM,classic_cpu_roam,Release,D3D12,NVIDIA GeForce RTX 5090 D,Direct3D 12 (feature level 12_0); requested Agility SDK 614; runtime 6.2.26100.8972 (C:\WINDOWS\SYSTEM32\D3D12Core.dll); driver 32.0.15.9186,false,2048,1129,assets/heightmaps/Hm_Terrain_Peking_513.png,547,547,80.000,12.000,20,0.250,0.100,200000,false,30,64,0.476,5.706,-57.352,19.116,8.644,188.987,200000,1154888,199998,15689,8012,15689,233763,200000,33514,5885,182341,0,85931,114069,29608,2223,0,0,0,1,100.383,191.268,186.592,5.353,13.687,17.825,0.000,0.000,41.059,27.599,0.000,0.000,0.000,0.000,0.000,27.599,0.000,0.000,0.000,0.000,0.000,0.000,0.000,28.016,53.052,4.449,0.000,0.081,19502784,0,68.658,31.513,28.016,0.000,20,0,0.000,Off,ModifiedOnly,0,0,0,0,0,0,false,0,0,0,0,0,0,0,0,0,0,0,0,0,0,0,0.000,0.000,0.000,0.000,0.000,0.000,0.000,0.000,0.000,0.000,0.000,0.000,0.000,0.000,0.000,0.000,0.000,0.000,0.000,0.000
Classic CPU ROAM,classic_cpu_roam,Release,D3D12,NVIDIA GeForce RTX 5090 D,Direct3D 12 (feature level 12_0); requested Agility SDK 614; runtime 6.2.26100.8972 (C:\WINDOWS\SYSTEM32\D3D12Core.dll); driver 32.0.15.9186,false,2048,1129,assets/heightmaps/Hm_Terrain_Peking_513.png,547,547,80.000,12.000,20,0.250,0.100,200000,false,31,64,0.492,5.898,-57.928,19.701,2.891,191.838,200000,1175788,199998,15794,8073,15794,233678,200000,33608,6193,184328,0,86340,113660,29752,4337,0,0,0,1,99.580,192.624,188.136,4.725,13.685,17.935,0.000,0.000,41.573,28.059,0.000,0.000,0.000,0.000,0.000,28.059,0.000,0.000,0.000,0.000,0.000,0.000,0.000,28.103,54.055,4.297,0.000,0.081,19559568,0,69.632,31.620,28.103,0.000,20,0,0.000,Off,ModifiedOnly,0,0,0,0,0,0,false,0,0,0,0,0,0,0,0,0,0,0,0,0,0,0,0.000,0.000,0.000,0.000,0.000,0.000,0.000,0.000,0.000,0.000,0.000,0.000,0.000,0.000,0.000,0.000,0.000,0.000,0.000,0.000
Classic CPU ROAM,classic_cpu_roam,Release,D3D12,NVIDIA GeForce RTX 5090 D,Direct3D 12 (feature level 12_0); requested Agility SDK 614; runtime 6.2.26100.8972 (C:\WINDOWS\SYSTEM32\D3D12Core.dll); driver 32.0.15.9186,false,2048,1129,assets/heightmaps/Hm_Terrain_Peking_513.png,547,547,80.000,12.000,20,0.250,0.100,200000,false,32,64,0.508,6.091,-57.928,20.299,-2.891,193.233,200000,1194616,199998,14594,7357,14594,233820,200000,33522,6052,172172,0,81508,118492,29221,2395,0,0,0,1,103.098,186.688,181.707,4.978,13.768,16.785,0.000,0.000,41.723,25.660,0.000,0.000,0.000,0.000,0.000,25.660,0.000,0.000,0.000,0.000,0.000,0.000,0.000,26.504,52.287,4.787,0.000,0.082,18911256,0,67.383,30.553,26.504,0.000,20,0,0.000,Off,ModifiedOnly,0,0,0,0,0,0,false,0,0,0,0,0,0,0,0,0,0,0,0,0,0,0,0.000,0.000,0.000,0.000,0.000,0.000,0.000,0.000,0.000,0.000,0.000,0.000,0.000,0.000,0.000,0.000,0.000,0.000,0.000,0.000
Classic CPU ROAM,classic_cpu_roam,Release,D3D12,NVIDIA GeForce RTX 5090 D,Direct3D 12 (feature level 12_0); requested Agility SDK 614; runtime 6.2.26100.8972 (C:\WINDOWS\SYSTEM32\D3D12Core.dll); driver 32.0.15.9186,false,2048,1129,assets/heightmaps/Hm_Terrain_Peking_513.png,547,547,80.000,12.000,20,0.250,0.100,200000,false,33,64,0.524,6.278,-57.352,20.884,-8.644,187.334,200000,1213464,199998,13301,6742,13301,233675,200000,33603,5335,156069,0,76567,123433,29108,3950,0,0,0,1,96.722,182.078,177.549,6.124,13.719,15.080,0.000,0.000,41.814,23.979,0.000,0.000,0.000,0.000,0.000,23.979,0.000,0.000,0.000,0.000,0.000,0.000,0.000,24.020,52.812,4.344,0.000,0.081,18232872,0,65.793,28.799,24.020,0.000,20,0,0.000,Off,ModifiedOnly,0,0,0,0,0,0,false,0,0,0,0,0,0,0,0,0,0,0,0,0,0,0,0.000,0.000,0.000,0.000,0.000,0.000,0.000,0.000,0.000,0.000,0.000,0.000,0.000,0.000,0.000,0.000,0.000,0.000,0.000,0.000
Classic CPU ROAM,classic_cpu_roam,Release,D3D12,NVIDIA GeForce RTX 5090 D,Direct3D 12 (feature level 12_0); requested Agility SDK 614; runtime 6.2.26100.8972 (C:\WINDOWS\SYSTEM32\D3D12Core.dll); driver 32.0.15.9186,false,2048,1129,assets/heightmaps/Hm_Terrain_Peking_513.png,547,547,80.000,12.000,20,0.250,0.100,200000,false,34,64,0.540,6.461,-56.206,21.435,-14.312,182.680,200000,1232536,199998,15230,7719,15230,233785,200000,33541,3788,178620,0,78335,121665,28293,2213,0,0,0,1,94.068,187.039,182.566,5.594,13.755,15.079,0.000,0.000,41.874,28.493,0.000,0.000,0.000,0.000,0.000,28.493,0.000,0.000,0.000,0.000,0.000,0.000,0.000,26.368,51.402,4.288,0.000,0.081,17932992,0,70.367,28.834,26.368,0.000,20,0,0.000,Off,ModifiedOnly,0,0,0,0,0,0,false,0,0,0,0,0,0,0,0,0,0,0,0,0,0,0,0.000,0.000,0.000,0.000,0.000,0.000,0.000,0.000,0.000,0.000,0.000,0.000,0.000,0.000,0.000,0.000,0.000,0.000,0.000,0.000
Classic CPU ROAM,classic_cpu_roam,Release,D3D12,NVIDIA GeForce RTX 5090 D,Direct3D 12 (feature level 12_0); requested Agility SDK 614; runtime 6.2.26100.8972 (C:\WINDOWS\SYSTEM32\D3D12Core.dll); driver 32.0.15.9186,false,2048,1129,assets/heightmaps/Hm_Terrain_Peking_513.png,547,547,80.000,12.000,20,0.250,0.100,200000,false,35,64,0.556,6.649,-54.502,21.928,-19.837,187.679,200000,1250620,199998,15164,7716,15164,233892,200000,33657,3973,180140,0,79605,120395,28625,2137,0,0,0,1,94.083,187.110,182.536,6.201,13.672,14.989,0.000,0.000,41.737,27.814,0.000,0.000,0.000,0.000,0.000,27.814,0.000,0.000,0.000,0.000,0.000,0.000,0.000,26.809,51.312,4.392,0.000,0.081,18128712,0,69.551,28.661,26.809,0.000,20,0,0.000,Off,ModifiedOnly,0,0,0,0,0,0,false,0,0,0,0,0,0,0,0,0,0,0,0,0,0,0,0.000,0.000,0.000,0.000,0.000,0.000,0.000,0.000,0.000,0.000,0.000,0.000,0.000,0.000,0.000,0.000,0.000,0.000,0.000,0.000
Classic CPU ROAM,classic_cpu_roam,Release,D3D12,NVIDIA GeForce RTX 5090 D,Direct3D 12 (feature level 12_0); requested Agility SDK 614; runtime 6.2.26100.8972 (C:\WINDOWS\SYSTEM32\D3D12Core.dll); driver 32.0.15.9186,false,2048,1129,assets/heightmaps/Hm_Terrain_Peking_513.png,547,547,80.000,12.000,20,0.250,0.100,200000,false,36,64,0.571,6.836,-52.256,22.345,-25.165,187.715,200000,1272356,199998,15904,8086,15904,233998,200000,33737,3922,187900,0,78905,121095,28858,1738,0,0,0,1,101.587,189.018,184.400,6.118,13.733,15.506,0.000,0.000,41.481,28.813,0.000,0.000,0.000,0.000,0.000,28.813,0.000,0.000,0.000,0.000,0.000,0.000,0.000,27.176,51.572,4.413,0.000,0.080,18198096,0,70.294,29.239,27.176,0.000,20,0,0.000,Off,ModifiedOnly,0,0,0,0,0,0,false,0,0,0,0,0,0,0,0,0,0,0,0,0,0,0,0.000,0.000,0.000,0.000,0.000,0.000,0.000,0.000,0.000,0.000,0.000,0.000,0.000,0.000,0.000,0.000,0.000,0.000,0.000,0.000
Classic CPU ROAM,classic_cpu_roam,Release,D3D12,NVIDIA GeForce RTX 5090 D,Direct3D 12 (feature level 12_0); requested Agility SDK 614; runtime 6.2.26100.8972 (C:\WINDOWS\SYSTEM32\D3D12Core.dll); driver 32.0.15.9186,false,2048,1129,assets/heightmaps/Hm_Terrain_Peking_513.png,547,547,80.000,12.000,20,0.250,0.100,200000,false,37,64,0.587,7.026,-49.491,22.670,-30.243,189.637,200000,1294002,199998,16445,8345,16445,234263,200000,33975,4360,196734,0,81250,118750,29397,2731,0,0,0,1,100.812,190.505,185.822,6.484,13.749,16.063,0.000,0.000,41.270,29.596,0.000,0.000,0.000,0.000,0.000,29.596,0.000,0.000,0.000,0.000,0.000,0.000,0.000,28.194,50.462,4.481,0.000,0.080,18205320,0,70.866,29.812,28.194,0.000,20,0,0.000,Off,ModifiedOnly,0,0,0,0,0,0,false,0,0,0,0,0,0,0,0,0,0,0,0,0,0,0,0.000,0.000,0.000,0.000,0.000,0.000,0.000,0.000,0.000,0.000,0.000,0.000,0.000,0.000,0.000,0.000,0.000,0.000,0.000,0.000
Classic CPU ROAM,classic_cpu_roam,Release,D3D12,NVIDIA GeForce RTX 5090 D,Direct3D 12 (feature level 12_0); requested Agility SDK 614; runtime 6.2.26100.8972 (C:\WINDOWS\SYSTEM32\D3D12Core.dll); driver 32.0.15.9186,false,2048,1129,assets/heightmaps/Hm_Terrain_Peking_513.png,547,547,80.000,12.000,20,0.250,0.100,200000,false,38,64,0.603,7.217,-46.234,22.888,-35.021,191.144,200000,1311006,199998,15872,8061,15872,234265,200000,33924,4639,186697,0,80182,119818,29541,1955,0,0,0,1,101.463,189.210,184.636,6.447,13.866,16.016,0.000,0.000,41.363,27.955,0.000,0.000,0.000,0.000,0.000,27.955,0.000,0.000,0.000,0.000,0.000,0.000,0.000,27.311,51.678,4.379,0.000,0.081,18028248,0,69.318,29.882,27.311,0.000,20,0,0.000,Off,ModifiedOnly,0,0,0,0,0,0,false,0,0,0,0,0,0,0,0,0,0,0,0,0,0,0,0.000,0.000,0.000,0.000,0.000,0.000,0.000,0.000,0.000,0.000,0.000,0.000,0.000,0.000,0.000,0.000,0.000,0.000,0.000,0.000
Classic CPU ROAM,classic_cpu_roam,Release,D3D12,NVIDIA GeForce RTX 5090 D,Direct3D 12 (feature level 12_0); requested Agility SDK 614; runtime 6.2.26100.8972 (C:\WINDOWS\SYSTEM32\D3D12Core.dll); driver 32.0.15.9186,false,2048,1129,assets/heightmaps/Hm_Terrain_Peking_513.png,547,547,80.000,12.000,20,0.250,0.100,200000,false,39,64,0.619,7.407,-42.517,22.992,-39.450,189.810,200000,1327504,199998,16703,8476,16703,234337,200000,34249,5771,201943,0,84139,115861,30316,3009,0,0,0,1,98.535,194.934,190.137,5.226,13.901,17.851,0.000,0.000,41.606,30.479,0.000,0.000,0.000,0.000,0.000,30.479,0.000,0.000,0.000,0.000,0.000,0.000,0.000,29.033,52.040,4.609,0.000,0.078,18876816,0,72.085,31.751,29.033,0.000,20,0,0.000,Off,ModifiedOnly,0,0,0,0,0,0,false,0,0,0,0,0,0,0,0,0,0,0,0,0,0,0,0.000,0.000,0.000,0.000,0.000,0.000,0.000,0.000,0.000,0.000,0.000,0.000,0.000,0.000,0.000,0.000,0.000,0.000,0.000,0.000
Classic CPU ROAM,classic_cpu_roam,Release,D3D12,NVIDIA GeForce RTX 5090 D,Direct3D 12 (feature level 12_0); requested Agility SDK 614; runtime 6.2.26100.8972 (C:\WINDOWS\SYSTEM32\D3D12Core.dll); driver 32.0.15.9186,false,2048,1129,assets/heightmaps/Hm_Terrain_Peking_513.png,547,547,80.000,12.000,20,0.250,0.100,200000,false,40,64,0.635,7.602,-38.378,22.977,-43.487,195.546,200000,1341966,199998,16298,8183,16298,234412,200000,34282,6332,191457,0,87171,112829,31201,2997,0,0,0,1,99.835,192.520,187.644,5.247,13.984,18.124,0.000,0.000,41.953,28.207,0.000,0.000,0.000,0.000,0.000,28.207,0.000,0.000,0.000,0.000,0.000,0.000,0.000,28.860,51.269,4.672,0.000,0.081,19291272,0,70.160,32.108,28.860,0.000,20,0,0.000,Off,ModifiedOnly,0,0,0,0,0,0,false,0,0,0,0,0,0,0,0,0,0,0,0,0,0,0,0.000,0.000,0.000,0.000,0.000,0.000,0.000,0.000,0.000,0.000,0.000,0.000,0.000,0.000,0.000,0.000,0.000,0.000,0.000,0.000
Classic CPU ROAM,classic_cpu_roam,Release,D3D12,NVIDIA GeForce RTX 5090 D,Direct3D 12 (feature level 12_0); requested Agility SDK 614; runtime 6.2.26100.8972 (C:\WINDOWS\SYSTEM32\D3D12Core.dll); driver 32.0.15.9186,false,2048,1129,assets/heightmaps/Hm_Terrain_Peking_513.png,547,547,80.000,12.000,20,0.250,0.100,200000,false,41,64,0.651,7.796,-33.857,22.844,-47.092,193.093,200000,1355988,199998,15762,8024,15762,234345,200000,34210,6688,189948,0,87428,112572,31658,3282,0,0,0,1,99.170,193.752,188.893,6.273,14.052,17.973,0.000,0.000,41.551,28.130,0.000,0.000,0.000,0.000,0.000,28.130,0.000,0.000,0.000,0.000,0.000,0.000,0.000,28.596,52.316,4.645,0.000,0.078,19733784,0,69.681,32.025,28.596,0.000,20,0,0.000,Off,ModifiedOnly,0,0,0,0,0,0,false,0,0,0,0,0,0,0,0,0,0,0,0,0,0,0,0.000,0.000,0.000,0.000,0.000,0.000,0.000,0.000,0.000,0.000,0.000,0.000,0.000,0.000,0.000,0.000,0.000,0.000,0.000,0.000
Classic CPU ROAM,classic_cpu_roam,Release,D3D12,NVIDIA GeForce RTX 5090 D,Direct3D 12 (feature level 12_0); requested Agility SDK 614; runtime 6.2.26100.8972 (C:\WINDOWS\SYSTEM32\D3D12Core.dll); driver 32.0.15.9186,false,2048,1129,assets/heightmaps/Hm_Terrain_Peking_513.png,547,547,80.000,12.000,20,0.250,0.100,200000,false,42,64,0.667,7.990,-29.000,22.598,-50.229,194.344,200000,1371076,199998,14441,7358,14441,234208,200000,34059,6247,172849,0,84903,115097,31827,4666,0,0,0,1,93.313,188.876,184.023,5.572,14.074,17.275,0.000,0.000,41.264,25.260,0.000,0.000,0.000,0.000,0.000,25.260,0.000,0.000,0.000,0.000,0.000,0.000,0.000,26.426,54.151,4.648,0.000,0.080,19537896,0,66.524,31.349,26.426,0.000,20,0,0.000,Off,ModifiedOnly,0,0,0,0,0,0,false,0,0,0,0,0,0,0,0,0,0,0,0,0,0,0,0.000,0.000,0.000,0.000,0.000,0.000,0.000,0.000,0.000,0.000,0.000,0.000,0.000,0.000,0.000,0.000,0.000,0.000,0.000,0.000
Classic CPU ROAM,classic_cpu_roam,Release,D3D12,NVIDIA GeForce RTX 5090 D,Direct3D 12 (feature level 12_0); requested Agility SDK 614; runtime 6.2.26100.8972 (C:\WINDOWS\SYSTEM32\D3D12Core.dll); driver 32.0.15.9186,false,2048,1129,assets/heightmaps/Hm_Terrain_Peking_513.png,547,547,80.000,12.000,20,0.250,0.100,200000,false,43,64,0.683,8.179,-23.855,22.249,-52.867,189.493,200000,1386996,199998,14247,7267,14247,234159,200000,34074,5350,171115,0,83406,116594,31627,2661,0,0,0,1,101.281,189.838,184.971,7.422,14.058,16.235,0.000,0.000,41.490,24.729,0.000,0.000,0.000,0.000,0.000,24.729,0.000,0.000,0.000,0.000,0.000,0.000,0.000,25.909,55.128,4.673,0.000,0.078,19385856,0,66.219,30.293,25.909,0.000,20,0,0.000,Off,ModifiedOnly,0,0,0,0,0,0,false,0,0,0,0,0,0,0,0,0,0,0,0,0,0,0,0.000,0.000,0.000,0.000,0.000,0.000,0.000,0.000,0.000,0.000,0.000,0.000,0.000,0.000,0.000,0.000,0.000,0.000,0.000,0.000
Classic CPU ROAM,classic_cpu_roam,Release,D3D12,NVIDIA GeForce RTX 5090 D,Direct3D 12 (feature level 12_0); requested Agility SDK 614; runtime 6.2.26100.8972 (C:\WINDOWS\SYSTEM32\D3D12Core.dll); driver 32.0.15.9186,false,2048,1129,assets/heightmaps/Hm_Terrain_Peking_513.png,547,547,80.000,12.000,20,0.250,0.100,200000,false,44,64,0.698,8.370,-18.472,21.811,-54.980,190.468,200000,1403468,199998,14535,7422,14535,234189,200000,33987,5449,172845,0,81489,118511,31690,3147,0,0,0,1,103.679,185.464,180.669,5.954,13.870,16.543,0.000,0.000,41.406,25.075,0.000,0.000,0.000,0.000,0.000,25.075,0.000,0.000,0.000,0.000,0.000,0.000,0.000,25.956,51.863,4.581,0.000,0.081,19045992,0,66.482,30.412,25.956,0.000,20,0,0.000,Off,ModifiedOnly,0,0,0,0,0,0,false,0,0,0,0,0,0,0,0,0,0,0,0,0,0,0,0.000,0.000,0.000,0.000,0.000,0.000,0.000,0.000,0.000,0.000,0.000,0.000,0.000,0.000,0.000,0.000,0.000,0.000,0.000,0.000
Classic CPU ROAM,classic_cpu_roam,Release,D3D12,NVIDIA GeForce RTX 5090 D,Direct3D 12 (feature level 12_0); requested Agility SDK 614; runtime 6.2.26100.8972 (C:\WINDOWS\SYSTEM32\D3D12Core.dll); driver 32.0.15.9186,false,2048,1129,assets/heightmaps/Hm_Terrain_Peking_513.png,547,547,80.000,12.000,20,0.250,0.100,200000,false,45,64,0.714,8.556,-12.906,21.302,-56.546,186.147,200000,1420066,199998,15604,7966,15604,234104,200000,33800,5863,182857,0,85583,114417,32109,2600,0,0,0,1,101.272,189.796,184.983,5.503,13.829,18.008,0.000,0.000,41.290,27.399,0.000,0.000,0.000,0.000,0.000,27.399,0.000,0.000,0.000,0.000,0.000,0.000,0.000,27.811,51.141,4.614,0.000,0.080,19077240,0,68.689,31.837,27.811,0.000,20,0,0.000,Off,ModifiedOnly,0,0,0,0,0,0,false,0,0,0,0,0,0,0,0,0,0,0,0,0,0,0,0.000,0.000,0.000,0.000,0.000,0.000,0.000,0.000,0.000,0.000,0.000,0.000,0.000,0.000,0.000,0.000,0.000,0.000,0.000,0.000
Classic CPU ROAM,classic_cpu_roam,Release,D3D12,NVIDIA GeForce RTX 5090 D,Direct3D 12 (feature level 12_0); requested Agility SDK 614; runtime 6.2.26100.8972 (C:\WINDOWS\SYSTEM32\D3D12Core.dll); driver 32.0.15.9186,false,2048,1129,assets/heightmaps/Hm_Terrain_Peking_513.png,547,547,80.000,12.000,20,0.250,0.100,200000,false,46,64,0.730,8.747,-7.212,20.740,-57.550,190.644,200000,1436222,199998,15864,8104,15864,233920,200000,33622,5701,183842,0,85562,114438,32192,4463,0,0,0,1,99.703,192.854,187.881,5.962,13.854,17.547,0.000,0.000,41.766,28.101,0.000,0.000,0.000,0.000,0.000,28.101,0.000,0.000,0.000,0.000,0.000,0.000,0.000,28.378,52.271,4.756,0.000,0.082,19352424,0,69.867,31.401,28.378,0.000,20,0,0.000,Off,ModifiedOnly,0,0,0,0,0,0,false,0,0,0,0,0,0,0,0,0,0,0,0,0,0,0,0.000,0.000,0.000,0.000,0.000,0.000,0.000,0.000,0.000,0.000,0.000,0.000,0.000,0.000,0.000,0.000,0.000,0.000,0.000,0.000
Classic CPU ROAM,classic_cpu_roam,Release,D3D12,NVIDIA GeForce RTX 5090 D,Direct3D 12 (feature level 12_0); requested Agility SDK 614; runtime 6.2.26100.8972 (C:\WINDOWS\SYSTEM32\D3D12Core.dll); driver 32.0.15.9186,false,2048,1129,assets/heightmaps/Hm_Terrain_Peking_513.png,547,547,80.000,12.000,20,0.250,0.100,200000,false,47,64,0.746,8.940,-1.446,20.150,-57.982,193.448,200000,1449752,199998,15277,7774,15277,233808,200000,33579,5556,177339,0,82258,117742,31830,2438,0,0,0,1,101.797,189.148,184.003,6.036,13.834,16.851,0.000,0.000,41.822,26.882,0.000,0.000,0.000,0.000,0.000,26.882,0.000,0.000,0.000,0.000,0.000,0.000,0.000,27.225,51.352,4.918,0.000,0.081,18859680,0,68.704,30.685,27.225,0.000,20,0,0.000,Off,ModifiedOnly,0,0,0,0,0,0,false,0,0,0,0,0,0,0,0,0,0,0,0,0,0,0,0.000,0.000,0.000,0.000,0.000,0.000,0.000,0.000,0.000,0.000,0.000,0.000,0.000,0.000,0.000,0.000,0.000,0.000,0.000,0.000
Classic CPU ROAM,classic_cpu_roam,Release,D3D12,NVIDIA GeForce RTX 5090 D,Direct3D 12 (feature level 12_0); requested Agility SDK 614; runtime 6.2.26100.8972 (C:\WINDOWS\SYSTEM32\D3D12Core.dll); driver 32.0.15.9186,false,2048,1129,assets/heightmaps/Hm_Terrain_Peking_513.png,547,547,80.000,12.000,20,0.250,0.100,200000,false,48,64,0.762,9.130,4.334,19.553,-57.838,189.748,200000,1462344,199998,14608,7358,14608,233772,200000,33652,5623,170397,0,79000,121000,31377,4125,0,0,0,1,93.821,187.784,183.010,6.073,13.699,16.625,0.000,0.000,41.968,26.483,0.000,0.000,0.000,0.000,0.000,26.483,0.000,0.000,0.000,0.000,0.000,0.000,0.000,26.200,51.961,4.555,0.000,0.083,18406248,0,68.452,30.324,26.200,0.000,20,0,0.000,Off,ModifiedOnly,0,0,0,0,0,0,false,0,0,0,0,0,0,0,0,0,0,0,0,0,0,0,0.000,0.000,0.000,0.000,0.000,0.000,0.000,0.000,0.000,0.000,0.000,0.000,0.000,0.000,0.000,0.000,0.000,0.000,0.000,0.000
Classic CPU ROAM,classic_cpu_roam,Release,D3D12,NVIDIA GeForce RTX 5090 D,Direct3D 12 (feature level 12_0); requested Agility SDK 614; runtime 6.2.26100.8972 (C:\WINDOWS\SYSTEM32\D3D12Core.dll); driver 32.0.15.9186,false,2048,1129,assets/heightmaps/Hm_Terrain_Peking_513.png,547,547,80.000,12.000,20,0.250,0.100,200000,false,49,64,0.778,9.318,10.072,18.974,-57.119,188.560,200000,1475114,199998,14187,7175,14187,233857,200000,33690,4946,165286,0,76644,123356,31124,2155,0,0,0,1,99.594,193.092,188.102,5.828,13.896,16.576,0.000,0.000,41.815,27.487,0.000,0.000,0.000,0.000,0.000,27.487,0.000,0.000,0.000,0.000,0.000,0.000,0.000,29.017,53.481,4.788,0.000,0.081,17903088,0,69.302,30.472,29.017,0.000,20,0,0.000,Off,ModifiedOnly,0,0,0,0,0,0,false,0,0,0,0,0,0,0,0,0,0,0,0,0,0,0,0.000,0.000,0.000,0.000,0.000,0.000,0.000,0.000,0.000,0.000,0.000,0.000,0.000,0.000,0.000,0.000,0.000,0.000,0.000,0.000
Classic CPU ROAM,classic_cpu_roam,Release,D3D12,NVIDIA GeForce RTX 5090 D,Direct3D 12 (feature level 12_0); requested Agility SDK 614; runtime 6.2.26100.8972 (C:\WINDOWS\SYSTEM32\D3D12Core.dll); driver 32.0.15.9186,false,2048,1129,assets/heightmaps/Hm_Terrain_Peking_513.png,547,547,80.000,12.000,20,0.250,0.100,200000,false,50,64,0.794,9.512,15.709,18.436,-55.832,193.861,200000,1491114,199998,16042,8229,16042,233818,200000,33370,4643,186724,0,82294,117706,31683,2792,0,0,0,1,99.137,193.788,188.951,6.021,13.750,16.704,0.000,0.000,41.871,29.753,0.000,0.000,0.000,0.000,0.000,29.753,0.000,0.000,0.000,0.000,0.000,0.000,0.000,27.981,52.869,4.620,0.000,0.082,18235896,0,71.624,30.454,27.981,0.000,20,0,0.000,Off,ModifiedOnly,0,0,0,0,0,0,false,0,0,0,0,0,0,0,0,0,0,0,0,0,0,0,0.000,0.000,0.000,0.000,0.000,0.000,0.000,0.000,0.000,0.000,0.000,0.000,0.000,0.000,0.000,0.000,0.000,0.000,0.000,0.000
Classic CPU ROAM,classic_cpu_roam,Release,D3D12,NVIDIA GeForce RTX 5090 D,Direct3D 12 (feature level 12_0); requested Agility SDK 614; runtime 6.2.26100.8972 (C:\WINDOWS\SYSTEM32\D3D12Core.dll); driver 32.0.15.9186,false,2048,1129,assets/heightmaps/Hm_Terrain_Peking_513.png,547,547,80.000,12.000,20,0.250,0.100,200000,false,51,64,0.810,9.707,21.190,17.959,-53.991,194.419,200000,1510454,199998,17982,9149,17982,233639,200000,33274,4555,208924,0,85144,114856,31787,1984,0,0,0,1,104.415,199.411,194.358,6.385,13.663,17.619,0.000,0.000,41.739,32.139,0.000,0.000,0.000,0.000,0.000,32.139,0.000,0.000,0.000,0.000,0.000,0.000,0.000,30.544,52.267,4.834,0.000,0.080,19121592,0,73.878,31.282,30.544,0.000,20,0,0.000,Off,ModifiedOnly,0,0,0,0,0,0,false,0,0,0,0,0,0,0,0,0,0,0,0,0,0,0,0.000,0.000,0.000,0.000,0.000,0.000,0.000,0.000,0.000,0.000,0.000,0.000,0.000,0.000,0.000,0.000,0.000,0.000,0.000,0.000
Classic CPU ROAM,classic_cpu_roam,Release,D3D12,NVIDIA GeForce RTX 5090 D,Direct3D 12 (feature level 12_0); requested Agility SDK 614; runtime 6.2.26100.8972 (C:\WINDOWS\SYSTEM32\D3D12Core.dll); driver 32.0.15.9186,false,2048,1129,assets/heightmaps/Hm_Terrain_Peking_513.png,547,547,80.000,12.000,20,0.250,0.100,200000,false,52,64,0.825,9.907,26.460,17.564,-51.613,200.169,200000,1530352,199998,17814,8962,17814,233584,200000,33245,4455,203237,0,83675,116325,31819,2457,0,0,0,1,100.158,207.390,202.629,6.456,13.465,16.990,0.000,0.000,41.026,31.258,0.000,0.000,0.000,0.000,0.000,31.258,0.000,0.000,0.000,0.000,0.000,0.000,0.000,29.972,63.460,4.549,0.000,0.082,18980472,0,72.284,30.455,29.972,0.000,20,0,0.000,Off,ModifiedOnly,0,0,0,0,0,0,false,0,0,0,0,0,0,0,0,0,0,0,0,0,0,0,0.000,0.000,0.000,0.000,0.000,0.000,0.000,0.000,0.000,0.000,0.000,0.000,0.000,0.000,0.000,0.000,0.000,0.000,0.000,0.000
Classic CPU ROAM,classic_cpu_roam,Release,D3D12,NVIDIA GeForce RTX 5090 D,Direct3D 12 (feature level 12_0); requested Agility SDK 614; runtime 6.2.26100.8972 (C:\WINDOWS\SYSTEM32\D3D12Core.dll); driver 32.0.15.9186,false,2048,1129,assets/heightmaps/Hm_Terrain_Peking_513.png,547,547,80.000,12.000,20,0.250,0.100,200000,false,53,64,0.841,10.115,31.468,17.265,-48.722,208.017,200000,1547616,199998,16790,8470,16790,233653,200000,33358,4575,194153,0,86207,113793,32424,2610,0,0,0,1,98.907,194.283,189.386,6.260,13.475,16.194,0.000,0.000,40.568,29.513,0.000,0.000,0.000,0.000,0.000,29.513,0.000,0.000,0.000,0.000,0.000,0.000,0.000,29.381,53.994,4.671,0.000,0.081,18838512,0,70.082,29.669,29.381,0.000,20,0,0.000,Off,ModifiedOnly,0,0,0,0,0,0,false,0,0,0,0,0,0,0,0,0,0,0,0,0,0,0,0.000,0.000,0.000,0.000,0.000,0.000,0.000,0.000,0.000,0.000,0.000,0.000,0.000,0.000,0.000,0.000,0.000,0.000,0.000,0.000
Classic CPU ROAM,classic_cpu_roam,Release,D3D12,NVIDIA GeForce RTX 5090 D,Direct3D 12 (feature level 12_0); requested Agility SDK 614; runtime 6.2.26100.8972 (C:\WINDOWS\SYSTEM32\D3D12Core.dll); driver 32.0.15.9186,false,2048,1129,assets/heightmaps/Hm_Terrain_Peking_513.png,547,547,80.000,12.000,20,0.250,0.100,200000,false,54,64,0.857,10.310,36.162,17.075,-45.346,195.151,200000,1560998,199998,16727,8468,16727,233846,200000,33509,5079,194579,0,86575,113425,32823,2192,0,0,0,1,96.954,198.308,193.224,6.495,13.653,16.948,0.000,0.000,40.907,29.912,0.000,0.000,0.000,0.000,0.000,29.912,0.000,0.000,0.000,0.000,0.000,0.000,0.000,29.650,55.657,4.880,0.000,0.082,19295472,0,70.819,30.601,29.650,0.000,20,0,0.000,Off,ModifiedOnly,0,0,0,0,0,0,false,0,0,0,0,0,0,0,0,0,0,0,0,0,0,0,0.000,0.000,0.000,0.000,0.000,0.000,0.000,0.000,0.000,0.000,0.000,0.000,0.000,0.000,0.000,0.000,0.000,0.000,0.000,0.000
Classic CPU ROAM,classic_cpu_roam,Release,D3D12,NVIDIA GeForce RTX 5090 D,Direct3D 12 (feature level 12_0); requested Agility SDK 614; runtime 6.2.26100.8972 (C:\WINDOWS\SYSTEM32\D3D12Core.dll); driver 32.0.15.9186,false,2048,1129,assets/heightmaps/Hm_Terrain_Peking_513.png,547,547,80.000,12.000,20,0.250,0.100,200000,false,55,64,0.873,10.509,40.498,17.001,-41.520,199.006,200000,1572094,199998,16939,8595,16939,233827,200000,33572,6039,194951,0,86572,113428,32864,3191,0,0,0,1,97.559,197.321,192.020,6.331,13.622,17.831,0.000,0.000,40.696,29.996,0.000,0.000,0.000,0.000,0.000,29.996,0.000,0.000,0.000,0.000,0.000,0.000,0.000,29.588,53.954,5.092,0.000,0.081,19641384,0,70.693,31.453,29.588,0.000,20,0,0.000,Off,ModifiedOnly,0,0,0,0,0,0,false,0,0,0,0,0,0,0,0,0,0,0,0,0,0,0,0.000,0.000,0.000,0.000,0.000,0.000,0.000,0.000,0.000,0.000,0.000,0.000,0.000,0.000,0.000,0.000,0.000,0.000,0.000,0.000
Classic CPU ROAM,classic_cpu_roam,Release,D3D12,NVIDIA GeForce RTX 5090 D,Direct3D 12 (feature level 12_0); requested Agility SDK 614; runtime 6.2.26100.8972 (C:\WINDOWS\SYSTEM32\D3D12Core.dll); driver 32.0.15.9186,false,2048,1129,assets/heightmaps/Hm_Terrain_Peking_513.png,547,547,80.000,12.000,20,0.250,0.100,200000,false,56,64,0.889,10.707,44.431,17.046,-37.282,197.968,200000,1581666,199998,17395,8767,17395,233730,200000,33516,6905,198368,0,85545,114455,33084,3730,0,0,0,1,94.532,203.548,198.136,6.407,13.685,20.002,0.000,0.000,40.690,33.894,0.000,0.000,0.000,0.000,0.000,33.894,0.000,0.000,0.000,0.000,0.000,0.000,0.000,30.529,52.927,5.162,0.000,0.082,19559400,0,74.585,33.687,30.529,0.000,20,0,0.000,Off,ModifiedOnly,0,0,0,0,0,0,false,0,0,0,0,0,0,0,0,0,0,0,0,0,0,0,0.000,0.000,0.000,0.000,0.000,0.000,0.000,0.000,0.000,0.000,0.000,0.000,0.000,0.000,0.000,0.000,0.000,0.000,0.000,0.000
Classic CPU ROAM,classic_cpu_roam,Release,D3D12,NVIDIA GeForce RTX 5090 D,Direct3D 12 (feature level 12_0); requested Agility SDK 614; runtime 6.2.26100.8972 (C:\WINDOWS\SYSTEM32\D3D12Core.dll); driver 32.0.15.9186,false,2048,1129,assets/heightmaps/Hm_Terrain_Peking_513.png,547,547,80.000,12.000,20,0.250,0.100,200000,false,57,64,0.905,10.911,47.922,17.207,-32.673,204.167,200000,1591694,199998,17430,8811,17430,233824,200000,33626,5542,201836,0,88739,111261,33383,2985,0,0,0,1,97.338,213.979,208.503,6.565,13.834,19.552,0.000,0.000,40.941,35.082,0.000,0.000,0.000,0.000,0.000,35.082,0.000,0.000,0.000,0.000,0.000,0.000,0.000,32.095,60.433,5.259,0.000,0.080,20021904,0,76.023,33.386,32.095,0.000,20,0,0.000,Off,ModifiedOnly,0,0,0,0,0,0,false,0,0,0,0,0,0,0,0,0,0,0,0,0,0,0,0.000,0.000,0.000,0.000,0.000,0.000,0.000,0.000,0.000,0.000,0.000,0.000,0.000,0.000,0.000,0.000,0.000,0.000,0.000,0.000
Classic CPU ROAM,classic_cpu_roam,Release,D3D12,NVIDIA GeForce RTX 5090 D,Direct3D 12 (feature level 12_0); requested Agility SDK 614; runtime 6.2.26100.8972 (C:\WINDOWS\SYSTEM32\D3D12Core.dll); driver 32.0.15.9186,false,2048,1129,assets/heightmaps/Hm_Terrain_Peking_513.png,547,547,80.000,12.000,20,0.250,0.100,200000,false,58,64,0.921,11.126,50.937,17.480,-27.739,214.635,200000,1600254,199998,15934,8088,15934,233966,200000,33767,5299,189265,0,87867,112133,33591,2649,0,0,0,1,101.388,205.497,200.175,6.870,13.839,18.023,0.000,0.000,41.471,31.496,0.000,0.000,0.000,0.000,0.000,31.496,0.000,0.000,0.000,0.000,0.000,0.000,0.000,30.107,58.367,5.112,0.000,0.082,20126568,0,72.967,31.862,30.107,0.000,20,0,0.000,Off,ModifiedOnly,0,0,0,0,0,0,false,0,0,0,0,0,0,0,0,0,0,0,0,0,0,0,0.000,0.000,0.000,0.000,0.000,0.000,0.000,0.000,0.000,0.000,0.000,0.000,0.000,0.000,0.000,0.000,0.000,0.000,0.000,0.000
Classic CPU ROAM,classic_cpu_roam,Release,D3D12,NVIDIA GeForce RTX 5090 D,Direct3D 12 (feature level 12_0); requested Agility SDK 614; runtime 6.2.26100.8972 (C:\WINDOWS\SYSTEM32\D3D12Core.dll); driver 32.0.15.9186,false,2048,1129,assets/heightmaps/Hm_Terrain_Peking_513.png,547,547,80.000,12.000,20,0.250,0.100,200000,false,59,64,0.937,11.332,53.446,17.852,-22.529,206.178,200000,1606058,199998,13904,7077,13904,233950,200000,33664,4810,164003,0,82925,117075,33605,1824,0,0,0,1,97.702,197.195,191.733,6.926,13.825,16.098,0.000,0.000,41.499,26.777,0.000,0.000,0.000,0.000,0.000,26.777,0.000,0.000,0.000,0.000,0.000,0.000,0.000,26.841,59.765,5.246,0.000,0.079,19338480,0,68.276,29.923,26.841,0.000,20,0,0.000,Off,ModifiedOnly,0,0,0,0,0,0,false,0,0,0,0,0,0,0,0,0,0,0,0,0,0,0,0.000,0.000,0.000,0.000,0.000,0.000,0.000,0.000,0.000,0.000,0.000,0.000,0.000,0.000,0.000,0.000,0.000,0.000,0.000,0.000
Classic CPU ROAM,classic_cpu_roam,Release,D3D12,NVIDIA GeForce RTX 5090 D,Direct3D 12 (feature level 12_0); requested Agility SDK 614; runtime 6.2.26100.8972 (C:\WINDOWS\SYSTEM32\D3D12Core.dll); driver 32.0.15.9186,false,2048,1129,assets/heightmaps/Hm_Terrain_Peking_513.png,547,547,80.000,12.000,20,0.250,0.100,200000,false,60,64,0.952,11.530,55.423,18.310,-17.096,197.812,200000,1609478,199998,14980,7628,14980,233923,200000,33630,5375,176588,0,82654,117346,33877,2243,0,0,0,1,103.938,200.850,195.242,6.937,13.785,17.307,0.000,0.000,41.471,28.473,0.000,0.000,0.000,0.000,0.000,28.473,0.000,0.000,0.000,0.000,0.000,0.000,0.000,27.946,59.323,5.378,0.000,0.081,19105464,0,69.943,31.091,27.946,0.000,20,0,0.000,Off,ModifiedOnly,0,0,0,0,0,0,false,0,0,0,0,0,0,0,0,0,0,0,0,0,0,0,0.000,0.000,0.000,0.000,0.000,0.000,0.000,0.000,0.000,0.000,0.000,0.000,0.000,0.000,0.000,0.000,0.000,0.000,0.000,0.000
Classic CPU ROAM,classic_cpu_roam,Release,D3D12,NVIDIA GeForce RTX 5090 D,Direct3D 12 (feature level 12_0); requested Agility SDK 614; runtime 6.2.26100.8972 (C:\WINDOWS\SYSTEM32\D3D12Core.dll); driver 32.0.15.9186,false,2048,1129,assets/heightmaps/Hm_Terrain_Peking_513.png,547,547,80.000,12.000,20,0.250,0.100,200000,false,61,64,0.968,11.731,56.850,18.835,-11.492,201.523,200000,1612158,199998,15693,8025,15693,233780,200000,33579,5938,182533,0,86488,113512,34284,3261,0,0,0,1,101.835,204.825,199.276,6.875,13.800,18.524,0.000,0.000,42.277,29.729,0.000,0.000,0.000,0.000,0.000,29.729,0.000,0.000,0.000,0.000,0.000,0.000,0.000,29.267,58.802,5.316,0.000,0.082,19549824,0,72.006,32.324,29.267,0.000,20,0,0.000,Off,ModifiedOnly,0,0,0,0,0,0,false,0,0,0,0,0,0,0,0,0,0,0,0,0,0,0,0.000,0.000,0.000,0.000,0.000,0.000,0.000,0.000,0.000,0.000,0.000,0.000,0.000,0.000,0.000,0.000,0.000,0.000,0.000,0.000
Classic CPU ROAM,classic_cpu_roam,Release,D3D12,NVIDIA GeForce RTX 5090 D,Direct3D 12 (feature level 12_0); requested Agility SDK 614; runtime 6.2.26100.8972 (C:\WINDOWS\SYSTEM32\D3D12Core.dll); driver 32.0.15.9186,false,2048,1129,assets/heightmaps/Hm_Terrain_Peking_513.png,547,547,80.000,12.000,20,0.250,0.100,200000,false,62,64,0.984,11.937,57.712,19.406,-5.775,205.506,200000,1614326,199998,16041,8193,16041,233771,200000,33544,6359,186637,0,88671,111329,34626,4114,0,0,0,1,105.084,213.443,207.988,7.766,13.955,19.522,0.000,0.000,42.908,31.785,0.000,0.000,0.000,0.000,0.000,31.785,0.000,0.000,0.000,0.000,0.000,0.000,0.000,29.947,62.104,5.234,0.000,0.082,19958064,0,74.692,33.477,29.947,0.000,20,0,0.000,Off,ModifiedOnly,0,0,0,0,0,0,false,0,0,0,0,0,0,0,0,0,0,0,0,0,0,0,0.000,0.000,0.000,0.000,0.000,0.000,0.000,0.000,0.000,0.000,0.000,0.000,0.000,0.000,0.000,0.000,0.000,0.000,0.000,0.000
Classic CPU ROAM,classic_cpu_roam,Release,D3D12,NVIDIA GeForce RTX 5090 D,Direct3D 12 (feature level 12_0); requested Agility SDK 614; runtime 6.2.26100.8972 (C:\WINDOWS\SYSTEM32\D3D12Core.dll); driver 32.0.15.9186,false,2048,1129,assets/heightmaps/Hm_Terrain_Peking_513.png,547,547,80.000,12.000,20,0.250,0.100,200000,false,63,64,1.000,12.151,58.000,20.000,0.000,214.433,200000,1614326,199998,14236,7231,14236,233843,200000,33549,5923,168679,0,83379,116621,34069,3007,0,0,0,1,97.457,197.380,192.217,6.299,13.671,17.587,0.000,0.000,42.362,27.813,0.000,0.000,0.000,0.000,0.000,27.813,0.000,0.000,0.000,0.000,0.000,0.000,0.000,27.445,57.039,4.948,0.000,0.079,19238184,0,70.175,31.259,27.445,0.000,20,0,0.000,Off,ModifiedOnly,0,0,0,0,0,0,false,0,0,0,0,0,0,0,0,0,0,0,0,0,0,0,0.000,0.000,0.000,0.000,0.000,0.000,0.000,0.000,0.000,0.000,0.000,0.000,0.000,0.000,0.000,0.000,0.000,0.000,0.000,0.000
Data-Oriented CPU ROAM,data_oriented_cpu_roam,Release,D3D12,NVIDIA GeForce RTX 5090 D,Direct3D 12 (feature level 12_0); requested Agility SDK 614; runtime 6.2.26100.8972 (C:\WINDOWS\SYSTEM32\D3D12Core.dll); driver 32.0.15.9186,false,2048,1129,assets/heightmaps/Hm_Terrain_Peking_513.png,547,547,80.000,12.000,20,0.250,0.100,200000,false,0,64,0.000,0.000,58.000,20.000,0.000,32.278,200000,399998,199998,0,0,0,233547,200000,33547,0,0,0,0,200000,0,1,0,0,0,8,100.326,31.162,31.146,2.118,2.006,0.006,0.000,0.000,4.457,0.001,0.000,0.000,0.000,0.000,0.000,0.001,0.002,0.000,0.000,0.000,0.000,0.000,0.000,0.221,22.337,0.003,0.000,0.083,0,0,4.458,2.012,0.221,0.000,20,0,0.000,Off,ModifiedOnly,0,0,0,0,0,0,false,0,0,0,0,0,0,0,0,0,0,0,0,0,0,0,0.000,0.000,0.000,0.000,0.000,0.000,0.000,0.000,0.000,0.000,0.000,0.000,0.000,0.000,0.000,0.000,0.000,0.000,0.000,0.000
Data-Oriented CPU ROAM,data_oriented_cpu_roam,Release,D3D12,NVIDIA GeForce RTX 5090 D,Direct3D 12 (feature level 12_0); requested Agility SDK 614; runtime 6.2.26100.8972 (C:\WINDOWS\SYSTEM32\D3D12Core.dll); driver 32.0.15.9186,false,2048,1129,assets/heightmaps/Hm_Terrain_Peking_513.png,547,547,80.000,12.000,20,0.250,0.100,200000,false,1,64,0.016,0.032,57.712,20.594,5.775,31.708,199999,427366,199997,13684,6900,13685,233767,199999,33646,6040,159934,0,43554,156445,19103,6041,0,0,0,8,222.315,85.600,84.213,2.141,2.309,15.324,0.000,0.000,4.748,30.007,0.000,0.000,0.000,0.000,0.000,30.007,0.071,0.308,0.165,0.008,1.208,13.555,0.000,6.031,23.653,1.233,0.000,0.085,7317072,0,47.416,17.633,6.031,0.000,20,0,0.000,Off,ModifiedOnly,0,0,0,0,0,0,false,0,0,0,291,0,0,0,0,0,0,0,0,0,0,0,0.000,0.000,0.000,0.000,0.000,0.000,0.000,0.000,0.000,0.000,0.000,0.000,0.000,0.000,0.000,0.000,0.000,0.000,0.000,0.000
Data-Oriented CPU ROAM,data_oriented_cpu_roam,Release,D3D12,NVIDIA GeForce RTX 5090 D,Direct3D 12 (feature level 12_0); requested Agility SDK 614; runtime 6.2.26100.8972 (C:\WINDOWS\SYSTEM32\D3D12Core.dll); driver 32.0.15.9186,false,2048,1129,assets/heightmaps/Hm_Terrain_Peking_513.png,547,547,80.000,12.000,20,0.250,0.100,200000,false,2,64,0.032,0.118,56.850,21.165,11.492,86.220,200000,455414,199998,14447,7328,14446,233838,200000,33704,4265,172629,0,75738,124262,26971,4266,0,0,0,8,193.886,92.170,88.495,4.154,2.314,17.590,0.000,0.000,4.947,22.939,0.000,0.000,0.000,0.000,0.000,22.939,0.236,1.164,0.393,0.009,4.366,11.413,0.000,8.482,28.068,3.488,0.000,0.084,12806640,0,36.504,19.904,8.482,0.000,20,0,0.000,Off,ModifiedOnly,0,0,0,0,0,0,false,0,0,0,1077,0,0,0,0,0,0,0,0,0,0,0,0.000,0.000,0.000,0.000,0.000,0.000,0.000,0.000,0.000,0.000,0.000,0.000,0.000,0.000,0.000,0.000,0.000,0.000,0.000,0.000
Data-Oriented CPU ROAM,data_oriented_cpu_roam,Release,D3D12,NVIDIA GeForce RTX 5090 D,Direct3D 12 (feature level 12_0); requested Agility SDK 614; runtime 6.2.26100.8972 (C:\WINDOWS\SYSTEM32\D3D12Core.dll); driver 32.0.15.9186,false,2048,1129,assets/heightmaps/Hm_Terrain_Peking_513.png,547,547,80.000,12.000,20,0.250,0.100,200000,false,3,64,0.048,0.211,55.423,21.690,17.096,92.762,200000,484810,199998,15418,7882,15418,234099,200000,33915,3895,186215,0,79523,120477,29269,3896,0,0,0,8,224.329,94.807,90.379,6.210,2.317,19.037,0.000,0.000,4.858,24.723,0.000,0.000,0.000,0.000,0.000,24.722,0.246,1.342,0.311,0.008,5.360,11.761,0.000,9.003,24.231,4.222,0.000,0.083,17877048,0,37.676,21.354,9.003,0.000,20,0,0.000,Off,ModifiedOnly,0,0,0,0,0,0,false,0,0,0,1327,0,0,0,0,0,0,0,0,0,0,0,0.000,0.000,0.000,0.000,0.000,0.000,0.000,0.000,0.000,0.000,0.000,0.000,0.000,0.000,0.000,0.000,0.000,0.000,0.000,0.000
Data-Oriented CPU ROAM,data_oriented_cpu_roam,Release,D3D12,NVIDIA GeForce RTX 5090 D,Direct3D 12 (feature level 12_0); requested Agility SDK 614; runtime 6.2.26100.8972 (C:\WINDOWS\SYSTEM32\D3D12Core.dll); driver 32.0.15.9186,false,2048,1129,assets/heightmaps/Hm_Terrain_Peking_513.png,547,547,80.000,12.000,20,0.250,0.100,200000,false,4,64,0.063,0.306,53.446,22.148,22.529,95.426,200000,516248,199998,16567,8420,16567,234303,200000,34123,4247,201322,0,83325,116675,29653,4248,0,0,0,8,111.499,102.775,97.920,7.051,2.154,21.485,0.000,0.000,4.912,27.510,0.000,0.000,0.000,0.000,0.000,27.509,0.270,1.484,0.589,0.013,6.141,12.974,0.000,10.245,24.562,4.644,0.000,0.085,18736032,0,41.417,23.639,10.245,0.000,20,0,0.000,Off,ModifiedOnly,0,0,0,0,0,0,false,0,0,0,1504,0,0,0,0,0,0,0,0,0,0,0,0.000,0.000,0.000,0.000,0.000,0.000,0.000,0.000,0.000,0.000,0.000,0.000,0.000,0.000,0.000,0.000,0.000,0.000,0.000,0.000
Data-Oriented CPU ROAM,data_oriented_cpu_roam,Release,D3D12,NVIDIA GeForce RTX 5090 D,Direct3D 12 (feature level 12_0); requested Agility SDK 614; runtime 6.2.26100.8972 (C:\WINDOWS\SYSTEM32\D3D12Core.dll); driver 32.0.15.9186,false,2048,1129,assets/heightmaps/Hm_Terrain_Peking_513.png,547,547,80.000,12.000,20,0.250,0.100,200000,false,5,64,0.079,0.409,50.937,22.520,27.739,103.363,200000,546298,199998,16457,8355,16457,234468,200000,34158,4077,196957,0,83134,116866,31538,4078,0,0,0,8,309.097,100.639,95.868,6.829,2.233,20.721,0.000,0.000,4.874,27.040,0.000,0.000,0.000,0.000,0.000,27.039,0.271,1.503,0.500,0.014,5.747,12.677,0.000,8.921,25.250,4.555,0.000,0.084,18690672,0,40.739,22.955,8.921,0.000,20,0,0.000,Off,ModifiedOnly,0,0,0,0,0,0,false,0,0,0,1459,0,0,0,0,0,0,0,0,0,0,0,0.000,0.000,0.000,0.000,0.000,0.000,0.000,0.000,0.000,0.000,0.000,0.000,0.000,0.000,0.000,0.000,0.000,0.000,0.000,0.000
Data-Oriented CPU ROAM,data_oriented_cpu_roam,Release,D3D12,NVIDIA GeForce RTX 5090 D,Direct3D 12 (feature level 12_0); requested Agility SDK 614; runtime 6.2.26100.8972 (C:\WINDOWS\SYSTEM32\D3D12Core.dll); driver 32.0.15.9186,false,2048,1129,assets/heightmaps/Hm_Terrain_Peking_513.png,547,547,80.000,12.000,20,0.250,0.100,200000,false,6,64,0.095,0.511,47.922,22.793,32.673,101.284,199999,574080,199997,15495,7849,15496,234509,199999,34113,4361,185690,0,82827,117172,33270,4362,0,0,0,8,222.498,96.091,91.108,6.761,2.209,19.203,0.000,0.000,4.980,25.046,0.000,0.000,0.000,0.000,0.000,25.045,0.220,1.160,0.497,0.009,4.811,12.497,0.000,9.032,23.877,4.757,0.000,0.085,18511416,0,39.332,21.412,9.032,0.000,20,0,0.000,Off,ModifiedOnly,0,0,0,0,0,0,false,0,0,0,1202,0,0,0,0,0,0,0,0,0,0,0,0.000,0.000,0.000,0.000,0.000,0.000,0.000,0.000,0.000,0.000,0.000,0.000,0.000,0.000,0.000,0.000,0.000,0.000,0.000,0.000
Data-Oriented CPU ROAM,data_oriented_cpu_roam,Release,D3D12,NVIDIA GeForce RTX 5090 D,Direct3D 12 (feature level 12_0); requested Agility SDK 614; runtime 6.2.26100.8972 (C:\WINDOWS\SYSTEM32\D3D12Core.dll); driver 32.0.15.9186,false,2048,1129,assets/heightmaps/Hm_Terrain_Peking_513.png,547,547,80.000,12.000,20,0.250,0.100,200000,false,7,64,0.111,0.608,44.431,22.954,37.282,96.770,200000,601646,199998,15838,8018,15837,234506,200000,34186,5332,191200,0,83781,116219,34583,5333,0,0,0,8,88.465,111.216,105.782,6.604,2.513,19.664,0.000,0.000,5.130,37.928,0.000,0.000,0.000,0.000,0.000,37.927,0.194,0.933,0.341,0.002,3.639,14.545,0.000,9.905,24.038,5.199,0.000,0.084,18885888,0,55.082,22.177,9.905,0.000,20,0,0.000,Off,ModifiedOnly,0,0,0,0,0,0,false,0,0,0,933,0,0,0,0,0,0,0,0,0,0,0,0.000,0.000,0.000,0.000,0.000,0.000,0.000,0.000,0.000,0.000,0.000,0.000,0.000,0.000,0.000,0.000,0.000,0.000,0.000,0.000
Data-Oriented CPU ROAM,data_oriented_cpu_roam,Release,D3D12,NVIDIA GeForce RTX 5090 D,Direct3D 12 (feature level 12_0); requested Agility SDK 614; runtime 6.2.26100.8972 (C:\WINDOWS\SYSTEM32\D3D12Core.dll); driver 32.0.15.9186,false,2048,1129,assets/heightmaps/Hm_Terrain_Peking_513.png,547,547,80.000,12.000,20,0.250,0.100,200000,false,8,64,0.127,0.720,40.498,22.999,41.520,111.997,200000,628588,199998,15915,8055,15915,234377,200000,34209,6104,186501,0,85641,114359,36003,6105,0,0,0,8,100.443,99.269,93.109,6.493,2.363,19.098,0.000,0.000,5.705,25.147,0.000,0.000,0.000,0.000,0.000,25.147,0.136,0.645,0.395,0.004,2.727,15.179,0.000,9.951,24.353,5.889,0.000,0.086,19157208,0,44.252,21.461,9.951,0.000,20,0,0.000,Off,ModifiedOnly,0,0,0,0,0,0,false,0,0,0,685,0,0,0,0,0,0,0,0,0,0,0,0.000,0.000,0.000,0.000,0.000,0.000,0.000,0.000,0.000,0.000,0.000,0.000,0.000,0.000,0.000,0.000,0.000,0.000,0.000,0.000
Data-Oriented CPU ROAM,data_oriented_cpu_roam,Release,D3D12,NVIDIA GeForce RTX 5090 D,Direct3D 12 (feature level 12_0); requested Agility SDK 614; runtime 6.2.26100.8972 (C:\WINDOWS\SYSTEM32\D3D12Core.dll); driver 32.0.15.9186,false,2048,1129,assets/heightmaps/Hm_Terrain_Peking_513.png,547,547,80.000,12.000,20,0.250,0.100,200000,false,9,64,0.143,0.820,36.162,22.925,45.346,99.997,199999,654504,199997,16018,8080,16019,234312,199999,34043,6626,186747,0,86781,113218,37062,6627,0,0,0,8,102.190,97.292,91.535,6.604,2.626,18.327,0.000,0.000,5.276,24.813,0.000,0.000,0.000,0.000,0.000,24.813,0.114,0.475,0.203,0.002,1.931,15.590,0.000,9.883,24.005,5.507,0.000,0.084,19643904,0,44.218,20.953,9.883,0.000,20,0,0.000,Off,ModifiedOnly,0,0,0,0,0,0,false,0,0,0,503,0,0,0,0,0,0,0,0,0,0,0,0.000,0.000,0.000,0.000,0.000,0.000,0.000,0.000,0.000,0.000,0.000,0.000,0.000,0.000,0.000,0.000,0.000,0.000,0.000,0.000
Data-Oriented CPU ROAM,data_oriented_cpu_roam,Release,D3D12,NVIDIA GeForce RTX 5090 D,Direct3D 12 (feature level 12_0); requested Agility SDK 614; runtime 6.2.26100.8972 (C:\WINDOWS\SYSTEM32\D3D12Core.dll); driver 32.0.15.9186,false,2048,1129,assets/heightmaps/Hm_Terrain_Peking_513.png,547,547,80.000,12.000,20,0.250,0.100,200000,false,10,64,0.159,0.917,31.468,22.735,48.722,97.914,199999,678774,199997,15560,7909,15560,234065,199999,33860,6826,183159,0,86217,113782,37828,6827,0,0,0,8,221.359,97.428,91.558,6.570,2.366,18.031,0.000,0.000,4.976,24.522,0.000,0.000,0.000,0.000,0.000,24.522,0.080,0.344,0.115,0.002,1.354,16.128,0.000,9.872,25.219,5.621,0.000,0.085,19584936,0,44.688,20.397,9.872,0.000,20,0,0.000,Off,ModifiedOnly,0,0,0,0,0,0,false,0,0,0,366,0,0,0,0,0,0,0,0,0,0,0,0.000,0.000,0.000,0.000,0.000,0.000,0.000,0.000,0.000,0.000,0.000,0.000,0.000,0.000,0.000,0.000,0.000,0.000,0.000,0.000
Data-Oriented CPU ROAM,data_oriented_cpu_roam,Release,D3D12,NVIDIA GeForce RTX 5090 D,Direct3D 12 (feature level 12_0); requested Agility SDK 614; runtime 6.2.26100.8972 (C:\WINDOWS\SYSTEM32\D3D12Core.dll); driver 32.0.15.9186,false,2048,1129,assets/heightmaps/Hm_Terrain_Peking_513.png,547,547,80.000,12.000,20,0.250,0.100,200000,false,11,64,0.175,1.016,26.460,22.436,51.613,98.093,199999,700210,199997,14268,7308,14268,233867,199999,33755,6101,168557,0,84332,115667,38651,6102,0,0,0,8,86.319,96.264,90.286,6.742,2.175,17.266,0.000,0.000,5.300,22.888,0.000,0.000,0.000,0.000,0.000,22.887,0.086,0.391,0.108,0.003,1.649,15.020,0.000,9.081,26.834,5.710,0.000,0.085,19488504,0,42.223,19.441,9.081,0.000,20,0,0.000,Off,ModifiedOnly,0,0,0,0,0,0,false,0,0,0,436,0,0,0,0,0,0,0,0,0,0,0,0.000,0.000,0.000,0.000,0.000,0.000,0.000,0.000,0.000,0.000,0.000,0.000,0.000,0.000,0.000,0.000,0.000,0.000,0.000,0.000
Data-Oriented CPU ROAM,data_oriented_cpu_roam,Release,D3D12,NVIDIA GeForce RTX 5090 D,Direct3D 12 (feature level 12_0); requested Agility SDK 614; runtime 6.2.26100.8972 (C:\WINDOWS\SYSTEM32\D3D12Core.dll); driver 32.0.15.9186,false,2048,1129,assets/heightmaps/Hm_Terrain_Peking_513.png,547,547,80.000,12.000,20,0.250,0.100,200000,false,12,64,0.190,1.113,21.190,22.041,53.991,97.255,199999,721236,199997,14417,7364,14417,233927,199999,33700,5594,171473,0,80693,119306,38350,5595,0,0,0,8,105.053,94.750,89.033,5.988,2.344,17.495,0.000,0.000,5.429,23.056,0.000,0.000,0.000,0.000,0.000,23.056,0.109,0.523,0.193,0.002,2.225,14.434,0.000,9.075,25.645,5.465,0.000,0.085,19100928,0,41.383,19.839,9.075,0.000,20,0,0.000,Off,ModifiedOnly,0,0,0,0,0,0,false,0,0,0,581,0,0,0,0,0,0,0,0,0,0,0,0.000,0.000,0.000,0.000,0.000,0.000,0.000,0.000,0.000,0.000,0.000,0.000,0.000,0.000,0.000,0.000,0.000,0.000,0.000,0.000
Data-Oriented CPU ROAM,data_oriented_cpu_roam,Release,D3D12,NVIDIA GeForce RTX 5090 D,Direct3D 12 (feature level 12_0); requested Agility SDK 614; runtime 6.2.26100.8972 (C:\WINDOWS\SYSTEM32\D3D12Core.dll); driver 32.0.15.9186,false,2048,1129,assets/heightmaps/Hm_Terrain_Peking_513.png,547,547,80.000,12.000,20,0.250,0.100,200000,false,13,64,0.206,1.208,15.709,21.564,55.832,95.682,199999,744268,199997,15276,7779,15276,233842,199999,33642,5758,179058,0,82550,117449,39222,5759,0,0,0,8,101.199,98.247,92.417,6.389,2.322,18.815,0.000,0.000,5.335,23.865,0.000,0.000,0.000,0.000,0.000,23.865,0.129,0.596,0.231,0.002,2.476,15.369,0.000,9.542,26.149,5.563,0.000,0.085,18647832,0,42.614,21.136,9.542,0.000,20,0,0.000,Off,ModifiedOnly,0,0,0,0,0,0,false,0,0,0,656,0,0,0,0,0,0,0,0,0,0,0,0.000,0.000,0.000,0.000,0.000,0.000,0.000,0.000,0.000,0.000,0.000,0.000,0.000,0.000,0.000,0.000,0.000,0.000,0.000,0.000
Data-Oriented CPU ROAM,data_oriented_cpu_roam,Release,D3D12,NVIDIA GeForce RTX 5090 D,Direct3D 12 (feature level 12_0); requested Agility SDK 614; runtime 6.2.26100.8972 (C:\WINDOWS\SYSTEM32\D3D12Core.dll); driver 32.0.15.9186,false,2048,1129,assets/heightmaps/Hm_Terrain_Peking_513.png,547,547,80.000,12.000,20,0.250,0.100,200000,false,14,64,0.222,1.308,10.072,21.026,57.119,99.162,200000,769730,199998,16363,8378,16362,233906,200000,33573,6036,192180,0,86612,113388,40088,6037,0,0,0,8,215.591,107.263,101.254,6.481,2.519,20.081,0.000,0.000,5.044,25.695,0.000,0.000,0.000,0.000,0.000,25.694,0.165,0.768,0.177,0.003,2.733,16.223,0.000,12.370,29.065,5.751,0.000,0.087,19326216,0,44.714,22.599,12.370,0.000,20,0,0.000,Off,ModifiedOnly,0,0,0,0,0,0,false,0,0,0,701,0,0,0,0,0,0,0,0,0,0,0,0.000,0.000,0.000,0.000,0.000,0.000,0.000,0.000,0.000,0.000,0.000,0.000,0.000,0.000,0.000,0.000,0.000,0.000,0.000,0.000
Data-Oriented CPU ROAM,data_oriented_cpu_roam,Release,D3D12,NVIDIA GeForce RTX 5090 D,Direct3D 12 (feature level 12_0); requested Agility SDK 614; runtime 6.2.26100.8972 (C:\WINDOWS\SYSTEM32\D3D12Core.dll); driver 32.0.15.9186,false,2048,1129,assets/heightmaps/Hm_Terrain_Peking_513.png,547,547,80.000,12.000,20,0.250,0.100,200000,false,15,64,0.238,1.416,4.334,20.447,57.838,107.910,200000,795432,199998,16599,8406,16599,233653,200000,33436,5789,194161,0,86890,113110,39939,5790,0,0,0,8,219.496,105.522,99.438,7.070,2.537,21.150,0.000,0.000,5.228,26.132,0.000,0.000,0.000,0.000,0.000,26.132,0.170,0.860,0.454,0.009,3.419,16.227,0.000,10.404,26.916,5.809,0.000,0.085,19491024,0,44.995,23.687,10.404,0.000,20,0,0.000,Off,ModifiedOnly,0,0,0,0,0,0,false,0,0,0,865,0,0,0,0,0,0,0,0,0,0,0,0.000,0.000,0.000,0.000,0.000,0.000,0.000,0.000,0.000,0.000,0.000,0.000,0.000,0.000,0.000,0.000,0.000,0.000,0.000,0.000
Data-Oriented CPU ROAM,data_oriented_cpu_roam,Release,D3D12,NVIDIA GeForce RTX 5090 D,Direct3D 12 (feature level 12_0); requested Agility SDK 614; runtime 6.2.26100.8972 (C:\WINDOWS\SYSTEM32\D3D12Core.dll); driver 32.0.15.9186,false,2048,1129,assets/heightmaps/Hm_Terrain_Peking_513.png,547,547,80.000,12.000,20,0.250,0.100,200000,false,16,64,0.254,1.522,-1.446,19.850,57.982,106.162,200000,821502,199998,15791,7902,15791,233701,200000,33502,5325,187246,0,83257,116743,39265,5326,0,0,0,8,208.803,103.430,97.068,6.841,2.260,19.978,0.000,0.000,5.101,26.100,0.000,0.000,0.000,0.000,0.000,26.099,0.188,0.948,0.446,0.010,3.834,14.541,0.000,9.581,27.207,6.104,0.000,0.087,18874800,0,43.287,22.238,9.581,0.000,20,0,0.000,Off,ModifiedOnly,0,0,0,0,0,0,false,0,0,0,1001,0,0,0,0,0,0,0,0,0,0,0,0.000,0.000,0.000,0.000,0.000,0.000,0.000,0.000,0.000,0.000,0.000,0.000,0.000,0.000,0.000,0.000,0.000,0.000,0.000,0.000
Data-Oriented CPU ROAM,data_oriented_cpu_roam,Release,D3D12,NVIDIA GeForce RTX 5090 D,Direct3D 12 (feature level 12_0); requested Agility SDK 614; runtime 6.2.26100.8972 (C:\WINDOWS\SYSTEM32\D3D12Core.dll); driver 32.0.15.9186,false,2048,1129,assets/heightmaps/Hm_Terrain_Peking_513.png,547,547,80.000,12.000,20,0.250,0.100,200000,false,17,64,0.270,1.626,-7.212,19.260,57.550,104.027,199999,846070,199997,14260,7191,14261,233539,199999,33436,5210,166515,0,78282,121717,38545,5211,0,0,0,8,99.480,100.057,94.022,6.823,2.352,17.805,0.000,0.000,5.375,23.560,0.000,0.000,0.000,0.000,0.000,23.560,0.155,0.749,0.206,0.003,3.018,13.663,0.000,9.687,28.421,5.772,0.000,0.085,18479664,0,40.834,20.157,9.687,0.000,20,0,0.000,Off,ModifiedOnly,0,0,0,0,0,0,false,0,0,0,777,0,0,0,0,0,0,0,0,0,0,0,0.000,0.000,0.000,0.000,0.000,0.000,0.000,0.000,0.000,0.000,0.000,0.000,0.000,0.000,0.000,0.000,0.000,0.000,0.000,0.000
Data-Oriented CPU ROAM,data_oriented_cpu_roam,Release,D3D12,NVIDIA GeForce RTX 5090 D,Direct3D 12 (feature level 12_0); requested Agility SDK 614; runtime 6.2.26100.8972 (C:\WINDOWS\SYSTEM32\D3D12Core.dll); driver 32.0.15.9186,false,2048,1129,assets/heightmaps/Hm_Terrain_Peking_513.png,547,547,80.000,12.000,20,0.250,0.100,200000,false,18,64,0.286,1.726,-12.906,18.698,56.546,100.731,199999,870460,199997,14978,7677,14978,233749,199999,33646,4655,178438,0,77956,122043,38959,4656,0,0,0,8,311.137,101.167,95.211,7.123,2.274,19.221,0.000,0.000,5.243,24.397,0.000,0.000,0.000,0.000,0.000,24.397,0.198,1.013,0.347,0.012,3.957,13.681,0.000,9.118,27.834,5.648,0.000,0.089,17998344,0,40.437,21.495,9.118,0.000,20,0,0.000,Off,ModifiedOnly,0,0,0,0,0,0,false,0,0,0,981,0,0,0,0,0,0,0,0,0,0,0,0.000,0.000,0.000,0.000,0.000,0.000,0.000,0.000,0.000,0.000,0.000,0.000,0.000,0.000,0.000,0.000,0.000,0.000,0.000,0.000
Data-Oriented CPU ROAM,data_oriented_cpu_roam,Release,D3D12,NVIDIA GeForce RTX 5090 D,Direct3D 12 (feature level 12_0); requested Agility SDK 614; runtime 6.2.26100.8972 (C:\WINDOWS\SYSTEM32\D3D12Core.dll); driver 32.0.15.9186,false,2048,1129,assets/heightmaps/Hm_Terrain_Peking_513.png,547,547,80.000,12.000,20,0.250,0.100,200000,false,19,64,0.302,1.828,-18.472,18.189,54.980,101.812,199999,898434,199997,17882,9187,17882,233762,199999,33511,4651,209135,0,82122,117877,39431,4652,0,0,0,8,193.672,110.472,104.646,6.404,2.365,23.500,0.000,0.000,5.099,28.797,0.000,0.000,0.000,0.000,0.000,28.796,0.266,1.449,0.461,0.011,6.281,15.018,0.000,9.938,28.543,5.543,0.000,0.086,18583320,0,44.790,25.865,9.938,0.000,20,0,0.000,Off,ModifiedOnly,0,0,0,0,0,0,false,0,0,0,1569,0,0,0,0,0,0,0,0,0,0,0,0.000,0.000,0.000,0.000,0.000,0.000,0.000,0.000,0.000,0.000,0.000,0.000,0.000,0.000,0.000,0.000,0.000,0.000,0.000,0.000
Data-Oriented CPU ROAM,data_oriented_cpu_roam,Release,D3D12,NVIDIA GeForce RTX 5090 D,Direct3D 12 (feature level 12_0); requested Agility SDK 614; runtime 6.2.26100.8972 (C:\WINDOWS\SYSTEM32\D3D12Core.dll); driver 32.0.15.9186,false,2048,1129,assets/heightmaps/Hm_Terrain_Peking_513.png,547,547,80.000,12.000,20,0.250,0.100,200000,false,20,64,0.317,1.939,-23.855,17.751,52.867,111.099,200000,926158,199998,18332,9248,18331,233865,200000,33486,4625,213964,0,84742,115258,40404,4626,0,0,0,8,186.289,131.604,125.599,6.557,2.576,23.821,0.000,0.000,5.220,48.183,0.000,0.000,0.000,0.000,0.000,48.182,0.253,1.445,0.445,0.014,6.139,15.510,0.000,9.887,29.356,5.743,0.000,0.086,18844728,0,64.475,26.397,9.887,0.000,20,0,0.000,Off,ModifiedOnly,0,0,0,0,0,0,false,0,0,0,1577,0,0,0,0,0,0,0,0,0,0,0,0.000,0.000,0.000,0.000,0.000,0.000,0.000,0.000,0.000,0.000,0.000,0.000,0.000,0.000,0.000,0.000,0.000,0.000,0.000,0.000
Data-Oriented CPU ROAM,data_oriented_cpu_roam,Release,D3D12,NVIDIA GeForce RTX 5090 D,Direct3D 12 (feature level 12_0); requested Agility SDK 614; runtime 6.2.26100.8972 (C:\WINDOWS\SYSTEM32\D3D12Core.dll); driver 32.0.15.9186,false,2048,1129,assets/heightmaps/Hm_Terrain_Peking_513.png,547,547,80.000,12.000,20,0.250,0.100,200000,false,21,64,0.333,2.072,-29.000,17.402,50.229,132.253,200000,953204,199998,17663,8905,17663,233812,200000,33461,4484,205883,0,88045,111955,41216,4485,0,0,0,8,107.024,107.988,101.931,6.394,2.507,22.501,0.000,0.000,5.331,28.292,0.000,0.000,0.000,0.000,0.000,28.291,0.259,1.424,0.344,0.011,5.699,14.753,0.000,10.243,26.663,5.744,0.000,0.086,19231632,0,44.019,25.008,10.243,0.000,20,0,0.000,Off,ModifiedOnly,0,0,0,0,0,0,false,0,0,0,1464,0,0,0,0,0,0,0,0,0,0,0,0.000,0.000,0.000,0.000,0.000,0.000,0.000,0.000,0.000,0.000,0.000,0.000,0.000,0.000,0.000,0.000,0.000,0.000,0.000,0.000
Data-Oriented CPU ROAM,data_oriented_cpu_roam,Release,D3D12,NVIDIA GeForce RTX 5090 D,Direct3D 12 (feature level 12_0); requested Agility SDK 614; runtime 6.2.26100.8972 (C:\WINDOWS\SYSTEM32\D3D12Core.dll); driver 32.0.15.9186,false,2048,1129,assets/heightmaps/Hm_Terrain_Peking_513.png,547,547,80.000,12.000,20,0.250,0.100,200000,false,22,64,0.349,2.180,-33.857,17.156,47.092,108.649,200000,977174,199998,16479,8341,16479,233794,200000,33453,4891,191498,0,88790,111210,41695,4892,0,0,0,8,220.332,105.437,99.030,6.568,2.445,20.790,0.000,0.000,5.454,26.784,0.000,0.000,0.000,0.000,0.000,26.784,0.194,1.074,0.426,0.004,4.352,14.728,0.000,10.064,26.924,6.108,0.000,0.087,19602408,0,43.476,23.235,10.064,0.000,20,0,0.000,Off,ModifiedOnly,0,0,0,0,0,0,false,0,0,0,1104,0,0,0,0,0,0,0,0,0,0,0,0.000,0.000,0.000,0.000,0.000,0.000,0.000,0.000,0.000,0.000,0.000,0.000,0.000,0.000,0.000,0.000,0.000,0.000,0.000,0.000
Data-Oriented CPU ROAM,data_oriented_cpu_roam,Release,D3D12,NVIDIA GeForce RTX 5090 D,Direct3D 12 (feature level 12_0); requested Agility SDK 614; runtime 6.2.26100.8972 (C:\WINDOWS\SYSTEM32\D3D12Core.dll); driver 32.0.15.9186,false,2048,1129,assets/heightmaps/Hm_Terrain_Peking_513.png,547,547,80.000,12.000,20,0.250,0.100,200000,false,23,64,0.365,2.286,-38.378,17.023,43.487,106.091,200000,999934,199998,16180,8200,16180,233726,200000,33430,5466,187097,0,84433,115567,41472,5467,0,0,0,8,306.753,107.956,101.650,6.073,2.330,20.465,0.000,0.000,5.516,26.223,0.000,0.000,0.000,0.000,0.000,26.223,0.160,0.804,0.304,0.012,3.390,15.781,0.000,10.058,30.985,6.035,0.000,0.085,19796784,0,44.770,22.795,10.058,0.000,20,0,0.000,Off,ModifiedOnly,0,0,0,0,0,0,false,0,0,0,849,0,0,0,0,0,0,0,0,0,0,0,0.000,0.000,0.000,0.000,0.000,0.000,0.000,0.000,0.000,0.000,0.000,0.000,0.000,0.000,0.000,0.000,0.000,0.000,0.000,0.000
Data-Oriented CPU ROAM,data_oriented_cpu_roam,Release,D3D12,NVIDIA GeForce RTX 5090 D,Direct3D 12 (feature level 12_0); requested Agility SDK 614; runtime 6.2.26100.8972 (C:\WINDOWS\SYSTEM32\D3D12Core.dll); driver 32.0.15.9186,false,2048,1129,assets/heightmaps/Hm_Terrain_Peking_513.png,547,547,80.000,12.000,20,0.250,0.100,200000,false,24,64,0.381,2.395,-42.517,17.008,39.450,108.583,199999,1022568,199997,16673,8500,16674,233573,199999,33390,6362,189199,0,84249,115750,41785,6363,0,0,0,8,316.529,104.687,98.503,6.726,2.260,20.812,0.000,0.000,5.626,26.458,0.000,0.000,0.000,0.000,0.000,26.458,0.137,0.655,0.243,0.010,2.729,17.027,0.000,9.586,27.033,5.912,0.000,0.086,19635672,0,47.046,23.072,9.586,0.000,20,0,0.000,Off,ModifiedOnly,0,0,0,0,0,0,false,0,0,0,671,0,0,0,0,0,0,0,0,0,0,0,0.000,0.000,0.000,0.000,0.000,0.000,0.000,0.000,0.000,0.000,0.000,0.000,0.000,0.000,0.000,0.000,0.000,0.000,0.000,0.000
Data-Oriented CPU ROAM,data_oriented_cpu_roam,Release,D3D12,NVIDIA GeForce RTX 5090 D,Direct3D 12 (feature level 12_0); requested Agility SDK 614; runtime 6.2.26100.8972 (C:\WINDOWS\SYSTEM32\D3D12Core.dll); driver 32.0.15.9186,false,2048,1129,assets/heightmaps/Hm_Terrain_Peking_513.png,547,547,80.000,12.000,20,0.250,0.100,200000,false,25,64,0.397,2.500,-46.234,17.112,35.021,105.343,200000,1046028,199998,17828,8998,17827,233647,200000,33468,6324,205977,0,87295,112705,42331,6325,0,0,0,8,106.925,108.242,102.061,6.409,2.215,21.672,0.000,0.000,5.548,28.635,0.000,0.000,0.000,0.000,0.000,28.635,0.172,0.846,0.309,0.003,3.634,16.698,0.000,10.494,27.087,5.903,0.000,0.084,19769568,0,48.389,23.887,10.494,0.000,20,0,0.000,Off,ModifiedOnly,0,0,0,0,0,0,false,0,0,0,923,0,0,0,0,0,0,0,0,0,0,0,0.000,0.000,0.000,0.000,0.000,0.000,0.000,0.000,0.000,0.000,0.000,0.000,0.000,0.000,0.000,0.000,0.000,0.000,0.000,0.000
Data-Oriented CPU ROAM,data_oriented_cpu_roam,Release,D3D12,NVIDIA GeForce RTX 5090 D,Direct3D 12 (feature level 12_0); requested Agility SDK 614; runtime 6.2.26100.8972 (C:\WINDOWS\SYSTEM32\D3D12Core.dll); driver 32.0.15.9186,false,2048,1129,assets/heightmaps/Hm_Terrain_Peking_513.png,547,547,80.000,12.000,20,0.250,0.100,200000,false,26,64,0.413,2.609,-49.491,17.330,30.243,108.909,199999,1069756,199997,16791,8506,16792,233746,199999,33511,5338,196884,0,87813,112186,42675,5339,0,0,0,8,92.302,107.497,101.338,6.582,2.179,21.102,0.000,0.000,6.122,27.965,0.000,0.000,0.000,0.000,0.000,27.964,0.191,0.930,0.419,0.013,4.019,15.518,0.000,10.154,27.234,5.880,0.000,0.086,19796112,0,46.564,23.281,10.154,0.000,20,0,0.000,Off,ModifiedOnly,0,0,0,0,0,0,false,0,0,0,1002,0,0,0,0,0,0,0,0,0,0,0,0.000,0.000,0.000,0.000,0.000,0.000,0.000,0.000,0.000,0.000,0.000,0.000,0.000,0.000,0.000,0.000,0.000,0.000,0.000,0.000
Data-Oriented CPU ROAM,data_oriented_cpu_roam,Release,D3D12,NVIDIA GeForce RTX 5090 D,Direct3D 12 (feature level 12_0); requested Agility SDK 614; runtime 6.2.26100.8972 (C:\WINDOWS\SYSTEM32\D3D12Core.dll); driver 32.0.15.9186,false,2048,1129,assets/heightmaps/Hm_Terrain_Peking_513.png,547,547,80.000,12.000,20,0.250,0.100,200000,false,27,64,0.429,2.717,-52.256,17.655,25.165,108.152,200000,1091344,199998,15043,7638,15042,233816,200000,33487,5045,178553,0,85053,114947,42455,5046,0,0,0,8,97.891,101.918,95.518,6.507,2.423,19.025,0.000,0.000,5.540,25.347,0.000,0.000,0.000,0.000,0.000,25.347,0.169,0.804,0.390,0.005,3.367,14.278,0.000,9.891,26.785,6.099,0.000,0.084,19625592,0,42.613,21.448,9.891,0.000,20,0,0.000,Off,ModifiedOnly,0,0,0,0,0,0,false,0,0,0,859,0,0,0,0,0,0,0,0,0,0,0,0.000,0.000,0.000,0.000,0.000,0.000,0.000,0.000,0.000,0.000,0.000,0.000,0.000,0.000,0.000,0.000,0.000,0.000,0.000,0.000
Data-Oriented CPU ROAM,data_oriented_cpu_roam,Release,D3D12,NVIDIA GeForce RTX 5090 D,Direct3D 12 (feature level 12_0); requested Agility SDK 614; runtime 6.2.26100.8972 (C:\WINDOWS\SYSTEM32\D3D12Core.dll); driver 32.0.15.9186,false,2048,1129,assets/heightmaps/Hm_Terrain_Peking_513.png,547,547,80.000,12.000,20,0.250,0.100,200000,false,28,64,0.444,2.820,-54.502,18.072,19.837,102.564,200000,1111498,199998,14210,7226,14210,233767,200000,33478,5006,167899,0,80993,119007,42668,5007,0,0,0,8,100.676,99.294,92.887,6.433,2.441,17.891,0.000,0.000,5.587,23.774,0.000,0.000,0.000,0.000,0.000,23.773,0.144,0.697,0.324,0.004,3.049,13.659,0.000,9.217,27.544,6.125,0.000,0.086,19059600,0,40.922,20.332,9.217,0.000,20,0,0.000,Off,ModifiedOnly,0,0,0,0,0,0,false,0,0,0,768,0,0,0,0,0,0,0,0,0,0,0,0.000,0.000,0.000,0.000,0.000,0.000,0.000,0.000,0.000,0.000,0.000,0.000,0.000,0.000,0.000,0.000,0.000,0.000,0.000,0.000
Data-Oriented CPU ROAM,data_oriented_cpu_roam,Release,D3D12,NVIDIA GeForce RTX 5090 D,Direct3D 12 (feature level 12_0); requested Agility SDK 614; runtime 6.2.26100.8972 (C:\WINDOWS\SYSTEM32\D3D12Core.dll); driver 32.0.15.9186,false,2048,1129,assets/heightmaps/Hm_Terrain_Peking_513.png,547,547,80.000,12.000,20,0.250,0.100,200000,false,29,64,0.460,2.920,-56.206,18.565,14.312,99.939,199999,1133262,199997,15383,7855,15384,233713,199999,33578,5608,181887,0,83043,116956,43363,5609,0,0,0,8,112.305,103.585,97.151,6.773,2.318,19.652,0.000,0.000,5.472,25.476,0.000,0.000,0.000,0.000,0.000,25.476,0.146,0.710,0.346,0.006,3.105,15.327,0.000,9.748,27.712,6.144,0.000,0.085,19075896,0,44.138,21.970,9.748,0.000,20,0,0.000,Off,ModifiedOnly,0,0,0,0,0,0,false,0,0,0,742,0,0,0,0,0,0,0,0,0,0,0,0.000,0.000,0.000,0.000,0.000,0.000,0.000,0.000,0.000,0.000,0.000,0.000,0.000,0.000,0.000,0.000,0.000,0.000,0.000,0.000
Data-Oriented CPU ROAM,data_oriented_cpu_roam,Release,D3D12,NVIDIA GeForce RTX 5090 D,Direct3D 12 (feature level 12_0); requested Agility SDK 614; runtime 6.2.26100.8972 (C:\WINDOWS\SYSTEM32\D3D12Core.dll); driver 32.0.15.9186,false,2048,1129,assets/heightmaps/Hm_Terrain_Peking_513.png,547,547,80.000,12.000,20,0.250,0.100,200000,false,30,64,0.476,3.024,-57.352,19.116,8.644,104.280,200000,1154886,199998,15689,8012,15688,233763,200000,33514,5884,183433,0,85931,114069,43881,5885,0,0,0,8,335.291,104.129,97.556,6.518,2.434,19.668,0.000,0.000,5.623,25.855,0.000,0.000,0.000,0.000,0.000,25.855,0.139,0.650,0.220,0.002,2.676,15.972,0.000,10.253,27.205,6.201,0.000,0.087,19502784,0,45.372,22.102,10.253,0.000,20,0,0.000,Off,ModifiedOnly,0,0,0,0,0,0,false,0,0,0,681,0,0,0,0,0,0,0,0,0,0,0,0.000,0.000,0.000,0.000,0.000,0.000,0.000,0.000,0.000,0.000,0.000,0.000,0.000,0.000,0.000,0.000,0.000,0.000,0.000,0.000
Data-Oriented CPU ROAM,data_oriented_cpu_roam,Release,D3D12,NVIDIA GeForce RTX 5090 D,Direct3D 12 (feature level 12_0); requested Agility SDK 614; runtime 6.2.26100.8972 (C:\WINDOWS\SYSTEM32\D3D12Core.dll); driver 32.0.15.9186,false,2048,1129,assets/heightmaps/Hm_Terrain_Peking_513.png,547,547,80.000,12.000,20,0.250,0.100,200000,false,31,64,0.492,3.129,-57.928,19.701,2.891,104.790,199999,1175786,199997,15793,8073,15794,233678,199999,33607,6193,185148,0,86339,113660,43851,6194,0,0,0,8,205.874,104.961,98.421,6.286,2.522,19.653,0.000,0.000,5.401,26.095,0.000,0.000,0.000,0.000,0.000,26.094,0.161,0.698,0.235,0.002,2.278,16.267,0.000,11.057,27.407,6.247,0.000,0.086,19559400,0,46.014,22.175,11.057,0.000,20,0,0.000,Off,ModifiedOnly,0,0,0,0,0,0,false,0,0,0,608,0,0,0,0,0,0,0,0,0,0,0,0.000,0.000,0.000,0.000,0.000,0.000,0.000,0.000,0.000,0.000,0.000,0.000,0.000,0.000,0.000,0.000,0.000,0.000,0.000,0.000
Data-Oriented CPU ROAM,data_oriented_cpu_roam,Release,D3D12,NVIDIA GeForce RTX 5090 D,Direct3D 12 (feature level 12_0); requested Agility SDK 614; runtime 6.2.26100.8972 (C:\WINDOWS\SYSTEM32\D3D12Core.dll); driver 32.0.15.9186,false,2048,1129,assets/heightmaps/Hm_Terrain_Peking_513.png,547,547,80.000,12.000,20,0.250,0.100,200000,false,32,64,0.508,3.235,-57.928,20.299,-2.891,105.656,200000,1194614,199998,14594,7357,14593,233820,200000,33522,6051,172138,0,81508,118492,43309,6052,0,0,0,8,98.451,101.442,94.967,6.905,2.320,18.134,0.000,0.000,5.585,24.571,0.000,0.000,0.000,0.000,0.000,24.570,0.110,0.489,0.209,0.002,1.931,15.384,0.000,9.035,28.416,6.165,0.000,0.086,18911256,0,44.327,20.454,9.035,0.000,20,0,0.000,Off,ModifiedOnly,0,0,0,0,0,0,false,0,0,0,513,0,0,0,0,0,0,0,0,0,0,0,0.000,0.000,0.000,0.000,0.000,0.000,0.000,0.000,0.000,0.000,0.000,0.000,0.000,0.000,0.000,0.000,0.000,0.000,0.000,0.000
Data-Oriented CPU ROAM,data_oriented_cpu_roam,Release,D3D12,NVIDIA GeForce RTX 5090 D,Direct3D 12 (feature level 12_0); requested Agility SDK 614; runtime 6.2.26100.8972 (C:\WINDOWS\SYSTEM32\D3D12Core.dll); driver 32.0.15.9186,false,2048,1129,assets/heightmaps/Hm_Terrain_Peking_513.png,547,547,80.000,12.000,20,0.250,0.100,200000,false,33,64,0.524,3.337,-57.352,20.884,-8.644,102.108,199999,1213460,199997,13300,6742,13301,233675,199999,33602,5335,156935,0,76551,123448,42483,5336,0,0,0,8,102.906,97.214,90.870,6.293,2.421,16.993,0.000,0.000,5.424,23.263,0.000,0.000,0.000,0.000,0.000,23.262,0.104,0.419,0.211,0.001,1.801,14.446,0.000,8.963,27.513,6.063,0.000,0.084,18232704,0,41.737,19.414,8.963,0.000,20,0,0.000,Off,ModifiedOnly,0,0,0,0,0,0,false,0,0,0,460,0,0,0,0,0,0,0,0,0,0,0,0.000,0.000,0.000,0.000,0.000,0.000,0.000,0.000,0.000,0.000,0.000,0.000,0.000,0.000,0.000,0.000,0.000,0.000,0.000,0.000
Data-Oriented CPU ROAM,data_oriented_cpu_roam,Release,D3D12,NVIDIA GeForce RTX 5090 D,Direct3D 12 (feature level 12_0); requested Agility SDK 614; runtime 6.2.26100.8972 (C:\WINDOWS\SYSTEM32\D3D12Core.dll); driver 32.0.15.9186,false,2048,1129,assets/heightmaps/Hm_Terrain_Peking_513.png,547,547,80.000,12.000,20,0.250,0.100,200000,false,34,64,0.540,3.435,-56.206,21.435,-14.312,97.845,200000,1232534,199998,15231,7719,15230,233785,200000,33541,3788,180958,0,78255,121745,41829,3789,0,0,0,8,110.460,104.879,98.786,6.199,2.463,20.303,0.000,0.000,6.479,26.266,0.000,0.000,0.000,0.000,0.000,26.265,0.261,1.270,0.393,0.013,5.685,12.670,0.000,9.814,27.262,5.814,0.000,0.087,17918544,0,41.706,22.766,9.814,0.000,20,0,0.000,Off,ModifiedOnly,0,0,0,0,0,0,false,0,0,0,1374,0,0,0,0,0,0,0,0,0,0,0,0.000,0.000,0.000,0.000,0.000,0.000,0.000,0.000,0.000,0.000,0.000,0.000,0.000,0.000,0.000,0.000,0.000,0.000,0.000,0.000
Data-Oriented CPU ROAM,data_oriented_cpu_roam,Release,D3D12,NVIDIA GeForce RTX 5090 D,Direct3D 12 (feature level 12_0); requested Agility SDK 614; runtime 6.2.26100.8972 (C:\WINDOWS\SYSTEM32\D3D12Core.dll); driver 32.0.15.9186,false,2048,1129,assets/heightmaps/Hm_Terrain_Peking_513.png,547,547,80.000,12.000,20,0.250,0.100,200000,false,35,64,0.556,3.540,-54.502,21.928,-19.837,105.519,200000,1250618,199998,15164,7716,15164,233892,200000,33657,3973,181950,0,79605,120395,42015,3974,0,0,0,8,111.427,104.476,97.920,6.414,2.385,19.965,0.000,0.000,5.299,26.421,0.000,0.000,0.000,0.000,0.000,26.420,0.268,1.247,0.255,0.004,5.231,12.949,0.000,9.650,27.785,6.269,0.000,0.086,18109728,0,41.171,22.350,9.650,0.000,20,0,0.000,Off,ModifiedOnly,0,0,0,0,0,0,false,0,0,0,1297,0,0,0,0,0,0,0,0,0,0,0,0.000,0.000,0.000,0.000,0.000,0.000,0.000,0.000,0.000,0.000,0.000,0.000,0.000,0.000,0.000,0.000,0.000,0.000,0.000,0.000
Data-Oriented CPU ROAM,data_oriented_cpu_roam,Release,D3D12,NVIDIA GeForce RTX 5090 D,Direct3D 12 (feature level 12_0); requested Agility SDK 614; runtime 6.2.26100.8972 (C:\WINDOWS\SYSTEM32\D3D12Core.dll); driver 32.0.15.9186,false,2048,1129,assets/heightmaps/Hm_Terrain_Peking_513.png,547,547,80.000,12.000,20,0.250,0.100,200000,false,36,64,0.571,3.645,-52.256,22.345,-25.165,105.124,200000,1272354,199998,15904,8086,15904,233998,200000,33737,3922,190106,0,78903,121097,41697,3923,0,0,0,8,421.382,106.054,99.878,6.835,2.493,21.031,0.000,0.000,5.476,26.858,0.000,0.000,0.000,0.000,0.000,26.857,0.237,1.346,0.476,0.003,5.573,13.385,0.000,9.332,27.854,5.888,0.000,0.087,18196920,0,41.656,23.523,9.332,0.000,20,0,0.000,Off,ModifiedOnly,0,0,0,0,0,0,false,0,0,0,1366,0,0,0,0,0,0,0,0,0,0,0,0.000,0.000,0.000,0.000,0.000,0.000,0.000,0.000,0.000,0.000,0.000,0.000,0.000,0.000,0.000,0.000,0.000,0.000,0.000,0.000
Data-Oriented CPU ROAM,data_oriented_cpu_roam,Release,D3D12,NVIDIA GeForce RTX 5090 D,Direct3D 12 (feature level 12_0); requested Agility SDK 614; runtime 6.2.26100.8972 (C:\WINDOWS\SYSTEM32\D3D12Core.dll); driver 32.0.15.9186,false,2048,1129,assets/heightmaps/Hm_Terrain_Peking_513.png,547,547,80.000,12.000,20,0.250,0.100,200000,false,37,64,0.587,3.752,-49.491,22.670,-30.243,106.703,200000,1294000,199998,16445,8345,16445,234263,200000,33975,4360,198106,0,81250,118750,42527,4361,0,0,0,8,196.980,109.068,102.876,6.367,2.550,21.553,0.000,0.000,5.421,28.252,0.000,0.000,0.000,0.000,0.000,28.252,0.244,1.297,0.503,0.014,5.330,14.153,0.000,10.842,27.892,5.899,0.000,0.083,18206328,0,44.013,24.103,10.842,0.000,20,0,0.000,Off,ModifiedOnly,0,0,0,0,0,0,false,0,0,0,1367,0,0,0,0,0,0,0,0,0,0,0,0.000,0.000,0.000,0.000,0.000,0.000,0.000,0.000,0.000,0.000,0.000,0.000,0.000,0.000,0.000,0.000,0.000,0.000,0.000,0.000
Data-Oriented CPU ROAM,data_oriented_cpu_roam,Release,D3D12,NVIDIA GeForce RTX 5090 D,Direct3D 12 (feature level 12_0); requested Agility SDK 614; runtime 6.2.26100.8972 (C:\WINDOWS\SYSTEM32\D3D12Core.dll); driver 32.0.15.9186,false,2048,1129,assets/heightmaps/Hm_Terrain_Peking_513.png,547,547,80.000,12.000,20,0.250,0.100,200000,false,38,64,0.603,3.862,-46.234,22.888,-35.021,109.731,200000,1311004,199998,15872,8061,15872,234265,200000,33924,4639,188277,0,80182,119818,42446,4640,0,0,0,8,93.764,105.971,99.757,6.928,2.345,20.720,0.000,0.000,5.520,26.466,0.000,0.000,0.000,0.000,0.000,26.465,0.207,1.152,0.604,0.003,4.773,13.970,0.000,9.575,28.203,5.938,0.000,0.086,18028248,0,42.761,23.064,9.575,0.000,20,0,0.000,Off,ModifiedOnly,0,0,0,0,0,0,false,0,0,0,1188,0,0,0,0,0,0,0,0,0,0,0,0.000,0.000,0.000,0.000,0.000,0.000,0.000,0.000,0.000,0.000,0.000,0.000,0.000,0.000,0.000,0.000,0.000,0.000,0.000,0.000
Data-Oriented CPU ROAM,data_oriented_cpu_roam,Release,D3D12,NVIDIA GeForce RTX 5090 D,Direct3D 12 (feature level 12_0); requested Agility SDK 614; runtime 6.2.26100.8972 (C:\WINDOWS\SYSTEM32\D3D12Core.dll); driver 32.0.15.9186,false,2048,1129,assets/heightmaps/Hm_Terrain_Peking_513.png,547,547,80.000,12.000,20,0.250,0.100,200000,false,39,64,0.619,3.968,-42.517,22.992,-39.450,106.607,200000,1327502,199998,16703,8476,16703,234337,200000,34249,5771,202919,0,84139,115861,43455,5772,0,0,0,8,91.178,108.863,102.586,6.771,2.409,20.774,0.000,0.000,5.525,28.636,0.000,0.000,0.000,0.000,0.000,28.636,0.173,0.897,0.312,0.024,3.663,15.695,0.000,10.326,28.144,5.994,0.000,0.084,18876816,0,47.441,23.183,10.326,0.000,20,0,0.000,Off,ModifiedOnly,0,0,0,0,0,0,false,0,0,0,952,0,0,0,0,0,0,0,0,0,0,0,0.000,0.000,0.000,0.000,0.000,0.000,0.000,0.000,0.000,0.000,0.000,0.000,0.000,0.000,0.000,0.000,0.000,0.000,0.000,0.000
Data-Oriented CPU ROAM,data_oriented_cpu_roam,Release,D3D12,NVIDIA GeForce RTX 5090 D,Direct3D 12 (feature level 12_0); requested Agility SDK 614; runtime 6.2.26100.8972 (C:\WINDOWS\SYSTEM32\D3D12Core.dll); driver 32.0.15.9186,false,2048,1129,assets/heightmaps/Hm_Terrain_Peking_513.png,547,547,80.000,12.000,20,0.250,0.100,200000,false,40,64,0.635,4.078,-38.378,22.977,-43.487,109.508,200000,1341964,199998,16298,8183,16298,234412,200000,34282,6332,191073,0,87171,112829,44213,6333,0,0,0,8,93.271,106.866,100.279,6.920,2.331,20.217,0.000,0.000,5.373,26.697,0.000,0.000,0.000,0.000,0.000,26.696,0.137,0.727,0.225,0.002,2.877,16.241,0.000,11.025,27.717,6.302,0.000,0.084,19291272,0,46.590,22.548,11.025,0.000,20,0,0.000,Off,ModifiedOnly,0,0,0,0,0,0,false,0,0,0,716,0,0,0,0,0,0,0,0,0,0,0,0.000,0.000,0.000,0.000,0.000,0.000,0.000,0.000,0.000,0.000,0.000,0.000,0.000,0.000,0.000,0.000,0.000,0.000,0.000,0.000
Data-Oriented CPU ROAM,data_oriented_cpu_roam,Release,D3D12,NVIDIA GeForce RTX 5090 D,Direct3D 12 (feature level 12_0); requested Agility SDK 614; runtime 6.2.26100.8972 (C:\WINDOWS\SYSTEM32\D3D12Core.dll); driver 32.0.15.9186,false,2048,1129,assets/heightmaps/Hm_Terrain_Peking_513.png,547,547,80.000,12.000,20,0.250,0.100,200000,false,41,64,0.651,4.185,-33.857,22.844,-47.092,107.496,199999,1355984,199997,15761,8024,15762,234345,199999,34209,6688,188940,0,87425,112574,44566,6689,0,0,0,8,182.671,134.778,128.065,6.348,2.347,20.587,0.000,0.000,5.471,53.352,0.000,0.000,0.000,0.000,0.000,53.352,0.103,0.505,0.144,0.002,2.220,17.604,0.000,10.347,29.612,6.424,0.000,0.084,19733280,0,75.414,22.934,10.347,0.000,20,0,0.000,Off,ModifiedOnly,0,0,0,0,0,0,false,0,0,0,552,0,0,0,0,0,0,0,0,0,0,0,0.000,0.000,0.000,0.000,0.000,0.000,0.000,0.000,0.000,0.000,0.000,0.000,0.000,0.000,0.000,0.000,0.000,0.000,0.000,0.000
Data-Oriented CPU ROAM,data_oriented_cpu_roam,Release,D3D12,NVIDIA GeForce RTX 5090 D,Direct3D 12 (feature level 12_0); requested Agility SDK 614; runtime 6.2.26100.8972 (C:\WINDOWS\SYSTEM32\D3D12Core.dll); driver 32.0.15.9186,false,2048,1129,assets/heightmaps/Hm_Terrain_Peking_513.png,547,547,80.000,12.000,20,0.250,0.100,200000,false,42,64,0.667,4.321,-29.000,22.598,-50.229,135.388,199999,1371072,199997,14441,7358,14441,234206,199999,34058,6247,172081,0,84900,115099,44280,6248,0,0,0,8,107.576,107.896,101.437,6.733,2.381,19.400,0.000,0.000,6.473,25.455,0.000,0.000,0.000,0.000,0.000,25.454,0.086,0.426,0.144,0.001,1.831,16.901,0.000,12.064,28.931,6.174,0.000,0.084,19537392,0,48.024,21.781,12.064,0.000,20,0,0.000,Off,ModifiedOnly,0,0,0,0,0,0,false,0,0,0,478,0,0,0,0,0,0,0,0,0,0,0,0.000,0.000,0.000,0.000,0.000,0.000,0.000,0.000,0.000,0.000,0.000,0.000,0.000,0.000,0.000,0.000,0.000,0.000,0.000,0.000
Data-Oriented CPU ROAM,data_oriented_cpu_roam,Release,D3D12,NVIDIA GeForce RTX 5090 D,Direct3D 12 (feature level 12_0); requested Agility SDK 614; runtime 6.2.26100.8972 (C:\WINDOWS\SYSTEM32\D3D12Core.dll); driver 32.0.15.9186,false,2048,1129,assets/heightmaps/Hm_Terrain_Peking_513.png,547,547,80.000,12.000,20,0.250,0.100,200000,false,43,64,0.683,4.429,-23.855,22.249,-52.867,108.576,200000,1386994,199998,14248,7267,14247,234159,200000,34074,5350,171745,0,83426,116574,44116,5351,0,0,0,8,101.616,98.560,92.014,6.477,2.303,18.079,0.000,0.000,5.759,23.337,0.000,0.000,0.000,0.000,0.000,23.336,0.113,0.606,0.182,0.017,2.536,14.614,0.000,9.313,26.747,6.251,0.000,0.084,19385856,0,42.090,20.381,9.313,0.000,20,0,0.000,Off,ModifiedOnly,0,0,0,0,0,0,false,0,0,0,678,0,0,0,0,0,0,0,0,0,0,0,0.000,0.000,0.000,0.000,0.000,0.000,0.000,0.000,0.000,0.000,0.000,0.000,0.000,0.000,0.000,0.000,0.000,0.000,0.000,0.000
Data-Oriented CPU ROAM,data_oriented_cpu_roam,Release,D3D12,NVIDIA GeForce RTX 5090 D,Direct3D 12 (feature level 12_0); requested Agility SDK 614; runtime 6.2.26100.8972 (C:\WINDOWS\SYSTEM32\D3D12Core.dll); driver 32.0.15.9186,false,2048,1129,assets/heightmaps/Hm_Terrain_Peking_513.png,547,547,80.000,12.000,20,0.250,0.100,200000,false,44,64,0.698,4.528,-18.472,21.811,-54.980,99.204,199999,1403466,199997,14534,7422,14535,234189,199999,33986,5449,173901,0,81490,118509,44110,5450,0,0,0,8,230.789,100.899,94.558,6.409,2.277,18.994,0.000,0.000,5.579,24.237,0.000,0.000,0.000,0.000,0.000,24.236,0.115,0.664,0.232,0.003,2.397,15.572,0.000,9.604,27.458,6.065,0.000,0.090,19047000,0,43.583,21.271,9.604,0.000,20,0,0.000,Off,ModifiedOnly,0,0,0,0,0,0,false,0,0,0,655,0,0,0,0,0,0,0,0,0,0,0,0.000,0.000,0.000,0.000,0.000,0.000,0.000,0.000,0.000,0.000,0.000,0.000,0.000,0.000,0.000,0.000,0.000,0.000,0.000,0.000
Data-Oriented CPU ROAM,data_oriented_cpu_roam,Release,D3D12,NVIDIA GeForce RTX 5090 D,Direct3D 12 (feature level 12_0); requested Agility SDK 614; runtime 6.2.26100.8972 (C:\WINDOWS\SYSTEM32\D3D12Core.dll); driver 32.0.15.9186,false,2048,1129,assets/heightmaps/Hm_Terrain_Peking_513.png,547,547,80.000,12.000,20,0.250,0.100,200000,false,45,64,0.714,4.630,-12.906,21.302,-56.546,101.597,200000,1420064,199998,15605,7966,15604,234104,200000,33800,5863,184457,0,85589,114411,44988,5864,0,0,0,8,302.538,104.629,97.885,6.824,2.465,19.455,0.000,0.000,5.491,25.673,0.000,0.000,0.000,0.000,0.000,25.673,0.129,0.608,0.203,0.003,2.605,15.896,0.000,10.368,27.607,6.449,0.000,0.085,19077912,0,45.167,21.920,10.368,0.000,20,0,0.000,Off,ModifiedOnly,0,0,0,0,0,0,false,0,0,0,679,0,0,0,0,0,0,0,0,0,0,0,0.000,0.000,0.000,0.000,0.000,0.000,0.000,0.000,0.000,0.000,0.000,0.000,0.000,0.000,0.000,0.000,0.000,0.000,0.000,0.000
Data-Oriented CPU ROAM,data_oriented_cpu_roam,Release,D3D12,NVIDIA GeForce RTX 5090 D,Direct3D 12 (feature level 12_0); requested Agility SDK 614; runtime 6.2.26100.8972 (C:\WINDOWS\SYSTEM32\D3D12Core.dll); driver 32.0.15.9186,false,2048,1129,assets/heightmaps/Hm_Terrain_Peking_513.png,547,547,80.000,12.000,20,0.250,0.100,200000,false,46,64,0.730,4.735,-7.212,20.740,-57.550,105.271,199999,1436220,199997,15863,8104,15864,233920,199999,33621,5701,185638,0,85558,114441,44760,5702,0,0,0,8,94.603,105.529,98.856,6.521,2.317,20.112,0.000,0.000,5.517,26.177,0.000,0.000,0.000,0.000,0.000,26.176,0.166,0.677,0.200,0.015,2.885,16.157,0.000,10.640,27.573,6.379,0.000,0.087,19352424,0,45.566,22.429,10.640,0.000,20,0,0.000,Off,ModifiedOnly,0,0,0,0,0,0,false,0,0,0,735,0,0,0,0,0,0,0,0,0,0,0,0.000,0.000,0.000,0.000,0.000,0.000,0.000,0.000,0.000,0.000,0.000,0.000,0.000,0.000,0.000,0.000,0.000,0.000,0.000,0.000
Data-Oriented CPU ROAM,data_oriented_cpu_roam,Release,D3D12,NVIDIA GeForce RTX 5090 D,Direct3D 12 (feature level 12_0); requested Agility SDK 614; runtime 6.2.26100.8972 (C:\WINDOWS\SYSTEM32\D3D12Core.dll); driver 32.0.15.9186,false,2048,1129,assets/heightmaps/Hm_Terrain_Peking_513.png,547,547,80.000,12.000,20,0.250,0.100,200000,false,47,64,0.746,4.841,-1.446,20.150,-57.982,106.158,199999,1449750,199997,15277,7774,15277,233808,199999,33578,5556,178791,0,82257,117742,44006,5557,0,0,0,8,95.662,104.207,97.766,6.207,2.357,19.245,0.000,0.000,5.790,25.827,0.000,0.000,0.000,0.000,0.000,25.827,0.151,0.667,0.177,0.003,2.714,15.514,0.000,10.976,27.363,6.153,0.000,0.085,18859008,0,44.987,21.602,10.976,0.000,20,0,0.000,Off,ModifiedOnly,0,0,0,0,0,0,false,0,0,0,714,0,0,0,0,0,0,0,0,0,0,0,0.000,0.000,0.000,0.000,0.000,0.000,0.000,0.000,0.000,0.000,0.000,0.000,0.000,0.000,0.000,0.000,0.000,0.000,0.000,0.000
Data-Oriented CPU ROAM,data_oriented_cpu_roam,Release,D3D12,NVIDIA GeForce RTX 5090 D,Direct3D 12 (feature level 12_0); requested Agility SDK 614; runtime 6.2.26100.8972 (C:\WINDOWS\SYSTEM32\D3D12Core.dll); driver 32.0.15.9186,false,2048,1129,assets/heightmaps/Hm_Terrain_Peking_513.png,547,547,80.000,12.000,20,0.250,0.100,200000,false,48,64,0.762,4.946,4.334,19.553,-57.838,104.879,199999,1462342,199997,14607,7358,14607,233773,199999,33651,5622,170847,0,78996,121003,43165,5623,0,0,0,8,325.754,102.565,95.707,7.132,2.482,18.465,0.000,0.000,5.667,24.663,0.000,0.000,0.000,0.000,0.000,24.663,0.135,0.644,0.213,0.005,2.669,14.788,0.000,10.312,26.986,6.582,0.000,0.085,18406080,0,43.476,20.946,10.312,0.000,20,0,0.000,Off,ModifiedOnly,0,0,0,0,0,0,false,0,0,0,646,0,0,0,0,0,0,0,0,0,0,0,0.000,0.000,0.000,0.000,0.000,0.000,0.000,0.000,0.000,0.000,0.000,0.000,0.000,0.000,0.000,0.000,0.000,0.000,0.000,0.000
Data-Oriented CPU ROAM,data_oriented_cpu_roam,Release,D3D12,NVIDIA GeForce RTX 5090 D,Direct3D 12 (feature level 12_0); requested Agility SDK 614; runtime 6.2.26100.8972 (C:\WINDOWS\SYSTEM32\D3D12Core.dll); driver 32.0.15.9186,false,2048,1129,assets/heightmaps/Hm_Terrain_Peking_513.png,547,547,80.000,12.000,20,0.250,0.100,200000,false,49,64,0.778,5.049,10.072,18.974,-57.119,103.192,199999,1475110,199997,14187,7175,14187,233858,199999,33690,4946,166959,0,76660,123339,42923,4947,0,0,0,8,99.214,100.698,94.244,6.264,2.554,18.254,0.000,0.000,5.498,24.577,0.000,0.000,0.000,0.000,0.000,24.577,0.162,0.678,0.174,0.002,3.095,14.131,0.000,9.810,27.287,6.157,0.000,0.084,17900232,0,41.864,20.808,9.810,0.000,20,0,0.000,Off,ModifiedOnly,0,0,0,0,0,0,false,0,0,0,741,0,0,0,0,0,0,0,0,0,0,0,0.000,0.000,0.000,0.000,0.000,0.000,0.000,0.000,0.000,0.000,0.000,0.000,0.000,0.000,0.000,0.000,0.000,0.000,0.000,0.000
Data-Oriented CPU ROAM,data_oriented_cpu_roam,Release,D3D12,NVIDIA GeForce RTX 5090 D,Direct3D 12 (feature level 12_0); requested Agility SDK 614; runtime 6.2.26100.8972 (C:\WINDOWS\SYSTEM32\D3D12Core.dll); driver 32.0.15.9186,false,2048,1129,assets/heightmaps/Hm_Terrain_Peking_513.png,547,547,80.000,12.000,20,0.250,0.100,200000,false,50,64,0.794,5.151,15.709,18.436,-55.832,101.359,200000,1491110,199998,16042,8229,16041,233818,200000,33370,4643,189211,0,82292,117708,43839,4644,0,0,0,8,104.539,110.888,104.355,6.902,2.317,22.195,0.000,0.000,5.407,29.489,0.000,0.000,0.000,0.000,0.000,29.489,0.225,1.069,0.364,0.002,4.763,15.760,0.000,10.478,27.567,6.213,0.000,0.087,18230352,0,47.246,24.512,10.478,0.000,20,0,0.000,Off,ModifiedOnly,0,0,0,0,0,0,false,0,0,0,1162,0,0,0,0,0,0,0,0,0,0,0,0.000,0.000,0.000,0.000,0.000,0.000,0.000,0.000,0.000,0.000,0.000,0.000,0.000,0.000,0.000,0.000,0.000,0.000,0.000,0.000
Data-Oriented CPU ROAM,data_oriented_cpu_roam,Release,D3D12,NVIDIA GeForce RTX 5090 D,Direct3D 12 (feature level 12_0); requested Agility SDK 614; runtime 6.2.26100.8972 (C:\WINDOWS\SYSTEM32\D3D12Core.dll); driver 32.0.15.9186,false,2048,1129,assets/heightmaps/Hm_Terrain_Peking_513.png,547,547,80.000,12.000,20,0.250,0.100,200000,false,51,64,0.810,5.262,21.190,17.959,-53.991,111.531,199999,1510448,199997,17981,9149,17982,233639,199999,33273,4555,212124,0,85131,114868,43876,4556,0,0,0,8,163.893,111.068,104.610,6.611,2.181,23.912,0.000,0.000,5.289,30.272,0.000,0.000,0.000,0.000,0.000,30.271,0.242,1.481,0.566,0.004,6.018,15.589,0.000,10.203,26.141,6.146,0.000,0.088,19120752,0,46.578,26.093,10.203,0.000,20,0,0.000,Off,ModifiedOnly,0,0,0,0,0,0,false,0,0,0,1504,0,0,0,0,0,0,0,0,0,0,0,0.000,0.000,0.000,0.000,0.000,0.000,0.000,0.000,0.000,0.000,0.000,0.000,0.000,0.000,0.000,0.000,0.000,0.000,0.000,0.000
Data-Oriented CPU ROAM,data_oriented_cpu_roam,Release,D3D12,NVIDIA GeForce RTX 5090 D,Direct3D 12 (feature level 12_0); requested Agility SDK 614; runtime 6.2.26100.8972 (C:\WINDOWS\SYSTEM32\D3D12Core.dll); driver 32.0.15.9186,false,2048,1129,assets/heightmaps/Hm_Terrain_Peking_513.png,547,547,80.000,12.000,20,0.250,0.100,200000,false,52,64,0.825,5.374,26.460,17.564,-51.613,111.715,199999,1530348,199997,17814,8962,17814,233584,199999,33244,4455,207045,0,83673,116326,43645,4456,0,0,0,8,190.703,112.804,106.286,7.788,2.451,22.692,0.000,0.000,6.432,29.002,0.000,0.000,0.000,0.000,0.000,29.001,0.226,1.356,0.386,0.009,5.825,14.875,0.000,10.769,27.153,6.241,0.000,0.089,18977952,0,46.097,25.142,10.769,0.000,20,0,0.000,Off,ModifiedOnly,0,0,0,0,0,0,false,0,0,0,1475,0,0,0,0,0,0,0,0,0,0,0,0.000,0.000,0.000,0.000,0.000,0.000,0.000,0.000,0.000,0.000,0.000,0.000,0.000,0.000,0.000,0.000,0.000,0.000,0.000,0.000
Data-Oriented CPU ROAM,data_oriented_cpu_roam,Release,D3D12,NVIDIA GeForce RTX 5090 D,Direct3D 12 (feature level 12_0); requested Agility SDK 614; runtime 6.2.26100.8972 (C:\WINDOWS\SYSTEM32\D3D12Core.dll); driver 32.0.15.9186,false,2048,1129,assets/heightmaps/Hm_Terrain_Peking_513.png,547,547,80.000,12.000,20,0.250,0.100,200000,false,53,64,0.841,5.488,31.468,17.265,-48.722,113.509,199999,1547612,199997,16790,8470,16790,233653,199999,33357,4575,197467,0,86207,113792,44294,4576,0,0,0,8,365.536,108.889,102.352,6.970,2.423,21.755,0.000,0.000,5.503,28.048,0.000,0.000,0.000,0.000,0.000,28.048,0.205,1.158,0.446,0.016,4.982,14.934,0.000,10.275,27.377,6.247,0.000,0.085,18838008,0,44.702,24.178,10.275,0.000,20,0,0.000,Off,ModifiedOnly,0,0,0,0,0,0,false,0,0,0,1242,0,0,0,0,0,0,0,0,0,0,0,0.000,0.000,0.000,0.000,0.000,0.000,0.000,0.000,0.000,0.000,0.000,0.000,0.000,0.000,0.000,0.000,0.000,0.000,0.000,0.000
Data-Oriented CPU ROAM,data_oriented_cpu_roam,Release,D3D12,NVIDIA GeForce RTX 5090 D,Direct3D 12 (feature level 12_0); requested Agility SDK 614; runtime 6.2.26100.8972 (C:\WINDOWS\SYSTEM32\D3D12Core.dll); driver 32.0.15.9186,false,2048,1129,assets/heightmaps/Hm_Terrain_Peking_513.png,547,547,80.000,12.000,20,0.250,0.100,200000,false,54,64,0.857,5.597,36.162,17.075,-45.346,109.683,200000,1560994,199998,16728,8468,16727,233846,200000,33509,5079,197651,0,86575,113425,44567,5080,0,0,0,8,212.781,109.159,102.569,7.137,2.693,21.501,0.000,0.000,5.507,28.334,0.000,0.000,0.000,0.000,0.000,28.333,0.184,1.037,0.491,0.003,4.341,15.432,0.000,10.368,27.029,6.304,0.000,0.088,19296144,0,46.107,24.194,10.368,0.000,20,0,0.000,Off,ModifiedOnly,0,0,0,0,0,0,false,0,0,0,1077,0,0,0,0,0,0,0,0,0,0,0,0.000,0.000,0.000,0.000,0.000,0.000,0.000,0.000,0.000,0.000,0.000,0.000,0.000,0.000,0.000,0.000,0.000,0.000,0.000,0.000
Data-Oriented CPU ROAM,data_oriented_cpu_roam,Release,D3D12,NVIDIA GeForce RTX 5090 D,Direct3D 12 (feature level 12_0); requested Agility SDK 614; runtime 6.2.26100.8972 (C:\WINDOWS\SYSTEM32\D3D12Core.dll); driver 32.0.15.9186,false,2048,1129,assets/heightmaps/Hm_Terrain_Peking_513.png,547,547,80.000,12.000,20,0.250,0.100,200000,false,55,64,0.873,5.707,40.498,17.001,-41.520,109.844,200000,1572090,199998,16939,8595,16939,233827,200000,33572,6039,196979,0,86572,113428,44575,6040,0,0,0,8,308.804,107.458,100.940,6.534,2.483,20.936,0.000,0.000,5.630,27.747,0.000,0.000,0.000,0.000,0.000,27.746,0.153,0.757,0.304,0.003,3.155,16.553,0.000,10.335,27.274,6.211,0.000,0.085,19641384,0,47.621,23.419,10.335,0.000,20,0,0.000,Off,ModifiedOnly,0,0,0,0,0,0,false,0,0,0,828,0,0,0,0,0,0,0,0,0,0,0,0.000,0.000,0.000,0.000,0.000,0.000,0.000,0.000,0.000,0.000,0.000,0.000,0.000,0.000,0.000,0.000,0.000,0.000,0.000,0.000
Data-Oriented CPU ROAM,data_oriented_cpu_roam,Release,D3D12,NVIDIA GeForce RTX 5090 D,Direct3D 12 (feature level 12_0); requested Agility SDK 614; runtime 6.2.26100.8972 (C:\WINDOWS\SYSTEM32\D3D12Core.dll); driver 32.0.15.9186,false,2048,1129,assets/heightmaps/Hm_Terrain_Peking_513.png,547,547,80.000,12.000,20,0.250,0.100,200000,false,56,64,0.889,5.815,44.431,17.046,-37.282,108.188,199999,1581662,199997,17394,8767,17395,233730,199999,33516,6905,199491,0,85542,114457,44730,6906,0,0,0,8,202.349,106.791,100.132,6.825,2.383,20.882,0.000,0.000,5.698,27.474,0.000,0.000,0.000,0.000,0.000,27.474,0.135,0.600,0.220,0.002,2.441,17.474,0.000,10.487,26.383,6.355,0.000,0.086,19558896,0,48.937,23.265,10.487,0.000,20,0,0.000,Off,ModifiedOnly,0,0,0,0,0,0,false,0,0,0,623,0,0,0,0,0,0,0,0,0,0,0,0.000,0.000,0.000,0.000,0.000,0.000,0.000,0.000,0.000,0.000,0.000,0.000,0.000,0.000,0.000,0.000,0.000,0.000,0.000,0.000
Data-Oriented CPU ROAM,data_oriented_cpu_roam,Release,D3D12,NVIDIA GeForce RTX 5090 D,Direct3D 12 (feature level 12_0); requested Agility SDK 614; runtime 6.2.26100.8972 (C:\WINDOWS\SYSTEM32\D3D12Core.dll); driver 32.0.15.9186,false,2048,1129,assets/heightmaps/Hm_Terrain_Peking_513.png,547,547,80.000,12.000,20,0.250,0.100,200000,false,57,64,0.905,5.923,47.922,17.207,-32.673,107.456,200000,1591690,199998,17431,8811,17430,233825,200000,33626,5542,204207,0,88720,111280,44944,5543,0,0,0,8,196.690,109.398,103.030,6.711,2.344,21.353,0.000,0.000,5.694,29.411,0.000,0.000,0.000,0.000,0.000,29.411,0.206,1.046,0.328,0.002,4.342,15.418,0.000,10.589,26.927,6.076,0.000,0.086,20021904,0,47.548,23.697,10.589,0.000,20,0,0.000,Off,ModifiedOnly,0,0,0,0,0,0,false,0,0,0,1114,0,0,0,0,0,0,0,0,0,0,0,0.000,0.000,0.000,0.000,0.000,0.000,0.000,0.000,0.000,0.000,0.000,0.000,0.000,0.000,0.000,0.000,0.000,0.000,0.000,0.000
Data-Oriented CPU ROAM,data_oriented_cpu_roam,Release,D3D12,NVIDIA GeForce RTX 5090 D,Direct3D 12 (feature level 12_0); requested Agility SDK 614; runtime 6.2.26100.8972 (C:\WINDOWS\SYSTEM32\D3D12Core.dll); driver 32.0.15.9186,false,2048,1129,assets/heightmaps/Hm_Terrain_Peking_513.png,547,547,80.000,12.000,20,0.250,0.100,200000,false,58,64,0.921,6.033,50.937,17.480,-27.739,110.073,200000,1600250,199998,15934,8088,15934,233966,200000,33767,5299,190885,0,87869,112131,45001,5300,0,0,0,8,96.910,103.011,96.495,6.640,2.294,19.583,0.000,0.000,5.623,27.035,0.000,0.000,0.000,0.000,0.000,27.034,0.180,0.856,0.203,0.007,3.601,14.727,0.000,10.372,24.947,6.222,0.000,0.085,20126064,0,44.801,21.877,10.372,0.000,20,0,0.000,Off,ModifiedOnly,0,0,0,0,0,0,false,0,0,0,939,0,0,0,0,0,0,0,0,0,0,0,0.000,0.000,0.000,0.000,0.000,0.000,0.000,0.000,0.000,0.000,0.000,0.000,0.000,0.000,0.000,0.000,0.000,0.000,0.000,0.000
Data-Oriented CPU ROAM,data_oriented_cpu_roam,Release,D3D12,NVIDIA GeForce RTX 5090 D,Direct3D 12 (feature level 12_0); requested Agility SDK 614; runtime 6.2.26100.8972 (C:\WINDOWS\SYSTEM32\D3D12Core.dll); driver 32.0.15.9186,false,2048,1129,assets/heightmaps/Hm_Terrain_Peking_513.png,547,547,80.000,12.000,20,0.250,0.100,200000,false,59,64,0.937,6.137,53.446,17.852,-22.529,103.658,199999,1606054,199997,13903,7077,13904,233950,199999,33663,4810,164749,0,82922,117077,44403,4811,0,0,0,8,345.350,96.820,90.215,6.535,2.194,17.474,0.000,0.000,5.384,23.219,0.000,0.000,0.000,0.000,0.000,23.219,0.158,0.721,0.207,0.003,3.195,13.174,0.000,9.275,26.133,6.282,0.000,0.086,19338312,0,39.699,19.669,9.275,0.000,20,0,0.000,Off,ModifiedOnly,0,0,0,0,0,0,false,0,0,0,802,0,0,0,0,0,0,0,0,0,0,0,0.000,0.000,0.000,0.000,0.000,0.000,0.000,0.000,0.000,0.000,0.000,0.000,0.000,0.000,0.000,0.000,0.000,0.000,0.000,0.000
Data-Oriented CPU ROAM,data_oriented_cpu_roam,Release,D3D12,NVIDIA GeForce RTX 5090 D,Direct3D 12 (feature level 12_0); requested Agility SDK 614; runtime 6.2.26100.8972 (C:\WINDOWS\SYSTEM32\D3D12Core.dll); driver 32.0.15.9186,false,2048,1129,assets/heightmaps/Hm_Terrain_Peking_513.png,547,547,80.000,12.000,20,0.250,0.100,200000,false,60,64,0.952,6.234,55.423,18.310,-17.096,97.487,199999,1609474,199997,14980,7628,14980,233923,199999,33629,5375,177764,0,82653,117346,44775,5376,0,0,0,8,102.013,98.129,91.628,6.227,2.483,18.297,0.000,0.000,5.279,24.944,0.000,0.000,0.000,0.000,0.000,24.943,0.186,0.732,0.209,0.004,2.989,14.166,0.000,9.861,24.537,6.179,0.000,0.085,19105296,0,42.405,20.781,9.861,0.000,20,0,0.000,Off,ModifiedOnly,0,0,0,0,0,0,false,0,0,0,791,0,0,0,0,0,0,0,0,0,0,0,0.000,0.000,0.000,0.000,0.000,0.000,0.000,0.000,0.000,0.000,0.000,0.000,0.000,0.000,0.000,0.000,0.000,0.000,0.000,0.000
Data-Oriented CPU ROAM,data_oriented_cpu_roam,Release,D3D12,NVIDIA GeForce RTX 5090 D,Direct3D 12 (feature level 12_0); requested Agility SDK 614; runtime 6.2.26100.8972 (C:\WINDOWS\SYSTEM32\D3D12Core.dll); driver 32.0.15.9186,false,2048,1129,assets/heightmaps/Hm_Terrain_Peking_513.png,547,547,80.000,12.000,20,0.250,0.100,200000,false,61,64,0.968,6.333,56.850,18.835,-11.492,98.815,200000,1612154,199998,15693,8025,15692,233780,200000,33579,5937,183675,0,86486,113514,45297,5938,0,0,0,8,220.280,98.557,91.970,6.783,2.153,19.098,0.000,0.000,5.013,25.931,0.000,0.000,0.000,0.000,0.000,25.931,0.136,0.594,0.184,0.003,2.462,15.710,0.000,9.884,23.108,6.294,0.000,0.083,19549824,0,44.774,21.251,9.884,0.000,20,0,0.000,Off,ModifiedOnly,0,0,0,0,0,0,false,0,0,0,650,0,0,0,0,0,0,0,0,0,0,0,0.000,0.000,0.000,0.000,0.000,0.000,0.000,0.000,0.000,0.000,0.000,0.000,0.000,0.000,0.000,0.000,0.000,0.000,0.000,0.000
Data-Oriented CPU ROAM,data_oriented_cpu_roam,Release,D3D12,NVIDIA GeForce RTX 5090 D,Direct3D 12 (feature level 12_0); requested Agility SDK 614; runtime 6.2.26100.8972 (C:\WINDOWS\SYSTEM32\D3D12Core.dll); driver 32.0.15.9186,false,2048,1129,assets/heightmaps/Hm_Terrain_Peking_513.png,547,547,80.000,12.000,20,0.250,0.100,200000,false,62,64,0.984,6.432,57.712,19.406,-5.775,99.247,199999,1614322,199997,16040,8193,16041,233771,199999,33543,6359,187703,0,88667,111332,45237,6360,0,0,0,8,336.954,99.211,92.501,6.936,2.192,18.394,0.000,0.000,5.044,25.622,0.000,0.000,0.000,0.000,0.000,25.622,0.123,0.516,0.159,0.003,2.151,15.433,0.000,9.771,24.541,6.417,0.000,0.088,19957560,0,44.526,20.586,9.771,0.000,20,0,0.000,Off,ModifiedOnly,0,0,0,0,0,0,false,0,0,0,569,0,0,0,0,0,0,0,0,0,0,0,0.000,0.000,0.000,0.000,0.000,0.000,0.000,0.000,0.000,0.000,0.000,0.000,0.000,0.000,0.000,0.000,0.000,0.000,0.000,0.000
Data-Oriented CPU ROAM,data_oriented_cpu_roam,Release,D3D12,NVIDIA GeForce RTX 5090 D,Direct3D 12 (feature level 12_0); requested Agility SDK 614; runtime 6.2.26100.8972 (C:\WINDOWS\SYSTEM32\D3D12Core.dll); driver 32.0.15.9186,false,2048,1129,assets/heightmaps/Hm_Terrain_Peking_513.png,547,547,80.000,12.000,20,0.250,0.100,200000,false,63,64,1.000,6.532,58.000,20.000,0.000,99.838,200000,1614322,199998,14236,7231,14235,233843,200000,33549,5922,169341,0,83379,116621,44563,5923,0,0,0,8,72.711,92.481,85.714,6.453,2.215,16.713,0.000,0.000,5.787,22.617,0.000,0.000,0.000,0.000,0.000,22.616,0.092,0.405,0.125,0.002,1.600,14.479,0.000,9.360,22.569,6.473,0.000,0.085,19238184,0,41.595,18.928,9.360,0.000,20,0,0.000,Off,ModifiedOnly,0,0,0,0,0,0,false,0,0,0,436,0,0,0,0,0,0,0,0,0,0,0,0.000,0.000,0.000,0.000,0.000,0.000,0.000,0.000,0.000,0.000,0.000,0.000,0.000,0.000,0.000,0.000,0.000,0.000,0.000,0.000
CBT 2024,cbt_2024_official_baseline_v1,Release,D3D12,NVIDIA GeForce RTX 5090 D,Direct3D 12 (feature level 12_0); requested Agility SDK 614; runtime 6.2.26100.8972 (C:\WINDOWS\SYSTEM32\D3D12Core.dll); driver 32.0.15.9186,false,2048,1129,assets/heightmaps/Hm_Terrain_Peking_513.png,547,547,80.000,12.000,20,0.250,0.100,200000,false,0,64,0.000,0.000,58.000,20.000,0.000,0.294,294967,294967,0,0,0,0,1316,0,0,0,0,0,0,0,0,0,0,0,0,0,0.000,0.032,0.030,0.000,0.000,0.000,0.000,0.000,0.000,0.000,0.000,0.000,0.000,0.000,0.000,0.000,0.000,0.000,0.000,0.000,0.000,0.000,0.000,0.000,0.000,0.000,0.132,0.196,0,428,0.021,0.009,0.002,0.001,20,1048576,2.050,Off,ModifiedOnly,1,25,23,23,23,2,false,294961,753615,1,1315,0,0,0,0,0,0,0,0,0,0,0,0.182,0.000,0.000,0.003,0.014,0.004,0.002,0.011,0.001,0.004,0.004,0.002,0.003,0.002,0.002,0.002,0.014,0.002,0.001,0.112
CBT 2024,cbt_2024_official_baseline_v1,Release,D3D12,NVIDIA GeForce RTX 5090 D,Direct3D 12 (feature level 12_0); requested Agility SDK 614; runtime 6.2.26100.8972 (C:\WINDOWS\SYSTEM32\D3D12Core.dll); driver 32.0.15.9186,false,2048,1129,assets/heightmaps/Hm_Terrain_Peking_513.png,547,547,80.000,12.000,20,0.250,0.100,200000,false,1,64,0.016,0.000,57.712,20.594,5.775,0.282,294967,294967,0,0,0,0,1316,0,0,0,0,0,0,0,0,0,0,0,0,0,0.000,0.032,0.030,0.000,0.000,0.000,0.000,0.000,0.000,0.000,0.000,0.000,0.000,0.000,0.000,0.000,0.000,0.000,0.000,0.000,0.000,0.000,0.000,0.000,0.000,0.000,0.132,0.198,0,428,0.021,0.009,0.002,0.002,20,1048576,2.050,Off,ModifiedOnly,1,26,24,24,24,2,false,294961,753615,1,1315,0,0,0,0,0,0,0,0,0,0,0,0.182,0.000,0.000,0.003,0.014,0.004,0.002,0.011,0.001,0.003,0.004,0.002,0.003,0.002,0.002,0.002,0.014,0.002,0.002,0.112
CBT 2024,cbt_2024_official_baseline_v1,Release,D3D12,NVIDIA GeForce RTX 5090 D,Direct3D 12 (feature level 12_0); requested Agility SDK 614; runtime 6.2.26100.8972 (C:\WINDOWS\SYSTEM32\D3D12Core.dll); driver 32.0.15.9186,false,2048,1129,assets/heightmaps/Hm_Terrain_Peking_513.png,547,547,80.000,12.000,20,0.250,0.100,200000,false,2,64,0.032,0.001,56.850,21.165,11.492,0.279,294967,294967,0,0,0,0,1316,0,0,0,0,0,0,0,0,0,0,0,0,0,0.000,0.032,0.029,0.000,0.000,0.000,0.000,0.000,0.000,0.000,0.000,0.000,0.000,0.000,0.000,0.000,0.000,0.000,0.000,0.000,0.000,0.000,0.000,0.000,0.000,0.000,0.134,0.199,0,428,0.021,0.009,0.002,0.001,20,1048576,2.050,Off,ModifiedOnly,1,27,25,25,25,2,false,294961,753615,1,1315,0,0,0,0,0,0,0,0,0,0,0,0.183,0.000,0.000,0.003,0.014,0.004,0.002,0.011,0.001,0.003,0.004,0.002,0.003,0.002,0.002,0.002,0.014,0.002,0.001,0.113
CBT 2024,cbt_2024_official_baseline_v1,Release,D3D12,NVIDIA GeForce RTX 5090 D,Direct3D 12 (feature level 12_0); requested Agility SDK 614; runtime 6.2.26100.8972 (C:\WINDOWS\SYSTEM32\D3D12Core.dll); driver 32.0.15.9186,false,2048,1129,assets/heightmaps/Hm_Terrain_Peking_513.png,547,547,80.000,12.000,20,0.250,0.100,200000,false,3,64,0.048,0.001,55.423,21.690,17.096,0.282,294939,294939,4401,4401,522,2338,9635,0,0,0,0,0,0,0,0,0,0,0,0,0,0.000,0.032,0.030,0.000,0.000,0.000,0.000,0.000,0.000,0.000,0.000,0.000,0.000,0.000,0.000,0.000,0.000,0.000,0.000,0.000,0.000,0.000,0.000,0.000,0.000,0.000,0.196,0.259,0,428,0.058,0.016,0.014,0.001,20,1048576,2.050,Off,ModifiedOnly,1,28,26,26,26,2,false,294933,753643,3879,5756,4640,4281,2338,4668,4656,8,2330,4195,86,87,33,0.243,0.000,0.000,0.003,0.017,0.015,0.018,0.011,0.009,0.005,0.005,0.006,0.005,0.002,0.002,0.002,0.016,0.014,0.001,0.113
CBT 2024,cbt_2024_official_baseline_v1,Release,D3D12,NVIDIA GeForce RTX 5090 D,Direct3D 12 (feature level 12_0); requested Agility SDK 614; runtime 6.2.26100.8972 (C:\WINDOWS\SYSTEM32\D3D12Core.dll); driver 32.0.15.9186,false,2048,1129,assets/heightmaps/Hm_Terrain_Peking_513.png,547,547,80.000,12.000,20,0.250,0.100,200000,false,4,64,0.063,0.001,53.446,22.148,22.529,0.343,295771,295771,5334,5334,622,2394,10473,0,0,0,0,0,0,0,0,0,0,0,0,0,0.000,0.032,0.030,0.000,0.000,0.000,0.000,0.000,0.000,0.000,0.000,0.000,0.000,0.000,0.000,0.000,0.000,0.000,0.000,0.000,0.000,0.000,0.000,0.000,0.000,0.000,0.189,0.258,0,428,0.054,0.015,0.016,0.001,20,1048576,2.050,Off,ModifiedOnly,1,29,27,27,27,2,false,295765,752811,4712,5761,5606,5197,2394,4774,4725,14,2380,5104,93,95,42,0.243,0.000,0.000,0.003,0.016,0.013,0.016,0.011,0.009,0.005,0.004,0.006,0.005,0.002,0.002,0.002,0.017,0.016,0.001,0.114
CBT 2024,cbt_2024_official_baseline_v1,Release,D3D12,NVIDIA GeForce RTX 5090 D,Direct3D 12 (feature level 12_0); requested Agility SDK 614; runtime 6.2.26100.8972 (C:\WINDOWS\SYSTEM32\D3D12Core.dll); driver 32.0.15.9186,false,2048,1129,assets/heightmaps/Hm_Terrain_Peking_513.png,547,547,80.000,12.000,20,0.250,0.100,200000,false,5,64,0.079,0.002,50.937,22.520,27.739,0.342,297056,297056,5189,5189,648,2096,9490,0,0,0,0,0,0,0,0,0,0,0,0,0,0.000,0.033,0.030,0.000,0.000,0.000,0.000,0.000,0.000,0.000,0.000,0.000,0.000,0.000,0.000,0.000,0.000,0.000,0.000,0.000,0.000,0.000,0.000,0.000,0.000,0.000,0.190,0.259,0,428,0.054,0.016,0.018,0.001,20,1048576,2.050,Off,ModifiedOnly,1,30,28,28,28,2,false,297050,751526,4541,4949,5431,5067,2096,4146,4143,46,2050,4950,117,119,3,0.243,0.000,0.000,0.003,0.016,0.013,0.016,0.011,0.009,0.005,0.005,0.006,0.005,0.002,0.002,0.002,0.017,0.018,0.001,0.113
CBT 2024,cbt_2024_official_baseline_v1,Release,D3D12,NVIDIA GeForce RTX 5090 D,Direct3D 12 (feature level 12_0); requested Agility SDK 614; runtime 6.2.26100.8972 (C:\WINDOWS\SYSTEM32\D3D12Core.dll); driver 32.0.15.9186,false,2048,1129,assets/heightmaps/Hm_Terrain_Peking_513.png,547,547,80.000,12.000,20,0.250,0.100,200000,false,6,64,0.095,0.002,47.922,22.793,32.673,0.342,298487,298487,4791,4791,574,1827,8698,0,0,0,0,0,0,0,0,0,0,0,0,0,0.000,0.032,0.030,0.000,0.000,0.000,0.000,0.000,0.000,0.000,0.000,0.000,0.000,0.000,0.000,0.000,0.000,0.000,0.000,0.000,0.000,0.000,0.000,0.000,0.000,0.000,0.185,0.256,0,428,0.057,0.016,0.015,0.001,20,1048576,2.050,Off,ModifiedOnly,1,31,29,29,29,2,false,298481,750095,4217,4481,5082,4645,1827,3651,3629,3,1824,4534,111,112,34,0.240,0.000,0.000,0.003,0.015,0.015,0.017,0.010,0.009,0.005,0.004,0.006,0.005,0.002,0.002,0.002,0.016,0.014,0.001,0.112
CBT 2024,cbt_2024_official_baseline_v1,Release,D3D12,NVIDIA GeForce RTX 5090 D,Direct3D 12 (feature level 12_0); requested Agility SDK 614; runtime 6.2.26100.8972 (C:\WINDOWS\SYSTEM32\D3D12Core.dll); driver 32.0.15.9186,false,2048,1129,assets/heightmaps/Hm_Terrain_Peking_513.png,547,547,80.000,12.000,20,0.250,0.100,200000,false,7,64,0.111,0.002,44.431,22.954,37.282,0.334,301234,301234,6540,6540,719,2063,10779,0,0,0,0,0,0,0,0,0,0,0,0,0,0.000,0.032,0.030,0.000,0.000,0.000,0.000,0.000,0.000,0.000,0.000,0.000,0.000,0.000,0.000,0.000,0.000,0.000,0.000,0.000,0.000,0.000,0.000,0.000,0.000,0.000,0.192,0.261,0,428,0.059,0.016,0.017,0.001,20,1048576,2.050,Off,ModifiedOnly,1,32,30,30,30,2,false,301228,747348,5821,4958,6854,6381,2063,4107,4097,19,2044,6247,134,138,21,0.245,0.000,0.000,0.003,0.016,0.015,0.019,0.011,0.009,0.005,0.005,0.006,0.005,0.002,0.002,0.001,0.018,0.016,0.001,0.111
CBT 2024,cbt_2024_official_baseline_v1,Release,D3D12,NVIDIA GeForce RTX 5090 D,Direct3D 12 (feature level 12_0); requested Agility SDK 614; runtime 6.2.26100.8972 (C:\WINDOWS\SYSTEM32\D3D12Core.dll); driver 32.0.15.9186,false,2048,1129,assets/heightmaps/Hm_Terrain_Peking_513.png,547,547,80.000,12.000,20,0.250,0.100,200000,false,8,64,0.127,0.003,40.498,22.999,41.520,0.341,304280,304280,6789,6789,618,2052,11125,0,0,0,0,0,0,0,0,0,0,0,0,0,0.000,0.032,0.030,0.000,0.000,0.000,0.000,0.000,0.000,0.000,0.000,0.000,0.000,0.000,0.000,0.000,0.000,0.000,0.000,0.000,0.000,0.000,0.000,0.000,0.000,0.000,0.193,0.261,0,428,0.057,0.015,0.017,0.001,20,1048576,2.050,Off,ModifiedOnly,1,33,31,31,31,2,false,304274,744302,6171,4954,7144,6612,2052,4098,4068,6,2046,6454,158,157,20,0.245,0.000,0.000,0.003,0.016,0.015,0.017,0.010,0.009,0.005,0.004,0.006,0.005,0.002,0.002,0.001,0.018,0.017,0.001,0.113
CBT 2024,cbt_2024_official_baseline_v1,Release,D3D12,NVIDIA GeForce RTX 5090 D,Direct3D 12 (feature level 12_0); requested Agility SDK 614; runtime 6.2.26100.8972 (C:\WINDOWS\SYSTEM32\D3D12Core.dll); driver 32.0.15.9186,false,2048,1129,assets/heightmaps/Hm_Terrain_Peking_513.png,547,547,80.000,12.000,20,0.250,0.100,200000,false,9,64,0.143,0.003,36.162,22.925,45.346,0.347,307669,307669,6792,6792,623,1902,10770,0,0,0,0,0,0,0,0,0,0,0,0,0,0.000,0.033,0.030,0.000,0.000,0.000,0.000,0.000,0.000,0.000,0.000,0.000,0.000,0.000,0.000,0.000,0.000,0.000,0.000,0.000,0.000,0.000,0.000,0.000,0.000,0.000,0.189,0.259,0,428,0.056,0.016,0.016,0.001,20,1048576,2.050,Off,ModifiedOnly,1,34,32,32,32,2,false,307663,740913,6169,4601,7183,6597,1902,3794,3772,10,1892,6417,180,179,16,0.244,0.000,0.000,0.003,0.015,0.013,0.019,0.010,0.009,0.005,0.005,0.006,0.005,0.002,0.002,0.001,0.018,0.016,0.001,0.113
CBT 2024,cbt_2024_official_baseline_v1,Release,D3D12,NVIDIA GeForce RTX 5090 D,Direct3D 12 (feature level 12_0); requested Agility SDK 614; runtime 6.2.26100.8972 (C:\WINDOWS\SYSTEM32\D3D12Core.dll); driver 32.0.15.9186,false,2048,1129,assets/heightmaps/Hm_Terrain_Peking_513.png,547,547,80.000,12.000,20,0.250,0.100,200000,false,10,64,0.159,0.003,31.468,22.735,48.722,0.340,312014,312014,6617,6617,556,1331,9601,0,0,0,0,0,0,0,0,0,0,0,0,0,0.000,0.032,0.030,0.000,0.000,0.000,0.000,0.000,0.000,0.000,0.000,0.000,0.000,0.000,0.000,0.000,0.000,0.000,0.000,0.000,0.000,0.000,0.000,0.000,0.000,0.000,0.188,0.256,0,428,0.054,0.015,0.014,0.001,20,1048576,2.050,Off,ModifiedOnly,1,35,33,33,33,2,false,312008,736568,6061,3540,7000,6425,1331,2655,2647,7,1324,6247,178,179,13,0.242,0.000,0.000,0.003,0.016,0.012,0.017,0.010,0.009,0.005,0.005,0.006,0.005,0.002,0.002,0.001,0.018,0.014,0.001,0.114
CBT 2024,cbt_2024_official_baseline_v1,Release,D3D12,NVIDIA GeForce RTX 5090 D,Direct3D 12 (feature level 12_0); requested Agility SDK 614; runtime 6.2.26100.8972 (C:\WINDOWS\SYSTEM32\D3D12Core.dll); driver 32.0.15.9186,false,2048,1129,assets/heightmaps/Hm_Terrain_Peking_513.png,547,547,80.000,12.000,20,0.250,0.100,200000,false,11,64,0.175,0.004,26.460,22.436,51.613,0.336,313563,313563,4495,4495,324,1650,8568,0,0,0,0,0,0,0,0,0,0,0,0,0,0.000,0.031,0.029,0.000,0.000,0.000,0.000,0.000,0.000,0.000,0.000,0.000,0.000,0.000,0.000,0.000,0.000,0.000,0.000,0.000,0.000,0.000,0.000,0.000,0.000,0.000,0.185,0.254,0,428,0.053,0.016,0.013,0.001,20,1048576,2.050,Off,ModifiedOnly,1,36,34,34,34,2,false,313557,735019,4171,4397,4840,4322,1650,3291,3276,9,1641,4159,163,164,9,0.239,0.000,0.000,0.003,0.015,0.012,0.016,0.011,0.009,0.005,0.004,0.006,0.005,0.002,0.002,0.001,0.018,0.013,0.001,0.114
CBT 2024,cbt_2024_official_baseline_v1,Release,D3D12,NVIDIA GeForce RTX 5090 D,Direct3D 12 (feature level 12_0); requested Agility SDK 614; runtime 6.2.26100.8972 (C:\WINDOWS\SYSTEM32\D3D12Core.dll); driver 32.0.15.9186,false,2048,1129,assets/heightmaps/Hm_Terrain_Peking_513.png,547,547,80.000,12.000,20,0.250,0.100,200000,false,12,64,0.190,0.004,21.190,22.041,53.991,0.333,314038,314038,4168,4168,293,2011,9247,0,0,0,0,0,0,0,0,0,0,0,0,0,0.000,0.033,0.030,0.000,0.000,0.000,0.000,0.000,0.000,0.000,0.000,0.000,0.000,0.000,0.000,0.000,0.000,0.000,0.000,0.000,0.000,0.000,0.000,0.000,0.000,0.000,0.188,0.256,0,428,0.054,0.015,0.014,0.001,20,1048576,2.050,Off,ModifiedOnly,1,37,35,35,35,2,false,314032,734544,3875,5372,4487,4007,2011,4012,3997,10,2001,3860,147,150,11,0.241,0.000,0.000,0.003,0.016,0.012,0.018,0.011,0.009,0.005,0.004,0.006,0.005,0.002,0.002,0.001,0.018,0.013,0.001,0.114
CBT 2024,cbt_2024_official_baseline_v1,Release,D3D12,NVIDIA GeForce RTX 5090 D,Direct3D 12 (feature level 12_0); requested Agility SDK 614; runtime 6.2.26100.8972 (C:\WINDOWS\SYSTEM32\D3D12Core.dll); driver 32.0.15.9186,false,2048,1129,assets/heightmaps/Hm_Terrain_Peking_513.png,547,547,80.000,12.000,20,0.250,0.100,200000,false,13,64,0.206,0.004,15.709,21.564,55.832,0.340,314328,314328,4737,4737,280,2373,10780,0,0,0,0,0,0,0,0,0,0,0,0,0,0.000,0.032,0.030,0.000,0.000,0.000,0.000,0.000,0.000,0.000,0.000,0.000,0.000,0.000,0.000,0.000,0.000,0.000,0.000,0.000,0.000,0.000,0.000,0.000,0.000,0.000,0.185,0.258,0,428,0.052,0.015,0.015,0.001,20,1048576,2.050,Off,ModifiedOnly,1,38,36,36,36,2,false,314322,734254,4457,6323,5024,4594,2373,4734,4718,12,2361,4466,128,127,16,0.242,0.000,0.000,0.003,0.016,0.012,0.016,0.011,0.009,0.005,0.004,0.006,0.005,0.002,0.002,0.001,0.018,0.015,0.001,0.115
CBT 2024,cbt_2024_official_baseline_v1,Release,D3D12,NVIDIA GeForce RTX 5090 D,Direct3D 12 (feature level 12_0); requested Agility SDK 614; runtime 6.2.26100.8972 (C:\WINDOWS\SYSTEM32\D3D12Core.dll); driver 32.0.15.9186,false,2048,1129,assets/heightmaps/Hm_Terrain_Peking_513.png,547,547,80.000,12.000,20,0.250,0.100,200000,false,14,64,0.222,0.005,10.072,21.026,57.119,0.334,311628,311628,2970,2970,194,2943,10584,0,0,0,0,0,0,0,0,0,0,0,0,0,0.000,0.032,0.030,0.000,0.000,0.000,0.000,0.000,0.000,0.000,0.000,0.000,0.000,0.000,0.000,0.000,0.000,0.000,0.000,0.000,0.000,0.000,0.000,0.000,0.000,0.000,0.188,0.257,0,428,0.053,0.016,0.014,0.002,20,1048576,2.050,Off,ModifiedOnly,1,39,37,37,37,2,false,311622,736954,2776,7808,3175,2867,2943,5875,5860,11,2932,2776,91,92,11,0.241,0.000,0.000,0.003,0.016,0.011,0.017,0.011,0.009,0.005,0.004,0.006,0.005,0.002,0.002,0.001,0.018,0.014,0.002,0.114
CBT 2024,cbt_2024_official_baseline_v1,Release,D3D12,NVIDIA GeForce RTX 5090 D,Direct3D 12 (feature level 12_0); requested Agility SDK 614; runtime 6.2.26100.8972 (C:\WINDOWS\SYSTEM32\D3D12Core.dll); driver 32.0.15.9186,false,2048,1129,assets/heightmaps/Hm_Terrain_Peking_513.png,547,547,80.000,12.000,20,0.250,0.100,200000,false,15,64,0.238,0.005,4.334,20.447,57.838,0.381,304179,304179,1835,1835,174,4725,13204,0,0,0,0,0,0,0,0,0,0,0,0,0,0.000,0.034,0.031,0.000,0.000,0.000,0.000,0.000,0.000,0.000,0.000,0.000,0.000,0.000,0.000,0.000,0.000,0.000,0.000,0.000,0.000,0.000,0.000,0.000,0.000,0.000,0.150,0.260,0,428,0.053,0.016,0.015,0.001,20,1048576,2.050,Off,ModifiedOnly,1,40,38,38,38,2,false,304173,744403,1661,11543,1980,1763,4725,9429,9409,21,4704,1694,69,68,4,0.244,0.000,0.000,0.003,0.016,0.012,0.016,0.011,0.009,0.005,0.005,0.006,0.005,0.002,0.002,0.001,0.018,0.015,0.001,0.115
CBT 2024,cbt_2024_official_baseline_v1,Release,D3D12,NVIDIA GeForce RTX 5090 D,Direct3D 12 (feature level 12_0); requested Agility SDK 614; runtime 6.2.26100.8972 (C:\WINDOWS\SYSTEM32\D3D12Core.dll); driver 32.0.15.9186,false,2048,1129,assets/heightmaps/Hm_Terrain_Peking_513.png,547,547,80.000,12.000,20,0.250,0.100,200000,false,16,64,0.254,0.005,-1.446,19.850,57.982,0.305,298907,298907,3037,3037,317,4225,13093,0,0,0,0,0,0,0,0,0,0,0,0,0,0.000,0.047,0.043,0.000,0.000,0.000,0.000,0.000,0.000,0.000,0.000,0.000,0.000,0.000,0.000,0.000,0.000,0.000,0.000,0.000,0.000,0.000,0.000,0.000,0.000,0.000,0.185,0.259,0,428,0.052,0.016,0.016,0.001,20,1048576,2.050,Off,ModifiedOnly,1,41,39,39,39,2,false,298901,749675,2720,10373,3146,2982,4225,8418,8403,32,4193,2934,48,49,6,0.244,0.000,0.000,0.003,0.017,0.011,0.016,0.011,0.009,0.005,0.005,0.007,0.005,0.002,0.002,0.001,0.018,0.015,0.001,0.114
CBT 2024,cbt_2024_official_baseline_v1,Release,D3D12,NVIDIA GeForce RTX 5090 D,Direct3D 12 (feature level 12_0); requested Agility SDK 614; runtime 6.2.26100.8972 (C:\WINDOWS\SYSTEM32\D3D12Core.dll); driver 32.0.15.9186,false,2048,1129,assets/heightmaps/Hm_Terrain_Peking_513.png,547,547,80.000,12.000,20,0.250,0.100,200000,false,17,64,0.270,0.006,-7.212,19.260,57.550,0.434,295170,295170,3530,3530,278,3704,12373,0,0,0,0,0,0,0,0,0,0,0,0,0,0.000,0.070,0.067,0.000,0.000,0.000,0.000,0.000,0.000,0.000,0.000,0.000,0.000,0.000,0.000,0.000,0.000,0.000,0.000,0.000,0.000,0.000,0.000,0.000,0.000,0.000,1.421,0.278,0,428,0.064,0.017,0.015,0.002,20,1048576,2.050,Off,ModifiedOnly,1,42,40,40,40,2,false,295164,753412,3252,9121,3642,3473,3704,7379,7365,29,3675,3427,46,48,9,0.261,0.000,0.000,0.003,0.024,0.012,0.018,0.020,0.009,0.005,0.005,0.007,0.005,0.002,0.002,0.001,0.018,0.015,0.002,0.112
CBT 2024,cbt_2024_official_baseline_v1,Release,D3D12,NVIDIA GeForce RTX 5090 D,Direct3D 12 (feature level 12_0); requested Agility SDK 614; runtime 6.2.26100.8972 (C:\WINDOWS\SYSTEM32\D3D12Core.dll); driver 32.0.15.9186,false,2048,1129,assets/heightmaps/Hm_Terrain_Peking_513.png,547,547,80.000,12.000,20,0.250,0.100,200000,false,18,64,0.286,0.007,-12.906,18.698,56.546,1.703,292893,292893,3710,3710,359,3056,10933,0,0,0,0,0,0,0,0,0,0,0,0,0,0.000,0.038,0.035,0.000,0.000,0.000,0.000,0.000,0.000,0.000,0.000,0.000,0.000,0.000,0.000,0.000,0.000,0.000,0.000,0.000,0.000,0.000,0.000,0.000,0.000,0.000,0.320,0.269,0,428,0.054,0.016,0.015,0.010,20,1048576,2.050,Off,ModifiedOnly,1,43,41,41,41,2,false,292887,755689,3351,7582,3797,3667,3056,6074,6050,38,3018,3632,35,34,9,0.253,0.000,0.000,0.003,0.021,0.011,0.017,0.012,0.009,0.005,0.005,0.006,0.005,0.002,0.002,0.001,0.018,0.015,0.010,0.110
CBT 2024,cbt_2024_official_baseline_v1,Release,D3D12,NVIDIA GeForce RTX 5090 D,Direct3D 12 (feature level 12_0); requested Agility SDK 614; runtime 6.2.26100.8972 (C:\WINDOWS\SYSTEM32\D3D12Core.dll); driver 32.0.15.9186,false,2048,1129,assets/heightmaps/Hm_Terrain_Peking_513.png,547,547,80.000,12.000,20,0.250,0.100,200000,false,19,64,0.302,0.008,-18.472,18.189,54.980,0.496,291703,291703,3988,3988,378,2635,10438,0,0,0,0,0,0,0,0,0,0,0,0,0,0.000,0.034,0.031,0.000,0.000,0.000,0.000,0.000,0.000,0.000,0.000,0.000,0.000,0.000,0.000,0.000,0.000,0.000,0.000,0.000,0.000,0.000,0.000,0.000,0.000,0.000,0.176,0.253,0,428,0.054,0.016,0.014,0.001,20,1048576,2.050,Off,ModifiedOnly,1,44,42,42,42,2,false,291697,756879,3610,6828,4065,3949,2635,5255,5239,15,2620,3916,33,34,5,0.238,0.000,0.000,0.003,0.016,0.012,0.018,0.011,0.008,0.005,0.004,0.006,0.005,0.002,0.002,0.001,0.018,0.014,0.001,0.111
CBT 2024,cbt_2024_official_baseline_v1,Release,D3D12,NVIDIA GeForce RTX 5090 D,Direct3D 12 (feature level 12_0); requested Agility SDK 614; runtime 6.2.26100.8972 (C:\WINDOWS\SYSTEM32\D3D12Core.dll); driver 32.0.15.9186,false,2048,1129,assets/heightmaps/Hm_Terrain_Peking_513.png,547,547,80.000,12.000,20,0.250,0.100,200000,false,20,64,0.317,0.008,-23.855,17.751,52.867,0.333,289331,289331,2856,2856,323,2676,9490,0,0,0,0,0,0,0,0,0,0,0,0,0,0.000,0.033,0.031,0.000,0.000,0.000,0.000,0.000,0.000,0.000,0.000,0.000,0.000,0.000,0.000,0.000,0.000,0.000,0.000,0.000,0.000,0.000,0.000,0.000,0.000,0.000,0.177,0.253,0,428,0.054,0.016,0.014,0.001,20,1048576,2.050,Off,ModifiedOnly,1,45,43,43,43,2,false,289325,759251,2533,6957,2965,2801,2676,5337,5303,15,2661,2754,47,48,7,0.237,0.000,0.000,0.003,0.016,0.012,0.017,0.011,0.009,0.005,0.005,0.006,0.005,0.002,0.002,0.001,0.019,0.013,0.001,0.110
CBT 2024,cbt_2024_official_baseline_v1,Release,D3D12,NVIDIA GeForce RTX 5090 D,Direct3D 12 (feature level 12_0); requested Agility SDK 614; runtime 6.2.26100.8972 (C:\WINDOWS\SYSTEM32\D3D12Core.dll); driver 32.0.15.9186,false,2048,1129,assets/heightmaps/Hm_Terrain_Peking_513.png,547,547,80.000,12.000,20,0.250,0.100,200000,false,21,64,0.333,0.009,-29.000,17.402,50.229,0.333,285940,285940,2795,2795,350,3185,10547,0,0,0,0,0,0,0,0,0,0,0,0,0,0.000,0.033,0.030,0.000,0.000,0.000,0.000,0.000,0.000,0.000,0.000,0.000,0.000,0.000,0.000,0.000,0.000,0.000,0.000,0.000,0.000,0.000,0.000,0.000,0.000,0.000,0.174,0.247,0,428,0.053,0.016,0.014,0.001,20,1048576,2.050,Off,ModifiedOnly,1,46,44,44,44,2,false,285934,762642,2445,8102,2943,2721,3185,6334,6313,36,3149,2659,62,62,12,0.233,0.000,0.000,0.003,0.016,0.012,0.017,0.011,0.009,0.005,0.005,0.006,0.005,0.002,0.002,0.001,0.018,0.014,0.001,0.107
CBT 2024,cbt_2024_official_baseline_v1,Release,D3D12,NVIDIA GeForce RTX 5090 D,Direct3D 12 (feature level 12_0); requested Agility SDK 614; runtime 6.2.26100.8972 (C:\WINDOWS\SYSTEM32\D3D12Core.dll); driver 32.0.15.9186,false,2048,1129,assets/heightmaps/Hm_Terrain_Peking_513.png,547,547,80.000,12.000,20,0.250,0.100,200000,false,22,64,0.349,0.009,-33.857,17.156,47.092,0.330,283287,283287,3099,3099,328,2975,10368,0,0,0,0,0,0,0,0,0,0,0,0,0,0.000,0.033,0.030,0.000,0.000,0.000,0.000,0.000,0.000,0.000,0.000,0.000,0.000,0.000,0.000,0.000,0.000,0.000,0.000,0.000,0.000,0.000,0.000,0.000,0.000,0.000,0.174,0.249,0,428,0.056,0.016,0.014,0.001,20,1048576,2.050,Off,ModifiedOnly,1,47,45,45,45,2,false,283281,765295,2771,7597,3281,3006,2975,5934,5903,16,2959,2929,77,81,12,0.234,0.000,0.000,0.003,0.016,0.013,0.017,0.011,0.009,0.005,0.004,0.006,0.005,0.002,0.002,0.001,0.018,0.014,0.001,0.107
CBT 2024,cbt_2024_official_baseline_v1,Release,D3D12,NVIDIA GeForce RTX 5090 D,Direct3D 12 (feature level 12_0); requested Agility SDK 614; runtime 6.2.26100.8972 (C:\WINDOWS\SYSTEM32\D3D12Core.dll); driver 32.0.15.9186,false,2048,1129,assets/heightmaps/Hm_Terrain_Peking_513.png,547,547,80.000,12.000,20,0.250,0.100,200000,false,23,64,0.365,0.009,-38.378,17.023,43.487,0.327,279570,279570,3089,3089,271,3518,11577,0,0,0,0,0,0,0,0,0,0,0,0,0,0.000,0.032,0.030,0.000,0.000,0.000,0.000,0.000,0.000,0.000,0.000,0.000,0.000,0.000,0.000,0.000,0.000,0.000,0.000,0.000,0.000,0.000,0.000,0.000,0.000,0.000,0.174,0.245,0,428,0.053,0.016,0.015,0.001,20,1048576,2.050,Off,ModifiedOnly,1,48,46,46,46,2,false,279564,769012,2818,8759,3292,2988,3518,7009,6989,27,3491,2898,90,89,12,0.229,0.000,0.000,0.003,0.016,0.012,0.016,0.011,0.009,0.005,0.004,0.006,0.005,0.002,0.002,0.001,0.017,0.015,0.001,0.103
CBT 2024,cbt_2024_official_baseline_v1,Release,D3D12,NVIDIA GeForce RTX 5090 D,Direct3D 12 (feature level 12_0); requested Agility SDK 614; runtime 6.2.26100.8972 (C:\WINDOWS\SYSTEM32\D3D12Core.dll); driver 32.0.15.9186,false,2048,1129,assets/heightmaps/Hm_Terrain_Peking_513.png,547,547,80.000,12.000,20,0.250,0.100,200000,false,24,64,0.381,0.010,-42.517,17.008,39.450,0.324,278664,278664,5300,5300,481,3233,12867,0,0,0,0,0,0,0,0,0,0,0,0,0,0.000,0.032,0.030,0.000,0.000,0.000,0.000,0.000,0.000,0.000,0.000,0.000,0.000,0.000,0.000,0.000,0.000,0.000,0.000,0.000,0.000,0.000,0.000,0.000,0.000,0.000,0.186,0.245,0,428,0.052,0.016,0.017,0.001,20,1048576,2.050,Off,ModifiedOnly,1,49,47,47,47,2,false,278658,769918,4819,8048,5540,5178,3233,6446,6428,20,3213,5068,110,114,8,0.230,0.000,0.000,0.003,0.017,0.012,0.016,0.011,0.009,0.005,0.005,0.006,0.005,0.002,0.002,0.001,0.018,0.017,0.001,0.101
CBT 2024,cbt_2024_official_baseline_v1,Release,D3D12,NVIDIA GeForce RTX 5090 D,Direct3D 12 (feature level 12_0); requested Agility SDK 614; runtime 6.2.26100.8972 (C:\WINDOWS\SYSTEM32\D3D12Core.dll); driver 32.0.15.9186,false,2048,1129,assets/heightmaps/Hm_Terrain_Peking_513.png,547,547,80.000,12.000,20,0.250,0.100,200000,false,25,64,0.397,0.010,-46.234,17.112,35.021,0.336,281050,281050,7137,7137,502,2534,13444,0,0,0,0,0,0,0,0,0,0,0,0,0,0.000,0.032,0.030,0.000,0.000,0.000,0.000,0.000,0.000,0.000,0.000,0.000,0.000,0.000,0.000,0.000,0.000,0.000,0.000,0.000,0.000,0.000,0.000,0.000,0.000,0.000,0.181,0.250,0,428,0.055,0.016,0.018,0.001,20,1048576,2.050,Off,ModifiedOnly,1,50,48,48,48,2,false,281044,767532,6635,6809,7430,6991,2534,5044,5018,24,2510,6864,127,126,20,0.234,0.000,0.000,0.003,0.016,0.012,0.018,0.011,0.009,0.005,0.005,0.006,0.005,0.002,0.002,0.001,0.018,0.018,0.001,0.101
CBT 2024,cbt_2024_official_baseline_v1,Release,D3D12,NVIDIA GeForce RTX 5090 D,Direct3D 12 (feature level 12_0); requested Agility SDK 614; runtime 6.2.26100.8972 (C:\WINDOWS\SYSTEM32\D3D12Core.dll); driver 32.0.15.9186,false,2048,1129,assets/heightmaps/Hm_Terrain_Peking_513.png,547,547,80.000,12.000,20,0.250,0.100,200000,false,26,64,0.413,0.010,-49.491,17.330,30.243,0.335,280836,280836,6086,6086,443,3320,14071,0,0,0,0,0,0,0,0,0,0,0,0,0,0.000,0.032,0.030,0.000,0.000,0.000,0.000,0.000,0.000,0.000,0.000,0.000,0.000,0.000,0.000,0.000,0.000,0.000,0.000,0.000,0.000,0.000,0.000,0.000,0.000,0.000,0.178,0.251,0,428,0.055,0.016,0.018,0.002,20,1048576,2.050,Off,ModifiedOnly,1,51,49,49,49,2,false,280830,767746,5643,8428,6404,5925,3320,6618,6596,22,3298,5782,143,147,14,0.235,0.000,0.000,0.003,0.016,0.012,0.018,0.011,0.009,0.005,0.005,0.006,0.005,0.002,0.002,0.001,0.018,0.018,0.002,0.102
CBT 2024,cbt_2024_official_baseline_v1,Release,D3D12,NVIDIA GeForce RTX 5090 D,Direct3D 12 (feature level 12_0); requested Agility SDK 614; runtime 6.2.26100.8972 (C:\WINDOWS\SYSTEM32\D3D12Core.dll); driver 32.0.15.9186,false,2048,1129,assets/heightmaps/Hm_Terrain_Peking_513.png,547,547,80.000,12.000,20,0.250,0.100,200000,false,27,64,0.429,0.011,-52.256,17.655,25.165,0.330,280914,280914,5552,5552,575,2910,12376,0,0,0,0,0,0,0,0,0,0,0,0,0,0.000,0.032,0.030,0.000,0.000,0.000,0.000,0.000,0.000,0.000,0.000,0.000,0.000,0.000,0.000,0.000,0.000,0.000,0.000,0.000,0.000,0.000,0.000,0.000,0.000,0.000,0.177,0.249,0,428,0.055,0.015,0.016,0.001,20,1048576,2.050,Off,ModifiedOnly,1,52,50,50,50,2,false,280908,767668,4977,7399,5882,5388,2910,5804,5772,16,2894,5245,143,141,23,0.233,0.000,0.000,0.003,0.017,0.013,0.017,0.010,0.009,0.005,0.004,0.006,0.005,0.002,0.002,0.001,0.018,0.016,0.001,0.101
CBT 2024,cbt_2024_official_baseline_v1,Release,D3D12,NVIDIA GeForce RTX 5090 D,Direct3D 12 (feature level 12_0); requested Agility SDK 614; runtime 6.2.26100.8972 (C:\WINDOWS\SYSTEM32\D3D12Core.dll); driver 32.0.15.9186,false,2048,1129,assets/heightmaps/Hm_Terrain_Peking_513.png,547,547,80.000,12.000,20,0.250,0.100,200000,false,28,64,0.444,0.011,-54.502,18.072,19.837,0.326,283576,283576,6719,6719,588,2192,11868,0,0,0,0,0,0,0,0,0,0,0,0,0,0.000,0.032,0.030,0.000,0.000,0.000,0.000,0.000,0.000,0.000,0.000,0.000,0.000,0.000,0.000,0.000,0.000,0.000,0.000,0.000,0.000,0.000,0.000,0.000,0.000,0.000,0.183,0.252,0,428,0.054,0.015,0.018,0.001,20,1048576,2.050,Off,ModifiedOnly,1,53,51,51,51,2,false,283570,765006,6131,5737,7012,6571,2192,4350,4342,34,2158,6457,114,117,31,0.236,0.000,0.000,0.003,0.016,0.012,0.018,0.010,0.009,0.005,0.005,0.006,0.005,0.002,0.002,0.001,0.019,0.018,0.001,0.104
CBT 2024,cbt_2024_official_baseline_v1,Release,D3D12,NVIDIA GeForce RTX 5090 D,Direct3D 12 (feature level 12_0); requested Agility SDK 614; runtime 6.2.26100.8972 (C:\WINDOWS\SYSTEM32\D3D12Core.dll); driver 32.0.15.9186,false,2048,1129,assets/heightmaps/Hm_Terrain_Peking_513.png,547,547,80.000,12.000,20,0.250,0.100,200000,false,29,64,0.460,0.011,-56.206,18.565,14.312,0.333,286706,286706,6099,6099,585,1611,10059,0,0,0,0,0,0,0,0,0,0,0,0,0,0.000,0.032,0.029,0.000,0.000,0.000,0.000,0.000,0.000,0.000,0.000,0.000,0.000,0.000,0.000,0.000,0.000,0.000,0.000,0.000,0.000,0.000,0.000,0.000,0.000,0.000,0.184,0.252,0,428,0.055,0.015,0.016,0.002,20,1048576,2.050,Off,ModifiedOnly,1,54,52,52,52,2,false,286700,761876,5514,4545,6340,5978,1611,3210,3197,12,1599,5880,98,99,22,0.237,0.000,0.000,0.003,0.016,0.012,0.018,0.010,0.009,0.005,0.005,0.006,0.005,0.002,0.002,0.001,0.018,0.016,0.002,0.107
CBT 2024,cbt_2024_official_baseline_v1,Release,D3D12,NVIDIA GeForce RTX 5090 D,Direct3D 12 (feature level 12_0); requested Agility SDK 614; runtime 6.2.26100.8972 (C:\WINDOWS\SYSTEM32\D3D12Core.dll); driver 32.0.15.9186,false,2048,1129,assets/heightmaps/Hm_Terrain_Peking_513.png,547,547,80.000,12.000,20,0.250,0.100,200000,false,30,64,0.476,0.012,-57.352,19.116,8.644,0.337,289760,289760,6008,6008,620,1593,9865,0,0,0,0,0,0,0,0,0,0,0,0,0,0.000,0.032,0.030,0.000,0.000,0.000,0.000,0.000,0.000,0.000,0.000,0.000,0.000,0.000,0.000,0.000,0.000,0.000,0.000,0.000,0.000,0.000,0.000,0.000,0.000,0.000,0.178,0.252,0,428,0.053,0.016,0.016,0.001,20,1048576,2.050,Off,ModifiedOnly,1,55,53,53,53,2,false,289754,758822,5388,4477,6219,5902,1593,3165,3145,21,1572,5827,75,76,30,0.237,0.000,0.000,0.003,0.016,0.012,0.016,0.011,0.009,0.005,0.004,0.006,0.005,0.002,0.002,0.001,0.018,0.016,0.001,0.109
CBT 2024,cbt_2024_official_baseline_v1,Release,D3D12,NVIDIA GeForce RTX 5090 D,Direct3D 12 (feature level 12_0); requested Agility SDK 614; runtime 6.2.26100.8972 (C:\WINDOWS\SYSTEM32\D3D12Core.dll); driver 32.0.15.9186,false,2048,1129,assets/heightmaps/Hm_Terrain_Peking_513.png,547,547,80.000,12.000,20,0.250,0.100,200000,false,31,64,0.492,0.012,-57.928,19.701,2.891,0.329,291476,291476,4985,4985,499,1720,9301,0,0,0,0,0,0,0,0,0,0,0,0,0,0.000,0.033,0.030,0.000,0.000,0.000,0.000,0.000,0.000,0.000,0.000,0.000,0.000,0.000,0.000,0.000,0.000,0.000,0.000,0.000,0.000,0.000,0.000,0.000,0.000,0.000,0.184,0.255,0,428,0.055,0.016,0.014,0.001,20,1048576,2.050,Off,ModifiedOnly,1,56,54,54,54,2,false,291470,757106,4486,4815,5124,4912,1720,3408,3392,32,1688,4863,49,56,17,0.239,0.000,0.000,0.003,0.016,0.013,0.017,0.011,0.009,0.005,0.005,0.006,0.005,0.002,0.002,0.001,0.018,0.014,0.001,0.111
CBT 2024,cbt_2024_official_baseline_v1,Release,D3D12,NVIDIA GeForce RTX 5090 D,Direct3D 12 (feature level 12_0); requested Agility SDK 614; runtime 6.2.26100.8972 (C:\WINDOWS\SYSTEM32\D3D12Core.dll); driver 32.0.15.9186,false,2048,1129,assets/heightmaps/Hm_Terrain_Peking_513.png,547,547,80.000,12.000,20,0.250,0.100,200000,false,32,64,0.508,0.012,-57.928,20.299,-2.891,0.333,292270,292270,4219,4219,479,1794,8689,0,0,0,0,0,0,0,0,0,0,0,0,0,0.000,0.032,0.029,0.000,0.000,0.000,0.000,0.000,0.000,0.000,0.000,0.000,0.000,0.000,0.000,0.000,0.000,0.000,0.000,0.000,0.000,0.000,0.000,0.000,0.000,0.000,0.187,0.255,0,428,0.054,0.015,0.016,0.001,20,1048576,2.050,Off,ModifiedOnly,1,57,55,55,55,2,false,292264,756312,3740,4949,4358,4152,1794,3564,3546,24,1770,4093,59,54,13,0.240,0.000,0.000,0.003,0.015,0.013,0.017,0.010,0.009,0.005,0.004,0.006,0.005,0.002,0.002,0.001,0.018,0.015,0.001,0.111
CBT 2024,cbt_2024_official_baseline_v1,Release,D3D12,NVIDIA GeForce RTX 5090 D,Direct3D 12 (feature level 12_0); requested Agility SDK 614; runtime 6.2.26100.8972 (C:\WINDOWS\SYSTEM32\D3D12Core.dll); driver 32.0.15.9186,false,2048,1129,assets/heightmaps/Hm_Terrain_Peking_513.png,547,547,80.000,12.000,20,0.250,0.100,200000,false,33,64,0.524,0.013,-57.352,20.884,-8.644,0.335,294591,294591,5386,5386,525,1629,9414,0,0,0,0,0,0,0,0,0,0,0,0,0,0.000,0.032,0.030,0.000,0.000,0.000,0.000,0.000,0.000,0.000,0.000,0.000,0.000,0.000,0.000,0.000,0.000,0.000,0.000,0.000,0.000,0.000,0.000,0.000,0.000,0.000,0.181,0.256,0,428,0.053,0.016,0.016,0.001,20,1048576,2.050,Off,ModifiedOnly,1,58,56,56,56,2,false,294585,753991,4861,4553,5560,5295,1629,3239,3222,19,1610,5226,69,77,14,0.241,0.000,0.000,0.003,0.016,0.012,0.017,0.010,0.008,0.005,0.005,0.006,0.005,0.002,0.002,0.001,0.018,0.016,0.001,0.113
CBT 2024,cbt_2024_official_baseline_v1,Release,D3D12,NVIDIA GeForce RTX 5090 D,Direct3D 12 (feature level 12_0); requested Agility SDK 614; runtime 6.2.26100.8972 (C:\WINDOWS\SYSTEM32\D3D12Core.dll); driver 32.0.15.9186,false,2048,1129,assets/heightmaps/Hm_Terrain_Peking_513.png,547,547,80.000,12.000,20,0.250,0.100,200000,false,34,64,0.540,0.013,-56.206,21.435,-14.312,0.330,296609,296609,4403,4403,501,1299,7736,0,0,0,0,0,0,0,0,0,0,0,0,0,0.000,0.032,0.029,0.000,0.000,0.000,0.000,0.000,0.000,0.000,0.000,0.000,0.000,0.000,0.000,0.000,0.000,0.000,0.000,0.000,0.000,0.000,0.000,0.000,0.000,0.000,0.189,0.256,0,428,0.055,0.016,0.013,0.001,20,1048576,2.050,Off,ModifiedOnly,1,59,57,57,57,2,false,296603,751973,3902,3834,4599,4305,1299,2581,2574,17,1282,4228,77,77,21,0.241,0.000,0.000,0.003,0.015,0.012,0.019,0.011,0.008,0.005,0.004,0.006,0.005,0.002,0.002,0.001,0.018,0.013,0.001,0.113
CBT 2024,cbt_2024_official_baseline_v1,Release,D3D12,NVIDIA GeForce RTX 5090 D,Direct3D 12 (feature level 12_0); requested Agility SDK 614; runtime 6.2.26100.8972 (C:\WINDOWS\SYSTEM32\D3D12Core.dll); driver 32.0.15.9186,false,2048,1129,assets/heightmaps/Hm_Terrain_Peking_513.png,547,547,80.000,12.000,20,0.250,0.100,200000,false,35,64,0.556,0.013,-54.502,21.928,-19.837,0.350,297693,297693,4011,4011,562,1570,7837,0,0,0,0,0,0,0,0,0,0,0,0,0,0.000,0.032,0.030,0.000,0.000,0.000,0.000,0.000,0.000,0.000,0.000,0.000,0.000,0.000,0.000,0.000,0.000,0.000,0.000,0.000,0.000,0.000,0.000,0.000,0.000,0.000,0.180,0.257,0,428,0.055,0.015,0.013,0.001,20,1048576,2.050,Off,ModifiedOnly,1,60,58,58,58,2,false,297687,750889,3449,4388,4222,3908,1570,3138,3109,2,1568,3821,87,82,21,0.241,0.000,0.000,0.003,0.016,0.013,0.018,0.011,0.008,0.005,0.004,0.006,0.005,0.002,0.002,0.001,0.017,0.013,0.001,0.115
CBT 2024,cbt_2024_official_baseline_v1,Release,D3D12,NVIDIA GeForce RTX 5090 D,Direct3D 12 (feature level 12_0); requested Agility SDK 614; runtime 6.2.26100.8972 (C:\WINDOWS\SYSTEM32\D3D12Core.dll); driver 32.0.15.9186,false,2048,1129,assets/heightmaps/Hm_Terrain_Peking_513.png,547,547,80.000,12.000,20,0.250,0.100,200000,false,36,64,0.571,0.014,-52.256,22.345,-25.165,0.330,298358,298358,4572,4572,600,2073,9391,0,0,0,0,0,0,0,0,0,0,0,0,0,0.000,0.032,0.030,0.000,0.000,0.000,0.000,0.000,0.000,0.000,0.000,0.000,0.000,0.000,0.000,0.000,0.000,0.000,0.000,0.000,0.000,0.000,0.000,0.000,0.000,0.000,0.192,0.258,0,428,0.054,0.016,0.014,0.001,20,1048576,2.050,Off,ModifiedOnly,1,61,59,59,59,2,false,298352,750224,3972,5419,4786,4464,2073,4121,4086,25,2048,4372,92,94,14,0.242,0.000,0.000,0.003,0.016,0.013,0.017,0.011,0.009,0.005,0.004,0.006,0.006,0.002,0.002,0.001,0.019,0.014,0.001,0.114
CBT 2024,cbt_2024_official_baseline_v1,Release,D3D12,NVIDIA GeForce RTX 5090 D,Direct3D 12 (feature level 12_0); requested Agility SDK 614; runtime 6.2.26100.8972 (C:\WINDOWS\SYSTEM32\D3D12Core.dll); driver 32.0.15.9186,false,2048,1129,assets/heightmaps/Hm_Terrain_Peking_513.png,547,547,80.000,12.000,20,0.250,0.100,200000,false,37,64,0.587,0.014,-49.491,22.670,-30.243,0.340,300204,300204,6295,6295,820,2372,11457,0,0,0,0,0,0,0,0,0,0,0,0,0,0.000,0.032,0.029,0.000,0.000,0.000,0.000,0.000,0.000,0.000,0.000,0.000,0.000,0.000,0.000,0.000,0.000,0.000,0.000,0.000,0.000,0.000,0.000,0.000,0.000,0.000,0.197,0.262,0,428,0.056,0.016,0.017,0.001,20,1048576,2.050,Off,ModifiedOnly,1,62,60,60,60,2,false,300198,748378,5475,5982,6560,6164,2372,4714,4692,30,2342,6060,104,101,30,0.246,0.000,0.000,0.003,0.016,0.014,0.018,0.011,0.009,0.005,0.004,0.006,0.005,0.002,0.002,0.001,0.018,0.017,0.001,0.113
CBT 2024,cbt_2024_official_baseline_v1,Release,D3D12,NVIDIA GeForce RTX 5090 D,Direct3D 12 (feature level 12_0); requested Agility SDK 614; runtime 6.2.26100.8972 (C:\WINDOWS\SYSTEM32\D3D12Core.dll); driver 32.0.15.9186,false,2048,1129,assets/heightmaps/Hm_Terrain_Peking_513.png,547,547,80.000,12.000,20,0.250,0.100,200000,false,38,64,0.603,0.014,-46.234,22.888,-35.021,0.343,302313,302313,6262,6262,822,2229,11079,0,0,0,0,0,0,0,0,0,0,0,0,0,0.000,0.033,0.030,0.000,0.000,0.000,0.000,0.000,0.000,0.000,0.000,0.000,0.000,0.000,0.000,0.000,0.000,0.000,0.000,0.000,0.000,0.000,0.000,0.000,0.000,0.000,0.207,0.262,0,428,0.057,0.016,0.017,0.001,20,1048576,2.050,Off,ModifiedOnly,1,63,61,61,61,2,false,302307,746269,5440,5639,6554,6115,2229,4445,4426,13,2216,5993,122,124,23,0.247,0.000,0.000,0.003,0.016,0.014,0.019,0.011,0.008,0.005,0.004,0.006,0.005,0.002,0.002,0.002,0.019,0.017,0.001,0.112
CBT 2024,cbt_2024_official_baseline_v1,Release,D3D12,NVIDIA GeForce RTX 5090 D,Direct3D 12 (feature level 12_0); requested Agility SDK 614; runtime 6.2.26100.8972 (C:\WINDOWS\SYSTEM32\D3D12Core.dll); driver 32.0.15.9186,false,2048,1129,assets/heightmaps/Hm_Terrain_Peking_513.png,547,547,80.000,12.000,20,0.250,0.100,200000,false,39,64,0.619,0.015,-42.517,22.992,-39.450,0.359,303957,303957,6086,6086,644,2399,11519,0,0,0,0,0,0,0,0,0,0,0,0,0,0.000,0.033,0.030,0.000,0.000,0.000,0.000,0.000,0.000,0.000,0.000,0.000,0.000,0.000,0.000,0.000,0.000,0.000,0.000,0.000,0.000,0.000,0.000,0.000,0.000,0.000,0.198,0.268,0,428,0.059,0.016,0.020,0.002,20,1048576,2.050,Off,ModifiedOnly,1,64,62,62,62,2,false,303951,744625,5442,6077,6424,5916,2399,4780,4768,18,2381,5773,143,145,25,0.252,0.000,0.000,0.003,0.016,0.014,0.020,0.011,0.009,0.005,0.004,0.006,0.005,0.002,0.002,0.001,0.019,0.020,0.002,0.113
CBT 2024,cbt_2024_official_baseline_v1,Release,D3D12,NVIDIA GeForce RTX 5090 D,Direct3D 12 (feature level 12_0); requested Agility SDK 614; runtime 6.2.26100.8972 (C:\WINDOWS\SYSTEM32\D3D12Core.dll); driver 32.0.15.9186,false,2048,1129,assets/heightmaps/Hm_Terrain_Peking_513.png,547,547,80.000,12.000,20,0.250,0.100,200000,false,40,64,0.635,0.015,-38.378,22.977,-43.487,0.349,304088,304088,5121,5121,647,2689,11014,0,0,0,0,0,0,0,0,0,0,0,0,0,0.000,0.032,0.029,0.000,0.000,0.000,0.000,0.000,0.000,0.000,0.000,0.000,0.000,0.000,0.000,0.000,0.000,0.000,0.000,0.000,0.000,0.000,0.000,0.000,0.000,0.000,0.223,0.260,0,428,0.056,0.015,0.016,0.001,20,1048576,2.050,Off,ModifiedOnly,1,65,63,63,63,2,false,304082,744494,4474,6540,5499,4933,2689,5368,5339,10,2679,4764,169,167,21,0.244,0.000,0.000,0.003,0.015,0.014,0.017,0.011,0.009,0.005,0.004,0.006,0.005,0.002,0.002,0.001,0.019,0.016,0.001,0.113
CBT 2024,cbt_2024_official_baseline_v1,Release,D3D12,NVIDIA GeForce RTX 5090 D,Direct3D 12 (feature level 12_0); requested Agility SDK 614; runtime 6.2.26100.8972 (C:\WINDOWS\SYSTEM32\D3D12Core.dll); driver 32.0.15.9186,false,2048,1129,assets/heightmaps/Hm_Terrain_Peking_513.png,547,547,80.000,12.000,20,0.250,0.100,200000,false,41,64,0.651,0.015,-33.857,22.844,-47.092,0.373,304185,304185,4762,4762,500,2536,10402,0,0,0,0,0,0,0,0,0,0,0,0,0,0.000,0.032,0.029,0.000,0.000,0.000,0.000,0.000,0.000,0.000,0.000,0.000,0.000,0.000,0.000,0.000,0.000,0.000,0.000,0.000,0.000,0.000,0.000,0.000,0.000,0.000,0.186,0.256,0,428,0.055,0.015,0.015,0.001,20,1048576,2.050,Off,ModifiedOnly,1,66,64,64,64,2,false,304179,744397,4262,6140,5159,4563,2536,5062,5031,10,2526,4387,176,177,22,0.240,0.000,0.000,0.003,0.016,0.012,0.018,0.011,0.009,0.005,0.004,0.006,0.005,0.002,0.002,0.001,0.018,0.015,0.001,0.111
CBT 2024,cbt_2024_official_baseline_v1,Release,D3D12,NVIDIA GeForce RTX 5090 D,Direct3D 12 (feature level 12_0); requested Agility SDK 614; runtime 6.2.26100.8972 (C:\WINDOWS\SYSTEM32\D3D12Core.dll); driver 32.0.15.9186,false,2048,1129,assets/heightmaps/Hm_Terrain_Peking_513.png,547,547,80.000,12.000,20,0.250,0.100,200000,false,42,64,0.667,0.016,-29.000,22.598,-50.229,0.334,305022,305022,4740,4740,423,2144,9612,0,0,0,0,0,0,0,0,0,0,0,0,0,0.000,0.032,0.029,0.000,0.000,0.000,0.000,0.000,0.000,0.000,0.000,0.000,0.000,0.000,0.000,0.000,0.000,0.000,0.000,0.000,0.000,0.000,0.000,0.000,0.000,0.000,0.187,0.255,0,428,0.053,0.016,0.014,0.001,20,1048576,2.050,Off,ModifiedOnly,1,67,65,65,65,2,false,305016,743560,4317,5295,5115,4553,2144,4278,4266,10,2134,4379,174,173,14,0.239,0.000,0.000,0.003,0.015,0.012,0.017,0.011,0.009,0.005,0.004,0.006,0.005,0.002,0.002,0.001,0.019,0.014,0.001,0.112
CBT 2024,cbt_2024_official_baseline_v1,Release,D3D12,NVIDIA GeForce RTX 5090 D,Direct3D 12 (feature level 12_0); requested Agility SDK 614; runtime 6.2.26100.8972 (C:\WINDOWS\SYSTEM32\D3D12Core.dll); driver 32.0.15.9186,false,2048,1129,assets/heightmaps/Hm_Terrain_Peking_513.png,547,547,80.000,12.000,20,0.250,0.100,200000,false,43,64,0.683,0.016,-23.855,22.249,-52.867,0.342,305958,305958,4206,4206,296,1815,8544,0,0,0,0,0,0,0,0,0,0,0,0,0,0.000,0.034,0.031,0.000,0.000,0.000,0.000,0.000,0.000,0.000,0.000,0.000,0.000,0.000,0.000,0.000,0.000,0.000,0.000,0.000,0.000,0.000,0.000,0.000,0.000,0.000,0.179,0.254,0,428,0.053,0.015,0.013,0.001,20,1048576,2.050,Off,ModifiedOnly,1,68,66,66,66,2,false,305952,742624,3910,4634,4552,4033,1815,3616,3607,14,1801,3870,163,163,10,0.239,0.000,0.000,0.003,0.016,0.012,0.016,0.010,0.009,0.005,0.004,0.006,0.005,0.002,0.002,0.001,0.018,0.013,0.001,0.114
CBT 2024,cbt_2024_official_baseline_v1,Release,D3D12,NVIDIA GeForce RTX 5090 D,Direct3D 12 (feature level 12_0); requested Agility SDK 614; runtime 6.2.26100.8972 (C:\WINDOWS\SYSTEM32\D3D12Core.dll); driver 32.0.15.9186,false,2048,1129,assets/heightmaps/Hm_Terrain_Peking_513.png,547,547,80.000,12.000,20,0.250,0.100,200000,false,44,64,0.698,0.016,-18.472,21.811,-54.980,0.337,306848,306848,4573,4573,458,2007,9192,0,0,0,0,0,0,0,0,0,0,0,0,0,0.000,0.032,0.030,0.000,0.000,0.000,0.000,0.000,0.000,0.000,0.000,0.000,0.000,0.000,0.000,0.000,0.000,0.000,0.000,0.000,0.000,0.000,0.000,0.000,0.000,0.000,0.178,0.257,0,428,0.054,0.015,0.014,0.002,20,1048576,2.050,Off,ModifiedOnly,1,69,67,67,67,2,false,306842,741734,4115,5077,4886,4418,2007,3996,3987,18,1989,4272,146,143,12,0.241,0.000,0.000,0.003,0.016,0.012,0.017,0.010,0.009,0.005,0.004,0.006,0.005,0.002,0.002,0.001,0.019,0.014,0.002,0.114
CBT 2024,cbt_2024_official_baseline_v1,Release,D3D12,NVIDIA GeForce RTX 5090 D,Direct3D 12 (feature level 12_0); requested Agility SDK 614; runtime 6.2.26100.8972 (C:\WINDOWS\SYSTEM32\D3D12Core.dll); driver 32.0.15.9186,false,2048,1129,assets/heightmaps/Hm_Terrain_Peking_513.png,547,547,80.000,12.000,20,0.250,0.100,200000,false,45,64,0.714,0.017,-12.906,21.302,-56.546,0.335,308063,308063,5158,5158,513,2108,9944,0,0,0,0,0,0,0,0,0,0,0,0,0,0.000,0.032,0.030,0.000,0.000,0.000,0.000,0.000,0.000,0.000,0.000,0.000,0.000,0.000,0.000,0.000,0.000,0.000,0.000,0.000,0.000,0.000,0.000,0.000,0.000,0.000,0.187,0.257,0,428,0.053,0.015,0.014,0.001,20,1048576,2.050,Off,ModifiedOnly,1,70,68,68,68,2,false,308057,740519,4645,5299,5407,5033,2108,4192,4176,24,2084,4919,114,115,10,0.242,0.000,0.000,0.003,0.016,0.012,0.017,0.010,0.009,0.005,0.004,0.006,0.005,0.002,0.002,0.001,0.018,0.014,0.001,0.115
CBT 2024,cbt_2024_official_baseline_v1,Release,D3D12,NVIDIA GeForce RTX 5090 D,Direct3D 12 (feature level 12_0); requested Agility SDK 614; runtime 6.2.26100.8972 (C:\WINDOWS\SYSTEM32\D3D12Core.dll); driver 32.0.15.9186,false,2048,1129,assets/heightmaps/Hm_Terrain_Peking_513.png,547,547,80.000,12.000,20,0.250,0.100,200000,false,46,64,0.730,0.017,-7.212,20.740,-57.550,0.335,306746,306746,3542,3542,351,2521,9406,0,0,0,0,0,0,0,0,0,0,0,0,0,0.000,0.032,0.030,0.000,0.000,0.000,0.000,0.000,0.000,0.000,0.000,0.000,0.000,0.000,0.000,0.000,0.000,0.000,0.000,0.000,0.000,0.000,0.000,0.000,0.000,0.000,0.188,0.256,0,428,0.052,0.016,0.013,0.001,20,1048576,2.050,Off,ModifiedOnly,1,71,69,69,69,2,false,306740,741836,3191,6215,3703,3462,2521,5020,5003,22,2499,3387,75,74,6,0.240,0.000,0.000,0.002,0.016,0.011,0.016,0.011,0.009,0.005,0.004,0.006,0.005,0.002,0.002,0.001,0.018,0.013,0.001,0.116
CBT 2024,cbt_2024_official_baseline_v1,Release,D3D12,NVIDIA GeForce RTX 5090 D,Direct3D 12 (feature level 12_0); requested Agility SDK 614; runtime 6.2.26100.8972 (C:\WINDOWS\SYSTEM32\D3D12Core.dll); driver 32.0.15.9186,false,2048,1129,assets/heightmaps/Hm_Terrain_Peking_513.png,547,547,80.000,12.000,20,0.250,0.100,200000,false,47,64,0.746,0.017,-1.446,20.150,-57.982,0.340,303012,303012,2447,2447,355,3166,9543,0,0,0,0,0,0,0,0,0,0,0,0,0,0.000,0.032,0.030,0.000,0.000,0.000,0.000,0.000,0.000,0.000,0.000,0.000,0.000,0.000,0.000,0.000,0.000,0.000,0.000,0.000,0.000,0.000,0.000,0.000,0.000,0.000,0.182,0.254,0,428,0.052,0.016,0.012,0.001,20,1048576,2.050,Off,ModifiedOnly,1,72,70,70,70,2,false,303006,745570,2092,7451,2569,2385,3166,6303,6282,29,3137,2330,55,57,5,0.238,0.000,0.000,0.003,0.016,0.011,0.016,0.010,0.009,0.005,0.004,0.006,0.005,0.002,0.002,0.001,0.018,0.012,0.001,0.114
CBT 2024,cbt_2024_official_baseline_v1,Release,D3D12,NVIDIA GeForce RTX 5090 D,Direct3D 12 (feature level 12_0); requested Agility SDK 614; runtime 6.2.26100.8972 (C:\WINDOWS\SYSTEM32\D3D12Core.dll); driver 32.0.15.9186,false,2048,1129,assets/heightmaps/Hm_Terrain_Peking_513.png,547,547,80.000,12.000,20,0.250,0.100,200000,false,48,64,0.762,0.018,4.334,19.553,-57.838,0.332,301166,301166,2404,2404,351,2196,7530,0,0,0,0,0,0,0,0,0,0,0,0,0,0.000,0.038,0.035,0.000,0.000,0.000,0.000,0.000,0.000,0.000,0.000,0.000,0.000,0.000,0.000,0.000,0.000,0.000,0.000,0.000,0.000,0.000,0.000,0.000,0.000,0.000,0.197,0.254,0,428,0.052,0.016,0.012,0.001,20,1048576,2.050,Off,ModifiedOnly,1,73,71,71,71,2,false,301160,747416,2053,5477,2523,2346,2196,4369,4346,23,2173,2289,57,54,4,0.238,0.000,0.000,0.003,0.016,0.012,0.016,0.011,0.009,0.005,0.005,0.006,0.005,0.002,0.002,0.001,0.018,0.012,0.001,0.115
CBT 2024,cbt_2024_official_baseline_v1,Release,D3D12,NVIDIA GeForce RTX 5090 D,Direct3D 12 (feature level 12_0); requested Agility SDK 614; runtime 6.2.26100.8972 (C:\WINDOWS\SYSTEM32\D3D12Core.dll); driver 32.0.15.9186,false,2048,1129,assets/heightmaps/Hm_Terrain_Peking_513.png,547,547,80.000,12.000,20,0.250,0.100,200000,false,49,64,0.778,0.018,10.072,18.974,-57.119,0.383,299280,299280,2959,2959,433,2504,8835,0,0,0,0,0,0,0,0,0,0,0,0,0,0.000,0.034,0.031,0.000,0.000,0.000,0.000,0.000,0.000,0.000,0.000,0.000,0.000,0.000,0.000,0.000,0.000,0.000,0.000,0.000,0.000,0.000,0.000,0.000,0.000,0.000,0.161,0.254,0,428,0.053,0.016,0.013,0.001,20,1048576,2.050,Off,ModifiedOnly,1,74,72,72,72,2,false,299274,749302,2526,6309,3097,2889,2504,4983,4965,25,2479,2834,55,57,13,0.239,0.000,0.000,0.003,0.016,0.012,0.016,0.011,0.009,0.005,0.004,0.006,0.005,0.002,0.002,0.001,0.018,0.013,0.001,0.113
CBT 2024,cbt_2024_official_baseline_v1,Release,D3D12,NVIDIA GeForce RTX 5090 D,Direct3D 12 (feature level 12_0); requested Agility SDK 614; runtime 6.2.26100.8972 (C:\WINDOWS\SYSTEM32\D3D12Core.dll); driver 32.0.15.9186,false,2048,1129,assets/heightmaps/Hm_Terrain_Peking_513.png,547,547,80.000,12.000,20,0.250,0.100,200000,false,50,64,0.794,0.018,15.709,18.436,-55.832,0.318,297081,297081,3659,3659,456,3015,10495,0,0,0,0,0,0,0,0,0,0,0,0,0,0.000,0.032,0.029,0.000,0.000,0.000,0.000,0.000,0.000,0.000,0.000,0.000,0.000,0.000,0.000,0.000,0.000,0.000,0.000,0.000,0.000,0.000,0.000,0.000,0.000,0.000,0.183,0.257,0,428,0.053,0.016,0.015,0.001,20,1048576,2.050,Off,ModifiedOnly,1,75,73,73,73,2,false,297075,751501,3203,7292,3799,3589,3015,5998,5978,32,2983,3529,60,60,10,0.241,0.000,0.000,0.003,0.016,0.012,0.017,0.010,0.009,0.005,0.005,0.006,0.005,0.002,0.002,0.001,0.019,0.015,0.001,0.113
CBT 2024,cbt_2024_official_baseline_v1,Release,D3D12,NVIDIA GeForce RTX 5090 D,Direct3D 12 (feature level 12_0); requested Agility SDK 614; runtime 6.2.26100.8972 (C:\WINDOWS\SYSTEM32\D3D12Core.dll); driver 32.0.15.9186,false,2048,1129,assets/heightmaps/Hm_Terrain_Peking_513.png,547,547,80.000,12.000,20,0.250,0.100,200000,false,51,64,0.810,0.019,21.190,17.959,-53.991,0.334,294684,294684,3866,3866,414,3202,11462,0,0,0,0,0,0,0,0,0,0,0,0,0,0.000,0.036,0.034,0.000,0.000,0.000,0.000,0.000,0.000,0.000,0.000,0.000,0.000,0.000,0.000,0.000,0.000,0.000,0.000,0.000,0.000,0.000,0.000,0.000,0.000,0.000,0.192,0.260,0,428,0.055,0.016,0.015,0.002,20,1048576,2.050,Off,ModifiedOnly,1,76,74,74,74,2,false,294678,753898,3452,8010,3992,3802,3202,6389,6356,15,3187,3746,56,58,6,0.244,0.000,0.000,0.003,0.016,0.013,0.018,0.011,0.009,0.005,0.004,0.006,0.005,0.002,0.002,0.002,0.019,0.015,0.002,0.113
CBT 2024,cbt_2024_official_baseline_v1,Release,D3D12,NVIDIA GeForce RTX 5090 D,Direct3D 12 (feature level 12_0); requested Agility SDK 614; runtime 6.2.26100.8972 (C:\WINDOWS\SYSTEM32\D3D12Core.dll); driver 32.0.15.9186,false,2048,1129,assets/heightmaps/Hm_Terrain_Peking_513.png,547,547,80.000,12.000,20,0.250,0.100,200000,false,52,64,0.825,0.019,26.460,17.564,-51.613,0.348,291285,291285,3667,3667,429,3615,11899,0,0,0,0,0,0,0,0,0,0,0,0,0,0.000,0.033,0.030,0.000,0.000,0.000,0.000,0.000,0.000,0.000,0.000,0.000,0.000,0.000,0.000,0.000,0.000,0.000,0.000,0.000,0.000,0.000,0.000,0.000,0.000,0.000,0.189,0.258,0,428,0.054,0.016,0.016,0.001,20,1048576,2.050,Off,ModifiedOnly,1,77,75,75,75,2,false,291279,757297,3238,8661,3804,3599,3615,7203,7175,27,3588,3538,61,60,8,0.242,0.000,0.000,0.003,0.017,0.013,0.017,0.010,0.009,0.005,0.005,0.006,0.005,0.002,0.002,0.001,0.019,0.016,0.001,0.111
CBT 2024,cbt_2024_official_baseline_v1,Release,D3D12,NVIDIA GeForce RTX 5090 D,Direct3D 12 (feature level 12_0); requested Agility SDK 614; runtime 6.2.26100.8972 (C:\WINDOWS\SYSTEM32\D3D12Core.dll); driver 32.0.15.9186,false,2048,1129,assets/heightmaps/Hm_Terrain_Peking_513.png,547,547,80.000,12.000,20,0.250,0.100,200000,false,53,64,0.841,0.019,31.468,17.265,-48.722,0.346,289877,289877,4702,4702,397,3152,11938,0,0,0,0,0,0,0,0,0,0,0,0,0,0.000,0.033,0.030,0.000,0.000,0.000,0.000,0.000,0.000,0.000,0.000,0.000,0.000,0.000,0.000,0.000,0.000,0.000,0.000,0.000,0.000,0.000,0.000,0.000,0.000,0.000,0.182,0.252,0,428,0.054,0.016,0.016,0.001,20,1048576,2.050,Off,ModifiedOnly,1,78,76,76,76,2,false,289871,758705,4305,7633,4866,4619,3152,6274,6256,30,3122,4546,73,75,8,0.237,0.000,0.000,0.003,0.016,0.013,0.017,0.010,0.009,0.005,0.004,0.006,0.005,0.002,0.002,0.001,0.017,0.016,0.001,0.108
CBT 2024,cbt_2024_official_baseline_v1,Release,D3D12,NVIDIA GeForce RTX 5090 D,Direct3D 12 (feature level 12_0); requested Agility SDK 614; runtime 6.2.26100.8972 (C:\WINDOWS\SYSTEM32\D3D12Core.dll); driver 32.0.15.9186,false,2048,1129,assets/heightmaps/Hm_Terrain_Peking_513.png,547,547,80.000,12.000,20,0.250,0.100,200000,false,54,64,0.857,0.020,36.162,17.075,-45.346,0.334,287679,287679,4628,4628,443,3517,12372,0,0,0,0,0,0,0,0,0,0,0,0,0,0.000,0.039,0.036,0.000,0.000,0.000,0.000,0.000,0.000,0.000,0.000,0.000,0.000,0.000,0.000,0.000,0.000,0.000,0.000,0.000,0.000,0.000,0.000,0.000,0.000,0.000,0.185,0.252,0,428,0.052,0.016,0.017,0.001,20,1048576,2.050,Off,ModifiedOnly,1,79,77,77,77,2,false,287673,760903,4185,8187,4814,4533,3517,7012,6993,22,3495,4450,83,87,8,0.237,0.000,0.001,0.003,0.016,0.012,0.016,0.010,0.009,0.005,0.004,0.006,0.005,0.002,0.002,0.001,0.019,0.016,0.001,0.108
CBT 2024,cbt_2024_official_baseline_v1,Release,D3D12,NVIDIA GeForce RTX 5090 D,Direct3D 12 (feature level 12_0); requested Agility SDK 614; runtime 6.2.26100.8972 (C:\WINDOWS\SYSTEM32\D3D12Core.dll); driver 32.0.15.9186,false,2048,1129,assets/heightmaps/Hm_Terrain_Peking_513.png,547,547,80.000,12.000,20,0.250,0.100,200000,false,55,64,0.873,0.020,40.498,17.001,-41.520,0.343,288492,288492,5383,5383,566,2405,10761,0,0,0,0,0,0,0,0,0,0,0,0,0,0.000,0.039,0.036,0.000,0.000,0.000,0.000,0.000,0.000,0.000,0.000,0.000,0.000,0.000,0.000,0.000,0.000,0.000,0.000,0.000,0.000,0.000,0.000,0.000,0.000,0.000,0.182,0.251,0,428,0.054,0.016,0.016,0.001,20,1048576,2.050,Off,ModifiedOnly,1,80,78,78,78,2,false,288486,760090,4817,5944,5610,5269,2405,4797,4778,13,2392,5174,95,96,18,0.235,0.000,0.000,0.003,0.016,0.013,0.017,0.010,0.009,0.005,0.004,0.006,0.005,0.002,0.002,0.001,0.018,0.016,0.001,0.105
CBT 2024,cbt_2024_official_baseline_v1,Release,D3D12,NVIDIA GeForce RTX 5090 D,Direct3D 12 (feature level 12_0); requested Agility SDK 614; runtime 6.2.26100.8972 (C:\WINDOWS\SYSTEM32\D3D12Core.dll); driver 32.0.15.9186,false,2048,1129,assets/heightmaps/Hm_Terrain_Peking_513.png,547,547,80.000,12.000,20,0.250,0.100,200000,false,56,64,0.889,0.020,44.431,17.046,-37.282,0.372,289089,289089,6111,6111,627,2903,12344,0,0,0,0,0,0,0,0,0,0,0,0,0,0.000,0.034,0.032,0.000,0.000,0.000,0.000,0.000,0.000,0.000,0.000,0.000,0.000,0.000,0.000,0.000,0.000,0.000,0.000,0.000,0.000,0.000,0.000,0.000,0.000,0.000,0.144,0.249,0,428,0.053,0.016,0.017,0.002,20,1048576,2.050,Off,ModifiedOnly,1,81,79,79,79,2,false,289083,759493,5484,6860,6379,5977,2903,5782,5757,24,2879,5861,116,116,18,0.234,0.000,0.000,0.003,0.016,0.012,0.016,0.011,0.009,0.005,0.005,0.006,0.005,0.002,0.002,0.001,0.019,0.017,0.002,0.103
CBT 2024,cbt_2024_official_baseline_v1,Release,D3D12,NVIDIA GeForce RTX 5090 D,Direct3D 12 (feature level 12_0); requested Agility SDK 614; runtime 6.2.26100.8972 (C:\WINDOWS\SYSTEM32\D3D12Core.dll); driver 32.0.15.9186,false,2048,1129,assets/heightmaps/Hm_Terrain_Peking_513.png,547,547,80.000,12.000,20,0.250,0.100,200000,false,57,64,0.905,0.021,47.922,17.207,-32.673,0.302,291201,291201,6443,6443,643,2336,11552,0,0,0,0,0,0,0,0,0,0,0,0,0,0.000,0.036,0.033,0.000,0.000,0.000,0.000,0.000,0.000,0.000,0.000,0.000,0.000,0.000,0.000,0.000,0.000,0.000,0.000,0.000,0.000,0.000,0.000,0.000,0.000,0.000,0.183,0.253,0,428,0.054,0.016,0.017,0.001,20,1048576,2.050,Off,ModifiedOnly,1,82,80,80,80,2,false,291195,757381,5800,5752,6766,6281,2336,4654,4633,18,2318,6136,145,146,16,0.238,0.000,0.000,0.003,0.016,0.012,0.018,0.011,0.008,0.005,0.005,0.006,0.005,0.002,0.002,0.001,0.019,0.017,0.001,0.107
CBT 2024,cbt_2024_official_baseline_v1,Release,D3D12,NVIDIA GeForce RTX 5090 D,Direct3D 12 (feature level 12_0); requested Agility SDK 614; runtime 6.2.26100.8972 (C:\WINDOWS\SYSTEM32\D3D12Core.dll); driver 32.0.15.9186,false,2048,1129,assets/heightmaps/Hm_Terrain_Peking_513.png,547,547,80.000,12.000,20,0.250,0.100,200000,false,58,64,0.921,0.021,50.937,17.480,-27.739,0.353,292690,292690,5865,5865,438,2379,11225,0,0,0,0,0,0,0,0,0,0,0,0,0,0.000,0.033,0.030,0.000,0.000,0.000,0.000,0.000,0.000,0.000,0.000,0.000,0.000,0.000,0.000,0.000,0.000,0.000,0.000,0.000,0.000,0.000,0.000,0.000,0.000,0.000,0.168,0.254,0,428,0.055,0.015,0.017,0.001,20,1048576,2.050,Off,ModifiedOnly,1,83,81,81,81,2,false,292684,755892,5427,5798,6235,5679,2379,4746,4731,12,2367,5513,166,168,18,0.239,0.000,0.000,0.003,0.015,0.013,0.017,0.011,0.009,0.005,0.005,0.006,0.005,0.002,0.002,0.001,0.018,0.017,0.001,0.109
CBT 2024,cbt_2024_official_baseline_v1,Release,D3D12,NVIDIA GeForce RTX 5090 D,Direct3D 12 (feature level 12_0); requested Agility SDK 614; runtime 6.2.26100.8972 (C:\WINDOWS\SYSTEM32\D3D12Core.dll); driver 32.0.15.9186,false,2048,1129,assets/heightmaps/Hm_Terrain_Peking_513.png,547,547,80.000,12.000,20,0.250,0.100,200000,false,59,64,0.937,0.021,53.446,17.852,-22.529,0.321,292254,292254,4120,4120,335,2448,9737,0,0,0,0,0,0,0,0,0,0,0,0,0,0.000,0.033,0.030,0.000,0.000,0.000,0.000,0.000,0.000,0.000,0.000,0.000,0.000,0.000,0.000,0.000,0.000,0.000,0.000,0.000,0.000,0.000,0.000,0.000,0.000,0.000,0.180,0.249,0,428,0.055,0.016,0.014,0.001,20,1048576,2.050,Off,ModifiedOnly,1,84,82,82,82,2,false,292248,756328,3785,5952,4448,3956,2448,4884,4846,12,2436,3812,144,144,20,0.234,0.000,0.000,0.003,0.016,0.013,0.018,0.011,0.009,0.006,0.004,0.006,0.005,0.002,0.002,0.001,0.018,0.014,0.001,0.106
CBT 2024,cbt_2024_official_baseline_v1,Release,D3D12,NVIDIA GeForce RTX 5090 D,Direct3D 12 (feature level 12_0); requested Agility SDK 614; runtime 6.2.26100.8972 (C:\WINDOWS\SYSTEM32\D3D12Core.dll); driver 32.0.15.9186,false,2048,1129,assets/heightmaps/Hm_Terrain_Peking_513.png,547,547,80.000,12.000,20,0.250,0.100,200000,false,60,64,0.952,0.022,55.423,18.310,-17.096,0.445,290404,290404,3421,3421,361,2783,9606,0,0,0,0,0,0,0,0,0,0,0,0,0,0.000,0.049,0.045,0.000,0.000,0.000,0.000,0.000,0.000,0.000,0.000,0.000,0.000,0.000,0.000,0.000,0.000,0.000,0.000,0.000,0.000,0.000,0.000,0.000,0.000,0.000,0.129,0.248,0,428,0.054,0.016,0.013,0.001,20,1048576,2.050,Off,ModifiedOnly,1,85,83,83,83,2,false,290398,758178,3060,6546,3686,3288,2783,5536,5527,30,2753,3170,118,119,14,0.233,0.000,0.000,0.003,0.015,0.012,0.017,0.011,0.009,0.005,0.005,0.006,0.005,0.002,0.002,0.001,0.018,0.013,0.001,0.107
CBT 2024,cbt_2024_official_baseline_v1,Release,D3D12,NVIDIA GeForce RTX 5090 D,Direct3D 12 (feature level 12_0); requested Agility SDK 614; runtime 6.2.26100.8972 (C:\WINDOWS\SYSTEM32\D3D12Core.dll); driver 32.0.15.9186,false,2048,1129,assets/heightmaps/Hm_Terrain_Peking_513.png,547,547,80.000,12.000,20,0.250,0.100,200000,false,61,64,0.968,0.022,56.850,18.835,-11.492,0.387,291622,291622,4319,4319,441,1671,8184,0,0,0,0,0,0,0,0,0,0,0,0,0,0.000,0.047,0.043,0.000,0.000,0.000,0.000,0.000,0.000,0.000,0.000,0.000,0.000,0.000,0.000,0.000,0.000,0.000,0.000,0.000,0.000,0.000,0.000,0.000,0.000,0.000,0.235,0.259,0,428,0.056,0.016,0.014,0.001,20,1048576,2.050,Off,ModifiedOnly,1,86,84,84,84,2,false,291616,756960,3878,4306,4550,4202,1671,3332,3311,10,1661,4108,94,97,20,0.243,0.000,0.000,0.003,0.021,0.013,0.017,0.012,0.009,0.005,0.005,0.006,0.005,0.002,0.002,0.001,0.017,0.013,0.001,0.109
CBT 2024,cbt_2024_official_baseline_v1,Release,D3D12,NVIDIA GeForce RTX 5090 D,Direct3D 12 (feature level 12_0); requested Agility SDK 614; runtime 6.2.26100.8972 (C:\WINDOWS\SYSTEM32\D3D12Core.dll); driver 32.0.15.9186,false,2048,1129,assets/heightmaps/Hm_Terrain_Peking_513.png,547,547,80.000,12.000,20,0.250,0.100,200000,false,62,64,0.984,0.023,57.712,19.406,-5.775,0.482,292094,292094,4200,4200,455,1967,8585,0,0,0,0,0,0,0,0,0,0,0,0,0,0.000,0.069,0.064,0.000,0.000,0.000,0.000,0.000,0.000,0.000,0.000,0.000,0.000,0.000,0.000,0.000,0.000,0.000,0.000,0.000,0.000,0.000,0.000,0.000,0.000,0.000,33.082,0.268,0,428,0.057,0.016,0.014,0.006,20,1048576,2.050,Off,ModifiedOnly,1,87,85,85,85,2,false,292088,756488,3745,4840,4372,4114,1967,3900,3882,34,1933,4045,69,69,17,0.250,0.000,0.000,0.003,0.022,0.012,0.017,0.013,0.010,0.005,0.005,0.006,0.005,0.002,0.002,0.001,0.018,0.013,0.006,0.109
CBT 2024,cbt_2024_official_baseline_v1,Release,D3D12,NVIDIA GeForce RTX 5090 D,Direct3D 12 (feature level 12_0); requested Agility SDK 614; runtime 6.2.26100.8972 (C:\WINDOWS\SYSTEM32\D3D12Core.dll); driver 32.0.15.9186,false,2048,1129,assets/heightmaps/Hm_Terrain_Peking_513.png,547,547,80.000,12.000,20,0.250,0.100,200000,false,63,64,1.000,0.056,58.000,20.000,0.000,33.531,293937,293937,5471,5471,572,1902,9676,0,0,0,0,0,0,0,0,0,0,0,0,0,0.000,0.077,0.069,0.000,0.000,0.000,0.000,0.000,0.000,0.000,0.000,0.000,0.000,0.000,0.000,0.000,0.000,0.000,0.000,0.000,0.000,0.000,0.000,0.000,0.000,0.000,16.237,0.276,0,428,0.057,0.016,0.016,0.009,20,1048576,2.050,Off,ModifiedOnly,1,88,86,86,86,2,false,293931,754645,4899,4777,5622,5396,1902,3779,3762,25,1877,5344,52,51,24,0.259,0.000,0.000,0.003,0.023,0.013,0.017,0.012,0.009,0.005,0.005,0.006,0.005,0.002,0.002,0.001,0.017,0.015,0.009,0.113
