algorithm,buildConfiguration,graphicsBackend,graphicsAdapter,graphicsVersion,vSyncEnabled,heightMapPath,heightMapWidth,heightMapHeight,terrainSize,heightScale,maxDepthSetting,screenSpaceSplitThresholdPixels,screenSpaceMergeThresholdPixels,triangleBudget,dodParallelSplitEnabled,pathSampleIndex,pathSampleCount,pathProgress,timeSeconds,cameraX,cameraY,cameraZ,frameMilliseconds,triangles,nodes,activeSplits,splits,forcedSplits,merges,candidatePeak,persistentSplitQueueSize,persistentMergeQueueSize,queueCrossoverCount,queueMembershipUpdateCount,cpuMeshFullRebuildCount,cpuMeshUpdatedTriangleCount,cpuMeshReusedTriangleCount,cpuMeshDirtyRangeCount,budgetRejectedSplits,tjunctions,invalidNeighbors,invalidTopology,cpuWorkers,cpuUtilizationPercent,lodTotalMilliseconds,cpuUpdateMilliseconds,cpuPrepareMilliseconds,cpuMergeCandidateMarkMilliseconds,cpuMergeTopologyMilliseconds,cpuBudgetLeafCollectMilliseconds,cpuErrorEvalMilliseconds,cpuSplitCandidateMarkMilliseconds,cpuSplitTopologyMilliseconds,cpuSplitTopologyChunkBuildMilliseconds,cpuSplitTopologyQueueInvalidationMilliseconds,cpuSplitTopologyParallelCommitMilliseconds,cpuSplitTopologyResultMergeMilliseconds,cpuSplitTopologyIndexQueueRefreshMilliseconds,cpuSplitTopologySerialConvergenceMilliseconds,cpuMergeTopologyChunkBuildMilliseconds,cpuMergeTopologyQueueInvalidationMilliseconds,cpuMergeTopologyParallelCommitMilliseconds,cpuMergeTopologyResultMergeMilliseconds,cpuMergeTopologyIndexQueueRefreshMilliseconds,cpuMergeTopologySerialConvergenceMilliseconds,cpuFinalLeafCollectMilliseconds,cpuMeshEmitMilliseconds,cpuFinalizeMilliseconds,cpuUploadMilliseconds,frameFenceWaitMilliseconds,renderMilliseconds,cpuGpuUploadBytes,cpuGpuReadbackBytes,splitMilliseconds,mergeMilliseconds,emitMilliseconds,validateMilliseconds,maxDepthReached,cbtCapacity,cbtTriangleAreaPixels,cbtValidationMode,cbtGeometryMode,cbtResourceGeneration,cbtTopologyGeneration,cbtDiagnosticSampleGeneration,cbtGpuTimingSampleGeneration,cbtTerrainRenderSampleGeneration,cbtDiagnosticSampleAge,cbtDiagnosticSampleDropped,cbtActiveDynamicSlots,cbtRemainingDynamicSlots,cbtSplitCandidates,cbtSimplifyCandidates,cbtCommittedSlots,cbtSplitPropagation,cbtPreparedSimplification,cbtReleasedSlots,cbtSimplifyPropagation,cbtPairMerges,cbtQuadMerges,cbtTemplateCenter,cbtTemplateRight,cbtTemplateLeft,cbtTemplateTriple,cbtGpuStageSumMilliseconds,cbtBlockingValidationWaitMilliseconds,cbtGpuclassificationGeometryMilliseconds,cbtGpuresetMilliseconds,cbtGpuclassifyMilliseconds,cbtGpusplitMilliseconds,cbtGpuallocateMilliseconds,cbtGpuneighborCopyMilliseconds,cbtGpubisectMilliseconds,cbtGpupropagateBisectMilliseconds,cbtGpuprepareSimplifyMilliseconds,cbtGpusimplifyMilliseconds,cbtGpupropagateSimplifyMilliseconds,cbtGpureducePreMilliseconds,cbtGpureduceFirstMilliseconds,cbtGpureduceSecondMilliseconds,cbtGpuindexationMilliseconds,cbtGpurenderGeometryMilliseconds,cbtGpuvalidationMilliseconds,cbtGputerrainRenderMilliseconds
Classic CPU ROAM,RelWithDebInfo,D3D12,NVIDIA GeForce RTX 5090 D,Direct3D 12 (feature level 12_0); requested Agility SDK 614; runtime 6.2.26100.8972 (C:\WINDOWS\SYSTEM32\D3D12Core.dll); driver 32.0.15.9186,false,assets/heightmaps/Hm_Terrain_Peking_513.png,547,547,80.000,12.000,20,0.250,0.100,200000,false,0,64,0.000,0.000,58.000,20.000,0.000,143.018,200000,400000,199998,1,0,1,233559,200000,33559,1,13,0,3,199997,3,796,0,0,0,1,97.936,127.654,127.631,6.020,15.527,0.015,0.000,0.000,43.492,0.661,0.000,0.000,0.000,0.000,0.000,0.661,0.000,0.000,0.000,0.000,0.000,0.000,0.000,0.006,61.908,0.007,0.000,0.429,504,0,44.153,15.542,0.006,0.000,20,0,0.000,Off,ModifiedOnly,0,0,0,0,0,0,false,0,0,0,0,0,0,0,0,0,0,0,0,0,0,0,0.000,0.000,0.000,0.000,0.000,0.000,0.000,0.000,0.000,0.000,0.000,0.000,0.000,0.000,0.000,0.000,0.000,0.000,0.000,0.000
Classic CPU ROAM,RelWithDebInfo,D3D12,NVIDIA GeForce RTX 5090 D,Direct3D 12 (feature level 12_0); requested Agility SDK 614; runtime 6.2.26100.8972 (C:\WINDOWS\SYSTEM32\D3D12Core.dll); driver 32.0.15.9186,false,assets/heightmaps/Hm_Terrain_Peking_513.png,547,547,80.000,12.000,20,0.250,0.100,200000,false,1,64,0.016,0.128,57.712,20.594,5.775,128.320,200000,427218,199998,13610,6871,13610,233748,200000,33615,5943,158530,0,31160,168840,10155,4214,0,0,0,1,103.028,198.181,197.071,4.718,15.610,19.754,0.000,0.000,43.597,30.130,0.000,0.000,0.000,0.000,0.000,30.130,0.000,0.000,0.000,0.000,0.000,0.000,0.000,20.018,63.242,1.007,0.000,0.478,5234880,0,73.727,35.364,20.018,0.000,20,0,0.000,Off,ModifiedOnly,0,0,0,0,0,0,false,0,0,0,0,0,0,0,0,0,0,0,0,0,0,0,0.000,0.000,0.000,0.000,0.000,0.000,0.000,0.000,0.000,0.000,0.000,0.000,0.000,0.000,0.000,0.000,0.000,0.000,0.000,0.000
Classic CPU ROAM,RelWithDebInfo,D3D12,NVIDIA GeForce RTX 5090 D,Direct3D 12 (feature level 12_0); requested Agility SDK 614; runtime 6.2.26100.8972 (C:\WINDOWS\SYSTEM32\D3D12Core.dll); driver 32.0.15.9186,false,assets/heightmaps/Hm_Terrain_Peking_513.png,547,547,80.000,12.000,20,0.250,0.100,200000,false,2,64,0.032,0.327,56.850,21.165,11.492,198.872,200000,455332,199998,14461,7346,14461,233842,200000,33715,4236,171124,0,57287,142713,16130,3417,0,0,0,1,94.498,220.037,214.836,5.991,16.846,19.745,0.000,0.000,45.607,35.215,0.000,0.000,0.000,0.000,0.000,35.215,0.000,0.000,0.000,0.000,0.000,0.000,0.000,25.707,65.724,5.063,0.000,0.500,9737616,0,80.822,36.591,25.707,0.000,20,0,0.000,Off,ModifiedOnly,0,0,0,0,0,0,false,0,0,0,0,0,0,0,0,0,0,0,0,0,0,0,0.000,0.000,0.000,0.000,0.000,0.000,0.000,0.000,0.000,0.000,0.000,0.000,0.000,0.000,0.000,0.000,0.000,0.000,0.000,0.000
Classic CPU ROAM,RelWithDebInfo,D3D12,NVIDIA GeForce RTX 5090 D,Direct3D 12 (feature level 12_0); requested Agility SDK 614; runtime 6.2.26100.8972 (C:\WINDOWS\SYSTEM32\D3D12Core.dll); driver 32.0.15.9186,false,assets/heightmaps/Hm_Terrain_Peking_513.png,547,547,80.000,12.000,20,0.250,0.100,200000,false,3,64,0.048,0.548,55.423,21.690,17.096,220.804,200000,484580,199998,15341,7854,15341,234092,200000,33927,3881,183466,0,59267,140733,17276,2345,0,0,0,1,101.387,222.485,215.646,6.920,15.683,19.577,0.000,0.000,44.079,37.551,0.000,0.000,0.000,0.000,0.000,37.551,0.000,0.000,0.000,0.000,0.000,0.000,0.000,25.600,66.234,6.702,0.000,0.452,13897800,0,81.631,35.259,25.600,0.000,20,0,0.000,Off,ModifiedOnly,0,0,0,0,0,0,false,0,0,0,0,0,0,0,0,0,0,0,0,0,0,0,0.000,0.000,0.000,0.000,0.000,0.000,0.000,0.000,0.000,0.000,0.000,0.000,0.000,0.000,0.000,0.000,0.000,0.000,0.000,0.000
Classic CPU ROAM,RelWithDebInfo,D3D12,NVIDIA GeForce RTX 5090 D,Direct3D 12 (feature level 12_0); requested Agility SDK 614; runtime 6.2.26100.8972 (C:\WINDOWS\SYSTEM32\D3D12Core.dll); driver 32.0.15.9186,false,assets/heightmaps/Hm_Terrain_Peking_513.png,547,547,80.000,12.000,20,0.250,0.100,200000,false,4,64,0.063,0.771,53.446,22.148,22.529,223.208,200000,515876,199998,16557,8422,16557,234322,200000,34140,4242,200383,0,60474,139526,17356,2090,0,0,0,1,100.528,220.854,217.482,6.740,15.595,21.170,0.000,0.000,43.871,38.713,0.000,0.000,0.000,0.000,0.000,38.713,0.000,0.000,0.000,0.000,0.000,0.000,0.000,27.240,64.152,3.226,0.000,0.788,14373912,0,82.583,36.765,27.240,0.000,20,0,0.000,Off,ModifiedOnly,0,0,0,0,0,0,false,0,0,0,0,0,0,0,0,0,0,0,0,0,0,0,0.000,0.000,0.000,0.000,0.000,0.000,0.000,0.000,0.000,0.000,0.000,0.000,0.000,0.000,0.000,0.000,0.000,0.000,0.000,0.000
Classic CPU ROAM,RelWithDebInfo,D3D12,NVIDIA GeForce RTX 5090 D,Direct3D 12 (feature level 12_0); requested Agility SDK 614; runtime 6.2.26100.8972 (C:\WINDOWS\SYSTEM32\D3D12Core.dll); driver 32.0.15.9186,false,assets/heightmaps/Hm_Terrain_Peking_513.png,547,547,80.000,12.000,20,0.250,0.100,200000,false,5,64,0.079,0.993,50.937,22.520,27.739,221.571,200000,545954,199998,16443,8347,16443,234477,200000,34173,3967,195671,0,60671,139329,18051,1110,0,0,0,1,99.180,224.069,220.451,7.286,15.634,20.521,0.000,0.000,43.782,38.111,0.000,0.000,0.000,0.000,0.000,38.111,0.000,0.000,0.000,0.000,0.000,0.000,0.000,27.116,67.999,3.484,0.000,0.758,14186592,0,81.893,36.155,27.116,0.000,20,0,0.000,Off,ModifiedOnly,0,0,0,0,0,0,false,0,0,0,0,0,0,0,0,0,0,0,0,0,0,0,0.000,0.000,0.000,0.000,0.000,0.000,0.000,0.000,0.000,0.000,0.000,0.000,0.000,0.000,0.000,0.000,0.000,0.000,0.000,0.000
Classic CPU ROAM,RelWithDebInfo,D3D12,NVIDIA GeForce RTX 5090 D,Direct3D 12 (feature level 12_0); requested Agility SDK 614; runtime 6.2.26100.8972 (C:\WINDOWS\SYSTEM32\D3D12Core.dll); driver 32.0.15.9186,false,assets/heightmaps/Hm_Terrain_Peking_513.png,547,547,80.000,12.000,20,0.250,0.100,200000,false,6,64,0.095,1.218,47.922,22.793,32.673,224.795,200000,573734,199998,15473,7848,15473,234509,200000,34107,4324,183782,0,60188,139812,18610,2455,0,0,0,1,94.773,217.512,214.214,7.630,14.112,20.037,0.000,0.000,45.049,35.974,0.000,0.000,0.000,0.000,0.000,35.974,0.000,0.000,0.000,0.000,0.000,0.000,0.000,25.948,65.461,3.157,0.000,0.804,14034048,0,81.024,34.149,25.948,0.000,20,0,0.000,Off,ModifiedOnly,0,0,0,0,0,0,false,0,0,0,0,0,0,0,0,0,0,0,0,0,0,0,0.000,0.000,0.000,0.000,0.000,0.000,0.000,0.000,0.000,0.000,0.000,0.000,0.000,0.000,0.000,0.000,0.000,0.000,0.000,0.000
Classic CPU ROAM,RelWithDebInfo,D3D12,NVIDIA GeForce RTX 5090 D,Direct3D 12 (feature level 12_0); requested Agility SDK 614; runtime 6.2.26100.8972 (C:\WINDOWS\SYSTEM32\D3D12Core.dll); driver 32.0.15.9186,false,assets/heightmaps/Hm_Terrain_Peking_513.png,547,547,80.000,12.000,20,0.250,0.100,200000,false,7,64,0.111,1.436,44.431,22.954,37.282,218.221,200000,601084,199998,15848,8037,15848,234498,200000,34174,5324,189925,0,61733,138267,19821,1978,0,0,0,1,94.418,218.592,214.998,6.880,15.660,21.530,0.000,0.000,43.918,36.019,0.000,0.000,0.000,0.000,0.000,36.019,0.000,0.000,0.000,0.000,0.000,0.000,0.000,26.655,64.335,3.430,0.000,0.784,14211792,0,79.936,37.190,26.655,0.000,20,0,0.000,Off,ModifiedOnly,0,0,0,0,0,0,false,0,0,0,0,0,0,0,0,0,0,0,0,0,0,0,0.000,0.000,0.000,0.000,0.000,0.000,0.000,0.000,0.000,0.000,0.000,0.000,0.000,0.000,0.000,0.000,0.000,0.000,0.000,0.000
Classic CPU ROAM,RelWithDebInfo,D3D12,NVIDIA GeForce RTX 5090 D,Direct3D 12 (feature level 12_0); requested Agility SDK 614; runtime 6.2.26100.8972 (C:\WINDOWS\SYSTEM32\D3D12Core.dll); driver 32.0.15.9186,false,assets/heightmaps/Hm_Terrain_Peking_513.png,547,547,80.000,12.000,20,0.250,0.100,200000,false,8,64,0.127,1.655,40.498,22.999,41.520,219.284,200000,627902,199998,16041,8141,16041,234356,200000,34197,6160,186703,0,64076,135924,21380,3283,0,0,0,1,95.478,216.536,212.603,6.780,15.966,23.335,0.000,0.000,43.878,34.629,0.000,0.000,0.000,0.000,0.000,34.629,0.000,0.000,0.000,0.000,0.000,0.000,0.000,27.006,61.007,3.759,0.000,0.806,14702016,0,78.507,39.301,27.006,0.000,20,0,0.000,Off,ModifiedOnly,0,0,0,0,0,0,false,0,0,0,0,0,0,0,0,0,0,0,0,0,0,0,0.000,0.000,0.000,0.000,0.000,0.000,0.000,0.000,0.000,0.000,0.000,0.000,0.000,0.000,0.000,0.000,0.000,0.000,0.000,0.000
Classic CPU ROAM,RelWithDebInfo,D3D12,NVIDIA GeForce RTX 5090 D,Direct3D 12 (feature level 12_0); requested Agility SDK 614; runtime 6.2.26100.8972 (C:\WINDOWS\SYSTEM32\D3D12Core.dll); driver 32.0.15.9186,false,assets/heightmaps/Hm_Terrain_Peking_513.png,547,547,80.000,12.000,20,0.250,0.100,200000,false,9,64,0.143,1.872,36.162,22.925,45.346,217.238,200000,654594,199998,16361,8241,16361,234311,200000,34044,6795,189921,0,65256,134744,22114,4015,0,0,0,1,106.574,208.947,205.122,6.457,15.231,22.690,0.000,0.000,43.263,32.734,0.000,0.000,0.000,0.000,0.000,32.734,0.000,0.000,0.000,0.000,0.000,0.000,0.000,27.001,57.744,3.661,0.000,0.786,15291024,0,75.997,37.921,27.001,0.000,20,0,0.000,Off,ModifiedOnly,0,0,0,0,0,0,false,0,0,0,0,0,0,0,0,0,0,0,0,0,0,0,0.000,0.000,0.000,0.000,0.000,0.000,0.000,0.000,0.000,0.000,0.000,0.000,0.000,0.000,0.000,0.000,0.000,0.000,0.000,0.000
Classic CPU ROAM,RelWithDebInfo,D3D12,NVIDIA GeForce RTX 5090 D,Direct3D 12 (feature level 12_0); requested Agility SDK 614; runtime 6.2.26100.8972 (C:\WINDOWS\SYSTEM32\D3D12Core.dll); driver 32.0.15.9186,false,assets/heightmaps/Hm_Terrain_Peking_513.png,547,547,80.000,12.000,20,0.250,0.100,200000,false,10,64,0.159,2.082,31.468,22.735,48.722,209.614,200000,678674,199998,15540,7903,15540,234064,200000,33859,6816,182869,0,65340,134660,22436,3381,0,0,0,1,100.751,205.456,201.493,6.208,15.137,22.421,0.000,0.000,42.791,31.617,0.000,0.000,0.000,0.000,0.000,31.617,0.000,0.000,0.000,0.000,0.000,0.000,0.000,26.357,56.959,3.817,0.000,0.798,15367800,0,74.408,37.558,26.357,0.000,20,0,0.000,Off,ModifiedOnly,0,0,0,0,0,0,false,0,0,0,0,0,0,0,0,0,0,0,0,0,0,0,0.000,0.000,0.000,0.000,0.000,0.000,0.000,0.000,0.000,0.000,0.000,0.000,0.000,0.000,0.000,0.000,0.000,0.000,0.000,0.000
Classic CPU ROAM,RelWithDebInfo,D3D12,NVIDIA GeForce RTX 5090 D,Direct3D 12 (feature level 12_0); requested Agility SDK 614; runtime 6.2.26100.8972 (C:\WINDOWS\SYSTEM32\D3D12Core.dll); driver 32.0.15.9186,false,assets/heightmaps/Hm_Terrain_Peking_513.png,547,547,80.000,12.000,20,0.250,0.100,200000,false,11,64,0.175,2.288,26.460,22.436,51.613,206.125,200000,700598,199998,14497,7420,14497,233892,200000,33757,5778,170854,0,62969,137031,22247,2149,0,0,0,1,103.899,199.236,195.374,6.171,13.672,20.222,0.000,0.000,42.832,30.309,0.000,0.000,0.000,0.000,0.000,30.309,0.000,0.000,0.000,0.000,0.000,0.000,0.000,24.505,57.660,3.703,0.000,0.689,15205176,0,73.142,33.894,24.505,0.000,20,0,0.000,Off,ModifiedOnly,0,0,0,0,0,0,false,0,0,0,0,0,0,0,0,0,0,0,0,0,0,0,0.000,0.000,0.000,0.000,0.000,0.000,0.000,0.000,0.000,0.000,0.000,0.000,0.000,0.000,0.000,0.000,0.000,0.000,0.000,0.000
Classic CPU ROAM,RelWithDebInfo,D3D12,NVIDIA GeForce RTX 5090 D,Direct3D 12 (feature level 12_0); requested Agility SDK 614; runtime 6.2.26100.8972 (C:\WINDOWS\SYSTEM32\D3D12Core.dll); driver 32.0.15.9186,false,assets/heightmaps/Hm_Terrain_Peking_513.png,547,547,80.000,12.000,20,0.250,0.100,200000,false,12,64,0.190,2.488,21.190,22.041,53.991,199.925,200000,721738,199998,14366,7329,14366,233943,200000,33694,5388,170215,0,59658,140342,21759,2583,0,0,0,1,96.835,197.452,193.495,5.871,14.953,19.749,0.000,0.000,42.690,29.331,0.000,0.000,0.000,0.000,0.000,29.331,0.000,0.000,0.000,0.000,0.000,0.000,0.000,23.577,57.324,3.793,0.000,0.753,14728896,0,72.020,34.701,23.577,0.000,20,0,0.000,Off,ModifiedOnly,0,0,0,0,0,0,false,0,0,0,0,0,0,0,0,0,0,0,0,0,0,0,0.000,0.000,0.000,0.000,0.000,0.000,0.000,0.000,0.000,0.000,0.000,0.000,0.000,0.000,0.000,0.000,0.000,0.000,0.000,0.000
Classic CPU ROAM,RelWithDebInfo,D3D12,NVIDIA GeForce RTX 5090 D,Direct3D 12 (feature level 12_0); requested Agility SDK 614; runtime 6.2.26100.8972 (C:\WINDOWS\SYSTEM32\D3D12Core.dll); driver 32.0.15.9186,false,assets/heightmaps/Hm_Terrain_Peking_513.png,547,547,80.000,12.000,20,0.250,0.100,200000,false,13,64,0.206,2.686,15.709,21.564,55.832,198.123,200000,745076,199998,15353,7804,15353,233853,200000,33627,5584,178533,0,61486,138514,22564,2689,0,0,0,1,94.662,201.776,197.935,5.959,15.098,20.685,0.000,0.000,43.084,30.957,0.000,0.000,0.000,0.000,0.000,30.957,0.000,0.000,0.000,0.000,0.000,0.000,0.000,25.125,57.026,3.672,0.000,0.785,14459760,0,74.041,35.783,25.125,0.000,20,0,0.000,Off,ModifiedOnly,0,0,0,0,0,0,false,0,0,0,0,0,0,0,0,0,0,0,0,0,0,0,0.000,0.000,0.000,0.000,0.000,0.000,0.000,0.000,0.000,0.000,0.000,0.000,0.000,0.000,0.000,0.000,0.000,0.000,0.000,0.000
Classic CPU ROAM,RelWithDebInfo,D3D12,NVIDIA GeForce RTX 5090 D,Direct3D 12 (feature level 12_0); requested Agility SDK 614; runtime 6.2.26100.8972 (C:\WINDOWS\SYSTEM32\D3D12Core.dll); driver 32.0.15.9186,false,assets/heightmaps/Hm_Terrain_Peking_513.png,547,547,80.000,12.000,20,0.250,0.100,200000,false,14,64,0.222,2.889,10.072,21.026,57.119,202.467,200000,770362,199998,16206,8304,16206,233908,200000,33565,5787,188492,0,64786,135214,23432,3054,0,0,0,1,98.875,209.270,205.291,5.772,14.761,23.035,0.000,0.000,43.019,35.043,0.000,0.000,0.000,0.000,0.000,35.043,0.000,0.000,0.000,0.000,0.000,0.000,0.000,26.509,57.150,3.802,0.000,0.896,14987280,0,78.062,37.796,26.509,0.000,20,0,0.000,Off,ModifiedOnly,0,0,0,0,0,0,false,0,0,0,0,0,0,0,0,0,0,0,0,0,0,0,0.000,0.000,0.000,0.000,0.000,0.000,0.000,0.000,0.000,0.000,0.000,0.000,0.000,0.000,0.000,0.000,0.000,0.000,0.000,0.000
Classic CPU ROAM,RelWithDebInfo,D3D12,NVIDIA GeForce RTX 5090 D,Direct3D 12 (feature level 12_0); requested Agility SDK 614; runtime 6.2.26100.8972 (C:\WINDOWS\SYSTEM32\D3D12Core.dll); driver 32.0.15.9186,false,assets/heightmaps/Hm_Terrain_Peking_513.png,547,547,80.000,12.000,20,0.250,0.100,200000,false,15,64,0.238,3.099,4.334,20.447,57.838,209.956,200000,795986,199998,16399,8303,16399,233659,200000,33433,5579,189692,0,65492,134508,23389,3387,0,0,0,1,91.420,208.959,204.947,5.967,14.910,22.023,0.000,0.000,43.136,33.847,0.000,0.000,0.000,0.000,0.000,33.847,0.000,0.000,0.000,0.000,0.000,0.000,0.000,26.987,58.074,3.830,0.000,0.786,15317400,0,76.983,36.933,26.987,0.000,20,0,0.000,Off,ModifiedOnly,0,0,0,0,0,0,false,0,0,0,0,0,0,0,0,0,0,0,0,0,0,0,0.000,0.000,0.000,0.000,0.000,0.000,0.000,0.000,0.000,0.000,0.000,0.000,0.000,0.000,0.000,0.000,0.000,0.000,0.000,0.000
Classic CPU ROAM,RelWithDebInfo,D3D12,NVIDIA GeForce RTX 5090 D,Direct3D 12 (feature level 12_0); requested Agility SDK 614; runtime 6.2.26100.8972 (C:\WINDOWS\SYSTEM32\D3D12Core.dll); driver 32.0.15.9186,false,assets/heightmaps/Hm_Terrain_Peking_513.png,547,547,80.000,12.000,20,0.250,0.100,200000,false,16,64,0.254,3.308,-1.446,19.850,57.982,209.667,200000,822450,199998,15856,7931,15856,233705,200000,33504,5256,187341,0,63732,136268,23059,2434,0,0,0,1,99.838,207.155,203.309,5.955,14.823,20.751,0.000,0.000,43.283,34.272,0.000,0.000,0.000,0.000,0.000,34.272,0.000,0.000,0.000,0.000,0.000,0.000,0.000,26.278,57.945,3.669,0.000,0.685,14955864,0,77.555,35.574,26.278,0.000,20,0,0.000,Off,ModifiedOnly,0,0,0,0,0,0,false,0,0,0,0,0,0,0,0,0,0,0,0,0,0,0,0.000,0.000,0.000,0.000,0.000,0.000,0.000,0.000,0.000,0.000,0.000,0.000,0.000,0.000,0.000,0.000,0.000,0.000,0.000,0.000
Classic CPU ROAM,RelWithDebInfo,D3D12,NVIDIA GeForce RTX 5090 D,Direct3D 12 (feature level 12_0); requested Agility SDK 614; runtime 6.2.26100.8972 (C:\WINDOWS\SYSTEM32\D3D12Core.dll); driver 32.0.15.9186,false,assets/heightmaps/Hm_Terrain_Peking_513.png,547,547,80.000,12.000,20,0.250,0.100,200000,false,17,64,0.270,3.516,-7.212,19.260,57.550,207.901,200000,847026,199998,14299,7231,14299,233572,200000,33442,5127,167228,0,61081,138919,22445,2484,0,0,0,1,95.461,200.161,196.290,6.241,14.839,19.275,0.000,0.000,43.567,30.798,0.000,0.000,0.000,0.000,0.000,30.798,0.000,0.000,0.000,0.000,0.000,0.000,0.000,24.054,57.515,3.716,0.000,0.763,14555520,0,74.365,34.113,24.054,0.000,20,0,0.000,Off,ModifiedOnly,0,0,0,0,0,0,false,0,0,0,0,0,0,0,0,0,0,0,0,0,0,0,0.000,0.000,0.000,0.000,0.000,0.000,0.000,0.000,0.000,0.000,0.000,0.000,0.000,0.000,0.000,0.000,0.000,0.000,0.000,0.000
Classic CPU ROAM,RelWithDebInfo,D3D12,NVIDIA GeForce RTX 5090 D,Direct3D 12 (feature level 12_0); requested Agility SDK 614; runtime 6.2.26100.8972 (C:\WINDOWS\SYSTEM32\D3D12Core.dll); driver 32.0.15.9186,false,assets/heightmaps/Hm_Terrain_Peking_513.png,547,547,80.000,12.000,20,0.250,0.100,200000,false,18,64,0.286,3.717,-12.906,18.698,56.546,200.840,200000,871614,199998,14982,7663,14982,233779,200000,33658,4708,176364,0,60007,139993,22180,2845,0,0,0,1,95.071,200.824,197.101,6.568,14.130,19.278,0.000,0.000,43.702,31.737,0.000,0.000,0.000,0.000,0.000,31.737,0.000,0.000,0.000,0.000,0.000,0.000,0.000,24.691,56.994,3.575,0.000,0.807,14386848,0,75.439,33.408,24.691,0.000,20,0,0.000,Off,ModifiedOnly,0,0,0,0,0,0,false,0,0,0,0,0,0,0,0,0,0,0,0,0,0,0,0.000,0.000,0.000,0.000,0.000,0.000,0.000,0.000,0.000,0.000,0.000,0.000,0.000,0.000,0.000,0.000,0.000,0.000,0.000,0.000
Classic CPU ROAM,RelWithDebInfo,D3D12,NVIDIA GeForce RTX 5090 D,Direct3D 12 (feature level 12_0); requested Agility SDK 614; runtime 6.2.26100.8972 (C:\WINDOWS\SYSTEM32\D3D12Core.dll); driver 32.0.15.9186,false,assets/heightmaps/Hm_Terrain_Peking_513.png,547,547,80.000,12.000,20,0.250,0.100,200000,false,19,64,0.302,3.918,-18.472,18.189,54.980,201.519,200000,899698,199998,17923,9200,17923,233769,200000,33508,4576,207446,0,63318,136682,22171,2650,0,0,0,1,96.418,214.411,210.532,6.060,14.907,21.833,0.000,0.000,43.344,37.811,0.000,0.000,0.000,0.000,0.000,37.811,0.000,0.000,0.000,0.000,0.000,0.000,0.000,28.488,58.086,3.711,0.000,0.781,14843472,0,81.156,36.740,28.488,0.000,20,0,0.000,Off,ModifiedOnly,0,0,0,0,0,0,false,0,0,0,0,0,0,0,0,0,0,0,0,0,0,0,0.000,0.000,0.000,0.000,0.000,0.000,0.000,0.000,0.000,0.000,0.000,0.000,0.000,0.000,0.000,0.000,0.000,0.000,0.000,0.000
Classic CPU ROAM,RelWithDebInfo,D3D12,NVIDIA GeForce RTX 5090 D,Direct3D 12 (feature level 12_0); requested Agility SDK 614; runtime 6.2.26100.8972 (C:\WINDOWS\SYSTEM32\D3D12Core.dll); driver 32.0.15.9186,false,assets/heightmaps/Hm_Terrain_Peking_513.png,547,547,80.000,12.000,20,0.250,0.100,200000,false,20,64,0.317,4.134,-23.855,17.751,52.867,215.115,200000,927212,199998,18183,9182,18183,233841,200000,33466,4638,208372,0,64941,135059,22911,2840,0,0,0,1,104.128,213.884,209.942,6.460,14.955,21.759,0.000,0.000,42.976,38.531,0.000,0.000,0.000,0.000,0.000,38.531,0.000,0.000,0.000,0.000,0.000,0.000,0.000,29.070,56.188,3.775,0.000,0.945,14917056,0,81.507,36.715,29.070,0.000,20,0,0.000,Off,ModifiedOnly,0,0,0,0,0,0,false,0,0,0,0,0,0,0,0,0,0,0,0,0,0,0,0.000,0.000,0.000,0.000,0.000,0.000,0.000,0.000,0.000,0.000,0.000,0.000,0.000,0.000,0.000,0.000,0.000,0.000,0.000,0.000
Classic CPU ROAM,RelWithDebInfo,D3D12,NVIDIA GeForce RTX 5090 D,Direct3D 12 (feature level 12_0); requested Agility SDK 614; runtime 6.2.26100.8972 (C:\WINDOWS\SYSTEM32\D3D12Core.dll); driver 32.0.15.9186,false,assets/heightmaps/Hm_Terrain_Peking_513.png,547,547,80.000,12.000,20,0.250,0.100,200000,false,21,64,0.333,4.348,-29.000,17.402,50.229,214.568,200000,954138,199998,17457,8796,17457,233802,200000,33474,4409,200830,0,67884,132116,24085,2669,0,0,0,1,98.216,210.624,206.667,5.903,14.777,20.528,0.000,0.000,42.288,37.095,0.000,0.000,0.000,0.000,0.000,37.095,0.000,0.000,0.000,0.000,0.000,0.000,0.000,28.803,57.270,3.780,0.000,0.671,15109248,0,79.383,35.305,28.803,0.000,20,0,0.000,Off,ModifiedOnly,0,0,0,0,0,0,false,0,0,0,0,0,0,0,0,0,0,0,0,0,0,0,0.000,0.000,0.000,0.000,0.000,0.000,0.000,0.000,0.000,0.000,0.000,0.000,0.000,0.000,0.000,0.000,0.000,0.000,0.000,0.000
Classic CPU ROAM,RelWithDebInfo,D3D12,NVIDIA GeForce RTX 5090 D,Direct3D 12 (feature level 12_0); requested Agility SDK 614; runtime 6.2.26100.8972 (C:\WINDOWS\SYSTEM32\D3D12Core.dll); driver 32.0.15.9186,false,assets/heightmaps/Hm_Terrain_Peking_513.png,547,547,80.000,12.000,20,0.250,0.100,200000,false,22,64,0.349,4.559,-33.857,17.156,47.092,211.313,200000,978138,199998,16429,8321,16429,233796,200000,33445,4742,188065,0,67754,132246,24525,2585,0,0,0,1,98.607,210.182,205.856,5.918,13.591,19.933,0.000,0.000,41.990,34.328,0.000,0.000,0.000,0.000,0.000,34.328,0.000,0.000,0.000,0.000,0.000,0.000,0.000,27.251,62.842,4.154,0.000,0.770,15470616,0,76.318,33.524,27.251,0.000,20,0,0.000,Off,ModifiedOnly,0,0,0,0,0,0,false,0,0,0,0,0,0,0,0,0,0,0,0,0,0,0,0.000,0.000,0.000,0.000,0.000,0.000,0.000,0.000,0.000,0.000,0.000,0.000,0.000,0.000,0.000,0.000,0.000,0.000,0.000,0.000
Classic CPU ROAM,RelWithDebInfo,D3D12,NVIDIA GeForce RTX 5090 D,Direct3D 12 (feature level 12_0); requested Agility SDK 614; runtime 6.2.26100.8972 (C:\WINDOWS\SYSTEM32\D3D12Core.dll); driver 32.0.15.9186,false,assets/heightmaps/Hm_Terrain_Peking_513.png,547,547,80.000,12.000,20,0.250,0.100,200000,false,23,64,0.365,4.770,-38.378,17.023,43.487,210.869,200000,1001030,199998,16206,8213,16206,233710,200000,33422,5315,185037,0,65299,134701,24385,2334,0,0,0,1,99.351,208.555,204.295,6.613,14.800,20.986,0.000,0.000,42.169,33.279,0.000,0.000,0.000,0.000,0.000,33.279,0.000,0.000,0.000,0.000,0.000,0.000,0.000,26.978,59.468,4.071,0.000,0.771,15704808,0,75.448,35.786,26.978,0.000,20,0,0.000,Off,ModifiedOnly,0,0,0,0,0,0,false,0,0,0,0,0,0,0,0,0,0,0,0,0,0,0,0.000,0.000,0.000,0.000,0.000,0.000,0.000,0.000,0.000,0.000,0.000,0.000,0.000,0.000,0.000,0.000,0.000,0.000,0.000,0.000
Classic CPU ROAM,RelWithDebInfo,D3D12,NVIDIA GeForce RTX 5090 D,Direct3D 12 (feature level 12_0); requested Agility SDK 614; runtime 6.2.26100.8972 (C:\WINDOWS\SYSTEM32\D3D12Core.dll); driver 32.0.15.9186,false,assets/heightmaps/Hm_Terrain_Peking_513.png,547,547,80.000,12.000,20,0.250,0.100,200000,false,24,64,0.381,4.980,-42.517,17.008,39.450,209.271,200000,1023714,199998,16738,8552,16738,233540,200000,33351,6071,187759,0,65113,134887,24630,3844,0,0,0,1,99.751,207.915,203.479,6.378,14.831,21.704,0.000,0.000,42.259,33.284,0.000,0.000,0.000,0.000,0.000,33.284,0.000,0.000,0.000,0.000,0.000,0.000,0.000,27.214,57.807,4.250,0.000,0.954,15671712,0,75.543,36.536,27.214,0.000,20,0,0.000,Off,ModifiedOnly,0,0,0,0,0,0,false,0,0,0,0,0,0,0,0,0,0,0,0,0,0,0,0.000,0.000,0.000,0.000,0.000,0.000,0.000,0.000,0.000,0.000,0.000,0.000,0.000,0.000,0.000,0.000,0.000,0.000,0.000,0.000
Classic CPU ROAM,RelWithDebInfo,D3D12,NVIDIA GeForce RTX 5090 D,Direct3D 12 (feature level 12_0); requested Agility SDK 614; runtime 6.2.26100.8972 (C:\WINDOWS\SYSTEM32\D3D12Core.dll); driver 32.0.15.9186,false,assets/heightmaps/Hm_Terrain_Peking_513.png,547,547,80.000,12.000,20,0.250,0.100,200000,false,25,64,0.397,5.188,-46.234,17.112,35.021,208.566,200000,1047570,199998,18663,9442,18663,233609,200000,33413,6131,212170,0,68543,131457,25038,2682,0,0,0,1,95.165,217.689,213.288,6.214,14.812,23.433,0.000,0.000,42.107,38.171,0.000,0.000,0.000,0.000,0.000,38.171,0.000,0.000,0.000,0.000,0.000,0.000,0.000,30.208,58.342,4.211,0.000,0.794,15912624,0,80.278,38.245,30.208,0.000,20,0,0.000,Off,ModifiedOnly,0,0,0,0,0,0,false,0,0,0,0,0,0,0,0,0,0,0,0,0,0,0,0.000,0.000,0.000,0.000,0.000,0.000,0.000,0.000,0.000,0.000,0.000,0.000,0.000,0.000,0.000,0.000,0.000,0.000,0.000,0.000
Classic CPU ROAM,RelWithDebInfo,D3D12,NVIDIA GeForce RTX 5090 D,Direct3D 12 (feature level 12_0); requested Agility SDK 614; runtime 6.2.26100.8972 (C:\WINDOWS\SYSTEM32\D3D12Core.dll); driver 32.0.15.9186,false,assets/heightmaps/Hm_Terrain_Peking_513.png,547,547,80.000,12.000,20,0.250,0.100,200000,false,26,64,0.413,5.407,-49.491,17.330,30.243,218.387,200000,1071056,199998,17064,8616,17064,233732,200000,33495,5302,197076,0,69001,130999,25331,1952,0,0,0,1,95.073,217.915,213.496,7.012,14.797,21.385,0.000,0.000,42.614,38.545,0.000,0.000,0.000,0.000,0.000,38.545,0.000,0.000,0.000,0.000,0.000,0.000,0.000,28.337,60.804,4.228,0.000,0.782,16031568,0,81.159,36.181,28.337,0.000,20,0,0.000,Off,ModifiedOnly,0,0,0,0,0,0,false,0,0,0,0,0,0,0,0,0,0,0,0,0,0,0,0.000,0.000,0.000,0.000,0.000,0.000,0.000,0.000,0.000,0.000,0.000,0.000,0.000,0.000,0.000,0.000,0.000,0.000,0.000,0.000
Classic CPU ROAM,RelWithDebInfo,D3D12,NVIDIA GeForce RTX 5090 D,Direct3D 12 (feature level 12_0); requested Agility SDK 614; runtime 6.2.26100.8972 (C:\WINDOWS\SYSTEM32\D3D12Core.dll); driver 32.0.15.9186,false,assets/heightmaps/Hm_Terrain_Peking_513.png,547,547,80.000,12.000,20,0.250,0.100,200000,false,27,64,0.429,5.625,-52.256,17.655,25.165,218.623,200000,1092716,199998,15122,7684,15122,233813,200000,33477,4966,177472,0,65744,134256,25332,3005,0,0,0,1,98.816,194.020,189.601,6.688,14.695,18.630,0.000,0.000,42.033,30.298,0.000,0.000,0.000,0.000,0.000,30.298,0.000,0.000,0.000,0.000,0.000,0.000,0.000,24.469,52.787,4.241,0.000,0.743,15939168,0,72.330,33.325,24.469,0.000,20,0,0.000,Off,ModifiedOnly,0,0,0,0,0,0,false,0,0,0,0,0,0,0,0,0,0,0,0,0,0,0,0.000,0.000,0.000,0.000,0.000,0.000,0.000,0.000,0.000,0.000,0.000,0.000,0.000,0.000,0.000,0.000,0.000,0.000,0.000,0.000
Classic CPU ROAM,RelWithDebInfo,D3D12,NVIDIA GeForce RTX 5090 D,Direct3D 12 (feature level 12_0); requested Agility SDK 614; runtime 6.2.26100.8972 (C:\WINDOWS\SYSTEM32\D3D12Core.dll); driver 32.0.15.9186,false,assets/heightmaps/Hm_Terrain_Peking_513.png,547,547,80.000,12.000,20,0.250,0.100,200000,false,28,64,0.444,5.820,-54.502,18.072,19.837,194.702,200000,1113216,199998,14335,7290,14335,233772,200000,33465,4834,167994,0,61395,138605,24706,2208,0,0,0,1,102.598,187.312,182.598,5.403,14.336,16.874,0.000,0.000,41.739,27.790,0.000,0.000,0.000,0.000,0.000,27.790,0.000,0.000,0.000,0.000,0.000,0.000,0.000,23.329,53.124,4.528,0.000,0.788,15170064,0,69.529,31.210,23.329,0.000,20,0,0.000,Off,ModifiedOnly,0,0,0,0,0,0,false,0,0,0,0,0,0,0,0,0,0,0,0,0,0,0,0.000,0.000,0.000,0.000,0.000,0.000,0.000,0.000,0.000,0.000,0.000,0.000,0.000,0.000,0.000,0.000,0.000,0.000,0.000,0.000
Classic CPU ROAM,RelWithDebInfo,D3D12,NVIDIA GeForce RTX 5090 D,Direct3D 12 (feature level 12_0); requested Agility SDK 614; runtime 6.2.26100.8972 (C:\WINDOWS\SYSTEM32\D3D12Core.dll); driver 32.0.15.9186,false,assets/heightmaps/Hm_Terrain_Peking_513.png,547,547,80.000,12.000,20,0.250,0.100,200000,false,29,64,0.460,6.008,-56.206,18.565,14.312,188.031,200000,1134936,199998,15312,7824,15312,233718,200000,33572,5365,179891,0,62078,137922,25331,2859,0,0,0,1,99.667,192.218,187.975,5.705,14.651,18.491,0.000,0.000,43.004,29.753,0.000,0.000,0.000,0.000,0.000,29.753,0.000,0.000,0.000,0.000,0.000,0.000,0.000,24.120,52.249,4.060,0.000,0.790,14878584,0,72.757,33.142,24.120,0.000,20,0,0.000,Off,ModifiedOnly,0,0,0,0,0,0,false,0,0,0,0,0,0,0,0,0,0,0,0,0,0,0,0.000,0.000,0.000,0.000,0.000,0.000,0.000,0.000,0.000,0.000,0.000,0.000,0.000,0.000,0.000,0.000,0.000,0.000,0.000,0.000
Classic CPU ROAM,RelWithDebInfo,D3D12,NVIDIA GeForce RTX 5090 D,Direct3D 12 (feature level 12_0); requested Agility SDK 614; runtime 6.2.26100.8972 (C:\WINDOWS\SYSTEM32\D3D12Core.dll); driver 32.0.15.9186,false,assets/heightmaps/Hm_Terrain_Peking_513.png,547,547,80.000,12.000,20,0.250,0.100,200000,false,30,64,0.476,6.201,-57.352,19.116,8.644,192.912,200000,1156274,199998,15483,7916,15483,233751,200000,33515,5638,179939,0,64043,135957,26078,2122,0,0,0,1,91.481,191.997,187.715,5.821,14.643,18.771,0.000,0.000,42.371,29.658,0.000,0.000,0.000,0.000,0.000,29.658,0.000,0.000,0.000,0.000,0.000,0.000,0.000,24.649,51.801,4.087,0.000,0.704,15145200,0,72.028,33.414,24.649,0.000,20,0,0.000,Off,ModifiedOnly,0,0,0,0,0,0,false,0,0,0,0,0,0,0,0,0,0,0,0,0,0,0,0.000,0.000,0.000,0.000,0.000,0.000,0.000,0.000,0.000,0.000,0.000,0.000,0.000,0.000,0.000,0.000,0.000,0.000,0.000,0.000
Classic CPU ROAM,RelWithDebInfo,D3D12,NVIDIA GeForce RTX 5090 D,Direct3D 12 (feature level 12_0); requested Agility SDK 614; runtime 6.2.26100.8972 (C:\WINDOWS\SYSTEM32\D3D12Core.dll); driver 32.0.15.9186,false,assets/heightmaps/Hm_Terrain_Peking_513.png,547,547,80.000,12.000,20,0.250,0.100,200000,false,31,64,0.492,6.393,-57.928,19.701,2.891,192.646,200000,1177026,199998,15570,7932,15570,233689,200000,33631,6012,181652,0,64398,135602,26194,3867,0,0,0,1,98.736,194.241,189.724,5.701,14.639,19.464,0.000,0.000,42.654,30.115,0.000,0.000,0.000,0.000,0.000,30.115,0.000,0.000,0.000,0.000,0.000,0.000,0.000,25.267,51.883,4.308,0.000,0.784,15246000,0,72.769,34.103,25.267,0.000,20,0,0.000,Off,ModifiedOnly,0,0,0,0,0,0,false,0,0,0,0,0,0,0,0,0,0,0,0,0,0,0,0.000,0.000,0.000,0.000,0.000,0.000,0.000,0.000,0.000,0.000,0.000,0.000,0.000,0.000,0.000,0.000,0.000,0.000,0.000,0.000
Classic CPU ROAM,RelWithDebInfo,D3D12,NVIDIA GeForce RTX 5090 D,Direct3D 12 (feature level 12_0); requested Agility SDK 614; runtime 6.2.26100.8972 (C:\WINDOWS\SYSTEM32\D3D12Core.dll); driver 32.0.15.9186,false,assets/heightmaps/Hm_Terrain_Peking_513.png,547,547,80.000,12.000,20,0.250,0.100,200000,false,32,64,0.508,6.588,-57.928,20.299,-2.891,194.930,200000,1196024,199998,14598,7361,14598,233843,200000,33535,5976,172556,0,61690,138310,25523,1942,0,0,0,1,99.352,192.844,188.584,5.240,14.792,18.777,0.000,0.000,44.209,28.334,0.000,0.000,0.000,0.000,0.000,28.334,0.000,0.000,0.000,0.000,0.000,0.000,0.000,23.925,53.304,4.089,0.000,0.802,14782992,0,72.544,33.569,23.925,0.000,20,0,0.000,Off,ModifiedOnly,0,0,0,0,0,0,false,0,0,0,0,0,0,0,0,0,0,0,0,0,0,0,0.000,0.000,0.000,0.000,0.000,0.000,0.000,0.000,0.000,0.000,0.000,0.000,0.000,0.000,0.000,0.000,0.000,0.000,0.000,0.000
Classic CPU ROAM,RelWithDebInfo,D3D12,NVIDIA GeForce RTX 5090 D,Direct3D 12 (feature level 12_0); requested Agility SDK 614; runtime 6.2.26100.8972 (C:\WINDOWS\SYSTEM32\D3D12Core.dll); driver 32.0.15.9186,false,assets/heightmaps/Hm_Terrain_Peking_513.png,547,547,80.000,12.000,20,0.250,0.100,200000,false,33,64,0.524,6.782,-57.352,20.884,-8.644,193.550,200000,1214838,199998,13220,6709,13220,233707,200000,33635,5268,155446,0,58030,141970,25017,3538,0,0,0,1,94.700,185.526,181.363,5.644,14.698,16.744,0.000,0.000,43.988,26.261,0.000,0.000,0.000,0.000,0.000,26.261,0.000,0.000,0.000,0.000,0.000,0.000,0.000,21.318,52.708,4.001,0.000,0.966,14242704,0,70.249,31.442,21.318,0.000,20,0,0.000,Off,ModifiedOnly,0,0,0,0,0,0,false,0,0,0,0,0,0,0,0,0,0,0,0,0,0,0,0.000,0.000,0.000,0.000,0.000,0.000,0.000,0.000,0.000,0.000,0.000,0.000,0.000,0.000,0.000,0.000,0.000,0.000,0.000,0.000
Classic CPU ROAM,RelWithDebInfo,D3D12,NVIDIA GeForce RTX 5090 D,Direct3D 12 (feature level 12_0); requested Agility SDK 614; runtime 6.2.26100.8972 (C:\WINDOWS\SYSTEM32\D3D12Core.dll); driver 32.0.15.9186,false,assets/heightmaps/Hm_Terrain_Peking_513.png,547,547,80.000,12.000,20,0.250,0.100,200000,false,34,64,0.540,6.968,-56.206,21.435,-14.312,186.190,200000,1233768,199998,15182,7732,15182,233801,200000,33571,3811,178636,0,60177,139823,24412,2375,0,0,0,1,90.733,193.312,189.294,6.137,14.261,16.818,0.000,0.000,43.349,32.035,0.000,0.000,0.000,0.000,0.000,32.035,0.000,0.000,0.000,0.000,0.000,0.000,0.000,23.511,53.181,3.852,0.000,0.818,14253792,0,75.384,31.079,23.511,0.000,20,0,0.000,Off,ModifiedOnly,0,0,0,0,0,0,false,0,0,0,0,0,0,0,0,0,0,0,0,0,0,0,0.000,0.000,0.000,0.000,0.000,0.000,0.000,0.000,0.000,0.000,0.000,0.000,0.000,0.000,0.000,0.000,0.000,0.000,0.000,0.000
Classic CPU ROAM,RelWithDebInfo,D3D12,NVIDIA GeForce RTX 5090 D,Direct3D 12 (feature level 12_0); requested Agility SDK 614; runtime 6.2.26100.8972 (C:\WINDOWS\SYSTEM32\D3D12Core.dll); driver 32.0.15.9186,false,assets/heightmaps/Hm_Terrain_Peking_513.png,547,547,80.000,12.000,20,0.250,0.100,200000,false,35,64,0.556,7.162,-54.502,21.928,-19.837,194.037,200000,1251996,199998,15132,7707,15132,233898,200000,33656,3965,179945,0,59256,140744,24523,2552,0,0,0,1,98.790,193.754,189.664,5.677,14.763,17.193,0.000,0.000,43.132,32.211,0.000,0.000,0.000,0.000,0.000,32.211,0.000,0.000,0.000,0.000,0.000,0.000,0.000,23.664,53.020,3.926,0.000,0.804,14268240,0,75.343,31.957,23.664,0.000,20,0,0.000,Off,ModifiedOnly,0,0,0,0,0,0,false,0,0,0,0,0,0,0,0,0,0,0,0,0,0,0,0.000,0.000,0.000,0.000,0.000,0.000,0.000,0.000,0.000,0.000,0.000,0.000,0.000,0.000,0.000,0.000,0.000,0.000,0.000,0.000
Classic CPU ROAM,RelWithDebInfo,D3D12,NVIDIA GeForce RTX 5090 D,Direct3D 12 (feature level 12_0); requested Agility SDK 614; runtime 6.2.26100.8972 (C:\WINDOWS\SYSTEM32\D3D12Core.dll); driver 32.0.15.9186,false,assets/heightmaps/Hm_Terrain_Peking_513.png,547,547,80.000,12.000,20,0.250,0.100,200000,false,36,64,0.571,7.357,-52.256,22.345,-25.165,194.475,200000,1273930,199998,15948,8142,15948,234002,200000,33754,3873,188618,0,58852,141148,24348,2140,0,0,0,1,98.780,193.657,189.628,5.055,14.626,17.344,0.000,0.000,42.966,31.723,0.000,0.000,0.000,0.000,0.000,31.723,0.000,0.000,0.000,0.000,0.000,0.000,0.000,24.452,53.461,3.811,0.000,0.689,14122416,0,74.689,31.970,24.452,0.000,20,0,0.000,Off,ModifiedOnly,0,0,0,0,0,0,false,0,0,0,0,0,0,0,0,0,0,0,0,0,0,0,0.000,0.000,0.000,0.000,0.000,0.000,0.000,0.000,0.000,0.000,0.000,0.000,0.000,0.000,0.000,0.000,0.000,0.000,0.000,0.000
Classic CPU ROAM,RelWithDebInfo,D3D12,NVIDIA GeForce RTX 5090 D,Direct3D 12 (feature level 12_0); requested Agility SDK 614; runtime 6.2.26100.8972 (C:\WINDOWS\SYSTEM32\D3D12Core.dll); driver 32.0.15.9186,false,assets/heightmaps/Hm_Terrain_Peking_513.png,547,547,80.000,12.000,20,0.250,0.100,200000,false,37,64,0.587,7.551,-49.491,22.670,-30.243,194.315,200000,1295570,199998,16398,8316,16398,234264,200000,33958,4263,195984,0,59147,140853,24435,2508,0,0,0,1,97.253,196.640,192.661,5.395,14.606,17.934,0.000,0.000,42.685,32.685,0.000,0.000,0.000,0.000,0.000,32.685,0.000,0.000,0.000,0.000,0.000,0.000,0.000,25.396,53.960,3.811,0.000,0.904,13918968,0,75.370,32.540,25.396,0.000,20,0,0.000,Off,ModifiedOnly,0,0,0,0,0,0,false,0,0,0,0,0,0,0,0,0,0,0,0,0,0,0,0.000,0.000,0.000,0.000,0.000,0.000,0.000,0.000,0.000,0.000,0.000,0.000,0.000,0.000,0.000,0.000,0.000,0.000,0.000,0.000
Classic CPU ROAM,RelWithDebInfo,D3D12,NVIDIA GeForce RTX 5090 D,Direct3D 12 (feature level 12_0); requested Agility SDK 614; runtime 6.2.26100.8972 (C:\WINDOWS\SYSTEM32\D3D12Core.dll); driver 32.0.15.9186,false,assets/heightmaps/Hm_Terrain_Peking_513.png,547,547,80.000,12.000,20,0.250,0.100,200000,false,38,64,0.603,7.748,-46.234,22.888,-35.021,197.305,200000,1312514,199998,15820,8019,15820,234257,200000,33912,4588,185956,0,59813,140187,24837,2010,0,0,0,1,99.397,192.542,188.494,5.082,14.698,17.713,0.000,0.000,42.708,30.741,0.000,0.000,0.000,0.000,0.000,30.741,0.000,0.000,0.000,0.000,0.000,0.000,0.000,24.581,52.971,3.874,0.000,0.813,13806240,0,73.449,32.411,24.581,0.000,20,0,0.000,Off,ModifiedOnly,0,0,0,0,0,0,false,0,0,0,0,0,0,0,0,0,0,0,0,0,0,0,0.000,0.000,0.000,0.000,0.000,0.000,0.000,0.000,0.000,0.000,0.000,0.000,0.000,0.000,0.000,0.000,0.000,0.000,0.000,0.000
Classic CPU ROAM,RelWithDebInfo,D3D12,NVIDIA GeForce RTX 5090 D,Direct3D 12 (feature level 12_0); requested Agility SDK 614; runtime 6.2.26100.8972 (C:\WINDOWS\SYSTEM32\D3D12Core.dll); driver 32.0.15.9186,false,assets/heightmaps/Hm_Terrain_Peking_513.png,547,547,80.000,12.000,20,0.250,0.100,200000,false,39,64,0.619,7.941,-42.517,22.992,-39.450,193.209,200000,1329038,199998,16753,8514,16753,234337,200000,34243,5773,202435,0,62177,137823,26127,2942,0,0,0,1,96.391,198.567,194.383,5.312,14.677,19.675,0.000,0.000,42.707,33.119,0.000,0.000,0.000,0.000,0.000,33.119,0.000,0.000,0.000,0.000,0.000,0.000,0.000,26.003,52.887,4.015,0.000,0.787,14441280,0,75.826,34.353,26.003,0.000,20,0,0.000,Off,ModifiedOnly,0,0,0,0,0,0,false,0,0,0,0,0,0,0,0,0,0,0,0,0,0,0,0.000,0.000,0.000,0.000,0.000,0.000,0.000,0.000,0.000,0.000,0.000,0.000,0.000,0.000,0.000,0.000,0.000,0.000,0.000,0.000
Classic CPU ROAM,RelWithDebInfo,D3D12,NVIDIA GeForce RTX 5090 D,Direct3D 12 (feature level 12_0); requested Agility SDK 614; runtime 6.2.26100.8972 (C:\WINDOWS\SYSTEM32\D3D12Core.dll); driver 32.0.15.9186,false,assets/heightmaps/Hm_Terrain_Peking_513.png,547,547,80.000,12.000,20,0.250,0.100,200000,false,40,64,0.635,8.141,-38.378,22.977,-43.487,199.213,200000,1343102,199998,16591,8356,16591,234386,200000,34252,6463,194309,0,65173,134827,27402,3695,0,0,0,1,88.388,198.637,194.279,5.191,14.927,20.670,0.000,0.000,42.691,31.685,0.000,0.000,0.000,0.000,0.000,31.685,0.000,0.000,0.000,0.000,0.000,0.000,0.000,26.129,52.984,4.148,0.000,0.793,14883288,0,74.376,35.597,26.129,0.000,20,0,0.000,Off,ModifiedOnly,0,0,0,0,0,0,false,0,0,0,0,0,0,0,0,0,0,0,0,0,0,0,0.000,0.000,0.000,0.000,0.000,0.000,0.000,0.000,0.000,0.000,0.000,0.000,0.000,0.000,0.000,0.000,0.000,0.000,0.000,0.000
Classic CPU ROAM,RelWithDebInfo,D3D12,NVIDIA GeForce RTX 5090 D,Direct3D 12 (feature level 12_0); requested Agility SDK 614; runtime 6.2.26100.8972 (C:\WINDOWS\SYSTEM32\D3D12Core.dll); driver 32.0.15.9186,false,assets/heightmaps/Hm_Terrain_Peking_513.png,547,547,80.000,12.000,20,0.250,0.100,200000,false,41,64,0.651,8.340,-33.857,22.844,-47.092,199.325,200000,1356936,199998,15778,8021,15778,234333,200000,34210,6690,189874,0,65279,134721,27804,3034,0,0,0,1,96.267,199.156,194.577,5.365,14.856,20.032,0.000,0.000,42.453,30.863,0.000,0.000,0.000,0.000,0.000,30.863,0.000,0.000,0.000,0.000,0.000,0.000,0.000,25.915,55.091,4.352,0.000,0.759,15340248,0,73.316,34.888,25.915,0.000,20,0,0.000,Off,ModifiedOnly,0,0,0,0,0,0,false,0,0,0,0,0,0,0,0,0,0,0,0,0,0,0,0.000,0.000,0.000,0.000,0.000,0.000,0.000,0.000,0.000,0.000,0.000,0.000,0.000,0.000,0.000,0.000,0.000,0.000,0.000,0.000
Classic CPU ROAM,RelWithDebInfo,D3D12,NVIDIA GeForce RTX 5090 D,Direct3D 12 (feature level 12_0); requested Agility SDK 614; runtime 6.2.26100.8972 (C:\WINDOWS\SYSTEM32\D3D12Core.dll); driver 32.0.15.9186,false,assets/heightmaps/Hm_Terrain_Peking_513.png,547,547,80.000,12.000,20,0.250,0.100,200000,false,42,64,0.667,8.540,-29.000,22.598,-50.229,200.023,200000,1372434,199998,14677,7472,14677,234221,200000,34055,6046,175387,0,63643,136357,27964,3246,0,0,0,1,99.804,192.358,187.698,5.443,14.949,18.834,0.000,0.000,42.321,28.568,0.000,0.000,0.000,0.000,0.000,28.568,0.000,0.000,0.000,0.000,0.000,0.000,0.000,23.730,53.850,4.452,0.000,0.910,15237432,0,70.890,33.783,23.730,0.000,20,0,0.000,Off,ModifiedOnly,0,0,0,0,0,0,false,0,0,0,0,0,0,0,0,0,0,0,0,0,0,0,0.000,0.000,0.000,0.000,0.000,0.000,0.000,0.000,0.000,0.000,0.000,0.000,0.000,0.000,0.000,0.000,0.000,0.000,0.000,0.000
Classic CPU ROAM,RelWithDebInfo,D3D12,NVIDIA GeForce RTX 5090 D,Direct3D 12 (feature level 12_0); requested Agility SDK 614; runtime 6.2.26100.8972 (C:\WINDOWS\SYSTEM32\D3D12Core.dll); driver 32.0.15.9186,false,assets/heightmaps/Hm_Terrain_Peking_513.png,547,547,80.000,12.000,20,0.250,0.100,200000,false,43,64,0.683,8.733,-23.855,22.249,-52.867,193.189,200000,1388576,199998,14286,7280,14286,234179,200000,34082,5145,171531,0,60632,139368,27233,2082,0,0,0,1,93.187,188.706,184.279,5.792,14.795,17.718,0.000,0.000,42.450,27.613,0.000,0.000,0.000,0.000,0.000,27.613,0.000,0.000,0.000,0.000,0.000,0.000,0.000,22.481,53.427,4.230,0.000,0.962,14903112,0,70.064,32.513,22.481,0.000,20,0,0.000,Off,ModifiedOnly,0,0,0,0,0,0,false,0,0,0,0,0,0,0,0,0,0,0,0,0,0,0,0.000,0.000,0.000,0.000,0.000,0.000,0.000,0.000,0.000,0.000,0.000,0.000,0.000,0.000,0.000,0.000,0.000,0.000,0.000,0.000
Classic CPU ROAM,RelWithDebInfo,D3D12,NVIDIA GeForce RTX 5090 D,Direct3D 12 (feature level 12_0); requested Agility SDK 614; runtime 6.2.26100.8972 (C:\WINDOWS\SYSTEM32\D3D12Core.dll); driver 32.0.15.9186,false,assets/heightmaps/Hm_Terrain_Peking_513.png,547,547,80.000,12.000,20,0.250,0.100,200000,false,44,64,0.698,8.923,-18.472,21.811,-54.980,189.526,200000,1405436,199998,14584,7441,14584,234229,200000,33998,5280,173596,0,59378,140622,27283,2477,0,0,0,1,101.338,189.304,184.868,5.519,14.896,18.012,0.000,0.000,42.525,28.146,0.000,0.000,0.000,0.000,0.000,28.146,0.000,0.000,0.000,0.000,0.000,0.000,0.000,23.034,52.734,4.246,0.000,0.791,14447832,0,70.671,32.908,23.034,0.000,20,0,0.000,Off,ModifiedOnly,0,0,0,0,0,0,false,0,0,0,0,0,0,0,0,0,0,0,0,0,0,0,0.000,0.000,0.000,0.000,0.000,0.000,0.000,0.000,0.000,0.000,0.000,0.000,0.000,0.000,0.000,0.000,0.000,0.000,0.000,0.000
Classic CPU ROAM,RelWithDebInfo,D3D12,NVIDIA GeForce RTX 5090 D,Direct3D 12 (feature level 12_0); requested Agility SDK 614; runtime 6.2.26100.8972 (C:\WINDOWS\SYSTEM32\D3D12Core.dll); driver 32.0.15.9186,false,assets/heightmaps/Hm_Terrain_Peking_513.png,547,547,80.000,12.000,20,0.250,0.100,200000,false,45,64,0.714,9.113,-12.906,21.302,-56.546,189.980,200000,1422106,199998,15499,7915,15499,234137,200000,33808,5625,181450,0,61849,138151,28208,3132,0,0,0,1,98.175,195.413,190.794,5.854,14.756,19.336,0.000,0.000,42.694,29.612,0.000,0.000,0.000,0.000,0.000,29.612,0.000,0.000,0.000,0.000,0.000,0.000,0.000,24.440,54.100,4.394,0.000,0.884,14472360,0,72.306,34.092,24.440,0.000,20,0,0.000,Off,ModifiedOnly,0,0,0,0,0,0,false,0,0,0,0,0,0,0,0,0,0,0,0,0,0,0,0.000,0.000,0.000,0.000,0.000,0.000,0.000,0.000,0.000,0.000,0.000,0.000,0.000,0.000,0.000,0.000,0.000,0.000,0.000,0.000
Classic CPU ROAM,RelWithDebInfo,D3D12,NVIDIA GeForce RTX 5090 D,Direct3D 12 (feature level 12_0); requested Agility SDK 614; runtime 6.2.26100.8972 (C:\WINDOWS\SYSTEM32\D3D12Core.dll); driver 32.0.15.9186,false,assets/heightmaps/Hm_Terrain_Peking_513.png,547,547,80.000,12.000,20,0.250,0.100,200000,false,46,64,0.730,9.309,-7.212,20.740,-57.550,196.157,200000,1438704,199998,15927,8130,15927,233951,200000,33610,5578,184800,0,63152,136848,28231,3288,0,0,0,1,105.803,196.404,191.815,5.554,14.653,19.635,0.000,0.000,42.988,30.768,0.000,0.000,0.000,0.000,0.000,30.768,0.000,0.000,0.000,0.000,0.000,0.000,0.000,25.429,52.786,4.387,0.000,0.803,14713608,0,73.756,34.288,25.429,0.000,20,0,0.000,Off,ModifiedOnly,0,0,0,0,0,0,false,0,0,0,0,0,0,0,0,0,0,0,0,0,0,0,0.000,0.000,0.000,0.000,0.000,0.000,0.000,0.000,0.000,0.000,0.000,0.000,0.000,0.000,0.000,0.000,0.000,0.000,0.000,0.000
Classic CPU ROAM,RelWithDebInfo,D3D12,NVIDIA GeForce RTX 5090 D,Direct3D 12 (feature level 12_0); requested Agility SDK 614; runtime 6.2.26100.8972 (C:\WINDOWS\SYSTEM32\D3D12Core.dll); driver 32.0.15.9186,false,assets/heightmaps/Hm_Terrain_Peking_513.png,547,547,80.000,12.000,20,0.250,0.100,200000,false,47,64,0.746,9.506,-1.446,20.150,-57.982,197.041,200000,1452546,199998,15176,7716,15176,233813,200000,33584,5407,176066,0,61783,138217,27751,2759,0,0,0,1,98.307,194.999,190.554,5.225,14.595,18.419,0.000,0.000,43.366,29.257,0.000,0.000,0.000,0.000,0.000,29.257,0.000,0.000,0.000,0.000,0.000,0.000,0.000,24.057,55.633,4.237,0.000,0.789,14523264,0,72.623,33.014,24.057,0.000,20,0,0.000,Off,ModifiedOnly,0,0,0,0,0,0,false,0,0,0,0,0,0,0,0,0,0,0,0,0,0,0,0.000,0.000,0.000,0.000,0.000,0.000,0.000,0.000,0.000,0.000,0.000,0.000,0.000,0.000,0.000,0.000,0.000,0.000,0.000,0.000
Classic CPU ROAM,RelWithDebInfo,D3D12,NVIDIA GeForce RTX 5090 D,Direct3D 12 (feature level 12_0); requested Agility SDK 614; runtime 6.2.26100.8972 (C:\WINDOWS\SYSTEM32\D3D12Core.dll); driver 32.0.15.9186,false,assets/heightmaps/Hm_Terrain_Peking_513.png,547,547,80.000,12.000,20,0.250,0.100,200000,false,48,64,0.762,9.702,4.334,19.553,-57.838,195.853,200000,1465556,199998,14510,7293,14510,233790,200000,33664,5540,169718,0,59852,140148,27141,4898,0,0,0,1,100.199,191.378,186.983,5.671,14.576,18.126,0.000,0.000,43.628,29.193,0.000,0.000,0.000,0.000,0.000,29.193,0.000,0.000,0.000,0.000,0.000,0.000,0.000,22.994,52.793,4.218,0.000,0.801,14387688,0,72.821,32.702,22.994,0.000,20,0,0.000,Off,ModifiedOnly,0,0,0,0,0,0,false,0,0,0,0,0,0,0,0,0,0,0,0,0,0,0,0.000,0.000,0.000,0.000,0.000,0.000,0.000,0.000,0.000,0.000,0.000,0.000,0.000,0.000,0.000,0.000,0.000,0.000,0.000,0.000
Classic CPU ROAM,RelWithDebInfo,D3D12,NVIDIA GeForce RTX 5090 D,Direct3D 12 (feature level 12_0); requested Agility SDK 614; runtime 6.2.26100.8972 (C:\WINDOWS\SYSTEM32\D3D12Core.dll); driver 32.0.15.9186,false,assets/heightmaps/Hm_Terrain_Peking_513.png,547,547,80.000,12.000,20,0.250,0.100,200000,false,49,64,0.778,9.894,10.072,18.974,-57.119,192.040,200000,1478618,199998,14092,7098,14092,233867,200000,33680,4909,163882,0,58524,141476,26874,1769,0,0,0,1,100.297,191.077,186.808,5.549,14.604,17.286,0.000,0.000,43.703,28.796,0.000,0.000,0.000,0.000,0.000,28.796,0.000,0.000,0.000,0.000,0.000,0.000,0.000,22.871,54.000,4.100,0.000,0.803,14067480,0,72.499,31.890,22.871,0.000,20,0,0.000,Off,ModifiedOnly,0,0,0,0,0,0,false,0,0,0,0,0,0,0,0,0,0,0,0,0,0,0,0.000,0.000,0.000,0.000,0.000,0.000,0.000,0.000,0.000,0.000,0.000,0.000,0.000,0.000,0.000,0.000,0.000,0.000,0.000,0.000
Classic CPU ROAM,RelWithDebInfo,D3D12,NVIDIA GeForce RTX 5090 D,Direct3D 12 (feature level 12_0); requested Agility SDK 614; runtime 6.2.26100.8972 (C:\WINDOWS\SYSTEM32\D3D12Core.dll); driver 32.0.15.9186,false,assets/heightmaps/Hm_Terrain_Peking_513.png,547,547,80.000,12.000,20,0.250,0.100,200000,false,50,64,0.794,10.086,15.709,18.436,-55.832,191.718,200000,1494856,199998,16102,8263,16102,233804,200000,33363,4642,187191,0,62886,137114,27490,1336,0,0,0,1,105.428,196.949,192.487,5.497,14.632,18.439,0.000,0.000,43.389,31.904,0.000,0.000,0.000,0.000,0.000,31.904,0.000,0.000,0.000,0.000,0.000,0.000,0.000,25.323,53.303,4.250,0.000,0.814,14613648,0,75.293,33.071,25.323,0.000,20,0,0.000,Off,ModifiedOnly,0,0,0,0,0,0,false,0,0,0,0,0,0,0,0,0,0,0,0,0,0,0,0.000,0.000,0.000,0.000,0.000,0.000,0.000,0.000,0.000,0.000,0.000,0.000,0.000,0.000,0.000,0.000,0.000,0.000,0.000,0.000
Classic CPU ROAM,RelWithDebInfo,D3D12,NVIDIA GeForce RTX 5090 D,Direct3D 12 (feature level 12_0); requested Agility SDK 614; runtime 6.2.26100.8972 (C:\WINDOWS\SYSTEM32\D3D12Core.dll); driver 32.0.15.9186,false,assets/heightmaps/Hm_Terrain_Peking_513.png,547,547,80.000,12.000,20,0.250,0.100,200000,false,51,64,0.810,10.283,21.190,17.959,-53.991,197.842,200000,1514374,199998,17971,9136,17971,233638,200000,33277,4528,208636,0,64979,135021,27554,1627,0,0,0,1,102.611,202.405,197.762,4.899,14.448,19.609,0.000,0.000,42.972,35.371,0.000,0.000,0.000,0.000,0.000,35.371,0.000,0.000,0.000,0.000,0.000,0.000,0.000,27.712,52.749,4.415,0.000,0.780,15204840,0,78.343,34.057,27.712,0.000,20,0,0.000,Off,ModifiedOnly,0,0,0,0,0,0,false,0,0,0,0,0,0,0,0,0,0,0,0,0,0,0,0.000,0.000,0.000,0.000,0.000,0.000,0.000,0.000,0.000,0.000,0.000,0.000,0.000,0.000,0.000,0.000,0.000,0.000,0.000,0.000
Classic CPU ROAM,RelWithDebInfo,D3D12,NVIDIA GeForce RTX 5090 D,Direct3D 12 (feature level 12_0); requested Agility SDK 614; runtime 6.2.26100.8972 (C:\WINDOWS\SYSTEM32\D3D12Core.dll); driver 32.0.15.9186,false,assets/heightmaps/Hm_Terrain_Peking_513.png,547,547,80.000,12.000,20,0.250,0.100,200000,false,52,64,0.825,10.487,26.460,17.564,-51.613,203.217,200000,1534184,199998,17601,8847,17601,233584,200000,33237,4434,200822,0,64747,135253,27853,2257,0,0,0,1,96.274,199.171,194.567,5.186,14.412,18.974,0.000,0.000,42.462,33.669,0.000,0.000,0.000,0.000,0.000,33.669,0.000,0.000,0.000,0.000,0.000,0.000,0.000,27.225,52.636,4.380,0.000,0.931,15057672,0,76.132,33.386,27.225,0.000,20,0,0.000,Off,ModifiedOnly,0,0,0,0,0,0,false,0,0,0,0,0,0,0,0,0,0,0,0,0,0,0,0.000,0.000,0.000,0.000,0.000,0.000,0.000,0.000,0.000,0.000,0.000,0.000,0.000,0.000,0.000,0.000,0.000,0.000,0.000,0.000
Classic CPU ROAM,RelWithDebInfo,D3D12,NVIDIA GeForce RTX 5090 D,Direct3D 12 (feature level 12_0); requested Agility SDK 614; runtime 6.2.26100.8972 (C:\WINDOWS\SYSTEM32\D3D12Core.dll); driver 32.0.15.9186,false,assets/heightmaps/Hm_Terrain_Peking_513.png,547,547,80.000,12.000,20,0.250,0.100,200000,false,53,64,0.841,10.687,31.468,17.265,-48.722,200.147,200000,1551700,199998,16802,8469,16802,233656,200000,33381,4470,194526,0,66448,133552,28585,2955,0,0,0,1,97.132,197.616,192.874,5.358,14.391,18.333,0.000,0.000,42.321,33.239,0.000,0.000,0.000,0.000,0.000,33.239,0.000,0.000,0.000,0.000,0.000,0.000,0.000,26.858,52.373,4.545,0.000,0.769,14923608,0,75.560,32.724,26.858,0.000,20,0,0.000,Off,ModifiedOnly,0,0,0,0,0,0,false,0,0,0,0,0,0,0,0,0,0,0,0,0,0,0,0.000,0.000,0.000,0.000,0.000,0.000,0.000,0.000,0.000,0.000,0.000,0.000,0.000,0.000,0.000,0.000,0.000,0.000,0.000,0.000
Classic CPU ROAM,RelWithDebInfo,D3D12,NVIDIA GeForce RTX 5090 D,Direct3D 12 (feature level 12_0); requested Agility SDK 614; runtime 6.2.26100.8972 (C:\WINDOWS\SYSTEM32\D3D12Core.dll); driver 32.0.15.9186,false,assets/heightmaps/Hm_Terrain_Peking_513.png,547,547,80.000,12.000,20,0.250,0.100,200000,false,54,64,0.857,10.885,36.162,17.075,-45.346,198.275,200000,1565178,199998,16670,8438,16670,233849,200000,33498,4914,193821,0,66388,133612,28963,2862,0,0,0,1,105.353,197.149,192.637,5.120,14.718,18.773,0.000,0.000,41.949,32.906,0.000,0.000,0.000,0.000,0.000,32.906,0.000,0.000,0.000,0.000,0.000,0.000,0.000,26.478,52.694,4.307,0.000,0.707,15243480,0,74.854,33.491,26.478,0.000,20,0,0.000,Off,ModifiedOnly,0,0,0,0,0,0,false,0,0,0,0,0,0,0,0,0,0,0,0,0,0,0,0.000,0.000,0.000,0.000,0.000,0.000,0.000,0.000,0.000,0.000,0.000,0.000,0.000,0.000,0.000,0.000,0.000,0.000,0.000,0.000
Classic CPU ROAM,RelWithDebInfo,D3D12,NVIDIA GeForce RTX 5090 D,Direct3D 12 (feature level 12_0); requested Agility SDK 614; runtime 6.2.26100.8972 (C:\WINDOWS\SYSTEM32\D3D12Core.dll); driver 32.0.15.9186,false,assets/heightmaps/Hm_Terrain_Peking_513.png,547,547,80.000,12.000,20,0.250,0.100,200000,false,55,64,0.873,11.083,40.498,17.001,-41.520,197.789,200000,1576172,199998,16899,8576,16899,233815,200000,33558,5850,194450,0,66427,133573,29206,3891,0,0,0,1,102.786,202.279,197.454,5.494,13.320,20.157,0.000,0.000,41.912,36.078,0.000,0.000,0.000,0.000,0.000,36.078,0.000,0.000,0.000,0.000,0.000,0.000,0.000,27.277,53.215,4.624,0.000,0.699,15592248,0,77.990,33.477,27.277,0.000,20,0,0.000,Off,ModifiedOnly,0,0,0,0,0,0,false,0,0,0,0,0,0,0,0,0,0,0,0,0,0,0,0.000,0.000,0.000,0.000,0.000,0.000,0.000,0.000,0.000,0.000,0.000,0.000,0.000,0.000,0.000,0.000,0.000,0.000,0.000,0.000
Classic CPU ROAM,RelWithDebInfo,D3D12,NVIDIA GeForce RTX 5090 D,Direct3D 12 (feature level 12_0); requested Agility SDK 614; runtime 6.2.26100.8972 (C:\WINDOWS\SYSTEM32\D3D12Core.dll); driver 32.0.15.9186,false,assets/heightmaps/Hm_Terrain_Peking_513.png,547,547,80.000,12.000,20,0.250,0.100,200000,false,56,64,0.889,11.286,44.431,17.046,-37.282,203.003,200000,1586108,199998,18110,9206,18110,233670,200000,33445,6414,204891,0,67642,132358,29578,3345,0,0,0,1,101.901,203.952,199.165,5.707,14.577,21.644,0.000,0.000,41.918,34.751,0.000,0.000,0.000,0.000,0.000,34.751,0.000,0.000,0.000,0.000,0.000,0.000,0.000,28.300,52.266,4.582,0.000,0.711,15840720,0,76.669,36.221,28.300,0.000,20,0,0.000,Off,ModifiedOnly,0,0,0,0,0,0,false,0,0,0,0,0,0,0,0,0,0,0,0,0,0,0,0.000,0.000,0.000,0.000,0.000,0.000,0.000,0.000,0.000,0.000,0.000,0.000,0.000,0.000,0.000,0.000,0.000,0.000,0.000,0.000
Classic CPU ROAM,RelWithDebInfo,D3D12,NVIDIA GeForce RTX 5090 D,Direct3D 12 (feature level 12_0); requested Agility SDK 614; runtime 6.2.26100.8972 (C:\WINDOWS\SYSTEM32\D3D12Core.dll); driver 32.0.15.9186,false,assets/heightmaps/Hm_Terrain_Peking_513.png,547,547,80.000,12.000,20,0.250,0.100,200000,false,57,64,0.905,11.491,47.922,17.207,-32.673,204.843,200000,1595956,199998,17926,9041,17926,233810,200000,33598,5648,206245,0,69761,130239,30045,3127,0,0,0,1,101.686,204.604,199.587,5.556,14.541,20.164,0.000,0.000,42.017,36.513,0.000,0.000,0.000,0.000,0.000,36.513,0.000,0.000,0.000,0.000,0.000,0.000,0.000,28.384,52.410,4.812,0.000,0.702,16196544,0,78.530,34.705,28.384,0.000,20,0,0.000,Off,ModifiedOnly,0,0,0,0,0,0,false,0,0,0,0,0,0,0,0,0,0,0,0,0,0,0,0.000,0.000,0.000,0.000,0.000,0.000,0.000,0.000,0.000,0.000,0.000,0.000,0.000,0.000,0.000,0.000,0.000,0.000,0.000,0.000
Classic CPU ROAM,RelWithDebInfo,D3D12,NVIDIA GeForce RTX 5090 D,Direct3D 12 (feature level 12_0); requested Agility SDK 614; runtime 6.2.26100.8972 (C:\WINDOWS\SYSTEM32\D3D12Core.dll); driver 32.0.15.9186,false,assets/heightmaps/Hm_Terrain_Peking_513.png,547,547,80.000,12.000,20,0.250,0.100,200000,false,58,64,0.921,11.696,50.937,17.480,-27.739,205.235,200000,1604498,199998,15972,8097,15972,233983,200000,33776,5160,189504,0,67952,132048,30218,2440,0,0,0,1,105.740,197.196,191.938,6.083,13.621,18.483,0.000,0.000,42.186,32.888,0.000,0.000,0.000,0.000,0.000,32.888,0.000,0.000,0.000,0.000,0.000,0.000,0.000,26.108,52.567,5.062,0.000,0.683,16179240,0,75.073,32.104,26.108,0.000,20,0,0.000,Off,ModifiedOnly,0,0,0,0,0,0,false,0,0,0,0,0,0,0,0,0,0,0,0,0,0,0,0.000,0.000,0.000,0.000,0.000,0.000,0.000,0.000,0.000,0.000,0.000,0.000,0.000,0.000,0.000,0.000,0.000,0.000,0.000,0.000
Classic CPU ROAM,RelWithDebInfo,D3D12,NVIDIA GeForce RTX 5090 D,Direct3D 12 (feature level 12_0); requested Agility SDK 614; runtime 6.2.26100.8972 (C:\WINDOWS\SYSTEM32\D3D12Core.dll); driver 32.0.15.9186,false,assets/heightmaps/Hm_Terrain_Peking_513.png,547,547,80.000,12.000,20,0.250,0.100,200000,false,59,64,0.937,11.894,53.446,17.852,-22.529,198.089,200000,1610400,199998,14004,7137,14004,233963,200000,33635,4676,164499,0,62402,137598,28954,2639,0,0,0,1,102.170,188.120,183.338,5.422,14.714,16.860,0.000,0.000,42.049,28.733,0.000,0.000,0.000,0.000,0.000,28.733,0.000,0.000,0.000,0.000,0.000,0.000,0.000,23.208,52.351,4.566,0.000,0.696,15462888,0,70.782,31.573,23.208,0.000,20,0,0.000,Off,ModifiedOnly,0,0,0,0,0,0,false,0,0,0,0,0,0,0,0,0,0,0,0,0,0,0,0.000,0.000,0.000,0.000,0.000,0.000,0.000,0.000,0.000,0.000,0.000,0.000,0.000,0.000,0.000,0.000,0.000,0.000,0.000,0.000
Classic CPU ROAM,RelWithDebInfo,D3D12,NVIDIA GeForce RTX 5090 D,Direct3D 12 (feature level 12_0); requested Agility SDK 614; runtime 6.2.26100.8972 (C:\WINDOWS\SYSTEM32\D3D12Core.dll); driver 32.0.15.9186,false,assets/heightmaps/Hm_Terrain_Peking_513.png,547,547,80.000,12.000,20,0.250,0.100,200000,false,60,64,0.952,12.083,55.423,18.310,-17.096,189.045,200000,1613728,199998,15077,7673,15077,233914,200000,33628,5206,177259,0,61085,138915,29201,2412,0,0,0,1,99.219,193.503,188.800,5.793,14.617,17.875,0.000,0.000,42.017,30.467,0.000,0.000,0.000,0.000,0.000,30.467,0.000,0.000,0.000,0.000,0.000,0.000,0.000,24.236,53.793,4.494,0.000,0.693,14940240,0,72.485,32.492,24.236,0.000,20,0,0.000,Off,ModifiedOnly,0,0,0,0,0,0,false,0,0,0,0,0,0,0,0,0,0,0,0,0,0,0,0.000,0.000,0.000,0.000,0.000,0.000,0.000,0.000,0.000,0.000,0.000,0.000,0.000,0.000,0.000,0.000,0.000,0.000,0.000,0.000
Classic CPU ROAM,RelWithDebInfo,D3D12,NVIDIA GeForce RTX 5090 D,Direct3D 12 (feature level 12_0); requested Agility SDK 614; runtime 6.2.26100.8972 (C:\WINDOWS\SYSTEM32\D3D12Core.dll); driver 32.0.15.9186,false,assets/heightmaps/Hm_Terrain_Peking_513.png,547,547,80.000,12.000,20,0.250,0.100,200000,false,61,64,0.968,12.277,56.850,18.835,-11.492,194.368,200000,1616268,199998,15566,7957,15566,233818,200000,33577,5724,181255,0,64317,135683,30351,3031,0,0,0,1,98.705,194.790,189.782,5.661,14.602,18.936,0.000,0.000,42.411,31.015,0.000,0.000,0.000,0.000,0.000,31.015,0.000,0.000,0.000,0.000,0.000,0.000,0.000,25.065,52.090,4.793,0.000,0.691,15013992,0,73.426,33.538,25.065,0.000,20,0,0.000,Off,ModifiedOnly,0,0,0,0,0,0,false,0,0,0,0,0,0,0,0,0,0,0,0,0,0,0,0.000,0.000,0.000,0.000,0.000,0.000,0.000,0.000,0.000,0.000,0.000,0.000,0.000,0.000,0.000,0.000,0.000,0.000,0.000,0.000
Classic CPU ROAM,RelWithDebInfo,D3D12,NVIDIA GeForce RTX 5090 D,Direct3D 12 (feature level 12_0); requested Agility SDK 614; runtime 6.2.26100.8972 (C:\WINDOWS\SYSTEM32\D3D12Core.dll); driver 32.0.15.9186,false,assets/heightmaps/Hm_Terrain_Peking_513.png,547,547,80.000,12.000,20,0.250,0.100,200000,false,62,64,0.984,12.473,57.712,19.406,-5.775,195.715,200000,1618212,199998,15775,8075,15775,233768,200000,33553,6164,183484,0,65507,134493,30601,3117,0,0,0,1,97.383,197.192,192.359,5.731,14.643,19.681,0.000,0.000,42.594,32.180,0.000,0.000,0.000,0.000,0.000,32.180,0.000,0.000,0.000,0.000,0.000,0.000,0.000,25.473,52.054,4.619,0.000,0.722,15482880,0,74.775,34.324,25.473,0.000,20,0,0.000,Off,ModifiedOnly,0,0,0,0,0,0,false,0,0,0,0,0,0,0,0,0,0,0,0,0,0,0,0.000,0.000,0.000,0.000,0.000,0.000,0.000,0.000,0.000,0.000,0.000,0.000,0.000,0.000,0.000,0.000,0.000,0.000,0.000,0.000
Classic CPU ROAM,RelWithDebInfo,D3D12,NVIDIA GeForce RTX 5090 D,Direct3D 12 (feature level 12_0); requested Agility SDK 614; runtime 6.2.26100.8972 (C:\WINDOWS\SYSTEM32\D3D12Core.dll); driver 32.0.15.9186,false,assets/heightmaps/Hm_Terrain_Peking_513.png,547,547,80.000,12.000,20,0.250,0.100,200000,false,63,64,1.000,12.671,58.000,20.000,0.000,198.119,200000,1618212,199998,14237,7228,14237,233858,200000,33558,5847,168875,0,62160,137840,29725,3984,0,0,0,1,100.587,190.974,186.245,6.095,14.722,18.283,0.000,0.000,42.907,29.498,0.000,0.000,0.000,0.000,0.000,29.498,0.000,0.000,0.000,0.000,0.000,0.000,0.000,23.068,51.672,4.533,0.000,0.709,14910168,0,72.404,33.005,23.068,0.000,20,0,0.000,Off,ModifiedOnly,0,0,0,0,0,0,false,0,0,0,0,0,0,0,0,0,0,0,0,0,0,0,0.000,0.000,0.000,0.000,0.000,0.000,0.000,0.000,0.000,0.000,0.000,0.000,0.000,0.000,0.000,0.000,0.000,0.000,0.000,0.000
Data-Oriented CPU ROAM,RelWithDebInfo,D3D12,NVIDIA GeForce RTX 5090 D,Direct3D 12 (feature level 12_0); requested Agility SDK 614; runtime 6.2.26100.8972 (C:\WINDOWS\SYSTEM32\D3D12Core.dll); driver 32.0.15.9186,false,assets/heightmaps/Hm_Terrain_Peking_513.png,547,547,80.000,12.000,20,0.250,0.100,200000,false,0,64,0.000,0.000,58.000,20.000,0.000,34.315,199999,399996,199997,0,0,0,233557,199999,33558,0,0,0,0,199999,0,1,0,0,0,8,94.707,33.010,32.993,2.358,2.077,0.005,0.000,0.000,4.201,0.002,0.000,0.000,0.000,0.000,0.000,0.002,0.002,0.000,0.000,0.000,0.000,0.000,0.000,0.001,24.349,0.003,0.000,1.016,0,0,4.203,2.082,0.001,0.000,20,0,0.000,Off,ModifiedOnly,0,0,0,0,0,0,false,0,0,0,0,0,0,0,0,0,0,0,0,0,0,0,0.000,0.000,0.000,0.000,0.000,0.000,0.000,0.000,0.000,0.000,0.000,0.000,0.000,0.000,0.000,0.000,0.000,0.000,0.000,0.000
Data-Oriented CPU ROAM,RelWithDebInfo,D3D12,NVIDIA GeForce RTX 5090 D,Direct3D 12 (feature level 12_0); requested Agility SDK 614; runtime 6.2.26100.8972 (C:\WINDOWS\SYSTEM32\D3D12Core.dll); driver 32.0.15.9186,false,assets/heightmaps/Hm_Terrain_Peking_513.png,547,547,80.000,12.000,20,0.250,0.100,200000,false,1,64,0.016,0.034,57.712,20.594,5.775,33.679,199999,427214,199997,13609,6871,13609,233748,199999,33614,5942,159076,0,31111,168888,14092,5943,0,0,0,8,223.691,84.824,83.781,2.439,2.392,15.314,0.000,0.000,4.852,29.884,0.000,0.000,0.000,0.000,0.000,29.884,0.098,0.329,0.131,0.003,1.237,13.505,0.000,4.842,24.057,0.981,0.000,1.019,5226648,0,47.261,17.707,4.842,0.000,20,0,0.000,Off,ModifiedOnly,0,0,0,0,0,0,false,0,0,0,297,0,0,0,0,0,0,0,0,0,0,0,0.000,0.000,0.000,0.000,0.000,0.000,0.000,0.000,0.000,0.000,0.000,0.000,0.000,0.000,0.000,0.000,0.000,0.000,0.000,0.000
Data-Oriented CPU ROAM,RelWithDebInfo,D3D12,NVIDIA GeForce RTX 5090 D,Direct3D 12 (feature level 12_0); requested Agility SDK 614; runtime 6.2.26100.8972 (C:\WINDOWS\SYSTEM32\D3D12Core.dll); driver 32.0.15.9186,false,assets/heightmaps/Hm_Terrain_Peking_513.png,547,547,80.000,12.000,20,0.250,0.100,200000,false,2,64,0.032,0.119,56.850,21.165,11.492,85.432,199999,455328,199997,14461,7346,14461,233842,199999,33714,4236,173336,0,57218,142781,22779,4237,0,0,0,8,110.160,88.371,84.973,3.924,2.237,17.776,0.000,0.000,4.831,23.334,0.000,0.000,0.000,0.000,0.000,23.334,0.243,1.148,0.402,0.009,4.438,11.526,0.000,7.019,25.853,3.234,0.000,0.998,9719304,0,36.786,20.013,7.019,0.000,20,0,0.000,Off,ModifiedOnly,0,0,0,0,0,0,false,0,0,0,1085,0,0,0,0,0,0,0,0,0,0,0,0.000,0.000,0.000,0.000,0.000,0.000,0.000,0.000,0.000,0.000,0.000,0.000,0.000,0.000,0.000,0.000,0.000,0.000,0.000,0.000
Data-Oriented CPU ROAM,RelWithDebInfo,D3D12,NVIDIA GeForce RTX 5090 D,Direct3D 12 (feature level 12_0); requested Agility SDK 614; runtime 6.2.26100.8972 (C:\WINDOWS\SYSTEM32\D3D12Core.dll); driver 32.0.15.9186,false,assets/heightmaps/Hm_Terrain_Peking_513.png,547,547,80.000,12.000,20,0.250,0.100,200000,false,3,64,0.048,0.208,55.423,21.690,17.096,89.353,199999,484576,199997,15341,7854,15341,234092,199999,33926,3881,185556,0,59193,140806,25338,3882,0,0,0,8,208.557,93.909,89.773,6.189,2.455,19.274,0.000,0.000,4.834,24.781,0.000,0.000,0.000,0.000,0.000,24.781,0.289,1.528,0.273,0.012,5.536,11.625,0.000,7.329,24.910,3.970,0.000,0.905,13873776,0,37.577,21.730,7.329,0.000,20,0,0.000,Off,ModifiedOnly,0,0,0,0,0,0,false,0,0,0,1329,0,0,0,0,0,0,0,0,0,0,0,0.000,0.000,0.000,0.000,0.000,0.000,0.000,0.000,0.000,0.000,0.000,0.000,0.000,0.000,0.000,0.000,0.000,0.000,0.000,0.000
Data-Oriented CPU ROAM,RelWithDebInfo,D3D12,NVIDIA GeForce RTX 5090 D,Direct3D 12 (feature level 12_0); requested Agility SDK 614; runtime 6.2.26100.8972 (C:\WINDOWS\SYSTEM32\D3D12Core.dll); driver 32.0.15.9186,false,assets/heightmaps/Hm_Terrain_Peking_513.png,547,547,80.000,12.000,20,0.250,0.100,200000,false,4,64,0.063,0.303,53.446,22.148,22.529,94.958,199999,515872,199997,16557,8422,16557,234322,199999,34139,4242,201391,0,60478,139521,25983,4243,0,0,0,8,432.346,102.086,97.486,6.385,2.462,21.831,0.000,0.000,5.302,29.190,0.000,0.000,0.000,0.000,0.000,29.189,0.308,1.620,0.396,0.022,6.142,13.327,0.000,7.437,24.878,4.472,0.000,0.809,14359632,0,44.010,24.293,7.437,0.000,20,0,0.000,Off,ModifiedOnly,0,0,0,0,0,0,false,0,0,0,1500,0,0,0,0,0,0,0,0,0,0,0,0.000,0.000,0.000,0.000,0.000,0.000,0.000,0.000,0.000,0.000,0.000,0.000,0.000,0.000,0.000,0.000,0.000,0.000,0.000,0.000
Data-Oriented CPU ROAM,RelWithDebInfo,D3D12,NVIDIA GeForce RTX 5090 D,Direct3D 12 (feature level 12_0); requested Agility SDK 614; runtime 6.2.26100.8972 (C:\WINDOWS\SYSTEM32\D3D12Core.dll); driver 32.0.15.9186,false,assets/heightmaps/Hm_Terrain_Peking_513.png,547,547,80.000,12.000,20,0.250,0.100,200000,false,5,64,0.079,0.407,50.937,22.520,27.739,103.089,200000,545952,199998,16444,8347,16443,234477,200000,34173,3967,197069,0,60703,139297,26940,3968,0,0,0,8,82.750,98.879,94.314,6.568,2.476,21.082,0.000,0.000,4.956,26.786,0.000,0.000,0.000,0.000,0.000,26.786,0.301,1.608,0.539,0.015,6.191,12.415,0.000,7.316,25.129,4.432,0.000,0.725,14196504,0,40.167,23.558,7.316,0.000,20,0,0.000,Off,ModifiedOnly,0,0,0,0,0,0,false,0,0,0,1501,0,0,0,0,0,0,0,0,0,0,0,0.000,0.000,0.000,0.000,0.000,0.000,0.000,0.000,0.000,0.000,0.000,0.000,0.000,0.000,0.000,0.000,0.000,0.000,0.000,0.000
Data-Oriented CPU ROAM,RelWithDebInfo,D3D12,NVIDIA GeForce RTX 5090 D,Direct3D 12 (feature level 12_0); requested Agility SDK 614; runtime 6.2.26100.8972 (C:\WINDOWS\SYSTEM32\D3D12Core.dll); driver 32.0.15.9186,false,assets/heightmaps/Hm_Terrain_Peking_513.png,547,547,80.000,12.000,20,0.250,0.100,200000,false,6,64,0.095,0.506,47.922,22.793,32.673,99.873,199999,573730,199997,15472,7848,15473,234509,199999,34106,4324,185316,0,60188,139811,28065,4325,0,0,0,8,341.743,95.774,91.283,6.820,2.393,19.348,0.000,0.000,5.020,25.177,0.000,0.000,0.000,0.000,0.000,25.176,0.254,1.283,0.568,0.014,4.864,12.353,0.000,7.385,25.139,4.295,0.000,0.763,14043288,0,39.294,21.741,7.385,0.000,20,0,0.000,Off,ModifiedOnly,0,0,0,0,0,0,false,0,0,0,1209,0,0,0,0,0,0,0,0,0,0,0,0.000,0.000,0.000,0.000,0.000,0.000,0.000,0.000,0.000,0.000,0.000,0.000,0.000,0.000,0.000,0.000,0.000,0.000,0.000,0.000
Data-Oriented CPU ROAM,RelWithDebInfo,D3D12,NVIDIA GeForce RTX 5090 D,Direct3D 12 (feature level 12_0); requested Agility SDK 614; runtime 6.2.26100.8972 (C:\WINDOWS\SYSTEM32\D3D12Core.dll); driver 32.0.15.9186,false,assets/heightmaps/Hm_Terrain_Peking_513.png,547,547,80.000,12.000,20,0.250,0.100,200000,false,7,64,0.111,0.603,44.431,22.954,37.282,96.855,200000,601082,199998,15849,8037,15848,234498,200000,34174,5324,191255,0,61733,138267,29919,5325,0,0,0,8,201.271,113.393,108.507,6.674,2.260,19.915,0.000,0.000,5.047,39.007,0.000,0.000,0.000,0.000,0.000,39.006,0.217,1.022,0.525,0.025,3.908,14.207,0.000,8.483,27.120,4.671,0.000,0.773,14212128,0,55.666,22.176,8.483,0.000,20,0,0.000,Off,ModifiedOnly,0,0,0,0,0,0,false,0,0,0,932,0,0,0,0,0,0,0,0,0,0,0,0.000,0.000,0.000,0.000,0.000,0.000,0.000,0.000,0.000,0.000,0.000,0.000,0.000,0.000,0.000,0.000,0.000,0.000,0.000,0.000
Data-Oriented CPU ROAM,RelWithDebInfo,D3D12,NVIDIA GeForce RTX 5090 D,Direct3D 12 (feature level 12_0); requested Agility SDK 614; runtime 6.2.26100.8972 (C:\WINDOWS\SYSTEM32\D3D12Core.dll); driver 32.0.15.9186,false,assets/heightmaps/Hm_Terrain_Peking_513.png,547,547,80.000,12.000,20,0.250,0.100,200000,false,8,64,0.127,0.717,40.498,22.999,41.520,114.024,199999,627898,199997,16040,8141,16041,234356,199999,34196,6160,187607,0,64077,135922,32099,6161,0,0,0,8,115.750,99.581,94.336,8.303,2.736,18.927,0.000,0.000,5.350,24.372,0.000,0.000,0.000,0.000,0.000,24.371,0.170,0.764,0.399,0.003,2.887,14.694,0.000,7.997,26.651,5.049,0.000,0.688,14701848,0,42.550,21.663,7.997,0.000,20,0,0.000,Off,ModifiedOnly,0,0,0,0,0,0,false,0,0,0,685,0,0,0,0,0,0,0,0,0,0,0,0.000,0.000,0.000,0.000,0.000,0.000,0.000,0.000,0.000,0.000,0.000,0.000,0.000,0.000,0.000,0.000,0.000,0.000,0.000,0.000
Data-Oriented CPU ROAM,RelWithDebInfo,D3D12,NVIDIA GeForce RTX 5090 D,Direct3D 12 (feature level 12_0); requested Agility SDK 614; runtime 6.2.26100.8972 (C:\WINDOWS\SYSTEM32\D3D12Core.dll); driver 32.0.15.9186,false,assets/heightmaps/Hm_Terrain_Peking_513.png,547,547,80.000,12.000,20,0.250,0.100,200000,false,9,64,0.143,0.817,36.162,22.925,45.346,100.225,199999,654588,199997,16360,8241,16360,234311,199999,34043,6794,190397,0,65254,134745,33912,6795,0,0,0,8,102.275,97.039,91.491,6.219,2.305,18.815,0.000,0.000,5.416,25.296,0.000,0.000,0.000,0.000,0.000,25.295,0.123,0.538,0.313,0.004,1.989,15.838,0.000,7.955,25.485,5.332,0.000,0.737,15291024,0,45.103,21.120,7.955,0.000,20,0,0.000,Off,ModifiedOnly,0,0,0,0,0,0,false,0,0,0,503,0,0,0,0,0,0,0,0,0,0,0,0.000,0.000,0.000,0.000,0.000,0.000,0.000,0.000,0.000,0.000,0.000,0.000,0.000,0.000,0.000,0.000,0.000,0.000,0.000,0.000
Data-Oriented CPU ROAM,RelWithDebInfo,D3D12,NVIDIA GeForce RTX 5090 D,Direct3D 12 (feature level 12_0); requested Agility SDK 614; runtime 6.2.26100.8972 (C:\WINDOWS\SYSTEM32\D3D12Core.dll); driver 32.0.15.9186,false,assets/heightmaps/Hm_Terrain_Peking_513.png,547,547,80.000,12.000,20,0.250,0.100,200000,false,10,64,0.159,0.915,31.468,22.735,48.722,97.710,200000,678670,199998,15541,7903,15540,234064,200000,33859,6816,183005,0,65340,134660,34712,6817,0,0,0,8,103.815,95.880,90.124,6.384,2.417,17.949,0.000,0.000,5.437,24.410,0.000,0.000,0.000,0.000,0.000,24.410,0.094,0.396,0.165,0.002,1.479,15.803,0.000,8.224,25.302,5.533,0.000,0.710,15367800,0,44.688,20.366,8.224,0.000,20,0,0.000,Off,ModifiedOnly,0,0,0,0,0,0,false,0,0,0,366,0,0,0,0,0,0,0,0,0,0,0,0.000,0.000,0.000,0.000,0.000,0.000,0.000,0.000,0.000,0.000,0.000,0.000,0.000,0.000,0.000,0.000,0.000,0.000,0.000,0.000
Data-Oriented CPU ROAM,RelWithDebInfo,D3D12,NVIDIA GeForce RTX 5090 D,Direct3D 12 (feature level 12_0); requested Agility SDK 614; runtime 6.2.26100.8972 (C:\WINDOWS\SYSTEM32\D3D12Core.dll); driver 32.0.15.9186,false,assets/heightmaps/Hm_Terrain_Peking_513.png,547,547,80.000,12.000,20,0.250,0.100,200000,false,11,64,0.175,1.012,26.460,22.436,51.613,96.573,199999,700592,199997,14496,7420,14497,233892,199999,33756,5778,171324,0,62968,137031,34645,5779,0,0,0,8,155.054,96.210,90.511,6.545,2.429,18.029,0.000,0.000,5.265,23.342,0.000,0.000,0.000,0.000,0.000,23.341,0.142,0.597,0.291,0.007,2.327,14.655,0.000,7.849,27.052,5.473,0.000,0.732,15204840,0,41.794,20.458,7.849,0.000,20,0,0.000,Off,ModifiedOnly,0,0,0,0,0,0,false,0,0,0,580,0,0,0,0,0,0,0,0,0,0,0,0.000,0.000,0.000,0.000,0.000,0.000,0.000,0.000,0.000,0.000,0.000,0.000,0.000,0.000,0.000,0.000,0.000,0.000,0.000,0.000
Data-Oriented CPU ROAM,RelWithDebInfo,D3D12,NVIDIA GeForce RTX 5090 D,Direct3D 12 (feature level 12_0); requested Agility SDK 614; runtime 6.2.26100.8972 (C:\WINDOWS\SYSTEM32\D3D12Core.dll); driver 32.0.15.9186,false,assets/heightmaps/Hm_Terrain_Peking_513.png,547,547,80.000,12.000,20,0.250,0.100,200000,false,12,64,0.190,1.109,21.190,22.041,53.991,96.878,200000,721734,199998,14367,7329,14366,233943,200000,33694,5388,171299,0,59664,140336,34292,5389,0,0,0,8,347.368,95.408,89.759,6.652,2.462,17.681,0.000,0.000,5.358,23.215,0.000,0.000,0.000,0.000,0.000,23.215,0.139,0.687,0.231,0.006,2.551,14.056,0.000,7.728,26.663,5.403,0.000,0.694,14729064,0,40.832,20.142,7.728,0.000,20,0,0.000,Off,ModifiedOnly,0,0,0,0,0,0,false,0,0,0,646,0,0,0,0,0,0,0,0,0,0,0,0.000,0.000,0.000,0.000,0.000,0.000,0.000,0.000,0.000,0.000,0.000,0.000,0.000,0.000,0.000,0.000,0.000,0.000,0.000,0.000
Data-Oriented CPU ROAM,RelWithDebInfo,D3D12,NVIDIA GeForce RTX 5090 D,Direct3D 12 (feature level 12_0); requested Agility SDK 614; runtime 6.2.26100.8972 (C:\WINDOWS\SYSTEM32\D3D12Core.dll); driver 32.0.15.9186,false,assets/heightmaps/Hm_Terrain_Peking_513.png,547,547,80.000,12.000,20,0.250,0.100,200000,false,13,64,0.206,1.205,15.709,21.564,55.832,96.143,200000,745072,199998,15353,7804,15353,233853,200000,33627,5584,180389,0,61489,138511,35318,5585,0,0,0,8,100.582,98.593,93.004,6.661,2.445,19.388,0.000,0.000,5.793,24.598,0.000,0.000,0.000,0.000,0.000,24.597,0.162,0.783,0.419,0.007,3.028,14.978,0.000,7.747,26.371,5.341,0.000,0.696,14458752,0,43.206,21.833,7.747,0.000,20,0,0.000,Off,ModifiedOnly,0,0,0,0,0,0,false,0,0,0,728,0,0,0,0,0,0,0,0,0,0,0,0.000,0.000,0.000,0.000,0.000,0.000,0.000,0.000,0.000,0.000,0.000,0.000,0.000,0.000,0.000,0.000,0.000,0.000,0.000,0.000
Data-Oriented CPU ROAM,RelWithDebInfo,D3D12,NVIDIA GeForce RTX 5090 D,Direct3D 12 (feature level 12_0); requested Agility SDK 614; runtime 6.2.26100.8972 (C:\WINDOWS\SYSTEM32\D3D12Core.dll); driver 32.0.15.9186,false,assets/heightmaps/Hm_Terrain_Peking_513.png,547,547,80.000,12.000,20,0.250,0.100,200000,false,14,64,0.222,1.304,10.072,21.026,57.119,99.269,200000,770358,199998,16206,8304,16206,233908,200000,33565,5787,190490,0,64785,135215,36244,5788,0,0,0,8,210.573,102.198,96.265,6.606,2.438,20.111,0.000,0.000,5.382,26.070,0.000,0.000,0.000,0.000,0.000,26.070,0.183,0.790,0.188,0.010,3.145,15.785,0.000,8.522,27.135,5.691,0.000,0.717,14987952,0,44.798,22.549,8.522,0.000,20,0,0.000,Off,ModifiedOnly,0,0,0,0,0,0,false,0,0,0,751,0,0,0,0,0,0,0,0,0,0,0,0.000,0.000,0.000,0.000,0.000,0.000,0.000,0.000,0.000,0.000,0.000,0.000,0.000,0.000,0.000,0.000,0.000,0.000,0.000,0.000
Data-Oriented CPU ROAM,RelWithDebInfo,D3D12,NVIDIA GeForce RTX 5090 D,Direct3D 12 (feature level 12_0); requested Agility SDK 614; runtime 6.2.26100.8972 (C:\WINDOWS\SYSTEM32\D3D12Core.dll); driver 32.0.15.9186,false,assets/heightmaps/Hm_Terrain_Peking_513.png,547,547,80.000,12.000,20,0.250,0.100,200000,false,15,64,0.238,1.407,4.334,20.447,57.838,102.916,199999,795980,199997,16398,8303,16399,233659,199999,33433,5579,191619,0,65484,134515,36572,5580,0,0,0,8,94.969,104.405,98.514,6.518,2.450,20.965,0.000,0.000,5.477,26.129,0.000,0.000,0.000,0.000,0.000,26.128,0.204,0.959,0.517,0.013,3.658,15.599,0.000,8.108,28.865,5.643,0.000,0.722,15316560,0,44.519,23.415,8.108,0.000,20,0,0.000,Off,ModifiedOnly,0,0,0,0,0,0,false,0,0,0,886,0,0,0,0,0,0,0,0,0,0,0,0.000,0.000,0.000,0.000,0.000,0.000,0.000,0.000,0.000,0.000,0.000,0.000,0.000,0.000,0.000,0.000,0.000,0.000,0.000,0.000
Data-Oriented CPU ROAM,RelWithDebInfo,D3D12,NVIDIA GeForce RTX 5090 D,Direct3D 12 (feature level 12_0); requested Agility SDK 614; runtime 6.2.26100.8972 (C:\WINDOWS\SYSTEM32\D3D12Core.dll); driver 32.0.15.9186,false,assets/heightmaps/Hm_Terrain_Peking_513.png,547,547,80.000,12.000,20,0.250,0.100,200000,false,16,64,0.254,1.512,-1.446,19.850,57.982,105.099,200000,822444,199998,15856,7931,15855,233704,200000,33504,5255,188074,0,63734,136266,35746,5256,0,0,0,8,112.657,102.930,96.908,6.613,2.503,20.423,0.000,0.000,5.517,26.584,0.000,0.000,0.000,0.000,0.000,26.584,0.225,1.096,0.621,0.014,4.016,14.442,0.000,7.924,27.342,5.799,0.000,0.740,14955696,0,44.007,22.927,7.924,0.000,20,0,0.000,Off,ModifiedOnly,0,0,0,0,0,0,false,0,0,0,1021,0,0,0,0,0,0,0,0,0,0,0,0.000,0.000,0.000,0.000,0.000,0.000,0.000,0.000,0.000,0.000,0.000,0.000,0.000,0.000,0.000,0.000,0.000,0.000,0.000,0.000
Data-Oriented CPU ROAM,RelWithDebInfo,D3D12,NVIDIA GeForce RTX 5090 D,Direct3D 12 (feature level 12_0); requested Agility SDK 614; runtime 6.2.26100.8972 (C:\WINDOWS\SYSTEM32\D3D12Core.dll); driver 32.0.15.9186,false,assets/heightmaps/Hm_Terrain_Peking_513.png,547,547,80.000,12.000,20,0.250,0.100,200000,false,17,64,0.270,1.616,-7.212,19.260,57.550,103.619,199999,847018,199997,14298,7231,14299,233572,199999,33441,5127,167266,0,61079,138920,34956,5128,0,0,0,8,220.625,97.731,91.875,6.426,2.466,18.293,0.000,0.000,5.549,23.904,0.000,0.000,0.000,0.000,0.000,23.903,0.240,0.851,0.325,0.014,3.209,13.643,0.000,7.626,27.609,5.621,0.000,0.697,14555184,0,41.143,20.759,7.626,0.000,20,0,0.000,Off,ModifiedOnly,0,0,0,0,0,0,false,0,0,0,802,0,0,0,0,0,0,0,0,0,0,0,0.000,0.000,0.000,0.000,0.000,0.000,0.000,0.000,0.000,0.000,0.000,0.000,0.000,0.000,0.000,0.000,0.000,0.000,0.000,0.000
Data-Oriented CPU ROAM,RelWithDebInfo,D3D12,NVIDIA GeForce RTX 5090 D,Direct3D 12 (feature level 12_0); requested Agility SDK 614; runtime 6.2.26100.8972 (C:\WINDOWS\SYSTEM32\D3D12Core.dll); driver 32.0.15.9186,false,assets/heightmaps/Hm_Terrain_Peking_513.png,547,547,80.000,12.000,20,0.250,0.100,200000,false,18,64,0.286,1.714,-12.906,18.698,56.546,98.414,199999,871604,199997,14981,7663,14981,233779,199999,33658,4708,178727,0,60001,139998,34545,4709,0,0,0,8,210.305,101.823,96.406,6.475,3.171,19.974,0.000,0.000,5.262,24.898,0.000,0.000,0.000,0.000,0.000,24.897,0.255,1.133,0.335,0.022,4.361,13.854,0.000,7.561,29.065,5.194,0.000,0.729,14387520,0,41.095,23.145,7.561,0.000,20,0,0.000,Off,ModifiedOnly,0,0,0,0,0,0,false,0,0,0,979,0,0,0,0,0,0,0,0,0,0,0,0.000,0.000,0.000,0.000,0.000,0.000,0.000,0.000,0.000,0.000,0.000,0.000,0.000,0.000,0.000,0.000,0.000,0.000,0.000,0.000
Data-Oriented CPU ROAM,RelWithDebInfo,D3D12,NVIDIA GeForce RTX 5090 D,Direct3D 12 (feature level 12_0); requested Agility SDK 614; runtime 6.2.26100.8972 (C:\WINDOWS\SYSTEM32\D3D12Core.dll); driver 32.0.15.9186,false,assets/heightmaps/Hm_Terrain_Peking_513.png,547,547,80.000,12.000,20,0.250,0.100,200000,false,19,64,0.302,1.817,-18.472,18.189,54.980,102.492,200000,899688,199998,17923,9200,17922,233769,200000,33508,4576,209181,0,63306,136694,34636,4577,0,0,0,8,301.356,109.089,103.512,5.766,2.490,24.246,0.000,0.000,5.780,28.928,0.000,0.000,0.000,0.000,0.000,28.928,0.299,1.722,0.557,0.022,6.533,15.096,0.000,8.463,27.837,5.347,0.000,0.752,14837088,0,45.382,26.737,8.463,0.000,20,0,0.000,Off,ModifiedOnly,0,0,0,0,0,0,false,0,0,0,1605,0,0,0,0,0,0,0,0,0,0,0,0.000,0.000,0.000,0.000,0.000,0.000,0.000,0.000,0.000,0.000,0.000,0.000,0.000,0.000,0.000,0.000,0.000,0.000,0.000,0.000
Data-Oriented CPU ROAM,RelWithDebInfo,D3D12,NVIDIA GeForce RTX 5090 D,Direct3D 12 (feature level 12_0); requested Agility SDK 614; runtime 6.2.26100.8972 (C:\WINDOWS\SYSTEM32\D3D12Core.dll); driver 32.0.15.9186,false,assets/heightmaps/Hm_Terrain_Peking_513.png,547,547,80.000,12.000,20,0.250,0.100,200000,false,20,64,0.317,1.926,-23.855,17.751,52.867,109.802,199999,927200,199997,18182,9182,18183,233841,199999,33465,4638,211870,0,64937,135062,35624,4639,0,0,0,8,186.501,131.531,125.473,6.253,2.480,24.108,0.000,0.000,5.561,49.479,0.000,0.000,0.000,0.000,0.000,49.478,0.276,1.611,0.496,0.023,6.255,15.435,0.000,8.805,28.787,5.818,0.000,0.720,14917560,0,66.031,26.588,8.805,0.000,20,0,0.000,Off,ModifiedOnly,0,0,0,0,0,0,false,0,0,0,1541,0,0,0,0,0,0,0,0,0,0,0,0.000,0.000,0.000,0.000,0.000,0.000,0.000,0.000,0.000,0.000,0.000,0.000,0.000,0.000,0.000,0.000,0.000,0.000,0.000,0.000
Data-Oriented CPU ROAM,RelWithDebInfo,D3D12,NVIDIA GeForce RTX 5090 D,Direct3D 12 (feature level 12_0); requested Agility SDK 614; runtime 6.2.26100.8972 (C:\WINDOWS\SYSTEM32\D3D12Core.dll); driver 32.0.15.9186,false,assets/heightmaps/Hm_Terrain_Peking_513.png,547,547,80.000,12.000,20,0.250,0.100,200000,false,21,64,0.333,2.059,-29.000,17.402,50.229,132.229,199999,954126,199997,17457,8796,17457,233802,199999,33473,4409,204084,0,67883,132116,37164,4410,0,0,0,8,104.853,110.144,104.111,6.908,2.809,22.568,0.000,0.000,5.654,28.342,0.000,0.000,0.000,0.000,0.000,28.342,0.306,1.548,0.568,0.019,5.787,14.326,0.000,8.771,29.058,5.787,0.000,0.699,15110256,0,44.057,25.377,8.771,0.000,20,0,0.000,Off,ModifiedOnly,0,0,0,0,0,0,false,0,0,0,1454,0,0,0,0,0,0,0,0,0,0,0,0.000,0.000,0.000,0.000,0.000,0.000,0.000,0.000,0.000,0.000,0.000,0.000,0.000,0.000,0.000,0.000,0.000,0.000,0.000,0.000
Data-Oriented CPU ROAM,RelWithDebInfo,D3D12,NVIDIA GeForce RTX 5090 D,Direct3D 12 (feature level 12_0); requested Agility SDK 614; runtime 6.2.26100.8972 (C:\WINDOWS\SYSTEM32\D3D12Core.dll); driver 32.0.15.9186,false,assets/heightmaps/Hm_Terrain_Peking_513.png,547,547,80.000,12.000,20,0.250,0.100,200000,false,22,64,0.349,2.169,-33.857,17.156,47.092,110.816,199999,978124,199997,16428,8321,16428,233796,199999,33444,4742,190907,0,67754,132245,37289,4743,0,0,0,8,110.521,104.889,98.757,6.003,2.460,20.867,0.000,0.000,5.821,26.903,0.000,0.000,0.000,0.000,0.000,26.903,0.227,1.189,0.497,0.014,4.663,14.264,0.000,8.592,28.110,5.882,0.000,0.700,15470448,0,43.392,23.326,8.592,0.000,20,0,0.000,Off,ModifiedOnly,0,0,0,0,0,0,false,0,0,0,1151,0,0,0,0,0,0,0,0,0,0,0,0.000,0.000,0.000,0.000,0.000,0.000,0.000,0.000,0.000,0.000,0.000,0.000,0.000,0.000,0.000,0.000,0.000,0.000,0.000,0.000
Data-Oriented CPU ROAM,RelWithDebInfo,D3D12,NVIDIA GeForce RTX 5090 D,Direct3D 12 (feature level 12_0); requested Agility SDK 614; runtime 6.2.26100.8972 (C:\WINDOWS\SYSTEM32\D3D12Core.dll); driver 32.0.15.9186,false,assets/heightmaps/Hm_Terrain_Peking_513.png,547,547,80.000,12.000,20,0.250,0.100,200000,false,23,64,0.365,2.275,-38.378,17.023,43.487,105.581,200000,1001018,199998,16207,8213,16206,233711,200000,33422,5315,187623,0,65299,134701,37066,5316,0,0,0,8,318.592,103.924,97.884,6.798,2.346,20.285,0.000,0.000,5.870,25.865,0.000,0.000,0.000,0.000,0.000,25.864,0.191,1.018,0.466,0.013,3.676,14.909,0.000,8.792,27.928,5.791,0.000,0.704,15704976,0,43.755,22.631,8.792,0.000,20,0,0.000,Off,ModifiedOnly,0,0,0,0,0,0,false,0,0,0,902,0,0,0,0,0,0,0,0,0,0,0,0.000,0.000,0.000,0.000,0.000,0.000,0.000,0.000,0.000,0.000,0.000,0.000,0.000,0.000,0.000,0.000,0.000,0.000,0.000,0.000
Data-Oriented CPU ROAM,RelWithDebInfo,D3D12,NVIDIA GeForce RTX 5090 D,Direct3D 12 (feature level 12_0); requested Agility SDK 614; runtime 6.2.26100.8972 (C:\WINDOWS\SYSTEM32\D3D12Core.dll); driver 32.0.15.9186,false,assets/heightmaps/Hm_Terrain_Peking_513.png,547,547,80.000,12.000,20,0.250,0.100,200000,false,24,64,0.381,2.380,-42.517,17.008,39.450,104.593,199999,1023700,199997,16737,8552,16738,233540,199999,33351,6071,189766,0,65113,134886,37367,6072,0,0,0,8,94.715,104.802,98.708,6.566,2.507,20.649,0.000,0.000,5.691,26.223,0.000,0.000,0.000,0.000,0.000,26.222,0.172,0.865,0.421,0.013,3.216,15.953,0.000,8.572,28.500,5.775,0.000,0.718,15671376,0,45.540,23.156,8.572,0.000,20,0,0.000,Off,ModifiedOnly,0,0,0,0,0,0,false,0,0,0,786,0,0,0,0,0,0,0,0,0,0,0,0.000,0.000,0.000,0.000,0.000,0.000,0.000,0.000,0.000,0.000,0.000,0.000,0.000,0.000,0.000,0.000,0.000,0.000,0.000,0.000
Data-Oriented CPU ROAM,RelWithDebInfo,D3D12,NVIDIA GeForce RTX 5090 D,Direct3D 12 (feature level 12_0); requested Agility SDK 614; runtime 6.2.26100.8972 (C:\WINDOWS\SYSTEM32\D3D12Core.dll); driver 32.0.15.9186,false,assets/heightmaps/Hm_Terrain_Peking_513.png,547,547,80.000,12.000,20,0.250,0.100,200000,false,25,64,0.397,2.485,-46.234,17.112,35.021,105.636,200000,1047560,199998,18664,9442,18663,233609,200000,33413,6131,214997,0,68544,131456,38020,6132,0,0,0,8,179.085,110.887,104.490,6.207,2.441,23.454,0.000,0.000,5.606,30.074,0.000,0.000,0.000,0.000,0.000,30.073,0.233,1.211,0.624,0.022,4.667,16.675,0.000,8.920,27.788,6.142,0.000,0.694,15912960,0,49.194,25.894,8.920,0.000,20,0,0.000,Off,ModifiedOnly,0,0,0,0,0,0,false,0,0,0,1111,0,0,0,0,0,0,0,0,0,0,0,0.000,0.000,0.000,0.000,0.000,0.000,0.000,0.000,0.000,0.000,0.000,0.000,0.000,0.000,0.000,0.000,0.000,0.000,0.000,0.000
Data-Oriented CPU ROAM,RelWithDebInfo,D3D12,NVIDIA GeForce RTX 5090 D,Direct3D 12 (feature level 12_0); requested Agility SDK 614; runtime 6.2.26100.8972 (C:\WINDOWS\SYSTEM32\D3D12Core.dll); driver 32.0.15.9186,false,assets/heightmaps/Hm_Terrain_Peking_513.png,547,547,80.000,12.000,20,0.250,0.100,200000,false,26,64,0.413,2.597,-49.491,17.330,30.243,111.782,200000,1071046,199998,17064,8616,17064,233732,200000,33495,5302,199638,0,69002,130998,38395,5303,0,0,0,8,198.052,108.544,102.352,6.889,2.356,21.830,0.000,0.000,5.564,28.560,0.000,0.000,0.000,0.000,0.000,28.560,0.231,1.140,0.506,0.028,4.482,15.431,0.000,9.165,27.987,5.936,0.000,0.692,16031568,0,46.116,24.186,9.165,0.000,20,0,0.000,Off,ModifiedOnly,0,0,0,0,0,0,false,0,0,0,1053,0,0,0,0,0,0,0,0,0,0,0,0.000,0.000,0.000,0.000,0.000,0.000,0.000,0.000,0.000,0.000,0.000,0.000,0.000,0.000,0.000,0.000,0.000,0.000,0.000,0.000
Data-Oriented CPU ROAM,RelWithDebInfo,D3D12,NVIDIA GeForce RTX 5090 D,Direct3D 12 (feature level 12_0); requested Agility SDK 614; runtime 6.2.26100.8972 (C:\WINDOWS\SYSTEM32\D3D12Core.dll); driver 32.0.15.9186,false,assets/heightmaps/Hm_Terrain_Peking_513.png,547,547,80.000,12.000,20,0.250,0.100,200000,false,27,64,0.429,2.706,-52.256,17.655,25.165,109.340,199999,1092704,199997,15121,7684,15122,233813,199999,33476,4966,179266,0,65742,134257,37679,4967,0,0,0,8,96.360,103.267,97.111,6.544,2.433,19.390,0.000,0.000,6.037,25.820,0.000,0.000,0.000,0.000,0.000,25.819,0.202,0.947,0.309,0.015,3.687,14.216,0.000,8.190,28.697,5.931,0.000,0.689,15939000,0,43.129,21.823,8.190,0.000,20,0,0.000,Off,ModifiedOnly,0,0,0,0,0,0,false,0,0,0,890,0,0,0,0,0,0,0,0,0,0,0,0.000,0.000,0.000,0.000,0.000,0.000,0.000,0.000,0.000,0.000,0.000,0.000,0.000,0.000,0.000,0.000,0.000,0.000,0.000,0.000
Data-Oriented CPU ROAM,RelWithDebInfo,D3D12,NVIDIA GeForce RTX 5090 D,Direct3D 12 (feature level 12_0); requested Agility SDK 614; runtime 6.2.26100.8972 (C:\WINDOWS\SYSTEM32\D3D12Core.dll); driver 32.0.15.9186,false,assets/heightmaps/Hm_Terrain_Peking_513.png,547,547,80.000,12.000,20,0.250,0.100,200000,false,28,64,0.444,2.810,-54.502,18.072,19.837,103.954,200000,1113206,199998,14336,7290,14335,233772,200000,33465,4834,169510,0,61395,138605,36972,4835,0,0,0,8,217.652,99.116,93.142,6.630,2.289,18.283,0.000,0.000,5.654,24.041,0.000,0.000,0.000,0.000,0.000,24.041,0.187,0.882,0.290,0.003,3.474,13.429,0.000,7.866,28.377,5.746,0.000,0.665,15170064,0,40.692,20.572,7.866,0.000,20,0,0.000,Off,ModifiedOnly,0,0,0,0,0,0,false,0,0,0,848,0,0,0,0,0,0,0,0,0,0,0,0.000,0.000,0.000,0.000,0.000,0.000,0.000,0.000,0.000,0.000,0.000,0.000,0.000,0.000,0.000,0.000,0.000,0.000,0.000,0.000
Data-Oriented CPU ROAM,RelWithDebInfo,D3D12,NVIDIA GeForce RTX 5090 D,Direct3D 12 (feature level 12_0); requested Agility SDK 614; runtime 6.2.26100.8972 (C:\WINDOWS\SYSTEM32\D3D12Core.dll); driver 32.0.15.9186,false,assets/heightmaps/Hm_Terrain_Peking_513.png,547,547,80.000,12.000,20,0.250,0.100,200000,false,29,64,0.460,2.910,-56.206,18.565,14.312,99.819,200000,1134926,199998,15312,7824,15312,233718,200000,33572,5365,181397,0,62079,137921,37505,5366,0,0,0,8,97.884,101.536,95.568,6.602,2.401,19.196,0.000,0.000,5.663,25.536,0.000,0.000,0.000,0.000,0.000,25.535,0.176,0.825,0.316,0.009,3.189,14.669,0.000,7.838,28.332,5.714,0.000,0.684,14878584,0,43.447,21.596,7.838,0.000,20,0,0.000,Off,ModifiedOnly,0,0,0,0,0,0,false,0,0,0,789,0,0,0,0,0,0,0,0,0,0,0,0.000,0.000,0.000,0.000,0.000,0.000,0.000,0.000,0.000,0.000,0.000,0.000,0.000,0.000,0.000,0.000,0.000,0.000,0.000,0.000
Data-Oriented CPU ROAM,RelWithDebInfo,D3D12,NVIDIA GeForce RTX 5090 D,Direct3D 12 (feature level 12_0); requested Agility SDK 614; runtime 6.2.26100.8972 (C:\WINDOWS\SYSTEM32\D3D12Core.dll); driver 32.0.15.9186,false,assets/heightmaps/Hm_Terrain_Peking_513.png,547,547,80.000,12.000,20,0.250,0.100,200000,false,30,64,0.476,3.012,-57.352,19.116,8.644,102.234,200000,1156264,199998,15483,7916,15483,233751,200000,33515,5638,181205,0,64043,135957,38554,5639,0,0,0,8,215.591,107.514,101.255,6.502,2.392,19.577,0.000,0.000,5.934,25.727,0.000,0.000,0.000,0.000,0.000,25.726,0.168,0.780,0.255,0.010,3.003,15.350,0.000,8.272,32.850,6.003,0.000,0.701,15145368,0,44.765,21.969,8.272,0.000,20,0,0.000,Off,ModifiedOnly,0,0,0,0,0,0,false,0,0,0,721,0,0,0,0,0,0,0,0,0,0,0,0.000,0.000,0.000,0.000,0.000,0.000,0.000,0.000,0.000,0.000,0.000,0.000,0.000,0.000,0.000,0.000,0.000,0.000,0.000,0.000
Data-Oriented CPU ROAM,RelWithDebInfo,D3D12,NVIDIA GeForce RTX 5090 D,Direct3D 12 (feature level 12_0); requested Agility SDK 614; runtime 6.2.26100.8972 (C:\WINDOWS\SYSTEM32\D3D12Core.dll); driver 32.0.15.9186,false,assets/heightmaps/Hm_Terrain_Peking_513.png,547,547,80.000,12.000,20,0.250,0.100,200000,false,31,64,0.492,3.121,-57.928,19.701,2.891,108.174,199999,1177014,199997,15569,7932,15570,233689,199999,33631,6012,182599,0,64396,135603,38607,6013,0,0,0,8,324.506,101.976,96.088,6.753,2.447,19.212,0.000,0.000,5.767,25.914,0.000,0.000,0.000,0.000,0.000,25.913,0.140,0.675,0.251,0.008,2.554,15.572,0.000,8.598,27.395,5.629,0.000,0.702,15245664,0,45.425,21.659,8.598,0.000,20,0,0.000,Off,ModifiedOnly,0,0,0,0,0,0,false,0,0,0,631,0,0,0,0,0,0,0,0,0,0,0,0.000,0.000,0.000,0.000,0.000,0.000,0.000,0.000,0.000,0.000,0.000,0.000,0.000,0.000,0.000,0.000,0.000,0.000,0.000,0.000
Data-Oriented CPU ROAM,RelWithDebInfo,D3D12,NVIDIA GeForce RTX 5090 D,Direct3D 12 (feature level 12_0); requested Agility SDK 614; runtime 6.2.26100.8972 (C:\WINDOWS\SYSTEM32\D3D12Core.dll); driver 32.0.15.9186,false,assets/heightmaps/Hm_Terrain_Peking_513.png,547,547,80.000,12.000,20,0.250,0.100,200000,false,32,64,0.508,3.224,-57.928,20.299,-2.891,103.073,199999,1196014,199997,14598,7361,14598,233842,199999,33534,5976,172573,0,61689,138310,37908,5977,0,0,0,8,211.867,101.816,95.682,6.702,2.386,18.576,0.000,0.000,5.882,25.110,0.000,0.000,0.000,0.000,0.000,25.109,0.132,0.564,0.245,0.012,2.085,15.526,0.000,8.181,28.845,5.898,0.000,0.714,14782824,0,45.232,20.962,8.181,0.000,20,0,0.000,Off,ModifiedOnly,0,0,0,0,0,0,false,0,0,0,541,0,0,0,0,0,0,0,0,0,0,0,0.000,0.000,0.000,0.000,0.000,0.000,0.000,0.000,0.000,0.000,0.000,0.000,0.000,0.000,0.000,0.000,0.000,0.000,0.000,0.000
Data-Oriented CPU ROAM,RelWithDebInfo,D3D12,NVIDIA GeForce RTX 5090 D,Direct3D 12 (feature level 12_0); requested Agility SDK 614; runtime 6.2.26100.8972 (C:\WINDOWS\SYSTEM32\D3D12Core.dll); driver 32.0.15.9186,false,assets/heightmaps/Hm_Terrain_Peking_513.png,547,547,80.000,12.000,20,0.250,0.100,200000,false,33,64,0.524,3.326,-57.352,20.884,-8.644,102.844,199999,1214828,199997,13220,6709,13220,233707,199999,33635,5268,156377,0,58030,141969,37025,5269,0,0,0,8,226.598,95.432,89.439,6.462,2.636,16.349,0.000,0.000,5.446,22.592,0.000,0.000,0.000,0.000,0.000,22.591,0.120,0.510,0.176,0.003,1.928,13.599,0.000,7.395,28.559,5.747,0.000,0.709,14242536,0,40.184,18.985,7.395,0.000,20,0,0.000,Off,ModifiedOnly,0,0,0,0,0,0,false,0,0,0,475,0,0,0,0,0,0,0,0,0,0,0,0.000,0.000,0.000,0.000,0.000,0.000,0.000,0.000,0.000,0.000,0.000,0.000,0.000,0.000,0.000,0.000,0.000,0.000,0.000,0.000
Data-Oriented CPU ROAM,RelWithDebInfo,D3D12,NVIDIA GeForce RTX 5090 D,Direct3D 12 (feature level 12_0); requested Agility SDK 614; runtime 6.2.26100.8972 (C:\WINDOWS\SYSTEM32\D3D12Core.dll); driver 32.0.15.9186,false,assets/heightmaps/Hm_Terrain_Peking_513.png,547,547,80.000,12.000,20,0.250,0.100,200000,false,34,64,0.540,3.423,-56.206,21.435,-14.312,96.086,200000,1233758,199998,15182,7732,15181,233802,200000,33571,3810,180851,0,60096,139904,36355,3811,0,0,0,8,94.878,104.541,98.608,6.412,2.353,20.505,0.000,0.000,5.242,26.453,0.000,0.000,0.000,0.000,0.000,26.452,0.282,1.430,0.436,0.019,5.736,12.587,0.000,7.953,29.690,5.687,0.000,0.712,14265384,0,40.584,22.858,7.953,0.000,20,0,0.000,Off,ModifiedOnly,0,0,0,0,0,0,false,0,0,0,1364,0,0,0,0,0,0,0,0,0,0,0,0.000,0.000,0.000,0.000,0.000,0.000,0.000,0.000,0.000,0.000,0.000,0.000,0.000,0.000,0.000,0.000,0.000,0.000,0.000,0.000
Data-Oriented CPU ROAM,RelWithDebInfo,D3D12,NVIDIA GeForce RTX 5090 D,Direct3D 12 (feature level 12_0); requested Agility SDK 614; runtime 6.2.26100.8972 (C:\WINDOWS\SYSTEM32\D3D12Core.dll); driver 32.0.15.9186,false,assets/heightmaps/Hm_Terrain_Peking_513.png,547,547,80.000,12.000,20,0.250,0.100,200000,false,35,64,0.556,3.528,-54.502,21.928,-19.837,105.233,199999,1251984,199997,15131,7707,15132,233898,199999,33655,3965,181529,0,59253,140746,36115,3966,0,0,0,8,111.191,104.318,98.196,6.716,2.490,20.430,0.000,0.000,5.415,26.305,0.000,0.000,0.000,0.000,0.000,26.304,0.266,1.372,0.391,0.018,5.704,12.666,0.000,7.766,29.073,5.907,0.000,0.726,14249592,0,40.801,22.920,7.766,0.000,20,0,0.000,Off,ModifiedOnly,0,0,0,0,0,0,false,0,0,0,1305,0,0,0,0,0,0,0,0,0,0,0,0.000,0.000,0.000,0.000,0.000,0.000,0.000,0.000,0.000,0.000,0.000,0.000,0.000,0.000,0.000,0.000,0.000,0.000,0.000,0.000
Data-Oriented CPU ROAM,RelWithDebInfo,D3D12,NVIDIA GeForce RTX 5090 D,Direct3D 12 (feature level 12_0); requested Agility SDK 614; runtime 6.2.26100.8972 (C:\WINDOWS\SYSTEM32\D3D12Core.dll); driver 32.0.15.9186,false,assets/heightmaps/Hm_Terrain_Peking_513.png,547,547,80.000,12.000,20,0.250,0.100,200000,false,36,64,0.571,3.633,-52.256,22.345,-25.165,105.000,200000,1273920,199998,15949,8142,15948,234002,200000,33754,3873,190838,0,58877,141123,35419,3874,0,0,0,8,311.701,105.936,100.084,6.495,2.655,21.176,0.000,0.000,5.307,27.234,0.000,0.000,0.000,0.000,0.000,27.234,0.277,1.470,0.399,0.013,5.694,13.311,0.000,8.024,29.193,5.638,0.000,0.721,14125440,0,41.610,23.830,8.024,0.000,20,0,0.000,Off,ModifiedOnly,0,0,0,0,0,0,false,0,0,0,1391,0,0,0,0,0,0,0,0,0,0,0,0.000,0.000,0.000,0.000,0.000,0.000,0.000,0.000,0.000,0.000,0.000,0.000,0.000,0.000,0.000,0.000,0.000,0.000,0.000,0.000
Data-Oriented CPU ROAM,RelWithDebInfo,D3D12,NVIDIA GeForce RTX 5090 D,Direct3D 12 (feature level 12_0); requested Agility SDK 614; runtime 6.2.26100.8972 (C:\WINDOWS\SYSTEM32\D3D12Core.dll); driver 32.0.15.9186,false,assets/heightmaps/Hm_Terrain_Peking_513.png,547,547,80.000,12.000,20,0.250,0.100,200000,false,37,64,0.587,3.740,-49.491,22.670,-30.243,106.969,199999,1295558,199997,16397,8316,16398,234264,199999,33957,4263,197400,0,59146,140853,35386,4264,0,0,0,8,278.071,106.701,100.969,6.286,2.354,21.491,0.000,0.000,5.372,28.065,0.000,0.000,0.000,0.000,0.000,28.064,0.261,1.479,0.525,0.014,5.577,13.624,0.000,8.318,29.084,5.512,0.000,0.837,13922328,0,43.287,23.845,8.318,0.000,20,0,0.000,Off,ModifiedOnly,0,0,0,0,0,0,false,0,0,0,1397,0,0,0,0,0,0,0,0,0,0,0,0.000,0.000,0.000,0.000,0.000,0.000,0.000,0.000,0.000,0.000,0.000,0.000,0.000,0.000,0.000,0.000,0.000,0.000,0.000,0.000
Data-Oriented CPU ROAM,RelWithDebInfo,D3D12,NVIDIA GeForce RTX 5090 D,Direct3D 12 (feature level 12_0); requested Agility SDK 614; runtime 6.2.26100.8972 (C:\WINDOWS\SYSTEM32\D3D12Core.dll); driver 32.0.15.9186,false,assets/heightmaps/Hm_Terrain_Peking_513.png,547,547,80.000,12.000,20,0.250,0.100,200000,false,38,64,0.603,3.847,-46.234,22.888,-35.021,107.401,199999,1312504,199997,15820,8019,15820,234255,199999,33911,4588,187606,0,59811,140188,35807,4589,0,0,0,8,109.081,106.103,100.069,6.441,2.492,20.596,0.000,0.000,6.777,26.727,0.000,0.000,0.000,0.000,0.000,26.726,0.237,1.257,0.396,0.014,4.845,13.835,0.000,8.023,29.012,5.790,0.000,0.729,13806240,0,44.080,23.088,8.023,0.000,20,0,0.000,Off,ModifiedOnly,0,0,0,0,0,0,false,0,0,0,1194,0,0,0,0,0,0,0,0,0,0,0,0.000,0.000,0.000,0.000,0.000,0.000,0.000,0.000,0.000,0.000,0.000,0.000,0.000,0.000,0.000,0.000,0.000,0.000,0.000,0.000
Data-Oriented CPU ROAM,RelWithDebInfo,D3D12,NVIDIA GeForce RTX 5090 D,Direct3D 12 (feature level 12_0); requested Agility SDK 614; runtime 6.2.26100.8972 (C:\WINDOWS\SYSTEM32\D3D12Core.dll); driver 32.0.15.9186,false,assets/heightmaps/Hm_Terrain_Peking_513.png,547,547,80.000,12.000,20,0.250,0.100,200000,false,39,64,0.619,3.954,-42.517,22.992,-39.450,106.778,199999,1329026,199997,16753,8514,16753,234335,199999,34242,5773,203511,0,62176,137823,37490,5774,0,0,0,8,91.556,108.163,102.198,6.602,2.512,21.244,0.000,0.000,5.688,28.791,0.000,0.000,0.000,0.000,0.000,28.790,0.204,1.058,0.554,0.012,3.835,15.572,0.000,8.422,28.939,5.722,0.000,0.734,14440944,0,47.509,23.756,8.422,0.000,20,0,0.000,Off,ModifiedOnly,0,0,0,0,0,0,false,0,0,0,953,0,0,0,0,0,0,0,0,0,0,0,0.000,0.000,0.000,0.000,0.000,0.000,0.000,0.000,0.000,0.000,0.000,0.000,0.000,0.000,0.000,0.000,0.000,0.000,0.000,0.000
Data-Oriented CPU ROAM,RelWithDebInfo,D3D12,NVIDIA GeForce RTX 5090 D,Direct3D 12 (feature level 12_0); requested Agility SDK 614; runtime 6.2.26100.8972 (C:\WINDOWS\SYSTEM32\D3D12Core.dll); driver 32.0.15.9186,false,assets/heightmaps/Hm_Terrain_Peking_513.png,547,547,80.000,12.000,20,0.250,0.100,200000,false,40,64,0.635,4.063,-38.378,22.977,-43.487,108.838,200000,1343092,199998,16592,8356,16591,234386,200000,34252,6463,194007,0,65175,134825,38868,6464,0,0,0,8,92.867,106.980,100.745,6.690,2.689,20.716,0.000,0.000,5.569,27.357,0.000,0.000,0.000,0.000,0.000,27.356,0.176,0.822,0.254,0.015,2.931,16.509,0.000,8.608,29.116,5.984,0.000,0.741,14883288,0,47.673,23.405,8.608,0.000,20,0,0.000,Off,ModifiedOnly,0,0,0,0,0,0,false,0,0,0,716,0,0,0,0,0,0,0,0,0,0,0,0.000,0.000,0.000,0.000,0.000,0.000,0.000,0.000,0.000,0.000,0.000,0.000,0.000,0.000,0.000,0.000,0.000,0.000,0.000,0.000
Data-Oriented CPU ROAM,RelWithDebInfo,D3D12,NVIDIA GeForce RTX 5090 D,Direct3D 12 (feature level 12_0); requested Agility SDK 614; runtime 6.2.26100.8972 (C:\WINDOWS\SYSTEM32\D3D12Core.dll); driver 32.0.15.9186,false,assets/heightmaps/Hm_Terrain_Peking_513.png,547,547,80.000,12.000,20,0.250,0.100,200000,false,41,64,0.651,4.170,-33.857,22.844,-47.092,107.649,199999,1356924,199997,15777,8021,15778,234333,199999,34209,6690,188868,0,65277,134722,39105,6691,0,0,0,8,193.267,135.644,129.127,6.595,2.391,20.951,0.000,0.000,6.269,55.008,0.000,0.000,0.000,0.000,0.000,55.008,0.120,0.606,0.246,0.012,2.348,17.604,0.000,8.672,29.240,6.244,0.000,0.725,15340248,0,77.844,23.342,8.672,0.000,20,0,0.000,Off,ModifiedOnly,0,0,0,0,0,0,false,0,0,0,552,0,0,0,0,0,0,0,0,0,0,0,0.000,0.000,0.000,0.000,0.000,0.000,0.000,0.000,0.000,0.000,0.000,0.000,0.000,0.000,0.000,0.000,0.000,0.000,0.000,0.000
Data-Oriented CPU ROAM,RelWithDebInfo,D3D12,NVIDIA GeForce RTX 5090 D,Direct3D 12 (feature level 12_0); requested Agility SDK 614; runtime 6.2.26100.8972 (C:\WINDOWS\SYSTEM32\D3D12Core.dll); driver 32.0.15.9186,false,assets/heightmaps/Hm_Terrain_Peking_513.png,547,547,80.000,12.000,20,0.250,0.100,200000,false,42,64,0.667,4.307,-29.000,22.598,-50.229,136.346,200000,1372424,199998,14678,7472,14677,234221,200000,34055,6046,174979,0,63644,136356,39071,6047,0,0,0,8,96.993,102.922,96.414,6.976,2.468,18.707,0.000,0.000,5.884,24.576,0.000,0.000,0.000,0.000,0.000,24.576,0.122,0.607,0.158,0.006,2.376,15.429,0.000,8.534,29.268,6.219,0.000,0.716,15237432,0,44.765,21.175,8.534,0.000,20,0,0.000,Off,ModifiedOnly,0,0,0,0,0,0,false,0,0,0,592,0,0,0,0,0,0,0,0,0,0,0,0.000,0.000,0.000,0.000,0.000,0.000,0.000,0.000,0.000,0.000,0.000,0.000,0.000,0.000,0.000,0.000,0.000,0.000,0.000,0.000
Data-Oriented CPU ROAM,RelWithDebInfo,D3D12,NVIDIA GeForce RTX 5090 D,Direct3D 12 (feature level 12_0); requested Agility SDK 614; runtime 6.2.26100.8972 (C:\WINDOWS\SYSTEM32\D3D12Core.dll); driver 32.0.15.9186,false,assets/heightmaps/Hm_Terrain_Peking_513.png,547,547,80.000,12.000,20,0.250,0.100,200000,false,43,64,0.683,4.410,-23.855,22.249,-52.867,103.597,200000,1388566,199998,14286,7280,14286,234179,200000,34082,5145,172373,0,60621,139379,37796,5146,0,0,0,8,97.323,102.305,96.109,6.536,2.409,18.859,0.000,0.000,5.892,24.148,0.000,0.000,0.000,0.000,0.000,24.148,0.144,0.782,0.243,0.006,3.298,14.375,0.000,8.358,29.905,5.931,0.000,0.698,14903112,0,42.489,21.268,8.358,0.000,20,0,0.000,Off,ModifiedOnly,0,0,0,0,0,0,false,0,0,0,751,0,0,0,0,0,0,0,0,0,0,0,0.000,0.000,0.000,0.000,0.000,0.000,0.000,0.000,0.000,0.000,0.000,0.000,0.000,0.000,0.000,0.000,0.000,0.000,0.000,0.000
Data-Oriented CPU ROAM,RelWithDebInfo,D3D12,NVIDIA GeForce RTX 5090 D,Direct3D 12 (feature level 12_0); requested Agility SDK 614; runtime 6.2.26100.8972 (C:\WINDOWS\SYSTEM32\D3D12Core.dll); driver 32.0.15.9186,false,assets/heightmaps/Hm_Terrain_Peking_513.png,547,547,80.000,12.000,20,0.250,0.100,200000,false,44,64,0.698,4.513,-18.472,21.811,-54.980,103.003,200000,1405426,199998,14584,7441,14584,234229,200000,33998,5280,174870,0,59377,140623,37671,5281,0,0,0,8,315.205,100.313,93.960,6.389,2.433,18.576,0.000,0.000,5.715,24.373,0.000,0.000,0.000,0.000,0.000,24.372,0.148,0.733,0.170,0.003,2.880,14.627,0.000,7.652,28.823,6.081,0.000,0.705,14447496,0,42.742,21.009,7.652,0.000,20,0,0.000,Off,ModifiedOnly,0,0,0,0,0,0,false,0,0,0,719,0,0,0,0,0,0,0,0,0,0,0,0.000,0.000,0.000,0.000,0.000,0.000,0.000,0.000,0.000,0.000,0.000,0.000,0.000,0.000,0.000,0.000,0.000,0.000,0.000,0.000
Data-Oriented CPU ROAM,RelWithDebInfo,D3D12,NVIDIA GeForce RTX 5090 D,Direct3D 12 (feature level 12_0); requested Agility SDK 614; runtime 6.2.26100.8972 (C:\WINDOWS\SYSTEM32\D3D12Core.dll); driver 32.0.15.9186,false,assets/heightmaps/Hm_Terrain_Peking_513.png,547,547,80.000,12.000,20,0.250,0.100,200000,false,45,64,0.714,4.614,-12.906,21.302,-56.546,101.000,200000,1422096,199998,15499,7915,15499,234137,200000,33808,5625,183210,0,61849,138151,38940,5626,0,0,0,8,94.350,105.326,99.139,6.820,2.321,19.809,0.000,0.000,5.617,25.749,0.000,0.000,0.000,0.000,0.000,25.749,0.162,0.808,0.346,0.006,2.914,15.562,0.000,8.172,30.650,5.915,0.000,0.703,14472192,0,44.710,22.130,8.172,0.000,20,0,0.000,Off,ModifiedOnly,0,0,0,0,0,0,false,0,0,0,740,0,0,0,0,0,0,0,0,0,0,0,0.000,0.000,0.000,0.000,0.000,0.000,0.000,0.000,0.000,0.000,0.000,0.000,0.000,0.000,0.000,0.000,0.000,0.000,0.000,0.000
Data-Oriented CPU ROAM,RelWithDebInfo,D3D12,NVIDIA GeForce RTX 5090 D,Direct3D 12 (feature level 12_0); requested Agility SDK 614; runtime 6.2.26100.8972 (C:\WINDOWS\SYSTEM32\D3D12Core.dll); driver 32.0.15.9186,false,assets/heightmaps/Hm_Terrain_Peking_513.png,547,547,80.000,12.000,20,0.250,0.100,200000,false,46,64,0.730,4.720,-7.212,20.740,-57.550,106.009,200000,1438694,199998,15927,8130,15927,233951,200000,33610,5578,186732,0,63169,136831,39081,5579,0,0,0,8,92.414,107.350,101.244,7.374,2.578,20.183,0.000,0.000,5.684,26.703,0.000,0.000,0.000,0.000,0.000,26.702,0.191,0.826,0.242,0.009,3.166,15.738,0.000,8.531,30.190,5.854,0.000,0.715,14713104,0,45.678,22.761,8.531,0.000,20,0,0.000,Off,ModifiedOnly,0,0,0,0,0,0,false,0,0,0,784,0,0,0,0,0,0,0,0,0,0,0,0.000,0.000,0.000,0.000,0.000,0.000,0.000,0.000,0.000,0.000,0.000,0.000,0.000,0.000,0.000,0.000,0.000,0.000,0.000,0.000
Data-Oriented CPU ROAM,RelWithDebInfo,D3D12,NVIDIA GeForce RTX 5090 D,Direct3D 12 (feature level 12_0); requested Agility SDK 614; runtime 6.2.26100.8972 (C:\WINDOWS\SYSTEM32\D3D12Core.dll); driver 32.0.15.9186,false,assets/heightmaps/Hm_Terrain_Peking_513.png,547,547,80.000,12.000,20,0.250,0.100,200000,false,47,64,0.746,4.828,-1.446,20.150,-57.982,108.017,200000,1452536,199998,15176,7716,15176,233813,200000,33584,5407,177664,0,61783,138217,38292,5408,0,0,0,8,97.625,102.155,95.831,6.589,2.462,19.155,0.000,0.000,5.771,25.527,0.000,0.000,0.000,0.000,0.000,25.526,0.185,0.805,0.204,0.007,2.984,14.956,0.000,7.880,28.447,6.078,0.000,0.727,14523096,0,44.026,21.617,7.880,0.000,20,0,0.000,Off,ModifiedOnly,0,0,0,0,0,0,false,0,0,0,742,0,0,0,0,0,0,0,0,0,0,0,0.000,0.000,0.000,0.000,0.000,0.000,0.000,0.000,0.000,0.000,0.000,0.000,0.000,0.000,0.000,0.000,0.000,0.000,0.000,0.000
Data-Oriented CPU ROAM,RelWithDebInfo,D3D12,NVIDIA GeForce RTX 5090 D,Direct3D 12 (feature level 12_0); requested Agility SDK 614; runtime 6.2.26100.8972 (C:\WINDOWS\SYSTEM32\D3D12Core.dll); driver 32.0.15.9186,false,assets/heightmaps/Hm_Terrain_Peking_513.png,547,547,80.000,12.000,20,0.250,0.100,200000,false,48,64,0.762,4.931,4.334,19.553,-57.838,102.846,199999,1465546,199997,14509,7293,14510,233790,199999,33663,5540,170278,0,59850,140149,37318,5541,0,0,0,8,97.548,101.912,95.897,6.520,2.495,18.545,0.000,0.000,6.042,25.188,0.000,0.000,0.000,0.000,0.000,25.188,0.159,0.703,0.253,0.009,2.510,14.898,0.000,8.102,29.004,5.760,0.000,0.710,14387520,0,44.328,21.041,8.102,0.000,20,0,0.000,Off,ModifiedOnly,0,0,0,0,0,0,false,0,0,0,650,0,0,0,0,0,0,0,0,0,0,0,0.000,0.000,0.000,0.000,0.000,0.000,0.000,0.000,0.000,0.000,0.000,0.000,0.000,0.000,0.000,0.000,0.000,0.000,0.000,0.000
Data-Oriented CPU ROAM,RelWithDebInfo,D3D12,NVIDIA GeForce RTX 5090 D,Direct3D 12 (feature level 12_0); requested Agility SDK 614; runtime 6.2.26100.8972 (C:\WINDOWS\SYSTEM32\D3D12Core.dll); driver 32.0.15.9186,false,assets/heightmaps/Hm_Terrain_Peking_513.png,547,547,80.000,12.000,20,0.250,0.100,200000,false,49,64,0.778,5.034,10.072,18.974,-57.119,102.605,199999,1478606,199997,14092,7098,14092,233867,199999,33680,4909,165641,0,58505,141494,36873,4910,0,0,0,8,99.181,100.336,94.320,6.926,2.649,18.192,0.000,0.000,5.859,24.920,0.000,0.000,0.000,0.000,0.000,24.919,0.196,0.833,0.182,0.011,3.105,13.851,0.000,7.759,28.016,5.764,0.000,0.723,14067144,0,42.320,20.840,7.759,0.000,20,0,0.000,Off,ModifiedOnly,0,0,0,0,0,0,false,0,0,0,743,0,0,0,0,0,0,0,0,0,0,0,0.000,0.000,0.000,0.000,0.000,0.000,0.000,0.000,0.000,0.000,0.000,0.000,0.000,0.000,0.000,0.000,0.000,0.000,0.000,0.000
Data-Oriented CPU ROAM,RelWithDebInfo,D3D12,NVIDIA GeForce RTX 5090 D,Direct3D 12 (feature level 12_0); requested Agility SDK 614; runtime 6.2.26100.8972 (C:\WINDOWS\SYSTEM32\D3D12Core.dll); driver 32.0.15.9186,false,assets/heightmaps/Hm_Terrain_Peking_513.png,547,547,80.000,12.000,20,0.250,0.100,200000,false,50,64,0.794,5.135,15.709,18.436,-55.832,101.091,200000,1494844,199998,16102,8263,16101,233804,200000,33363,4642,189702,0,62879,137121,37956,4643,0,0,0,8,107.807,107.285,101.240,6.716,2.517,21.839,0.000,0.000,5.872,27.660,0.000,0.000,0.000,0.000,0.000,27.659,0.262,1.288,0.294,0.028,5.233,14.721,0.000,8.156,28.477,5.784,0.000,0.865,14595168,0,44.743,24.357,8.156,0.000,20,0,0.000,Off,ModifiedOnly,0,0,0,0,0,0,false,0,0,0,1168,0,0,0,0,0,0,0,0,0,0,0,0.000,0.000,0.000,0.000,0.000,0.000,0.000,0.000,0.000,0.000,0.000,0.000,0.000,0.000,0.000,0.000,0.000,0.000,0.000,0.000
Data-Oriented CPU ROAM,RelWithDebInfo,D3D12,NVIDIA GeForce RTX 5090 D,Direct3D 12 (feature level 12_0); requested Agility SDK 614; runtime 6.2.26100.8972 (C:\WINDOWS\SYSTEM32\D3D12Core.dll); driver 32.0.15.9186,false,assets/heightmaps/Hm_Terrain_Peking_513.png,547,547,80.000,12.000,20,0.250,0.100,200000,false,51,64,0.810,5.243,21.190,17.959,-53.991,107.993,199999,1514362,199997,17970,9136,17971,233638,199999,33276,4528,211986,0,65012,134987,38131,4529,0,0,0,8,102.384,112.620,106.614,6.610,2.520,24.241,0.000,0.000,5.739,30.478,0.000,0.000,0.000,0.000,0.000,30.477,0.277,1.591,0.679,0.010,6.386,15.284,0.000,8.479,28.546,5.747,0.000,0.779,15204840,0,46.960,26.761,8.479,0.000,20,0,0.000,Off,ModifiedOnly,0,0,0,0,0,0,false,0,0,0,1516,0,0,0,0,0,0,0,0,0,0,0,0.000,0.000,0.000,0.000,0.000,0.000,0.000,0.000,0.000,0.000,0.000,0.000,0.000,0.000,0.000,0.000,0.000,0.000,0.000,0.000
Data-Oriented CPU ROAM,RelWithDebInfo,D3D12,NVIDIA GeForce RTX 5090 D,Direct3D 12 (feature level 12_0); requested Agility SDK 614; runtime 6.2.26100.8972 (C:\WINDOWS\SYSTEM32\D3D12Core.dll); driver 32.0.15.9186,false,assets/heightmaps/Hm_Terrain_Peking_513.png,547,547,80.000,12.000,20,0.250,0.100,200000,false,52,64,0.825,5.356,26.460,17.564,-51.613,113.311,200000,1534172,199998,17602,8847,17601,233584,200000,33237,4434,204630,0,64747,135253,38112,4435,0,0,0,8,104.606,110.557,104.341,7.076,2.692,22.997,0.000,0.000,5.737,28.676,0.000,0.000,0.000,0.000,0.000,28.675,0.243,1.496,0.517,0.014,5.909,14.804,0.000,8.578,28.584,5.949,0.000,0.737,15062376,0,44.862,25.689,8.578,0.000,20,0,0.000,Off,ModifiedOnly,0,0,0,0,0,0,false,0,0,0,1443,0,0,0,0,0,0,0,0,0,0,0,0.000,0.000,0.000,0.000,0.000,0.000,0.000,0.000,0.000,0.000,0.000,0.000,0.000,0.000,0.000,0.000,0.000,0.000,0.000,0.000
Data-Oriented CPU ROAM,RelWithDebInfo,D3D12,NVIDIA GeForce RTX 5090 D,Direct3D 12 (feature level 12_0); requested Agility SDK 614; runtime 6.2.26100.8972 (C:\WINDOWS\SYSTEM32\D3D12Core.dll); driver 32.0.15.9186,false,assets/heightmaps/Hm_Terrain_Peking_513.png,547,547,80.000,12.000,20,0.250,0.100,200000,false,53,64,0.841,5.467,31.468,17.265,-48.722,111.251,199999,1551688,199997,16801,8469,16802,233656,199999,33380,4470,197952,0,66449,133550,39030,4471,0,0,0,8,91.261,108.778,102.449,6.694,2.363,21.855,0.000,0.000,5.728,28.286,0.000,0.000,0.000,0.000,0.000,28.285,0.237,1.355,0.490,0.016,5.280,14.463,0.000,8.712,28.811,6.005,0.000,0.712,14923440,0,44.499,24.217,8.712,0.000,20,0,0.000,Off,ModifiedOnly,0,0,0,0,0,0,false,0,0,0,1277,0,0,0,0,0,0,0,0,0,0,0,0.000,0.000,0.000,0.000,0.000,0.000,0.000,0.000,0.000,0.000,0.000,0.000,0.000,0.000,0.000,0.000,0.000,0.000,0.000,0.000
Data-Oriented CPU ROAM,RelWithDebInfo,D3D12,NVIDIA GeForce RTX 5090 D,Direct3D 12 (feature level 12_0); requested Agility SDK 614; runtime 6.2.26100.8972 (C:\WINDOWS\SYSTEM32\D3D12Core.dll); driver 32.0.15.9186,false,assets/heightmaps/Hm_Terrain_Peking_513.png,547,547,80.000,12.000,20,0.250,0.100,200000,false,54,64,0.857,5.577,36.162,17.075,-45.346,109.453,199999,1565166,199997,16670,8438,16670,233849,199999,33497,4914,197023,0,66386,133613,39274,4915,0,0,0,8,107.279,107.818,101.758,6.872,2.471,21.308,0.000,0.000,5.807,28.255,0.000,0.000,0.000,0.000,0.000,28.254,0.218,1.210,0.357,0.015,4.570,14.924,0.000,8.741,28.303,5.817,0.000,0.813,15243480,0,45.619,23.779,8.741,0.000,20,0,0.000,Off,ModifiedOnly,0,0,0,0,0,0,false,0,0,0,1124,0,0,0,0,0,0,0,0,0,0,0,0.000,0.000,0.000,0.000,0.000,0.000,0.000,0.000,0.000,0.000,0.000,0.000,0.000,0.000,0.000,0.000,0.000,0.000,0.000,0.000
Data-Oriented CPU ROAM,RelWithDebInfo,D3D12,NVIDIA GeForce RTX 5090 D,Direct3D 12 (feature level 12_0); requested Agility SDK 614; runtime 6.2.26100.8972 (C:\WINDOWS\SYSTEM32\D3D12Core.dll); driver 32.0.15.9186,false,assets/heightmaps/Hm_Terrain_Peking_513.png,547,547,80.000,12.000,20,0.250,0.100,200000,false,55,64,0.873,5.685,40.498,17.001,-41.520,108.534,199999,1576158,199997,16899,8576,16899,233815,199999,33558,5850,196599,0,66428,133571,39592,5851,0,0,0,8,107.090,108.448,101.938,6.911,2.577,21.451,0.000,0.000,6.044,28.471,0.000,0.000,0.000,0.000,0.000,28.470,0.181,0.947,0.316,0.006,3.570,16.420,0.000,8.775,27.709,6.267,0.000,0.741,15592080,0,48.372,24.028,8.775,0.000,20,0,0.000,Off,ModifiedOnly,0,0,0,0,0,0,false,0,0,0,884,0,0,0,0,0,0,0,0,0,0,0,0.000,0.000,0.000,0.000,0.000,0.000,0.000,0.000,0.000,0.000,0.000,0.000,0.000,0.000,0.000,0.000,0.000,0.000,0.000,0.000
Data-Oriented CPU ROAM,RelWithDebInfo,D3D12,NVIDIA GeForce RTX 5090 D,Direct3D 12 (feature level 12_0); requested Agility SDK 614; runtime 6.2.26100.8972 (C:\WINDOWS\SYSTEM32\D3D12Core.dll); driver 32.0.15.9186,false,assets/heightmaps/Hm_Terrain_Peking_513.png,547,547,80.000,12.000,20,0.250,0.100,200000,false,56,64,0.889,5.795,44.431,17.046,-37.282,109.185,199999,1586094,199997,18109,9206,18109,233670,199999,33444,6413,206930,0,67640,132359,40183,6414,0,0,0,8,106.810,108.915,102.170,6.625,2.546,22.182,0.000,0.000,5.906,28.846,0.000,0.000,0.000,0.000,0.000,28.845,0.203,0.981,0.249,0.011,3.657,17.069,0.000,9.430,26.635,6.467,0.000,0.758,15840720,0,49.274,24.728,9.430,0.000,20,0,0.000,Off,ModifiedOnly,0,0,0,0,0,0,false,0,0,0,915,0,0,0,0,0,0,0,0,0,0,0,0.000,0.000,0.000,0.000,0.000,0.000,0.000,0.000,0.000,0.000,0.000,0.000,0.000,0.000,0.000,0.000,0.000,0.000,0.000,0.000
Data-Oriented CPU ROAM,RelWithDebInfo,D3D12,NVIDIA GeForce RTX 5090 D,Direct3D 12 (feature level 12_0); requested Agility SDK 614; runtime 6.2.26100.8972 (C:\WINDOWS\SYSTEM32\D3D12Core.dll); driver 32.0.15.9186,false,assets/heightmaps/Hm_Terrain_Peking_513.png,547,547,80.000,12.000,20,0.250,0.100,200000,false,57,64,0.905,5.904,47.922,17.207,-32.673,109.592,200000,1595942,199998,17927,9041,17926,233810,200000,33598,5648,208671,0,69718,130282,40602,5649,0,0,0,8,105.492,110.111,103.456,6.568,2.458,22.125,0.000,0.000,5.750,29.936,0.000,0.000,0.000,0.000,0.000,29.936,0.248,1.213,0.345,0.010,4.627,15.668,0.000,9.356,27.263,6.381,0.000,0.686,16196544,0,48.150,24.582,9.356,0.000,20,0,0.000,Off,ModifiedOnly,0,0,0,0,0,0,false,0,0,0,1124,0,0,0,0,0,0,0,0,0,0,0,0.000,0.000,0.000,0.000,0.000,0.000,0.000,0.000,0.000,0.000,0.000,0.000,0.000,0.000,0.000,0.000,0.000,0.000,0.000,0.000
Data-Oriented CPU ROAM,RelWithDebInfo,D3D12,NVIDIA GeForce RTX 5090 D,Direct3D 12 (feature level 12_0); requested Agility SDK 614; runtime 6.2.26100.8972 (C:\WINDOWS\SYSTEM32\D3D12Core.dll); driver 32.0.15.9186,false,assets/heightmaps/Hm_Terrain_Peking_513.png,547,547,80.000,12.000,20,0.250,0.100,200000,false,58,64,0.921,6.015,50.937,17.480,-27.739,110.781,199999,1604484,199997,15971,8097,15972,233983,199999,33776,5160,191329,0,67951,132048,40329,5161,0,0,0,8,94.933,105.153,98.514,6.553,2.457,20.192,0.000,0.000,5.840,27.928,0.000,0.000,0.000,0.000,0.000,27.928,0.208,1.014,0.236,0.004,3.994,14.722,0.000,8.654,26.889,6.352,0.000,0.691,16171512,0,45.686,22.649,8.654,0.000,20,0,0.000,Off,ModifiedOnly,0,0,0,0,0,0,false,0,0,0,975,0,0,0,0,0,0,0,0,0,0,0,0.000,0.000,0.000,0.000,0.000,0.000,0.000,0.000,0.000,0.000,0.000,0.000,0.000,0.000,0.000,0.000,0.000,0.000,0.000,0.000
Data-Oriented CPU ROAM,RelWithDebInfo,D3D12,NVIDIA GeForce RTX 5090 D,Direct3D 12 (feature level 12_0); requested Agility SDK 614; runtime 6.2.26100.8972 (C:\WINDOWS\SYSTEM32\D3D12Core.dll); driver 32.0.15.9186,false,assets/heightmaps/Hm_Terrain_Peking_513.png,547,547,80.000,12.000,20,0.250,0.100,200000,false,59,64,0.937,6.121,53.446,17.852,-22.529,105.836,199999,1610386,199997,14004,7137,14004,233963,199999,33634,4676,165578,0,62401,137598,38775,4677,0,0,0,8,207.243,96.891,90.250,6.700,2.449,17.941,0.000,0.000,5.487,23.606,0.000,0.000,0.000,0.000,0.000,23.605,0.184,0.946,0.193,0.020,3.571,13.014,0.000,7.876,26.191,6.372,0.000,0.688,15462888,0,39.805,20.390,7.876,0.000,20,0,0.000,Off,ModifiedOnly,0,0,0,0,0,0,false,0,0,0,865,0,0,0,0,0,0,0,0,0,0,0,0.000,0.000,0.000,0.000,0.000,0.000,0.000,0.000,0.000,0.000,0.000,0.000,0.000,0.000,0.000,0.000,0.000,0.000,0.000,0.000
Data-Oriented CPU ROAM,RelWithDebInfo,D3D12,NVIDIA GeForce RTX 5090 D,Direct3D 12 (feature level 12_0); requested Agility SDK 614; runtime 6.2.26100.8972 (C:\WINDOWS\SYSTEM32\D3D12Core.dll); driver 32.0.15.9186,false,assets/heightmaps/Hm_Terrain_Peking_513.png,547,547,80.000,12.000,20,0.250,0.100,200000,false,60,64,0.952,6.218,55.423,18.310,-17.096,97.580,200000,1613714,199998,15077,7673,15076,233913,200000,33628,5205,178779,0,61088,138912,38503,5206,0,0,0,8,85.557,97.452,91.099,6.448,2.319,18.588,0.000,0.000,5.476,24.845,0.000,0.000,0.000,0.000,0.000,24.845,0.184,0.875,0.292,0.009,3.409,13.808,0.000,7.999,25.425,6.093,0.000,0.692,14940240,0,41.843,20.906,7.999,0.000,20,0,0.000,Off,ModifiedOnly,0,0,0,0,0,0,false,0,0,0,850,0,0,0,0,0,0,0,0,0,0,0,0.000,0.000,0.000,0.000,0.000,0.000,0.000,0.000,0.000,0.000,0.000,0.000,0.000,0.000,0.000,0.000,0.000,0.000,0.000,0.000
Data-Oriented CPU ROAM,RelWithDebInfo,D3D12,NVIDIA GeForce RTX 5090 D,Direct3D 12 (feature level 12_0); requested Agility SDK 614; runtime 6.2.26100.8972 (C:\WINDOWS\SYSTEM32\D3D12Core.dll); driver 32.0.15.9186,false,assets/heightmaps/Hm_Terrain_Peking_513.png,547,547,80.000,12.000,20,0.250,0.100,200000,false,61,64,0.968,6.317,56.850,18.835,-11.492,98.137,200000,1616254,199998,15566,7957,15566,233818,200000,33577,5724,182543,0,64316,135684,39570,5725,0,0,0,8,185.151,99.070,92.551,6.560,2.295,19.462,0.000,0.000,5.531,25.297,0.000,0.000,0.000,0.000,0.000,25.296,0.160,0.729,0.312,0.003,2.957,15.285,0.000,8.075,25.331,6.194,0.000,0.817,15014496,0,43.647,21.757,8.075,0.000,20,0,0.000,Off,ModifiedOnly,0,0,0,0,0,0,false,0,0,0,685,0,0,0,0,0,0,0,0,0,0,0,0.000,0.000,0.000,0.000,0.000,0.000,0.000,0.000,0.000,0.000,0.000,0.000,0.000,0.000,0.000,0.000,0.000,0.000,0.000,0.000
Data-Oriented CPU ROAM,RelWithDebInfo,D3D12,NVIDIA GeForce RTX 5090 D,Direct3D 12 (feature level 12_0); requested Agility SDK 614; runtime 6.2.26100.8972 (C:\WINDOWS\SYSTEM32\D3D12Core.dll); driver 32.0.15.9186,false,assets/heightmaps/Hm_Terrain_Peking_513.png,547,547,80.000,12.000,20,0.250,0.100,200000,false,62,64,0.984,6.416,57.712,19.406,-5.775,99.728,199999,1618198,199997,15774,8075,15775,233768,199999,33552,6164,184632,0,65506,134493,39998,6165,0,0,0,8,101.787,98.534,91.850,6.594,2.437,18.379,0.000,0.000,5.325,25.666,0.000,0.000,0.000,0.000,0.000,25.666,0.135,0.617,0.145,0.008,2.440,15.020,0.000,8.328,25.121,6.384,0.000,0.705,15482712,0,44.289,20.816,8.328,0.000,20,0,0.000,Off,ModifiedOnly,0,0,0,0,0,0,false,0,0,0,591,0,0,0,0,0,0,0,0,0,0,0,0.000,0.000,0.000,0.000,0.000,0.000,0.000,0.000,0.000,0.000,0.000,0.000,0.000,0.000,0.000,0.000,0.000,0.000,0.000,0.000
Data-Oriented CPU ROAM,RelWithDebInfo,D3D12,NVIDIA GeForce RTX 5090 D,Direct3D 12 (feature level 12_0); requested Agility SDK 614; runtime 6.2.26100.8972 (C:\WINDOWS\SYSTEM32\D3D12Core.dll); driver 32.0.15.9186,false,assets/heightmaps/Hm_Terrain_Peking_513.png,547,547,80.000,12.000,20,0.250,0.100,200000,false,63,64,1.000,6.516,58.000,20.000,0.000,99.211,199999,1618198,199997,14236,7228,14236,233858,199999,33558,5846,169606,0,62158,137841,38813,5847,0,0,0,8,219.843,91.525,85.060,6.537,2.175,16.512,0.000,0.000,5.007,22.718,0.000,0.000,0.000,0.000,0.000,22.717,0.106,0.495,0.173,0.007,1.814,13.906,0.000,8.250,23.860,6.190,0.000,0.709,14909832,0,40.371,18.688,8.250,0.000,20,0,0.000,Off,ModifiedOnly,0,0,0,0,0,0,false,0,0,0,465,0,0,0,0,0,0,0,0,0,0,0,0.000,0.000,0.000,0.000,0.000,0.000,0.000,0.000,0.000,0.000,0.000,0.000,0.000,0.000,0.000,0.000,0.000,0.000,0.000,0.000
CBT 2024（GPU 常驻拓扑）,RelWithDebInfo,D3D12,NVIDIA GeForce RTX 5090 D,Direct3D 12 (feature level 12_0); requested Agility SDK 614; runtime 6.2.26100.8972 (C:\WINDOWS\SYSTEM32\D3D12Core.dll); driver 32.0.15.9186,false,assets/heightmaps/Hm_Terrain_Peking_513.png,547,547,80.000,12.000,20,0.250,0.100,200000,false,0,64,0.000,0.000,58.000,20.000,0.000,0.194,761,761,377,377,1,0,380,0,0,0,0,0,0,0,0,0,0,0,0,0,0.000,0.032,0.029,0.000,0.000,0.000,0.000,0.000,0.000,0.000,0.000,0.000,0.000,0.000,0.000,0.000,0.000,0.000,0.000,0.000,0.000,0.000,0.000,0.000,0.000,0.000,0.000,0.118,0,424,0.034,0.006,0.005,0.000,4,1048576,25.000,Off,ModifiedOnly,1,9,7,7,7,2,false,755,1047821,376,4,377,377,0,0,0,0,0,377,0,0,0,0.082,0.000,0.000,0.002,0.009,0.006,0.008,0.006,0.003,0.011,0.003,0.001,0.002,0.002,0.002,0.001,0.011,0.005,0.000,0.010
CBT 2024（GPU 常驻拓扑）,RelWithDebInfo,D3D12,NVIDIA GeForce RTX 5090 D,Direct3D 12 (feature level 12_0); requested Agility SDK 614; runtime 6.2.26100.8972 (C:\WINDOWS\SYSTEM32\D3D12Core.dll); driver 32.0.15.9186,false,assets/heightmaps/Hm_Terrain_Peking_513.png,547,547,80.000,12.000,20,0.250,0.100,200000,false,1,64,0.016,0.000,57.712,20.594,5.775,0.156,1507,1507,745,745,2,0,753,0,0,0,0,0,0,0,0,0,0,0,0,0,0.000,0.032,0.029,0.000,0.000,0.000,0.000,0.000,0.000,0.000,0.000,0.000,0.000,0.000,0.000,0.000,0.000,0.000,0.000,0.000,0.000,0.000,0.000,0.000,0.000,0.000,0.000,0.115,0,424,0.033,0.010,0.005,0.000,4,1048576,25.000,Off,ModifiedOnly,1,10,8,8,8,2,false,1501,1047075,743,10,746,745,0,0,0,0,0,744,1,0,0,0.086,0.000,0.000,0.002,0.010,0.007,0.008,0.006,0.004,0.007,0.006,0.001,0.002,0.002,0.002,0.001,0.011,0.005,0.000,0.011
CBT 2024（GPU 常驻拓扑）,RelWithDebInfo,D3D12,NVIDIA GeForce RTX 5090 D,Direct3D 12 (feature level 12_0); requested Agility SDK 614; runtime 6.2.26100.8972 (C:\WINDOWS\SYSTEM32\D3D12Core.dll); driver 32.0.15.9186,false,assets/heightmaps/Hm_Terrain_Peking_513.png,547,547,80.000,12.000,20,0.250,0.100,200000,false,2,64,0.032,0.000,56.850,21.165,11.492,0.144,3015,3015,1496,1496,13,0,1495,0,0,0,0,0,0,0,0,0,0,0,0,0,0.000,0.034,0.031,0.000,0.000,0.000,0.000,0.000,0.000,0.000,0.000,0.000,0.000,0.000,0.000,0.000,0.000,0.000,0.000,0.000,0.000,0.000,0.000,0.000,0.000,0.000,0.037,0.137,0,424,0.040,0.007,0.006,0.000,4,1048576,25.000,Off,ModifiedOnly,1,11,9,9,9,2,false,3009,1045567,1483,12,1508,1489,0,0,0,0,0,1485,4,6,1,0.093,0.000,0.000,0.002,0.011,0.008,0.015,0.006,0.006,0.004,0.003,0.001,0.002,0.002,0.002,0.001,0.011,0.005,0.000,0.013
CBT 2024（GPU 常驻拓扑）,RelWithDebInfo,D3D12,NVIDIA GeForce RTX 5090 D,Direct3D 12 (feature level 12_0); requested Agility SDK 614; runtime 6.2.26100.8972 (C:\WINDOWS\SYSTEM32\D3D12Core.dll); driver 32.0.15.9186,false,assets/heightmaps/Hm_Terrain_Peking_513.png,547,547,80.000,12.000,20,0.250,0.100,200000,false,3,64,0.048,0.000,55.423,21.690,17.096,0.199,5763,5763,2750,2750,49,1,2732,0,0,0,0,0,0,0,0,0,0,0,0,0,0.000,0.034,0.031,0.000,0.000,0.000,0.000,0.000,0.000,0.000,0.000,0.000,0.000,0.000,0.000,0.000,0.000,0.000,0.000,0.000,0.000,0.000,0.000,0.000,0.000,0.000,0.073,0.139,0,424,0.034,0.020,0.007,0.000,4,1048576,25.000,Off,ModifiedOnly,1,12,10,10,10,2,false,5757,1042819,2701,31,2750,2750,1,2,2,0,1,2750,0,0,0,0.103,0.000,0.000,0.002,0.010,0.006,0.008,0.006,0.004,0.010,0.007,0.009,0.003,0.001,0.002,0.001,0.011,0.007,0.000,0.015
CBT 2024（GPU 常驻拓扑）,RelWithDebInfo,D3D12,NVIDIA GeForce RTX 5090 D,Direct3D 12 (feature level 12_0); requested Agility SDK 614; runtime 6.2.26100.8972 (C:\WINDOWS\SYSTEM32\D3D12Core.dll); driver 32.0.15.9186,false,assets/heightmaps/Hm_Terrain_Peking_513.png,547,547,80.000,12.000,20,0.250,0.100,200000,false,4,64,0.063,0.001,53.446,22.148,22.529,0.233,9753,9753,3962,3962,145,4,3884,0,0,0,0,0,0,0,0,0,0,0,0,0,0.000,0.034,0.031,0.000,0.000,0.000,0.000,0.000,0.000,0.000,0.000,0.000,0.000,0.000,0.000,0.000,0.000,0.000,0.000,0.000,0.000,0.000,0.000,0.000,0.000,0.000,0.088,0.163,0,424,0.045,0.016,0.008,0.000,4,1048576,25.000,Off,ModifiedOnly,1,13,11,11,11,2,false,9747,1038829,3817,67,3998,3944,4,8,7,0,4,3932,12,12,6,0.116,0.000,0.000,0.002,0.017,0.009,0.014,0.006,0.006,0.009,0.009,0.004,0.004,0.001,0.002,0.001,0.011,0.008,0.000,0.013
CBT 2024（GPU 常驻拓扑）,RelWithDebInfo,D3D12,NVIDIA GeForce RTX 5090 D,Direct3D 12 (feature level 12_0); requested Agility SDK 614; runtime 6.2.26100.8972 (C:\WINDOWS\SYSTEM32\D3D12Core.dll); driver 32.0.15.9186,false,assets/heightmaps/Hm_Terrain_Peking_513.png,547,547,80.000,12.000,20,0.250,0.100,200000,false,5,64,0.079,0.001,50.937,22.520,27.739,0.245,14832,14832,5168,5168,140,59,5290,0,0,0,0,0,0,0,0,0,0,0,0,0,0.000,0.034,0.031,0.000,0.000,0.000,0.000,0.000,0.000,0.000,0.000,0.000,0.000,0.000,0.000,0.000,0.000,0.000,0.000,0.000,0.000,0.000,0.000,0.000,0.000,0.000,0.088,0.160,0,424,0.036,0.017,0.009,0.000,4,1048576,25.000,Off,ModifiedOnly,1,14,12,12,12,2,false,14826,1033750,5028,262,5193,5156,59,114,113,4,55,5145,11,10,2,0.108,0.000,0.000,0.002,0.015,0.009,0.011,0.006,0.006,0.004,0.004,0.009,0.004,0.001,0.002,0.001,0.011,0.009,0.000,0.013
CBT 2024（GPU 常驻拓扑）,RelWithDebInfo,D3D12,NVIDIA GeForce RTX 5090 D,Direct3D 12 (feature level 12_0); requested Agility SDK 614; runtime 6.2.26100.8972 (C:\WINDOWS\SYSTEM32\D3D12Core.dll); driver 32.0.15.9186,false,assets/heightmaps/Hm_Terrain_Peking_513.png,547,547,80.000,12.000,20,0.250,0.100,200000,false,6,64,0.095,0.001,47.922,22.793,32.673,0.245,20941,20941,6265,6265,216,109,6512,0,0,0,0,0,0,0,0,0,0,0,0,0,0.000,0.034,0.031,0.000,0.000,0.000,0.000,0.000,0.000,0.000,0.000,0.000,0.000,0.000,0.000,0.000,0.000,0.000,0.000,0.000,0.000,0.000,0.000,0.000,0.000,0.000,0.127,0.199,0,424,0.050,0.025,0.011,0.000,4,1048576,25.000,Off,ModifiedOnly,1,15,13,13,13,2,false,20935,1027641,6049,463,6327,6232,109,218,213,0,109,6209,23,27,6,0.128,0.000,0.000,0.002,0.009,0.012,0.022,0.006,0.006,0.004,0.011,0.010,0.004,0.001,0.002,0.001,0.011,0.010,0.000,0.015
CBT 2024（GPU 常驻拓扑）,RelWithDebInfo,D3D12,NVIDIA GeForce RTX 5090 D,Direct3D 12 (feature level 12_0); requested Agility SDK 614; runtime 6.2.26100.8972 (C:\WINDOWS\SYSTEM32\D3D12Core.dll); driver 32.0.15.9186,false,assets/heightmaps/Hm_Terrain_Peking_513.png,547,547,80.000,12.000,20,0.250,0.100,200000,false,7,64,0.111,0.002,44.431,22.954,37.282,0.287,26815,26815,6394,6394,202,297,7126,0,0,0,0,0,0,0,0,0,0,0,0,0,0.000,0.034,0.031,0.000,0.000,0.000,0.000,0.000,0.000,0.000,0.000,0.000,0.000,0.000,0.000,0.000,0.000,0.000,0.000,0.000,0.000,0.000,0.000,0.000,0.000,0.000,0.136,0.200,0,424,0.044,0.024,0.012,0.000,4,1048576,25.000,Off,ModifiedOnly,1,16,14,14,14,2,false,26809,1021767,6192,934,6463,6358,297,589,589,5,292,6336,22,25,11,0.143,0.000,0.000,0.002,0.029,0.012,0.016,0.006,0.006,0.004,0.009,0.010,0.004,0.001,0.002,0.001,0.011,0.012,0.000,0.017
CBT 2024（GPU 常驻拓扑）,RelWithDebInfo,D3D12,NVIDIA GeForce RTX 5090 D,Direct3D 12 (feature level 12_0); requested Agility SDK 614; runtime 6.2.26100.8972 (C:\WINDOWS\SYSTEM32\D3D12Core.dll); driver 32.0.15.9186,false,assets/heightmaps/Hm_Terrain_Peking_513.png,547,547,80.000,12.000,20,0.250,0.100,200000,false,8,64,0.127,0.002,40.498,22.999,41.520,0.293,30045,30045,4355,4355,207,607,5821,0,0,0,0,0,0,0,0,0,0,0,0,0,0.000,0.034,0.031,0.000,0.000,0.000,0.000,0.000,0.000,0.000,0.000,0.000,0.000,0.000,0.000,0.000,0.000,0.000,0.000,0.000,0.000,0.000,0.000,0.000,0.000,0.000,0.132,0.192,0,424,0.043,0.019,0.009,0.000,4,1048576,25.000,Off,ModifiedOnly,1,17,15,15,15,2,false,30039,1018537,4148,1673,4443,4311,607,1213,1208,1,606,4279,32,32,12,0.121,0.000,0.000,0.002,0.010,0.011,0.014,0.006,0.006,0.004,0.009,0.005,0.004,0.001,0.002,0.001,0.011,0.009,0.000,0.023
CBT 2024（GPU 常驻拓扑）,RelWithDebInfo,D3D12,NVIDIA GeForce RTX 5090 D,Direct3D 12 (feature level 12_0); requested Agility SDK 614; runtime 6.2.26100.8972 (C:\WINDOWS\SYSTEM32\D3D12Core.dll); driver 32.0.15.9186,false,assets/heightmaps/Hm_Terrain_Peking_513.png,547,547,80.000,12.000,20,0.250,0.100,200000,false,9,64,0.143,0.002,36.162,22.925,45.346,0.288,29899,29899,1591,1591,176,925,3784,0,0,0,0,0,0,0,0,0,0,0,0,0,0.000,0.034,0.031,0.000,0.000,0.000,0.000,0.000,0.000,0.000,0.000,0.000,0.000,0.000,0.000,0.000,0.000,0.000,0.000,0.000,0.000,0.000,0.000,0.000,0.000,0.000,0.111,0.188,0,424,0.043,0.024,0.008,0.000,4,1048576,25.000,Off,ModifiedOnly,1,18,16,16,16,2,false,29893,1018683,1415,2369,1685,1546,925,1831,1829,19,906,1508,38,34,11,0.125,0.000,0.000,0.002,0.014,0.011,0.015,0.006,0.007,0.004,0.011,0.009,0.004,0.001,0.002,0.001,0.011,0.008,0.000,0.018
CBT 2024（GPU 常驻拓扑）,RelWithDebInfo,D3D12,NVIDIA GeForce RTX 5090 D,Direct3D 12 (feature level 12_0); requested Agility SDK 614; runtime 6.2.26100.8972 (C:\WINDOWS\SYSTEM32\D3D12Core.dll); driver 32.0.15.9186,false,assets/heightmaps/Hm_Terrain_Peking_513.png,547,547,80.000,12.000,20,0.250,0.100,200000,false,10,64,0.159,0.002,31.468,22.735,48.722,0.268,29483,29483,1438,1438,127,983,3824,0,0,0,0,0,0,0,0,0,0,0,0,0,0.000,0.049,0.045,0.000,0.000,0.000,0.000,0.000,0.000,0.000,0.000,0.000,0.000,0.000,0.000,0.000,0.000,0.000,0.000,0.000,0.000,0.000,0.000,0.000,0.000,0.000,0.126,0.194,0,424,0.045,0.027,0.007,0.000,4,1048576,25.000,Off,ModifiedOnly,1,19,17,17,17,2,false,29477,1019099,1311,2513,1538,1388,983,1954,1941,12,971,1355,33,33,17,0.123,0.000,0.000,0.002,0.009,0.012,0.015,0.007,0.007,0.004,0.010,0.013,0.004,0.001,0.002,0.001,0.011,0.007,0.000,0.018
CBT 2024（GPU 常驻拓扑）,RelWithDebInfo,D3D12,NVIDIA GeForce RTX 5090 D,Direct3D 12 (feature level 12_0); requested Agility SDK 614; runtime 6.2.26100.8972 (C:\WINDOWS\SYSTEM32\D3D12Core.dll); driver 32.0.15.9186,false,assets/heightmaps/Hm_Terrain_Peking_513.png,547,547,80.000,12.000,20,0.250,0.100,200000,false,11,64,0.175,0.003,26.460,22.436,51.613,0.403,29137,29137,1496,1496,189,968,3729,0,0,0,0,0,0,0,0,0,0,0,0,0,0.000,0.035,0.032,0.000,0.000,0.000,0.000,0.000,0.000,0.000,0.000,0.000,0.000,0.000,0.000,0.000,0.000,0.000,0.000,0.000,0.000,0.000,0.000,0.000,0.000,0.000,0.000,0.164,0,424,0.043,0.014,0.007,0.000,4,1048576,25.000,Off,ModifiedOnly,1,20,18,18,18,2,false,29131,1019445,1307,2422,1576,1456,968,1922,1917,14,954,1428,28,28,12,0.113,0.000,0.000,0.002,0.014,0.010,0.015,0.006,0.007,0.004,0.004,0.005,0.004,0.001,0.002,0.001,0.011,0.007,0.000,0.017
CBT 2024（GPU 常驻拓扑）,RelWithDebInfo,D3D12,NVIDIA GeForce RTX 5090 D,Direct3D 12 (feature level 12_0); requested Agility SDK 614; runtime 6.2.26100.8972 (C:\WINDOWS\SYSTEM32\D3D12Core.dll); driver 32.0.15.9186,false,assets/heightmaps/Hm_Terrain_Peking_513.png,547,547,80.000,12.000,20,0.250,0.100,200000,false,12,64,0.190,0.003,21.190,22.041,53.991,0.159,29190,29190,1679,1679,185,866,3690,0,0,0,0,0,0,0,0,0,0,0,0,0,0.000,0.036,0.032,0.000,0.000,0.000,0.000,0.000,0.000,0.000,0.000,0.000,0.000,0.000,0.000,0.000,0.000,0.000,0.000,0.000,0.000,0.000,0.000,0.000,0.000,0.000,0.068,0.159,0,424,0.042,0.014,0.007,0.000,4,1048576,25.000,Off,ModifiedOnly,1,21,19,19,19,2,false,29184,1019392,1494,2196,1766,1634,866,1713,1703,19,847,1601,33,36,9,0.102,0.000,0.000,0.002,0.005,0.010,0.014,0.006,0.007,0.004,0.004,0.005,0.004,0.001,0.002,0.001,0.011,0.007,0.000,0.017
CBT 2024（GPU 常驻拓扑）,RelWithDebInfo,D3D12,NVIDIA GeForce RTX 5090 D,Direct3D 12 (feature level 12_0); requested Agility SDK 614; runtime 6.2.26100.8972 (C:\WINDOWS\SYSTEM32\D3D12Core.dll); driver 32.0.15.9186,false,assets/heightmaps/Hm_Terrain_Peking_513.png,547,547,80.000,12.000,20,0.250,0.100,200000,false,13,64,0.206,0.003,15.709,21.564,55.832,0.232,29147,29147,1754,1754,185,952,3899,0,0,0,0,0,0,0,0,0,0,0,0,0,0.000,0.034,0.031,0.000,0.000,0.000,0.000,0.000,0.000,0.000,0.000,0.000,0.000,0.000,0.000,0.000,0.000,0.000,0.000,0.000,0.000,0.000,0.000,0.000,0.000,0.000,0.069,0.147,0,424,0.044,0.014,0.008,0.000,4,1048576,25.000,Off,ModifiedOnly,1,22,20,20,20,2,false,29141,1019435,1569,2330,1845,1709,952,1888,1882,16,936,1670,39,38,7,0.105,0.000,0.000,0.002,0.005,0.011,0.015,0.006,0.007,0.004,0.004,0.005,0.004,0.001,0.002,0.001,0.010,0.008,0.000,0.017
CBT 2024（GPU 常驻拓扑）,RelWithDebInfo,D3D12,NVIDIA GeForce RTX 5090 D,Direct3D 12 (feature level 12_0); requested Agility SDK 614; runtime 6.2.26100.8972 (C:\WINDOWS\SYSTEM32\D3D12Core.dll); driver 32.0.15.9186,false,assets/heightmaps/Hm_Terrain_Peking_513.png,547,547,80.000,12.000,20,0.250,0.100,200000,false,14,64,0.222,0.003,10.072,21.026,57.119,0.339,29128,29128,1535,1535,154,827,3455,0,0,0,0,0,0,0,0,0,0,0,0,0,0.000,0.035,0.032,0.000,0.000,0.000,0.000,0.000,0.000,0.000,0.000,0.000,0.000,0.000,0.000,0.000,0.000,0.000,0.000,0.000,0.000,0.000,0.000,0.000,0.000,0.000,0.000,0.167,0,424,0.042,0.014,0.008,0.000,4,1048576,25.000,Off,ModifiedOnly,1,23,21,21,21,2,false,29122,1019454,1381,2074,1621,1491,827,1640,1631,14,813,1455,36,38,6,0.104,0.000,0.000,0.002,0.005,0.011,0.014,0.006,0.007,0.004,0.004,0.005,0.004,0.001,0.002,0.001,0.011,0.007,0.000,0.018
CBT 2024（GPU 常驻拓扑）,RelWithDebInfo,D3D12,NVIDIA GeForce RTX 5090 D,Direct3D 12 (feature level 12_0); requested Agility SDK 614; runtime 6.2.26100.8972 (C:\WINDOWS\SYSTEM32\D3D12Core.dll); driver 32.0.15.9186,false,assets/heightmaps/Hm_Terrain_Peking_513.png,547,547,80.000,12.000,20,0.250,0.100,200000,false,15,64,0.238,0.004,4.334,20.447,57.838,0.162,29108,29108,1626,1626,182,874,3693,0,0,0,0,0,0,0,0,0,0,0,0,0,0.000,0.035,0.032,0.000,0.000,0.000,0.000,0.000,0.000,0.000,0.000,0.000,0.000,0.000,0.000,0.000,0.000,0.000,0.000,0.000,0.000,0.000,0.000,0.000,0.000,0.000,0.063,0.140,0,424,0.042,0.014,0.007,0.000,4,1048576,25.000,Off,ModifiedOnly,1,24,22,22,22,2,false,29102,1019474,1444,2249,1705,1586,874,1725,1714,23,851,1555,31,32,8,0.102,0.000,0.000,0.003,0.005,0.010,0.015,0.006,0.007,0.005,0.004,0.005,0.004,0.001,0.002,0.001,0.011,0.007,0.000,0.017
CBT 2024（GPU 常驻拓扑）,RelWithDebInfo,D3D12,NVIDIA GeForce RTX 5090 D,Direct3D 12 (feature level 12_0); requested Agility SDK 614; runtime 6.2.26100.8972 (C:\WINDOWS\SYSTEM32\D3D12Core.dll); driver 32.0.15.9186,false,assets/heightmaps/Hm_Terrain_Peking_513.png,547,547,80.000,12.000,20,0.250,0.100,200000,false,16,64,0.254,0.004,-1.446,19.850,57.982,0.224,29434,29434,2195,2195,252,979,4367,0,0,0,0,0,0,0,0,0,0,0,0,0,0.000,0.034,0.031,0.000,0.000,0.000,0.000,0.000,0.000,0.000,0.000,0.000,0.000,0.000,0.000,0.000,0.000,0.000,0.000,0.000,0.000,0.000,0.000,0.000,0.000,0.000,0.096,0.167,0,424,0.041,0.014,0.008,0.000,4,1048576,25.000,Off,ModifiedOnly,1,25,23,23,23,2,false,29428,1019148,1943,2424,2274,2154,979,1948,1937,10,969,2122,32,35,6,0.102,0.000,0.000,0.002,0.005,0.010,0.014,0.006,0.006,0.004,0.004,0.005,0.004,0.001,0.002,0.001,0.011,0.008,0.000,0.018
CBT 2024（GPU 常驻拓扑）,RelWithDebInfo,D3D12,NVIDIA GeForce RTX 5090 D,Direct3D 12 (feature level 12_0); requested Agility SDK 614; runtime 6.2.26100.8972 (C:\WINDOWS\SYSTEM32\D3D12Core.dll); driver 32.0.15.9186,false,assets/heightmaps/Hm_Terrain_Peking_513.png,547,547,80.000,12.000,20,0.250,0.100,200000,false,17,64,0.270,0.004,-7.212,19.260,57.550,0.255,29788,29788,2073,2073,210,900,4158,0,0,0,0,0,0,0,0,0,0,0,0,0,0.000,0.034,0.031,0.000,0.000,0.000,0.000,0.000,0.000,0.000,0.000,0.000,0.000,0.000,0.000,0.000,0.000,0.000,0.000,0.000,0.000,0.000,0.000,0.000,0.000,0.000,0.068,0.147,0,424,0.043,0.014,0.008,0.000,4,1048576,25.000,Off,ModifiedOnly,1,26,24,24,24,2,false,29782,1018794,1863,2295,2143,2037,900,1789,1784,11,889,2007,30,32,4,0.104,0.000,0.000,0.002,0.005,0.010,0.015,0.006,0.007,0.004,0.004,0.006,0.004,0.001,0.002,0.001,0.011,0.008,0.000,0.018
CBT 2024（GPU 常驻拓扑）,RelWithDebInfo,D3D12,NVIDIA GeForce RTX 5090 D,Direct3D 12 (feature level 12_0); requested Agility SDK 614; runtime 6.2.26100.8972 (C:\WINDOWS\SYSTEM32\D3D12Core.dll); driver 32.0.15.9186,false,assets/heightmaps/Hm_Terrain_Peking_513.png,547,547,80.000,12.000,20,0.250,0.100,200000,false,18,64,0.286,0.004,-12.906,18.698,56.546,0.224,30166,30166,2220,2220,232,938,4359,0,0,0,0,0,0,0,0,0,0,0,0,0,0.000,0.033,0.030,0.000,0.000,0.000,0.000,0.000,0.000,0.000,0.000,0.000,0.000,0.000,0.000,0.000,0.000,0.000,0.000,0.000,0.000,0.000,0.000,0.000,0.000,0.000,0.102,0.163,0,424,0.038,0.013,0.010,0.000,4,1048576,25.000,Off,ModifiedOnly,1,27,25,25,25,2,false,30160,1018416,1988,2371,2248,2206,938,1870,1866,6,932,2193,13,13,1,0.107,0.000,0.000,0.002,0.011,0.009,0.013,0.006,0.006,0.004,0.004,0.005,0.004,0.001,0.002,0.001,0.011,0.010,0.000,0.018
CBT 2024（GPU 常驻拓扑）,RelWithDebInfo,D3D12,NVIDIA GeForce RTX 5090 D,Direct3D 12 (feature level 12_0); requested Agility SDK 614; runtime 6.2.26100.8972 (C:\WINDOWS\SYSTEM32\D3D12Core.dll); driver 32.0.15.9186,false,assets/heightmaps/Hm_Terrain_Peking_513.png,547,547,80.000,12.000,20,0.250,0.100,200000,false,19,64,0.302,0.005,-18.472,18.189,54.980,0.259,30652,30652,2075,2075,200,805,3965,0,0,0,0,0,0,0,0,0,0,0,0,0,0.000,0.034,0.031,0.000,0.000,0.000,0.000,0.000,0.000,0.000,0.000,0.000,0.000,0.000,0.000,0.000,0.000,0.000,0.000,0.000,0.000,0.000,0.000,0.000,0.000,0.000,0.078,0.153,0,424,0.035,0.014,0.007,0.000,4,1048576,25.000,Off,ModifiedOnly,1,28,26,26,26,2,false,30646,1017930,1875,2090,2086,2068,805,1600,1589,10,795,2064,4,7,0,0.104,0.000,0.000,0.002,0.012,0.009,0.011,0.006,0.005,0.005,0.004,0.005,0.004,0.001,0.002,0.001,0.011,0.007,0.000,0.018
CBT 2024（GPU 常驻拓扑）,RelWithDebInfo,D3D12,NVIDIA GeForce RTX 5090 D,Direct3D 12 (feature level 12_0); requested Agility SDK 614; runtime 6.2.26100.8972 (C:\WINDOWS\SYSTEM32\D3D12Core.dll); driver 32.0.15.9186,false,assets/heightmaps/Hm_Terrain_Peking_513.png,547,547,80.000,12.000,20,0.250,0.100,200000,false,20,64,0.317,0.005,-23.855,17.751,52.867,0.236,31241,31241,2444,2444,212,951,4647,0,0,0,0,0,0,0,0,0,0,0,0,0,0.000,0.033,0.030,0.000,0.000,0.000,0.000,0.000,0.000,0.000,0.000,0.000,0.000,0.000,0.000,0.000,0.000,0.000,0.000,0.000,0.000,0.000,0.000,0.000,0.000,0.000,0.116,0.182,0,424,0.046,0.014,0.008,0.000,4,1048576,25.000,Off,ModifiedOnly,1,29,27,27,27,2,false,31235,1017341,2232,2415,2473,2428,951,1884,1870,18,933,2420,8,11,5,0.122,0.000,0.000,0.002,0.018,0.010,0.014,0.006,0.007,0.010,0.004,0.005,0.004,0.001,0.002,0.001,0.011,0.008,0.000,0.019
CBT 2024（GPU 常驻拓扑）,RelWithDebInfo,D3D12,NVIDIA GeForce RTX 5090 D,Direct3D 12 (feature level 12_0); requested Agility SDK 614; runtime 6.2.26100.8972 (C:\WINDOWS\SYSTEM32\D3D12Core.dll); driver 32.0.15.9186,false,assets/heightmaps/Hm_Terrain_Peking_513.png,547,547,80.000,12.000,20,0.250,0.100,200000,false,21,64,0.333,0.005,-29.000,17.402,50.229,0.270,31506,31506,2571,2571,239,1184,5286,0,0,0,0,0,0,0,0,0,0,0,0,0,0.000,0.033,0.030,0.000,0.000,0.000,0.000,0.000,0.000,0.000,0.000,0.000,0.000,0.000,0.000,0.000,0.000,0.000,0.000,0.000,0.000,0.000,0.000,0.000,0.000,0.000,0.103,0.177,0,424,0.047,0.025,0.008,0.000,4,1048576,25.000,Off,ModifiedOnly,1,30,28,28,28,2,false,31500,1017076,2332,2954,2616,2550,1184,2351,2341,17,1167,2533,17,14,7,0.129,0.000,0.000,0.002,0.012,0.011,0.014,0.006,0.007,0.009,0.010,0.011,0.004,0.001,0.002,0.001,0.011,0.008,0.000,0.019
CBT 2024（GPU 常驻拓扑）,RelWithDebInfo,D3D12,NVIDIA GeForce RTX 5090 D,Direct3D 12 (feature level 12_0); requested Agility SDK 614; runtime 6.2.26100.8972 (C:\WINDOWS\SYSTEM32\D3D12Core.dll); driver 32.0.15.9186,false,assets/heightmaps/Hm_Terrain_Peking_513.png,547,547,80.000,12.000,20,0.250,0.100,200000,false,22,64,0.349,0.005,-33.857,17.156,47.092,0.257,31687,31687,2477,2477,232,1179,5296,0,0,0,0,0,0,0,0,0,0,0,0,0,0.000,0.034,0.031,0.000,0.000,0.000,0.000,0.000,0.000,0.000,0.000,0.000,0.000,0.000,0.000,0.000,0.000,0.000,0.000,0.000,0.000,0.000,0.000,0.000,0.000,0.000,0.123,0.178,0,424,0.042,0.020,0.008,0.000,4,1048576,25.000,Off,ModifiedOnly,1,31,29,29,29,2,false,31681,1016895,2245,3051,2520,2455,1179,2339,2327,19,1160,2441,14,15,7,0.117,0.000,0.000,0.002,0.012,0.010,0.015,0.006,0.006,0.004,0.010,0.005,0.004,0.001,0.002,0.001,0.011,0.008,0.000,0.018
CBT 2024（GPU 常驻拓扑）,RelWithDebInfo,D3D12,NVIDIA GeForce RTX 5090 D,Direct3D 12 (feature level 12_0); requested Agility SDK 614; runtime 6.2.26100.8972 (C:\WINDOWS\SYSTEM32\D3D12Core.dll); driver 32.0.15.9186,false,assets/heightmaps/Hm_Terrain_Peking_513.png,547,547,80.000,12.000,20,0.250,0.100,200000,false,23,64,0.365,0.006,-38.378,17.023,43.487,0.279,31705,31705,2561,2561,232,1293,5656,0,0,0,0,0,0,0,0,0,0,0,0,0,0.000,0.034,0.031,0.000,0.000,0.000,0.000,0.000,0.000,0.000,0.000,0.000,0.000,0.000,0.000,0.000,0.000,0.000,0.000,0.000,0.000,0.000,0.000,0.000,0.000,0.000,0.107,0.177,0,424,0.046,0.025,0.008,0.000,4,1048576,25.000,Off,ModifiedOnly,1,32,30,30,30,2,false,31699,1016877,2329,3327,2586,2548,1293,2568,2551,18,1275,2538,10,11,2,0.128,0.000,0.000,0.002,0.013,0.010,0.014,0.006,0.006,0.010,0.010,0.011,0.004,0.001,0.002,0.001,0.011,0.008,0.000,0.018
CBT 2024（GPU 常驻拓扑）,RelWithDebInfo,D3D12,NVIDIA GeForce RTX 5090 D,Direct3D 12 (feature level 12_0); requested Agility SDK 614; runtime 6.2.26100.8972 (C:\WINDOWS\SYSTEM32\D3D12Core.dll); driver 32.0.15.9186,false,assets/heightmaps/Hm_Terrain_Peking_513.png,547,547,80.000,12.000,20,0.250,0.100,200000,false,24,64,0.381,0.006,-42.517,17.008,39.450,0.265,31164,31164,2334,2334,168,1463,5719,0,0,0,0,0,0,0,0,0,0,0,0,0,0.000,0.034,0.031,0.000,0.000,0.000,0.000,0.000,0.000,0.000,0.000,0.000,0.000,0.000,0.000,0.000,0.000,0.000,0.000,0.000,0.000,0.000,0.000,0.000,0.000,0.000,0.099,0.167,0,424,0.039,0.019,0.008,0.000,4,1048576,25.000,Off,ModifiedOnly,1,33,31,31,31,2,false,31158,1017418,2166,3553,2368,2316,1463,2909,2899,17,1446,2303,13,15,3,0.117,0.000,0.000,0.002,0.015,0.010,0.013,0.006,0.006,0.004,0.010,0.005,0.004,0.001,0.002,0.001,0.011,0.008,0.000,0.017
CBT 2024（GPU 常驻拓扑）,RelWithDebInfo,D3D12,NVIDIA GeForce RTX 5090 D,Direct3D 12 (feature level 12_0); requested Agility SDK 614; runtime 6.2.26100.8972 (C:\WINDOWS\SYSTEM32\D3D12Core.dll); driver 32.0.15.9186,false,assets/heightmaps/Hm_Terrain_Peking_513.png,547,547,80.000,12.000,20,0.250,0.100,200000,false,25,64,0.397,0.006,-46.234,17.112,35.021,0.256,31147,31147,2253,2253,210,1174,4961,0,0,0,0,0,0,0,0,0,0,0,0,0,0.000,0.034,0.031,0.000,0.000,0.000,0.000,0.000,0.000,0.000,0.000,0.000,0.000,0.000,0.000,0.000,0.000,0.000,0.000,0.000,0.000,0.000,0.000,0.000,0.000,0.000,0.085,0.160,0,424,0.042,0.014,0.008,0.000,4,1048576,25.000,Off,ModifiedOnly,1,34,32,32,32,2,false,31141,1017435,2043,2918,2318,2221,1174,2335,2320,13,1161,2198,23,22,10,0.111,0.000,0.000,0.002,0.012,0.010,0.015,0.006,0.007,0.004,0.004,0.005,0.004,0.001,0.002,0.001,0.011,0.008,0.000,0.018
CBT 2024（GPU 常驻拓扑）,RelWithDebInfo,D3D12,NVIDIA GeForce RTX 5090 D,Direct3D 12 (feature level 12_0); requested Agility SDK 614; runtime 6.2.26100.8972 (C:\WINDOWS\SYSTEM32\D3D12Core.dll); driver 32.0.15.9186,false,assets/heightmaps/Hm_Terrain_Peking_513.png,547,547,80.000,12.000,20,0.250,0.100,200000,false,26,64,0.413,0.006,-49.491,17.330,30.243,0.240,30843,30843,1997,1997,174,1206,4834,0,0,0,0,0,0,0,0,0,0,0,0,0,0.000,0.033,0.030,0.000,0.000,0.000,0.000,0.000,0.000,0.000,0.000,0.000,0.000,0.000,0.000,0.000,0.000,0.000,0.000,0.000,0.000,0.000,0.000,0.000,0.000,0.000,0.101,0.165,0,424,0.043,0.014,0.008,0.000,4,1048576,25.000,Off,ModifiedOnly,1,35,33,33,33,2,false,30837,1017739,1823,3011,2086,1952,1206,2390,2375,22,1184,1916,36,37,8,0.109,0.000,0.000,0.002,0.010,0.010,0.016,0.006,0.007,0.004,0.004,0.005,0.004,0.001,0.002,0.001,0.011,0.008,0.000,0.018
CBT 2024（GPU 常驻拓扑）,RelWithDebInfo,D3D12,NVIDIA GeForce RTX 5090 D,Direct3D 12 (feature level 12_0); requested Agility SDK 614; runtime 6.2.26100.8972 (C:\WINDOWS\SYSTEM32\D3D12Core.dll); driver 32.0.15.9186,false,assets/heightmaps/Hm_Terrain_Peking_513.png,547,547,80.000,12.000,20,0.250,0.100,200000,false,27,64,0.429,0.007,-52.256,17.655,25.165,0.257,30485,30485,1967,1967,205,1224,4862,0,0,0,0,0,0,0,0,0,0,0,0,0,0.000,0.034,0.031,0.000,0.000,0.000,0.000,0.000,0.000,0.000,0.000,0.000,0.000,0.000,0.000,0.000,0.000,0.000,0.000,0.000,0.000,0.000,0.000,0.000,0.000,0.000,0.078,0.153,0,424,0.045,0.014,0.008,0.000,4,1048576,25.000,Off,ModifiedOnly,1,36,34,34,34,2,false,30479,1018097,1762,3100,2064,1919,1224,2422,2409,26,1198,1885,34,33,15,0.106,0.000,0.000,0.002,0.005,0.011,0.016,0.006,0.007,0.004,0.004,0.005,0.004,0.001,0.002,0.001,0.011,0.008,0.000,0.017
CBT 2024（GPU 常驻拓扑）,RelWithDebInfo,D3D12,NVIDIA GeForce RTX 5090 D,Direct3D 12 (feature level 12_0); requested Agility SDK 614; runtime 6.2.26100.8972 (C:\WINDOWS\SYSTEM32\D3D12Core.dll); driver 32.0.15.9186,false,assets/heightmaps/Hm_Terrain_Peking_513.png,547,547,80.000,12.000,20,0.250,0.100,200000,false,28,64,0.444,0.007,-54.502,18.072,19.837,0.237,30367,30367,2193,2193,188,1204,5031,0,0,0,0,0,0,0,0,0,0,0,0,0,0.000,0.034,0.031,0.000,0.000,0.000,0.000,0.000,0.000,0.000,0.000,0.000,0.000,0.000,0.000,0.000,0.000,0.000,0.000,0.000,0.000,0.000,0.000,0.000,0.000,0.000,0.090,0.158,0,424,0.044,0.014,0.008,0.000,4,1048576,25.000,Off,ModifiedOnly,1,37,35,35,35,2,false,30361,1018215,2005,3026,2277,2150,1204,2395,2379,13,1191,2127,23,25,18,0.105,0.000,0.000,0.002,0.005,0.010,0.016,0.006,0.007,0.004,0.004,0.005,0.004,0.001,0.002,0.001,0.011,0.008,0.000,0.018
CBT 2024（GPU 常驻拓扑）,RelWithDebInfo,D3D12,NVIDIA GeForce RTX 5090 D,Direct3D 12 (feature level 12_0); requested Agility SDK 614; runtime 6.2.26100.8972 (C:\WINDOWS\SYSTEM32\D3D12Core.dll); driver 32.0.15.9186,false,assets/heightmaps/Hm_Terrain_Peking_513.png,547,547,80.000,12.000,20,0.250,0.100,200000,false,29,64,0.460,0.007,-56.206,18.565,14.312,0.247,29932,29932,1708,1708,193,1124,4359,0,0,0,0,0,0,0,0,0,0,0,0,0,0.000,0.034,0.031,0.000,0.000,0.000,0.000,0.000,0.000,0.000,0.000,0.000,0.000,0.000,0.000,0.000,0.000,0.000,0.000,0.000,0.000,0.000,0.000,0.000,0.000,0.000,0.075,0.150,0,424,0.045,0.014,0.008,0.000,4,1048576,25.000,Off,ModifiedOnly,1,38,36,36,36,2,false,29926,1018650,1515,2844,1798,1663,1124,2233,2223,15,1109,1637,26,26,19,0.106,0.000,0.000,0.002,0.005,0.011,0.016,0.006,0.007,0.004,0.004,0.005,0.004,0.001,0.002,0.001,0.011,0.008,0.000,0.018
CBT 2024（GPU 常驻拓扑）,RelWithDebInfo,D3D12,NVIDIA GeForce RTX 5090 D,Direct3D 12 (feature level 12_0); requested Agility SDK 614; runtime 6.2.26100.8972 (C:\WINDOWS\SYSTEM32\D3D12Core.dll); driver 32.0.15.9186,false,assets/heightmaps/Hm_Terrain_Peking_513.png,547,547,80.000,12.000,20,0.250,0.100,200000,false,30,64,0.476,0.007,-57.352,19.116,8.644,0.231,29803,29803,1965,1965,202,1084,4490,0,0,0,0,0,0,0,0,0,0,0,0,0,0.000,0.034,0.031,0.000,0.000,0.000,0.000,0.000,0.000,0.000,0.000,0.000,0.000,0.000,0.000,0.000,0.000,0.000,0.000,0.000,0.000,0.000,0.000,0.000,0.000,0.000,0.095,0.159,0,424,0.044,0.014,0.008,0.000,4,1048576,25.000,Off,ModifiedOnly,1,39,37,37,37,2,false,29797,1018779,1763,2727,2026,1933,1084,2155,2144,13,1071,1913,20,23,9,0.105,0.000,0.000,0.002,0.005,0.010,0.016,0.006,0.007,0.004,0.004,0.006,0.004,0.001,0.002,0.001,0.011,0.008,0.000,0.017
CBT 2024（GPU 常驻拓扑）,RelWithDebInfo,D3D12,NVIDIA GeForce RTX 5090 D,Direct3D 12 (feature level 12_0); requested Agility SDK 614; runtime 6.2.26100.8972 (C:\WINDOWS\SYSTEM32\D3D12Core.dll); driver 32.0.15.9186,false,assets/heightmaps/Hm_Terrain_Peking_513.png,547,547,80.000,12.000,20,0.250,0.100,200000,false,31,64,0.492,0.008,-57.928,19.701,2.891,0.251,30156,30156,2076,2076,176,901,4274,0,0,0,0,0,0,0,0,0,0,0,0,0,0.000,0.034,0.031,0.000,0.000,0.000,0.000,0.000,0.000,0.000,0.000,0.000,0.000,0.000,0.000,0.000,0.000,0.000,0.000,0.000,0.000,0.000,0.000,0.000,0.000,0.000,0.079,0.150,0,424,0.042,0.014,0.008,0.000,4,1048576,25.000,Off,ModifiedOnly,1,40,38,38,38,2,false,30150,1018426,1900,2374,2137,2047,901,1784,1774,18,883,2024,23,20,9,0.104,0.000,0.000,0.002,0.005,0.011,0.014,0.006,0.007,0.004,0.004,0.005,0.004,0.001,0.002,0.001,0.011,0.008,0.000,0.018
CBT 2024（GPU 常驻拓扑）,RelWithDebInfo,D3D12,NVIDIA GeForce RTX 5090 D,Direct3D 12 (feature level 12_0); requested Agility SDK 614; runtime 6.2.26100.8972 (C:\WINDOWS\SYSTEM32\D3D12Core.dll); driver 32.0.15.9186,false,assets/heightmaps/Hm_Terrain_Peking_513.png,547,547,80.000,12.000,20,0.250,0.100,200000,false,32,64,0.508,0.008,-57.928,20.299,-2.891,0.236,30514,30514,2148,2148,166,931,4453,0,0,0,0,0,0,0,0,0,0,0,0,0,0.000,0.034,0.031,0.000,0.000,0.000,0.000,0.000,0.000,0.000,0.000,0.000,0.000,0.000,0.000,0.000,0.000,0.000,0.000,0.000,0.000,0.000,0.000,0.000,0.000,0.000,0.100,0.159,0,424,0.041,0.014,0.008,0.000,4,1048576,25.000,Off,ModifiedOnly,1,41,39,39,39,2,false,30508,1018068,1982,2471,2209,2120,931,1851,1836,11,920,2096,24,19,9,0.103,0.000,0.000,0.002,0.005,0.010,0.013,0.006,0.007,0.004,0.004,0.005,0.004,0.001,0.002,0.001,0.011,0.008,0.000,0.018
CBT 2024（GPU 常驻拓扑）,RelWithDebInfo,D3D12,NVIDIA GeForce RTX 5090 D,Direct3D 12 (feature level 12_0); requested Agility SDK 614; runtime 6.2.26100.8972 (C:\WINDOWS\SYSTEM32\D3D12Core.dll); driver 32.0.15.9186,false,assets/heightmaps/Hm_Terrain_Peking_513.png,547,547,80.000,12.000,20,0.250,0.100,200000,false,33,64,0.524,0.008,-57.352,20.884,-8.644,0.256,31019,31019,2105,2105,170,835,4122,0,0,0,0,0,0,0,0,0,0,0,0,0,0.000,0.034,0.031,0.000,0.000,0.000,0.000,0.000,0.000,0.000,0.000,0.000,0.000,0.000,0.000,0.000,0.000,0.000,0.000,0.000,0.000,0.000,0.000,0.000,0.000,0.000,0.082,0.152,0,424,0.043,0.014,0.007,0.000,4,1048576,25.000,Off,ModifiedOnly,1,42,40,40,40,2,false,31013,1017563,1935,2187,2163,2074,835,1658,1650,12,823,2056,18,22,9,0.104,0.000,0.000,0.002,0.005,0.010,0.016,0.006,0.007,0.004,0.004,0.005,0.004,0.001,0.002,0.001,0.010,0.007,0.000,0.019
CBT 2024（GPU 常驻拓扑）,RelWithDebInfo,D3D12,NVIDIA GeForce RTX 5090 D,Direct3D 12 (feature level 12_0); requested Agility SDK 614; runtime 6.2.26100.8972 (C:\WINDOWS\SYSTEM32\D3D12Core.dll); driver 32.0.15.9186,false,assets/heightmaps/Hm_Terrain_Peking_513.png,547,547,80.000,12.000,20,0.250,0.100,200000,false,34,64,0.540,0.008,-56.206,21.435,-14.312,0.237,32375,32375,2688,2688,199,696,4405,0,0,0,0,0,0,0,0,0,0,0,0,0,0.000,0.033,0.030,0.000,0.000,0.000,0.000,0.000,0.000,0.000,0.000,0.000,0.000,0.000,0.000,0.000,0.000,0.000,0.000,0.000,0.000,0.000,0.000,0.000,0.000,0.000,0.090,0.160,0,424,0.043,0.014,0.008,0.000,4,1048576,25.000,Off,ModifiedOnly,1,43,41,41,41,2,false,32369,1016207,2489,1916,2744,2661,696,1388,1384,4,692,2643,18,16,11,0.106,0.000,0.000,0.002,0.005,0.009,0.016,0.006,0.007,0.004,0.004,0.005,0.004,0.001,0.002,0.001,0.011,0.008,0.000,0.019
CBT 2024（GPU 常驻拓扑）,RelWithDebInfo,D3D12,NVIDIA GeForce RTX 5090 D,Direct3D 12 (feature level 12_0); requested Agility SDK 614; runtime 6.2.26100.8972 (C:\WINDOWS\SYSTEM32\D3D12Core.dll); driver 32.0.15.9186,false,assets/heightmaps/Hm_Terrain_Peking_513.png,547,547,80.000,12.000,20,0.250,0.100,200000,false,35,64,0.556,0.009,-54.502,21.928,-19.837,0.245,32941,32941,2201,2201,182,853,4299,0,0,0,0,0,0,0,0,0,0,0,0,0,0.000,0.033,0.031,0.000,0.000,0.000,0.000,0.000,0.000,0.000,0.000,0.000,0.000,0.000,0.000,0.000,0.000,0.000,0.000,0.000,0.000,0.000,0.000,0.000,0.000,0.000,0.092,0.163,0,424,0.049,0.014,0.008,0.000,4,1048576,25.000,Off,ModifiedOnly,1,44,42,42,42,2,false,32935,1015641,2019,2280,2256,2172,853,1690,1686,16,837,2153,19,22,7,0.112,0.000,0.000,0.002,0.005,0.010,0.015,0.006,0.007,0.012,0.004,0.005,0.004,0.001,0.002,0.001,0.011,0.008,0.000,0.019
CBT 2024（GPU 常驻拓扑）,RelWithDebInfo,D3D12,NVIDIA GeForce RTX 5090 D,Direct3D 12 (feature level 12_0); requested Agility SDK 614; runtime 6.2.26100.8972 (C:\WINDOWS\SYSTEM32\D3D12Core.dll); driver 32.0.15.9186,false,assets/heightmaps/Hm_Terrain_Peking_513.png,547,547,80.000,12.000,20,0.250,0.100,200000,false,36,64,0.571,0.009,-52.256,22.345,-25.165,0.249,32717,32717,2079,2079,158,1191,4807,0,0,0,0,0,0,0,0,0,0,0,0,0,0.000,0.033,0.030,0.000,0.000,0.000,0.000,0.000,0.000,0.000,0.000,0.000,0.000,0.000,0.000,0.000,0.000,0.000,0.000,0.000,0.000,0.000,0.000,0.000,0.000,0.000,0.114,0.181,0,424,0.041,0.014,0.007,0.000,4,1048576,25.000,Off,ModifiedOnly,1,45,43,43,43,2,false,32711,1015865,1921,2886,2125,2056,1191,2349,2343,33,1158,2042,14,14,9,0.118,0.000,0.000,0.002,0.020,0.010,0.014,0.006,0.007,0.004,0.004,0.005,0.004,0.001,0.002,0.001,0.011,0.007,0.000,0.019
CBT 2024（GPU 常驻拓扑）,RelWithDebInfo,D3D12,NVIDIA GeForce RTX 5090 D,Direct3D 12 (feature level 12_0); requested Agility SDK 614; runtime 6.2.26100.8972 (C:\WINDOWS\SYSTEM32\D3D12Core.dll); driver 32.0.15.9186,false,assets/heightmaps/Hm_Terrain_Peking_513.png,547,547,80.000,12.000,20,0.250,0.100,200000,false,37,64,0.587,0.009,-49.491,22.670,-30.243,0.275,32608,32608,1959,1959,177,1064,4401,0,0,0,0,0,0,0,0,0,0,0,0,0,0.000,0.034,0.031,0.000,0.000,0.000,0.000,0.000,0.000,0.000,0.000,0.000,0.000,0.000,0.000,0.000,0.000,0.000,0.000,0.000,0.000,0.000,0.000,0.000,0.000,0.000,0.086,0.164,0,424,0.042,0.013,0.008,0.000,4,1048576,25.000,Off,ModifiedOnly,1,46,44,44,44,2,false,32602,1015974,1782,2619,2013,1933,1064,2122,2101,6,1058,1910,23,21,5,0.108,0.000,0.000,0.002,0.010,0.010,0.014,0.006,0.007,0.004,0.004,0.005,0.004,0.001,0.002,0.001,0.011,0.008,0.000,0.019
CBT 2024（GPU 常驻拓扑）,RelWithDebInfo,D3D12,NVIDIA GeForce RTX 5090 D,Direct3D 12 (feature level 12_0); requested Agility SDK 614; runtime 6.2.26100.8972 (C:\WINDOWS\SYSTEM32\D3D12Core.dll); driver 32.0.15.9186,false,assets/heightmaps/Hm_Terrain_Peking_513.png,547,547,80.000,12.000,20,0.250,0.100,200000,false,38,64,0.603,0.009,-46.234,22.888,-35.021,0.243,32288,32288,2014,2014,164,1200,4798,0,0,0,0,0,0,0,0,0,0,0,0,0,0.000,0.034,0.031,0.000,0.000,0.000,0.000,0.000,0.000,0.000,0.000,0.000,0.000,0.000,0.000,0.000,0.000,0.000,0.000,0.000,0.000,0.000,0.000,0.000,0.000,0.000,0.110,0.170,0,424,0.041,0.014,0.008,0.000,4,1048576,25.000,Off,ModifiedOnly,1,47,45,45,45,2,false,32282,1016294,1850,2948,2052,1993,1200,2372,2368,28,1172,1981,12,16,5,0.111,0.000,0.000,0.002,0.013,0.011,0.014,0.006,0.006,0.004,0.004,0.005,0.004,0.001,0.002,0.001,0.011,0.008,0.000,0.018
CBT 2024（GPU 常驻拓扑）,RelWithDebInfo,D3D12,NVIDIA GeForce RTX 5090 D,Direct3D 12 (feature level 12_0); requested Agility SDK 614; runtime 6.2.26100.8972 (C:\WINDOWS\SYSTEM32\D3D12Core.dll); driver 32.0.15.9186,false,assets/heightmaps/Hm_Terrain_Peking_513.png,547,547,80.000,12.000,20,0.250,0.100,200000,false,39,64,0.619,0.010,-42.517,22.992,-39.450,0.264,31219,31219,1751,1751,173,1441,5003,0,0,0,0,0,0,0,0,0,0,0,0,0,0.000,0.051,0.047,0.000,0.000,0.000,0.000,0.000,0.000,0.000,0.000,0.000,0.000,0.000,0.000,0.000,0.000,0.000,0.000,0.000,0.000,0.000,0.000,0.000,0.000,0.000,0.128,0.178,0,424,0.042,0.014,0.011,0.000,4,1048576,25.000,Off,ModifiedOnly,1,48,46,46,46,2,false,31213,1017363,1578,3425,1799,1725,1441,2868,2856,14,1427,1713,12,16,10,0.108,0.000,0.000,0.002,0.005,0.010,0.015,0.006,0.007,0.004,0.004,0.006,0.004,0.001,0.002,0.001,0.011,0.011,0.000,0.018
CBT 2024（GPU 常驻拓扑）,RelWithDebInfo,D3D12,NVIDIA GeForce RTX 5090 D,Direct3D 12 (feature level 12_0); requested Agility SDK 614; runtime 6.2.26100.8972 (C:\WINDOWS\SYSTEM32\D3D12Core.dll); driver 32.0.15.9186,false,assets/heightmaps/Hm_Terrain_Peking_513.png,547,547,80.000,12.000,20,0.250,0.100,200000,false,40,64,0.635,0.010,-38.378,22.977,-43.487,0.393,30258,30258,1498,1498,128,1271,4393,0,0,0,0,0,0,0,0,0,0,0,0,0,0.000,0.049,0.045,0.000,0.000,0.000,0.000,0.000,0.000,0.000,0.000,0.000,0.000,0.000,0.000,0.000,0.000,0.000,0.000,0.000,0.000,0.000,0.000,0.000,0.000,0.000,2.205,0.181,0,424,0.050,0.014,0.012,0.000,4,1048576,25.000,Off,ModifiedOnly,1,49,47,47,47,2,false,30252,1018324,1370,3023,1557,1469,1271,2518,2512,24,1247,1451,18,17,12,0.122,0.000,0.000,0.002,0.011,0.017,0.016,0.006,0.007,0.004,0.004,0.005,0.004,0.001,0.002,0.001,0.011,0.012,0.000,0.017
CBT 2024（GPU 常驻拓扑）,RelWithDebInfo,D3D12,NVIDIA GeForce RTX 5090 D,Direct3D 12 (feature level 12_0); requested Agility SDK 614; runtime 6.2.26100.8972 (C:\WINDOWS\SYSTEM32\D3D12Core.dll); driver 32.0.15.9186,false,assets/heightmaps/Hm_Terrain_Peking_513.png,547,547,80.000,12.000,20,0.250,0.100,200000,false,41,64,0.651,0.012,-33.857,22.844,-47.092,2.453,30124,30124,1725,1725,155,982,3974,0,0,0,0,0,0,0,0,0,0,0,0,0,0.000,0.036,0.033,0.000,0.000,0.000,0.000,0.000,0.000,0.000,0.000,0.000,0.000,0.000,0.000,0.000,0.000,0.000,0.000,0.000,0.000,0.000,0.000,0.000,0.000,0.000,0.050,0.197,0,424,0.042,0.013,0.012,0.000,4,1048576,25.000,Off,ModifiedOnly,1,50,48,48,48,2,false,30118,1018458,1570,2404,1808,1683,982,1942,1936,22,960,1652,31,32,10,0.113,0.000,0.000,0.002,0.011,0.010,0.014,0.006,0.007,0.004,0.004,0.005,0.004,0.001,0.002,0.001,0.011,0.012,0.000,0.017
CBT 2024（GPU 常驻拓扑）,RelWithDebInfo,D3D12,NVIDIA GeForce RTX 5090 D,Direct3D 12 (feature level 12_0); requested Agility SDK 614; runtime 6.2.26100.8972 (C:\WINDOWS\SYSTEM32\D3D12Core.dll); driver 32.0.15.9186,false,assets/heightmaps/Hm_Terrain_Peking_513.png,547,547,80.000,12.000,20,0.250,0.100,200000,false,42,64,0.667,0.013,-29.000,22.598,-50.229,0.223,30063,30063,1685,1685,173,925,3816,0,0,0,0,0,0,0,0,0,0,0,0,0,0.000,0.034,0.032,0.000,0.000,0.000,0.000,0.000,0.000,0.000,0.000,0.000,0.000,0.000,0.000,0.000,0.000,0.000,0.000,0.000,0.000,0.000,0.000,0.000,0.000,0.000,0.081,0.170,0,424,0.042,0.014,0.011,0.000,4,1048576,25.000,Off,ModifiedOnly,1,51,49,49,49,2,false,30057,1018519,1512,2304,1770,1643,925,1831,1821,19,906,1611,32,31,11,0.107,0.000,0.000,0.002,0.005,0.010,0.014,0.006,0.007,0.004,0.004,0.005,0.004,0.001,0.002,0.001,0.011,0.011,0.000,0.018
CBT 2024（GPU 常驻拓扑）,RelWithDebInfo,D3D12,NVIDIA GeForce RTX 5090 D,Direct3D 12 (feature level 12_0); requested Agility SDK 614; runtime 6.2.26100.8972 (C:\WINDOWS\SYSTEM32\D3D12Core.dll); driver 32.0.15.9186,false,assets/heightmaps/Hm_Terrain_Peking_513.png,547,547,80.000,12.000,20,0.250,0.100,200000,false,43,64,0.683,0.013,-23.855,22.249,-52.867,0.240,29585,29585,1463,1463,160,1015,3761,0,0,0,0,0,0,0,0,0,0,0,0,0,0.000,0.034,0.031,0.000,0.000,0.000,0.000,0.000,0.000,0.000,0.000,0.000,0.000,0.000,0.000,0.000,0.000,0.000,0.000,0.000,0.000,0.000,0.000,0.000,0.000,0.000,0.077,0.155,0,424,0.043,0.014,0.019,0.000,4,1048576,25.000,Off,ModifiedOnly,1,52,50,50,50,2,false,29579,1018997,1303,2458,1535,1426,1015,2013,2007,17,998,1396,30,32,5,0.115,0.000,0.000,0.002,0.005,0.011,0.015,0.006,0.007,0.004,0.004,0.005,0.004,0.001,0.002,0.001,0.011,0.019,0.000,0.017
CBT 2024（GPU 常驻拓扑）,RelWithDebInfo,D3D12,NVIDIA GeForce RTX 5090 D,Direct3D 12 (feature level 12_0); requested Agility SDK 614; runtime 6.2.26100.8972 (C:\WINDOWS\SYSTEM32\D3D12Core.dll); driver 32.0.15.9186,false,assets/heightmaps/Hm_Terrain_Peking_513.png,547,547,80.000,12.000,20,0.250,0.100,200000,false,44,64,0.698,0.013,-18.472,21.811,-54.980,0.244,29483,29483,1690,1690,197,945,3842,0,0,0,0,0,0,0,0,0,0,0,0,0,0.000,0.035,0.032,0.000,0.000,0.000,0.000,0.000,0.000,0.000,0.000,0.000,0.000,0.000,0.000,0.000,0.000,0.000,0.000,0.000,0.000,0.000,0.000,0.000,0.000,0.000,0.091,0.164,0,424,0.043,0.014,0.022,0.000,4,1048576,25.000,Off,ModifiedOnly,1,53,51,51,51,2,false,29477,1019099,1493,2349,1776,1648,945,1878,1869,12,933,1611,37,35,7,0.117,0.000,0.000,0.002,0.005,0.011,0.015,0.006,0.007,0.004,0.004,0.005,0.004,0.001,0.002,0.001,0.011,0.021,0.000,0.018
CBT 2024（GPU 常驻拓扑）,RelWithDebInfo,D3D12,NVIDIA GeForce RTX 5090 D,Direct3D 12 (feature level 12_0); requested Agility SDK 614; runtime 6.2.26100.8972 (C:\WINDOWS\SYSTEM32\D3D12Core.dll); driver 32.0.15.9186,false,assets/heightmaps/Hm_Terrain_Peking_513.png,547,547,80.000,12.000,20,0.250,0.100,200000,false,45,64,0.714,0.013,-12.906,21.302,-56.546,0.260,29807,29807,1880,1880,211,826,3759,0,0,0,0,0,0,0,0,0,0,0,0,0,0.000,0.034,0.031,0.000,0.000,0.000,0.000,0.000,0.000,0.000,0.000,0.000,0.000,0.000,0.000,0.000,0.000,0.000,0.000,0.000,0.000,0.000,0.000,0.000,0.000,0.000,0.070,0.159,0,424,0.042,0.014,0.019,0.000,4,1048576,25.000,Off,ModifiedOnly,1,54,52,52,52,2,false,29801,1018775,1669,2090,1961,1838,826,1637,1624,15,811,1808,30,33,9,0.121,0.000,0.000,0.002,0.011,0.010,0.015,0.006,0.007,0.004,0.004,0.005,0.004,0.001,0.002,0.001,0.011,0.018,0.000,0.018
CBT 2024（GPU 常驻拓扑）,RelWithDebInfo,D3D12,NVIDIA GeForce RTX 5090 D,Direct3D 12 (feature level 12_0); requested Agility SDK 614; runtime 6.2.26100.8972 (C:\WINDOWS\SYSTEM32\D3D12Core.dll); driver 32.0.15.9186,false,assets/heightmaps/Hm_Terrain_Peking_513.png,547,547,80.000,12.000,20,0.250,0.100,200000,false,46,64,0.730,0.014,-7.212,20.740,-57.550,0.228,29967,29967,1633,1633,215,785,3417,0,0,0,0,0,0,0,0,0,0,0,0,0,0.000,0.033,0.031,0.000,0.000,0.000,0.000,0.000,0.000,0.000,0.000,0.000,0.000,0.000,0.000,0.000,0.000,0.000,0.000,0.000,0.000,0.000,0.000,0.000,0.000,0.000,0.069,0.146,0,424,0.041,0.014,0.011,0.000,4,1048576,25.000,Off,ModifiedOnly,1,55,53,53,53,2,false,29961,1018615,1418,1999,1712,1594,785,1552,1539,18,767,1563,31,30,9,0.106,0.000,0.000,0.002,0.005,0.010,0.015,0.006,0.006,0.004,0.004,0.006,0.004,0.001,0.002,0.001,0.011,0.011,0.000,0.018
CBT 2024（GPU 常驻拓扑）,RelWithDebInfo,D3D12,NVIDIA GeForce RTX 5090 D,Direct3D 12 (feature level 12_0); requested Agility SDK 614; runtime 6.2.26100.8972 (C:\WINDOWS\SYSTEM32\D3D12Core.dll); driver 32.0.15.9186,false,assets/heightmaps/Hm_Terrain_Peking_513.png,547,547,80.000,12.000,20,0.250,0.100,200000,false,47,64,0.746,0.014,-1.446,20.150,-57.982,0.225,29922,29922,1715,1715,209,924,3789,0,0,0,0,0,0,0,0,0,0,0,0,0,0.000,0.034,0.031,0.000,0.000,0.000,0.000,0.000,0.000,0.000,0.000,0.000,0.000,0.000,0.000,0.000,0.000,0.000,0.000,0.000,0.000,0.000,0.000,0.000,0.000,0.000,0.065,0.141,0,424,0.041,0.014,0.011,0.000,4,1048576,25.000,Off,ModifiedOnly,1,56,54,54,54,2,false,29916,1018660,1506,2283,1783,1682,924,1828,1823,20,904,1651,31,29,4,0.112,0.000,0.000,0.002,0.011,0.010,0.014,0.006,0.006,0.004,0.004,0.006,0.004,0.001,0.002,0.001,0.011,0.011,0.000,0.018
CBT 2024（GPU 常驻拓扑）,RelWithDebInfo,D3D12,NVIDIA GeForce RTX 5090 D,Direct3D 12 (feature level 12_0); requested Agility SDK 614; runtime 6.2.26100.8972 (C:\WINDOWS\SYSTEM32\D3D12Core.dll); driver 32.0.15.9186,false,assets/heightmaps/Hm_Terrain_Peking_513.png,547,547,80.000,12.000,20,0.250,0.100,200000,false,48,64,0.762,0.014,4.334,19.553,-57.838,0.223,30059,30059,1921,1921,167,933,4035,0,0,0,0,0,0,0,0,0,0,0,0,0,0.000,0.033,0.030,0.000,0.000,0.000,0.000,0.000,0.000,0.000,0.000,0.000,0.000,0.000,0.000,0.000,0.000,0.000,0.000,0.000,0.000,0.000,0.000,0.000,0.000,0.000,0.080,0.157,0,424,0.043,0.014,0.016,0.000,4,1048576,25.000,Off,ModifiedOnly,1,57,55,55,55,2,false,30053,1018523,1754,2281,1990,1888,933,1853,1839,13,920,1856,32,29,4,0.119,0.000,0.000,0.002,0.013,0.011,0.015,0.006,0.007,0.004,0.004,0.005,0.004,0.001,0.002,0.001,0.011,0.016,0.000,0.017
CBT 2024（GPU 常驻拓扑）,RelWithDebInfo,D3D12,NVIDIA GeForce RTX 5090 D,Direct3D 12 (feature level 12_0); requested Agility SDK 614; runtime 6.2.26100.8972 (C:\WINDOWS\SYSTEM32\D3D12Core.dll); driver 32.0.15.9186,false,assets/heightmaps/Hm_Terrain_Peking_513.png,547,547,80.000,12.000,20,0.250,0.100,200000,false,49,64,0.778,0.014,10.072,18.974,-57.119,0.235,30734,30734,2091,2091,257,751,3763,0,0,0,0,0,0,0,0,0,0,0,0,0,0.000,0.033,0.031,0.000,0.000,0.000,0.000,0.000,0.000,0.000,0.000,0.000,0.000,0.000,0.000,0.000,0.000,0.000,0.000,0.000,0.000,0.000,0.000,0.000,0.000,0.000,0.074,0.144,0,424,0.041,0.014,0.012,0.000,4,1048576,25.000,Off,ModifiedOnly,1,58,56,56,56,2,false,30728,1017848,1834,1929,2163,2053,751,1488,1485,14,737,2024,29,33,5,0.113,0.000,0.000,0.002,0.012,0.010,0.014,0.006,0.007,0.004,0.004,0.005,0.004,0.001,0.002,0.001,0.011,0.012,0.000,0.018
CBT 2024（GPU 常驻拓扑）,RelWithDebInfo,D3D12,NVIDIA GeForce RTX 5090 D,Direct3D 12 (feature level 12_0); requested Agility SDK 614; runtime 6.2.26100.8972 (C:\WINDOWS\SYSTEM32\D3D12Core.dll); driver 32.0.15.9186,false,assets/heightmaps/Hm_Terrain_Peking_513.png,547,547,80.000,12.000,20,0.250,0.100,200000,false,50,64,0.794,0.015,15.709,18.436,-55.832,0.234,31660,31660,2522,2522,235,831,4440,0,0,0,0,0,0,0,0,0,0,0,0,0,0.000,0.034,0.031,0.000,0.000,0.000,0.000,0.000,0.000,0.000,0.000,0.000,0.000,0.000,0.000,0.000,0.000,0.000,0.000,0.000,0.000,0.000,0.000,0.000,0.000,0.000,0.073,0.151,0,424,0.040,0.014,0.014,0.000,4,1048576,25.000,Off,ModifiedOnly,1,59,57,57,57,2,false,31654,1016922,2287,2153,2582,2492,831,1656,1652,6,825,2465,27,27,3,0.109,0.000,0.000,0.002,0.005,0.009,0.013,0.006,0.007,0.004,0.004,0.005,0.004,0.001,0.002,0.001,0.011,0.014,0.000,0.019
CBT 2024（GPU 常驻拓扑）,RelWithDebInfo,D3D12,NVIDIA GeForce RTX 5090 D,Direct3D 12 (feature level 12_0); requested Agility SDK 614; runtime 6.2.26100.8972 (C:\WINDOWS\SYSTEM32\D3D12Core.dll); driver 32.0.15.9186,false,assets/heightmaps/Hm_Terrain_Peking_513.png,547,547,80.000,12.000,20,0.250,0.100,200000,false,51,64,0.810,0.015,21.190,17.959,-53.991,0.230,32223,32223,2325,2325,307,907,4335,0,0,0,0,0,0,0,0,0,0,0,0,0,0.000,0.034,0.031,0.000,0.000,0.000,0.000,0.000,0.000,0.000,0.000,0.000,0.000,0.000,0.000,0.000,0.000,0.000,0.000,0.000,0.000,0.000,0.000,0.000,0.000,0.000,0.088,0.165,0,424,0.041,0.014,0.012,0.000,4,1048576,25.000,Off,ModifiedOnly,1,60,58,58,58,2,false,32217,1016359,2018,2317,2363,2306,907,1800,1794,14,893,2293,13,13,6,0.107,0.000,0.000,0.002,0.004,0.009,0.014,0.006,0.007,0.004,0.004,0.006,0.004,0.001,0.002,0.001,0.011,0.011,0.000,0.018
CBT 2024（GPU 常驻拓扑）,RelWithDebInfo,D3D12,NVIDIA GeForce RTX 5090 D,Direct3D 12 (feature level 12_0); requested Agility SDK 614; runtime 6.2.26100.8972 (C:\WINDOWS\SYSTEM32\D3D12Core.dll); driver 32.0.15.9186,false,assets/heightmaps/Hm_Terrain_Peking_513.png,547,547,80.000,12.000,20,0.250,0.100,200000,false,52,64,0.825,0.015,26.460,17.564,-51.613,0.244,32398,32398,2356,2356,327,1113,4872,0,0,0,0,0,0,0,0,0,0,0,0,0,0.000,0.033,0.030,0.000,0.000,0.000,0.000,0.000,0.000,0.000,0.000,0.000,0.000,0.000,0.000,0.000,0.000,0.000,0.000,0.000,0.000,0.000,0.000,0.000,0.000,0.000,0.075,0.149,0,424,0.040,0.014,0.015,0.000,4,1048576,25.000,Off,ModifiedOnly,1,61,59,59,59,2,false,32392,1016184,2029,2843,2391,2337,1113,2216,2193,10,1103,2326,11,14,5,0.110,0.000,0.000,0.002,0.005,0.010,0.013,0.006,0.006,0.004,0.004,0.005,0.004,0.001,0.002,0.001,0.011,0.015,0.000,0.019
CBT 2024（GPU 常驻拓扑）,RelWithDebInfo,D3D12,NVIDIA GeForce RTX 5090 D,Direct3D 12 (feature level 12_0); requested Agility SDK 614; runtime 6.2.26100.8972 (C:\WINDOWS\SYSTEM32\D3D12Core.dll); driver 32.0.15.9186,false,assets/heightmaps/Hm_Terrain_Peking_513.png,547,547,80.000,12.000,20,0.250,0.100,200000,false,53,64,0.841,0.015,31.468,17.265,-48.722,0.230,32528,32528,2551,2551,285,1243,5399,0,0,0,0,0,0,0,0,0,0,0,0,0,0.000,0.033,0.030,0.000,0.000,0.000,0.000,0.000,0.000,0.000,0.000,0.000,0.000,0.000,0.000,0.000,0.000,0.000,0.000,0.000,0.000,0.000,0.000,0.000,0.000,0.000,0.081,0.152,0,424,0.041,0.014,0.016,0.000,4,1048576,25.000,Off,ModifiedOnly,1,62,60,60,60,2,false,32522,1016054,2266,3133,2591,2531,1243,2461,2456,25,1218,2516,15,15,5,0.111,0.000,0.000,0.002,0.005,0.011,0.013,0.006,0.006,0.004,0.004,0.005,0.004,0.001,0.002,0.001,0.011,0.016,0.000,0.018
CBT 2024（GPU 常驻拓扑）,RelWithDebInfo,D3D12,NVIDIA GeForce RTX 5090 D,Direct3D 12 (feature level 12_0); requested Agility SDK 614; runtime 6.2.26100.8972 (C:\WINDOWS\SYSTEM32\D3D12Core.dll); driver 32.0.15.9186,false,assets/heightmaps/Hm_Terrain_Peking_513.png,547,547,80.000,12.000,20,0.250,0.100,200000,false,54,64,0.857,0.016,36.162,17.075,-45.346,0.240,32429,32429,2495,2495,216,1315,5626,0,0,0,0,0,0,0,0,0,0,0,0,0,0.000,0.034,0.031,0.000,0.000,0.000,0.000,0.000,0.000,0.000,0.000,0.000,0.000,0.000,0.000,0.000,0.000,0.000,0.000,0.000,0.000,0.000,0.000,0.000,0.000,0.000,0.078,0.154,0,424,0.042,0.014,0.017,0.000,4,1048576,25.000,Off,ModifiedOnly,1,63,61,61,61,2,false,32423,1016153,2279,3347,2523,2480,1315,2622,2609,8,1307,2472,8,10,5,0.113,0.000,0.000,0.002,0.005,0.010,0.014,0.006,0.007,0.004,0.004,0.005,0.004,0.001,0.002,0.001,0.011,0.017,0.000,0.019
CBT 2024（GPU 常驻拓扑）,RelWithDebInfo,D3D12,NVIDIA GeForce RTX 5090 D,Direct3D 12 (feature level 12_0); requested Agility SDK 614; runtime 6.2.26100.8972 (C:\WINDOWS\SYSTEM32\D3D12Core.dll); driver 32.0.15.9186,false,assets/heightmaps/Hm_Terrain_Peking_513.png,547,547,80.000,12.000,20,0.250,0.100,200000,false,55,64,0.873,0.016,40.498,17.001,-41.520,0.234,31888,31888,1988,1988,242,1296,5010,0,0,0,0,0,0,0,0,0,0,0,0,0,0.000,0.033,0.031,0.000,0.000,0.000,0.000,0.000,0.000,0.000,0.000,0.000,0.000,0.000,0.000,0.000,0.000,0.000,0.000,0.000,0.000,0.000,0.000,0.000,0.000,0.000,0.069,0.145,0,424,0.042,0.014,0.012,0.000,4,1048576,25.000,Off,ModifiedOnly,1,64,62,62,62,2,false,31882,1016694,1746,3264,2029,1967,1296,2570,2559,22,1274,1952,15,16,5,0.108,0.000,0.000,0.002,0.004,0.010,0.015,0.006,0.006,0.005,0.004,0.005,0.004,0.001,0.002,0.001,0.011,0.012,0.000,0.018
CBT 2024（GPU 常驻拓扑）,RelWithDebInfo,D3D12,NVIDIA GeForce RTX 5090 D,Direct3D 12 (feature level 12_0); requested Agility SDK 614; runtime 6.2.26100.8972 (C:\WINDOWS\SYSTEM32\D3D12Core.dll); driver 32.0.15.9186,false,assets/heightmaps/Hm_Terrain_Peking_513.png,547,547,80.000,12.000,20,0.250,0.100,200000,false,56,64,0.889,0.016,44.431,17.046,-37.282,0.224,31378,31378,1975,1975,237,1279,4994,0,0,0,0,0,0,0,0,0,0,0,0,0,0.000,0.033,0.030,0.000,0.000,0.000,0.000,0.000,0.000,0.000,0.000,0.000,0.000,0.000,0.000,0.000,0.000,0.000,0.000,0.000,0.000,0.000,0.000,0.000,0.000,0.000,0.075,0.149,0,424,0.040,0.014,0.013,0.000,4,1048576,25.000,Off,ModifiedOnly,1,65,63,63,63,2,false,31372,1017204,1738,3256,2033,1944,1279,2543,2533,15,1264,1926,18,22,9,0.107,0.000,0.000,0.002,0.005,0.010,0.013,0.006,0.007,0.004,0.004,0.005,0.004,0.001,0.002,0.001,0.011,0.013,0.000,0.018
CBT 2024（GPU 常驻拓扑）,RelWithDebInfo,D3D12,NVIDIA GeForce RTX 5090 D,Direct3D 12 (feature level 12_0); requested Agility SDK 614; runtime 6.2.26100.8972 (C:\WINDOWS\SYSTEM32\D3D12Core.dll); driver 32.0.15.9186,false,assets/heightmaps/Hm_Terrain_Peking_513.png,547,547,80.000,12.000,20,0.250,0.100,200000,false,57,64,0.905,0.016,47.922,17.207,-32.673,0.229,31092,31092,2141,2141,217,1268,5132,0,0,0,0,0,0,0,0,0,0,0,0,0,0.000,0.033,0.030,0.000,0.000,0.000,0.000,0.000,0.000,0.000,0.000,0.000,0.000,0.000,0.000,0.000,0.000,0.000,0.000,0.000,0.000,0.000,0.000,0.000,0.000,0.000,0.076,0.149,0,424,0.043,0.014,0.018,0.000,4,1048576,25.000,Off,ModifiedOnly,1,66,64,64,64,2,false,31086,1017490,1924,3208,2228,2096,1268,2514,2505,22,1246,2063,33,36,9,0.114,0.000,0.000,0.002,0.005,0.010,0.015,0.006,0.007,0.004,0.004,0.005,0.004,0.001,0.002,0.001,0.011,0.018,0.000,0.017
CBT 2024（GPU 常驻拓扑）,RelWithDebInfo,D3D12,NVIDIA GeForce RTX 5090 D,Direct3D 12 (feature level 12_0); requested Agility SDK 614; runtime 6.2.26100.8972 (C:\WINDOWS\SYSTEM32\D3D12Core.dll); driver 32.0.15.9186,false,assets/heightmaps/Hm_Terrain_Peking_513.png,547,547,80.000,12.000,20,0.250,0.100,200000,false,58,64,0.921,0.016,50.937,17.480,-27.739,0.232,30971,30971,2190,2190,160,1219,5050,0,0,0,0,0,0,0,0,0,0,0,0,0,0.000,0.033,0.031,0.000,0.000,0.000,0.000,0.000,0.000,0.000,0.000,0.000,0.000,0.000,0.000,0.000,0.000,0.000,0.000,0.000,0.000,0.000,0.000,0.000,0.000,0.000,0.070,0.145,0,424,0.043,0.014,0.010,0.000,4,1048576,25.000,Off,ModifiedOnly,1,67,65,65,65,2,false,30965,1017611,2030,3020,2287,2140,1219,2408,2401,30,1189,2101,39,42,8,0.107,0.000,0.000,0.002,0.005,0.010,0.016,0.007,0.007,0.004,0.004,0.005,0.004,0.001,0.002,0.001,0.011,0.010,0.000,0.017
CBT 2024（GPU 常驻拓扑）,RelWithDebInfo,D3D12,NVIDIA GeForce RTX 5090 D,Direct3D 12 (feature level 12_0); requested Agility SDK 614; runtime 6.2.26100.8972 (C:\WINDOWS\SYSTEM32\D3D12Core.dll); driver 32.0.15.9186,false,assets/heightmaps/Hm_Terrain_Peking_513.png,547,547,80.000,12.000,20,0.250,0.100,200000,false,59,64,0.937,0.017,53.446,17.852,-22.529,0.225,30893,30893,2036,2036,184,1111,4714,0,0,0,0,0,0,0,0,0,0,0,0,0,0.000,0.033,0.030,0.000,0.000,0.000,0.000,0.000,0.000,0.000,0.000,0.000,0.000,0.000,0.000,0.000,0.000,0.000,0.000,0.000,0.000,0.000,0.000,0.000,0.000,0.000,0.075,0.145,0,424,0.045,0.014,0.012,0.000,4,1048576,25.000,Off,ModifiedOnly,1,68,66,66,66,2,false,30887,1017689,1852,2862,2133,1988,1111,2211,2199,11,1100,1952,36,35,13,0.110,0.000,0.000,0.002,0.005,0.011,0.016,0.006,0.007,0.004,0.004,0.005,0.004,0.001,0.002,0.001,0.011,0.011,0.000,0.018
CBT 2024（GPU 常驻拓扑）,RelWithDebInfo,D3D12,NVIDIA GeForce RTX 5090 D,Direct3D 12 (feature level 12_0); requested Agility SDK 614; runtime 6.2.26100.8972 (C:\WINDOWS\SYSTEM32\D3D12Core.dll); driver 32.0.15.9186,false,assets/heightmaps/Hm_Terrain_Peking_513.png,547,547,80.000,12.000,20,0.250,0.100,200000,false,60,64,0.952,0.017,55.423,18.310,-17.096,0.229,30409,30409,1705,1705,202,1150,4462,0,0,0,0,0,0,0,0,0,0,0,0,0,0.000,0.034,0.031,0.000,0.000,0.000,0.000,0.000,0.000,0.000,0.000,0.000,0.000,0.000,0.000,0.000,0.000,0.000,0.000,0.000,0.000,0.000,0.000,0.000,0.000,0.000,0.066,0.140,0,424,0.043,0.014,0.008,0.000,4,1048576,25.000,Off,ModifiedOnly,1,69,67,67,67,2,false,30403,1018173,1503,2959,1800,1657,1150,2284,2272,16,1134,1623,34,35,13,0.104,0.000,0.000,0.002,0.005,0.010,0.015,0.006,0.007,0.004,0.004,0.006,0.004,0.001,0.002,0.001,0.011,0.008,0.000,0.017
CBT 2024（GPU 常驻拓扑）,RelWithDebInfo,D3D12,NVIDIA GeForce RTX 5090 D,Direct3D 12 (feature level 12_0); requested Agility SDK 614; runtime 6.2.26100.8972 (C:\WINDOWS\SYSTEM32\D3D12Core.dll); driver 32.0.15.9186,false,assets/heightmaps/Hm_Terrain_Peking_513.png,547,547,80.000,12.000,20,0.250,0.100,200000,false,61,64,0.968,0.017,56.850,18.835,-11.492,0.220,30033,30033,1839,1839,182,1159,4655,0,0,0,0,0,0,0,0,0,0,0,0,0,0.000,0.034,0.031,0.000,0.000,0.000,0.000,0.000,0.000,0.000,0.000,0.000,0.000,0.000,0.000,0.000,0.000,0.000,0.000,0.000,0.000,0.000,0.000,0.000,0.000,0.000,0.076,0.148,0,424,0.043,0.014,0.008,0.000,4,1048576,25.000,Off,ModifiedOnly,1,70,68,68,68,2,false,30027,1018549,1657,2998,1926,1796,1159,2302,2294,16,1143,1762,34,33,10,0.105,0.000,0.000,0.002,0.005,0.011,0.015,0.006,0.007,0.004,0.004,0.005,0.004,0.001,0.002,0.001,0.011,0.007,0.000,0.018
CBT 2024（GPU 常驻拓扑）,RelWithDebInfo,D3D12,NVIDIA GeForce RTX 5090 D,Direct3D 12 (feature level 12_0); requested Agility SDK 614; runtime 6.2.26100.8972 (C:\WINDOWS\SYSTEM32\D3D12Core.dll); driver 32.0.15.9186,false,assets/heightmaps/Hm_Terrain_Peking_513.png,547,547,80.000,12.000,20,0.250,0.100,200000,false,62,64,0.984,0.017,57.712,19.406,-5.775,0.231,30210,30210,2144,2144,217,1024,4529,0,0,0,0,0,0,0,0,0,0,0,0,0,0.000,0.033,0.030,0.000,0.000,0.000,0.000,0.000,0.000,0.000,0.000,0.000,0.000,0.000,0.000,0.000,0.000,0.000,0.000,0.000,0.000,0.000,0.000,0.000,0.000,0.000,0.064,0.139,0,424,0.043,0.014,0.010,0.000,4,1048576,25.000,Off,ModifiedOnly,1,71,69,69,69,2,false,30204,1018372,1927,2602,2202,2116,1024,2025,2015,23,1001,2094,22,20,8,0.107,0.000,0.000,0.002,0.005,0.011,0.016,0.006,0.006,0.004,0.004,0.005,0.004,0.001,0.002,0.001,0.011,0.010,0.000,0.018
CBT 2024（GPU 常驻拓扑）,RelWithDebInfo,D3D12,NVIDIA GeForce RTX 5090 D,Direct3D 12 (feature level 12_0); requested Agility SDK 614; runtime 6.2.26100.8972 (C:\WINDOWS\SYSTEM32\D3D12Core.dll); driver 32.0.15.9186,false,assets/heightmaps/Hm_Terrain_Peking_513.png,547,547,80.000,12.000,20,0.250,0.100,200000,false,63,64,1.000,0.018,58.000,20.000,0.000,0.219,30471,30471,1982,1982,205,893,4143,0,0,0,0,0,0,0,0,0,0,0,0,0,0.000,0.034,0.031,0.000,0.000,0.000,0.000,0.000,0.000,0.000,0.000,0.000,0.000,0.000,0.000,0.000,0.000,0.000,0.000,0.000,0.000,0.000,0.000,0.000,0.000,0.000,0.071,0.145,0,424,0.042,0.014,0.010,0.000,4,1048576,25.000,Off,ModifiedOnly,1,72,70,70,70,2,false,30465,1018111,1777,2366,2033,1958,893,1772,1761,14,879,1940,18,15,9,0.107,0.000,0.000,0.002,0.005,0.011,0.014,0.006,0.006,0.004,0.004,0.005,0.004,0.001,0.002,0.001,0.011,0.009,0.000,0.018
