algorithm,buildConfiguration,graphicsBackend,graphicsAdapter,graphicsVersion,vSyncEnabled,heightMapPath,heightMapWidth,heightMapHeight,terrainSize,heightScale,maxDepthSetting,screenSpaceSplitThresholdPixels,screenSpaceMergeThresholdPixels,triangleBudget,timeSeconds,cameraX,cameraY,cameraZ,frameMilliseconds,triangles,nodes,activeSplits,splits,forcedSplits,merges,candidatePeak,budgetRejectedSplits,tjunctions,invalidNeighbors,invalidTopology,cpuWorkers,cpuUtilizationPercent,lodTotalMilliseconds,cpuUpdateMilliseconds,cpuPrepareMilliseconds,cpuMergeCandidateMarkMilliseconds,cpuMergeTopologyMilliseconds,cpuBudgetLeafCollectMilliseconds,cpuErrorEvalMilliseconds,cpuSplitCandidateMarkMilliseconds,cpuSplitTopologyMilliseconds,cpuFinalLeafCollectMilliseconds,cpuMeshEmitMilliseconds,cpuFinalizeMilliseconds,cpuUploadMilliseconds,gpuInitialLeafCompactionMilliseconds,gpuErrorEvaluationMilliseconds,gpuSplitCandidateMarkingMilliseconds,gpuMergeCandidateMarkingMilliseconds,gpuSplitTopologyMilliseconds,gpuActiveLeafResetMilliseconds,gpuFinalLeafCompactionMilliseconds,gpuMeshEmitMilliseconds,gpuPassSumMilliseconds,gpuSnapshotBuildMilliseconds,gpuBufferAllocationMilliseconds,gpuDispatchWallMilliseconds,gpuQueryWaitMilliseconds,gpuReadbackWaitMilliseconds,frameFenceWaitMilliseconds,renderMilliseconds,cpuGpuUploadBytes,cpuGpuReadbackBytes,splitMilliseconds,mergeMilliseconds,emitMilliseconds,validateMilliseconds,maxDepthReached
Classic CPU ROAM,RelWithDebInfo,OpenGL,NVIDIA GeForce RTX 5090 D/PCIe/SSE2,4.3.0 NVIDIA 591.86,false,assets/heightmaps/Hm_Terrain_Test_129.pgm,129,129,39.400,12.000,20,4.000,2.000,200000,0.000,0.000,18.000,19.700,0.530,48719,97436,48717,48717,24555,0,19715,0,0,0,0,1,97.628,481.189,480.134,427.715,0.002,0.000,0.000,0.000,0.001,24.151,1.407,19.121,7.735,0.599,0.000,0.000,0.000,0.000,0.000,0.000,0.000,0.000,0.000,0.000,0.000,0.000,0.000,0.000,0.000,0.000,0,0,24.153,0.003,20.528,0.000,17
Classic CPU ROAM,RelWithDebInfo,OpenGL,NVIDIA GeForce RTX 5090 D/PCIe/SSE2,4.3.0 NVIDIA 591.86,false,assets/heightmaps/Hm_Terrain_Test_129.pgm,129,129,39.400,12.000,20,4.000,2.000,200000,0.515,0.000,18.000,19.548,515.387,48826,98672,48824,618,308,511,473,0,0,0,0,1,77.414,41.269,40.365,0.400,8.967,0.153,0.481,0.000,5.602,0.289,0.467,17.628,6.373,0.642,0.000,0.000,0.000,0.000,0.000,0.000,0.000,0.000,0.000,0.000,0.000,0.000,0.000,0.000,0.000,0.000,0,0,5.892,9.123,18.095,0.000,17
Classic CPU ROAM,RelWithDebInfo,OpenGL,NVIDIA GeForce RTX 5090 D/PCIe/SSE2,4.3.0 NVIDIA 591.86,false,assets/heightmaps/Hm_Terrain_Test_129.pgm,129,129,39.400,12.000,20,4.000,2.000,200000,0.557,0.000,18.000,19.523,41.879,48852,98852,48850,90,45,64,46,0,0,0,0,1,117.238,54.173,53.307,0.429,9.817,0.021,1.000,0.000,9.175,0.098,1.060,24.414,7.288,0.618,0.000,0.000,0.000,0.000,0.000,0.000,0.000,0.000,0.000,0.000,0.000,0.000,0.000,0.000,0.000,0.000,0,0,9.274,9.842,25.474,0.000,17
Classic CPU ROAM,RelWithDebInfo,OpenGL,NVIDIA GeForce RTX 5090 D/PCIe/SSE2,4.3.0 NVIDIA 591.86,false,assets/heightmaps/Hm_Terrain_Test_129.pgm,129,129,39.400,12.000,20,4.000,2.000,200000,0.612,0.000,18.000,19.488,54.683,48878,99112,48876,130,67,104,70,0,0,0,0,1,75.401,42.348,41.442,0.397,9.657,0.034,0.509,0.000,5.917,0.063,0.431,17.531,6.899,0.654,0.000,0.000,0.000,0.000,0.000,0.000,0.000,0.000,0.000,0.000,0.000,0.000,0.000,0.000,0.000,0.000,0,0,5.980,9.694,17.961,0.000,17
Classic CPU ROAM,RelWithDebInfo,OpenGL,NVIDIA GeForce RTX 5090 D/PCIe/SSE2,4.3.0 NVIDIA 591.86,false,assets/heightmaps/Hm_Terrain_Test_129.pgm,129,129,39.400,12.000,20,4.000,2.000,200000,0.655,0.000,18.000,19.458,42.861,48916,99348,48914,118,60,80,60,0,0,0,0,1,115.017,41.590,40.751,0.406,9.184,0.026,0.515,0.000,5.541,0.056,0.440,17.764,6.817,0.584,0.000,0.000,0.000,0.000,0.000,0.000,0.000,0.000,0.000,0.000,0.000,0.000,0.000,0.000,0.000,0.000,0,0,5.597,9.212,18.204,0.000,17
Classic CPU ROAM,RelWithDebInfo,OpenGL,NVIDIA GeForce RTX 5090 D/PCIe/SSE2,4.3.0 NVIDIA 591.86,false,assets/heightmaps/Hm_Terrain_Test_129.pgm,129,129,39.400,12.000,20,4.000,2.000,200000,0.697,0.000,18.000,19.426,42.131,48892,99568,48890,110,55,134,62,0,0,0,0,1,114.747,41.739,40.847,0.408,9.060,0.040,0.458,0.000,6.174,0.055,0.406,17.595,6.649,0.636,0.000,0.000,0.000,0.000,0.000,0.000,0.000,0.000,0.000,0.000,0.000,0.000,0.000,0.000,0.000,0.000,0,0,6.229,9.103,18.000,0.000,17
Classic CPU ROAM,RelWithDebInfo,OpenGL,NVIDIA GeForce RTX 5090 D/PCIe/SSE2,4.3.0 NVIDIA 591.86,false,assets/heightmaps/Hm_Terrain_Test_129.pgm,129,129,39.400,12.000,20,4.000,2.000,200000,0.739,0.000,18.000,19.393,42.276,48875,99854,48873,143,71,160,84,0,0,0,0,1,78.524,40.648,39.794,0.418,9.166,0.047,0.411,0.000,5.664,0.072,0.542,17.427,6.044,0.597,0.000,0.000,0.000,0.000,0.000,0.000,0.000,0.000,0.000,0.000,0.000,0.000,0.000,0.000,0.000,0.000,0,0,5.736,9.214,17.969,0.000,17
Classic CPU ROAM,RelWithDebInfo,OpenGL,NVIDIA GeForce RTX 5090 D/PCIe/SSE2,4.3.0 NVIDIA 591.86,false,assets/heightmaps/Hm_Terrain_Test_129.pgm,129,129,39.400,12.000,20,4.000,2.000,200000,0.780,0.000,18.000,19.359,41.175,48914,100110,48912,128,64,89,73,0,0,0,0,1,113.768,42.073,41.200,0.405,9.419,0.030,0.457,0.000,5.950,0.061,0.378,17.584,6.911,0.609,0.000,0.000,0.000,0.000,0.000,0.000,0.000,0.000,0.000,0.000,0.000,0.000,0.000,0.000,0.000,0.000,0,0,6.011,9.452,17.962,0.000,17
Classic CPU ROAM,RelWithDebInfo,OpenGL,NVIDIA GeForce RTX 5090 D/PCIe/SSE2,4.3.0 NVIDIA 591.86,false,assets/heightmaps/Hm_Terrain_Test_129.pgm,129,129,39.400,12.000,20,4.000,2.000,200000,0.823,0.000,18.000,19.322,42.642,48978,100430,48976,160,81,96,87,0,0,0,0,1,119.369,40.158,39.266,0.410,9.269,0.028,0.419,0.000,5.694,0.075,0.488,17.229,5.649,0.624,0.000,0.000,0.000,0.000,0.000,0.000,0.000,0.000,0.000,0.000,0.000,0.000,0.000,0.000,0.000,0.000,0,0,5.771,9.300,17.717,0.000,17
Classic CPU ROAM,RelWithDebInfo,OpenGL,NVIDIA GeForce RTX 5090 D/PCIe/SSE2,4.3.0 NVIDIA 591.86,false,assets/heightmaps/Hm_Terrain_Test_129.pgm,129,129,39.400,12.000,20,4.000,2.000,200000,0.864,0.000,18.000,19.285,40.669,48986,100750,48984,162,82,154,90,0,0,0,0,1,78.033,40.905,40.044,0.406,8.978,0.047,0.446,0.000,6.005,0.101,0.448,17.623,5.988,0.594,0.000,0.000,0.000,0.000,0.000,0.000,0.000,0.000,0.000,0.000,0.000,0.000,0.000,0.000,0.000,0.000,0,0,6.106,9.027,18.071,0.000,17
Classic CPU ROAM,RelWithDebInfo,OpenGL,NVIDIA GeForce RTX 5090 D/PCIe/SSE2,4.3.0 NVIDIA 591.86,false,assets/heightmaps/Hm_Terrain_Test_129.pgm,129,129,39.400,12.000,20,4.000,2.000,200000,0.905,0.000,18.000,19.245,41.406,48979,101058,48977,154,78,161,88,0,0,0,0,1,82.481,38.772,37.884,0.429,7.949,0.048,0.458,0.000,5.522,0.068,0.393,17.360,5.654,0.640,0.000,0.000,0.000,0.000,0.000,0.000,0.000,0.000,0.000,0.000,0.000,0.000,0.000,0.000,0.000,0.000,0,0,5.591,7.999,17.753,0.000,17
Classic CPU ROAM,RelWithDebInfo,OpenGL,NVIDIA GeForce RTX 5090 D/PCIe/SSE2,4.3.0 NVIDIA 591.86,false,assets/heightmaps/Hm_Terrain_Test_129.pgm,129,129,39.400,12.000,20,4.000,2.000,200000,0.944,0.000,18.000,19.206,39.250,48942,101328,48940,135,67,172,75,0,0,0,0,1,83.777,38.117,37.299,0.417,8.186,0.051,0.443,0.000,5.532,0.065,0.383,17.045,5.176,0.570,0.000,0.000,0.000,0.000,0.000,0.000,0.000,0.000,0.000,0.000,0.000,0.000,0.000,0.000,0.000,0.000,0,0,5.596,8.239,17.428,0.000,17
Classic CPU ROAM,RelWithDebInfo,OpenGL,NVIDIA GeForce RTX 5090 D/PCIe/SSE2,4.3.0 NVIDIA 591.86,false,assets/heightmaps/Hm_Terrain_Test_129.pgm,129,129,39.400,12.000,20,4.000,2.000,200000,0.983,0.000,18.000,19.166,38.627,48977,101620,48975,146,73,111,83,0,0,0,0,1,121.446,39.414,38.595,0.415,8.016,0.032,0.485,0.000,5.714,0.067,0.439,17.409,6.014,0.547,0.000,0.000,0.000,0.000,0.000,0.000,0.000,0.000,0.000,0.000,0.000,0.000,0.000,0.000,0.000,0.000,0,0,5.781,8.052,17.848,0.000,17
Classic CPU ROAM,RelWithDebInfo,OpenGL,NVIDIA GeForce RTX 5090 D/PCIe/SSE2,4.3.0 NVIDIA 591.86,false,assets/heightmaps/Hm_Terrain_Test_129.pgm,129,129,39.400,12.000,20,4.000,2.000,200000,1.023,0.000,18.000,19.124,39.948,49040,101992,49038,188,95,125,107,0,0,0,0,1,120.890,39.601,38.772,0.422,8.689,0.038,0.527,0.000,6.040,0.086,0.457,17.239,5.271,0.577,0.000,0.000,0.000,0.000,0.000,0.000,0.000,0.000,0.000,0.000,0.000,0.000,0.000,0.000,0.000,0.000,0,0,6.127,8.729,17.696,0.000,17
Classic CPU ROAM,RelWithDebInfo,OpenGL,NVIDIA GeForce RTX 5090 D/PCIe/SSE2,4.3.0 NVIDIA 591.86,false,assets/heightmaps/Hm_Terrain_Test_129.pgm,129,129,39.400,12.000,20,4.000,2.000,200000,1.063,0.000,18.000,19.079,40.157,49087,102386,49085,197,98,150,119,0,0,0,0,1,78.457,40.682,39.828,0.416,8.992,0.047,0.560,0.000,5.993,0.093,0.458,17.296,5.970,0.603,0.000,0.000,0.000,0.000,0.000,0.000,0.000,0.000,0.000,0.000,0.000,0.000,0.000,0.000,0.000,0.000,0,0,6.086,9.043,17.754,0.000,17
Classic CPU ROAM,RelWithDebInfo,OpenGL,NVIDIA GeForce RTX 5090 D/PCIe/SSE2,4.3.0 NVIDIA 591.86,false,assets/heightmaps/Hm_Terrain_Test_129.pgm,129,129,39.400,12.000,20,4.000,2.000,200000,1.104,0.000,18.000,19.032,41.220,49094,102778,49092,196,98,189,124,0,0,0,0,1,118.175,40.539,39.663,0.442,8.392,0.057,0.683,0.000,6.571,0.113,0.447,17.319,5.635,0.613,0.000,0.000,0.000,0.000,0.000,0.000,0.000,0.000,0.000,0.000,0.000,0.000,0.000,0.000,0.000,0.000,0,0,6.685,8.452,17.766,0.000,17
Classic CPU ROAM,RelWithDebInfo,OpenGL,NVIDIA GeForce RTX 5090 D/PCIe/SSE2,4.3.0 NVIDIA 591.86,false,assets/heightmaps/Hm_Terrain_Test_129.pgm,129,129,39.400,12.000,20,4.000,2.000,200000,1.145,0.000,18.000,18.984,41.052,49122,103170,49120,196,98,168,117,0,0,0,0,1,81.992,38.995,38.111,0.432,8.287,0.051,0.479,0.000,5.867,0.095,0.428,17.216,5.253,0.627,0.000,0.000,0.000,0.000,0.000,0.000,0.000,0.000,0.000,0.000,0.000,0.000,0.000,0.000,0.000,0.000,0,0,5.963,8.340,17.643,0.000,17
Classic CPU ROAM,RelWithDebInfo,OpenGL,NVIDIA GeForce RTX 5090 D/PCIe/SSE2,4.3.0 NVIDIA 591.86,false,assets/heightmaps/Hm_Terrain_Test_129.pgm,129,129,39.400,12.000,20,4.000,2.000,200000,1.185,0.000,18.000,18.936,39.561,49156,103532,49154,181,90,147,104,0,0,0,0,1,119.468,40.142,39.232,0.734,7.565,0.040,0.595,0.000,6.308,0.090,0.513,17.337,6.047,0.642,0.000,0.000,0.000,0.000,0.000,0.000,0.000,0.000,0.000,0.000,0.000,0.000,0.000,0.000,0.000,0.000,0,0,6.399,7.606,17.851,0.000,17
Classic CPU ROAM,RelWithDebInfo,OpenGL,NVIDIA GeForce RTX 5090 D/PCIe/SSE2,4.3.0 NVIDIA 591.86,false,assets/heightmaps/Hm_Terrain_Test_129.pgm,129,129,39.400,12.000,20,4.000,2.000,200000,1.226,0.000,18.000,18.885,40.683,49169,103860,49167,164,83,151,94,0,0,0,0,1,81.106,39.383,38.527,0.415,8.601,0.047,0.569,0.000,5.949,0.077,0.393,17.132,5.342,0.608,0.000,0.000,0.000,0.000,0.000,0.000,0.000,0.000,0.000,0.000,0.000,0.000,0.000,0.000,0.000,0.000,0,0,6.027,8.650,17.525,0.000,17
Classic CPU ROAM,RelWithDebInfo,OpenGL,NVIDIA GeForce RTX 5090 D/PCIe/SSE2,4.3.0 NVIDIA 591.86,false,assets/heightmaps/Hm_Terrain_Test_129.pgm,129,129,39.400,12.000,20,4.000,2.000,200000,1.266,0.000,18.000,18.833,39.892,49209,104322,49207,235,119,195,133,0,0,0,0,1,70.513,45.183,44.315,0.404,8.557,0.057,0.512,0.000,5.716,0.108,0.488,19.751,8.719,0.506,0.000,0.000,0.000,0.000,0.000,0.000,0.000,0.000,0.000,0.000,0.000,0.000,0.000,0.000,0.000,0.000,0,0,5.824,8.616,20.239,0.000,17
Classic CPU ROAM,RelWithDebInfo,OpenGL,NVIDIA GeForce RTX 5090 D/PCIe/SSE2,4.3.0 NVIDIA 591.86,false,assets/heightmaps/Hm_Terrain_Test_129.pgm,129,129,39.400,12.000,20,4.000,2.000,200000,1.311,0.000,18.000,18.773,45.732,49188,104798,49186,238,119,259,152,0,0,0,0,1,117.337,40.776,39.946,0.416,9.585,0.080,0.510,0.000,5.947,0.132,0.410,17.216,5.647,0.567,0.000,0.000,0.000,0.000,0.000,0.000,0.000,0.000,0.000,0.000,0.000,0.000,0.000,0.000,0.000,0.000,0,0,6.079,9.668,17.626,0.000,17
Classic CPU ROAM,RelWithDebInfo,OpenGL,NVIDIA GeForce RTX 5090 D/PCIe/SSE2,4.3.0 NVIDIA 591.86,false,assets/heightmaps/Hm_Terrain_Test_129.pgm,129,129,39.400,12.000,20,4.000,2.000,200000,1.353,0.000,18.000,18.716,41.322,49189,105164,49187,183,91,182,115,0,0,0,0,1,122.287,39.170,38.329,0.430,7.589,0.050,0.662,0.000,6.228,0.087,0.528,17.198,5.555,0.595,0.000,0.000,0.000,0.000,0.000,0.000,0.000,0.000,0.000,0.000,0.000,0.000,0.000,0.000,0.000,0.000,0,0,6.315,7.641,17.725,0.000,17
Classic CPU ROAM,RelWithDebInfo,OpenGL,NVIDIA GeForce RTX 5090 D/PCIe/SSE2,4.3.0 NVIDIA 591.86,false,assets/heightmaps/Hm_Terrain_Test_129.pgm,129,129,39.400,12.000,20,4.000,2.000,200000,1.392,0.000,18.000,18.661,39.737,49185,105572,49183,204,104,208,115,0,0,0,0,1,78.266,40.796,39.925,0.415,9.475,0.062,0.558,0.000,6.216,0.101,0.435,17.258,5.403,0.624,0.000,0.000,0.000,0.000,0.000,0.000,0.000,0.000,0.000,0.000,0.000,0.000,0.000,0.000,0.000,0.000,0,0,6.317,9.540,17.693,0.000,17
Classic CPU ROAM,RelWithDebInfo,OpenGL,NVIDIA GeForce RTX 5090 D/PCIe/SSE2,4.3.0 NVIDIA 591.86,false,assets/heightmaps/Hm_Terrain_Test_129.pgm,129,129,39.400,12.000,20,4.000,2.000,200000,1.434,0.000,18.000,18.601,41.349,49193,105984,49191,206,103,198,127,0,0,0,0,1,120.378,39.799,38.937,0.403,8.629,0.063,0.510,0.000,5.927,0.094,0.551,17.311,5.445,0.613,0.000,0.000,0.000,0.000,0.000,0.000,0.000,0.000,0.000,0.000,0.000,0.000,0.000,0.000,0.000,0.000,0,0,6.022,8.695,17.862,0.000,17
Classic CPU ROAM,RelWithDebInfo,OpenGL,NVIDIA GeForce RTX 5090 D/PCIe/SSE2,4.3.0 NVIDIA 591.86,false,assets/heightmaps/Hm_Terrain_Test_129.pgm,129,129,39.400,12.000,20,4.000,2.000,200000,1.474,0.000,18.000,18.542,40.298,49136,106354,49134,185,92,242,117,0,0,0,0,1,80.570,39.667,38.784,0.408,8.184,0.072,0.500,0.000,6.155,0.112,0.465,17.379,5.505,0.636,0.000,0.000,0.000,0.000,0.000,0.000,0.000,0.000,0.000,0.000,0.000,0.000,0.000,0.000,0.000,0.000,0,0,6.267,8.258,17.844,0.000,17
Classic CPU ROAM,RelWithDebInfo,OpenGL,NVIDIA GeForce RTX 5090 D/PCIe/SSE2,4.3.0 NVIDIA 591.86,false,assets/heightmaps/Hm_Terrain_Test_129.pgm,129,129,39.400,12.000,20,4.000,2.000,200000,1.514,0.000,18.000,18.482,40.138,49129,106754,49127,200,101,207,122,0,0,0,0,1,118.855,40.253,39.436,0.417,8.733,0.067,0.468,0.000,5.912,0.093,0.408,17.572,5.762,0.568,0.000,0.000,0.000,0.000,0.000,0.000,0.000,0.000,0.000,0.000,0.000,0.000,0.000,0.000,0.000,0.000,0,0,6.006,8.803,17.980,0.000,17
Classic CPU ROAM,RelWithDebInfo,OpenGL,NVIDIA GeForce RTX 5090 D/PCIe/SSE2,4.3.0 NVIDIA 591.86,false,assets/heightmaps/Hm_Terrain_Test_129.pgm,129,129,39.400,12.000,20,4.000,2.000,200000,1.555,0.000,18.000,18.419,40.776,49133,107226,49131,236,118,232,150,0,0,0,0,1,118.523,40.367,39.547,0.447,8.043,0.066,0.715,0.000,6.484,0.110,0.493,17.445,5.740,0.574,0.000,0.000,0.000,0.000,0.000,0.000,0.000,0.000,0.000,0.000,0.000,0.000,0.000,0.000,0.000,0.000,0,0,6.594,8.112,17.939,0.000,17
Classic CPU ROAM,RelWithDebInfo,OpenGL,NVIDIA GeForce RTX 5090 D/PCIe/SSE2,4.3.0 NVIDIA 591.86,false,assets/heightmaps/Hm_Terrain_Test_129.pgm,129,129,39.400,12.000,20,4.000,2.000,200000,1.596,0.000,18.000,18.355,41.108,49126,107696,49124,235,117,242,148,0,0,0,0,1,78.230,40.762,39.944,0.414,8.837,0.073,0.530,0.000,6.063,0.121,0.444,17.599,5.859,0.580,0.000,0.000,0.000,0.000,0.000,0.000,0.000,0.000,0.000,0.000,0.000,0.000,0.000,0.000,0.000,0.000,0,0,6.185,8.913,18.043,0.000,17
Classic CPU ROAM,RelWithDebInfo,OpenGL,NVIDIA GeForce RTX 5090 D/PCIe/SSE2,4.3.0 NVIDIA 591.86,false,assets/heightmaps/Hm_Terrain_Test_129.pgm,129,129,39.400,12.000,20,4.000,2.000,200000,1.637,0.000,18.000,18.289,41.315,49110,108228,49108,266,137,282,165,0,0,0,0,1,116.368,41.132,40.279,0.433,7.751,0.081,0.746,0.000,6.429,0.148,0.558,17.989,6.141,0.594,0.000,0.000,0.000,0.000,0.000,0.000,0.000,0.000,0.000,0.000,0.000,0.000,0.000,0.000,0.000,0.000,0,0,6.577,7.835,18.547,0.000,17
Classic CPU ROAM,RelWithDebInfo,OpenGL,NVIDIA GeForce RTX 5090 D/PCIe/SSE2,4.3.0 NVIDIA 591.86,false,assets/heightmaps/Hm_Terrain_Test_129.pgm,129,129,39.400,12.000,20,4.000,2.000,200000,1.679,0.000,18.000,18.220,41.687,49139,108788,49137,280,140,251,184,0,0,0,0,1,79.269,40.305,39.420,0.413,8.726,0.073,0.558,0.000,6.024,0.130,0.434,17.498,5.561,0.636,0.000,0.000,0.000,0.000,0.000,0.000,0.000,0.000,0.000,0.000,0.000,0.000,0.000,0.000,0.000,0.000,0,0,6.154,8.802,17.932,0.000,17
Classic CPU ROAM,RelWithDebInfo,OpenGL,NVIDIA GeForce RTX 5090 D/PCIe/SSE2,4.3.0 NVIDIA 591.86,false,assets/heightmaps/Hm_Terrain_Test_129.pgm,129,129,39.400,12.000,20,4.000,2.000,200000,1.720,0.000,18.000,18.152,40.832,49193,109372,49191,292,146,238,198,0,0,0,0,1,75.745,42.138,41.254,0.428,9.503,0.076,0.564,0.000,6.497,0.143,0.531,17.759,5.750,0.626,0.000,0.000,0.000,0.000,0.000,0.000,0.000,0.000,0.000,0.000,0.000,0.000,0.000,0.000,0.000,0.000,0,0,6.640,9.583,18.289,0.000,17
Classic CPU ROAM,RelWithDebInfo,OpenGL,NVIDIA GeForce RTX 5090 D/PCIe/SSE2,4.3.0 NVIDIA 591.86,false,assets/heightmaps/Hm_Terrain_Test_129.pgm,129,129,39.400,12.000,20,4.000,2.000,200000,1.762,0.000,18.000,18.080,42.676,49122,109874,49120,251,126,322,163,0,0,0,0,1,118.674,40.416,39.496,0.418,8.722,0.104,0.555,0.000,6.101,0.142,0.400,17.539,5.513,0.663,0.000,0.000,0.000,0.000,0.000,0.000,0.000,0.000,0.000,0.000,0.000,0.000,0.000,0.000,0.000,0.000,0,0,6.243,8.829,17.938,0.000,17
Classic CPU ROAM,RelWithDebInfo,OpenGL,NVIDIA GeForce RTX 5090 D/PCIe/SSE2,4.3.0 NVIDIA 591.86,false,assets/heightmaps/Hm_Terrain_Test_129.pgm,129,129,39.400,12.000,20,4.000,2.000,200000,1.803,0.000,18.000,18.009,40.932,49141,110398,49139,262,131,243,168,0,0,0,0,1,79.206,40.288,39.451,0.421,7.753,0.070,0.551,0.000,6.558,0.129,0.586,17.621,5.759,0.578,0.000,0.000,0.000,0.000,0.000,0.000,0.000,0.000,0.000,0.000,0.000,0.000,0.000,0.000,0.000,0.000,0,0,6.688,7.825,18.207,0.000,17
Classic CPU ROAM,RelWithDebInfo,OpenGL,NVIDIA GeForce RTX 5090 D/PCIe/SSE2,4.3.0 NVIDIA 591.86,false,assets/heightmaps/Hm_Terrain_Test_129.pgm,129,129,39.400,12.000,20,4.000,2.000,200000,1.844,0.000,18.000,17.937,40.835,49160,110960,49158,281,140,262,181,0,0,0,0,1,78.036,40.873,40.043,0.427,8.686,0.079,0.608,0.000,6.143,0.131,0.433,17.468,6.064,0.578,0.000,0.000,0.000,0.000,0.000,0.000,0.000,0.000,0.000,0.000,0.000,0.000,0.000,0.000,0.000,0.000,0,0,6.274,8.768,17.901,0.000,17
Classic CPU ROAM,RelWithDebInfo,OpenGL,NVIDIA GeForce RTX 5090 D/PCIe/SSE2,4.3.0 NVIDIA 591.86,false,assets/heightmaps/Hm_Terrain_Test_129.pgm,129,129,39.400,12.000,20,4.000,2.000,200000,1.886,0.000,18.000,17.863,41.415,49195,111590,49193,315,156,280,206,0,0,0,0,1,117.070,40.878,40.037,0.427,8.309,0.083,0.537,0.000,6.163,0.152,0.590,17.569,6.204,0.588,0.000,0.000,0.000,0.000,0.000,0.000,0.000,0.000,0.000,0.000,0.000,0.000,0.000,0.000,0.000,0.000,0,0,6.315,8.395,18.159,0.000,17
Classic CPU ROAM,RelWithDebInfo,OpenGL,NVIDIA GeForce RTX 5090 D/PCIe/SSE2,4.3.0 NVIDIA 591.86,false,assets/heightmaps/Hm_Terrain_Test_129.pgm,129,129,39.400,12.000,20,4.000,2.000,200000,1.927,0.000,18.000,17.787,41.417,49228,112248,49226,329,164,296,216,0,0,0,0,1,77.804,41.000,40.163,0.433,9.310,0.094,0.571,0.000,6.159,0.169,0.461,17.689,5.273,0.608,0.000,0.000,0.000,0.000,0.000,0.000,0.000,0.000,0.000,0.000,0.000,0.000,0.000,0.000,0.000,0.000,0,0,6.328,9.406,18.150,0.000,17
Classic CPU ROAM,RelWithDebInfo,OpenGL,NVIDIA GeForce RTX 5090 D/PCIe/SSE2,4.3.0 NVIDIA 591.86,false,assets/heightmaps/Hm_Terrain_Test_129.pgm,129,129,39.400,12.000,20,4.000,2.000,200000,1.969,0.000,18.000,17.710,41.515,49221,112948,49219,350,176,357,237,0,0,0,0,1,114.979,41.634,40.766,0.419,9.288,0.122,0.516,0.000,6.287,0.178,0.596,17.538,5.818,0.608,0.000,0.000,0.000,0.000,0.000,0.000,0.000,0.000,0.000,0.000,0.000,0.000,0.000,0.000,0.000,0.000,0,0,6.466,9.413,18.134,0.000,17
Classic CPU ROAM,RelWithDebInfo,OpenGL,NVIDIA GeForce RTX 5090 D/PCIe/SSE2,4.3.0 NVIDIA 591.86,false,assets/heightmaps/Hm_Terrain_Test_129.pgm,129,129,39.400,12.000,20,4.000,2.000,200000,2.011,0.000,18.000,17.631,42.167,49232,113496,49230,274,137,263,171,0,0,0,0,1,114.550,41.804,40.918,0.422,8.866,0.081,0.625,0.000,6.430,0.132,0.428,17.793,6.138,0.634,0.000,0.000,0.000,0.000,0.000,0.000,0.000,0.000,0.000,0.000,0.000,0.000,0.000,0.000,0.000,0.000,0,0,6.562,8.950,18.221,0.000,17
Classic CPU ROAM,RelWithDebInfo,OpenGL,NVIDIA GeForce RTX 5090 D/PCIe/SSE2,4.3.0 NVIDIA 591.86,false,assets/heightmaps/Hm_Terrain_Test_129.pgm,129,129,39.400,12.000,20,4.000,2.000,200000,2.053,0.000,18.000,17.550,42.312,49215,114138,49213,335,175,352,214,0,0,0,0,1,76.675,41.635,40.754,0.422,8.778,0.108,0.508,0.000,6.254,0.175,0.615,17.687,6.203,0.632,0.000,0.000,0.000,0.000,0.000,0.000,0.000,0.000,0.000,0.000,0.000,0.000,0.000,0.000,0.000,0.000,0,0,6.430,8.888,18.303,0.000,17
Classic CPU ROAM,RelWithDebInfo,OpenGL,NVIDIA GeForce RTX 5090 D/PCIe/SSE2,4.3.0 NVIDIA 591.86,false,assets/heightmaps/Hm_Terrain_Test_129.pgm,129,129,39.400,12.000,20,4.000,2.000,200000,2.095,0.000,18.000,17.468,42.134,49219,114846,49217,354,179,350,229,0,0,0,0,1,75.475,42.246,41.402,0.418,9.454,0.110,0.624,0.000,6.254,0.170,0.502,17.724,6.141,0.595,0.000,0.000,0.000,0.000,0.000,0.000,0.000,0.000,0.000,0.000,0.000,0.000,0.000,0.000,0.000,0.000,0,0,6.425,9.567,18.226,0.000,17
Classic CPU ROAM,RelWithDebInfo,OpenGL,NVIDIA GeForce RTX 5090 D/PCIe/SSE2,4.3.0 NVIDIA 591.86,false,assets/heightmaps/Hm_Terrain_Test_129.pgm,129,129,39.400,12.000,20,4.000,2.000,200000,2.138,0.000,18.000,17.384,42.808,49212,115534,49210,344,172,351,227,0,0,0,0,1,114.853,41.660,40.810,0.440,8.291,0.099,0.821,0.000,6.827,0.182,0.569,17.641,5.933,0.593,0.000,0.000,0.000,0.000,0.000,0.000,0.000,0.000,0.000,0.000,0.000,0.000,0.000,0.000,0.000,0.000,0,0,7.010,8.395,18.211,0.000,17
Classic CPU ROAM,RelWithDebInfo,OpenGL,NVIDIA GeForce RTX 5090 D/PCIe/SSE2,4.3.0 NVIDIA 591.86,false,assets/heightmaps/Hm_Terrain_Test_129.pgm,129,129,39.400,12.000,20,4.000,2.000,200000,2.180,0.000,18.000,17.299,42.236,49211,116252,49209,359,181,360,240,0,0,0,0,1,114.243,41.876,41.028,0.435,9.505,0.117,0.542,0.000,6.302,0.173,0.411,17.576,5.964,0.567,0.000,0.000,0.000,0.000,0.000,0.000,0.000,0.000,0.000,0.000,0.000,0.000,0.000,0.000,0.000,0.000,0,0,6.476,9.625,17.987,0.000,17
Classic CPU ROAM,RelWithDebInfo,OpenGL,NVIDIA GeForce RTX 5090 D/PCIe/SSE2,4.3.0 NVIDIA 591.86,false,assets/heightmaps/Hm_Terrain_Test_129.pgm,129,129,39.400,12.000,20,4.000,2.000,200000,2.223,0.000,18.000,17.213,42.401,49331,117020,49329,384,193,264,264,0,0,0,0,1,76.792,41.516,40.692,0.467,9.170,0.078,0.592,0.000,6.634,0.178,0.516,17.492,5.562,0.584,0.000,0.000,0.000,0.000,0.000,0.000,0.000,0.000,0.000,0.000,0.000,0.000,0.000,0.000,0.000,0.000,0,0,6.813,9.250,18.008,0.000,17
Classic CPU ROAM,RelWithDebInfo,OpenGL,NVIDIA GeForce RTX 5090 D/PCIe/SSE2,4.3.0 NVIDIA 591.86,false,assets/heightmaps/Hm_Terrain_Test_129.pgm,129,129,39.400,12.000,20,4.000,2.000,200000,2.265,0.000,18.000,17.127,42.019,49331,117776,49329,378,188,378,252,0,0,0,0,1,113.454,42.148,41.314,0.433,8.594,0.115,0.580,0.000,6.124,0.193,0.433,18.181,6.656,0.569,0.000,0.000,0.000,0.000,0.000,0.000,0.000,0.000,0.000,0.000,0.000,0.000,0.000,0.000,0.000,0.000,0,0,6.318,8.713,18.614,0.000,17
Classic CPU ROAM,RelWithDebInfo,OpenGL,NVIDIA GeForce RTX 5090 D/PCIe/SSE2,4.3.0 NVIDIA 591.86,false,assets/heightmaps/Hm_Terrain_Test_129.pgm,129,129,39.400,12.000,20,4.000,2.000,200000,2.307,0.000,18.000,17.038,42.674,49318,118460,49316,342,171,355,230,0,0,0,0,1,112.591,42.456,41.631,0.423,9.694,0.105,0.675,0.000,6.400,0.160,0.457,17.663,6.049,0.574,0.000,0.000,0.000,0.000,0.000,0.000,0.000,0.000,0.000,0.000,0.000,0.000,0.000,0.000,0.000,0.000,0,0,6.561,9.803,18.120,0.000,17
Classic CPU ROAM,RelWithDebInfo,OpenGL,NVIDIA GeForce RTX 5090 D/PCIe/SSE2,4.3.0 NVIDIA 591.86,false,assets/heightmaps/Hm_Terrain_Test_129.pgm,129,129,39.400,12.000,20,4.000,2.000,200000,2.350,0.000,18.000,16.947,42.965,49311,119220,49309,380,191,387,246,0,0,0,0,1,116.174,41.185,40.347,0.419,8.778,0.117,0.566,0.000,6.163,0.207,0.701,17.527,5.864,0.593,0.000,0.000,0.000,0.000,0.000,0.000,0.000,0.000,0.000,0.000,0.000,0.000,0.000,0.000,0.000,0.000,0,0,6.371,8.898,18.229,0.000,17
Classic CPU ROAM,RelWithDebInfo,OpenGL,NVIDIA GeForce RTX 5090 D/PCIe/SSE2,4.3.0 NVIDIA 591.86,false,assets/heightmaps/Hm_Terrain_Test_129.pgm,129,129,39.400,12.000,20,4.000,2.000,200000,2.392,0.000,18.000,16.858,41.675,49277,119808,49275,294,147,328,195,0,0,0,0,1,73.912,43.114,42.278,0.420,9.730,0.104,0.729,0.000,6.682,0.141,0.494,17.757,6.216,0.580,0.000,0.000,0.000,0.000,0.000,0.000,0.000,0.000,0.000,0.000,0.000,0.000,0.000,0.000,0.000,0.000,0,0,6.824,9.838,18.251,0.000,17
Classic CPU ROAM,RelWithDebInfo,OpenGL,NVIDIA GeForce RTX 5090 D/PCIe/SSE2,4.3.0 NVIDIA 591.86,false,assets/heightmaps/Hm_Terrain_Test_129.pgm,129,129,39.400,12.000,20,4.000,2.000,200000,2.436,0.000,18.000,16.763,43.627,49316,120628,49314,410,205,371,279,0,0,0,0,1,111.598,42.812,42.000,0.415,9.624,0.116,0.587,0.000,6.810,0.195,0.546,17.518,6.188,0.564,0.000,0.000,0.000,0.000,0.000,0.000,0.000,0.000,0.000,0.000,0.000,0.000,0.000,0.000,0.000,0.000,0,0,7.005,9.741,18.064,0.000,17
Classic CPU ROAM,RelWithDebInfo,OpenGL,NVIDIA GeForce RTX 5090 D/PCIe/SSE2,4.3.0 NVIDIA 591.86,false,assets/heightmaps/Hm_Terrain_Test_129.pgm,129,129,39.400,12.000,20,4.000,2.000,200000,2.479,0.000,18.000,16.668,43.319,49324,121484,49322,428,217,420,300,0,0,0,0,1,112.638,42.425,41.613,0.426,8.892,0.126,0.764,0.000,6.559,0.230,0.480,17.754,6.336,0.561,0.000,0.000,0.000,0.000,0.000,0.000,0.000,0.000,0.000,0.000,0.000,0.000,0.000,0.000,0.000,0.000,0,0,6.789,9.063,18.234,0.000,17
Classic CPU ROAM,RelWithDebInfo,OpenGL,NVIDIA GeForce RTX 5090 D/PCIe/SSE2,4.3.0 NVIDIA 591.86,false,assets/heightmaps/Hm_Terrain_Test_129.pgm,129,129,39.400,12.000,20,4.000,2.000,200000,2.522,0.000,18.000,16.573,42.920,49346,122258,49344,387,193,365,251,0,0,0,0,1,110.299,43.316,42.496,0.431,9.682,0.109,0.683,0.000,6.967,0.236,0.551,17.522,6.311,0.575,0.000,0.000,0.000,0.000,0.000,0.000,0.000,0.000,0.000,0.000,0.000,0.000,0.000,0.000,0.000,0.000,0,0,7.204,9.793,18.073,0.000,17
Classic CPU ROAM,RelWithDebInfo,OpenGL,NVIDIA GeForce RTX 5090 D/PCIe/SSE2,4.3.0 NVIDIA 591.86,false,assets/heightmaps/Hm_Terrain_Test_129.pgm,129,129,39.400,12.000,20,4.000,2.000,200000,2.566,0.000,18.000,16.475,43.800,49240,122898,49238,320,162,426,205,0,0,0,0,1,104.064,45.866,45.041,0.421,10.632,0.140,0.712,0.000,7.599,0.184,0.681,18.112,6.558,0.573,0.000,0.000,0.000,0.000,0.000,0.000,0.000,0.000,0.000,0.000,0.000,0.000,0.000,0.000,0.000,0.000,0,0,7.784,10.774,18.793,0.000,17
Classic CPU ROAM,RelWithDebInfo,OpenGL,NVIDIA GeForce RTX 5090 D/PCIe/SSE2,4.3.0 NVIDIA 591.86,false,assets/heightmaps/Hm_Terrain_Test_129.pgm,129,129,39.400,12.000,20,4.000,2.000,200000,2.612,0.000,18.000,16.370,46.375,49230,123742,49228,422,213,432,286,0,0,0,0,1,71.729,44.395,43.564,0.417,9.919,0.137,0.599,0.000,6.437,0.203,0.533,17.889,7.427,0.574,0.000,0.000,0.000,0.000,0.000,0.000,0.000,0.000,0.000,0.000,0.000,0.000,0.000,0.000,0.000,0.000,0,0,6.641,10.057,18.422,0.000,17
Classic CPU ROAM,RelWithDebInfo,OpenGL,NVIDIA GeForce RTX 5090 D/PCIe/SSE2,4.3.0 NVIDIA 591.86,false,assets/heightmaps/Hm_Terrain_Test_129.pgm,129,129,39.400,12.000,20,4.000,2.000,200000,2.657,0.000,18.000,16.267,44.894,49288,124578,49286,418,209,360,285,0,0,0,0,1,71.597,44.477,43.644,0.420,10.415,0.111,0.666,0.000,6.863,0.204,0.442,17.816,6.704,0.581,0.000,0.000,0.000,0.000,0.000,0.000,0.000,0.000,0.000,0.000,0.000,0.000,0.000,0.000,0.000,0.000,0,0,7.068,10.528,18.258,0.000,17
Classic CPU ROAM,RelWithDebInfo,OpenGL,NVIDIA GeForce RTX 5090 D/PCIe/SSE2,4.3.0 NVIDIA 591.86,false,assets/heightmaps/Hm_Terrain_Test_129.pgm,129,129,39.400,12.000,20,4.000,2.000,200000,2.702,0.000,18.000,16.163,44.972,49270,125380,49268,409,209,427,282,0,0,0,0,1,100.038,47.694,46.854,0.448,9.395,0.142,0.645,0.000,6.655,0.211,0.473,19.299,9.584,0.555,0.000,0.000,0.000,0.000,0.000,0.000,0.000,0.000,0.000,0.000,0.000,0.000,0.000,0.000,0.000,0.000,0,0,6.866,9.538,19.772,0.000,17
Classic CPU ROAM,RelWithDebInfo,OpenGL,NVIDIA GeForce RTX 5090 D/PCIe/SSE2,4.3.0 NVIDIA 591.86,false,assets/heightmaps/Hm_Terrain_Test_129.pgm,129,129,39.400,12.000,20,4.000,2.000,200000,2.750,0.000,18.000,16.050,48.245,49167,126126,49165,373,186,476,266,0,0,0,0,1,71.250,44.685,43.857,0.478,10.843,0.146,0.668,0.000,6.460,0.183,0.523,17.442,7.076,0.578,0.000,0.000,0.000,0.000,0.000,0.000,0.000,0.000,0.000,0.000,0.000,0.000,0.000,0.000,0.000,0.000,0,0,6.644,11.026,17.965,0.000,17
Classic CPU ROAM,RelWithDebInfo,OpenGL,NVIDIA GeForce RTX 5090 D/PCIe/SSE2,4.3.0 NVIDIA 591.86,false,assets/heightmaps/Hm_Terrain_Test_129.pgm,129,129,39.400,12.000,20,4.000,2.000,200000,2.795,0.000,18.000,15.942,45.292,49100,126836,49098,355,177,422,242,0,0,0,0,1,103.811,45.986,45.151,0.416,10.448,0.128,1.022,0.000,7.344,0.193,0.424,17.807,7.367,0.582,0.000,0.000,0.000,0.000,0.000,0.000,0.000,0.000,0.000,0.000,0.000,0.000,0.000,0.000,0.000,0.000,0,0,7.537,10.578,18.230,0.000,17
Classic CPU ROAM,RelWithDebInfo,OpenGL,NVIDIA GeForce RTX 5090 D/PCIe/SSE2,4.3.0 NVIDIA 591.86,false,assets/heightmaps/Hm_Terrain_Test_129.pgm,129,129,39.400,12.000,20,4.000,2.000,200000,2.842,0.000,18.000,15.831,46.498,49092,127782,49090,473,236,481,347,0,0,0,0,1,110.436,43.310,42.442,0.413,9.348,0.144,0.692,0.000,6.657,0.220,0.508,18.219,6.238,0.614,0.000,0.000,0.000,0.000,0.000,0.000,0.000,0.000,0.000,0.000,0.000,0.000,0.000,0.000,0.000,0.000,0,0,6.877,9.494,18.728,0.000,17
Classic CPU ROAM,RelWithDebInfo,OpenGL,NVIDIA GeForce RTX 5090 D/PCIe/SSE2,4.3.0 NVIDIA 591.86,false,assets/heightmaps/Hm_Terrain_Test_129.pgm,129,129,39.400,12.000,20,4.000,2.000,200000,2.886,0.000,18.000,15.725,43.830,49063,128460,49061,345,176,374,240,0,0,0,0,1,108.618,44.006,43.153,0.404,9.267,0.113,0.594,0.000,6.443,0.187,0.600,17.974,7.569,0.593,0.000,0.000,0.000,0.000,0.000,0.000,0.000,0.000,0.000,0.000,0.000,0.000,0.000,0.000,0.000,0.000,0,0,6.630,9.382,18.574,0.000,17
Classic CPU ROAM,RelWithDebInfo,OpenGL,NVIDIA GeForce RTX 5090 D/PCIe/SSE2,4.3.0 NVIDIA 591.86,false,assets/heightmaps/Hm_Terrain_Test_129.pgm,129,129,39.400,12.000,20,4.000,2.000,200000,2.930,0.000,18.000,15.617,44.592,48995,129168,48993,354,177,422,238,0,0,0,0,1,111.672,42.809,41.973,0.445,9.352,0.130,0.606,0.000,6.985,0.181,0.475,17.416,6.380,0.579,0.000,0.000,0.000,0.000,0.000,0.000,0.000,0.000,0.000,0.000,0.000,0.000,0.000,0.000,0.000,0.000,0,0,7.167,9.482,17.891,0.000,17
Classic CPU ROAM,RelWithDebInfo,OpenGL,NVIDIA GeForce RTX 5090 D/PCIe/SSE2,4.3.0 NVIDIA 591.86,false,assets/heightmaps/Hm_Terrain_Test_129.pgm,129,129,39.400,12.000,20,4.000,2.000,200000,2.974,0.000,18.000,15.510,43.314,48933,129860,48931,346,173,408,221,0,0,0,0,1,75.850,42.033,41.197,0.450,8.899,0.119,0.550,0.000,6.834,0.170,0.489,17.413,6.271,0.589,0.000,0.000,0.000,0.000,0.000,0.000,0.000,0.000,0.000,0.000,0.000,0.000,0.000,0.000,0.000,0.000,0,0,7.005,9.019,17.902,0.000,17
Classic CPU ROAM,RelWithDebInfo,OpenGL,NVIDIA GeForce RTX 5090 D/PCIe/SSE2,4.3.0 NVIDIA 591.86,false,assets/heightmaps/Hm_Terrain_Test_129.pgm,129,129,39.400,12.000,20,4.000,2.000,200000,3.016,0.000,18.000,15.405,42.531,48944,130688,48942,414,207,403,284,0,0,0,0,1,73.552,43.305,42.484,0.417,9.303,0.122,0.643,0.000,6.389,0.229,0.705,17.890,6.783,0.577,0.000,0.000,0.000,0.000,0.000,0.000,0.000,0.000,0.000,0.000,0.000,0.000,0.000,0.000,0.000,0.000,0,0,6.619,9.427,18.595,0.000,17
Classic CPU ROAM,RelWithDebInfo,OpenGL,NVIDIA GeForce RTX 5090 D/PCIe/SSE2,4.3.0 NVIDIA 591.86,false,assets/heightmaps/Hm_Terrain_Test_129.pgm,129,129,39.400,12.000,20,4.000,2.000,200000,3.060,0.000,18.000,15.295,43.805,48789,131404,48787,358,178,513,253,0,0,0,0,1,112.299,42.575,41.738,0.445,9.731,0.179,0.659,0.000,6.404,0.172,0.454,17.385,6.282,0.589,0.000,0.000,0.000,0.000,0.000,0.000,0.000,0.000,0.000,0.000,0.000,0.000,0.000,0.000,0.000,0.000,0,0,6.577,9.937,17.838,0.000,17
Classic CPU ROAM,RelWithDebInfo,OpenGL,NVIDIA GeForce RTX 5090 D/PCIe/SSE2,4.3.0 NVIDIA 591.86,false,assets/heightmaps/Hm_Terrain_Test_129.pgm,129,129,39.400,12.000,20,4.000,2.000,200000,3.103,0.000,18.000,15.187,43.075,48764,132070,48762,333,165,358,237,0,0,0,0,1,110.746,43.147,42.324,0.411,9.120,0.105,0.719,0.000,7.471,0.168,0.571,17.315,6.415,0.566,0.000,0.000,0.000,0.000,0.000,0.000,0.000,0.000,0.000,0.000,0.000,0.000,0.000,0.000,0.000,0.000,0,0,7.640,9.253,17.886,0.000,17
Classic CPU ROAM,RelWithDebInfo,OpenGL,NVIDIA GeForce RTX 5090 D/PCIe/SSE2,4.3.0 NVIDIA 591.86,false,assets/heightmaps/Hm_Terrain_Test_129.pgm,129,129,39.400,12.000,20,4.000,2.000,200000,3.147,0.000,18.000,15.076,43.648,48782,132978,48780,454,229,436,335,0,0,0,0,1,111.015,43.039,42.222,0.447,9.114,0.131,0.568,0.000,6.687,0.241,0.576,17.791,6.642,0.572,0.000,0.000,0.000,0.000,0.000,0.000,0.000,0.000,0.000,0.000,0.000,0.000,0.000,0.000,0.000,0.000,0,0,6.928,9.269,18.367,0.000,18
Classic CPU ROAM,RelWithDebInfo,OpenGL,NVIDIA GeForce RTX 5090 D/PCIe/SSE2,4.3.0 NVIDIA 591.86,false,assets/heightmaps/Hm_Terrain_Test_129.pgm,129,129,39.400,12.000,20,4.000,2.000,200000,3.190,0.000,18.000,14.964,43.532,48762,133844,48760,433,216,453,316,0,0,0,0,1,73.928,43.075,42.268,0.452,10.108,0.143,0.668,0.000,6.684,0.206,0.492,17.335,6.148,0.566,0.000,0.000,0.000,0.000,0.000,0.000,0.000,0.000,0.000,0.000,0.000,0.000,0.000,0.000,0.000,0.000,0,0,6.891,10.282,17.827,0.000,18
Classic CPU ROAM,RelWithDebInfo,OpenGL,NVIDIA GeForce RTX 5090 D/PCIe/SSE2,4.3.0 NVIDIA 591.86,false,assets/heightmaps/Hm_Terrain_Test_129.pgm,129,129,39.400,12.000,20,4.000,2.000,200000,3.234,0.000,18.000,14.852,43.557,48869,134846,48867,501,252,394,354,0,0,0,0,1,112.497,42.536,41.665,0.459,8.771,0.119,0.549,0.000,6.523,0.246,0.571,17.780,6.621,0.623,0.000,0.000,0.000,0.000,0.000,0.000,0.000,0.000,0.000,0.000,0.000,0.000,0.000,0.000,0.000,0.000,0,0,6.769,8.915,18.351,0.000,18
Classic CPU ROAM,RelWithDebInfo,OpenGL,NVIDIA GeForce RTX 5090 D/PCIe/SSE2,4.3.0 NVIDIA 591.86,false,assets/heightmaps/Hm_Terrain_Test_129.pgm,129,129,39.400,12.000,20,4.000,2.000,200000,3.277,0.000,18.000,14.740,43.047,48927,135854,48925,504,254,446,388,0,0,0,0,1,105.364,45.321,44.485,0.429,11.445,0.143,0.671,0.000,7.015,0.256,0.470,17.517,6.515,0.594,0.000,0.000,0.000,0.000,0.000,0.000,0.000,0.000,0.000,0.000,0.000,0.000,0.000,0.000,0.000,0.000,0,0,7.272,11.611,17.987,0.000,18
Classic CPU ROAM,RelWithDebInfo,OpenGL,NVIDIA GeForce RTX 5090 D/PCIe/SSE2,4.3.0 NVIDIA 591.86,false,assets/heightmaps/Hm_Terrain_Test_129.pgm,129,129,39.400,12.000,20,4.000,2.000,200000,3.323,0.000,18.000,14.621,45.812,48962,136840,48960,493,246,458,375,0,0,0,0,1,111.737,42.842,41.948,0.443,9.123,0.144,0.688,0.000,6.665,0.231,0.465,17.538,6.623,0.640,0.000,0.000,0.000,0.000,0.000,0.000,0.000,0.000,0.000,0.000,0.000,0.000,0.000,0.000,0.000,0.000,0,0,6.898,9.293,18.003,0.000,18
Classic CPU ROAM,RelWithDebInfo,OpenGL,NVIDIA GeForce RTX 5090 D/PCIe/SSE2,4.3.0 NVIDIA 591.86,false,assets/heightmaps/Hm_Terrain_Test_129.pgm,129,129,39.400,12.000,20,4.000,2.000,200000,3.366,0.000,18.000,14.507,43.358,48903,137656,48901,408,206,467,299,0,0,0,0,1,111.832,42.736,41.913,0.454,9.290,0.135,0.570,0.000,6.325,0.199,0.503,17.554,6.858,0.573,0.000,0.000,0.000,0.000,0.000,0.000,0.000,0.000,0.000,0.000,0.000,0.000,0.000,0.000,0.000,0.000,0,0,6.524,9.450,18.056,0.000,18
Classic CPU ROAM,RelWithDebInfo,OpenGL,NVIDIA GeForce RTX 5090 D/PCIe/SSE2,4.3.0 NVIDIA 591.86,false,assets/heightmaps/Hm_Terrain_Test_129.pgm,129,129,39.400,12.000,20,4.000,2.000,200000,3.410,0.000,18.000,14.391,43.534,48995,138508,48993,428,217,336,317,0,0,0,0,1,72.253,44.071,43.246,0.625,10.644,0.106,0.545,0.000,6.091,0.479,0.568,17.622,6.546,0.572,0.000,0.000,0.000,0.000,0.000,0.000,0.000,0.000,0.000,0.000,0.000,0.000,0.000,0.000,0.000,0.000,0,0,6.570,10.770,18.190,0.000,18
Classic CPU ROAM,RelWithDebInfo,OpenGL,NVIDIA GeForce RTX 5090 D/PCIe/SSE2,4.3.0 NVIDIA 591.86,false,assets/heightmaps/Hm_Terrain_Test_129.pgm,129,129,39.400,12.000,20,4.000,2.000,200000,3.454,0.000,18.000,14.272,44.629,48992,139392,48990,448,229,451,330,0,0,0,0,1,74.695,42.662,41.834,0.461,10.106,0.140,0.517,0.000,6.250,0.216,0.564,17.526,6.028,0.576,0.000,0.000,0.000,0.000,0.000,0.000,0.000,0.000,0.000,0.000,0.000,0.000,0.000,0.000,0.000,0.000,0,0,6.467,10.271,18.090,0.000,18
Classic CPU ROAM,RelWithDebInfo,OpenGL,NVIDIA GeForce RTX 5090 D/PCIe/SSE2,4.3.0 NVIDIA 591.86,false,assets/heightmaps/Hm_Terrain_Test_129.pgm,129,129,39.400,12.000,20,4.000,2.000,200000,3.497,0.000,18.000,14.157,43.177,49001,140254,48999,431,218,422,315,0,0,0,0,1,107.022,44.628,43.795,0.509,10.512,0.129,0.607,0.000,6.697,0.207,0.456,17.764,6.880,0.578,0.000,0.000,0.000,0.000,0.000,0.000,0.000,0.000,0.000,0.000,0.000,0.000,0.000,0.000,0.000,0.000,0,0,6.904,10.676,18.219,0.000,18
Classic CPU ROAM,RelWithDebInfo,OpenGL,NVIDIA GeForce RTX 5090 D/PCIe/SSE2,4.3.0 NVIDIA 591.86,false,assets/heightmaps/Hm_Terrain_Test_129.pgm,129,129,39.400,12.000,20,4.000,2.000,200000,3.543,0.000,18.000,14.034,45.652,49100,141186,49098,470,238,371,347,0,0,0,0,1,108.803,43.927,43.080,0.436,9.309,0.110,0.650,0.000,6.921,0.301,0.548,17.830,6.948,0.574,0.000,0.000,0.000,0.000,0.000,0.000,0.000,0.000,0.000,0.000,0.000,0.000,0.000,0.000,0.000,0.000,0,0,7.223,9.445,18.378,0.000,18
Classic CPU ROAM,RelWithDebInfo,OpenGL,NVIDIA GeForce RTX 5090 D/PCIe/SSE2,4.3.0 NVIDIA 591.86,false,assets/heightmaps/Hm_Terrain_Test_129.pgm,129,129,39.400,12.000,20,4.000,2.000,200000,3.587,0.000,18.000,13.913,44.456,48968,142080,48966,451,231,583,315,0,0,0,0,1,109.684,43.585,42.734,0.448,10.032,0.170,0.545,0.000,6.174,0.215,0.656,17.728,6.739,0.594,0.000,0.000,0.000,0.000,0.000,0.000,0.000,0.000,0.000,0.000,0.000,0.000,0.000,0.000,0.000,0.000,0,0,6.390,10.228,18.384,0.000,18
Classic CPU ROAM,RelWithDebInfo,OpenGL,NVIDIA GeForce RTX 5090 D/PCIe/SSE2,4.3.0 NVIDIA 591.86,false,assets/heightmaps/Hm_Terrain_Test_129.pgm,129,129,39.400,12.000,20,4.000,2.000,200000,3.632,0.000,18.000,13.793,44.087,49073,143012,49071,466,232,361,342,0,0,0,0,1,110.954,43.077,42.245,0.440,9.171,0.111,0.580,0.000,6.484,0.228,0.480,17.710,7.016,0.581,0.000,0.000,0.000,0.000,0.000,0.000,0.000,0.000,0.000,0.000,0.000,0.000,0.000,0.000,0.000,0.000,0,0,6.713,9.306,18.189,0.000,18
Classic CPU ROAM,RelWithDebInfo,OpenGL,NVIDIA GeForce RTX 5090 D/PCIe/SSE2,4.3.0 NVIDIA 591.86,false,assets/heightmaps/Hm_Terrain_Test_129.pgm,129,129,39.400,12.000,20,4.000,2.000,200000,3.675,0.000,18.000,13.673,43.579,49161,143972,49159,480,241,392,356,0,0,0,0,1,73.628,43.267,42.440,0.459,9.389,0.124,0.585,0.000,6.675,0.264,0.608,18.094,6.213,0.583,0.000,0.000,0.000,0.000,0.000,0.000,0.000,0.000,0.000,0.000,0.000,0.000,0.000,0.000,0.000,0.000,0,0,6.940,9.542,18.702,0.000,18
Classic CPU ROAM,RelWithDebInfo,OpenGL,NVIDIA GeForce RTX 5090 D/PCIe/SSE2,4.3.0 NVIDIA 591.86,false,assets/heightmaps/Hm_Terrain_Test_129.pgm,129,129,39.400,12.000,20,4.000,2.000,200000,3.719,0.000,18.000,13.553,43.772,49342,145064,49340,548,279,367,419,0,0,0,0,1,105.362,45.333,44.487,0.432,9.185,0.113,0.876,0.000,7.579,0.281,0.722,18.130,7.141,0.589,0.000,0.000,0.000,0.000,0.000,0.000,0.000,0.000,0.000,0.000,0.000,0.000,0.000,0.000,0.000,0.000,0,0,7.860,9.325,18.852,0.000,18
Classic CPU ROAM,RelWithDebInfo,OpenGL,NVIDIA GeForce RTX 5090 D/PCIe/SSE2,4.3.0 NVIDIA 591.86,false,assets/heightmaps/Hm_Terrain_Test_129.pgm,129,129,39.400,12.000,20,4.000,2.000,200000,3.765,0.000,18.000,13.426,45.844,49420,146194,49418,565,284,487,429,0,0,0,0,1,101.775,46.921,46.055,0.430,9.651,0.160,0.624,0.000,6.898,0.280,0.562,18.636,8.783,0.615,0.000,0.000,0.000,0.000,0.000,0.000,0.000,0.000,0.000,0.000,0.000,0.000,0.000,0.000,0.000,0.000,0,0,7.179,9.840,19.198,0.000,18
Classic CPU ROAM,RelWithDebInfo,OpenGL,NVIDIA GeForce RTX 5090 D/PCIe/SSE2,4.3.0 NVIDIA 591.86,false,assets/heightmaps/Hm_Terrain_Test_129.pgm,129,129,39.400,12.000,20,4.000,2.000,200000,3.812,0.000,18.000,13.294,47.451,49517,147232,49515,519,265,422,388,0,0,0,0,1,66.529,47.862,46.969,0.426,12.269,0.142,0.584,0.000,6.848,0.296,0.770,18.539,7.067,0.617,0.000,0.000,0.000,0.000,0.000,0.000,0.000,0.000,0.000,0.000,0.000,0.000,0.000,0.000,0.000,0.000,0,0,7.145,12.437,19.309,0.000,18
Classic CPU ROAM,RelWithDebInfo,OpenGL,NVIDIA GeForce RTX 5090 D/PCIe/SSE2,4.3.0 NVIDIA 591.86,false,assets/heightmaps/Hm_Terrain_Test_129.pgm,129,129,39.400,12.000,20,4.000,2.000,200000,3.861,0.000,18.000,13.159,48.365,49576,148330,49574,549,277,490,400,0,0,0,0,1,74.109,43.028,42.164,0.439,9.663,0.150,0.630,0.000,6.236,0.266,0.519,17.672,6.563,0.608,0.000,0.000,0.000,0.000,0.000,0.000,0.000,0.000,0.000,0.000,0.000,0.000,0.000,0.000,0.000,0.000,0,0,6.503,9.839,18.191,0.000,18
Classic CPU ROAM,RelWithDebInfo,OpenGL,NVIDIA GeForce RTX 5090 D/PCIe/SSE2,4.3.0 NVIDIA 591.86,false,assets/heightmaps/Hm_Terrain_Test_129.pgm,129,129,39.400,12.000,20,4.000,2.000,200000,3.904,0.000,18.000,13.037,43.532,49594,149354,49592,512,259,494,385,0,0,0,0,1,104.251,45.830,44.960,0.483,11.601,0.150,0.789,0.000,7.115,0.237,0.542,17.572,6.441,0.615,0.000,0.000,0.000,0.000,0.000,0.000,0.000,0.000,0.000,0.000,0.000,0.000,0.000,0.000,0.000,0.000,0,0,7.352,11.782,18.114,0.000,18
Classic CPU ROAM,RelWithDebInfo,OpenGL,NVIDIA GeForce RTX 5090 D/PCIe/SSE2,4.3.0 NVIDIA 591.86,false,assets/heightmaps/Hm_Terrain_Test_129.pgm,129,129,39.400,12.000,20,4.000,2.000,200000,3.950,0.000,18.000,12.906,46.338,49795,150500,49793,575,293,374,446,0,0,0,0,1,110.081,43.404,42.579,0.416,9.503,0.116,0.665,0.000,6.928,0.293,0.588,17.543,6.500,0.571,0.000,0.000,0.000,0.000,0.000,0.000,0.000,0.000,0.000,0.000,0.000,0.000,0.000,0.000,0.000,0.000,0,0,7.222,9.644,18.131,0.000,18
Classic CPU ROAM,RelWithDebInfo,OpenGL,NVIDIA GeForce RTX 5090 D/PCIe/SSE2,4.3.0 NVIDIA 591.86,false,assets/heightmaps/Hm_Terrain_Test_129.pgm,129,129,39.400,12.000,20,4.000,2.000,200000,3.994,0.000,18.000,12.782,43.887,49908,151704,49906,604,310,491,446,0,0,0,0,1,106.609,44.816,43.966,0.416,9.590,0.157,0.825,0.000,7.185,0.294,0.541,17.994,6.930,0.583,0.000,0.000,0.000,0.000,0.000,0.000,0.000,0.000,0.000,0.000,0.000,0.000,0.000,0.000,0.000,0.000,0,0,7.479,9.779,18.536,0.000,18
Classic CPU ROAM,RelWithDebInfo,OpenGL,NVIDIA GeForce RTX 5090 D/PCIe/SSE2,4.3.0 NVIDIA 591.86,false,assets/heightmaps/Hm_Terrain_Test_129.pgm,129,129,39.400,12.000,20,4.000,2.000,200000,4.040,0.000,18.000,12.653,45.327,50006,152902,50004,599,306,501,435,0,0,0,0,1,108.975,43.894,43.012,0.482,9.998,0.147,0.740,0.000,6.664,0.289,0.486,17.559,6.618,0.613,0.000,0.000,0.000,0.000,0.000,0.000,0.000,0.000,0.000,0.000,0.000,0.000,0.000,0.000,0.000,0.000,0,0,6.954,10.173,18.045,0.000,18
Classic CPU ROAM,RelWithDebInfo,OpenGL,NVIDIA GeForce RTX 5090 D/PCIe/SSE2,4.3.0 NVIDIA 591.86,false,assets/heightmaps/Hm_Terrain_Test_129.pgm,129,129,39.400,12.000,20,4.000,2.000,200000,4.084,0.000,18.000,12.526,44.399,50159,154086,50157,592,303,439,434,0,0,0,0,1,111.365,42.931,42.089,0.441,9.193,0.129,0.632,0.000,6.401,0.293,0.513,17.838,6.623,0.594,0.000,0.000,0.000,0.000,0.000,0.000,0.000,0.000,0.000,0.000,0.000,0.000,0.000,0.000,0.000,0.000,0,0,6.695,9.347,18.351,0.000,18
Classic CPU ROAM,RelWithDebInfo,OpenGL,NVIDIA GeForce RTX 5090 D/PCIe/SSE2,4.3.0 NVIDIA 591.86,false,assets/heightmaps/Hm_Terrain_Test_129.pgm,129,129,39.400,12.000,20,4.000,2.000,200000,4.127,0.000,18.000,12.402,43.406,50293,155362,50291,638,325,504,480,0,0,0,0,1,105.937,45.097,44.245,0.433,10.231,0.152,0.751,0.000,6.715,0.314,0.508,17.800,7.311,0.585,0.000,0.000,0.000,0.000,0.000,0.000,0.000,0.000,0.000,0.000,0.000,0.000,0.000,0.000,0.000,0.000,0,0,7.031,10.410,18.309,0.000,18
Classic CPU ROAM,RelWithDebInfo,OpenGL,NVIDIA GeForce RTX 5090 D/PCIe/SSE2,4.3.0 NVIDIA 591.86,false,assets/heightmaps/Hm_Terrain_Test_129.pgm,129,129,39.400,12.000,20,4.000,2.000,200000,4.173,0.000,18.000,12.271,45.590,50313,156474,50311,556,282,536,423,0,0,0,0,1,70.932,44.896,44.054,0.433,9.977,0.164,0.598,0.000,6.967,0.305,0.603,17.959,7.020,0.590,0.000,0.000,0.000,0.000,0.000,0.000,0.000,0.000,0.000,0.000,0.000,0.000,0.000,0.000,0.000,0.000,0,0,7.273,10.167,18.562,0.000,18
Classic CPU ROAM,RelWithDebInfo,OpenGL,NVIDIA GeForce RTX 5090 D/PCIe/SSE2,4.3.0 NVIDIA 591.86,false,assets/heightmaps/Hm_Terrain_Test_129.pgm,129,129,39.400,12.000,20,4.000,2.000,200000,4.218,0.000,18.000,12.141,45.417,50389,157606,50387,568,289,492,415,0,0,0,0,1,72.804,43.790,42.921,0.447,10.046,0.153,0.593,0.000,5.991,0.273,0.670,17.862,6.863,0.613,0.000,0.000,0.000,0.000,0.000,0.000,0.000,0.000,0.000,0.000,0.000,0.000,0.000,0.000,0.000,0.000,0,0,6.266,10.221,18.531,0.000,18
Classic CPU ROAM,RelWithDebInfo,OpenGL,NVIDIA GeForce RTX 5090 D/PCIe/SSE2,4.3.0 NVIDIA 591.86,false,assets/heightmaps/Hm_Terrain_Test_129.pgm,129,129,39.400,12.000,20,4.000,2.000,200000,4.263,0.000,18.000,12.013,44.294,50404,158784,50402,589,297,574,437,0,0,0,0,1,106.406,44.910,44.050,0.415,8.881,0.169,0.785,0.000,6.535,0.303,0.537,18.482,7.915,0.612,0.000,0.000,0.000,0.000,0.000,0.000,0.000,0.000,0.000,0.000,0.000,0.000,0.000,0.000,0.000,0.000,0,0,6.838,9.078,19.019,0.000,18
Classic CPU ROAM,RelWithDebInfo,OpenGL,NVIDIA GeForce RTX 5090 D/PCIe/SSE2,4.3.0 NVIDIA 591.86,false,assets/heightmaps/Hm_Terrain_Test_129.pgm,129,129,39.400,12.000,20,4.000,2.000,200000,4.308,0.000,18.000,11.881,45.418,50452,159896,50450,556,282,508,405,0,0,0,0,1,102.201,46.709,45.862,0.430,11.247,0.161,0.812,0.000,6.990,0.288,0.529,18.399,6.978,0.582,0.000,0.000,0.000,0.000,0.000,0.000,0.000,0.000,0.000,0.000,0.000,0.000,0.000,0.000,0.000,0.000,0,0,7.278,11.436,18.928,0.000,18
Classic CPU ROAM,RelWithDebInfo,OpenGL,NVIDIA GeForce RTX 5090 D/PCIe/SSE2,4.3.0 NVIDIA 591.86,false,assets/heightmaps/Hm_Terrain_Test_129.pgm,129,129,39.400,12.000,20,4.000,2.000,200000,4.355,0.000,18.000,11.744,47.202,50359,160870,50357,487,245,580,369,0,0,0,0,1,107.185,44.572,43.730,0.448,9.648,0.175,0.669,0.000,7.055,0.240,0.567,18.057,6.841,0.581,0.000,0.000,0.000,0.000,0.000,0.000,0.000,0.000,0.000,0.000,0.000,0.000,0.000,0.000,0.000,0.000,0,0,7.295,9.852,18.624,0.000,18
Classic CPU ROAM,RelWithDebInfo,OpenGL,NVIDIA GeForce RTX 5090 D/PCIe/SSE2,4.3.0 NVIDIA 591.86,false,assets/heightmaps/Hm_Terrain_Test_129.pgm,129,129,39.400,12.000,20,4.000,2.000,200000,4.401,0.000,18.000,11.613,45.171,50204,161774,50202,452,227,607,335,0,0,0,0,1,106.378,44.916,44.062,0.424,9.180,0.184,0.729,0.000,6.779,0.252,0.672,18.136,7.676,0.598,0.000,0.000,0.000,0.000,0.000,0.000,0.000,0.000,0.000,0.000,0.000,0.000,0.000,0.000,0.000,0.000,0,0,7.032,9.392,18.809,0.000,18
Classic CPU ROAM,RelWithDebInfo,OpenGL,NVIDIA GeForce RTX 5090 D/PCIe/SSE2,4.3.0 NVIDIA 591.86,false,assets/heightmaps/Hm_Terrain_Test_129.pgm,129,129,39.400,12.000,20,4.000,2.000,200000,4.446,0.000,18.000,11.480,45.442,50094,162672,50092,453,228,563,317,0,0,0,0,1,105.296,45.423,44.515,0.427,10.252,0.174,0.833,0.000,7.184,0.235,0.649,17.859,6.872,0.603,0.000,0.000,0.000,0.000,0.000,0.000,0.000,0.000,0.000,0.000,0.000,0.000,0.000,0.000,0.000,0.000,0,0,7.419,10.455,18.508,0.000,18
Classic CPU ROAM,RelWithDebInfo,OpenGL,NVIDIA GeForce RTX 5090 D/PCIe/SSE2,4.3.0 NVIDIA 591.86,false,assets/heightmaps/Hm_Terrain_Test_129.pgm,129,129,39.400,12.000,20,4.000,2.000,200000,4.492,0.000,18.000,11.346,45.923,49968,163668,49966,508,258,634,372,0,0,0,0,1,108.353,44.111,43.258,0.428,9.336,0.189,0.776,0.000,6.896,0.244,0.498,17.702,7.164,0.585,0.000,0.000,0.000,0.000,0.000,0.000,0.000,0.000,0.000,0.000,0.000,0.000,0.000,0.000,0.000,0.000,0,0,7.141,9.549,18.200,0.000,18
Classic CPU ROAM,RelWithDebInfo,OpenGL,NVIDIA GeForce RTX 5090 D/PCIe/SSE2,4.3.0 NVIDIA 591.86,false,assets/heightmaps/Hm_Terrain_Test_129.pgm,129,129,39.400,12.000,20,4.000,2.000,200000,4.537,0.000,18.000,11.216,44.612,49902,164652,49900,494,248,560,370,0,0,0,0,1,102.629,46.528,45.672,0.449,9.952,0.177,0.744,0.000,8.118,0.278,0.651,17.997,7.279,0.586,0.000,0.000,0.000,0.000,0.000,0.000,0.000,0.000,0.000,0.000,0.000,0.000,0.000,0.000,0.000,0.000,0,0,8.397,10.155,18.648,0.000,18
Classic CPU ROAM,RelWithDebInfo,OpenGL,NVIDIA GeForce RTX 5090 D/PCIe/SSE2,4.3.0 NVIDIA 591.86,false,assets/heightmaps/Hm_Terrain_Test_129.pgm,129,129,39.400,12.000,20,4.000,2.000,200000,4.584,0.000,18.000,11.078,47.072,49857,165746,49855,549,276,594,405,0,0,0,0,1,104.740,45.606,44.750,0.462,10.070,0.186,0.871,0.000,7.105,0.268,0.540,17.893,7.320,0.604,0.000,0.000,0.000,0.000,0.000,0.000,0.000,0.000,0.000,0.000,0.000,0.000,0.000,0.000,0.000,0.000,0,0,7.373,10.291,18.433,0.000,18
Classic CPU ROAM,RelWithDebInfo,OpenGL,NVIDIA GeForce RTX 5090 D/PCIe/SSE2,4.3.0 NVIDIA 591.86,false,assets/heightmaps/Hm_Terrain_Test_129.pgm,129,129,39.400,12.000,20,4.000,2.000,200000,4.630,0.000,18.000,10.942,46.111,49657,166668,49655,461,231,661,356,0,0,0,0,1,105.271,45.367,44.525,0.440,10.004,0.208,0.737,0.000,6.713,0.234,0.496,17.880,7.786,0.584,0.000,0.000,0.000,0.000,0.000,0.000,0.000,0.000,0.000,0.000,0.000,0.000,0.000,0.000,0.000,0.000,0,0,6.947,10.238,18.377,0.000,18
Classic CPU ROAM,RelWithDebInfo,OpenGL,NVIDIA GeForce RTX 5090 D/PCIe/SSE2,4.3.0 NVIDIA 591.86,false,assets/heightmaps/Hm_Terrain_Test_129.pgm,129,129,39.400,12.000,20,4.000,2.000,200000,4.676,0.000,18.000,10.807,45.870,49515,167598,49513,465,232,607,335,0,0,0,0,1,103.880,45.974,45.122,0.440,10.360,0.199,0.806,0.000,7.556,0.232,0.560,17.832,7.110,0.572,0.000,0.000,0.000,0.000,0.000,0.000,0.000,0.000,0.000,0.000,0.000,0.000,0.000,0.000,0.000,0.000,0,0,7.788,10.585,18.392,0.000,18
Classic CPU ROAM,RelWithDebInfo,OpenGL,NVIDIA GeForce RTX 5090 D/PCIe/SSE2,4.3.0 NVIDIA 591.86,false,assets/heightmaps/Hm_Terrain_Test_129.pgm,129,129,39.400,12.000,20,4.000,2.000,200000,4.722,0.000,18.000,10.671,46.466,49378,168572,49376,495,254,632,355,0,0,0,0,1,108.337,44.104,43.266,0.446,9.702,0.192,0.546,0.000,6.661,0.258,0.572,17.838,7.025,0.582,0.000,0.000,0.000,0.000,0.000,0.000,0.000,0.000,0.000,0.000,0.000,0.000,0.000,0.000,0.000,0.000,0,0,6.920,9.919,18.411,0.000,18
Classic CPU ROAM,RelWithDebInfo,OpenGL,NVIDIA GeForce RTX 5090 D/PCIe/SSE2,4.3.0 NVIDIA 591.86,false,assets/heightmaps/Hm_Terrain_Test_129.pgm,129,129,39.400,12.000,20,4.000,2.000,200000,4.767,0.000,18.000,10.539,44.612,49260,169588,49258,512,261,630,388,0,0,0,0,1,73.664,43.237,42.419,0.423,9.170,0.192,0.689,0.000,6.530,0.251,0.619,17.736,6.784,0.565,0.000,0.000,0.000,0.000,0.000,0.000,0.000,0.000,0.000,0.000,0.000,0.000,0.000,0.000,0.000,0.000,0,0,6.782,9.386,18.355,0.000,19
Classic CPU ROAM,RelWithDebInfo,OpenGL,NVIDIA GeForce RTX 5090 D/PCIe/SSE2,4.3.0 NVIDIA 591.86,false,assets/heightmaps/Hm_Terrain_Test_129.pgm,129,129,39.400,12.000,20,4.000,2.000,200000,4.810,0.000,18.000,10.410,43.717,49269,170704,49267,568,290,559,422,0,0,0,0,1,110.038,43.446,42.597,0.419,9.570,0.172,0.723,0.000,6.588,0.293,0.561,17.762,6.482,0.597,0.000,0.000,0.000,0.000,0.000,0.000,0.000,0.000,0.000,0.000,0.000,0.000,0.000,0.000,0.000,0.000,0,0,6.881,9.769,18.323,0.000,19
Classic CPU ROAM,RelWithDebInfo,OpenGL,NVIDIA GeForce RTX 5090 D/PCIe/SSE2,4.3.0 NVIDIA 591.86,false,assets/heightmaps/Hm_Terrain_Test_129.pgm,129,129,39.400,12.000,20,4.000,2.000,200000,4.854,0.000,18.000,10.280,43.913,49178,171780,49176,538,269,629,399,0,0,0,0,1,107.897,44.347,43.441,0.429,8.882,0.182,0.711,0.000,7.102,0.264,0.598,17.556,7.693,0.645,0.000,0.000,0.000,0.000,0.000,0.000,0.000,0.000,0.000,0.000,0.000,0.000,0.000,0.000,0.000,0.000,0,0,7.366,9.088,18.154,0.000,18
Classic CPU ROAM,RelWithDebInfo,OpenGL,NVIDIA GeForce RTX 5090 D/PCIe/SSE2,4.3.0 NVIDIA 591.86,false,assets/heightmaps/Hm_Terrain_Test_129.pgm,129,129,39.400,12.000,20,4.000,2.000,200000,4.899,0.000,18.000,10.148,44.902,49087,172880,49085,550,276,641,397,0,0,0,0,1,99.808,47.793,46.963,0.438,11.436,0.219,0.901,0.000,7.734,0.284,0.653,18.035,7.234,0.572,0.000,0.000,0.000,0.000,0.000,0.000,0.000,0.000,0.000,0.000,0.000,0.000,0.000,0.000,0.000,0.000,0,0,8.018,11.683,18.688,0.000,18
Classic CPU ROAM,RelWithDebInfo,OpenGL,NVIDIA GeForce RTX 5090 D/PCIe/SSE2,4.3.0 NVIDIA 591.86,false,assets/heightmaps/Hm_Terrain_Test_129.pgm,129,129,39.400,12.000,20,4.000,2.000,200000,4.947,0.000,18.000,10.005,48.294,49026,174066,49024,593,297,654,451,0,0,0,0,1,105.096,45.418,44.599,0.402,10.395,0.217,0.755,0.000,6.884,0.335,0.859,17.775,6.952,0.575,0.000,0.000,0.000,0.000,0.000,0.000,0.000,0.000,0.000,0.000,0.000,0.000,0.000,0.000,0.000,0.000,0,0,7.220,10.636,18.635,0.000,19
Classic CPU ROAM,RelWithDebInfo,OpenGL,NVIDIA GeForce RTX 5090 D/PCIe/SSE2,4.3.0 NVIDIA 591.86,false,assets/heightmaps/Hm_Terrain_Test_129.pgm,129,129,39.400,12.000,20,4.000,2.000,200000,4.993,0.000,18.000,9.870,45.915,48940,175206,48938,576,291,662,441,0,0,0,0,1,106.731,44.743,43.916,0.404,9.999,0.208,0.716,0.000,7.010,0.312,0.606,17.737,6.899,0.577,0.000,0.000,0.000,0.000,0.000,0.000,0.000,0.000,0.000,0.000,0.000,0.000,0.000,0.000,0.000,0.000,0,0,7.323,10.232,18.343,0.000,18
Classic CPU ROAM,RelWithDebInfo,OpenGL,NVIDIA GeForce RTX 5090 D/PCIe/SSE2,4.3.0 NVIDIA 591.86,false,assets/heightmaps/Hm_Terrain_Test_129.pgm,129,129,39.400,12.000,20,4.000,2.000,200000,5.039,0.000,18.000,9.736,45.248,48933,176406,48931,618,319,625,453,0,0,0,0,1,103.612,46.045,45.238,0.459,11.514,0.213,0.904,0.000,6.957,0.292,0.524,17.600,6.750,0.562,0.000,0.000,0.000,0.000,0.000,0.000,0.000,0.000,0.000,0.000,0.000,0.000,0.000,0.000,0.000,0.000,0,0,7.249,11.752,18.124,0.000,18
Classic CPU ROAM,RelWithDebInfo,OpenGL,NVIDIA GeForce RTX 5090 D/PCIe/SSE2,4.3.0 NVIDIA 591.86,false,assets/heightmaps/Hm_Terrain_Test_129.pgm,129,129,39.400,12.000,20,4.000,2.000,200000,5.085,0.000,18.000,9.598,46.536,48965,177724,48963,679,350,647,484,0,0,0,0,1,105.032,45.475,44.627,0.411,10.353,0.210,0.687,0.000,6.434,0.320,0.551,18.014,7.616,0.584,0.000,0.000,0.000,0.000,0.000,0.000,0.000,0.000,0.000,0.000,0.000,0.000,0.000,0.000,0.000,0.000,0,0,6.755,10.592,18.565,0.000,18
Classic CPU ROAM,RelWithDebInfo,OpenGL,NVIDIA GeForce RTX 5090 D/PCIe/SSE2,4.3.0 NVIDIA 591.86,false,assets/heightmaps/Hm_Terrain_Test_129.pgm,129,129,39.400,12.000,20,4.000,2.000,200000,5.131,0.000,18.000,9.462,45.988,48989,179070,48987,677,340,653,519,0,0,0,0,1,103.379,46.169,45.340,0.415,11.626,0.226,0.542,0.000,6.566,0.338,0.468,17.749,7.384,0.584,0.000,0.000,0.000,0.000,0.000,0.000,0.000,0.000,0.000,0.000,0.000,0.000,0.000,0.000,0.000,0.000,0,0,6.905,11.877,18.217,0.000,18
Classic CPU ROAM,RelWithDebInfo,OpenGL,NVIDIA GeForce RTX 5090 D/PCIe/SSE2,4.3.0 NVIDIA 591.86,false,assets/heightmaps/Hm_Terrain_Test_129.pgm,129,129,39.400,12.000,20,4.000,2.000,200000,5.178,0.000,18.000,9.325,46.676,48933,180358,48931,646,324,702,510,0,0,0,0,1,106.014,45.038,44.213,0.392,10.487,0.228,0.781,0.000,6.690,0.316,0.487,17.565,7.238,0.579,0.000,0.000,0.000,0.000,0.000,0.000,0.000,0.000,0.000,0.000,0.000,0.000,0.000,0.000,0.000,0.000,0,0,7.006,10.743,18.053,0.000,18
Classic CPU ROAM,RelWithDebInfo,OpenGL,NVIDIA GeForce RTX 5090 D/PCIe/SSE2,4.3.0 NVIDIA 591.86,false,assets/heightmaps/Hm_Terrain_Test_129.pgm,129,129,39.400,12.000,20,4.000,2.000,200000,5.223,0.000,18.000,9.190,45.539,48911,181596,48909,631,322,653,470,0,0,0,0,1,103.700,46.017,45.200,0.404,10.671,0.213,0.799,0.000,7.431,0.331,0.567,17.887,6.875,0.562,0.000,0.000,0.000,0.000,0.000,0.000,0.000,0.000,0.000,0.000,0.000,0.000,0.000,0.000,0.000,0.000,0,0,7.762,10.906,18.454,0.000,18
Classic CPU ROAM,RelWithDebInfo,OpenGL,NVIDIA GeForce RTX 5090 D/PCIe/SSE2,4.3.0 NVIDIA 591.86,false,assets/heightmaps/Hm_Terrain_Test_129.pgm,129,129,39.400,12.000,20,4.000,2.000,200000,5.270,0.000,18.000,9.053,46.513,48804,182868,48802,636,317,743,469,0,0,0,0,1,105.815,45.156,44.296,0.400,9.912,0.231,0.693,0.000,7.596,0.322,0.669,17.767,6.679,0.609,0.000,0.000,0.000,0.000,0.000,0.000,0.000,0.000,0.000,0.000,0.000,0.000,0.000,0.000,0.000,0.000,0,0,7.918,10.169,18.437,0.000,18
Classic CPU ROAM,RelWithDebInfo,OpenGL,NVIDIA GeForce RTX 5090 D/PCIe/SSE2,4.3.0 NVIDIA 591.86,false,assets/heightmaps/Hm_Terrain_Test_129.pgm,129,129,39.400,12.000,20,4.000,2.000,200000,5.316,0.000,18.000,8.919,45.659,48752,184008,48750,570,284,622,427,0,0,0,0,1,107.961,44.240,43.416,0.409,9.822,0.196,0.703,0.000,6.816,0.310,0.673,17.788,6.670,0.559,0.000,0.000,0.000,0.000,0.000,0.000,0.000,0.000,0.000,0.000,0.000,0.000,0.000,0.000,0.000,0.000,0,0,7.127,10.044,18.461,0.000,18
Classic CPU ROAM,RelWithDebInfo,OpenGL,NVIDIA GeForce RTX 5090 D/PCIe/SSE2,4.3.0 NVIDIA 591.86,false,assets/heightmaps/Hm_Terrain_Test_129.pgm,129,129,39.400,12.000,20,4.000,2.000,200000,5.360,0.000,18.000,8.787,44.793,48642,185056,48640,524,263,634,386,0,0,0,0,1,103.535,46.103,45.272,0.410,10.470,0.210,0.811,0.000,7.202,0.256,0.513,18.196,7.175,0.571,0.000,0.000,0.000,0.000,0.000,0.000,0.000,0.000,0.000,0.000,0.000,0.000,0.000,0.000,0.000,0.000,0,0,7.459,10.709,18.709,0.000,18
Classic CPU ROAM,RelWithDebInfo,OpenGL,NVIDIA GeForce RTX 5090 D/PCIe/SSE2,4.3.0 NVIDIA 591.86,false,assets/heightmaps/Hm_Terrain_Test_129.pgm,129,129,39.400,12.000,20,4.000,2.000,200000,5.407,0.000,18.000,8.650,46.598,48613,186352,48611,648,325,677,502,0,0,0,0,1,101.152,47.155,46.339,0.416,10.868,0.226,0.782,0.000,7.156,0.336,0.481,18.061,7.984,0.571,0.000,0.000,0.000,0.000,0.000,0.000,0.000,0.000,0.000,0.000,0.000,0.000,0.000,0.000,0.000,0.000,0,0,7.494,11.122,18.542,0.000,18
Classic CPU ROAM,RelWithDebInfo,OpenGL,NVIDIA GeForce RTX 5090 D/PCIe/SSE2,4.3.0 NVIDIA 591.86,false,assets/heightmaps/Hm_Terrain_Test_129.pgm,129,129,39.400,12.000,20,4.000,2.000,200000,5.455,0.000,18.000,8.510,47.647,48465,187608,48463,628,316,776,475,0,0,0,0,1,69.283,45.925,45.102,0.411,11.414,0.273,0.752,0.000,6.906,0.305,0.476,17.510,7.028,0.572,0.000,0.000,0.000,0.000,0.000,0.000,0.000,0.000,0.000,0.000,0.000,0.000,0.000,0.000,0.000,0.000,0,0,7.212,11.714,17.986,0.000,18
Classic CPU ROAM,RelWithDebInfo,OpenGL,NVIDIA GeForce RTX 5090 D/PCIe/SSE2,4.3.0 NVIDIA 591.86,false,assets/heightmaps/Hm_Terrain_Test_129.pgm,129,129,39.400,12.000,20,4.000,2.000,200000,5.501,0.000,18.000,8.374,46.443,48413,188876,48411,640,322,692,484,0,0,0,0,1,72.107,44.156,43.335,0.428,9.863,0.213,0.693,0.000,6.551,0.322,0.464,17.448,7.327,0.572,0.000,0.000,0.000,0.000,0.000,0.000,0.000,0.000,0.000,0.000,0.000,0.000,0.000,0.000,0.000,0.000,0,0,6.874,10.102,17.911,0.000,18
Classic CPU ROAM,RelWithDebInfo,OpenGL,NVIDIA GeForce RTX 5090 D/PCIe/SSE2,4.3.0 NVIDIA 591.86,false,assets/heightmaps/Hm_Terrain_Test_129.pgm,129,129,39.400,12.000,20,4.000,2.000,200000,5.546,0.000,18.000,8.244,44.684,48310,190062,48308,593,296,696,452,0,0,0,0,1,107.849,44.268,43.460,0.400,10.127,0.223,0.706,0.000,6.542,0.288,0.492,17.365,7.290,0.554,0.000,0.000,0.000,0.000,0.000,0.000,0.000,0.000,0.000,0.000,0.000,0.000,0.000,0.000,0.000,0.000,0,0,6.830,10.378,17.856,0.000,18
Classic CPU ROAM,RelWithDebInfo,OpenGL,NVIDIA GeForce RTX 5090 D/PCIe/SSE2,4.3.0 NVIDIA 591.86,false,assets/heightmaps/Hm_Terrain_Test_129.pgm,129,129,39.400,12.000,20,4.000,2.000,200000,5.590,0.000,18.000,8.113,44.767,48360,191422,48358,686,346,636,521,0,0,0,0,1,103.183,46.244,45.427,0.414,10.561,0.209,0.757,0.000,7.431,0.361,0.590,17.795,7.284,0.568,0.000,0.000,0.000,0.000,0.000,0.000,0.000,0.000,0.000,0.000,0.000,0.000,0.000,0.000,0.000,0.000,0,0,7.793,10.795,18.385,0.000,18
Classic CPU ROAM,RelWithDebInfo,OpenGL,NVIDIA GeForce RTX 5090 D/PCIe/SSE2,4.3.0 NVIDIA 591.86,false,assets/heightmaps/Hm_Terrain_Test_129.pgm,129,129,39.400,12.000,20,4.000,2.000,200000,5.637,0.000,18.000,7.977,46.747,48318,192706,48316,650,329,692,500,0,0,0,0,1,106.235,44.945,44.121,0.410,11.013,0.240,0.604,0.000,6.818,0.317,0.558,17.420,6.714,0.571,0.000,0.000,0.000,0.000,0.000,0.000,0.000,0.000,0.000,0.000,0.000,0.000,0.000,0.000,0.000,0.000,0,0,7.137,11.279,17.978,0.000,18
Classic CPU ROAM,RelWithDebInfo,OpenGL,NVIDIA GeForce RTX 5090 D/PCIe/SSE2,4.3.0 NVIDIA 591.86,false,assets/heightmaps/Hm_Terrain_Test_129.pgm,129,129,39.400,12.000,20,4.000,2.000,200000,5.683,0.000,18.000,7.845,45.456,48230,194024,48228,663,333,751,493,0,0,0,0,1,106.204,44.954,44.134,0.407,9.882,0.244,0.697,0.000,7.003,0.346,0.617,17.921,6.990,0.562,0.000,0.000,0.000,0.000,0.000,0.000,0.000,0.000,0.000,0.000,0.000,0.000,0.000,0.000,0.000,0.000,0,0,7.350,10.151,18.538,0.000,18
Classic CPU ROAM,RelWithDebInfo,OpenGL,NVIDIA GeForce RTX 5090 D/PCIe/SSE2,4.3.0 NVIDIA 591.86,false,assets/heightmaps/Hm_Terrain_Test_129.pgm,129,129,39.400,12.000,20,4.000,2.000,200000,5.728,0.000,18.000,7.714,45.466,48160,195378,48158,679,340,749,524,0,0,0,0,1,103.051,46.315,45.485,0.414,10.151,0.243,0.781,0.000,7.370,0.358,0.551,18.163,7.426,0.575,0.000,0.000,0.000,0.000,0.000,0.000,0.000,0.000,0.000,0.000,0.000,0.000,0.000,0.000,0.000,0.000,0,0,7.729,10.420,18.714,0.000,18
Classic CPU ROAM,RelWithDebInfo,OpenGL,NVIDIA GeForce RTX 5090 D/PCIe/SSE2,4.3.0 NVIDIA 591.86,false,assets/heightmaps/Hm_Terrain_Test_129.pgm,129,129,39.400,12.000,20,4.000,2.000,200000,5.775,0.000,18.000,7.578,46.816,48070,196592,48068,611,307,701,460,0,0,0,0,1,105.497,45.260,44.430,0.420,11.244,0.240,0.728,0.000,6.885,0.304,0.575,17.562,6.443,0.571,0.000,0.000,0.000,0.000,0.000,0.000,0.000,0.000,0.000,0.000,0.000,0.000,0.000,0.000,0.000,0.000,0,0,7.190,11.511,18.137,0.000,18
Classic CPU ROAM,RelWithDebInfo,OpenGL,NVIDIA GeForce RTX 5090 D/PCIe/SSE2,4.3.0 NVIDIA 591.86,false,assets/heightmaps/Hm_Terrain_Test_129.pgm,129,129,39.400,12.000,20,4.000,2.000,200000,5.821,0.000,18.000,7.447,45.759,47961,197946,47959,679,341,788,515,0,0,0,0,1,109.308,43.689,42.881,0.423,9.527,0.241,0.667,0.000,7.328,0.338,0.590,17.351,6.393,0.548,0.000,0.000,0.000,0.000,0.000,0.000,0.000,0.000,0.000,0.000,0.000,0.000,0.000,0.000,0.000,0.000,0,0,7.666,9.790,17.942,0.000,18
Classic CPU ROAM,RelWithDebInfo,OpenGL,NVIDIA GeForce RTX 5090 D/PCIe/SSE2,4.3.0 NVIDIA 591.86,false,assets/heightmaps/Hm_Terrain_Test_129.pgm,129,129,39.400,12.000,20,4.000,2.000,200000,5.865,0.000,18.000,7.320,44.187,47907,199286,47905,688,353,742,480,0,0,0,0,1,108.481,44.026,43.207,0.412,9.684,0.241,0.653,0.000,7.041,0.362,0.673,17.500,6.617,0.576,0.000,0.000,0.000,0.000,0.000,0.000,0.000,0.000,0.000,0.000,0.000,0.000,0.000,0.000,0.000,0.000,0,0,7.404,9.948,18.174,0.000,18
Classic CPU ROAM,RelWithDebInfo,OpenGL,NVIDIA GeForce RTX 5090 D/PCIe/SSE2,4.3.0 NVIDIA 591.86,false,assets/heightmaps/Hm_Terrain_Test_129.pgm,129,129,39.400,12.000,20,4.000,2.000,200000,5.909,0.000,18.000,7.192,44.521,47828,200560,47826,645,326,724,483,0,0,0,0,1,72.386,43.974,43.168,0.404,10.078,0.229,0.654,0.000,6.557,0.308,0.507,17.434,6.969,0.558,0.000,0.000,0.000,0.000,0.000,0.000,0.000,0.000,0.000,0.000,0.000,0.000,0.000,0.000,0.000,0.000,0,0,6.866,10.334,17.942,0.000,18
Classic CPU ROAM,RelWithDebInfo,OpenGL,NVIDIA GeForce RTX 5090 D/PCIe/SSE2,4.3.0 NVIDIA 591.86,false,assets/heightmaps/Hm_Terrain_Test_129.pgm,129,129,39.400,12.000,20,4.000,2.000,200000,5.954,0.000,18.000,7.065,44.466,47710,201788,47708,616,308,734,477,0,0,0,0,1,69.734,45.609,44.810,0.405,10.666,0.246,0.715,0.000,7.199,0.308,0.567,17.579,7.103,0.550,0.000,0.000,0.000,0.000,0.000,0.000,0.000,0.000,0.000,0.000,0.000,0.000,0.000,0.000,0.000,0.000,0,0,7.507,10.934,18.145,0.000,18
Classic CPU ROAM,RelWithDebInfo,OpenGL,NVIDIA GeForce RTX 5090 D/PCIe/SSE2,4.3.0 NVIDIA 591.86,false,assets/heightmaps/Hm_Terrain_Test_129.pgm,129,129,39.400,12.000,20,4.000,2.000,200000,6.000,0.000,18.000,6.934,46.097,47569,203006,47567,613,308,754,472,0,0,0,0,1,72.372,43.998,43.177,0.397,9.954,0.240,0.667,0.000,6.077,0.304,0.613,17.592,7.304,0.566,0.000,0.000,0.000,0.000,0.000,0.000,0.000,0.000,0.000,0.000,0.000,0.000,0.000,0.000,0.000,0.000,0,0,6.382,10.222,18.204,0.000,18
Classic CPU ROAM,RelWithDebInfo,OpenGL,NVIDIA GeForce RTX 5090 D/PCIe/SSE2,4.3.0 NVIDIA 591.86,false,assets/heightmaps/Hm_Terrain_Test_129.pgm,129,129,39.400,12.000,20,4.000,2.000,200000,6.044,0.000,18.000,6.808,44.497,47401,204170,47399,582,291,750,439,0,0,0,0,1,104.674,45.595,44.779,0.401,10.814,0.267,0.701,0.000,6.733,0.291,0.464,17.452,7.629,0.547,0.000,0.000,0.000,0.000,0.000,0.000,0.000,0.000,0.000,0.000,0.000,0.000,0.000,0.000,0.000,0.000,0,0,7.025,11.106,17.916,0.000,18
Classic CPU ROAM,RelWithDebInfo,OpenGL,NVIDIA GeForce RTX 5090 D/PCIe/SSE2,4.3.0 NVIDIA 591.86,false,assets/heightmaps/Hm_Terrain_Test_129.pgm,129,129,39.400,12.000,20,4.000,2.000,200000,6.091,0.000,18.000,6.678,46.092,47277,205378,47275,610,308,734,462,0,0,0,0,1,107.931,44.237,43.428,0.404,10.799,0.252,0.729,0.000,6.414,0.307,0.601,17.114,6.781,0.563,0.000,0.000,0.000,0.000,0.000,0.000,0.000,0.000,0.000,0.000,0.000,0.000,0.000,0.000,0.000,0.000,0,0,6.721,11.077,17.715,0.000,18
Classic CPU ROAM,RelWithDebInfo,OpenGL,NVIDIA GeForce RTX 5090 D/PCIe/SSE2,4.3.0 NVIDIA 591.86,false,assets/heightmaps/Hm_Terrain_Test_129.pgm,129,129,39.400,12.000,20,4.000,2.000,200000,6.135,0.000,18.000,6.553,44.721,47025,206388,47023,505,252,757,371,0,0,0,0,1,110.744,43.135,42.325,0.400,10.439,0.244,0.699,0.000,6.173,0.254,0.651,17.062,6.378,0.554,0.000,0.000,0.000,0.000,0.000,0.000,0.000,0.000,0.000,0.000,0.000,0.000,0.000,0.000,0.000,0.000,0,0,6.427,10.708,17.713,0.000,18
Classic CPU ROAM,RelWithDebInfo,OpenGL,NVIDIA GeForce RTX 5090 D/PCIe/SSE2,4.3.0 NVIDIA 591.86,false,assets/heightmaps/Hm_Terrain_Test_129.pgm,129,129,39.400,12.000,20,4.000,2.000,200000,6.179,0.000,18.000,6.431,43.639,46877,207384,46875,498,249,646,370,0,0,0,0,1,108.839,43.860,43.065,0.395,10.373,0.208,0.686,0.000,6.518,0.617,0.584,17.167,6.486,0.566,0.000,0.000,0.000,0.000,0.000,0.000,0.000,0.000,0.000,0.000,0.000,0.000,0.000,0.000,0.000,0.000,0,0,7.136,10.611,17.751,0.000,18
Classic CPU ROAM,RelWithDebInfo,OpenGL,NVIDIA GeForce RTX 5090 D/PCIe/SSE2,4.3.0 NVIDIA 591.86,false,assets/heightmaps/Hm_Terrain_Test_129.pgm,129,129,39.400,12.000,20,4.000,2.000,200000,6.223,0.000,18.000,6.307,44.373,46686,208472,46684,546,274,737,416,0,0,0,0,1,110.026,43.378,42.601,0.389,9.672,0.235,0.617,0.000,6.743,0.269,0.603,17.110,6.939,0.538,0.000,0.000,0.000,0.000,0.000,0.000,0.000,0.000,0.000,0.000,0.000,0.000,0.000,0.000,0.000,0.000,0,0,7.012,9.932,17.712,0.000,18
Classic CPU ROAM,RelWithDebInfo,OpenGL,NVIDIA GeForce RTX 5090 D/PCIe/SSE2,4.3.0 NVIDIA 591.86,false,assets/heightmaps/Hm_Terrain_Test_129.pgm,129,129,39.400,12.000,20,4.000,2.000,200000,6.267,0.000,18.000,6.186,43.848,46484,209528,46482,530,266,732,396,0,0,0,0,1,103.506,46.109,45.284,0.416,10.618,0.238,0.616,0.000,6.390,0.263,0.671,17.149,8.896,0.540,0.000,0.000,0.000,0.000,0.000,0.000,0.000,0.000,0.000,0.000,0.000,0.000,0.000,0.000,0.000,0.000,0,0,6.654,10.881,17.820,0.000,18
Classic CPU ROAM,RelWithDebInfo,OpenGL,NVIDIA GeForce RTX 5090 D/PCIe/SSE2,4.3.0 NVIDIA 591.86,false,assets/heightmaps/Hm_Terrain_Test_129.pgm,129,129,39.400,12.000,20,4.000,2.000,200000,6.314,0.000,18.000,6.057,46.620,46364,210572,46362,524,262,644,395,0,0,0,0,1,69.735,45.626,44.810,0.387,11.399,0.224,0.795,0.000,6.683,0.283,0.693,17.432,6.888,0.578,0.000,0.000,0.000,0.000,0.000,0.000,0.000,0.000,0.000,0.000,0.000,0.000,0.000,0.000,0.000,0.000,0,0,6.967,11.648,18.125,0.000,18
Classic CPU ROAM,RelWithDebInfo,OpenGL,NVIDIA GeForce RTX 5090 D/PCIe/SSE2,4.3.0 NVIDIA 591.86,false,assets/heightmaps/Hm_Terrain_Test_129.pgm,129,129,39.400,12.000,20,4.000,2.000,200000,6.360,0.000,18.000,5.930,46.180,46204,211676,46202,552,276,712,404,0,0,0,0,1,72.748,43.719,42.953,0.410,10.480,0.288,0.769,0.000,6.290,0.263,0.523,17.109,6.788,0.501,0.000,0.000,0.000,0.000,0.000,0.000,0.000,0.000,0.000,0.000,0.000,0.000,0.000,0.000,0.000,0.000,0,0,6.553,10.800,17.633,0.000,18
Classic CPU ROAM,RelWithDebInfo,OpenGL,NVIDIA GeForce RTX 5090 D/PCIe/SSE2,4.3.0 NVIDIA 591.86,false,assets/heightmaps/Hm_Terrain_Test_129.pgm,129,129,39.400,12.000,20,4.000,2.000,200000,6.404,0.000,18.000,5.810,44.274,46046,212808,46044,566,283,724,426,0,0,0,0,1,108.169,44.118,43.332,0.389,10.156,0.228,0.728,0.000,6.995,0.298,0.718,16.416,7.373,0.557,0.000,0.000,0.000,0.000,0.000,0.000,0.000,0.000,0.000,0.000,0.000,0.000,0.000,0.000,0.000,0.000,0,0,7.294,10.414,17.134,0.000,18
Classic CPU ROAM,RelWithDebInfo,OpenGL,NVIDIA GeForce RTX 5090 D/PCIe/SSE2,4.3.0 NVIDIA 591.86,false,assets/heightmaps/Hm_Terrain_Test_129.pgm,129,129,39.400,12.000,20,4.000,2.000,200000,6.449,0.000,18.000,5.688,44.628,45985,214100,45983,646,323,707,496,0,0,0,0,1,111.123,42.969,42.181,0.386,10.378,0.241,0.762,0.000,6.603,0.342,0.704,15.970,6.766,0.566,0.000,0.000,0.000,0.000,0.000,0.000,0.000,0.000,0.000,0.000,0.000,0.000,0.000,0.000,0.000,0.000,0,0,6.947,10.647,16.674,0.000,18
Classic CPU ROAM,RelWithDebInfo,OpenGL,NVIDIA GeForce RTX 5090 D/PCIe/SSE2,4.3.0 NVIDIA 591.86,false,assets/heightmaps/Hm_Terrain_Test_129.pgm,129,129,39.400,12.000,20,4.000,2.000,200000,6.492,0.000,18.000,5.571,43.461,45805,215128,45803,514,257,694,373,0,0,0,0,1,111.359,42.874,42.091,0.388,10.465,0.232,0.765,0.000,6.254,0.241,0.493,16.349,6.874,0.551,0.000,0.000,0.000,0.000,0.000,0.000,0.000,0.000,0.000,0.000,0.000,0.000,0.000,0.000,0.000,0.000,0,0,6.496,10.725,16.842,0.000,18
Classic CPU ROAM,RelWithDebInfo,OpenGL,NVIDIA GeForce RTX 5090 D/PCIe/SSE2,4.3.0 NVIDIA 591.86,false,assets/heightmaps/Hm_Terrain_Test_129.pgm,129,129,39.400,12.000,20,4.000,2.000,200000,6.536,0.000,18.000,5.455,43.380,45641,216188,45639,530,265,694,386,0,0,0,0,1,112.902,42.300,41.515,0.391,9.823,0.218,0.739,0.000,6.892,0.274,0.611,15.854,6.681,0.566,0.000,0.000,0.000,0.000,0.000,0.000,0.000,0.000,0.000,0.000,0.000,0.000,0.000,0.000,0.000,0.000,0,0,7.167,10.072,16.465,0.000,18
Classic CPU ROAM,RelWithDebInfo,OpenGL,NVIDIA GeForce RTX 5090 D/PCIe/SSE2,4.3.0 NVIDIA 591.86,false,assets/heightmaps/Hm_Terrain_Test_129.pgm,129,129,39.400,12.000,20,4.000,2.000,200000,6.579,0.000,18.000,5.340,42.796,45456,217144,45454,478,239,663,345,0,0,0,0,1,76.270,41.788,40.970,0.385,9.900,0.229,0.677,0.000,6.957,0.243,0.554,15.935,6.064,0.584,0.000,0.000,0.000,0.000,0.000,0.000,0.000,0.000,0.000,0.000,0.000,0.000,0.000,0.000,0.000,0.000,0,0,7.200,10.155,16.490,0.000,18
Classic CPU ROAM,RelWithDebInfo,OpenGL,NVIDIA GeForce RTX 5090 D/PCIe/SSE2,4.3.0 NVIDIA 591.86,false,assets/heightmaps/Hm_Terrain_Test_129.pgm,129,129,39.400,12.000,20,4.000,2.000,200000,6.621,0.000,18.000,5.228,42.286,45386,218112,45384,484,242,554,340,0,0,0,0,1,116.512,41.004,40.229,0.389,9.263,0.176,0.621,0.000,7.324,0.248,0.605,15.532,6.041,0.568,0.000,0.000,0.000,0.000,0.000,0.000,0.000,0.000,0.000,0.000,0.000,0.000,0.000,0.000,0.000,0.000,0,0,7.573,9.469,16.137,0.000,18
Classic CPU ROAM,RelWithDebInfo,OpenGL,NVIDIA GeForce RTX 5090 D/PCIe/SSE2,4.3.0 NVIDIA 591.86,false,assets/heightmaps/Hm_Terrain_Test_129.pgm,129,129,39.400,12.000,20,4.000,2.000,200000,6.662,0.000,18.000,5.119,41.507,45241,219036,45239,468,237,613,321,0,0,0,0,1,78.788,40.436,39.660,0.386,8.752,0.191,0.727,0.000,6.526,0.247,0.465,15.715,6.625,0.506,0.000,0.000,0.000,0.000,0.000,0.000,0.000,0.000,0.000,0.000,0.000,0.000,0.000,0.000,0.000,0.000,0,0,6.774,8.968,16.180,0.000,18
Classic CPU ROAM,RelWithDebInfo,OpenGL,NVIDIA GeForce RTX 5090 D/PCIe/SSE2,4.3.0 NVIDIA 591.86,false,assets/heightmaps/Hm_Terrain_Test_129.pgm,129,129,39.400,12.000,20,4.000,2.000,200000,6.703,0.000,18.000,5.012,40.936,45099,219944,45097,456,229,598,328,0,0,0,0,1,80.190,39.731,38.967,0.392,8.889,0.184,0.623,0.000,6.593,0.221,0.516,15.447,6.073,0.551,0.000,0.000,0.000,0.000,0.000,0.000,0.000,0.000,0.000,0.000,0.000,0.000,0.000,0.000,0.000,0.000,0,0,6.815,9.101,15.963,0.000,18
Classic CPU ROAM,RelWithDebInfo,OpenGL,NVIDIA GeForce RTX 5090 D/PCIe/SSE2,4.3.0 NVIDIA 591.86,false,assets/heightmaps/Hm_Terrain_Test_129.pgm,129,129,39.400,12.000,20,4.000,2.000,200000,6.743,0.000,18.000,4.907,40.200,44970,220856,44968,458,230,587,318,0,0,0,0,1,118.838,40.218,39.442,0.380,8.932,0.194,0.666,0.000,6.377,0.221,0.471,15.668,6.509,0.551,0.000,0.000,0.000,0.000,0.000,0.000,0.000,0.000,0.000,0.000,0.000,0.000,0.000,0.000,0.000,0.000,0,0,6.599,9.149,16.139,0.000,18
Classic CPU ROAM,RelWithDebInfo,OpenGL,NVIDIA GeForce RTX 5090 D/PCIe/SSE2,4.3.0 NVIDIA 591.86,false,assets/heightmaps/Hm_Terrain_Test_129.pgm,129,129,39.400,12.000,20,4.000,2.000,200000,6.784,0.000,18.000,4.802,40.709,44718,221636,44716,390,195,642,279,0,0,0,0,1,79.431,40.134,39.340,0.384,9.308,0.204,0.687,0.000,6.677,0.221,0.601,15.367,5.864,0.584,0.000,0.000,0.000,0.000,0.000,0.000,0.000,0.000,0.000,0.000,0.000,0.000,0.000,0.000,0.000,0.000,0,0,6.899,9.538,15.968,0.000,18
Classic CPU ROAM,RelWithDebInfo,OpenGL,NVIDIA GeForce RTX 5090 D/PCIe/SSE2,4.3.0 NVIDIA 591.86,false,assets/heightmaps/Hm_Terrain_Test_129.pgm,129,129,39.400,12.000,20,4.000,2.000,200000,6.825,0.000,18.000,4.697,40.630,44555,222444,44553,410,208,573,283,0,0,0,0,1,118.815,40.193,39.449,0.383,9.450,0.235,0.696,0.000,6.677,0.201,0.476,15.300,6.005,0.522,0.000,0.000,0.000,0.000,0.000,0.000,0.000,0.000,0.000,0.000,0.000,0.000,0.000,0.000,0.000,0.000,0,0,6.878,9.711,15.776,0.000,18
Classic CPU ROAM,RelWithDebInfo,OpenGL,NVIDIA GeForce RTX 5090 D/PCIe/SSE2,4.3.0 NVIDIA 591.86,false,assets/heightmaps/Hm_Terrain_Test_129.pgm,129,129,39.400,12.000,20,4.000,2.000,200000,6.865,0.000,18.000,4.593,40.659,44433,223312,44431,434,217,556,297,0,0,0,0,1,82.026,38.855,38.095,0.368,8.527,0.176,0.637,0.000,6.168,0.214,0.451,15.462,6.063,0.546,0.000,0.000,0.000,0.000,0.000,0.000,0.000,0.000,0.000,0.000,0.000,0.000,0.000,0.000,0.000,0.000,0,0,6.383,8.731,15.913,0.000,18
Classic CPU ROAM,RelWithDebInfo,OpenGL,NVIDIA GeForce RTX 5090 D/PCIe/SSE2,4.3.0 NVIDIA 591.86,false,assets/heightmaps/Hm_Terrain_Test_129.pgm,129,129,39.400,12.000,20,4.000,2.000,200000,6.905,0.000,18.000,4.494,39.349,44314,224192,44312,440,220,559,309,0,0,0,0,1,124.785,38.304,37.562,0.391,8.295,0.167,0.575,0.000,6.378,0.238,0.585,15.236,5.677,0.513,0.000,0.000,0.000,0.000,0.000,0.000,0.000,0.000,0.000,0.000,0.000,0.000,0.000,0.000,0.000,0.000,0,0,6.616,8.481,15.821,0.000,18
Classic CPU ROAM,RelWithDebInfo,OpenGL,NVIDIA GeForce RTX 5090 D/PCIe/SSE2,4.3.0 NVIDIA 591.86,false,assets/heightmaps/Hm_Terrain_Test_129.pgm,129,129,39.400,12.000,20,4.000,2.000,200000,6.944,0.000,18.000,4.396,38.776,44232,225008,44230,410,206,492,265,0,0,0,0,1,85.326,37.381,36.622,0.365,8.147,0.153,0.575,0.000,6.061,0.198,0.451,15.092,5.548,0.555,0.000,0.000,0.000,0.000,0.000,0.000,0.000,0.000,0.000,0.000,0.000,0.000,0.000,0.000,0.000,0.000,0,0,6.260,8.331,15.543,0.000,18
Classic CPU ROAM,RelWithDebInfo,OpenGL,NVIDIA GeForce RTX 5090 D/PCIe/SSE2,4.3.0 NVIDIA 591.86,false,assets/heightmaps/Hm_Terrain_Test_129.pgm,129,129,39.400,12.000,20,4.000,2.000,200000,6.981,0.000,18.000,4.301,37.877,44007,225764,44005,378,189,603,256,0,0,0,0,1,117.584,40.596,39.862,0.376,9.014,0.193,0.628,0.000,6.913,0.205,0.589,15.370,6.552,0.529,0.000,0.000,0.000,0.000,0.000,0.000,0.000,0.000,0.000,0.000,0.000,0.000,0.000,0.000,0.000,0.000,0,0,7.119,9.228,15.958,0.000,18
Classic CPU ROAM,RelWithDebInfo,OpenGL,NVIDIA GeForce RTX 5090 D/PCIe/SSE2,4.3.0 NVIDIA 591.86,false,assets/heightmaps/Hm_Terrain_Test_129.pgm,129,129,39.400,12.000,20,4.000,2.000,200000,7.023,0.000,18.000,4.199,41.065,43834,226548,43832,394,198,567,260,0,0,0,0,1,84.265,37.829,37.082,0.367,9.192,0.179,0.500,0.000,5.686,0.206,0.510,14.774,5.642,0.551,0.000,0.000,0.000,0.000,0.000,0.000,0.000,0.000,0.000,0.000,0.000,0.000,0.000,0.000,0.000,0.000,0,0,5.892,9.398,15.283,0.000,18
Classic CPU ROAM,RelWithDebInfo,OpenGL,NVIDIA GeForce RTX 5090 D/PCIe/SSE2,4.3.0 NVIDIA 591.86,false,assets/heightmaps/Hm_Terrain_Test_129.pgm,129,129,39.400,12.000,20,4.000,2.000,200000,7.061,0.000,18.000,4.105,38.290,43651,227276,43649,366,184,549,234,0,0,0,0,1,129.641,36.866,36.155,0.369,8.281,0.166,0.627,0.000,5.871,0.176,0.518,14.804,5.321,0.478,0.000,0.000,0.000,0.000,0.000,0.000,0.000,0.000,0.000,0.000,0.000,0.000,0.000,0.000,0.000,0.000,0,0,6.047,8.468,15.323,0.000,18
Classic CPU ROAM,RelWithDebInfo,OpenGL,NVIDIA GeForce RTX 5090 D/PCIe/SSE2,4.3.0 NVIDIA 591.86,false,assets/heightmaps/Hm_Terrain_Test_129.pgm,129,129,39.400,12.000,20,4.000,2.000,200000,7.098,0.000,18.000,4.014,37.414,43463,227916,43461,320,160,508,220,0,0,0,0,1,87.265,36.489,35.807,0.359,8.037,0.155,0.467,0.000,5.679,0.151,0.456,14.905,5.575,0.479,0.000,0.000,0.000,0.000,0.000,0.000,0.000,0.000,0.000,0.000,0.000,0.000,0.000,0.000,0.000,0.000,0,0,5.830,8.215,15.361,0.000,18
Classic CPU ROAM,RelWithDebInfo,OpenGL,NVIDIA GeForce RTX 5090 D/PCIe/SSE2,4.3.0 NVIDIA 591.86,false,assets/heightmaps/Hm_Terrain_Test_129.pgm,129,129,39.400,12.000,20,4.000,2.000,200000,7.135,0.000,18.000,3.924,37.009,43342,228652,43340,370,186,491,231,0,0,0,0,1,126.248,37.846,37.127,0.365,8.937,0.171,0.536,0.000,5.521,0.201,0.461,15.398,5.514,0.523,0.000,0.000,0.000,0.000,0.000,0.000,0.000,0.000,0.000,0.000,0.000,0.000,0.000,0.000,0.000,0.000,0,0,5.723,9.129,15.859,0.000,18
Classic CPU ROAM,RelWithDebInfo,OpenGL,NVIDIA GeForce RTX 5090 D/PCIe/SSE2,4.3.0 NVIDIA 591.86,false,assets/heightmaps/Hm_Terrain_Test_129.pgm,129,129,39.400,12.000,20,4.000,2.000,200000,7.174,0.000,18.000,3.832,38.347,43106,229296,43104,322,161,558,240,0,0,0,0,1,87.873,36.285,35.560,0.352,8.121,0.168,0.572,0.000,5.590,0.159,0.437,14.402,5.728,0.526,0.000,0.000,0.000,0.000,0.000,0.000,0.000,0.000,0.000,0.000,0.000,0.000,0.000,0.000,0.000,0.000,0,0,5.750,8.318,14.839,0.000,18
Classic CPU ROAM,RelWithDebInfo,OpenGL,NVIDIA GeForce RTX 5090 D/PCIe/SSE2,4.3.0 NVIDIA 591.86,false,assets/heightmaps/Hm_Terrain_Test_129.pgm,129,129,39.400,12.000,20,4.000,2.000,200000,7.210,0.000,18.000,3.744,36.781,42956,229916,42954,310,155,460,198,0,0,0,0,1,84.765,37.590,36.864,0.353,8.654,0.147,0.585,0.000,6.067,0.152,0.471,14.536,5.875,0.517,0.000,0.000,0.000,0.000,0.000,0.000,0.000,0.000,0.000,0.000,0.000,0.000,0.000,0.000,0.000,0.000,0,0,6.220,8.824,15.007,0.000,18
Classic CPU ROAM,RelWithDebInfo,OpenGL,NVIDIA GeForce RTX 5090 D/PCIe/SSE2,4.3.0 NVIDIA 591.86,false,assets/heightmaps/Hm_Terrain_Test_129.pgm,129,129,39.400,12.000,20,4.000,2.000,200000,7.248,0.000,18.000,3.654,38.086,42748,230556,42746,322,162,530,238,0,0,0,0,1,131.627,36.356,35.609,0.393,8.090,0.164,0.488,0.000,5.504,0.167,0.417,14.662,5.698,0.546,0.000,0.000,0.000,0.000,0.000,0.000,0.000,0.000,0.000,0.000,0.000,0.000,0.000,0.000,0.000,0.000,0,0,5.671,8.279,15.079,0.000,18
Classic CPU ROAM,RelWithDebInfo,OpenGL,NVIDIA GeForce RTX 5090 D/PCIe/SSE2,4.3.0 NVIDIA 591.86,false,assets/heightmaps/Hm_Terrain_Test_129.pgm,129,129,39.400,12.000,20,4.000,2.000,200000,7.285,0.000,18.000,3.567,36.876,42564,231144,42562,296,149,480,202,0,0,0,0,1,85.988,37.071,36.340,0.370,8.688,0.156,0.631,0.000,5.935,0.149,0.502,14.529,5.359,0.513,0.000,0.000,0.000,0.000,0.000,0.000,0.000,0.000,0.000,0.000,0.000,0.000,0.000,0.000,0.000,0.000,0,0,6.084,8.865,15.031,0.000,18
Classic CPU ROAM,RelWithDebInfo,OpenGL,NVIDIA GeForce RTX 5090 D/PCIe/SSE2,4.3.0 NVIDIA 591.86,false,assets/heightmaps/Hm_Terrain_Test_129.pgm,129,129,39.400,12.000,20,4.000,2.000,200000,7.323,0.000,18.000,3.480,37.576,42332,231740,42330,298,149,530,222,0,0,0,0,1,89.111,35.789,35.066,0.353,8.135,0.163,0.480,0.000,5.574,0.150,0.500,14.356,5.333,0.517,0.000,0.000,0.000,0.000,0.000,0.000,0.000,0.000,0.000,0.000,0.000,0.000,0.000,0.000,0.000,0.000,0,0,5.724,8.321,14.856,0.000,18
Classic CPU ROAM,RelWithDebInfo,OpenGL,NVIDIA GeForce RTX 5090 D/PCIe/SSE2,4.3.0 NVIDIA 591.86,false,assets/heightmaps/Hm_Terrain_Test_129.pgm,129,129,39.400,12.000,20,4.000,2.000,200000,7.359,0.000,18.000,3.396,36.255,42257,232392,42255,326,163,401,205,0,0,0,0,1,138.907,34.465,33.743,0.344,7.284,0.123,0.433,0.000,5.263,0.170,0.467,14.314,5.325,0.527,0.000,0.000,0.000,0.000,0.000,0.000,0.000,0.000,0.000,0.000,0.000,0.000,0.000,0.000,0.000,0.000,0,0,5.433,7.427,14.781,0.000,18
Classic CPU ROAM,RelWithDebInfo,OpenGL,NVIDIA GeForce RTX 5090 D/PCIe/SSE2,4.3.0 NVIDIA 591.86,false,assets/heightmaps/Hm_Terrain_Test_129.pgm,129,129,39.400,12.000,20,4.000,2.000,200000,7.394,0.000,18.000,3.316,34.943,42092,233060,42090,340,173,505,213,0,0,0,0,1,90.381,35.247,34.573,0.339,7.704,0.153,0.495,0.000,5.733,0.162,0.421,14.217,5.313,0.482,0.000,0.000,0.000,0.000,0.000,0.000,0.000,0.000,0.000,0.000,0.000,0.000,0.000,0.000,0.000,0.000,0,0,5.896,7.891,14.639,0.000,18
Classic CPU ROAM,RelWithDebInfo,OpenGL,NVIDIA GeForce RTX 5090 D/PCIe/SSE2,4.3.0 NVIDIA 591.86,false,assets/heightmaps/Hm_Terrain_Test_129.pgm,129,129,39.400,12.000,20,4.000,2.000,200000,7.430,0.000,18.000,3.235,35.747,41948,233620,41946,280,140,424,177,0,0,0,0,1,88.413,36.058,35.343,0.380,7.870,0.134,0.545,0.000,5.505,0.138,0.447,14.523,5.780,0.516,0.000,0.000,0.000,0.000,0.000,0.000,0.000,0.000,0.000,0.000,0.000,0.000,0.000,0.000,0.000,0.000,0,0,5.643,8.025,14.969,0.000,18
Classic CPU ROAM,RelWithDebInfo,OpenGL,NVIDIA GeForce RTX 5090 D/PCIe/SSE2,4.3.0 NVIDIA 591.86,false,assets/heightmaps/Hm_Terrain_Test_129.pgm,129,129,39.400,12.000,20,4.000,2.000,200000,7.466,0.000,18.000,3.153,36.524,41794,234240,41792,316,162,470,208,0,0,0,0,1,137.035,34.928,34.204,0.348,7.720,0.148,0.540,0.000,5.338,0.166,0.420,14.099,5.396,0.523,0.000,0.000,0.000,0.000,0.000,0.000,0.000,0.000,0.000,0.000,0.000,0.000,0.000,0.000,0.000,0.000,0,0,5.505,7.897,14.519,0.000,18
Classic CPU ROAM,RelWithDebInfo,OpenGL,NVIDIA GeForce RTX 5090 D/PCIe/SSE2,4.3.0 NVIDIA 591.86,false,assets/heightmaps/Hm_Terrain_Test_129.pgm,129,129,39.400,12.000,20,4.000,2.000,200000,7.502,0.000,18.000,3.074,35.423,41612,234792,41610,276,139,458,180,0,0,0,0,1,91.878,34.718,34.009,0.366,7.477,0.141,0.459,0.000,5.706,0.138,0.516,14.317,4.866,0.506,0.000,0.000,0.000,0.000,0.000,0.000,0.000,0.000,0.000,0.000,0.000,0.000,0.000,0.000,0.000,0.000,0,0,5.844,7.641,14.832,0.000,18
Classic CPU ROAM,RelWithDebInfo,OpenGL,NVIDIA GeForce RTX 5090 D/PCIe/SSE2,4.3.0 NVIDIA 591.86,false,assets/heightmaps/Hm_Terrain_Test_129.pgm,129,129,39.400,12.000,20,4.000,2.000,200000,7.537,0.000,18.000,2.997,35.222,41437,235356,41435,282,141,457,196,0,0,0,0,1,95.938,33.281,32.571,0.345,6.869,0.133,0.428,0.000,5.342,0.139,0.511,14.073,4.702,0.513,0.000,0.000,0.000,0.000,0.000,0.000,0.000,0.000,0.000,0.000,0.000,0.000,0.000,0.000,0.000,0.000,0,0,5.481,7.031,14.583,0.000,18
Classic CPU ROAM,RelWithDebInfo,OpenGL,NVIDIA GeForce RTX 5090 D/PCIe/SSE2,4.3.0 NVIDIA 591.86,false,assets/heightmaps/Hm_Terrain_Test_129.pgm,129,129,39.400,12.000,20,4.000,2.000,200000,7.571,0.000,18.000,2.923,33.758,41338,235904,41336,274,138,373,162,0,0,0,0,1,87.100,36.583,35.876,0.382,8.815,0.127,0.563,0.000,5.809,0.161,0.613,14.012,5.374,0.506,0.000,0.000,0.000,0.000,0.000,0.000,0.000,0.000,0.000,0.000,0.000,0.000,0.000,0.000,0.000,0.000,0,0,5.970,8.962,14.625,0.000,18
Classic CPU ROAM,RelWithDebInfo,OpenGL,NVIDIA GeForce RTX 5090 D/PCIe/SSE2,4.3.0 NVIDIA 591.86,false,assets/heightmaps/Hm_Terrain_Test_129.pgm,129,129,39.400,12.000,20,4.000,2.000,200000,7.608,0.000,18.000,2.843,37.077,41216,236544,41214,340,181,462,198,0,0,0,0,1,136.167,35.124,34.423,0.352,7.708,0.144,0.521,0.000,5.637,0.152,0.491,14.021,5.370,0.502,0.000,0.000,0.000,0.000,0.000,0.000,0.000,0.000,0.000,0.000,0.000,0.000,0.000,0.000,0.000,0.000,0,0,5.790,7.878,14.512,0.000,18
Classic CPU ROAM,RelWithDebInfo,OpenGL,NVIDIA GeForce RTX 5090 D/PCIe/SSE2,4.3.0 NVIDIA 591.86,false,assets/heightmaps/Hm_Terrain_Test_129.pgm,129,129,39.400,12.000,20,4.000,2.000,200000,7.643,0.000,18.000,2.766,35.586,41113,237188,41111,322,161,425,215,0,0,0,0,1,90.461,35.195,34.543,0.340,7.694,0.132,0.561,0.000,5.717,0.160,0.439,14.077,5.398,0.461,0.000,0.000,0.000,0.000,0.000,0.000,0.000,0.000,0.000,0.000,0.000,0.000,0.000,0.000,0.000,0.000,0,0,5.878,7.849,14.516,0.000,18
Classic CPU ROAM,RelWithDebInfo,OpenGL,NVIDIA GeForce RTX 5090 D/PCIe/SSE2,4.3.0 NVIDIA 591.86,false,assets/heightmaps/Hm_Terrain_Test_129.pgm,129,129,39.400,12.000,20,4.000,2.000,200000,7.679,0.000,18.000,2.691,35.725,40965,237792,40963,304,153,452,186,0,0,0,0,1,92.955,34.321,33.616,0.351,7.832,0.144,0.527,0.000,5.275,0.162,0.421,13.807,5.070,0.511,0.000,0.000,0.000,0.000,0.000,0.000,0.000,0.000,0.000,0.000,0.000,0.000,0.000,0.000,0.000,0.000,0,0,5.437,8.003,14.228,0.000,18
Classic CPU ROAM,RelWithDebInfo,OpenGL,NVIDIA GeForce RTX 5090 D/PCIe/SSE2,4.3.0 NVIDIA 591.86,false,assets/heightmaps/Hm_Terrain_Test_129.pgm,129,129,39.400,12.000,20,4.000,2.000,200000,7.714,0.000,18.000,2.618,34.809,40925,238336,40923,272,136,312,179,0,0,0,0,1,95.147,33.533,32.841,0.344,7.375,0.095,0.445,0.000,5.156,0.130,0.433,13.842,4.997,0.515,0.000,0.000,0.000,0.000,0.000,0.000,0.000,0.000,0.000,0.000,0.000,0.000,0.000,0.000,0.000,0.000,0,0,5.287,7.493,14.274,0.000,18
Classic CPU ROAM,RelWithDebInfo,OpenGL,NVIDIA GeForce RTX 5090 D/PCIe/SSE2,4.3.0 NVIDIA 591.86,false,assets/heightmaps/Hm_Terrain_Test_129.pgm,129,129,39.400,12.000,20,4.000,2.000,200000,7.748,0.000,18.000,2.547,34.016,40713,238828,40711,246,123,458,192,0,0,0,0,1,144.126,33.225,32.521,0.331,7.055,0.135,0.467,0.000,5.144,0.119,0.432,13.809,5.006,0.518,0.000,0.000,0.000,0.000,0.000,0.000,0.000,0.000,0.000,0.000,0.000,0.000,0.000,0.000,0.000,0.000,0,0,5.263,7.213,14.241,0.000,18
Classic CPU ROAM,RelWithDebInfo,OpenGL,NVIDIA GeForce RTX 5090 D/PCIe/SSE2,4.3.0 NVIDIA 591.86,false,assets/heightmaps/Hm_Terrain_Test_129.pgm,129,129,39.400,12.000,20,4.000,2.000,200000,7.782,0.000,18.000,2.478,33.714,40647,239396,40645,284,142,350,185,0,0,0,0,1,93.270,34.186,33.503,0.330,7.099,0.114,0.611,0.000,5.585,0.154,0.427,13.838,5.322,0.497,0.000,0.000,0.000,0.000,0.000,0.000,0.000,0.000,0.000,0.000,0.000,0.000,0.000,0.000,0.000,0.000,0,0,5.740,7.234,14.265,0.000,18
Classic CPU ROAM,RelWithDebInfo,OpenGL,NVIDIA GeForce RTX 5090 D/PCIe/SSE2,4.3.0 NVIDIA 591.86,false,assets/heightmaps/Hm_Terrain_Test_129.pgm,129,129,39.400,12.000,20,4.000,2.000,200000,7.816,0.000,18.000,2.408,34.661,40495,239972,40493,288,144,440,198,0,0,0,0,1,95.348,33.462,32.772,0.328,7.274,0.133,0.507,0.000,4.975,0.135,0.402,13.942,5.049,0.501,0.000,0.000,0.000,0.000,0.000,0.000,0.000,0.000,0.000,0.000,0.000,0.000,0.000,0.000,0.000,0.000,0,0,5.111,7.434,14.343,0.000,18
Classic CPU ROAM,RelWithDebInfo,OpenGL,NVIDIA GeForce RTX 5090 D/PCIe/SSE2,4.3.0 NVIDIA 591.86,false,assets/heightmaps/Hm_Terrain_Test_129.pgm,129,129,39.400,12.000,20,4.000,2.000,200000,7.850,0.000,18.000,2.340,33.948,40461,240520,40459,274,137,308,171,0,0,0,0,1,93.256,34.138,33.507,0.341,7.671,0.093,0.489,0.000,5.062,0.126,0.400,13.948,5.355,0.457,0.000,0.000,0.000,0.000,0.000,0.000,0.000,0.000,0.000,0.000,0.000,0.000,0.000,0.000,0.000,0.000,0,0,5.188,7.786,14.348,0.000,18
Classic CPU ROAM,RelWithDebInfo,OpenGL,NVIDIA GeForce RTX 5090 D/PCIe/SSE2,4.3.0 NVIDIA 591.86,false,assets/heightmaps/Hm_Terrain_Test_129.pgm,129,129,39.400,12.000,20,4.000,2.000,200000,7.885,0.000,18.000,2.271,34.659,40297,241036,40295,282,153,446,194,0,0,0,0,1,94.946,33.540,32.911,0.340,7.469,0.132,0.490,0.000,5.017,0.132,0.405,13.664,5.236,0.442,0.000,0.000,0.000,0.000,0.000,0.000,0.000,0.000,0.000,0.000,0.000,0.000,0.000,0.000,0.000,0.000,0,0,5.150,7.626,14.069,0.000,18
Classic CPU ROAM,RelWithDebInfo,OpenGL,NVIDIA GeForce RTX 5090 D/PCIe/SSE2,4.3.0 NVIDIA 591.86,false,assets/heightmaps/Hm_Terrain_Test_129.pgm,129,129,39.400,12.000,20,4.000,2.000,200000,7.919,0.000,18.000,2.204,34.038,40252,241600,40250,282,141,327,184,0,0,0,0,1,97.153,32.856,32.163,0.347,6.981,0.097,0.427,0.000,5.277,0.140,0.546,13.855,4.470,0.518,0.000,0.000,0.000,0.000,0.000,0.000,0.000,0.000,0.000,0.000,0.000,0.000,0.000,0.000,0.000,0.000,0,0,5.418,7.100,14.401,0.000,18
Classic CPU ROAM,RelWithDebInfo,OpenGL,NVIDIA GeForce RTX 5090 D/PCIe/SSE2,4.3.0 NVIDIA 591.86,false,assets/heightmaps/Hm_Terrain_Test_129.pgm,129,129,39.400,12.000,20,4.000,2.000,200000,7.952,0.000,18.000,2.140,33.361,40162,242152,40160,276,140,366,176,0,0,0,0,1,144.848,33.030,32.359,0.338,6.701,0.113,0.463,0.000,5.314,0.131,0.426,13.913,4.936,0.494,0.000,0.000,0.000,0.000,0.000,0.000,0.000,0.000,0.000,0.000,0.000,0.000,0.000,0.000,0.000,0.000,0,0,5.445,6.839,14.339,0.000,18
Classic CPU ROAM,RelWithDebInfo,OpenGL,NVIDIA GeForce RTX 5090 D/PCIe/SSE2,4.3.0 NVIDIA 591.86,false,assets/heightmaps/Hm_Terrain_Test_129.pgm,129,129,39.400,12.000,20,4.000,2.000,200000,7.986,0.000,18.000,2.076,33.551,40066,242676,40064,262,131,358,172,0,0,0,0,1,94.269,33.828,33.147,0.325,6.759,0.108,0.493,0.000,5.048,0.125,0.406,13.988,5.869,0.494,0.000,0.000,0.000,0.000,0.000,0.000,0.000,0.000,0.000,0.000,0.000,0.000,0.000,0.000,0.000,0.000,0,0,5.173,6.893,14.394,0.000,18
Classic CPU ROAM,RelWithDebInfo,OpenGL,NVIDIA GeForce RTX 5090 D/PCIe/SSE2,4.3.0 NVIDIA 591.86,false,assets/heightmaps/Hm_Terrain_Test_129.pgm,129,129,39.400,12.000,20,4.000,2.000,200000,8.020,0.000,18.000,2.011,34.322,39958,243172,39956,248,124,356,156,0,0,0,0,1,90.970,34.977,34.350,0.331,8.663,0.116,0.509,0.000,4.961,0.119,0.421,13.803,5.404,0.451,0.000,0.000,0.000,0.000,0.000,0.000,0.000,0.000,0.000,0.000,0.000,0.000,0.000,0.000,0.000,0.000,0,0,5.081,8.801,14.224,0.000,18
Classic CPU ROAM,RelWithDebInfo,OpenGL,NVIDIA GeForce RTX 5090 D/PCIe/SSE2,4.3.0 NVIDIA 591.86,false,assets/heightmaps/Hm_Terrain_Test_129.pgm,129,129,39.400,12.000,20,4.000,2.000,200000,8.056,0.000,18.000,1.945,35.475,39902,243732,39900,282,142,338,180,0,0,0,0,1,97.186,32.834,32.152,0.335,7.535,0.105,0.470,0.000,4.611,0.126,0.410,13.695,4.840,0.492,0.000,0.000,0.000,0.000,0.000,0.000,0.000,0.000,0.000,0.000,0.000,0.000,0.000,0.000,0.000,0.000,0,0,4.737,7.665,14.106,0.000,18
Classic CPU ROAM,RelWithDebInfo,OpenGL,NVIDIA GeForce RTX 5090 D/PCIe/SSE2,4.3.0 NVIDIA 591.86,false,assets/heightmaps/Hm_Terrain_Test_129.pgm,129,129,39.400,12.000,20,4.000,2.000,200000,8.089,0.000,18.000,1.883,33.306,39878,244288,39876,286,148,310,185,0,0,0,0,1,98.126,32.506,31.844,0.327,7.047,0.097,0.422,0.000,5.066,0.152,0.425,13.720,4.563,0.483,0.000,0.000,0.000,0.000,0.000,0.000,0.000,0.000,0.000,0.000,0.000,0.000,0.000,0.000,0.000,0.000,0,0,5.221,7.166,14.145,0.000,18
Classic CPU ROAM,RelWithDebInfo,OpenGL,NVIDIA GeForce RTX 5090 D/PCIe/SSE2,4.3.0 NVIDIA 591.86,false,assets/heightmaps/Hm_Terrain_Test_129.pgm,129,129,39.400,12.000,20,4.000,2.000,200000,8.122,0.000,18.000,1.824,32.950,39796,244812,39794,262,132,344,170,0,0,0,0,1,99.548,32.072,31.389,0.333,6.582,0.101,0.527,0.000,5.046,0.125,0.464,13.697,4.490,0.501,0.000,0.000,0.000,0.000,0.000,0.000,0.000,0.000,0.000,0.000,0.000,0.000,0.000,0.000,0.000,0.000,0,0,5.172,6.705,14.161,0.000,18
Classic CPU ROAM,RelWithDebInfo,OpenGL,NVIDIA GeForce RTX 5090 D/PCIe/SSE2,4.3.0 NVIDIA 591.86,false,assets/heightmaps/Hm_Terrain_Test_129.pgm,129,129,39.400,12.000,20,4.000,2.000,200000,8.154,0.000,18.000,1.765,32.524,39721,245396,39719,294,148,369,171,0,0,0,0,1,145.203,32.910,32.279,0.325,6.489,0.110,0.534,0.000,5.592,0.151,0.470,13.714,4.868,0.450,0.000,0.000,0.000,0.000,0.000,0.000,0.000,0.000,0.000,0.000,0.000,0.000,0.000,0.000,0.000,0.000,0,0,5.743,6.625,14.184,0.000,18
Classic CPU ROAM,RelWithDebInfo,OpenGL,NVIDIA GeForce RTX 5090 D/PCIe/SSE2,4.3.0 NVIDIA 591.86,false,assets/heightmaps/Hm_Terrain_Test_129.pgm,129,129,39.400,12.000,20,4.000,2.000,200000,8.188,0.000,18.000,1.706,33.432,39658,245976,39656,290,145,353,172,0,0,0,0,1,97.806,32.617,31.948,0.335,7.084,0.109,0.548,0.000,4.751,0.154,0.405,13.553,4.983,0.492,0.000,0.000,0.000,0.000,0.000,0.000,0.000,0.000,0.000,0.000,0.000,0.000,0.000,0.000,0.000,0.000,0,0,4.905,7.219,13.958,0.000,18
Classic CPU ROAM,RelWithDebInfo,OpenGL,NVIDIA GeForce RTX 5090 D/PCIe/SSE2,4.3.0 NVIDIA 591.86,false,assets/heightmaps/Hm_Terrain_Test_129.pgm,129,129,39.400,12.000,20,4.000,2.000,200000,8.221,0.000,18.000,1.649,33.103,39639,246480,39637,252,126,271,161,0,0,0,0,1,95.701,33.318,32.652,0.329,7.458,0.086,0.463,0.000,4.847,0.116,0.400,13.691,5.236,0.482,0.000,0.000,0.000,0.000,0.000,0.000,0.000,0.000,0.000,0.000,0.000,0.000,0.000,0.000,0.000,0.000,0,0,4.963,7.569,14.091,0.000,18
Classic CPU ROAM,RelWithDebInfo,OpenGL,NVIDIA GeForce RTX 5090 D/PCIe/SSE2,4.3.0 NVIDIA 591.86,false,assets/heightmaps/Hm_Terrain_Test_129.pgm,129,129,39.400,12.000,20,4.000,2.000,200000,8.255,0.000,18.000,1.591,33.828,39630,246956,39628,238,119,247,146,0,0,0,0,1,96.615,32.964,32.341,0.340,7.445,0.079,0.461,0.000,5.100,0.114,0.438,13.545,4.795,0.434,0.000,0.000,0.000,0.000,0.000,0.000,0.000,0.000,0.000,0.000,0.000,0.000,0.000,0.000,0.000,0.000,0,0,5.214,7.547,13.984,0.000,18
Classic CPU ROAM,RelWithDebInfo,OpenGL,NVIDIA GeForce RTX 5090 D/PCIe/SSE2,4.3.0 NVIDIA 591.86,false,assets/heightmaps/Hm_Terrain_Test_129.pgm,129,129,39.400,12.000,20,4.000,2.000,200000,8.288,0.000,18.000,1.534,33.456,39424,247428,39422,236,118,442,186,0,0,0,0,1,97.442,32.743,32.068,0.333,6.920,0.129,0.550,0.000,4.956,0.111,0.527,13.824,4.693,0.477,0.000,0.000,0.000,0.000,0.000,0.000,0.000,0.000,0.000,0.000,0.000,0.000,0.000,0.000,0.000,0.000,0,0,5.068,7.073,14.351,0.000,18
Classic CPU ROAM,RelWithDebInfo,OpenGL,NVIDIA GeForce RTX 5090 D/PCIe/SSE2,4.3.0 NVIDIA 591.86,false,assets/heightmaps/Hm_Terrain_Test_129.pgm,129,129,39.400,12.000,20,4.000,2.000,200000,8.322,0.000,18.000,1.479,33.204,39388,247932,39386,260,134,296,164,0,0,0,0,1,97.225,32.800,32.140,0.333,6.826,0.087,0.413,0.000,4.996,0.129,0.532,13.791,5.013,0.483,0.000,0.000,0.000,0.000,0.000,0.000,0.000,0.000,0.000,0.000,0.000,0.000,0.000,0.000,0.000,0.000,0,0,5.125,6.932,14.323,0.000,18
Classic CPU ROAM,RelWithDebInfo,OpenGL,NVIDIA GeForce RTX 5090 D/PCIe/SSE2,4.3.0 NVIDIA 591.86,false,assets/heightmaps/Hm_Terrain_Test_129.pgm,129,129,39.400,12.000,20,4.000,2.000,200000,8.355,0.000,18.000,1.424,33.266,39364,248412,39362,244,124,268,151,0,0,0,0,1,97.664,32.669,31.994,0.326,7.429,0.085,0.481,0.000,4.743,0.111,0.395,13.594,4.807,0.495,0.000,0.000,0.000,0.000,0.000,0.000,0.000,0.000,0.000,0.000,0.000,0.000,0.000,0.000,0.000,0.000,0,0,4.854,7.537,13.989,0.000,18
Classic CPU ROAM,RelWithDebInfo,OpenGL,NVIDIA GeForce RTX 5090 D/PCIe/SSE2,4.3.0 NVIDIA 591.86,false,assets/heightmaps/Hm_Terrain_Test_129.pgm,129,129,39.400,12.000,20,4.000,2.000,200000,8.388,0.000,18.000,1.371,33.176,39314,248908,39312,248,124,298,168,0,0,0,0,1,98.456,32.349,31.738,0.329,7.284,0.095,0.461,0.000,4.888,0.137,0.417,13.533,4.569,0.433,0.000,0.000,0.000,0.000,0.000,0.000,0.000,0.000,0.000,0.000,0.000,0.000,0.000,0.000,0.000,0.000,0,0,5.025,7.402,13.951,0.000,18
Classic CPU ROAM,RelWithDebInfo,OpenGL,NVIDIA GeForce RTX 5090 D/PCIe/SSE2,4.3.0 NVIDIA 591.86,false,assets/heightmaps/Hm_Terrain_Test_129.pgm,129,129,39.400,12.000,20,4.000,2.000,200000,8.421,0.000,18.000,1.319,32.865,39330,249372,39328,232,116,216,143,0,0,0,0,1,96.068,33.204,32.527,0.381,7.113,0.066,0.593,0.000,5.151,0.113,0.445,13.841,4.789,0.496,0.000,0.000,0.000,0.000,0.000,0.000,0.000,0.000,0.000,0.000,0.000,0.000,0.000,0.000,0.000,0.000,0,0,5.273,7.204,14.286,0.000,18
Classic CPU ROAM,RelWithDebInfo,OpenGL,NVIDIA GeForce RTX 5090 D/PCIe/SSE2,4.3.0 NVIDIA 591.86,false,assets/heightmaps/Hm_Terrain_Test_129.pgm,129,129,39.400,12.000,20,4.000,2.000,200000,8.454,0.000,18.000,1.266,33.674,39279,249836,39277,232,116,283,140,0,0,0,0,1,94.600,33.700,33.032,0.327,7.311,0.090,0.637,0.000,5.351,0.116,0.458,13.730,4.989,0.481,0.000,0.000,0.000,0.000,0.000,0.000,0.000,0.000,0.000,0.000,0.000,0.000,0.000,0.000,0.000,0.000,0,0,5.467,7.424,14.187,0.000,18
Classic CPU ROAM,RelWithDebInfo,OpenGL,NVIDIA GeForce RTX 5090 D/PCIe/SSE2,4.3.0 NVIDIA 591.86,false,assets/heightmaps/Hm_Terrain_Test_129.pgm,129,129,39.400,12.000,20,4.000,2.000,200000,8.489,0.000,18.000,1.214,34.155,39194,250292,39192,228,114,313,134,0,0,0,0,1,99.404,32.061,31.434,0.320,6.966,0.094,0.418,0.000,4.472,0.102,0.384,13.512,5.144,0.444,0.000,0.000,0.000,0.000,0.000,0.000,0.000,0.000,0.000,0.000,0.000,0.000,0.000,0.000,0.000,0.000,0,0,4.575,7.082,13.896,0.000,18
Classic CPU ROAM,RelWithDebInfo,OpenGL,NVIDIA GeForce RTX 5090 D/PCIe/SSE2,4.3.0 NVIDIA 591.86,false,assets/heightmaps/Hm_Terrain_Test_129.pgm,129,129,39.400,12.000,20,4.000,2.000,200000,8.521,0.000,18.000,1.165,32.549,39153,250736,39151,224,113,265,146,0,0,0,0,1,98.830,32.280,31.618,0.328,7.043,0.080,0.461,0.000,4.657,0.113,0.407,13.579,4.929,0.479,0.000,0.000,0.000,0.000,0.000,0.000,0.000,0.000,0.000,0.000,0.000,0.000,0.000,0.000,0.000,0.000,0,0,4.771,7.142,13.986,0.000,18
Classic CPU ROAM,RelWithDebInfo,OpenGL,NVIDIA GeForce RTX 5090 D/PCIe/SSE2,4.3.0 NVIDIA 591.86,false,assets/heightmaps/Hm_Terrain_Test_129.pgm,129,129,39.400,12.000,20,4.000,2.000,200000,8.554,0.000,18.000,1.117,32.729,39119,251188,39117,226,113,260,143,0,0,0,0,1,102.043,31.312,30.622,0.325,6.869,0.081,0.414,0.000,4.714,0.106,0.428,13.295,4.369,0.504,0.000,0.000,0.000,0.000,0.000,0.000,0.000,0.000,0.000,0.000,0.000,0.000,0.000,0.000,0.000,0.000,0,0,4.820,6.973,13.722,0.000,18
Classic CPU ROAM,RelWithDebInfo,OpenGL,NVIDIA GeForce RTX 5090 D/PCIe/SSE2,4.3.0 NVIDIA 591.86,false,assets/heightmaps/Hm_Terrain_Test_129.pgm,129,129,39.400,12.000,20,4.000,2.000,200000,8.586,0.000,18.000,1.071,31.806,39107,251616,39105,214,107,226,130,0,0,0,0,1,101.838,31.355,30.684,0.344,6.313,0.067,0.369,0.000,4.692,0.118,0.420,13.538,4.803,0.489,0.000,0.000,0.000,0.000,0.000,0.000,0.000,0.000,0.000,0.000,0.000,0.000,0.000,0.000,0.000,0.000,0,0,4.810,6.399,13.958,0.000,18
Classic CPU ROAM,RelWithDebInfo,OpenGL,NVIDIA GeForce RTX 5090 D/PCIe/SSE2,4.3.0 NVIDIA 591.86,false,assets/heightmaps/Hm_Terrain_Test_129.pgm,129,129,39.400,12.000,20,4.000,2.000,200000,8.618,0.000,18.000,1.025,31.848,39103,252060,39101,222,111,226,132,0,0,0,0,1,99.505,32.038,31.403,0.324,6.771,0.068,0.445,0.000,4.763,0.105,0.403,13.495,5.006,0.454,0.000,0.000,0.000,0.000,0.000,0.000,0.000,0.000,0.000,0.000,0.000,0.000,0.000,0.000,0.000,0.000,0,0,4.869,6.862,13.897,0.000,18
Classic CPU ROAM,RelWithDebInfo,OpenGL,NVIDIA GeForce RTX 5090 D/PCIe/SSE2,4.3.0 NVIDIA 591.86,false,assets/heightmaps/Hm_Terrain_Test_129.pgm,129,129,39.400,12.000,20,4.000,2.000,200000,8.650,0.000,18.000,0.980,32.551,38986,252412,38984,176,88,293,126,0,0,0,0,1,97.905,32.604,31.916,0.338,7.216,0.091,0.498,0.000,4.866,0.085,0.396,13.476,4.930,0.528,0.000,0.000,0.000,0.000,0.000,0.000,0.000,0.000,0.000,0.000,0.000,0.000,0.000,0.000,0.000,0.000,0,0,4.951,7.325,13.873,0.000,18
Classic CPU ROAM,RelWithDebInfo,OpenGL,NVIDIA GeForce RTX 5090 D/PCIe/SSE2,4.3.0 NVIDIA 591.86,false,assets/heightmaps/Hm_Terrain_Test_129.pgm,129,129,39.400,12.000,20,4.000,2.000,200000,8.683,0.000,18.000,0.935,33.065,38902,252820,38900,204,102,288,125,0,0,0,0,1,94.945,33.596,32.911,0.356,7.151,0.085,0.431,0.000,5.372,0.100,0.408,14.098,4.886,0.507,0.000,0.000,0.000,0.000,0.000,0.000,0.000,0.000,0.000,0.000,0.000,0.000,0.000,0.000,0.000,0.000,0,0,5.472,7.259,14.506,0.000,18
Classic CPU ROAM,RelWithDebInfo,OpenGL,NVIDIA GeForce RTX 5090 D/PCIe/SSE2,4.3.0 NVIDIA 591.86,false,assets/heightmaps/Hm_Terrain_Test_129.pgm,129,129,39.400,12.000,20,4.000,2.000,200000,8.717,0.000,18.000,0.889,34.089,38836,253136,38834,158,79,224,106,0,0,0,0,1,102.416,31.114,30.510,0.315,6.300,0.071,0.470,0.000,4.674,0.079,0.377,13.483,4.721,0.432,0.000,0.000,0.000,0.000,0.000,0.000,0.000,0.000,0.000,0.000,0.000,0.000,0.000,0.000,0.000,0.000,0,0,4.753,6.392,13.860,0.000,18
Classic CPU ROAM,RelWithDebInfo,OpenGL,NVIDIA GeForce RTX 5090 D/PCIe/SSE2,4.3.0 NVIDIA 591.86,false,assets/heightmaps/Hm_Terrain_Test_129.pgm,129,129,39.400,12.000,20,4.000,2.000,200000,8.749,0.000,18.000,0.848,31.630,38834,253576,38832,220,110,222,134,0,0,0,0,1,102.350,31.191,30.530,0.310,6.504,0.065,0.454,0.000,4.649,0.105,0.385,13.270,4.765,0.482,0.000,0.000,0.000,0.000,0.000,0.000,0.000,0.000,0.000,0.000,0.000,0.000,0.000,0.000,0.000,0.000,0,0,4.754,6.592,13.655,0.000,18
Classic CPU ROAM,RelWithDebInfo,OpenGL,NVIDIA GeForce RTX 5090 D/PCIe/SSE2,4.3.0 NVIDIA 591.86,false,assets/heightmaps/Hm_Terrain_Test_129.pgm,129,129,39.400,12.000,20,4.000,2.000,200000,8.781,0.000,18.000,0.807,31.699,38790,253936,38788,180,90,224,112,0,0,0,0,1,50.875,31.370,30.710,0.320,6.511,0.065,0.529,0.000,4.739,0.088,0.387,13.368,4.680,0.481,0.000,0.000,0.000,0.000,0.000,0.000,0.000,0.000,0.000,0.000,0.000,0.000,0.000,0.000,0.000,0.000,0,0,4.827,6.598,13.755,0.000,18
Classic CPU ROAM,RelWithDebInfo,OpenGL,NVIDIA GeForce RTX 5090 D/PCIe/SSE2,4.3.0 NVIDIA 591.86,false,assets/heightmaps/Hm_Terrain_Test_129.pgm,129,129,39.400,12.000,20,4.000,2.000,200000,8.812,0.000,18.000,0.767,31.843,38690,254284,38688,176,89,276,114,0,0,0,0,1,150.903,31.713,31.061,0.312,6.666,0.085,0.432,0.000,4.740,0.085,0.371,13.515,4.833,0.477,0.000,0.000,0.000,0.000,0.000,0.000,0.000,0.000,0.000,0.000,0.000,0.000,0.000,0.000,0.000,0.000,0,0,4.826,6.772,13.886,0.000,18
Classic CPU ROAM,RelWithDebInfo,OpenGL,NVIDIA GeForce RTX 5090 D/PCIe/SSE2,4.3.0 NVIDIA 591.86,false,assets/heightmaps/Hm_Terrain_Test_129.pgm,129,129,39.400,12.000,20,4.000,2.000,200000,8.845,0.000,18.000,0.728,32.187,38676,254632,38674,174,87,188,108,0,0,0,0,1,101.592,31.360,30.758,0.317,6.704,0.060,0.498,0.000,4.839,0.087,0.383,13.211,4.637,0.430,0.000,0.000,0.000,0.000,0.000,0.000,0.000,0.000,0.000,0.000,0.000,0.000,0.000,0.000,0.000,0.000,0,0,4.926,6.785,13.594,0.000,18
Classic CPU ROAM,RelWithDebInfo,OpenGL,NVIDIA GeForce RTX 5090 D/PCIe/SSE2,4.3.0 NVIDIA 591.86,false,assets/heightmaps/Hm_Terrain_Test_129.pgm,129,129,39.400,12.000,20,4.000,2.000,200000,8.876,0.000,18.000,0.690,31.846,38716,255032,38714,200,100,160,121,0,0,0,0,1,103.698,30.806,30.133,0.317,6.228,0.047,0.467,0.000,4.759,0.114,0.401,13.185,4.589,0.500,0.000,0.000,0.000,0.000,0.000,0.000,0.000,0.000,0.000,0.000,0.000,0.000,0.000,0.000,0.000,0.000,0,0,4.874,6.300,13.586,0.000,18
Classic CPU ROAM,RelWithDebInfo,OpenGL,NVIDIA GeForce RTX 5090 D/PCIe/SSE2,4.3.0 NVIDIA 591.86,false,assets/heightmaps/Hm_Terrain_Test_129.pgm,129,129,39.400,12.000,20,4.000,2.000,200000,8.908,0.000,18.000,0.654,31.287,38598,255348,38596,158,79,276,132,0,0,0,0,1,96.776,32.953,32.289,0.312,6.623,0.084,0.523,0.000,4.995,0.076,0.442,13.771,5.442,0.493,0.000,0.000,0.000,0.000,0.000,0.000,0.000,0.000,0.000,0.000,0.000,0.000,0.000,0.000,0.000,0.000,0,0,5.071,6.727,14.214,0.000,18
Classic CPU ROAM,RelWithDebInfo,OpenGL,NVIDIA GeForce RTX 5090 D/PCIe/SSE2,4.3.0 NVIDIA 591.86,false,assets/heightmaps/Hm_Terrain_Test_129.pgm,129,129,39.400,12.000,20,4.000,2.000,200000,8.941,0.000,18.000,0.616,33.469,38610,255680,38608,166,83,154,98,0,0,0,0,1,99.156,32.147,31.514,0.337,7.051,0.048,0.496,0.000,4.567,0.083,0.462,13.406,5.040,0.455,0.000,0.000,0.000,0.000,0.000,0.000,0.000,0.000,0.000,0.000,0.000,0.000,0.000,0.000,0.000,0.000,0,0,4.651,7.122,13.868,0.000,18
Classic CPU ROAM,RelWithDebInfo,OpenGL,NVIDIA GeForce RTX 5090 D/PCIe/SSE2,4.3.0 NVIDIA 591.86,false,assets/heightmaps/Hm_Terrain_Test_129.pgm,129,129,39.400,12.000,20,4.000,2.000,200000,8.974,0.000,18.000,0.580,32.691,38618,256044,38616,182,91,174,106,0,0,0,0,1,97.522,32.704,32.042,0.325,6.875,0.057,0.522,0.000,4.810,0.089,0.376,13.501,5.467,0.489,0.000,0.000,0.000,0.000,0.000,0.000,0.000,0.000,0.000,0.000,0.000,0.000,0.000,0.000,0.000,0.000,0,0,4.899,6.952,13.877,0.000,18
Classic CPU ROAM,RelWithDebInfo,OpenGL,NVIDIA GeForce RTX 5090 D/PCIe/SSE2,4.3.0 NVIDIA 591.86,false,assets/heightmaps/Hm_Terrain_Test_129.pgm,129,129,39.400,12.000,20,4.000,2.000,200000,9.007,0.000,18.000,0.544,33.197,38566,256372,38564,164,82,216,128,0,0,0,0,1,102.679,31.109,30.433,0.320,7.157,0.066,0.424,0.000,4.621,0.087,0.414,12.929,4.390,0.489,0.000,0.000,0.000,0.000,0.000,0.000,0.000,0.000,0.000,0.000,0.000,0.000,0.000,0.000,0.000,0.000,0,0,4.709,7.247,13.343,0.000,18
Classic CPU ROAM,RelWithDebInfo,OpenGL,NVIDIA GeForce RTX 5090 D/PCIe/SSE2,4.3.0 NVIDIA 591.86,false,assets/heightmaps/Hm_Terrain_Test_129.pgm,129,129,39.400,12.000,20,4.000,2.000,200000,9.039,0.000,18.000,0.511,31.581,38517,256664,38515,146,73,195,90,0,0,0,0,1,120.243,39.646,38.982,0.357,10.568,0.075,0.941,0.000,7.120,0.083,0.483,13.880,5.453,0.484,0.000,0.000,0.000,0.000,0.000,0.000,0.000,0.000,0.000,0.000,0.000,0.000,0.000,0.000,0.000,0.000,0,0,7.204,10.664,14.362,0.000,18
Classic CPU ROAM,RelWithDebInfo,OpenGL,NVIDIA GeForce RTX 5090 D/PCIe/SSE2,4.3.0 NVIDIA 591.86,false,assets/heightmaps/Hm_Terrain_Test_129.pgm,129,129,39.400,12.000,20,4.000,2.000,200000,9.079,0.000,18.000,0.471,40.149,38507,256992,38505,164,82,174,98,0,0,0,0,1,101.449,31.520,30.801,0.310,6.689,0.050,0.516,0.000,4.872,0.096,0.388,13.159,4.698,0.502,0.000,0.000,0.000,0.000,0.000,0.000,0.000,0.000,0.000,0.000,0.000,0.000,0.000,0.000,0.000,0.000,0,0,4.969,6.761,13.547,0.000,18
Classic CPU ROAM,RelWithDebInfo,OpenGL,NVIDIA GeForce RTX 5090 D/PCIe/SSE2,4.3.0 NVIDIA 591.86,false,assets/heightmaps/Hm_Terrain_Test_129.pgm,129,129,39.400,12.000,20,4.000,2.000,200000,9.111,0.000,18.000,0.439,32.050,38448,257268,38446,138,69,197,92,0,0,0,0,1,102.215,31.234,30.571,0.320,6.470,0.060,0.444,0.000,4.890,0.071,0.398,13.195,4.702,0.482,0.000,0.000,0.000,0.000,0.000,0.000,0.000,0.000,0.000,0.000,0.000,0.000,0.000,0.000,0.000,0.000,0,0,4.962,6.550,13.592,0.000,18
Classic CPU ROAM,RelWithDebInfo,OpenGL,NVIDIA GeForce RTX 5090 D/PCIe/SSE2,4.3.0 NVIDIA 591.86,false,assets/heightmaps/Hm_Terrain_Test_129.pgm,129,129,39.400,12.000,20,4.000,2.000,200000,9.143,0.000,18.000,0.410,31.716,38354,257504,38352,118,59,212,108,0,0,0,0,1,100.384,31.782,31.128,0.317,6.649,0.062,0.553,0.000,4.864,0.059,0.527,13.079,4.994,0.479,0.000,0.000,0.000,0.000,0.000,0.000,0.000,0.000,0.000,0.000,0.000,0.000,0.000,0.000,0.000,0.000,0,0,4.924,6.734,13.606,0.000,18
Classic CPU ROAM,RelWithDebInfo,OpenGL,NVIDIA GeForce RTX 5090 D/PCIe/SSE2,4.3.0 NVIDIA 591.86,false,assets/heightmaps/Hm_Terrain_Test_129.pgm,129,129,39.400,12.000,20,4.000,2.000,200000,9.175,0.000,18.000,0.380,32.246,38276,257736,38274,116,58,194,88,0,0,0,0,1,101.208,31.473,30.875,0.311,6.842,0.059,0.510,0.000,5.037,0.058,0.396,13.046,4.591,0.425,0.000,0.000,0.000,0.000,0.000,0.000,0.000,0.000,0.000,0.000,0.000,0.000,0.000,0.000,0.000,0.000,0,0,5.096,6.924,13.443,0.000,18
Classic CPU ROAM,RelWithDebInfo,OpenGL,NVIDIA GeForce RTX 5090 D/PCIe/SSE2,4.3.0 NVIDIA 591.86,false,assets/heightmaps/Hm_Terrain_Test_129.pgm,129,129,39.400,12.000,20,4.000,2.000,200000,9.207,0.000,18.000,0.352,31.981,38268,257996,38266,130,65,138,76,0,0,0,0,1,103.054,30.983,30.322,0.315,6.723,0.043,0.439,0.000,4.806,0.067,0.421,12.961,4.520,0.492,0.000,0.000,0.000,0.000,0.000,0.000,0.000,0.000,0.000,0.000,0.000,0.000,0.000,0.000,0.000,0.000,0,0,4.873,6.793,13.382,0.000,18
Classic CPU ROAM,RelWithDebInfo,OpenGL,NVIDIA GeForce RTX 5090 D/PCIe/SSE2,4.3.0 NVIDIA 591.86,false,assets/heightmaps/Hm_Terrain_Test_129.pgm,129,129,39.400,12.000,20,4.000,2.000,200000,9.238,0.000,18.000,0.325,31.461,38262,258208,38260,106,53,112,59,0,0,0,0,1,104.651,30.502,29.859,0.312,6.280,0.035,0.386,0.000,4.355,0.052,0.358,13.310,4.750,0.474,0.000,0.000,0.000,0.000,0.000,0.000,0.000,0.000,0.000,0.000,0.000,0.000,0.000,0.000,0.000,0.000,0,0,4.408,6.334,13.668,0.000,18
Classic CPU ROAM,RelWithDebInfo,OpenGL,NVIDIA GeForce RTX 5090 D/PCIe/SSE2,4.3.0 NVIDIA 591.86,false,assets/heightmaps/Hm_Terrain_Test_129.pgm,129,129,39.400,12.000,20,4.000,2.000,200000,9.269,0.000,18.000,0.300,30.958,38164,258400,38162,96,48,194,76,0,0,0,0,1,102.797,31.058,30.397,0.313,6.916,0.059,0.411,0.000,4.293,0.047,0.362,13.335,4.634,0.484,0.000,0.000,0.000,0.000,0.000,0.000,0.000,0.000,0.000,0.000,0.000,0.000,0.000,0.000,0.000,0.000,0,0,4.340,7.002,13.697,0.000,18
Classic CPU ROAM,RelWithDebInfo,OpenGL,NVIDIA GeForce RTX 5090 D/PCIe/SSE2,4.3.0 NVIDIA 591.86,false,assets/heightmaps/Hm_Terrain_Test_129.pgm,129,129,39.400,12.000,20,4.000,2.000,200000,9.301,0.000,18.000,0.275,31.541,38119,258648,38117,124,62,169,90,0,0,0,0,1,103.742,30.721,30.121,0.313,6.279,0.050,0.420,0.000,4.458,0.065,0.363,13.297,4.854,0.436,0.000,0.000,0.000,0.000,0.000,0.000,0.000,0.000,0.000,0.000,0.000,0.000,0.000,0.000,0.000,0.000,0,0,4.523,6.350,13.660,0.000,18
Classic CPU ROAM,RelWithDebInfo,OpenGL,NVIDIA GeForce RTX 5090 D/PCIe/SSE2,4.3.0 NVIDIA 591.86,false,assets/heightmaps/Hm_Terrain_Test_129.pgm,129,129,39.400,12.000,20,4.000,2.000,200000,9.332,0.000,18.000,0.252,31.304,38079,258864,38077,108,54,148,92,0,0,0,0,1,104.879,30.444,29.794,0.308,6.431,0.046,0.485,0.000,4.391,0.053,0.384,13.051,4.618,0.496,0.000,0.000,0.000,0.000,0.000,0.000,0.000,0.000,0.000,0.000,0.000,0.000,0.000,0.000,0.000,0.000,0,0,4.445,6.504,13.434,0.000,18
Classic CPU ROAM,RelWithDebInfo,OpenGL,NVIDIA GeForce RTX 5090 D/PCIe/SSE2,4.3.0 NVIDIA 591.86,false,assets/heightmaps/Hm_Terrain_Test_129.pgm,129,129,39.400,12.000,20,4.000,2.000,200000,9.363,0.000,18.000,0.230,30.907,38125,259112,38123,124,62,78,68,0,0,0,0,1,105.050,30.381,29.746,0.305,6.302,0.025,0.430,0.000,4.513,0.062,0.384,13.062,4.641,0.472,0.000,0.000,0.000,0.000,0.000,0.000,0.000,0.000,0.000,0.000,0.000,0.000,0.000,0.000,0.000,0.000,0,0,4.575,6.349,13.446,0.000,18
Classic CPU ROAM,RelWithDebInfo,OpenGL,NVIDIA GeForce RTX 5090 D/PCIe/SSE2,4.3.0 NVIDIA 591.86,false,assets/heightmaps/Hm_Terrain_Test_129.pgm,129,129,39.400,12.000,20,4.000,2.000,200000,9.394,0.000,18.000,0.208,30.827,38077,259244,38075,66,33,114,62,0,0,0,0,1,103.060,30.922,30.320,0.301,6.707,0.034,0.538,0.000,4.817,0.034,0.389,12.905,4.566,0.433,0.000,0.000,0.000,0.000,0.000,0.000,0.000,0.000,0.000,0.000,0.000,0.000,0.000,0.000,0.000,0.000,0,0,4.852,6.768,13.294,0.000,18
Classic CPU ROAM,RelWithDebInfo,OpenGL,NVIDIA GeForce RTX 5090 D/PCIe/SSE2,4.3.0 NVIDIA 591.86,false,assets/heightmaps/Hm_Terrain_Test_129.pgm,129,129,39.400,12.000,20,4.000,2.000,200000,9.425,0.000,18.000,0.188,31.441,38077,259456,38075,106,53,106,56,0,0,0,0,1,103.439,30.850,30.208,0.313,6.244,0.032,0.509,0.000,5.018,0.052,0.393,13.005,4.617,0.475,0.000,0.000,0.000,0.000,0.000,0.000,0.000,0.000,0.000,0.000,0.000,0.000,0.000,0.000,0.000,0.000,0,0,5.072,6.299,13.398,0.000,18
Classic CPU ROAM,RelWithDebInfo,OpenGL,NVIDIA GeForce RTX 5090 D/PCIe/SSE2,4.3.0 NVIDIA 591.86,false,assets/heightmaps/Hm_Terrain_Test_129.pgm,129,129,39.400,12.000,20,4.000,2.000,200000,9.457,0.000,18.000,0.168,31.305,38071,259596,38069,70,35,76,52,0,0,0,0,1,101.331,31.493,30.837,0.315,6.540,0.023,0.493,0.000,4.676,0.060,0.422,13.091,5.196,0.480,0.000,0.000,0.000,0.000,0.000,0.000,0.000,0.000,0.000,0.000,0.000,0.000,0.000,0.000,0.000,0.000,0,0,4.736,6.585,13.513,0.000,18
Classic CPU ROAM,RelWithDebInfo,OpenGL,NVIDIA GeForce RTX 5090 D/PCIe/SSE2,4.3.0 NVIDIA 591.86,false,assets/heightmaps/Hm_Terrain_Test_129.pgm,129,129,39.400,12.000,20,4.000,2.000,200000,9.489,0.000,18.000,0.149,31.952,38073,259784,38071,94,47,92,48,0,0,0,0,1,102.992,30.987,30.340,0.309,6.611,0.028,0.405,0.000,4.175,0.043,0.377,13.265,5.105,0.477,0.000,0.000,0.000,0.000,0.000,0.000,0.000,0.000,0.000,0.000,0.000,0.000,0.000,0.000,0.000,0.000,0,0,4.219,6.660,13.642,0.000,18
Classic CPU ROAM,RelWithDebInfo,OpenGL,NVIDIA GeForce RTX 5090 D/PCIe/SSE2,4.3.0 NVIDIA 591.86,false,assets/heightmaps/Hm_Terrain_Test_129.pgm,129,129,39.400,12.000,20,4.000,2.000,200000,9.520,0.000,18.000,0.132,31.475,38075,259896,38073,56,28,54,34,0,0,0,0,1,98.603,32.319,31.690,0.310,7.446,0.017,0.421,0.000,4.422,0.029,0.363,13.290,5.366,0.451,0.000,0.000,0.000,0.000,0.000,0.000,0.000,0.000,0.000,0.000,0.000,0.000,0.000,0.000,0.000,0.000,0,0,4.451,7.490,13.653,0.000,18
Classic CPU ROAM,RelWithDebInfo,OpenGL,NVIDIA GeForce RTX 5090 D/PCIe/SSE2,4.3.0 NVIDIA 591.86,false,assets/heightmaps/Hm_Terrain_Test_129.pgm,129,129,39.400,12.000,20,4.000,2.000,200000,9.553,0.000,18.000,0.115,32.844,37959,260080,37957,92,46,208,88,0,0,0,0,1,101.493,31.428,30.788,0.323,6.979,0.061,0.451,0.000,4.650,0.045,0.409,13.237,4.612,0.448,0.000,0.000,0.000,0.000,0.000,0.000,0.000,0.000,0.000,0.000,0.000,0.000,0.000,0.000,0.000,0.000,0,0,4.695,7.060,13.646,0.000,18
Classic CPU ROAM,RelWithDebInfo,OpenGL,NVIDIA GeForce RTX 5090 D/PCIe/SSE2,4.3.0 NVIDIA 591.86,false,assets/heightmaps/Hm_Terrain_Test_129.pgm,129,129,39.400,12.000,20,4.000,2.000,200000,9.585,0.000,18.000,0.099,31.904,37897,260212,37895,66,33,128,66,0,0,0,0,1,102.586,31.126,30.459,0.320,6.100,0.038,0.385,0.000,4.448,0.034,0.372,13.407,5.332,0.491,0.000,0.000,0.000,0.000,0.000,0.000,0.000,0.000,0.000,0.000,0.000,0.000,0.000,0.000,0.000,0.000,0,0,4.482,6.161,13.779,0.000,18
Classic CPU ROAM,RelWithDebInfo,OpenGL,NVIDIA GeForce RTX 5090 D/PCIe/SSE2,4.3.0 NVIDIA 591.86,false,assets/heightmaps/Hm_Terrain_Test_129.pgm,129,129,39.400,12.000,20,4.000,2.000,200000,9.616,0.000,18.000,0.085,31.612,37887,260388,37885,88,44,98,54,0,0,0,0,1,99.785,31.923,31.315,0.312,6.966,0.030,0.455,0.000,4.391,0.045,0.383,13.407,5.306,0.417,0.000,0.000,0.000,0.000,0.000,0.000,0.000,0.000,0.000,0.000,0.000,0.000,0.000,0.000,0.000,0.000,0,0,4.436,7.016,13.790,0.000,18
Classic CPU ROAM,RelWithDebInfo,OpenGL,NVIDIA GeForce RTX 5090 D/PCIe/SSE2,4.3.0 NVIDIA 591.86,false,assets/heightmaps/Hm_Terrain_Test_129.pgm,129,129,39.400,12.000,20,4.000,2.000,200000,9.649,0.000,18.000,0.071,32.462,37919,260540,37917,76,38,44,40,0,0,0,0,1,102.935,31.027,30.357,0.321,6.534,0.013,0.393,0.000,4.521,0.037,0.397,13.049,5.070,0.495,0.000,0.000,0.000,0.000,0.000,0.000,0.000,0.000,0.000,0.000,0.000,0.000,0.000,0.000,0.000,0.000,0,0,4.558,6.569,13.446,0.000,18
Classic CPU ROAM,RelWithDebInfo,OpenGL,NVIDIA GeForce RTX 5090 D/PCIe/SSE2,4.3.0 NVIDIA 591.86,false,assets/heightmaps/Hm_Terrain_Test_129.pgm,129,129,39.400,12.000,20,4.000,2.000,200000,9.680,0.000,18.000,0.059,31.512,37846,260636,37844,48,24,121,40,0,0,0,0,1,101.817,31.343,30.690,0.301,6.734,0.037,0.411,0.000,4.465,0.027,0.375,13.089,5.230,0.477,0.000,0.000,0.000,0.000,0.000,0.000,0.000,0.000,0.000,0.000,0.000,0.000,0.000,0.000,0.000,0.000,0,0,4.492,6.792,13.464,0.000,18
Classic CPU ROAM,RelWithDebInfo,OpenGL,NVIDIA GeForce RTX 5090 D/PCIe/SSE2,4.3.0 NVIDIA 591.86,false,assets/heightmaps/Hm_Terrain_Test_129.pgm,129,129,39.400,12.000,20,4.000,2.000,200000,9.712,0.000,18.000,0.048,31.826,37854,260724,37852,44,22,36,24,0,0,0,0,1,100.039,31.885,31.235,0.305,6.538,0.011,0.518,0.000,4.697,0.024,0.470,13.302,5.344,0.486,0.000,0.000,0.000,0.000,0.000,0.000,0.000,0.000,0.000,0.000,0.000,0.000,0.000,0.000,0.000,0.000,0,0,4.722,6.574,13.772,0.000,18
Classic CPU ROAM,RelWithDebInfo,OpenGL,NVIDIA GeForce RTX 5090 D/PCIe/SSE2,4.3.0 NVIDIA 591.86,false,assets/heightmaps/Hm_Terrain_Test_129.pgm,129,129,39.400,12.000,20,4.000,2.000,200000,9.745,0.000,18.000,0.038,32.361,37870,260804,37868,40,20,24,20,0,0,0,0,1,104.587,30.476,29.877,0.298,6.421,0.009,0.429,0.000,4.444,0.021,0.392,13.002,4.841,0.434,0.000,0.000,0.000,0.000,0.000,0.000,0.000,0.000,0.000,0.000,0.000,0.000,0.000,0.000,0.000,0.000,0,0,4.466,6.449,13.394,0.000,18
Classic CPU ROAM,RelWithDebInfo,OpenGL,NVIDIA GeForce RTX 5090 D/PCIe/SSE2,4.3.0 NVIDIA 591.86,false,assets/heightmaps/Hm_Terrain_Test_129.pgm,129,129,39.400,12.000,20,4.000,2.000,200000,9.776,0.000,18.000,0.029,30.980,37886,260900,37884,48,24,32,24,0,0,0,0,1,101.151,31.549,30.892,0.303,6.213,0.010,0.439,0.000,4.317,0.025,0.438,13.854,5.269,0.488,0.000,0.000,0.000,0.000,0.000,0.000,0.000,0.000,0.000,0.000,0.000,0.000,0.000,0.000,0.000,0.000,0,0,4.342,6.246,14.292,0.000,18
Classic CPU ROAM,RelWithDebInfo,OpenGL,NVIDIA GeForce RTX 5090 D/PCIe/SSE2,4.3.0 NVIDIA 591.86,false,assets/heightmaps/Hm_Terrain_Test_129.pgm,129,129,39.400,12.000,20,4.000,2.000,200000,9.808,0.000,18.000,0.022,32.029,37880,260960,37878,30,15,36,18,0,0,0,0,1,101.691,31.391,30.728,0.305,6.671,0.012,0.433,0.000,4.638,0.016,0.368,13.110,5.154,0.481,0.000,0.000,0.000,0.000,0.000,0.000,0.000,0.000,0.000,0.000,0.000,0.000,0.000,0.000,0.000,0.000,0,0,4.654,6.703,13.478,0.000,18
Classic CPU ROAM,RelWithDebInfo,OpenGL,NVIDIA GeForce RTX 5090 D/PCIe/SSE2,4.3.0 NVIDIA 591.86,false,assets/heightmaps/Hm_Terrain_Test_129.pgm,129,129,39.400,12.000,20,4.000,2.000,200000,9.839,0.000,18.000,0.015,31.879,37878,261000,37876,20,10,22,12,0,0,0,0,1,103.780,30.726,30.110,0.308,6.962,0.007,0.444,0.000,4.564,0.012,0.413,12.901,4.477,0.445,0.000,0.000,0.000,0.000,0.000,0.000,0.000,0.000,0.000,0.000,0.000,0.000,0.000,0.000,0.000,0.000,0,0,4.577,6.991,13.314,0.000,18
Classic CPU ROAM,RelWithDebInfo,OpenGL,NVIDIA GeForce RTX 5090 D/PCIe/SSE2,4.3.0 NVIDIA 591.86,false,assets/heightmaps/Hm_Terrain_Test_129.pgm,129,129,39.400,12.000,20,4.000,2.000,200000,9.871,0.000,18.000,0.010,31.258,37902,261088,37900,44,22,20,24,0,0,0,0,1,104.147,30.658,30.003,0.309,6.159,0.007,0.318,0.000,4.307,0.023,0.389,13.267,5.208,0.473,0.000,0.000,0.000,0.000,0.000,0.000,0.000,0.000,0.000,0.000,0.000,0.000,0.000,0.000,0.000,0.000,0,0,4.330,6.182,13.656,0.000,18
Classic CPU ROAM,RelWithDebInfo,OpenGL,NVIDIA GeForce RTX 5090 D/PCIe/SSE2,4.3.0 NVIDIA 591.86,false,assets/heightmaps/Hm_Terrain_Test_129.pgm,129,129,39.400,12.000,20,4.000,2.000,200000,9.902,0.000,18.000,0.006,31.139,37898,261108,37896,10,5,14,8,0,0,0,0,1,100.907,31.619,30.967,0.309,7.037,0.005,0.435,0.000,4.280,0.007,0.352,13.119,5.400,0.476,0.000,0.000,0.000,0.000,0.000,0.000,0.000,0.000,0.000,0.000,0.000,0.000,0.000,0.000,0.000,0.000,0,0,4.287,7.064,13.471,0.000,18
Classic CPU ROAM,RelWithDebInfo,OpenGL,NVIDIA GeForce RTX 5090 D/PCIe/SSE2,4.3.0 NVIDIA 591.86,false,assets/heightmaps/Hm_Terrain_Test_129.pgm,129,129,39.400,12.000,20,4.000,2.000,200000,9.934,0.000,18.000,0.003,32.100,37902,261128,37900,10,5,6,6,0,0,0,0,1,102.283,31.203,30.549,0.311,6.658,0.002,0.356,0.000,4.509,0.010,0.372,13.096,5.215,0.481,0.000,0.000,0.000,0.000,0.000,0.000,0.000,0.000,0.000,0.000,0.000,0.000,0.000,0.000,0.000,0.000,0,0,4.519,6.680,13.468,0.000,18
Classic CPU ROAM,RelWithDebInfo,OpenGL,NVIDIA GeForce RTX 5090 D/PCIe/SSE2,4.3.0 NVIDIA 591.86,false,assets/heightmaps/Hm_Terrain_Test_129.pgm,129,129,39.400,12.000,20,4.000,2.000,200000,9.966,0.000,18.000,0.001,31.747,37898,261136,37896,4,2,8,6,0,0,0,0,1,102.023,31.238,30.628,0.301,6.810,0.003,0.415,0.000,4.399,0.004,0.367,13.136,5.169,0.443,0.000,0.000,0.000,0.000,0.000,0.000,0.000,0.000,0.000,0.000,0.000,0.000,0.000,0.000,0.000,0.000,0,0,4.403,6.836,13.503,0.000,18
Classic CPU ROAM,RelWithDebInfo,OpenGL,NVIDIA GeForce RTX 5090 D/PCIe/SSE2,4.3.0 NVIDIA 591.86,false,assets/heightmaps/Hm_Terrain_Test_129.pgm,129,129,39.400,12.000,20,4.000,2.000,200000,9.997,0.000,18.000,0.000,31.758,37902,261144,37900,4,2,0,2,0,0,0,0,1,99.673,32.005,31.351,0.303,6.643,0.000,0.581,0.000,4.825,0.004,0.385,13.285,5.302,0.486,0.000,0.000,0.000,0.000,0.000,0.000,0.000,0.000,0.000,0.000,0.000,0.000,0.000,0.000,0.000,0.000,0,0,4.830,6.665,13.670,0.000,18
Classic CPU ROAM,RelWithDebInfo,OpenGL,NVIDIA GeForce RTX 5090 D/PCIe/SSE2,4.3.0 NVIDIA 591.86,false,assets/heightmaps/Hm_Terrain_Test_129.pgm,129,129,39.400,12.000,20,4.000,2.000,200000,10.000,0.000,18.000,0.000,32.495,37902,261144,37900,0,0,0,0,0,0,0,0,1,50.279,31.740,31.074,0.299,6.648,0.000,0.509,0.000,4.947,0.000,0.310,13.144,5.194,0.487,0.000,0.000,0.000,0.000,0.000,0.000,0.000,0.000,0.000,0.000,0.000,0.000,0.000,0.000,0.000,0.000,0,0,4.948,6.672,13.453,0.000,18
Data-Oriented CPU ROAM,RelWithDebInfo,OpenGL,NVIDIA GeForce RTX 5090 D/PCIe/SSE2,4.3.0 NVIDIA 591.86,false,assets/heightmaps/Hm_Terrain_Test_129.pgm,129,129,39.400,12.000,20,4.000,2.000,200000,0.000,0.000,18.000,19.700,506.628,48719,97436,48717,48717,24555,0,19715,0,0,0,0,8,99.419,472.239,471.487,426.871,0.001,0.006,0.000,0.000,0.003,34.004,0.894,4.094,5.613,0.546,0.000,0.000,0.000,0.000,0.000,0.000,0.000,0.000,0.000,0.000,0.000,0.000,0.000,0.000,0.000,0.000,0,0,34.007,0.007,4.988,0.000,17
Data-Oriented CPU ROAM,RelWithDebInfo,OpenGL,NVIDIA GeForce RTX 5090 D/PCIe/SSE2,4.3.0 NVIDIA 591.86,false,assets/heightmaps/Hm_Terrain_Test_129.pgm,129,129,39.400,12.000,20,4.000,2.000,200000,0.473,0.000,18.000,19.572,472.817,48780,98472,48778,518,258,457,371,0,0,0,0,8,89.853,18.123,17.387,0.394,5.449,0.402,0.000,0.000,1.498,0.629,0.889,3.287,4.840,0.489,0.000,0.000,0.000,0.000,0.000,0.000,0.000,0.000,0.000,0.000,0.000,0.000,0.000,0.000,0.000,0.000,0,0,2.127,5.851,4.176,0.000,17
Data-Oriented CPU ROAM,RelWithDebInfo,OpenGL,NVIDIA GeForce RTX 5090 D/PCIe/SSE2,4.3.0 NVIDIA 591.86,false,assets/heightmaps/Hm_Terrain_Test_129.pgm,129,129,39.400,12.000,20,4.000,2.000,200000,0.491,0.000,18.000,19.562,18.606,48814,98568,48812,48,24,14,26,0,0,0,0,8,95.515,17.150,16.357,0.395,5.239,0.028,0.000,0.000,1.304,0.074,0.889,3.802,4.625,0.495,0.000,0.000,0.000,0.000,0.000,0.000,0.000,0.000,0.000,0.000,0.000,0.000,0.000,0.000,0.000,0.000,0,0,1.378,5.267,4.692,0.000,17
Data-Oriented CPU ROAM,RelWithDebInfo,OpenGL,NVIDIA GeForce RTX 5090 D/PCIe/SSE2,4.3.0 NVIDIA 591.86,false,assets/heightmaps/Hm_Terrain_Test_129.pgm,129,129,39.400,12.000,20,4.000,2.000,200000,0.509,0.000,18.000,19.552,17.620,48816,98640,48814,36,18,34,18,0,0,0,0,8,94.806,17.199,16.479,0.393,5.291,0.059,0.000,0.000,1.557,0.065,0.946,3.537,4.630,0.468,0.000,0.000,0.000,0.000,0.000,0.000,0.000,0.000,0.000,0.000,0.000,0.000,0.000,0.000,0.000,0.000,0,0,1.622,5.350,4.484,0.000,17
Data-Oriented CPU ROAM,RelWithDebInfo,OpenGL,NVIDIA GeForce RTX 5090 D/PCIe/SSE2,4.3.0 NVIDIA 591.86,false,assets/heightmaps/Hm_Terrain_Test_129.pgm,129,129,39.400,12.000,20,4.000,2.000,200000,0.527,0.000,18.000,19.542,17.664,48834,98720,48832,40,20,22,21,0,0,0,0,8,99.276,16.481,15.737,0.392,4.899,0.040,0.000,0.000,1.434,0.064,0.878,3.394,4.634,0.466,0.000,0.000,0.000,0.000,0.000,0.000,0.000,0.000,0.000,0.000,0.000,0.000,0.000,0.000,0.000,0.000,0,0,1.499,4.939,4.273,0.000,17
Data-Oriented CPU ROAM,RelWithDebInfo,OpenGL,NVIDIA GeForce RTX 5090 D/PCIe/SSE2,4.3.0 NVIDIA 591.86,false,assets/heightmaps/Hm_Terrain_Test_129.pgm,129,129,39.400,12.000,20,4.000,2.000,200000,0.544,0.000,18.000,19.532,16.939,48830,98776,48828,28,14,32,20,0,0,0,0,8,93.303,17.484,16.744,0.386,5.067,0.050,0.000,0.000,1.739,0.053,0.999,3.100,5.350,0.471,0.000,0.000,0.000,0.000,0.000,0.000,0.000,0.000,0.000,0.000,0.000,0.000,0.000,0.000,0.000,0.000,0,0,1.793,5.116,4.099,0.000,17
Data-Oriented CPU ROAM,RelWithDebInfo,OpenGL,NVIDIA GeForce RTX 5090 D/PCIe/SSE2,4.3.0 NVIDIA 591.86,false,assets/heightmaps/Hm_Terrain_Test_129.pgm,129,129,39.400,12.000,20,4.000,2.000,200000,0.562,0.000,18.000,19.521,17.973,48856,98872,48854,48,24,22,25,0,0,0,0,8,760.022,17.193,16.445,0.394,5.151,0.040,0.000,0.000,1.414,0.089,0.909,3.551,4.897,0.450,0.000,0.000,0.000,0.000,0.000,0.000,0.000,0.000,0.000,0.000,0.000,0.000,0.000,0.000,0.000,0.000,0,0,1.503,5.190,4.460,0.000,17
Data-Oriented CPU ROAM,RelWithDebInfo,OpenGL,NVIDIA GeForce RTX 5090 D/PCIe/SSE2,4.3.0 NVIDIA 591.86,false,assets/heightmaps/Hm_Terrain_Test_129.pgm,129,129,39.400,12.000,20,4.000,2.000,200000,0.579,0.000,18.000,19.509,17.653,48860,98960,48858,44,24,40,21,0,0,0,0,8,95.083,17.146,16.431,0.391,5.354,0.062,0.000,0.000,1.348,0.072,0.907,3.633,4.663,0.480,0.000,0.000,0.000,0.000,0.000,0.000,0.000,0.000,0.000,0.000,0.000,0.000,0.000,0.000,0.000,0.000,0,0,1.420,5.416,4.540,0.000,17
Data-Oriented CPU ROAM,RelWithDebInfo,OpenGL,NVIDIA GeForce RTX 5090 D/PCIe/SSE2,4.3.0 NVIDIA 591.86,false,assets/heightmaps/Hm_Terrain_Test_129.pgm,129,129,39.400,12.000,20,4.000,2.000,200000,0.597,0.000,18.000,19.498,17.728,48870,99040,48868,40,20,30,20,0,0,0,0,8,98.646,16.626,15.837,0.389,5.353,0.046,0.000,0.000,1.522,0.071,0.907,2.928,4.622,0.488,0.000,0.000,0.000,0.000,0.000,0.000,0.000,0.000,0.000,0.000,0.000,0.000,0.000,0.000,0.000,0.000,0,0,1.593,5.399,3.835,0.000,17
Data-Oriented CPU ROAM,RelWithDebInfo,OpenGL,NVIDIA GeForce RTX 5090 D/PCIe/SSE2,4.3.0 NVIDIA 591.86,false,assets/heightmaps/Hm_Terrain_Test_129.pgm,129,129,39.400,12.000,20,4.000,2.000,200000,0.614,0.000,18.000,19.486,17.090,48880,99128,48878,44,23,34,21,0,0,0,0,8,92.765,17.528,16.842,0.421,5.537,0.059,0.000,0.000,1.399,0.072,0.891,3.714,4.751,0.453,0.000,0.000,0.000,0.000,0.000,0.000,0.000,0.000,0.000,0.000,0.000,0.000,0.000,0.000,0.000,0.000,0,0,1.470,5.596,4.604,0.000,17
Data-Oriented CPU ROAM,RelWithDebInfo,OpenGL,NVIDIA GeForce RTX 5090 D/PCIe/SSE2,4.3.0 NVIDIA 591.86,false,assets/heightmaps/Hm_Terrain_Test_129.pgm,129,129,39.400,12.000,20,4.000,2.000,200000,0.632,0.000,18.000,19.474,17.941,48901,99224,48899,48,24,27,24,0,0,0,0,8,97.791,16.750,15.976,0.390,5.308,0.050,0.000,0.000,1.462,0.085,0.924,2.944,4.812,0.503,0.000,0.000,0.000,0.000,0.000,0.000,0.000,0.000,0.000,0.000,0.000,0.000,0.000,0.000,0.000,0.000,0,0,1.547,5.358,3.868,0.000,17
Data-Oriented CPU ROAM,RelWithDebInfo,OpenGL,NVIDIA GeForce RTX 5090 D/PCIe/SSE2,4.3.0 NVIDIA 591.86,false,assets/heightmaps/Hm_Terrain_Test_129.pgm,129,129,39.400,12.000,20,4.000,2.000,200000,0.649,0.000,18.000,19.462,17.187,48910,99308,48908,42,21,33,21,0,0,0,0,8,92.295,17.684,16.927,0.392,5.371,0.053,0.000,0.000,1.371,0.088,0.906,3.704,5.042,0.509,0.000,0.000,0.000,0.000,0.000,0.000,0.000,0.000,0.000,0.000,0.000,0.000,0.000,0.000,0.000,0.000,0,0,1.459,5.424,4.610,0.000,17
Data-Oriented CPU ROAM,RelWithDebInfo,OpenGL,NVIDIA GeForce RTX 5090 D/PCIe/SSE2,4.3.0 NVIDIA 591.86,false,assets/heightmaps/Hm_Terrain_Test_129.pgm,129,129,39.400,12.000,20,4.000,2.000,200000,0.667,0.000,18.000,19.449,18.118,48908,99412,48906,52,26,54,27,0,0,0,0,8,92.890,17.569,16.819,0.391,5.216,0.079,0.000,0.000,1.448,0.091,0.906,3.724,4.962,0.477,0.000,0.000,0.000,0.000,0.000,0.000,0.000,0.000,0.000,0.000,0.000,0.000,0.000,0.000,0.000,0.000,0,0,1.539,5.295,4.630,0.000,17
Data-Oriented CPU ROAM,RelWithDebInfo,OpenGL,NVIDIA GeForce RTX 5090 D/PCIe/SSE2,4.3.0 NVIDIA 591.86,false,assets/heightmaps/Hm_Terrain_Test_129.pgm,129,129,39.400,12.000,20,4.000,2.000,200000,0.685,0.000,18.000,19.435,18.011,48884,99488,48882,38,19,62,26,0,0,0,0,8,567.934,17.193,16.505,0.388,5.409,0.089,0.000,0.000,1.329,0.063,0.896,3.686,4.645,0.448,0.000,0.000,0.000,0.000,0.000,0.000,0.000,0.000,0.000,0.000,0.000,0.000,0.000,0.000,0.000,0.000,0,0,1.392,5.498,4.583,0.000,17
Data-Oriented CPU ROAM,RelWithDebInfo,OpenGL,NVIDIA GeForce RTX 5090 D/PCIe/SSE2,4.3.0 NVIDIA 591.86,false,assets/heightmaps/Hm_Terrain_Test_129.pgm,129,129,39.400,12.000,20,4.000,2.000,200000,0.703,0.000,18.000,19.422,17.607,48896,99612,48894,62,31,50,32,0,0,0,0,8,97.646,16.756,16.000,0.389,4.988,0.078,0.000,0.000,1.674,0.099,0.901,3.061,4.810,0.479,0.000,0.000,0.000,0.000,0.000,0.000,0.000,0.000,0.000,0.000,0.000,0.000,0.000,0.000,0.000,0.000,0,0,1.772,5.066,3.962,0.000,17
Data-Oriented CPU ROAM,RelWithDebInfo,OpenGL,NVIDIA GeForce RTX 5090 D/PCIe/SSE2,4.3.0 NVIDIA 591.86,false,assets/heightmaps/Hm_Terrain_Test_129.pgm,129,129,39.400,12.000,20,4.000,2.000,200000,0.720,0.000,18.000,19.408,17.230,48872,99732,48870,60,30,84,33,0,0,0,0,8,92.635,17.588,16.865,0.391,5.375,0.121,0.000,0.000,1.453,0.092,0.876,3.753,4.803,0.484,0.000,0.000,0.000,0.000,0.000,0.000,0.000,0.000,0.000,0.000,0.000,0.000,0.000,0.000,0.000,0.000,0,0,1.545,5.496,4.630,0.000,17
Data-Oriented CPU ROAM,RelWithDebInfo,OpenGL,NVIDIA GeForce RTX 5090 D/PCIe/SSE2,4.3.0 NVIDIA 591.86,false,assets/heightmaps/Hm_Terrain_Test_129.pgm,129,129,39.400,12.000,20,4.000,2.000,200000,0.738,0.000,18.000,19.394,18.015,48881,99854,48879,61,30,52,32,0,0,0,0,8,93.945,17.355,16.630,0.389,5.330,0.079,0.000,0.000,1.389,0.103,0.887,3.410,5.044,0.453,0.000,0.000,0.000,0.000,0.000,0.000,0.000,0.000,0.000,0.000,0.000,0.000,0.000,0.000,0.000,0.000,0,0,1.492,5.409,4.296,0.000,17
Data-Oriented CPU ROAM,RelWithDebInfo,OpenGL,NVIDIA GeForce RTX 5090 D/PCIe/SSE2,4.3.0 NVIDIA 591.86,false,assets/heightmaps/Hm_Terrain_Test_129.pgm,129,129,39.400,12.000,20,4.000,2.000,200000,0.756,0.000,18.000,19.379,17.775,48878,99966,48876,56,28,59,31,0,0,0,0,8,96.898,16.833,16.123,0.383,4.738,0.079,0.000,0.000,1.398,0.090,0.920,3.334,5.180,0.468,0.000,0.000,0.000,0.000,0.000,0.000,0.000,0.000,0.000,0.000,0.000,0.000,0.000,0.000,0.000,0.000,0,0,1.488,4.817,4.255,0.000,17
Data-Oriented CPU ROAM,RelWithDebInfo,OpenGL,NVIDIA GeForce RTX 5090 D/PCIe/SSE2,4.3.0 NVIDIA 591.86,false,assets/heightmaps/Hm_Terrain_Test_129.pgm,129,129,39.400,12.000,20,4.000,2.000,200000,0.773,0.000,18.000,19.365,17.276,48902,100070,48900,52,26,28,28,0,0,0,0,8,281.916,17.456,16.625,0.389,5.285,0.050,0.000,0.000,1.404,0.087,0.890,3.227,5.293,0.544,0.000,0.000,0.000,0.000,0.000,0.000,0.000,0.000,0.000,0.000,0.000,0.000,0.000,0.000,0.000,0.000,0,0,1.491,5.335,4.117,0.000,17
Data-Oriented CPU ROAM,RelWithDebInfo,OpenGL,NVIDIA GeForce RTX 5090 D/PCIe/SSE2,4.3.0 NVIDIA 591.86,false,assets/heightmaps/Hm_Terrain_Test_129.pgm,129,129,39.400,12.000,20,4.000,2.000,200000,0.791,0.000,18.000,19.350,17.991,48922,100174,48920,52,26,32,30,0,0,0,0,8,200.941,16.278,15.549,0.402,5.617,0.057,0.000,0.000,0.967,0.092,0.890,2.984,4.539,0.455,0.000,0.000,0.000,0.000,0.000,0.000,0.000,0.000,0.000,0.000,0.000,0.000,0.000,0.000,0.000,0.000,0,0,1.059,5.674,3.874,0.000,17
Data-Oriented CPU ROAM,RelWithDebInfo,OpenGL,NVIDIA GeForce RTX 5090 D/PCIe/SSE2,4.3.0 NVIDIA 591.86,false,assets/heightmaps/Hm_Terrain_Test_129.pgm,129,129,39.400,12.000,20,4.000,2.000,200000,0.808,0.000,18.000,19.335,16.775,48940,100278,48938,52,26,34,28,0,0,0,0,8,97.555,16.745,16.014,0.398,5.175,0.063,0.000,0.000,1.247,0.088,1.019,3.098,4.925,0.475,0.000,0.000,0.000,0.000,0.000,0.000,0.000,0.000,0.000,0.000,0.000,0.000,0.000,0.000,0.000,0.000,0,0,1.335,5.238,4.117,0.000,17
Data-Oriented CPU ROAM,RelWithDebInfo,OpenGL,NVIDIA GeForce RTX 5090 D/PCIe/SSE2,4.3.0 NVIDIA 591.86,false,assets/heightmaps/Hm_Terrain_Test_129.pgm,129,129,39.400,12.000,20,4.000,2.000,200000,0.825,0.000,18.000,19.320,17.224,48960,100446,48958,84,43,64,44,0,0,0,0,8,98.417,16.608,15.874,0.386,5.381,0.100,0.000,0.000,1.173,0.138,0.941,3.035,4.721,0.489,0.000,0.000,0.000,0.000,0.000,0.000,0.000,0.000,0.000,0.000,0.000,0.000,0.000,0.000,0.000,0.000,0,0,1.310,5.481,3.976,0.000,17
Data-Oriented CPU ROAM,RelWithDebInfo,OpenGL,NVIDIA GeForce RTX 5090 D/PCIe/SSE2,4.3.0 NVIDIA 591.86,false,assets/heightmaps/Hm_Terrain_Test_129.pgm,129,129,39.400,12.000,20,4.000,2.000,200000,0.842,0.000,18.000,19.304,17.077,48984,100586,48982,72,37,48,40,0,0,0,0,8,782.473,16.693,15.973,0.391,5.160,0.073,0.000,0.000,1.376,0.121,0.894,3.044,4.914,0.458,0.000,0.000,0.000,0.000,0.000,0.000,0.000,0.000,0.000,0.000,0.000,0.000,0.000,0.000,0.000,0.000,0,0,1.497,5.233,3.938,0.000,17
Data-Oriented CPU ROAM,RelWithDebInfo,OpenGL,NVIDIA GeForce RTX 5090 D/PCIe/SSE2,4.3.0 NVIDIA 591.86,false,assets/heightmaps/Hm_Terrain_Test_129.pgm,129,129,39.400,12.000,20,4.000,2.000,200000,0.859,0.000,18.000,19.288,17.132,48994,100718,48992,66,33,56,33,0,0,0,0,8,97.768,16.708,15.980,0.381,5.202,0.079,0.000,0.000,1.437,0.104,0.891,3.302,4.583,0.485,0.000,0.000,0.000,0.000,0.000,0.000,0.000,0.000,0.000,0.000,0.000,0.000,0.000,0.000,0.000,0.000,0,0,1.541,5.281,4.193,0.000,17
Data-Oriented CPU ROAM,RelWithDebInfo,OpenGL,NVIDIA GeForce RTX 5090 D/PCIe/SSE2,4.3.0 NVIDIA 591.86,false,assets/heightmaps/Hm_Terrain_Test_129.pgm,129,129,39.400,12.000,20,4.000,2.000,200000,0.877,0.000,18.000,19.272,17.189,48990,100838,48988,60,31,64,32,0,0,0,0,8,104.831,15.628,14.903,0.398,5.062,0.091,0.000,0.000,0.987,0.095,0.937,2.952,4.379,0.465,0.000,0.000,0.000,0.000,0.000,0.000,0.000,0.000,0.000,0.000,0.000,0.000,0.000,0.000,0.000,0.000,0,0,1.083,5.154,3.889,0.000,17
Data-Oriented CPU ROAM,RelWithDebInfo,OpenGL,NVIDIA GeForce RTX 5090 D/PCIe/SSE2,4.3.0 NVIDIA 591.86,false,assets/heightmaps/Hm_Terrain_Test_129.pgm,129,129,39.400,12.000,20,4.000,2.000,200000,0.893,0.000,18.000,19.257,16.080,48975,100982,48973,72,36,87,39,0,0,0,0,8,96.257,16.939,16.231,0.382,5.099,0.116,0.000,0.000,1.380,0.125,0.898,3.541,4.688,0.468,0.000,0.000,0.000,0.000,0.000,0.000,0.000,0.000,0.000,0.000,0.000,0.000,0.000,0.000,0.000,0.000,0,0,1.505,5.215,4.439,0.000,17
Data-Oriented CPU ROAM,RelWithDebInfo,OpenGL,NVIDIA GeForce RTX 5090 D/PCIe/SSE2,4.3.0 NVIDIA 591.86,false,assets/heightmaps/Hm_Terrain_Test_129.pgm,129,129,39.400,12.000,20,4.000,2.000,200000,0.910,0.000,18.000,19.240,17.378,48981,101098,48979,58,29,52,31,0,0,0,0,8,99.225,16.520,15.745,0.396,5.186,0.080,0.000,0.000,1.454,0.094,0.913,2.990,4.631,0.496,0.000,0.000,0.000,0.000,0.000,0.000,0.000,0.000,0.000,0.000,0.000,0.000,0.000,0.000,0.000,0.000,0,0,1.548,5.267,3.904,0.000,17
Data-Oriented CPU ROAM,RelWithDebInfo,OpenGL,NVIDIA GeForce RTX 5090 D/PCIe/SSE2,4.3.0 NVIDIA 591.86,false,assets/heightmaps/Hm_Terrain_Test_129.pgm,129,129,39.400,12.000,20,4.000,2.000,200000,0.927,0.000,18.000,19.223,16.965,48958,101216,48956,59,29,82,30,0,0,0,0,8,89.846,18.218,17.389,0.386,5.309,0.113,0.000,0.000,1.535,0.091,0.906,3.862,5.187,0.546,0.000,0.000,0.000,0.000,0.000,0.000,0.000,0.000,0.000,0.000,0.000,0.000,0.000,0.000,0.000,0.000,0,0,1.626,5.422,4.768,0.000,17
Data-Oriented CPU ROAM,RelWithDebInfo,OpenGL,NVIDIA GeForce RTX 5090 D/PCIe/SSE2,4.3.0 NVIDIA 591.86,false,assets/heightmaps/Hm_Terrain_Test_129.pgm,129,129,39.400,12.000,20,4.000,2.000,200000,0.946,0.000,18.000,19.205,18.750,48944,101336,48942,60,30,74,34,0,0,0,0,8,789.520,16.575,15.829,0.393,5.031,0.094,0.000,0.000,1.413,0.101,0.902,3.281,4.614,0.491,0.000,0.000,0.000,0.000,0.000,0.000,0.000,0.000,0.000,0.000,0.000,0.000,0.000,0.000,0.000,0.000,0,0,1.514,5.125,4.183,0.000,17
Data-Oriented CPU ROAM,RelWithDebInfo,OpenGL,NVIDIA GeForce RTX 5090 D/PCIe/SSE2,4.3.0 NVIDIA 591.86,false,assets/heightmaps/Hm_Terrain_Test_129.pgm,129,129,39.400,12.000,20,4.000,2.000,200000,0.963,0.000,18.000,19.187,17.018,48951,101472,48949,68,34,61,39,0,0,0,0,8,97.839,16.696,15.968,0.382,4.921,0.084,0.000,0.000,1.415,0.126,0.925,3.460,4.656,0.487,0.000,0.000,0.000,0.000,0.000,0.000,0.000,0.000,0.000,0.000,0.000,0.000,0.000,0.000,0.000,0.000,0,0,1.541,5.005,4.385,0.000,17
Data-Oriented CPU ROAM,RelWithDebInfo,OpenGL,NVIDIA GeForce RTX 5090 D/PCIe/SSE2,4.3.0 NVIDIA 591.86,false,assets/heightmaps/Hm_Terrain_Test_129.pgm,129,129,39.400,12.000,20,4.000,2.000,200000,0.980,0.000,18.000,19.170,17.148,48977,101588,48975,58,29,32,31,0,0,0,0,8,97.289,16.792,16.059,0.391,5.108,0.060,0.000,0.000,1.644,0.094,0.949,3.154,4.658,0.469,0.000,0.000,0.000,0.000,0.000,0.000,0.000,0.000,0.000,0.000,0.000,0.000,0.000,0.000,0.000,0.000,0,0,1.738,5.168,4.103,0.000,17
Data-Oriented CPU ROAM,RelWithDebInfo,OpenGL,NVIDIA GeForce RTX 5090 D/PCIe/SSE2,4.3.0 NVIDIA 591.86,false,assets/heightmaps/Hm_Terrain_Test_129.pgm,129,129,39.400,12.000,20,4.000,2.000,200000,0.997,0.000,18.000,19.151,17.244,48997,101768,48995,90,45,70,47,0,0,0,0,8,291.171,16.804,16.097,0.389,5.328,0.109,0.000,0.000,1.449,0.135,0.908,3.349,4.431,0.468,0.000,0.000,0.000,0.000,0.000,0.000,0.000,0.000,0.000,0.000,0.000,0.000,0.000,0.000,0.000,0.000,0,0,1.584,5.437,4.256,0.000,17
Data-Oriented CPU ROAM,RelWithDebInfo,OpenGL,NVIDIA GeForce RTX 5090 D/PCIe/SSE2,4.3.0 NVIDIA 591.86,false,assets/heightmaps/Hm_Terrain_Test_129.pgm,129,129,39.400,12.000,20,4.000,2.000,200000,1.014,0.000,18.000,19.133,17.242,49041,101928,49039,82,42,38,40,0,0,0,0,8,729.927,17.893,17.123,0.392,5.048,0.063,0.000,0.000,1.783,0.136,0.968,3.446,5.286,0.502,0.000,0.000,0.000,0.000,0.000,0.000,0.000,0.000,0.000,0.000,0.000,0.000,0.000,0.000,0.000,0.000,0,0,1.919,5.111,4.414,0.000,17
Data-Oriented CPU ROAM,RelWithDebInfo,OpenGL,NVIDIA GeForce RTX 5090 D/PCIe/SSE2,4.3.0 NVIDIA 591.86,false,assets/heightmaps/Hm_Terrain_Test_129.pgm,129,129,39.400,12.000,20,4.000,2.000,200000,1.033,0.000,18.000,19.113,18.338,49031,102086,49029,79,39,89,43,0,0,0,0,8,99.393,16.475,15.718,0.412,5.027,0.123,0.000,0.000,1.310,0.120,0.883,3.277,4.565,0.507,0.000,0.000,0.000,0.000,0.000,0.000,0.000,0.000,0.000,0.000,0.000,0.000,0.000,0.000,0.000,0.000,0,0,1.431,5.150,4.160,0.000,17
Data-Oriented CPU ROAM,RelWithDebInfo,OpenGL,NVIDIA GeForce RTX 5090 D/PCIe/SSE2,4.3.0 NVIDIA 591.86,false,assets/heightmaps/Hm_Terrain_Test_129.pgm,129,129,39.400,12.000,20,4.000,2.000,200000,1.050,0.000,18.000,19.094,16.961,49107,102290,49105,102,51,26,58,0,0,0,0,8,772.220,16.929,16.185,0.404,4.900,0.050,0.000,0.000,1.643,0.153,0.887,3.224,4.924,0.476,0.000,0.000,0.000,0.000,0.000,0.000,0.000,0.000,0.000,0.000,0.000,0.000,0.000,0.000,0.000,0.000,0,0,1.796,4.950,4.111,0.000,17
Data-Oriented CPU ROAM,RelWithDebInfo,OpenGL,NVIDIA GeForce RTX 5090 D/PCIe/SSE2,4.3.0 NVIDIA 591.86,false,assets/heightmaps/Hm_Terrain_Test_129.pgm,129,129,39.400,12.000,20,4.000,2.000,200000,1.067,0.000,18.000,19.075,17.377,49081,102410,49079,60,30,86,40,0,0,0,0,8,91.613,17.799,17.053,0.392,5.492,0.119,0.000,0.000,1.457,0.110,0.892,3.661,4.930,0.501,0.000,0.000,0.000,0.000,0.000,0.000,0.000,0.000,0.000,0.000,0.000,0.000,0.000,0.000,0.000,0.000,0,0,1.567,5.611,4.554,0.000,17
Data-Oriented CPU ROAM,RelWithDebInfo,OpenGL,NVIDIA GeForce RTX 5090 D/PCIe/SSE2,4.3.0 NVIDIA 591.86,false,assets/heightmaps/Hm_Terrain_Test_129.pgm,129,129,39.400,12.000,20,4.000,2.000,200000,1.085,0.000,18.000,19.054,18.237,49111,102618,49109,104,52,74,59,0,0,0,0,8,92.903,17.569,16.817,0.387,5.082,0.104,0.000,0.000,1.537,0.155,0.920,3.662,4.970,0.490,0.000,0.000,0.000,0.000,0.000,0.000,0.000,0.000,0.000,0.000,0.000,0.000,0.000,0.000,0.000,0.000,0,0,1.692,5.186,4.583,0.000,17
Data-Oriented CPU ROAM,RelWithDebInfo,OpenGL,NVIDIA GeForce RTX 5090 D/PCIe/SSE2,4.3.0 NVIDIA 591.86,false,assets/heightmaps/Hm_Terrain_Test_129.pgm,129,129,39.400,12.000,20,4.000,2.000,200000,1.103,0.000,18.000,19.033,18.003,49092,102774,49090,78,39,97,45,0,0,0,0,8,186.809,17.466,16.726,0.386,5.529,0.127,0.000,0.000,1.680,0.125,0.887,3.188,4.804,0.493,0.000,0.000,0.000,0.000,0.000,0.000,0.000,0.000,0.000,0.000,0.000,0.000,0.000,0.000,0.000,0.000,0,0,1.805,5.656,4.075,0.000,17
Data-Oriented CPU ROAM,RelWithDebInfo,OpenGL,NVIDIA GeForce RTX 5090 D/PCIe/SSE2,4.3.0 NVIDIA 591.86,false,assets/heightmaps/Hm_Terrain_Test_129.pgm,129,129,39.400,12.000,20,4.000,2.000,200000,1.121,0.000,18.000,19.012,17.905,49082,102934,49080,80,40,90,44,0,0,0,0,8,93.930,17.400,16.632,0.393,5.290,0.127,0.000,0.000,1.473,0.135,0.897,3.654,4.664,0.500,0.000,0.000,0.000,0.000,0.000,0.000,0.000,0.000,0.000,0.000,0.000,0.000,0.000,0.000,0.000,0.000,0,0,1.608,5.416,4.551,0.000,17
Data-Oriented CPU ROAM,RelWithDebInfo,OpenGL,NVIDIA GeForce RTX 5090 D/PCIe/SSE2,4.3.0 NVIDIA 591.86,false,assets/heightmaps/Hm_Terrain_Test_129.pgm,129,129,39.400,12.000,20,4.000,2.000,200000,1.139,0.000,18.000,18.991,17.901,49100,103110,49098,88,44,70,51,0,0,0,0,8,793.555,16.475,15.750,0.386,5.376,0.104,0.000,0.000,1.163,0.127,0.932,2.999,4.663,0.485,0.000,0.000,0.000,0.000,0.000,0.000,0.000,0.000,0.000,0.000,0.000,0.000,0.000,0.000,0.000,0.000,0,0,1.291,5.480,3.930,0.000,17
Data-Oriented CPU ROAM,RelWithDebInfo,OpenGL,NVIDIA GeForce RTX 5090 D/PCIe/SSE2,4.3.0 NVIDIA 591.86,false,assets/heightmaps/Hm_Terrain_Test_129.pgm,129,129,39.400,12.000,20,4.000,2.000,200000,1.156,0.000,18.000,18.971,16.892,49139,103280,49137,85,42,46,47,0,0,0,0,8,781.250,16.727,15.998,0.390,5.306,0.076,0.000,0.000,1.172,0.143,0.906,3.285,4.722,0.465,0.000,0.000,0.000,0.000,0.000,0.000,0.000,0.000,0.000,0.000,0.000,0.000,0.000,0.000,0.000,0.000,0,0,1.315,5.381,4.190,0.000,17
Data-Oriented CPU ROAM,RelWithDebInfo,OpenGL,NVIDIA GeForce RTX 5090 D/PCIe/SSE2,4.3.0 NVIDIA 591.86,false,assets/heightmaps/Hm_Terrain_Test_129.pgm,129,129,39.400,12.000,20,4.000,2.000,200000,1.173,0.000,18.000,18.950,17.281,49143,103428,49141,74,37,70,40,0,0,0,0,8,94.018,17.366,16.617,0.385,5.319,0.102,0.000,0.000,1.415,0.131,0.906,3.336,5.022,0.490,0.000,0.000,0.000,0.000,0.000,0.000,0.000,0.000,0.000,0.000,0.000,0.000,0.000,0.000,0.000,0.000,0,0,1.546,5.421,4.242,0.000,17
Data-Oriented CPU ROAM,RelWithDebInfo,OpenGL,NVIDIA GeForce RTX 5090 D/PCIe/SSE2,4.3.0 NVIDIA 591.86,false,assets/heightmaps/Hm_Terrain_Test_129.pgm,129,129,39.400,12.000,20,4.000,2.000,200000,1.191,0.000,18.000,18.928,17.828,49174,103604,49172,88,44,57,46,0,0,0,0,8,91.854,17.751,17.009,0.391,5.277,0.086,0.000,0.000,1.490,0.134,0.942,3.762,4.927,0.472,0.000,0.000,0.000,0.000,0.000,0.000,0.000,0.000,0.000,0.000,0.000,0.000,0.000,0.000,0.000,0.000,0,0,1.624,5.363,4.704,0.000,17
Data-Oriented CPU ROAM,RelWithDebInfo,OpenGL,NVIDIA GeForce RTX 5090 D/PCIe/SSE2,4.3.0 NVIDIA 591.86,false,assets/heightmaps/Hm_Terrain_Test_129.pgm,129,129,39.400,12.000,20,4.000,2.000,200000,1.209,0.000,18.000,18.905,18.209,49156,103744,49154,70,36,88,40,0,0,0,0,8,92.836,17.565,16.828,0.385,5.364,0.120,0.000,0.000,1.389,0.113,0.893,3.500,5.063,0.483,0.000,0.000,0.000,0.000,0.000,0.000,0.000,0.000,0.000,0.000,0.000,0.000,0.000,0.000,0.000,0.000,0,0,1.502,5.485,4.393,0.000,17
Data-Oriented CPU ROAM,RelWithDebInfo,OpenGL,NVIDIA GeForce RTX 5090 D/PCIe/SSE2,4.3.0 NVIDIA 591.86,false,assets/heightmaps/Hm_Terrain_Test_129.pgm,129,129,39.400,12.000,20,4.000,2.000,200000,1.227,0.000,18.000,18.883,18.009,49147,103872,49145,64,32,73,38,0,0,0,0,8,95.770,17.039,16.313,0.392,5.201,0.109,0.000,0.000,1.451,0.100,0.910,3.330,4.820,0.466,0.000,0.000,0.000,0.000,0.000,0.000,0.000,0.000,0.000,0.000,0.000,0.000,0.000,0.000,0.000,0.000,0,0,1.552,5.310,4.239,0.000,17
Data-Oriented CPU ROAM,RelWithDebInfo,OpenGL,NVIDIA GeForce RTX 5090 D/PCIe/SSE2,4.3.0 NVIDIA 591.86,false,assets/heightmaps/Hm_Terrain_Test_129.pgm,129,129,39.400,12.000,20,4.000,2.000,200000,1.245,0.000,18.000,18.860,17.498,49186,104092,49184,110,55,71,59,0,0,0,0,8,94.609,17.239,16.512,0.387,5.039,0.106,0.000,0.000,1.609,0.177,0.944,3.225,5.025,0.476,0.000,0.000,0.000,0.000,0.000,0.000,0.000,0.000,0.000,0.000,0.000,0.000,0.000,0.000,0.000,0.000,0,0,1.787,5.145,4.169,0.000,17
Data-Oriented CPU ROAM,RelWithDebInfo,OpenGL,NVIDIA GeForce RTX 5090 D/PCIe/SSE2,4.3.0 NVIDIA 591.86,false,assets/heightmaps/Hm_Terrain_Test_129.pgm,129,129,39.400,12.000,20,4.000,2.000,200000,1.263,0.000,18.000,18.837,17.676,49203,104298,49201,103,51,86,56,0,0,0,0,8,92.088,17.713,16.965,0.388,5.154,0.120,0.000,0.000,1.325,0.157,1.383,3.060,5.379,0.473,0.000,0.000,0.000,0.000,0.000,0.000,0.000,0.000,0.000,0.000,0.000,0.000,0.000,0.000,0.000,0.000,0,0,1.482,5.274,4.443,0.000,17
Data-Oriented CPU ROAM,RelWithDebInfo,OpenGL,NVIDIA GeForce RTX 5090 D/PCIe/SSE2,4.3.0 NVIDIA 591.86,false,assets/heightmaps/Hm_Terrain_Test_129.pgm,129,129,39.400,12.000,20,4.000,2.000,200000,1.281,0.000,18.000,18.813,18.176,49172,104458,49170,80,40,111,43,0,0,0,0,8,94.764,17.226,16.486,0.418,5.201,0.159,0.000,0.000,1.626,0.136,0.973,3.018,4.955,0.494,0.000,0.000,0.000,0.000,0.000,0.000,0.000,0.000,0.000,0.000,0.000,0.000,0.000,0.000,0.000,0.000,0,0,1.762,5.360,3.991,0.000,17
Data-Oriented CPU ROAM,RelWithDebInfo,OpenGL,NVIDIA GeForce RTX 5090 D/PCIe/SSE2,4.3.0 NVIDIA 591.86,false,assets/heightmaps/Hm_Terrain_Test_129.pgm,129,129,39.400,12.000,20,4.000,2.000,200000,1.298,0.000,18.000,18.790,17.691,49162,104646,49160,94,47,104,53,0,0,0,0,8,271.258,18.037,17.278,0.389,5.404,0.146,0.000,0.000,1.636,0.136,0.902,3.336,5.330,0.486,0.000,0.000,0.000,0.000,0.000,0.000,0.000,0.000,0.000,0.000,0.000,0.000,0.000,0.000,0.000,0.000,0,0,1.772,5.550,4.239,0.000,17
Data-Oriented CPU ROAM,RelWithDebInfo,OpenGL,NVIDIA GeForce RTX 5090 D/PCIe/SSE2,4.3.0 NVIDIA 591.86,false,assets/heightmaps/Hm_Terrain_Test_129.pgm,129,129,39.400,12.000,20,4.000,2.000,200000,1.317,0.000,18.000,18.765,18.482,49205,104836,49203,95,47,52,55,0,0,0,0,8,91.109,18.006,17.148,0.397,5.409,0.083,0.000,0.000,1.593,0.144,0.888,3.415,5.220,0.604,0.000,0.000,0.000,0.000,0.000,0.000,0.000,0.000,0.000,0.000,0.000,0.000,0.000,0.000,0.000,0.000,0,0,1.737,5.492,4.303,0.000,17
Data-Oriented CPU ROAM,RelWithDebInfo,OpenGL,NVIDIA GeForce RTX 5090 D/PCIe/SSE2,4.3.0 NVIDIA 591.86,false,assets/heightmaps/Hm_Terrain_Test_129.pgm,129,129,39.400,12.000,20,4.000,2.000,200000,1.335,0.000,18.000,18.740,18.454,49201,105016,49199,90,45,94,49,0,0,0,0,8,93.023,17.537,16.795,0.392,5.528,0.134,0.000,0.000,1.671,0.135,0.886,3.091,4.959,0.476,0.000,0.000,0.000,0.000,0.000,0.000,0.000,0.000,0.000,0.000,0.000,0.000,0.000,0.000,0.000,0.000,0,0,1.806,5.662,3.977,0.000,17
Data-Oriented CPU ROAM,RelWithDebInfo,OpenGL,NVIDIA GeForce RTX 5090 D/PCIe/SSE2,4.3.0 NVIDIA 591.86,false,assets/heightmaps/Hm_Terrain_Test_129.pgm,129,129,39.400,12.000,20,4.000,2.000,200000,1.353,0.000,18.000,18.715,17.980,49193,105172,49191,78,39,86,45,0,0,0,0,8,95.677,17.065,16.329,0.387,5.350,0.121,0.000,0.000,1.142,0.117,0.922,3.454,4.836,0.479,0.000,0.000,0.000,0.000,0.000,0.000,0.000,0.000,0.000,0.000,0.000,0.000,0.000,0.000,0.000,0.000,0,0,1.259,5.471,4.376,0.000,17
Data-Oriented CPU ROAM,RelWithDebInfo,OpenGL,NVIDIA GeForce RTX 5090 D/PCIe/SSE2,4.3.0 NVIDIA 591.86,false,assets/heightmaps/Hm_Terrain_Test_129.pgm,129,129,39.400,12.000,20,4.000,2.000,200000,1.371,0.000,18.000,18.691,17.517,49201,105380,49199,104,54,96,51,0,0,0,0,8,96.040,17.030,16.267,0.389,4.948,0.132,0.000,0.000,1.373,0.148,0.901,3.531,4.845,0.514,0.000,0.000,0.000,0.000,0.000,0.000,0.000,0.000,0.000,0.000,0.000,0.000,0.000,0.000,0.000,0.000,0,0,1.520,5.081,4.432,0.000,17
Data-Oriented CPU ROAM,RelWithDebInfo,OpenGL,NVIDIA GeForce RTX 5090 D/PCIe/SSE2,4.3.0 NVIDIA 591.86,false,assets/heightmaps/Hm_Terrain_Test_129.pgm,129,129,39.400,12.000,20,4.000,2.000,200000,1.388,0.000,18.000,18.666,17.445,49175,105536,49173,78,39,104,48,0,0,0,0,8,751.229,17.390,16.637,0.385,5.474,0.138,0.000,0.000,1.385,0.122,0.928,3.414,4.792,0.512,0.000,0.000,0.000,0.000,0.000,0.000,0.000,0.000,0.000,0.000,0.000,0.000,0.000,0.000,0.000,0.000,0,0,1.506,5.611,4.342,0.000,17
Data-Oriented CPU ROAM,RelWithDebInfo,OpenGL,NVIDIA GeForce RTX 5090 D/PCIe/SSE2,4.3.0 NVIDIA 591.86,false,assets/heightmaps/Hm_Terrain_Test_129.pgm,129,129,39.400,12.000,20,4.000,2.000,200000,1.406,0.000,18.000,18.641,17.840,49163,105708,49161,86,43,98,56,0,0,0,0,8,91.616,17.815,17.053,0.404,5.331,0.138,0.000,0.000,1.463,0.127,0.925,3.714,4.951,0.453,0.000,0.000,0.000,0.000,0.000,0.000,0.000,0.000,0.000,0.000,0.000,0.000,0.000,0.000,0.000,0.000,0,0,1.590,5.469,4.639,0.000,17
Data-Oriented CPU ROAM,RelWithDebInfo,OpenGL,NVIDIA GeForce RTX 5090 D/PCIe/SSE2,4.3.0 NVIDIA 591.86,false,assets/heightmaps/Hm_Terrain_Test_129.pgm,129,129,39.400,12.000,20,4.000,2.000,200000,1.424,0.000,18.000,18.615,18.244,49191,105900,49189,96,48,68,54,0,0,0,0,8,792.559,16.497,15.770,0.383,5.243,0.098,0.000,0.000,1.020,0.144,0.892,3.072,4.918,0.474,0.000,0.000,0.000,0.000,0.000,0.000,0.000,0.000,0.000,0.000,0.000,0.000,0.000,0.000,0.000,0.000,0,0,1.164,5.341,3.963,0.000,17
Data-Oriented CPU ROAM,RelWithDebInfo,OpenGL,NVIDIA GeForce RTX 5090 D/PCIe/SSE2,4.3.0 NVIDIA 591.86,false,assets/heightmaps/Hm_Terrain_Test_129.pgm,129,129,39.400,12.000,20,4.000,2.000,200000,1.441,0.000,18.000,18.590,16.940,49189,106064,49187,82,41,84,43,0,0,0,0,8,92.818,17.571,16.832,0.388,5.347,0.117,0.000,0.000,1.415,0.135,0.908,3.314,5.209,0.472,0.000,0.000,0.000,0.000,0.000,0.000,0.000,0.000,0.000,0.000,0.000,0.000,0.000,0.000,0.000,0.000,0,0,1.550,5.464,4.221,0.000,17
Data-Oriented CPU ROAM,RelWithDebInfo,OpenGL,NVIDIA GeForce RTX 5090 D/PCIe/SSE2,4.3.0 NVIDIA 591.86,false,assets/heightmaps/Hm_Terrain_Test_129.pgm,129,129,39.400,12.000,20,4.000,2.000,200000,1.459,0.000,18.000,18.564,18.025,49148,106218,49146,77,38,118,45,0,0,0,0,8,92.328,17.648,16.921,0.392,5.775,0.172,0.000,0.000,1.588,0.115,0.906,3.018,4.954,0.478,0.000,0.000,0.000,0.000,0.000,0.000,0.000,0.000,0.000,0.000,0.000,0.000,0.000,0.000,0.000,0.000,0,0,1.704,5.947,3.924,0.000,17
Data-Oriented CPU ROAM,RelWithDebInfo,OpenGL,NVIDIA GeForce RTX 5090 D/PCIe/SSE2,4.3.0 NVIDIA 591.86,false,assets/heightmaps/Hm_Terrain_Test_129.pgm,129,129,39.400,12.000,20,4.000,2.000,200000,1.477,0.000,18.000,18.537,18.084,49134,106402,49132,92,46,106,50,0,0,0,0,8,93.878,17.416,16.642,0.394,5.198,0.140,0.000,0.000,1.449,0.138,0.964,3.562,4.797,0.513,0.000,0.000,0.000,0.000,0.000,0.000,0.000,0.000,0.000,0.000,0.000,0.000,0.000,0.000,0.000,0.000,0,0,1.587,5.338,4.526,0.000,17
Data-Oriented CPU ROAM,RelWithDebInfo,OpenGL,NVIDIA GeForce RTX 5090 D/PCIe/SSE2,4.3.0 NVIDIA 591.86,false,assets/heightmaps/Hm_Terrain_Test_129.pgm,129,129,39.400,12.000,20,4.000,2.000,200000,1.495,0.000,18.000,18.510,17.859,49099,106562,49097,80,40,115,41,0,0,0,0,8,93.344,17.499,16.737,0.401,5.775,0.160,0.000,0.000,1.586,0.133,0.886,3.135,4.661,0.504,0.000,0.000,0.000,0.000,0.000,0.000,0.000,0.000,0.000,0.000,0.000,0.000,0.000,0.000,0.000,0.000,0,0,1.719,5.935,4.021,0.000,17
Data-Oriented CPU ROAM,RelWithDebInfo,OpenGL,NVIDIA GeForce RTX 5090 D/PCIe/SSE2,4.3.0 NVIDIA 591.86,false,assets/heightmaps/Hm_Terrain_Test_129.pgm,129,129,39.400,12.000,20,4.000,2.000,200000,1.513,0.000,18.000,18.483,17.941,49121,106746,49119,92,47,70,54,0,0,0,0,8,100.824,16.281,15.495,0.397,5.356,0.102,0.000,0.000,1.048,0.139,0.917,3.021,4.514,0.515,0.000,0.000,0.000,0.000,0.000,0.000,0.000,0.000,0.000,0.000,0.000,0.000,0.000,0.000,0.000,0.000,0,0,1.188,5.458,3.939,0.000,17
Data-Oriented CPU ROAM,RelWithDebInfo,OpenGL,NVIDIA GeForce RTX 5090 D/PCIe/SSE2,4.3.0 NVIDIA 591.86,false,assets/heightmaps/Hm_Terrain_Test_129.pgm,129,129,39.400,12.000,20,4.000,2.000,200000,1.530,0.000,18.000,18.458,16.719,49145,106962,49143,108,54,84,58,0,0,0,0,8,778.811,16.843,16.048,0.388,4.817,0.112,0.000,0.000,1.402,0.163,0.878,3.683,4.606,0.546,0.000,0.000,0.000,0.000,0.000,0.000,0.000,0.000,0.000,0.000,0.000,0.000,0.000,0.000,0.000,0.000,0,0,1.565,4.928,4.561,0.000,17
Data-Oriented CPU ROAM,RelWithDebInfo,OpenGL,NVIDIA GeForce RTX 5090 D/PCIe/SSE2,4.3.0 NVIDIA 591.86,false,assets/heightmaps/Hm_Terrain_Test_129.pgm,129,129,39.400,12.000,20,4.000,2.000,200000,1.547,0.000,18.000,18.431,17.295,49135,107178,49133,108,54,118,61,0,0,0,0,8,98.755,16.600,15.820,0.402,5.287,0.150,0.000,0.000,1.099,0.172,0.913,3.054,4.743,0.534,0.000,0.000,0.000,0.000,0.000,0.000,0.000,0.000,0.000,0.000,0.000,0.000,0.000,0.000,0.000,0.000,0,0,1.272,5.437,3.967,0.000,17
Data-Oriented CPU ROAM,RelWithDebInfo,OpenGL,NVIDIA GeForce RTX 5090 D/PCIe/SSE2,4.3.0 NVIDIA 591.86,false,assets/heightmaps/Hm_Terrain_Test_129.pgm,129,129,39.400,12.000,20,4.000,2.000,200000,1.564,0.000,18.000,18.405,17.033,49131,107346,49129,84,42,88,43,0,0,0,0,8,98.622,16.621,15.841,0.416,5.250,0.117,0.000,0.000,1.207,0.120,0.877,3.170,4.683,0.517,0.000,0.000,0.000,0.000,0.000,0.000,0.000,0.000,0.000,0.000,0.000,0.000,0.000,0.000,0.000,0.000,0,0,1.328,5.367,4.046,0.000,17
Data-Oriented CPU ROAM,RelWithDebInfo,OpenGL,NVIDIA GeForce RTX 5090 D/PCIe/SSE2,4.3.0 NVIDIA 591.86,false,assets/heightmaps/Hm_Terrain_Test_129.pgm,129,129,39.400,12.000,20,4.000,2.000,200000,1.581,0.000,18.000,18.378,17.060,49149,107582,49147,118,59,100,65,0,0,0,0,8,95.651,17.072,16.334,0.402,5.286,0.137,0.000,0.000,1.823,0.177,0.881,3.108,4.520,0.460,0.000,0.000,0.000,0.000,0.000,0.000,0.000,0.000,0.000,0.000,0.000,0.000,0.000,0.000,0.000,0.000,0,0,2.000,5.424,3.989,0.000,17
Data-Oriented CPU ROAM,RelWithDebInfo,OpenGL,NVIDIA GeForce RTX 5090 D/PCIe/SSE2,4.3.0 NVIDIA 591.86,false,assets/heightmaps/Hm_Terrain_Test_129.pgm,129,129,39.400,12.000,20,4.000,2.000,200000,1.599,0.000,18.000,18.350,17.510,49126,107744,49124,81,40,104,42,0,0,0,0,8,95.988,17.043,16.276,0.396,5.046,0.140,0.000,0.000,1.669,0.120,0.887,3.264,4.754,0.516,0.000,0.000,0.000,0.000,0.000,0.000,0.000,0.000,0.000,0.000,0.000,0.000,0.000,0.000,0.000,0.000,0,0,1.789,5.186,4.151,0.000,17
Data-Oriented CPU ROAM,RelWithDebInfo,OpenGL,NVIDIA GeForce RTX 5090 D/PCIe/SSE2,4.3.0 NVIDIA 591.86,false,assets/heightmaps/Hm_Terrain_Test_129.pgm,129,129,39.400,12.000,20,4.000,2.000,200000,1.616,0.000,18.000,18.322,17.465,49138,107996,49136,126,63,114,77,0,0,0,0,8,96.743,16.895,16.149,0.397,5.311,0.148,0.000,0.000,1.454,0.177,0.890,3.229,4.543,0.490,0.000,0.000,0.000,0.000,0.000,0.000,0.000,0.000,0.000,0.000,0.000,0.000,0.000,0.000,0.000,0.000,0,0,1.631,5.459,4.119,0.000,17
Data-Oriented CPU ROAM,RelWithDebInfo,OpenGL,NVIDIA GeForce RTX 5090 D/PCIe/SSE2,4.3.0 NVIDIA 591.86,false,assets/heightmaps/Hm_Terrain_Test_129.pgm,129,129,39.400,12.000,20,4.000,2.000,200000,1.634,0.000,18.000,18.294,17.322,49098,108180,49096,92,49,132,47,0,0,0,0,8,94.738,17.270,16.491,0.450,5.477,0.163,0.000,0.000,1.209,0.135,0.897,3.325,4.835,0.530,0.000,0.000,0.000,0.000,0.000,0.000,0.000,0.000,0.000,0.000,0.000,0.000,0.000,0.000,0.000,0.000,0,0,1.344,5.640,4.222,0.000,17
Data-Oriented CPU ROAM,RelWithDebInfo,OpenGL,NVIDIA GeForce RTX 5090 D/PCIe/SSE2,4.3.0 NVIDIA 591.86,false,assets/heightmaps/Hm_Terrain_Test_129.pgm,129,129,39.400,12.000,20,4.000,2.000,200000,1.651,0.000,18.000,18.266,17.694,49109,108412,49107,116,59,105,68,0,0,0,0,8,94.877,17.208,16.467,0.397,5.358,0.147,0.000,0.000,1.395,0.160,0.888,3.611,4.511,0.485,0.000,0.000,0.000,0.000,0.000,0.000,0.000,0.000,0.000,0.000,0.000,0.000,0.000,0.000,0.000,0.000,0,0,1.555,5.504,4.499,0.000,17
Data-Oriented CPU ROAM,RelWithDebInfo,OpenGL,NVIDIA GeForce RTX 5090 D/PCIe/SSE2,4.3.0 NVIDIA 591.86,false,assets/heightmaps/Hm_Terrain_Test_129.pgm,129,129,39.400,12.000,20,4.000,2.000,200000,1.669,0.000,18.000,18.237,17.618,49129,108664,49127,126,63,106,68,0,0,0,0,8,97.963,16.713,15.947,0.388,4.803,0.172,0.000,0.000,1.388,0.188,0.899,3.220,4.890,0.517,0.000,0.000,0.000,0.000,0.000,0.000,0.000,0.000,0.000,0.000,0.000,0.000,0.000,0.000,0.000,0.000,0,0,1.576,4.975,4.119,0.000,17
Data-Oriented CPU ROAM,RelWithDebInfo,OpenGL,NVIDIA GeForce RTX 5090 D/PCIe/SSE2,4.3.0 NVIDIA 591.86,false,assets/heightmaps/Hm_Terrain_Test_129.pgm,129,129,39.400,12.000,20,4.000,2.000,200000,1.686,0.000,18.000,18.209,17.134,49129,108892,49127,114,57,114,69,0,0,0,0,8,733.349,17.814,17.043,0.412,5.466,0.154,0.000,0.000,1.476,0.179,0.922,3.281,5.154,0.504,0.000,0.000,0.000,0.000,0.000,0.000,0.000,0.000,0.000,0.000,0.000,0.000,0.000,0.000,0.000,0.000,0,0,1.655,5.619,4.202,0.000,17
Data-Oriented CPU ROAM,RelWithDebInfo,OpenGL,NVIDIA GeForce RTX 5090 D/PCIe/SSE2,4.3.0 NVIDIA 591.86,false,assets/heightmaps/Hm_Terrain_Test_129.pgm,129,129,39.400,12.000,20,4.000,2.000,200000,1.704,0.000,18.000,18.178,18.255,49167,109188,49165,148,74,110,93,0,0,0,0,8,94.141,17.362,16.595,0.402,5.333,0.144,0.000,0.000,1.410,0.214,0.869,3.249,4.974,0.520,0.000,0.000,0.000,0.000,0.000,0.000,0.000,0.000,0.000,0.000,0.000,0.000,0.000,0.000,0.000,0.000,0,0,1.625,5.477,4.118,0.000,17
Data-Oriented CPU ROAM,RelWithDebInfo,OpenGL,NVIDIA GeForce RTX 5090 D/PCIe/SSE2,4.3.0 NVIDIA 591.86,false,assets/heightmaps/Hm_Terrain_Test_129.pgm,129,129,39.400,12.000,20,4.000,2.000,200000,1.722,0.000,18.000,18.148,17.771,49194,109422,49192,117,58,90,65,0,0,0,0,8,97.234,16.836,16.068,0.394,5.414,0.135,0.000,0.000,1.192,0.164,0.900,3.174,4.695,0.513,0.000,0.000,0.000,0.000,0.000,0.000,0.000,0.000,0.000,0.000,0.000,0.000,0.000,0.000,0.000,0.000,0,0,1.356,5.549,4.074,0.000,17
Data-Oriented CPU ROAM,RelWithDebInfo,OpenGL,NVIDIA GeForce RTX 5090 D/PCIe/SSE2,4.3.0 NVIDIA 591.86,false,assets/heightmaps/Hm_Terrain_Test_129.pgm,129,129,39.400,12.000,20,4.000,2.000,200000,1.739,0.000,18.000,18.119,17.262,49162,109594,49160,86,43,118,46,0,0,0,0,8,96.209,16.983,16.239,0.397,5.306,0.140,0.000,0.000,1.411,0.147,0.938,2.809,5.090,0.497,0.000,0.000,0.000,0.000,0.000,0.000,0.000,0.000,0.000,0.000,0.000,0.000,0.000,0.000,0.000,0.000,0,0,1.558,5.447,3.747,0.000,17
Data-Oriented CPU ROAM,RelWithDebInfo,OpenGL,NVIDIA GeForce RTX 5090 D/PCIe/SSE2,4.3.0 NVIDIA 591.86,false,assets/heightmaps/Hm_Terrain_Test_129.pgm,129,129,39.400,12.000,20,4.000,2.000,200000,1.757,0.000,18.000,18.090,17.445,49140,109806,49138,106,54,128,62,0,0,0,0,8,98.546,16.610,15.853,0.390,4.956,0.165,0.000,0.000,1.078,0.151,0.918,3.405,4.790,0.494,0.000,0.000,0.000,0.000,0.000,0.000,0.000,0.000,0.000,0.000,0.000,0.000,0.000,0.000,0.000,0.000,0,0,1.229,5.121,4.323,0.000,17
Data-Oriented CPU ROAM,RelWithDebInfo,OpenGL,NVIDIA GeForce RTX 5090 D/PCIe/SSE2,4.3.0 NVIDIA 591.86,false,assets/heightmaps/Hm_Terrain_Test_129.pgm,129,129,39.400,12.000,20,4.000,2.000,200000,1.774,0.000,18.000,18.060,17.054,49115,110022,49113,108,54,133,64,0,0,0,0,8,781.138,16.741,16.000,0.393,5.381,0.161,0.000,0.000,1.211,0.155,0.910,3.095,4.694,0.497,0.000,0.000,0.000,0.000,0.000,0.000,0.000,0.000,0.000,0.000,0.000,0.000,0.000,0.000,0.000,0.000,0,0,1.366,5.542,4.005,0.000,17
Data-Oriented CPU ROAM,RelWithDebInfo,OpenGL,NVIDIA GeForce RTX 5090 D/PCIe/SSE2,4.3.0 NVIDIA 591.86,false,assets/heightmaps/Hm_Terrain_Test_129.pgm,129,129,39.400,12.000,20,4.000,2.000,200000,1.791,0.000,18.000,18.031,17.167,49137,110250,49135,114,57,92,68,0,0,0,0,8,0.000,16.727,15.982,0.394,5.270,0.140,0.000,0.000,1.282,0.180,0.907,2.997,4.810,0.486,0.000,0.000,0.000,0.000,0.000,0.000,0.000,0.000,0.000,0.000,0.000,0.000,0.000,0.000,0.000,0.000,0,0,1.463,5.411,3.904,0.000,17
Data-Oriented CPU ROAM,RelWithDebInfo,OpenGL,NVIDIA GeForce RTX 5090 D/PCIe/SSE2,4.3.0 NVIDIA 591.86,false,assets/heightmaps/Hm_Terrain_Test_129.pgm,129,129,39.400,12.000,20,4.000,2.000,200000,1.808,0.000,18.000,18.001,17.163,49157,110478,49155,114,57,94,62,0,0,0,0,8,91.345,17.841,17.103,0.398,5.414,0.125,0.000,0.000,1.358,0.167,0.882,3.695,5.064,0.491,0.000,0.000,0.000,0.000,0.000,0.000,0.000,0.000,0.000,0.000,0.000,0.000,0.000,0.000,0.000,0.000,0,0,1.525,5.539,4.577,0.000,17
Data-Oriented CPU ROAM,RelWithDebInfo,OpenGL,NVIDIA GeForce RTX 5090 D/PCIe/SSE2,4.3.0 NVIDIA 591.86,false,assets/heightmaps/Hm_Terrain_Test_129.pgm,129,129,39.400,12.000,20,4.000,2.000,200000,1.827,0.000,18.000,17.968,18.544,49160,110752,49158,137,68,134,78,0,0,0,0,8,763.489,17.152,16.368,0.435,5.073,0.222,0.000,0.000,1.659,0.212,0.899,2.984,4.885,0.428,0.000,0.000,0.000,0.000,0.000,0.000,0.000,0.000,0.000,0.000,0.000,0.000,0.000,0.000,0.000,0.000,0,0,1.870,5.295,3.883,0.000,17
Data-Oriented CPU ROAM,RelWithDebInfo,OpenGL,NVIDIA GeForce RTX 5090 D/PCIe/SSE2,4.3.0 NVIDIA 591.86,false,assets/heightmaps/Hm_Terrain_Test_129.pgm,129,129,39.400,12.000,20,4.000,2.000,200000,1.844,0.000,18.000,17.937,17.625,49164,110980,49162,114,57,110,70,0,0,0,0,8,93.318,17.475,16.742,0.391,5.520,0.142,0.000,0.000,1.456,0.171,0.891,3.170,4.999,0.482,0.000,0.000,0.000,0.000,0.000,0.000,0.000,0.000,0.000,0.000,0.000,0.000,0.000,0.000,0.000,0.000,0,0,1.628,5.662,4.062,0.000,17
Data-Oriented CPU ROAM,RelWithDebInfo,OpenGL,NVIDIA GeForce RTX 5090 D/PCIe/SSE2,4.3.0 NVIDIA 591.86,false,assets/heightmaps/Hm_Terrain_Test_129.pgm,129,129,39.400,12.000,20,4.000,2.000,200000,1.862,0.000,18.000,17.905,17.918,49166,111240,49164,130,65,128,75,0,0,0,0,8,94.470,17.253,16.538,0.397,5.407,0.159,0.000,0.000,1.403,0.199,0.880,3.236,4.858,0.457,0.000,0.000,0.000,0.000,0.000,0.000,0.000,0.000,0.000,0.000,0.000,0.000,0.000,0.000,0.000,0.000,0,0,1.601,5.566,4.115,0.000,17
Data-Oriented CPU ROAM,RelWithDebInfo,OpenGL,NVIDIA GeForce RTX 5090 D/PCIe/SSE2,4.3.0 NVIDIA 591.86,false,assets/heightmaps/Hm_Terrain_Test_129.pgm,129,129,39.400,12.000,20,4.000,2.000,200000,1.880,0.000,18.000,17.873,17.687,49214,111536,49212,148,73,100,88,0,0,0,0,8,94.622,17.252,16.511,0.387,4.958,0.128,0.000,0.000,1.696,0.218,0.949,3.015,5.160,0.487,0.000,0.000,0.000,0.000,0.000,0.000,0.000,0.000,0.000,0.000,0.000,0.000,0.000,0.000,0.000,0.000,0,0,1.914,5.086,3.964,0.000,17
Data-Oriented CPU ROAM,RelWithDebInfo,OpenGL,NVIDIA GeForce RTX 5090 D/PCIe/SSE2,4.3.0 NVIDIA 591.86,false,assets/heightmaps/Hm_Terrain_Test_129.pgm,129,129,39.400,12.000,20,4.000,2.000,200000,1.898,0.000,18.000,17.841,17.682,49193,111766,49191,115,57,136,66,0,0,0,0,8,92.814,17.579,16.833,0.413,5.141,0.170,0.000,0.000,1.324,0.189,0.882,3.555,5.159,0.482,0.000,0.000,0.000,0.000,0.000,0.000,0.000,0.000,0.000,0.000,0.000,0.000,0.000,0.000,0.000,0.000,0,0,1.513,5.311,4.437,0.000,17
Data-Oriented CPU ROAM,RelWithDebInfo,OpenGL,NVIDIA GeForce RTX 5090 D/PCIe/SSE2,4.3.0 NVIDIA 591.86,false,assets/heightmaps/Hm_Terrain_Test_129.pgm,129,129,39.400,12.000,20,4.000,2.000,200000,1.916,0.000,18.000,17.808,18.023,49218,112080,49216,157,78,132,94,0,0,0,0,8,181.390,18.037,17.226,0.394,5.430,0.167,0.000,0.000,1.598,0.222,0.937,3.339,5.140,0.555,0.000,0.000,0.000,0.000,0.000,0.000,0.000,0.000,0.000,0.000,0.000,0.000,0.000,0.000,0.000,0.000,0,0,1.820,5.597,4.276,0.000,17
Data-Oriented CPU ROAM,RelWithDebInfo,OpenGL,NVIDIA GeForce RTX 5090 D/PCIe/SSE2,4.3.0 NVIDIA 591.86,false,assets/heightmaps/Hm_Terrain_Test_129.pgm,129,129,39.400,12.000,20,4.000,2.000,200000,1.934,0.000,18.000,17.774,18.493,49240,112404,49238,162,81,140,98,0,0,0,0,8,174.012,18.721,17.956,0.431,5.375,0.172,0.000,0.000,1.431,0.239,0.890,4.207,5.212,0.492,0.000,0.000,0.000,0.000,0.000,0.000,0.000,0.000,0.000,0.000,0.000,0.000,0.000,0.000,0.000,0.000,0,0,1.669,5.547,5.097,0.000,17
Data-Oriented CPU ROAM,RelWithDebInfo,OpenGL,NVIDIA GeForce RTX 5090 D/PCIe/SSE2,4.3.0 NVIDIA 591.86,false,assets/heightmaps/Hm_Terrain_Test_129.pgm,129,129,39.400,12.000,20,4.000,2.000,200000,1.953,0.000,18.000,17.739,19.176,49271,112716,49269,156,78,125,90,0,0,0,0,8,89.934,18.117,17.371,0.405,5.696,0.158,0.000,0.000,1.621,0.228,0.886,3.013,5.363,0.500,0.000,0.000,0.000,0.000,0.000,0.000,0.000,0.000,0.000,0.000,0.000,0.000,0.000,0.000,0.000,0.000,0,0,1.849,5.854,3.899,0.000,17
Data-Oriented CPU ROAM,RelWithDebInfo,OpenGL,NVIDIA GeForce RTX 5090 D/PCIe/SSE2,4.3.0 NVIDIA 591.86,false,assets/heightmaps/Hm_Terrain_Test_129.pgm,129,129,39.400,12.000,20,4.000,2.000,200000,1.972,0.000,18.000,17.704,18.569,49235,113016,49233,150,76,186,89,0,0,0,0,8,89.493,18.208,17.457,0.401,5.576,0.219,0.000,0.000,1.457,0.207,0.893,3.655,5.049,0.477,0.000,0.000,0.000,0.000,0.000,0.000,0.000,0.000,0.000,0.000,0.000,0.000,0.000,0.000,0.000,0.000,0,0,1.663,5.795,4.548,0.000,17
Data-Oriented CPU ROAM,RelWithDebInfo,OpenGL,NVIDIA GeForce RTX 5090 D/PCIe/SSE2,4.3.0 NVIDIA 591.86,false,assets/heightmaps/Hm_Terrain_Test_129.pgm,129,129,39.400,12.000,20,4.000,2.000,200000,1.991,0.000,18.000,17.669,18.659,49228,113220,49226,102,51,109,53,0,0,0,0,8,90.642,17.954,17.236,0.388,5.967,0.140,0.000,0.000,1.466,0.153,0.899,3.320,4.903,0.482,0.000,0.000,0.000,0.000,0.000,0.000,0.000,0.000,0.000,0.000,0.000,0.000,0.000,0.000,0.000,0.000,0,0,1.619,6.107,4.219,0.000,17
Data-Oriented CPU ROAM,RelWithDebInfo,OpenGL,NVIDIA GeForce RTX 5090 D/PCIe/SSE2,4.3.0 NVIDIA 591.86,false,assets/heightmaps/Hm_Terrain_Test_129.pgm,129,129,39.400,12.000,20,4.000,2.000,200000,2.009,0.000,18.000,17.634,18.395,49226,113492,49224,136,68,138,73,0,0,0,0,8,94.471,17.284,16.538,0.396,4.906,0.174,0.000,0.000,1.398,0.205,0.931,3.541,4.987,0.469,0.000,0.000,0.000,0.000,0.000,0.000,0.000,0.000,0.000,0.000,0.000,0.000,0.000,0.000,0.000,0.000,0,0,1.602,5.081,4.471,0.000,17
Data-Oriented CPU ROAM,RelWithDebInfo,OpenGL,NVIDIA GeForce RTX 5090 D/PCIe/SSE2,4.3.0 NVIDIA 591.86,false,assets/heightmaps/Hm_Terrain_Test_129.pgm,129,129,39.400,12.000,20,4.000,2.000,200000,2.027,0.000,18.000,17.600,17.729,49243,113754,49241,131,65,114,72,0,0,0,0,8,90.896,17.909,17.188,0.400,5.358,0.139,0.000,0.000,1.638,0.197,0.945,3.412,5.099,0.482,0.000,0.000,0.000,0.000,0.000,0.000,0.000,0.000,0.000,0.000,0.000,0.000,0.000,0.000,0.000,0.000,0,0,1.835,5.497,4.357,0.000,17
Data-Oriented CPU ROAM,RelWithDebInfo,OpenGL,NVIDIA GeForce RTX 5090 D/PCIe/SSE2,4.3.0 NVIDIA 591.86,false,assets/heightmaps/Hm_Terrain_Test_129.pgm,129,129,39.400,12.000,20,4.000,2.000,200000,2.045,0.000,18.000,17.565,18.381,49201,114006,49199,126,64,168,75,0,0,0,0,8,725.803,17.961,17.220,0.402,5.458,0.202,0.000,0.000,1.450,0.177,0.906,3.608,5.017,0.463,0.000,0.000,0.000,0.000,0.000,0.000,0.000,0.000,0.000,0.000,0.000,0.000,0.000,0.000,0.000,0.000,0,0,1.627,5.660,4.514,0.000,17
Data-Oriented CPU ROAM,RelWithDebInfo,OpenGL,NVIDIA GeForce RTX 5090 D/PCIe/SSE2,4.3.0 NVIDIA 591.86,false,assets/heightmaps/Hm_Terrain_Test_129.pgm,129,129,39.400,12.000,20,4.000,2.000,200000,2.064,0.000,18.000,17.530,18.406,49235,114358,49233,176,88,142,97,0,0,0,0,8,95.948,17.058,16.283,0.391,5.335,0.183,0.000,0.000,1.424,0.267,0.921,3.168,4.594,0.524,0.000,0.000,0.000,0.000,0.000,0.000,0.000,0.000,0.000,0.000,0.000,0.000,0.000,0.000,0.000,0.000,0,0,1.691,5.518,4.089,0.000,17
Data-Oriented CPU ROAM,RelWithDebInfo,OpenGL,NVIDIA GeForce RTX 5090 D/PCIe/SSE2,4.3.0 NVIDIA 591.86,false,assets/heightmaps/Hm_Terrain_Test_129.pgm,129,129,39.400,12.000,20,4.000,2.000,200000,2.081,0.000,18.000,17.496,17.497,49237,114622,49235,132,68,130,70,0,0,0,0,8,783.729,16.673,15.947,0.403,4.950,0.149,0.000,0.000,1.658,0.184,0.892,3.048,4.662,0.457,0.000,0.000,0.000,0.000,0.000,0.000,0.000,0.000,0.000,0.000,0.000,0.000,0.000,0.000,0.000,0.000,0,0,1.842,5.099,3.940,0.000,17
Data-Oriented CPU ROAM,RelWithDebInfo,OpenGL,NVIDIA GeForce RTX 5090 D/PCIe/SSE2,4.3.0 NVIDIA 591.86,false,assets/heightmaps/Hm_Terrain_Test_129.pgm,129,129,39.400,12.000,20,4.000,2.000,200000,2.098,0.000,18.000,17.462,17.112,49229,114902,49227,140,70,148,75,0,0,0,0,8,92.899,17.599,16.817,0.385,5.465,0.200,0.000,0.000,1.217,0.206,0.915,3.434,4.994,0.531,0.000,0.000,0.000,0.000,0.000,0.000,0.000,0.000,0.000,0.000,0.000,0.000,0.000,0.000,0.000,0.000,0,0,1.423,5.665,4.349,0.000,17
Data-Oriented CPU ROAM,RelWithDebInfo,OpenGL,NVIDIA GeForce RTX 5090 D/PCIe/SSE2,4.3.0 NVIDIA 591.86,false,assets/heightmaps/Hm_Terrain_Test_129.pgm,129,129,39.400,12.000,20,4.000,2.000,200000,2.116,0.000,18.000,17.427,18.037,49258,115238,49256,168,84,139,92,0,0,0,0,8,94.447,17.283,16.542,0.403,5.472,0.175,0.000,0.000,1.375,0.253,0.880,3.281,4.703,0.484,0.000,0.000,0.000,0.000,0.000,0.000,0.000,0.000,0.000,0.000,0.000,0.000,0.000,0.000,0.000,0.000,0,0,1.628,5.647,4.160,0.000,17
Data-Oriented CPU ROAM,RelWithDebInfo,OpenGL,NVIDIA GeForce RTX 5090 D/PCIe/SSE2,4.3.0 NVIDIA 591.86,false,assets/heightmaps/Hm_Terrain_Test_129.pgm,129,129,39.400,12.000,20,4.000,2.000,200000,2.134,0.000,18.000,17.392,17.722,49234,115506,49232,134,67,158,75,0,0,0,0,8,94.089,17.359,16.604,0.400,5.359,0.193,0.000,0.000,1.402,0.188,0.908,3.028,5.126,0.503,0.000,0.000,0.000,0.000,0.000,0.000,0.000,0.000,0.000,0.000,0.000,0.000,0.000,0.000,0.000,0.000,0,0,1.590,5.552,3.937,0.000,17
Data-Oriented CPU ROAM,RelWithDebInfo,OpenGL,NVIDIA GeForce RTX 5090 D/PCIe/SSE2,4.3.0 NVIDIA 591.86,false,assets/heightmaps/Hm_Terrain_Test_129.pgm,129,129,39.400,12.000,20,4.000,2.000,200000,2.152,0.000,18.000,17.356,17.797,49206,115782,49204,138,70,166,77,0,0,0,0,8,86.849,18.749,17.989,0.396,5.395,0.195,0.000,0.000,1.401,0.208,0.906,4.152,5.336,0.492,0.000,0.000,0.000,0.000,0.000,0.000,0.000,0.000,0.000,0.000,0.000,0.000,0.000,0.000,0.000,0.000,0,0,1.609,5.590,5.058,0.000,17
Data-Oriented CPU ROAM,RelWithDebInfo,OpenGL,NVIDIA GeForce RTX 5090 D/PCIe/SSE2,4.3.0 NVIDIA 591.86,false,assets/heightmaps/Hm_Terrain_Test_129.pgm,129,129,39.400,12.000,20,4.000,2.000,200000,2.171,0.000,18.000,17.318,19.206,49199,116108,49197,163,81,170,94,0,0,0,0,8,89.066,18.285,17.541,0.395,5.755,0.198,0.000,0.000,1.435,0.227,0.884,3.578,5.069,0.497,0.000,0.000,0.000,0.000,0.000,0.000,0.000,0.000,0.000,0.000,0.000,0.000,0.000,0.000,0.000,0.000,0,0,1.662,5.953,4.462,0.000,17
Data-Oriented CPU ROAM,RelWithDebInfo,OpenGL,NVIDIA GeForce RTX 5090 D/PCIe/SSE2,4.3.0 NVIDIA 591.86,false,assets/heightmaps/Hm_Terrain_Test_129.pgm,129,129,39.400,12.000,20,4.000,2.000,200000,2.190,0.000,18.000,17.280,18.726,49275,116472,49273,182,93,106,108,0,0,0,0,8,685.530,16.735,15.952,0.390,5.339,0.132,0.000,0.000,1.427,0.255,0.889,2.758,4.762,0.516,0.000,0.000,0.000,0.000,0.000,0.000,0.000,0.000,0.000,0.000,0.000,0.000,0.000,0.000,0.000,0.000,0,0,1.683,5.471,3.647,0.000,17
Data-Oriented CPU ROAM,RelWithDebInfo,OpenGL,NVIDIA GeForce RTX 5090 D/PCIe/SSE2,4.3.0 NVIDIA 591.86,false,assets/heightmaps/Hm_Terrain_Test_129.pgm,129,129,39.400,12.000,20,4.000,2.000,200000,2.207,0.000,18.000,17.245,17.178,49299,116780,49297,154,77,130,88,0,0,0,0,8,94.799,17.205,16.480,0.394,5.085,0.162,0.000,0.000,1.429,0.227,0.918,3.432,4.833,0.477,0.000,0.000,0.000,0.000,0.000,0.000,0.000,0.000,0.000,0.000,0.000,0.000,0.000,0.000,0.000,0.000,0,0,1.656,5.247,4.350,0.000,17
Data-Oriented CPU ROAM,RelWithDebInfo,OpenGL,NVIDIA GeForce RTX 5090 D/PCIe/SSE2,4.3.0 NVIDIA 591.86,false,assets/heightmaps/Hm_Terrain_Test_129.pgm,129,129,39.400,12.000,20,4.000,2.000,200000,2.224,0.000,18.000,17.209,17.656,49333,117088,49331,154,77,120,92,0,0,0,0,8,97.664,16.747,15.997,0.402,5.297,0.158,0.000,0.000,0.973,0.223,0.923,2.976,5.045,0.478,0.000,0.000,0.000,0.000,0.000,0.000,0.000,0.000,0.000,0.000,0.000,0.000,0.000,0.000,0.000,0.000,0,0,1.197,5.455,3.898,0.000,17
Data-Oriented CPU ROAM,RelWithDebInfo,OpenGL,NVIDIA GeForce RTX 5090 D/PCIe/SSE2,4.3.0 NVIDIA 591.86,false,assets/heightmaps/Hm_Terrain_Test_129.pgm,129,129,39.400,12.000,20,4.000,2.000,200000,2.242,0.000,18.000,17.174,17.190,49331,117428,49329,170,85,172,98,0,0,0,0,8,92.584,17.632,16.875,0.396,5.208,0.208,0.000,0.000,1.731,0.239,0.928,3.193,4.970,0.510,0.000,0.000,0.000,0.000,0.000,0.000,0.000,0.000,0.000,0.000,0.000,0.000,0.000,0.000,0.000,0.000,0,0,1.971,5.416,4.121,0.000,17
Data-Oriented CPU ROAM,RelWithDebInfo,OpenGL,NVIDIA GeForce RTX 5090 D/PCIe/SSE2,4.3.0 NVIDIA 591.86,false,assets/heightmaps/Hm_Terrain_Test_129.pgm,129,129,39.400,12.000,20,4.000,2.000,200000,2.260,0.000,18.000,17.137,18.073,49335,117736,49333,154,76,150,86,0,0,0,0,8,95.709,17.181,16.324,0.392,5.167,0.192,0.000,0.000,1.715,0.215,0.918,2.933,4.791,0.557,0.000,0.000,0.000,0.000,0.000,0.000,0.000,0.000,0.000,0.000,0.000,0.000,0.000,0.000,0.000,0.000,0,0,1.930,5.359,3.851,0.000,17
Data-Oriented CPU ROAM,RelWithDebInfo,OpenGL,NVIDIA GeForce RTX 5090 D/PCIe/SSE2,4.3.0 NVIDIA 591.86,false,assets/heightmaps/Hm_Terrain_Test_129.pgm,129,129,39.400,12.000,20,4.000,2.000,200000,2.277,0.000,18.000,17.100,17.643,49349,118008,49347,136,68,122,73,0,0,0,0,8,93.539,17.457,16.702,0.405,5.622,0.151,0.000,0.000,1.718,0.210,0.922,2.976,4.698,0.506,0.000,0.000,0.000,0.000,0.000,0.000,0.000,0.000,0.000,0.000,0.000,0.000,0.000,0.000,0.000,0.000,0,0,1.927,5.773,3.898,0.000,17
Data-Oriented CPU ROAM,RelWithDebInfo,OpenGL,NVIDIA GeForce RTX 5090 D/PCIe/SSE2,4.3.0 NVIDIA 591.86,false,assets/heightmaps/Hm_Terrain_Test_129.pgm,129,129,39.400,12.000,20,4.000,2.000,200000,2.295,0.000,18.000,17.063,17.938,49310,118276,49308,134,67,173,76,0,0,0,0,8,730.405,17.891,17.112,0.401,5.259,0.217,0.000,0.000,1.584,0.207,0.884,3.556,5.004,0.508,0.000,0.000,0.000,0.000,0.000,0.000,0.000,0.000,0.000,0.000,0.000,0.000,0.000,0.000,0.000,0.000,0,0,1.791,5.476,4.440,0.000,17
Data-Oriented CPU ROAM,RelWithDebInfo,OpenGL,NVIDIA GeForce RTX 5090 D/PCIe/SSE2,4.3.0 NVIDIA 591.86,false,assets/heightmaps/Hm_Terrain_Test_129.pgm,129,129,39.400,12.000,20,4.000,2.000,200000,2.314,0.000,18.000,17.024,18.334,49311,118608,49309,166,83,165,91,0,0,0,0,8,94.814,17.260,16.477,0.403,5.303,0.187,0.000,0.000,1.416,0.237,0.920,3.122,4.890,0.537,0.000,0.000,0.000,0.000,0.000,0.000,0.000,0.000,0.000,0.000,0.000,0.000,0.000,0.000,0.000,0.000,0,0,1.653,5.490,4.042,0.000,17
Data-Oriented CPU ROAM,RelWithDebInfo,OpenGL,NVIDIA GeForce RTX 5090 D/PCIe/SSE2,4.3.0 NVIDIA 591.86,false,assets/heightmaps/Hm_Terrain_Test_129.pgm,129,129,39.400,12.000,20,4.000,2.000,200000,2.331,0.000,18.000,16.987,17.691,49287,118928,49285,160,81,184,85,0,0,0,0,8,93.953,17.368,16.629,0.413,5.240,0.209,0.000,0.000,1.492,0.245,0.939,3.495,4.595,0.469,0.000,0.000,0.000,0.000,0.000,0.000,0.000,0.000,0.000,0.000,0.000,0.000,0.000,0.000,0.000,0.000,0,0,1.737,5.449,4.434,0.000,17
Data-Oriented CPU ROAM,RelWithDebInfo,OpenGL,NVIDIA GeForce RTX 5090 D/PCIe/SSE2,4.3.0 NVIDIA 591.86,false,assets/heightmaps/Hm_Terrain_Test_129.pgm,129,129,39.400,12.000,20,4.000,2.000,200000,2.349,0.000,18.000,16.949,17.811,49315,119244,49313,158,79,130,85,0,0,0,0,8,94.834,17.225,16.474,0.400,5.482,0.166,0.000,0.000,1.050,0.226,0.891,3.225,5.035,0.513,0.000,0.000,0.000,0.000,0.000,0.000,0.000,0.000,0.000,0.000,0.000,0.000,0.000,0.000,0.000,0.000,0,0,1.276,5.647,4.116,0.000,17
Data-Oriented CPU ROAM,RelWithDebInfo,OpenGL,NVIDIA GeForce RTX 5090 D/PCIe/SSE2,4.3.0 NVIDIA 591.86,false,assets/heightmaps/Hm_Terrain_Test_129.pgm,129,129,39.400,12.000,20,4.000,2.000,200000,2.367,0.000,18.000,16.912,17.639,49317,119484,49315,120,60,118,67,0,0,0,0,8,0.000,16.652,15.922,0.402,5.080,0.188,0.000,0.000,1.700,0.186,0.876,3.235,4.256,0.471,0.000,0.000,0.000,0.000,0.000,0.000,0.000,0.000,0.000,0.000,0.000,0.000,0.000,0.000,0.000,0.000,0,0,1.886,5.268,4.111,0.000,17
Data-Oriented CPU ROAM,RelWithDebInfo,OpenGL,NVIDIA GeForce RTX 5090 D/PCIe/SSE2,4.3.0 NVIDIA 591.86,false,assets/heightmaps/Hm_Terrain_Test_129.pgm,129,129,39.400,12.000,20,4.000,2.000,200000,2.384,0.000,18.000,16.875,17.096,49283,119736,49281,126,63,160,68,0,0,0,0,8,96.358,16.972,16.214,0.406,5.059,0.189,0.000,0.000,1.429,0.191,0.903,3.124,4.912,0.528,0.000,0.000,0.000,0.000,0.000,0.000,0.000,0.000,0.000,0.000,0.000,0.000,0.000,0.000,0.000,0.000,0,0,1.620,5.248,4.027,0.000,17
Data-Oriented CPU ROAM,RelWithDebInfo,OpenGL,NVIDIA GeForce RTX 5090 D/PCIe/SSE2,4.3.0 NVIDIA 591.86,false,assets/heightmaps/Hm_Terrain_Test_129.pgm,129,129,39.400,12.000,20,4.000,2.000,200000,2.401,0.000,18.000,16.838,17.416,49279,120000,49277,132,66,136,78,0,0,0,0,8,95.931,17.071,16.286,0.406,5.360,0.159,0.000,0.000,1.462,0.191,0.881,3.275,4.551,0.535,0.000,0.000,0.000,0.000,0.000,0.000,0.000,0.000,0.000,0.000,0.000,0.000,0.000,0.000,0.000,0.000,0,0,1.653,5.519,4.156,0.000,17
Data-Oriented CPU ROAM,RelWithDebInfo,OpenGL,NVIDIA GeForce RTX 5090 D/PCIe/SSE2,4.3.0 NVIDIA 591.86,false,assets/heightmaps/Hm_Terrain_Test_129.pgm,129,129,39.400,12.000,20,4.000,2.000,200000,2.419,0.000,18.000,16.800,17.514,49282,120328,49280,164,82,161,89,0,0,0,0,8,94.642,17.269,16.507,0.399,5.061,0.187,0.000,0.000,1.401,0.238,0.876,3.477,4.868,0.524,0.000,0.000,0.000,0.000,0.000,0.000,0.000,0.000,0.000,0.000,0.000,0.000,0.000,0.000,0.000,0.000,0,0,1.639,5.248,4.353,0.000,17
Data-Oriented CPU ROAM,RelWithDebInfo,OpenGL,NVIDIA GeForce RTX 5090 D/PCIe/SSE2,4.3.0 NVIDIA 591.86,false,assets/heightmaps/Hm_Terrain_Test_129.pgm,129,129,39.400,12.000,20,4.000,2.000,200000,2.436,0.000,18.000,16.761,17.705,49320,120688,49318,180,90,142,105,0,0,0,0,8,733.048,17.824,17.050,0.401,5.254,0.168,0.000,0.000,1.507,0.336,1.155,3.150,5.079,0.500,0.000,0.000,0.000,0.000,0.000,0.000,0.000,0.000,0.000,0.000,0.000,0.000,0.000,0.000,0.000,0.000,0,0,1.843,5.423,4.305,0.000,17
Data-Oriented CPU ROAM,RelWithDebInfo,OpenGL,NVIDIA GeForce RTX 5090 D/PCIe/SSE2,4.3.0 NVIDIA 591.86,false,assets/heightmaps/Hm_Terrain_Test_129.pgm,129,129,39.400,12.000,20,4.000,2.000,200000,2.455,0.000,18.000,16.722,18.254,49332,121052,49330,182,93,170,105,0,0,0,0,8,96.581,16.930,16.176,0.397,5.243,0.189,0.000,0.000,1.355,0.239,0.878,3.345,4.531,0.518,0.000,0.000,0.000,0.000,0.000,0.000,0.000,0.000,0.000,0.000,0.000,0.000,0.000,0.000,0.000,0.000,0,0,1.594,5.432,4.223,0.000,17
Data-Oriented CPU ROAM,RelWithDebInfo,OpenGL,NVIDIA GeForce RTX 5090 D/PCIe/SSE2,4.3.0 NVIDIA 591.86,false,assets/heightmaps/Hm_Terrain_Test_129.pgm,129,129,39.400,12.000,20,4.000,2.000,200000,2.472,0.000,18.000,16.683,17.352,49316,121396,49314,172,87,188,100,0,0,0,0,8,94.083,17.361,16.606,0.390,5.254,0.234,0.000,0.000,1.552,0.231,0.910,3.220,4.814,0.495,0.000,0.000,0.000,0.000,0.000,0.000,0.000,0.000,0.000,0.000,0.000,0.000,0.000,0.000,0.000,0.000,0,0,1.783,5.488,4.130,0.000,17
Data-Oriented CPU ROAM,RelWithDebInfo,OpenGL,NVIDIA GeForce RTX 5090 D/PCIe/SSE2,4.3.0 NVIDIA 591.86,false,assets/heightmaps/Hm_Terrain_Test_129.pgm,129,129,39.400,12.000,20,4.000,2.000,200000,2.490,0.000,18.000,16.644,17.786,49349,121752,49347,178,89,145,97,0,0,0,0,8,96.829,16.868,16.135,0.393,5.080,0.172,0.000,0.000,1.711,0.240,0.903,3.089,4.547,0.491,0.000,0.000,0.000,0.000,0.000,0.000,0.000,0.000,0.000,0.000,0.000,0.000,0.000,0.000,0.000,0.000,0,0,1.951,5.252,3.992,0.000,17
Data-Oriented CPU ROAM,RelWithDebInfo,OpenGL,NVIDIA GeForce RTX 5090 D/PCIe/SSE2,4.3.0 NVIDIA 591.86,false,assets/heightmaps/Hm_Terrain_Test_129.pgm,129,129,39.400,12.000,20,4.000,2.000,200000,2.507,0.000,18.000,16.606,17.296,49386,122062,49384,157,79,120,87,0,0,0,0,8,91.088,17.924,17.152,0.395,5.285,0.153,0.000,0.000,1.549,0.238,0.929,3.435,5.166,0.502,0.000,0.000,0.000,0.000,0.000,0.000,0.000,0.000,0.000,0.000,0.000,0.000,0.000,0.000,0.000,0.000,0,0,1.788,5.438,4.365,0.000,17
Data-Oriented CPU ROAM,RelWithDebInfo,OpenGL,NVIDIA GeForce RTX 5090 D/PCIe/SSE2,4.3.0 NVIDIA 591.86,false,assets/heightmaps/Hm_Terrain_Test_129.pgm,129,129,39.400,12.000,20,4.000,2.000,200000,2.526,0.000,18.000,16.565,18.356,49320,122350,49318,144,73,210,87,0,0,0,0,8,187.263,17.425,16.686,0.402,5.244,0.235,0.000,0.000,1.174,0.209,1.037,3.574,4.811,0.503,0.000,0.000,0.000,0.000,0.000,0.000,0.000,0.000,0.000,0.000,0.000,0.000,0.000,0.000,0.000,0.000,0,0,1.383,5.479,4.611,0.000,17
Data-Oriented CPU ROAM,RelWithDebInfo,OpenGL,NVIDIA GeForce RTX 5090 D/PCIe/SSE2,4.3.0 NVIDIA 591.86,false,assets/heightmaps/Hm_Terrain_Test_129.pgm,129,129,39.400,12.000,20,4.000,2.000,200000,2.543,0.000,18.000,16.525,17.870,49260,122568,49258,109,55,169,59,0,0,0,0,8,93.483,17.489,16.712,0.411,5.332,0.192,0.000,0.000,1.426,0.163,0.960,3.503,4.725,0.505,0.000,0.000,0.000,0.000,0.000,0.000,0.000,0.000,0.000,0.000,0.000,0.000,0.000,0.000,0.000,0.000,0,0,1.589,5.524,4.464,0.000,17
Data-Oriented CPU ROAM,RelWithDebInfo,OpenGL,NVIDIA GeForce RTX 5090 D/PCIe/SSE2,4.3.0 NVIDIA 591.86,false,assets/heightmaps/Hm_Terrain_Test_129.pgm,129,129,39.400,12.000,20,4.000,2.000,200000,2.561,0.000,18.000,16.485,17.928,49231,122856,49229,144,72,173,81,0,0,0,0,8,748.750,17.489,16.692,0.396,5.250,0.191,0.000,0.000,1.502,0.201,0.938,3.262,4.952,0.551,0.000,0.000,0.000,0.000,0.000,0.000,0.000,0.000,0.000,0.000,0.000,0.000,0.000,0.000,0.000,0.000,0,0,1.703,5.441,4.200,0.000,17
Data-Oriented CPU ROAM,RelWithDebInfo,OpenGL,NVIDIA GeForce RTX 5090 D/PCIe/SSE2,4.3.0 NVIDIA 591.86,false,assets/heightmaps/Hm_Terrain_Test_129.pgm,129,129,39.400,12.000,20,4.000,2.000,200000,2.579,0.000,18.000,16.444,17.923,49252,123218,49250,181,91,160,94,0,0,0,0,8,93.179,17.544,16.767,0.506,5.286,0.189,0.000,0.000,1.442,0.258,0.909,3.211,4.966,0.515,0.000,0.000,0.000,0.000,0.000,0.000,0.000,0.000,0.000,0.000,0.000,0.000,0.000,0.000,0.000,0.000,0,0,1.700,5.475,4.120,0.000,17
Data-Oriented CPU ROAM,RelWithDebInfo,OpenGL,NVIDIA GeForce RTX 5090 D/PCIe/SSE2,4.3.0 NVIDIA 591.86,false,assets/heightmaps/Hm_Terrain_Test_129.pgm,129,129,39.400,12.000,20,4.000,2.000,200000,2.597,0.000,18.000,16.404,17.969,49214,123514,49212,148,74,186,81,0,0,0,0,8,79.419,20.532,19.671,0.385,5.316,0.214,0.000,0.000,1.492,0.221,0.903,3.646,7.494,0.586,0.000,0.000,0.000,0.000,0.000,0.000,0.000,0.000,0.000,0.000,0.000,0.000,0.000,0.000,0.000,0.000,0,0,1.714,5.530,4.549,0.000,17
Data-Oriented CPU ROAM,RelWithDebInfo,OpenGL,NVIDIA GeForce RTX 5090 D/PCIe/SSE2,4.3.0 NVIDIA 591.86,false,assets/heightmaps/Hm_Terrain_Test_129.pgm,129,129,39.400,12.000,20,4.000,2.000,200000,2.618,0.000,18.000,16.356,21.032,49228,123870,49226,178,91,164,100,0,0,0,0,8,170.777,19.043,18.297,0.452,6.574,0.207,0.000,0.000,1.721,0.265,0.920,2.964,5.194,0.484,0.000,0.000,0.000,0.000,0.000,0.000,0.000,0.000,0.000,0.000,0.000,0.000,0.000,0.000,0.000,0.000,0,0,1.986,6.781,3.883,0.000,17
Data-Oriented CPU ROAM,RelWithDebInfo,OpenGL,NVIDIA GeForce RTX 5090 D/PCIe/SSE2,4.3.0 NVIDIA 591.86,false,assets/heightmaps/Hm_Terrain_Test_129.pgm,129,129,39.400,12.000,20,4.000,2.000,200000,2.638,0.000,18.000,16.311,19.514,49254,124238,49252,184,92,158,106,0,0,0,0,8,92.082,17.702,16.966,0.408,5.117,0.191,0.000,0.000,1.702,0.265,0.969,2.973,5.341,0.485,0.000,0.000,0.000,0.000,0.000,0.000,0.000,0.000,0.000,0.000,0.000,0.000,0.000,0.000,0.000,0.000,0,0,1.967,5.308,3.942,0.000,17
Data-Oriented CPU ROAM,RelWithDebInfo,OpenGL,NVIDIA GeForce RTX 5090 D/PCIe/SSE2,4.3.0 NVIDIA 591.86,false,assets/heightmaps/Hm_Terrain_Test_129.pgm,129,129,39.400,12.000,20,4.000,2.000,200000,2.656,0.000,18.000,16.269,18.174,49288,124618,49286,190,95,156,111,0,0,0,0,8,94.230,17.363,16.580,0.397,5.011,0.191,0.000,0.000,1.581,0.279,0.916,3.118,5.088,0.501,0.000,0.000,0.000,0.000,0.000,0.000,0.000,0.000,0.000,0.000,0.000,0.000,0.000,0.000,0.000,0.000,0,0,1.860,5.202,4.033,0.000,17
Data-Oriented CPU ROAM,RelWithDebInfo,OpenGL,NVIDIA GeForce RTX 5090 D/PCIe/SSE2,4.3.0 NVIDIA 591.86,false,assets/heightmaps/Hm_Terrain_Test_129.pgm,129,129,39.400,12.000,20,4.000,2.000,200000,2.674,0.000,18.000,16.228,17.819,49297,124974,49295,180,92,171,103,0,0,0,0,8,289.404,16.947,16.195,0.392,5.248,0.199,0.000,0.000,1.382,0.261,0.907,3.282,4.524,0.507,0.000,0.000,0.000,0.000,0.000,0.000,0.000,0.000,0.000,0.000,0.000,0.000,0.000,0.000,0.000,0.000,0,0,1.643,5.447,4.189,0.000,17
Data-Oriented CPU ROAM,RelWithDebInfo,OpenGL,NVIDIA GeForce RTX 5090 D/PCIe/SSE2,4.3.0 NVIDIA 591.86,false,assets/heightmaps/Hm_Terrain_Test_129.pgm,129,129,39.400,12.000,20,4.000,2.000,200000,2.691,0.000,18.000,16.188,17.390,49265,125246,49263,136,68,168,79,0,0,0,0,8,95.537,17.114,16.353,0.391,5.162,0.192,0.000,0.000,1.591,0.244,0.914,3.311,4.547,0.514,0.000,0.000,0.000,0.000,0.000,0.000,0.000,0.000,0.000,0.000,0.000,0.000,0.000,0.000,0.000,0.000,0,0,1.835,5.354,4.225,0.000,17
Data-Oriented CPU ROAM,RelWithDebInfo,OpenGL,NVIDIA GeForce RTX 5090 D/PCIe/SSE2,4.3.0 NVIDIA 591.86,false,assets/heightmaps/Hm_Terrain_Test_129.pgm,129,129,39.400,12.000,20,4.000,2.000,200000,2.709,0.000,18.000,16.147,17.547,49264,125552,49262,153,76,154,83,0,0,0,0,8,94.558,17.284,16.522,0.385,5.222,0.194,0.000,0.000,1.721,0.232,0.938,3.001,4.828,0.507,0.000,0.000,0.000,0.000,0.000,0.000,0.000,0.000,0.000,0.000,0.000,0.000,0.000,0.000,0.000,0.000,0,0,1.953,5.416,3.939,0.000,17
Data-Oriented CPU ROAM,RelWithDebInfo,OpenGL,NVIDIA GeForce RTX 5090 D/PCIe/SSE2,4.3.0 NVIDIA 591.86,false,assets/heightmaps/Hm_Terrain_Test_129.pgm,129,129,39.400,12.000,20,4.000,2.000,200000,2.726,0.000,18.000,16.105,17.733,49170,125816,49168,132,66,226,70,0,0,0,0,8,278.167,17.638,16.849,0.401,5.317,0.237,0.000,0.000,1.229,0.196,0.958,3.338,5.173,0.528,0.000,0.000,0.000,0.000,0.000,0.000,0.000,0.000,0.000,0.000,0.000,0.000,0.000,0.000,0.000,0.000,0,0,1.425,5.554,4.297,0.000,17
Data-Oriented CPU ROAM,RelWithDebInfo,OpenGL,NVIDIA GeForce RTX 5090 D/PCIe/SSE2,4.3.0 NVIDIA 591.86,false,assets/heightmaps/Hm_Terrain_Test_129.pgm,129,129,39.400,12.000,20,4.000,2.000,200000,2.745,0.000,18.000,16.063,18.084,49178,126092,49176,138,69,130,79,0,0,0,0,8,94.359,17.333,16.557,0.405,5.333,0.166,0.000,0.000,1.392,0.223,0.936,3.172,4.930,0.526,0.000,0.000,0.000,0.000,0.000,0.000,0.000,0.000,0.000,0.000,0.000,0.000,0.000,0.000,0.000,0.000,0,0,1.615,5.499,4.108,0.000,17
Data-Oriented CPU ROAM,RelWithDebInfo,OpenGL,NVIDIA GeForce RTX 5090 D/PCIe/SSE2,4.3.0 NVIDIA 591.86,false,assets/heightmaps/Hm_Terrain_Test_129.pgm,129,129,39.400,12.000,20,4.000,2.000,200000,2.762,0.000,18.000,16.021,17.796,49154,126368,49152,138,68,162,77,0,0,0,0,8,97.405,16.802,16.039,0.405,4.835,0.194,0.000,0.000,1.318,0.198,0.897,3.290,4.902,0.478,0.000,0.000,0.000,0.000,0.000,0.000,0.000,0.000,0.000,0.000,0.000,0.000,0.000,0.000,0.000,0.000,0,0,1.516,5.028,4.187,0.000,17
Data-Oriented CPU ROAM,RelWithDebInfo,OpenGL,NVIDIA GeForce RTX 5090 D/PCIe/SSE2,4.3.0 NVIDIA 591.86,false,assets/heightmaps/Hm_Terrain_Test_129.pgm,129,129,39.400,12.000,20,4.000,2.000,200000,2.780,0.000,18.000,15.980,17.261,49126,126628,49124,130,65,158,72,0,0,0,0,8,789.984,16.611,15.821,0.405,5.207,0.192,0.000,0.000,0.948,0.199,0.903,2.979,4.988,0.534,0.000,0.000,0.000,0.000,0.000,0.000,0.000,0.000,0.000,0.000,0.000,0.000,0.000,0.000,0.000,0.000,0,0,1.147,5.399,3.882,0.000,17
Data-Oriented CPU ROAM,RelWithDebInfo,OpenGL,NVIDIA GeForce RTX 5090 D/PCIe/SSE2,4.3.0 NVIDIA 591.86,false,assets/heightmaps/Hm_Terrain_Test_129.pgm,129,129,39.400,12.000,20,4.000,2.000,200000,2.797,0.000,18.000,15.939,17.080,49114,126928,49112,150,75,162,83,0,0,0,0,8,90.445,18.043,17.274,0.408,5.711,0.184,0.000,0.000,1.576,0.212,0.877,3.341,4.965,0.503,0.000,0.000,0.000,0.000,0.000,0.000,0.000,0.000,0.000,0.000,0.000,0.000,0.000,0.000,0.000,0.000,0,0,1.788,5.895,4.217,0.000,17
Data-Oriented CPU ROAM,RelWithDebInfo,OpenGL,NVIDIA GeForce RTX 5090 D/PCIe/SSE2,4.3.0 NVIDIA 591.86,false,assets/heightmaps/Hm_Terrain_Test_129.pgm,129,129,39.400,12.000,20,4.000,2.000,200000,2.815,0.000,18.000,15.895,18.483,49121,127296,49119,184,92,177,112,0,0,0,0,8,734.918,17.775,17.007,0.393,5.366,0.203,0.000,0.000,1.616,0.274,0.877,3.219,5.058,0.528,0.000,0.000,0.000,0.000,0.000,0.000,0.000,0.000,0.000,0.000,0.000,0.000,0.000,0.000,0.000,0.000,0,0,1.890,5.570,4.095,0.000,17
Data-Oriented CPU ROAM,RelWithDebInfo,OpenGL,NVIDIA GeForce RTX 5090 D/PCIe/SSE2,4.3.0 NVIDIA 591.86,false,assets/heightmaps/Hm_Terrain_Test_129.pgm,129,129,39.400,12.000,20,4.000,2.000,200000,2.833,0.000,18.000,15.852,18.189,49117,127700,49115,202,101,206,127,0,0,0,0,8,91.630,17.820,17.050,0.446,5.938,0.224,0.000,0.000,1.306,0.279,0.908,2.941,5.009,0.508,0.000,0.000,0.000,0.000,0.000,0.000,0.000,0.000,0.000,0.000,0.000,0.000,0.000,0.000,0.000,0.000,0,0,1.585,6.162,3.848,0.000,17
Data-Oriented CPU ROAM,RelWithDebInfo,OpenGL,NVIDIA GeForce RTX 5090 D/PCIe/SSE2,4.3.0 NVIDIA 591.86,false,assets/heightmaps/Hm_Terrain_Test_129.pgm,129,129,39.400,12.000,20,4.000,2.000,200000,2.852,0.000,18.000,15.808,18.239,49105,128014,49103,157,78,169,94,0,0,0,0,8,277.111,17.674,16.914,0.407,5.148,0.184,0.000,0.000,1.339,0.226,0.901,3.588,5.120,0.523,0.000,0.000,0.000,0.000,0.000,0.000,0.000,0.000,0.000,0.000,0.000,0.000,0.000,0.000,0.000,0.000,0,0,1.565,5.332,4.489,0.000,17
Data-Oriented CPU ROAM,RelWithDebInfo,OpenGL,NVIDIA GeForce RTX 5090 D/PCIe/SSE2,4.3.0 NVIDIA 591.86,false,assets/heightmaps/Hm_Terrain_Test_129.pgm,129,129,39.400,12.000,20,4.000,2.000,200000,2.870,0.000,18.000,15.764,18.103,49093,128284,49091,141,74,153,73,0,0,0,0,8,95.967,17.047,16.280,0.397,5.535,0.184,0.000,0.000,1.331,0.200,0.884,3.051,4.696,0.495,0.000,0.000,0.000,0.000,0.000,0.000,0.000,0.000,0.000,0.000,0.000,0.000,0.000,0.000,0.000,0.000,0,0,1.531,5.719,3.936,0.000,17
Data-Oriented CPU ROAM,RelWithDebInfo,OpenGL,NVIDIA GeForce RTX 5090 D/PCIe/SSE2,4.3.0 NVIDIA 591.86,false,assets/heightmaps/Hm_Terrain_Test_129.pgm,129,129,39.400,12.000,20,4.000,2.000,200000,2.887,0.000,18.000,15.722,17.490,49063,128588,49061,152,76,182,90,0,0,0,0,8,90.574,17.983,17.249,0.410,4.996,0.211,0.000,0.000,1.615,0.219,0.911,3.793,5.095,0.464,0.000,0.000,0.000,0.000,0.000,0.000,0.000,0.000,0.000,0.000,0.000,0.000,0.000,0.000,0.000,0.000,0,0,1.833,5.208,4.703,0.000,17
Data-Oriented CPU ROAM,RelWithDebInfo,OpenGL,NVIDIA GeForce RTX 5090 D/PCIe/SSE2,4.3.0 NVIDIA 591.86,false,assets/heightmaps/Hm_Terrain_Test_129.pgm,129,129,39.400,12.000,20,4.000,2.000,200000,2.906,0.000,18.000,15.677,18.426,49031,128844,49029,128,64,160,74,0,0,0,0,8,754.845,17.309,16.558,0.392,5.246,0.181,0.000,0.000,1.403,0.186,0.879,3.675,4.597,0.496,0.000,0.000,0.000,0.000,0.000,0.000,0.000,0.000,0.000,0.000,0.000,0.000,0.000,0.000,0.000,0.000,0,0,1.589,5.427,4.554,0.000,17
Data-Oriented CPU ROAM,RelWithDebInfo,OpenGL,NVIDIA GeForce RTX 5090 D/PCIe/SSE2,4.3.0 NVIDIA 591.86,false,assets/heightmaps/Hm_Terrain_Test_129.pgm,129,129,39.400,12.000,20,4.000,2.000,200000,2.923,0.000,18.000,15.634,17.728,49025,129132,49023,144,72,150,78,0,0,0,0,8,91.052,17.879,17.159,0.385,5.377,0.166,0.000,0.000,1.485,0.220,0.882,3.584,5.058,0.479,0.000,0.000,0.000,0.000,0.000,0.000,0.000,0.000,0.000,0.000,0.000,0.000,0.000,0.000,0.000,0.000,0,0,1.706,5.543,4.466,0.000,17
Data-Oriented CPU ROAM,RelWithDebInfo,OpenGL,NVIDIA GeForce RTX 5090 D/PCIe/SSE2,4.3.0 NVIDIA 591.86,false,assets/heightmaps/Hm_Terrain_Test_129.pgm,129,129,39.400,12.000,20,4.000,2.000,200000,2.942,0.000,18.000,15.589,18.313,48975,129376,48973,122,61,172,65,0,0,0,0,8,92.535,17.633,16.883,0.392,5.319,0.195,0.000,0.000,1.638,0.177,0.892,3.030,5.242,0.482,0.000,0.000,0.000,0.000,0.000,0.000,0.000,0.000,0.000,0.000,0.000,0.000,0.000,0.000,0.000,0.000,0,0,1.814,5.514,3.922,0.000,17
Data-Oriented CPU ROAM,RelWithDebInfo,OpenGL,NVIDIA GeForce RTX 5090 D/PCIe/SSE2,4.3.0 NVIDIA 591.86,false,assets/heightmaps/Hm_Terrain_Test_129.pgm,129,129,39.400,12.000,20,4.000,2.000,200000,2.960,0.000,18.000,15.544,18.067,48913,129664,48911,144,72,206,81,0,0,0,0,8,87.429,18.593,17.869,0.387,5.343,0.234,0.000,0.000,1.692,0.213,0.981,3.849,5.171,0.489,0.000,0.000,0.000,0.000,0.000,0.000,0.000,0.000,0.000,0.000,0.000,0.000,0.000,0.000,0.000,0.000,0,0,1.904,5.578,4.829,0.000,17
Data-Oriented CPU ROAM,RelWithDebInfo,OpenGL,NVIDIA GeForce RTX 5090 D/PCIe/SSE2,4.3.0 NVIDIA 591.86,false,assets/heightmaps/Hm_Terrain_Test_129.pgm,129,129,39.400,12.000,20,4.000,2.000,200000,2.979,0.000,18.000,15.497,19.041,48945,130088,48943,212,106,180,117,0,0,0,0,8,91.545,17.867,17.066,0.383,5.424,0.213,0.000,0.000,1.618,0.304,0.940,3.303,4.883,0.524,0.000,0.000,0.000,0.000,0.000,0.000,0.000,0.000,0.000,0.000,0.000,0.000,0.000,0.000,0.000,0.000,0,0,1.921,5.636,4.243,0.000,17
Data-Oriented CPU ROAM,RelWithDebInfo,OpenGL,NVIDIA GeForce RTX 5090 D/PCIe/SSE2,4.3.0 NVIDIA 591.86,false,assets/heightmaps/Hm_Terrain_Test_129.pgm,129,129,39.400,12.000,20,4.000,2.000,200000,2.997,0.000,18.000,15.452,18.312,48947,130432,48945,172,86,170,101,0,0,0,0,8,452.453,18.020,17.264,0.413,5.539,0.205,0.000,0.000,1.443,0.253,0.891,3.300,5.221,0.525,0.000,0.000,0.000,0.000,0.000,0.000,0.000,0.000,0.000,0.000,0.000,0.000,0.000,0.000,0.000,0.000,0,0,1.696,5.744,4.190,0.000,17
Data-Oriented CPU ROAM,RelWithDebInfo,OpenGL,NVIDIA GeForce RTX 5090 D/PCIe/SSE2,4.3.0 NVIDIA 591.86,false,assets/heightmaps/Hm_Terrain_Test_129.pgm,129,129,39.400,12.000,20,4.000,2.000,200000,3.016,0.000,18.000,15.406,18.486,48942,130768,48940,168,84,173,91,0,0,0,0,8,89.367,18.224,17.482,0.394,5.694,0.208,0.000,0.000,1.611,0.252,0.902,3.321,5.100,0.479,0.000,0.000,0.000,0.000,0.000,0.000,0.000,0.000,0.000,0.000,0.000,0.000,0.000,0.000,0.000,0.000,0,0,1.863,5.903,4.223,0.000,17
Data-Oriented CPU ROAM,RelWithDebInfo,OpenGL,NVIDIA GeForce RTX 5090 D/PCIe/SSE2,4.3.0 NVIDIA 591.86,false,assets/heightmaps/Hm_Terrain_Test_129.pgm,129,129,39.400,12.000,20,4.000,2.000,200000,3.034,0.000,18.000,15.360,18.667,48842,131064,48840,148,74,248,87,0,0,0,0,8,89.894,18.123,17.379,0.389,5.615,0.272,0.000,0.000,1.452,0.250,0.926,3.350,5.127,0.499,0.000,0.000,0.000,0.000,0.000,0.000,0.000,0.000,0.000,0.000,0.000,0.000,0.000,0.000,0.000,0.000,0,0,1.702,5.886,4.276,0.000,17
Data-Oriented CPU ROAM,RelWithDebInfo,OpenGL,NVIDIA GeForce RTX 5090 D/PCIe/SSE2,4.3.0 NVIDIA 591.86,false,assets/heightmaps/Hm_Terrain_Test_129.pgm,129,129,39.400,12.000,20,4.000,2.000,200000,3.053,0.000,18.000,15.313,18.585,48795,131372,48793,154,76,201,91,0,0,0,0,8,94.108,17.349,16.601,0.383,5.383,0.219,0.000,0.000,1.607,0.220,0.876,2.913,5.000,0.475,0.000,0.000,0.000,0.000,0.000,0.000,0.000,0.000,0.000,0.000,0.000,0.000,0.000,0.000,0.000,0.000,0,0,1.826,5.602,3.789,0.000,17
Data-Oriented CPU ROAM,RelWithDebInfo,OpenGL,NVIDIA GeForce RTX 5090 D/PCIe/SSE2,4.3.0 NVIDIA 591.86,false,assets/heightmaps/Hm_Terrain_Test_129.pgm,129,129,39.400,12.000,20,4.000,2.000,200000,3.071,0.000,18.000,15.268,17.794,48770,131656,48768,142,71,167,80,0,0,0,0,8,550.399,17.804,17.031,0.393,5.606,0.205,0.000,0.000,1.621,0.222,0.934,3.366,4.684,0.521,0.000,0.000,0.000,0.000,0.000,0.000,0.000,0.000,0.000,0.000,0.000,0.000,0.000,0.000,0.000,0.000,0,0,1.842,5.812,4.300,0.000,17
Data-Oriented CPU ROAM,RelWithDebInfo,OpenGL,NVIDIA GeForce RTX 5090 D/PCIe/SSE2,4.3.0 NVIDIA 591.86,false,assets/heightmaps/Hm_Terrain_Test_129.pgm,129,129,39.400,12.000,20,4.000,2.000,200000,3.089,0.000,18.000,15.222,18.261,48785,131968,48783,156,78,141,92,0,0,0,0,8,92.469,17.644,16.895,0.393,5.410,0.176,0.000,0.000,1.577,0.214,0.889,3.488,4.748,0.487,0.000,0.000,0.000,0.000,0.000,0.000,0.000,0.000,0.000,0.000,0.000,0.000,0.000,0.000,0.000,0.000,0,0,1.791,5.587,4.376,0.000,17
Data-Oriented CPU ROAM,RelWithDebInfo,OpenGL,NVIDIA GeForce RTX 5090 D/PCIe/SSE2,4.3.0 NVIDIA 591.86,false,assets/heightmaps/Hm_Terrain_Test_129.pgm,129,129,39.400,12.000,20,4.000,2.000,200000,3.107,0.000,18.000,15.177,18.098,48758,132258,48756,145,71,172,85,0,0,0,0,8,574.079,17.063,16.328,0.398,5.232,0.193,0.000,0.000,1.375,0.226,0.896,3.233,4.773,0.489,0.000,0.000,0.000,0.000,0.000,0.000,0.000,0.000,0.000,0.000,0.000,0.000,0.000,0.000,0.000,0.000,0,0,1.601,5.426,4.130,0.000,17
Data-Oriented CPU ROAM,RelWithDebInfo,OpenGL,NVIDIA GeForce RTX 5090 D/PCIe/SSE2,4.3.0 NVIDIA 591.86,false,assets/heightmaps/Hm_Terrain_Test_129.pgm,129,129,39.400,12.000,20,4.000,2.000,200000,3.124,0.000,18.000,15.132,17.519,48730,132650,48728,196,99,224,112,0,0,0,0,8,94.426,17.265,16.545,0.412,5.313,0.235,0.000,0.000,1.430,0.277,0.914,3.162,4.802,0.471,0.000,0.000,0.000,0.000,0.000,0.000,0.000,0.000,0.000,0.000,0.000,0.000,0.000,0.000,0.000,0.000,0,0,1.707,5.548,4.076,0.000,18
Data-Oriented CPU ROAM,RelWithDebInfo,OpenGL,NVIDIA GeForce RTX 5090 D/PCIe/SSE2,4.3.0 NVIDIA 591.86,false,assets/heightmaps/Hm_Terrain_Test_129.pgm,129,129,39.400,12.000,20,4.000,2.000,200000,3.142,0.000,18.000,15.087,17.700,48782,133014,48780,182,92,130,115,0,0,0,0,8,185.886,17.549,16.809,0.399,5.379,0.157,0.000,0.000,1.471,0.253,0.906,3.293,4.951,0.496,0.000,0.000,0.000,0.000,0.000,0.000,0.000,0.000,0.000,0.000,0.000,0.000,0.000,0.000,0.000,0.000,0,0,1.723,5.536,4.199,0.000,18
Data-Oriented CPU ROAM,RelWithDebInfo,OpenGL,NVIDIA GeForce RTX 5090 D/PCIe/SSE2,4.3.0 NVIDIA 591.86,false,assets/heightmaps/Hm_Terrain_Test_129.pgm,129,129,39.400,12.000,20,4.000,2.000,200000,3.160,0.000,18.000,15.041,17.986,48701,133358,48699,172,86,253,116,0,0,0,0,8,93.141,17.494,16.774,0.392,5.550,0.302,0.000,0.000,1.434,0.261,0.943,3.135,4.758,0.462,0.000,0.000,0.000,0.000,0.000,0.000,0.000,0.000,0.000,0.000,0.000,0.000,0.000,0.000,0.000,0.000,0,0,1.695,5.851,4.078,0.000,18
Data-Oriented CPU ROAM,RelWithDebInfo,OpenGL,NVIDIA GeForce RTX 5090 D/PCIe/SSE2,4.3.0 NVIDIA 591.86,false,assets/heightmaps/Hm_Terrain_Test_129.pgm,129,129,39.400,12.000,20,4.000,2.000,200000,3.178,0.000,18.000,14.996,17.925,48752,133716,48750,179,89,128,108,0,0,0,0,8,93.097,17.491,16.782,0.392,5.388,0.156,0.000,0.000,1.607,0.265,0.908,3.256,4.811,0.470,0.000,0.000,0.000,0.000,0.000,0.000,0.000,0.000,0.000,0.000,0.000,0.000,0.000,0.000,0.000,0.000,0,0,1.872,5.544,4.163,0.000,18
Data-Oriented CPU ROAM,RelWithDebInfo,OpenGL,NVIDIA GeForce RTX 5090 D/PCIe/SSE2,4.3.0 NVIDIA 591.86,false,assets/heightmaps/Hm_Terrain_Test_129.pgm,129,129,39.400,12.000,20,4.000,2.000,200000,3.196,0.000,18.000,14.950,17.908,48778,134120,48776,202,102,176,120,0,0,0,0,8,88.602,18.389,17.633,0.393,5.161,0.207,0.000,0.000,1.643,0.281,0.946,3.645,5.357,0.490,0.000,0.000,0.000,0.000,0.000,0.000,0.000,0.000,0.000,0.000,0.000,0.000,0.000,0.000,0.000,0.000,0,0,1.924,5.369,4.591,0.000,18
Data-Oriented CPU ROAM,RelWithDebInfo,OpenGL,NVIDIA GeForce RTX 5090 D/PCIe/SSE2,4.3.0 NVIDIA 591.86,false,assets/heightmaps/Hm_Terrain_Test_129.pgm,129,129,39.400,12.000,20,4.000,2.000,200000,3.215,0.000,18.000,14.901,18.947,48800,134524,48798,202,102,180,115,0,0,0,0,8,91.554,17.858,17.065,0.431,5.262,0.194,0.000,0.000,1.605,0.294,0.882,3.717,4.678,0.541,0.000,0.000,0.000,0.000,0.000,0.000,0.000,0.000,0.000,0.000,0.000,0.000,0.000,0.000,0.000,0.000,0,0,1.899,5.456,4.599,0.000,18
Data-Oriented CPU ROAM,RelWithDebInfo,OpenGL,NVIDIA GeForce RTX 5090 D/PCIe/SSE2,4.3.0 NVIDIA 591.86,false,assets/heightmaps/Hm_Terrain_Test_129.pgm,129,129,39.400,12.000,20,4.000,2.000,200000,3.233,0.000,18.000,14.854,18.311,48855,134934,48853,205,102,150,125,0,0,0,0,8,728.476,17.900,17.157,0.410,5.481,0.186,0.000,0.000,1.457,0.298,0.885,3.468,4.972,0.481,0.000,0.000,0.000,0.000,0.000,0.000,0.000,0.000,0.000,0.000,0.000,0.000,0.000,0.000,0.000,0.000,0,0,1.755,5.667,4.354,0.000,18
Data-Oriented CPU ROAM,RelWithDebInfo,OpenGL,NVIDIA GeForce RTX 5090 D/PCIe/SSE2,4.3.0 NVIDIA 591.86,false,assets/heightmaps/Hm_Terrain_Test_129.pgm,129,129,39.400,12.000,20,4.000,2.000,200000,3.252,0.000,18.000,14.806,18.330,48869,135382,48867,224,113,210,139,0,0,0,0,8,665.853,17.255,16.424,0.389,5.654,0.240,0.000,0.000,1.360,0.316,0.893,2.937,4.635,0.581,0.000,0.000,0.000,0.000,0.000,0.000,0.000,0.000,0.000,0.000,0.000,0.000,0.000,0.000,0.000,0.000,0,0,1.677,5.893,3.831,0.000,18
Data-Oriented CPU ROAM,RelWithDebInfo,OpenGL,NVIDIA GeForce RTX 5090 D/PCIe/SSE2,4.3.0 NVIDIA 591.86,false,assets/heightmaps/Hm_Terrain_Test_129.pgm,129,129,39.400,12.000,20,4.000,2.000,200000,3.269,0.000,18.000,14.760,17.693,48921,135790,48919,204,103,152,136,0,0,0,0,8,92.940,17.553,16.809,0.394,5.518,0.186,0.000,0.000,1.476,0.285,0.935,3.145,4.870,0.468,0.000,0.000,0.000,0.000,0.000,0.000,0.000,0.000,0.000,0.000,0.000,0.000,0.000,0.000,0.000,0.000,0,0,1.761,5.704,4.080,0.000,18
Data-Oriented CPU ROAM,RelWithDebInfo,OpenGL,NVIDIA GeForce RTX 5090 D/PCIe/SSE2,4.3.0 NVIDIA 591.86,false,assets/heightmaps/Hm_Terrain_Test_129.pgm,129,129,39.400,12.000,20,4.000,2.000,200000,3.287,0.000,18.000,14.713,18.005,48945,136242,48943,226,113,202,139,0,0,0,0,8,91.027,17.888,17.163,0.405,5.402,0.226,0.000,0.000,1.528,0.332,0.936,3.344,4.990,0.476,0.000,0.000,0.000,0.000,0.000,0.000,0.000,0.000,0.000,0.000,0.000,0.000,0.000,0.000,0.000,0.000,0,0,1.860,5.628,4.280,0.000,18
Data-Oriented CPU ROAM,RelWithDebInfo,OpenGL,NVIDIA GeForce RTX 5090 D/PCIe/SSE2,4.3.0 NVIDIA 591.86,false,assets/heightmaps/Hm_Terrain_Test_129.pgm,129,129,39.400,12.000,20,4.000,2.000,200000,3.306,0.000,18.000,14.665,18.350,48934,136628,48932,193,95,204,124,0,0,0,0,8,93.825,17.471,16.651,0.399,5.369,0.219,0.000,0.000,1.431,0.271,0.973,3.191,4.799,0.565,0.000,0.000,0.000,0.000,0.000,0.000,0.000,0.000,0.000,0.000,0.000,0.000,0.000,0.000,0.000,0.000,0,0,1.702,5.587,4.164,0.000,18
Data-Oriented CPU ROAM,RelWithDebInfo,OpenGL,NVIDIA GeForce RTX 5090 D/PCIe/SSE2,4.3.0 NVIDIA 591.86,false,assets/heightmaps/Hm_Terrain_Test_129.pgm,129,129,39.400,12.000,20,4.000,2.000,200000,3.324,0.000,18.000,14.618,17.911,48966,136976,48964,174,88,142,106,0,0,0,0,8,96.585,16.978,16.175,0.403,5.285,0.169,0.000,0.000,1.183,0.246,0.919,3.289,4.681,0.555,0.000,0.000,0.000,0.000,0.000,0.000,0.000,0.000,0.000,0.000,0.000,0.000,0.000,0.000,0.000,0.000,0,0,1.429,5.454,4.208,0.000,18
Data-Oriented CPU ROAM,RelWithDebInfo,OpenGL,NVIDIA GeForce RTX 5090 D/PCIe/SSE2,4.3.0 NVIDIA 591.86,false,assets/heightmaps/Hm_Terrain_Test_129.pgm,129,129,39.400,12.000,20,4.000,2.000,200000,3.341,0.000,18.000,14.573,17.411,49006,137360,49004,192,96,152,121,0,0,0,0,8,92.450,17.695,16.899,0.397,5.479,0.176,0.000,0.000,1.188,0.270,0.933,3.010,5.446,0.540,0.000,0.000,0.000,0.000,0.000,0.000,0.000,0.000,0.000,0.000,0.000,0.000,0.000,0.000,0.000,0.000,0,0,1.457,5.656,3.943,0.000,18
Data-Oriented CPU ROAM,RelWithDebInfo,OpenGL,NVIDIA GeForce RTX 5090 D/PCIe/SSE2,4.3.0 NVIDIA 591.86,false,assets/heightmaps/Hm_Terrain_Test_129.pgm,129,129,39.400,12.000,20,4.000,2.000,200000,3.359,0.000,18.000,14.525,18.136,48921,137680,48919,160,82,245,91,0,0,0,0,8,89.901,18.146,17.378,0.409,5.648,0.275,0.000,0.000,1.556,0.231,0.942,3.272,5.044,0.531,0.000,0.000,0.000,0.000,0.000,0.000,0.000,0.000,0.000,0.000,0.000,0.000,0.000,0.000,0.000,0.000,0,0,1.787,5.924,4.214,0.000,18
Data-Oriented CPU ROAM,RelWithDebInfo,OpenGL,NVIDIA GeForce RTX 5090 D/PCIe/SSE2,4.3.0 NVIDIA 591.86,false,assets/heightmaps/Hm_Terrain_Test_129.pgm,129,129,39.400,12.000,20,4.000,2.000,200000,3.378,0.000,18.000,14.476,18.599,48915,138032,48913,176,89,182,104,0,0,0,0,8,772.673,16.906,16.176,0.402,5.123,0.201,0.000,0.000,1.477,0.246,0.906,3.184,4.639,0.488,0.000,0.000,0.000,0.000,0.000,0.000,0.000,0.000,0.000,0.000,0.000,0.000,0.000,0.000,0.000,0.000,0,0,1.722,5.324,4.089,0.000,18
Data-Oriented CPU ROAM,RelWithDebInfo,OpenGL,NVIDIA GeForce RTX 5090 D/PCIe/SSE2,4.3.0 NVIDIA 591.86,false,assets/heightmaps/Hm_Terrain_Test_129.pgm,129,129,39.400,12.000,20,4.000,2.000,200000,3.395,0.000,18.000,14.430,17.342,48935,138364,48933,166,84,146,96,0,0,0,0,8,93.492,17.483,16.711,0.395,5.087,0.173,0.000,0.000,1.662,0.239,0.985,3.426,4.745,0.524,0.000,0.000,0.000,0.000,0.000,0.000,0.000,0.000,0.000,0.000,0.000,0.000,0.000,0.000,0.000,0.000,0,0,1.901,5.259,4.410,0.000,18
Data-Oriented CPU ROAM,RelWithDebInfo,OpenGL,NVIDIA GeForce RTX 5090 D/PCIe/SSE2,4.3.0 NVIDIA 591.86,false,assets/heightmaps/Hm_Terrain_Test_129.pgm,129,129,39.400,12.000,20,4.000,2.000,200000,3.413,0.000,18.000,14.382,17.919,48985,138704,48983,172,87,122,98,0,0,0,0,8,93.413,17.472,16.724,0.400,5.578,0.145,0.000,0.000,1.543,0.239,0.925,3.255,4.639,0.494,0.000,0.000,0.000,0.000,0.000,0.000,0.000,0.000,0.000,0.000,0.000,0.000,0.000,0.000,0.000,0.000,0,0,1.783,5.723,4.180,0.000,18
Data-Oriented CPU ROAM,RelWithDebInfo,OpenGL,NVIDIA GeForce RTX 5090 D/PCIe/SSE2,4.3.0 NVIDIA 591.86,false,assets/heightmaps/Hm_Terrain_Test_129.pgm,129,129,39.400,12.000,20,4.000,2.000,200000,3.431,0.000,18.000,14.335,17.913,48984,139064,48982,180,92,181,112,0,0,0,0,8,93.198,17.555,16.763,0.389,5.174,0.197,0.000,0.000,1.702,0.262,0.931,3.360,4.747,0.527,0.000,0.000,0.000,0.000,0.000,0.000,0.000,0.000,0.000,0.000,0.000,0.000,0.000,0.000,0.000,0.000,0,0,1.965,5.371,4.292,0.000,18
Data-Oriented CPU ROAM,RelWithDebInfo,OpenGL,NVIDIA GeForce RTX 5090 D/PCIe/SSE2,4.3.0 NVIDIA 591.86,false,assets/heightmaps/Hm_Terrain_Test_129.pgm,129,129,39.400,12.000,20,4.000,2.000,200000,3.449,0.000,18.000,14.286,18.184,48996,139448,48994,192,96,180,115,0,0,0,0,8,93.172,17.542,16.767,0.450,5.526,0.191,0.000,0.000,1.542,0.271,0.922,3.194,4.670,0.507,0.000,0.000,0.000,0.000,0.000,0.000,0.000,0.000,0.000,0.000,0.000,0.000,0.000,0.000,0.000,0.000,0,0,1.814,5.717,4.116,0.000,18
Data-Oriented CPU ROAM,RelWithDebInfo,OpenGL,NVIDIA GeForce RTX 5090 D/PCIe/SSE2,4.3.0 NVIDIA 591.86,false,assets/heightmaps/Hm_Terrain_Test_129.pgm,129,129,39.400,12.000,20,4.000,2.000,200000,3.467,0.000,18.000,14.238,17.975,48940,139764,48938,158,80,214,101,0,0,0,0,8,782.870,16.707,15.965,0.392,5.155,0.246,0.000,0.000,1.355,0.217,0.896,3.199,4.506,0.498,0.000,0.000,0.000,0.000,0.000,0.000,0.000,0.000,0.000,0.000,0.000,0.000,0.000,0.000,0.000,0.000,0,0,1.572,5.400,4.095,0.000,18
Data-Oriented CPU ROAM,RelWithDebInfo,OpenGL,NVIDIA GeForce RTX 5090 D/PCIe/SSE2,4.3.0 NVIDIA 591.86,false,assets/heightmaps/Hm_Terrain_Test_129.pgm,129,129,39.400,12.000,20,4.000,2.000,200000,3.484,0.000,18.000,14.192,17.139,48991,140102,48989,169,85,118,103,0,0,0,0,8,92.267,17.680,16.933,0.409,5.323,0.172,0.000,0.000,1.574,0.251,0.917,3.304,4.982,0.494,0.000,0.000,0.000,0.000,0.000,0.000,0.000,0.000,0.000,0.000,0.000,0.000,0.000,0.000,0.000,0.000,0,0,1.825,5.495,4.221,0.000,18
Data-Oriented CPU ROAM,RelWithDebInfo,OpenGL,NVIDIA GeForce RTX 5090 D/PCIe/SSE2,4.3.0 NVIDIA 591.86,false,assets/heightmaps/Hm_Terrain_Test_129.pgm,129,129,39.400,12.000,20,4.000,2.000,200000,3.502,0.000,18.000,14.144,18.103,48995,140490,48993,198,102,194,119,0,0,0,0,8,750.976,17.414,16.643,0.399,5.440,0.233,0.000,0.000,1.184,0.265,0.981,3.282,4.858,0.531,0.000,0.000,0.000,0.000,0.000,0.000,0.000,0.000,0.000,0.000,0.000,0.000,0.000,0.000,0.000,0.000,0,0,1.449,5.673,4.263,0.000,18
Data-Oriented CPU ROAM,RelWithDebInfo,OpenGL,NVIDIA GeForce RTX 5090 D/PCIe/SSE2,4.3.0 NVIDIA 591.86,false,assets/heightmaps/Hm_Terrain_Test_129.pgm,129,129,39.400,12.000,20,4.000,2.000,200000,3.520,0.000,18.000,14.095,17.849,49004,140846,49002,182,94,173,118,0,0,0,0,8,90.761,17.963,17.213,0.410,5.439,0.221,0.000,0.000,1.533,0.259,0.911,3.589,4.850,0.493,0.000,0.000,0.000,0.000,0.000,0.000,0.000,0.000,0.000,0.000,0.000,0.000,0.000,0.000,0.000,0.000,0,0,1.793,5.661,4.500,0.000,18
Data-Oriented CPU ROAM,RelWithDebInfo,OpenGL,NVIDIA GeForce RTX 5090 D/PCIe/SSE2,4.3.0 NVIDIA 591.86,false,assets/heightmaps/Hm_Terrain_Test_129.pgm,129,129,39.400,12.000,20,4.000,2.000,200000,3.539,0.000,18.000,14.046,18.434,49076,141218,49074,186,93,114,109,0,0,0,0,8,91.128,17.902,17.144,0.390,5.587,0.143,0.000,0.000,1.698,0.265,0.902,3.364,4.796,0.518,0.000,0.000,0.000,0.000,0.000,0.000,0.000,0.000,0.000,0.000,0.000,0.000,0.000,0.000,0.000,0.000,0,0,1.962,5.730,4.266,0.000,18
Data-Oriented CPU ROAM,RelWithDebInfo,OpenGL,NVIDIA GeForce RTX 5090 D/PCIe/SSE2,4.3.0 NVIDIA 591.86,false,assets/heightmaps/Hm_Terrain_Test_129.pgm,129,129,39.400,12.000,20,4.000,2.000,200000,3.557,0.000,18.000,13.996,18.400,49050,141518,49048,150,75,176,97,0,0,0,0,8,100.487,16.302,15.547,0.404,4.874,0.195,0.000,0.000,1.020,0.235,0.915,3.345,4.559,0.500,0.000,0.000,0.000,0.000,0.000,0.000,0.000,0.000,0.000,0.000,0.000,0.000,0.000,0.000,0.000,0.000,0,0,1.255,5.070,4.260,0.000,18
Data-Oriented CPU ROAM,RelWithDebInfo,OpenGL,NVIDIA GeForce RTX 5090 D/PCIe/SSE2,4.3.0 NVIDIA 591.86,false,assets/heightmaps/Hm_Terrain_Test_129.pgm,129,129,39.400,12.000,20,4.000,2.000,200000,3.574,0.000,18.000,13.951,16.733,49060,141942,49058,212,109,202,118,0,0,0,0,8,96.309,16.988,16.222,0.403,5.165,0.232,0.000,0.000,1.441,0.301,0.905,3.116,4.659,0.533,0.000,0.000,0.000,0.000,0.000,0.000,0.000,0.000,0.000,0.000,0.000,0.000,0.000,0.000,0.000,0.000,0,0,1.742,5.396,4.021,0.000,18
Data-Oriented CPU ROAM,RelWithDebInfo,OpenGL,NVIDIA GeForce RTX 5090 D/PCIe/SSE2,4.3.0 NVIDIA 591.86,false,assets/heightmaps/Hm_Terrain_Test_129.pgm,129,129,39.400,12.000,20,4.000,2.000,200000,3.591,0.000,18.000,13.903,17.400,48991,142302,48989,180,90,249,100,0,0,0,0,8,272.743,17.960,17.185,0.400,5.419,0.277,0.000,0.000,1.195,0.249,0.984,3.767,4.893,0.523,0.000,0.000,0.000,0.000,0.000,0.000,0.000,0.000,0.000,0.000,0.000,0.000,0.000,0.000,0.000,0.000,0,0,1.444,5.696,4.751,0.000,18
Data-Oriented CPU ROAM,RelWithDebInfo,OpenGL,NVIDIA GeForce RTX 5090 D/PCIe/SSE2,4.3.0 NVIDIA 591.86,false,assets/heightmaps/Hm_Terrain_Test_129.pgm,129,129,39.400,12.000,20,4.000,2.000,200000,3.609,0.000,18.000,13.853,18.393,49013,142626,49011,162,81,140,94,0,0,0,0,8,94.972,17.212,16.450,0.407,5.300,0.169,0.000,0.000,1.501,0.238,0.967,3.142,4.726,0.512,0.000,0.000,0.000,0.000,0.000,0.000,0.000,0.000,0.000,0.000,0.000,0.000,0.000,0.000,0.000,0.000,0,0,1.739,5.469,4.109,0.000,18
Data-Oriented CPU ROAM,RelWithDebInfo,OpenGL,NVIDIA GeForce RTX 5090 D/PCIe/SSE2,4.3.0 NVIDIA 591.86,false,assets/heightmaps/Hm_Terrain_Test_129.pgm,129,129,39.400,12.000,20,4.000,2.000,200000,3.627,0.000,18.000,13.805,17.643,49072,143020,49070,197,98,138,122,0,0,0,0,8,765.992,17.134,16.317,0.400,5.327,0.189,0.000,0.000,1.651,0.281,0.893,3.195,4.380,0.466,0.000,0.000,0.000,0.000,0.000,0.000,0.000,0.000,0.000,0.000,0.000,0.000,0.000,0.000,0.000,0.000,0,0,1.932,5.516,4.089,0.000,18
Data-Oriented CPU ROAM,RelWithDebInfo,OpenGL,NVIDIA GeForce RTX 5090 D/PCIe/SSE2,4.3.0 NVIDIA 591.86,false,assets/heightmaps/Hm_Terrain_Test_129.pgm,129,129,39.400,12.000,20,4.000,2.000,200000,3.645,0.000,18.000,13.757,17.552,49093,143420,49091,200,100,179,129,0,0,0,0,8,93.385,17.498,16.730,0.396,5.222,0.226,0.000,0.000,1.474,0.294,0.924,3.065,5.128,0.519,0.000,0.000,0.000,0.000,0.000,0.000,0.000,0.000,0.000,0.000,0.000,0.000,0.000,0.000,0.000,0.000,0,0,1.769,5.448,3.989,0.000,18
Data-Oriented CPU ROAM,RelWithDebInfo,OpenGL,NVIDIA GeForce RTX 5090 D/PCIe/SSE2,4.3.0 NVIDIA 591.86,false,assets/heightmaps/Hm_Terrain_Test_129.pgm,129,129,39.400,12.000,20,4.000,2.000,200000,3.663,0.000,18.000,13.708,17.946,49075,143760,49073,170,86,188,105,0,0,0,0,8,93.507,17.453,16.708,0.408,5.340,0.220,0.000,0.000,1.746,0.241,0.914,3.122,4.717,0.493,0.000,0.000,0.000,0.000,0.000,0.000,0.000,0.000,0.000,0.000,0.000,0.000,0.000,0.000,0.000,0.000,0,0,1.988,5.560,4.036,0.000,18
Data-Oriented CPU ROAM,RelWithDebInfo,OpenGL,NVIDIA GeForce RTX 5090 D/PCIe/SSE2,4.3.0 NVIDIA 591.86,false,assets/heightmaps/Hm_Terrain_Test_129.pgm,129,129,39.400,12.000,20,4.000,2.000,200000,3.680,0.000,18.000,13.659,17.885,49201,144244,49199,242,122,116,157,0,0,0,0,8,92.759,17.635,16.843,0.405,5.297,0.162,0.000,0.000,1.141,0.340,0.937,3.668,4.892,0.563,0.000,0.000,0.000,0.000,0.000,0.000,0.000,0.000,0.000,0.000,0.000,0.000,0.000,0.000,0.000,0.000,0,0,1.481,5.459,4.605,0.000,18
Data-Oriented CPU ROAM,RelWithDebInfo,OpenGL,NVIDIA GeForce RTX 5090 D/PCIe/SSE2,4.3.0 NVIDIA 591.86,false,assets/heightmaps/Hm_Terrain_Test_129.pgm,129,129,39.400,12.000,20,4.000,2.000,200000,3.699,0.000,18.000,13.609,18.088,49257,144652,49255,204,103,148,135,0,0,0,0,8,93.421,17.544,16.723,0.429,5.161,0.184,0.000,0.000,1.501,0.303,0.931,3.132,5.081,0.549,0.000,0.000,0.000,0.000,0.000,0.000,0.000,0.000,0.000,0.000,0.000,0.000,0.000,0.000,0.000,0.000,0,0,1.804,5.345,4.063,0.000,18
Data-Oriented CPU ROAM,RelWithDebInfo,OpenGL,NVIDIA GeForce RTX 5090 D/PCIe/SSE2,4.3.0 NVIDIA 591.86,false,assets/heightmaps/Hm_Terrain_Test_129.pgm,129,129,39.400,12.000,20,4.000,2.000,200000,3.717,0.000,18.000,13.559,17.989,49368,145148,49366,248,126,137,167,0,0,0,0,8,702.646,18.573,17.788,0.416,5.640,0.181,0.000,0.000,1.674,0.345,0.895,3.696,4.942,0.537,0.000,0.000,0.000,0.000,0.000,0.000,0.000,0.000,0.000,0.000,0.000,0.000,0.000,0.000,0.000,0.000,0,0,2.019,5.820,4.591,0.000,18
Data-Oriented CPU ROAM,RelWithDebInfo,OpenGL,NVIDIA GeForce RTX 5090 D/PCIe/SSE2,4.3.0 NVIDIA 591.86,false,assets/heightmaps/Hm_Terrain_Test_129.pgm,129,129,39.400,12.000,20,4.000,2.000,200000,3.736,0.000,18.000,13.507,19.013,49337,145612,49335,232,117,263,149,0,0,0,0,8,89.700,18.190,17.417,0.408,5.359,0.272,0.000,0.000,1.442,0.355,0.946,3.227,5.408,0.519,0.000,0.000,0.000,0.000,0.000,0.000,0.000,0.000,0.000,0.000,0.000,0.000,0.000,0.000,0.000,0.000,0,0,1.797,5.631,4.173,0.000,18
Data-Oriented CPU ROAM,RelWithDebInfo,OpenGL,NVIDIA GeForce RTX 5090 D/PCIe/SSE2,4.3.0 NVIDIA 591.86,false,assets/heightmaps/Hm_Terrain_Test_129.pgm,129,129,39.400,12.000,20,4.000,2.000,200000,3.754,0.000,18.000,13.455,18.644,49375,146052,49373,220,110,182,148,0,0,0,0,8,90.629,18.022,17.238,0.408,5.270,0.213,0.000,0.000,1.571,0.299,0.905,3.609,4.964,0.525,0.000,0.000,0.000,0.000,0.000,0.000,0.000,0.000,0.000,0.000,0.000,0.000,0.000,0.000,0.000,0.000,0,0,1.869,5.483,4.513,0.000,18
Data-Oriented CPU ROAM,RelWithDebInfo,OpenGL,NVIDIA GeForce RTX 5090 D/PCIe/SSE2,4.3.0 NVIDIA 591.86,false,assets/heightmaps/Hm_Terrain_Test_129.pgm,129,129,39.400,12.000,20,4.000,2.000,200000,3.773,0.000,18.000,13.404,18.461,49444,146470,49442,209,105,140,139,0,0,0,0,8,94.532,17.291,16.527,0.395,5.338,0.174,0.000,0.000,1.428,0.318,0.936,3.076,4.863,0.513,0.000,0.000,0.000,0.000,0.000,0.000,0.000,0.000,0.000,0.000,0.000,0.000,0.000,0.000,0.000,0.000,0,0,1.746,5.512,4.011,0.000,18
Data-Oriented CPU ROAM,RelWithDebInfo,OpenGL,NVIDIA GeForce RTX 5090 D/PCIe/SSE2,4.3.0 NVIDIA 591.86,false,assets/heightmaps/Hm_Terrain_Test_129.pgm,129,129,39.400,12.000,20,4.000,2.000,200000,3.790,0.000,18.000,13.355,17.726,49482,146854,49480,192,99,154,118,0,0,0,0,8,181.456,17.991,17.220,0.421,4.942,0.188,0.000,0.000,1.548,0.272,0.946,3.703,5.201,0.519,0.000,0.000,0.000,0.000,0.000,0.000,0.000,0.000,0.000,0.000,0.000,0.000,0.000,0.000,0.000,0.000,0,0,1.820,5.130,4.648,0.000,18
Data-Oriented CPU ROAM,RelWithDebInfo,OpenGL,NVIDIA GeForce RTX 5090 D/PCIe/SSE2,4.3.0 NVIDIA 591.86,false,assets/heightmaps/Hm_Terrain_Test_129.pgm,129,129,39.400,12.000,20,4.000,2.000,200000,3.809,0.000,18.000,13.303,18.422,49513,147308,49511,227,116,196,133,0,0,0,0,8,89.272,18.277,17.500,0.455,5.186,0.214,0.000,0.000,1.625,0.323,0.931,3.408,5.357,0.513,0.000,0.000,0.000,0.000,0.000,0.000,0.000,0.000,0.000,0.000,0.000,0.000,0.000,0.000,0.000,0.000,0,0,1.948,5.400,4.339,0.000,18
Data-Oriented CPU ROAM,RelWithDebInfo,OpenGL,NVIDIA GeForce RTX 5090 D/PCIe/SSE2,4.3.0 NVIDIA 591.86,false,assets/heightmaps/Hm_Terrain_Test_129.pgm,129,129,39.400,12.000,20,4.000,2.000,200000,3.828,0.000,18.000,13.251,18.716,49550,147690,49548,191,95,154,118,0,0,0,0,8,87.261,18.687,17.904,0.400,5.446,0.167,0.000,0.000,1.752,0.280,0.912,3.874,5.074,0.535,0.000,0.000,0.000,0.000,0.000,0.000,0.000,0.000,0.000,0.000,0.000,0.000,0.000,0.000,0.000,0.000,0,0,2.032,5.613,4.786,0.000,18
Data-Oriented CPU ROAM,RelWithDebInfo,OpenGL,NVIDIA GeForce RTX 5090 D/PCIe/SSE2,4.3.0 NVIDIA 591.86,false,assets/heightmaps/Hm_Terrain_Test_129.pgm,129,129,39.400,12.000,20,4.000,2.000,200000,3.847,0.000,18.000,13.198,19.120,49584,148126,49582,218,111,184,134,0,0,0,0,8,727.027,17.988,17.191,0.407,5.293,0.205,0.000,0.000,1.753,0.309,0.938,3.392,4.894,0.538,0.000,0.000,0.000,0.000,0.000,0.000,0.000,0.000,0.000,0.000,0.000,0.000,0.000,0.000,0.000,0.000,0,0,2.062,5.498,4.330,0.000,18
Data-Oriented CPU ROAM,RelWithDebInfo,OpenGL,NVIDIA GeForce RTX 5090 D/PCIe/SSE2,4.3.0 NVIDIA 591.86,false,assets/heightmaps/Hm_Terrain_Test_129.pgm,129,129,39.400,12.000,20,4.000,2.000,200000,3.865,0.000,18.000,13.146,18.426,49572,148574,49570,224,113,236,141,0,0,0,0,8,87.354,18.666,17.885,0.420,5.439,0.253,0.000,0.000,1.568,0.334,0.924,3.191,5.755,0.518,0.000,0.000,0.000,0.000,0.000,0.000,0.000,0.000,0.000,0.000,0.000,0.000,0.000,0.000,0.000,0.000,0,0,1.903,5.692,4.115,0.000,18
Data-Oriented CPU ROAM,RelWithDebInfo,OpenGL,NVIDIA GeForce RTX 5090 D/PCIe/SSE2,4.3.0 NVIDIA 591.86,false,assets/heightmaps/Hm_Terrain_Test_129.pgm,129,129,39.400,12.000,20,4.000,2.000,200000,3.884,0.000,18.000,13.092,19.199,49558,149074,49556,250,128,264,153,0,0,0,0,8,81.470,19.959,19.175,1.973,5.617,0.277,0.000,0.000,1.131,0.352,0.906,3.392,5.525,0.529,0.000,0.000,0.000,0.000,0.000,0.000,0.000,0.000,0.000,0.000,0.000,0.000,0.000,0.000,0.000,0.000,0,0,1.483,5.895,4.298,0.000,18
Data-Oriented CPU ROAM,RelWithDebInfo,OpenGL,NVIDIA GeForce RTX 5090 D/PCIe/SSE2,4.3.0 NVIDIA 591.86,false,assets/heightmaps/Hm_Terrain_Test_129.pgm,129,129,39.400,12.000,20,4.000,2.000,200000,3.905,0.000,18.000,13.035,20.457,49610,149534,49608,230,115,178,137,0,0,0,0,8,746.563,17.521,16.741,0.409,5.464,0.203,0.000,0.000,1.381,0.336,0.913,2.964,5.072,0.534,0.000,0.000,0.000,0.000,0.000,0.000,0.000,0.000,0.000,0.000,0.000,0.000,0.000,0.000,0.000,0.000,0,0,1.717,5.667,3.877,0.000,18
Data-Oriented CPU ROAM,RelWithDebInfo,OpenGL,NVIDIA GeForce RTX 5090 D/PCIe/SSE2,4.3.0 NVIDIA 591.86,false,assets/heightmaps/Hm_Terrain_Test_129.pgm,129,129,39.400,12.000,20,4.000,2.000,200000,3.923,0.000,18.000,12.984,17.949,49720,149954,49718,212,109,102,131,0,0,0,0,8,0.000,19.493,18.702,0.407,5.884,0.137,0.000,0.000,1.710,0.314,0.941,3.868,5.442,0.533,0.000,0.000,0.000,0.000,0.000,0.000,0.000,0.000,0.000,0.000,0.000,0.000,0.000,0.000,0.000,0.000,0,0,2.024,6.022,4.808,0.000,18
Data-Oriented CPU ROAM,RelWithDebInfo,OpenGL,NVIDIA GeForce RTX 5090 D/PCIe/SSE2,4.3.0 NVIDIA 591.86,false,assets/heightmaps/Hm_Terrain_Test_129.pgm,129,129,39.400,12.000,20,4.000,2.000,200000,3.943,0.000,18.000,12.928,19.939,49755,150456,49753,251,128,216,165,0,0,0,0,8,88.465,18.439,17.660,0.414,5.371,0.234,0.000,0.000,1.739,0.363,0.949,3.364,5.226,0.531,0.000,0.000,0.000,0.000,0.000,0.000,0.000,0.000,0.000,0.000,0.000,0.000,0.000,0.000,0.000,0.000,0,0,2.102,5.605,4.313,0.000,18
Data-Oriented CPU ROAM,RelWithDebInfo,OpenGL,NVIDIA GeForce RTX 5090 D/PCIe/SSE2,4.3.0 NVIDIA 591.86,false,assets/heightmaps/Hm_Terrain_Test_129.pgm,129,129,39.400,12.000,20,4.000,2.000,200000,3.962,0.000,18.000,12.874,19.242,49785,150984,49783,264,134,234,167,0,0,0,0,8,175.824,18.625,17.771,0.444,5.213,0.236,0.000,0.000,1.684,0.371,0.903,3.711,5.208,0.571,0.000,0.000,0.000,0.000,0.000,0.000,0.000,0.000,0.000,0.000,0.000,0.000,0.000,0.000,0.000,0.000,0,0,2.055,5.449,4.614,0.000,18
Data-Oriented CPU ROAM,RelWithDebInfo,OpenGL,NVIDIA GeForce RTX 5090 D/PCIe/SSE2,4.3.0 NVIDIA 591.86,false,assets/heightmaps/Hm_Terrain_Test_129.pgm,129,129,39.400,12.000,20,4.000,2.000,200000,3.981,0.000,18.000,12.819,19.200,49868,151488,49866,252,130,169,154,0,0,0,0,8,91.820,17.779,17.015,0.412,5.219,0.212,0.000,0.000,1.338,0.352,0.970,3.420,5.092,0.506,0.000,0.000,0.000,0.000,0.000,0.000,0.000,0.000,0.000,0.000,0.000,0.000,0.000,0.000,0.000,0.000,0,0,1.689,5.431,4.390,0.000,18
Data-Oriented CPU ROAM,RelWithDebInfo,OpenGL,NVIDIA GeForce RTX 5090 D/PCIe/SSE2,4.3.0 NVIDIA 591.86,false,assets/heightmaps/Hm_Terrain_Test_129.pgm,129,129,39.400,12.000,20,4.000,2.000,200000,3.999,0.000,18.000,12.768,18.213,49948,151980,49946,248,126,168,151,0,0,0,0,8,86.617,18.819,18.037,0.416,5.695,0.205,0.000,0.000,1.755,0.366,0.937,3.437,5.226,0.510,0.000,0.000,0.000,0.000,0.000,0.000,0.000,0.000,0.000,0.000,0.000,0.000,0.000,0.000,0.000,0.000,0,0,2.121,5.900,4.374,0.000,18
Data-Oriented CPU ROAM,RelWithDebInfo,OpenGL,NVIDIA GeForce RTX 5090 D/PCIe/SSE2,4.3.0 NVIDIA 591.86,false,assets/heightmaps/Hm_Terrain_Test_129.pgm,129,129,39.400,12.000,20,4.000,2.000,200000,4.019,0.000,18.000,12.713,19.266,49975,152434,49973,227,117,200,140,0,0,0,0,8,85.450,19.052,18.283,0.499,5.462,0.211,0.000,0.000,1.661,0.338,0.941,3.384,5.787,0.509,0.000,0.000,0.000,0.000,0.000,0.000,0.000,0.000,0.000,0.000,0.000,0.000,0.000,0.000,0.000,0.000,0,0,1.998,5.673,4.325,0.000,18
Data-Oriented CPU ROAM,RelWithDebInfo,OpenGL,NVIDIA GeForce RTX 5090 D/PCIe/SSE2,4.3.0 NVIDIA 591.86,false,assets/heightmaps/Hm_Terrain_Test_129.pgm,129,129,39.400,12.000,20,4.000,2.000,200000,4.038,0.000,18.000,12.657,19.511,49985,152978,49983,272,139,262,165,0,0,0,0,8,86.117,18.924,18.142,0.401,5.560,0.278,0.000,0.000,1.638,0.399,0.951,3.422,5.492,0.533,0.000,0.000,0.000,0.000,0.000,0.000,0.000,0.000,0.000,0.000,0.000,0.000,0.000,0.000,0.000,0.000,0,0,2.037,5.838,4.373,0.000,18
Data-Oriented CPU ROAM,RelWithDebInfo,OpenGL,NVIDIA GeForce RTX 5090 D/PCIe/SSE2,4.3.0 NVIDIA 591.86,false,assets/heightmaps/Hm_Terrain_Test_129.pgm,129,129,39.400,12.000,20,4.000,2.000,200000,4.057,0.000,18.000,12.602,19.381,50111,153534,50109,278,145,152,170,0,0,0,0,8,86.745,18.793,18.010,0.408,6.177,0.187,0.000,0.000,1.595,0.404,0.956,3.205,5.079,0.532,0.000,0.000,0.000,0.000,0.000,0.000,0.000,0.000,0.000,0.000,0.000,0.000,0.000,0.000,0.000,0.000,0,0,1.999,6.363,4.161,0.000,18
Data-Oriented CPU ROAM,RelWithDebInfo,OpenGL,NVIDIA GeForce RTX 5090 D/PCIe/SSE2,4.3.0 NVIDIA 591.86,false,assets/heightmaps/Hm_Terrain_Test_129.pgm,129,129,39.400,12.000,20,4.000,2.000,200000,4.077,0.000,18.000,12.547,19.243,50155,154042,50153,254,127,210,159,0,0,0,0,8,711.456,18.317,17.568,0.407,5.479,0.226,0.000,0.000,1.408,0.360,0.983,3.451,5.253,0.479,0.000,0.000,0.000,0.000,0.000,0.000,0.000,0.000,0.000,0.000,0.000,0.000,0.000,0.000,0.000,0.000,0,0,1.768,5.705,4.435,0.000,18
Data-Oriented CPU ROAM,RelWithDebInfo,OpenGL,NVIDIA GeForce RTX 5090 D/PCIe/SSE2,4.3.0 NVIDIA 591.86,false,assets/heightmaps/Hm_Terrain_Test_129.pgm,129,129,39.400,12.000,20,4.000,2.000,200000,4.095,0.000,18.000,12.494,18.742,50203,154598,50201,278,142,230,174,0,0,0,0,8,708.468,18.359,17.642,0.417,5.569,0.241,0.000,0.000,1.452,0.381,0.976,3.042,5.562,0.467,0.000,0.000,0.000,0.000,0.000,0.000,0.000,0.000,0.000,0.000,0.000,0.000,0.000,0.000,0.000,0.000,0,0,1.834,5.810,4.019,0.000,18
Data-Oriented CPU ROAM,RelWithDebInfo,OpenGL,NVIDIA GeForce RTX 5090 D/PCIe/SSE2,4.3.0 NVIDIA 591.86,false,assets/heightmaps/Hm_Terrain_Test_129.pgm,129,129,39.400,12.000,20,4.000,2.000,200000,4.114,0.000,18.000,12.440,18.791,50283,155170,50281,286,144,206,184,0,0,0,0,8,86.896,18.755,17.979,0.422,5.535,0.236,0.000,0.000,1.568,0.412,0.945,3.111,5.750,0.514,0.000,0.000,0.000,0.000,0.000,0.000,0.000,0.000,0.000,0.000,0.000,0.000,0.000,0.000,0.000,0.000,0,0,1.980,5.771,4.056,0.000,18
Data-Oriented CPU ROAM,RelWithDebInfo,OpenGL,NVIDIA GeForce RTX 5090 D/PCIe/SSE2,4.3.0 NVIDIA 591.86,false,assets/heightmaps/Hm_Terrain_Test_129.pgm,129,129,39.400,12.000,20,4.000,2.000,200000,4.133,0.000,18.000,12.385,19.205,50321,155674,50319,252,130,214,153,0,0,0,0,8,496.331,19.651,18.886,0.422,6.031,0.247,0.000,0.000,1.614,0.362,0.935,3.688,5.587,0.513,0.000,0.000,0.000,0.000,0.000,0.000,0.000,0.000,0.000,0.000,0.000,0.000,0.000,0.000,0.000,0.000,0,0,1.976,6.278,4.623,0.000,18
Data-Oriented CPU ROAM,RelWithDebInfo,OpenGL,NVIDIA GeForce RTX 5090 D/PCIe/SSE2,4.3.0 NVIDIA 591.86,false,assets/heightmaps/Hm_Terrain_Test_129.pgm,129,129,39.400,12.000,20,4.000,2.000,200000,4.154,0.000,18.000,12.327,20.096,50371,156206,50369,266,135,216,169,0,0,0,0,8,687.936,18.924,18.168,0.404,5.878,0.229,0.000,0.000,1.283,0.379,0.944,3.451,5.600,0.486,0.000,0.000,0.000,0.000,0.000,0.000,0.000,0.000,0.000,0.000,0.000,0.000,0.000,0.000,0.000,0.000,0,0,1.663,6.107,4.395,0.000,18
Data-Oriented CPU ROAM,RelWithDebInfo,OpenGL,NVIDIA GeForce RTX 5090 D/PCIe/SSE2,4.3.0 NVIDIA 591.86,false,assets/heightmaps/Hm_Terrain_Test_129.pgm,129,129,39.400,12.000,20,4.000,2.000,200000,4.173,0.000,18.000,12.272,19.350,50311,156634,50309,214,109,274,132,0,0,0,0,8,89.422,18.186,17.471,0.407,5.598,0.282,0.000,0.000,1.248,0.305,0.963,3.411,5.258,0.464,0.000,0.000,0.000,0.000,0.000,0.000,0.000,0.000,0.000,0.000,0.000,0.000,0.000,0.000,0.000,0.000,0,0,1.553,5.880,4.373,0.000,18
Data-Oriented CPU ROAM,RelWithDebInfo,OpenGL,NVIDIA GeForce RTX 5090 D/PCIe/SSE2,4.3.0 NVIDIA 591.86,false,assets/heightmaps/Hm_Terrain_Test_129.pgm,129,129,39.400,12.000,20,4.000,2.000,200000,4.191,0.000,18.000,12.218,18.603,50295,157114,50293,240,123,256,149,0,0,0,0,8,86.272,18.894,18.109,0.409,5.615,0.262,0.000,0.000,1.786,0.354,0.985,3.312,5.386,0.508,0.000,0.000,0.000,0.000,0.000,0.000,0.000,0.000,0.000,0.000,0.000,0.000,0.000,0.000,0.000,0.000,0,0,2.140,5.877,4.297,0.000,18
Data-Oriented CPU ROAM,RelWithDebInfo,OpenGL,NVIDIA GeForce RTX 5090 D/PCIe/SSE2,4.3.0 NVIDIA 591.86,false,assets/heightmaps/Hm_Terrain_Test_129.pgm,129,129,39.400,12.000,20,4.000,2.000,200000,4.211,0.000,18.000,12.163,19.341,50378,157592,50376,239,121,156,150,0,0,0,0,8,176.461,18.533,17.707,0.405,5.438,0.189,0.000,0.000,1.395,0.336,0.938,3.570,5.435,0.443,0.000,0.000,0.000,0.000,0.000,0.000,0.000,0.000,0.000,0.000,0.000,0.000,0.000,0.000,0.000,0.000,0,0,1.731,5.627,4.508,0.000,18
Data-Oriented CPU ROAM,RelWithDebInfo,OpenGL,NVIDIA GeForce RTX 5090 D/PCIe/SSE2,4.3.0 NVIDIA 591.86,false,assets/heightmaps/Hm_Terrain_Test_129.pgm,129,129,39.400,12.000,20,4.000,2.000,200000,4.230,0.000,18.000,12.108,19.005,50441,158098,50439,253,127,190,161,0,0,0,0,8,88.505,18.419,17.652,0.416,5.431,0.218,0.000,0.000,1.365,0.364,0.962,3.441,5.454,0.491,0.000,0.000,0.000,0.000,0.000,0.000,0.000,0.000,0.000,0.000,0.000,0.000,0.000,0.000,0.000,0.000,0,0,1.730,5.649,4.404,0.000,18
Data-Oriented CPU ROAM,RelWithDebInfo,OpenGL,NVIDIA GeForce RTX 5090 D/PCIe/SSE2,4.3.0 NVIDIA 591.86,false,assets/heightmaps/Hm_Terrain_Test_129.pgm,129,129,39.400,12.000,20,4.000,2.000,200000,4.249,0.000,18.000,12.053,18.881,50389,158526,50387,214,109,266,134,0,0,0,0,8,88.459,18.402,17.662,0.423,5.512,0.278,0.000,0.000,1.726,0.326,0.966,3.303,5.127,0.493,0.000,0.000,0.000,0.000,0.000,0.000,0.000,0.000,0.000,0.000,0.000,0.000,0.000,0.000,0.000,0.000,0,0,2.053,5.791,4.269,0.000,18
Data-Oriented CPU ROAM,RelWithDebInfo,OpenGL,NVIDIA GeForce RTX 5090 D/PCIe/SSE2,4.3.0 NVIDIA 591.86,false,assets/heightmaps/Hm_Terrain_Test_129.pgm,129,129,39.400,12.000,20,4.000,2.000,200000,4.268,0.000,18.000,11.999,18.857,50414,159088,50412,281,141,256,178,0,0,0,0,8,670.892,19.413,18.629,0.432,5.651,0.273,0.000,0.000,1.674,0.404,0.975,3.262,5.958,0.493,0.000,0.000,0.000,0.000,0.000,0.000,0.000,0.000,0.000,0.000,0.000,0.000,0.000,0.000,0.000,0.000,0,0,2.078,5.924,4.237,0.000,18
Data-Oriented CPU ROAM,RelWithDebInfo,OpenGL,NVIDIA GeForce RTX 5090 D/PCIe/SSE2,4.3.0 NVIDIA 591.86,false,assets/heightmaps/Hm_Terrain_Test_129.pgm,129,129,39.400,12.000,20,4.000,2.000,200000,4.287,0.000,18.000,11.941,19.871,50490,159556,50488,234,120,158,146,0,0,0,0,8,162.571,20.023,19.220,0.438,6.234,0.200,0.000,0.000,1.533,0.353,0.957,3.581,5.924,0.540,0.000,0.000,0.000,0.000,0.000,0.000,0.000,0.000,0.000,0.000,0.000,0.000,0.000,0.000,0.000,0.000,0,0,1.886,6.435,4.538,0.000,18
Data-Oriented CPU ROAM,RelWithDebInfo,OpenGL,NVIDIA GeForce RTX 5090 D/PCIe/SSE2,4.3.0 NVIDIA 591.86,false,assets/heightmaps/Hm_Terrain_Test_129.pgm,129,129,39.400,12.000,20,4.000,2.000,200000,4.308,0.000,18.000,11.882,20.487,50462,160072,50460,258,129,286,163,0,0,0,0,8,90.305,18.060,17.300,0.435,5.486,0.293,0.000,0.000,1.196,0.374,0.931,3.441,5.144,0.477,0.000,0.000,0.000,0.000,0.000,0.000,0.000,0.000,0.000,0.000,0.000,0.000,0.000,0.000,0.000,0.000,0,0,1.571,5.779,4.372,0.000,18
Data-Oriented CPU ROAM,RelWithDebInfo,OpenGL,NVIDIA GeForce RTX 5090 D/PCIe/SSE2,4.3.0 NVIDIA 591.86,false,assets/heightmaps/Hm_Terrain_Test_129.pgm,129,129,39.400,12.000,20,4.000,2.000,200000,4.326,0.000,18.000,11.828,18.496,50354,160444,50352,186,94,294,111,0,0,0,0,8,674.171,19.290,18.539,0.410,5.792,0.326,0.000,0.000,1.704,0.280,1.028,3.272,5.727,0.491,0.000,0.000,0.000,0.000,0.000,0.000,0.000,0.000,0.000,0.000,0.000,0.000,0.000,0.000,0.000,0.000,0,0,1.984,6.118,4.300,0.000,18
Data-Oriented CPU ROAM,RelWithDebInfo,OpenGL,NVIDIA GeForce RTX 5090 D/PCIe/SSE2,4.3.0 NVIDIA 591.86,false,assets/heightmaps/Hm_Terrain_Test_129.pgm,129,129,39.400,12.000,20,4.000,2.000,200000,4.346,0.000,18.000,11.771,19.764,50389,160858,50387,211,108,176,123,0,0,0,0,8,81.728,19.982,19.116,0.418,5.834,0.217,0.000,0.000,1.791,0.316,1.022,3.807,5.712,0.580,0.000,0.000,0.000,0.000,0.000,0.000,0.000,0.000,0.000,0.000,0.000,0.000,0.000,0.000,0.000,0.000,0,0,2.106,6.051,4.829,0.000,18
Data-Oriented CPU ROAM,RelWithDebInfo,OpenGL,NVIDIA GeForce RTX 5090 D/PCIe/SSE2,4.3.0 NVIDIA 591.86,false,assets/heightmaps/Hm_Terrain_Test_129.pgm,129,129,39.400,12.000,20,4.000,2.000,200000,4.367,0.000,18.000,11.712,20.452,50341,161278,50339,218,113,266,135,0,0,0,0,8,164.344,19.769,19.012,0.495,5.926,0.282,0.000,0.000,1.550,0.308,0.929,3.963,5.558,0.493,0.000,0.000,0.000,0.000,0.000,0.000,0.000,0.000,0.000,0.000,0.000,0.000,0.000,0.000,0.000,0.000,0,0,1.858,6.209,4.892,0.000,18
Data-Oriented CPU ROAM,RelWithDebInfo,OpenGL,NVIDIA GeForce RTX 5090 D/PCIe/SSE2,4.3.0 NVIDIA 591.86,false,assets/heightmaps/Hm_Terrain_Test_129.pgm,129,129,39.400,12.000,20,4.000,2.000,200000,4.387,0.000,18.000,11.653,20.231,50265,161726,50263,224,112,300,140,0,0,0,0,8,88.106,18.512,17.732,0.410,5.530,0.319,0.000,0.000,1.270,0.311,0.940,3.423,5.529,0.489,0.000,0.000,0.000,0.000,0.000,0.000,0.000,0.000,0.000,0.000,0.000,0.000,0.000,0.000,0.000,0.000,0,0,1.581,5.849,4.363,0.000,18
Data-Oriented CPU ROAM,RelWithDebInfo,OpenGL,NVIDIA GeForce RTX 5090 D/PCIe/SSE2,4.3.0 NVIDIA 591.86,false,assets/heightmaps/Hm_Terrain_Test_129.pgm,129,129,39.400,12.000,20,4.000,2.000,200000,4.406,0.000,18.000,11.598,18.965,50194,162082,50192,178,90,249,106,0,0,0,0,8,87.374,18.661,17.881,0.410,5.618,0.275,0.000,0.000,1.639,0.276,0.966,3.551,5.145,0.526,0.000,0.000,0.000,0.000,0.000,0.000,0.000,0.000,0.000,0.000,0.000,0.000,0.000,0.000,0.000,0.000,0,0,1.915,5.893,4.517,0.000,18
Data-Oriented CPU ROAM,RelWithDebInfo,OpenGL,NVIDIA GeForce RTX 5090 D/PCIe/SSE2,4.3.0 NVIDIA 591.86,false,assets/heightmaps/Hm_Terrain_Test_129.pgm,129,129,39.400,12.000,20,4.000,2.000,200000,4.425,0.000,18.000,11.542,19.098,50166,162422,50164,170,85,198,105,0,0,0,0,8,88.496,18.457,17.654,0.405,5.549,0.229,0.000,0.000,1.288,0.242,0.979,3.428,5.535,0.511,0.000,0.000,0.000,0.000,0.000,0.000,0.000,0.000,0.000,0.000,0.000,0.000,0.000,0.000,0.000,0.000,0,0,1.530,5.778,4.407,0.000,18
Data-Oriented CPU ROAM,RelWithDebInfo,OpenGL,NVIDIA GeForce RTX 5090 D/PCIe/SSE2,4.3.0 NVIDIA 591.86,false,assets/heightmaps/Hm_Terrain_Test_129.pgm,129,129,39.400,12.000,20,4.000,2.000,200000,4.444,0.000,18.000,11.487,18.903,50160,162852,50158,217,109,223,138,0,0,0,0,8,82.903,19.642,18.845,0.417,5.812,0.243,0.000,0.000,1.571,0.322,1.002,3.515,5.963,0.555,0.000,0.000,0.000,0.000,0.000,0.000,0.000,0.000,0.000,0.000,0.000,0.000,0.000,0.000,0.000,0.000,0,0,1.893,6.055,4.517,0.000,18
Data-Oriented CPU ROAM,RelWithDebInfo,OpenGL,NVIDIA GeForce RTX 5090 D/PCIe/SSE2,4.3.0 NVIDIA 591.86,false,assets/heightmaps/Hm_Terrain_Test_129.pgm,129,129,39.400,12.000,20,4.000,2.000,200000,4.464,0.000,18.000,11.428,20.099,50005,163214,50003,181,90,336,118,0,0,0,0,8,89.186,18.285,17.517,0.447,5.745,0.342,0.000,0.000,1.568,0.252,0.934,2.876,5.352,0.481,0.000,0.000,0.000,0.000,0.000,0.000,0.000,0.000,0.000,0.000,0.000,0.000,0.000,0.000,0.000,0.000,0,0,1.819,6.088,3.810,0.000,18
Data-Oriented CPU ROAM,RelWithDebInfo,OpenGL,NVIDIA GeForce RTX 5090 D/PCIe/SSE2,4.3.0 NVIDIA 591.86,false,assets/heightmaps/Hm_Terrain_Test_129.pgm,129,129,39.400,12.000,20,4.000,2.000,200000,4.483,0.000,18.000,11.373,18.748,49992,163656,49990,221,110,234,139,0,0,0,0,8,654.163,19.879,19.107,0.431,5.556,0.273,0.000,0.000,1.629,0.324,0.975,3.838,6.081,0.514,0.000,0.000,0.000,0.000,0.000,0.000,0.000,0.000,0.000,0.000,0.000,0.000,0.000,0.000,0.000,0.000,0,0,1.954,5.829,4.812,0.000,18
Data-Oriented CPU ROAM,RelWithDebInfo,OpenGL,NVIDIA GeForce RTX 5090 D/PCIe/SSE2,4.3.0 NVIDIA 591.86,false,assets/heightmaps/Hm_Terrain_Test_129.pgm,129,129,39.400,12.000,20,4.000,2.000,200000,4.503,0.000,18.000,11.314,20.351,49956,164148,49954,246,123,282,153,0,0,0,0,8,82.870,19.635,18.853,0.415,5.877,0.301,0.000,0.000,1.777,0.347,0.945,3.472,5.720,0.508,0.000,0.000,0.000,0.000,0.000,0.000,0.000,0.000,0.000,0.000,0.000,0.000,0.000,0.000,0.000,0.000,0,0,2.123,6.178,4.417,0.000,18
Data-Oriented CPU ROAM,RelWithDebInfo,OpenGL,NVIDIA GeForce RTX 5090 D/PCIe/SSE2,4.3.0 NVIDIA 591.86,false,assets/heightmaps/Hm_Terrain_Test_129.pgm,129,129,39.400,12.000,20,4.000,2.000,200000,4.523,0.000,18.000,11.255,20.091,49924,164572,49922,214,108,246,135,0,0,0,0,8,339.195,19.188,18.423,0.405,5.827,0.291,0.000,0.000,1.474,0.321,0.957,3.516,5.632,0.512,0.000,0.000,0.000,0.000,0.000,0.000,0.000,0.000,0.000,0.000,0.000,0.000,0.000,0.000,0.000,0.000,0,0,1.795,6.117,4.473,0.000,18
Data-Oriented CPU ROAM,RelWithDebInfo,OpenGL,NVIDIA GeForce RTX 5090 D/PCIe/SSE2,4.3.0 NVIDIA 591.86,false,assets/heightmaps/Hm_Terrain_Test_129.pgm,129,129,39.400,12.000,20,4.000,2.000,200000,4.543,0.000,18.000,11.197,19.638,49872,164992,49870,210,105,262,142,0,0,0,0,8,88.180,18.470,17.718,0.403,5.650,0.274,0.000,0.000,1.258,0.316,0.960,3.409,5.448,0.488,0.000,0.000,0.000,0.000,0.000,0.000,0.000,0.000,0.000,0.000,0.000,0.000,0.000,0.000,0.000,0.000,0,0,1.573,5.924,4.369,0.000,18
Data-Oriented CPU ROAM,RelWithDebInfo,OpenGL,NVIDIA GeForce RTX 5090 D/PCIe/SSE2,4.3.0 NVIDIA 591.86,false,assets/heightmaps/Hm_Terrain_Test_129.pgm,129,129,39.400,12.000,20,4.000,2.000,200000,4.562,0.000,18.000,11.142,18.895,49874,165428,49872,218,110,216,138,0,0,0,0,8,85.935,18.932,18.181,0.406,5.602,0.234,0.000,0.000,1.725,0.308,0.996,3.348,5.561,0.497,0.000,0.000,0.000,0.000,0.000,0.000,0.000,0.000,0.000,0.000,0.000,0.000,0.000,0.000,0.000,0.000,0,0,2.033,5.837,4.343,0.000,18
Data-Oriented CPU ROAM,RelWithDebInfo,OpenGL,NVIDIA GeForce RTX 5090 D/PCIe/SSE2,4.3.0 NVIDIA 591.86,false,assets/heightmaps/Hm_Terrain_Test_129.pgm,129,129,39.400,12.000,20,4.000,2.000,200000,4.581,0.000,18.000,11.085,19.401,49878,165910,49876,241,120,237,146,0,0,0,0,8,83.761,19.444,18.652,0.453,5.920,0.263,0.000,0.000,1.814,0.344,1.005,3.306,5.547,0.502,0.000,0.000,0.000,0.000,0.000,0.000,0.000,0.000,0.000,0.000,0.000,0.000,0.000,0.000,0.000,0.000,0,0,2.158,6.183,4.311,0.000,18
Data-Oriented CPU ROAM,RelWithDebInfo,OpenGL,NVIDIA GeForce RTX 5090 D/PCIe/SSE2,4.3.0 NVIDIA 591.86,false,assets/heightmaps/Hm_Terrain_Test_129.pgm,129,129,39.400,12.000,20,4.000,2.000,200000,4.601,0.000,18.000,11.027,19.932,49777,166322,49775,206,103,307,132,0,0,0,0,8,176.057,18.561,17.748,0.431,5.458,0.315,0.000,0.000,1.594,0.290,0.933,3.224,5.501,0.471,0.000,0.000,0.000,0.000,0.000,0.000,0.000,0.000,0.000,0.000,0.000,0.000,0.000,0.000,0.000,0.000,0,0,1.884,5.773,4.158,0.000,18
Data-Oriented CPU ROAM,RelWithDebInfo,OpenGL,NVIDIA GeForce RTX 5090 D/PCIe/SSE2,4.3.0 NVIDIA 591.86,false,assets/heightmaps/Hm_Terrain_Test_129.pgm,129,129,39.400,12.000,20,4.000,2.000,200000,4.620,0.000,18.000,10.971,19.011,49661,166708,49659,195,99,311,118,0,0,0,0,8,87.671,18.590,17.820,0.403,5.608,0.313,0.000,0.000,1.123,0.274,0.913,3.770,5.415,0.504,0.000,0.000,0.000,0.000,0.000,0.000,0.000,0.000,0.000,0.000,0.000,0.000,0.000,0.000,0.000,0.000,0,0,1.398,5.922,4.683,0.000,18
Data-Oriented CPU ROAM,RelWithDebInfo,OpenGL,NVIDIA GeForce RTX 5090 D/PCIe/SSE2,4.3.0 NVIDIA 591.86,false,assets/heightmaps/Hm_Terrain_Test_129.pgm,129,129,39.400,12.000,20,4.000,2.000,200000,4.639,0.000,18.000,10.915,19.052,49650,167094,49648,193,96,204,113,0,0,0,0,8,698.871,18.626,17.884,0.419,5.327,0.226,0.000,0.000,1.299,0.288,0.915,4.053,5.356,0.494,0.000,0.000,0.000,0.000,0.000,0.000,0.000,0.000,0.000,0.000,0.000,0.000,0.000,0.000,0.000,0.000,0,0,1.587,5.553,4.969,0.000,18
Data-Oriented CPU ROAM,RelWithDebInfo,OpenGL,NVIDIA GeForce RTX 5090 D/PCIe/SSE2,4.3.0 NVIDIA 591.86,false,assets/heightmaps/Hm_Terrain_Test_129.pgm,129,129,39.400,12.000,20,4.000,2.000,200000,4.658,0.000,18.000,10.859,19.073,49578,167486,49576,198,100,270,117,0,0,0,0,8,709.409,18.452,17.618,0.412,5.620,0.308,0.000,0.000,1.098,0.297,1.058,3.316,5.509,0.524,0.000,0.000,0.000,0.000,0.000,0.000,0.000,0.000,0.000,0.000,0.000,0.000,0.000,0.000,0.000,0.000,0,0,1.395,5.928,4.374,0.000,18
Data-Oriented CPU ROAM,RelWithDebInfo,OpenGL,NVIDIA GeForce RTX 5090 D/PCIe/SSE2,4.3.0 NVIDIA 591.86,false,assets/heightmaps/Hm_Terrain_Test_129.pgm,129,129,39.400,12.000,20,4.000,2.000,200000,4.677,0.000,18.000,10.803,18.911,49497,167858,49495,186,93,267,111,0,0,0,0,8,97.038,16.860,16.100,0.440,5.008,0.362,0.000,0.000,1.382,0.264,0.929,3.141,4.574,0.523,0.000,0.000,0.000,0.000,0.000,0.000,0.000,0.000,0.000,0.000,0.000,0.000,0.000,0.000,0.000,0.000,0,0,1.646,5.369,4.070,0.000,18
Data-Oriented CPU ROAM,RelWithDebInfo,OpenGL,NVIDIA GeForce RTX 5090 D/PCIe/SSE2,4.3.0 NVIDIA 591.86,false,assets/heightmaps/Hm_Terrain_Test_129.pgm,129,129,39.400,12.000,20,4.000,2.000,200000,4.694,0.000,18.000,10.752,17.285,49407,168202,49405,172,87,262,104,0,0,0,0,8,96.304,16.986,16.223,0.399,5.218,0.280,0.000,0.000,1.192,0.257,0.915,3.374,4.588,0.514,0.000,0.000,0.000,0.000,0.000,0.000,0.000,0.000,0.000,0.000,0.000,0.000,0.000,0.000,0.000,0.000,0,0,1.449,5.498,4.289,0.000,18
Data-Oriented CPU ROAM,RelWithDebInfo,OpenGL,NVIDIA GeForce RTX 5090 D/PCIe/SSE2,4.3.0 NVIDIA 591.86,false,assets/heightmaps/Hm_Terrain_Test_129.pgm,129,129,39.400,12.000,20,4.000,2.000,200000,4.712,0.000,18.000,10.701,17.406,49446,168596,49444,197,99,158,123,0,0,0,0,8,178.812,18.217,17.475,0.399,5.869,0.185,0.000,0.000,1.658,0.289,0.933,3.198,4.943,0.515,0.000,0.000,0.000,0.000,0.000,0.000,0.000,0.000,0.000,0.000,0.000,0.000,0.000,0.000,0.000,0.000,0,0,1.947,6.054,4.131,0.000,18
Data-Oriented CPU ROAM,RelWithDebInfo,OpenGL,NVIDIA GeForce RTX 5090 D/PCIe/SSE2,4.3.0 NVIDIA 591.86,false,assets/heightmaps/Hm_Terrain_Test_129.pgm,129,129,39.400,12.000,20,4.000,2.000,200000,4.730,0.000,18.000,10.646,18.653,49338,169016,49336,210,106,318,120,0,0,0,0,8,82.692,19.696,18.893,0.400,5.633,0.335,0.000,0.000,1.855,0.322,1.026,3.444,5.877,0.507,0.000,0.000,0.000,0.000,0.000,0.000,0.000,0.000,0.000,0.000,0.000,0.000,0.000,0.000,0.000,0.000,0,0,2.178,5.968,4.470,0.000,18
Data-Oriented CPU ROAM,RelWithDebInfo,OpenGL,NVIDIA GeForce RTX 5090 D/PCIe/SSE2,4.3.0 NVIDIA 591.86,false,assets/heightmaps/Hm_Terrain_Test_129.pgm,129,129,39.400,12.000,20,4.000,2.000,200000,4.751,0.000,18.000,10.587,20.144,49312,169500,49310,246,127,272,157,0,0,0,0,8,93.897,17.406,16.638,0.432,5.713,0.289,0.000,0.000,1.301,0.342,0.919,3.066,4.577,0.530,0.000,0.000,0.000,0.000,0.000,0.000,0.000,0.000,0.000,0.000,0.000,0.000,0.000,0.000,0.000,0.000,0,0,1.643,6.001,3.985,0.000,19
Data-Oriented CPU ROAM,RelWithDebInfo,OpenGL,NVIDIA GeForce RTX 5090 D/PCIe/SSE2,4.3.0 NVIDIA 591.86,false,assets/heightmaps/Hm_Terrain_Test_129.pgm,129,129,39.400,12.000,20,4.000,2.000,200000,4.768,0.000,18.000,10.534,17.821,49268,169876,49266,188,95,232,117,0,0,0,0,8,730.917,17.922,17.100,0.454,5.359,0.256,0.000,0.000,1.558,0.260,0.954,3.091,5.166,0.507,0.000,0.000,0.000,0.000,0.000,0.000,0.000,0.000,0.000,0.000,0.000,0.000,0.000,0.000,0.000,0.000,0,0,1.819,5.616,4.045,0.000,19
Data-Oriented CPU ROAM,RelWithDebInfo,OpenGL,NVIDIA GeForce RTX 5090 D/PCIe/SSE2,4.3.0 NVIDIA 591.86,false,assets/heightmaps/Hm_Terrain_Test_129.pgm,129,129,39.400,12.000,20,4.000,2.000,200000,4.787,0.000,18.000,10.480,18.361,49252,170348,49250,236,120,252,139,0,0,0,0,8,90.360,18.065,17.290,0.410,5.551,0.271,0.000,0.000,1.330,0.326,0.929,3.450,5.022,0.535,0.000,0.000,0.000,0.000,0.000,0.000,0.000,0.000,0.000,0.000,0.000,0.000,0.000,0.000,0.000,0.000,0,0,1.656,5.822,4.379,0.000,19
Data-Oriented CPU ROAM,RelWithDebInfo,OpenGL,NVIDIA GeForce RTX 5090 D/PCIe/SSE2,4.3.0 NVIDIA 591.86,false,assets/heightmaps/Hm_Terrain_Test_129.pgm,129,129,39.400,12.000,20,4.000,2.000,200000,4.805,0.000,18.000,10.425,18.504,49268,170856,49266,254,126,238,164,0,0,0,0,8,761.424,17.162,16.415,0.412,5.346,0.269,0.000,0.000,1.621,0.351,0.963,3.098,4.354,0.477,0.000,0.000,0.000,0.000,0.000,0.000,0.000,0.000,0.000,0.000,0.000,0.000,0.000,0.000,0.000,0.000,0,0,1.972,5.615,4.061,0.000,19
Data-Oriented CPU ROAM,RelWithDebInfo,OpenGL,NVIDIA GeForce RTX 5090 D/PCIe/SSE2,4.3.0 NVIDIA 591.86,false,assets/heightmaps/Hm_Terrain_Test_129.pgm,129,129,39.400,12.000,20,4.000,2.000,200000,4.823,0.000,18.000,10.374,17.569,49209,171256,49207,200,100,259,116,0,0,0,0,8,93.353,17.470,16.736,0.403,5.199,0.269,0.000,0.000,1.779,0.283,0.920,3.328,4.555,0.493,0.000,0.000,0.000,0.000,0.000,0.000,0.000,0.000,0.000,0.000,0.000,0.000,0.000,0.000,0.000,0.000,0,0,2.062,5.468,4.248,0.000,19
Data-Oriented CPU ROAM,RelWithDebInfo,OpenGL,NVIDIA GeForce RTX 5090 D/PCIe/SSE2,4.3.0 NVIDIA 591.86,false,assets/heightmaps/Hm_Terrain_Test_129.pgm,129,129,39.400,12.000,20,4.000,2.000,200000,4.841,0.000,18.000,10.321,17.881,49182,171668,49180,206,103,233,124,0,0,0,0,8,91.203,17.949,17.131,0.408,5.451,0.249,0.000,0.000,1.495,0.305,0.960,3.043,5.220,0.528,0.000,0.000,0.000,0.000,0.000,0.000,0.000,0.000,0.000,0.000,0.000,0.000,0.000,0.000,0.000,0.000,0,0,1.800,5.700,4.003,0.000,18
Data-Oriented CPU ROAM,RelWithDebInfo,OpenGL,NVIDIA GeForce RTX 5090 D/PCIe/SSE2,4.3.0 NVIDIA 591.86,false,assets/heightmaps/Hm_Terrain_Test_129.pgm,129,129,39.400,12.000,20,4.000,2.000,200000,4.859,0.000,18.000,10.266,18.385,49152,172164,49150,248,124,278,149,0,0,0,0,8,90.303,18.039,17.301,0.413,5.160,0.279,0.000,0.000,1.617,0.348,0.929,3.662,4.891,0.485,0.000,0.000,0.000,0.000,0.000,0.000,0.000,0.000,0.000,0.000,0.000,0.000,0.000,0.000,0.000,0.000,0,0,1.964,5.440,4.592,0.000,18
Data-Oriented CPU ROAM,RelWithDebInfo,OpenGL,NVIDIA GeForce RTX 5090 D/PCIe/SSE2,4.3.0 NVIDIA 591.86,false,assets/heightmaps/Hm_Terrain_Test_129.pgm,129,129,39.400,12.000,20,4.000,2.000,200000,4.878,0.000,18.000,10.212,18.479,49123,172566,49121,201,100,230,129,0,0,0,0,8,735.264,17.751,16.999,0.398,5.600,0.258,0.000,0.000,1.412,0.307,0.938,3.015,5.071,0.485,0.000,0.000,0.000,0.000,0.000,0.000,0.000,0.000,0.000,0.000,0.000,0.000,0.000,0.000,0.000,0.000,0,0,1.719,5.857,3.954,0.000,18
Data-Oriented CPU ROAM,RelWithDebInfo,OpenGL,NVIDIA GeForce RTX 5090 D/PCIe/SSE2,4.3.0 NVIDIA 591.86,false,assets/heightmaps/Hm_Terrain_Test_129.pgm,129,129,39.400,12.000,20,4.000,2.000,200000,4.896,0.000,18.000,10.158,18.187,49075,173052,49073,243,123,291,142,0,0,0,0,8,91.924,17.797,16.996,0.410,5.295,0.300,0.000,0.000,1.455,0.340,1.022,3.072,5.101,0.553,0.000,0.000,0.000,0.000,0.000,0.000,0.000,0.000,0.000,0.000,0.000,0.000,0.000,0.000,0.000,0.000,0,0,1.795,5.596,4.094,0.000,18
Data-Oriented CPU ROAM,RelWithDebInfo,OpenGL,NVIDIA GeForce RTX 5090 D/PCIe/SSE2,4.3.0 NVIDIA 591.86,false,assets/heightmaps/Hm_Terrain_Test_129.pgm,129,129,39.400,12.000,20,4.000,2.000,200000,4.914,0.000,18.000,10.104,18.232,49019,173484,49017,216,109,272,137,0,0,0,0,8,91.322,17.859,17.107,0.418,5.261,0.288,0.000,0.000,1.686,0.294,0.913,3.260,4.986,0.487,0.000,0.000,0.000,0.000,0.000,0.000,0.000,0.000,0.000,0.000,0.000,0.000,0.000,0.000,0.000,0.000,0,0,1.981,5.549,4.173,0.000,18
Data-Oriented CPU ROAM,RelWithDebInfo,OpenGL,NVIDIA GeForce RTX 5090 D/PCIe/SSE2,4.3.0 NVIDIA 591.86,false,assets/heightmaps/Hm_Terrain_Test_129.pgm,129,129,39.400,12.000,20,4.000,2.000,200000,4.932,0.000,18.000,10.050,18.297,49082,173994,49080,255,127,192,162,0,0,0,0,8,86.151,18.919,18.135,0.392,5.697,0.241,0.000,0.000,1.817,0.358,0.945,3.656,5.030,0.540,0.000,0.000,0.000,0.000,0.000,0.000,0.000,0.000,0.000,0.000,0.000,0.000,0.000,0.000,0.000,0.000,0,0,2.174,5.938,4.601,0.000,19
Data-Oriented CPU ROAM,RelWithDebInfo,OpenGL,NVIDIA GeForce RTX 5090 D/PCIe/SSE2,4.3.0 NVIDIA 591.86,false,assets/heightmaps/Hm_Terrain_Test_129.pgm,129,129,39.400,12.000,20,4.000,2.000,200000,4.952,0.000,18.000,9.993,19.357,49032,174430,49030,218,109,268,132,0,0,0,0,8,718.515,18.188,17.395,0.407,5.408,0.292,0.000,0.000,1.705,0.324,0.951,3.301,5.006,0.517,0.000,0.000,0.000,0.000,0.000,0.000,0.000,0.000,0.000,0.000,0.000,0.000,0.000,0.000,0.000,0.000,0,0,2.029,5.700,4.253,0.000,19
Data-Oriented CPU ROAM,RelWithDebInfo,OpenGL,NVIDIA GeForce RTX 5090 D/PCIe/SSE2,4.3.0 NVIDIA 591.86,false,assets/heightmaps/Hm_Terrain_Test_129.pgm,129,129,39.400,12.000,20,4.000,2.000,200000,4.970,0.000,18.000,9.938,18.624,48988,174906,48986,242,123,286,153,0,0,0,0,8,89.918,18.216,17.375,0.402,5.509,0.308,0.000,0.000,1.538,0.342,0.961,3.043,5.272,0.600,0.000,0.000,0.000,0.000,0.000,0.000,0.000,0.000,0.000,0.000,0.000,0.000,0.000,0.000,0.000,0.000,0,0,1.881,5.817,4.003,0.000,18
Data-Oriented CPU ROAM,RelWithDebInfo,OpenGL,NVIDIA GeForce RTX 5090 D/PCIe/SSE2,4.3.0 NVIDIA 591.86,false,assets/heightmaps/Hm_Terrain_Test_129.pgm,129,129,39.400,12.000,20,4.000,2.000,200000,4.989,0.000,18.000,9.883,18.776,48964,175358,48962,228,115,252,146,0,0,0,0,8,94.933,17.206,16.457,0.410,5.366,0.266,0.000,0.000,1.227,0.339,0.923,3.386,4.539,0.505,0.000,0.000,0.000,0.000,0.000,0.000,0.000,0.000,0.000,0.000,0.000,0.000,0.000,0.000,0.000,0.000,0,0,1.566,5.632,4.309,0.000,18
Data-Oriented CPU ROAM,RelWithDebInfo,OpenGL,NVIDIA GeForce RTX 5090 D/PCIe/SSE2,4.3.0 NVIDIA 591.86,false,assets/heightmaps/Hm_Terrain_Test_129.pgm,129,129,39.400,12.000,20,4.000,2.000,200000,5.007,0.000,18.000,9.830,17.683,48938,175818,48936,230,116,256,137,0,0,0,0,8,94.005,17.410,16.620,0.400,5.219,0.255,0.000,0.000,1.509,0.326,0.983,3.023,4.905,0.565,0.000,0.000,0.000,0.000,0.000,0.000,0.000,0.000,0.000,0.000,0.000,0.000,0.000,0.000,0.000,0.000,0,0,1.834,5.474,4.006,0.000,18
Data-Oriented CPU ROAM,RelWithDebInfo,OpenGL,NVIDIA GeForce RTX 5090 D/PCIe/SSE2,4.3.0 NVIDIA 591.86,false,assets/heightmaps/Hm_Terrain_Test_129.pgm,129,129,39.400,12.000,20,4.000,2.000,200000,5.024,0.000,18.000,9.778,17.828,48904,176274,48902,228,114,262,143,0,0,0,0,8,175.198,18.583,17.834,0.398,5.373,0.276,0.000,0.000,1.843,0.343,0.929,3.727,4.945,0.500,0.000,0.000,0.000,0.000,0.000,0.000,0.000,0.000,0.000,0.000,0.000,0.000,0.000,0.000,0.000,0.000,0,0,2.186,5.649,4.656,0.000,18
Data-Oriented CPU ROAM,RelWithDebInfo,OpenGL,NVIDIA GeForce RTX 5090 D/PCIe/SSE2,4.3.0 NVIDIA 591.86,false,assets/heightmaps/Hm_Terrain_Test_129.pgm,129,129,39.400,12.000,20,4.000,2.000,200000,5.044,0.000,18.000,9.721,19.016,48920,176774,48918,254,129,238,157,0,0,0,0,8,608.640,18.754,17.969,0.392,5.574,0.318,0.000,0.000,1.749,0.374,0.998,3.561,5.002,0.541,0.000,0.000,0.000,0.000,0.000,0.000,0.000,0.000,0.000,0.000,0.000,0.000,0.000,0.000,0.000,0.000,0,0,2.123,5.892,4.559,0.000,18
Data-Oriented CPU ROAM,RelWithDebInfo,OpenGL,NVIDIA GeForce RTX 5090 D/PCIe/SSE2,4.3.0 NVIDIA 591.86,false,assets/heightmaps/Hm_Terrain_Test_129.pgm,129,129,39.400,12.000,20,4.000,2.000,200000,5.063,0.000,18.000,9.665,19.241,48876,177270,48874,250,126,294,159,0,0,0,0,8,93.632,17.469,16.685,0.410,5.289,0.290,0.000,0.000,1.423,0.359,0.968,3.389,4.559,0.509,0.000,0.000,0.000,0.000,0.000,0.000,0.000,0.000,0.000,0.000,0.000,0.000,0.000,0.000,0.000,0.000,0,0,1.781,5.579,4.356,0.000,18
Data-Oriented CPU ROAM,RelWithDebInfo,OpenGL,NVIDIA GeForce RTX 5090 D/PCIe/SSE2,4.3.0 NVIDIA 591.86,false,assets/heightmaps/Hm_Terrain_Test_129.pgm,129,129,39.400,12.000,20,4.000,2.000,200000,5.081,0.000,18.000,9.612,17.896,48907,177820,48905,281,143,250,162,0,0,0,0,8,703.468,18.612,17.767,0.434,5.383,0.281,0.000,0.000,1.778,0.390,0.942,3.260,5.300,0.527,0.000,0.000,0.000,0.000,0.000,0.000,0.000,0.000,0.000,0.000,0.000,0.000,0.000,0.000,0.000,0.000,0,0,2.168,5.663,4.202,0.000,18
Data-Oriented CPU ROAM,RelWithDebInfo,OpenGL,NVIDIA GeForce RTX 5090 D/PCIe/SSE2,4.3.0 NVIDIA 591.86,false,assets/heightmaps/Hm_Terrain_Test_129.pgm,129,129,39.400,12.000,20,4.000,2.000,200000,5.100,0.000,18.000,9.555,19.053,48971,178442,48969,313,158,249,192,0,0,0,0,8,88.341,18.469,17.685,0.396,5.544,0.283,0.000,0.000,1.467,0.439,0.973,3.350,5.232,0.527,0.000,0.000,0.000,0.000,0.000,0.000,0.000,0.000,0.000,0.000,0.000,0.000,0.000,0.000,0.000,0.000,0,0,1.906,5.828,4.323,0.000,18
Data-Oriented CPU ROAM,RelWithDebInfo,OpenGL,NVIDIA GeForce RTX 5090 D/PCIe/SSE2,4.3.0 NVIDIA 591.86,false,assets/heightmaps/Hm_Terrain_Test_129.pgm,129,129,39.400,12.000,20,4.000,2.000,200000,5.119,0.000,18.000,9.500,18.909,48973,178966,48971,262,131,260,172,0,0,0,0,8,178.958,18.218,17.461,0.412,5.407,0.273,0.000,0.000,1.784,0.362,0.920,3.314,4.988,0.514,0.000,0.000,0.000,0.000,0.000,0.000,0.000,0.000,0.000,0.000,0.000,0.000,0.000,0.000,0.000,0.000,0,0,2.146,5.681,4.234,0.000,18
Data-Oriented CPU ROAM,RelWithDebInfo,OpenGL,NVIDIA GeForce RTX 5090 D/PCIe/SSE2,4.3.0 NVIDIA 591.86,false,assets/heightmaps/Hm_Terrain_Test_129.pgm,129,129,39.400,12.000,20,4.000,2.000,200000,5.137,0.000,18.000,9.445,18.655,48983,179502,48981,278,144,268,168,0,0,0,0,8,90.873,17.959,17.192,0.403,5.379,0.301,0.000,0.000,1.601,0.397,0.957,3.046,5.109,0.506,0.000,0.000,0.000,0.000,0.000,0.000,0.000,0.000,0.000,0.000,0.000,0.000,0.000,0.000,0.000,0.000,0,0,1.998,5.680,4.002,0.000,18
Data-Oriented CPU ROAM,RelWithDebInfo,OpenGL,NVIDIA GeForce RTX 5090 D/PCIe/SSE2,4.3.0 NVIDIA 591.86,false,assets/heightmaps/Hm_Terrain_Test_129.pgm,129,129,39.400,12.000,20,4.000,2.000,200000,5.156,0.000,18.000,9.390,18.456,48915,180042,48913,270,135,338,168,0,0,0,0,8,88.680,18.402,17.615,0.503,5.217,0.342,0.000,0.000,1.746,0.395,0.933,3.244,5.236,0.535,0.000,0.000,0.000,0.000,0.000,0.000,0.000,0.000,0.000,0.000,0.000,0.000,0.000,0.000,0.000,0.000,0,0,2.140,5.558,4.177,0.000,18
Data-Oriented CPU ROAM,RelWithDebInfo,OpenGL,NVIDIA GeForce RTX 5090 D/PCIe/SSE2,4.3.0 NVIDIA 591.86,false,assets/heightmaps/Hm_Terrain_Test_129.pgm,129,129,39.400,12.000,20,4.000,2.000,200000,5.175,0.000,18.000,9.334,18.885,48945,180582,48943,270,135,240,180,0,0,0,0,8,87.986,18.535,17.757,0.411,5.567,0.253,0.000,0.000,1.725,0.369,0.937,3.238,5.256,0.510,0.000,0.000,0.000,0.000,0.000,0.000,0.000,0.000,0.000,0.000,0.000,0.000,0.000,0.000,0.000,0.000,0,0,2.095,5.819,4.175,0.000,18
Data-Oriented CPU ROAM,RelWithDebInfo,OpenGL,NVIDIA GeForce RTX 5090 D/PCIe/SSE2,4.3.0 NVIDIA 591.86,false,assets/heightmaps/Hm_Terrain_Test_129.pgm,129,129,39.400,12.000,20,4.000,2.000,200000,5.194,0.000,18.000,9.278,18.995,48940,181140,48938,279,139,284,175,0,0,0,0,8,87.389,18.691,17.878,0.416,5.345,0.321,0.000,0.000,1.794,0.397,1.024,3.554,5.027,0.572,0.000,0.000,0.000,0.000,0.000,0.000,0.000,0.000,0.000,0.000,0.000,0.000,0.000,0.000,0.000,0.000,0,0,2.192,5.666,4.578,0.000,18
Data-Oriented CPU ROAM,RelWithDebInfo,OpenGL,NVIDIA GeForce RTX 5090 D/PCIe/SSE2,4.3.0 NVIDIA 591.86,false,assets/heightmaps/Hm_Terrain_Test_129.pgm,129,129,39.400,12.000,20,4.000,2.000,200000,5.213,0.000,18.000,9.222,19.122,48923,181620,48921,256,137,273,145,0,0,0,0,8,186.189,17.550,16.782,0.398,5.279,0.292,0.000,0.000,1.519,0.359,0.942,2.986,5.007,0.515,0.000,0.000,0.000,0.000,0.000,0.000,0.000,0.000,0.000,0.000,0.000,0.000,0.000,0.000,0.000,0.000,0,0,1.878,5.571,3.928,0.000,18
Data-Oriented CPU ROAM,RelWithDebInfo,OpenGL,NVIDIA GeForce RTX 5090 D/PCIe/SSE2,4.3.0 NVIDIA 591.86,false,assets/heightmaps/Hm_Terrain_Test_129.pgm,129,129,39.400,12.000,20,4.000,2.000,200000,5.231,0.000,18.000,9.169,18.003,48889,182066,48887,225,113,259,136,0,0,0,0,8,87.714,18.606,17.812,0.395,5.391,0.277,0.000,0.000,1.747,0.320,0.985,3.296,5.402,0.536,0.000,0.000,0.000,0.000,0.000,0.000,0.000,0.000,0.000,0.000,0.000,0.000,0.000,0.000,0.000,0.000,0,0,2.067,5.668,4.281,0.000,18
Data-Oriented CPU ROAM,RelWithDebInfo,OpenGL,NVIDIA GeForce RTX 5090 D/PCIe/SSE2,4.3.0 NVIDIA 591.86,false,assets/heightmaps/Hm_Terrain_Test_129.pgm,129,129,39.400,12.000,20,4.000,2.000,200000,5.250,0.000,18.000,9.113,19.052,48822,182580,48820,257,128,324,155,0,0,0,0,8,91.598,17.818,17.057,0.409,5.490,0.329,0.000,0.000,1.311,0.372,0.943,3.338,4.865,0.507,0.000,0.000,0.000,0.000,0.000,0.000,0.000,0.000,0.000,0.000,0.000,0.000,0.000,0.000,0.000,0.000,0,0,1.682,5.819,4.281,0.000,18
Data-Oriented CPU ROAM,RelWithDebInfo,OpenGL,NVIDIA GeForce RTX 5090 D/PCIe/SSE2,4.3.0 NVIDIA 591.86,false,assets/heightmaps/Hm_Terrain_Test_129.pgm,129,129,39.400,12.000,20,4.000,2.000,200000,5.268,0.000,18.000,9.059,18.261,48804,183140,48802,280,140,298,163,0,0,0,0,8,716.049,18.250,17.455,0.404,4.902,0.310,0.000,0.000,1.801,0.389,0.911,3.674,5.064,0.547,0.000,0.000,0.000,0.000,0.000,0.000,0.000,0.000,0.000,0.000,0.000,0.000,0.000,0.000,0.000,0.000,0,0,2.190,5.212,4.585,0.000,18
Data-Oriented CPU ROAM,RelWithDebInfo,OpenGL,NVIDIA GeForce RTX 5090 D/PCIe/SSE2,4.3.0 NVIDIA 591.86,false,assets/heightmaps/Hm_Terrain_Test_129.pgm,129,129,39.400,12.000,20,4.000,2.000,200000,5.287,0.000,18.000,9.004,18.695,48758,183628,48756,244,121,290,147,0,0,0,0,8,80.940,20.105,19.303,0.413,5.516,0.314,0.000,0.000,1.662,0.347,0.912,4.703,5.438,0.542,0.000,0.000,0.000,0.000,0.000,0.000,0.000,0.000,0.000,0.000,0.000,0.000,0.000,0.000,0.000,0.000,0,0,2.008,5.829,5.614,0.000,18
Data-Oriented CPU ROAM,RelWithDebInfo,OpenGL,NVIDIA GeForce RTX 5090 D/PCIe/SSE2,4.3.0 NVIDIA 591.86,false,assets/heightmaps/Hm_Terrain_Test_129.pgm,129,129,39.400,12.000,20,4.000,2.000,200000,5.307,0.000,18.000,8.943,20.547,48720,184116,48718,244,122,282,149,0,0,0,0,8,92.633,17.626,16.866,0.407,5.356,0.342,0.000,0.000,1.589,0.349,0.916,3.031,4.877,0.524,0.000,0.000,0.000,0.000,0.000,0.000,0.000,0.000,0.000,0.000,0.000,0.000,0.000,0.000,0.000,0.000,0,0,1.938,5.697,3.947,0.000,18
Data-Oriented CPU ROAM,RelWithDebInfo,OpenGL,NVIDIA GeForce RTX 5090 D/PCIe/SSE2,4.3.0 NVIDIA 591.86,false,assets/heightmaps/Hm_Terrain_Test_129.pgm,129,129,39.400,12.000,20,4.000,2.000,200000,5.325,0.000,18.000,8.890,18.058,48720,184528,48718,208,105,208,136,0,0,0,0,8,672.498,17.009,16.262,0.413,5.365,0.240,0.000,0.000,1.099,0.302,0.968,3.316,4.558,0.494,0.000,0.000,0.000,0.000,0.000,0.000,0.000,0.000,0.000,0.000,0.000,0.000,0.000,0.000,0.000,0.000,0,0,1.401,5.605,4.285,0.000,18
Data-Oriented CPU ROAM,RelWithDebInfo,OpenGL,NVIDIA GeForce RTX 5090 D/PCIe/SSE2,4.3.0 NVIDIA 591.86,false,assets/heightmaps/Hm_Terrain_Test_129.pgm,129,129,39.400,12.000,20,4.000,2.000,200000,5.343,0.000,18.000,8.839,17.423,48676,184944,48674,210,106,254,121,0,0,0,0,8,779.919,16.796,16.025,0.412,5.075,0.305,0.000,0.000,1.502,0.293,0.931,3.060,4.447,0.518,0.000,0.000,0.000,0.000,0.000,0.000,0.000,0.000,0.000,0.000,0.000,0.000,0.000,0.000,0.000,0.000,0,0,1.795,5.380,3.991,0.000,18
Data-Oriented CPU ROAM,RelWithDebInfo,OpenGL,NVIDIA GeForce RTX 5090 D/PCIe/SSE2,4.3.0 NVIDIA 591.86,false,assets/heightmaps/Hm_Terrain_Test_129.pgm,129,129,39.400,12.000,20,4.000,2.000,200000,5.360,0.000,18.000,8.788,17.209,48638,185396,48636,226,114,264,136,0,0,0,0,8,87.852,18.527,17.783,0.440,5.760,0.303,0.000,0.000,1.548,0.378,0.988,3.202,5.163,0.492,0.000,0.000,0.000,0.000,0.000,0.000,0.000,0.000,0.000,0.000,0.000,0.000,0.000,0.000,0.000,0.000,0,0,1.927,6.063,4.191,0.000,18
Data-Oriented CPU ROAM,RelWithDebInfo,OpenGL,NVIDIA GeForce RTX 5090 D/PCIe/SSE2,4.3.0 NVIDIA 591.86,false,assets/heightmaps/Hm_Terrain_Test_129.pgm,129,129,39.400,12.000,20,4.000,2.000,200000,5.379,0.000,18.000,8.732,18.979,48613,185902,48611,255,128,280,150,0,0,0,0,8,96.204,16.986,16.239,0.434,5.181,0.295,0.000,0.000,1.358,0.349,0.914,3.036,4.672,0.512,0.000,0.000,0.000,0.000,0.000,0.000,0.000,0.000,0.000,0.000,0.000,0.000,0.000,0.000,0.000,0.000,0,0,1.707,5.476,3.950,0.000,18
Data-Oriented CPU ROAM,RelWithDebInfo,OpenGL,NVIDIA GeForce RTX 5090 D/PCIe/SSE2,4.3.0 NVIDIA 591.86,false,assets/heightmaps/Hm_Terrain_Test_129.pgm,129,129,39.400,12.000,20,4.000,2.000,200000,5.396,0.000,18.000,8.681,17.442,48628,186400,48626,249,125,234,150,0,0,0,0,8,93.561,17.442,16.698,0.424,5.253,0.267,0.000,0.000,1.144,0.343,0.936,3.982,4.349,0.498,0.000,0.000,0.000,0.000,0.000,0.000,0.000,0.000,0.000,0.000,0.000,0.000,0.000,0.000,0.000,0.000,0,0,1.487,5.520,4.918,0.000,18
Data-Oriented CPU ROAM,RelWithDebInfo,OpenGL,NVIDIA GeForce RTX 5090 D/PCIe/SSE2,4.3.0 NVIDIA 591.86,false,assets/heightmaps/Hm_Terrain_Test_129.pgm,129,129,39.400,12.000,20,4.000,2.000,200000,5.414,0.000,18.000,8.629,17.847,48577,186872,48575,236,120,287,146,0,0,0,0,8,748.180,17.454,16.705,0.463,5.071,0.298,0.000,0.000,1.671,0.320,0.969,3.082,4.832,0.518,0.000,0.000,0.000,0.000,0.000,0.000,0.000,0.000,0.000,0.000,0.000,0.000,0.000,0.000,0.000,0.000,0,0,1.991,5.369,4.051,0.000,18
Data-Oriented CPU ROAM,RelWithDebInfo,OpenGL,NVIDIA GeForce RTX 5090 D/PCIe/SSE2,4.3.0 NVIDIA 591.86,false,assets/heightmaps/Hm_Terrain_Test_129.pgm,129,129,39.400,12.000,20,4.000,2.000,200000,5.432,0.000,18.000,8.576,17.877,48541,187368,48539,248,125,284,159,0,0,0,0,8,93.098,17.545,16.781,0.412,5.271,0.318,0.000,0.000,1.295,0.346,0.952,3.559,4.628,0.518,0.000,0.000,0.000,0.000,0.000,0.000,0.000,0.000,0.000,0.000,0.000,0.000,0.000,0.000,0.000,0.000,0,0,1.641,5.589,4.511,0.000,18
Data-Oriented CPU ROAM,RelWithDebInfo,OpenGL,NVIDIA GeForce RTX 5090 D/PCIe/SSE2,4.3.0 NVIDIA 591.86,false,assets/heightmaps/Hm_Terrain_Test_129.pgm,129,129,39.400,12.000,20,4.000,2.000,200000,5.450,0.000,18.000,8.524,17.968,48455,187828,48453,230,115,316,139,0,0,0,0,8,622.276,18.351,17.574,0.436,5.062,0.335,0.000,0.000,1.737,0.327,1.019,3.471,5.187,0.534,0.000,0.000,0.000,0.000,0.000,0.000,0.000,0.000,0.000,0.000,0.000,0.000,0.000,0.000,0.000,0.000,0,0,2.064,5.397,4.490,0.000,18
Data-Oriented CPU ROAM,RelWithDebInfo,OpenGL,NVIDIA GeForce RTX 5090 D/PCIe/SSE2,4.3.0 NVIDIA 591.86,false,assets/heightmaps/Hm_Terrain_Test_129.pgm,129,129,39.400,12.000,20,4.000,2.000,200000,5.469,0.000,18.000,8.469,18.773,48427,188372,48425,272,136,300,168,0,0,0,0,8,88.051,18.517,17.743,0.405,5.409,0.312,0.000,0.000,1.707,0.375,0.919,3.458,5.159,0.504,0.000,0.000,0.000,0.000,0.000,0.000,0.000,0.000,0.000,0.000,0.000,0.000,0.000,0.000,0.000,0.000,0,0,2.082,5.721,4.377,0.000,18
Data-Oriented CPU ROAM,RelWithDebInfo,OpenGL,NVIDIA GeForce RTX 5090 D/PCIe/SSE2,4.3.0 NVIDIA 591.86,false,assets/heightmaps/Hm_Terrain_Test_129.pgm,129,129,39.400,12.000,20,4.000,2.000,200000,5.488,0.000,18.000,8.413,18.969,48397,188872,48395,250,125,280,153,0,0,0,0,8,89.874,18.147,17.383,0.428,5.767,0.301,0.000,0.000,1.131,0.349,0.927,3.364,5.116,0.524,0.000,0.000,0.000,0.000,0.000,0.000,0.000,0.000,0.000,0.000,0.000,0.000,0.000,0.000,0.000,0.000,0,0,1.480,6.068,4.291,0.000,18
Data-Oriented CPU ROAM,RelWithDebInfo,OpenGL,NVIDIA GeForce RTX 5090 D/PCIe/SSE2,4.3.0 NVIDIA 591.86,false,assets/heightmaps/Hm_Terrain_Test_129.pgm,129,129,39.400,12.000,20,4.000,2.000,200000,5.506,0.000,18.000,8.359,18.598,48401,189404,48399,266,132,262,159,0,0,0,0,8,86.911,18.714,17.976,0.415,5.428,0.301,0.000,0.000,1.827,0.387,0.946,3.735,4.938,0.492,0.000,0.000,0.000,0.000,0.000,0.000,0.000,0.000,0.000,0.000,0.000,0.000,0.000,0.000,0.000,0.000,0,0,2.214,5.729,4.681,0.000,18
Data-Oriented CPU ROAM,RelWithDebInfo,OpenGL,NVIDIA GeForce RTX 5090 D/PCIe/SSE2,4.3.0 NVIDIA 591.86,false,assets/heightmaps/Hm_Terrain_Test_129.pgm,129,129,39.400,12.000,20,4.000,2.000,200000,5.526,0.000,18.000,8.303,19.125,48379,189928,48377,262,131,284,161,0,0,0,0,8,89.239,18.254,17.507,0.406,5.384,0.310,0.000,0.000,1.814,0.375,1.013,3.287,4.919,0.507,0.000,0.000,0.000,0.000,0.000,0.000,0.000,0.000,0.000,0.000,0.000,0.000,0.000,0.000,0.000,0.000,0,0,2.189,5.694,4.300,0.000,18
Data-Oriented CPU ROAM,RelWithDebInfo,OpenGL,NVIDIA GeForce RTX 5090 D/PCIe/SSE2,4.3.0 NVIDIA 591.86,false,assets/heightmaps/Hm_Terrain_Test_129.pgm,129,129,39.400,12.000,20,4.000,2.000,200000,5.544,0.000,18.000,8.248,18.684,48308,190418,48306,245,122,316,151,0,0,0,0,8,743.415,17.551,16.812,0.401,5.315,0.350,0.000,0.000,1.608,0.343,0.922,3.080,4.793,0.491,0.000,0.000,0.000,0.000,0.000,0.000,0.000,0.000,0.000,0.000,0.000,0.000,0.000,0.000,0.000,0.000,0,0,1.951,5.665,4.003,0.000,18
Data-Oriented CPU ROAM,RelWithDebInfo,OpenGL,NVIDIA GeForce RTX 5090 D/PCIe/SSE2,4.3.0 NVIDIA 591.86,false,assets/heightmaps/Hm_Terrain_Test_129.pgm,129,129,39.400,12.000,20,4.000,2.000,200000,5.562,0.000,18.000,8.196,17.971,48332,190878,48330,236,121,212,145,0,0,0,0,8,95.295,17.139,16.394,0.411,5.234,0.263,0.000,0.000,1.660,0.330,0.906,3.139,4.452,0.516,0.000,0.000,0.000,0.000,0.000,0.000,0.000,0.000,0.000,0.000,0.000,0.000,0.000,0.000,0.000,0.000,0,0,1.989,5.497,4.045,0.000,18
Data-Oriented CPU ROAM,RelWithDebInfo,OpenGL,NVIDIA GeForce RTX 5090 D/PCIe/SSE2,4.3.0 NVIDIA 591.86,false,assets/heightmaps/Hm_Terrain_Test_129.pgm,129,129,39.400,12.000,20,4.000,2.000,200000,5.580,0.000,18.000,8.145,17.552,48340,191418,48338,270,135,262,189,0,0,0,0,8,436.657,18.669,17.889,0.401,5.284,0.281,0.000,0.000,1.789,0.391,0.916,3.616,5.211,0.521,0.000,0.000,0.000,0.000,0.000,0.000,0.000,0.000,0.000,0.000,0.000,0.000,0.000,0.000,0.000,0.000,0,0,2.180,5.565,4.532,0.000,18
Data-Oriented CPU ROAM,RelWithDebInfo,OpenGL,NVIDIA GeForce RTX 5090 D/PCIe/SSE2,4.3.0 NVIDIA 591.86,false,assets/heightmaps/Hm_Terrain_Test_129.pgm,129,129,39.400,12.000,20,4.000,2.000,200000,5.599,0.000,18.000,8.089,19.094,48344,192046,48342,316,159,312,208,0,0,0,0,8,90.174,18.101,17.326,0.413,5.460,0.328,0.000,0.000,1.278,0.439,0.925,3.495,4.987,0.531,0.000,0.000,0.000,0.000,0.000,0.000,0.000,0.000,0.000,0.000,0.000,0.000,0.000,0.000,0.000,0.000,0,0,1.718,5.788,4.420,0.000,18
Data-Oriented CPU ROAM,RelWithDebInfo,OpenGL,NVIDIA GeForce RTX 5090 D/PCIe/SSE2,4.3.0 NVIDIA 591.86,false,assets/heightmaps/Hm_Terrain_Test_129.pgm,129,129,39.400,12.000,20,4.000,2.000,200000,5.617,0.000,18.000,8.035,18.538,48349,192578,48347,266,133,261,173,0,0,0,0,8,794.541,18.512,17.697,0.426,5.274,0.306,0.000,0.000,1.509,0.394,0.962,3.191,5.635,0.559,0.000,0.000,0.000,0.000,0.000,0.000,0.000,0.000,0.000,0.000,0.000,0.000,0.000,0.000,0.000,0.000,0,0,1.903,5.580,4.152,0.000,18
Data-Oriented CPU ROAM,RelWithDebInfo,OpenGL,NVIDIA GeForce RTX 5090 D/PCIe/SSE2,4.3.0 NVIDIA 591.86,false,assets/heightmaps/Hm_Terrain_Test_129.pgm,129,129,39.400,12.000,20,4.000,2.000,200000,5.636,0.000,18.000,7.980,18.972,48314,193078,48312,250,125,285,157,0,0,0,0,8,303.818,21.420,20.569,0.420,6.294,0.332,0.000,0.000,1.145,0.374,0.961,4.273,6.768,0.553,0.000,0.000,0.000,0.000,0.000,0.000,0.000,0.000,0.000,0.000,0.000,0.000,0.000,0.000,0.000,0.000,0,0,1.520,6.627,5.234,0.000,18
Data-Oriented CPU ROAM,RelWithDebInfo,OpenGL,NVIDIA GeForce RTX 5090 D/PCIe/SSE2,4.3.0 NVIDIA 591.86,false,assets/heightmaps/Hm_Terrain_Test_129.pgm,129,129,39.400,12.000,20,4.000,2.000,200000,5.658,0.000,18.000,7.916,21.963,48224,193652,48222,287,143,377,190,0,0,0,0,8,85.146,19.082,18.348,0.422,6.379,0.419,0.000,0.000,1.546,0.419,0.965,2.987,5.212,0.472,0.000,0.000,0.000,0.000,0.000,0.000,0.000,0.000,0.000,0.000,0.000,0.000,0.000,0.000,0.000,0.000,0,0,1.964,6.798,3.953,0.000,18
Data-Oriented CPU ROAM,RelWithDebInfo,OpenGL,NVIDIA GeForce RTX 5090 D/PCIe/SSE2,4.3.0 NVIDIA 591.86,false,assets/heightmaps/Hm_Terrain_Test_129.pgm,129,129,39.400,12.000,20,4.000,2.000,200000,5.678,0.000,18.000,7.859,19.570,48256,194276,48254,312,156,280,196,0,0,0,0,8,88.665,18.342,17.620,0.428,5.245,0.301,0.000,0.000,1.674,0.435,0.912,3.556,5.070,0.466,0.000,0.000,0.000,0.000,0.000,0.000,0.000,0.000,0.000,0.000,0.000,0.000,0.000,0.000,0.000,0.000,0,0,2.109,5.546,4.468,0.000,18
Data-Oriented CPU ROAM,RelWithDebInfo,OpenGL,NVIDIA GeForce RTX 5090 D/PCIe/SSE2,4.3.0 NVIDIA 591.86,false,assets/heightmaps/Hm_Terrain_Test_129.pgm,129,129,39.400,12.000,20,4.000,2.000,200000,5.697,0.000,18.000,7.805,18.807,48199,194848,48197,288,145,345,184,0,0,0,0,8,169.228,19.248,18.464,0.413,5.898,0.377,0.000,0.000,1.532,0.421,1.001,3.544,5.280,0.529,0.000,0.000,0.000,0.000,0.000,0.000,0.000,0.000,0.000,0.000,0.000,0.000,0.000,0.000,0.000,0.000,0,0,1.952,6.275,4.544,0.000,18
Data-Oriented CPU ROAM,RelWithDebInfo,OpenGL,NVIDIA GeForce RTX 5090 D/PCIe/SSE2,4.3.0 NVIDIA 591.86,false,assets/heightmaps/Hm_Terrain_Test_129.pgm,129,129,39.400,12.000,20,4.000,2.000,200000,5.716,0.000,18.000,7.748,19.710,48174,195450,48172,305,154,330,197,0,0,0,0,8,723.254,18.045,17.280,0.397,5.678,0.344,0.000,0.000,1.382,0.426,0.935,2.898,5.220,0.518,0.000,0.000,0.000,0.000,0.000,0.000,0.000,0.000,0.000,0.000,0.000,0.000,0.000,0.000,0.000,0.000,0,0,1.809,6.022,3.833,0.000,18
Data-Oriented CPU ROAM,RelWithDebInfo,OpenGL,NVIDIA GeForce RTX 5090 D/PCIe/SSE2,4.3.0 NVIDIA 591.86,false,assets/heightmaps/Hm_Terrain_Test_129.pgm,129,129,39.400,12.000,20,4.000,2.000,200000,5.735,0.000,18.000,7.694,18.516,48174,195998,48172,274,137,274,168,0,0,0,0,8,85.332,19.076,18.308,0.454,5.661,0.323,0.000,0.000,1.706,0.411,0.963,3.008,5.782,0.505,0.000,0.000,0.000,0.000,0.000,0.000,0.000,0.000,0.000,0.000,0.000,0.000,0.000,0.000,0.000,0.000,0,0,2.117,5.984,3.971,0.000,18
Data-Oriented CPU ROAM,RelWithDebInfo,OpenGL,NVIDIA GeForce RTX 5090 D/PCIe/SSE2,4.3.0 NVIDIA 591.86,false,assets/heightmaps/Hm_Terrain_Test_129.pgm,129,129,39.400,12.000,20,4.000,2.000,200000,5.754,0.000,18.000,7.637,19.567,48088,196514,48086,258,129,344,167,0,0,0,0,8,89.411,18.218,17.473,0.399,5.711,0.393,0.000,0.000,1.686,0.382,0.927,3.189,4.786,0.503,0.000,0.000,0.000,0.000,0.000,0.000,0.000,0.000,0.000,0.000,0.000,0.000,0.000,0.000,0.000,0.000,0,0,2.068,6.104,4.116,0.000,18
Data-Oriented CPU ROAM,RelWithDebInfo,OpenGL,NVIDIA GeForce RTX 5090 D/PCIe/SSE2,4.3.0 NVIDIA 591.86,false,assets/heightmaps/Hm_Terrain_Test_129.pgm,129,129,39.400,12.000,20,4.000,2.000,200000,5.773,0.000,18.000,7.584,18.671,48064,196972,48062,231,116,255,138,0,0,0,0,8,563.019,17.413,16.649,0.416,5.329,0.312,0.000,0.000,1.169,0.327,0.968,2.881,5.248,0.489,0.000,0.000,0.000,0.000,0.000,0.000,0.000,0.000,0.000,0.000,0.000,0.000,0.000,0.000,0.000,0.000,0,0,1.495,5.641,3.849,0.000,18
Data-Oriented CPU ROAM,RelWithDebInfo,OpenGL,NVIDIA GeForce RTX 5090 D/PCIe/SSE2,4.3.0 NVIDIA 591.86,false,assets/heightmaps/Hm_Terrain_Test_129.pgm,129,129,39.400,12.000,20,4.000,2.000,200000,5.791,0.000,18.000,7.532,17.877,47989,197446,47987,239,120,314,148,0,0,0,0,8,166.912,19.527,18.720,0.425,5.078,0.333,0.000,0.000,1.395,0.358,0.958,3.380,6.793,0.551,0.000,0.000,0.000,0.000,0.000,0.000,0.000,0.000,0.000,0.000,0.000,0.000,0.000,0.000,0.000,0.000,0,0,1.753,5.411,4.338,0.000,18
Data-Oriented CPU ROAM,RelWithDebInfo,OpenGL,NVIDIA GeForce RTX 5090 D/PCIe/SSE2,4.3.0 NVIDIA 591.86,false,assets/heightmaps/Hm_Terrain_Test_129.pgm,129,129,39.400,12.000,20,4.000,2.000,200000,5.811,0.000,18.000,7.474,20.060,47935,198046,47933,302,153,356,202,0,0,0,0,8,730.115,17.895,17.118,0.429,5.303,0.406,0.000,0.000,1.619,0.488,1.033,3.143,4.696,0.513,0.000,0.000,0.000,0.000,0.000,0.000,0.000,0.000,0.000,0.000,0.000,0.000,0.000,0.000,0.000,0.000,0,0,2.107,5.710,4.176,0.000,18
Data-Oriented CPU ROAM,RelWithDebInfo,OpenGL,NVIDIA GeForce RTX 5090 D/PCIe/SSE2,4.3.0 NVIDIA 591.86,false,assets/heightmaps/Hm_Terrain_Test_129.pgm,129,129,39.400,12.000,20,4.000,2.000,200000,5.829,0.000,18.000,7.421,18.379,47966,198650,47964,304,153,273,200,0,0,0,0,8,526.674,18.563,17.798,0.396,5.449,0.318,0.000,0.000,1.815,0.426,0.951,3.641,4.802,0.521,0.000,0.000,0.000,0.000,0.000,0.000,0.000,0.000,0.000,0.000,0.000,0.000,0.000,0.000,0.000,0.000,0,0,2.241,5.767,4.592,0.000,18
Data-Oriented CPU ROAM,RelWithDebInfo,OpenGL,NVIDIA GeForce RTX 5090 D/PCIe/SSE2,4.3.0 NVIDIA 591.86,false,assets/heightmaps/Hm_Terrain_Test_129.pgm,129,129,39.400,12.000,20,4.000,2.000,200000,5.849,0.000,18.000,7.367,19.029,47959,199206,47957,278,139,285,171,0,0,0,0,8,90.905,17.981,17.186,0.448,5.608,0.318,0.000,0.000,1.719,0.398,0.920,3.192,4.583,0.518,0.000,0.000,0.000,0.000,0.000,0.000,0.000,0.000,0.000,0.000,0.000,0.000,0.000,0.000,0.000,0.000,0,0,2.116,5.926,4.112,0.000,18
Data-Oriented CPU ROAM,RelWithDebInfo,OpenGL,NVIDIA GeForce RTX 5090 D/PCIe/SSE2,4.3.0 NVIDIA 591.86,false,assets/heightmaps/Hm_Terrain_Test_129.pgm,129,129,39.400,12.000,20,4.000,2.000,200000,5.867,0.000,18.000,7.314,18.440,47904,199784,47902,291,146,346,167,0,0,0,0,8,87.780,18.551,17.798,0.420,5.108,0.348,0.000,0.000,1.775,0.422,0.947,3.617,5.160,0.516,0.000,0.000,0.000,0.000,0.000,0.000,0.000,0.000,0.000,0.000,0.000,0.000,0.000,0.000,0.000,0.000,0,0,2.197,5.456,4.565,0.000,18
Data-Oriented CPU ROAM,RelWithDebInfo,OpenGL,NVIDIA GeForce RTX 5090 D/PCIe/SSE2,4.3.0 NVIDIA 591.86,false,assets/heightmaps/Hm_Terrain_Test_129.pgm,129,129,39.400,12.000,20,4.000,2.000,200000,5.886,0.000,18.000,7.259,19.005,47940,200352,47938,288,146,252,180,0,0,0,0,8,98.770,16.575,15.818,0.397,5.166,0.272,0.000,0.000,1.396,0.402,0.932,2.961,4.290,0.503,0.000,0.000,0.000,0.000,0.000,0.000,0.000,0.000,0.000,0.000,0.000,0.000,0.000,0.000,0.000,0.000,0,0,1.798,5.438,3.893,0.000,18
Data-Oriented CPU ROAM,RelWithDebInfo,OpenGL,NVIDIA GeForce RTX 5090 D/PCIe/SSE2,4.3.0 NVIDIA 591.86,false,assets/heightmaps/Hm_Terrain_Test_129.pgm,129,129,39.400,12.000,20,4.000,2.000,200000,5.903,0.000,18.000,7.211,17.014,47918,200792,47916,222,112,244,132,0,0,0,0,8,675.154,19.250,18.512,0.390,6.371,0.390,0.000,0.000,1.686,0.330,0.940,3.182,5.225,0.508,0.000,0.000,0.000,0.000,0.000,0.000,0.000,0.000,0.000,0.000,0.000,0.000,0.000,0.000,0.000,0.000,0,0,2.015,6.760,4.122,0.000,18
Data-Oriented CPU ROAM,RelWithDebInfo,OpenGL,NVIDIA GeForce RTX 5090 D/PCIe/SSE2,4.3.0 NVIDIA 591.86,false,assets/heightmaps/Hm_Terrain_Test_129.pgm,129,129,39.400,12.000,20,4.000,2.000,200000,5.923,0.000,18.000,7.154,19.712,47737,201346,47735,279,140,460,181,0,0,0,0,8,94.758,17.234,16.487,0.414,5.174,0.434,0.000,0.000,1.421,0.390,0.901,3.014,4.739,0.496,0.000,0.000,0.000,0.000,0.000,0.000,0.000,0.000,0.000,0.000,0.000,0.000,0.000,0.000,0.000,0.000,0,0,1.811,5.608,3.915,0.000,18
Data-Oriented CPU ROAM,RelWithDebInfo,OpenGL,NVIDIA GeForce RTX 5090 D/PCIe/SSE2,4.3.0 NVIDIA 591.86,false,assets/heightmaps/Hm_Terrain_Test_129.pgm,129,129,39.400,12.000,20,4.000,2.000,200000,5.940,0.000,18.000,7.104,17.668,47762,201900,47760,277,138,252,169,0,0,0,0,8,729.825,17.811,17.126,0.405,5.174,0.286,0.000,0.000,1.608,0.385,0.900,3.136,5.232,0.465,0.000,0.000,0.000,0.000,0.000,0.000,0.000,0.000,0.000,0.000,0.000,0.000,0.000,0.000,0.000,0.000,0,0,1.993,5.460,4.036,0.000,18
Data-Oriented CPU ROAM,RelWithDebInfo,OpenGL,NVIDIA GeForce RTX 5090 D/PCIe/SSE2,4.3.0 NVIDIA 591.86,false,assets/heightmaps/Hm_Terrain_Test_129.pgm,129,129,39.400,12.000,20,4.000,2.000,200000,5.959,0.000,18.000,7.052,18.230,47682,202368,47680,234,117,314,147,0,0,0,0,8,92.323,17.640,16.922,0.384,5.351,0.343,0.000,0.000,1.459,0.332,0.887,3.546,4.619,0.467,0.000,0.000,0.000,0.000,0.000,0.000,0.000,0.000,0.000,0.000,0.000,0.000,0.000,0.000,0.000,0.000,0,0,1.792,5.694,4.433,0.000,18
Data-Oriented CPU ROAM,RelWithDebInfo,OpenGL,NVIDIA GeForce RTX 5090 D/PCIe/SSE2,4.3.0 NVIDIA 591.86,false,assets/heightmaps/Hm_Terrain_Test_129.pgm,129,129,39.400,12.000,20,4.000,2.000,200000,5.977,0.000,18.000,7.001,18.066,47606,202880,47604,256,128,332,158,0,0,0,0,8,356.190,18.271,17.545,0.404,5.186,0.344,0.000,0.000,1.768,0.375,0.936,3.400,5.133,0.495,0.000,0.000,0.000,0.000,0.000,0.000,0.000,0.000,0.000,0.000,0.000,0.000,0.000,0.000,0.000,0.000,0,0,2.143,5.530,4.335,0.000,18
Data-Oriented CPU ROAM,RelWithDebInfo,OpenGL,NVIDIA GeForce RTX 5090 D/PCIe/SSE2,4.3.0 NVIDIA 591.86,false,assets/heightmaps/Hm_Terrain_Test_129.pgm,129,129,39.400,12.000,20,4.000,2.000,200000,5.995,0.000,18.000,6.948,18.694,47575,203374,47573,247,123,278,155,0,0,0,0,8,94.005,17.365,16.619,0.387,5.442,0.310,0.000,0.000,1.061,0.347,0.969,3.257,4.847,0.496,0.000,0.000,0.000,0.000,0.000,0.000,0.000,0.000,0.000,0.000,0.000,0.000,0.000,0.000,0.000,0.000,0,0,1.408,5.752,4.225,0.000,18
Data-Oriented CPU ROAM,RelWithDebInfo,OpenGL,NVIDIA GeForce RTX 5090 D/PCIe/SSE2,4.3.0 NVIDIA 591.86,false,assets/heightmaps/Hm_Terrain_Test_129.pgm,129,129,39.400,12.000,20,4.000,2.000,200000,6.013,0.000,18.000,6.897,17.801,47483,203818,47481,222,111,314,143,0,0,0,0,8,715.303,18.202,17.472,0.490,5.382,0.327,0.000,0.000,1.575,0.325,0.955,3.301,5.116,0.483,0.000,0.000,0.000,0.000,0.000,0.000,0.000,0.000,0.000,0.000,0.000,0.000,0.000,0.000,0.000,0.000,0,0,1.900,5.709,4.256,0.000,18
Data-Oriented CPU ROAM,RelWithDebInfo,OpenGL,NVIDIA GeForce RTX 5090 D/PCIe/SSE2,4.3.0 NVIDIA 591.86,false,assets/heightmaps/Hm_Terrain_Test_129.pgm,129,129,39.400,12.000,20,4.000,2.000,200000,6.032,0.000,18.000,6.844,18.672,47431,204346,47429,264,132,316,170,0,0,0,0,8,93.895,17.385,16.638,0.421,5.242,0.326,0.000,0.000,1.392,0.378,0.926,2.964,4.988,0.486,0.000,0.000,0.000,0.000,0.000,0.000,0.000,0.000,0.000,0.000,0.000,0.000,0.000,0.000,0.000,0.000,0,0,1.771,5.568,3.890,0.000,18
Data-Oriented CPU ROAM,RelWithDebInfo,OpenGL,NVIDIA GeForce RTX 5090 D/PCIe/SSE2,4.3.0 NVIDIA 591.86,false,assets/heightmaps/Hm_Terrain_Test_129.pgm,129,129,39.400,12.000,20,4.000,2.000,200000,6.050,0.000,18.000,6.794,17.843,47413,204806,47411,230,115,248,146,0,0,0,0,8,90.086,18.060,17.342,0.392,5.455,0.287,0.000,0.000,1.757,0.323,0.908,3.255,4.966,0.480,0.000,0.000,0.000,0.000,0.000,0.000,0.000,0.000,0.000,0.000,0.000,0.000,0.000,0.000,0.000,0.000,0,0,2.080,5.741,4.163,0.000,18
Data-Oriented CPU ROAM,RelWithDebInfo,OpenGL,NVIDIA GeForce RTX 5090 D/PCIe/SSE2,4.3.0 NVIDIA 591.86,false,assets/heightmaps/Hm_Terrain_Test_129.pgm,129,129,39.400,12.000,20,4.000,2.000,200000,6.068,0.000,18.000,6.742,18.512,47356,205310,47354,252,126,309,152,0,0,0,0,8,88.006,18.489,17.752,0.449,5.285,0.316,0.000,0.000,1.625,0.358,0.919,3.284,5.516,0.482,0.000,0.000,0.000,0.000,0.000,0.000,0.000,0.000,0.000,0.000,0.000,0.000,0.000,0.000,0.000,0.000,0,0,1.983,5.601,4.203,0.000,18
Data-Oriented CPU ROAM,RelWithDebInfo,OpenGL,NVIDIA GeForce RTX 5090 D/PCIe/SSE2,4.3.0 NVIDIA 591.86,false,assets/heightmaps/Hm_Terrain_Test_129.pgm,129,129,39.400,12.000,20,4.000,2.000,200000,6.087,0.000,18.000,6.688,18.944,47297,205774,47295,232,116,291,146,0,0,0,0,8,176.428,18.426,17.711,0.386,5.602,0.310,0.000,0.000,1.463,0.334,0.992,3.276,5.347,0.479,0.000,0.000,0.000,0.000,0.000,0.000,0.000,0.000,0.000,0.000,0.000,0.000,0.000,0.000,0.000,0.000,0,0,1.798,5.912,4.267,0.000,18
Data-Oriented CPU ROAM,RelWithDebInfo,OpenGL,NVIDIA GeForce RTX 5090 D/PCIe/SSE2,4.3.0 NVIDIA 591.86,false,assets/heightmaps/Hm_Terrain_Test_129.pgm,129,129,39.400,12.000,20,4.000,2.000,200000,6.106,0.000,18.000,6.635,18.883,47149,206226,47147,226,113,374,135,0,0,0,0,8,172.394,18.882,18.125,0.396,5.391,0.403,0.000,0.000,1.653,0.328,0.964,3.124,5.866,0.507,0.000,0.000,0.000,0.000,0.000,0.000,0.000,0.000,0.000,0.000,0.000,0.000,0.000,0.000,0.000,0.000,0,0,1.981,5.794,4.088,0.000,18
Data-Oriented CPU ROAM,RelWithDebInfo,OpenGL,NVIDIA GeForce RTX 5090 D/PCIe/SSE2,4.3.0 NVIDIA 591.86,false,assets/heightmaps/Hm_Terrain_Test_129.pgm,129,129,39.400,12.000,20,4.000,2.000,200000,6.125,0.000,18.000,6.581,19.335,47080,206668,47078,221,110,290,134,0,0,0,0,8,92.685,17.611,16.856,0.404,5.525,0.312,0.000,0.000,1.495,0.322,0.926,3.087,4.783,0.520,0.000,0.000,0.000,0.000,0.000,0.000,0.000,0.000,0.000,0.000,0.000,0.000,0.000,0.000,0.000,0.000,0,0,1.818,5.838,4.014,0.000,18
Data-Oriented CPU ROAM,RelWithDebInfo,OpenGL,NVIDIA GeForce RTX 5090 D/PCIe/SSE2,4.3.0 NVIDIA 591.86,false,assets/heightmaps/Hm_Terrain_Test_129.pgm,129,129,39.400,12.000,20,4.000,2.000,200000,6.143,0.000,18.000,6.530,18.067,46991,207064,46989,198,99,287,123,0,0,0,0,8,795.464,16.424,15.712,0.384,5.203,0.310,0.000,0.000,1.101,0.292,0.891,2.854,4.675,0.456,0.000,0.000,0.000,0.000,0.000,0.000,0.000,0.000,0.000,0.000,0.000,0.000,0.000,0.000,0.000,0.000,0,0,1.394,5.513,3.745,0.000,18
Data-Oriented CPU ROAM,RelWithDebInfo,OpenGL,NVIDIA GeForce RTX 5090 D/PCIe/SSE2,4.3.0 NVIDIA 591.86,false,assets/heightmaps/Hm_Terrain_Test_129.pgm,129,129,39.400,12.000,20,4.000,2.000,200000,6.160,0.000,18.000,6.483,16.868,46935,207456,46933,196,98,252,118,0,0,0,0,8,94.976,17.173,16.449,0.387,5.189,0.297,0.000,0.000,1.194,0.294,0.916,2.996,5.176,0.483,0.000,0.000,0.000,0.000,0.000,0.000,0.000,0.000,0.000,0.000,0.000,0.000,0.000,0.000,0.000,0.000,0,0,1.488,5.486,3.912,0.000,18
Data-Oriented CPU ROAM,RelWithDebInfo,OpenGL,NVIDIA GeForce RTX 5090 D/PCIe/SSE2,4.3.0 NVIDIA 591.86,false,assets/heightmaps/Hm_Terrain_Test_129.pgm,129,129,39.400,12.000,20,4.000,2.000,200000,6.178,0.000,18.000,6.434,17.671,46887,207888,46885,216,108,264,127,0,0,0,0,8,101.137,16.194,15.447,0.408,4.905,0.277,0.000,0.000,1.038,0.329,0.900,3.181,4.411,0.516,0.000,0.000,0.000,0.000,0.000,0.000,0.000,0.000,0.000,0.000,0.000,0.000,0.000,0.000,0.000,0.000,0,0,1.366,5.181,4.081,0.000,18
Data-Oriented CPU ROAM,RelWithDebInfo,OpenGL,NVIDIA GeForce RTX 5090 D/PCIe/SSE2,4.3.0 NVIDIA 591.86,false,assets/heightmaps/Hm_Terrain_Test_129.pgm,129,129,39.400,12.000,20,4.000,2.000,200000,6.195,0.000,18.000,6.387,16.630,46783,208312,46781,214,108,318,123,0,0,0,0,8,101.677,16.049,15.366,0.405,4.885,0.330,0.000,0.000,1.203,0.296,0.892,2.939,4.416,0.454,0.000,0.000,0.000,0.000,0.000,0.000,0.000,0.000,0.000,0.000,0.000,0.000,0.000,0.000,0.000,0.000,0,0,1.500,5.214,3.831,0.000,18
Data-Oriented CPU ROAM,RelWithDebInfo,OpenGL,NVIDIA GeForce RTX 5090 D/PCIe/SSE2,4.3.0 NVIDIA 591.86,false,assets/heightmaps/Hm_Terrain_Test_129.pgm,129,129,39.400,12.000,20,4.000,2.000,200000,6.211,0.000,18.000,6.341,16.468,46712,208704,46710,196,98,267,121,0,0,0,0,8,568.599,17.228,16.486,0.382,4.860,0.291,0.000,0.000,1.539,0.295,0.983,2.981,5.154,0.498,0.000,0.000,0.000,0.000,0.000,0.000,0.000,0.000,0.000,0.000,0.000,0.000,0.000,0.000,0.000,0.000,0,0,1.834,5.151,3.965,0.000,18
Data-Oriented CPU ROAM,RelWithDebInfo,OpenGL,NVIDIA GeForce RTX 5090 D/PCIe/SSE2,4.3.0 NVIDIA 591.86,false,assets/heightmaps/Hm_Terrain_Test_129.pgm,129,129,39.400,12.000,20,4.000,2.000,200000,6.229,0.000,18.000,6.292,17.669,46662,209120,46660,208,104,258,132,0,0,0,0,8,95.008,17.176,16.444,0.412,5.215,0.266,0.000,0.000,1.497,0.307,0.910,3.183,4.655,0.497,0.000,0.000,0.000,0.000,0.000,0.000,0.000,0.000,0.000,0.000,0.000,0.000,0.000,0.000,0.000,0.000,0,0,1.804,5.481,4.092,0.000,18
Data-Oriented CPU ROAM,RelWithDebInfo,OpenGL,NVIDIA GeForce RTX 5090 D/PCIe/SSE2,4.3.0 NVIDIA 591.86,false,assets/heightmaps/Hm_Terrain_Test_129.pgm,129,129,39.400,12.000,20,4.000,2.000,200000,6.246,0.000,18.000,6.243,17.627,46628,209552,46626,218,110,252,130,0,0,0,0,8,92.485,17.582,16.893,0.386,4.869,0.272,0.000,0.000,1.640,0.319,0.896,3.540,4.971,0.464,0.000,0.000,0.000,0.000,0.000,0.000,0.000,0.000,0.000,0.000,0.000,0.000,0.000,0.000,0.000,0.000,0,0,1.959,5.141,4.437,0.000,18
Data-Oriented CPU ROAM,RelWithDebInfo,OpenGL,NVIDIA GeForce RTX 5090 D/PCIe/SSE2,4.3.0 NVIDIA 591.86,false,assets/heightmaps/Hm_Terrain_Test_129.pgm,129,129,39.400,12.000,20,4.000,2.000,200000,6.264,0.000,18.000,6.193,18.059,46566,209980,46564,214,107,276,131,0,0,0,0,8,745.743,17.455,16.760,0.416,5.290,0.279,0.000,0.000,1.553,0.317,0.899,3.289,4.717,0.470,0.000,0.000,0.000,0.000,0.000,0.000,0.000,0.000,0.000,0.000,0.000,0.000,0.000,0.000,0.000,0.000,0,0,1.870,5.568,4.188,0.000,18
Data-Oriented CPU ROAM,RelWithDebInfo,OpenGL,NVIDIA GeForce RTX 5090 D/PCIe/SSE2,4.3.0 NVIDIA 591.86,false,assets/heightmaps/Hm_Terrain_Test_129.pgm,129,129,39.400,12.000,20,4.000,2.000,200000,6.282,0.000,18.000,6.144,17.919,46381,210410,46379,215,107,400,132,0,0,0,0,8,91.672,17.750,17.042,0.388,5.177,0.384,0.000,0.000,1.397,0.317,0.895,3.257,5.227,0.455,0.000,0.000,0.000,0.000,0.000,0.000,0.000,0.000,0.000,0.000,0.000,0.000,0.000,0.000,0.000,0.000,0,0,1.714,5.562,4.152,0.000,18
Data-Oriented CPU ROAM,RelWithDebInfo,OpenGL,NVIDIA GeForce RTX 5090 D/PCIe/SSE2,4.3.0 NVIDIA 591.86,false,assets/heightmaps/Hm_Terrain_Test_129.pgm,129,129,39.400,12.000,20,4.000,2.000,200000,6.301,0.000,18.000,6.094,18.214,46360,210796,46358,193,96,214,118,0,0,0,0,8,94.236,17.295,16.579,0.395,5.176,0.263,0.000,0.000,1.185,0.289,0.888,3.281,5.102,0.487,0.000,0.000,0.000,0.000,0.000,0.000,0.000,0.000,0.000,0.000,0.000,0.000,0.000,0.000,0.000,0.000,0,0,1.474,5.438,4.169,0.000,18
Data-Oriented CPU ROAM,RelWithDebInfo,OpenGL,NVIDIA GeForce RTX 5090 D/PCIe/SSE2,4.3.0 NVIDIA 591.86,false,assets/heightmaps/Hm_Terrain_Test_129.pgm,129,129,39.400,12.000,20,4.000,2.000,200000,6.318,0.000,18.000,6.045,17.778,46346,211204,46344,206,104,220,136,0,0,0,0,8,94.092,17.340,16.604,0.414,5.043,0.247,0.000,0.000,1.695,0.312,0.870,3.144,4.880,0.502,0.000,0.000,0.000,0.000,0.000,0.000,0.000,0.000,0.000,0.000,0.000,0.000,0.000,0.000,0.000,0.000,0,0,2.007,5.290,4.014,0.000,18
Data-Oriented CPU ROAM,RelWithDebInfo,OpenGL,NVIDIA GeForce RTX 5090 D/PCIe/SSE2,4.3.0 NVIDIA 591.86,false,assets/heightmaps/Hm_Terrain_Test_129.pgm,129,129,39.400,12.000,20,4.000,2.000,200000,6.336,0.000,18.000,5.996,17.777,46196,211608,46194,202,101,352,127,0,0,0,0,8,583.814,16.791,16.056,0.393,5.190,0.356,0.000,0.000,1.231,0.297,0.941,2.961,4.688,0.486,0.000,0.000,0.000,0.000,0.000,0.000,0.000,0.000,0.000,0.000,0.000,0.000,0.000,0.000,0.000,0.000,0,0,1.528,5.546,3.901,0.000,18
Data-Oriented CPU ROAM,RelWithDebInfo,OpenGL,NVIDIA GeForce RTX 5090 D/PCIe/SSE2,4.3.0 NVIDIA 591.86,false,assets/heightmaps/Hm_Terrain_Test_129.pgm,129,129,39.400,12.000,20,4.000,2.000,200000,6.353,0.000,18.000,5.949,17.225,46210,212072,46208,232,116,218,135,0,0,0,0,8,92.975,17.536,16.803,0.390,4.857,0.267,0.000,0.000,1.723,0.336,0.908,3.524,4.799,0.491,0.000,0.000,0.000,0.000,0.000,0.000,0.000,0.000,0.000,0.000,0.000,0.000,0.000,0.000,0.000,0.000,0,0,2.059,5.124,4.432,0.000,18
Data-Oriented CPU ROAM,RelWithDebInfo,OpenGL,NVIDIA GeForce RTX 5090 D/PCIe/SSE2,4.3.0 NVIDIA 591.86,false,assets/heightmaps/Hm_Terrain_Test_129.pgm,129,129,39.400,12.000,20,4.000,2.000,200000,6.371,0.000,18.000,5.900,17.969,46200,212508,46198,218,109,228,138,0,0,0,0,8,90.669,18.005,17.230,0.378,5.216,0.252,0.000,0.000,1.617,0.325,1.036,3.067,5.339,0.549,0.000,0.000,0.000,0.000,0.000,0.000,0.000,0.000,0.000,0.000,0.000,0.000,0.000,0.000,0.000,0.000,0,0,1.942,5.468,4.103,0.000,18
Data-Oriented CPU ROAM,RelWithDebInfo,OpenGL,NVIDIA GeForce RTX 5090 D/PCIe/SSE2,4.3.0 NVIDIA 591.86,false,assets/heightmaps/Hm_Terrain_Test_129.pgm,129,129,39.400,12.000,20,4.000,2.000,200000,6.390,0.000,18.000,5.849,18.447,46034,212936,46032,214,107,380,139,0,0,0,0,8,770.445,16.943,16.222,0.406,5.024,0.363,0.000,0.000,1.485,0.302,0.897,3.011,4.735,0.488,0.000,0.000,0.000,0.000,0.000,0.000,0.000,0.000,0.000,0.000,0.000,0.000,0.000,0.000,0.000,0.000,0,0,1.786,5.387,3.908,0.000,18
Data-Oriented CPU ROAM,RelWithDebInfo,OpenGL,NVIDIA GeForce RTX 5090 D/PCIe/SSE2,4.3.0 NVIDIA 591.86,false,assets/heightmaps/Hm_Terrain_Test_129.pgm,129,129,39.400,12.000,20,4.000,2.000,200000,6.407,0.000,18.000,5.802,17.383,46062,213444,46060,254,127,226,157,0,0,0,0,8,91.621,17.762,17.052,0.378,4.952,0.250,0.000,0.000,1.752,0.378,0.887,3.632,4.823,0.487,0.000,0.000,0.000,0.000,0.000,0.000,0.000,0.000,0.000,0.000,0.000,0.000,0.000,0.000,0.000,0.000,0,0,2.129,5.202,4.519,0.000,18
Data-Oriented CPU ROAM,RelWithDebInfo,OpenGL,NVIDIA GeForce RTX 5090 D/PCIe/SSE2,4.3.0 NVIDIA 591.86,false,assets/heightmaps/Hm_Terrain_Test_129.pgm,129,129,39.400,12.000,20,4.000,2.000,200000,6.425,0.000,18.000,5.752,18.213,46058,213996,46056,276,138,280,163,0,0,0,0,8,90.023,18.080,17.355,0.370,5.043,0.325,0.000,0.000,1.630,0.401,1.018,3.660,4.908,0.482,0.000,0.000,0.000,0.000,0.000,0.000,0.000,0.000,0.000,0.000,0.000,0.000,0.000,0.000,0.000,0.000,0,0,2.031,5.368,4.678,0.000,18
Data-Oriented CPU ROAM,RelWithDebInfo,OpenGL,NVIDIA GeForce RTX 5090 D/PCIe/SSE2,4.3.0 NVIDIA 591.86,false,assets/heightmaps/Hm_Terrain_Test_129.pgm,129,129,39.400,12.000,20,4.000,2.000,200000,6.444,0.000,18.000,5.702,18.530,45979,214508,45977,256,128,335,161,0,0,0,0,8,95.050,17.152,16.436,0.391,4.872,0.332,0.000,0.000,1.513,0.367,0.916,3.188,4.857,0.498,0.000,0.000,0.000,0.000,0.000,0.000,0.000,0.000,0.000,0.000,0.000,0.000,0.000,0.000,0.000,0.000,0,0,1.880,5.204,4.104,0.000,18
Data-Oriented CPU ROAM,RelWithDebInfo,OpenGL,NVIDIA GeForce RTX 5090 D/PCIe/SSE2,4.3.0 NVIDIA 591.86,false,assets/heightmaps/Hm_Terrain_Test_129.pgm,129,129,39.400,12.000,20,4.000,2.000,200000,6.461,0.000,18.000,5.654,17.595,45985,214936,45983,214,107,208,129,0,0,0,0,8,741.937,17.550,16.845,0.384,5.088,0.279,0.000,0.000,1.390,0.304,0.890,3.406,5.104,0.469,0.000,0.000,0.000,0.000,0.000,0.000,0.000,0.000,0.000,0.000,0.000,0.000,0.000,0.000,0.000,0.000,0,0,1.694,5.367,4.296,0.000,18
Data-Oriented CPU ROAM,RelWithDebInfo,OpenGL,NVIDIA GeForce RTX 5090 D/PCIe/SSE2,4.3.0 NVIDIA 591.86,false,assets/heightmaps/Hm_Terrain_Test_129.pgm,129,129,39.400,12.000,20,4.000,2.000,200000,6.479,0.000,18.000,5.606,18.032,45891,215376,45889,220,110,314,130,0,0,0,0,8,94.166,17.301,16.591,0.386,5.270,0.336,0.000,0.000,1.433,0.319,0.898,3.043,4.907,0.491,0.000,0.000,0.000,0.000,0.000,0.000,0.000,0.000,0.000,0.000,0.000,0.000,0.000,0.000,0.000,0.000,0,0,1.752,5.607,3.940,0.000,18
Data-Oriented CPU ROAM,RelWithDebInfo,OpenGL,NVIDIA GeForce RTX 5090 D/PCIe/SSE2,4.3.0 NVIDIA 591.86,false,assets/heightmaps/Hm_Terrain_Test_129.pgm,129,129,39.400,12.000,20,4.000,2.000,200000,6.497,0.000,18.000,5.558,17.738,45797,215800,45795,212,106,306,122,0,0,0,0,8,644.448,17.692,16.970,0.394,5.405,0.323,0.000,0.000,1.547,0.313,0.883,3.301,4.803,0.473,0.000,0.000,0.000,0.000,0.000,0.000,0.000,0.000,0.000,0.000,0.000,0.000,0.000,0.000,0.000,0.000,0,0,1.860,5.728,4.185,0.000,18
Data-Oriented CPU ROAM,RelWithDebInfo,OpenGL,NVIDIA GeForce RTX 5090 D/PCIe/SSE2,4.3.0 NVIDIA 591.86,false,assets/heightmaps/Hm_Terrain_Test_129.pgm,129,129,39.400,12.000,20,4.000,2.000,200000,6.515,0.000,18.000,5.509,18.125,45737,216256,45735,228,114,288,130,0,0,0,0,8,96.786,16.850,16.141,0.400,5.225,0.316,0.000,0.000,1.177,0.324,0.929,3.213,4.557,0.518,0.000,0.000,0.000,0.000,0.000,0.000,0.000,0.000,0.000,0.000,0.000,0.000,0.000,0.000,0.000,0.000,0,0,1.501,5.541,4.141,0.000,18
Data-Oriented CPU ROAM,RelWithDebInfo,OpenGL,NVIDIA GeForce RTX 5090 D/PCIe/SSE2,4.3.0 NVIDIA 591.86,false,assets/heightmaps/Hm_Terrain_Test_129.pgm,129,129,39.400,12.000,20,4.000,2.000,200000,6.533,0.000,18.000,5.463,17.273,45633,216640,45631,192,96,296,110,0,0,0,0,8,95.547,17.073,16.351,0.375,5.013,0.313,0.000,0.000,1.544,0.280,0.859,3.102,4.864,0.486,0.000,0.000,0.000,0.000,0.000,0.000,0.000,0.000,0.000,0.000,0.000,0.000,0.000,0.000,0.000,0.000,0,0,1.824,5.326,3.961,0.000,18
Data-Oriented CPU ROAM,RelWithDebInfo,OpenGL,NVIDIA GeForce RTX 5090 D/PCIe/SSE2,4.3.0 NVIDIA 591.86,false,assets/heightmaps/Hm_Terrain_Test_129.pgm,129,129,39.400,12.000,20,4.000,2.000,200000,6.550,0.000,18.000,5.416,17.513,45642,217080,45640,220,110,211,125,0,0,0,0,8,487.024,16.763,16.039,0.370,5.007,0.230,0.000,0.000,1.649,0.322,0.872,2.893,4.697,0.505,0.000,0.000,0.000,0.000,0.000,0.000,0.000,0.000,0.000,0.000,0.000,0.000,0.000,0.000,0.000,0.000,0,0,1.970,5.237,3.765,0.000,18
Data-Oriented CPU ROAM,RelWithDebInfo,OpenGL,NVIDIA GeForce RTX 5090 D/PCIe/SSE2,4.3.0 NVIDIA 591.86,false,assets/heightmaps/Hm_Terrain_Test_129.pgm,129,129,39.400,12.000,20,4.000,2.000,200000,6.567,0.000,18.000,5.370,17.219,45539,217472,45537,196,98,299,112,0,0,0,0,8,94.245,17.272,16.576,0.373,5.132,0.326,0.000,0.000,1.597,0.289,0.870,3.112,4.878,0.461,0.000,0.000,0.000,0.000,0.000,0.000,0.000,0.000,0.000,0.000,0.000,0.000,0.000,0.000,0.000,0.000,0,0,1.886,5.458,3.981,0.000,18
Data-Oriented CPU ROAM,RelWithDebInfo,OpenGL,NVIDIA GeForce RTX 5090 D/PCIe/SSE2,4.3.0 NVIDIA 591.86,false,assets/heightmaps/Hm_Terrain_Test_129.pgm,129,129,39.400,12.000,20,4.000,2.000,200000,6.585,0.000,18.000,5.323,17.714,45432,217812,45430,170,85,277,100,0,0,0,0,8,91.166,17.830,17.136,0.368,5.162,0.289,0.000,0.000,1.395,0.398,1.024,3.192,5.309,0.446,0.000,0.000,0.000,0.000,0.000,0.000,0.000,0.000,0.000,0.000,0.000,0.000,0.000,0.000,0.000,0.000,0,0,1.793,5.451,4.216,0.000,18
Data-Oriented CPU ROAM,RelWithDebInfo,OpenGL,NVIDIA GeForce RTX 5090 D/PCIe/SSE2,4.3.0 NVIDIA 591.86,false,assets/heightmaps/Hm_Terrain_Test_129.pgm,129,129,39.400,12.000,20,4.000,2.000,200000,6.603,0.000,18.000,5.275,18.295,45410,218296,45408,242,121,264,133,0,0,0,0,8,187.227,17.362,16.689,0.359,5.025,0.300,0.000,0.000,1.612,0.347,0.858,3.448,4.739,0.447,0.000,0.000,0.000,0.000,0.000,0.000,0.000,0.000,0.000,0.000,0.000,0.000,0.000,0.000,0.000,0.000,0,0,1.959,5.325,4.305,0.000,18
Data-Oriented CPU ROAM,RelWithDebInfo,OpenGL,NVIDIA GeForce RTX 5090 D/PCIe/SSE2,4.3.0 NVIDIA 591.86,false,assets/heightmaps/Hm_Terrain_Test_129.pgm,129,129,39.400,12.000,20,4.000,2.000,200000,6.621,0.000,18.000,5.227,17.796,45376,218684,45374,194,97,228,111,0,0,0,0,8,93.584,17.403,16.694,0.376,4.988,0.252,0.000,0.000,1.709,0.280,0.901,3.245,4.942,0.473,0.000,0.000,0.000,0.000,0.000,0.000,0.000,0.000,0.000,0.000,0.000,0.000,0.000,0.000,0.000,0.000,0,0,1.989,5.241,4.146,0.000,18
Data-Oriented CPU ROAM,RelWithDebInfo,OpenGL,NVIDIA GeForce RTX 5090 D/PCIe/SSE2,4.3.0 NVIDIA 591.86,false,assets/heightmaps/Hm_Terrain_Test_129.pgm,129,129,39.400,12.000,20,4.000,2.000,200000,6.639,0.000,18.000,5.180,17.854,45266,219036,45264,176,88,286,97,0,0,0,0,8,788.425,16.536,15.852,0.378,4.944,0.294,0.000,0.000,1.449,0.246,0.838,3.007,4.697,0.460,0.000,0.000,0.000,0.000,0.000,0.000,0.000,0.000,0.000,0.000,0.000,0.000,0.000,0.000,0.000,0.000,0,0,1.695,5.238,3.845,0.000,18
Data-Oriented CPU ROAM,RelWithDebInfo,OpenGL,NVIDIA GeForce RTX 5090 D/PCIe/SSE2,4.3.0 NVIDIA 591.86,false,assets/heightmaps/Hm_Terrain_Test_129.pgm,129,129,39.400,12.000,20,4.000,2.000,200000,6.656,0.000,18.000,5.136,16.967,45267,219428,45265,196,98,195,108,0,0,0,0,8,762.209,17.064,16.398,0.363,5.015,0.225,0.000,0.000,1.450,0.273,0.854,3.697,4.519,0.452,0.000,0.000,0.000,0.000,0.000,0.000,0.000,0.000,0.000,0.000,0.000,0.000,0.000,0.000,0.000,0.000,0,0,1.723,5.240,4.551,0.000,18
Data-Oriented CPU ROAM,RelWithDebInfo,OpenGL,NVIDIA GeForce RTX 5090 D/PCIe/SSE2,4.3.0 NVIDIA 591.86,false,assets/heightmaps/Hm_Terrain_Test_129.pgm,129,129,39.400,12.000,20,4.000,2.000,200000,6.673,0.000,18.000,5.090,17.506,45143,219864,45141,218,109,342,127,0,0,0,0,8,100.933,16.132,15.479,0.364,4.947,0.365,0.000,0.000,1.204,0.305,0.850,2.901,4.543,0.448,0.000,0.000,0.000,0.000,0.000,0.000,0.000,0.000,0.000,0.000,0.000,0.000,0.000,0.000,0.000,0.000,0,0,1.509,5.311,3.751,0.000,18
Data-Oriented CPU ROAM,RelWithDebInfo,OpenGL,NVIDIA GeForce RTX 5090 D/PCIe/SSE2,4.3.0 NVIDIA 591.86,false,assets/heightmaps/Hm_Terrain_Test_129.pgm,129,129,39.400,12.000,20,4.000,2.000,200000,6.690,0.000,18.000,5.046,16.553,45131,220284,45129,210,105,222,122,0,0,0,0,8,415.191,15.759,15.051,0.364,4.846,0.235,0.000,0.000,1.002,0.290,0.863,2.838,4.613,0.467,0.000,0.000,0.000,0.000,0.000,0.000,0.000,0.000,0.000,0.000,0.000,0.000,0.000,0.000,0.000,0.000,0,0,1.293,5.081,3.700,0.000,18
Data-Oriented CPU ROAM,RelWithDebInfo,OpenGL,NVIDIA GeForce RTX 5090 D/PCIe/SSE2,4.3.0 NVIDIA 591.86,false,assets/heightmaps/Hm_Terrain_Test_129.pgm,129,129,39.400,12.000,20,4.000,2.000,200000,6.706,0.000,18.000,5.004,16.209,45067,220588,45065,154,78,218,80,0,0,0,0,8,786.416,16.590,15.893,0.368,4.943,0.255,0.000,0.000,1.355,0.225,0.867,2.954,4.925,0.449,0.000,0.000,0.000,0.000,0.000,0.000,0.000,0.000,0.000,0.000,0.000,0.000,0.000,0.000,0.000,0.000,0,0,1.580,5.198,3.821,0.000,18
Data-Oriented CPU ROAM,RelWithDebInfo,OpenGL,NVIDIA GeForce RTX 5090 D/PCIe/SSE2,4.3.0 NVIDIA 591.86,false,assets/heightmaps/Hm_Terrain_Test_129.pgm,129,129,39.400,12.000,20,4.000,2.000,200000,6.723,0.000,18.000,4.959,17.035,45050,221036,45048,224,112,241,126,0,0,0,0,8,93.690,17.344,16.675,0.369,5.005,0.287,0.000,0.000,1.668,0.317,0.892,3.523,4.614,0.440,0.000,0.000,0.000,0.000,0.000,0.000,0.000,0.000,0.000,0.000,0.000,0.000,0.000,0.000,0.000,0.000,0,0,1.986,5.292,4.415,0.000,18
Data-Oriented CPU ROAM,RelWithDebInfo,OpenGL,NVIDIA GeForce RTX 5090 D/PCIe/SSE2,4.3.0 NVIDIA 591.86,false,assets/heightmaps/Hm_Terrain_Test_129.pgm,129,129,39.400,12.000,20,4.000,2.000,200000,6.741,0.000,18.000,4.913,17.770,44980,221388,44978,178,90,248,94,0,0,0,0,8,99.424,16.370,15.714,0.366,4.721,0.269,0.000,0.000,1.486,0.271,0.921,3.114,4.566,0.436,0.000,0.000,0.000,0.000,0.000,0.000,0.000,0.000,0.000,0.000,0.000,0.000,0.000,0.000,0.000,0.000,0,0,1.757,4.990,4.035,0.000,18
Data-Oriented CPU ROAM,RelWithDebInfo,OpenGL,NVIDIA GeForce RTX 5090 D/PCIe/SSE2,4.3.0 NVIDIA 591.86,false,assets/heightmaps/Hm_Terrain_Test_129.pgm,129,129,39.400,12.000,20,4.000,2.000,200000,6.758,0.000,18.000,4.870,16.806,44904,221748,44902,180,90,256,96,0,0,0,0,8,578.315,16.878,16.209,0.361,4.857,0.283,0.000,0.000,1.533,0.275,0.862,3.268,4.770,0.450,0.000,0.000,0.000,0.000,0.000,0.000,0.000,0.000,0.000,0.000,0.000,0.000,0.000,0.000,0.000,0.000,0,0,1.808,5.140,4.130,0.000,18
Data-Oriented CPU ROAM,RelWithDebInfo,OpenGL,NVIDIA GeForce RTX 5090 D/PCIe/SSE2,4.3.0 NVIDIA 591.86,false,assets/heightmaps/Hm_Terrain_Test_129.pgm,129,129,39.400,12.000,20,4.000,2.000,200000,6.775,0.000,18.000,4.825,17.320,44766,222072,44764,162,81,300,91,0,0,0,0,8,0.000,15.994,15.329,0.361,4.703,0.291,0.000,0.000,1.494,0.236,0.861,3.007,4.375,0.435,0.000,0.000,0.000,0.000,0.000,0.000,0.000,0.000,0.000,0.000,0.000,0.000,0.000,0.000,0.000,0.000,0,0,1.730,4.994,3.868,0.000,18
Data-Oriented CPU ROAM,RelWithDebInfo,OpenGL,NVIDIA GeForce RTX 5090 D/PCIe/SSE2,4.3.0 NVIDIA 591.86,false,assets/heightmaps/Hm_Terrain_Test_129.pgm,129,129,39.400,12.000,20,4.000,2.000,200000,6.792,0.000,18.000,4.782,16.416,44696,222372,44694,150,75,220,81,0,0,0,0,8,205.271,15.866,15.222,0.366,4.799,0.254,0.000,0.000,1.525,0.221,0.862,2.780,4.415,0.435,0.000,0.000,0.000,0.000,0.000,0.000,0.000,0.000,0.000,0.000,0.000,0.000,0.000,0.000,0.000,0.000,0,0,1.746,5.053,3.642,0.000,18
Data-Oriented CPU ROAM,RelWithDebInfo,OpenGL,NVIDIA GeForce RTX 5090 D/PCIe/SSE2,4.3.0 NVIDIA 591.86,false,assets/heightmaps/Hm_Terrain_Test_129.pgm,129,129,39.400,12.000,20,4.000,2.000,200000,6.808,0.000,18.000,4.741,16.273,44629,222712,44627,170,85,237,95,0,0,0,0,8,103.352,15.769,15.116,0.357,4.842,0.304,0.000,0.000,1.251,0.247,0.850,2.745,4.519,0.432,0.000,0.000,0.000,0.000,0.000,0.000,0.000,0.000,0.000,0.000,0.000,0.000,0.000,0.000,0.000,0.000,0,0,1.498,5.146,3.596,0.000,18
Data-Oriented CPU ROAM,RelWithDebInfo,OpenGL,NVIDIA GeForce RTX 5090 D/PCIe/SSE2,4.3.0 NVIDIA 591.86,false,assets/heightmaps/Hm_Terrain_Test_129.pgm,129,129,39.400,12.000,20,4.000,2.000,200000,6.824,0.000,18.000,4.699,16.188,44557,223008,44555,148,74,220,78,0,0,0,0,8,107.430,15.190,14.542,0.401,4.710,0.233,0.000,0.000,1.094,0.207,0.857,2.786,4.254,0.424,0.000,0.000,0.000,0.000,0.000,0.000,0.000,0.000,0.000,0.000,0.000,0.000,0.000,0.000,0.000,0.000,0,0,1.301,4.943,3.644,0.000,18
Data-Oriented CPU ROAM,RelWithDebInfo,OpenGL,NVIDIA GeForce RTX 5090 D/PCIe/SSE2,4.3.0 NVIDIA 591.86,false,assets/heightmaps/Hm_Terrain_Test_129.pgm,129,129,39.400,12.000,20,4.000,2.000,200000,6.840,0.000,18.000,4.659,15.592,44517,223368,44515,184,94,224,96,0,0,0,0,8,93.775,17.351,16.660,0.362,4.796,0.264,0.000,0.000,1.501,0.271,0.934,3.468,5.065,0.469,0.000,0.000,0.000,0.000,0.000,0.000,0.000,0.000,0.000,0.000,0.000,0.000,0.000,0.000,0.000,0.000,0,0,1.772,5.060,4.402,0.000,18
Data-Oriented CPU ROAM,RelWithDebInfo,OpenGL,NVIDIA GeForce RTX 5090 D/PCIe/SSE2,4.3.0 NVIDIA 591.86,false,assets/heightmaps/Hm_Terrain_Test_129.pgm,129,129,39.400,12.000,20,4.000,2.000,200000,6.857,0.000,18.000,4.614,17.826,44421,223728,44419,180,90,276,97,0,0,0,0,8,104.245,15.651,14.986,0.364,4.844,0.296,0.000,0.000,1.268,0.260,0.828,2.896,4.230,0.457,0.000,0.000,0.000,0.000,0.000,0.000,0.000,0.000,0.000,0.000,0.000,0.000,0.000,0.000,0.000,0.000,0,0,1.528,5.140,3.724,0.000,18
Data-Oriented CPU ROAM,RelWithDebInfo,OpenGL,NVIDIA GeForce RTX 5090 D/PCIe/SSE2,4.3.0 NVIDIA 591.86,false,assets/heightmaps/Hm_Terrain_Test_129.pgm,129,129,39.400,12.000,20,4.000,2.000,200000,6.874,0.000,18.000,4.572,16.383,44425,224116,44423,194,97,190,108,0,0,0,0,8,846.476,15.406,14.765,0.368,4.566,0.208,0.000,0.000,1.530,0.286,0.849,2.723,4.237,0.437,0.000,0.000,0.000,0.000,0.000,0.000,0.000,0.000,0.000,0.000,0.000,0.000,0.000,0.000,0.000,0.000,0,0,1.816,4.773,3.571,0.000,18
Data-Oriented CPU ROAM,RelWithDebInfo,OpenGL,NVIDIA GeForce RTX 5090 D/PCIe/SSE2,4.3.0 NVIDIA 591.86,false,assets/heightmaps/Hm_Terrain_Test_129.pgm,129,129,39.400,12.000,20,4.000,2.000,200000,6.890,0.000,18.000,4.532,15.823,44398,224492,44396,188,94,215,102,0,0,0,0,8,806.363,16.208,15.500,0.364,4.914,0.238,0.000,0.000,1.267,0.281,0.871,2.784,4.781,0.491,0.000,0.000,0.000,0.000,0.000,0.000,0.000,0.000,0.000,0.000,0.000,0.000,0.000,0.000,0.000,0.000,0,0,1.548,5.152,3.655,0.000,18
Data-Oriented CPU ROAM,RelWithDebInfo,OpenGL,NVIDIA GeForce RTX 5090 D/PCIe/SSE2,4.3.0 NVIDIA 591.86,false,assets/heightmaps/Hm_Terrain_Test_129.pgm,129,129,39.400,12.000,20,4.000,2.000,200000,6.906,0.000,18.000,4.490,16.655,44322,224824,44320,166,83,242,92,0,0,0,0,8,813.331,16.036,15.367,0.365,4.649,0.273,0.000,0.000,1.463,0.241,0.828,3.177,4.372,0.453,0.000,0.000,0.000,0.000,0.000,0.000,0.000,0.000,0.000,0.000,0.000,0.000,0.000,0.000,0.000,0.000,0,0,1.704,4.922,4.005,0.000,18
Data-Oriented CPU ROAM,RelWithDebInfo,OpenGL,NVIDIA GeForce RTX 5090 D/PCIe/SSE2,4.3.0 NVIDIA 591.86,false,assets/heightmaps/Hm_Terrain_Test_129.pgm,129,129,39.400,12.000,20,4.000,2.000,200000,6.923,0.000,18.000,4.448,16.453,44270,225204,44268,190,95,242,105,0,0,0,0,8,102.682,15.862,15.215,0.361,4.644,0.268,0.000,0.000,1.620,0.265,0.825,3.121,4.111,0.450,0.000,0.000,0.000,0.000,0.000,0.000,0.000,0.000,0.000,0.000,0.000,0.000,0.000,0.000,0.000,0.000,0,0,1.885,4.912,3.946,0.000,18
Data-Oriented CPU ROAM,RelWithDebInfo,OpenGL,NVIDIA GeForce RTX 5090 D/PCIe/SSE2,4.3.0 NVIDIA 591.86,false,assets/heightmaps/Hm_Terrain_Test_129.pgm,129,129,39.400,12.000,20,4.000,2.000,200000,6.939,0.000,18.000,4.407,16.235,44254,225516,44252,156,78,172,84,0,0,0,0,8,99.159,16.419,15.756,0.350,4.776,0.201,0.000,0.000,1.505,0.237,0.848,3.313,4.527,0.455,0.000,0.000,0.000,0.000,0.000,0.000,0.000,0.000,0.000,0.000,0.000,0.000,0.000,0.000,0.000,0.000,0,0,1.741,4.977,4.161,0.000,18
Data-Oriented CPU ROAM,RelWithDebInfo,OpenGL,NVIDIA GeForce RTX 5090 D/PCIe/SSE2,4.3.0 NVIDIA 591.86,false,assets/heightmaps/Hm_Terrain_Test_129.pgm,129,129,39.400,12.000,20,4.000,2.000,200000,6.956,0.000,18.000,4.365,16.834,44162,225880,44160,182,91,274,104,0,0,0,0,8,817.474,15.958,15.289,0.363,4.682,0.299,0.000,0.000,1.520,0.264,0.823,3.152,4.185,0.453,0.000,0.000,0.000,0.000,0.000,0.000,0.000,0.000,0.000,0.000,0.000,0.000,0.000,0.000,0.000,0.000,0,0,1.785,4.981,3.976,0.000,18
Data-Oriented CPU ROAM,RelWithDebInfo,OpenGL,NVIDIA GeForce RTX 5090 D/PCIe/SSE2,4.3.0 NVIDIA 591.86,false,assets/heightmaps/Hm_Terrain_Test_129.pgm,129,129,39.400,12.000,20,4.000,2.000,200000,6.972,0.000,18.000,4.324,16.353,44073,226216,44071,168,84,257,91,0,0,0,0,8,807.228,16.159,15.483,0.352,4.616,0.278,0.000,0.000,1.451,0.245,0.832,3.048,4.661,0.465,0.000,0.000,0.000,0.000,0.000,0.000,0.000,0.000,0.000,0.000,0.000,0.000,0.000,0.000,0.000,0.000,0,0,1.695,4.894,3.880,0.000,18
Data-Oriented CPU ROAM,RelWithDebInfo,OpenGL,NVIDIA GeForce RTX 5090 D/PCIe/SSE2,4.3.0 NVIDIA 591.86,false,assets/heightmaps/Hm_Terrain_Test_129.pgm,129,129,39.400,12.000,20,4.000,2.000,200000,6.989,0.000,18.000,4.283,16.648,44007,226504,44005,144,72,210,80,0,0,0,0,8,94.887,17.157,16.465,0.357,4.914,0.255,0.000,0.000,1.474,0.222,0.833,3.260,5.149,0.450,0.000,0.000,0.000,0.000,0.000,0.000,0.000,0.000,0.000,0.000,0.000,0.000,0.000,0.000,0.000,0.000,0,0,1.697,5.168,4.093,0.000,18
Data-Oriented CPU ROAM,RelWithDebInfo,OpenGL,NVIDIA GeForce RTX 5090 D/PCIe/SSE2,4.3.0 NVIDIA 591.86,false,assets/heightmaps/Hm_Terrain_Test_129.pgm,129,129,39.400,12.000,20,4.000,2.000,200000,7.006,0.000,18.000,4.239,17.592,43909,226824,43907,160,80,258,90,0,0,0,0,8,97.584,16.677,16.010,0.351,4.768,0.316,0.000,0.000,1.580,0.249,0.867,2.872,5.006,0.446,0.000,0.000,0.000,0.000,0.000,0.000,0.000,0.000,0.000,0.000,0.000,0.000,0.000,0.000,0.000,0.000,0,0,1.829,5.084,3.739,0.000,18
Data-Oriented CPU ROAM,RelWithDebInfo,OpenGL,NVIDIA GeForce RTX 5090 D/PCIe/SSE2,4.3.0 NVIDIA 591.86,false,assets/heightmaps/Hm_Terrain_Test_129.pgm,129,129,39.400,12.000,20,4.000,2.000,200000,7.024,0.000,18.000,4.197,17.115,43836,227192,43834,184,92,257,100,0,0,0,0,8,574.456,17.002,16.317,0.356,4.870,0.315,0.000,0.000,1.608,0.260,0.849,3.363,4.696,0.463,0.000,0.000,0.000,0.000,0.000,0.000,0.000,0.000,0.000,0.000,0.000,0.000,0.000,0.000,0.000,0.000,0,0,1.868,5.185,4.212,0.000,18
Data-Oriented CPU ROAM,RelWithDebInfo,OpenGL,NVIDIA GeForce RTX 5090 D/PCIe/SSE2,4.3.0 NVIDIA 591.86,false,assets/heightmaps/Hm_Terrain_Test_129.pgm,129,129,39.400,12.000,20,4.000,2.000,200000,7.041,0.000,18.000,4.154,17.451,43712,227492,43710,152,77,276,79,0,0,0,0,8,0.000,16.006,15.353,0.349,4.618,0.302,0.000,0.000,1.415,0.226,0.886,3.364,4.192,0.436,0.000,0.000,0.000,0.000,0.000,0.000,0.000,0.000,0.000,0.000,0.000,0.000,0.000,0.000,0.000,0.000,0,0,1.641,4.920,4.250,0.000,18
Data-Oriented CPU ROAM,RelWithDebInfo,OpenGL,NVIDIA GeForce RTX 5090 D/PCIe/SSE2,4.3.0 NVIDIA 591.86,false,assets/heightmaps/Hm_Terrain_Test_129.pgm,129,129,39.400,12.000,20,4.000,2.000,200000,7.057,0.000,18.000,4.113,16.413,43667,227828,43665,170,86,215,89,0,0,0,0,8,105.993,15.366,14.740,0.346,4.705,0.253,0.000,0.000,1.666,0.235,0.828,2.843,3.864,0.430,0.000,0.000,0.000,0.000,0.000,0.000,0.000,0.000,0.000,0.000,0.000,0.000,0.000,0.000,0.000,0.000,0,0,1.901,4.958,3.671,0.000,18
Data-Oriented CPU ROAM,RelWithDebInfo,OpenGL,NVIDIA GeForce RTX 5090 D/PCIe/SSE2,4.3.0 NVIDIA 591.86,false,assets/heightmaps/Hm_Terrain_Test_129.pgm,129,129,39.400,12.000,20,4.000,2.000,200000,7.073,0.000,18.000,4.075,15.753,43577,228088,43575,130,65,220,72,0,0,0,0,8,100.246,16.257,15.584,0.349,5.032,0.255,0.000,0.000,1.638,0.197,0.841,2.750,4.522,0.453,0.000,0.000,0.000,0.000,0.000,0.000,0.000,0.000,0.000,0.000,0.000,0.000,0.000,0.000,0.000,0.000,0,0,1.835,5.286,3.592,0.000,18
Data-Oriented CPU ROAM,RelWithDebInfo,OpenGL,NVIDIA GeForce RTX 5090 D/PCIe/SSE2,4.3.0 NVIDIA 591.86,false,assets/heightmaps/Hm_Terrain_Test_129.pgm,129,129,39.400,12.000,20,4.000,2.000,200000,7.090,0.000,18.000,4.034,16.671,43493,228412,43491,162,81,246,90,0,0,0,0,8,100.990,16.113,15.469,0.359,4.719,0.300,0.000,0.000,1.502,0.241,0.821,3.393,4.134,0.436,0.000,0.000,0.000,0.000,0.000,0.000,0.000,0.000,0.000,0.000,0.000,0.000,0.000,0.000,0.000,0.000,0,0,1.743,5.019,4.214,0.000,18
Data-Oriented CPU ROAM,RelWithDebInfo,OpenGL,NVIDIA GeForce RTX 5090 D/PCIe/SSE2,4.3.0 NVIDIA 591.86,false,assets/heightmaps/Hm_Terrain_Test_129.pgm,129,129,39.400,12.000,20,4.000,2.000,200000,7.106,0.000,18.000,3.994,16.520,43445,228704,43443,146,73,194,84,0,0,0,0,8,112.014,14.607,13.947,0.352,4.619,0.231,0.000,0.000,0.933,0.208,0.814,2.732,4.058,0.444,0.000,0.000,0.000,0.000,0.000,0.000,0.000,0.000,0.000,0.000,0.000,0.000,0.000,0.000,0.000,0.000,0,0,1.141,4.850,3.546,0.000,18
Data-Oriented CPU ROAM,RelWithDebInfo,OpenGL,NVIDIA GeForce RTX 5090 D/PCIe/SSE2,4.3.0 NVIDIA 591.86,false,assets/heightmaps/Hm_Terrain_Test_129.pgm,129,129,39.400,12.000,20,4.000,2.000,200000,7.121,0.000,18.000,3.958,15.012,43397,229008,43395,152,76,200,80,0,0,0,0,8,106.755,15.267,14.635,0.348,4.644,0.240,0.000,0.000,1.401,0.219,0.807,3.006,3.970,0.440,0.000,0.000,0.000,0.000,0.000,0.000,0.000,0.000,0.000,0.000,0.000,0.000,0.000,0.000,0.000,0.000,0,0,1.619,4.884,3.813,0.000,18
Data-Oriented CPU ROAM,RelWithDebInfo,OpenGL,NVIDIA GeForce RTX 5090 D/PCIe/SSE2,4.3.0 NVIDIA 591.86,false,assets/heightmaps/Hm_Terrain_Test_129.pgm,129,129,39.400,12.000,20,4.000,2.000,200000,7.137,0.000,18.000,3.920,15.678,43314,229316,43312,156,79,239,83,0,0,0,0,8,104.022,15.689,15.019,0.361,4.639,0.278,0.000,0.000,1.467,0.215,0.819,3.060,4.180,0.431,0.000,0.000,0.000,0.000,0.000,0.000,0.000,0.000,0.000,0.000,0.000,0.000,0.000,0.000,0.000,0.000,0,0,1.682,4.917,3.879,0.000,18
Data-Oriented CPU ROAM,RelWithDebInfo,OpenGL,NVIDIA GeForce RTX 5090 D/PCIe/SSE2,4.3.0 NVIDIA 591.86,false,assets/heightmaps/Hm_Terrain_Test_129.pgm,129,129,39.400,12.000,20,4.000,2.000,200000,7.153,0.000,18.000,3.880,16.311,43226,229584,43224,134,67,222,71,0,0,0,0,8,100.801,16.166,15.498,0.360,4.724,0.251,0.000,0.000,1.584,0.205,0.836,2.829,4.708,0.458,0.000,0.000,0.000,0.000,0.000,0.000,0.000,0.000,0.000,0.000,0.000,0.000,0.000,0.000,0.000,0.000,0,0,1.789,4.974,3.666,0.000,18
Data-Oriented CPU ROAM,RelWithDebInfo,OpenGL,NVIDIA GeForce RTX 5090 D/PCIe/SSE2,4.3.0 NVIDIA 591.86,false,assets/heightmaps/Hm_Terrain_Test_129.pgm,129,129,39.400,12.000,20,4.000,2.000,200000,7.170,0.000,18.000,3.840,16.581,43102,229860,43100,138,69,262,76,0,0,0,0,8,791.094,16.486,15.798,0.355,5.325,0.292,0.000,0.000,1.590,0.196,0.820,2.750,4.471,0.436,0.000,0.000,0.000,0.000,0.000,0.000,0.000,0.000,0.000,0.000,0.000,0.000,0.000,0.000,0.000,0.000,0,0,1.786,5.617,3.570,0.000,18
Data-Oriented CPU ROAM,RelWithDebInfo,OpenGL,NVIDIA GeForce RTX 5090 D/PCIe/SSE2,4.3.0 NVIDIA 591.86,false,assets/heightmaps/Hm_Terrain_Test_129.pgm,129,129,39.400,12.000,20,4.000,2.000,200000,7.187,0.000,18.000,3.800,16.893,43044,230148,43042,144,72,202,80,0,0,0,0,8,760.151,17.097,16.441,0.360,4.848,0.226,0.000,0.000,1.472,0.222,0.830,3.362,5.121,0.440,0.000,0.000,0.000,0.000,0.000,0.000,0.000,0.000,0.000,0.000,0.000,0.000,0.000,0.000,0.000,0.000,0,0,1.694,5.074,4.193,0.000,18
Data-Oriented CPU ROAM,RelWithDebInfo,OpenGL,NVIDIA GeForce RTX 5090 D/PCIe/SSE2,4.3.0 NVIDIA 591.86,false,assets/heightmaps/Hm_Terrain_Test_129.pgm,129,129,39.400,12.000,20,4.000,2.000,200000,7.204,0.000,18.000,3.758,17.540,42960,230448,42958,150,75,234,82,0,0,0,0,8,99.870,16.307,15.643,0.390,5.149,0.411,0.000,0.000,1.048,0.229,0.835,2.849,4.732,0.429,0.000,0.000,0.000,0.000,0.000,0.000,0.000,0.000,0.000,0.000,0.000,0.000,0.000,0.000,0.000,0.000,0,0,1.277,5.561,3.683,0.000,18
Data-Oriented CPU ROAM,RelWithDebInfo,OpenGL,NVIDIA GeForce RTX 5090 D/PCIe/SSE2,4.3.0 NVIDIA 591.86,false,assets/heightmaps/Hm_Terrain_Test_129.pgm,129,129,39.400,12.000,20,4.000,2.000,200000,7.221,0.000,18.000,3.718,16.740,42884,230720,42882,136,68,212,78,0,0,0,0,8,106.065,15.370,14.729,0.351,4.447,0.249,0.000,0.000,1.487,0.198,0.817,3.138,4.042,0.434,0.000,0.000,0.000,0.000,0.000,0.000,0.000,0.000,0.000,0.000,0.000,0.000,0.000,0.000,0.000,0.000,0,0,1.685,4.696,3.955,0.000,18
Data-Oriented CPU ROAM,RelWithDebInfo,OpenGL,NVIDIA GeForce RTX 5090 D/PCIe/SSE2,4.3.0 NVIDIA 591.86,false,assets/heightmaps/Hm_Terrain_Test_129.pgm,129,129,39.400,12.000,20,4.000,2.000,200000,7.237,0.000,18.000,3.681,15.783,42808,230988,42806,134,67,210,68,0,0,0,0,8,593.892,16.471,15.783,0.342,4.638,0.260,0.000,0.000,1.518,0.198,0.866,2.643,5.318,0.464,0.000,0.000,0.000,0.000,0.000,0.000,0.000,0.000,0.000,0.000,0.000,0.000,0.000,0.000,0.000,0.000,0,0,1.716,4.898,3.509,0.000,18
Data-Oriented CPU ROAM,RelWithDebInfo,OpenGL,NVIDIA GeForce RTX 5090 D/PCIe/SSE2,4.3.0 NVIDIA 591.86,false,assets/heightmaps/Hm_Terrain_Test_129.pgm,129,129,39.400,12.000,20,4.000,2.000,200000,7.254,0.000,18.000,3.641,16.892,42746,231320,42744,166,83,228,90,0,0,0,0,8,103.469,15.713,15.099,0.370,4.917,0.293,0.000,0.000,1.424,0.237,0.848,2.578,4.432,0.407,0.000,0.000,0.000,0.000,0.000,0.000,0.000,0.000,0.000,0.000,0.000,0.000,0.000,0.000,0.000,0.000,0,0,1.660,5.210,3.426,0.000,18
Data-Oriented CPU ROAM,RelWithDebInfo,OpenGL,NVIDIA GeForce RTX 5090 D/PCIe/SSE2,4.3.0 NVIDIA 591.86,false,assets/heightmaps/Hm_Terrain_Test_129.pgm,129,129,39.400,12.000,20,4.000,2.000,200000,7.270,0.000,18.000,3.603,16.168,42630,231540,42628,118,63,234,66,0,0,0,0,8,101.279,16.098,15.425,0.345,5.086,0.292,0.000,0.000,1.339,0.175,0.903,2.888,4.398,0.452,0.000,0.000,0.000,0.000,0.000,0.000,0.000,0.000,0.000,0.000,0.000,0.000,0.000,0.000,0.000,0.000,0,0,1.513,5.377,3.791,0.000,18
Data-Oriented CPU ROAM,RelWithDebInfo,OpenGL,NVIDIA GeForce RTX 5090 D/PCIe/SSE2,4.3.0 NVIDIA 591.86,false,assets/heightmaps/Hm_Terrain_Test_129.pgm,129,129,39.400,12.000,20,4.000,2.000,200000,7.286,0.000,18.000,3.564,16.528,42542,231808,42540,134,67,222,69,0,0,0,0,8,104.893,15.538,14.894,0.347,4.551,0.283,0.000,0.000,1.652,0.198,0.830,2.809,4.224,0.438,0.000,0.000,0.000,0.000,0.000,0.000,0.000,0.000,0.000,0.000,0.000,0.000,0.000,0.000,0.000,0.000,0,0,1.849,4.834,3.639,0.000,18
Data-Oriented CPU ROAM,RelWithDebInfo,OpenGL,NVIDIA GeForce RTX 5090 D/PCIe/SSE2,4.3.0 NVIDIA 591.86,false,assets/heightmaps/Hm_Terrain_Test_129.pgm,129,129,39.400,12.000,20,4.000,2.000,200000,7.302,0.000,18.000,3.527,15.963,42507,232088,42505,140,70,175,77,0,0,0,0,8,111.133,14.721,14.058,0.338,4.560,0.235,0.000,0.000,0.913,0.222,0.810,2.764,4.216,0.487,0.000,0.000,0.000,0.000,0.000,0.000,0.000,0.000,0.000,0.000,0.000,0.000,0.000,0.000,0.000,0.000,0,0,1.135,4.795,3.574,0.000,18
Data-Oriented CPU ROAM,RelWithDebInfo,OpenGL,NVIDIA GeForce RTX 5090 D/PCIe/SSE2,4.3.0 NVIDIA 591.86,false,assets/heightmaps/Hm_Terrain_Test_129.pgm,129,129,39.400,12.000,20,4.000,2.000,200000,7.318,0.000,18.000,3.492,15.142,42364,232320,42362,116,58,259,62,0,0,0,0,8,107.372,15.213,14.550,0.342,4.472,0.300,0.000,0.000,1.379,0.174,0.806,3.143,3.935,0.462,0.000,0.000,0.000,0.000,0.000,0.000,0.000,0.000,0.000,0.000,0.000,0.000,0.000,0.000,0.000,0.000,0,0,1.553,4.772,3.948,0.000,18
Data-Oriented CPU ROAM,RelWithDebInfo,OpenGL,NVIDIA GeForce RTX 5090 D/PCIe/SSE2,4.3.0 NVIDIA 591.86,false,assets/heightmaps/Hm_Terrain_Test_129.pgm,129,129,39.400,12.000,20,4.000,2.000,200000,7.333,0.000,18.000,3.456,15.623,42355,232656,42353,180,96,189,89,0,0,0,0,8,105.283,15.550,14.839,0.345,4.305,0.222,0.000,0.000,1.513,0.256,0.835,2.692,4.673,0.496,0.000,0.000,0.000,0.000,0.000,0.000,0.000,0.000,0.000,0.000,0.000,0.000,0.000,0.000,0.000,0.000,0,0,1.769,4.527,3.526,0.000,18
Data-Oriented CPU ROAM,RelWithDebInfo,OpenGL,NVIDIA GeForce RTX 5090 D/PCIe/SSE2,4.3.0 NVIDIA 591.86,false,assets/heightmaps/Hm_Terrain_Test_129.pgm,129,129,39.400,12.000,20,4.000,2.000,200000,7.349,0.000,18.000,3.419,15.975,42263,232888,42261,116,58,208,61,0,0,0,0,8,102.185,15.915,15.289,0.341,4.783,0.255,0.000,0.000,1.294,0.174,0.836,3.284,4.322,0.423,0.000,0.000,0.000,0.000,0.000,0.000,0.000,0.000,0.000,0.000,0.000,0.000,0.000,0.000,0.000,0.000,0,0,1.468,5.039,4.119,0.000,18
Data-Oriented CPU ROAM,RelWithDebInfo,OpenGL,NVIDIA GeForce RTX 5090 D/PCIe/SSE2,4.3.0 NVIDIA 591.86,false,assets/heightmaps/Hm_Terrain_Test_129.pgm,129,129,39.400,12.000,20,4.000,2.000,200000,7.366,0.000,18.000,3.381,16.348,42241,233244,42239,178,89,200,98,0,0,0,0,8,106.203,15.330,14.711,0.338,4.563,0.271,0.000,0.000,1.361,0.260,0.835,2.983,4.100,0.391,0.000,0.000,0.000,0.000,0.000,0.000,0.000,0.000,0.000,0.000,0.000,0.000,0.000,0.000,0.000,0.000,0,0,1.621,4.834,3.817,0.000,18
Data-Oriented CPU ROAM,RelWithDebInfo,OpenGL,NVIDIA GeForce RTX 5090 D/PCIe/SSE2,4.3.0 NVIDIA 591.86,false,assets/heightmaps/Hm_Terrain_Test_129.pgm,129,129,39.400,12.000,20,4.000,2.000,200000,7.381,0.000,18.000,3.345,15.760,42149,233512,42147,134,67,226,74,0,0,0,0,8,92.331,17.595,16.921,0.375,5.417,0.278,0.000,0.000,1.424,0.217,0.943,2.993,5.274,0.468,0.000,0.000,0.000,0.000,0.000,0.000,0.000,0.000,0.000,0.000,0.000,0.000,0.000,0.000,0.000,0.000,0,0,1.641,5.695,3.936,0.000,18
Data-Oriented CPU ROAM,RelWithDebInfo,OpenGL,NVIDIA GeForce RTX 5090 D/PCIe/SSE2,4.3.0 NVIDIA 591.86,false,assets/heightmaps/Hm_Terrain_Test_129.pgm,129,129,39.400,12.000,20,4.000,2.000,200000,7.399,0.000,18.000,3.304,18.048,42060,233816,42058,152,76,241,84,0,0,0,0,8,105.411,15.462,14.821,0.343,4.726,0.294,0.000,0.000,1.618,0.223,0.794,2.756,4.068,0.439,0.000,0.000,0.000,0.000,0.000,0.000,0.000,0.000,0.000,0.000,0.000,0.000,0.000,0.000,0.000,0.000,0,0,1.841,5.020,3.549,0.000,18
Data-Oriented CPU ROAM,RelWithDebInfo,OpenGL,NVIDIA GeForce RTX 5090 D/PCIe/SSE2,4.3.0 NVIDIA 591.86,false,assets/heightmaps/Hm_Terrain_Test_129.pgm,129,129,39.400,12.000,20,4.000,2.000,200000,7.415,0.000,18.000,3.268,15.904,42020,234064,42018,124,62,164,67,0,0,0,0,8,0.000,14.989,14.344,0.360,4.468,0.204,0.000,0.000,1.445,0.188,0.816,2.585,4.279,0.443,0.000,0.000,0.000,0.000,0.000,0.000,0.000,0.000,0.000,0.000,0.000,0.000,0.000,0.000,0.000,0.000,0,0,1.633,4.672,3.401,0.000,18
Data-Oriented CPU ROAM,RelWithDebInfo,OpenGL,NVIDIA GeForce RTX 5090 D/PCIe/SSE2,4.3.0 NVIDIA 591.86,false,assets/heightmaps/Hm_Terrain_Test_129.pgm,129,129,39.400,12.000,20,4.000,2.000,200000,7.431,0.000,18.000,3.233,15.420,41960,234324,41958,130,65,190,73,0,0,0,0,8,106.188,15.356,14.712,0.347,4.561,0.245,0.000,0.000,1.501,0.202,0.814,2.782,4.260,0.441,0.000,0.000,0.000,0.000,0.000,0.000,0.000,0.000,0.000,0.000,0.000,0.000,0.000,0.000,0.000,0.000,0,0,1.703,4.806,3.596,0.000,18
Data-Oriented CPU ROAM,RelWithDebInfo,OpenGL,NVIDIA GeForce RTX 5090 D/PCIe/SSE2,4.3.0 NVIDIA 591.86,false,assets/heightmaps/Hm_Terrain_Test_129.pgm,129,129,39.400,12.000,20,4.000,2.000,200000,7.446,0.000,18.000,3.198,15.770,41862,234604,41860,140,70,238,73,0,0,0,0,8,103.263,15.788,15.129,0.329,4.590,0.294,0.000,0.000,1.571,0.205,0.953,2.769,4.418,0.466,0.000,0.000,0.000,0.000,0.000,0.000,0.000,0.000,0.000,0.000,0.000,0.000,0.000,0.000,0.000,0.000,0,0,1.776,4.884,3.722,0.000,18
Data-Oriented CPU ROAM,RelWithDebInfo,OpenGL,NVIDIA GeForce RTX 5090 D/PCIe/SSE2,4.3.0 NVIDIA 591.86,false,assets/heightmaps/Hm_Terrain_Test_129.pgm,129,129,39.400,12.000,20,4.000,2.000,200000,7.463,0.000,18.000,3.161,16.216,41820,234876,41818,136,69,178,75,0,0,0,0,8,0.000,15.469,14.722,0.334,4.499,0.230,0.000,0.000,1.385,0.195,0.810,3.053,4.215,0.489,0.000,0.000,0.000,0.000,0.000,0.000,0.000,0.000,0.000,0.000,0.000,0.000,0.000,0.000,0.000,0.000,0,0,1.581,4.729,3.863,0.000,18
Data-Oriented CPU ROAM,RelWithDebInfo,OpenGL,NVIDIA GeForce RTX 5090 D/PCIe/SSE2,4.3.0 NVIDIA 591.86,false,assets/heightmaps/Hm_Terrain_Test_129.pgm,129,129,39.400,12.000,20,4.000,2.000,200000,7.479,0.000,18.000,3.126,15.933,41690,235120,41688,122,62,252,60,0,0,0,0,8,0.000,15.575,14.976,0.493,4.579,0.291,0.000,0.000,1.532,0.191,0.814,2.738,4.338,0.397,0.000,0.000,0.000,0.000,0.000,0.000,0.000,0.000,0.000,0.000,0.000,0.000,0.000,0.000,0.000,0.000,0,0,1.723,4.870,3.552,0.000,18
Data-Oriented CPU ROAM,RelWithDebInfo,OpenGL,NVIDIA GeForce RTX 5090 D/PCIe/SSE2,4.3.0 NVIDIA 591.86,false,assets/heightmaps/Hm_Terrain_Test_129.pgm,129,129,39.400,12.000,20,4.000,2.000,200000,7.495,0.000,18.000,3.090,16.041,41630,235348,41628,114,57,174,58,0,0,0,0,8,106.331,15.357,14.693,0.336,4.432,0.226,0.000,0.000,1.281,0.171,0.807,3.089,4.351,0.450,0.000,0.000,0.000,0.000,0.000,0.000,0.000,0.000,0.000,0.000,0.000,0.000,0.000,0.000,0.000,0.000,0,0,1.452,4.658,3.895,0.000,18
Data-Oriented CPU ROAM,RelWithDebInfo,OpenGL,NVIDIA GeForce RTX 5090 D/PCIe/SSE2,4.3.0 NVIDIA 591.86,false,assets/heightmaps/Hm_Terrain_Test_129.pgm,129,129,39.400,12.000,20,4.000,2.000,200000,7.510,0.000,18.000,3.055,15.771,41562,235604,41560,136,72,204,67,0,0,0,0,8,111.697,14.640,13.986,0.345,4.467,0.267,0.000,0.000,1.083,0.184,0.799,2.706,4.136,0.446,0.000,0.000,0.000,0.000,0.000,0.000,0.000,0.000,0.000,0.000,0.000,0.000,0.000,0.000,0.000,0.000,0,0,1.267,4.733,3.505,0.000,18
Data-Oriented CPU ROAM,RelWithDebInfo,OpenGL,NVIDIA GeForce RTX 5090 D/PCIe/SSE2,4.3.0 NVIDIA 591.86,false,assets/heightmaps/Hm_Terrain_Test_129.pgm,129,129,39.400,12.000,20,4.000,2.000,200000,7.525,0.000,18.000,3.022,15.071,41486,235844,41484,120,60,196,64,0,0,0,0,8,114.341,14.294,13.663,0.350,4.045,0.218,0.000,0.000,1.466,0.178,0.781,2.576,4.049,0.422,0.000,0.000,0.000,0.000,0.000,0.000,0.000,0.000,0.000,0.000,0.000,0.000,0.000,0.000,0.000,0.000,0,0,1.644,4.264,3.357,0.000,18
Data-Oriented CPU ROAM,RelWithDebInfo,OpenGL,NVIDIA GeForce RTX 5090 D/PCIe/SSE2,4.3.0 NVIDIA 591.86,false,assets/heightmaps/Hm_Terrain_Test_129.pgm,129,129,39.400,12.000,20,4.000,2.000,200000,7.540,0.000,18.000,2.990,14.690,41433,236072,41431,114,57,167,60,0,0,0,0,8,109.973,14.849,14.206,0.370,4.333,0.198,0.000,0.000,1.500,0.170,0.824,2.617,4.194,0.446,0.000,0.000,0.000,0.000,0.000,0.000,0.000,0.000,0.000,0.000,0.000,0.000,0.000,0.000,0.000,0.000,0,0,1.670,4.530,3.441,0.000,18
Data-Oriented CPU ROAM,RelWithDebInfo,OpenGL,NVIDIA GeForce RTX 5090 D/PCIe/SSE2,4.3.0 NVIDIA 591.86,false,assets/heightmaps/Hm_Terrain_Test_129.pgm,129,129,39.400,12.000,20,4.000,2.000,200000,7.555,0.000,18.000,2.956,15.288,41381,236352,41379,140,71,192,73,0,0,0,0,8,104.149,15.674,15.000,0.340,4.421,0.228,0.000,0.000,1.543,0.209,0.817,3.117,4.326,0.432,0.000,0.000,0.000,0.000,0.000,0.000,0.000,0.000,0.000,0.000,0.000,0.000,0.000,0.000,0.000,0.000,0,0,1.752,4.649,3.934,0.000,18
Data-Oriented CPU ROAM,RelWithDebInfo,OpenGL,NVIDIA GeForce RTX 5090 D/PCIe/SSE2,4.3.0 NVIDIA 591.86,false,assets/heightmaps/Hm_Terrain_Test_129.pgm,129,129,39.400,12.000,20,4.000,2.000,200000,7.572,0.000,18.000,2.921,16.093,41344,236600,41342,124,62,161,66,0,0,0,0,8,104.588,15.593,14.937,0.340,4.527,0.201,0.000,0.000,1.274,0.181,0.802,2.993,4.618,0.460,0.000,0.000,0.000,0.000,0.000,0.000,0.000,0.000,0.000,0.000,0.000,0.000,0.000,0.000,0.000,0.000,0,0,1.455,4.729,3.795,0.000,18
Data-Oriented CPU ROAM,RelWithDebInfo,OpenGL,NVIDIA GeForce RTX 5090 D/PCIe/SSE2,4.3.0 NVIDIA 591.86,false,assets/heightmaps/Hm_Terrain_Test_129.pgm,129,129,39.400,12.000,20,4.000,2.000,200000,7.588,0.000,18.000,2.886,16.034,41252,236848,41250,124,63,216,66,0,0,0,0,8,106.095,15.348,14.725,0.337,4.489,0.302,0.000,0.000,1.598,0.181,0.797,2.799,4.221,0.400,0.000,0.000,0.000,0.000,0.000,0.000,0.000,0.000,0.000,0.000,0.000,0.000,0.000,0.000,0.000,0.000,0,0,1.779,4.791,3.597,0.000,18
Data-Oriented CPU ROAM,RelWithDebInfo,OpenGL,NVIDIA GeForce RTX 5090 D/PCIe/SSE2,4.3.0 NVIDIA 591.86,false,assets/heightmaps/Hm_Terrain_Test_129.pgm,129,129,39.400,12.000,20,4.000,2.000,200000,7.603,0.000,18.000,2.852,15.795,41216,237140,41214,146,73,182,79,0,0,0,0,8,0.000,15.437,14.786,0.381,4.450,0.219,0.000,0.000,1.380,0.217,0.794,3.220,4.126,0.447,0.000,0.000,0.000,0.000,0.000,0.000,0.000,0.000,0.000,0.000,0.000,0.000,0.000,0.000,0.000,0.000,0,0,1.597,4.669,4.014,0.000,18
Data-Oriented CPU ROAM,RelWithDebInfo,OpenGL,NVIDIA GeForce RTX 5090 D/PCIe/SSE2,4.3.0 NVIDIA 591.86,false,assets/heightmaps/Hm_Terrain_Test_129.pgm,129,129,39.400,12.000,20,4.000,2.000,200000,7.619,0.000,18.000,2.818,15.890,41180,237432,41178,146,73,182,76,0,0,0,0,8,0.000,15.028,14.321,0.333,4.308,0.212,0.000,0.000,1.477,0.212,0.803,2.605,4.370,0.508,0.000,0.000,0.000,0.000,0.000,0.000,0.000,0.000,0.000,0.000,0.000,0.000,0.000,0.000,0.000,0.000,0,0,1.689,4.520,3.408,0.000,18
Data-Oriented CPU ROAM,RelWithDebInfo,OpenGL,NVIDIA GeForce RTX 5090 D/PCIe/SSE2,4.3.0 NVIDIA 591.86,false,assets/heightmaps/Hm_Terrain_Test_129.pgm,129,129,39.400,12.000,20,4.000,2.000,200000,7.635,0.000,18.000,2.785,15.448,41153,237724,41151,146,73,173,82,0,0,0,0,8,0.000,15.242,14.614,0.355,4.452,0.227,0.000,0.000,1.549,0.218,0.779,2.875,4.161,0.420,0.000,0.000,0.000,0.000,0.000,0.000,0.000,0.000,0.000,0.000,0.000,0.000,0.000,0.000,0.000,0.000,0,0,1.766,4.678,3.653,0.000,18
Data-Oriented CPU ROAM,RelWithDebInfo,OpenGL,NVIDIA GeForce RTX 5090 D/PCIe/SSE2,4.3.0 NVIDIA 591.86,false,assets/heightmaps/Hm_Terrain_Test_129.pgm,129,129,39.400,12.000,20,4.000,2.000,200000,7.650,0.000,18.000,2.752,15.661,41123,237944,41121,110,55,140,65,0,0,0,0,8,114.127,14.333,13.689,0.339,4.084,0.184,0.000,0.000,1.513,0.165,0.817,2.673,3.913,0.434,0.000,0.000,0.000,0.000,0.000,0.000,0.000,0.000,0.000,0.000,0.000,0.000,0.000,0.000,0.000,0.000,0,0,1.679,4.268,3.490,0.000,18
Data-Oriented CPU ROAM,RelWithDebInfo,OpenGL,NVIDIA GeForce RTX 5090 D/PCIe/SSE2,4.3.0 NVIDIA 591.86,false,assets/heightmaps/Hm_Terrain_Test_129.pgm,129,129,39.400,12.000,20,4.000,2.000,200000,7.665,0.000,18.000,2.720,14.773,40981,238188,40979,124,63,266,64,0,0,0,0,8,108.293,15.114,14.426,0.361,4.090,0.292,0.000,0.000,1.775,0.195,0.821,2.558,4.334,0.485,0.000,0.000,0.000,0.000,0.000,0.000,0.000,0.000,0.000,0.000,0.000,0.000,0.000,0.000,0.000,0.000,0,0,1.969,4.383,3.379,0.000,18
Data-Oriented CPU ROAM,RelWithDebInfo,OpenGL,NVIDIA GeForce RTX 5090 D/PCIe/SSE2,4.3.0 NVIDIA 591.86,false,assets/heightmaps/Hm_Terrain_Test_129.pgm,129,129,39.400,12.000,20,4.000,2.000,200000,7.681,0.000,18.000,2.688,15.520,40967,238484,40965,148,74,162,83,0,0,0,0,8,105.862,15.402,14.758,0.349,4.544,0.198,0.000,0.000,1.570,0.212,0.771,2.709,4.404,0.426,0.000,0.000,0.000,0.000,0.000,0.000,0.000,0.000,0.000,0.000,0.000,0.000,0.000,0.000,0.000,0.000,0,0,1.782,4.743,3.480,0.000,18
Data-Oriented CPU ROAM,RelWithDebInfo,OpenGL,NVIDIA GeForce RTX 5090 D/PCIe/SSE2,4.3.0 NVIDIA 591.86,false,assets/heightmaps/Hm_Terrain_Test_129.pgm,129,129,39.400,12.000,20,4.000,2.000,200000,7.696,0.000,18.000,2.654,15.816,40943,238728,40941,122,61,146,67,0,0,0,0,8,104.947,15.522,14.886,0.377,4.431,0.203,0.000,0.000,1.347,0.188,0.836,3.214,4.290,0.439,0.000,0.000,0.000,0.000,0.000,0.000,0.000,0.000,0.000,0.000,0.000,0.000,0.000,0.000,0.000,0.000,0,0,1.535,4.634,4.050,0.000,18
Data-Oriented CPU ROAM,RelWithDebInfo,OpenGL,NVIDIA GeForce RTX 5090 D/PCIe/SSE2,4.3.0 NVIDIA 591.86,false,assets/heightmaps/Hm_Terrain_Test_129.pgm,129,129,39.400,12.000,20,4.000,2.000,200000,7.712,0.000,18.000,2.621,15.975,40947,238996,40945,134,67,130,76,0,0,0,0,8,0.000,15.209,14.521,0.357,4.723,0.178,0.000,0.000,1.281,0.199,0.789,2.914,4.080,0.467,0.000,0.000,0.000,0.000,0.000,0.000,0.000,0.000,0.000,0.000,0.000,0.000,0.000,0.000,0.000,0.000,0,0,1.480,4.901,3.703,0.000,18
Data-Oriented CPU ROAM,RelWithDebInfo,OpenGL,NVIDIA GeForce RTX 5090 D/PCIe/SSE2,4.3.0 NVIDIA 591.86,false,assets/heightmaps/Hm_Terrain_Test_129.pgm,129,129,39.400,12.000,20,4.000,2.000,200000,7.728,0.000,18.000,2.588,15.645,40837,239228,40835,118,60,228,68,0,0,0,0,8,112.301,14.570,13.911,0.366,4.359,0.269,0.000,0.000,1.169,0.179,0.800,2.898,3.872,0.439,0.000,0.000,0.000,0.000,0.000,0.000,0.000,0.000,0.000,0.000,0.000,0.000,0.000,0.000,0.000,0.000,0,0,1.348,4.628,3.697,0.000,18
Data-Oriented CPU ROAM,RelWithDebInfo,OpenGL,NVIDIA GeForce RTX 5090 D/PCIe/SSE2,4.3.0 NVIDIA 591.86,false,assets/heightmaps/Hm_Terrain_Test_129.pgm,129,129,39.400,12.000,20,4.000,2.000,200000,7.743,0.000,18.000,2.557,15.001,40741,239472,40739,122,61,218,66,0,0,0,0,8,106.610,15.311,14.654,0.332,3.976,0.247,0.000,0.000,1.530,0.193,0.802,2.899,4.674,0.450,0.000,0.000,0.000,0.000,0.000,0.000,0.000,0.000,0.000,0.000,0.000,0.000,0.000,0.000,0.000,0.000,0,0,1.723,4.223,3.701,0.000,18
Data-Oriented CPU ROAM,RelWithDebInfo,OpenGL,NVIDIA GeForce RTX 5090 D/PCIe/SSE2,4.3.0 NVIDIA 591.86,false,assets/heightmaps/Hm_Terrain_Test_129.pgm,129,129,39.400,12.000,20,4.000,2.000,200000,7.759,0.000,18.000,2.525,15.737,40713,239656,40711,92,46,120,56,0,0,0,0,8,112.628,14.455,13.871,0.325,4.388,0.151,0.000,0.000,1.583,0.145,0.790,2.766,3.725,0.393,0.000,0.000,0.000,0.000,0.000,0.000,0.000,0.000,0.000,0.000,0.000,0.000,0.000,0.000,0.000,0.000,0,0,1.727,4.538,3.556,0.000,18
Data-Oriented CPU ROAM,RelWithDebInfo,OpenGL,NVIDIA GeForce RTX 5090 D/PCIe/SSE2,4.3.0 NVIDIA 591.86,false,assets/heightmaps/Hm_Terrain_Test_129.pgm,129,129,39.400,12.000,20,4.000,2.000,200000,7.774,0.000,18.000,2.495,14.852,40685,239972,40683,158,79,186,92,0,0,0,0,8,663.670,14.737,14.124,0.323,4.321,0.226,0.000,0.000,1.332,0.230,0.818,2.900,3.974,0.415,0.000,0.000,0.000,0.000,0.000,0.000,0.000,0.000,0.000,0.000,0.000,0.000,0.000,0.000,0.000,0.000,0,0,1.561,4.547,3.718,0.000,18
Data-Oriented CPU ROAM,RelWithDebInfo,OpenGL,NVIDIA GeForce RTX 5090 D/PCIe/SSE2,4.3.0 NVIDIA 591.86,false,assets/heightmaps/Hm_Terrain_Test_129.pgm,129,129,39.400,12.000,20,4.000,2.000,200000,7.789,0.000,18.000,2.464,15.144,40629,240224,40627,126,63,182,68,0,0,0,0,8,111.791,14.594,13.975,0.338,4.413,0.226,0.000,0.000,1.296,0.199,0.787,2.791,3.925,0.420,0.000,0.000,0.000,0.000,0.000,0.000,0.000,0.000,0.000,0.000,0.000,0.000,0.000,0.000,0.000,0.000,0,0,1.494,4.640,3.578,0.000,18
Data-Oriented CPU ROAM,RelWithDebInfo,OpenGL,NVIDIA GeForce RTX 5090 D/PCIe/SSE2,4.3.0 NVIDIA 591.86,false,assets/heightmaps/Hm_Terrain_Test_129.pgm,129,129,39.400,12.000,20,4.000,2.000,200000,7.804,0.000,18.000,2.433,15.018,40565,240456,40563,116,58,180,66,0,0,0,0,8,109.036,14.923,14.328,0.327,4.247,0.231,0.000,0.000,1.598,0.175,0.802,2.740,4.207,0.377,0.000,0.000,0.000,0.000,0.000,0.000,0.000,0.000,0.000,0.000,0.000,0.000,0.000,0.000,0.000,0.000,0,0,1.773,4.478,3.542,0.000,18
Data-Oriented CPU ROAM,RelWithDebInfo,OpenGL,NVIDIA GeForce RTX 5090 D/PCIe/SSE2,4.3.0 NVIDIA 591.86,false,assets/heightmaps/Hm_Terrain_Test_129.pgm,129,129,39.400,12.000,20,4.000,2.000,200000,7.819,0.000,18.000,2.402,15.359,40505,240716,40503,130,65,190,77,0,0,0,0,8,110.725,14.744,14.110,0.354,4.312,0.220,0.000,0.000,1.452,0.199,0.808,2.642,4.123,0.437,0.000,0.000,0.000,0.000,0.000,0.000,0.000,0.000,0.000,0.000,0.000,0.000,0.000,0.000,0.000,0.000,0,0,1.651,4.531,3.450,0.000,18
Data-Oriented CPU ROAM,RelWithDebInfo,OpenGL,NVIDIA GeForce RTX 5090 D/PCIe/SSE2,4.3.0 NVIDIA 591.86,false,assets/heightmaps/Hm_Terrain_Test_129.pgm,129,129,39.400,12.000,20,4.000,2.000,200000,7.834,0.000,18.000,2.372,15.158,40511,240928,40509,106,53,100,58,0,0,0,0,8,110.909,14.717,14.086,0.351,4.322,0.149,0.000,0.000,1.427,0.159,0.772,2.617,4.290,0.429,0.000,0.000,0.000,0.000,0.000,0.000,0.000,0.000,0.000,0.000,0.000,0.000,0.000,0.000,0.000,0.000,0,0,1.586,4.471,3.388,0.000,18
Data-Oriented CPU ROAM,RelWithDebInfo,OpenGL,NVIDIA GeForce RTX 5090 D/PCIe/SSE2,4.3.0 NVIDIA 591.86,false,assets/heightmaps/Hm_Terrain_Test_129.pgm,129,129,39.400,12.000,20,4.000,2.000,200000,7.849,0.000,18.000,2.341,15.126,40467,241196,40465,134,67,178,72,0,0,0,0,8,107.611,15.131,14.518,0.357,4.462,0.232,0.000,0.000,1.235,0.204,0.803,3.095,4.130,0.428,0.000,0.000,0.000,0.000,0.000,0.000,0.000,0.000,0.000,0.000,0.000,0.000,0.000,0.000,0.000,0.000,0,0,1.439,4.694,3.898,0.000,18
Data-Oriented CPU ROAM,RelWithDebInfo,OpenGL,NVIDIA GeForce RTX 5090 D/PCIe/SSE2,4.3.0 NVIDIA 591.86,false,assets/heightmaps/Hm_Terrain_Test_129.pgm,129,129,39.400,12.000,20,4.000,2.000,200000,7.865,0.000,18.000,2.310,15.540,40411,241428,40409,116,58,172,65,0,0,0,0,8,105.919,15.427,14.750,0.347,4.369,0.202,0.000,0.000,1.496,0.172,0.794,3.060,4.308,0.469,0.000,0.000,0.000,0.000,0.000,0.000,0.000,0.000,0.000,0.000,0.000,0.000,0.000,0.000,0.000,0.000,0,0,1.668,4.571,3.854,0.000,18
Data-Oriented CPU ROAM,RelWithDebInfo,OpenGL,NVIDIA GeForce RTX 5090 D/PCIe/SSE2,4.3.0 NVIDIA 591.86,false,assets/heightmaps/Hm_Terrain_Test_129.pgm,129,129,39.400,12.000,20,4.000,2.000,200000,7.881,0.000,18.000,2.279,15.850,40303,241668,40301,130,70,238,67,0,0,0,0,8,111.419,14.669,14.022,0.334,4.488,0.267,0.000,0.000,1.229,0.199,0.777,2.806,3.921,0.441,0.000,0.000,0.000,0.000,0.000,0.000,0.000,0.000,0.000,0.000,0.000,0.000,0.000,0.000,0.000,0.000,0,0,1.428,4.755,3.583,0.000,18
Data-Oriented CPU ROAM,RelWithDebInfo,OpenGL,NVIDIA GeForce RTX 5090 D/PCIe/SSE2,4.3.0 NVIDIA 591.86,false,assets/heightmaps/Hm_Terrain_Test_129.pgm,129,129,39.400,12.000,20,4.000,2.000,200000,7.896,0.000,18.000,2.249,15.075,40293,241940,40291,138,70,148,75,0,0,0,0,8,110.579,14.712,14.128,0.338,4.238,0.197,0.000,0.000,1.550,0.196,0.880,2.722,4.006,0.386,0.000,0.000,0.000,0.000,0.000,0.000,0.000,0.000,0.000,0.000,0.000,0.000,0.000,0.000,0.000,0.000,0,0,1.747,4.435,3.602,0.000,18
Data-Oriented CPU ROAM,RelWithDebInfo,OpenGL,NVIDIA GeForce RTX 5090 D/PCIe/SSE2,4.3.0 NVIDIA 591.86,false,assets/heightmaps/Hm_Terrain_Test_129.pgm,129,129,39.400,12.000,20,4.000,2.000,200000,7.911,0.000,18.000,2.220,15.132,40240,242160,40238,110,55,163,64,0,0,0,0,8,110.594,14.745,14.127,0.324,4.365,0.192,0.000,0.000,1.196,0.166,0.816,2.826,4.240,0.429,0.000,0.000,0.000,0.000,0.000,0.000,0.000,0.000,0.000,0.000,0.000,0.000,0.000,0.000,0.000,0.000,0,0,1.362,4.558,3.643,0.000,18
Data-Oriented CPU ROAM,RelWithDebInfo,OpenGL,NVIDIA GeForce RTX 5090 D/PCIe/SSE2,4.3.0 NVIDIA 591.86,false,assets/heightmaps/Hm_Terrain_Test_129.pgm,129,129,39.400,12.000,20,4.000,2.000,200000,7.926,0.000,18.000,2.190,15.156,40228,242432,40226,136,68,148,82,0,0,0,0,8,111.237,14.653,14.044,0.323,4.132,0.176,0.000,0.000,1.535,0.203,0.819,2.727,4.129,0.415,0.000,0.000,0.000,0.000,0.000,0.000,0.000,0.000,0.000,0.000,0.000,0.000,0.000,0.000,0.000,0.000,0,0,1.738,4.309,3.546,0.000,18
Data-Oriented CPU ROAM,RelWithDebInfo,OpenGL,NVIDIA GeForce RTX 5090 D/PCIe/SSE2,4.3.0 NVIDIA 591.86,false,assets/heightmaps/Hm_Terrain_Test_129.pgm,129,129,39.400,12.000,20,4.000,2.000,200000,7.941,0.000,18.000,2.161,15.089,40224,242684,40222,126,65,130,68,0,0,0,0,8,884.492,14.719,14.131,0.337,4.242,0.184,0.000,0.000,1.438,0.190,0.775,2.691,4.273,0.410,0.000,0.000,0.000,0.000,0.000,0.000,0.000,0.000,0.000,0.000,0.000,0.000,0.000,0.000,0.000,0.000,0,0,1.629,4.426,3.467,0.000,18
Data-Oriented CPU ROAM,RelWithDebInfo,OpenGL,NVIDIA GeForce RTX 5090 D/PCIe/SSE2,4.3.0 NVIDIA 591.86,false,assets/heightmaps/Hm_Terrain_Test_129.pgm,129,129,39.400,12.000,20,4.000,2.000,200000,7.956,0.000,18.000,2.132,15.120,40134,242896,40132,106,53,196,59,0,0,0,0,8,819.804,13.940,13.340,0.322,4.224,0.238,0.000,0.000,1.426,0.150,0.773,2.564,3.643,0.403,0.000,0.000,0.000,0.000,0.000,0.000,0.000,0.000,0.000,0.000,0.000,0.000,0.000,0.000,0.000,0.000,0,0,1.576,4.462,3.337,0.000,18
Data-Oriented CPU ROAM,RelWithDebInfo,OpenGL,NVIDIA GeForce RTX 5090 D/PCIe/SSE2,4.3.0 NVIDIA 591.86,false,assets/heightmaps/Hm_Terrain_Test_129.pgm,129,129,39.400,12.000,20,4.000,2.000,200000,7.971,0.000,18.000,2.104,14.313,40074,243124,40072,114,57,174,68,0,0,0,0,8,111.948,14.553,13.955,0.338,4.228,0.209,0.000,0.000,1.328,0.163,0.782,2.937,3.969,0.411,0.000,0.000,0.000,0.000,0.000,0.000,0.000,0.000,0.000,0.000,0.000,0.000,0.000,0.000,0.000,0.000,0,0,1.492,4.437,3.719,0.000,18
Data-Oriented CPU ROAM,RelWithDebInfo,OpenGL,NVIDIA GeForce RTX 5090 D/PCIe/SSE2,4.3.0 NVIDIA 591.86,false,assets/heightmaps/Hm_Terrain_Test_129.pgm,129,129,39.400,12.000,20,4.000,2.000,200000,7.986,0.000,18.000,2.076,14.925,40062,243364,40060,120,60,132,65,0,0,0,0,8,116.452,14.012,13.415,0.322,4.259,0.178,0.000,0.000,0.955,0.184,0.782,2.737,3.998,0.396,0.000,0.000,0.000,0.000,0.000,0.000,0.000,0.000,0.000,0.000,0.000,0.000,0.000,0.000,0.000,0.000,0,0,1.140,4.437,3.519,0.000,18
Data-Oriented CPU ROAM,RelWithDebInfo,OpenGL,NVIDIA GeForce RTX 5090 D/PCIe/SSE2,4.3.0 NVIDIA 591.86,false,assets/heightmaps/Hm_Terrain_Test_129.pgm,129,129,39.400,12.000,20,4.000,2.000,200000,8.000,0.000,18.000,2.049,14.437,40016,243544,40014,98,53,144,53,0,0,0,0,8,920.498,14.198,13.578,0.331,4.103,0.177,0.000,0.000,1.480,0.143,0.765,2.418,4.161,0.426,0.000,0.000,0.000,0.000,0.000,0.000,0.000,0.000,0.000,0.000,0.000,0.000,0.000,0.000,0.000,0.000,0,0,1.623,4.280,3.183,0.000,18
Data-Oriented CPU ROAM,RelWithDebInfo,OpenGL,NVIDIA GeForce RTX 5090 D/PCIe/SSE2,4.3.0 NVIDIA 591.86,false,assets/heightmaps/Hm_Terrain_Test_129.pgm,129,129,39.400,12.000,20,4.000,2.000,200000,8.015,0.000,18.000,2.021,14.622,40012,243796,40010,126,63,130,71,0,0,0,0,8,108.989,14.950,14.334,0.324,4.342,0.162,0.000,0.000,1.215,0.195,0.781,2.899,4.417,0.413,0.000,0.000,0.000,0.000,0.000,0.000,0.000,0.000,0.000,0.000,0.000,0.000,0.000,0.000,0.000,0.000,0,0,1.409,4.503,3.680,0.000,18
Data-Oriented CPU ROAM,RelWithDebInfo,OpenGL,NVIDIA GeForce RTX 5090 D/PCIe/SSE2,4.3.0 NVIDIA 591.86,false,assets/heightmaps/Hm_Terrain_Test_129.pgm,129,129,39.400,12.000,20,4.000,2.000,200000,8.030,0.000,18.000,1.992,15.370,39990,244060,39988,132,66,154,73,0,0,0,0,8,108.423,14.970,14.409,0.337,4.278,0.182,0.000,0.000,1.488,0.191,0.785,2.715,4.434,0.375,0.000,0.000,0.000,0.000,0.000,0.000,0.000,0.000,0.000,0.000,0.000,0.000,0.000,0.000,0.000,0.000,0,0,1.679,4.459,3.500,0.000,18
Data-Oriented CPU ROAM,RelWithDebInfo,OpenGL,NVIDIA GeForce RTX 5090 D/PCIe/SSE2,4.3.0 NVIDIA 591.86,false,assets/heightmaps/Hm_Terrain_Test_129.pgm,129,129,39.400,12.000,20,4.000,2.000,200000,8.046,0.000,18.000,1.963,15.388,39922,244272,39920,106,53,174,62,0,0,0,0,8,116.378,14.018,13.424,0.316,4.248,0.242,0.000,0.000,1.013,0.168,0.771,2.852,3.814,0.392,0.000,0.000,0.000,0.000,0.000,0.000,0.000,0.000,0.000,0.000,0.000,0.000,0.000,0.000,0.000,0.000,0,0,1.180,4.490,3.623,0.000,18
Data-Oriented CPU ROAM,RelWithDebInfo,OpenGL,NVIDIA GeForce RTX 5090 D/PCIe/SSE2,4.3.0 NVIDIA 591.86,false,assets/heightmaps/Hm_Terrain_Test_129.pgm,129,129,39.400,12.000,20,4.000,2.000,200000,8.060,0.000,18.000,1.937,14.427,39936,244564,39934,148,76,134,75,0,0,0,0,8,109.023,14.955,14.330,0.332,4.243,0.176,0.000,0.000,1.559,0.207,0.872,2.758,4.182,0.428,0.000,0.000,0.000,0.000,0.000,0.000,0.000,0.000,0.000,0.000,0.000,0.000,0.000,0.000,0.000,0.000,0,0,1.767,4.419,3.631,0.000,18
Data-Oriented CPU ROAM,RelWithDebInfo,OpenGL,NVIDIA GeForce RTX 5090 D/PCIe/SSE2,4.3.0 NVIDIA 591.86,false,assets/heightmaps/Hm_Terrain_Test_129.pgm,129,129,39.400,12.000,20,4.000,2.000,200000,8.075,0.000,18.000,1.908,15.358,39944,244812,39942,124,62,116,74,0,0,0,0,8,112.693,14.486,13.863,0.317,4.197,0.144,0.000,0.000,1.255,0.205,0.885,2.759,4.100,0.423,0.000,0.000,0.000,0.000,0.000,0.000,0.000,0.000,0.000,0.000,0.000,0.000,0.000,0.000,0.000,0.000,0,0,1.460,4.341,3.644,0.000,18
Data-Oriented CPU ROAM,RelWithDebInfo,OpenGL,NVIDIA GeForce RTX 5090 D/PCIe/SSE2,4.3.0 NVIDIA 591.86,false,assets/heightmaps/Hm_Terrain_Test_129.pgm,129,129,39.400,12.000,20,4.000,2.000,200000,8.090,0.000,18.000,1.881,14.901,39874,245012,39872,100,50,170,54,0,0,0,0,8,113.039,14.406,13.821,0.324,4.173,0.198,0.000,0.000,1.254,0.155,0.820,2.798,4.099,0.384,0.000,0.000,0.000,0.000,0.000,0.000,0.000,0.000,0.000,0.000,0.000,0.000,0.000,0.000,0.000,0.000,0,0,1.409,4.371,3.618,0.000,18
Data-Oriented CPU ROAM,RelWithDebInfo,OpenGL,NVIDIA GeForce RTX 5090 D/PCIe/SSE2,4.3.0 NVIDIA 591.86,false,assets/heightmaps/Hm_Terrain_Test_129.pgm,129,129,39.400,12.000,20,4.000,2.000,200000,8.105,0.000,18.000,1.854,14.847,39842,245276,39840,132,67,164,68,0,0,0,0,8,108.658,15.001,14.378,0.342,4.166,0.217,0.000,0.000,1.541,0.202,0.787,2.888,4.234,0.429,0.000,0.000,0.000,0.000,0.000,0.000,0.000,0.000,0.000,0.000,0.000,0.000,0.000,0.000,0.000,0.000,0,0,1.743,4.383,3.676,0.000,18
Data-Oriented CPU ROAM,RelWithDebInfo,OpenGL,NVIDIA GeForce RTX 5090 D/PCIe/SSE2,4.3.0 NVIDIA 591.86,false,assets/heightmaps/Hm_Terrain_Test_129.pgm,129,129,39.400,12.000,20,4.000,2.000,200000,8.120,0.000,18.000,1.826,15.410,39790,245500,39788,112,56,164,67,0,0,0,0,8,113.022,14.453,13.823,0.319,4.396,0.211,0.000,0.000,1.356,0.165,0.761,2.487,4.127,0.427,0.000,0.000,0.000,0.000,0.000,0.000,0.000,0.000,0.000,0.000,0.000,0.000,0.000,0.000,0.000,0.000,0,0,1.521,4.607,3.248,0.000,18
Data-Oriented CPU ROAM,RelWithDebInfo,OpenGL,NVIDIA GeForce RTX 5090 D/PCIe/SSE2,4.3.0 NVIDIA 591.86,false,assets/heightmaps/Hm_Terrain_Test_129.pgm,129,129,39.400,12.000,20,4.000,2.000,200000,8.135,0.000,18.000,1.799,14.870,39693,245740,39691,120,60,217,64,0,0,0,0,8,0.000,14.070,13.501,0.318,4.282,0.240,0.000,0.000,1.068,0.173,0.776,2.783,3.862,0.375,0.000,0.000,0.000,0.000,0.000,0.000,0.000,0.000,0.000,0.000,0.000,0.000,0.000,0.000,0.000,0.000,0,0,1.241,4.522,3.559,0.000,18
Data-Oriented CPU ROAM,RelWithDebInfo,OpenGL,NVIDIA GeForce RTX 5090 D/PCIe/SSE2,4.3.0 NVIDIA 591.86,false,assets/heightmaps/Hm_Terrain_Test_129.pgm,129,129,39.400,12.000,20,4.000,2.000,200000,8.150,0.000,18.000,1.774,14.502,39727,245996,39725,130,66,96,73,0,0,0,0,8,99.346,16.383,15.726,1.576,4.391,0.137,0.000,0.000,1.494,0.197,0.807,2.732,4.393,0.438,0.000,0.000,0.000,0.000,0.000,0.000,0.000,0.000,0.000,0.000,0.000,0.000,0.000,0.000,0.000,0.000,0,0,1.691,4.527,3.539,0.000,18
Data-Oriented CPU ROAM,RelWithDebInfo,OpenGL,NVIDIA GeForce RTX 5090 D/PCIe/SSE2,4.3.0 NVIDIA 591.86,false,assets/heightmaps/Hm_Terrain_Test_129.pgm,129,129,39.400,12.000,20,4.000,2.000,200000,8.167,0.000,18.000,1.744,16.842,39672,246280,39670,142,71,197,78,0,0,0,0,8,110.637,14.742,14.121,0.394,4.258,0.236,0.000,0.000,1.301,0.212,0.792,2.890,4.036,0.416,0.000,0.000,0.000,0.000,0.000,0.000,0.000,0.000,0.000,0.000,0.000,0.000,0.000,0.000,0.000,0.000,0,0,1.513,4.495,3.682,0.000,18
Data-Oriented CPU ROAM,RelWithDebInfo,OpenGL,NVIDIA GeForce RTX 5090 D/PCIe/SSE2,4.3.0 NVIDIA 591.86,false,assets/heightmaps/Hm_Terrain_Test_129.pgm,129,129,39.400,12.000,20,4.000,2.000,200000,8.182,0.000,18.000,1.717,15.178,39674,246576,39672,148,74,146,75,0,0,0,0,8,109.664,14.849,14.246,0.320,4.327,0.196,0.000,0.000,1.551,0.212,0.818,2.787,4.035,0.412,0.000,0.000,0.000,0.000,0.000,0.000,0.000,0.000,0.000,0.000,0.000,0.000,0.000,0.000,0.000,0.000,0,0,1.763,4.523,3.605,0.000,18
Data-Oriented CPU ROAM,RelWithDebInfo,OpenGL,NVIDIA GeForce RTX 5090 D/PCIe/SSE2,4.3.0 NVIDIA 591.86,false,assets/heightmaps/Hm_Terrain_Test_129.pgm,129,129,39.400,12.000,20,4.000,2.000,200000,8.197,0.000,18.000,1.690,15.253,39619,246788,39617,106,53,161,57,0,0,0,0,8,109.732,14.817,14.237,0.319,4.404,0.190,0.000,0.000,1.158,0.218,0.824,2.864,4.260,0.379,0.000,0.000,0.000,0.000,0.000,0.000,0.000,0.000,0.000,0.000,0.000,0.000,0.000,0.000,0.000,0.000,0,0,1.376,4.594,3.688,0.000,18
Data-Oriented CPU ROAM,RelWithDebInfo,OpenGL,NVIDIA GeForce RTX 5090 D/PCIe/SSE2,4.3.0 NVIDIA 591.86,false,assets/heightmaps/Hm_Terrain_Test_129.pgm,129,129,39.400,12.000,20,4.000,2.000,200000,8.212,0.000,18.000,1.664,15.265,39633,247068,39631,140,70,126,83,0,0,0,0,8,113.678,14.365,13.743,0.358,4.438,0.229,0.000,0.000,0.949,0.210,0.796,2.704,4.060,0.434,0.000,0.000,0.000,0.000,0.000,0.000,0.000,0.000,0.000,0.000,0.000,0.000,0.000,0.000,0.000,0.000,0,0,1.158,4.667,3.500,0.000,18
Data-Oriented CPU ROAM,RelWithDebInfo,OpenGL,NVIDIA GeForce RTX 5090 D/PCIe/SSE2,4.3.0 NVIDIA 591.86,false,assets/heightmaps/Hm_Terrain_Test_129.pgm,129,129,39.400,12.000,20,4.000,2.000,200000,8.227,0.000,18.000,1.638,14.810,39643,247276,39641,104,52,94,55,0,0,0,0,8,909.845,14.356,13.736,0.327,4.229,0.130,0.000,0.000,1.521,0.154,0.812,2.637,3.926,0.416,0.000,0.000,0.000,0.000,0.000,0.000,0.000,0.000,0.000,0.000,0.000,0.000,0.000,0.000,0.000,0.000,0,0,1.675,4.359,3.449,0.000,18
Data-Oriented CPU ROAM,RelWithDebInfo,OpenGL,NVIDIA GeForce RTX 5090 D/PCIe/SSE2,4.3.0 NVIDIA 591.86,false,assets/heightmaps/Hm_Terrain_Test_129.pgm,129,129,39.400,12.000,20,4.000,2.000,200000,8.242,0.000,18.000,1.613,14.767,39632,247480,39630,102,51,113,60,0,0,0,0,8,111.479,14.607,14.014,0.328,4.323,0.154,0.000,0.000,1.287,0.171,0.826,2.877,4.049,0.403,0.000,0.000,0.000,0.000,0.000,0.000,0.000,0.000,0.000,0.000,0.000,0.000,0.000,0.000,0.000,0.000,0,0,1.458,4.477,3.703,0.000,18
Data-Oriented CPU ROAM,RelWithDebInfo,OpenGL,NVIDIA GeForce RTX 5090 D/PCIe/SSE2,4.3.0 NVIDIA 591.86,false,assets/heightmaps/Hm_Terrain_Test_129.pgm,129,129,39.400,12.000,20,4.000,2.000,200000,8.257,0.000,18.000,1.587,15.085,39646,247728,39644,124,62,110,64,0,0,0,0,8,103.494,16.343,15.094,0.604,4.735,0.159,0.000,0.000,1.279,0.181,0.871,3.114,4.150,0.350,0.000,0.000,0.000,0.000,0.000,0.000,0.000,0.000,0.000,0.000,0.000,0.000,0.000,0.000,0.000,0.000,0,0,1.461,4.894,3.985,0.000,18
Data-Oriented CPU ROAM,RelWithDebInfo,OpenGL,NVIDIA GeForce RTX 5090 D/PCIe/SSE2,4.3.0 NVIDIA 591.86,false,assets/heightmaps/Hm_Terrain_Test_129.pgm,129,129,39.400,12.000,20,4.000,2.000,200000,8.274,0.000,18.000,1.558,16.792,39460,247948,39458,110,55,296,62,0,0,0,0,8,849.358,15.319,14.715,0.317,4.229,0.319,0.000,0.000,1.572,0.165,0.787,2.839,4.487,0.401,0.000,0.000,0.000,0.000,0.000,0.000,0.000,0.000,0.000,0.000,0.000,0.000,0.000,0.000,0.000,0.000,0,0,1.737,4.548,3.625,0.000,18
Data-Oriented CPU ROAM,RelWithDebInfo,OpenGL,NVIDIA GeForce RTX 5090 D/PCIe/SSE2,4.3.0 NVIDIA 591.86,false,assets/heightmaps/Hm_Terrain_Test_129.pgm,129,129,39.400,12.000,20,4.000,2.000,200000,8.290,0.000,18.000,1.532,15.724,39442,248164,39440,108,54,126,58,0,0,0,0,8,950.997,13.739,13.142,0.322,4.263,0.161,0.000,0.000,0.991,0.155,0.764,2.736,3.751,0.414,0.000,0.000,0.000,0.000,0.000,0.000,0.000,0.000,0.000,0.000,0.000,0.000,0.000,0.000,0.000,0.000,0,0,1.145,4.424,3.500,0.000,18
Data-Oriented CPU ROAM,RelWithDebInfo,OpenGL,NVIDIA GeForce RTX 5090 D/PCIe/SSE2,4.3.0 NVIDIA 591.86,false,assets/heightmaps/Hm_Terrain_Test_129.pgm,129,129,39.400,12.000,20,4.000,2.000,200000,8.304,0.000,18.000,1.508,14.163,39374,248356,39372,96,48,164,55,0,0,0,0,8,115.943,14.050,13.475,0.352,4.191,0.202,0.000,0.000,0.949,0.158,0.800,2.728,4.094,0.396,0.000,0.000,0.000,0.000,0.000,0.000,0.000,0.000,0.000,0.000,0.000,0.000,0.000,0.000,0.000,0.000,0,0,1.107,4.393,3.528,0.000,18
Data-Oriented CPU ROAM,RelWithDebInfo,OpenGL,NVIDIA GeForce RTX 5090 D/PCIe/SSE2,4.3.0 NVIDIA 591.86,false,assets/heightmaps/Hm_Terrain_Test_129.pgm,129,129,39.400,12.000,20,4.000,2.000,200000,8.318,0.000,18.000,1.484,14.625,39384,248604,39382,124,62,114,77,0,0,0,0,8,116.805,13.981,13.375,0.357,4.135,0.148,0.000,0.000,1.212,0.180,0.789,2.865,3.687,0.416,0.000,0.000,0.000,0.000,0.000,0.000,0.000,0.000,0.000,0.000,0.000,0.000,0.000,0.000,0.000,0.000,0,0,1.392,4.284,3.655,0.000,18
Data-Oriented CPU ROAM,RelWithDebInfo,OpenGL,NVIDIA GeForce RTX 5090 D/PCIe/SSE2,4.3.0 NVIDIA 591.86,false,assets/heightmaps/Hm_Terrain_Test_129.pgm,129,129,39.400,12.000,20,4.000,2.000,200000,8.333,0.000,18.000,1.460,14.372,39390,248832,39388,118,61,112,65,0,0,0,0,8,116.797,13.983,13.376,0.330,4.361,0.176,0.000,0.000,0.953,0.186,0.833,2.602,3.934,0.429,0.000,0.000,0.000,0.000,0.000,0.000,0.000,0.000,0.000,0.000,0.000,0.000,0.000,0.000,0.000,0.000,0,0,1.139,4.537,3.435,0.000,18
Data-Oriented CPU ROAM,RelWithDebInfo,OpenGL,NVIDIA GeForce RTX 5090 D/PCIe/SSE2,4.3.0 NVIDIA 591.86,false,assets/heightmaps/Hm_Terrain_Test_129.pgm,129,129,39.400,12.000,20,4.000,2.000,200000,8.347,0.000,18.000,1.437,14.418,39376,249020,39374,94,47,108,52,0,0,0,0,8,868.987,13.137,12.585,0.363,4.043,0.147,0.000,0.000,1.227,0.148,0.783,2.407,3.468,0.369,0.000,0.000,0.000,0.000,0.000,0.000,0.000,0.000,0.000,0.000,0.000,0.000,0.000,0.000,0.000,0.000,0,0,1.375,4.189,3.190,0.000,18
Data-Oriented CPU ROAM,RelWithDebInfo,OpenGL,NVIDIA GeForce RTX 5090 D/PCIe/SSE2,4.3.0 NVIDIA 591.86,false,assets/heightmaps/Hm_Terrain_Test_129.pgm,129,129,39.400,12.000,20,4.000,2.000,200000,8.361,0.000,18.000,1.415,13.534,39360,249184,39358,82,41,98,43,0,0,0,0,8,116.227,14.034,13.441,0.325,4.100,0.166,0.000,0.000,1.361,0.129,0.833,2.482,4.046,0.420,0.000,0.000,0.000,0.000,0.000,0.000,0.000,0.000,0.000,0.000,0.000,0.000,0.000,0.000,0.000,0.000,0,0,1.490,4.266,3.315,0.000,18
Data-Oriented CPU ROAM,RelWithDebInfo,OpenGL,NVIDIA GeForce RTX 5090 D/PCIe/SSE2,4.3.0 NVIDIA 591.86,false,assets/heightmaps/Hm_Terrain_Test_129.pgm,129,129,39.400,12.000,20,4.000,2.000,200000,8.375,0.000,18.000,1.391,14.427,39356,249424,39354,120,60,124,74,0,0,0,0,8,924.905,14.106,13.513,0.322,4.194,0.146,0.000,0.000,1.269,0.195,0.784,3.001,3.601,0.387,0.000,0.000,0.000,0.000,0.000,0.000,0.000,0.000,0.000,0.000,0.000,0.000,0.000,0.000,0.000,0.000,0,0,1.464,4.340,3.785,0.000,18
Data-Oriented CPU ROAM,RelWithDebInfo,OpenGL,NVIDIA GeForce RTX 5090 D/PCIe/SSE2,4.3.0 NVIDIA 591.86,false,assets/heightmaps/Hm_Terrain_Test_129.pgm,129,129,39.400,12.000,20,4.000,2.000,200000,8.390,0.000,18.000,1.368,14.491,39320,249656,39318,116,58,152,65,0,0,0,0,8,118.550,13.754,13.178,0.314,4.078,0.211,0.000,0.000,1.386,0.189,0.779,2.236,3.985,0.403,0.000,0.000,0.000,0.000,0.000,0.000,0.000,0.000,0.000,0.000,0.000,0.000,0.000,0.000,0.000,0.000,0,0,1.575,4.289,3.015,0.000,18
Data-Oriented CPU ROAM,RelWithDebInfo,OpenGL,NVIDIA GeForce RTX 5090 D/PCIe/SSE2,4.3.0 NVIDIA 591.86,false,assets/heightmaps/Hm_Terrain_Test_129.pgm,129,129,39.400,12.000,20,4.000,2.000,200000,8.404,0.000,18.000,1.346,14.156,39354,249880,39352,112,56,78,60,0,0,0,0,8,117.869,13.823,13.254,0.323,4.223,0.129,0.000,0.000,0.960,0.180,0.787,2.703,3.948,0.386,0.000,0.000,0.000,0.000,0.000,0.000,0.000,0.000,0.000,0.000,0.000,0.000,0.000,0.000,0.000,0.000,0,0,1.140,4.352,3.490,0.000,18
Data-Oriented CPU ROAM,RelWithDebInfo,OpenGL,NVIDIA GeForce RTX 5090 D/PCIe/SSE2,4.3.0 NVIDIA 591.86,false,assets/heightmaps/Hm_Terrain_Test_129.pgm,129,129,39.400,12.000,20,4.000,2.000,200000,8.418,0.000,18.000,1.323,14.236,39314,250044,39312,82,41,122,44,0,0,0,0,8,115.511,14.138,13.525,0.323,4.127,0.169,0.000,0.000,1.194,0.123,0.783,2.508,4.296,0.428,0.000,0.000,0.000,0.000,0.000,0.000,0.000,0.000,0.000,0.000,0.000,0.000,0.000,0.000,0.000,0.000,0,0,1.317,4.297,3.292,0.000,18
Data-Oriented CPU ROAM,RelWithDebInfo,OpenGL,NVIDIA GeForce RTX 5090 D/PCIe/SSE2,4.3.0 NVIDIA 591.86,false,assets/heightmaps/Hm_Terrain_Test_129.pgm,129,129,39.400,12.000,20,4.000,2.000,200000,8.433,0.000,18.000,1.300,14.566,39348,250296,39346,126,63,92,69,0,0,0,0,8,0.000,14.228,13.629,0.358,4.391,0.144,0.000,0.000,1.320,0.195,0.782,2.537,3.902,0.419,0.000,0.000,0.000,0.000,0.000,0.000,0.000,0.000,0.000,0.000,0.000,0.000,0.000,0.000,0.000,0.000,0,0,1.515,4.535,3.319,0.000,18
Data-Oriented CPU ROAM,RelWithDebInfo,OpenGL,NVIDIA GeForce RTX 5090 D/PCIe/SSE2,4.3.0 NVIDIA 591.86,false,assets/heightmaps/Hm_Terrain_Test_129.pgm,129,129,39.400,12.000,20,4.000,2.000,200000,8.447,0.000,18.000,1.278,14.628,39279,250444,39277,74,37,143,38,0,0,0,0,8,112.448,14.432,13.893,0.323,4.248,0.166,0.000,0.000,1.474,0.121,0.770,2.805,3.987,0.364,0.000,0.000,0.000,0.000,0.000,0.000,0.000,0.000,0.000,0.000,0.000,0.000,0.000,0.000,0.000,0.000,0,0,1.595,4.414,3.575,0.000,18
Data-Oriented CPU ROAM,RelWithDebInfo,OpenGL,NVIDIA GeForce RTX 5090 D/PCIe/SSE2,4.3.0 NVIDIA 591.86,false,assets/heightmaps/Hm_Terrain_Test_129.pgm,129,129,39.400,12.000,20,4.000,2.000,200000,8.462,0.000,18.000,1.255,14.864,39275,250660,39273,108,54,112,57,0,0,0,0,8,111.852,14.578,13.967,0.331,4.323,0.142,0.000,0.000,1.278,0.158,0.805,2.917,4.013,0.424,0.000,0.000,0.000,0.000,0.000,0.000,0.000,0.000,0.000,0.000,0.000,0.000,0.000,0.000,0.000,0.000,0,0,1.436,4.465,3.722,0.000,18
Data-Oriented CPU ROAM,RelWithDebInfo,OpenGL,NVIDIA GeForce RTX 5090 D/PCIe/SSE2,4.3.0 NVIDIA 591.86,false,assets/heightmaps/Hm_Terrain_Test_129.pgm,129,129,39.400,12.000,20,4.000,2.000,200000,8.477,0.000,18.000,1.232,14.991,39213,250844,39211,92,46,154,48,0,0,0,0,8,895.031,14.567,13.964,0.323,4.441,0.176,0.000,0.000,1.460,0.148,0.753,2.668,3.994,0.424,0.000,0.000,0.000,0.000,0.000,0.000,0.000,0.000,0.000,0.000,0.000,0.000,0.000,0.000,0.000,0.000,0,0,1.608,4.617,3.422,0.000,18
Data-Oriented CPU ROAM,RelWithDebInfo,OpenGL,NVIDIA GeForce RTX 5090 D/PCIe/SSE2,4.3.0 NVIDIA 591.86,false,assets/heightmaps/Hm_Terrain_Test_129.pgm,129,129,39.400,12.000,20,4.000,2.000,200000,8.492,0.000,18.000,1.209,14.985,39178,251040,39176,98,49,133,52,0,0,0,0,8,111.412,14.651,14.022,0.315,4.304,0.175,0.000,0.000,1.253,0.168,0.773,2.808,4.226,0.434,0.000,0.000,0.000,0.000,0.000,0.000,0.000,0.000,0.000,0.000,0.000,0.000,0.000,0.000,0.000,0.000,0,0,1.421,4.479,3.581,0.000,18
Data-Oriented CPU ROAM,RelWithDebInfo,OpenGL,NVIDIA GeForce RTX 5090 D/PCIe/SSE2,4.3.0 NVIDIA 591.86,false,assets/heightmaps/Hm_Terrain_Test_129.pgm,129,129,39.400,12.000,20,4.000,2.000,200000,8.507,0.000,18.000,1.186,15.079,39163,251248,39161,104,52,119,56,0,0,0,0,8,110.779,14.668,14.103,0.346,4.186,0.156,0.000,0.000,1.522,0.159,0.804,2.835,4.095,0.383,0.000,0.000,0.000,0.000,0.000,0.000,0.000,0.000,0.000,0.000,0.000,0.000,0.000,0.000,0.000,0.000,0,0,1.681,4.342,3.638,0.000,18
Data-Oriented CPU ROAM,RelWithDebInfo,OpenGL,NVIDIA GeForce RTX 5090 D/PCIe/SSE2,4.3.0 NVIDIA 591.86,false,assets/heightmaps/Hm_Terrain_Test_129.pgm,129,129,39.400,12.000,20,4.000,2.000,200000,8.522,0.000,18.000,1.164,15.116,39155,251460,39153,108,55,116,64,0,0,0,0,8,114.520,14.261,13.642,0.318,4.185,0.150,0.000,0.000,1.238,0.167,0.783,2.808,3.994,0.422,0.000,0.000,0.000,0.000,0.000,0.000,0.000,0.000,0.000,0.000,0.000,0.000,0.000,0.000,0.000,0.000,0,0,1.405,4.335,3.591,0.000,18
Data-Oriented CPU ROAM,RelWithDebInfo,OpenGL,NVIDIA GeForce RTX 5090 D/PCIe/SSE2,4.3.0 NVIDIA 591.86,false,assets/heightmaps/Hm_Terrain_Test_129.pgm,129,129,39.400,12.000,20,4.000,2.000,200000,8.537,0.000,18.000,1.142,14.674,39131,251652,39129,96,48,120,51,0,0,0,0,8,116.322,14.064,13.431,0.321,4.176,0.160,0.000,0.000,1.220,0.146,0.772,2.451,4.185,0.438,0.000,0.000,0.000,0.000,0.000,0.000,0.000,0.000,0.000,0.000,0.000,0.000,0.000,0.000,0.000,0.000,0,0,1.366,4.336,3.223,0.000,18
Data-Oriented CPU ROAM,RelWithDebInfo,OpenGL,NVIDIA GeForce RTX 5090 D/PCIe/SSE2,4.3.0 NVIDIA 591.86,false,assets/heightmaps/Hm_Terrain_Test_129.pgm,129,129,39.400,12.000,20,4.000,2.000,200000,8.551,0.000,18.000,1.121,14.477,39109,251860,39107,104,52,126,61,0,0,0,0,8,113.148,14.388,13.807,0.323,4.177,0.164,0.000,0.000,1.450,0.150,0.746,2.694,4.103,0.385,0.000,0.000,0.000,0.000,0.000,0.000,0.000,0.000,0.000,0.000,0.000,0.000,0.000,0.000,0.000,0.000,0,0,1.600,4.341,3.440,0.000,18
Data-Oriented CPU ROAM,RelWithDebInfo,OpenGL,NVIDIA GeForce RTX 5090 D/PCIe/SSE2,4.3.0 NVIDIA 591.86,false,assets/heightmaps/Hm_Terrain_Test_129.pgm,129,129,39.400,12.000,20,4.000,2.000,200000,8.566,0.000,18.000,1.099,14.818,39101,252056,39099,98,49,106,51,0,0,0,0,8,922.966,14.124,13.542,0.310,4.355,0.140,0.000,0.000,1.213,0.152,0.808,2.767,3.796,0.404,0.000,0.000,0.000,0.000,0.000,0.000,0.000,0.000,0.000,0.000,0.000,0.000,0.000,0.000,0.000,0.000,0,0,1.365,4.495,3.575,0.000,18
Data-Oriented CPU ROAM,RelWithDebInfo,OpenGL,NVIDIA GeForce RTX 5090 D/PCIe/SSE2,4.3.0 NVIDIA 591.86,false,assets/heightmaps/Hm_Terrain_Test_129.pgm,129,129,39.400,12.000,20,4.000,2.000,200000,8.581,0.000,18.000,1.078,14.535,39125,252268,39123,106,53,82,58,0,0,0,0,8,116.328,14.045,13.430,0.310,4.263,0.178,0.000,0.000,1.329,0.159,0.828,2.413,3.950,0.432,0.000,0.000,0.000,0.000,0.000,0.000,0.000,0.000,0.000,0.000,0.000,0.000,0.000,0.000,0.000,0.000,0,0,1.488,4.441,3.241,0.000,18
Data-Oriented CPU ROAM,RelWithDebInfo,OpenGL,NVIDIA GeForce RTX 5090 D/PCIe/SSE2,4.3.0 NVIDIA 591.86,false,assets/heightmaps/Hm_Terrain_Test_129.pgm,129,129,39.400,12.000,20,4.000,2.000,200000,8.595,0.000,18.000,1.057,14.451,39119,252452,39117,92,46,98,48,0,0,0,0,8,113.151,14.416,13.807,0.308,4.208,0.137,0.000,0.000,1.449,0.142,0.832,2.740,3.990,0.434,0.000,0.000,0.000,0.000,0.000,0.000,0.000,0.000,0.000,0.000,0.000,0.000,0.000,0.000,0.000,0.000,0,0,1.591,4.345,3.572,0.000,18
Data-Oriented CPU ROAM,RelWithDebInfo,OpenGL,NVIDIA GeForce RTX 5090 D/PCIe/SSE2,4.3.0 NVIDIA 591.86,false,assets/heightmaps/Hm_Terrain_Test_129.pgm,129,129,39.400,12.000,20,4.000,2.000,200000,8.610,0.000,18.000,1.036,14.827,39149,252684,39147,116,58,86,61,0,0,0,0,8,900.687,14.460,13.876,0.321,4.334,0.122,0.000,0.000,1.267,0.178,0.777,2.871,4.006,0.387,0.000,0.000,0.000,0.000,0.000,0.000,0.000,0.000,0.000,0.000,0.000,0.000,0.000,0.000,0.000,0.000,0,0,1.445,4.456,3.648,0.000,18
Data-Oriented CPU ROAM,RelWithDebInfo,OpenGL,NVIDIA GeForce RTX 5090 D/PCIe/SSE2,4.3.0 NVIDIA 591.86,false,assets/heightmaps/Hm_Terrain_Test_129.pgm,129,129,39.400,12.000,20,4.000,2.000,200000,8.625,0.000,18.000,1.015,14.892,39036,252852,39034,84,42,197,49,0,0,0,0,8,356.415,13.746,13.150,0.321,4.106,0.232,0.000,0.000,0.919,0.138,0.845,2.591,3.998,0.413,0.000,0.000,0.000,0.000,0.000,0.000,0.000,0.000,0.000,0.000,0.000,0.000,0.000,0.000,0.000,0.000,0,0,1.057,4.338,3.436,0.000,18
Data-Oriented CPU ROAM,RelWithDebInfo,OpenGL,NVIDIA GeForce RTX 5090 D/PCIe/SSE2,4.3.0 NVIDIA 591.86,false,assets/heightmaps/Hm_Terrain_Test_129.pgm,129,129,39.400,12.000,20,4.000,2.000,200000,8.639,0.000,18.000,0.995,14.224,38996,253016,38994,82,41,122,46,0,0,0,0,8,125.125,13.077,12.486,0.327,3.966,0.159,0.000,0.000,0.874,0.160,0.817,2.627,3.555,0.399,0.000,0.000,0.000,0.000,0.000,0.000,0.000,0.000,0.000,0.000,0.000,0.000,0.000,0.000,0.000,0.000,0,0,1.034,4.125,3.444,0.000,18
Data-Oriented CPU ROAM,RelWithDebInfo,OpenGL,NVIDIA GeForce RTX 5090 D/PCIe/SSE2,4.3.0 NVIDIA 591.86,false,assets/heightmaps/Hm_Terrain_Test_129.pgm,129,129,39.400,12.000,20,4.000,2.000,200000,8.653,0.000,18.000,0.977,13.467,38938,253164,38936,74,37,132,40,0,0,0,0,8,109.237,14.872,14.302,0.313,4.046,0.177,0.000,0.000,1.410,0.118,0.784,3.529,3.925,0.394,0.000,0.000,0.000,0.000,0.000,0.000,0.000,0.000,0.000,0.000,0.000,0.000,0.000,0.000,0.000,0.000,0,0,1.528,4.223,4.314,0.000,18
Data-Oriented CPU ROAM,RelWithDebInfo,OpenGL,NVIDIA GeForce RTX 5090 D/PCIe/SSE2,4.3.0 NVIDIA 591.86,false,assets/heightmaps/Hm_Terrain_Test_129.pgm,129,129,39.400,12.000,20,4.000,2.000,200000,8.668,0.000,18.000,0.956,15.285,38890,253332,38888,84,42,132,51,0,0,0,0,8,111.269,14.665,14.040,0.312,4.349,0.154,0.000,0.000,1.245,0.130,0.807,2.935,4.107,0.431,0.000,0.000,0.000,0.000,0.000,0.000,0.000,0.000,0.000,0.000,0.000,0.000,0.000,0.000,0.000,0.000,0,0,1.375,4.503,3.742,0.000,18
Data-Oriented CPU ROAM,RelWithDebInfo,OpenGL,NVIDIA GeForce RTX 5090 D/PCIe/SSE2,4.3.0 NVIDIA 591.86,false,assets/heightmaps/Hm_Terrain_Test_129.pgm,129,129,39.400,12.000,20,4.000,2.000,200000,8.683,0.000,18.000,0.935,15.072,38902,253536,38900,102,51,90,53,0,0,0,0,8,112.133,14.518,13.932,0.309,4.232,0.140,0.000,0.000,1.559,0.161,0.825,2.807,3.899,0.407,0.000,0.000,0.000,0.000,0.000,0.000,0.000,0.000,0.000,0.000,0.000,0.000,0.000,0.000,0.000,0.000,0,0,1.720,4.372,3.633,0.000,18
Data-Oriented CPU ROAM,RelWithDebInfo,OpenGL,NVIDIA GeForce RTX 5090 D/PCIe/SSE2,4.3.0 NVIDIA 591.86,false,assets/heightmaps/Hm_Terrain_Test_129.pgm,129,129,39.400,12.000,20,4.000,2.000,200000,8.698,0.000,18.000,0.915,14.930,38878,253644,38876,54,27,78,36,0,0,0,0,8,0.000,14.041,13.452,0.307,4.258,0.117,0.000,0.000,0.925,0.092,0.800,3.101,3.852,0.409,0.000,0.000,0.000,0.000,0.000,0.000,0.000,0.000,0.000,0.000,0.000,0.000,0.000,0.000,0.000,0.000,0,0,1.017,4.375,3.901,0.000,18
Data-Oriented CPU ROAM,RelWithDebInfo,OpenGL,NVIDIA GeForce RTX 5090 D/PCIe/SSE2,4.3.0 NVIDIA 591.86,false,assets/heightmaps/Hm_Terrain_Test_129.pgm,129,129,39.400,12.000,20,4.000,2.000,200000,8.712,0.000,18.000,0.896,14.447,38858,253792,38856,74,37,94,38,0,0,0,0,8,113.804,14.289,13.728,0.312,4.039,0.131,0.000,0.000,1.514,0.113,0.776,2.872,3.971,0.373,0.000,0.000,0.000,0.000,0.000,0.000,0.000,0.000,0.000,0.000,0.000,0.000,0.000,0.000,0.000,0.000,0,0,1.627,4.170,3.648,0.000,18
Data-Oriented CPU ROAM,RelWithDebInfo,OpenGL,NVIDIA GeForce RTX 5090 D/PCIe/SSE2,4.3.0 NVIDIA 591.86,false,assets/heightmaps/Hm_Terrain_Test_129.pgm,129,129,39.400,12.000,20,4.000,2.000,200000,8.727,0.000,18.000,0.876,14.726,38848,253992,38846,100,50,110,55,0,0,0,0,8,911.963,14.313,13.705,0.330,4.443,0.181,0.000,0.000,1.195,0.152,0.757,2.776,3.873,0.430,0.000,0.000,0.000,0.000,0.000,0.000,0.000,0.000,0.000,0.000,0.000,0.000,0.000,0.000,0.000,0.000,0,0,1.347,4.623,3.532,0.000,18
Data-Oriented CPU ROAM,RelWithDebInfo,OpenGL,NVIDIA GeForce RTX 5090 D/PCIe/SSE2,4.3.0 NVIDIA 591.86,false,assets/heightmaps/Hm_Terrain_Test_129.pgm,129,129,39.400,12.000,20,4.000,2.000,200000,8.742,0.000,18.000,0.857,14.728,38862,254188,38860,98,49,84,54,0,0,0,0,8,117.065,13.974,13.345,0.313,4.202,0.121,0.000,0.000,1.305,0.149,0.824,2.267,4.164,0.433,0.000,0.000,0.000,0.000,0.000,0.000,0.000,0.000,0.000,0.000,0.000,0.000,0.000,0.000,0.000,0.000,0,0,1.454,4.323,3.092,0.000,18
Data-Oriented CPU ROAM,RelWithDebInfo,OpenGL,NVIDIA GeForce RTX 5090 D/PCIe/SSE2,4.3.0 NVIDIA 591.86,false,assets/heightmaps/Hm_Terrain_Test_129.pgm,129,129,39.400,12.000,20,4.000,2.000,200000,8.756,0.000,18.000,0.839,14.418,38816,254344,38814,78,39,124,43,0,0,0,0,8,101.654,15.995,15.369,0.324,4.347,0.163,0.000,0.000,1.396,0.132,0.828,2.621,5.558,0.398,0.000,0.000,0.000,0.000,0.000,0.000,0.000,0.000,0.000,0.000,0.000,0.000,0.000,0.000,0.000,0.000,0,0,1.527,4.510,3.449,0.000,18
Data-Oriented CPU ROAM,RelWithDebInfo,OpenGL,NVIDIA GeForce RTX 5090 D/PCIe/SSE2,4.3.0 NVIDIA 591.86,false,assets/heightmaps/Hm_Terrain_Test_129.pgm,129,129,39.400,12.000,20,4.000,2.000,200000,8.773,0.000,18.000,0.817,16.479,38814,254552,38812,104,52,106,56,0,0,0,0,8,106.287,15.341,14.698,0.361,4.323,0.162,0.000,0.000,1.269,0.165,1.264,2.844,4.311,0.452,0.000,0.000,0.000,0.000,0.000,0.000,0.000,0.000,0.000,0.000,0.000,0.000,0.000,0.000,0.000,0.000,0,0,1.434,4.485,4.108,0.000,18
Data-Oriented CPU ROAM,RelWithDebInfo,OpenGL,NVIDIA GeForce RTX 5090 D/PCIe/SSE2,4.3.0 NVIDIA 591.86,false,assets/heightmaps/Hm_Terrain_Test_129.pgm,129,129,39.400,12.000,20,4.000,2.000,200000,8.788,0.000,18.000,0.797,15.804,38786,254740,38784,94,47,122,49,0,0,0,0,8,116.382,14.030,13.424,0.337,4.574,0.153,0.000,0.000,0.963,0.147,0.788,2.666,3.796,0.393,0.000,0.000,0.000,0.000,0.000,0.000,0.000,0.000,0.000,0.000,0.000,0.000,0.000,0.000,0.000,0.000,0,0,1.111,4.726,3.454,0.000,18
Data-Oriented CPU ROAM,RelWithDebInfo,OpenGL,NVIDIA GeForce RTX 5090 D/PCIe/SSE2,4.3.0 NVIDIA 591.86,false,assets/heightmaps/Hm_Terrain_Test_129.pgm,129,129,39.400,12.000,20,4.000,2.000,200000,8.803,0.000,18.000,0.779,14.465,38768,254896,38766,78,39,96,42,0,0,0,0,8,117.935,13.835,13.246,0.312,4.092,0.157,0.000,0.000,1.307,0.118,0.815,2.463,3.983,0.409,0.000,0.000,0.000,0.000,0.000,0.000,0.000,0.000,0.000,0.000,0.000,0.000,0.000,0.000,0.000,0.000,0,0,1.425,4.249,3.278,0.000,18
Data-Oriented CPU ROAM,RelWithDebInfo,OpenGL,NVIDIA GeForce RTX 5090 D/PCIe/SSE2,4.3.0 NVIDIA 591.86,false,assets/heightmaps/Hm_Terrain_Test_129.pgm,129,129,39.400,12.000,20,4.000,2.000,200000,8.817,0.000,18.000,0.762,14.254,38692,255072,38690,88,44,164,49,0,0,0,0,8,117.940,13.790,13.246,0.332,4.154,0.184,0.000,0.000,1.224,0.145,0.775,2.819,3.612,0.362,0.000,0.000,0.000,0.000,0.000,0.000,0.000,0.000,0.000,0.000,0.000,0.000,0.000,0.000,0.000,0.000,0,0,1.369,4.338,3.594,0.000,18
Data-Oriented CPU ROAM,RelWithDebInfo,OpenGL,NVIDIA GeForce RTX 5090 D/PCIe/SSE2,4.3.0 NVIDIA 591.86,false,assets/heightmaps/Hm_Terrain_Test_129.pgm,129,129,39.400,12.000,20,4.000,2.000,200000,8.831,0.000,18.000,0.744,14.214,38674,255204,38672,66,33,84,40,0,0,0,0,8,230.218,14.158,13.572,0.310,4.207,0.149,0.000,0.000,1.182,0.105,0.877,2.672,4.068,0.414,0.000,0.000,0.000,0.000,0.000,0.000,0.000,0.000,0.000,0.000,0.000,0.000,0.000,0.000,0.000,0.000,0,0,1.288,4.357,3.550,0.000,18
Data-Oriented CPU ROAM,RelWithDebInfo,OpenGL,NVIDIA GeForce RTX 5090 D/PCIe/SSE2,4.3.0 NVIDIA 591.86,false,assets/heightmaps/Hm_Terrain_Test_129.pgm,129,129,39.400,12.000,20,4.000,2.000,200000,8.846,0.000,18.000,0.727,14.620,38684,255372,38682,84,42,74,45,0,0,0,0,8,119.057,13.722,13.122,0.326,4.111,0.111,0.000,0.000,1.281,0.132,0.792,2.437,3.931,0.435,0.000,0.000,0.000,0.000,0.000,0.000,0.000,0.000,0.000,0.000,0.000,0.000,0.000,0.000,0.000,0.000,0,0,1.413,4.222,3.230,0.000,18
Data-Oriented CPU ROAM,RelWithDebInfo,OpenGL,NVIDIA GeForce RTX 5090 D/PCIe/SSE2,4.3.0 NVIDIA 591.86,false,assets/heightmaps/Hm_Terrain_Test_129.pgm,129,129,39.400,12.000,20,4.000,2.000,200000,8.860,0.000,18.000,0.710,14.116,38692,255544,38690,86,43,78,51,0,0,0,0,8,896.970,14.493,13.933,0.311,4.248,0.116,0.000,0.000,1.266,0.149,0.831,2.834,4.177,0.374,0.000,0.000,0.000,0.000,0.000,0.000,0.000,0.000,0.000,0.000,0.000,0.000,0.000,0.000,0.000,0.000,0,0,1.416,4.364,3.665,0.000,18
Data-Oriented CPU ROAM,RelWithDebInfo,OpenGL,NVIDIA GeForce RTX 5090 D/PCIe/SSE2,4.3.0 NVIDIA 591.86,false,assets/heightmaps/Hm_Terrain_Test_129.pgm,129,129,39.400,12.000,20,4.000,2.000,200000,8.875,0.000,18.000,0.692,14.946,38714,255728,38712,92,46,70,47,0,0,0,0,8,925.645,14.112,13.502,0.343,4.028,0.106,0.000,0.000,1.276,0.154,0.813,2.433,4.348,0.406,0.000,0.000,0.000,0.000,0.000,0.000,0.000,0.000,0.000,0.000,0.000,0.000,0.000,0.000,0.000,0.000,0,0,1.430,4.134,3.247,0.000,18
Data-Oriented CPU ROAM,RelWithDebInfo,OpenGL,NVIDIA GeForce RTX 5090 D/PCIe/SSE2,4.3.0 NVIDIA 591.86,false,assets/heightmaps/Hm_Terrain_Test_129.pgm,129,129,39.400,12.000,20,4.000,2.000,200000,8.890,0.000,18.000,0.675,14.533,38670,255912,38668,92,46,136,49,0,0,0,0,8,114.926,14.180,13.594,0.305,4.261,0.193,0.000,0.000,1.358,0.142,0.839,2.483,4.014,0.412,0.000,0.000,0.000,0.000,0.000,0.000,0.000,0.000,0.000,0.000,0.000,0.000,0.000,0.000,0.000,0.000,0,0,1.500,4.453,3.321,0.000,18
Data-Oriented CPU ROAM,RelWithDebInfo,OpenGL,NVIDIA GeForce RTX 5090 D/PCIe/SSE2,4.3.0 NVIDIA 591.86,false,assets/heightmaps/Hm_Terrain_Test_129.pgm,129,129,39.400,12.000,20,4.000,2.000,200000,8.904,0.000,18.000,0.658,14.605,38636,256044,38634,66,33,100,36,0,0,0,0,8,116.672,13.991,13.391,0.337,4.087,0.127,0.000,0.000,1.504,0.109,0.772,2.741,3.713,0.404,0.000,0.000,0.000,0.000,0.000,0.000,0.000,0.000,0.000,0.000,0.000,0.000,0.000,0.000,0.000,0.000,0,0,1.613,4.214,3.513,0.000,18
Data-Oriented CPU ROAM,RelWithDebInfo,OpenGL,NVIDIA GeForce RTX 5090 D/PCIe/SSE2,4.3.0 NVIDIA 591.86,false,assets/heightmaps/Hm_Terrain_Test_129.pgm,129,129,39.400,12.000,20,4.000,2.000,200000,8.919,0.000,18.000,0.641,14.396,38624,256208,38622,82,41,94,42,0,0,0,0,8,116.517,13.960,13.408,0.327,4.150,0.134,0.000,0.000,1.376,0.135,0.804,2.571,3.911,0.377,0.000,0.000,0.000,0.000,0.000,0.000,0.000,0.000,0.000,0.000,0.000,0.000,0.000,0.000,0.000,0.000,0,0,1.511,4.284,3.375,0.000,18
Data-Oriented CPU ROAM,RelWithDebInfo,OpenGL,NVIDIA GeForce RTX 5090 D/PCIe/SSE2,4.3.0 NVIDIA 591.86,false,assets/heightmaps/Hm_Terrain_Test_129.pgm,129,129,39.400,12.000,20,4.000,2.000,200000,8.933,0.000,18.000,0.625,14.386,38614,256324,38612,58,29,68,29,0,0,0,0,8,113.520,14.351,13.762,0.305,4.225,0.135,0.000,0.000,1.252,0.096,0.806,2.375,4.569,0.405,0.000,0.000,0.000,0.000,0.000,0.000,0.000,0.000,0.000,0.000,0.000,0.000,0.000,0.000,0.000,0.000,0,0,1.348,4.360,3.180,0.000,18
Data-Oriented CPU ROAM,RelWithDebInfo,OpenGL,NVIDIA GeForce RTX 5090 D/PCIe/SSE2,4.3.0 NVIDIA 591.86,false,assets/heightmaps/Hm_Terrain_Test_129.pgm,129,129,39.400,12.000,20,4.000,2.000,200000,8.948,0.000,18.000,0.608,14.757,38604,256460,38602,68,34,78,41,0,0,0,0,8,0.000,14.179,13.594,0.329,4.439,0.129,0.000,0.000,1.237,0.103,0.822,2.442,4.094,0.410,0.000,0.000,0.000,0.000,0.000,0.000,0.000,0.000,0.000,0.000,0.000,0.000,0.000,0.000,0.000,0.000,0,0,1.340,4.567,3.264,0.000,18
Data-Oriented CPU ROAM,RelWithDebInfo,OpenGL,NVIDIA GeForce RTX 5090 D/PCIe/SSE2,4.3.0 NVIDIA 591.86,false,assets/heightmaps/Hm_Terrain_Test_129.pgm,129,129,39.400,12.000,20,4.000,2.000,200000,8.962,0.000,18.000,0.592,14.598,38626,256668,38624,104,52,82,58,0,0,0,0,8,114.069,14.272,13.695,0.311,4.127,0.118,0.000,0.000,1.400,0.165,0.903,2.651,4.021,0.385,0.000,0.000,0.000,0.000,0.000,0.000,0.000,0.000,0.000,0.000,0.000,0.000,0.000,0.000,0.000,0.000,0,0,1.565,4.245,3.554,0.000,18
Data-Oriented CPU ROAM,RelWithDebInfo,OpenGL,NVIDIA GeForce RTX 5090 D/PCIe/SSE2,4.3.0 NVIDIA 591.86,false,assets/heightmaps/Hm_Terrain_Test_129.pgm,129,129,39.400,12.000,20,4.000,2.000,200000,8.977,0.000,18.000,0.576,14.712,38604,256784,38602,58,29,80,30,0,0,0,0,8,910.680,14.313,13.724,0.307,4.296,0.148,0.000,0.000,1.242,0.108,0.840,2.926,3.856,0.410,0.000,0.000,0.000,0.000,0.000,0.000,0.000,0.000,0.000,0.000,0.000,0.000,0.000,0.000,0.000,0.000,0,0,1.350,4.444,3.766,0.000,18
Data-Oriented CPU ROAM,RelWithDebInfo,OpenGL,NVIDIA GeForce RTX 5090 D/PCIe/SSE2,4.3.0 NVIDIA 591.86,false,assets/heightmaps/Hm_Terrain_Test_129.pgm,129,129,39.400,12.000,20,4.000,2.000,200000,8.992,0.000,18.000,0.560,14.721,38586,256924,38584,70,35,88,36,0,0,0,0,8,121.947,13.379,12.811,0.306,4.024,0.138,0.000,0.000,1.344,0.111,0.803,2.524,3.560,0.395,0.000,0.000,0.000,0.000,0.000,0.000,0.000,0.000,0.000,0.000,0.000,0.000,0.000,0.000,0.000,0.000,0,0,1.455,4.163,3.327,0.000,18
Data-Oriented CPU ROAM,RelWithDebInfo,OpenGL,NVIDIA GeForce RTX 5090 D/PCIe/SSE2,4.3.0 NVIDIA 591.86,false,assets/heightmaps/Hm_Terrain_Test_129.pgm,129,129,39.400,12.000,20,4.000,2.000,200000,9.006,0.000,18.000,0.546,13.745,38566,257068,38564,72,36,92,38,0,0,0,0,8,117.053,13.913,13.346,0.337,4.548,0.128,0.000,0.000,0.891,0.129,0.835,2.649,3.829,0.397,0.000,0.000,0.000,0.000,0.000,0.000,0.000,0.000,0.000,0.000,0.000,0.000,0.000,0.000,0.000,0.000,0,0,1.020,4.677,3.484,0.000,18
Data-Oriented CPU ROAM,RelWithDebInfo,OpenGL,NVIDIA GeForce RTX 5090 D/PCIe/SSE2,4.3.0 NVIDIA 591.86,false,assets/heightmaps/Hm_Terrain_Test_129.pgm,129,129,39.400,12.000,20,4.000,2.000,200000,9.020,0.000,18.000,0.531,14.301,38518,257200,38516,66,33,114,34,0,0,0,0,8,990.593,13.152,12.617,0.313,4.013,0.149,0.000,0.000,0.983,0.106,0.808,2.630,3.615,0.366,0.000,0.000,0.000,0.000,0.000,0.000,0.000,0.000,0.000,0.000,0.000,0.000,0.000,0.000,0.000,0.000,0,0,1.089,4.162,3.438,0.000,18
Data-Oriented CPU ROAM,RelWithDebInfo,OpenGL,NVIDIA GeForce RTX 5090 D/PCIe/SSE2,4.3.0 NVIDIA 591.86,false,assets/heightmaps/Hm_Terrain_Test_129.pgm,129,129,39.400,12.000,20,4.000,2.000,200000,9.033,0.000,18.000,0.517,13.578,38495,257312,38493,56,28,79,31,0,0,0,0,8,113.489,14.348,13.766,0.317,4.110,0.130,0.000,0.000,1.392,0.092,0.797,2.780,4.148,0.411,0.000,0.000,0.000,0.000,0.000,0.000,0.000,0.000,0.000,0.000,0.000,0.000,0.000,0.000,0.000,0.000,0,0,1.484,4.239,3.577,0.000,18
Data-Oriented CPU ROAM,RelWithDebInfo,OpenGL,NVIDIA GeForce RTX 5090 D/PCIe/SSE2,4.3.0 NVIDIA 591.86,false,assets/heightmaps/Hm_Terrain_Test_129.pgm,129,129,39.400,12.000,20,4.000,2.000,200000,9.048,0.000,18.000,0.501,14.783,38533,257460,38531,74,37,36,40,0,0,0,0,8,990.648,13.197,12.616,0.315,4.128,0.065,0.000,0.000,1.227,0.125,0.811,2.335,3.610,0.398,0.000,0.000,0.000,0.000,0.000,0.000,0.000,0.000,0.000,0.000,0.000,0.000,0.000,0.000,0.000,0.000,0,0,1.352,4.193,3.146,0.000,18
Data-Oriented CPU ROAM,RelWithDebInfo,OpenGL,NVIDIA GeForce RTX 5090 D/PCIe/SSE2,4.3.0 NVIDIA 591.86,false,assets/heightmaps/Hm_Terrain_Test_129.pgm,129,129,39.400,12.000,20,4.000,2.000,200000,9.062,0.000,18.000,0.488,13.602,38533,257552,38531,46,23,46,28,0,0,0,0,8,120.294,13.528,12.987,0.317,4.088,0.081,0.000,0.000,1.342,0.087,0.803,2.513,3.756,0.373,0.000,0.000,0.000,0.000,0.000,0.000,0.000,0.000,0.000,0.000,0.000,0.000,0.000,0.000,0.000,0.000,0,0,1.429,4.169,3.316,0.000,18
Data-Oriented CPU ROAM,RelWithDebInfo,OpenGL,NVIDIA GeForce RTX 5090 D/PCIe/SSE2,4.3.0 NVIDIA 591.86,false,assets/heightmaps/Hm_Terrain_Test_129.pgm,129,129,39.400,12.000,20,4.000,2.000,200000,9.076,0.000,18.000,0.474,13.943,38503,257688,38501,68,34,98,36,0,0,0,0,8,118.549,13.755,13.179,0.305,4.082,0.133,0.000,0.000,1.019,0.111,0.812,2.765,3.951,0.404,0.000,0.000,0.000,0.000,0.000,0.000,0.000,0.000,0.000,0.000,0.000,0.000,0.000,0.000,0.000,0.000,0,0,1.130,4.215,3.577,0.000,18
Data-Oriented CPU ROAM,RelWithDebInfo,OpenGL,NVIDIA GeForce RTX 5090 D/PCIe/SSE2,4.3.0 NVIDIA 591.86,false,assets/heightmaps/Hm_Terrain_Test_129.pgm,129,129,39.400,12.000,20,4.000,2.000,200000,9.090,0.000,18.000,0.460,14.137,38487,257804,38485,58,29,74,31,0,0,0,0,8,120.389,13.608,12.977,0.308,4.021,0.115,0.000,0.000,1.332,0.097,0.771,2.572,3.762,0.461,0.000,0.000,0.000,0.000,0.000,0.000,0.000,0.000,0.000,0.000,0.000,0.000,0.000,0.000,0.000,0.000,0,0,1.428,4.136,3.343,0.000,18
Data-Oriented CPU ROAM,RelWithDebInfo,OpenGL,NVIDIA GeForce RTX 5090 D/PCIe/SSE2,4.3.0 NVIDIA 591.86,false,assets/heightmaps/Hm_Terrain_Test_129.pgm,129,129,39.400,12.000,20,4.000,2.000,200000,9.104,0.000,18.000,0.446,14.001,38436,257904,38434,50,25,101,26,0,0,0,0,8,0.000,13.611,13.011,0.306,4.179,0.150,0.000,0.000,1.278,0.084,0.805,2.477,3.731,0.417,0.000,0.000,0.000,0.000,0.000,0.000,0.000,0.000,0.000,0.000,0.000,0.000,0.000,0.000,0.000,0.000,0,0,1.362,4.329,3.282,0.000,18
Data-Oriented CPU ROAM,RelWithDebInfo,OpenGL,NVIDIA GeForce RTX 5090 D/PCIe/SSE2,4.3.0 NVIDIA 591.86,false,assets/heightmaps/Hm_Terrain_Test_129.pgm,129,129,39.400,12.000,20,4.000,2.000,200000,9.118,0.000,18.000,0.433,14.007,38406,258040,38404,68,34,98,35,0,0,0,0,8,966.916,13.500,12.926,0.315,4.360,0.134,0.000,0.000,1.221,0.122,0.755,2.420,3.598,0.407,0.000,0.000,0.000,0.000,0.000,0.000,0.000,0.000,0.000,0.000,0.000,0.000,0.000,0.000,0.000,0.000,0,0,1.344,4.495,3.174,0.000,18
Data-Oriented CPU ROAM,RelWithDebInfo,OpenGL,NVIDIA GeForce RTX 5090 D/PCIe/SSE2,4.3.0 NVIDIA 591.86,false,assets/heightmaps/Hm_Terrain_Test_129.pgm,129,129,39.400,12.000,20,4.000,2.000,200000,9.132,0.000,18.000,0.420,13.880,38358,258136,38356,48,24,96,27,0,0,0,0,8,119.828,13.624,13.037,0.321,4.164,0.140,0.000,0.000,1.009,0.082,0.802,2.693,3.827,0.409,0.000,0.000,0.000,0.000,0.000,0.000,0.000,0.000,0.000,0.000,0.000,0.000,0.000,0.000,0.000,0.000,0,0,1.091,4.304,3.494,0.000,18
Data-Oriented CPU ROAM,RelWithDebInfo,OpenGL,NVIDIA GeForce RTX 5090 D/PCIe/SSE2,4.3.0 NVIDIA 591.86,false,assets/heightmaps/Hm_Terrain_Test_129.pgm,129,129,39.400,12.000,20,4.000,2.000,200000,9.146,0.000,18.000,0.407,14.044,38290,258244,38288,54,27,122,27,0,0,0,0,8,121.864,13.395,12.819,0.344,4.224,0.161,0.000,0.000,0.924,0.094,0.760,2.767,3.546,0.406,0.000,0.000,0.000,0.000,0.000,0.000,0.000,0.000,0.000,0.000,0.000,0.000,0.000,0.000,0.000,0.000,0,0,1.018,4.385,3.527,0.000,18
Data-Oriented CPU ROAM,RelWithDebInfo,OpenGL,NVIDIA GeForce RTX 5090 D/PCIe/SSE2,4.3.0 NVIDIA 591.86,false,assets/heightmaps/Hm_Terrain_Test_129.pgm,129,129,39.400,12.000,20,4.000,2.000,200000,9.160,0.000,18.000,0.394,13.776,38276,258336,38274,46,23,60,32,0,0,0,0,8,124.200,13.143,12.579,0.305,3.933,0.098,0.000,0.000,0.898,0.075,0.812,2.497,3.962,0.391,0.000,0.000,0.000,0.000,0.000,0.000,0.000,0.000,0.000,0.000,0.000,0.000,0.000,0.000,0.000,0.000,0,0,0.973,4.030,3.309,0.000,18
Data-Oriented CPU ROAM,RelWithDebInfo,OpenGL,NVIDIA GeForce RTX 5090 D/PCIe/SSE2,4.3.0 NVIDIA 591.86,false,assets/heightmaps/Hm_Terrain_Test_129.pgm,129,129,39.400,12.000,20,4.000,2.000,200000,9.173,0.000,18.000,0.382,13.560,38270,258448,38268,56,28,62,34,0,0,0,0,8,980.792,13.319,12.743,0.310,3.998,0.094,0.000,0.000,1.277,0.089,0.770,2.471,3.733,0.408,0.000,0.000,0.000,0.000,0.000,0.000,0.000,0.000,0.000,0.000,0.000,0.000,0.000,0.000,0.000,0.000,0,0,1.366,4.092,3.241,0.000,18
Data-Oriented CPU ROAM,RelWithDebInfo,OpenGL,NVIDIA GeForce RTX 5090 D/PCIe/SSE2,4.3.0 NVIDIA 591.86,false,assets/heightmaps/Hm_Terrain_Test_129.pgm,129,129,39.400,12.000,20,4.000,2.000,200000,9.187,0.000,18.000,0.370,13.682,38307,258592,38305,72,36,35,36,0,0,0,0,8,120.916,13.511,12.920,0.296,4.114,0.064,0.000,0.000,1.319,0.121,0.827,2.503,3.675,0.415,0.000,0.000,0.000,0.000,0.000,0.000,0.000,0.000,0.000,0.000,0.000,0.000,0.000,0.000,0.000,0.000,0,0,1.441,4.178,3.330,0.000,18
Data-Oriented CPU ROAM,RelWithDebInfo,OpenGL,NVIDIA GeForce RTX 5090 D/PCIe/SSE2,4.3.0 NVIDIA 591.86,false,assets/heightmaps/Hm_Terrain_Test_129.pgm,129,129,39.400,12.000,20,4.000,2.000,200000,9.201,0.000,18.000,0.357,13.912,38287,258680,38285,44,22,64,30,0,0,0,0,8,116.074,14.070,13.459,0.313,4.183,0.106,0.000,0.000,1.311,0.073,0.778,2.710,3.986,0.428,0.000,0.000,0.000,0.000,0.000,0.000,0.000,0.000,0.000,0.000,0.000,0.000,0.000,0.000,0.000,0.000,0,0,1.384,4.289,3.488,0.000,18
Data-Oriented CPU ROAM,RelWithDebInfo,OpenGL,NVIDIA GeForce RTX 5090 D/PCIe/SSE2,4.3.0 NVIDIA 591.86,false,assets/heightmaps/Hm_Terrain_Test_129.pgm,129,129,39.400,12.000,20,4.000,2.000,200000,9.215,0.000,18.000,0.345,14.474,38252,258752,38250,36,18,71,34,0,0,0,0,8,114.388,14.228,13.658,0.307,4.188,0.112,0.000,0.000,1.464,0.062,0.796,2.760,3.970,0.391,0.000,0.000,0.000,0.000,0.000,0.000,0.000,0.000,0.000,0.000,0.000,0.000,0.000,0.000,0.000,0.000,0,0,1.526,4.300,3.555,0.000,18
Data-Oriented CPU ROAM,RelWithDebInfo,OpenGL,NVIDIA GeForce RTX 5090 D/PCIe/SSE2,4.3.0 NVIDIA 591.86,false,assets/heightmaps/Hm_Terrain_Test_129.pgm,129,129,39.400,12.000,20,4.000,2.000,200000,9.230,0.000,18.000,0.333,14.662,38278,258880,38276,64,32,38,34,0,0,0,0,8,0.000,13.337,12.771,0.317,4.213,0.070,0.000,0.000,1.279,0.097,0.754,2.510,3.530,0.395,0.000,0.000,0.000,0.000,0.000,0.000,0.000,0.000,0.000,0.000,0.000,0.000,0.000,0.000,0.000,0.000,0,0,1.376,4.284,3.264,0.000,18
Data-Oriented CPU ROAM,RelWithDebInfo,OpenGL,NVIDIA GeForce RTX 5090 D/PCIe/SSE2,4.3.0 NVIDIA 591.86,false,assets/heightmaps/Hm_Terrain_Test_129.pgm,129,129,39.400,12.000,20,4.000,2.000,200000,9.244,0.000,18.000,0.321,13.732,38262,258976,38260,48,24,64,24,0,0,0,0,8,117.836,13.828,13.257,0.297,4.063,0.126,0.000,0.000,1.418,0.088,0.815,2.602,3.848,0.396,0.000,0.000,0.000,0.000,0.000,0.000,0.000,0.000,0.000,0.000,0.000,0.000,0.000,0.000,0.000,0.000,0,0,1.506,4.188,3.418,0.000,18
Data-Oriented CPU ROAM,RelWithDebInfo,OpenGL,NVIDIA GeForce RTX 5090 D/PCIe/SSE2,4.3.0 NVIDIA 591.86,false,assets/heightmaps/Hm_Terrain_Test_129.pgm,129,129,39.400,12.000,20,4.000,2.000,200000,9.258,0.000,18.000,0.309,14.217,38232,259052,38230,38,19,68,32,0,0,0,0,8,118.711,13.734,13.160,0.300,4.258,0.110,0.000,0.000,1.275,0.066,0.789,2.468,3.894,0.403,0.000,0.000,0.000,0.000,0.000,0.000,0.000,0.000,0.000,0.000,0.000,0.000,0.000,0.000,0.000,0.000,0,0,1.342,4.367,3.257,0.000,18
Data-Oriented CPU ROAM,RelWithDebInfo,OpenGL,NVIDIA GeForce RTX 5090 D/PCIe/SSE2,4.3.0 NVIDIA 591.86,false,assets/heightmaps/Hm_Terrain_Test_129.pgm,129,129,39.400,12.000,20,4.000,2.000,200000,9.272,0.000,18.000,0.298,14.174,38124,259144,38122,46,23,154,29,0,0,0,0,8,121.501,13.452,12.858,0.308,3.740,0.172,0.000,0.000,1.282,0.088,0.797,2.621,3.849,0.421,0.000,0.000,0.000,0.000,0.000,0.000,0.000,0.000,0.000,0.000,0.000,0.000,0.000,0.000,0.000,0.000,0,0,1.371,3.912,3.418,0.000,18
Data-Oriented CPU ROAM,RelWithDebInfo,OpenGL,NVIDIA GeForce RTX 5090 D/PCIe/SSE2,4.3.0 NVIDIA 591.86,false,assets/heightmaps/Hm_Terrain_Test_129.pgm,129,129,39.400,12.000,20,4.000,2.000,200000,9.286,0.000,18.000,0.287,13.831,38131,259236,38129,46,23,39,25,0,0,0,0,8,113.450,14.368,13.771,0.315,4.220,0.071,0.000,0.000,1.311,0.081,0.764,3.028,3.980,0.421,0.000,0.000,0.000,0.000,0.000,0.000,0.000,0.000,0.000,0.000,0.000,0.000,0.000,0.000,0.000,0.000,0,0,1.392,4.291,3.792,0.000,18
Data-Oriented CPU ROAM,RelWithDebInfo,OpenGL,NVIDIA GeForce RTX 5090 D/PCIe/SSE2,4.3.0 NVIDIA 591.86,false,assets/heightmaps/Hm_Terrain_Test_129.pgm,129,129,39.400,12.000,20,4.000,2.000,200000,9.301,0.000,18.000,0.276,14.762,38111,259352,38109,58,29,78,32,0,0,0,0,8,815.039,13.996,13.418,0.306,4.173,0.123,0.000,0.000,1.306,0.095,0.811,2.615,3.988,0.399,0.000,0.000,0.000,0.000,0.000,0.000,0.000,0.000,0.000,0.000,0.000,0.000,0.000,0.000,0.000,0.000,0,0,1.401,4.297,3.426,0.000,18
Data-Oriented CPU ROAM,RelWithDebInfo,OpenGL,NVIDIA GeForce RTX 5090 D/PCIe/SSE2,4.3.0 NVIDIA 591.86,false,assets/heightmaps/Hm_Terrain_Test_129.pgm,129,129,39.400,12.000,20,4.000,2.000,200000,9.315,0.000,18.000,0.265,14.372,38109,259496,38107,72,36,74,41,0,0,0,0,8,109.059,14.871,14.325,0.310,4.354,0.143,0.000,0.000,1.496,0.111,0.792,2.848,4.271,0.381,0.000,0.000,0.000,0.000,0.000,0.000,0.000,0.000,0.000,0.000,0.000,0.000,0.000,0.000,0.000,0.000,0,0,1.607,4.497,3.640,0.000,18
Data-Oriented CPU ROAM,RelWithDebInfo,OpenGL,NVIDIA GeForce RTX 5090 D/PCIe/SSE2,4.3.0 NVIDIA 591.86,false,assets/heightmaps/Hm_Terrain_Test_129.pgm,129,129,39.400,12.000,20,4.000,2.000,200000,9.330,0.000,18.000,0.253,15.289,38075,259580,38073,42,21,76,23,0,0,0,0,8,115.086,14.167,13.575,0.301,4.101,0.109,0.000,0.000,1.238,0.086,0.874,2.785,4.080,0.410,0.000,0.000,0.000,0.000,0.000,0.000,0.000,0.000,0.000,0.000,0.000,0.000,0.000,0.000,0.000,0.000,0,0,1.324,4.210,3.659,0.000,18
Data-Oriented CPU ROAM,RelWithDebInfo,OpenGL,NVIDIA GeForce RTX 5090 D/PCIe/SSE2,4.3.0 NVIDIA 591.86,false,assets/heightmaps/Hm_Terrain_Test_129.pgm,129,129,39.400,12.000,20,4.000,2.000,200000,9.345,0.000,18.000,0.243,14.576,38107,259712,38105,66,33,34,36,0,0,0,0,8,950.260,13.791,13.152,0.306,4.315,0.089,0.000,0.000,0.960,0.111,0.838,2.596,3.937,0.465,0.000,0.000,0.000,0.000,0.000,0.000,0.000,0.000,0.000,0.000,0.000,0.000,0.000,0.000,0.000,0.000,0,0,1.071,4.404,3.434,0.000,18
Data-Oriented CPU ROAM,RelWithDebInfo,OpenGL,NVIDIA GeForce RTX 5090 D/PCIe/SSE2,4.3.0 NVIDIA 591.86,false,assets/heightmaps/Hm_Terrain_Test_129.pgm,129,129,39.400,12.000,20,4.000,2.000,200000,9.359,0.000,18.000,0.232,14.212,38129,259804,38127,46,23,24,24,0,0,0,0,8,125.063,12.977,12.492,0.302,3.884,0.048,0.000,0.000,1.347,0.077,0.791,2.563,3.479,0.312,0.000,0.000,0.000,0.000,0.000,0.000,0.000,0.000,0.000,0.000,0.000,0.000,0.000,0.000,0.000,0.000,0,0,1.424,3.932,3.355,0.000,18
Data-Oriented CPU ROAM,RelWithDebInfo,OpenGL,NVIDIA GeForce RTX 5090 D/PCIe/SSE2,4.3.0 NVIDIA 591.86,false,assets/heightmaps/Hm_Terrain_Test_129.pgm,129,129,39.400,12.000,20,4.000,2.000,200000,9.372,0.000,18.000,0.223,13.403,38121,259876,38119,36,18,44,28,0,0,0,0,8,117.030,13.909,13.350,0.306,4.157,0.083,0.000,0.000,1.455,0.062,0.779,2.664,3.843,0.384,0.000,0.000,0.000,0.000,0.000,0.000,0.000,0.000,0.000,0.000,0.000,0.000,0.000,0.000,0.000,0.000,0,0,1.517,4.240,3.443,0.000,18
Data-Oriented CPU ROAM,RelWithDebInfo,OpenGL,NVIDIA GeForce RTX 5090 D/PCIe/SSE2,4.3.0 NVIDIA 591.86,false,assets/heightmaps/Hm_Terrain_Test_129.pgm,129,129,39.400,12.000,20,4.000,2.000,200000,9.387,0.000,18.000,0.213,14.306,38083,259936,38081,30,15,68,16,0,0,0,0,8,119.984,13.590,13.021,0.293,4.070,0.118,0.000,0.000,1.035,0.057,0.800,2.758,3.888,0.389,0.000,0.000,0.000,0.000,0.000,0.000,0.000,0.000,0.000,0.000,0.000,0.000,0.000,0.000,0.000,0.000,0,0,1.093,4.188,3.558,0.000,18
Data-Oriented CPU ROAM,RelWithDebInfo,OpenGL,NVIDIA GeForce RTX 5090 D/PCIe/SSE2,4.3.0 NVIDIA 591.86,false,assets/heightmaps/Hm_Terrain_Test_129.pgm,129,129,39.400,12.000,20,4.000,2.000,200000,9.401,0.000,18.000,0.204,13.995,38071,260004,38069,34,17,46,30,0,0,0,0,8,0.000,13.124,12.553,0.331,4.029,0.084,0.000,0.000,1.032,0.068,0.762,2.792,3.453,0.408,0.000,0.000,0.000,0.000,0.000,0.000,0.000,0.000,0.000,0.000,0.000,0.000,0.000,0.000,0.000,0.000,0,0,1.100,4.114,3.554,0.000,18
Data-Oriented CPU ROAM,RelWithDebInfo,OpenGL,NVIDIA GeForce RTX 5090 D/PCIe/SSE2,4.3.0 NVIDIA 591.86,false,assets/heightmaps/Hm_Terrain_Test_129.pgm,129,129,39.400,12.000,20,4.000,2.000,200000,9.414,0.000,18.000,0.195,13.512,38087,260112,38085,54,27,38,28,0,0,0,0,8,630.539,12.941,12.389,0.301,3.972,0.065,0.000,0.000,1.232,0.094,0.789,2.481,3.453,0.366,0.000,0.000,0.000,0.000,0.000,0.000,0.000,0.000,0.000,0.000,0.000,0.000,0.000,0.000,0.000,0.000,0,0,1.326,4.037,3.271,0.000,18
Data-Oriented CPU ROAM,RelWithDebInfo,OpenGL,NVIDIA GeForce RTX 5090 D/PCIe/SSE2,4.3.0 NVIDIA 591.86,false,assets/heightmaps/Hm_Terrain_Test_129.pgm,129,129,39.400,12.000,20,4.000,2.000,200000,9.428,0.000,18.000,0.186,13.331,38061,260196,38059,42,21,68,21,0,0,0,0,8,116.595,13.980,13.399,0.316,4.069,0.103,0.000,0.000,1.409,0.071,0.795,2.726,3.909,0.404,0.000,0.000,0.000,0.000,0.000,0.000,0.000,0.000,0.000,0.000,0.000,0.000,0.000,0.000,0.000,0.000,0,0,1.480,4.173,3.521,0.000,18
Data-Oriented CPU ROAM,RelWithDebInfo,OpenGL,NVIDIA GeForce RTX 5090 D/PCIe/SSE2,4.3.0 NVIDIA 591.86,false,assets/heightmaps/Hm_Terrain_Test_129.pgm,129,129,39.400,12.000,20,4.000,2.000,200000,9.442,0.000,18.000,0.177,14.403,38085,260268,38083,36,18,12,18,0,0,0,0,8,994.376,13.117,12.569,0.320,3.998,0.031,0.000,0.000,1.266,0.067,0.794,2.513,3.581,0.377,0.000,0.000,0.000,0.000,0.000,0.000,0.000,0.000,0.000,0.000,0.000,0.000,0.000,0.000,0.000,0.000,0,0,1.333,4.028,3.306,0.000,18
Data-Oriented CPU ROAM,RelWithDebInfo,OpenGL,NVIDIA GeForce RTX 5090 D/PCIe/SSE2,4.3.0 NVIDIA 591.86,false,assets/heightmaps/Hm_Terrain_Test_129.pgm,129,129,39.400,12.000,20,4.000,2.000,200000,9.455,0.000,18.000,0.169,13.509,38071,260320,38069,26,13,40,28,0,0,0,0,8,117.218,13.868,13.328,0.306,4.194,0.071,0.000,0.000,1.345,0.048,0.772,2.677,3.917,0.364,0.000,0.000,0.000,0.000,0.000,0.000,0.000,0.000,0.000,0.000,0.000,0.000,0.000,0.000,0.000,0.000,0,0,1.393,4.264,3.449,0.000,18
Data-Oriented CPU ROAM,RelWithDebInfo,OpenGL,NVIDIA GeForce RTX 5090 D/PCIe/SSE2,4.3.0 NVIDIA 591.86,false,assets/heightmaps/Hm_Terrain_Test_129.pgm,129,129,39.400,12.000,20,4.000,2.000,200000,9.470,0.000,18.000,0.160,14.276,38093,260408,38091,44,22,22,22,0,0,0,0,8,973.846,13.413,12.834,0.326,4.244,0.050,0.000,0.000,0.948,0.068,0.810,2.692,3.695,0.406,0.000,0.000,0.000,0.000,0.000,0.000,0.000,0.000,0.000,0.000,0.000,0.000,0.000,0.000,0.000,0.000,0,0,1.016,4.294,3.502,0.000,18
Data-Oriented CPU ROAM,RelWithDebInfo,OpenGL,NVIDIA GeForce RTX 5090 D/PCIe/SSE2,4.3.0 NVIDIA 591.86,false,assets/heightmaps/Hm_Terrain_Test_129.pgm,129,129,39.400,12.000,20,4.000,2.000,200000,9.484,0.000,18.000,0.152,13.811,38075,260472,38073,32,16,50,22,0,0,0,0,8,115.337,14.157,13.545,0.300,4.091,0.082,0.000,0.000,1.424,0.060,0.822,2.606,4.160,0.434,0.000,0.000,0.000,0.000,0.000,0.000,0.000,0.000,0.000,0.000,0.000,0.000,0.000,0.000,0.000,0.000,0,0,1.484,4.173,3.429,0.000,18
Data-Oriented CPU ROAM,RelWithDebInfo,OpenGL,NVIDIA GeForce RTX 5090 D/PCIe/SSE2,4.3.0 NVIDIA 591.86,false,assets/heightmaps/Hm_Terrain_Test_129.pgm,129,129,39.400,12.000,20,4.000,2.000,200000,9.498,0.000,18.000,0.144,14.581,38055,260544,38053,36,18,56,30,0,0,0,0,8,123.776,13.173,12.622,0.332,4.045,0.094,0.000,0.000,1.201,0.060,0.794,2.481,3.614,0.386,0.000,0.000,0.000,0.000,0.000,0.000,0.000,0.000,0.000,0.000,0.000,0.000,0.000,0.000,0.000,0.000,0,0,1.261,4.140,3.275,0.000,18
Data-Oriented CPU ROAM,RelWithDebInfo,OpenGL,NVIDIA GeForce RTX 5090 D/PCIe/SSE2,4.3.0 NVIDIA 591.86,false,assets/heightmaps/Hm_Terrain_Test_129.pgm,129,129,39.400,12.000,20,4.000,2.000,200000,9.512,0.000,18.000,0.136,13.574,38075,260604,38073,30,15,10,15,0,0,0,0,8,112.688,14.411,13.864,0.306,4.370,0.039,0.000,0.000,1.277,0.058,0.778,2.974,4.062,0.378,0.000,0.000,0.000,0.000,0.000,0.000,0.000,0.000,0.000,0.000,0.000,0.000,0.000,0.000,0.000,0.000,0,0,1.335,4.409,3.752,0.000,18
Data-Oriented CPU ROAM,RelWithDebInfo,OpenGL,NVIDIA GeForce RTX 5090 D/PCIe/SSE2,4.3.0 NVIDIA 591.86,false,assets/heightmaps/Hm_Terrain_Test_129.pgm,129,129,39.400,12.000,20,4.000,2.000,200000,9.527,0.000,18.000,0.128,14.840,38057,260656,38055,26,13,44,22,0,0,0,0,8,0.000,13.880,13.291,0.301,4.102,0.071,0.000,0.000,1.358,0.049,0.789,2.674,3.946,0.417,0.000,0.000,0.000,0.000,0.000,0.000,0.000,0.000,0.000,0.000,0.000,0.000,0.000,0.000,0.000,0.000,0,0,1.407,4.174,3.463,0.000,18
Data-Oriented CPU ROAM,RelWithDebInfo,OpenGL,NVIDIA GeForce RTX 5090 D/PCIe/SSE2,4.3.0 NVIDIA 591.86,false,assets/heightmaps/Hm_Terrain_Test_129.pgm,129,129,39.400,12.000,20,4.000,2.000,200000,9.541,0.000,18.000,0.121,14.286,38051,260724,38049,34,17,40,18,0,0,0,0,8,124.305,13.141,12.568,0.301,4.115,0.075,0.000,0.000,0.959,0.060,0.755,2.717,3.586,0.403,0.000,0.000,0.000,0.000,0.000,0.000,0.000,0.000,0.000,0.000,0.000,0.000,0.000,0.000,0.000,0.000,0,0,1.019,4.190,3.472,0.000,18
Data-Oriented CPU ROAM,RelWithDebInfo,OpenGL,NVIDIA GeForce RTX 5090 D/PCIe/SSE2,4.3.0 NVIDIA 591.86,false,assets/heightmaps/Hm_Terrain_Test_129.pgm,129,129,39.400,12.000,20,4.000,2.000,200000,9.554,0.000,18.000,0.114,13.516,37965,260820,37963,48,24,134,29,0,0,0,0,8,117.483,13.851,13.298,0.356,4.027,0.175,0.000,0.000,1.377,0.080,0.782,2.744,3.758,0.379,0.000,0.000,0.000,0.000,0.000,0.000,0.000,0.000,0.000,0.000,0.000,0.000,0.000,0.000,0.000,0.000,0,0,1.456,4.202,3.525,0.000,18
Data-Oriented CPU ROAM,RelWithDebInfo,OpenGL,NVIDIA GeForce RTX 5090 D/PCIe/SSE2,4.3.0 NVIDIA 591.86,false,assets/heightmaps/Hm_Terrain_Test_129.pgm,129,129,39.400,12.000,20,4.000,2.000,200000,9.569,0.000,18.000,0.107,14.393,37945,260892,37943,36,18,56,28,0,0,0,0,8,123.781,13.194,12.620,0.517,4.234,0.084,0.000,0.000,0.920,0.069,0.756,2.555,3.484,0.410,0.000,0.000,0.000,0.000,0.000,0.000,0.000,0.000,0.000,0.000,0.000,0.000,0.000,0.000,0.000,0.000,0,0,0.989,4.318,3.311,0.000,18
Data-Oriented CPU ROAM,RelWithDebInfo,OpenGL,NVIDIA GeForce RTX 5090 D/PCIe/SSE2,4.3.0 NVIDIA 591.86,false,assets/heightmaps/Hm_Terrain_Test_129.pgm,129,129,39.400,12.000,20,4.000,2.000,200000,9.582,0.000,18.000,0.100,13.616,37917,260924,37915,16,8,44,32,0,0,0,0,8,985.144,13.260,12.686,0.298,3.995,0.079,0.000,0.000,1.234,0.036,0.842,2.359,3.843,0.398,0.000,0.000,0.000,0.000,0.000,0.000,0.000,0.000,0.000,0.000,0.000,0.000,0.000,0.000,0.000,0.000,0,0,1.270,4.075,3.201,0.000,18
Data-Oriented CPU ROAM,RelWithDebInfo,OpenGL,NVIDIA GeForce RTX 5090 D/PCIe/SSE2,4.3.0 NVIDIA 591.86,false,assets/heightmaps/Hm_Terrain_Test_129.pgm,129,129,39.400,12.000,20,4.000,2.000,200000,9.596,0.000,18.000,0.094,13.665,37899,260996,37897,36,18,54,30,0,0,0,0,8,121.625,13.413,12.845,0.307,4.126,0.094,0.000,0.000,1.191,0.062,0.772,2.505,3.789,0.397,0.000,0.000,0.000,0.000,0.000,0.000,0.000,0.000,0.000,0.000,0.000,0.000,0.000,0.000,0.000,0.000,0,0,1.252,4.220,3.277,0.000,18
Data-Oriented CPU ROAM,RelWithDebInfo,OpenGL,NVIDIA GeForce RTX 5090 D/PCIe/SSE2,4.3.0 NVIDIA 591.86,false,assets/heightmaps/Hm_Terrain_Test_129.pgm,129,129,39.400,12.000,20,4.000,2.000,200000,9.610,0.000,18.000,0.088,13.800,37881,261052,37879,28,14,46,24,0,0,0,0,8,982.434,13.256,12.722,0.298,4.131,0.084,0.000,0.000,1.041,0.054,0.812,2.632,3.671,0.354,0.000,0.000,0.000,0.000,0.000,0.000,0.000,0.000,0.000,0.000,0.000,0.000,0.000,0.000,0.000,0.000,0,0,1.094,4.215,3.444,0.000,18
Data-Oriented CPU ROAM,RelWithDebInfo,OpenGL,NVIDIA GeForce RTX 5090 D/PCIe/SSE2,4.3.0 NVIDIA 591.86,false,assets/heightmaps/Hm_Terrain_Test_129.pgm,129,129,39.400,12.000,20,4.000,2.000,200000,9.624,0.000,18.000,0.082,13.694,37895,261148,37893,48,24,34,25,0,0,0,0,8,122.460,13.332,12.758,0.320,3.910,0.056,0.000,0.000,1.242,0.094,0.784,2.793,3.559,0.411,0.000,0.000,0.000,0.000,0.000,0.000,0.000,0.000,0.000,0.000,0.000,0.000,0.000,0.000,0.000,0.000,0,0,1.336,3.967,3.577,0.000,18
Data-Oriented CPU ROAM,RelWithDebInfo,OpenGL,NVIDIA GeForce RTX 5090 D/PCIe/SSE2,4.3.0 NVIDIA 591.86,false,assets/heightmaps/Hm_Terrain_Test_129.pgm,129,129,39.400,12.000,20,4.000,2.000,200000,9.637,0.000,18.000,0.076,13.755,37897,261204,37895,28,14,26,22,0,0,0,0,8,0.000,13.561,13.003,0.558,3.865,0.054,0.000,0.000,1.477,0.048,0.817,2.741,3.443,0.373,0.000,0.000,0.000,0.000,0.000,0.000,0.000,0.000,0.000,0.000,0.000,0.000,0.000,0.000,0.000,0.000,0,0,1.526,3.918,3.558,0.000,18
Data-Oriented CPU ROAM,RelWithDebInfo,OpenGL,NVIDIA GeForce RTX 5090 D/PCIe/SSE2,4.3.0 NVIDIA 591.86,false,assets/heightmaps/Hm_Terrain_Test_129.pgm,129,129,39.400,12.000,20,4.000,2.000,200000,9.651,0.000,18.000,0.070,13.969,37895,261276,37893,36,18,38,22,0,0,0,0,8,0.000,13.129,12.594,0.296,4.289,0.060,0.000,0.000,1.209,0.072,0.772,2.336,3.560,0.348,0.000,0.000,0.000,0.000,0.000,0.000,0.000,0.000,0.000,0.000,0.000,0.000,0.000,0.000,0.000,0.000,0,0,1.281,4.349,3.108,0.000,18
Data-Oriented CPU ROAM,RelWithDebInfo,OpenGL,NVIDIA GeForce RTX 5090 D/PCIe/SSE2,4.3.0 NVIDIA 591.86,false,assets/heightmaps/Hm_Terrain_Test_129.pgm,129,129,39.400,12.000,20,4.000,2.000,200000,9.665,0.000,18.000,0.065,13.534,37848,261328,37846,26,13,73,26,0,0,0,0,8,965.549,13.510,12.944,0.299,3.904,0.104,0.000,0.000,1.323,0.045,0.789,2.729,3.749,0.405,0.000,0.000,0.000,0.000,0.000,0.000,0.000,0.000,0.000,0.000,0.000,0.000,0.000,0.000,0.000,0.000,0,0,1.369,4.008,3.518,0.000,18
Data-Oriented CPU ROAM,RelWithDebInfo,OpenGL,NVIDIA GeForce RTX 5090 D/PCIe/SSE2,4.3.0 NVIDIA 591.86,false,assets/heightmaps/Hm_Terrain_Test_129.pgm,129,129,39.400,12.000,20,4.000,2.000,200000,9.679,0.000,18.000,0.060,13.903,37844,261368,37842,20,10,24,10,0,0,0,0,8,124.475,13.104,12.551,0.307,4.076,0.044,0.000,0.000,1.385,0.037,0.767,2.675,3.261,0.375,0.000,0.000,0.000,0.000,0.000,0.000,0.000,0.000,0.000,0.000,0.000,0.000,0.000,0.000,0.000,0.000,0,0,1.422,4.119,3.442,0.000,18
Data-Oriented CPU ROAM,RelWithDebInfo,OpenGL,NVIDIA GeForce RTX 5090 D/PCIe/SSE2,4.3.0 NVIDIA 591.86,false,assets/heightmaps/Hm_Terrain_Test_129.pgm,129,129,39.400,12.000,20,4.000,2.000,200000,9.692,0.000,18.000,0.055,13.459,37854,261412,37852,22,11,12,11,0,0,0,0,8,123.188,13.233,12.682,0.297,4.078,0.039,0.000,0.000,1.242,0.040,0.807,2.468,3.712,0.389,0.000,0.000,0.000,0.000,0.000,0.000,0.000,0.000,0.000,0.000,0.000,0.000,0.000,0.000,0.000,0.000,0,0,1.282,4.117,3.275,0.000,18
Data-Oriented CPU ROAM,RelWithDebInfo,OpenGL,NVIDIA GeForce RTX 5090 D/PCIe/SSE2,4.3.0 NVIDIA 591.86,false,assets/heightmaps/Hm_Terrain_Test_129.pgm,129,129,39.400,12.000,20,4.000,2.000,200000,9.706,0.000,18.000,0.050,13.624,37852,261448,37850,18,9,20,12,0,0,0,0,8,120.861,13.480,12.925,0.302,4.040,0.040,0.000,0.000,1.102,0.037,0.786,2.743,3.875,0.362,0.000,0.000,0.000,0.000,0.000,0.000,0.000,0.000,0.000,0.000,0.000,0.000,0.000,0.000,0.000,0.000,0,0,1.138,4.081,3.529,0.000,18
Data-Oriented CPU ROAM,RelWithDebInfo,OpenGL,NVIDIA GeForce RTX 5090 D/PCIe/SSE2,4.3.0 NVIDIA 591.86,false,assets/heightmaps/Hm_Terrain_Test_129.pgm,129,129,39.400,12.000,20,4.000,2.000,200000,9.720,0.000,18.000,0.046,13.887,37856,261484,37854,18,9,14,9,0,0,0,0,8,966.146,13.513,12.936,0.298,4.025,0.030,0.000,0.000,1.411,0.037,0.780,2.663,3.691,0.405,0.000,0.000,0.000,0.000,0.000,0.000,0.000,0.000,0.000,0.000,0.000,0.000,0.000,0.000,0.000,0.000,0,0,1.448,4.055,3.443,0.000,18
Data-Oriented CPU ROAM,RelWithDebInfo,OpenGL,NVIDIA GeForce RTX 5090 D/PCIe/SSE2,4.3.0 NVIDIA 591.86,false,assets/heightmaps/Hm_Terrain_Test_129.pgm,129,129,39.400,12.000,20,4.000,2.000,200000,9.734,0.000,18.000,0.041,13.896,37860,261512,37858,14,7,10,7,0,0,0,0,8,119.473,13.678,13.077,0.298,4.135,0.025,0.000,0.000,1.352,0.030,0.777,2.671,3.788,0.416,0.000,0.000,0.000,0.000,0.000,0.000,0.000,0.000,0.000,0.000,0.000,0.000,0.000,0.000,0.000,0.000,0,0,1.382,4.161,3.448,0.000,18
Data-Oriented CPU ROAM,RelWithDebInfo,OpenGL,NVIDIA GeForce RTX 5090 D/PCIe/SSE2,4.3.0 NVIDIA 591.86,false,assets/heightmaps/Hm_Terrain_Test_129.pgm,129,129,39.400,12.000,20,4.000,2.000,200000,9.748,0.000,18.000,0.037,14.102,37866,261548,37864,18,9,12,9,0,0,0,0,8,0.000,13.406,12.890,0.330,4.170,0.030,0.000,0.000,1.345,0.036,0.792,2.662,3.526,0.344,0.000,0.000,0.000,0.000,0.000,0.000,0.000,0.000,0.000,0.000,0.000,0.000,0.000,0.000,0.000,0.000,0,0,1.380,4.200,3.454,0.000,18
Data-Oriented CPU ROAM,RelWithDebInfo,OpenGL,NVIDIA GeForce RTX 5090 D/PCIe/SSE2,4.3.0 NVIDIA 591.86,false,assets/heightmaps/Hm_Terrain_Test_129.pgm,129,129,39.400,12.000,20,4.000,2.000,200000,9.762,0.000,18.000,0.033,13.852,37880,261600,37878,26,13,12,13,0,0,0,0,8,0.000,13.584,12.986,0.301,4.072,0.027,0.000,0.000,1.421,0.053,0.792,2.699,3.621,0.403,0.000,0.000,0.000,0.000,0.000,0.000,0.000,0.000,0.000,0.000,0.000,0.000,0.000,0.000,0.000,0.000,0,0,1.473,4.099,3.491,0.000,18
Data-Oriented CPU ROAM,RelWithDebInfo,OpenGL,NVIDIA GeForce RTX 5090 D/PCIe/SSE2,4.3.0 NVIDIA 591.86,false,assets/heightmaps/Hm_Terrain_Test_129.pgm,129,129,39.400,12.000,20,4.000,2.000,200000,9.775,0.000,18.000,0.029,13.966,37886,261636,37884,18,9,12,9,0,0,0,0,8,118.798,13.744,13.151,0.294,4.004,0.026,0.000,0.000,1.481,0.045,0.776,2.752,3.774,0.388,0.000,0.000,0.000,0.000,0.000,0.000,0.000,0.000,0.000,0.000,0.000,0.000,0.000,0.000,0.000,0.000,0,0,1.526,4.030,3.528,0.000,18
Data-Oriented CPU ROAM,RelWithDebInfo,OpenGL,NVIDIA GeForce RTX 5090 D/PCIe/SSE2,4.3.0 NVIDIA 591.86,false,assets/heightmaps/Hm_Terrain_Test_129.pgm,129,129,39.400,12.000,20,4.000,2.000,200000,9.790,0.000,18.000,0.026,14.123,37884,261648,37882,6,3,8,8,0,0,0,0,8,967.732,13.499,12.915,0.300,4.028,0.028,0.000,0.000,1.410,0.017,0.773,2.706,3.654,0.400,0.000,0.000,0.000,0.000,0.000,0.000,0.000,0.000,0.000,0.000,0.000,0.000,0.000,0.000,0.000,0.000,0,0,1.426,4.055,3.479,0.000,18
Data-Oriented CPU ROAM,RelWithDebInfo,OpenGL,NVIDIA GeForce RTX 5090 D/PCIe/SSE2,4.3.0 NVIDIA 591.86,false,assets/heightmaps/Hm_Terrain_Test_129.pgm,129,129,39.400,12.000,20,4.000,2.000,200000,9.803,0.000,18.000,0.023,13.880,37878,261692,37876,22,11,28,11,0,0,0,0,8,119.940,13.545,13.025,0.308,4.019,0.050,0.000,0.000,1.413,0.039,0.777,2.742,3.676,0.346,0.000,0.000,0.000,0.000,0.000,0.000,0.000,0.000,0.000,0.000,0.000,0.000,0.000,0.000,0.000,0.000,0,0,1.452,4.069,3.519,0.000,18
Data-Oriented CPU ROAM,RelWithDebInfo,OpenGL,NVIDIA GeForce RTX 5090 D/PCIe/SSE2,4.3.0 NVIDIA 591.86,false,assets/heightmaps/Hm_Terrain_Test_129.pgm,129,129,39.400,12.000,20,4.000,2.000,200000,9.817,0.000,18.000,0.019,13.950,37878,261700,37876,4,2,4,4,0,0,0,0,8,118.591,13.745,13.174,0.302,4.416,0.020,0.000,0.000,1.380,0.012,0.840,2.587,3.616,0.398,0.000,0.000,0.000,0.000,0.000,0.000,0.000,0.000,0.000,0.000,0.000,0.000,0.000,0.000,0.000,0.000,0,0,1.392,4.436,3.428,0.000,18
Data-Oriented CPU ROAM,RelWithDebInfo,OpenGL,NVIDIA GeForce RTX 5090 D/PCIe/SSE2,4.3.0 NVIDIA 591.86,false,assets/heightmaps/Hm_Terrain_Test_129.pgm,129,129,39.400,12.000,20,4.000,2.000,200000,9.832,0.000,18.000,0.017,14.138,37874,261724,37872,12,6,16,6,0,0,0,0,8,359.667,13.592,13.031,0.312,3.966,0.032,0.000,0.000,1.254,0.028,0.812,2.774,3.854,0.397,0.000,0.000,0.000,0.000,0.000,0.000,0.000,0.000,0.000,0.000,0.000,0.000,0.000,0.000,0.000,0.000,0,0,1.282,3.997,3.586,0.000,18
Data-Oriented CPU ROAM,RelWithDebInfo,OpenGL,NVIDIA GeForce RTX 5090 D/PCIe/SSE2,4.3.0 NVIDIA 591.86,false,assets/heightmaps/Hm_Terrain_Test_129.pgm,129,129,39.400,12.000,20,4.000,2.000,200000,9.846,0.000,18.000,0.014,13.981,37874,261748,37872,12,6,12,8,0,0,0,0,8,121.378,13.404,12.871,0.305,4.043,0.029,0.000,0.000,1.414,0.026,0.784,2.730,3.539,0.353,0.000,0.000,0.000,0.000,0.000,0.000,0.000,0.000,0.000,0.000,0.000,0.000,0.000,0.000,0.000,0.000,0,0,1.441,4.071,3.514,0.000,18
Data-Oriented CPU ROAM,RelWithDebInfo,OpenGL,NVIDIA GeForce RTX 5090 D/PCIe/SSE2,4.3.0 NVIDIA 591.86,false,assets/heightmaps/Hm_Terrain_Test_129.pgm,129,129,39.400,12.000,20,4.000,2.000,200000,9.859,0.000,18.000,0.012,13.804,37896,261804,37894,28,14,6,15,0,0,0,0,8,119.763,13.622,13.045,0.289,4.031,0.020,0.000,0.000,1.194,0.051,0.794,2.395,4.271,0.407,0.000,0.000,0.000,0.000,0.000,0.000,0.000,0.000,0.000,0.000,0.000,0.000,0.000,0.000,0.000,0.000,0,0,1.245,4.051,3.189,0.000,18
Data-Oriented CPU ROAM,RelWithDebInfo,OpenGL,NVIDIA GeForce RTX 5090 D/PCIe/SSE2,4.3.0 NVIDIA 591.86,false,assets/heightmaps/Hm_Terrain_Test_129.pgm,129,129,39.400,12.000,20,4.000,2.000,200000,9.873,0.000,18.000,0.009,14.013,37898,261824,37896,10,5,8,6,0,0,0,0,8,113.161,14.413,13.806,0.305,4.129,0.022,0.000,0.000,1.449,0.023,0.772,3.119,3.987,0.417,0.000,0.000,0.000,0.000,0.000,0.000,0.000,0.000,0.000,0.000,0.000,0.000,0.000,0.000,0.000,0.000,0,0,1.472,4.151,3.891,0.000,18
Data-Oriented CPU ROAM,RelWithDebInfo,OpenGL,NVIDIA GeForce RTX 5090 D/PCIe/SSE2,4.3.0 NVIDIA 591.86,false,assets/heightmaps/Hm_Terrain_Test_129.pgm,129,129,39.400,12.000,20,4.000,2.000,200000,9.888,0.000,18.000,0.007,14.809,37898,261836,37896,6,3,6,3,0,0,0,0,8,122.792,13.316,12.723,0.299,4.006,0.015,0.000,0.000,1.281,0.016,0.779,2.521,3.806,0.397,0.000,0.000,0.000,0.000,0.000,0.000,0.000,0.000,0.000,0.000,0.000,0.000,0.000,0.000,0.000,0.000,0,0,1.297,4.021,3.300,0.000,18
Data-Oriented CPU ROAM,RelWithDebInfo,OpenGL,NVIDIA GeForce RTX 5090 D/PCIe/SSE2,4.3.0 NVIDIA 591.86,false,assets/heightmaps/Hm_Terrain_Test_129.pgm,129,129,39.400,12.000,20,4.000,2.000,200000,9.902,0.000,18.000,0.006,13.718,37898,261844,37896,4,2,4,4,0,0,0,0,8,0.000,12.917,12.385,0.301,4.085,0.016,0.000,0.000,0.987,0.013,0.784,2.693,3.505,0.347,0.000,0.000,0.000,0.000,0.000,0.000,0.000,0.000,0.000,0.000,0.000,0.000,0.000,0.000,0.000,0.000,0,0,1.000,4.101,3.477,0.000,18
Data-Oriented CPU ROAM,RelWithDebInfo,OpenGL,NVIDIA GeForce RTX 5090 D/PCIe/SSE2,4.3.0 NVIDIA 591.86,false,assets/heightmaps/Hm_Terrain_Test_129.pgm,129,129,39.400,12.000,20,4.000,2.000,200000,9.915,0.000,18.000,0.004,13.602,37894,261848,37892,2,1,6,6,0,0,0,0,8,0.000,13.634,13.076,0.561,3.964,0.020,0.000,0.000,1.151,0.008,0.806,2.787,3.777,0.387,0.000,0.000,0.000,0.000,0.000,0.000,0.000,0.000,0.000,0.000,0.000,0.000,0.000,0.000,0.000,0.000,0,0,1.159,3.984,3.593,0.000,18
Data-Oriented CPU ROAM,RelWithDebInfo,OpenGL,NVIDIA GeForce RTX 5090 D/PCIe/SSE2,4.3.0 NVIDIA 591.86,false,assets/heightmaps/Hm_Terrain_Test_129.pgm,129,129,39.400,12.000,20,4.000,2.000,200000,9.930,0.000,18.000,0.003,14.040,37902,261864,37900,8,4,0,4,0,0,0,0,8,120.065,13.574,13.012,0.311,4.067,0.004,0.000,0.000,1.439,0.020,0.779,2.736,3.655,0.386,0.000,0.000,0.000,0.000,0.000,0.000,0.000,0.000,0.000,0.000,0.000,0.000,0.000,0.000,0.000,0.000,0,0,1.460,4.071,3.516,0.000,18
Data-Oriented CPU ROAM,RelWithDebInfo,OpenGL,NVIDIA GeForce RTX 5090 D/PCIe/SSE2,4.3.0 NVIDIA 591.86,false,assets/heightmaps/Hm_Terrain_Test_129.pgm,129,129,39.400,12.000,20,4.000,2.000,200000,9.943,0.000,18.000,0.002,13.965,37900,261868,37898,2,1,4,4,0,0,0,0,8,119.151,13.646,13.112,0.297,4.073,0.016,0.000,0.000,1.450,0.009,0.783,2.690,3.794,0.353,0.000,0.000,0.000,0.000,0.000,0.000,0.000,0.000,0.000,0.000,0.000,0.000,0.000,0.000,0.000,0.000,0,0,1.459,4.089,3.474,0.000,18
Data-Oriented CPU ROAM,RelWithDebInfo,OpenGL,NVIDIA GeForce RTX 5090 D/PCIe/SSE2,4.3.0 NVIDIA 591.86,false,assets/heightmaps/Hm_Terrain_Test_129.pgm,129,129,39.400,12.000,20,4.000,2.000,200000,9.958,0.000,18.000,0.001,14.082,37898,261872,37896,2,1,4,4,0,0,0,0,8,119.688,13.634,13.053,0.310,4.107,0.014,0.000,0.000,1.439,0.009,0.780,2.642,3.752,0.410,0.000,0.000,0.000,0.000,0.000,0.000,0.000,0.000,0.000,0.000,0.000,0.000,0.000,0.000,0.000,0.000,0,0,1.448,4.121,3.423,0.000,18
Data-Oriented CPU ROAM,RelWithDebInfo,OpenGL,NVIDIA GeForce RTX 5090 D/PCIe/SSE2,4.3.0 NVIDIA 591.86,false,assets/heightmaps/Hm_Terrain_Test_129.pgm,129,129,39.400,12.000,20,4.000,2.000,200000,9.972,0.000,18.000,0.000,14.033,37902,261880,37900,4,2,0,2,0,0,0,0,8,117.660,13.850,13.278,0.295,4.106,0.003,0.000,0.000,1.444,0.015,0.796,2.718,3.901,0.399,0.000,0.000,0.000,0.000,0.000,0.000,0.000,0.000,0.000,0.000,0.000,0.000,0.000,0.000,0.000,0.000,0,0,1.459,4.109,3.514,0.000,18
Data-Oriented CPU ROAM,RelWithDebInfo,OpenGL,NVIDIA GeForce RTX 5090 D/PCIe/SSE2,4.3.0 NVIDIA 591.86,false,assets/heightmaps/Hm_Terrain_Test_129.pgm,129,129,39.400,12.000,20,4.000,2.000,200000,9.986,0.000,18.000,0.000,14.254,37902,261880,37900,0,0,0,0,0,0,0,0,8,986.871,13.241,12.664,0.304,4.106,0.003,0.000,0.000,1.309,0.003,0.740,2.650,3.549,0.398,0.000,0.000,0.000,0.000,0.000,0.000,0.000,0.000,0.000,0.000,0.000,0.000,0.000,0.000,0.000,0.000,0,0,1.312,4.109,3.390,0.000,18
Data-Oriented CPU ROAM,RelWithDebInfo,OpenGL,NVIDIA GeForce RTX 5090 D/PCIe/SSE2,4.3.0 NVIDIA 591.86,false,assets/heightmaps/Hm_Terrain_Test_129.pgm,129,129,39.400,12.000,20,4.000,2.000,200000,9.999,0.000,18.000,0.000,13.625,37902,261880,37900,0,0,0,0,0,0,0,0,8,125.739,12.971,12.425,0.310,4.095,0.003,0.000,0.000,1.185,0.003,0.754,2.390,3.684,0.365,0.000,0.000,0.000,0.000,0.000,0.000,0.000,0.000,0.000,0.000,0.000,0.000,0.000,0.000,0.000,0.000,0,0,1.188,4.098,3.144,0.000,18
Data-Oriented CPU ROAM,RelWithDebInfo,OpenGL,NVIDIA GeForce RTX 5090 D/PCIe/SSE2,4.3.0 NVIDIA 591.86,false,assets/heightmaps/Hm_Terrain_Test_129.pgm,129,129,39.400,12.000,20,4.000,2.000,200000,10.000,0.000,18.000,0.000,13.376,37902,261880,37900,0,0,0,0,0,0,0,0,8,117.757,13.879,13.267,0.309,4.021,0.003,0.000,0.000,1.372,0.003,0.784,2.968,3.807,0.421,0.000,0.000,0.000,0.000,0.000,0.000,0.000,0.000,0.000,0.000,0.000,0.000,0.000,0.000,0.000,0.000,0,0,1.375,4.024,3.752,0.000,18
GPU ROAM-like,RelWithDebInfo,OpenGL,NVIDIA GeForce RTX 5090 D/PCIe/SSE2,4.3.0 NVIDIA 591.86,false,assets/heightmaps/Hm_Terrain_Test_129.pgm,129,129,39.400,12.000,20,4.000,2.000,200000,0.000,0.000,18.000,19.700,490.371,48719,97436,48717,48717,24555,0,19715,0,0,0,0,1,98.888,474.560,466.590,426.516,0.001,0.006,0.000,0.000,0.003,33.900,0.872,0.000,5.291,1.857,0.000,0.000,0.000,0.000,0.000,0.000,0.000,0.000,0.000,2.254,0.049,1.631,0.000,0.000,0.000,0.000,10979448,0,33.903,0.007,0.000,0.000,17
GPU ROAM-like,RelWithDebInfo,OpenGL,NVIDIA GeForce RTX 5090 D/PCIe/SSE2,4.3.0 NVIDIA 591.86,false,assets/heightmaps/Hm_Terrain_Test_129.pgm,129,129,39.400,12.000,20,4.000,2.000,200000,0.475,0.000,18.000,19.571,475.223,48782,98476,48780,520,259,457,376,0,0,0,0,8,75.921,20.923,15.837,1.170,6.239,0.398,0.000,0.000,1.205,0.628,0.900,0.000,5.298,1.659,0.000,0.000,0.000,0.000,0.000,0.000,0.000,0.000,0.000,2.228,0.616,0.221,0.000,0.000,0.000,0.000,11029364,0,1.832,6.637,0.000,0.000,17
GPU ROAM-like,RelWithDebInfo,OpenGL,NVIDIA GeForce RTX 5090 D/PCIe/SSE2,4.3.0 NVIDIA 591.86,false,assets/heightmaps/Hm_Terrain_Test_129.pgm,129,129,39.400,12.000,20,4.000,2.000,200000,0.497,0.000,18.000,19.559,21.457,48830,98604,48828,64,32,16,34,0,0,0,0,8,92.267,17.333,12.370,0.799,4.965,0.031,0.000,0.000,1.514,0.086,0.846,0.000,4.128,1.701,0.000,0.000,0.000,0.000,0.000,0.000,0.000,0.000,0.000,2.148,0.525,0.168,0.000,0.000,0.000,0.000,11043700,0,1.600,4.996,0.000,0.000,17
GPU ROAM-like,RelWithDebInfo,OpenGL,NVIDIA GeForce RTX 5090 D/PCIe/SSE2,4.3.0 NVIDIA 591.86,false,assets/heightmaps/Hm_Terrain_Test_129.pgm,129,129,39.400,12.000,20,4.000,2.000,200000,0.515,0.000,18.000,19.549,17.918,48830,98672,48828,34,17,34,18,0,0,0,0,8,703.433,18.185,13.328,0.936,5.163,0.074,0.000,0.000,1.592,0.052,0.846,0.000,4.667,1.547,0.000,0.000,0.000,0.000,0.000,0.000,0.000,0.000,0.000,2.287,0.506,0.080,0.000,0.000,0.000,0.000,11051316,0,1.644,5.236,0.000,0.000,17
GPU ROAM-like,RelWithDebInfo,OpenGL,NVIDIA GeForce RTX 5090 D/PCIe/SSE2,4.3.0 NVIDIA 591.86,false,assets/heightmaps/Hm_Terrain_Test_129.pgm,129,129,39.400,12.000,20,4.000,2.000,200000,0.533,0.000,18.000,19.538,18.677,48836,98736,48834,32,16,26,16,0,0,0,0,8,155.728,20.412,12.788,0.654,5.178,0.047,0.000,0.000,1.325,0.054,0.870,0.000,4.658,1.535,0.012,0.014,0.016,0.009,0.036,0.008,0.016,0.033,0.144,2.219,0.590,0.089,0.005,2.822,0.000,0.000,11058484,96,1.380,5.226,0.000,0.000,17
GPU ROAM-like,RelWithDebInfo,OpenGL,NVIDIA GeForce RTX 5090 D/PCIe/SSE2,4.3.0 NVIDIA 591.86,false,assets/heightmaps/Hm_Terrain_Test_129.pgm,129,129,39.400,12.000,20,4.000,2.000,200000,0.554,0.000,18.000,19.525,20.956,48840,98828,48838,46,23,42,23,0,0,0,0,8,78.756,20.152,12.611,1.027,5.179,0.056,0.000,0.000,0.996,0.082,0.867,0.000,4.405,1.471,0.013,0.013,0.018,0.009,0.018,0.006,0.008,0.032,0.117,2.176,0.593,0.076,0.004,2.892,0.000,0.000,11068788,96,1.078,5.234,0.000,0.000,17
GPU ROAM-like,RelWithDebInfo,OpenGL,NVIDIA GeForce RTX 5090 D/PCIe/SSE2,4.3.0 NVIDIA 591.86,false,assets/heightmaps/Hm_Terrain_Test_129.pgm,129,129,39.400,12.000,20,4.000,2.000,200000,0.575,0.000,18.000,19.512,20.702,48850,98940,48848,56,30,46,29,0,0,0,0,8,76.089,20.845,12.411,0.807,4.981,0.060,0.000,0.000,1.423,0.081,0.850,0.000,4.208,1.675,0.013,0.013,0.016,0.017,0.014,0.007,0.012,0.039,0.131,2.167,0.570,0.075,0.004,3.616,0.000,0.000,11081332,96,1.504,5.041,0.000,0.000,17
GPU ROAM-like,RelWithDebInfo,OpenGL,NVIDIA GeForce RTX 5090 D/PCIe/SSE2,4.3.0 NVIDIA 591.86,false,assets/heightmaps/Hm_Terrain_Test_129.pgm,129,129,39.400,12.000,20,4.000,2.000,200000,0.596,0.000,18.000,19.498,21.381,48874,99040,48872,50,25,26,26,0,0,0,0,8,152.190,20.850,12.602,0.918,4.910,0.035,0.000,0.000,1.480,0.077,0.925,0.000,4.257,1.836,0.013,0.016,0.015,0.011,0.017,0.012,0.010,0.034,0.128,2.197,0.518,0.079,0.004,3.279,0.000,0.000,11092532,96,1.557,4.945,0.000,0.000,17
GPU ROAM-like,RelWithDebInfo,OpenGL,NVIDIA GeForce RTX 5090 D/PCIe/SSE2,4.3.0 NVIDIA 591.86,false,assets/heightmaps/Hm_Terrain_Test_129.pgm,129,129,39.400,12.000,20,4.000,2.000,200000,0.618,0.000,18.000,19.484,21.388,48884,99148,48882,54,28,44,26,0,0,0,0,8,80.200,19.790,12.288,0.738,4.835,0.065,0.000,0.000,1.389,0.079,0.915,0.000,4.266,1.477,0.012,0.018,0.017,0.011,0.016,0.012,0.010,0.032,0.128,2.136,0.583,0.074,0.004,2.904,0.000,0.000,11104628,96,1.468,4.900,0.000,0.000,17
GPU ROAM-like,RelWithDebInfo,OpenGL,NVIDIA GeForce RTX 5090 D/PCIe/SSE2,4.3.0 NVIDIA 591.86,false,assets/heightmaps/Hm_Terrain_Test_129.pgm,129,129,39.400,12.000,20,4.000,2.000,200000,0.638,0.000,18.000,19.470,20.324,48915,99260,48913,56,28,25,28,0,0,0,0,8,77.538,20.465,12.859,0.946,4.958,0.039,0.000,0.000,1.529,0.086,0.870,0.000,4.431,1.525,0.012,0.016,0.016,0.012,0.015,0.011,0.012,0.032,0.127,2.203,0.558,0.075,0.004,2.912,0.000,0.000,11117172,96,1.615,4.997,0.000,0.000,17
GPU ROAM-like,RelWithDebInfo,OpenGL,NVIDIA GeForce RTX 5090 D/PCIe/SSE2,4.3.0 NVIDIA 591.86,false,assets/heightmaps/Hm_Terrain_Test_129.pgm,129,129,39.400,12.000,20,4.000,2.000,200000,0.659,0.000,18.000,19.455,21.007,48918,99360,48916,50,25,47,27,0,0,0,0,8,152.884,20.768,12.227,0.656,5.045,0.066,0.000,0.000,1.331,0.092,0.866,0.000,4.171,1.689,0.021,0.014,0.016,0.011,0.019,0.012,0.009,0.033,0.134,2.206,0.595,0.080,0.004,3.621,0.000,0.000,11128372,96,1.423,5.111,0.000,0.000,17
GPU ROAM-like,RelWithDebInfo,OpenGL,NVIDIA GeForce RTX 5090 D/PCIe/SSE2,4.3.0 NVIDIA 591.86,false,assets/heightmaps/Hm_Terrain_Test_129.pgm,129,129,39.400,12.000,20,4.000,2.000,200000,0.680,0.000,18.000,19.439,21.304,48890,99468,48888,54,27,82,36,0,0,0,0,8,74.300,21.353,12.810,1.120,4.722,0.102,0.000,0.000,1.362,0.080,0.860,0.000,4.564,1.673,0.014,0.015,0.015,0.010,0.012,0.007,0.008,0.030,0.111,2.219,0.534,0.077,0.004,3.695,0.000,0.000,11140468,96,1.442,4.823,0.000,0.000,17
GPU ROAM-like,RelWithDebInfo,OpenGL,NVIDIA GeForce RTX 5090 D/PCIe/SSE2,4.3.0 NVIDIA 591.86,false,assets/heightmaps/Hm_Terrain_Test_129.pgm,129,129,39.400,12.000,20,4.000,2.000,200000,0.702,0.000,18.000,19.422,21.892,48894,99608,48892,70,35,66,36,0,0,0,0,8,639.354,19.880,12.274,0.889,4.967,0.083,0.000,0.000,1.106,0.104,0.863,0.000,4.262,1.503,0.013,0.016,0.016,0.011,0.018,0.011,0.011,0.032,0.129,2.231,0.535,0.076,0.005,2.911,0.000,0.000,11156148,96,1.211,5.050,0.000,0.000,17
GPU ROAM-like,RelWithDebInfo,OpenGL,NVIDIA GeForce RTX 5090 D/PCIe/SSE2,4.3.0 NVIDIA 591.86,false,assets/heightmaps/Hm_Terrain_Test_129.pgm,129,129,39.400,12.000,20,4.000,2.000,200000,0.723,0.000,18.000,19.406,20.412,48862,99740,48860,66,33,98,36,0,0,0,0,8,158.135,20.089,12.557,0.853,4.760,0.112,0.000,0.000,1.410,0.096,0.921,0.000,4.405,1.517,0.013,0.016,0.017,0.012,0.015,0.011,0.011,0.032,0.126,2.160,0.532,0.073,0.004,2.904,0.000,0.000,11170932,96,1.506,4.872,0.000,0.000,17
GPU ROAM-like,RelWithDebInfo,OpenGL,NVIDIA GeForce RTX 5090 D/PCIe/SSE2,4.3.0 NVIDIA 591.86,false,assets/heightmaps/Hm_Terrain_Test_129.pgm,129,129,39.400,12.000,20,4.000,2.000,200000,0.743,0.000,18.000,19.390,20.624,48889,99882,48887,71,35,44,37,0,0,0,0,8,80.337,19.790,12.090,0.840,4.867,0.057,0.000,0.000,1.218,0.109,0.853,0.000,4.146,1.515,0.012,0.018,0.014,0.010,0.012,0.012,0.008,0.031,0.117,2.128,0.532,0.246,0.004,2.918,0.000,0.000,11186836,96,1.327,4.924,0.000,0.000,17
GPU ROAM-like,RelWithDebInfo,OpenGL,NVIDIA GeForce RTX 5090 D/PCIe/SSE2,4.3.0 NVIDIA 591.86,false,assets/heightmaps/Hm_Terrain_Test_129.pgm,129,129,39.400,12.000,20,4.000,2.000,200000,0.764,0.000,18.000,19.373,20.304,48892,100018,48890,68,34,65,40,0,0,0,0,8,143.272,22.150,13.056,0.968,5.109,0.081,0.000,0.000,1.604,0.097,0.856,0.000,4.341,1.682,0.014,0.013,0.014,0.009,0.020,0.011,0.009,0.032,0.123,2.131,1.853,0.067,0.004,3.000,0.000,0.000,11202068,96,1.701,5.189,0.000,0.000,17
GPU ROAM-like,RelWithDebInfo,OpenGL,NVIDIA GeForce RTX 5090 D/PCIe/SSE2,4.3.0 NVIDIA 591.86,false,assets/heightmaps/Hm_Terrain_Test_129.pgm,129,129,39.400,12.000,20,4.000,2.000,200000,0.786,0.000,18.000,19.354,22.671,48914,100142,48912,62,31,40,36,0,0,0,0,8,88.875,17.910,12.892,0.994,5.074,0.061,0.000,0.000,1.400,0.092,0.861,0.000,4.410,1.769,0.012,0.017,0.015,0.010,0.016,0.012,0.009,0.031,0.122,2.165,0.543,0.067,0.004,0.123,0.000,0.000,11215956,96,1.492,5.135,0.000,0.000,17
GPU ROAM-like,RelWithDebInfo,OpenGL,NVIDIA GeForce RTX 5090 D/PCIe/SSE2,4.3.0 NVIDIA 591.86,false,assets/heightmaps/Hm_Terrain_Test_129.pgm,129,129,39.400,12.000,20,4.000,2.000,200000,0.805,0.000,18.000,19.338,18.450,48948,100262,48946,60,30,26,32,0,0,0,0,8,87.599,18.145,13.162,0.963,5.313,0.043,0.000,0.000,1.535,0.092,0.852,0.000,4.364,1.587,0.015,0.015,0.017,0.012,0.015,0.011,0.010,0.033,0.129,2.156,0.561,0.236,0.004,0.115,0.000,0.000,11229396,96,1.626,5.356,0.000,0.000,17
GPU ROAM-like,RelWithDebInfo,OpenGL,NVIDIA GeForce RTX 5090 D/PCIe/SSE2,4.3.0 NVIDIA 591.86,false,assets/heightmaps/Hm_Terrain_Test_129.pgm,129,129,39.400,12.000,20,4.000,2.000,200000,0.823,0.000,18.000,19.321,18.693,48978,100430,48976,84,43,54,44,0,0,0,0,8,93.824,16.956,11.944,0.738,4.840,0.066,0.000,0.000,1.274,0.126,0.849,0.000,4.051,1.719,0.028,0.013,0.020,0.011,0.015,0.022,0.010,0.032,0.151,2.178,0.598,0.067,0.005,0.126,0.000,0.000,11248212,96,1.400,4.905,0.000,0.000,17
GPU ROAM-like,RelWithDebInfo,OpenGL,NVIDIA GeForce RTX 5090 D/PCIe/SSE2,4.3.0 NVIDIA 591.86,false,assets/heightmaps/Hm_Terrain_Test_129.pgm,129,129,39.400,12.000,20,4.000,2.000,200000,0.841,0.000,18.000,19.305,17.788,48982,100582,48980,78,40,74,43,0,0,0,0,8,87.551,18.198,12.936,0.874,4.958,0.088,0.000,0.000,1.520,0.113,0.916,0.000,4.466,1.794,0.016,0.028,0.010,0.029,0.007,0.006,0.010,0.030,0.135,2.161,0.599,0.175,0.006,0.156,0.000,0.000,11265236,96,1.634,5.046,0.000,0.000,17
GPU ROAM-like,RelWithDebInfo,OpenGL,NVIDIA GeForce RTX 5090 D/PCIe/SSE2,4.3.0 NVIDIA 591.86,false,assets/heightmaps/Hm_Terrain_Test_129.pgm,129,129,39.400,12.000,20,4.000,2.000,200000,0.860,0.000,18.000,19.288,18.730,48996,100722,48994,70,35,56,35,0,0,0,0,8,89.429,17.771,12.990,0.975,5.240,0.073,0.000,0.000,1.470,0.103,0.853,0.000,4.276,1.554,0.006,0.005,0.004,0.006,0.003,0.003,0.005,0.026,0.058,2.144,0.577,0.063,0.004,0.125,0.000,0.000,11280916,96,1.573,5.313,0.000,0.000,17
GPU ROAM-like,RelWithDebInfo,OpenGL,NVIDIA GeForce RTX 5090 D/PCIe/SSE2,4.3.0 NVIDIA 591.86,false,assets/heightmaps/Hm_Terrain_Test_129.pgm,129,129,39.400,12.000,20,4.000,2.000,200000,0.878,0.000,18.000,19.271,18.318,48978,100854,48976,66,34,84,38,0,0,0,0,8,91.213,17.538,12.497,0.735,4.918,0.103,0.000,0.000,1.572,0.100,0.857,0.000,4.212,1.675,0.006,0.009,0.004,0.006,0.003,0.003,0.005,0.027,0.063,2.177,0.550,0.073,0.004,0.136,0.000,0.000,11295700,96,1.672,5.021,0.000,0.000,17
GPU ROAM-like,RelWithDebInfo,OpenGL,NVIDIA GeForce RTX 5090 D/PCIe/SSE2,4.3.0 NVIDIA 591.86,false,assets/heightmaps/Hm_Terrain_Test_129.pgm,129,129,39.400,12.000,20,4.000,2.000,200000,0.896,0.000,18.000,19.254,18.012,48971,101002,48969,74,37,81,41,0,0,0,0,8,176.493,18.023,13.151,1.216,4.825,0.104,0.000,0.000,1.508,0.110,0.849,0.000,4.538,1.610,0.006,0.007,0.004,0.006,0.003,0.003,0.005,0.026,0.061,2.202,0.530,0.067,0.004,0.126,0.000,0.000,11312276,96,1.618,4.929,0.000,0.000,17
GPU ROAM-like,RelWithDebInfo,OpenGL,NVIDIA GeForce RTX 5090 D/PCIe/SSE2,4.3.0 NVIDIA 591.86,false,assets/heightmaps/Hm_Terrain_Test_129.pgm,129,129,39.400,12.000,20,4.000,2.000,200000,0.915,0.000,18.000,19.236,18.547,48973,101122,48971,60,30,58,33,0,0,0,0,8,86.241,18.463,13.178,1.033,5.085,0.078,0.000,0.000,1.494,0.090,0.848,0.000,4.549,1.825,0.006,0.007,0.004,0.006,0.003,0.003,0.005,0.026,0.061,2.261,0.558,0.149,0.004,0.124,0.000,0.000,11325716,96,1.584,5.163,0.000,0.000,17
GPU ROAM-like,RelWithDebInfo,OpenGL,NVIDIA GeForce RTX 5090 D/PCIe/SSE2,4.3.0 NVIDIA 591.86,false,assets/heightmaps/Hm_Terrain_Test_129.pgm,129,129,39.400,12.000,20,4.000,2.000,200000,0.934,0.000,18.000,19.217,18.998,48958,101260,48956,69,34,84,36,0,0,0,0,8,80.789,19.666,14.454,1.306,5.499,0.105,0.000,0.000,1.602,0.111,0.871,0.000,4.960,1.927,0.006,0.008,0.004,0.006,0.003,0.003,0.005,0.026,0.061,2.243,0.496,0.066,0.004,0.132,0.000,0.000,11341172,96,1.712,5.605,0.000,0.000,17
GPU ROAM-like,RelWithDebInfo,OpenGL,NVIDIA GeForce RTX 5090 D/PCIe/SSE2,4.3.0 NVIDIA 591.86,false,assets/heightmaps/Hm_Terrain_Test_129.pgm,129,129,39.400,12.000,20,4.000,2.000,200000,0.954,0.000,18.000,19.196,20.196,48937,101408,48935,74,37,95,39,0,0,0,0,8,90.670,17.553,12.539,0.558,5.183,0.116,0.000,0.000,1.388,0.123,0.877,0.000,4.294,1.742,0.006,0.007,0.004,0.006,0.003,0.003,0.005,0.026,0.060,2.205,0.528,0.066,0.004,0.132,0.000,0.000,11357748,96,1.511,5.299,0.000,0.000,17
GPU ROAM-like,RelWithDebInfo,OpenGL,NVIDIA GeForce RTX 5090 D/PCIe/SSE2,4.3.0 NVIDIA 591.86,false,assets/heightmaps/Hm_Terrain_Test_129.pgm,129,129,39.400,12.000,20,4.000,2.000,200000,0.972,0.000,18.000,19.178,18.090,48969,101536,48967,64,32,32,37,0,0,0,0,8,91.333,17.414,12.611,0.613,5.251,0.058,0.000,0.000,1.502,0.097,0.864,0.000,4.226,1.550,0.005,0.008,0.004,0.006,0.003,0.003,0.005,0.027,0.061,2.214,0.532,0.062,0.004,0.119,0.000,0.000,11372084,96,1.599,5.309,0.000,0.000,17
GPU ROAM-like,RelWithDebInfo,OpenGL,NVIDIA GeForce RTX 5090 D/PCIe/SSE2,4.3.0 NVIDIA 591.86,false,assets/heightmaps/Hm_Terrain_Test_129.pgm,129,129,39.400,12.000,20,4.000,2.000,200000,0.990,0.000,18.000,19.159,18.039,48983,101688,48981,76,38,62,40,0,0,0,0,8,85.361,18.643,12.364,0.713,4.964,0.074,0.000,0.000,1.519,0.105,0.848,0.000,4.142,1.775,0.006,0.007,0.004,0.006,0.003,0.003,0.005,0.026,0.061,2.236,0.534,0.066,0.004,1.306,0.000,0.000,11389108,96,1.624,5.037,0.000,0.000,17
GPU ROAM-like,RelWithDebInfo,OpenGL,NVIDIA GeForce RTX 5090 D/PCIe/SSE2,4.3.0 NVIDIA 591.86,false,assets/heightmaps/Hm_Terrain_Test_129.pgm,129,129,39.400,12.000,20,4.000,2.000,200000,1.009,0.000,18.000,19.138,19.180,49025,101880,49023,96,48,54,52,0,0,0,0,8,82.523,19.275,12.833,1.045,4.846,0.074,0.000,0.000,1.473,0.131,0.862,0.000,4.402,1.754,0.006,0.007,0.004,0.006,0.003,0.003,0.005,0.026,0.061,2.213,0.605,0.071,0.005,1.434,0.000,0.000,11410612,96,1.604,4.920,0.000,0.000,17
GPU ROAM-like,RelWithDebInfo,OpenGL,NVIDIA GeForce RTX 5090 D/PCIe/SSE2,4.3.0 NVIDIA 591.86,false,assets/heightmaps/Hm_Terrain_Test_129.pgm,129,129,39.400,12.000,20,4.000,2.000,200000,1.029,0.000,18.000,19.117,19.803,49041,102050,49039,87,44,71,46,0,0,0,0,8,83.032,19.136,12.764,1.222,5.015,0.088,0.000,0.000,1.067,0.120,0.867,0.000,4.385,1.907,0.006,0.007,0.004,0.006,0.003,0.003,0.005,0.027,0.061,2.172,0.563,0.068,0.005,1.322,0.000,0.000,11429652,96,1.187,5.103,0.000,0.000,17
GPU ROAM-like,RelWithDebInfo,OpenGL,NVIDIA GeForce RTX 5090 D/PCIe/SSE2,4.3.0 NVIDIA 591.86,false,assets/heightmaps/Hm_Terrain_Test_129.pgm,129,129,39.400,12.000,20,4.000,2.000,200000,1.049,0.000,18.000,19.095,19.682,49099,102270,49097,110,55,52,62,0,0,0,0,8,85.665,18.558,12.273,0.746,4.711,0.077,0.000,0.000,1.405,0.151,0.868,0.000,4.314,1.819,0.009,0.008,0.007,0.008,0.003,0.003,0.009,0.029,0.075,2.191,0.581,0.069,0.004,1.286,0.000,0.000,11454292,96,1.556,4.788,0.000,0.000,17
GPU ROAM-like,RelWithDebInfo,OpenGL,NVIDIA GeForce RTX 5090 D/PCIe/SSE2,4.3.0 NVIDIA 591.86,false,assets/heightmaps/Hm_Terrain_Test_129.pgm,129,129,39.400,12.000,20,4.000,2.000,200000,1.068,0.000,18.000,19.074,19.133,49087,102422,49085,76,38,88,42,0,0,0,0,8,170.938,18.607,12.509,0.873,5.333,0.112,0.000,0.000,1.057,0.123,0.895,0.000,4.117,1.625,0.008,0.006,0.006,0.008,0.003,0.003,0.007,0.027,0.068,2.228,0.536,0.066,0.004,1.297,0.000,0.000,11471316,96,1.180,5.445,0.000,0.000,17
GPU ROAM-like,RelWithDebInfo,OpenGL,NVIDIA GeForce RTX 5090 D/PCIe/SSE2,4.3.0 NVIDIA 591.86,false,assets/heightmaps/Hm_Terrain_Test_129.pgm,129,129,39.400,12.000,20,4.000,2.000,200000,1.087,0.000,18.000,19.052,19.141,49113,102630,49111,104,52,78,59,0,0,0,0,8,82.196,19.319,13.090,1.273,4.923,0.099,0.000,0.000,1.431,0.146,0.858,0.000,4.359,1.746,0.007,0.008,0.007,0.008,0.003,0.003,0.007,0.029,0.071,2.171,0.616,0.070,0.005,1.294,0.000,0.000,11494612,96,1.577,5.022,0.000,0.000,17
GPU ROAM-like,RelWithDebInfo,OpenGL,NVIDIA GeForce RTX 5090 D/PCIe/SSE2,4.3.0 NVIDIA 591.86,false,assets/heightmaps/Hm_Terrain_Test_129.pgm,129,129,39.400,12.000,20,4.000,2.000,200000,1.107,0.000,18.000,19.029,19.870,49104,102806,49102,88,44,97,52,0,0,0,0,8,83.543,19.025,12.616,0.897,5.119,0.108,0.000,0.000,1.295,0.123,0.886,0.000,4.187,1.731,0.011,0.006,0.007,0.008,0.003,0.003,0.007,0.032,0.077,2.273,0.557,0.066,0.004,1.437,0.000,0.000,11514324,96,1.418,5.228,0.000,0.000,17
GPU ROAM-like,RelWithDebInfo,OpenGL,NVIDIA GeForce RTX 5090 D/PCIe/SSE2,4.3.0 NVIDIA 591.86,false,assets/heightmaps/Hm_Terrain_Test_129.pgm,129,129,39.400,12.000,20,4.000,2.000,200000,1.126,0.000,18.000,19.006,19.563,49102,103010,49100,102,51,104,54,0,0,0,0,8,83.320,19.097,12.787,0.776,4.971,0.133,0.000,0.000,1.457,0.152,0.961,0.000,4.337,1.605,0.008,0.007,0.008,0.008,0.003,0.003,0.007,0.028,0.071,2.205,0.548,0.068,0.004,1.518,0.000,0.000,11537172,96,1.609,5.104,0.000,0.000,17
GPU ROAM-like,RelWithDebInfo,OpenGL,NVIDIA GeForce RTX 5090 D/PCIe/SSE2,4.3.0 NVIDIA 591.86,false,assets/heightmaps/Hm_Terrain_Test_129.pgm,129,129,39.400,12.000,20,4.000,2.000,200000,1.146,0.000,18.000,18.983,19.629,49122,103174,49120,82,41,62,44,0,0,0,0,8,165.396,19.253,12.828,1.032,4.993,0.084,0.000,0.000,1.391,0.116,0.856,0.000,4.356,1.802,0.008,0.008,0.006,0.009,0.003,0.003,0.008,0.028,0.073,2.202,0.568,0.066,0.004,1.409,0.000,0.000,11555540,96,1.507,5.076,0.000,0.000,17
GPU ROAM-like,RelWithDebInfo,OpenGL,NVIDIA GeForce RTX 5090 D/PCIe/SSE2,4.3.0 NVIDIA 591.86,false,assets/heightmaps/Hm_Terrain_Test_129.pgm,129,129,39.400,12.000,20,4.000,2.000,200000,1.166,0.000,18.000,18.959,19.780,49149,103368,49147,97,48,70,52,0,0,0,0,8,82.131,19.353,12.929,1.019,5.099,0.092,0.000,0.000,1.387,0.138,0.851,0.000,4.343,1.759,0.007,0.007,0.008,0.008,0.003,0.003,0.007,0.028,0.070,2.266,0.582,0.068,0.004,1.399,0.000,0.000,11577268,96,1.525,5.191,0.000,0.000,17
GPU ROAM-like,RelWithDebInfo,OpenGL,NVIDIA GeForce RTX 5090 D/PCIe/SSE2,4.3.0 NVIDIA 591.86,false,assets/heightmaps/Hm_Terrain_Test_129.pgm,129,129,39.400,12.000,20,4.000,2.000,200000,1.186,0.000,18.000,18.935,19.887,49160,103540,49158,86,43,75,44,0,0,0,0,8,484.198,19.683,13.288,1.020,5.221,0.092,0.000,0.000,1.522,0.134,0.864,0.000,4.434,1.572,0.011,0.006,0.006,0.007,0.003,0.003,0.007,0.028,0.071,2.204,0.591,0.299,0.004,1.385,0.000,0.000,11596532,96,1.656,5.313,0.000,0.000,17
GPU ROAM-like,RelWithDebInfo,OpenGL,NVIDIA GeForce RTX 5090 D/PCIe/SSE2,4.3.0 NVIDIA 591.86,false,assets/heightmaps/Hm_Terrain_Test_129.pgm,129,129,39.400,12.000,20,4.000,2.000,200000,1.206,0.000,18.000,18.910,20.226,49158,103716,49156,88,44,90,46,0,0,0,0,8,167.243,19.013,12.721,0.767,5.146,0.106,0.000,0.000,1.546,0.131,0.855,0.000,4.171,1.762,0.008,0.008,0.010,0.009,0.003,0.003,0.007,0.028,0.075,2.205,0.544,0.068,0.004,1.363,0.000,0.000,11616244,96,1.677,5.251,0.000,0.000,17
GPU ROAM-like,RelWithDebInfo,OpenGL,NVIDIA GeForce RTX 5090 D/PCIe/SSE2,4.3.0 NVIDIA 591.86,false,assets/heightmaps/Hm_Terrain_Test_129.pgm,129,129,39.400,12.000,20,4.000,2.000,200000,1.226,0.000,18.000,18.885,19.559,49171,103864,49169,74,38,61,39,0,0,0,0,8,81.198,19.578,13.081,1.082,5.157,0.083,0.000,0.000,1.543,0.104,0.852,0.000,4.260,1.788,0.008,0.006,0.006,0.008,0.003,0.003,0.007,0.029,0.069,2.241,0.604,0.158,0.004,1.349,0.000,0.000,11632820,96,1.648,5.240,0.000,0.000,17
GPU ROAM-like,RelWithDebInfo,OpenGL,NVIDIA GeForce RTX 5090 D/PCIe/SSE2,4.3.0 NVIDIA 591.86,false,assets/heightmaps/Hm_Terrain_Test_129.pgm,129,129,39.400,12.000,20,4.000,2.000,200000,1.246,0.000,18.000,18.859,20.153,49194,104112,49192,124,62,101,66,0,0,0,0,8,81.173,19.583,13.182,1.030,5.060,0.130,0.000,0.000,1.546,0.182,0.868,0.000,4.366,1.810,0.008,0.007,0.005,0.008,0.003,0.003,0.007,0.029,0.069,2.243,0.606,0.067,0.004,1.315,0.000,0.000,11660596,96,1.729,5.190,0.000,0.000,17
GPU ROAM-like,RelWithDebInfo,OpenGL,NVIDIA GeForce RTX 5090 D/PCIe/SSE2,4.3.0 NVIDIA 591.86,false,assets/heightmaps/Hm_Terrain_Test_129.pgm,129,129,39.400,12.000,20,4.000,2.000,200000,1.266,0.000,18.000,18.832,20.521,49211,104330,49209,109,54,92,60,0,0,0,0,8,84.609,18.802,12.437,1.064,4.976,0.119,0.000,0.000,1.018,0.152,0.851,0.000,4.256,1.854,0.010,0.007,0.006,0.008,0.003,0.003,0.007,0.029,0.074,2.246,0.530,0.064,0.004,1.313,0.000,0.000,11685012,96,1.170,5.095,0.000,0.000,17
GPU ROAM-like,RelWithDebInfo,OpenGL,NVIDIA GeForce RTX 5090 D/PCIe/SSE2,4.3.0 NVIDIA 591.86,false,assets/heightmaps/Hm_Terrain_Test_129.pgm,129,129,39.400,12.000,20,4.000,2.000,200000,1.286,0.000,18.000,18.807,19.427,49170,104502,49168,86,43,127,54,0,0,0,0,8,573.022,19.436,13.151,0.955,5.226,0.144,0.000,0.000,1.534,0.134,0.855,0.000,4.304,1.628,0.008,0.006,0.006,0.007,0.003,0.003,0.006,0.028,0.067,2.249,0.547,0.068,0.004,1.422,0.000,0.000,11704276,96,1.668,5.370,0.000,0.000,17
GPU ROAM-like,RelWithDebInfo,OpenGL,NVIDIA GeForce RTX 5090 D/PCIe/SSE2,4.3.0 NVIDIA 591.86,false,assets/heightmaps/Hm_Terrain_Test_129.pgm,129,129,39.400,12.000,20,4.000,2.000,200000,1.306,0.000,18.000,18.780,19.990,49176,104734,49174,116,58,110,67,0,0,0,0,8,80.506,19.746,13.290,0.984,5.248,0.147,0.000,0.000,1.572,0.158,0.862,0.000,4.317,1.801,0.008,0.006,0.006,0.007,0.003,0.003,0.007,0.028,0.068,2.232,0.586,0.065,0.004,1.412,0.000,0.000,11730260,96,1.731,5.395,0.000,0.000,17
GPU ROAM-like,RelWithDebInfo,OpenGL,NVIDIA GeForce RTX 5090 D/PCIe/SSE2,4.3.0 NVIDIA 591.86,false,assets/heightmaps/Hm_Terrain_Test_129.pgm,129,129,39.400,12.000,20,4.000,2.000,200000,1.326,0.000,18.000,18.753,20.287,49195,104932,49193,99,49,80,59,0,0,0,0,8,80.557,19.735,13.307,0.865,5.149,0.096,0.000,0.000,1.569,0.139,0.877,0.000,4.612,1.806,0.013,0.008,0.006,0.008,0.003,0.003,0.007,0.028,0.075,2.231,0.560,0.069,0.005,1.400,0.000,0.000,11752436,96,1.708,5.244,0.000,0.000,17
GPU ROAM-like,RelWithDebInfo,OpenGL,NVIDIA GeForce RTX 5090 D/PCIe/SSE2,4.3.0 NVIDIA 591.86,false,assets/heightmaps/Hm_Terrain_Test_129.pgm,129,129,39.400,12.000,20,4.000,2.000,200000,1.346,0.000,18.000,18.725,20.268,49201,105124,49199,96,48,90,54,0,0,0,0,8,83.495,19.060,12.782,0.838,5.163,0.111,0.000,0.000,1.465,0.133,0.860,0.000,4.212,1.589,0.008,0.007,0.007,0.008,0.003,0.003,0.007,0.029,0.071,2.322,0.551,0.067,0.005,1.380,0.000,0.000,11773940,96,1.598,5.274,0.000,0.000,17
GPU ROAM-like,RelWithDebInfo,OpenGL,NVIDIA GeForce RTX 5090 D/PCIe/SSE2,4.3.0 NVIDIA 591.86,false,assets/heightmaps/Hm_Terrain_Test_129.pgm,129,129,39.400,12.000,20,4.000,2.000,200000,1.366,0.000,18.000,18.698,19.590,49181,105304,49179,90,47,110,52,0,0,0,0,8,159.487,19.950,13.347,1.149,5.292,0.135,0.000,0.000,1.425,0.128,0.857,0.000,4.363,1.840,0.008,0.007,0.011,0.009,0.003,0.003,0.009,0.028,0.078,2.388,0.566,0.067,0.004,1.365,0.000,0.000,11794100,96,1.553,5.426,0.000,0.000,17
GPU ROAM-like,RelWithDebInfo,OpenGL,NVIDIA GeForce RTX 5090 D/PCIe/SSE2,4.3.0 NVIDIA 591.86,false,assets/heightmaps/Hm_Terrain_Test_129.pgm,129,129,39.400,12.000,20,4.000,2.000,200000,1.386,0.000,18.000,18.669,20.484,49175,105500,49173,98,49,104,55,0,0,0,0,8,82.018,19.376,12.943,1.217,4.859,0.125,0.000,0.000,1.417,0.138,0.864,0.000,4.322,1.804,0.008,0.006,0.007,0.007,0.003,0.003,0.006,0.029,0.071,2.265,0.557,0.070,0.004,1.390,0.000,0.000,11816052,96,1.555,4.984,0.000,0.000,17
GPU ROAM-like,RelWithDebInfo,OpenGL,NVIDIA GeForce RTX 5090 D/PCIe/SSE2,4.3.0 NVIDIA 591.86,false,assets/heightmaps/Hm_Terrain_Test_129.pgm,129,129,39.400,12.000,20,4.000,2.000,200000,1.406,0.000,18.000,18.641,19.917,49165,105704,49163,102,51,112,64,0,0,0,0,8,83.846,19.013,12.739,0.868,5.024,0.133,0.000,0.000,1.465,0.140,0.859,0.000,4.251,1.596,0.007,0.006,0.006,0.008,0.003,0.003,0.007,0.028,0.068,2.261,0.621,0.066,0.005,1.329,0.000,0.000,11838900,96,1.605,5.157,0.000,0.000,17
GPU ROAM-like,RelWithDebInfo,OpenGL,NVIDIA GeForce RTX 5090 D/PCIe/SSE2,4.3.0 NVIDIA 591.86,false,assets/heightmaps/Hm_Terrain_Test_129.pgm,129,129,39.400,12.000,20,4.000,2.000,200000,1.426,0.000,18.000,18.613,19.529,49187,105904,49185,100,50,78,57,0,0,0,0,8,323.442,19.756,12.975,0.896,5.200,0.103,0.000,0.000,1.525,0.128,0.852,0.000,4.271,1.859,0.011,0.006,0.006,0.008,0.003,0.003,0.007,0.028,0.071,2.293,0.545,0.068,0.005,1.560,0.000,0.000,11861300,96,1.653,5.304,0.000,0.000,17
GPU ROAM-like,RelWithDebInfo,OpenGL,NVIDIA GeForce RTX 5090 D/PCIe/SSE2,4.3.0 NVIDIA 591.86,false,assets/heightmaps/Hm_Terrain_Test_129.pgm,129,129,39.400,12.000,20,4.000,2.000,200000,1.446,0.000,18.000,18.583,20.231,49177,106076,49175,86,43,96,46,0,0,0,0,8,78.519,20.335,13.617,1.288,5.591,0.125,0.000,0.000,1.410,0.129,0.850,0.000,4.225,1.787,0.008,0.006,0.006,0.007,0.003,0.003,0.007,0.029,0.068,2.294,0.549,0.069,0.004,1.560,0.000,0.000,11880564,96,1.539,5.716,0.000,0.000,17
GPU ROAM-like,RelWithDebInfo,OpenGL,NVIDIA GeForce RTX 5090 D/PCIe/SSE2,4.3.0 NVIDIA 591.86,false,assets/heightmaps/Hm_Terrain_Test_129.pgm,129,129,39.400,12.000,20,4.000,2.000,200000,1.467,0.000,18.000,18.553,20.802,49152,106298,49150,111,55,136,66,0,0,0,0,8,567.030,19.703,13.355,1.203,5.256,0.182,0.000,0.000,1.416,0.151,0.855,0.000,4.292,1.575,0.008,0.006,0.005,0.007,0.003,0.003,0.007,0.028,0.068,2.316,0.540,0.067,0.004,1.414,0.000,0.000,11905428,96,1.566,5.438,0.000,0.000,17
GPU ROAM-like,RelWithDebInfo,OpenGL,NVIDIA GeForce RTX 5090 D/PCIe/SSE2,4.3.0 NVIDIA 591.86,false,assets/heightmaps/Hm_Terrain_Test_129.pgm,129,129,39.400,12.000,20,4.000,2.000,200000,1.487,0.000,18.000,18.523,20.188,49130,106474,49128,88,44,110,52,0,0,0,0,8,163.775,19.502,13.154,0.897,5.216,0.126,0.000,0.000,1.474,0.135,0.867,0.000,4.438,1.585,0.008,0.007,0.008,0.010,0.003,0.003,0.009,0.030,0.077,2.320,0.543,0.068,0.005,1.388,0.000,0.000,11925140,96,1.609,5.343,0.000,0.000,17
GPU ROAM-like,RelWithDebInfo,OpenGL,NVIDIA GeForce RTX 5090 D/PCIe/SSE2,4.3.0 NVIDIA 591.86,false,assets/heightmaps/Hm_Terrain_Test_129.pgm,129,129,39.400,12.000,20,4.000,2.000,200000,1.507,0.000,18.000,18.493,19.994,49121,106674,49119,100,50,109,56,0,0,0,0,8,82.366,19.390,12.851,0.879,5.135,0.138,0.000,0.000,1.495,0.132,0.863,0.000,4.209,1.771,0.008,0.006,0.007,0.008,0.003,0.003,0.007,0.028,0.071,2.335,0.544,0.071,0.004,1.377,0.000,0.000,11947540,96,1.627,5.273,0.000,0.000,17
GPU ROAM-like,RelWithDebInfo,OpenGL,NVIDIA GeForce RTX 5090 D/PCIe/SSE2,4.3.0 NVIDIA 591.86,false,assets/heightmaps/Hm_Terrain_Test_129.pgm,129,129,39.400,12.000,20,4.000,2.000,200000,1.527,0.000,18.000,18.463,19.876,49149,106918,49147,122,62,94,67,0,0,0,0,8,81.322,19.624,13.063,1.072,5.141,0.115,0.000,0.000,1.509,0.172,0.857,0.000,4.197,1.996,0.008,0.007,0.006,0.008,0.003,0.003,0.007,0.028,0.069,2.385,0.419,0.067,0.004,1.265,0.000,0.000,11974868,96,1.681,5.255,0.000,0.000,17
GPU ROAM-like,RelWithDebInfo,OpenGL,NVIDIA GeForce RTX 5090 D/PCIe/SSE2,4.3.0 NVIDIA 591.86,false,assets/heightmaps/Hm_Terrain_Test_129.pgm,129,129,39.400,12.000,20,4.000,2.000,200000,1.547,0.000,18.000,18.432,20.117,49139,107170,49137,126,63,136,71,0,0,0,0,8,79.525,20.006,13.468,0.647,5.259,0.165,0.000,0.000,1.568,0.187,0.859,0.000,4.782,1.843,0.008,0.008,0.011,0.009,0.003,0.003,0.008,0.029,0.080,2.333,0.567,0.068,0.004,1.347,0.000,0.000,12003092,96,1.755,5.424,0.000,0.000,17
GPU ROAM-like,RelWithDebInfo,OpenGL,NVIDIA GeForce RTX 5090 D/PCIe/SSE2,4.3.0 NVIDIA 591.86,false,assets/heightmaps/Hm_Terrain_Test_129.pgm,129,129,39.400,12.000,20,4.000,2.000,200000,1.567,0.000,18.000,18.400,20.545,49137,107382,49135,106,53,108,54,0,0,0,0,8,156.247,20.341,13.738,1.161,5.499,0.127,0.000,0.000,1.455,0.148,0.856,0.000,4.493,1.867,0.008,0.008,0.011,0.009,0.003,0.003,0.009,0.030,0.080,2.291,0.567,0.068,0.005,1.446,0.000,0.000,12026836,96,1.603,5.626,0.000,0.000,17
GPU ROAM-like,RelWithDebInfo,OpenGL,NVIDIA GeForce RTX 5090 D/PCIe/SSE2,4.3.0 NVIDIA 591.86,false,assets/heightmaps/Hm_Terrain_Test_129.pgm,129,129,39.400,12.000,20,4.000,2.000,200000,1.588,0.000,18.000,18.367,20.882,49138,107628,49136,123,61,122,69,0,0,0,0,8,82.311,19.310,13.021,0.939,4.945,0.149,0.000,0.000,1.624,0.183,0.855,0.000,4.326,1.620,0.008,0.007,0.006,0.008,0.003,0.003,0.007,0.028,0.069,2.294,0.558,0.066,0.004,1.403,0.000,0.000,12054388,96,1.806,5.094,0.000,0.000,17
GPU ROAM-like,RelWithDebInfo,OpenGL,NVIDIA GeForce RTX 5090 D/PCIe/SSE2,4.3.0 NVIDIA 591.86,false,assets/heightmaps/Hm_Terrain_Test_129.pgm,129,129,39.400,12.000,20,4.000,2.000,200000,1.608,0.000,18.000,18.335,19.861,49132,107888,49130,130,65,136,78,0,0,0,0,8,569.745,19.547,13.018,0.824,5.050,0.148,0.000,0.000,1.564,0.181,0.860,0.000,4.390,1.862,0.008,0.008,0.006,0.007,0.003,0.003,0.006,0.028,0.069,2.307,0.560,0.067,0.004,1.363,0.000,0.000,12083508,96,1.745,5.198,0.000,0.000,17
GPU ROAM-like,RelWithDebInfo,OpenGL,NVIDIA GeForce RTX 5090 D/PCIe/SSE2,4.3.0 NVIDIA 591.86,false,assets/heightmaps/Hm_Terrain_Test_129.pgm,129,129,39.400,12.000,20,4.000,2.000,200000,1.628,0.000,18.000,18.303,20.076,49104,108128,49102,120,62,148,71,0,0,0,0,8,167.339,19.040,12.203,0.886,4.952,0.163,0.000,0.000,1.060,0.170,0.862,0.000,4.111,1.905,0.008,0.006,0.007,0.007,0.003,0.003,0.007,0.028,0.069,2.299,0.573,0.067,0.004,1.606,0.000,0.000,12110388,96,1.229,5.115,0.000,0.000,17
GPU ROAM-like,RelWithDebInfo,OpenGL,NVIDIA GeForce RTX 5090 D/PCIe/SSE2,4.3.0 NVIDIA 591.86,false,assets/heightmaps/Hm_Terrain_Test_129.pgm,129,129,39.400,12.000,20,4.000,2.000,200000,1.648,0.000,18.000,18.271,19.572,49126,108384,49124,128,66,106,68,0,0,0,0,8,79.802,19.926,13.304,1.233,5.106,0.137,0.000,0.000,1.461,0.169,0.857,0.000,4.340,1.868,0.008,0.006,0.005,0.007,0.003,0.003,0.006,0.028,0.068,2.312,0.574,0.067,0.004,1.433,0.000,0.000,12139060,96,1.630,5.244,0.000,0.000,17
GPU ROAM-like,RelWithDebInfo,OpenGL,NVIDIA GeForce RTX 5090 D/PCIe/SSE2,4.3.0 NVIDIA 591.86,false,assets/heightmaps/Hm_Terrain_Test_129.pgm,129,129,39.400,12.000,20,4.000,2.000,200000,1.668,0.000,18.000,18.238,20.463,49131,108648,49129,132,66,127,73,0,0,0,0,8,80.967,19.656,13.024,0.961,5.071,0.145,0.000,0.000,1.398,0.191,0.868,0.000,4.389,1.884,0.007,0.008,0.007,0.009,0.003,0.003,0.007,0.029,0.073,2.333,0.574,0.066,0.004,1.395,0.000,0.000,12168628,96,1.590,5.216,0.000,0.000,17
GPU ROAM-like,RelWithDebInfo,OpenGL,NVIDIA GeForce RTX 5090 D/PCIe/SSE2,4.3.0 NVIDIA 591.86,false,assets/heightmaps/Hm_Terrain_Test_129.pgm,129,129,39.400,12.000,20,4.000,2.000,200000,1.689,0.000,18.000,18.205,20.182,49123,108912,49121,132,66,140,81,0,0,0,0,8,80.651,19.721,13.125,1.000,5.009,0.155,0.000,0.000,1.485,0.186,0.870,0.000,4.420,1.884,0.007,0.007,0.006,0.007,0.003,0.003,0.007,0.028,0.067,2.335,0.586,0.068,0.004,1.354,0.000,0.000,12198196,96,1.671,5.164,0.000,0.000,17
GPU ROAM-like,RelWithDebInfo,OpenGL,NVIDIA GeForce RTX 5090 D/PCIe/SSE2,4.3.0 NVIDIA 591.86,false,assets/heightmaps/Hm_Terrain_Test_129.pgm,129,129,39.400,12.000,20,4.000,2.000,200000,1.709,0.000,18.000,18.170,20.614,49169,109220,49167,154,77,108,100,0,0,0,0,8,80.122,19.871,13.073,1.036,5.084,0.119,0.000,0.000,1.425,0.203,0.853,0.000,4.352,1.954,0.009,0.006,0.006,0.007,0.003,0.003,0.006,0.028,0.068,2.365,0.571,0.066,0.004,1.452,0.000,0.000,12232692,96,1.628,5.203,0.000,0.000,17
GPU ROAM-like,RelWithDebInfo,OpenGL,NVIDIA GeForce RTX 5090 D/PCIe/SSE2,4.3.0 NVIDIA 591.86,false,assets/heightmaps/Hm_Terrain_Test_129.pgm,129,129,39.400,12.000,20,4.000,2.000,200000,1.730,0.000,18.000,18.136,20.404,49198,109518,49196,149,74,120,85,0,0,0,0,8,79.458,20.022,13.356,1.115,5.043,0.133,0.000,0.000,1.582,0.194,0.879,0.000,4.411,1.862,0.008,0.007,0.006,0.008,0.003,0.003,0.007,0.028,0.070,2.368,0.569,0.064,0.004,1.426,0.000,0.000,12266068,96,1.776,5.176,0.000,0.000,17
GPU ROAM-like,RelWithDebInfo,OpenGL,NVIDIA GeForce RTX 5090 D/PCIe/SSE2,4.3.0 NVIDIA 591.86,false,assets/heightmaps/Hm_Terrain_Test_129.pgm,129,129,39.400,12.000,20,4.000,2.000,200000,1.750,0.000,18.000,18.101,20.547,49176,109726,49174,104,53,126,55,0,0,0,0,8,80.157,19.875,13.123,0.959,5.180,0.141,0.000,0.000,1.450,0.150,0.855,0.000,4.389,1.898,0.008,0.006,0.006,0.008,0.003,0.003,0.007,0.028,0.070,2.334,0.674,0.072,0.004,1.368,0.000,0.000,12289364,96,1.600,5.321,0.000,0.000,17
GPU ROAM-like,RelWithDebInfo,OpenGL,NVIDIA GeForce RTX 5090 D/PCIe/SSE2,4.3.0 NVIDIA 591.86,false,assets/heightmaps/Hm_Terrain_Test_129.pgm,129,129,39.400,12.000,20,4.000,2.000,200000,1.770,0.000,18.000,18.066,20.396,49114,109958,49112,116,58,178,69,0,0,0,0,8,156.384,20.327,13.770,1.153,5.391,0.209,0.000,0.000,1.471,0.156,0.854,0.000,4.537,1.707,0.014,0.009,0.006,0.008,0.003,0.003,0.007,0.029,0.079,2.378,0.563,0.064,0.004,1.481,0.000,0.000,12315348,96,1.627,5.600,0.000,0.000,17
GPU ROAM-like,RelWithDebInfo,OpenGL,NVIDIA GeForce RTX 5090 D/PCIe/SSE2,4.3.0 NVIDIA 591.86,false,assets/heightmaps/Hm_Terrain_Test_129.pgm,129,129,39.400,12.000,20,4.000,2.000,200000,1.791,0.000,18.000,18.030,20.872,49139,110246,49137,144,72,119,90,0,0,0,0,8,81.222,19.595,12.876,0.908,5.012,0.136,0.000,0.000,1.451,0.187,0.856,0.000,4.326,1.880,0.008,0.008,0.007,0.007,0.003,0.003,0.007,0.029,0.072,2.358,0.578,0.070,0.004,1.455,0.000,0.000,12347604,96,1.638,5.148,0.000,0.000,17
GPU ROAM-like,RelWithDebInfo,OpenGL,NVIDIA GeForce RTX 5090 D/PCIe/SSE2,4.3.0 NVIDIA 591.86,false,assets/heightmaps/Hm_Terrain_Test_129.pgm,129,129,39.400,12.000,20,4.000,2.000,200000,1.811,0.000,18.000,17.995,20.127,49161,110522,49159,138,69,116,79,0,0,0,0,8,617.610,20.606,13.368,1.032,5.346,0.121,0.000,0.000,1.526,0.182,0.851,0.000,4.310,2.385,0.008,0.006,0.007,0.008,0.003,0.003,0.007,0.028,0.070,2.423,0.582,0.068,0.004,1.391,0.000,0.000,12378516,96,1.708,5.468,0.000,0.000,17
GPU ROAM-like,RelWithDebInfo,OpenGL,NVIDIA GeForce RTX 5090 D/PCIe/SSE2,4.3.0 NVIDIA 591.86,false,assets/heightmaps/Hm_Terrain_Test_129.pgm,129,129,39.400,12.000,20,4.000,2.000,200000,1.833,0.000,18.000,17.958,21.133,49152,110836,49150,157,78,166,85,0,0,0,0,8,158.032,20.149,13.424,1.191,5.250,0.168,0.000,0.000,1.482,0.217,0.856,0.000,4.259,1.887,0.008,0.007,0.006,0.008,0.003,0.003,0.007,0.028,0.069,2.414,0.582,0.064,0.004,1.383,0.000,0.000,12413684,96,1.699,5.418,0.000,0.000,17
GPU ROAM-like,RelWithDebInfo,OpenGL,NVIDIA GeForce RTX 5090 D/PCIe/SSE2,4.3.0 NVIDIA 591.86,false,assets/heightmaps/Hm_Terrain_Test_129.pgm,129,129,39.400,12.000,20,4.000,2.000,200000,1.853,0.000,18.000,17.921,20.655,49216,111124,49214,144,72,80,84,0,0,0,0,8,78.977,20.144,13.234,1.109,5.111,0.098,0.000,0.000,1.476,0.200,0.852,0.000,4.388,1.947,0.007,0.008,0.010,0.009,0.003,0.003,0.009,0.030,0.079,2.403,0.630,0.067,0.004,1.482,0.000,0.000,12445940,96,1.676,5.208,0.000,0.000,17
GPU ROAM-like,RelWithDebInfo,OpenGL,NVIDIA GeForce RTX 5090 D/PCIe/SSE2,4.3.0 NVIDIA 591.86,false,assets/heightmaps/Hm_Terrain_Test_129.pgm,129,129,39.400,12.000,20,4.000,2.000,200000,1.874,0.000,18.000,17.884,20.691,49191,111434,49189,155,77,180,91,0,0,0,0,8,629.282,20.241,13.460,0.941,5.232,0.174,0.000,0.000,1.514,0.207,0.860,0.000,4.530,1.893,0.011,0.006,0.005,0.007,0.003,0.003,0.007,0.028,0.071,2.394,0.574,0.072,0.004,1.451,0.000,0.000,12480660,96,1.722,5.407,0.000,0.000,17
GPU ROAM-like,RelWithDebInfo,OpenGL,NVIDIA GeForce RTX 5090 D/PCIe/SSE2,4.3.0 NVIDIA 591.86,false,assets/heightmaps/Hm_Terrain_Test_129.pgm,129,129,39.400,12.000,20,4.000,2.000,200000,1.895,0.000,18.000,17.846,20.770,49207,111730,49205,148,73,132,91,0,0,0,0,8,316.480,20.132,13.268,1.009,5.227,0.141,0.000,0.000,1.565,0.202,0.856,0.000,4.268,1.923,0.007,0.007,0.006,0.007,0.003,0.003,0.007,0.028,0.068,2.460,0.599,0.067,0.005,1.409,0.000,0.000,12513812,96,1.766,5.369,0.000,0.000,17
GPU ROAM-like,RelWithDebInfo,OpenGL,NVIDIA GeForce RTX 5090 D/PCIe/SSE2,4.3.0 NVIDIA 591.86,false,assets/heightmaps/Hm_Terrain_Test_129.pgm,129,129,39.400,12.000,20,4.000,2.000,200000,1.915,0.000,18.000,17.809,20.700,49220,112072,49218,171,85,158,102,0,0,0,0,8,77.284,20.582,13.661,1.173,5.372,0.181,0.000,0.000,1.537,0.215,0.861,0.000,4.321,1.901,0.008,0.006,0.006,0.007,0.003,0.003,0.007,0.028,0.068,2.433,0.614,0.066,0.004,1.521,0.000,0.000,12552116,96,1.752,5.554,0.000,0.000,17
GPU ROAM-like,RelWithDebInfo,OpenGL,NVIDIA GeForce RTX 5090 D/PCIe/SSE2,4.3.0 NVIDIA 591.86,false,assets/heightmaps/Hm_Terrain_Test_129.pgm,129,129,39.400,12.000,20,4.000,2.000,200000,1.937,0.000,18.000,17.770,21.108,49250,112432,49248,180,90,150,109,0,0,0,0,8,79.072,20.142,13.267,1.115,5.366,0.168,0.000,0.000,1.157,0.244,0.857,0.000,4.360,1.914,0.012,0.006,0.006,0.007,0.003,0.003,0.007,0.029,0.072,2.408,0.639,0.067,0.005,1.444,0.000,0.000,12592436,96,1.401,5.535,0.000,0.000,17
GPU ROAM-like,RelWithDebInfo,OpenGL,NVIDIA GeForce RTX 5090 D/PCIe/SSE2,4.3.0 NVIDIA 591.86,false,assets/heightmaps/Hm_Terrain_Test_129.pgm,129,129,39.400,12.000,20,4.000,2.000,200000,1.957,0.000,18.000,17.731,20.702,49239,112760,49237,164,82,175,99,0,0,0,0,8,396.608,20.088,13.051,0.933,5.010,0.170,0.000,0.000,1.403,0.219,0.855,0.000,4.462,1.926,0.008,0.006,0.007,0.007,0.003,0.003,0.007,0.029,0.070,2.405,0.604,0.166,0.004,1.523,0.000,0.000,12629172,96,1.622,5.179,0.000,0.000,17
GPU ROAM-like,RelWithDebInfo,OpenGL,NVIDIA GeForce RTX 5090 D/PCIe/SSE2,4.3.0 NVIDIA 591.86,false,assets/heightmaps/Hm_Terrain_Test_129.pgm,129,129,39.400,12.000,20,4.000,2.000,200000,1.978,0.000,18.000,17.693,20.607,49256,113092,49254,166,84,149,93,0,0,0,0,8,77.361,20.590,13.591,1.185,5.228,0.160,0.000,0.000,1.459,0.214,0.856,0.000,4.490,1.920,0.017,0.007,0.007,0.008,0.003,0.003,0.007,0.028,0.080,2.466,0.653,0.069,0.004,1.475,0.000,0.000,12666356,96,1.673,5.387,0.000,0.000,17
GPU ROAM-like,RelWithDebInfo,OpenGL,NVIDIA GeForce RTX 5090 D/PCIe/SSE2,4.3.0 NVIDIA 591.86,false,assets/heightmaps/Hm_Terrain_Test_129.pgm,129,129,39.400,12.000,20,4.000,2.000,200000,1.999,0.000,18.000,17.653,21.103,49232,113344,49230,126,63,150,68,0,0,0,0,8,156.548,20.391,13.725,1.137,5.390,0.157,0.000,0.000,1.657,0.171,0.858,0.000,4.354,1.726,0.008,0.006,0.006,0.007,0.003,0.003,0.007,0.028,0.068,2.429,0.580,0.065,0.005,1.417,0.000,0.000,12694580,96,1.829,5.547,0.000,0.000,17
GPU ROAM-like,RelWithDebInfo,OpenGL,NVIDIA GeForce RTX 5090 D/PCIe/SSE2,4.3.0 NVIDIA 591.86,false,assets/heightmaps/Hm_Terrain_Test_129.pgm,129,129,39.400,12.000,20,4.000,2.000,200000,2.020,0.000,18.000,17.614,20.857,49216,113624,49214,140,70,156,78,0,0,0,0,8,388.774,20.477,13.523,1.115,5.280,0.160,0.000,0.000,1.464,0.183,0.862,0.000,4.460,1.927,0.008,0.006,0.006,0.008,0.003,0.003,0.007,0.028,0.068,2.454,0.604,0.067,0.004,1.499,0.000,0.000,12725940,96,1.647,5.440,0.000,0.000,17
GPU ROAM-like,RelWithDebInfo,OpenGL,NVIDIA GeForce RTX 5090 D/PCIe/SSE2,4.3.0 NVIDIA 591.86,false,assets/heightmaps/Hm_Terrain_Test_129.pgm,129,129,39.400,12.000,20,4.000,2.000,200000,2.041,0.000,18.000,17.573,21.007,49225,113962,49223,171,87,162,101,0,0,0,0,8,80.374,19.826,12.956,1.050,5.153,0.185,0.000,0.000,1.192,0.226,0.859,0.000,4.292,1.941,0.011,0.006,0.006,0.008,0.003,0.003,0.007,0.028,0.072,2.441,0.578,0.066,0.004,1.438,0.000,0.000,12763796,96,1.418,5.338,0.000,0.000,17
GPU ROAM-like,RelWithDebInfo,OpenGL,NVIDIA GeForce RTX 5090 D/PCIe/SSE2,4.3.0 NVIDIA 591.86,false,assets/heightmaps/Hm_Terrain_Test_129.pgm,129,129,39.400,12.000,20,4.000,2.000,200000,2.061,0.000,18.000,17.534,20.342,49235,114298,49233,168,84,158,95,0,0,0,0,8,629.732,20.322,13.220,1.093,5.010,0.166,0.000,0.000,1.347,0.224,0.860,0.000,4.521,1.934,0.008,0.008,0.008,0.009,0.003,0.003,0.007,0.028,0.074,2.477,0.598,0.071,0.005,1.525,0.000,0.000,12801428,96,1.570,5.176,0.000,0.000,17
GPU ROAM-like,RelWithDebInfo,OpenGL,NVIDIA GeForce RTX 5090 D/PCIe/SSE2,4.3.0 NVIDIA 591.86,false,assets/heightmaps/Hm_Terrain_Test_129.pgm,129,129,39.400,12.000,20,4.000,2.000,200000,2.082,0.000,18.000,17.494,20.771,49243,114626,49241,164,84,156,90,0,0,0,0,8,451.618,21.162,14.015,1.361,5.311,0.168,0.000,0.000,1.613,0.210,0.858,0.000,4.495,2.005,0.007,0.008,0.007,0.009,0.003,0.003,0.009,0.030,0.076,2.603,0.592,0.067,0.004,1.455,0.000,0.000,12838164,96,1.823,5.478,0.000,0.000,17
GPU ROAM-like,RelWithDebInfo,OpenGL,NVIDIA GeForce RTX 5090 D/PCIe/SSE2,4.3.0 NVIDIA 591.86,false,assets/heightmaps/Hm_Terrain_Test_129.pgm,129,129,39.400,12.000,20,4.000,2.000,200000,2.104,0.000,18.000,17.452,21.683,49239,114978,49237,176,88,180,99,0,0,0,0,8,75.446,21.095,14.091,1.295,5.380,0.188,0.000,0.000,1.468,0.242,0.885,0.000,4.632,1.955,0.008,0.006,0.006,0.007,0.003,0.003,0.007,0.028,0.068,2.439,0.591,0.065,0.005,1.546,0.000,0.000,12877588,96,1.711,5.568,0.000,0.000,17
GPU ROAM-like,RelWithDebInfo,OpenGL,NVIDIA GeForce RTX 5090 D/PCIe/SSE2,4.3.0 NVIDIA 591.86,false,assets/heightmaps/Hm_Terrain_Test_129.pgm,129,129,39.400,12.000,20,4.000,2.000,200000,2.125,0.000,18.000,17.409,21.628,49260,115370,49258,196,98,175,115,0,0,0,0,8,80.268,19.874,12.680,0.992,5.051,0.183,0.000,0.000,1.029,0.258,0.867,0.000,4.299,1.957,0.008,0.007,0.007,0.007,0.003,0.003,0.007,0.028,0.070,2.498,0.643,0.176,0.004,1.490,0.000,0.000,12921492,96,1.287,5.235,0.000,0.000,17
GPU ROAM-like,RelWithDebInfo,OpenGL,NVIDIA GeForce RTX 5090 D/PCIe/SSE2,4.3.0 NVIDIA 591.86,false,assets/heightmaps/Hm_Terrain_Test_129.pgm,129,129,39.400,12.000,20,4.000,2.000,200000,2.146,0.000,18.000,17.368,20.408,49190,115686,49188,158,79,228,93,0,0,0,0,8,152.375,20.908,13.771,1.165,5.291,0.214,0.000,0.000,1.393,0.210,0.861,0.000,4.636,2.161,0.008,0.006,0.007,0.007,0.003,0.003,0.007,0.028,0.070,2.625,0.572,0.066,0.005,1.291,0.000,0.000,12956884,96,1.604,5.504,0.000,0.000,17
GPU ROAM-like,RelWithDebInfo,OpenGL,NVIDIA GeForce RTX 5090 D/PCIe/SSE2,4.3.0 NVIDIA 591.86,false,assets/heightmaps/Hm_Terrain_Test_129.pgm,129,129,39.400,12.000,20,4.000,2.000,200000,2.167,0.000,18.000,17.326,21.434,49211,116036,49209,175,88,154,99,0,0,0,0,8,77.235,20.630,13.447,0.835,5.377,0.171,0.000,0.000,1.421,0.244,0.859,0.000,4.540,2.163,0.011,0.006,0.006,0.008,0.003,0.003,0.007,0.028,0.072,2.522,0.591,0.066,0.004,1.419,0.000,0.000,12996084,96,1.665,5.548,0.000,0.000,17
GPU ROAM-like,RelWithDebInfo,OpenGL,NVIDIA GeForce RTX 5090 D/PCIe/SSE2,4.3.0 NVIDIA 591.86,false,assets/heightmaps/Hm_Terrain_Test_129.pgm,129,129,39.400,12.000,20,4.000,2.000,200000,2.189,0.000,18.000,17.282,21.546,49267,116436,49265,200,102,144,123,0,0,0,0,8,78.428,20.323,13.163,0.730,5.340,0.165,0.000,0.000,1.424,0.276,0.862,0.000,4.366,1.988,0.007,0.006,0.006,0.007,0.003,0.003,0.007,0.028,0.068,2.482,0.725,0.068,0.004,1.474,0.000,0.000,13040884,96,1.700,5.504,0.000,0.000,17
GPU ROAM-like,RelWithDebInfo,OpenGL,NVIDIA GeForce RTX 5090 D/PCIe/SSE2,4.3.0 NVIDIA 591.86,false,assets/heightmaps/Hm_Terrain_Test_129.pgm,129,129,39.400,12.000,20,4.000,2.000,200000,2.209,0.000,18.000,17.240,20.861,49313,116812,49311,188,94,142,109,0,0,0,0,8,148.944,21.458,13.983,1.177,5.352,0.164,0.000,0.000,1.544,0.255,0.863,0.000,4.628,2.039,0.009,0.007,0.007,0.008,0.003,0.003,0.007,0.028,0.072,2.519,0.638,0.125,0.005,1.653,0.000,0.000,13082996,96,1.799,5.516,0.000,0.000,17
GPU ROAM-like,RelWithDebInfo,OpenGL,NVIDIA GeForce RTX 5090 D/PCIe/SSE2,4.3.0 NVIDIA 591.86,false,assets/heightmaps/Hm_Terrain_Test_129.pgm,129,129,39.400,12.000,20,4.000,2.000,200000,2.231,0.000,18.000,17.195,21.972,49349,117232,49347,210,105,174,131,0,0,0,0,8,213.123,22.410,15.145,1.344,5.600,0.186,0.000,0.000,1.699,0.275,0.904,0.000,5.136,2.060,0.008,0.007,0.008,0.008,0.003,0.003,0.007,0.028,0.073,2.596,0.641,0.070,0.004,1.459,0.000,0.000,13130036,96,1.974,5.786,0.000,0.000,17
GPU ROAM-like,RelWithDebInfo,OpenGL,NVIDIA GeForce RTX 5090 D/PCIe/SSE2,4.3.0 NVIDIA 591.86,false,assets/heightmaps/Hm_Terrain_Test_129.pgm,129,129,39.400,12.000,20,4.000,2.000,200000,2.255,0.000,18.000,17.147,23.125,49332,117646,49330,207,103,224,116,0,0,0,0,8,661.584,21.678,14.430,0.988,5.720,0.281,0.000,0.000,1.775,0.262,0.865,0.000,4.539,2.004,0.012,0.011,0.006,0.009,0.003,0.004,0.007,0.028,0.080,2.573,0.629,0.072,0.005,1.522,0.000,0.000,13176404,96,2.037,6.001,0.000,0.000,17
GPU ROAM-like,RelWithDebInfo,OpenGL,NVIDIA GeForce RTX 5090 D/PCIe/SSE2,4.3.0 NVIDIA 591.86,false,assets/heightmaps/Hm_Terrain_Test_129.pgm,129,129,39.400,12.000,20,4.000,2.000,200000,2.277,0.000,18.000,17.101,22.225,49343,117984,49341,169,84,158,94,0,0,0,0,8,76.704,20.773,13.541,1.100,5.231,0.158,0.000,0.000,1.517,0.226,0.871,0.000,4.439,1.974,0.008,0.007,0.006,0.008,0.003,0.003,0.007,0.028,0.069,2.568,0.618,0.067,0.004,1.582,0.000,0.000,13214260,96,1.743,5.389,0.000,0.000,17
GPU ROAM-like,RelWithDebInfo,OpenGL,NVIDIA GeForce RTX 5090 D/PCIe/SSE2,4.3.0 NVIDIA 591.86,false,assets/heightmaps/Hm_Terrain_Test_129.pgm,129,129,39.400,12.000,20,4.000,2.000,200000,2.298,0.000,18.000,17.057,21.284,49282,118316,49280,166,83,227,99,0,0,0,0,8,73.681,21.619,14.282,1.112,5.678,0.237,0.000,0.000,1.566,0.223,0.865,0.000,4.601,2.221,0.008,0.006,0.006,0.008,0.003,0.003,0.007,0.028,0.068,2.618,0.598,0.068,0.004,1.396,0.000,0.000,13251444,96,1.789,5.915,0.000,0.000,17
GPU ROAM-like,RelWithDebInfo,OpenGL,NVIDIA GeForce RTX 5090 D/PCIe/SSE2,4.3.0 NVIDIA 591.86,false,assets/heightmaps/Hm_Terrain_Test_129.pgm,129,129,39.400,12.000,20,4.000,2.000,200000,2.320,0.000,18.000,17.010,22.207,49303,118696,49301,190,96,169,109,0,0,0,0,8,74.220,21.495,14.051,0.778,5.414,0.184,0.000,0.000,1.722,0.261,0.874,0.000,4.818,2.046,0.008,0.006,0.006,0.008,0.003,0.003,0.007,0.029,0.070,2.688,0.602,0.070,0.005,1.573,0.000,0.000,13294004,96,1.983,5.599,0.000,0.000,17
GPU ROAM-like,RelWithDebInfo,OpenGL,NVIDIA GeForce RTX 5090 D/PCIe/SSE2,4.3.0 NVIDIA 591.86,false,assets/heightmaps/Hm_Terrain_Test_129.pgm,129,129,39.400,12.000,20,4.000,2.000,200000,2.342,0.000,18.000,16.964,22.014,49317,119104,49315,204,102,190,113,0,0,0,0,8,445.410,21.521,14.184,1.165,5.191,0.188,0.000,0.000,1.550,0.281,0.878,0.000,4.931,2.048,0.008,0.008,0.008,0.009,0.003,0.003,0.007,0.029,0.074,2.620,0.633,0.068,0.004,1.470,0.000,0.000,13339700,96,1.831,5.379,0.000,0.000,17
GPU ROAM-like,RelWithDebInfo,OpenGL,NVIDIA GeForce RTX 5090 D/PCIe/SSE2,4.3.0 NVIDIA 591.86,false,assets/heightmaps/Hm_Terrain_Test_129.pgm,129,129,39.400,12.000,20,4.000,2.000,200000,2.364,0.000,18.000,16.917,22.027,49317,119436,49315,166,83,166,95,0,0,0,0,8,148.218,21.506,14.111,1.466,5.476,0.189,0.000,0.000,1.249,0.223,0.873,0.000,4.634,2.004,0.008,0.008,0.006,0.008,0.003,0.003,0.007,0.028,0.070,2.674,0.642,0.071,0.005,1.560,0.000,0.000,13376884,96,1.472,5.665,0.000,0.000,17
GPU ROAM-like,RelWithDebInfo,OpenGL,NVIDIA GeForce RTX 5090 D/PCIe/SSE2,4.3.0 NVIDIA 591.86,false,assets/heightmaps/Hm_Terrain_Test_129.pgm,129,129,39.400,12.000,20,4.000,2.000,200000,2.386,0.000,18.000,16.870,22.021,49283,119768,49281,166,83,200,93,0,0,0,0,8,73.215,21.794,14.511,1.388,5.544,0.240,0.000,0.000,1.357,0.216,0.967,0.000,4.799,2.003,0.009,0.010,0.006,0.009,0.003,0.005,0.007,0.029,0.077,2.635,0.615,0.071,0.004,1.483,0.000,0.000,13414068,96,1.573,5.784,0.000,0.000,17
GPU ROAM-like,RelWithDebInfo,OpenGL,NVIDIA GeForce RTX 5090 D/PCIe/SSE2,4.3.0 NVIDIA 591.86,false,assets/heightmaps/Hm_Terrain_Test_129.pgm,129,129,39.400,12.000,20,4.000,2.000,200000,2.409,0.000,18.000,16.822,22.354,49274,120120,49272,176,88,185,110,0,0,0,0,8,75.681,21.081,13.617,1.131,5.247,0.181,0.000,0.000,1.478,0.230,0.867,0.000,4.483,2.036,0.008,0.006,0.006,0.008,0.003,0.003,0.007,0.028,0.068,2.670,0.691,0.069,0.004,1.538,0.000,0.000,13453492,96,1.708,5.428,0.000,0.000,17
GPU ROAM-like,RelWithDebInfo,OpenGL,NVIDIA GeForce RTX 5090 D/PCIe/SSE2,4.3.0 NVIDIA 591.86,false,assets/heightmaps/Hm_Terrain_Test_129.pgm,129,129,39.400,12.000,20,4.000,2.000,200000,2.430,0.000,18.000,16.775,21.606,49320,120556,49318,218,109,172,129,0,0,0,0,8,73.151,21.812,14.378,1.309,5.495,0.191,0.000,0.000,1.488,0.284,0.866,0.000,4.745,2.018,0.011,0.006,0.006,0.008,0.003,0.003,0.007,0.028,0.071,2.664,0.610,0.066,0.005,1.602,0.000,0.000,13502324,96,1.771,5.686,0.000,0.000,17
GPU ROAM-like,RelWithDebInfo,OpenGL,NVIDIA GeForce RTX 5090 D/PCIe/SSE2,4.3.0 NVIDIA 591.86,false,assets/heightmaps/Hm_Terrain_Test_129.pgm,129,129,39.400,12.000,20,4.000,2.000,200000,2.453,0.000,18.000,16.726,22.325,49322,121000,49320,222,113,220,130,0,0,0,0,8,74.158,21.516,14.000,1.075,5.377,0.233,0.000,0.000,1.494,0.276,0.868,0.000,4.678,2.258,0.008,0.006,0.006,0.007,0.003,0.003,0.007,0.029,0.068,2.663,0.537,0.067,0.004,1.522,0.000,0.000,13552052,96,1.770,5.609,0.000,0.000,17
GPU ROAM-like,RelWithDebInfo,OpenGL,NVIDIA GeForce RTX 5090 D/PCIe/SSE2,4.3.0 NVIDIA 591.86,false,assets/heightmaps/Hm_Terrain_Test_129.pgm,129,129,39.400,12.000,20,4.000,2.000,200000,2.475,0.000,18.000,16.678,22.036,49308,121420,49306,210,106,224,126,0,0,0,0,8,144.607,22.087,14.489,1.168,5.586,0.237,0.000,0.000,1.571,0.265,0.871,0.000,4.792,2.074,0.008,0.010,0.006,0.010,0.003,0.004,0.008,0.029,0.078,2.714,0.645,0.068,0.005,1.596,0.000,0.000,13599092,96,1.835,5.823,0.000,0.000,17
GPU ROAM-like,RelWithDebInfo,OpenGL,NVIDIA GeForce RTX 5090 D/PCIe/SSE2,4.3.0 NVIDIA 591.86,false,assets/heightmaps/Hm_Terrain_Test_129.pgm,129,129,39.400,12.000,20,4.000,2.000,200000,2.497,0.000,18.000,16.628,22.590,49375,121876,49373,228,114,161,131,0,0,0,0,8,73.214,21.877,13.998,1.271,5.549,0.181,0.000,0.000,1.185,0.304,0.865,0.000,4.642,2.124,0.008,0.011,0.006,0.008,0.003,0.003,0.007,0.029,0.074,2.785,0.673,0.235,0.005,1.500,0.000,0.000,13650164,96,1.489,5.730,0.000,0.000,17
GPU ROAM-like,RelWithDebInfo,OpenGL,NVIDIA GeForce RTX 5090 D/PCIe/SSE2,4.3.0 NVIDIA 591.86,false,assets/heightmaps/Hm_Terrain_Test_129.pgm,129,129,39.400,12.000,20,4.000,2.000,200000,2.520,0.000,18.000,16.578,22.349,49354,122262,49352,193,96,214,109,0,0,0,0,8,639.894,22.518,14.980,1.414,5.389,0.221,0.000,0.000,1.840,0.261,0.870,0.000,4.985,2.191,0.011,0.006,0.006,0.008,0.003,0.003,0.007,0.028,0.072,2.701,0.587,0.066,0.004,1.430,0.000,0.000,13693396,96,2.101,5.610,0.000,0.000,17
GPU ROAM-like,RelWithDebInfo,OpenGL,NVIDIA GeForce RTX 5090 D/PCIe/SSE2,4.3.0 NVIDIA 591.86,false,assets/heightmaps/Hm_Terrain_Test_129.pgm,129,129,39.400,12.000,20,4.000,2.000,200000,2.543,0.000,18.000,16.527,22.978,49254,122540,49252,139,71,239,75,0,0,0,0,8,76.301,20.992,13.388,0.705,5.107,0.240,0.000,0.000,1.753,0.198,0.874,0.000,4.509,2.039,0.008,0.008,0.006,0.008,0.003,0.003,0.007,0.028,0.071,2.665,0.598,0.066,0.004,1.701,0.000,0.000,13724532,96,1.951,5.348,0.000,0.000,17
GPU ROAM-like,RelWithDebInfo,OpenGL,NVIDIA GeForce RTX 5090 D/PCIe/SSE2,4.3.0 NVIDIA 591.86,false,assets/heightmaps/Hm_Terrain_Test_129.pgm,129,129,39.400,12.000,20,4.000,2.000,200000,2.564,0.000,18.000,16.479,21.468,49251,122904,49249,182,91,185,105,0,0,0,0,8,76.834,20.854,13.134,0.882,5.305,0.200,0.000,0.000,1.155,0.251,0.859,0.000,4.482,2.169,0.009,0.006,0.006,0.008,0.003,0.003,0.007,0.029,0.071,2.691,0.606,0.068,0.004,1.647,0.000,0.000,13765300,96,1.406,5.505,0.000,0.000,17
GPU ROAM-like,RelWithDebInfo,OpenGL,NVIDIA GeForce RTX 5090 D/PCIe/SSE2,4.3.0 NVIDIA 591.86,false,assets/heightmaps/Hm_Terrain_Test_129.pgm,129,129,39.400,12.000,20,4.000,2.000,200000,2.585,0.000,18.000,16.430,21.357,49250,123306,49248,201,101,202,111,0,0,0,0,8,72.813,21.964,14.390,1.320,5.572,0.265,0.000,0.000,1.194,0.269,0.862,0.000,4.908,2.104,0.008,0.008,0.006,0.008,0.005,0.003,0.007,0.030,0.075,2.735,0.601,0.068,0.005,1.537,0.000,0.000,13810324,96,1.462,5.837,0.000,0.000,17
GPU ROAM-like,RelWithDebInfo,OpenGL,NVIDIA GeForce RTX 5090 D/PCIe/SSE2,4.3.0 NVIDIA 591.86,false,assets/heightmaps/Hm_Terrain_Test_129.pgm,129,129,39.400,12.000,20,4.000,2.000,200000,2.608,0.000,18.000,16.379,22.485,49226,123714,49224,204,103,228,116,0,0,0,0,8,578.299,22.086,14.495,1.119,5.400,0.233,0.000,0.000,1.724,0.279,0.868,0.000,4.872,2.082,0.009,0.006,0.007,0.008,0.003,0.003,0.007,0.027,0.070,2.732,0.632,0.071,0.004,1.579,0.000,0.000,13856020,96,2.003,5.633,0.000,0.000,17
GPU ROAM-like,RelWithDebInfo,OpenGL,NVIDIA GeForce RTX 5090 D/PCIe/SSE2,4.3.0 NVIDIA 591.86,false,assets/heightmaps/Hm_Terrain_Test_129.pgm,129,129,39.400,12.000,20,4.000,2.000,200000,2.631,0.000,18.000,16.328,22.610,49254,124082,49252,184,93,156,109,0,0,0,0,8,148.818,21.499,13.749,1.115,5.279,0.164,0.000,0.000,1.566,0.249,0.867,0.000,4.509,2.069,0.007,0.008,0.007,0.010,0.003,0.003,0.007,0.028,0.072,2.829,0.632,0.068,0.005,1.629,0.000,0.000,13897236,96,1.814,5.443,0.000,0.000,17
GPU ROAM-like,RelWithDebInfo,OpenGL,NVIDIA GeForce RTX 5090 D/PCIe/SSE2,4.3.0 NVIDIA 591.86,false,assets/heightmaps/Hm_Terrain_Test_129.pgm,129,129,39.400,12.000,20,4.000,2.000,200000,2.652,0.000,18.000,16.277,21.977,49286,124530,49284,224,112,192,130,0,0,0,0,8,71.153,22.404,14.832,1.378,5.483,0.210,0.000,0.000,1.448,0.301,0.871,0.000,5.141,2.102,0.009,0.006,0.006,0.007,0.003,0.003,0.007,0.028,0.068,2.741,0.658,0.071,0.004,1.533,0.000,0.000,13947412,96,1.749,5.693,0.000,0.000,17
GPU ROAM-like,RelWithDebInfo,OpenGL,NVIDIA GeForce RTX 5090 D/PCIe/SSE2,4.3.0 NVIDIA 591.86,false,assets/heightmaps/Hm_Terrain_Test_129.pgm,129,129,39.400,12.000,20,4.000,2.000,200000,2.676,0.000,18.000,16.223,23.456,49297,125002,49295,240,123,229,142,0,0,0,0,8,359.965,22.199,14.446,1.075,5.396,0.227,0.000,0.000,1.556,0.319,0.872,0.000,5.000,2.279,0.008,0.006,0.007,0.007,0.003,0.003,0.007,0.028,0.069,2.762,0.662,0.069,0.004,1.460,0.000,0.000,14000276,96,1.874,5.624,0.000,0.000,17
GPU ROAM-like,RelWithDebInfo,OpenGL,NVIDIA GeForce RTX 5090 D/PCIe/SSE2,4.3.0 NVIDIA 591.86,false,assets/heightmaps/Hm_Terrain_Test_129.pgm,129,129,39.400,12.000,20,4.000,2.000,200000,2.699,0.000,18.000,16.170,22.733,49268,125376,49266,193,99,222,111,0,0,0,0,8,73.034,21.912,14.109,1.206,5.543,0.236,0.000,0.000,1.551,0.247,0.861,0.000,4.463,2.168,0.008,0.007,0.006,0.007,0.003,0.003,0.007,0.028,0.068,2.808,0.594,0.068,0.005,1.624,0.000,0.000,14042164,96,1.798,5.779,0.000,0.000,17
GPU ROAM-like,RelWithDebInfo,OpenGL,NVIDIA GeForce RTX 5090 D/PCIe/SSE2,4.3.0 NVIDIA 591.86,false,assets/heightmaps/Hm_Terrain_Test_129.pgm,129,129,39.400,12.000,20,4.000,2.000,200000,2.721,0.000,18.000,16.118,22.427,49178,125720,49176,172,86,262,99,0,0,0,0,8,147.048,21.745,14.233,1.365,5.099,0.244,0.000,0.000,1.704,0.235,0.864,0.000,4.722,1.935,0.008,0.007,0.006,0.008,0.003,0.003,0.008,0.028,0.070,2.736,0.592,0.065,0.004,1.670,0.000,0.000,14080692,96,1.939,5.342,0.000,0.000,17
GPU ROAM-like,RelWithDebInfo,OpenGL,NVIDIA GeForce RTX 5090 D/PCIe/SSE2,4.3.0 NVIDIA 591.86,false,assets/heightmaps/Hm_Terrain_Test_129.pgm,129,129,39.400,12.000,20,4.000,2.000,200000,2.743,0.000,18.000,16.066,22.267,49172,126064,49170,172,86,178,95,0,0,0,0,8,73.346,21.765,13.993,1.253,5.353,0.190,0.000,0.000,1.570,0.237,0.864,0.000,4.525,2.206,0.018,0.010,0.008,0.008,0.003,0.003,0.007,0.028,0.086,2.717,0.661,0.069,0.004,1.634,0.000,0.000,14119220,96,1.807,5.543,0.000,0.000,17
GPU ROAM-like,RelWithDebInfo,OpenGL,NVIDIA GeForce RTX 5090 D/PCIe/SSE2,4.3.0 NVIDIA 591.86,false,assets/heightmaps/Hm_Terrain_Test_129.pgm,129,129,39.400,12.000,20,4.000,2.000,200000,2.766,0.000,18.000,16.013,22.278,49136,126416,49134,176,87,212,103,0,0,0,0,8,141.478,22.617,14.799,1.360,5.646,0.220,0.000,0.000,1.685,0.238,0.862,0.000,4.787,2.214,0.008,0.007,0.007,0.007,0.003,0.003,0.007,0.028,0.070,2.733,0.672,0.068,0.005,1.580,0.000,0.000,14158644,96,1.923,5.866,0.000,0.000,17
GPU ROAM-like,RelWithDebInfo,OpenGL,NVIDIA GeForce RTX 5090 D/PCIe/SSE2,4.3.0 NVIDIA 591.86,false,assets/heightmaps/Hm_Terrain_Test_129.pgm,129,129,39.400,12.000,20,4.000,2.000,200000,2.789,0.000,18.000,15.958,23.076,49118,126744,49116,164,82,182,96,0,0,0,0,8,71.446,22.413,14.626,1.324,5.340,0.191,0.000,0.000,1.427,0.231,0.870,0.000,5.243,2.116,0.009,0.006,0.006,0.008,0.003,0.003,0.007,0.028,0.069,2.785,0.638,0.072,0.005,1.609,0.000,0.000,14195380,96,1.658,5.531,0.000,0.000,17
GPU ROAM-like,RelWithDebInfo,OpenGL,NVIDIA GeForce RTX 5090 D/PCIe/SSE2,4.3.0 NVIDIA 591.86,false,assets/heightmaps/Hm_Terrain_Test_129.pgm,129,129,39.400,12.000,20,4.000,2.000,200000,2.812,0.000,18.000,15.904,22.874,49112,127212,49110,234,117,240,145,0,0,0,0,8,73.024,21.949,14.079,1.241,5.478,0.237,0.000,0.000,1.441,0.314,0.866,0.000,4.502,2.182,0.008,0.008,0.007,0.009,0.003,0.003,0.008,0.028,0.074,2.783,0.646,0.068,0.005,1.616,0.000,0.000,14247796,96,1.755,5.714,0.000,0.000,17
GPU ROAM-like,RelWithDebInfo,OpenGL,NVIDIA GeForce RTX 5090 D/PCIe/SSE2,4.3.0 NVIDIA 591.86,false,assets/heightmaps/Hm_Terrain_Test_129.pgm,129,129,39.400,12.000,20,4.000,2.000,200000,2.834,0.000,18.000,15.850,22.408,49111,127692,49109,240,120,241,153,0,0,0,0,8,145.632,21.990,14.145,1.360,5.699,0.234,0.000,0.000,1.279,0.309,0.857,0.000,4.406,2.096,0.011,0.007,0.006,0.008,0.003,0.003,0.008,0.028,0.074,2.802,0.647,0.069,0.004,1.676,0.000,0.000,14301556,96,1.587,5.933,0.000,0.000,17
GPU ROAM-like,RelWithDebInfo,OpenGL,NVIDIA GeForce RTX 5090 D/PCIe/SSE2,4.3.0 NVIDIA 591.86,false,assets/heightmaps/Hm_Terrain_Test_129.pgm,129,129,39.400,12.000,20,4.000,2.000,200000,2.856,0.000,18.000,15.796,22.463,49124,128096,49122,208,106,195,128,0,0,0,0,8,71.155,22.526,14.531,1.312,5.560,0.253,0.000,0.000,1.445,0.275,0.870,0.000,4.816,2.195,0.008,0.006,0.006,0.008,0.003,0.003,0.007,0.028,0.068,2.759,0.646,0.107,0.004,1.695,0.000,0.000,14346804,96,1.720,5.813,0.000,0.000,17
GPU ROAM-like,RelWithDebInfo,OpenGL,NVIDIA GeForce RTX 5090 D/PCIe/SSE2,4.3.0 NVIDIA 591.86,false,assets/heightmaps/Hm_Terrain_Test_129.pgm,129,129,39.400,12.000,20,4.000,2.000,200000,2.879,0.000,18.000,15.740,23.004,49063,128436,49061,170,86,231,107,0,0,0,0,8,144.273,22.195,14.327,1.273,5.375,0.242,0.000,0.000,1.630,0.232,0.863,0.000,4.712,2.120,0.008,0.007,0.006,0.007,0.003,0.003,0.007,0.028,0.068,2.898,0.639,0.067,0.005,1.587,0.000,0.000,14384884,96,1.862,5.617,0.000,0.000,17
GPU ROAM-like,RelWithDebInfo,OpenGL,NVIDIA GeForce RTX 5090 D/PCIe/SSE2,4.3.0 NVIDIA 591.86,false,assets/heightmaps/Hm_Terrain_Test_129.pgm,129,129,39.400,12.000,20,4.000,2.000,200000,2.902,0.000,18.000,15.685,22.647,49033,128776,49031,170,85,200,103,0,0,0,0,8,72.284,22.160,14.292,1.509,5.562,0.223,0.000,0.000,1.161,0.240,0.868,0.000,4.729,2.180,0.008,0.008,0.006,0.008,0.003,0.003,0.007,0.028,0.070,2.784,0.669,0.072,0.004,1.597,0.000,0.000,14422964,96,1.401,5.786,0.000,0.000,17
GPU ROAM-like,RelWithDebInfo,OpenGL,NVIDIA GeForce RTX 5090 D/PCIe/SSE2,4.3.0 NVIDIA 591.86,false,assets/heightmaps/Hm_Terrain_Test_129.pgm,129,129,39.400,12.000,20,4.000,2.000,200000,2.925,0.000,18.000,15.630,22.631,49023,129148,49021,186,93,196,103,0,0,0,0,8,145.016,22.090,13.961,1.233,5.288,0.197,0.000,0.000,1.459,0.261,0.868,0.000,4.656,2.404,0.009,0.006,0.006,0.008,0.003,0.003,0.007,0.028,0.069,2.953,0.590,0.071,0.005,1.548,0.000,0.000,14464628,96,1.719,5.485,0.000,0.000,17
GPU ROAM-like,RelWithDebInfo,OpenGL,NVIDIA GeForce RTX 5090 D/PCIe/SSE2,4.3.0 NVIDIA 591.86,false,assets/heightmaps/Hm_Terrain_Test_129.pgm,129,129,39.400,12.000,20,4.000,2.000,200000,2.947,0.000,18.000,15.575,22.544,48965,129432,48963,142,71,200,79,0,0,0,0,8,75.485,21.236,13.089,0.971,5.112,0.213,0.000,0.000,1.122,0.198,0.856,0.000,4.617,2.323,0.008,0.006,0.007,0.008,0.003,0.003,0.007,0.027,0.069,2.823,0.667,0.069,0.007,1.704,0.000,0.000,14496436,96,1.320,5.325,0.000,0.000,17
GPU ROAM-like,RelWithDebInfo,OpenGL,NVIDIA GeForce RTX 5090 D/PCIe/SSE2,4.3.0 NVIDIA 591.86,false,assets/heightmaps/Hm_Terrain_Test_129.pgm,129,129,39.400,12.000,20,4.000,2.000,200000,2.969,0.000,18.000,15.522,21.691,48927,129828,48925,198,99,236,113,0,0,0,0,8,139.758,22.918,14.866,1.068,5.529,0.242,0.000,0.000,1.717,0.291,0.877,0.000,5.141,2.174,0.009,0.006,0.006,0.008,0.003,0.003,0.007,0.028,0.069,2.827,0.720,0.069,0.004,1.679,0.000,0.000,14540788,96,2.009,5.771,0.000,0.000,17
GPU ROAM-like,RelWithDebInfo,OpenGL,NVIDIA GeForce RTX 5090 D/PCIe/SSE2,4.3.0 NVIDIA 591.86,false,assets/heightmaps/Hm_Terrain_Test_129.pgm,129,129,39.400,12.000,20,4.000,2.000,200000,2.992,0.000,18.000,15.464,23.383,48909,130296,48907,234,117,252,142,0,0,0,0,8,68.269,23.443,15.314,1.466,5.717,0.261,0.000,0.000,1.719,0.316,0.902,0.000,4.932,2.171,0.008,0.007,0.006,0.008,0.003,0.003,0.007,0.028,0.071,2.868,0.655,0.070,0.005,1.784,0.000,0.000,14593204,96,2.035,5.978,0.000,0.000,17
GPU ROAM-like,RelWithDebInfo,OpenGL,NVIDIA GeForce RTX 5090 D/PCIe/SSE2,4.3.0 NVIDIA 591.86,false,assets/heightmaps/Hm_Terrain_Test_129.pgm,129,129,39.400,12.000,20,4.000,2.000,200000,3.016,0.000,18.000,15.404,23.953,48944,130768,48942,236,118,201,139,0,0,0,0,8,142.071,22.540,14.500,1.426,5.297,0.240,0.000,0.000,1.508,0.319,0.861,0.000,4.849,2.225,0.011,0.006,0.006,0.008,0.003,0.003,0.007,0.028,0.073,2.857,0.610,0.068,0.004,1.714,0.000,0.000,14646068,96,1.827,5.537,0.000,0.000,17
GPU ROAM-like,RelWithDebInfo,OpenGL,NVIDIA GeForce RTX 5090 D/PCIe/SSE2,4.3.0 NVIDIA 591.86,false,assets/heightmaps/Hm_Terrain_Test_129.pgm,129,129,39.400,12.000,20,4.000,2.000,200000,3.039,0.000,18.000,15.347,22.999,48862,131164,48860,198,99,280,121,0,0,0,0,8,71.677,22.330,14.323,1.028,5.820,0.285,0.000,0.000,1.417,0.293,0.868,0.000,4.612,2.142,0.008,0.006,0.007,0.008,0.003,0.003,0.007,0.028,0.070,2.830,0.659,0.073,0.005,1.749,0.000,0.000,14690420,96,1.710,6.105,0.000,0.000,17
GPU ROAM-like,RelWithDebInfo,OpenGL,NVIDIA GeForce RTX 5090 D/PCIe/SSE2,4.3.0 NVIDIA 591.86,false,assets/heightmaps/Hm_Terrain_Test_129.pgm,129,129,39.400,12.000,20,4.000,2.000,200000,3.062,0.000,18.000,15.290,22.818,48797,131512,48795,174,86,239,105,0,0,0,0,8,72.262,22.185,14.149,1.443,5.215,0.244,0.000,0.000,1.611,0.244,0.860,0.000,4.531,2.167,0.008,0.007,0.006,0.008,0.003,0.003,0.007,0.028,0.069,2.925,0.679,0.069,0.004,1.611,0.000,0.000,14729396,96,1.855,5.459,0.000,0.000,17
GPU ROAM-like,RelWithDebInfo,OpenGL,NVIDIA GeForce RTX 5090 D/PCIe/SSE2,4.3.0 NVIDIA 591.86,false,assets/heightmaps/Hm_Terrain_Test_129.pgm,129,129,39.400,12.000,20,4.000,2.000,200000,3.085,0.000,18.000,15.233,22.648,48809,131912,48807,200,100,188,119,0,0,0,0,8,142.212,22.543,14.523,1.518,5.303,0.213,0.000,0.000,1.656,0.272,0.858,0.000,4.703,2.190,0.008,0.006,0.006,0.008,0.003,0.003,0.008,0.028,0.071,2.908,0.652,0.068,0.004,1.612,0.000,0.000,14774196,96,1.928,5.516,0.000,0.000,17
GPU ROAM-like,RelWithDebInfo,OpenGL,NVIDIA GeForce RTX 5090 D/PCIe/SSE2,4.3.0 NVIDIA 591.86,false,assets/heightmaps/Hm_Terrain_Test_129.pgm,129,129,39.400,12.000,20,4.000,2.000,200000,3.108,0.000,18.000,15.175,22.999,48774,132274,48772,181,89,216,109,0,0,0,0,8,0.000,23.610,15.605,1.218,5.940,0.234,0.000,0.000,1.592,0.277,0.937,0.000,5.408,2.181,0.009,0.007,0.006,0.008,0.003,0.003,0.007,0.028,0.070,2.876,0.675,0.072,0.005,1.612,0.000,0.000,14814740,96,1.868,6.174,0.000,0.000,17
GPU ROAM-like,RelWithDebInfo,OpenGL,NVIDIA GeForce RTX 5090 D/PCIe/SSE2,4.3.0 NVIDIA 591.86,false,assets/heightmaps/Hm_Terrain_Test_129.pgm,129,129,39.400,12.000,20,4.000,2.000,200000,3.132,0.000,18.000,15.113,24.069,48736,132774,48734,250,127,288,151,0,0,0,0,8,71.788,22.342,14.227,1.255,5.184,0.269,0.000,0.000,1.401,0.339,0.857,0.000,4.922,2.394,0.008,0.007,0.005,0.008,0.003,0.003,0.007,0.028,0.069,2.970,0.594,0.069,0.005,1.489,0.000,0.000,14870740,96,1.740,5.453,0.000,0.000,18
GPU ROAM-like,RelWithDebInfo,OpenGL,NVIDIA GeForce RTX 5090 D/PCIe/SSE2,4.3.0 NVIDIA 591.86,false,assets/heightmaps/Hm_Terrain_Test_129.pgm,129,129,39.400,12.000,20,4.000,2.000,200000,3.155,0.000,18.000,15.055,22.801,48754,133242,48752,234,117,216,154,0,0,0,0,8,587.583,21.858,13.712,0.792,5.402,0.232,0.000,0.000,1.310,0.331,0.882,0.000,4.763,2.421,0.009,0.006,0.006,0.008,0.003,0.003,0.007,0.028,0.069,2.927,0.655,0.068,0.005,1.469,0.000,0.000,14923156,96,1.641,5.634,0.000,0.000,18
GPU ROAM-like,RelWithDebInfo,OpenGL,NVIDIA GeForce RTX 5090 D/PCIe/SSE2,4.3.0 NVIDIA 591.86,false,assets/heightmaps/Hm_Terrain_Test_129.pgm,129,129,39.400,12.000,20,4.000,2.000,200000,3.177,0.000,18.000,14.998,22.329,48738,133664,48736,211,105,227,132,0,0,0,0,8,142.990,22.267,14.075,1.116,5.509,0.243,0.000,0.000,1.464,0.293,0.868,0.000,4.581,2.283,0.008,0.006,0.006,0.008,0.003,0.003,0.007,0.028,0.068,3.120,0.706,0.072,0.004,1.574,0.000,0.000,14970420,96,1.758,5.752,0.000,0.000,18
GPU ROAM-like,RelWithDebInfo,OpenGL,NVIDIA GeForce RTX 5090 D/PCIe/SSE2,4.3.0 NVIDIA 591.86,false,assets/heightmaps/Hm_Terrain_Test_129.pgm,129,129,39.400,12.000,20,4.000,2.000,200000,3.200,0.000,18.000,14.938,23.310,48790,134168,48788,252,127,200,156,0,0,0,0,8,546.205,23.462,15.246,1.565,5.827,0.238,0.000,0.000,1.672,0.332,0.860,0.000,4.752,2.289,0.008,0.006,0.007,0.008,0.003,0.003,0.007,0.027,0.070,2.953,0.669,0.070,0.005,1.633,0.000,0.000,15026868,96,2.004,6.065,0.000,0.000,18
GPU ROAM-like,RelWithDebInfo,OpenGL,NVIDIA GeForce RTX 5090 D/PCIe/SSE2,4.3.0 NVIDIA 591.86,false,assets/heightmaps/Hm_Terrain_Test_129.pgm,129,129,39.400,12.000,20,4.000,2.000,200000,3.224,0.000,18.000,14.877,23.922,48819,134706,48817,269,135,240,169,0,0,0,0,8,142.398,22.504,14.192,1.386,5.220,0.234,0.000,0.000,1.398,0.347,0.867,0.000,4.742,2.246,0.009,0.006,0.006,0.008,0.003,0.003,0.007,0.028,0.069,2.934,0.698,0.071,0.005,1.778,0.000,0.000,15087124,96,1.745,5.453,0.000,0.000,18
GPU ROAM-like,RelWithDebInfo,OpenGL,NVIDIA GeForce RTX 5090 D/PCIe/SSE2,4.3.0 NVIDIA 591.86,false,assets/heightmaps/Hm_Terrain_Test_129.pgm,129,129,39.400,12.000,20,4.000,2.000,200000,3.247,0.000,18.000,14.817,22.970,48912,135258,48910,276,139,183,176,0,0,0,0,8,526.247,24.312,16.011,1.609,6.098,0.225,0.000,0.000,1.731,0.391,0.869,0.000,5.089,2.241,0.009,0.006,0.008,0.008,0.003,0.003,0.008,0.028,0.072,3.045,0.723,0.070,0.004,1.639,0.000,0.000,15148948,96,2.122,6.322,0.000,0.000,18
GPU ROAM-like,RelWithDebInfo,OpenGL,NVIDIA GeForce RTX 5090 D/PCIe/SSE2,4.3.0 NVIDIA 591.86,false,assets/heightmaps/Hm_Terrain_Test_129.pgm,129,129,39.400,12.000,20,4.000,2.000,200000,3.272,0.000,18.000,14.753,24.772,48931,135830,48929,286,144,267,200,0,0,0,0,8,69.091,23.198,14.850,1.491,5.389,0.247,0.000,0.000,1.407,0.421,0.873,0.000,5.022,2.213,0.018,0.007,0.006,0.008,0.003,0.003,0.007,0.028,0.081,2.945,0.719,0.069,0.004,1.797,0.000,0.000,15213012,96,1.827,5.636,0.000,0.000,18
GPU ROAM-like,RelWithDebInfo,OpenGL,NVIDIA GeForce RTX 5090 D/PCIe/SSE2,4.3.0 NVIDIA 591.86,false,assets/heightmaps/Hm_Terrain_Test_129.pgm,129,129,39.400,12.000,20,4.000,2.000,200000,3.296,0.000,18.000,14.691,23.721,48927,136406,48925,288,143,292,186,0,0,0,0,8,69.569,23.025,14.426,1.251,5.428,0.294,0.000,0.000,1.573,0.387,0.882,0.000,4.611,2.297,0.010,0.006,0.007,0.008,0.003,0.003,0.007,0.028,0.072,3.158,0.686,0.071,0.004,1.798,0.000,0.000,15277524,96,1.959,5.722,0.000,0.000,18
GPU ROAM-like,RelWithDebInfo,OpenGL,NVIDIA GeForce RTX 5090 D/PCIe/SSE2,4.3.0 NVIDIA 591.86,false,assets/heightmaps/Hm_Terrain_Test_129.pgm,129,129,39.400,12.000,20,4.000,2.000,200000,3.319,0.000,18.000,14.630,23.484,48956,136880,48954,237,118,208,157,0,0,0,0,8,131.046,24.424,15.882,1.507,5.928,0.235,0.000,0.000,1.692,0.334,0.898,0.000,5.289,2.464,0.009,0.006,0.008,0.008,0.003,0.003,0.007,0.027,0.071,3.064,0.655,0.066,0.005,1.692,0.000,0.000,15330612,96,2.025,6.163,0.000,0.000,18
GPU ROAM-like,RelWithDebInfo,OpenGL,NVIDIA GeForce RTX 5090 D/PCIe/SSE2,4.3.0 NVIDIA 591.86,false,assets/heightmaps/Hm_Terrain_Test_129.pgm,129,129,39.400,12.000,20,4.000,2.000,200000,3.344,0.000,18.000,14.564,24.882,49030,137420,49028,270,136,196,173,0,0,0,0,8,72.577,22.133,13.564,0.740,5.489,0.234,0.000,0.000,1.146,0.381,0.884,0.000,4.690,2.506,0.008,0.006,0.005,0.008,0.003,0.003,0.007,0.028,0.069,3.024,0.705,0.072,0.005,1.635,0.000,0.000,15391092,96,1.527,5.723,0.000,0.000,18
GPU ROAM-like,RelWithDebInfo,OpenGL,NVIDIA GeForce RTX 5090 D/PCIe/SSE2,4.3.0 NVIDIA 591.86,false,assets/heightmaps/Hm_Terrain_Test_129.pgm,129,129,39.400,12.000,20,4.000,2.000,200000,3.367,0.000,18.000,14.505,22.599,48901,137768,48899,174,89,303,100,0,0,0,0,8,68.342,23.421,15.036,1.457,5.434,0.302,0.000,0.000,1.741,0.244,0.862,0.000,4.995,2.270,0.009,0.007,0.008,0.008,0.003,0.003,0.008,0.028,0.072,3.018,0.715,0.068,0.004,1.734,0.000,0.000,15430068,96,1.985,5.736,0.000,0.000,18
GPU ROAM-like,RelWithDebInfo,OpenGL,NVIDIA GeForce RTX 5090 D/PCIe/SSE2,4.3.0 NVIDIA 591.86,false,assets/heightmaps/Hm_Terrain_Test_129.pgm,129,129,39.400,12.000,20,4.000,2.000,200000,3.391,0.000,18.000,14.442,23.876,48947,138264,48945,248,126,202,150,0,0,0,0,8,132.498,24.156,15.617,1.431,5.867,0.211,0.000,0.000,1.627,0.351,0.931,0.000,5.200,2.376,0.011,0.007,0.007,0.008,0.003,0.003,0.007,0.028,0.074,3.107,0.729,0.070,0.004,1.662,0.000,0.000,15485620,96,1.977,6.078,0.000,0.000,18
GPU ROAM-like,RelWithDebInfo,OpenGL,NVIDIA GeForce RTX 5090 D/PCIe/SSE2,4.3.0 NVIDIA 591.86,false,assets/heightmaps/Hm_Terrain_Test_129.pgm,129,129,39.400,12.000,20,4.000,2.000,200000,3.415,0.000,18.000,14.376,24.633,49003,138744,49001,242,122,186,149,0,0,0,0,8,67.447,23.760,15.400,1.574,5.781,0.220,0.000,0.000,1.743,0.330,0.868,0.000,4.885,2.254,0.011,0.008,0.007,0.008,0.005,0.003,0.007,0.028,0.076,3.013,0.687,0.071,0.005,1.720,0.000,0.000,15539380,96,2.072,6.001,0.000,0.000,18
GPU ROAM-like,RelWithDebInfo,OpenGL,NVIDIA GeForce RTX 5090 D/PCIe/SSE2,4.3.0 NVIDIA 591.86,false,assets/heightmaps/Hm_Terrain_Test_129.pgm,129,129,39.400,12.000,20,4.000,2.000,200000,3.439,0.000,18.000,14.312,24.338,48984,139224,48982,240,122,259,156,0,0,0,0,8,136.163,23.551,15.086,1.435,5.599,0.252,0.000,0.000,1.527,0.319,0.880,0.000,5.075,2.357,0.009,0.007,0.007,0.008,0.003,0.003,0.007,0.027,0.070,3.075,0.694,0.070,0.005,1.644,0.000,0.000,15593140,96,1.846,5.850,0.000,0.000,18
GPU ROAM-like,RelWithDebInfo,OpenGL,NVIDIA GeForce RTX 5090 D/PCIe/SSE2,4.3.0 NVIDIA 591.86,false,assets/heightmaps/Hm_Terrain_Test_129.pgm,129,129,39.400,12.000,20,4.000,2.000,200000,3.464,0.000,18.000,14.247,24.036,48912,139664,48910,220,110,292,148,0,0,0,0,8,68.668,23.356,14.821,1.440,5.557,0.278,0.000,0.000,1.703,0.301,0.867,0.000,4.674,2.272,0.009,0.006,0.006,0.008,0.003,0.003,0.007,0.028,0.070,3.045,0.709,0.071,0.005,1.813,0.000,0.000,15642420,96,2.004,5.836,0.000,0.000,18
GPU ROAM-like,RelWithDebInfo,OpenGL,NVIDIA GeForce RTX 5090 D/PCIe/SSE2,4.3.0 NVIDIA 591.86,false,assets/heightmaps/Hm_Terrain_Test_129.pgm,129,129,39.400,12.000,20,4.000,2.000,200000,3.487,0.000,18.000,14.184,23.819,48993,140146,48991,241,122,160,157,0,0,0,0,8,136.545,23.469,14.792,1.537,5.624,0.194,0.000,0.000,1.586,0.330,0.864,0.000,4.658,2.464,0.009,0.006,0.006,0.008,0.003,0.003,0.007,0.028,0.069,3.044,0.692,0.066,0.005,1.805,0.000,0.000,15696404,96,1.915,5.818,0.000,0.000,18
GPU ROAM-like,RelWithDebInfo,OpenGL,NVIDIA GeForce RTX 5090 D/PCIe/SSE2,4.3.0 NVIDIA 591.86,false,assets/heightmaps/Hm_Terrain_Test_129.pgm,129,129,39.400,12.000,20,4.000,2.000,200000,3.511,0.000,18.000,14.119,23.941,49018,140678,49016,266,135,241,185,0,0,0,0,8,68.820,23.303,14.519,1.419,5.314,0.246,0.000,0.000,1.141,0.371,0.946,0.000,5.082,2.382,0.009,0.006,0.007,0.008,0.003,0.003,0.007,0.028,0.071,3.276,0.698,0.070,0.004,1.737,0.000,0.000,15755988,96,1.512,5.560,0.000,0.000,18
GPU ROAM-like,RelWithDebInfo,OpenGL,NVIDIA GeForce RTX 5090 D/PCIe/SSE2,4.3.0 NVIDIA 591.86,false,assets/heightmaps/Hm_Terrain_Test_129.pgm,129,129,39.400,12.000,20,4.000,2.000,200000,3.535,0.000,18.000,14.055,23.750,49038,141082,49036,206,105,186,121,0,0,0,0,8,623.957,23.129,14.626,1.536,5.679,0.208,0.000,0.000,1.270,0.281,0.869,0.000,4.783,2.289,0.011,0.006,0.007,0.008,0.003,0.003,0.007,0.028,0.074,3.126,0.670,0.066,0.005,1.737,0.000,0.000,15801236,96,1.550,5.887,0.000,0.000,18
GPU ROAM-like,RelWithDebInfo,OpenGL,NVIDIA GeForce RTX 5090 D/PCIe/SSE2,4.3.0 NVIDIA 591.86,false,assets/heightmaps/Hm_Terrain_Test_129.pgm,129,129,39.400,12.000,20,4.000,2.000,200000,3.559,0.000,18.000,13.991,23.581,49066,141542,49064,230,116,202,142,0,0,0,0,8,68.258,23.476,14.766,1.431,5.578,0.213,0.000,0.000,1.531,0.330,0.882,0.000,4.801,2.524,0.009,0.007,0.006,0.008,0.003,0.003,0.008,0.028,0.071,3.124,0.702,0.073,0.005,1.678,0.000,0.000,15852756,96,1.861,5.792,0.000,0.000,18
GPU ROAM-like,RelWithDebInfo,OpenGL,NVIDIA GeForce RTX 5090 D/PCIe/SSE2,4.3.0 NVIDIA 591.86,false,assets/heightmaps/Hm_Terrain_Test_129.pgm,129,129,39.400,12.000,20,4.000,2.000,200000,3.583,0.000,18.000,13.926,23.979,48956,142068,48954,263,134,373,162,0,0,0,0,8,132.798,24.106,15.465,1.632,5.726,0.385,0.000,0.000,1.573,0.360,0.868,0.000,4.920,2.401,0.008,0.007,0.006,0.008,0.003,0.003,0.007,0.028,0.071,3.082,0.699,0.068,0.004,1.795,0.000,0.000,15911668,96,1.934,6.110,0.000,0.000,18
GPU ROAM-like,RelWithDebInfo,OpenGL,NVIDIA GeForce RTX 5090 D/PCIe/SSE2,4.3.0 NVIDIA 591.86,false,assets/heightmaps/Hm_Terrain_Test_129.pgm,129,129,39.400,12.000,20,4.000,2.000,200000,3.607,0.000,18.000,13.859,24.638,48995,142562,48993,247,123,208,163,0,0,0,0,8,538.508,23.766,15.115,1.442,5.768,0.352,0.000,0.000,1.535,0.353,0.882,0.000,4.783,2.420,0.009,0.006,0.007,0.008,0.003,0.003,0.007,0.029,0.071,3.065,0.758,0.073,0.004,1.757,0.000,0.000,15966996,96,1.888,6.120,0.000,0.000,18
GPU ROAM-like,RelWithDebInfo,OpenGL,NVIDIA GeForce RTX 5090 D/PCIe/SSE2,4.3.0 NVIDIA 591.86,false,assets/heightmaps/Hm_Terrain_Test_129.pgm,129,129,39.400,12.000,20,4.000,2.000,200000,3.631,0.000,18.000,13.793,24.261,49073,143116,49071,277,138,199,182,0,0,0,0,8,134.202,23.903,15.212,1.435,5.653,0.225,0.000,0.000,1.740,0.363,0.910,0.000,4.885,2.385,0.009,0.006,0.007,0.008,0.003,0.003,0.008,0.028,0.071,3.091,0.763,0.068,0.005,1.743,0.000,0.000,16029044,96,2.103,5.878,0.000,0.000,18
GPU ROAM-like,RelWithDebInfo,OpenGL,NVIDIA GeForce RTX 5090 D/PCIe/SSE2,4.3.0 NVIDIA 591.86,false,assets/heightmaps/Hm_Terrain_Test_129.pgm,129,129,39.400,12.000,20,4.000,2.000,200000,3.656,0.000,18.000,13.726,24.417,49057,143624,49055,254,128,270,171,0,0,0,0,8,133.740,23.943,15.136,1.426,5.482,0.317,0.000,0.000,1.642,0.353,0.877,0.000,5.039,2.437,0.011,0.007,0.007,0.008,0.003,0.003,0.008,0.028,0.075,3.166,0.698,0.072,0.005,1.833,0.000,0.000,16085940,96,1.995,5.799,0.000,0.000,18
GPU ROAM-like,RelWithDebInfo,OpenGL,NVIDIA GeForce RTX 5090 D/PCIe/SSE2,4.3.0 NVIDIA 591.86,false,assets/heightmaps/Hm_Terrain_Test_129.pgm,129,129,39.400,12.000,20,4.000,2.000,200000,3.680,0.000,18.000,13.659,24.459,49199,144216,49197,296,149,154,197,0,0,0,0,8,66.693,23.929,15.067,1.526,5.562,0.173,0.000,0.000,1.522,0.408,0.887,0.000,4.988,2.707,0.018,0.007,0.006,0.008,0.003,0.003,0.007,0.028,0.079,3.200,0.694,0.069,0.004,1.670,0.000,0.000,16152244,96,1.930,5.736,0.000,0.000,18
GPU ROAM-like,RelWithDebInfo,OpenGL,NVIDIA GeForce RTX 5090 D/PCIe/SSE2,4.3.0 NVIDIA 591.86,false,assets/heightmaps/Hm_Terrain_Test_129.pgm,129,129,39.400,12.000,20,4.000,2.000,200000,3.705,0.000,18.000,13.591,24.634,49289,144792,49287,292,151,202,198,0,0,0,0,8,137.237,23.359,14.567,0.886,5.818,0.255,0.000,0.000,1.417,0.406,0.893,0.000,4.892,2.432,0.008,0.006,0.005,0.007,0.003,0.003,0.007,0.028,0.068,3.219,0.679,0.073,0.004,1.776,0.000,0.000,16216756,96,1.823,6.073,0.000,0.000,18
GPU ROAM-like,RelWithDebInfo,OpenGL,NVIDIA GeForce RTX 5090 D/PCIe/SSE2,4.3.0 NVIDIA 591.86,false,assets/heightmaps/Hm_Terrain_Test_129.pgm,129,129,39.400,12.000,20,4.000,2.000,200000,3.729,0.000,18.000,13.524,24.313,49319,145384,49317,296,149,266,198,0,0,0,0,8,65.353,24.487,15.669,1.642,5.810,0.255,0.000,0.000,1.665,0.396,0.880,0.000,5.020,2.436,0.008,0.007,0.007,0.007,0.003,0.003,0.007,0.028,0.070,3.140,0.714,0.070,0.005,1.854,0.000,0.000,16283060,96,2.061,6.065,0.000,0.000,18
GPU ROAM-like,RelWithDebInfo,OpenGL,NVIDIA GeForce RTX 5090 D/PCIe/SSE2,4.3.0 NVIDIA 591.86,false,assets/heightmaps/Hm_Terrain_Test_129.pgm,129,129,39.400,12.000,20,4.000,2.000,200000,3.754,0.000,18.000,13.455,24.996,49375,146024,49373,320,160,264,228,0,0,0,0,8,130.609,24.548,15.665,1.516,5.802,0.280,0.000,0.000,1.728,0.441,0.888,0.000,5.009,2.488,0.008,0.008,0.005,0.009,0.004,0.003,0.007,0.027,0.072,3.132,0.767,0.068,0.004,1.785,0.000,0.000,16354740,96,2.169,6.083,0.000,0.000,18
GPU ROAM-like,RelWithDebInfo,OpenGL,NVIDIA GeForce RTX 5090 D/PCIe/SSE2,4.3.0 NVIDIA 591.86,false,assets/heightmaps/Hm_Terrain_Test_129.pgm,129,129,39.400,12.000,20,4.000,2.000,200000,3.779,0.000,18.000,13.385,25.016,49492,146634,49490,305,155,188,198,0,0,0,0,8,590.866,24.431,15.392,1.532,5.778,0.200,0.000,0.000,1.442,0.426,0.892,0.000,5.121,2.447,0.009,0.008,0.007,0.009,0.005,0.003,0.008,0.028,0.076,3.220,0.764,0.072,0.004,1.880,0.000,0.000,16423060,96,1.868,5.978,0.000,0.000,18
GPU ROAM-like,RelWithDebInfo,OpenGL,NVIDIA GeForce RTX 5090 D/PCIe/SSE2,4.3.0 NVIDIA 591.86,false,assets/heightmaps/Hm_Terrain_Test_129.pgm,129,129,39.400,12.000,20,4.000,2.000,200000,3.804,0.000,18.000,13.316,24.976,49509,147164,49507,265,135,248,168,0,0,0,0,8,63.933,25.027,15.849,1.568,5.913,0.257,0.000,0.000,1.717,0.373,0.894,0.000,5.126,2.494,0.008,0.006,0.007,0.008,0.003,0.003,0.007,0.028,0.070,3.279,0.820,0.076,0.005,1.896,0.000,0.000,16482420,96,2.090,6.170,0.000,0.000,18
GPU ROAM-like,RelWithDebInfo,OpenGL,NVIDIA GeForce RTX 5090 D/PCIe/SSE2,4.3.0 NVIDIA 591.86,false,assets/heightmaps/Hm_Terrain_Test_129.pgm,129,129,39.400,12.000,20,4.000,2.000,200000,3.830,0.000,18.000,13.245,25.506,49548,147686,49546,261,131,222,174,0,0,0,0,8,133.082,24.063,14.944,1.609,5.717,0.221,0.000,0.000,1.313,0.365,0.882,0.000,4.837,2.615,0.009,0.007,0.006,0.008,0.003,0.003,0.008,0.028,0.073,3.345,0.806,0.068,0.005,1.678,0.000,0.000,16540884,96,1.678,5.938,0.000,0.000,18
GPU ROAM-like,RelWithDebInfo,OpenGL,NVIDIA GeForce RTX 5090 D/PCIe/SSE2,4.3.0 NVIDIA 591.86,false,assets/heightmaps/Hm_Terrain_Test_129.pgm,129,129,39.400,12.000,20,4.000,2.000,200000,3.854,0.000,18.000,13.176,24.552,49586,148278,49584,296,151,258,186,0,0,0,0,8,61.878,25.841,16.507,1.606,6.153,0.263,0.000,0.000,1.492,0.427,0.908,0.000,5.660,2.566,0.009,0.009,0.007,0.008,0.003,0.003,0.007,0.028,0.074,3.294,0.844,0.212,0.004,1.803,0.000,0.000,16607188,96,1.918,6.417,0.000,0.000,18
GPU ROAM-like,RelWithDebInfo,OpenGL,NVIDIA GeForce RTX 5090 D/PCIe/SSE2,4.3.0 NVIDIA 591.86,false,assets/heightmaps/Hm_Terrain_Test_129.pgm,129,129,39.400,12.000,20,4.000,2.000,200000,3.881,0.000,18.000,13.102,26.365,49582,148958,49580,340,172,344,218,0,0,0,0,8,123.809,25.884,16.667,1.590,6.101,0.341,0.000,0.000,1.530,0.487,0.923,0.000,5.695,2.449,0.011,0.006,0.006,0.008,0.003,0.003,0.007,0.028,0.072,3.305,0.818,0.163,0.005,1.813,0.000,0.000,16683348,96,2.017,6.443,0.000,0.000,18
GPU ROAM-like,RelWithDebInfo,OpenGL,NVIDIA GeForce RTX 5090 D/PCIe/SSE2,4.3.0 NVIDIA 591.86,false,assets/heightmaps/Hm_Terrain_Test_129.pgm,129,129,39.400,12.000,20,4.000,2.000,200000,3.907,0.000,18.000,13.028,26.496,49622,149546,49620,294,148,254,185,0,0,0,0,8,127.887,25.040,15.749,1.405,5.975,0.251,0.000,0.000,1.745,0.415,0.899,0.000,5.060,2.468,0.008,0.006,0.006,0.008,0.003,0.003,0.008,0.028,0.069,3.351,0.802,0.163,0.005,1.877,0.000,0.000,16749204,96,2.160,6.226,0.000,0.000,18
GPU ROAM-like,RelWithDebInfo,OpenGL,NVIDIA GeForce RTX 5090 D/PCIe/SSE2,4.3.0 NVIDIA 591.86,false,assets/heightmaps/Hm_Terrain_Test_129.pgm,129,129,39.400,12.000,20,4.000,2.000,200000,3.933,0.000,18.000,12.956,25.506,49742,150178,49740,318,164,198,214,0,0,0,0,8,64.031,25.016,15.781,1.550,5.532,0.201,0.000,0.000,1.674,0.430,0.897,0.000,5.496,2.608,0.009,0.007,0.006,0.009,0.003,0.003,0.008,0.029,0.074,3.336,0.852,0.074,0.004,1.726,0.000,0.000,16819988,96,2.104,5.734,0.000,0.000,18
GPU ROAM-like,RelWithDebInfo,OpenGL,NVIDIA GeForce RTX 5090 D/PCIe/SSE2,4.3.0 NVIDIA 591.86,false,assets/heightmaps/Hm_Terrain_Test_129.pgm,129,129,39.400,12.000,20,4.000,2.000,200000,3.958,0.000,18.000,12.884,25.523,49783,150844,49781,335,170,294,225,0,0,0,0,8,124.902,25.679,16.186,1.433,6.335,0.293,0.000,0.000,1.625,0.443,0.887,0.000,5.170,2.507,0.017,0.011,0.007,0.008,0.003,0.003,0.008,0.030,0.087,3.289,0.806,0.172,0.005,2.036,0.000,0.000,16894580,96,2.069,6.628,0.000,0.000,18
GPU ROAM-like,RelWithDebInfo,OpenGL,NVIDIA GeForce RTX 5090 D/PCIe/SSE2,4.3.0 NVIDIA 591.86,false,assets/heightmaps/Hm_Terrain_Test_129.pgm,129,129,39.400,12.000,20,4.000,2.000,200000,3.984,0.000,18.000,12.810,26.146,49856,151528,49854,342,176,269,224,0,0,0,0,8,120.680,26.575,16.821,1.624,6.081,0.283,0.000,0.000,1.567,0.628,1.094,0.000,5.543,2.487,0.010,0.008,0.005,0.009,0.003,0.003,0.007,0.028,0.074,3.312,1.267,0.163,0.005,1.818,0.000,0.000,16971188,96,2.195,6.365,0.000,0.000,18
GPU ROAM-like,RelWithDebInfo,OpenGL,NVIDIA GeForce RTX 5090 D/PCIe/SSE2,4.3.0 NVIDIA 591.86,false,assets/heightmaps/Hm_Terrain_Test_129.pgm,129,129,39.400,12.000,20,4.000,2.000,200000,4.011,0.000,18.000,12.733,27.060,49991,152266,49989,380,199,245,245,0,0,0,0,8,61.280,26.102,16.220,1.476,5.999,0.272,0.000,0.000,1.592,0.527,0.925,0.000,5.429,2.512,0.009,0.009,0.008,0.014,0.005,0.003,0.008,0.031,0.085,3.435,1.272,0.160,0.005,1.873,0.000,0.000,17053844,96,2.119,6.272,0.000,0.000,18
GPU ROAM-like,RelWithDebInfo,OpenGL,NVIDIA GeForce RTX 5090 D/PCIe/SSE2,4.3.0 NVIDIA 591.86,false,assets/heightmaps/Hm_Terrain_Test_129.pgm,129,129,39.400,12.000,20,4.000,2.000,200000,4.038,0.000,18.000,12.658,26.572,49985,152938,49983,336,172,342,213,0,0,0,0,8,113.261,28.254,17.071,1.663,6.324,0.349,0.000,0.000,1.597,0.479,0.953,0.000,5.704,3.708,0.011,0.008,0.007,0.008,0.005,0.003,0.007,0.029,0.077,3.341,1.030,0.150,0.005,2.264,0.000,0.000,17129108,96,2.077,6.673,0.000,0.000,18
GPU ROAM-like,RelWithDebInfo,OpenGL,NVIDIA GeForce RTX 5090 D/PCIe/SSE2,4.3.0 NVIDIA 591.86,false,assets/heightmaps/Hm_Terrain_Test_129.pgm,129,129,39.400,12.000,20,4.000,2.000,200000,4.067,0.000,18.000,12.576,28.728,50101,153666,50099,368,192,252,259,0,0,0,0,8,121.840,26.330,16.403,1.614,5.977,0.274,0.000,0.000,1.508,0.524,0.926,0.000,5.580,2.568,0.012,0.010,0.006,0.008,0.003,0.003,0.007,0.029,0.078,3.399,1.214,0.166,0.005,1.872,0.000,0.000,17210644,96,2.032,6.251,0.000,0.000,18
GPU ROAM-like,RelWithDebInfo,OpenGL,NVIDIA GeForce RTX 5090 D/PCIe/SSE2,4.3.0 NVIDIA 591.86,false,assets/heightmaps/Hm_Terrain_Test_129.pgm,129,129,39.400,12.000,20,4.000,2.000,200000,4.094,0.000,18.000,12.499,26.886,50199,154498,50197,416,211,318,288,0,0,0,0,8,123.325,25.956,15.571,1.548,5.326,0.319,0.000,0.000,1.595,0.563,0.937,0.000,5.282,2.642,0.015,0.009,0.006,0.008,0.005,0.003,0.007,0.028,0.082,3.672,1.339,0.173,0.004,1.917,0.000,0.000,17303828,96,2.158,5.645,0.000,0.000,18
GPU ROAM-like,RelWithDebInfo,OpenGL,NVIDIA GeForce RTX 5090 D/PCIe/SSE2,4.3.0 NVIDIA 591.86,false,assets/heightmaps/Hm_Terrain_Test_129.pgm,129,129,39.400,12.000,20,4.000,2.000,200000,4.120,0.000,18.000,12.423,26.418,50341,155306,50339,404,204,262,274,0,0,0,0,8,116.123,27.537,17.562,1.600,6.776,0.291,0.000,0.000,1.598,0.560,0.961,0.000,5.776,2.632,0.018,0.009,0.006,0.008,0.003,0.003,0.008,0.029,0.083,3.420,1.277,0.166,0.005,1.826,0.000,0.000,17394324,96,2.158,7.067,0.000,0.000,18
GPU ROAM-like,RelWithDebInfo,OpenGL,NVIDIA GeForce RTX 5090 D/PCIe/SSE2,4.3.0 NVIDIA 591.86,false,assets/heightmaps/Hm_Terrain_Test_129.pgm,129,129,39.400,12.000,20,4.000,2.000,200000,4.148,0.000,18.000,12.343,28.009,50385,156018,50383,356,182,312,243,0,0,0,0,8,57.427,27.810,16.941,1.649,6.132,0.312,0.000,0.000,1.696,0.484,0.920,0.000,5.748,2.619,0.015,0.008,0.006,0.008,0.008,0.003,0.008,0.029,0.085,3.473,2.145,0.189,0.005,1.814,0.000,0.000,17474068,96,2.180,6.444,0.000,0.000,18
GPU ROAM-like,RelWithDebInfo,OpenGL,NVIDIA GeForce RTX 5090 D/PCIe/SSE2,4.3.0 NVIDIA 591.86,false,assets/heightmaps/Hm_Terrain_Test_129.pgm,129,129,39.400,12.000,20,4.000,2.000,200000,4.176,0.000,18.000,12.262,28.289,50311,156710,50309,346,176,420,232,0,0,0,0,8,110.933,28.788,18.762,1.653,7.050,0.428,0.000,0.000,1.592,0.504,0.966,0.000,6.569,2.627,0.012,0.007,0.007,0.008,0.006,0.003,0.008,0.028,0.078,3.502,1.138,0.182,0.005,1.933,0.000,0.000,17551572,96,2.096,7.477,0.000,0.000,18
GPU ROAM-like,RelWithDebInfo,OpenGL,NVIDIA GeForce RTX 5090 D/PCIe/SSE2,4.3.0 NVIDIA 591.86,false,assets/heightmaps/Hm_Terrain_Test_129.pgm,129,129,39.400,12.000,20,4.000,2.000,200000,4.206,0.000,18.000,12.178,29.256,50366,157438,50364,364,187,309,244,0,0,0,0,8,113.095,28.295,17.826,1.618,6.430,0.309,0.000,0.000,1.786,0.513,0.942,0.000,6.226,2.838,0.022,0.012,0.007,0.008,0.003,0.003,0.008,0.029,0.092,3.637,1.164,0.178,0.005,1.965,0.000,0.000,17633108,96,2.299,6.740,0.000,0.000,18
GPU ROAM-like,RelWithDebInfo,OpenGL,NVIDIA GeForce RTX 5090 D/PCIe/SSE2,4.3.0 NVIDIA 591.86,false,assets/heightmaps/Hm_Terrain_Test_129.pgm,129,129,39.400,12.000,20,4.000,2.000,200000,4.235,0.000,18.000,12.094,28.902,50425,158186,50423,378,192,319,246,0,0,0,0,8,118.056,27.056,16.486,1.113,5.733,0.330,0.000,0.000,1.801,0.536,0.949,0.000,6.023,2.830,0.011,0.008,0.006,0.009,0.003,0.003,0.008,0.030,0.077,3.447,1.698,0.173,0.005,1.810,0.000,0.000,17716884,96,2.337,6.064,0.000,0.000,18
GPU ROAM-like,RelWithDebInfo,OpenGL,NVIDIA GeForce RTX 5090 D/PCIe/SSE2,4.3.0 NVIDIA 591.86,false,assets/heightmaps/Hm_Terrain_Test_129.pgm,129,129,39.400,12.000,20,4.000,2.000,200000,4.262,0.000,18.000,12.015,27.582,50410,158908,50408,361,181,376,242,0,0,0,0,8,62.564,25.567,15.484,0.922,6.219,0.370,0.000,0.000,1.282,0.507,0.959,0.000,5.226,2.673,0.019,0.011,0.006,0.008,0.010,0.004,0.008,0.030,0.096,3.486,1.211,0.161,0.005,1.934,0.000,0.000,17797748,96,1.788,6.589,0.000,0.000,18
GPU ROAM-like,RelWithDebInfo,OpenGL,NVIDIA GeForce RTX 5090 D/PCIe/SSE2,4.3.0 NVIDIA 591.86,false,assets/heightmaps/Hm_Terrain_Test_129.pgm,129,129,39.400,12.000,20,4.000,2.000,200000,4.288,0.000,18.000,11.939,26.084,50492,159524,50490,308,158,226,199,0,0,0,0,8,117.185,27.335,16.875,1.720,6.487,0.280,0.000,0.000,1.650,0.415,0.931,0.000,5.392,2.722,0.018,0.010,0.006,0.008,0.005,0.003,0.007,0.029,0.086,3.480,1.464,0.178,0.004,1.925,0.000,0.000,17866740,96,2.065,6.767,0.000,0.000,18
GPU ROAM-like,RelWithDebInfo,OpenGL,NVIDIA GeForce RTX 5090 D/PCIe/SSE2,4.3.0 NVIDIA 591.86,false,assets/heightmaps/Hm_Terrain_Test_129.pgm,129,129,39.400,12.000,20,4.000,2.000,200000,4.316,0.000,18.000,11.859,27.847,50410,160160,50408,318,160,400,210,0,0,0,0,8,524.425,27.456,16.616,1.811,6.162,0.376,0.000,0.000,1.339,0.444,0.905,0.000,5.579,2.610,0.019,0.009,0.010,0.009,0.009,0.003,0.007,0.029,0.096,3.524,1.884,0.162,0.004,1.994,0.000,0.000,17937972,96,1.783,6.538,0.000,0.000,18
GPU ROAM-like,RelWithDebInfo,OpenGL,NVIDIA GeForce RTX 5090 D/PCIe/SSE2,4.3.0 NVIDIA 591.86,false,assets/heightmaps/Hm_Terrain_Test_129.pgm,129,129,39.400,12.000,20,4.000,2.000,200000,4.344,0.000,18.000,11.776,28.419,50387,160766,50385,307,156,330,206,0,0,0,0,8,118.702,26.930,16.809,1.551,6.272,0.329,0.000,0.000,1.576,0.435,0.919,0.000,5.727,2.615,0.017,0.008,0.007,0.008,0.003,0.003,0.007,0.028,0.081,3.554,1.223,0.068,0.004,2.032,0.000,0.000,18005844,96,2.010,6.601,0.000,0.000,18
GPU ROAM-like,RelWithDebInfo,OpenGL,NVIDIA GeForce RTX 5090 D/PCIe/SSE2,4.3.0 NVIDIA 591.86,false,assets/heightmaps/Hm_Terrain_Test_129.pgm,129,129,39.400,12.000,20,4.000,2.000,200000,4.372,0.000,18.000,11.696,27.430,50309,161390,50307,320,164,398,206,0,0,0,0,8,513.689,28.017,17.361,1.689,6.139,0.565,0.000,0.000,1.654,0.444,1.051,0.000,5.818,2.879,0.016,0.008,0.006,0.008,0.007,0.003,0.007,0.028,0.084,3.851,1.329,0.075,0.010,1.847,0.000,0.000,18075732,96,2.098,6.704,0.000,0.000,18
GPU ROAM-like,RelWithDebInfo,OpenGL,NVIDIA GeForce RTX 5090 D/PCIe/SSE2,4.3.0 NVIDIA 591.86,false,assets/heightmaps/Hm_Terrain_Test_129.pgm,129,129,39.400,12.000,20,4.000,2.000,200000,4.400,0.000,18.000,11.613,28.593,50214,161910,50212,260,131,355,172,0,0,0,0,8,56.488,28.307,17.800,1.717,6.676,0.372,0.000,0.000,1.668,0.380,0.959,0.000,6.027,2.746,0.009,0.007,0.006,0.008,0.005,0.003,0.008,0.029,0.075,3.635,1.214,0.311,0.006,1.927,0.000,0.000,18133972,96,2.048,7.048,0.000,0.000,18
GPU ROAM-like,RelWithDebInfo,OpenGL,NVIDIA GeForce RTX 5090 D/PCIe/SSE2,4.3.0 NVIDIA 591.86,false,assets/heightmaps/Hm_Terrain_Test_129.pgm,129,129,39.400,12.000,20,4.000,2.000,200000,4.429,0.000,18.000,11.529,28.802,50159,162480,50157,287,144,342,185,0,0,0,0,8,58.120,27.523,17.438,1.554,5.979,0.371,0.000,0.000,1.663,0.415,0.934,0.000,6.521,2.741,0.021,0.010,0.006,0.009,0.005,0.003,0.008,0.028,0.089,3.616,1.460,0.075,0.005,1.529,0.000,0.000,18197812,96,2.078,6.351,0.000,0.000,18
GPU ROAM-like,RelWithDebInfo,OpenGL,NVIDIA GeForce RTX 5090 D/PCIe/SSE2,4.3.0 NVIDIA 591.86,false,assets/heightmaps/Hm_Terrain_Test_129.pgm,129,129,39.400,12.000,20,4.000,2.000,200000,4.457,0.000,18.000,11.447,28.020,49992,162996,49990,258,129,425,180,0,0,0,0,8,116.306,27.518,17.325,1.713,6.280,0.392,0.000,0.000,1.588,0.391,0.976,0.000,5.983,2.874,0.008,0.006,0.008,0.008,0.003,0.003,0.008,0.029,0.073,3.546,1.364,0.073,0.005,1.660,0.000,0.000,18255604,96,1.979,6.673,0.000,0.000,18
GPU ROAM-like,RelWithDebInfo,OpenGL,NVIDIA GeForce RTX 5090 D/PCIe/SSE2,4.3.0 NVIDIA 591.86,false,assets/heightmaps/Hm_Terrain_Test_129.pgm,129,129,39.400,12.000,20,4.000,2.000,200000,4.485,0.000,18.000,11.366,27.982,49990,163640,49988,322,160,324,215,0,0,0,0,8,117.048,27.329,17.407,1.636,6.579,0.328,0.000,0.000,1.524,0.446,0.963,0.000,5.932,2.736,0.013,0.008,0.007,0.008,0.005,0.003,0.008,0.028,0.080,3.605,1.369,0.071,0.004,1.484,0.000,0.000,18327732,96,1.969,6.906,0.000,0.000,18
GPU ROAM-like,RelWithDebInfo,OpenGL,NVIDIA GeForce RTX 5090 D/PCIe/SSE2,4.3.0 NVIDIA 591.86,false,assets/heightmaps/Hm_Terrain_Test_129.pgm,129,129,39.400,12.000,20,4.000,2.000,200000,4.513,0.000,18.000,11.284,27.834,49948,164284,49946,324,163,366,233,0,0,0,0,8,539.163,26.730,16.615,1.508,6.129,0.347,0.000,0.000,1.691,0.442,0.923,0.000,5.575,2.749,0.018,0.009,0.008,0.014,0.005,0.004,0.008,0.028,0.093,3.740,1.268,0.069,0.005,1.617,0.000,0.000,18399860,96,2.133,6.476,0.000,0.000,18
GPU ROAM-like,RelWithDebInfo,OpenGL,NVIDIA GeForce RTX 5090 D/PCIe/SSE2,4.3.0 NVIDIA 591.86,false,assets/heightmaps/Hm_Terrain_Test_129.pgm,129,129,39.400,12.000,20,4.000,2.000,200000,4.540,0.000,18.000,11.204,27.224,49888,164860,49886,288,144,348,196,0,0,0,0,8,58.249,27.468,17.257,1.819,6.434,0.337,0.000,0.000,1.742,0.412,0.950,0.000,5.563,2.818,0.010,0.006,0.006,0.008,0.005,0.003,0.008,0.029,0.075,3.584,1.348,0.070,0.004,1.723,0.000,0.000,18464372,96,2.154,6.771,0.000,0.000,18
GPU ROAM-like,RelWithDebInfo,OpenGL,NVIDIA GeForce RTX 5090 D/PCIe/SSE2,4.3.0 NVIDIA 591.86,false,assets/heightmaps/Hm_Terrain_Test_129.pgm,129,129,39.400,12.000,20,4.000,2.000,200000,4.568,0.000,18.000,11.123,27.961,49891,165524,49889,332,167,329,221,0,0,0,0,8,119.578,26.708,16.659,1.702,6.244,0.332,0.000,0.000,1.568,0.450,0.925,0.000,5.438,2.793,0.011,0.006,0.006,0.008,0.005,0.003,0.008,0.028,0.075,3.625,1.377,0.073,0.005,1.582,0.000,0.000,18538740,96,2.018,6.576,0.000,0.000,18
GPU ROAM-like,RelWithDebInfo,OpenGL,NVIDIA GeForce RTX 5090 D/PCIe/SSE2,4.3.0 NVIDIA 591.86,false,assets/heightmaps/Hm_Terrain_Test_129.pgm,129,129,39.400,12.000,20,4.000,2.000,200000,4.595,0.000,18.000,11.043,27.187,49789,166118,49787,297,148,399,199,0,0,0,0,8,115.741,27.648,17.469,1.885,6.228,0.379,0.000,0.000,1.772,0.420,0.910,0.000,5.874,2.817,0.011,0.006,0.006,0.008,0.005,0.003,0.008,0.028,0.076,3.786,1.407,0.075,0.006,1.419,0.000,0.000,18605268,96,2.192,6.608,0.000,0.000,18
GPU ROAM-like,RelWithDebInfo,OpenGL,NVIDIA GeForce RTX 5090 D/PCIe/SSE2,4.3.0 NVIDIA 591.86,false,assets/heightmaps/Hm_Terrain_Test_129.pgm,129,129,39.400,12.000,20,4.000,2.000,200000,4.624,0.000,18.000,10.960,28.121,49665,166700,49663,295,150,419,194,0,0,0,0,8,113.801,28.109,17.680,1.541,6.722,0.414,0.000,0.000,1.652,0.405,0.926,0.000,6.021,2.900,0.010,0.006,0.005,0.008,0.005,0.003,0.008,0.028,0.073,3.887,1.304,0.072,0.004,1.591,0.000,0.000,18670452,96,2.057,7.136,0.000,0.000,18
GPU ROAM-like,RelWithDebInfo,OpenGL,NVIDIA GeForce RTX 5090 D/PCIe/SSE2,4.3.0 NVIDIA 591.86,false,assets/heightmaps/Hm_Terrain_Test_129.pgm,129,129,39.400,12.000,20,4.000,2.000,200000,4.652,0.000,18.000,10.876,28.607,49614,167278,49612,291,146,342,191,0,0,0,0,8,59.302,26.972,16.795,1.683,6.363,0.332,0.000,0.000,1.566,0.414,0.923,0.000,5.514,2.931,0.011,0.006,0.005,0.008,0.005,0.003,0.007,0.028,0.073,3.633,1.436,0.070,0.005,1.458,0.000,0.000,18735188,96,1.980,6.695,0.000,0.000,18
GPU ROAM-like,RelWithDebInfo,OpenGL,NVIDIA GeForce RTX 5090 D/PCIe/SSE2,4.3.0 NVIDIA 591.86,false,assets/heightmaps/Hm_Terrain_Test_129.pgm,129,129,39.400,12.000,20,4.000,2.000,200000,4.680,0.000,18.000,10.795,27.449,49493,167818,49491,270,135,391,176,0,0,0,0,8,57.773,27.687,17.341,1.577,6.381,0.388,0.000,0.000,1.442,0.392,0.990,0.000,6.170,2.772,0.009,0.006,0.006,0.010,0.005,0.004,0.008,0.028,0.075,3.810,1.403,0.073,0.005,1.620,0.000,0.000,18795668,96,1.834,6.769,0.000,0.000,18
GPU ROAM-like,RelWithDebInfo,OpenGL,NVIDIA GeForce RTX 5090 D/PCIe/SSE2,4.3.0 NVIDIA 591.86,false,assets/heightmaps/Hm_Terrain_Test_129.pgm,129,129,39.400,12.000,20,4.000,2.000,200000,4.708,0.000,18.000,10.712,28.154,49426,168404,49424,293,147,360,196,0,0,0,0,8,112.544,28.476,18.100,1.594,6.622,0.362,0.000,0.000,1.762,0.439,0.937,0.000,6.383,2.887,0.011,0.006,0.006,0.008,0.003,0.003,0.007,0.028,0.071,3.758,1.431,0.071,0.005,1.493,0.000,0.000,18861300,96,2.201,6.984,0.000,0.000,18
GPU ROAM-like,RelWithDebInfo,OpenGL,NVIDIA GeForce RTX 5090 D/PCIe/SSE2,4.3.0 NVIDIA 591.86,false,assets/heightmaps/Hm_Terrain_Test_129.pgm,129,129,39.400,12.000,20,4.000,2.000,200000,4.737,0.000,18.000,10.627,29.081,49342,169096,49340,346,175,430,221,0,0,0,0,8,118.346,27.098,16.764,1.340,6.129,0.419,0.000,0.000,1.795,0.497,0.907,0.000,5.677,3.071,0.010,0.006,0.006,0.008,0.005,0.003,0.008,0.028,0.073,3.802,1.360,0.072,0.004,1.311,0.000,0.000,18938804,96,2.292,6.548,0.000,0.000,18
GPU ROAM-like,RelWithDebInfo,OpenGL,NVIDIA GeForce RTX 5090 D/PCIe/SSE2,4.3.0 NVIDIA 591.86,false,assets/heightmaps/Hm_Terrain_Test_129.pgm,129,129,39.400,12.000,20,4.000,2.000,200000,4.764,0.000,18.000,10.546,27.553,49254,169680,49252,292,149,380,202,0,0,0,0,8,122.182,26.236,15.884,1.162,5.563,0.389,0.000,0.000,1.653,0.423,0.912,0.000,5.782,2.852,0.011,0.006,0.006,0.008,0.005,0.003,0.008,0.028,0.074,3.890,1.400,0.074,0.004,1.451,0.000,0.000,19004212,96,2.076,5.952,0.000,0.000,19
GPU ROAM-like,RelWithDebInfo,OpenGL,NVIDIA GeForce RTX 5090 D/PCIe/SSE2,4.3.0 NVIDIA 591.86,false,assets/heightmaps/Hm_Terrain_Test_129.pgm,129,129,39.400,12.000,20,4.000,2.000,200000,4.791,0.000,18.000,10.467,26.703,49239,170370,49237,345,174,360,221,0,0,0,0,8,58.069,27.610,17.270,1.500,6.126,0.361,0.000,0.000,1.720,0.497,0.914,0.000,6.151,2.931,0.010,0.006,0.006,0.008,0.003,0.003,0.008,0.029,0.073,3.752,1.338,0.074,0.005,1.518,0.000,0.000,19081492,96,2.218,6.487,0.000,0.000,19
GPU ROAM-like,RelWithDebInfo,OpenGL,NVIDIA GeForce RTX 5090 D/PCIe/SSE2,4.3.0 NVIDIA 591.86,false,assets/heightmaps/Hm_Terrain_Test_129.pgm,129,129,39.400,12.000,20,4.000,2.000,200000,4.819,0.000,18.000,10.384,28.098,49227,171072,49225,355,179,367,236,0,0,0,0,8,119.591,26.861,16.599,1.357,5.692,0.380,0.000,0.000,1.848,0.510,0.959,0.000,5.853,2.917,0.023,0.011,0.007,0.008,0.003,0.003,0.008,0.028,0.091,3.746,1.384,0.071,0.004,1.387,0.000,0.000,19160116,96,2.358,6.072,0.000,0.000,19
GPU ROAM-like,RelWithDebInfo,OpenGL,NVIDIA GeForce RTX 5090 D/PCIe/SSE2,4.3.0 NVIDIA 591.86,false,assets/heightmaps/Hm_Terrain_Test_129.pgm,129,129,39.400,12.000,20,4.000,2.000,200000,4.847,0.000,18.000,10.303,27.409,49191,171740,49189,334,167,370,219,0,0,0,0,8,122.256,26.204,15.647,1.166,6.337,0.406,0.000,0.000,1.137,0.511,0.910,0.000,5.180,2.975,0.009,0.006,0.010,0.008,0.009,0.003,0.008,0.029,0.082,3.787,1.377,0.075,0.005,1.674,0.000,0.000,19234932,96,1.648,6.743,0.000,0.000,18
GPU ROAM-like,RelWithDebInfo,OpenGL,NVIDIA GeForce RTX 5090 D/PCIe/SSE2,4.3.0 NVIDIA 591.86,false,assets/heightmaps/Hm_Terrain_Test_129.pgm,129,129,39.400,12.000,20,4.000,2.000,200000,4.873,0.000,18.000,10.224,26.732,49128,172372,49126,316,158,379,228,0,0,0,0,8,117.733,27.455,16.640,1.645,6.056,0.374,0.000,0.000,1.608,0.450,0.908,0.000,5.598,2.900,0.010,0.006,0.006,0.008,0.003,0.003,0.008,0.028,0.073,3.766,1.451,0.072,0.004,1.690,0.000,0.000,19305716,96,2.058,6.431,0.000,0.000,18
GPU ROAM-like,RelWithDebInfo,OpenGL,NVIDIA GeForce RTX 5090 D/PCIe/SSE2,4.3.0 NVIDIA 591.86,false,assets/heightmaps/Hm_Terrain_Test_129.pgm,129,129,39.400,12.000,20,4.000,2.000,200000,4.901,0.000,18.000,10.141,27.969,49091,173104,49089,366,184,403,237,0,0,0,0,8,110.316,28.987,18.322,1.618,6.539,0.424,0.000,0.000,1.825,0.606,1.240,0.000,6.069,3.025,0.009,0.009,0.006,0.010,0.003,0.004,0.008,0.028,0.078,3.913,1.447,0.075,0.005,1.522,0.000,0.000,19387700,96,2.431,6.963,0.000,0.000,18
GPU ROAM-like,RelWithDebInfo,OpenGL,NVIDIA GeForce RTX 5090 D/PCIe/SSE2,4.3.0 NVIDIA 591.86,false,assets/heightmaps/Hm_Terrain_Test_129.pgm,129,129,39.400,12.000,20,4.000,2.000,200000,4.931,0.000,18.000,10.054,29.561,49066,173822,49064,359,180,384,245,0,0,0,0,8,61.759,25.972,15.254,1.145,5.710,0.378,0.000,0.000,1.338,0.507,0.918,0.000,5.256,3.061,0.027,0.009,0.006,0.008,0.005,0.003,0.009,0.028,0.095,3.952,1.410,0.076,0.005,1.522,0.000,0.000,19468116,96,1.845,6.089,0.000,0.000,18
GPU ROAM-like,RelWithDebInfo,OpenGL,NVIDIA GeForce RTX 5090 D/PCIe/SSE2,4.3.0 NVIDIA 591.86,false,assets/heightmaps/Hm_Terrain_Test_129.pgm,129,129,39.400,12.000,20,4.000,2.000,200000,4.957,0.000,18.000,9.976,26.560,48988,174454,48986,316,158,394,212,0,0,0,0,8,117.762,27.269,16.486,1.573,6.020,0.404,0.000,0.000,1.596,0.463,0.904,0.000,5.527,3.005,0.019,0.006,0.006,0.008,0.003,0.003,0.008,0.029,0.081,3.955,1.401,0.072,0.004,1.593,0.000,0.000,19538900,96,2.059,6.424,0.000,0.000,19
GPU ROAM-like,RelWithDebInfo,OpenGL,NVIDIA GeForce RTX 5090 D/PCIe/SSE2,4.3.0 NVIDIA 591.86,false,assets/heightmaps/Hm_Terrain_Test_129.pgm,129,129,39.400,12.000,20,4.000,2.000,200000,4.985,0.000,18.000,9.894,27.744,48978,175154,48976,354,179,364,247,0,0,0,0,8,115.690,27.664,17.042,1.594,6.455,0.387,0.000,0.000,1.559,0.498,0.909,0.000,5.639,3.018,0.018,0.010,0.006,0.011,0.005,0.003,0.008,0.028,0.088,3.830,1.370,0.070,0.004,1.658,0.000,0.000,19617300,96,2.057,6.843,0.000,0.000,18
GPU ROAM-like,RelWithDebInfo,OpenGL,NVIDIA GeForce RTX 5090 D/PCIe/SSE2,4.3.0 NVIDIA 591.86,false,assets/heightmaps/Hm_Terrain_Test_129.pgm,129,129,39.400,12.000,20,4.000,2.000,200000,5.013,0.000,18.000,9.810,28.273,48930,175850,48928,348,175,396,233,0,0,0,0,8,541.747,26.632,15.829,1.037,5.915,0.386,0.000,0.000,1.802,0.479,0.898,0.000,5.312,3.000,0.009,0.013,0.006,0.013,0.005,0.003,0.008,0.030,0.086,3.965,1.391,0.070,0.005,1.675,0.000,0.000,19695252,96,2.281,6.301,0.000,0.000,18
GPU ROAM-like,RelWithDebInfo,OpenGL,NVIDIA GeForce RTX 5090 D/PCIe/SSE2,4.3.0 NVIDIA 591.86,false,assets/heightmaps/Hm_Terrain_Test_129.pgm,129,129,39.400,12.000,20,4.000,2.000,200000,5.041,0.000,18.000,9.730,27.169,48923,176622,48921,396,203,403,264,0,0,0,0,8,58.018,27.598,16.741,1.622,6.330,0.390,0.000,0.000,1.501,0.547,0.956,0.000,5.394,3.193,0.014,0.009,0.007,0.010,0.005,0.003,0.008,0.028,0.082,3.931,1.503,0.074,0.005,1.465,0.000,0.000,19781716,96,2.048,6.721,0.000,0.000,18
GPU ROAM-like,RelWithDebInfo,OpenGL,NVIDIA GeForce RTX 5090 D/PCIe/SSE2,4.3.0 NVIDIA 591.86,false,assets/heightmaps/Hm_Terrain_Test_129.pgm,129,129,39.400,12.000,20,4.000,2.000,200000,5.069,0.000,18.000,9.647,28.194,48892,177318,48890,354,180,385,232,0,0,0,0,8,122.493,26.247,15.422,1.197,5.453,0.390,0.000,0.000,1.723,0.512,0.945,0.000,5.202,3.021,0.011,0.013,0.007,0.012,0.003,0.004,0.008,0.029,0.088,3.904,1.369,0.072,0.004,1.699,0.000,0.000,19859668,96,2.235,5.843,0.000,0.000,18
GPU ROAM-like,RelWithDebInfo,OpenGL,NVIDIA GeForce RTX 5090 D/PCIe/SSE2,4.3.0 NVIDIA 591.86,false,assets/heightmaps/Hm_Terrain_Test_129.pgm,129,129,39.400,12.000,20,4.000,2.000,200000,5.096,0.000,18.000,9.566,27.166,48951,178170,48949,430,217,371,282,0,0,0,0,8,115.946,27.743,16.789,1.507,6.177,0.363,0.000,0.000,1.716,0.597,0.920,0.000,5.510,2.981,0.011,0.010,0.006,0.012,0.005,0.004,0.008,0.028,0.085,4.046,0.898,0.072,0.005,2.142,0.000,0.000,19955092,96,2.313,6.539,0.000,0.000,18
GPU ROAM-like,RelWithDebInfo,OpenGL,NVIDIA GeForce RTX 5090 D/PCIe/SSE2,4.3.0 NVIDIA 591.86,false,assets/heightmaps/Hm_Terrain_Test_129.pgm,129,129,39.400,12.000,20,4.000,2.000,200000,5.124,0.000,18.000,9.483,28.257,48965,179022,48963,426,213,412,295,0,0,0,0,8,113.807,28.169,17.277,1.750,6.395,0.397,0.000,0.000,1.788,0.596,0.910,0.000,5.440,3.062,0.010,0.007,0.006,0.008,0.003,0.003,0.008,0.028,0.074,4.005,1.341,0.073,0.005,1.674,0.000,0.000,20050516,96,2.384,6.792,0.000,0.000,18
GPU ROAM-like,RelWithDebInfo,OpenGL,NVIDIA GeForce RTX 5090 D/PCIe/SSE2,4.3.0 NVIDIA 591.86,false,assets/heightmaps/Hm_Terrain_Test_129.pgm,129,129,39.400,12.000,20,4.000,2.000,200000,5.153,0.000,18.000,9.398,28.663,48923,179814,48921,396,198,438,267,0,0,0,0,8,520.456,27.725,16.725,1.681,6.270,0.443,0.000,0.000,1.338,0.569,0.917,0.000,5.507,2.957,0.023,0.013,0.007,0.010,0.005,0.003,0.008,0.028,0.095,4.060,1.383,0.074,0.005,1.794,0.000,0.000,20139220,96,1.907,6.713,0.000,0.000,18
GPU ROAM-like,RelWithDebInfo,OpenGL,NVIDIA GeForce RTX 5090 D/PCIe/SSE2,4.3.0 NVIDIA 591.86,false,assets/heightmaps/Hm_Terrain_Test_129.pgm,129,129,39.400,12.000,20,4.000,2.000,200000,5.181,0.000,18.000,9.315,28.188,48953,180630,48951,408,204,378,300,0,0,0,0,8,56.550,28.348,17.141,1.555,6.427,0.385,0.000,0.000,1.536,0.581,0.908,0.000,5.748,3.034,0.019,0.009,0.008,0.009,0.003,0.003,0.008,0.028,0.086,4.190,1.337,0.177,0.004,1.726,0.000,0.000,20230612,96,2.117,6.813,0.000,0.000,18
GPU ROAM-like,RelWithDebInfo,OpenGL,NVIDIA GeForce RTX 5090 D/PCIe/SSE2,4.3.0 NVIDIA 591.86,false,assets/heightmaps/Hm_Terrain_Test_129.pgm,129,129,39.400,12.000,20,4.000,2.000,200000,5.210,0.000,18.000,9.230,28.865,48923,181424,48921,413,215,443,282,0,0,0,0,8,114.624,27.982,16.843,1.626,6.207,0.432,0.000,0.000,1.669,0.553,0.946,0.000,5.410,3.186,0.022,0.014,0.007,0.012,0.003,0.006,0.008,0.028,0.100,4.123,1.326,0.072,0.004,1.688,0.000,0.000,20319540,96,2.223,6.639,0.000,0.000,18
GPU ROAM-like,RelWithDebInfo,OpenGL,NVIDIA GeForce RTX 5090 D/PCIe/SSE2,4.3.0 NVIDIA 591.86,false,assets/heightmaps/Hm_Terrain_Test_129.pgm,129,129,39.400,12.000,20,4.000,2.000,200000,5.238,0.000,18.000,9.146,28.487,48869,182130,48867,353,176,407,247,0,0,0,0,8,528.518,27.342,16.295,1.466,6.154,0.446,0.000,0.000,1.221,0.510,0.915,0.000,5.581,3.218,0.011,0.007,0.007,0.010,0.003,0.003,0.008,0.029,0.078,3.979,1.502,0.080,0.006,1.505,0.000,0.000,20398612,96,1.731,6.601,0.000,0.000,18
GPU ROAM-like,RelWithDebInfo,OpenGL,NVIDIA GeForce RTX 5090 D/PCIe/SSE2,4.3.0 NVIDIA 591.86,false,assets/heightmaps/Hm_Terrain_Test_129.pgm,129,129,39.400,12.000,20,4.000,2.000,200000,5.266,0.000,18.000,9.064,27.880,48808,182944,48806,407,203,468,259,0,0,0,0,8,115.052,27.845,16.657,1.479,6.407,0.475,0.000,0.000,1.556,0.563,0.905,0.000,5.272,3.146,0.011,0.007,0.006,0.008,0.003,0.003,0.008,0.028,0.072,4.025,1.438,0.073,0.005,1.796,0.000,0.000,20489780,96,2.119,6.882,0.000,0.000,18
GPU ROAM-like,RelWithDebInfo,OpenGL,NVIDIA GeForce RTX 5090 D/PCIe/SSE2,4.3.0 NVIDIA 591.86,false,assets/heightmaps/Hm_Terrain_Test_129.pgm,129,129,39.400,12.000,20,4.000,2.000,200000,5.295,0.000,18.000,8.980,28.376,48792,183676,48790,366,182,382,242,0,0,0,0,8,115.034,27.883,16.647,1.585,6.045,0.392,0.000,0.000,1.608,0.512,0.932,0.000,5.573,3.149,0.009,0.008,0.006,0.011,0.005,0.003,0.008,0.027,0.076,4.257,1.476,0.073,0.004,1.541,0.000,0.000,20571764,96,2.120,6.437,0.000,0.000,18
GPU ROAM-like,RelWithDebInfo,OpenGL,NVIDIA GeForce RTX 5090 D/PCIe/SSE2,4.3.0 NVIDIA 591.86,false,assets/heightmaps/Hm_Terrain_Test_129.pgm,129,129,39.400,12.000,20,4.000,2.000,200000,5.323,0.000,18.000,8.896,28.477,48710,184336,48708,330,165,412,228,0,0,0,0,8,113.647,28.214,16.703,1.607,6.205,0.464,0.000,0.000,1.271,0.479,0.929,0.000,5.748,3.269,0.019,0.009,0.006,0.008,0.003,0.003,0.008,0.028,0.084,4.249,1.548,0.075,0.005,1.627,0.000,0.000,20645684,96,1.750,6.669,0.000,0.000,18
GPU ROAM-like,RelWithDebInfo,OpenGL,NVIDIA GeForce RTX 5090 D/PCIe/SSE2,4.3.0 NVIDIA 591.86,false,assets/heightmaps/Hm_Terrain_Test_129.pgm,129,129,39.400,12.000,20,4.000,2.000,200000,5.352,0.000,18.000,8.811,28.824,48632,185032,48630,348,174,426,241,0,0,0,0,8,54.584,29.332,18.007,1.589,6.274,0.488,0.000,0.000,1.906,0.515,0.966,0.000,6.269,3.311,0.011,0.012,0.008,0.012,0.004,0.005,0.008,0.028,0.089,4.166,1.370,0.071,0.004,1.676,0.000,0.000,20723636,96,2.420,6.762,0.000,0.000,18
GPU ROAM-like,RelWithDebInfo,OpenGL,NVIDIA GeForce RTX 5090 D/PCIe/SSE2,4.3.0 NVIDIA 591.86,false,assets/heightmaps/Hm_Terrain_Test_129.pgm,129,129,39.400,12.000,20,4.000,2.000,200000,5.382,0.000,18.000,8.724,29.910,48615,185846,48613,411,208,428,276,0,0,0,0,8,58.895,27.244,15.801,1.160,5.796,0.434,0.000,0.000,1.603,0.582,0.950,0.000,5.277,3.295,0.012,0.006,0.005,0.008,0.003,0.003,0.008,0.028,0.073,4.223,1.367,0.071,0.005,1.746,0.000,0.000,20814804,96,2.184,6.230,0.000,0.000,18
GPU ROAM-like,RelWithDebInfo,OpenGL,NVIDIA GeForce RTX 5090 D/PCIe/SSE2,4.3.0 NVIDIA 591.86,false,assets/heightmaps/Hm_Terrain_Test_129.pgm,129,129,39.400,12.000,20,4.000,2.000,200000,5.410,0.000,18.000,8.642,27.719,48621,186632,48619,393,198,387,264,0,0,0,0,8,497.964,28.991,17.115,1.627,6.258,0.407,0.000,0.000,1.449,0.568,1.004,0.000,5.802,3.182,0.016,0.009,0.006,0.012,0.003,0.003,0.008,0.028,0.083,4.580,1.513,0.070,0.005,1.754,0.000,0.000,20902836,96,2.017,6.665,0.000,0.000,18
GPU ROAM-like,RelWithDebInfo,OpenGL,NVIDIA GeForce RTX 5090 D/PCIe/SSE2,4.3.0 NVIDIA 591.86,false,assets/heightmaps/Hm_Terrain_Test_129.pgm,129,129,39.400,12.000,20,4.000,2.000,200000,5.439,0.000,18.000,8.555,29.534,48511,187408,48509,388,196,498,271,0,0,0,0,8,113.592,28.251,16.761,1.469,5.976,0.498,0.000,0.000,1.396,0.543,0.961,0.000,5.918,3.257,0.019,0.008,0.006,0.009,0.003,0.003,0.008,0.028,0.086,4.308,1.387,0.074,0.004,1.701,0.000,0.000,20989748,96,1.939,6.473,0.000,0.000,18
GPU ROAM-like,RelWithDebInfo,OpenGL,NVIDIA GeForce RTX 5090 D/PCIe/SSE2,4.3.0 NVIDIA 591.86,false,assets/heightmaps/Hm_Terrain_Test_129.pgm,129,129,39.400,12.000,20,4.000,2.000,200000,5.468,0.000,18.000,8.471,28.756,48447,188216,48445,404,202,468,270,0,0,0,0,8,113.164,28.377,16.727,1.449,6.158,0.470,0.000,0.000,1.795,0.539,0.896,0.000,5.419,3.266,0.014,0.010,0.006,0.008,0.005,0.003,0.008,0.028,0.081,4.376,1.513,0.074,0.005,1.633,0.000,0.000,21080244,96,2.335,6.628,0.000,0.000,18
GPU ROAM-like,RelWithDebInfo,OpenGL,NVIDIA GeForce RTX 5090 D/PCIe/SSE2,4.3.0 NVIDIA 591.86,false,assets/heightmaps/Hm_Terrain_Test_129.pgm,129,129,39.400,12.000,20,4.000,2.000,200000,5.497,0.000,18.000,8.387,28.835,48462,189010,48460,401,202,386,266,0,0,0,0,8,504.246,28.621,16.992,1.413,6.223,0.391,0.000,0.000,1.794,0.560,0.906,0.000,5.704,3.371,0.011,0.008,0.006,0.009,0.003,0.003,0.008,0.028,0.076,4.336,1.432,0.070,0.004,1.663,0.000,0.000,21169172,96,2.354,6.614,0.000,0.000,18
GPU ROAM-like,RelWithDebInfo,OpenGL,NVIDIA GeForce RTX 5090 D/PCIe/SSE2,4.3.0 NVIDIA 591.86,false,assets/heightmaps/Hm_Terrain_Test_129.pgm,129,129,39.400,12.000,20,4.000,2.000,200000,5.526,0.000,18.000,8.301,29.193,48359,189796,48357,393,196,496,257,0,0,0,0,8,115.543,27.809,16.185,1.179,5.812,0.514,0.000,0.000,1.634,0.554,0.939,0.000,5.553,3.361,0.022,0.010,0.006,0.008,0.003,0.003,0.008,0.028,0.089,4.456,1.464,0.073,0.004,1.481,0.000,0.000,21257204,96,2.188,6.326,0.000,0.000,18
GPU ROAM-like,RelWithDebInfo,OpenGL,NVIDIA GeForce RTX 5090 D/PCIe/SSE2,4.3.0 NVIDIA 591.86,false,assets/heightmaps/Hm_Terrain_Test_129.pgm,129,129,39.400,12.000,20,4.000,2.000,200000,5.554,0.000,18.000,8.219,28.353,48322,190550,48320,377,188,414,257,0,0,0,0,8,56.670,28.325,16.342,1.434,6.229,0.438,0.000,0.000,1.637,0.529,0.925,0.000,5.150,3.326,0.019,0.009,0.006,0.009,0.003,0.004,0.009,0.028,0.087,4.299,1.599,0.071,0.004,1.908,0.000,0.000,21341652,96,2.166,6.666,0.000,0.000,18
GPU ROAM-like,RelWithDebInfo,OpenGL,NVIDIA GeForce RTX 5090 D/PCIe/SSE2,4.3.0 NVIDIA 591.86,false,assets/heightmaps/Hm_Terrain_Test_129.pgm,129,129,39.400,12.000,20,4.000,2.000,200000,5.583,0.000,18.000,8.135,28.823,48370,191410,48368,430,215,382,303,0,0,0,0,8,111.866,28.691,17.040,1.556,6.233,0.425,0.000,0.000,1.661,0.588,0.889,0.000,5.686,3.461,0.009,0.013,0.006,0.012,0.005,0.004,0.009,0.028,0.087,4.263,1.475,0.071,0.005,1.598,0.000,0.000,21437972,96,2.249,6.659,0.000,0.000,18
GPU ROAM-like,RelWithDebInfo,OpenGL,NVIDIA GeForce RTX 5090 D/PCIe/SSE2,4.3.0 NVIDIA 591.86,false,assets/heightmaps/Hm_Terrain_Test_129.pgm,129,129,39.400,12.000,20,4.000,2.000,200000,5.612,0.000,18.000,8.050,29.197,48348,192290,48346,444,224,466,305,0,0,0,0,8,111.214,28.836,17.003,1.609,6.168,0.471,0.000,0.000,1.585,0.616,0.885,0.000,5.668,3.313,0.015,0.007,0.006,0.009,0.003,0.003,0.008,0.027,0.079,4.366,1.419,0.071,0.004,1.902,0.000,0.000,21536532,96,2.201,6.639,0.000,0.000,18
GPU ROAM-like,RelWithDebInfo,OpenGL,NVIDIA GeForce RTX 5090 D/PCIe/SSE2,4.3.0 NVIDIA 591.86,false,assets/heightmaps/Hm_Terrain_Test_129.pgm,129,129,39.400,12.000,20,4.000,2.000,200000,5.642,0.000,18.000,7.964,29.380,48254,193062,48252,386,193,480,274,0,0,0,0,8,102.999,31.087,17.450,1.540,6.217,0.468,0.000,0.000,1.743,0.550,0.902,0.000,6.030,4.980,0.027,0.009,0.006,0.009,0.005,0.003,0.008,0.027,0.094,4.356,1.332,0.071,0.004,2.126,0.000,0.000,21622996,96,2.293,6.685,0.000,0.000,18
GPU ROAM-like,RelWithDebInfo,OpenGL,NVIDIA GeForce RTX 5090 D/PCIe/SSE2,4.3.0 NVIDIA 591.86,false,assets/heightmaps/Hm_Terrain_Test_129.pgm,129,129,39.400,12.000,20,4.000,2.000,200000,5.673,0.000,18.000,7.872,31.669,48240,193956,48238,455,231,469,301,0,0,0,0,8,113.094,28.385,16.657,1.264,6.197,0.471,0.000,0.000,1.681,0.636,0.907,0.000,5.501,3.444,0.019,0.006,0.006,0.009,0.003,0.003,0.008,0.028,0.082,4.282,1.501,0.071,0.004,1.651,0.000,0.000,21723124,96,2.317,6.668,0.000,0.000,18
GPU ROAM-like,RelWithDebInfo,OpenGL,NVIDIA GeForce RTX 5090 D/PCIe/SSE2,4.3.0 NVIDIA 591.86,false,assets/heightmaps/Hm_Terrain_Test_129.pgm,129,129,39.400,12.000,20,4.000,2.000,200000,5.702,0.000,18.000,7.788,28.944,48157,194848,48155,452,229,535,321,0,0,0,0,8,108.354,29.626,17.846,1.474,6.529,0.540,0.000,0.000,1.758,0.642,0.960,0.000,5.942,3.480,0.009,0.006,0.006,0.010,0.003,0.003,0.008,0.029,0.073,4.294,1.497,0.071,0.004,1.629,0.000,0.000,21823028,96,2.400,7.070,0.000,0.000,18
GPU ROAM-like,RelWithDebInfo,OpenGL,NVIDIA GeForce RTX 5090 D/PCIe/SSE2,4.3.0 NVIDIA 591.86,false,assets/heightmaps/Hm_Terrain_Test_129.pgm,129,129,39.400,12.000,20,4.000,2.000,200000,5.732,0.000,18.000,7.701,30.126,48146,195758,48144,455,227,466,323,0,0,0,0,8,103.792,30.937,18.497,1.232,5.946,0.467,0.000,0.000,1.680,0.670,1.036,0.000,7.466,3.584,0.027,0.010,0.007,0.009,0.003,0.003,0.008,0.028,0.095,4.714,1.642,0.077,0.005,1.565,0.000,0.000,21924948,96,2.350,6.413,0.000,0.000,18
GPU ROAM-like,RelWithDebInfo,OpenGL,NVIDIA GeForce RTX 5090 D/PCIe/SSE2,4.3.0 NVIDIA 591.86,false,assets/heightmaps/Hm_Terrain_Test_129.pgm,129,129,39.400,12.000,20,4.000,2.000,200000,5.764,0.000,18.000,7.609,31.941,48111,196576,48109,409,204,444,288,0,0,0,0,8,93.607,34.202,21.244,1.670,7.475,0.495,0.000,0.000,1.815,0.809,1.183,0.000,7.797,3.742,0.023,0.013,0.008,0.010,0.003,0.003,0.008,0.028,0.095,4.992,1.090,0.078,0.005,2.210,0.000,0.000,22016564,96,2.624,7.970,0.000,0.000,18
GPU ROAM-like,RelWithDebInfo,OpenGL,NVIDIA GeForce RTX 5090 D/PCIe/SSE2,4.3.0 NVIDIA 591.86,false,assets/heightmaps/Hm_Terrain_Test_129.pgm,129,129,39.400,12.000,20,4.000,2.000,200000,5.799,0.000,18.000,7.508,34.838,47975,197534,47973,483,244,619,356,0,0,0,0,8,386.265,33.113,20.895,1.924,7.504,0.733,0.000,0.000,1.782,0.765,1.033,0.000,7.153,3.508,0.019,0.009,0.006,0.009,0.003,0.005,0.009,0.028,0.087,4.384,1.573,0.071,0.004,1.905,0.000,0.000,22123860,96,2.547,8.237,0.000,0.000,18
GPU ROAM-like,RelWithDebInfo,OpenGL,NVIDIA GeForce RTX 5090 D/PCIe/SSE2,4.3.0 NVIDIA 591.86,false,assets/heightmaps/Hm_Terrain_Test_129.pgm,129,129,39.400,12.000,20,4.000,2.000,200000,5.833,0.000,18.000,7.411,33.709,47966,198578,47964,524,263,533,380,0,0,0,0,8,112.843,28.515,16.467,1.376,6.066,0.517,0.000,0.000,1.786,0.707,0.889,0.000,5.126,3.549,0.010,0.013,0.006,0.014,0.005,0.003,0.008,0.028,0.086,4.424,1.494,0.074,0.004,1.662,0.000,0.000,22240788,96,2.493,6.583,0.000,0.000,18
GPU ROAM-like,RelWithDebInfo,OpenGL,NVIDIA GeForce RTX 5090 D/PCIe/SSE2,4.3.0 NVIDIA 591.86,false,assets/heightmaps/Hm_Terrain_Test_129.pgm,129,129,39.400,12.000,20,4.000,2.000,200000,5.862,0.000,18.000,7.328,28.975,47917,199458,47915,444,224,493,288,0,0,0,0,8,110.052,29.142,16.701,1.331,6.182,0.459,0.000,0.000,1.782,0.616,0.894,0.000,5.436,3.346,0.018,0.008,0.006,0.008,0.003,0.003,0.008,0.027,0.082,4.681,1.567,0.227,0.005,1.847,0.000,0.000,22339348,96,2.398,6.641,0.000,0.000,18
GPU ROAM-like,RelWithDebInfo,OpenGL,NVIDIA GeForce RTX 5090 D/PCIe/SSE2,4.3.0 NVIDIA 591.86,false,assets/heightmaps/Hm_Terrain_Test_129.pgm,129,129,39.400,12.000,20,4.000,2.000,200000,5.892,0.000,18.000,7.243,29.707,47962,200348,47960,445,222,400,312,0,0,0,0,8,105.155,30.490,18.326,1.564,6.708,0.394,0.000,0.000,1.657,0.646,0.931,0.000,6.426,3.449,0.015,0.014,0.006,0.014,0.006,0.004,0.009,0.028,0.097,4.524,1.677,0.073,0.005,1.642,0.000,0.000,22439028,96,2.303,7.102,0.000,0.000,18
GPU ROAM-like,RelWithDebInfo,OpenGL,NVIDIA GeForce RTX 5090 D/PCIe/SSE2,4.3.0 NVIDIA 591.86,false,assets/heightmaps/Hm_Terrain_Test_129.pgm,129,129,39.400,12.000,20,4.000,2.000,200000,5.923,0.000,18.000,7.154,31.054,47737,201174,47735,415,208,640,291,0,0,0,0,8,109.029,29.509,17.050,1.493,6.608,0.598,0.000,0.000,1.315,0.584,0.917,0.000,5.535,3.454,0.016,0.015,0.007,0.013,0.005,0.005,0.009,0.029,0.098,4.517,1.528,0.077,0.005,2.009,0.000,0.000,22531540,96,1.899,7.206,0.000,0.000,18
GPU ROAM-like,RelWithDebInfo,OpenGL,NVIDIA GeForce RTX 5090 D/PCIe/SSE2,4.3.0 NVIDIA 591.86,false,assets/heightmaps/Hm_Terrain_Test_129.pgm,129,129,39.400,12.000,20,4.000,2.000,200000,5.953,0.000,18.000,7.069,29.984,47718,202052,47716,439,219,458,313,0,0,0,0,8,108.069,29.684,17.553,1.571,6.584,0.452,0.000,0.000,1.711,0.609,0.895,0.000,5.731,3.514,0.009,0.014,0.007,0.015,0.004,0.005,0.009,0.030,0.094,4.512,1.610,0.071,0.004,1.631,0.000,0.000,22629876,96,2.320,7.035,0.000,0.000,18
GPU ROAM-like,RelWithDebInfo,OpenGL,NVIDIA GeForce RTX 5090 D/PCIe/SSE2,4.3.0 NVIDIA 591.86,false,assets/heightmaps/Hm_Terrain_Test_129.pgm,129,129,39.400,12.000,20,4.000,2.000,200000,5.983,0.000,18.000,6.983,30.340,47573,202850,47571,407,207,552,281,0,0,0,0,8,110.997,28.933,16.639,1.496,6.285,0.498,0.000,0.000,1.655,0.560,0.947,0.000,5.195,3.521,0.019,0.014,0.007,0.018,0.005,0.005,0.008,0.028,0.104,4.618,1.536,0.072,0.004,1.742,0.000,0.000,22719252,96,2.216,6.783,0.000,0.000,18
GPU ROAM-like,RelWithDebInfo,OpenGL,NVIDIA GeForce RTX 5090 D/PCIe/SSE2,4.3.0 NVIDIA 591.86,false,assets/heightmaps/Hm_Terrain_Test_129.pgm,129,129,39.400,12.000,20,4.000,2.000,200000,6.013,0.000,18.000,6.899,29.527,47483,203630,47481,390,195,480,271,0,0,0,0,8,500.137,28.884,16.547,1.315,6.532,0.473,0.000,0.000,1.495,0.543,0.914,0.000,5.274,3.546,0.021,0.015,0.006,0.013,0.005,0.004,0.008,0.028,0.101,4.627,1.454,0.072,0.004,1.847,0.000,0.000,22806612,96,2.039,7.005,0.000,0.000,18
GPU ROAM-like,RelWithDebInfo,OpenGL,NVIDIA GeForce RTX 5090 D/PCIe/SSE2,4.3.0 NVIDIA 591.86,false,assets/heightmaps/Hm_Terrain_Test_129.pgm,129,129,39.400,12.000,20,4.000,2.000,200000,6.042,0.000,18.000,6.816,29.406,47423,204422,47421,400,202,460,273,0,0,0,0,8,108.799,29.543,16.990,1.622,6.375,0.444,0.000,0.000,1.672,0.551,0.923,0.000,5.404,3.486,0.020,0.013,0.007,0.010,0.007,0.004,0.008,0.028,0.096,4.663,1.493,0.072,0.004,1.993,0.000,0.000,22895316,96,2.222,6.818,0.000,0.000,18
GPU ROAM-like,RelWithDebInfo,OpenGL,NVIDIA GeForce RTX 5090 D/PCIe/SSE2,4.3.0 NVIDIA 591.86,false,assets/heightmaps/Hm_Terrain_Test_129.pgm,129,129,39.400,12.000,20,4.000,2.000,200000,6.072,0.000,18.000,6.731,30.091,47370,205274,47368,426,213,479,274,0,0,0,0,8,108.324,29.673,16.975,1.475,6.084,0.448,0.000,0.000,1.742,0.588,0.886,0.000,5.751,3.524,0.010,0.014,0.006,0.014,0.005,0.005,0.008,0.030,0.090,4.882,1.521,0.071,0.004,1.850,0.000,0.000,22990740,96,2.330,6.532,0.000,0.000,18
GPU ROAM-like,RelWithDebInfo,OpenGL,NVIDIA GeForce RTX 5090 D/PCIe/SSE2,4.3.0 NVIDIA 591.86,false,assets/heightmaps/Hm_Terrain_Test_129.pgm,129,129,39.400,12.000,20,4.000,2.000,200000,6.102,0.000,18.000,6.646,30.223,47205,205970,47203,348,174,513,232,0,0,0,0,8,106.422,30.165,17.472,1.537,6.487,0.488,0.000,0.000,1.845,0.499,0.899,0.000,5.717,3.529,0.016,0.012,0.006,0.012,0.005,0.005,0.009,0.028,0.092,4.620,1.559,0.072,0.005,2.085,0.000,0.000,23068692,96,2.344,6.976,0.000,0.000,18
GPU ROAM-like,RelWithDebInfo,OpenGL,NVIDIA GeForce RTX 5090 D/PCIe/SSE2,4.3.0 NVIDIA 591.86,false,assets/heightmaps/Hm_Terrain_Test_129.pgm,129,129,39.400,12.000,20,4.000,2.000,200000,6.133,0.000,18.000,6.559,30.724,47029,206648,47027,341,171,517,228,0,0,0,0,8,55.009,29.240,16.779,1.509,6.240,0.481,0.000,0.000,1.383,0.483,0.912,0.000,5.770,3.612,0.020,0.013,0.008,0.014,0.005,0.004,0.008,0.028,0.100,4.589,1.494,0.075,0.004,1.828,0.000,0.000,23144628,96,1.866,6.721,0.000,0.000,18
GPU ROAM-like,RelWithDebInfo,OpenGL,NVIDIA GeForce RTX 5090 D/PCIe/SSE2,4.3.0 NVIDIA 591.86,false,assets/heightmaps/Hm_Terrain_Test_129.pgm,129,129,39.400,12.000,20,4.000,2.000,200000,6.163,0.000,18.000,6.476,29.714,46927,207360,46925,356,178,458,240,0,0,0,0,8,110.384,29.094,16.593,1.531,6.256,0.440,0.000,0.000,1.464,0.512,0.889,0.000,5.501,3.542,0.019,0.012,0.008,0.012,0.005,0.004,0.008,0.027,0.096,4.633,1.547,0.071,0.004,1.898,0.000,0.000,23224372,96,1.975,6.696,0.000,0.000,18
GPU ROAM-like,RelWithDebInfo,OpenGL,NVIDIA GeForce RTX 5090 D/PCIe/SSE2,4.3.0 NVIDIA 591.86,false,assets/heightmaps/Hm_Terrain_Test_129.pgm,129,129,39.400,12.000,20,4.000,2.000,200000,6.192,0.000,18.000,6.394,29.574,46791,208068,46789,356,179,492,235,0,0,0,0,8,105.379,30.444,17.831,1.574,6.568,0.527,0.000,0.000,1.786,0.527,0.917,0.000,5.933,3.739,0.015,0.013,0.006,0.014,0.006,0.004,0.009,0.029,0.096,4.745,1.525,0.072,0.005,1.719,0.000,0.000,23303668,96,2.313,7.094,0.000,0.000,18
GPU ROAM-like,RelWithDebInfo,OpenGL,NVIDIA GeForce RTX 5090 D/PCIe/SSE2,4.3.0 NVIDIA 591.86,false,assets/heightmaps/Hm_Terrain_Test_129.pgm,129,129,39.400,12.000,20,4.000,2.000,200000,6.223,0.000,18.000,6.308,30.923,46684,208816,46682,374,187,481,264,0,0,0,0,8,110.398,29.211,16.443,1.333,5.949,0.469,0.000,0.000,1.506,0.533,0.886,0.000,5.766,3.704,0.022,0.015,0.006,0.014,0.005,0.004,0.008,0.027,0.103,4.806,1.478,0.070,0.005,1.779,0.000,0.000,23387444,96,2.039,6.418,0.000,0.000,18
GPU ROAM-like,RelWithDebInfo,OpenGL,NVIDIA GeForce RTX 5090 D/PCIe/SSE2,4.3.0 NVIDIA 591.86,false,assets/heightmaps/Hm_Terrain_Test_129.pgm,129,129,39.400,12.000,20,4.000,2.000,200000,6.253,0.000,18.000,6.225,29.675,46618,209512,46616,350,176,416,238,0,0,0,0,8,111.980,28.785,16.077,1.424,5.851,0.399,0.000,0.000,1.582,0.510,0.873,0.000,5.438,3.648,0.011,0.013,0.006,0.015,0.005,0.005,0.009,0.028,0.092,4.664,1.668,0.073,0.005,1.752,0.000,0.000,23465396,96,2.092,6.250,0.000,0.000,18
GPU ROAM-like,RelWithDebInfo,OpenGL,NVIDIA GeForce RTX 5090 D/PCIe/SSE2,4.3.0 NVIDIA 591.86,false,assets/heightmaps/Hm_Terrain_Test_129.pgm,129,129,39.400,12.000,20,4.000,2.000,200000,6.282,0.000,18.000,6.144,29.323,46385,210222,46383,355,177,588,239,0,0,0,0,8,111.537,28.885,16.106,1.536,6.340,0.554,0.000,0.000,1.176,0.500,0.857,0.000,5.143,3.572,0.023,0.015,0.006,0.013,0.005,0.004,0.009,0.029,0.104,4.734,1.632,0.070,0.004,1.879,0.000,0.000,23544916,96,1.676,6.895,0.000,0.000,18
GPU ROAM-like,RelWithDebInfo,OpenGL,NVIDIA GeForce RTX 5090 D/PCIe/SSE2,4.3.0 NVIDIA 591.86,false,assets/heightmaps/Hm_Terrain_Test_129.pgm,129,129,39.400,12.000,20,4.000,2.000,200000,6.312,0.000,18.000,6.063,29.470,46368,210868,46366,325,163,342,217,0,0,0,0,8,109.772,29.342,16.543,1.599,6.219,0.344,0.000,0.000,1.782,0.460,0.872,0.000,5.267,3.551,0.012,0.014,0.006,0.014,0.005,0.004,0.008,0.027,0.089,4.712,1.545,0.072,0.004,2.016,0.000,0.000,23617268,96,2.242,6.563,0.000,0.000,18
GPU ROAM-like,RelWithDebInfo,OpenGL,NVIDIA GeForce RTX 5090 D/PCIe/SSE2,4.3.0 NVIDIA 591.86,false,assets/heightmaps/Hm_Terrain_Test_129.pgm,129,129,39.400,12.000,20,4.000,2.000,200000,6.341,0.000,18.000,5.981,29.808,46190,211548,46188,340,170,518,227,0,0,0,0,8,106.641,30.135,17.150,1.558,6.210,0.499,0.000,0.000,1.823,0.485,0.851,0.000,5.724,3.716,0.030,0.012,0.006,0.011,0.005,0.004,0.008,0.028,0.104,4.965,1.597,0.074,0.005,1.774,0.000,0.000,23693428,96,2.308,6.709,0.000,0.000,18
GPU ROAM-like,RelWithDebInfo,OpenGL,NVIDIA GeForce RTX 5090 D/PCIe/SSE2,4.3.0 NVIDIA 591.86,false,assets/heightmaps/Hm_Terrain_Test_129.pgm,129,129,39.400,12.000,20,4.000,2.000,200000,6.372,0.000,18.000,5.897,30.704,46176,212336,46174,394,197,408,280,0,0,0,0,8,499.074,29.264,16.188,1.494,5.852,0.407,0.000,0.000,1.489,0.546,0.890,0.000,5.510,3.683,0.009,0.014,0.006,0.013,0.005,0.004,0.008,0.028,0.087,4.682,1.600,0.145,0.005,1.849,0.000,0.000,23781684,96,2.036,6.259,0.000,0.000,18
GPU ROAM-like,RelWithDebInfo,OpenGL,NVIDIA GeForce RTX 5090 D/PCIe/SSE2,4.3.0 NVIDIA 591.86,false,assets/heightmaps/Hm_Terrain_Test_129.pgm,129,129,39.400,12.000,20,4.000,2.000,200000,6.402,0.000,18.000,5.816,29.765,46046,213116,46044,390,195,520,267,0,0,0,0,8,109.690,29.294,16.274,1.347,6.026,0.496,0.000,0.000,1.813,0.549,0.855,0.000,5.188,3.688,0.017,0.012,0.006,0.012,0.005,0.004,0.008,0.028,0.092,4.790,1.567,0.071,0.004,2.073,0.000,0.000,23869044,96,2.362,6.522,0.000,0.000,18
GPU ROAM-like,RelWithDebInfo,OpenGL,NVIDIA GeForce RTX 5090 D/PCIe/SSE2,4.3.0 NVIDIA 591.86,false,assets/heightmaps/Hm_Terrain_Test_129.pgm,129,129,39.400,12.000,20,4.000,2.000,200000,6.432,0.000,18.000,5.734,30.159,46031,214020,46029,452,226,467,292,0,0,0,0,8,106.110,30.321,17.059,1.447,6.486,0.462,0.000,0.000,1.595,0.635,0.893,0.000,5.541,3.700,0.011,0.014,0.006,0.014,0.005,0.005,0.009,0.028,0.090,5.120,1.061,0.073,0.008,2.407,0.000,0.000,23970292,96,2.230,6.948,0.000,0.000,18
GPU ROAM-like,RelWithDebInfo,OpenGL,NVIDIA GeForce RTX 5090 D/PCIe/SSE2,4.3.0 NVIDIA 591.86,false,assets/heightmaps/Hm_Terrain_Test_129.pgm,129,129,39.400,12.000,20,4.000,2.000,200000,6.463,0.000,18.000,5.650,30.893,45971,214780,45969,380,190,440,265,0,0,0,0,8,107.440,29.988,15.785,1.536,5.935,0.429,0.000,0.000,1.496,0.522,0.879,0.000,4.987,3.671,0.026,0.012,0.006,0.012,0.005,0.005,0.008,0.027,0.102,5.031,1.758,0.394,0.005,2.414,0.000,0.000,24055412,96,2.019,6.365,0.000,0.000,18
GPU ROAM-like,RelWithDebInfo,OpenGL,NVIDIA GeForce RTX 5090 D/PCIe/SSE2,4.3.0 NVIDIA 591.86,false,assets/heightmaps/Hm_Terrain_Test_129.pgm,129,129,39.400,12.000,20,4.000,2.000,200000,6.494,0.000,18.000,5.568,30.550,45795,215516,45793,368,184,544,245,0,0,0,0,8,103.470,31.082,17.177,1.593,6.374,0.517,0.000,0.000,1.452,0.534,0.863,0.000,5.844,3.731,0.019,0.014,0.006,0.014,0.005,0.005,0.009,0.028,0.099,4.952,2.127,0.276,0.004,1.913,0.000,0.000,24137844,96,1.986,6.891,0.000,0.000,18
GPU ROAM-like,RelWithDebInfo,OpenGL,NVIDIA GeForce RTX 5090 D/PCIe/SSE2,4.3.0 NVIDIA 591.86,false,assets/heightmaps/Hm_Terrain_Test_129.pgm,129,129,39.400,12.000,20,4.000,2.000,200000,6.525,0.000,18.000,5.483,31.568,45709,216308,45707,396,198,482,260,0,0,0,0,8,102.330,31.330,17.438,1.616,6.137,0.517,0.000,0.000,1.618,0.566,0.912,0.000,6.073,3.642,0.018,0.015,0.006,0.012,0.005,0.005,0.009,0.027,0.096,5.071,2.096,0.273,0.004,1.990,0.000,0.000,24226548,96,2.184,6.655,0.000,0.000,18
GPU ROAM-like,RelWithDebInfo,OpenGL,NVIDIA GeForce RTX 5090 D/PCIe/SSE2,4.3.0 NVIDIA 591.86,false,assets/heightmaps/Hm_Terrain_Test_129.pgm,129,129,39.400,12.000,20,4.000,2.000,200000,6.557,0.000,18.000,5.398,31.895,45586,217040,45584,366,183,489,250,0,0,0,0,8,52.483,30.665,16.699,1.694,6.143,0.469,0.000,0.000,1.307,0.518,0.867,0.000,5.700,3.746,0.009,0.014,0.006,0.014,0.005,0.005,0.009,0.028,0.089,5.020,2.026,0.374,0.004,1.875,0.000,0.000,24308532,96,1.825,6.612,0.000,0.000,18
GPU ROAM-like,RelWithDebInfo,OpenGL,NVIDIA GeForce RTX 5090 D/PCIe/SSE2,4.3.0 NVIDIA 591.86,false,assets/heightmaps/Hm_Terrain_Test_129.pgm,129,129,39.400,12.000,20,4.000,2.000,200000,6.588,0.000,18.000,5.314,31.279,45424,217700,45422,330,165,492,222,0,0,0,0,8,104.122,30.876,16.874,1.508,6.280,0.623,0.000,0.000,1.532,0.484,0.855,0.000,5.592,3.756,0.020,0.014,0.006,0.018,0.005,0.004,0.009,0.028,0.104,5.067,2.084,0.287,0.005,1.914,0.000,0.000,24382452,96,2.016,6.903,0.000,0.000,18
GPU ROAM-like,RelWithDebInfo,OpenGL,NVIDIA GeForce RTX 5090 D/PCIe/SSE2,4.3.0 NVIDIA 591.86,false,assets/heightmaps/Hm_Terrain_Test_129.pgm,129,129,39.400,12.000,20,4.000,2.000,200000,6.620,0.000,18.000,5.231,31.392,45398,218468,45396,384,192,410,252,0,0,0,0,8,106.264,30.323,16.184,1.507,6.587,0.459,0.000,0.000,1.289,0.529,0.864,0.000,4.949,3.662,0.015,0.014,0.006,0.014,0.005,0.005,0.009,0.028,0.096,5.001,2.225,0.392,0.004,1.911,0.000,0.000,24468468,96,1.818,7.046,0.000,0.000,18
GPU ROAM-like,RelWithDebInfo,OpenGL,NVIDIA GeForce RTX 5090 D/PCIe/SSE2,4.3.0 NVIDIA 591.86,false,assets/heightmaps/Hm_Terrain_Test_129.pgm,129,129,39.400,12.000,20,4.000,2.000,200000,6.651,0.000,18.000,5.149,31.059,45266,219100,45264,316,158,448,203,0,0,0,0,8,52.129,30.905,16.697,1.504,6.139,0.444,0.000,0.000,1.709,0.456,0.851,0.000,5.595,3.958,0.015,0.014,0.006,0.014,0.007,0.005,0.009,0.028,0.098,5.023,1.982,0.271,0.004,2.016,0.000,0.000,24539252,96,2.164,6.583,0.000,0.000,18
GPU ROAM-like,RelWithDebInfo,OpenGL,NVIDIA GeForce RTX 5090 D/PCIe/SSE2,4.3.0 NVIDIA 591.86,false,assets/heightmaps/Hm_Terrain_Test_129.pgm,129,129,39.400,12.000,20,4.000,2.000,200000,6.682,0.000,18.000,5.067,31.487,45125,219888,45123,396,199,537,262,0,0,0,0,8,107.543,29.909,16.117,1.222,5.695,0.504,0.000,0.000,1.488,0.559,0.840,0.000,5.809,3.846,0.023,0.016,0.006,0.013,0.005,0.004,0.008,0.028,0.102,4.921,1.972,0.265,0.005,1.911,0.000,0.000,24627508,96,2.047,6.198,0.000,0.000,18
GPU ROAM-like,RelWithDebInfo,OpenGL,NVIDIA GeForce RTX 5090 D/PCIe/SSE2,4.3.0 NVIDIA 591.86,false,assets/heightmaps/Hm_Terrain_Test_129.pgm,129,129,39.400,12.000,20,4.000,2.000,200000,6.713,0.000,18.000,4.987,30.505,45073,220572,45071,342,171,394,216,0,0,0,0,8,107.758,29.915,15.684,1.236,5.815,0.404,0.000,0.000,1.621,0.484,0.846,0.000,5.278,3.676,0.021,0.014,0.006,0.014,0.005,0.005,0.009,0.028,0.100,5.247,2.055,0.267,0.005,2.046,0.000,0.000,24704116,96,2.105,6.219,0.000,0.000,18
GPU ROAM-like,RelWithDebInfo,OpenGL,NVIDIA GeForce RTX 5090 D/PCIe/SSE2,4.3.0 NVIDIA 591.86,false,assets/heightmaps/Hm_Terrain_Test_129.pgm,129,129,39.400,12.000,20,4.000,2.000,200000,6.743,0.000,18.000,4.907,30.547,44970,221216,44968,322,161,425,203,0,0,0,0,8,103.868,30.934,16.713,1.632,5.949,0.466,0.000,0.000,1.613,0.470,0.869,0.000,5.714,3.746,0.019,0.013,0.006,0.014,0.003,0.005,0.008,0.027,0.096,5.099,1.946,0.279,0.004,2.274,0.000,0.000,24776244,96,2.083,6.415,0.000,0.000,18
GPU ROAM-like,RelWithDebInfo,OpenGL,NVIDIA GeForce RTX 5090 D/PCIe/SSE2,4.3.0 NVIDIA 591.86,false,assets/heightmaps/Hm_Terrain_Test_129.pgm,129,129,39.400,12.000,20,4.000,2.000,200000,6.775,0.000,18.000,4.826,31.428,44764,221848,44762,316,158,522,205,0,0,0,0,8,101.932,31.646,17.388,1.488,6.396,0.488,0.000,0.000,1.631,0.473,0.892,0.000,6.019,3.773,0.019,0.013,0.006,0.012,0.003,0.005,0.008,0.027,0.093,5.103,2.117,0.278,0.004,1.970,0.000,0.000,24847028,96,2.104,6.885,0.000,0.000,18
GPU ROAM-like,RelWithDebInfo,OpenGL,NVIDIA GeForce RTX 5090 D/PCIe/SSE2,4.3.0 NVIDIA 591.86,false,assets/heightmaps/Hm_Terrain_Test_129.pgm,129,129,39.400,12.000,20,4.000,2.000,200000,6.807,0.000,18.000,4.743,32.159,44635,222460,44633,308,155,437,192,0,0,0,0,8,104.579,30.871,16.478,1.480,6.442,0.447,0.000,0.000,1.580,0.431,0.846,0.000,5.253,3.798,0.020,0.012,0.006,0.012,0.005,0.004,0.008,0.028,0.095,5.052,2.099,0.377,0.005,2.045,0.000,0.000,24915572,96,2.011,6.889,0.000,0.000,18
GPU ROAM-like,RelWithDebInfo,OpenGL,NVIDIA GeForce RTX 5090 D/PCIe/SSE2,4.3.0 NVIDIA 591.86,false,assets/heightmaps/Hm_Terrain_Test_129.pgm,129,129,39.400,12.000,20,4.000,2.000,200000,6.838,0.000,18.000,4.662,31.469,44513,223108,44511,334,172,456,196,0,0,0,0,8,103.726,31.101,16.655,1.490,6.214,0.534,0.000,0.000,1.544,0.467,0.846,0.000,5.558,3.946,0.021,0.010,0.006,0.009,0.003,0.004,0.009,0.028,0.090,5.017,2.232,0.291,0.004,1.959,0.000,0.000,24988148,96,2.011,6.748,0.000,0.000,18
GPU ROAM-like,RelWithDebInfo,OpenGL,NVIDIA GeForce RTX 5090 D/PCIe/SSE2,4.3.0 NVIDIA 591.86,false,assets/heightmaps/Hm_Terrain_Test_129.pgm,129,129,39.400,12.000,20,4.000,2.000,200000,6.870,0.000,18.000,4.582,31.619,44449,223796,44447,344,172,408,213,0,0,0,0,8,106.876,30.107,16.113,1.497,6.307,0.419,0.000,0.000,1.341,0.492,0.925,0.000,5.131,3.787,0.017,0.014,0.007,0.014,0.005,0.004,0.009,0.029,0.098,5.041,2.022,0.273,0.005,1.976,0.000,0.000,25065204,96,1.834,6.726,0.000,0.000,18
GPU ROAM-like,RelWithDebInfo,OpenGL,NVIDIA GeForce RTX 5090 D/PCIe/SSE2,4.3.0 NVIDIA 591.86,false,assets/heightmaps/Hm_Terrain_Test_129.pgm,129,129,39.400,12.000,20,4.000,2.000,200000,6.901,0.000,18.000,4.504,30.767,44344,224504,44342,354,177,459,221,0,0,0,0,8,107.891,29.969,15.445,1.352,5.790,0.477,0.000,0.000,1.557,0.505,0.841,0.000,4.922,3.954,0.020,0.011,0.006,0.015,0.004,0.004,0.009,0.028,0.098,5.046,2.117,0.380,0.005,1.990,0.000,0.000,25144500,96,2.062,6.267,0.000,0.000,18
GPU ROAM-like,RelWithDebInfo,OpenGL,NVIDIA GeForce RTX 5090 D/PCIe/SSE2,4.3.0 NVIDIA 591.86,false,assets/heightmaps/Hm_Terrain_Test_129.pgm,129,129,39.400,12.000,20,4.000,2.000,200000,6.931,0.000,18.000,4.427,30.493,44254,225120,44252,308,154,398,190,0,0,0,0,8,105.534,30.497,16.213,1.665,6.214,0.444,0.000,0.000,1.497,0.440,0.834,0.000,5.118,3.803,0.015,0.013,0.006,0.017,0.005,0.004,0.009,0.027,0.096,5.041,2.107,0.287,0.005,2.133,0.000,0.000,25213492,96,1.937,6.659,0.000,0.000,18
GPU ROAM-like,RelWithDebInfo,OpenGL,NVIDIA GeForce RTX 5090 D/PCIe/SSE2,4.3.0 NVIDIA 591.86,false,assets/heightmaps/Hm_Terrain_Test_129.pgm,129,129,39.400,12.000,20,4.000,2.000,200000,6.962,0.000,18.000,4.349,31.080,44144,225780,44142,330,165,440,210,0,0,0,0,8,107.827,29.868,15.467,1.372,5.823,0.448,0.000,0.000,1.668,0.459,0.840,0.000,4.857,3.916,0.021,0.014,0.006,0.013,0.005,0.004,0.009,0.027,0.099,5.259,2.030,0.264,0.005,2.017,0.000,0.000,25287412,96,2.127,6.272,0.000,0.000,18
GPU ROAM-like,RelWithDebInfo,OpenGL,NVIDIA GeForce RTX 5090 D/PCIe/SSE2,4.3.0 NVIDIA 591.86,false,assets/heightmaps/Hm_Terrain_Test_129.pgm,129,129,39.400,12.000,20,4.000,2.000,200000,6.993,0.000,18.000,4.273,30.442,44019,226344,44017,282,141,407,171,0,0,0,0,8,105.776,30.405,15.656,1.432,6.129,0.417,0.000,0.000,1.158,0.414,0.835,0.000,5.271,3.861,0.020,0.014,0.006,0.018,0.003,0.004,0.009,0.027,0.101,5.362,2.174,0.299,0.005,2.162,0.000,0.000,25350580,96,1.572,6.546,0.000,0.000,18
GPU ROAM-like,RelWithDebInfo,OpenGL,NVIDIA GeForce RTX 5090 D/PCIe/SSE2,4.3.0 NVIDIA 591.86,false,assets/heightmaps/Hm_Terrain_Test_129.pgm,129,129,39.400,12.000,20,4.000,2.000,200000,7.024,0.000,18.000,4.197,30.890,43836,226952,43834,306,154,489,188,0,0,0,0,8,101.977,31.481,16.804,1.466,6.143,0.497,0.000,0.000,1.466,0.439,0.868,0.000,5.923,3.829,0.015,0.012,0.006,0.015,0.003,0.004,0.008,0.026,0.090,5.290,2.240,0.287,0.004,2.168,0.000,0.000,25418676,96,1.905,6.641,0.000,0.000,18
GPU ROAM-like,RelWithDebInfo,OpenGL,NVIDIA GeForce RTX 5090 D/PCIe/SSE2,4.3.0 NVIDIA 591.86,false,assets/heightmaps/Hm_Terrain_Test_129.pgm,129,129,39.400,12.000,20,4.000,2.000,200000,7.056,0.000,18.000,4.118,31.972,43660,227528,43658,292,148,468,170,0,0,0,0,8,100.894,31.938,17.437,1.453,6.237,0.499,0.000,0.000,1.731,0.425,0.899,0.000,6.194,3.914,0.021,0.014,0.006,0.014,0.005,0.005,0.009,0.026,0.099,5.219,2.110,0.289,0.005,1.976,0.000,0.000,25483188,96,2.156,6.736,0.000,0.000,18
GPU ROAM-like,RelWithDebInfo,OpenGL,NVIDIA GeForce RTX 5090 D/PCIe/SSE2,4.3.0 NVIDIA 591.86,false,assets/heightmaps/Hm_Terrain_Test_129.pgm,129,129,39.400,12.000,20,4.000,2.000,200000,7.088,0.000,18.000,4.038,32.511,43519,228128,43517,300,150,441,192,0,0,0,0,8,51.840,31.119,16.380,1.367,6.064,0.469,0.000,0.000,1.594,0.444,0.842,0.000,5.601,4.028,0.015,0.011,0.006,0.013,0.005,0.004,0.008,0.024,0.087,5.279,2.138,0.308,0.005,1.978,0.000,0.000,25550388,96,2.037,6.533,0.000,0.000,18
GPU ROAM-like,RelWithDebInfo,OpenGL,NVIDIA GeForce RTX 5090 D/PCIe/SSE2,4.3.0 NVIDIA 591.86,false,assets/heightmaps/Hm_Terrain_Test_129.pgm,129,129,39.400,12.000,20,4.000,2.000,200000,7.120,0.000,18.000,3.961,31.606,43407,228724,43405,298,149,410,185,0,0,0,0,8,53.244,30.221,16.009,1.341,6.160,0.444,0.000,0.000,1.152,0.420,0.830,0.000,5.661,3.970,0.020,0.014,0.006,0.017,0.003,0.004,0.009,0.025,0.097,5.170,2.034,0.278,0.005,1.857,0.000,0.000,25617140,96,1.572,6.604,0.000,0.000,18
GPU ROAM-like,RelWithDebInfo,OpenGL,NVIDIA GeForce RTX 5090 D/PCIe/SSE2,4.3.0 NVIDIA 591.86,false,assets/heightmaps/Hm_Terrain_Test_129.pgm,129,129,39.400,12.000,20,4.000,2.000,200000,7.151,0.000,18.000,3.886,31.073,43214,229252,43212,264,132,457,157,0,0,0,0,8,56.028,28.791,14.788,1.219,5.285,0.506,0.000,0.000,1.426,0.373,0.805,0.000,5.174,3.981,0.021,0.013,0.006,0.013,0.003,0.004,0.009,0.025,0.095,5.393,1.058,0.073,0.006,2.565,0.000,0.000,25676276,96,1.799,5.791,0.000,0.000,18
GPU ROAM-like,RelWithDebInfo,OpenGL,NVIDIA GeForce RTX 5090 D/PCIe/SSE2,4.3.0 NVIDIA 591.86,false,assets/heightmaps/Hm_Terrain_Test_129.pgm,129,129,39.400,12.000,20,4.000,2.000,200000,7.180,0.000,18.000,3.816,29.336,43056,229804,43054,276,138,434,163,0,0,0,0,8,55.917,28.868,15.045,1.361,6.193,0.426,0.000,0.000,1.038,0.396,0.804,0.000,4.828,3.693,0.015,0.013,0.006,0.013,0.003,0.004,0.009,0.023,0.086,5.429,1.077,0.071,0.011,2.594,0.000,0.000,25738100,96,1.433,6.618,0.000,0.000,18
GPU ROAM-like,RelWithDebInfo,OpenGL,NVIDIA GeForce RTX 5090 D/PCIe/SSE2,4.3.0 NVIDIA 591.86,false,assets/heightmaps/Hm_Terrain_Test_129.pgm,129,129,39.400,12.000,20,4.000,2.000,200000,7.210,0.000,18.000,3.746,29.437,42958,230288,42956,242,121,340,144,0,0,0,0,8,107.414,30.014,15.747,1.595,5.916,0.370,0.000,0.000,1.502,0.356,0.830,0.000,5.178,4.067,0.022,0.013,0.006,0.013,0.003,0.004,0.009,0.025,0.094,5.415,1.708,0.070,0.004,2.061,0.000,0.000,25792308,96,1.858,6.286,0.000,0.000,18
GPU ROAM-like,RelWithDebInfo,OpenGL,NVIDIA GeForce RTX 5090 D/PCIe/SSE2,4.3.0 NVIDIA 591.86,false,assets/heightmaps/Hm_Terrain_Test_129.pgm,129,129,39.400,12.000,20,4.000,2.000,200000,7.240,0.000,18.000,3.673,30.566,42800,230812,42798,262,131,420,154,0,0,0,0,8,106.194,30.366,16.122,1.460,6.027,0.482,0.000,0.000,1.551,0.392,0.869,0.000,5.342,3.928,0.013,0.014,0.006,0.016,0.003,0.004,0.009,0.024,0.089,5.457,1.702,0.073,0.004,2.118,0.000,0.000,25850996,96,1.942,6.509,0.000,0.000,18
GPU ROAM-like,RelWithDebInfo,OpenGL,NVIDIA GeForce RTX 5090 D/PCIe/SSE2,4.3.0 NVIDIA 591.86,false,assets/heightmaps/Hm_Terrain_Test_129.pgm,129,129,39.400,12.000,20,4.000,2.000,200000,7.271,0.000,18.000,3.601,30.908,42624,231288,42622,250,131,426,148,0,0,0,0,8,108.670,29.747,15.500,1.400,5.811,0.481,0.000,0.000,1.389,0.369,0.821,0.000,5.229,3.908,0.015,0.014,0.006,0.010,0.003,0.004,0.009,0.024,0.086,5.304,1.716,0.071,0.005,2.230,0.000,0.000,25904308,96,1.758,6.292,0.000,0.000,18
GPU ROAM-like,RelWithDebInfo,OpenGL,NVIDIA GeForce RTX 5090 D/PCIe/SSE2,4.3.0 NVIDIA 591.86,false,assets/heightmaps/Hm_Terrain_Test_129.pgm,129,129,39.400,12.000,20,4.000,2.000,200000,7.301,0.000,18.000,3.530,30.258,42511,231808,42509,260,130,373,154,0,0,0,0,8,109.984,29.417,15.330,1.406,5.503,0.408,0.000,0.000,1.418,0.379,0.836,0.000,5.379,3.873,0.024,0.017,0.006,0.013,0.003,0.004,0.009,0.024,0.100,5.281,1.692,0.074,0.005,2.135,0.000,0.000,25962548,96,1.797,5.911,0.000,0.000,18
GPU ROAM-like,RelWithDebInfo,OpenGL,NVIDIA GeForce RTX 5090 D/PCIe/SSE2,4.3.0 NVIDIA 591.86,false,assets/heightmaps/Hm_Terrain_Test_129.pgm,129,129,39.400,12.000,20,4.000,2.000,200000,7.331,0.000,18.000,3.460,29.940,42351,232348,42349,282,147,442,159,0,0,0,0,8,109.866,29.367,15.197,1.287,5.790,0.475,0.000,0.000,1.467,0.379,0.800,0.000,5.000,3.889,0.018,0.008,0.005,0.011,0.003,0.003,0.009,0.024,0.082,5.407,1.742,0.072,0.004,2.112,0.000,0.000,26023028,96,1.845,6.265,0.000,0.000,18
GPU ROAM-like,RelWithDebInfo,OpenGL,NVIDIA GeForce RTX 5090 D/PCIe/SSE2,4.3.0 NVIDIA 591.86,false,assets/heightmaps/Hm_Terrain_Test_129.pgm,129,129,39.400,12.000,20,4.000,2.000,200000,7.361,0.000,18.000,3.391,29.946,42255,232848,42253,250,125,346,142,0,0,0,0,8,111.146,29.069,15.074,1.271,5.797,0.395,0.000,0.000,1.073,0.369,0.872,0.000,5.298,3.951,0.023,0.011,0.007,0.010,0.003,0.003,0.009,0.024,0.089,5.342,1.602,0.074,0.004,2.046,0.000,0.000,26079028,96,1.442,6.192,0.000,0.000,18
GPU ROAM-like,RelWithDebInfo,OpenGL,NVIDIA GeForce RTX 5090 D/PCIe/SSE2,4.3.0 NVIDIA 591.86,false,assets/heightmaps/Hm_Terrain_Test_129.pgm,129,129,39.400,12.000,20,4.000,2.000,200000,7.391,0.000,18.000,3.324,29.603,42139,233412,42137,286,145,402,169,0,0,0,0,8,108.693,29.857,15.375,1.363,5.808,0.450,0.000,0.000,1.464,0.401,0.855,0.000,5.034,4.031,0.022,0.011,0.006,0.010,0.005,0.004,0.008,0.024,0.091,5.366,1.791,0.094,0.005,2.064,0.000,0.000,26142196,96,1.865,6.258,0.000,0.000,18
GPU ROAM-like,RelWithDebInfo,OpenGL,NVIDIA GeForce RTX 5090 D/PCIe/SSE2,4.3.0 NVIDIA 591.86,false,assets/heightmaps/Hm_Terrain_Test_129.pgm,129,129,39.400,12.000,20,4.000,2.000,200000,7.421,0.000,18.000,3.254,30.487,42004,233896,42002,242,121,377,144,0,0,0,0,8,113.923,28.440,14.461,1.321,5.275,0.415,0.000,0.000,1.552,0.352,0.846,0.000,4.700,4.040,0.015,0.015,0.006,0.013,0.005,0.004,0.009,0.024,0.091,5.212,1.632,0.072,0.005,1.987,0.000,0.000,26196404,96,1.905,5.690,0.000,0.000,18
GPU ROAM-like,RelWithDebInfo,OpenGL,NVIDIA GeForce RTX 5090 D/PCIe/SSE2,4.3.0 NVIDIA 591.86,false,assets/heightmaps/Hm_Terrain_Test_129.pgm,129,129,39.400,12.000,20,4.000,2.000,200000,7.450,0.000,18.000,3.189,28.943,41846,234388,41844,246,123,404,146,0,0,0,0,8,112.276,28.827,14.755,1.388,5.396,0.442,0.000,0.000,1.453,0.348,0.871,0.000,4.858,4.042,0.016,0.011,0.006,0.010,0.003,0.004,0.008,0.024,0.082,5.286,1.648,0.074,0.005,2.001,0.000,0.000,26251508,96,1.801,5.838,0.000,0.000,18
GPU ROAM-like,RelWithDebInfo,OpenGL,NVIDIA GeForce RTX 5090 D/PCIe/SSE2,4.3.0 NVIDIA 591.86,false,assets/heightmaps/Hm_Terrain_Test_129.pgm,129,129,39.400,12.000,20,4.000,2.000,200000,7.480,0.000,18.000,3.124,29.329,41676,234856,41674,242,127,412,133,0,0,0,0,8,101.392,31.798,17.242,1.526,6.485,0.493,0.000,0.000,1.362,0.379,0.904,0.000,6.092,4.030,0.017,0.007,0.006,0.009,0.003,0.003,0.008,0.024,0.076,5.380,1.701,0.118,0.004,2.322,0.000,0.000,26303924,96,1.741,6.979,0.000,0.000,18
GPU ROAM-like,RelWithDebInfo,OpenGL,NVIDIA GeForce RTX 5090 D/PCIe/SSE2,4.3.0 NVIDIA 591.86,false,assets/heightmaps/Hm_Terrain_Test_129.pgm,129,129,39.400,12.000,20,4.000,2.000,200000,7.512,0.000,18.000,3.052,32.312,41550,235360,41548,260,134,386,148,0,0,0,0,8,110.668,29.263,14.980,1.441,5.442,0.401,0.000,0.000,1.303,0.347,0.780,0.000,5.266,4.122,0.024,0.013,0.006,0.009,0.003,0.005,0.009,0.024,0.093,5.369,1.602,0.071,0.005,2.069,0.000,0.000,26360372,96,1.649,5.843,0.000,0.000,18
GPU ROAM-like,RelWithDebInfo,OpenGL,NVIDIA GeForce RTX 5090 D/PCIe/SSE2,4.3.0 NVIDIA 591.86,false,assets/heightmaps/Hm_Terrain_Test_129.pgm,129,129,39.400,12.000,20,4.000,2.000,200000,7.542,0.000,18.000,2.986,29.778,41447,235828,41445,234,117,337,143,0,0,0,0,8,112.437,28.760,14.222,1.248,5.338,0.390,0.000,0.000,1.401,0.336,0.796,0.000,4.713,4.113,0.022,0.015,0.006,0.013,0.005,0.004,0.008,0.024,0.098,5.391,1.711,0.072,0.005,2.258,0.000,0.000,26412788,96,1.737,5.727,0.000,0.000,18
GPU ROAM-like,RelWithDebInfo,OpenGL,NVIDIA GeForce RTX 5090 D/PCIe/SSE2,4.3.0 NVIDIA 591.86,false,assets/heightmaps/Hm_Terrain_Test_129.pgm,129,129,39.400,12.000,20,4.000,2.000,200000,7.571,0.000,18.000,2.922,29.361,41340,236316,41338,244,123,351,142,0,0,0,0,8,55.230,29.184,15.059,1.328,5.715,0.386,0.000,0.000,1.157,0.350,0.796,0.000,5.328,4.161,0.021,0.011,0.006,0.010,0.003,0.003,0.009,0.024,0.087,5.295,1.581,0.071,0.004,2.099,0.000,0.000,26467444,96,1.507,6.100,0.000,0.000,18
GPU ROAM-like,RelWithDebInfo,OpenGL,NVIDIA GeForce RTX 5090 D/PCIe/SSE2,4.3.0 NVIDIA 591.86,false,assets/heightmaps/Hm_Terrain_Test_129.pgm,129,129,39.400,12.000,20,4.000,2.000,200000,7.601,0.000,18.000,2.858,29.662,41220,236840,41218,262,132,382,148,0,0,0,0,8,56.448,28.621,14.105,1.183,5.143,0.421,0.000,0.000,1.442,0.353,0.773,0.000,4.790,4.004,0.013,0.015,0.006,0.014,0.005,0.004,0.009,0.023,0.088,5.524,1.749,0.074,0.005,2.197,0.000,0.000,26526132,96,1.795,5.563,0.000,0.000,18
GPU ROAM-like,RelWithDebInfo,OpenGL,NVIDIA GeForce RTX 5090 D/PCIe/SSE2,4.3.0 NVIDIA 591.86,false,assets/heightmaps/Hm_Terrain_Test_129.pgm,129,129,39.400,12.000,20,4.000,2.000,200000,7.630,0.000,18.000,2.795,29.198,41161,237360,41159,260,130,319,152,0,0,0,0,8,110.516,29.335,14.798,1.421,5.860,0.369,0.000,0.000,1.111,0.375,0.795,0.000,4.868,3.953,0.019,0.009,0.006,0.009,0.005,0.003,0.008,0.023,0.082,5.668,1.519,0.073,0.004,2.241,0.000,0.000,26584372,96,1.486,6.229,0.000,0.000,18
GPU ROAM-like,RelWithDebInfo,OpenGL,NVIDIA GeForce RTX 5090 D/PCIe/SSE2,4.3.0 NVIDIA 591.86,false,assets/heightmaps/Hm_Terrain_Test_129.pgm,129,129,39.400,12.000,20,4.000,2.000,200000,7.660,0.000,18.000,2.732,29.818,41049,237836,41047,240,121,352,143,0,0,0,0,8,218.478,29.566,15.190,1.375,5.745,0.410,0.000,0.000,1.487,0.349,0.854,0.000,4.971,4.326,0.024,0.010,0.007,0.009,0.003,0.003,0.008,0.024,0.088,5.485,1.518,0.072,0.005,1.988,0.000,0.000,26637684,96,1.835,6.155,0.000,0.000,18
GPU ROAM-like,RelWithDebInfo,OpenGL,NVIDIA GeForce RTX 5090 D/PCIe/SSE2,4.3.0 NVIDIA 591.86,false,assets/heightmaps/Hm_Terrain_Test_129.pgm,129,129,39.400,12.000,20,4.000,2.000,200000,7.690,0.000,18.000,2.668,30.136,40969,238356,40967,264,134,344,162,0,0,0,0,8,112.547,28.713,14.078,1.270,5.185,0.425,0.000,0.000,1.092,0.379,0.825,0.000,4.902,4.097,0.014,0.010,0.006,0.010,0.005,0.005,0.009,0.024,0.082,5.544,1.735,0.074,0.004,2.212,0.000,0.000,26695924,96,1.472,5.610,0.000,0.000,18
GPU ROAM-like,RelWithDebInfo,OpenGL,NVIDIA GeForce RTX 5090 D/PCIe/SSE2,4.3.0 NVIDIA 591.86,false,assets/heightmaps/Hm_Terrain_Test_129.pgm,129,129,39.400,12.000,20,4.000,2.000,200000,7.719,0.000,18.000,2.607,29.264,40873,238820,40871,232,116,328,148,0,0,0,0,8,110.435,29.238,14.650,1.315,5.408,0.351,0.000,0.000,1.520,0.339,0.780,0.000,4.938,4.195,0.020,0.015,0.006,0.014,0.005,0.005,0.009,0.024,0.097,5.535,1.657,0.073,0.004,2.160,0.000,0.000,26747892,96,1.858,5.759,0.000,0.000,18
GPU ROAM-like,RelWithDebInfo,OpenGL,NVIDIA GeForce RTX 5090 D/PCIe/SSE2,4.3.0 NVIDIA 591.86,false,assets/heightmaps/Hm_Terrain_Test_129.pgm,129,129,39.400,12.000,20,4.000,2.000,200000,7.749,0.000,18.000,2.545,29.826,40721,239248,40719,214,107,366,132,0,0,0,0,8,111.492,28.968,14.497,1.308,5.241,0.402,0.000,0.000,1.378,0.316,0.773,0.000,5.080,4.249,0.023,0.010,0.006,0.009,0.003,0.004,0.008,0.023,0.088,5.501,1.595,0.074,0.005,2.087,0.000,0.000,26795828,96,1.694,5.643,0.000,0.000,18
GPU ROAM-like,RelWithDebInfo,OpenGL,NVIDIA GeForce RTX 5090 D/PCIe/SSE2,4.3.0 NVIDIA 591.86,false,assets/heightmaps/Hm_Terrain_Test_129.pgm,129,129,39.400,12.000,20,4.000,2.000,200000,7.778,0.000,18.000,2.485,29.545,40685,239764,40683,258,129,294,163,0,0,0,0,8,377.367,29.951,15.462,1.447,5.628,0.327,0.000,0.000,1.594,0.374,0.779,0.000,5.314,4.130,0.020,0.014,0.005,0.012,0.005,0.005,0.009,0.023,0.092,5.466,1.598,0.072,0.005,2.227,0.000,0.000,26853620,96,1.967,5.956,0.000,0.000,18
GPU ROAM-like,RelWithDebInfo,OpenGL,NVIDIA GeForce RTX 5090 D/PCIe/SSE2,4.3.0 NVIDIA 591.86,false,assets/heightmaps/Hm_Terrain_Test_129.pgm,129,129,39.400,12.000,20,4.000,2.000,200000,7.809,0.000,18.000,2.422,30.895,40533,240300,40531,268,134,420,163,0,0,0,0,8,208.003,31.005,15.273,1.290,5.773,0.444,0.000,0.000,1.408,0.382,0.798,0.000,5.177,5.219,0.020,0.013,0.006,0.011,0.005,0.004,0.008,0.024,0.091,5.594,1.197,0.072,0.005,2.668,0.000,0.000,26913652,96,1.791,6.218,0.000,0.000,18
GPU ROAM-like,RelWithDebInfo,OpenGL,NVIDIA GeForce RTX 5090 D/PCIe/SSE2,4.3.0 NVIDIA 591.86,false,assets/heightmaps/Hm_Terrain_Test_129.pgm,129,129,39.400,12.000,20,4.000,2.000,200000,7.841,0.000,18.000,2.358,31.563,40465,240736,40463,218,109,286,138,0,0,0,0,8,327.578,29.584,14.820,1.394,5.627,0.314,0.000,0.000,1.525,0.320,0.802,0.000,4.838,4.123,0.024,0.014,0.006,0.013,0.005,0.005,0.009,0.023,0.098,5.480,1.716,0.075,0.005,2.378,0.000,0.000,26962484,96,1.845,5.941,0.000,0.000,18
GPU ROAM-like,RelWithDebInfo,OpenGL,NVIDIA GeForce RTX 5090 D/PCIe/SSE2,4.3.0 NVIDIA 591.86,false,assets/heightmaps/Hm_Terrain_Test_129.pgm,129,129,39.400,12.000,20,4.000,2.000,200000,7.871,0.000,18.000,2.299,30.123,40372,241228,40370,248,125,341,158,0,0,0,0,8,108.371,29.984,15.256,1.332,5.934,0.366,0.000,0.000,1.352,0.351,0.773,0.000,5.149,4.065,0.014,0.011,0.006,0.010,0.005,0.004,0.008,0.023,0.081,5.473,1.794,0.094,0.005,2.121,0.000,0.000,27017588,96,1.702,6.300,0.000,0.000,18
GPU ROAM-like,RelWithDebInfo,OpenGL,NVIDIA GeForce RTX 5090 D/PCIe/SSE2,4.3.0 NVIDIA 591.86,false,assets/heightmaps/Hm_Terrain_Test_129.pgm,129,129,39.400,12.000,20,4.000,2.000,200000,7.902,0.000,18.000,2.238,30.526,40249,241724,40247,248,124,371,158,0,0,0,0,8,54.404,29.736,15.075,1.164,5.703,0.398,0.000,0.000,1.625,0.355,0.769,0.000,5.061,4.198,0.013,0.013,0.006,0.014,0.004,0.004,0.009,0.023,0.088,5.414,1.694,0.070,0.005,2.245,0.000,0.000,27073140,96,1.980,6.101,0.000,0.000,18
GPU ROAM-like,RelWithDebInfo,OpenGL,NVIDIA GeForce RTX 5090 D/PCIe/SSE2,4.3.0 NVIDIA 591.86,false,assets/heightmaps/Hm_Terrain_Test_129.pgm,129,129,39.400,12.000,20,4.000,2.000,200000,7.932,0.000,18.000,2.179,30.260,40224,242228,40222,252,127,277,168,0,0,0,0,8,56.783,28.494,13.586,0.988,5.387,0.306,0.000,0.000,1.371,0.349,0.772,0.000,4.412,4.132,0.014,0.012,0.006,0.011,0.005,0.004,0.009,0.023,0.084,5.731,1.668,0.072,0.005,2.301,0.000,0.000,27129588,96,1.720,5.693,0.000,0.000,18
GPU ROAM-like,RelWithDebInfo,OpenGL,NVIDIA GeForce RTX 5090 D/PCIe/SSE2,4.3.0 NVIDIA 591.86,false,assets/heightmaps/Hm_Terrain_Test_129.pgm,129,129,39.400,12.000,20,4.000,2.000,200000,7.961,0.000,18.000,2.123,29.027,40132,242692,40130,232,117,324,137,0,0,0,0,8,54.702,29.661,14.690,1.224,5.537,0.349,0.000,0.000,1.579,0.335,0.752,0.000,4.913,4.222,0.019,0.009,0.006,0.009,0.003,0.003,0.008,0.023,0.080,5.587,1.834,0.074,0.006,2.129,0.000,0.000,27181556,96,1.914,5.885,0.000,0.000,18
GPU ROAM-like,RelWithDebInfo,OpenGL,NVIDIA GeForce RTX 5090 D/PCIe/SSE2,4.3.0 NVIDIA 591.86,false,assets/heightmaps/Hm_Terrain_Test_129.pgm,129,129,39.400,12.000,20,4.000,2.000,200000,7.991,0.000,18.000,2.066,30.159,40046,243148,40044,228,114,314,146,0,0,0,0,8,55.115,29.340,14.289,1.288,5.547,0.367,0.000,0.000,1.273,0.314,0.777,0.000,4.722,4.108,0.020,0.013,0.006,0.012,0.005,0.004,0.009,0.023,0.091,6.021,1.681,0.071,0.004,2.155,0.000,0.000,27232628,96,1.587,5.915,0.000,0.000,18
GPU ROAM-like,RelWithDebInfo,OpenGL,NVIDIA GeForce RTX 5090 D/PCIe/SSE2,4.3.0 NVIDIA 591.86,false,assets/heightmaps/Hm_Terrain_Test_129.pgm,129,129,39.400,12.000,20,4.000,2.000,200000,8.021,0.000,18.000,2.009,29.864,39964,243596,39962,224,112,306,137,0,0,0,0,8,110.691,29.323,14.265,1.278,5.219,0.338,0.000,0.000,1.359,0.321,0.782,0.000,4.969,4.163,0.016,0.007,0.006,0.009,0.005,0.003,0.009,0.023,0.078,5.633,1.823,0.072,0.005,2.247,0.000,0.000,27282804,96,1.681,5.556,0.000,0.000,18
GPU ROAM-like,RelWithDebInfo,OpenGL,NVIDIA GeForce RTX 5090 D/PCIe/SSE2,4.3.0 NVIDIA 591.86,false,assets/heightmaps/Hm_Terrain_Test_129.pgm,129,129,39.400,12.000,20,4.000,2.000,200000,8.051,0.000,18.000,1.954,29.806,39916,244068,39914,246,128,294,147,0,0,0,0,8,488.252,29.785,14.802,1.301,5.667,0.387,0.000,0.000,1.529,0.347,0.760,0.000,4.811,4.156,0.009,0.011,0.006,0.011,0.005,0.004,0.009,0.024,0.079,5.755,1.758,0.074,0.005,2.226,0.000,0.000,27335668,96,1.876,6.054,0.000,0.000,18
GPU ROAM-like,RelWithDebInfo,OpenGL,NVIDIA GeForce RTX 5090 D/PCIe/SSE2,4.3.0 NVIDIA 591.86,false,assets/heightmaps/Hm_Terrain_Test_129.pgm,129,129,39.400,12.000,20,4.000,2.000,200000,8.081,0.000,18.000,1.898,30.358,39918,244616,39916,282,146,280,183,0,0,0,0,8,110.315,29.187,14.461,1.331,5.310,0.309,0.000,0.000,1.359,0.388,0.748,0.000,5.016,4.112,0.019,0.009,0.006,0.009,0.003,0.003,0.009,0.023,0.080,5.682,1.721,0.070,0.005,2.254,0.000,0.000,27397044,96,1.747,5.619,0.000,0.000,18
GPU ROAM-like,RelWithDebInfo,OpenGL,NVIDIA GeForce RTX 5090 D/PCIe/SSE2,4.3.0 NVIDIA 591.86,false,assets/heightmaps/Hm_Terrain_Test_129.pgm,129,129,39.400,12.000,20,4.000,2.000,200000,8.111,0.000,18.000,1.844,29.663,39842,245084,39840,234,118,310,129,0,0,0,0,8,105.561,30.437,15.573,1.161,5.516,0.370,0.000,0.000,1.406,0.366,0.893,0.000,5.861,4.295,0.014,0.008,0.006,0.010,0.003,0.003,0.008,0.023,0.075,5.780,1.674,0.073,0.005,2.177,0.000,0.000,27449460,96,1.772,5.886,0.000,0.000,18
GPU ROAM-like,RelWithDebInfo,OpenGL,NVIDIA GeForce RTX 5090 D/PCIe/SSE2,4.3.0 NVIDIA 591.86,false,assets/heightmaps/Hm_Terrain_Test_129.pgm,129,129,39.400,12.000,20,4.000,2.000,200000,8.142,0.000,18.000,1.788,30.915,39723,245556,39721,236,118,355,143,0,0,0,0,8,106.973,30.196,14.814,1.191,5.467,0.401,0.000,0.000,1.059,0.361,0.801,0.000,5.535,4.191,0.017,0.007,0.006,0.009,0.003,0.003,0.009,0.022,0.076,5.807,2.004,0.073,0.004,2.295,0.000,0.000,27502324,96,1.420,5.868,0.000,0.000,18
GPU ROAM-like,RelWithDebInfo,OpenGL,NVIDIA GeForce RTX 5090 D/PCIe/SSE2,4.3.0 NVIDIA 591.86,false,assets/heightmaps/Hm_Terrain_Test_129.pgm,129,129,39.400,12.000,20,4.000,2.000,200000,8.172,0.000,18.000,1.734,30.736,39712,246084,39710,296,164,307,158,0,0,0,0,8,107.623,30.057,14.824,1.148,5.285,0.338,0.000,0.000,1.403,0.395,0.793,0.000,5.462,4.334,0.014,0.013,0.006,0.010,0.006,0.005,0.009,0.023,0.085,5.728,1.660,0.072,0.005,2.392,0.000,0.000,27561460,96,1.799,5.623,0.000,0.000,18
GPU ROAM-like,RelWithDebInfo,OpenGL,NVIDIA GeForce RTX 5090 D/PCIe/SSE2,4.3.0 NVIDIA 591.86,false,assets/heightmaps/Hm_Terrain_Test_129.pgm,129,129,39.400,12.000,20,4.000,2.000,200000,8.203,0.000,18.000,1.680,30.586,39623,246580,39621,250,126,339,151,0,0,0,0,8,108.337,29.835,14.888,1.256,5.222,0.391,0.000,0.000,1.553,0.371,0.787,0.000,5.308,4.264,0.019,0.010,0.006,0.010,0.003,0.003,0.009,0.023,0.082,5.667,1.793,0.074,0.006,2.129,0.000,0.000,27617012,96,1.924,5.613,0.000,0.000,18
GPU ROAM-like,RelWithDebInfo,OpenGL,NVIDIA GeForce RTX 5090 D/PCIe/SSE2,4.3.0 NVIDIA 591.86,false,assets/heightmaps/Hm_Terrain_Test_129.pgm,129,129,39.400,12.000,20,4.000,2.000,200000,8.233,0.000,18.000,1.627,30.390,39646,247068,39644,244,122,221,148,0,0,0,0,8,491.141,29.598,14.862,1.231,5.171,0.253,0.000,0.000,1.451,0.361,0.785,0.000,5.610,4.415,0.019,0.012,0.006,0.010,0.005,0.004,0.009,0.023,0.087,5.556,1.645,0.072,0.005,2.059,0.000,0.000,27671668,96,1.812,5.424,0.000,0.000,18
GPU ROAM-like,RelWithDebInfo,OpenGL,NVIDIA GeForce RTX 5090 D/PCIe/SSE2,4.3.0 NVIDIA 591.86,false,assets/heightmaps/Hm_Terrain_Test_129.pgm,129,129,39.400,12.000,20,4.000,2.000,200000,8.263,0.000,18.000,1.576,30.158,39574,247504,39572,218,109,290,131,0,0,0,0,8,399.875,28.338,13.533,0.892,5.380,0.307,0.000,0.000,1.274,0.314,0.743,0.000,4.623,4.423,0.020,0.010,0.006,0.014,0.005,0.004,0.009,0.024,0.092,5.669,1.798,0.073,0.006,1.829,0.000,0.000,27720500,96,1.588,5.687,0.000,0.000,18
GPU ROAM-like,RelWithDebInfo,OpenGL,NVIDIA GeForce RTX 5090 D/PCIe/SSE2,4.3.0 NVIDIA 591.86,false,assets/heightmaps/Hm_Terrain_Test_129.pgm,129,129,39.400,12.000,20,4.000,2.000,200000,8.292,0.000,18.000,1.527,28.874,39444,247912,39442,204,102,334,118,0,0,0,0,8,115.128,28.172,12.969,1.157,4.694,0.342,0.000,0.000,1.064,0.304,0.799,0.000,4.610,4.227,0.020,0.013,0.006,0.010,0.004,0.004,0.009,0.023,0.090,5.772,1.713,0.072,0.005,2.365,0.000,0.000,27766196,96,1.367,5.036,0.000,0.000,18
GPU ROAM-like,RelWithDebInfo,OpenGL,NVIDIA GeForce RTX 5090 D/PCIe/SSE2,4.3.0 NVIDIA 591.86,false,assets/heightmaps/Hm_Terrain_Test_129.pgm,129,129,39.400,12.000,20,4.000,2.000,200000,8.321,0.000,18.000,1.479,28.785,39384,248328,39382,208,104,268,134,0,0,0,0,8,54.849,29.507,14.421,1.307,5.280,0.295,0.000,0.000,1.331,0.299,0.757,0.000,5.152,4.311,0.014,0.013,0.006,0.015,0.007,0.005,0.010,0.023,0.092,5.683,1.782,0.073,0.004,2.191,0.000,0.000,27812788,96,1.630,5.575,0.000,0.000,18
GPU ROAM-like,RelWithDebInfo,OpenGL,NVIDIA GeForce RTX 5090 D/PCIe/SSE2,4.3.0 NVIDIA 591.86,false,assets/heightmaps/Hm_Terrain_Test_129.pgm,129,129,39.400,12.000,20,4.000,2.000,200000,8.351,0.000,18.000,1.430,30.060,39372,248772,39370,234,123,246,140,0,0,0,0,8,55.871,29.042,14.125,1.198,5.237,0.278,0.000,0.000,1.349,0.322,0.751,0.000,4.990,4.338,0.011,0.014,0.006,0.014,0.005,0.005,0.009,0.023,0.086,5.599,1.646,0.073,0.004,2.160,0.000,0.000,27862516,96,1.671,5.515,0.000,0.000,18
GPU ROAM-like,RelWithDebInfo,OpenGL,NVIDIA GeForce RTX 5090 D/PCIe/SSE2,4.3.0 NVIDIA 591.86,false,assets/heightmaps/Hm_Terrain_Test_129.pgm,129,129,39.400,12.000,20,4.000,2.000,200000,8.381,0.000,18.000,1.382,29.515,39350,249232,39348,230,115,252,139,0,0,0,0,8,109.858,29.413,13.935,1.130,4.874,0.259,0.000,0.000,1.538,0.339,0.767,0.000,5.028,4.251,0.015,0.015,0.006,0.014,0.005,0.004,0.010,0.023,0.090,5.829,1.764,0.282,0.004,2.359,0.000,0.000,27914036,96,1.877,5.133,0.000,0.000,18
GPU ROAM-like,RelWithDebInfo,OpenGL,NVIDIA GeForce RTX 5090 D/PCIe/SSE2,4.3.0 NVIDIA 591.86,false,assets/heightmaps/Hm_Terrain_Test_129.pgm,129,129,39.400,12.000,20,4.000,2.000,200000,8.411,0.000,18.000,1.335,30.016,39340,249652,39338,214,109,224,122,0,0,0,0,8,111.521,29.050,13.714,1.262,5.135,0.263,0.000,0.000,1.388,0.313,0.752,0.000,4.602,4.279,0.023,0.012,0.006,0.011,0.005,0.005,0.009,0.022,0.093,6.030,1.662,0.073,0.004,2.239,0.000,0.000,27961076,96,1.701,5.397,0.000,0.000,18
GPU ROAM-like,RelWithDebInfo,OpenGL,NVIDIA GeForce RTX 5090 D/PCIe/SSE2,4.3.0 NVIDIA 591.86,false,assets/heightmaps/Hm_Terrain_Test_129.pgm,129,129,39.400,12.000,20,4.000,2.000,200000,8.440,0.000,18.000,1.288,29.574,39307,250064,39305,206,103,239,116,0,0,0,0,8,111.611,29.006,13.664,1.232,4.972,0.269,0.000,0.000,1.290,0.301,0.832,0.000,4.768,4.265,0.023,0.015,0.006,0.013,0.004,0.004,0.009,0.023,0.098,5.815,1.863,0.071,0.004,2.294,0.000,0.000,28007220,96,1.591,5.241,0.000,0.000,18
GPU ROAM-like,RelWithDebInfo,OpenGL,NVIDIA GeForce RTX 5090 D/PCIe/SSE2,4.3.0 NVIDIA 591.86,false,assets/heightmaps/Hm_Terrain_Test_129.pgm,129,129,39.400,12.000,20,4.000,2.000,200000,8.470,0.000,18.000,1.243,29.550,39261,250440,39259,188,94,234,109,0,0,0,0,8,111.131,29.114,13.810,1.295,5.173,0.285,0.000,0.000,1.033,0.287,0.803,0.000,4.932,4.441,0.011,0.013,0.006,0.013,0.005,0.005,0.010,0.022,0.085,5.859,1.675,0.070,0.005,2.240,0.000,0.000,28049332,96,1.321,5.459,0.000,0.000,18
GPU ROAM-like,RelWithDebInfo,OpenGL,NVIDIA GeForce RTX 5090 D/PCIe/SSE2,4.3.0 NVIDIA 591.86,false,assets/heightmaps/Hm_Terrain_Test_129.pgm,129,129,39.400,12.000,20,4.000,2.000,200000,8.500,0.000,18.000,1.197,30.075,39195,250860,39193,210,105,276,124,0,0,0,0,8,111.042,29.133,13.710,1.222,4.776,0.318,0.000,0.000,1.236,0.318,0.800,0.000,5.040,4.364,0.021,0.014,0.006,0.016,0.005,0.004,0.009,0.022,0.097,5.952,1.269,0.071,0.005,2.750,0.000,0.000,28096372,96,1.554,5.094,0.000,0.000,18
GPU ROAM-like,RelWithDebInfo,OpenGL,NVIDIA GeForce RTX 5090 D/PCIe/SSE2,4.3.0 NVIDIA 591.86,false,assets/heightmaps/Hm_Terrain_Test_129.pgm,129,129,39.400,12.000,20,4.000,2.000,200000,8.530,0.000,18.000,1.153,29.691,39143,251240,39141,192,97,244,119,0,0,0,0,8,505.120,28.769,13.465,1.156,5.383,0.282,0.000,0.000,1.086,0.280,0.803,0.000,4.474,4.274,0.022,0.013,0.006,0.010,0.004,0.004,0.009,0.022,0.091,5.905,1.832,0.072,0.004,2.265,0.000,0.000,28138932,96,1.366,5.665,0.000,0.000,18
GPU ROAM-like,RelWithDebInfo,OpenGL,NVIDIA GeForce RTX 5090 D/PCIe/SSE2,4.3.0 NVIDIA 591.86,false,assets/heightmaps/Hm_Terrain_Test_129.pgm,129,129,39.400,12.000,20,4.000,2.000,200000,8.559,0.000,18.000,1.110,29.246,39123,251664,39121,212,106,232,131,0,0,0,0,8,107.666,30.037,14.489,1.210,5.528,0.283,0.000,0.000,1.523,0.311,0.770,0.000,4.865,4.252,0.018,0.014,0.006,0.014,0.005,0.004,0.008,0.022,0.091,5.953,1.891,0.076,0.004,2.336,0.000,0.000,28186420,96,1.834,5.811,0.000,0.000,18
GPU ROAM-like,RelWithDebInfo,OpenGL,NVIDIA GeForce RTX 5090 D/PCIe/SSE2,4.3.0 NVIDIA 591.86,false,assets/heightmaps/Hm_Terrain_Test_129.pgm,129,129,39.400,12.000,20,4.000,2.000,200000,8.589,0.000,18.000,1.065,30.585,39115,252076,39113,206,103,214,126,0,0,0,0,8,54.652,29.627,14.109,1.186,5.321,0.268,0.000,0.000,1.198,0.307,0.770,0.000,5.060,4.313,0.010,0.013,0.006,0.014,0.004,0.004,0.009,0.023,0.084,5.833,1.814,0.072,0.004,2.422,0.000,0.000,28232564,96,1.505,5.589,0.000,0.000,18
GPU ROAM-like,RelWithDebInfo,OpenGL,NVIDIA GeForce RTX 5090 D/PCIe/SSE2,4.3.0 NVIDIA 591.86,false,assets/heightmaps/Hm_Terrain_Test_129.pgm,129,129,39.400,12.000,20,4.000,2.000,200000,8.620,0.000,18.000,1.022,30.166,39065,252488,39063,206,103,256,122,0,0,0,0,8,108.400,29.799,14.299,1.325,5.124,0.302,0.000,0.000,1.344,0.297,0.801,0.000,5.106,4.215,0.021,0.015,0.007,0.014,0.005,0.004,0.009,0.023,0.098,6.096,1.739,0.073,0.005,2.380,0.000,0.000,28278708,96,1.641,5.426,0.000,0.000,18
GPU ROAM-like,RelWithDebInfo,OpenGL,NVIDIA GeForce RTX 5090 D/PCIe/SSE2,4.3.0 NVIDIA 591.86,false,assets/heightmaps/Hm_Terrain_Test_129.pgm,129,129,39.400,12.000,20,4.000,2.000,200000,8.650,0.000,18.000,0.980,30.292,38986,252816,38984,164,82,243,97,0,0,0,0,8,99.456,32.491,14.609,1.257,5.532,0.263,0.000,0.000,1.333,0.252,0.753,0.000,5.218,6.390,0.011,0.011,0.006,0.011,0.005,0.004,0.009,0.022,0.079,5.834,1.709,0.073,0.004,2.777,0.000,0.000,28315444,96,1.585,5.795,0.000,0.000,18
GPU ROAM-like,RelWithDebInfo,OpenGL,NVIDIA GeForce RTX 5090 D/PCIe/SSE2,4.3.0 NVIDIA 591.86,false,assets/heightmaps/Hm_Terrain_Test_129.pgm,129,129,39.400,12.000,20,4.000,2.000,200000,8.683,0.000,18.000,0.935,32.980,38906,253228,38904,206,103,286,125,0,0,0,0,8,109.389,29.475,14.313,1.117,5.375,0.342,0.000,0.000,1.305,0.308,0.799,0.000,5.066,4.217,0.014,0.007,0.006,0.009,0.003,0.003,0.009,0.023,0.073,5.857,1.642,0.073,0.004,2.442,0.000,0.000,28361588,96,1.613,5.717,0.000,0.000,18
GPU ROAM-like,RelWithDebInfo,OpenGL,NVIDIA GeForce RTX 5090 D/PCIe/SSE2,4.3.0 NVIDIA 591.86,false,assets/heightmaps/Hm_Terrain_Test_129.pgm,129,129,39.400,12.000,20,4.000,2.000,200000,8.713,0.000,18.000,0.895,30.081,38862,253492,38860,132,66,176,72,0,0,0,0,8,55.700,28.928,13.895,1.240,5.253,0.219,0.000,0.000,1.304,0.206,0.777,0.000,4.895,4.367,0.020,0.008,0.006,0.009,0.003,0.003,0.009,0.023,0.080,5.794,1.707,0.069,0.005,2.195,0.000,0.000,28391156,96,1.510,5.472,0.000,0.000,18
GPU ROAM-like,RelWithDebInfo,OpenGL,NVIDIA GeForce RTX 5090 D/PCIe/SSE2,4.3.0 NVIDIA 591.86,false,assets/heightmaps/Hm_Terrain_Test_129.pgm,129,129,39.400,12.000,20,4.000,2.000,200000,8.743,0.000,18.000,0.856,29.538,38868,253892,38866,200,100,194,120,0,0,0,0,8,55.656,29.007,13.981,1.317,5.455,0.249,0.000,0.000,1.065,0.298,0.788,0.000,4.808,4.303,0.018,0.010,0.006,0.010,0.003,0.004,0.009,0.023,0.084,5.803,1.705,0.072,0.004,2.184,0.000,0.000,28435956,96,1.364,5.704,0.000,0.000,18
GPU ROAM-like,RelWithDebInfo,OpenGL,NVIDIA GeForce RTX 5090 D/PCIe/SSE2,4.3.0 NVIDIA 591.86,false,assets/heightmaps/Hm_Terrain_Test_129.pgm,129,129,39.400,12.000,20,4.000,2.000,200000,8.772,0.000,18.000,0.818,29.592,38812,254240,38810,174,87,230,102,0,0,0,0,8,51.569,31.360,13.121,1.117,4.693,0.273,0.000,0.000,1.199,0.259,0.785,0.000,4.796,4.459,0.016,0.009,0.006,0.009,0.005,0.003,0.009,0.022,0.079,5.848,4.575,0.070,0.004,2.200,0.000,0.000,28474932,96,1.458,4.966,0.000,0.000,18
GPU ROAM-like,RelWithDebInfo,OpenGL,NVIDIA GeForce RTX 5090 D/PCIe/SSE2,4.3.0 NVIDIA 591.86,false,assets/heightmaps/Hm_Terrain_Test_129.pgm,129,129,39.400,12.000,20,4.000,2.000,200000,8.804,0.000,18.000,0.778,31.891,38764,254588,38762,176,89,224,100,0,0,0,0,8,56.416,28.769,13.415,1.072,4.852,0.340,0.000,0.000,1.157,0.272,0.836,0.000,4.886,4.352,0.018,0.014,0.006,0.015,0.005,0.004,0.009,0.022,0.094,5.870,1.761,0.071,0.005,2.200,0.000,0.000,28513908,96,1.429,5.193,0.000,0.000,18
GPU ROAM-like,RelWithDebInfo,OpenGL,NVIDIA GeForce RTX 5090 D/PCIe/SSE2,4.3.0 NVIDIA 591.86,false,assets/heightmaps/Hm_Terrain_Test_129.pgm,129,129,39.400,12.000,20,4.000,2.000,200000,8.833,0.000,18.000,0.742,29.235,38678,254912,38676,162,81,248,101,0,0,0,0,8,112.592,28.731,13.503,1.284,4.865,0.274,0.000,0.000,1.309,0.241,0.784,0.000,4.747,4.515,0.018,0.008,0.006,0.009,0.003,0.003,0.009,0.022,0.078,5.769,1.726,0.072,0.005,2.144,0.000,0.000,28550196,96,1.549,5.139,0.000,0.000,18
GPU ROAM-like,RelWithDebInfo,OpenGL,NVIDIA GeForce RTX 5090 D/PCIe/SSE2,4.3.0 NVIDIA 591.86,false,assets/heightmaps/Hm_Terrain_Test_129.pgm,129,129,39.400,12.000,20,4.000,2.000,200000,8.863,0.000,18.000,0.707,29.308,38694,255264,38692,176,88,160,107,0,0,0,0,8,113.010,28.668,13.079,1.173,5.046,0.208,0.000,0.000,1.238,0.278,0.804,0.000,4.332,4.421,0.019,0.008,0.006,0.009,0.003,0.003,0.008,0.023,0.079,5.922,1.690,0.074,0.005,2.440,0.000,0.000,28589620,96,1.517,5.254,0.000,0.000,18
GPU ROAM-like,RelWithDebInfo,OpenGL,NVIDIA GeForce RTX 5090 D/PCIe/SSE2,4.3.0 NVIDIA 591.86,false,assets/heightmaps/Hm_Terrain_Test_129.pgm,129,129,39.400,12.000,20,4.000,2.000,200000,8.892,0.000,18.000,0.672,29.216,38672,255632,38670,184,92,206,105,0,0,0,0,8,112.468,28.786,13.083,1.173,4.804,0.263,0.000,0.000,1.524,0.271,0.766,0.000,4.280,4.427,0.017,0.007,0.005,0.009,0.003,0.003,0.009,0.022,0.075,5.832,1.830,0.070,0.004,2.518,0.000,0.000,28630836,96,1.795,5.068,0.000,0.000,18
GPU ROAM-like,RelWithDebInfo,OpenGL,NVIDIA GeForce RTX 5090 D/PCIe/SSE2,4.3.0 NVIDIA 591.86,false,assets/heightmaps/Hm_Terrain_Test_129.pgm,129,129,39.400,12.000,20,4.000,2.000,200000,8.921,0.000,18.000,0.639,29.260,38634,255924,38632,146,73,184,83,0,0,0,0,8,111.066,29.130,13.664,1.131,5.238,0.222,0.000,0.000,1.302,0.223,0.756,0.000,4.791,4.336,0.021,0.014,0.006,0.015,0.006,0.004,0.009,0.022,0.099,5.967,1.899,0.072,0.005,2.171,0.000,0.000,28663540,96,1.525,5.460,0.000,0.000,18
GPU ROAM-like,RelWithDebInfo,OpenGL,NVIDIA GeForce RTX 5090 D/PCIe/SSE2,4.3.0 NVIDIA 591.86,false,assets/heightmaps/Hm_Terrain_Test_129.pgm,129,129,39.400,12.000,20,4.000,2.000,200000,8.951,0.000,18.000,0.605,29.728,38618,256204,38616,140,70,156,85,0,0,0,0,8,110.167,29.387,13.685,1.259,5.206,0.223,0.000,0.000,1.372,0.216,0.739,0.000,4.670,4.387,0.016,0.007,0.006,0.009,0.003,0.003,0.009,0.023,0.076,5.978,1.885,0.073,0.005,2.329,0.000,0.000,28694900,96,1.587,5.429,0.000,0.000,18
GPU ROAM-like,RelWithDebInfo,OpenGL,NVIDIA GeForce RTX 5090 D/PCIe/SSE2,4.3.0 NVIDIA 591.86,false,assets/heightmaps/Hm_Terrain_Test_129.pgm,129,129,39.400,12.000,20,4.000,2.000,200000,8.981,0.000,18.000,0.572,29.928,38600,256504,38598,150,75,168,84,0,0,0,0,8,111.483,29.031,13.344,1.145,5.017,0.212,0.000,0.000,1.430,0.222,0.764,0.000,4.553,4.458,0.009,0.013,0.007,0.015,0.004,0.005,0.010,0.023,0.086,6.011,1.738,0.076,0.004,2.377,0.000,0.000,28728500,96,1.652,5.229,0.000,0.000,18
GPU ROAM-like,RelWithDebInfo,OpenGL,NVIDIA GeForce RTX 5090 D/PCIe/SSE2,4.3.0 NVIDIA 591.86,false,assets/heightmaps/Hm_Terrain_Test_129.pgm,129,129,39.400,12.000,20,4.000,2.000,200000,9.010,0.000,18.000,0.541,29.495,38570,256828,38568,162,81,192,93,0,0,0,0,8,110.202,29.370,13.867,1.225,5.031,0.248,0.000,0.000,1.257,0.256,0.889,0.000,4.961,4.432,0.021,0.009,0.006,0.010,0.003,0.003,0.009,0.022,0.083,5.939,1.796,0.078,0.005,2.215,0.000,0.000,28764788,96,1.513,5.279,0.000,0.000,18
GPU ROAM-like,RelWithDebInfo,OpenGL,NVIDIA GeForce RTX 5090 D/PCIe/SSE2,4.3.0 NVIDIA 591.86,false,assets/heightmaps/Hm_Terrain_Test_129.pgm,129,129,39.400,12.000,20,4.000,2.000,200000,9.040,0.000,18.000,0.510,29.928,38515,257080,38513,126,63,181,75,0,0,0,0,8,54.843,29.501,14.032,1.166,5.477,0.227,0.000,0.000,1.477,0.203,0.789,0.000,4.692,4.352,0.015,0.013,0.006,0.016,0.004,0.004,0.009,0.023,0.091,6.039,1.808,0.073,0.004,2.159,0.000,0.000,28793012,96,1.680,5.705,0.000,0.000,18
GPU ROAM-like,RelWithDebInfo,OpenGL,NVIDIA GeForce RTX 5090 D/PCIe/SSE2,4.3.0 NVIDIA 591.86,false,assets/heightmaps/Hm_Terrain_Test_129.pgm,129,129,39.400,12.000,20,4.000,2.000,200000,9.070,0.000,18.000,0.479,30.084,38507,257324,38505,122,61,130,70,0,0,0,0,8,54.929,29.492,13.674,1.253,5.139,0.171,0.000,0.000,1.272,0.187,0.813,0.000,4.839,4.491,0.013,0.007,0.006,0.009,0.003,0.003,0.009,0.023,0.072,6.037,1.860,0.075,0.005,2.282,0.000,0.000,28820340,96,1.459,5.310,0.000,0.000,18
GPU ROAM-like,RelWithDebInfo,OpenGL,NVIDIA GeForce RTX 5090 D/PCIe/SSE2,4.3.0 NVIDIA 591.86,false,assets/heightmaps/Hm_Terrain_Test_129.pgm,129,129,39.400,12.000,20,4.000,2.000,200000,9.100,0.000,18.000,0.450,30.032,38447,257580,38445,128,64,188,74,0,0,0,0,8,95.020,33.966,14.872,1.310,5.592,0.236,0.000,0.000,1.346,0.207,0.794,0.000,5.387,4.427,0.009,0.013,0.006,0.016,0.004,0.004,0.009,0.023,0.086,6.215,4.830,0.077,0.005,2.438,0.000,0.000,28849012,96,1.553,5.827,0.000,0.000,18
GPU ROAM-like,RelWithDebInfo,OpenGL,NVIDIA GeForce RTX 5090 D/PCIe/SSE2,4.3.0 NVIDIA 591.86,false,assets/heightmaps/Hm_Terrain_Test_129.pgm,129,129,39.400,12.000,20,4.000,2.000,200000,9.135,0.000,18.000,0.417,34.437,38370,257860,38368,140,70,217,76,0,0,0,0,8,108.381,29.746,14.334,1.268,5.399,0.272,0.000,0.000,1.200,0.216,0.815,0.000,5.163,4.345,0.015,0.007,0.006,0.009,0.003,0.003,0.009,0.022,0.073,5.983,1.752,0.073,0.006,2.316,0.000,0.000,28880372,96,1.416,5.671,0.000,0.000,18
GPU ROAM-like,RelWithDebInfo,OpenGL,NVIDIA GeForce RTX 5090 D/PCIe/SSE2,4.3.0 NVIDIA 591.86,false,assets/heightmaps/Hm_Terrain_Test_129.pgm,129,129,39.400,12.000,20,4.000,2.000,200000,9.165,0.000,18.000,0.389,30.233,38278,258076,38276,108,54,200,56,0,0,0,0,8,53.809,30.053,14.475,1.170,5.183,0.269,0.000,0.000,1.275,0.181,0.775,0.000,5.622,4.461,0.017,0.007,0.006,0.009,0.003,0.003,0.009,0.022,0.076,6.065,1.654,0.071,0.005,2.285,0.000,0.000,28904564,96,1.456,5.451,0.000,0.000,18
GPU ROAM-like,RelWithDebInfo,OpenGL,NVIDIA GeForce RTX 5090 D/PCIe/SSE2,4.3.0 NVIDIA 591.86,false,assets/heightmaps/Hm_Terrain_Test_129.pgm,129,129,39.400,12.000,20,4.000,2.000,200000,9.196,0.000,18.000,0.361,31.469,38289,258352,38287,138,69,127,73,0,0,0,0,8,54.227,29.758,14.016,1.140,5.533,0.176,0.000,0.000,1.168,0.215,0.928,0.000,4.854,4.467,0.018,0.009,0.006,0.009,0.005,0.004,0.009,0.022,0.081,6.057,1.235,0.073,0.005,2.940,0.000,0.000,28935476,96,1.384,5.709,0.000,0.000,18
GPU ROAM-like,RelWithDebInfo,OpenGL,NVIDIA GeForce RTX 5090 D/PCIe/SSE2,4.3.0 NVIDIA 591.86,false,assets/heightmaps/Hm_Terrain_Test_129.pgm,129,129,39.400,12.000,20,4.000,2.000,200000,9.227,0.000,18.000,0.335,30.424,38288,258536,38286,92,46,93,53,0,0,0,0,8,54.358,29.836,13.953,1.209,5.408,0.159,0.000,0.000,1.263,0.148,0.821,0.000,4.944,4.403,0.017,0.014,0.006,0.015,0.005,0.003,0.009,0.022,0.091,6.300,1.617,0.073,0.005,2.371,0.000,0.000,28956084,96,1.411,5.568,0.000,0.000,18
GPU ROAM-like,RelWithDebInfo,OpenGL,NVIDIA GeForce RTX 5090 D/PCIe/SSE2,4.3.0 NVIDIA 591.86,false,assets/heightmaps/Hm_Terrain_Test_129.pgm,129,129,39.400,12.000,20,4.000,2.000,200000,9.257,0.000,18.000,0.310,30.373,38228,258736,38226,100,50,160,56,0,0,0,0,8,54.154,29.886,14.135,1.330,5.381,0.209,0.000,0.000,1.477,0.215,0.771,0.000,4.751,4.479,0.010,0.014,0.006,0.014,0.005,0.004,0.009,0.022,0.084,5.996,1.828,0.071,0.004,2.318,0.000,0.000,28978484,96,1.693,5.590,0.000,0.000,18
GPU ROAM-like,RelWithDebInfo,OpenGL,NVIDIA GeForce RTX 5090 D/PCIe/SSE2,4.3.0 NVIDIA 591.86,false,assets/heightmaps/Hm_Terrain_Test_129.pgm,129,129,39.400,12.000,20,4.000,2.000,200000,9.288,0.000,18.000,0.286,30.373,38147,258960,38145,112,56,193,62,0,0,0,0,8,54.138,29.763,14.091,1.219,5.040,0.221,0.000,0.000,1.418,0.186,0.786,0.000,5.221,4.494,0.021,0.015,0.007,0.013,0.005,0.004,0.009,0.022,0.094,6.047,1.803,0.071,0.005,2.329,0.000,0.000,29003572,96,1.605,5.261,0.000,0.000,18
GPU ROAM-like,RelWithDebInfo,OpenGL,NVIDIA GeForce RTX 5090 D/PCIe/SSE2,4.3.0 NVIDIA 591.86,false,assets/heightmaps/Hm_Terrain_Test_129.pgm,129,129,39.400,12.000,20,4.000,2.000,200000,9.318,0.000,18.000,0.263,30.227,38107,259208,38105,124,62,164,71,0,0,0,0,8,108.950,29.755,14.066,1.171,5.336,0.272,0.000,0.000,1.330,0.198,0.871,0.000,4.887,4.443,0.009,0.013,0.007,0.015,0.005,0.004,0.009,0.023,0.085,6.051,1.585,0.074,0.004,2.439,0.000,0.000,29031348,96,1.528,5.609,0.000,0.000,18
GPU ROAM-like,RelWithDebInfo,OpenGL,NVIDIA GeForce RTX 5090 D/PCIe/SSE2,4.3.0 NVIDIA 591.86,false,assets/heightmaps/Hm_Terrain_Test_129.pgm,129,129,39.400,12.000,20,4.000,2.000,200000,9.348,0.000,18.000,0.240,30.281,38117,259424,38115,108,54,98,58,0,0,0,0,8,480.929,30.356,14.538,1.150,5.502,0.155,0.000,0.000,1.210,0.174,0.800,0.000,5.547,4.542,0.023,0.014,0.006,0.014,0.005,0.004,0.009,0.022,0.097,6.115,1.608,0.075,0.005,2.338,0.000,0.000,29055540,96,1.384,5.657,0.000,0.000,18
GPU ROAM-like,RelWithDebInfo,OpenGL,NVIDIA GeForce RTX 5090 D/PCIe/SSE2,4.3.0 NVIDIA 591.86,false,assets/heightmaps/Hm_Terrain_Test_129.pgm,129,129,39.400,12.000,20,4.000,2.000,200000,9.379,0.000,18.000,0.219,30.831,38099,259592,38097,84,42,102,43,0,0,0,0,8,110.528,29.282,13.295,1.168,4.991,0.155,0.000,0.000,1.436,0.180,0.772,0.000,4.593,4.565,0.018,0.015,0.006,0.014,0.005,0.004,0.009,0.022,0.094,6.010,1.978,0.094,0.006,2.298,0.000,0.000,29074356,96,1.616,5.146,0.000,0.000,18
GPU ROAM-like,RelWithDebInfo,OpenGL,NVIDIA GeForce RTX 5090 D/PCIe/SSE2,4.3.0 NVIDIA 591.86,false,assets/heightmaps/Hm_Terrain_Test_129.pgm,129,129,39.400,12.000,20,4.000,2.000,200000,9.409,0.000,18.000,0.199,29.766,38081,259764,38079,86,43,104,44,0,0,0,0,8,109.836,29.566,13.535,1.159,5.303,0.149,0.000,0.000,1.183,0.142,0.779,0.000,4.820,4.357,0.026,0.015,0.006,0.013,0.004,0.004,0.009,0.022,0.101,6.103,1.868,0.095,0.005,2.463,0.000,0.000,29093620,96,1.325,5.452,0.000,0.000,18
GPU ROAM-like,RelWithDebInfo,OpenGL,NVIDIA GeForce RTX 5090 D/PCIe/SSE2,4.3.0 NVIDIA 591.86,false,assets/heightmaps/Hm_Terrain_Test_129.pgm,129,129,39.400,12.000,20,4.000,2.000,200000,9.439,0.000,18.000,0.179,30.051,38087,259944,38085,90,45,84,49,0,0,0,0,8,110.513,29.271,13.529,1.087,5.170,0.137,0.000,0.000,1.382,0.146,0.793,0.000,4.814,4.515,0.010,0.014,0.006,0.014,0.005,0.005,0.010,0.023,0.086,5.988,1.839,0.072,0.004,2.306,0.000,0.000,29113780,96,1.528,5.307,0.000,0.000,18
GPU ROAM-like,RelWithDebInfo,OpenGL,NVIDIA GeForce RTX 5090 D/PCIe/SSE2,4.3.0 NVIDIA 591.86,false,assets/heightmaps/Hm_Terrain_Test_129.pgm,129,129,39.400,12.000,20,4.000,2.000,200000,9.468,0.000,18.000,0.161,29.835,38093,260096,38091,76,38,70,39,0,0,0,0,8,109.596,29.479,14.151,1.207,5.305,0.118,0.000,0.000,1.224,0.130,0.761,0.000,5.406,4.429,0.009,0.014,0.007,0.017,0.004,0.005,0.010,0.023,0.089,5.773,1.897,0.070,0.006,2.167,0.000,0.000,29130804,96,1.354,5.423,0.000,0.000,18
GPU ROAM-like,RelWithDebInfo,OpenGL,NVIDIA GeForce RTX 5090 D/PCIe/SSE2,4.3.0 NVIDIA 591.86,false,assets/heightmaps/Hm_Terrain_Test_129.pgm,129,129,39.400,12.000,20,4.000,2.000,200000,9.499,0.000,18.000,0.144,30.091,38055,260232,38053,68,34,106,34,0,0,0,0,8,516.740,28.197,12.865,1.093,4.975,0.143,0.000,0.000,1.219,0.110,0.738,0.000,4.587,4.784,0.022,0.016,0.006,0.014,0.005,0.005,0.009,0.022,0.099,5.789,1.619,0.069,0.004,2.063,0.000,0.000,29146036,96,1.329,5.118,0.000,0.000,18
GPU ROAM-like,RelWithDebInfo,OpenGL,NVIDIA GeForce RTX 5090 D/PCIe/SSE2,4.3.0 NVIDIA 591.86,false,assets/heightmaps/Hm_Terrain_Test_129.pgm,129,129,39.400,12.000,20,4.000,2.000,200000,9.527,0.000,18.000,0.128,28.763,38057,260344,38055,56,28,54,32,0,0,0,0,8,55.821,29.069,12.891,0.960,5.193,0.094,0.000,0.000,1.255,0.099,0.817,0.000,4.473,4.462,0.022,0.017,0.006,0.014,0.006,0.005,0.009,0.022,0.102,6.344,1.835,0.078,0.004,2.355,0.000,0.000,29158580,96,1.354,5.287,0.000,0.000,18
GPU ROAM-like,RelWithDebInfo,OpenGL,NVIDIA GeForce RTX 5090 D/PCIe/SSE2,4.3.0 NVIDIA 591.86,false,assets/heightmaps/Hm_Terrain_Test_129.pgm,129,129,39.400,12.000,20,4.000,2.000,200000,9.557,0.000,18.000,0.113,29.593,37969,260524,37967,90,45,178,46,0,0,0,0,8,109.500,29.571,13.565,1.260,5.209,0.213,0.000,0.000,1.289,0.146,0.815,0.000,4.633,4.590,0.018,0.015,0.006,0.015,0.005,0.005,0.009,0.022,0.094,6.018,1.725,0.072,0.004,2.543,0.000,0.000,29178740,96,1.435,5.422,0.000,0.000,18
GPU ROAM-like,RelWithDebInfo,OpenGL,NVIDIA GeForce RTX 5090 D/PCIe/SSE2,4.3.0 NVIDIA 591.86,false,assets/heightmaps/Hm_Terrain_Test_129.pgm,129,129,39.400,12.000,20,4.000,2.000,200000,9.587,0.000,18.000,0.098,30.114,37899,260632,37897,54,27,124,29,0,0,0,0,8,66.236,24.707,12.776,1.115,4.982,0.164,0.000,0.000,1.118,0.096,0.781,0.000,4.520,1.610,0.009,0.014,0.006,0.016,0.005,0.006,0.010,0.024,0.089,6.024,0.000,0.067,0.005,3.091,0.000,0.000,29190836,96,1.214,5.146,0.000,0.000,18
GPU ROAM-like,RelWithDebInfo,OpenGL,NVIDIA GeForce RTX 5090 D/PCIe/SSE2,4.3.0 NVIDIA 591.86,false,assets/heightmaps/Hm_Terrain_Test_129.pgm,129,129,39.400,12.000,20,4.000,2.000,200000,9.612,0.000,18.000,0.087,25.216,37897,260772,37895,70,35,72,39,0,0,0,0,8,112.940,28.580,12.833,1.152,4.580,0.112,0.000,0.000,1.336,0.120,0.844,0.000,4.691,4.543,0.027,0.014,0.006,0.014,0.005,0.005,0.009,0.022,0.101,6.110,1.688,0.071,0.005,2.397,0.000,0.000,29206516,96,1.456,4.691,0.000,0.000,18
GPU ROAM-like,RelWithDebInfo,OpenGL,NVIDIA GeForce RTX 5090 D/PCIe/SSE2,4.3.0 NVIDIA 591.86,false,assets/heightmaps/Hm_Terrain_Test_129.pgm,129,129,39.400,12.000,20,4.000,2.000,200000,9.642,0.000,18.000,0.074,29.226,37903,260908,37901,68,34,62,40,0,0,0,0,8,114.466,28.193,12.674,1.193,4.968,0.108,0.000,0.000,1.247,0.118,0.761,0.000,4.278,4.478,0.014,0.015,0.006,0.014,0.005,0.005,0.010,0.023,0.090,5.940,1.742,0.073,0.004,2.367,0.000,0.000,29221748,96,1.365,5.076,0.000,0.000,18
GPU ROAM-like,RelWithDebInfo,OpenGL,NVIDIA GeForce RTX 5090 D/PCIe/SSE2,4.3.0 NVIDIA 591.86,false,assets/heightmaps/Hm_Terrain_Test_129.pgm,129,129,39.400,12.000,20,4.000,2.000,200000,9.670,0.000,18.000,0.063,28.671,37852,261032,37850,62,31,113,35,0,0,0,0,8,490.716,29.566,14.093,1.115,5.391,0.180,0.000,0.000,1.536,0.107,0.979,0.000,4.785,4.373,0.019,0.015,0.006,0.015,0.005,0.005,0.009,0.022,0.097,6.064,1.819,0.075,0.005,2.203,0.000,0.000,29235636,96,1.642,5.571,0.000,0.000,18
GPU ROAM-like,RelWithDebInfo,OpenGL,NVIDIA GeForce RTX 5090 D/PCIe/SSE2,4.3.0 NVIDIA 591.86,false,assets/heightmaps/Hm_Terrain_Test_129.pgm,129,129,39.400,12.000,20,4.000,2.000,200000,9.700,0.000,18.000,0.052,30.049,37846,261116,37844,42,21,48,24,0,0,0,0,8,111.073,29.679,13.377,1.043,5.099,0.098,0.000,0.000,1.323,0.080,0.911,0.000,4.823,4.410,0.020,0.023,0.008,0.022,0.005,0.004,0.009,0.022,0.113,6.092,1.763,0.076,0.005,2.389,0.000,0.000,29245044,96,1.403,5.197,0.000,0.000,18
GPU ROAM-like,RelWithDebInfo,OpenGL,NVIDIA GeForce RTX 5090 D/PCIe/SSE2,4.3.0 NVIDIA 591.86,false,assets/heightmaps/Hm_Terrain_Test_129.pgm,129,129,39.400,12.000,20,4.000,2.000,200000,9.730,0.000,18.000,0.042,30.221,37864,261200,37862,42,21,24,22,0,0,0,0,8,101.874,31.612,16.052,1.332,6.025,0.056,0.000,0.000,1.491,0.084,0.865,0.000,6.198,4.641,0.020,0.015,0.006,0.015,0.005,0.005,0.010,0.022,0.097,6.024,1.694,0.073,0.005,2.163,0.000,0.000,29254452,96,1.575,6.081,0.000,0.000,18
GPU ROAM-like,RelWithDebInfo,OpenGL,NVIDIA GeForce RTX 5090 D/PCIe/SSE2,4.3.0 NVIDIA 591.86,false,assets/heightmaps/Hm_Terrain_Test_129.pgm,129,129,39.400,12.000,20,4.000,2.000,200000,9.763,0.000,18.000,0.033,32.103,37882,261292,37880,46,23,28,23,0,0,0,0,8,114.170,28.232,12.763,1.010,4.890,0.062,0.000,0.000,1.289,0.083,0.818,0.000,4.610,4.407,0.020,0.016,0.007,0.014,0.005,0.005,0.009,0.023,0.098,6.073,1.688,0.072,0.004,2.342,0.000,0.000,29264756,96,1.372,4.952,0.000,0.000,18
GPU ROAM-like,RelWithDebInfo,OpenGL,NVIDIA GeForce RTX 5090 D/PCIe/SSE2,4.3.0 NVIDIA 591.86,false,assets/heightmaps/Hm_Terrain_Test_129.pgm,129,129,39.400,12.000,20,4.000,2.000,200000,9.791,0.000,18.000,0.025,28.746,37886,261348,37884,28,14,24,16,0,0,0,0,8,108.232,29.860,13.943,1.198,5.406,0.055,0.000,0.000,1.340,0.060,0.982,0.000,4.901,4.408,0.010,0.013,0.006,0.016,0.005,0.005,0.010,0.023,0.088,6.196,1.787,0.073,0.004,2.439,0.000,0.000,29271028,96,1.401,5.461,0.000,0.000,18
GPU ROAM-like,RelWithDebInfo,OpenGL,NVIDIA GeForce RTX 5090 D/PCIe/SSE2,4.3.0 NVIDIA 591.86,false,assets/heightmaps/Hm_Terrain_Test_129.pgm,129,129,39.400,12.000,20,4.000,2.000,200000,9.822,0.000,18.000,0.019,30.494,37880,261392,37878,22,11,28,12,0,0,0,0,8,55.415,29.127,13.286,1.221,5.250,0.057,0.000,0.000,1.273,0.048,0.776,0.000,4.660,4.362,0.018,0.015,0.006,0.015,0.005,0.004,0.009,0.023,0.094,6.079,1.705,0.073,0.004,2.665,0.000,0.000,29275956,96,1.321,5.307,0.000,0.000,18
GPU ROAM-like,RelWithDebInfo,OpenGL,NVIDIA GeForce RTX 5090 D/PCIe/SSE2,4.3.0 NVIDIA 591.86,false,assets/heightmaps/Hm_Terrain_Test_129.pgm,129,129,39.400,12.000,20,4.000,2.000,200000,9.852,0.000,18.000,0.013,30.125,37884,261468,37882,38,19,34,20,0,0,0,0,8,56.500,28.801,13.117,1.180,5.140,0.075,0.000,0.000,1.356,0.066,0.770,0.000,4.530,4.368,0.010,0.015,0.007,0.015,0.005,0.006,0.009,0.022,0.089,6.109,1.154,0.074,0.010,2.796,0.000,0.000,29284468,96,1.422,5.215,0.000,0.000,18
GPU ROAM-like,RelWithDebInfo,OpenGL,NVIDIA GeForce RTX 5090 D/PCIe/SSE2,4.3.0 NVIDIA 591.86,false,assets/heightmaps/Hm_Terrain_Test_129.pgm,129,129,39.400,12.000,20,4.000,2.000,200000,9.881,0.000,18.000,0.008,29.290,37896,261520,37894,26,13,14,15,0,0,0,0,8,115.514,27.960,12.653,1.111,4.906,0.033,0.000,0.000,1.370,0.051,0.783,0.000,4.398,4.307,0.017,0.014,0.006,0.014,0.005,0.004,0.009,0.022,0.091,5.976,1.206,0.067,0.005,2.822,0.000,0.000,29290292,96,1.422,4.939,0.000,0.000,18
GPU ROAM-like,RelWithDebInfo,OpenGL,NVIDIA GeForce RTX 5090 D/PCIe/SSE2,4.3.0 NVIDIA 591.86,false,assets/heightmaps/Hm_Terrain_Test_129.pgm,129,129,39.400,12.000,20,4.000,2.000,200000,9.910,0.000,18.000,0.005,28.441,37896,261536,37894,8,4,8,8,0,0,0,0,8,114.918,28.080,13.026,1.146,5.041,0.025,0.000,0.000,1.208,0.021,0.868,0.000,4.716,4.283,0.015,0.014,0.006,0.015,0.004,0.004,0.009,0.022,0.089,5.826,1.211,0.069,0.005,2.753,0.000,0.000,29292084,96,1.230,5.066,0.000,0.000,18
GPU ROAM-like,RelWithDebInfo,OpenGL,NVIDIA GeForce RTX 5090 D/PCIe/SSE2,4.3.0 NVIDIA 591.86,false,assets/heightmaps/Hm_Terrain_Test_129.pgm,129,129,39.400,12.000,20,4.000,2.000,200000,9.938,0.000,18.000,0.002,28.565,37902,261556,37900,10,5,4,5,0,0,0,0,8,116.618,27.706,12.570,1.150,4.917,0.016,0.000,0.000,1.131,0.024,0.893,0.000,4.439,4.274,0.015,0.013,0.007,0.013,0.005,0.004,0.009,0.022,0.088,5.863,1.240,0.068,0.005,2.758,0.000,0.000,29294324,96,1.155,4.933,0.000,0.000,18
GPU ROAM-like,RelWithDebInfo,OpenGL,NVIDIA GeForce RTX 5090 D/PCIe/SSE2,4.3.0 NVIDIA 591.86,false,assets/heightmaps/Hm_Terrain_Test_129.pgm,129,129,39.400,12.000,20,4.000,2.000,200000,9.966,0.000,18.000,0.001,28.173,37898,261560,37896,2,1,6,6,0,0,0,0,8,65.898,24.663,13.207,1.110,5.137,0.020,0.000,0.000,1.272,0.010,0.810,0.000,4.848,1.723,0.011,0.011,0.006,0.017,0.005,0.004,0.009,0.022,0.086,5.771,0.000,0.070,0.005,2.917,0.000,0.000,29294772,96,1.282,5.157,0.000,0.000,18
GPU ROAM-like,RelWithDebInfo,OpenGL,NVIDIA GeForce RTX 5090 D/PCIe/SSE2,4.3.0 NVIDIA 591.86,false,assets/heightmaps/Hm_Terrain_Test_129.pgm,129,129,39.400,12.000,20,4.000,2.000,200000,9.992,0.000,18.000,0.000,25.233,37902,261568,37900,4,2,0,2,0,0,0,0,8,58.790,27.588,12.292,0.896,5.178,0.005,0.000,0.000,1.003,0.015,0.801,0.000,4.393,4.322,0.021,0.022,0.010,0.016,0.005,0.005,0.009,0.022,0.110,5.794,1.314,0.071,0.005,2.759,0.000,0.000,29295668,96,1.018,5.183,0.000,0.000,18
GPU ROAM-like,RelWithDebInfo,OpenGL,NVIDIA GeForce RTX 5090 D/PCIe/SSE2,4.3.0 NVIDIA 591.86,false,assets/heightmaps/Hm_Terrain_Test_129.pgm,129,129,39.400,12.000,20,4.000,2.000,200000,10.000,0.000,18.000,0.000,28.139,37902,261568,37900,0,0,0,0,0,0,0,0,8,602.424,24.413,12.616,1.090,5.029,0.004,0.000,0.000,1.526,0.004,0.721,0.000,4.242,1.646,0.023,0.018,0.010,0.016,0.006,0.008,0.011,0.022,0.114,6.014,0.000,0.069,0.005,2.973,0.000,0.000,29295668,96,1.529,5.033,0.000,0.000,18
