algorithm,buildConfiguration,graphicsBackend,graphicsAdapter,graphicsVersion,vSyncEnabled,heightMapPath,heightMapWidth,heightMapHeight,terrainSize,heightScale,maxDepthSetting,screenSpaceSplitThresholdPixels,screenSpaceMergeThresholdPixels,triangleBudget,timeSeconds,cameraX,cameraY,cameraZ,frameMilliseconds,triangles,nodes,activeSplits,splits,forcedSplits,merges,candidatePeak,budgetRejectedSplits,tjunctions,invalidNeighbors,invalidTopology,cpuWorkers,cpuUtilizationPercent,lodTotalMilliseconds,cpuUpdateMilliseconds,cpuPrepareMilliseconds,cpuMergeCandidateMarkMilliseconds,cpuMergeTopologyMilliseconds,cpuBudgetLeafCollectMilliseconds,cpuErrorEvalMilliseconds,cpuSplitCandidateMarkMilliseconds,cpuSplitTopologyMilliseconds,cpuFinalLeafCollectMilliseconds,cpuMeshEmitMilliseconds,cpuFinalizeMilliseconds,cpuUploadMilliseconds,gpuInitialLeafCompactionMilliseconds,gpuErrorEvaluationMilliseconds,gpuCandidateMarkingMilliseconds,gpuSplitTopologyMilliseconds,gpuActiveLeafResetMilliseconds,gpuFinalLeafCompactionMilliseconds,gpuMeshEmitMilliseconds,gpuPassSumMilliseconds,gpuSnapshotBuildMilliseconds,gpuBufferAllocationMilliseconds,gpuDispatchWallMilliseconds,gpuQueryWaitMilliseconds,gpuReadbackWaitMilliseconds,frameFenceWaitMilliseconds,renderMilliseconds,cpuGpuUploadBytes,cpuGpuReadbackBytes,splitMilliseconds,mergeMilliseconds,emitMilliseconds,validateMilliseconds,maxDepthReached
Classic CPU ROAM,RelWithDebInfo,OpenGL,NVIDIA GeForce RTX 5090 D/PCIe/SSE2,4.3.0 NVIDIA 591.86,false,assets/heightmaps/Hm_Terrain_Test_129.pgm,129,129,30.000,4.000,14,4.000,2.000,20000,0.000,0.000,6.000,15.000,0.063,15199,30396,15197,15197,7664,0,5233,0,0,0,0,1,130.750,24.242,23.897,6.741,0.000,0.000,0.001,0.000,0.003,8.004,0.577,6.520,2.047,0.328,0.000,0.000,0.000,0.000,0.000,0.000,0.000,0.000,0.000,0.000,0.000,0.000,0.000,0.000,0.000,0,0,8.009,0.002,7.096,0.000,14
Classic CPU ROAM,RelWithDebInfo,OpenGL,NVIDIA GeForce RTX 5090 D/PCIe/SSE2,4.3.0 NVIDIA 591.86,false,assets/heightmaps/Hm_Terrain_Test_129.pgm,129,129,30.000,4.000,14,4.000,2.000,20000,0.028,0.000,6.000,14.965,28.236,15227,30494,15225,49,24,21,31,0,0,0,0,1,161.552,10.018,9.667,0.229,1.221,0.006,0.141,0.000,1.002,0.017,0.120,5.735,1.196,0.270,0.000,0.000,0.000,0.000,0.000,0.000,0.000,0.000,0.000,0.000,0.000,0.000,0.000,0.000,0.000,0,0,1.019,1.227,5.855,0.000,14
Classic CPU ROAM,RelWithDebInfo,OpenGL,NVIDIA GeForce RTX 5090 D/PCIe/SSE2,4.3.0 NVIDIA 591.86,false,assets/heightmaps/Hm_Terrain_Test_129.pgm,129,129,30.000,4.000,14,4.000,2.000,20000,0.040,0.000,6.000,14.931,11.506,15239,30594,15237,50,25,38,29,0,0,0,0,1,129.306,12.494,12.082,0.386,1.072,0.011,0.134,0.000,0.977,0.032,0.198,6.271,2.999,0.327,0.000,0.000,0.000,0.000,0.000,0.000,0.000,0.000,0.000,0.000,0.000,0.000,0.000,0.000,0.000,0,0,1.010,1.084,6.470,0.000,14
Classic CPU ROAM,RelWithDebInfo,OpenGL,NVIDIA GeForce RTX 5090 D/PCIe/SSE2,4.3.0 NVIDIA 591.86,false,assets/heightmaps/Hm_Terrain_Test_129.pgm,129,129,30.000,4.000,14,4.000,2.000,20000,0.054,0.000,6.000,14.876,13.783,15217,30640,15215,23,10,45,20,0,0,0,0,1,0.000,10.741,10.347,0.232,1.275,0.013,0.188,0.000,1.121,0.015,0.135,5.951,1.415,0.326,0.000,0.000,0.000,0.000,0.000,0.000,0.000,0.000,0.000,0.000,0.000,0.000,0.000,0.000,0.000,0,0,1.137,1.289,6.086,0.000,14
Classic CPU ROAM,RelWithDebInfo,OpenGL,NVIDIA GeForce RTX 5090 D/PCIe/SSE2,4.3.0 NVIDIA 591.86,false,assets/heightmaps/Hm_Terrain_Test_129.pgm,129,129,30.000,4.000,14,4.000,2.000,20000,0.065,0.000,6.000,14.819,11.369,15188,30730,15186,45,21,74,40,0,0,0,0,1,182.203,8.894,8.574,0.183,0.712,0.019,0.105,0.000,0.741,0.017,0.105,5.702,0.991,0.254,0.000,0.000,0.000,0.000,0.000,0.000,0.000,0.000,0.000,0.000,0.000,0.000,0.000,0.000,0.000,0,0,0.758,0.732,5.806,0.000,14
Classic CPU ROAM,RelWithDebInfo,OpenGL,NVIDIA GeForce RTX 5090 D/PCIe/SSE2,4.3.0 NVIDIA 591.86,false,assets/heightmaps/Hm_Terrain_Test_129.pgm,129,129,30.000,4.000,14,4.000,2.000,20000,0.075,0.000,6.000,14.761,9.908,15166,30822,15164,46,23,68,32,0,0,0,0,1,158.469,10.239,9.858,0.323,0.932,0.018,0.136,0.000,1.069,0.037,0.185,5.576,1.582,0.301,0.000,0.000,0.000,0.000,0.000,0.000,0.000,0.000,0.000,0.000,0.000,0.000,0.000,0.000,0.000,0,0,1.107,0.951,5.761,0.000,14
Classic CPU ROAM,RelWithDebInfo,OpenGL,NVIDIA GeForce RTX 5090 D/PCIe/SSE2,4.3.0 NVIDIA 591.86,false,assets/heightmaps/Hm_Terrain_Test_129.pgm,129,129,30.000,4.000,14,4.000,2.000,20000,0.086,0.000,6.000,14.688,10.997,15088,30944,15086,61,30,139,60,0,0,0,0,1,0.000,8.573,8.233,0.176,0.789,0.037,0.111,0.000,0.754,0.020,0.104,5.229,1.012,0.269,0.000,0.000,0.000,0.000,0.000,0.000,0.000,0.000,0.000,0.000,0.000,0.000,0.000,0.000,0.000,0,0,0.775,0.826,5.333,0.000,14
Classic CPU ROAM,RelWithDebInfo,OpenGL,NVIDIA GeForce RTX 5090 D/PCIe/SSE2,4.3.0 NVIDIA 591.86,false,assets/heightmaps/Hm_Terrain_Test_129.pgm,129,129,30.000,4.000,14,4.000,2.000,20000,0.095,0.000,6.000,14.619,9.265,15035,31018,15033,37,18,90,40,0,0,0,0,1,163.942,10.053,9.528,0.168,0.870,0.027,0.152,0.000,0.872,0.014,0.103,5.398,1.924,0.435,0.000,0.000,0.000,0.000,0.000,0.000,0.000,0.000,0.000,0.000,0.000,0.000,0.000,0.000,0.000,0,0,0.886,0.897,5.501,0.000,14
Classic CPU ROAM,RelWithDebInfo,OpenGL,NVIDIA GeForce RTX 5090 D/PCIe/SSE2,4.3.0 NVIDIA 591.86,false,assets/heightmaps/Hm_Terrain_Test_129.pgm,129,129,30.000,4.000,14,4.000,2.000,20000,0.106,0.000,6.000,14.528,11.183,15032,31140,15030,61,30,64,39,0,0,0,0,1,144.604,11.154,10.803,0.526,0.824,0.017,0.114,0.000,0.824,0.072,0.116,5.824,2.486,0.275,0.000,0.000,0.000,0.000,0.000,0.000,0.000,0.000,0.000,0.000,0.000,0.000,0.000,0.000,0.000,0,0,0.896,0.841,5.940,0.000,14
Classic CPU ROAM,RelWithDebInfo,OpenGL,NVIDIA GeForce RTX 5090 D/PCIe/SSE2,4.3.0 NVIDIA 591.86,false,assets/heightmaps/Hm_Terrain_Test_129.pgm,129,129,30.000,4.000,14,4.000,2.000,20000,0.118,0.000,6.000,14.421,11.895,15056,31328,15054,94,47,70,61,0,0,0,0,1,0.000,9.554,9.217,0.232,1.189,0.023,0.194,0.000,1.012,0.036,0.109,5.375,1.045,0.270,0.000,0.000,0.000,0.000,0.000,0.000,0.000,0.000,0.000,0.000,0.000,0.000,0.000,0.000,0.000,0,0,1.049,1.213,5.484,0.000,14
Classic CPU ROAM,RelWithDebInfo,OpenGL,NVIDIA GeForce RTX 5090 D/PCIe/SSE2,4.3.0 NVIDIA 591.86,false,assets/heightmaps/Hm_Terrain_Test_129.pgm,129,129,30.000,4.000,14,4.000,2.000,20000,0.128,0.000,6.000,14.322,10.175,15016,31480,15014,76,37,116,74,0,0,0,0,1,162.715,10.027,9.600,0.174,0.726,0.030,0.108,0.000,0.716,0.027,0.112,5.952,1.753,0.327,0.000,0.000,0.000,0.000,0.000,0.000,0.000,0.000,0.000,0.000,0.000,0.000,0.000,0.000,0.000,0,0,0.744,0.757,6.064,0.000,14
Classic CPU ROAM,RelWithDebInfo,OpenGL,NVIDIA GeForce RTX 5090 D/PCIe/SSE2,4.3.0 NVIDIA 591.86,false,assets/heightmaps/Hm_Terrain_Test_129.pgm,129,129,30.000,4.000,14,4.000,2.000,20000,0.139,0.000,6.000,14.210,10.782,14958,31632,14956,76,38,134,76,0,0,0,0,1,150.368,10.799,10.388,0.342,1.341,0.038,0.148,0.000,0.865,0.029,0.106,5.976,1.542,0.335,0.000,0.000,0.000,0.000,0.000,0.000,0.000,0.000,0.000,0.000,0.000,0.000,0.000,0.000,0.000,0,0,0.894,1.380,6.082,0.000,14
Classic CPU ROAM,RelWithDebInfo,OpenGL,NVIDIA GeForce RTX 5090 D/PCIe/SSE2,4.3.0 NVIDIA 591.86,false,assets/heightmaps/Hm_Terrain_Test_129.pgm,129,129,30.000,4.000,14,4.000,2.000,20000,0.151,0.000,6.000,14.081,11.572,14950,31804,14948,86,43,94,65,0,0,0,0,1,0.000,9.825,9.287,0.218,0.823,0.025,0.124,0.000,0.817,0.038,0.137,5.796,1.308,0.406,0.000,0.000,0.000,0.000,0.000,0.000,0.000,0.000,0.000,0.000,0.000,0.000,0.000,0.000,0.000,0,0,0.855,0.848,5.934,0.000,14
Classic CPU ROAM,RelWithDebInfo,OpenGL,NVIDIA GeForce RTX 5090 D/PCIe/SSE2,4.3.0 NVIDIA 591.86,false,assets/heightmaps/Hm_Terrain_Test_129.pgm,129,129,30.000,4.000,14,4.000,2.000,20000,0.161,0.000,6.000,13.958,10.421,14986,32032,14984,114,57,78,76,0,0,0,0,1,0.000,9.310,8.978,0.213,0.706,0.020,0.106,0.000,0.682,0.038,0.107,5.968,1.138,0.264,0.000,0.000,0.000,0.000,0.000,0.000,0.000,0.000,0.000,0.000,0.000,0.000,0.000,0.000,0.000,0,0,0.721,0.726,6.075,0.000,14
Classic CPU ROAM,RelWithDebInfo,OpenGL,NVIDIA GeForce RTX 5090 D/PCIe/SSE2,4.3.0 NVIDIA 591.86,false,assets/heightmaps/Hm_Terrain_Test_129.pgm,129,129,30.000,4.000,14,4.000,2.000,20000,0.171,0.000,6.000,13.834,9.891,14890,32220,14888,94,46,190,92,0,0,0,0,1,153.676,10.544,10.166,0.173,0.755,0.046,0.111,0.000,0.797,0.035,0.114,5.888,2.246,0.301,0.000,0.000,0.000,0.000,0.000,0.000,0.000,0.000,0.000,0.000,0.000,0.000,0.000,0.000,0.000,0,0,0.832,0.801,6.003,0.000,14
Classic CPU ROAM,RelWithDebInfo,OpenGL,NVIDIA GeForce RTX 5090 D/PCIe/SSE2,4.3.0 NVIDIA 591.86,false,assets/heightmaps/Hm_Terrain_Test_129.pgm,129,129,30.000,4.000,14,4.000,2.000,20000,0.182,0.000,6.000,13.685,11.385,14719,32404,14717,92,46,263,92,0,0,0,0,1,164.842,9.823,9.477,0.262,1.189,0.072,0.146,0.000,0.903,0.031,0.102,5.655,1.118,0.274,0.000,0.000,0.000,0.000,0.000,0.000,0.000,0.000,0.000,0.000,0.000,0.000,0.000,0.000,0.000,0,0,0.934,1.261,5.756,0.000,14
Classic CPU ROAM,RelWithDebInfo,OpenGL,NVIDIA GeForce RTX 5090 D/PCIe/SSE2,4.3.0 NVIDIA 591.86,false,assets/heightmaps/Hm_Terrain_Test_129.pgm,129,129,30.000,4.000,14,4.000,2.000,20000,0.193,0.000,6.000,13.542,10.414,14716,32680,14714,138,69,141,97,0,0,0,0,1,0.000,9.982,9.609,0.164,0.712,0.037,0.103,0.000,0.731,0.069,0.137,5.603,2.052,0.281,0.000,0.000,0.000,0.000,0.000,0.000,0.000,0.000,0.000,0.000,0.000,0.000,0.000,0.000,0.000,0,0,0.800,0.749,5.740,0.000,14
Classic CPU ROAM,RelWithDebInfo,OpenGL,NVIDIA GeForce RTX 5090 D/PCIe/SSE2,4.3.0 NVIDIA 591.86,false,assets/heightmaps/Hm_Terrain_Test_129.pgm,129,129,30.000,4.000,14,4.000,2.000,20000,0.203,0.000,6.000,13.391,10.612,14698,32900,14696,110,54,128,88,0,0,0,0,1,155.224,10.439,10.064,0.201,0.825,0.032,0.111,0.000,0.720,0.081,0.118,6.222,1.753,0.294,0.000,0.000,0.000,0.000,0.000,0.000,0.000,0.000,0.000,0.000,0.000,0.000,0.000,0.000,0.000,0,0,0.802,0.858,6.340,0.000,14
Classic CPU ROAM,RelWithDebInfo,OpenGL,NVIDIA GeForce RTX 5090 D/PCIe/SSE2,4.3.0 NVIDIA 591.86,false,assets/heightmaps/Hm_Terrain_Test_129.pgm,129,129,30.000,4.000,14,4.000,2.000,20000,0.215,0.000,6.000,13.224,11.186,14634,33156,14632,128,64,192,112,0,0,0,0,1,153.926,10.482,10.149,0.301,1.379,0.053,0.181,0.000,0.980,0.046,0.128,5.832,1.248,0.257,0.000,0.000,0.000,0.000,0.000,0.000,0.000,0.000,0.000,0.000,0.000,0.000,0.000,0.000,0.000,0,0,1.027,1.432,5.960,0.000,14
Classic CPU ROAM,RelWithDebInfo,OpenGL,NVIDIA GeForce RTX 5090 D/PCIe/SSE2,4.3.0 NVIDIA 591.86,false,assets/heightmaps/Hm_Terrain_Test_129.pgm,129,129,30.000,4.000,14,4.000,2.000,20000,0.226,0.000,6.000,13.052,11.142,14680,33464,14678,154,77,108,112,0,0,0,0,1,0.000,9.199,8.783,0.189,0.730,0.028,0.101,0.000,0.741,0.068,0.179,5.735,1.011,0.351,0.000,0.000,0.000,0.000,0.000,0.000,0.000,0.000,0.000,0.000,0.000,0.000,0.000,0.000,0.000,0,0,0.810,0.758,5.914,0.000,14
Classic CPU ROAM,RelWithDebInfo,OpenGL,NVIDIA GeForce RTX 5090 D/PCIe/SSE2,4.3.0 NVIDIA 591.86,false,assets/heightmaps/Hm_Terrain_Test_129.pgm,129,129,30.000,4.000,14,4.000,2.000,20000,0.236,0.000,6.000,12.883,10.557,14569,33728,14567,132,65,243,116,0,0,0,0,1,156.241,10.339,9.998,0.336,1.166,0.063,0.130,0.000,0.745,0.044,0.128,6.114,1.272,0.266,0.000,0.000,0.000,0.000,0.000,0.000,0.000,0.000,0.000,0.000,0.000,0.000,0.000,0.000,0.000,0,0,0.789,1.229,6.242,0.000,14
Classic CPU ROAM,RelWithDebInfo,OpenGL,NVIDIA GeForce RTX 5090 D/PCIe/SSE2,4.3.0 NVIDIA 591.86,false,assets/heightmaps/Hm_Terrain_Test_129.pgm,129,129,30.000,4.000,14,4.000,2.000,20000,0.247,0.000,6.000,12.699,11.194,14464,34028,14462,150,75,255,110,0,0,0,0,1,169.458,9.578,9.219,0.225,0.852,0.068,0.127,0.000,0.852,0.059,0.131,5.667,1.237,0.288,0.000,0.000,0.000,0.000,0.000,0.000,0.000,0.000,0.000,0.000,0.000,0.000,0.000,0.000,0.000,0,0,0.911,0.920,5.798,0.000,14
Classic CPU ROAM,RelWithDebInfo,OpenGL,NVIDIA GeForce RTX 5090 D/PCIe/SSE2,4.3.0 NVIDIA 591.86,false,assets/heightmaps/Hm_Terrain_Test_129.pgm,129,129,30.000,4.000,14,4.000,2.000,20000,0.258,0.000,6.000,12.519,10.594,14483,34348,14481,160,79,141,111,0,0,0,0,1,0.000,9.610,9.265,0.239,0.724,0.036,0.108,0.000,0.722,0.053,0.154,5.773,1.456,0.275,0.000,0.000,0.000,0.000,0.000,0.000,0.000,0.000,0.000,0.000,0.000,0.000,0.000,0.000,0.000,0,0,0.775,0.760,5.926,0.000,14
Classic CPU ROAM,RelWithDebInfo,OpenGL,NVIDIA GeForce RTX 5090 D/PCIe/SSE2,4.3.0 NVIDIA 591.86,false,assets/heightmaps/Hm_Terrain_Test_129.pgm,129,129,30.000,4.000,14,4.000,2.000,20000,0.268,0.000,6.000,12.338,10.367,14398,34588,14396,120,60,205,123,0,0,0,0,1,154.033,10.527,10.143,0.155,0.905,0.062,0.200,0.000,0.773,0.053,0.188,5.804,2.000,0.302,0.000,0.000,0.000,0.000,0.000,0.000,0.000,0.000,0.000,0.000,0.000,0.000,0.000,0.000,0.000,0,0,0.827,0.968,5.993,0.000,14
Classic CPU ROAM,RelWithDebInfo,OpenGL,NVIDIA GeForce RTX 5090 D/PCIe/SSE2,4.3.0 NVIDIA 591.86,false,assets/heightmaps/Hm_Terrain_Test_129.pgm,129,129,30.000,4.000,14,4.000,2.000,20000,0.280,0.000,6.000,12.134,11.396,14410,34944,14408,178,89,166,142,0,0,0,0,1,158.718,10.197,9.841,0.299,1.301,0.045,0.139,0.000,0.907,0.117,0.146,5.694,1.192,0.276,0.000,0.000,0.000,0.000,0.000,0.000,0.000,0.000,0.000,0.000,0.000,0.000,0.000,0.000,0.000,0,0,1.024,1.347,5.841,0.000,14
Classic CPU ROAM,RelWithDebInfo,OpenGL,NVIDIA GeForce RTX 5090 D/PCIe/SSE2,4.3.0 NVIDIA 591.86,false,assets/heightmaps/Hm_Terrain_Test_129.pgm,129,129,30.000,4.000,14,4.000,2.000,20000,0.291,0.000,6.000,11.934,10.859,14267,35304,14265,180,89,323,142,0,0,0,0,1,0.000,8.942,8.631,0.144,0.788,0.094,0.138,0.000,0.766,0.061,0.123,5.416,1.099,0.247,0.000,0.000,0.000,0.000,0.000,0.000,0.000,0.000,0.000,0.000,0.000,0.000,0.000,0.000,0.000,0,0,0.828,0.882,5.539,0.000,14
Classic CPU ROAM,RelWithDebInfo,OpenGL,NVIDIA GeForce RTX 5090 D/PCIe/SSE2,4.3.0 NVIDIA 591.86,false,assets/heightmaps/Hm_Terrain_Test_129.pgm,129,129,30.000,4.000,14,4.000,2.000,20000,0.300,0.000,6.000,11.756,9.512,14224,35620,14222,158,79,201,110,0,0,0,0,1,157.567,10.287,9.914,0.128,0.713,0.051,0.100,0.000,0.602,0.048,0.163,6.164,1.944,0.297,0.000,0.000,0.000,0.000,0.000,0.000,0.000,0.000,0.000,0.000,0.000,0.000,0.000,0.000,0.000,0,0,0.650,0.765,6.326,0.000,14
Classic CPU ROAM,RelWithDebInfo,OpenGL,NVIDIA GeForce RTX 5090 D/PCIe/SSE2,4.3.0 NVIDIA 591.86,false,assets/heightmaps/Hm_Terrain_Test_129.pgm,129,129,30.000,4.000,14,4.000,2.000,20000,0.311,0.000,6.000,11.545,11.053,14208,36024,14206,202,100,218,134,0,0,0,0,1,145.919,11.041,10.706,0.232,1.402,0.064,0.199,0.000,0.941,0.073,0.164,5.845,1.785,0.264,0.000,0.000,0.000,0.000,0.000,0.000,0.000,0.000,0.000,0.000,0.000,0.000,0.000,0.000,0.000,0,0,1.014,1.466,6.009,0.000,14
Classic CPU ROAM,RelWithDebInfo,OpenGL,NVIDIA GeForce RTX 5090 D/PCIe/SSE2,4.3.0 NVIDIA 591.86,false,assets/heightmaps/Hm_Terrain_Test_129.pgm,129,129,30.000,4.000,14,4.000,2.000,20000,0.323,0.000,6.000,11.317,11.695,14143,36404,14141,190,95,255,142,0,0,0,0,1,0.000,8.740,8.415,0.204,0.757,0.065,0.101,0.000,0.747,0.069,0.168,5.385,0.914,0.259,0.000,0.000,0.000,0.000,0.000,0.000,0.000,0.000,0.000,0.000,0.000,0.000,0.000,0.000,0.000,0,0,0.817,0.825,5.553,0.000,14
Classic CPU ROAM,RelWithDebInfo,OpenGL,NVIDIA GeForce RTX 5090 D/PCIe/SSE2,4.3.0 NVIDIA 591.86,false,assets/heightmaps/Hm_Terrain_Test_129.pgm,129,129,30.000,4.000,14,4.000,2.000,20000,0.332,0.000,6.000,11.132,9.340,14113,36700,14111,148,74,178,110,0,0,0,0,1,0.000,9.715,9.375,0.160,0.970,0.048,0.123,0.000,0.648,0.087,0.118,5.544,1.676,0.267,0.000,0.000,0.000,0.000,0.000,0.000,0.000,0.000,0.000,0.000,0.000,0.000,0.000,0.000,0.000,0,0,0.735,1.019,5.662,0.000,14
Classic CPU ROAM,RelWithDebInfo,OpenGL,NVIDIA GeForce RTX 5090 D/PCIe/SSE2,4.3.0 NVIDIA 591.86,false,assets/heightmaps/Hm_Terrain_Test_129.pgm,129,129,30.000,4.000,14,4.000,2.000,20000,0.343,0.000,6.000,10.923,10.383,13964,37040,13962,170,84,319,128,0,0,0,0,1,149.563,10.808,10.445,0.166,0.866,0.083,0.113,0.000,0.671,0.053,0.125,5.795,2.570,0.276,0.000,0.000,0.000,0.000,0.000,0.000,0.000,0.000,0.000,0.000,0.000,0.000,0.000,0.000,0.000,0,0,0.725,0.950,5.921,0.000,14
Classic CPU ROAM,RelWithDebInfo,OpenGL,NVIDIA GeForce RTX 5090 D/PCIe/SSE2,4.3.0 NVIDIA 591.86,false,assets/heightmaps/Hm_Terrain_Test_129.pgm,129,129,30.000,4.000,14,4.000,2.000,20000,0.354,0.000,6.000,10.688,11.504,13940,37416,13938,188,94,212,146,0,0,0,0,1,163.697,9.863,9.542,0.283,1.523,0.058,0.146,0.000,0.843,0.060,0.119,5.434,1.075,0.249,0.000,0.000,0.000,0.000,0.000,0.000,0.000,0.000,0.000,0.000,0.000,0.000,0.000,0.000,0.000,0,0,0.904,1.581,5.553,0.000,14
Classic CPU ROAM,RelWithDebInfo,OpenGL,NVIDIA GeForce RTX 5090 D/PCIe/SSE2,4.3.0 NVIDIA 591.86,false,assets/heightmaps/Hm_Terrain_Test_129.pgm,129,129,30.000,4.000,14,4.000,2.000,20000,0.365,0.000,6.000,10.472,10.426,13920,37804,13918,194,96,214,128,0,0,0,0,1,0.000,10.489,10.051,0.148,0.696,0.053,0.100,0.000,0.626,0.061,0.121,5.948,2.298,0.356,0.000,0.000,0.000,0.000,0.000,0.000,0.000,0.000,0.000,0.000,0.000,0.000,0.000,0.000,0.000,0,0,0.687,0.749,6.069,0.000,14
Classic CPU ROAM,RelWithDebInfo,OpenGL,NVIDIA GeForce RTX 5090 D/PCIe/SSE2,4.3.0 NVIDIA 591.86,false,assets/heightmaps/Hm_Terrain_Test_129.pgm,129,129,30.000,4.000,14,4.000,2.000,20000,0.376,0.000,6.000,10.226,11.697,13792,38132,13790,164,82,292,132,0,0,0,0,1,154.319,10.479,10.123,0.268,1.087,0.076,0.133,0.000,0.820,0.052,0.120,5.772,1.795,0.282,0.000,0.000,0.000,0.000,0.000,0.000,0.000,0.000,0.000,0.000,0.000,0.000,0.000,0.000,0.000,0,0,0.872,1.163,5.891,0.000,14
Classic CPU ROAM,RelWithDebInfo,OpenGL,NVIDIA GeForce RTX 5090 D/PCIe/SSE2,4.3.0 NVIDIA 591.86,false,assets/heightmaps/Hm_Terrain_Test_129.pgm,129,129,30.000,4.000,14,4.000,2.000,20000,0.388,0.000,6.000,9.986,11.301,13645,38480,13643,174,86,321,144,0,0,0,0,1,174.966,9.253,8.929,0.206,0.977,0.090,0.135,0.000,0.896,0.132,0.118,5.136,1.237,0.262,0.000,0.000,0.000,0.000,0.000,0.000,0.000,0.000,0.000,0.000,0.000,0.000,0.000,0.000,0.000,0,0,1.029,1.068,5.253,0.000,14
Classic CPU ROAM,RelWithDebInfo,OpenGL,NVIDIA GeForce RTX 5090 D/PCIe/SSE2,4.3.0 NVIDIA 591.86,false,assets/heightmaps/Hm_Terrain_Test_129.pgm,129,129,30.000,4.000,14,4.000,2.000,20000,0.397,0.000,6.000,9.775,9.831,13610,38844,13608,182,91,217,139,0,0,0,0,1,0.000,9.284,8.974,0.156,0.704,0.055,0.096,0.000,0.625,0.063,0.125,5.604,1.545,0.240,0.000,0.000,0.000,0.000,0.000,0.000,0.000,0.000,0.000,0.000,0.000,0.000,0.000,0.000,0.000,0,0,0.689,0.759,5.729,0.000,14
Classic CPU ROAM,RelWithDebInfo,OpenGL,NVIDIA GeForce RTX 5090 D/PCIe/SSE2,4.3.0 NVIDIA 591.86,false,assets/heightmaps/Hm_Terrain_Test_129.pgm,129,129,30.000,4.000,14,4.000,2.000,20000,0.407,0.000,6.000,9.560,9.939,13524,39076,13522,116,57,202,126,0,0,0,0,1,173.259,9.397,9.016,0.170,0.903,0.057,0.135,0.000,0.758,0.073,0.175,5.045,1.696,0.287,0.000,0.000,0.000,0.000,0.000,0.000,0.000,0.000,0.000,0.000,0.000,0.000,0.000,0.000,0.000,0,0,0.832,0.961,5.220,0.000,14
Classic CPU ROAM,RelWithDebInfo,OpenGL,NVIDIA GeForce RTX 5090 D/PCIe/SSE2,4.3.0 NVIDIA 591.86,false,assets/heightmaps/Hm_Terrain_Test_129.pgm,129,129,30.000,4.000,14,4.000,2.000,20000,0.417,0.000,6.000,9.341,10.057,13508,39452,13506,188,94,204,138,0,0,0,0,1,0.000,7.878,7.585,0.248,0.919,0.055,0.111,0.000,0.760,0.062,0.092,4.365,0.971,0.224,0.000,0.000,0.000,0.000,0.000,0.000,0.000,0.000,0.000,0.000,0.000,0.000,0.000,0.000,0.000,0,0,0.823,0.975,4.457,0.000,14
Classic CPU ROAM,RelWithDebInfo,OpenGL,NVIDIA GeForce RTX 5090 D/PCIe/SSE2,4.3.0 NVIDIA 591.86,false,assets/heightmaps/Hm_Terrain_Test_129.pgm,129,129,30.000,4.000,14,4.000,2.000,20000,0.426,0.000,6.000,9.155,8.463,13426,39716,13424,132,65,214,102,0,0,0,0,1,0.000,7.209,6.911,0.168,0.660,0.053,0.090,0.000,0.571,0.042,0.092,4.421,0.814,0.235,0.000,0.000,0.000,0.000,0.000,0.000,0.000,0.000,0.000,0.000,0.000,0.000,0.000,0.000,0.000,0,0,0.613,0.713,4.513,0.000,14
Classic CPU ROAM,RelWithDebInfo,OpenGL,NVIDIA GeForce RTX 5090 D/PCIe/SSE2,4.3.0 NVIDIA 591.86,false,assets/heightmaps/Hm_Terrain_Test_129.pgm,129,129,30.000,4.000,14,4.000,2.000,20000,0.434,0.000,6.000,8.983,7.793,13348,39956,13346,120,60,198,94,0,0,0,0,1,203.681,7.991,7.670,0.125,0.637,0.049,0.091,0.000,0.535,0.040,0.094,4.719,1.379,0.247,0.000,0.000,0.000,0.000,0.000,0.000,0.000,0.000,0.000,0.000,0.000,0.000,0.000,0.000,0.000,0,0,0.575,0.687,4.813,0.000,14
Classic CPU ROAM,RelWithDebInfo,OpenGL,NVIDIA GeForce RTX 5090 D/PCIe/SSE2,4.3.0 NVIDIA 591.86,false,assets/heightmaps/Hm_Terrain_Test_129.pgm,129,129,30.000,4.000,14,4.000,2.000,20000,0.442,0.000,6.000,8.790,8.720,13373,40290,13371,167,83,142,128,0,0,0,0,1,0.000,7.996,7.680,0.192,0.997,0.040,0.167,0.000,0.696,0.070,0.103,4.447,0.968,0.248,0.000,0.000,0.000,0.000,0.000,0.000,0.000,0.000,0.000,0.000,0.000,0.000,0.000,0.000,0.000,0,0,0.766,1.037,4.550,0.000,14
Classic CPU ROAM,RelWithDebInfo,OpenGL,NVIDIA GeForce RTX 5090 D/PCIe/SSE2,4.3.0 NVIDIA 591.86,false,assets/heightmaps/Hm_Terrain_Test_129.pgm,129,129,30.000,4.000,14,4.000,2.000,20000,0.451,0.000,6.000,8.599,8.588,13288,40580,13286,145,72,230,128,0,0,0,0,1,225.886,7.409,6.915,0.176,0.703,0.062,0.109,0.000,0.617,0.046,0.098,4.183,0.919,0.362,0.000,0.000,0.000,0.000,0.000,0.000,0.000,0.000,0.000,0.000,0.000,0.000,0.000,0.000,0.000,0,0,0.664,0.766,4.281,0.000,14
Classic CPU ROAM,RelWithDebInfo,OpenGL,NVIDIA GeForce RTX 5090 D/PCIe/SSE2,4.3.0 NVIDIA 591.86,false,assets/heightmaps/Hm_Terrain_Test_129.pgm,129,129,30.000,4.000,14,4.000,2.000,20000,0.459,0.000,6.000,8.419,8.089,13266,40848,13264,134,67,156,94,0,0,0,0,1,0.000,8.414,8.098,0.132,0.642,0.039,0.161,0.000,0.521,0.042,0.097,4.555,1.909,0.247,0.000,0.000,0.000,0.000,0.000,0.000,0.000,0.000,0.000,0.000,0.000,0.000,0.000,0.000,0.000,0,0,0.563,0.680,4.652,0.000,14
Classic CPU ROAM,RelWithDebInfo,OpenGL,NVIDIA GeForce RTX 5090 D/PCIe/SSE2,4.3.0 NVIDIA 591.86,false,assets/heightmaps/Hm_Terrain_Test_129.pgm,129,129,30.000,4.000,14,4.000,2.000,20000,0.468,0.000,6.000,8.218,8.970,13246,41192,13244,172,85,192,128,0,0,0,0,1,204.846,7.960,7.626,0.135,0.761,0.047,0.101,0.000,0.582,0.075,0.096,4.878,0.950,0.274,0.000,0.000,0.000,0.000,0.000,0.000,0.000,0.000,0.000,0.000,0.000,0.000,0.000,0.000,0.000,0,0,0.657,0.809,4.974,0.000,14
Classic CPU ROAM,RelWithDebInfo,OpenGL,NVIDIA GeForce RTX 5090 D/PCIe/SSE2,4.3.0 NVIDIA 591.86,false,assets/heightmaps/Hm_Terrain_Test_129.pgm,129,129,30.000,4.000,14,4.000,2.000,20000,0.477,0.000,6.000,8.026,8.551,13118,41484,13116,146,73,274,112,0,0,0,0,1,0.000,8.509,8.190,0.162,0.683,0.069,0.101,0.000,0.562,0.050,0.095,4.697,1.770,0.248,0.000,0.000,0.000,0.000,0.000,0.000,0.000,0.000,0.000,0.000,0.000,0.000,0.000,0.000,0.000,0,0,0.613,0.752,4.792,0.000,14
Classic CPU ROAM,RelWithDebInfo,OpenGL,NVIDIA GeForce RTX 5090 D/PCIe/SSE2,4.3.0 NVIDIA 591.86,false,assets/heightmaps/Hm_Terrain_Test_129.pgm,129,129,30.000,4.000,14,4.000,2.000,20000,0.486,0.000,6.000,7.819,9.196,13162,41852,13160,184,91,140,142,0,0,0,0,1,198.928,8.151,7.853,0.163,1.044,0.038,0.121,0.000,0.699,0.059,0.115,4.514,1.097,0.234,0.000,0.000,0.000,0.000,0.000,0.000,0.000,0.000,0.000,0.000,0.000,0.000,0.000,0.000,0.000,0,0,0.759,1.083,4.629,0.000,14
Classic CPU ROAM,RelWithDebInfo,OpenGL,NVIDIA GeForce RTX 5090 D/PCIe/SSE2,4.3.0 NVIDIA 591.86,false,assets/heightmaps/Hm_Terrain_Test_129.pgm,129,129,30.000,4.000,14,4.000,2.000,20000,0.494,0.000,6.000,7.624,8.672,13104,42160,13102,154,77,212,130,0,0,0,0,1,0.000,7.328,7.005,0.133,0.639,0.053,0.089,0.000,0.511,0.058,0.089,4.260,1.171,0.260,0.000,0.000,0.000,0.000,0.000,0.000,0.000,0.000,0.000,0.000,0.000,0.000,0.000,0.000,0.000,0,0,0.569,0.692,4.349,0.000,14
Classic CPU ROAM,RelWithDebInfo,OpenGL,NVIDIA GeForce RTX 5090 D/PCIe/SSE2,4.3.0 NVIDIA 591.86,false,assets/heightmaps/Hm_Terrain_Test_129.pgm,129,129,30.000,4.000,14,4.000,2.000,20000,0.502,0.000,6.000,7.448,7.837,13056,42392,13054,116,58,164,85,0,0,0,0,1,217.791,7.487,7.174,0.127,0.680,0.043,0.095,0.000,0.522,0.035,0.089,4.619,0.963,0.251,0.000,0.000,0.000,0.000,0.000,0.000,0.000,0.000,0.000,0.000,0.000,0.000,0.000,0.000,0.000,0,0,0.557,0.724,4.708,0.000,14
Classic CPU ROAM,RelWithDebInfo,OpenGL,NVIDIA GeForce RTX 5090 D/PCIe/SSE2,4.3.0 NVIDIA 591.86,false,assets/heightmaps/Hm_Terrain_Test_129.pgm,129,129,30.000,4.000,14,4.000,2.000,20000,0.510,0.000,6.000,7.267,8.048,13041,42752,13039,180,89,195,124,0,0,0,0,1,0.000,8.464,8.131,0.158,0.661,0.050,0.092,0.000,0.519,0.055,0.093,4.578,1.923,0.270,0.000,0.000,0.000,0.000,0.000,0.000,0.000,0.000,0.000,0.000,0.000,0.000,0.000,0.000,0.000,0,0,0.575,0.711,4.671,0.000,14
Classic CPU ROAM,RelWithDebInfo,OpenGL,NVIDIA GeForce RTX 5090 D/PCIe/SSE2,4.3.0 NVIDIA 591.86,false,assets/heightmaps/Hm_Terrain_Test_129.pgm,129,129,30.000,4.000,14,4.000,2.000,20000,0.519,0.000,6.000,7.062,9.139,12936,43020,12934,134,67,239,116,0,0,0,0,1,0.000,8.061,7.625,0.272,0.947,0.062,0.136,0.000,0.790,0.064,0.107,4.372,0.874,0.347,0.000,0.000,0.000,0.000,0.000,0.000,0.000,0.000,0.000,0.000,0.000,0.000,0.000,0.000,0.000,0,0,0.855,1.009,4.479,0.000,14
Classic CPU ROAM,RelWithDebInfo,OpenGL,NVIDIA GeForce RTX 5090 D/PCIe/SSE2,4.3.0 NVIDIA 591.86,false,assets/heightmaps/Hm_Terrain_Test_129.pgm,129,129,30.000,4.000,14,4.000,2.000,20000,0.528,0.000,6.000,6.860,8.981,12970,43356,12968,168,83,134,123,0,0,0,0,1,213.299,7.675,7.324,0.175,0.655,0.034,0.089,0.000,0.520,0.065,0.122,4.431,1.230,0.285,0.000,0.000,0.000,0.000,0.000,0.000,0.000,0.000,0.000,0.000,0.000,0.000,0.000,0.000,0.000,0,0,0.586,0.689,4.553,0.000,14
Classic CPU ROAM,RelWithDebInfo,OpenGL,NVIDIA GeForce RTX 5090 D/PCIe/SSE2,4.3.0 NVIDIA 591.86,false,assets/heightmaps/Hm_Terrain_Test_129.pgm,129,129,30.000,4.000,14,4.000,2.000,20000,0.537,0.000,6.000,6.665,8.718,12932,43716,12930,180,90,218,125,0,0,0,0,1,0.000,10.664,10.340,0.211,1.345,0.063,0.241,0.000,0.885,0.061,0.133,5.863,1.537,0.248,0.000,0.000,0.000,0.000,0.000,0.000,0.000,0.000,0.000,0.000,0.000,0.000,0.000,0.000,0.000,0,0,0.947,1.408,5.996,0.000,14
Classic CPU ROAM,RelWithDebInfo,OpenGL,NVIDIA GeForce RTX 5090 D/PCIe/SSE2,4.3.0 NVIDIA 591.86,false,assets/heightmaps/Hm_Terrain_Test_129.pgm,129,129,30.000,4.000,14,4.000,2.000,20000,0.549,0.000,6.000,6.409,11.437,12871,44132,12869,208,103,269,172,0,0,0,0,1,171.242,9.418,9.122,0.272,1.018,0.075,0.122,0.000,0.716,0.115,0.125,4.934,1.744,0.226,0.000,0.000,0.000,0.000,0.000,0.000,0.000,0.000,0.000,0.000,0.000,0.000,0.000,0.000,0.000,0,0,0.832,1.093,5.058,0.000,14
Classic CPU ROAM,RelWithDebInfo,OpenGL,NVIDIA GeForce RTX 5090 D/PCIe/SSE2,4.3.0 NVIDIA 591.86,false,assets/heightmaps/Hm_Terrain_Test_129.pgm,129,129,30.000,4.000,14,4.000,2.000,20000,0.559,0.000,6.000,6.186,10.045,12707,44512,12705,190,95,354,135,0,0,0,0,1,210.517,7.702,7.421,0.147,0.694,0.086,0.086,0.000,0.536,0.057,0.105,4.820,0.889,0.224,0.000,0.000,0.000,0.000,0.000,0.000,0.000,0.000,0.000,0.000,0.000,0.000,0.000,0.000,0.000,0,0,0.593,0.780,4.925,0.000,14
Classic CPU ROAM,RelWithDebInfo,OpenGL,NVIDIA GeForce RTX 5090 D/PCIe/SSE2,4.3.0 NVIDIA 591.86,false,assets/heightmaps/Hm_Terrain_Test_129.pgm,129,129,30.000,4.000,14,4.000,2.000,20000,0.567,0.000,6.000,6.003,8.238,12728,44832,12726,160,80,139,111,0,0,0,0,1,0.000,7.305,7.020,0.114,0.639,0.034,0.090,0.000,0.476,0.047,0.109,4.705,0.804,0.227,0.000,0.000,0.000,0.000,0.000,0.000,0.000,0.000,0.000,0.000,0.000,0.000,0.000,0.000,0.000,0,0,0.524,0.674,4.814,0.000,14
Classic CPU ROAM,RelWithDebInfo,OpenGL,NVIDIA GeForce RTX 5090 D/PCIe/SSE2,4.3.0 NVIDIA 591.86,false,assets/heightmaps/Hm_Terrain_Test_129.pgm,129,129,30.000,4.000,14,4.000,2.000,20000,0.575,0.000,6.000,5.830,7.859,12692,45096,12690,132,65,168,104,0,0,0,0,1,201.910,8.051,7.737,0.174,0.750,0.043,0.114,0.000,0.561,0.090,0.225,4.791,0.988,0.250,0.000,0.000,0.000,0.000,0.000,0.000,0.000,0.000,0.000,0.000,0.000,0.000,0.000,0.000,0.000,0,0,0.652,0.794,5.016,0.000,14
Classic CPU ROAM,RelWithDebInfo,OpenGL,NVIDIA GeForce RTX 5090 D/PCIe/SSE2,4.3.0 NVIDIA 591.86,false,assets/heightmaps/Hm_Terrain_Test_129.pgm,129,129,30.000,4.000,14,4.000,2.000,20000,0.583,0.000,6.000,5.640,8.656,12642,45304,12640,104,52,154,76,0,0,0,0,1,0.000,7.667,7.363,0.225,0.736,0.039,0.090,0.000,0.487,0.034,0.109,4.569,1.074,0.238,0.000,0.000,0.000,0.000,0.000,0.000,0.000,0.000,0.000,0.000,0.000,0.000,0.000,0.000,0.000,0,0,0.521,0.775,4.678,0.000,14
Classic CPU ROAM,RelWithDebInfo,OpenGL,NVIDIA GeForce RTX 5090 D/PCIe/SSE2,4.3.0 NVIDIA 591.86,false,assets/heightmaps/Hm_Terrain_Test_129.pgm,129,129,30.000,4.000,14,4.000,2.000,20000,0.592,0.000,6.000,5.461,8.206,12537,45572,12535,134,66,239,123,0,0,0,0,1,228.026,7.122,6.851,0.171,0.638,0.057,0.086,0.000,0.438,0.038,0.111,4.484,0.827,0.215,0.000,0.000,0.000,0.000,0.000,0.000,0.000,0.000,0.000,0.000,0.000,0.000,0.000,0.000,0.000,0,0,0.476,0.696,4.595,0.000,14
Classic CPU ROAM,RelWithDebInfo,OpenGL,NVIDIA GeForce RTX 5090 D/PCIe/SSE2,4.3.0 NVIDIA 591.86,false,assets/heightmaps/Hm_Terrain_Test_129.pgm,129,129,30.000,4.000,14,4.000,2.000,20000,0.599,0.000,6.000,5.295,7.651,12430,45772,12428,100,50,207,91,0,0,0,0,1,0.000,7.994,7.647,0.140,0.637,0.051,0.086,0.000,0.417,0.077,0.103,4.855,1.280,0.284,0.000,0.000,0.000,0.000,0.000,0.000,0.000,0.000,0.000,0.000,0.000,0.000,0.000,0.000,0.000,0,0,0.495,0.688,4.958,0.000,14
Classic CPU ROAM,RelWithDebInfo,OpenGL,NVIDIA GeForce RTX 5090 D/PCIe/SSE2,4.3.0 NVIDIA 591.86,false,assets/heightmaps/Hm_Terrain_Test_129.pgm,129,129,30.000,4.000,14,4.000,2.000,20000,0.608,0.000,6.000,5.111,8.584,12420,45952,12418,90,45,100,65,0,0,0,0,1,179.538,9.043,8.701,0.177,0.740,0.027,0.101,0.000,0.483,0.023,0.086,5.054,2.010,0.271,0.000,0.000,0.000,0.000,0.000,0.000,0.000,0.000,0.000,0.000,0.000,0.000,0.000,0.000,0.000,0,0,0.507,0.767,5.140,0.000,14
Classic CPU ROAM,RelWithDebInfo,OpenGL,NVIDIA GeForce RTX 5090 D/PCIe/SSE2,4.3.0 NVIDIA 591.86,false,assets/heightmaps/Hm_Terrain_Test_129.pgm,129,129,30.000,4.000,14,4.000,2.000,20000,0.618,0.000,6.000,4.905,9.649,12246,46156,12244,102,50,276,162,0,0,0,0,1,0.000,8.733,8.429,0.226,1.476,0.076,0.175,0.000,0.588,0.028,0.104,4.396,1.359,0.241,0.000,0.000,0.000,0.000,0.000,0.000,0.000,0.000,0.000,0.000,0.000,0.000,0.000,0.000,0.000,0,0,0.617,1.553,4.499,0.000,14
Classic CPU ROAM,RelWithDebInfo,OpenGL,NVIDIA GeForce RTX 5090 D/PCIe/SSE2,4.3.0 NVIDIA 591.86,false,assets/heightmaps/Hm_Terrain_Test_129.pgm,129,129,30.000,4.000,14,4.000,2.000,20000,0.627,0.000,6.000,4.709,9.240,12218,46344,12216,94,47,122,75,0,0,0,0,1,190.847,8.478,8.186,0.124,0.650,0.032,0.085,0.000,0.424,0.024,0.111,5.026,1.711,0.229,0.000,0.000,0.000,0.000,0.000,0.000,0.000,0.000,0.000,0.000,0.000,0.000,0.000,0.000,0.000,0,0,0.448,0.682,5.137,0.000,14
Classic CPU ROAM,RelWithDebInfo,OpenGL,NVIDIA GeForce RTX 5090 D/PCIe/SSE2,4.3.0 NVIDIA 591.86,false,assets/heightmaps/Hm_Terrain_Test_129.pgm,129,129,30.000,4.000,14,4.000,2.000,20000,0.636,0.000,6.000,4.519,9.073,11981,46556,11979,106,52,343,135,0,0,0,0,1,0.000,8.482,8.170,0.161,0.800,0.085,0.101,0.000,0.498,0.058,0.191,4.779,1.497,0.239,0.000,0.000,0.000,0.000,0.000,0.000,0.000,0.000,0.000,0.000,0.000,0.000,0.000,0.000,0.000,0,0,0.556,0.886,4.969,0.000,14
Classic CPU ROAM,RelWithDebInfo,OpenGL,NVIDIA GeForce RTX 5090 D/PCIe/SSE2,4.3.0 NVIDIA 591.86,false,assets/heightmaps/Hm_Terrain_Test_129.pgm,129,129,30.000,4.000,14,4.000,2.000,20000,0.645,0.000,6.000,4.327,9.253,11840,46728,11838,86,43,227,89,0,0,0,0,1,0.000,7.578,7.276,0.205,1.061,0.067,0.141,0.000,0.557,0.027,0.084,4.222,0.910,0.230,0.000,0.000,0.000,0.000,0.000,0.000,0.000,0.000,0.000,0.000,0.000,0.000,0.000,0.000,0.000,0,0,0.584,1.130,4.306,0.000,14
Classic CPU ROAM,RelWithDebInfo,OpenGL,NVIDIA GeForce RTX 5090 D/PCIe/SSE2,4.3.0 NVIDIA 591.86,false,assets/heightmaps/Hm_Terrain_Test_129.pgm,129,129,30.000,4.000,14,4.000,2.000,20000,0.654,0.000,6.000,4.154,8.460,11832,46924,11830,98,49,106,72,0,0,0,0,1,229.183,7.098,6.815,0.178,0.672,0.029,0.083,0.000,0.419,0.034,0.098,4.261,1.041,0.210,0.000,0.000,0.000,0.000,0.000,0.000,0.000,0.000,0.000,0.000,0.000,0.000,0.000,0.000,0.000,0,0,0.453,0.701,4.359,0.000,14
Classic CPU ROAM,RelWithDebInfo,OpenGL,NVIDIA GeForce RTX 5090 D/PCIe/SSE2,4.3.0 NVIDIA 591.86,false,assets/heightmaps/Hm_Terrain_Test_129.pgm,129,129,30.000,4.000,14,4.000,2.000,20000,0.661,0.000,6.000,3.999,7.629,11688,47024,11686,50,24,194,110,0,0,0,0,1,0.000,7.346,7.084,0.163,0.669,0.051,0.080,0.000,0.372,0.013,0.098,4.343,1.294,0.208,0.000,0.000,0.000,0.000,0.000,0.000,0.000,0.000,0.000,0.000,0.000,0.000,0.000,0.000,0.000,0,0,0.386,0.720,4.441,0.000,14
Classic CPU ROAM,RelWithDebInfo,OpenGL,NVIDIA GeForce RTX 5090 D/PCIe/SSE2,4.3.0 NVIDIA 591.86,false,assets/heightmaps/Hm_Terrain_Test_129.pgm,129,129,30.000,4.000,14,4.000,2.000,20000,0.669,0.000,6.000,3.841,7.883,11652,47192,11650,84,42,120,76,0,0,0,0,1,0.000,7.364,7.097,0.152,0.664,0.031,0.088,0.000,0.389,0.065,0.101,4.604,1.002,0.210,0.000,0.000,0.000,0.000,0.000,0.000,0.000,0.000,0.000,0.000,0.000,0.000,0.000,0.000,0.000,0,0,0.454,0.696,4.705,0.000,14
Classic CPU ROAM,RelWithDebInfo,OpenGL,NVIDIA GeForce RTX 5090 D/PCIe/SSE2,4.3.0 NVIDIA 591.86,false,assets/heightmaps/Hm_Terrain_Test_129.pgm,129,129,30.000,4.000,14,4.000,2.000,20000,0.677,0.000,6.000,3.684,7.919,11568,47352,11566,80,40,164,82,0,0,0,0,1,0.000,7.215,6.945,0.207,0.657,0.042,0.090,0.000,0.391,0.020,0.099,4.256,1.182,0.209,0.000,0.000,0.000,0.000,0.000,0.000,0.000,0.000,0.000,0.000,0.000,0.000,0.000,0.000,0.000,0,0,0.411,0.699,4.355,0.000,14
Classic CPU ROAM,RelWithDebInfo,OpenGL,NVIDIA GeForce RTX 5090 D/PCIe/SSE2,4.3.0 NVIDIA 591.86,false,assets/heightmaps/Hm_Terrain_Test_129.pgm,129,129,30.000,4.000,14,4.000,2.000,20000,0.685,0.000,6.000,3.532,7.767,11451,47504,11449,76,37,193,90,0,0,0,0,1,0.000,6.441,6.185,0.160,0.676,0.049,0.092,0.000,0.400,0.022,0.081,4.003,0.701,0.201,0.000,0.000,0.000,0.000,0.000,0.000,0.000,0.000,0.000,0.000,0.000,0.000,0.000,0.000,0.000,0,0,0.423,0.725,4.084,0.000,14
Classic CPU ROAM,RelWithDebInfo,OpenGL,NVIDIA GeForce RTX 5090 D/PCIe/SSE2,4.3.0 NVIDIA 591.86,false,assets/heightmaps/Hm_Terrain_Test_129.pgm,129,129,30.000,4.000,14,4.000,2.000,20000,0.692,0.000,6.000,3.399,6.914,11354,47624,11352,60,30,157,68,0,0,0,0,1,0.000,6.983,6.731,0.119,0.576,0.039,0.078,0.000,0.449,0.031,0.088,4.498,0.851,0.202,0.000,0.000,0.000,0.000,0.000,0.000,0.000,0.000,0.000,0.000,0.000,0.000,0.000,0.000,0.000,0,0,0.481,0.615,4.586,0.000,14
Classic CPU ROAM,RelWithDebInfo,OpenGL,NVIDIA GeForce RTX 5090 D/PCIe/SSE2,4.3.0 NVIDIA 591.86,false,assets/heightmaps/Hm_Terrain_Test_129.pgm,129,129,30.000,4.000,14,4.000,2.000,20000,0.699,0.000,6.000,3.256,7.478,11292,47768,11290,72,36,134,82,0,0,0,0,1,0.000,6.424,6.175,0.135,0.608,0.035,0.085,0.000,0.365,0.019,0.086,4.067,0.773,0.194,0.000,0.000,0.000,0.000,0.000,0.000,0.000,0.000,0.000,0.000,0.000,0.000,0.000,0.000,0.000,0,0,0.385,0.643,4.154,0.000,14
Classic CPU ROAM,RelWithDebInfo,OpenGL,NVIDIA GeForce RTX 5090 D/PCIe/SSE2,4.3.0 NVIDIA 591.86,false,assets/heightmaps/Hm_Terrain_Test_129.pgm,129,129,30.000,4.000,14,4.000,2.000,20000,0.706,0.000,6.000,3.126,6.910,11279,47910,11277,71,35,84,53,0,0,0,0,1,395.615,8.209,7.898,0.109,0.627,0.025,0.135,0.000,0.378,0.023,0.094,4.702,1.804,0.246,0.000,0.000,0.000,0.000,0.000,0.000,0.000,0.000,0.000,0.000,0.000,0.000,0.000,0.000,0.000,0,0,0.401,0.652,4.796,0.000,14
Classic CPU ROAM,RelWithDebInfo,OpenGL,NVIDIA GeForce RTX 5090 D/PCIe/SSE2,4.3.0 NVIDIA 591.86,false,assets/heightmaps/Hm_Terrain_Test_129.pgm,129,129,30.000,4.000,14,4.000,2.000,20000,0.715,0.000,6.000,2.962,8.895,11172,48072,11170,81,40,188,104,0,0,0,0,1,205.128,8.034,7.615,0.252,1.209,0.058,0.188,0.000,0.521,0.027,0.106,4.120,1.133,0.321,0.000,0.000,0.000,0.000,0.000,0.000,0.000,0.000,0.000,0.000,0.000,0.000,0.000,0.000,0.000,0,0,0.548,1.268,4.226,0.000,14
Classic CPU ROAM,RelWithDebInfo,OpenGL,NVIDIA GeForce RTX 5090 D/PCIe/SSE2,4.3.0 NVIDIA 591.86,false,assets/heightmaps/Hm_Terrain_Test_129.pgm,129,129,30.000,4.000,14,4.000,2.000,20000,0.724,0.000,6.000,2.803,8.733,11045,48228,11043,78,39,205,92,0,0,0,0,1,0.000,6.360,6.111,0.158,0.661,0.051,0.082,0.000,0.351,0.020,0.078,3.723,0.987,0.194,0.000,0.000,0.000,0.000,0.000,0.000,0.000,0.000,0.000,0.000,0.000,0.000,0.000,0.000,0.000,0,0,0.371,0.712,3.800,0.000,14
Classic CPU ROAM,RelWithDebInfo,OpenGL,NVIDIA GeForce RTX 5090 D/PCIe/SSE2,4.3.0 NVIDIA 591.86,false,assets/heightmaps/Hm_Terrain_Test_129.pgm,129,129,30.000,4.000,14,4.000,2.000,20000,0.731,0.000,6.000,2.681,6.842,10992,48368,10990,70,35,123,55,0,0,0,0,1,0.000,6.426,6.161,0.110,0.588,0.029,0.077,0.000,0.310,0.017,0.075,3.750,1.206,0.209,0.000,0.000,0.000,0.000,0.000,0.000,0.000,0.000,0.000,0.000,0.000,0.000,0.000,0.000,0.000,0,0,0.327,0.617,3.825,0.000,14
Classic CPU ROAM,RelWithDebInfo,OpenGL,NVIDIA GeForce RTX 5090 D/PCIe/SSE2,4.3.0 NVIDIA 591.86,false,assets/heightmaps/Hm_Terrain_Test_129.pgm,129,129,30.000,4.000,14,4.000,2.000,20000,0.737,0.000,6.000,2.559,6.909,10842,48464,10840,48,23,198,76,0,0,0,0,1,538.329,6.363,5.803,0.115,0.615,0.049,0.080,0.000,0.324,0.013,0.075,3.658,0.874,0.465,0.000,0.000,0.000,0.000,0.000,0.000,0.000,0.000,0.000,0.000,0.000,0.000,0.000,0.000,0.000,0,0,0.338,0.664,3.733,0.000,14
Classic CPU ROAM,RelWithDebInfo,OpenGL,NVIDIA GeForce RTX 5090 D/PCIe/SSE2,4.3.0 NVIDIA 591.86,false,assets/heightmaps/Hm_Terrain_Test_129.pgm,129,129,30.000,4.000,14,4.000,2.000,20000,0.744,0.000,6.000,2.439,6.957,10750,48572,10748,54,27,146,64,0,0,0,0,1,0.000,6.266,5.963,0.143,0.581,0.038,0.075,0.000,0.320,0.015,0.073,3.864,0.853,0.241,0.000,0.000,0.000,0.000,0.000,0.000,0.000,0.000,0.000,0.000,0.000,0.000,0.000,0.000,0.000,0,0,0.336,0.619,3.938,0.000,14
Classic CPU ROAM,RelWithDebInfo,OpenGL,NVIDIA GeForce RTX 5090 D/PCIe/SSE2,4.3.0 NVIDIA 591.86,false,assets/heightmaps/Hm_Terrain_Test_129.pgm,129,129,30.000,4.000,14,4.000,2.000,20000,0.751,0.000,6.000,2.324,6.797,10674,48720,10672,74,37,150,64,0,0,0,0,1,271.640,6.112,5.751,0.115,0.580,0.038,0.076,0.000,0.312,0.021,0.094,3.790,0.725,0.289,0.000,0.000,0.000,0.000,0.000,0.000,0.000,0.000,0.000,0.000,0.000,0.000,0.000,0.000,0.000,0,0,0.333,0.618,3.884,0.000,14
Classic CPU ROAM,RelWithDebInfo,OpenGL,NVIDIA GeForce RTX 5090 D/PCIe/SSE2,4.3.0 NVIDIA 591.86,false,assets/heightmaps/Hm_Terrain_Test_129.pgm,129,129,30.000,4.000,14,4.000,2.000,20000,0.758,0.000,6.000,2.212,6.727,10664,48856,10662,68,34,78,53,0,0,0,0,1,0.000,6.029,5.576,0.109,0.522,0.020,0.071,0.000,0.277,0.017,0.072,3.815,0.672,0.362,0.000,0.000,0.000,0.000,0.000,0.000,0.000,0.000,0.000,0.000,0.000,0.000,0.000,0.000,0.000,0,0,0.294,0.542,3.888,0.000,14
Classic CPU ROAM,RelWithDebInfo,OpenGL,NVIDIA GeForce RTX 5090 D/PCIe/SSE2,4.3.0 NVIDIA 591.86,false,assets/heightmaps/Hm_Terrain_Test_129.pgm,129,129,30.000,4.000,14,4.000,2.000,20000,0.765,0.000,6.000,2.100,6.811,10602,48940,10600,42,20,104,66,0,0,0,0,1,279.053,5.887,5.597,0.132,0.579,0.027,0.075,0.000,0.276,0.012,0.078,3.619,0.799,0.225,0.000,0.000,0.000,0.000,0.000,0.000,0.000,0.000,0.000,0.000,0.000,0.000,0.000,0.000,0.000,0,0,0.288,0.606,3.697,0.000,14
Classic CPU ROAM,RelWithDebInfo,OpenGL,NVIDIA GeForce RTX 5090 D/PCIe/SSE2,4.3.0 NVIDIA 591.86,false,assets/heightmaps/Hm_Terrain_Test_129.pgm,129,129,30.000,4.000,14,4.000,2.000,20000,0.771,0.000,6.000,1.992,6.779,10536,49020,10534,40,20,106,58,0,0,0,0,1,0.000,6.403,6.105,0.158,0.700,0.030,0.089,0.000,0.297,0.013,0.073,3.956,0.789,0.228,0.000,0.000,0.000,0.000,0.000,0.000,0.000,0.000,0.000,0.000,0.000,0.000,0.000,0.000,0.000,0,0,0.310,0.730,4.029,0.000,14
Classic CPU ROAM,RelWithDebInfo,OpenGL,NVIDIA GeForce RTX 5090 D/PCIe/SSE2,4.3.0 NVIDIA 591.86,false,assets/heightmaps/Hm_Terrain_Test_129.pgm,129,129,30.000,4.000,14,4.000,2.000,20000,0.778,0.000,6.000,1.883,6.937,10502,49164,10500,72,36,106,60,0,0,0,0,1,0.000,6.181,5.885,0.191,0.570,0.028,0.074,0.000,0.292,0.021,0.094,3.912,0.703,0.239,0.000,0.000,0.000,0.000,0.000,0.000,0.000,0.000,0.000,0.000,0.000,0.000,0.000,0.000,0.000,0,0,0.313,0.598,4.006,0.000,14
Classic CPU ROAM,RelWithDebInfo,OpenGL,NVIDIA GeForce RTX 5090 D/PCIe/SSE2,4.3.0 NVIDIA 591.86,false,assets/heightmaps/Hm_Terrain_Test_129.pgm,129,129,30.000,4.000,14,4.000,2.000,20000,0.786,0.000,6.000,1.773,7.145,10436,49280,10434,58,29,124,62,0,0,0,0,1,0.000,6.964,6.696,0.334,0.659,0.032,0.082,0.000,0.311,0.020,0.110,4.046,1.103,0.208,0.000,0.000,0.000,0.000,0.000,0.000,0.000,0.000,0.000,0.000,0.000,0.000,0.000,0.000,0.000,0,0,0.331,0.691,4.156,0.000,14
Classic CPU ROAM,RelWithDebInfo,OpenGL,NVIDIA GeForce RTX 5090 D/PCIe/SSE2,4.3.0 NVIDIA 591.86,false,assets/heightmaps/Hm_Terrain_Test_129.pgm,129,129,30.000,4.000,14,4.000,2.000,20000,0.793,0.000,6.000,1.661,7.505,10343,49420,10341,70,34,163,70,0,0,0,0,1,0.000,6.647,6.341,0.121,0.525,0.042,0.073,0.000,0.256,0.063,0.107,3.716,1.437,0.231,0.000,0.000,0.000,0.000,0.000,0.000,0.000,0.000,0.000,0.000,0.000,0.000,0.000,0.000,0.000,0,0,0.319,0.567,3.824,0.000,14
Classic CPU ROAM,RelWithDebInfo,OpenGL,NVIDIA GeForce RTX 5090 D/PCIe/SSE2,4.3.0 NVIDIA 591.86,false,assets/heightmaps/Hm_Terrain_Test_129.pgm,129,129,30.000,4.000,14,4.000,2.000,20000,0.800,0.000,6.000,1.557,7.154,10302,49520,10300,50,25,91,44,0,0,0,0,1,0.000,6.014,5.660,0.125,0.646,0.024,0.081,0.000,0.259,0.015,0.072,3.703,0.734,0.270,0.000,0.000,0.000,0.000,0.000,0.000,0.000,0.000,0.000,0.000,0.000,0.000,0.000,0.000,0.000,0,0,0.274,0.671,3.775,0.000,14
Classic CPU ROAM,RelWithDebInfo,OpenGL,NVIDIA GeForce RTX 5090 D/PCIe/SSE2,4.3.0 NVIDIA 591.86,false,assets/heightmaps/Hm_Terrain_Test_129.pgm,129,129,30.000,4.000,14,4.000,2.000,20000,0.807,0.000,6.000,1.460,6.826,10230,49564,10228,22,11,94,52,0,0,0,0,1,0.000,5.729,5.460,0.167,0.539,0.024,0.074,0.000,0.249,0.007,0.072,3.655,0.671,0.212,0.000,0.000,0.000,0.000,0.000,0.000,0.000,0.000,0.000,0.000,0.000,0.000,0.000,0.000,0.000,0,0,0.256,0.563,3.727,0.000,14
Classic CPU ROAM,RelWithDebInfo,OpenGL,NVIDIA GeForce RTX 5090 D/PCIe/SSE2,4.3.0 NVIDIA 591.86,false,assets/heightmaps/Hm_Terrain_Test_129.pgm,129,129,30.000,4.000,14,4.000,2.000,20000,0.813,0.000,6.000,1.373,6.269,10164,49632,10162,34,17,100,54,0,0,0,0,1,278.292,5.851,5.614,0.120,0.517,0.026,0.072,0.000,0.252,0.011,0.075,3.833,0.706,0.181,0.000,0.000,0.000,0.000,0.000,0.000,0.000,0.000,0.000,0.000,0.000,0.000,0.000,0.000,0.000,0,0,0.264,0.543,3.908,0.000,14
Classic CPU ROAM,RelWithDebInfo,OpenGL,NVIDIA GeForce RTX 5090 D/PCIe/SSE2,4.3.0 NVIDIA 591.86,false,assets/heightmaps/Hm_Terrain_Test_129.pgm,129,129,30.000,4.000,14,4.000,2.000,20000,0.820,0.000,6.000,1.286,6.442,10180,49804,10178,86,43,70,59,0,0,0,0,1,0.000,5.747,5.525,0.195,0.551,0.019,0.098,0.000,0.246,0.022,0.090,3.708,0.595,0.175,0.000,0.000,0.000,0.000,0.000,0.000,0.000,0.000,0.000,0.000,0.000,0.000,0.000,0.000,0.000,0,0,0.269,0.570,3.798,0.000,14
Classic CPU ROAM,RelWithDebInfo,OpenGL,NVIDIA GeForce RTX 5090 D/PCIe/SSE2,4.3.0 NVIDIA 591.86,false,assets/heightmaps/Hm_Terrain_Test_129.pgm,129,129,30.000,4.000,14,4.000,2.000,20000,0.826,0.000,6.000,1.202,6.380,10130,49888,10128,42,20,92,48,0,0,0,0,1,0.000,5.584,5.352,0.256,0.535,0.027,0.072,0.000,0.232,0.011,0.088,3.523,0.608,0.178,0.000,0.000,0.000,0.000,0.000,0.000,0.000,0.000,0.000,0.000,0.000,0.000,0.000,0.000,0.000,0,0,0.243,0.563,3.612,0.000,14
Classic CPU ROAM,RelWithDebInfo,OpenGL,NVIDIA GeForce RTX 5090 D/PCIe/SSE2,4.3.0 NVIDIA 591.86,false,assets/heightmaps/Hm_Terrain_Test_129.pgm,129,129,30.000,4.000,14,4.000,2.000,20000,0.832,0.000,6.000,1.124,6.117,10098,49976,10096,44,22,76,38,0,0,0,0,1,0.000,5.683,5.458,0.196,0.701,0.022,0.077,0.000,0.248,0.021,0.139,3.507,0.544,0.173,0.000,0.000,0.000,0.000,0.000,0.000,0.000,0.000,0.000,0.000,0.000,0.000,0.000,0.000,0.000,0,0,0.269,0.724,3.646,0.000,14
Classic CPU ROAM,RelWithDebInfo,OpenGL,NVIDIA GeForce RTX 5090 D/PCIe/SSE2,4.3.0 NVIDIA 591.86,false,assets/heightmaps/Hm_Terrain_Test_129.pgm,129,129,30.000,4.000,14,4.000,2.000,20000,0.838,0.000,6.000,1.049,6.104,10084,50064,10082,44,22,58,31,0,0,0,0,1,0.000,6.195,5.962,0.103,0.483,0.017,0.093,0.000,0.241,0.027,0.097,3.961,0.938,0.183,0.000,0.000,0.000,0.000,0.000,0.000,0.000,0.000,0.000,0.000,0.000,0.000,0.000,0.000,0.000,0,0,0.269,0.501,4.058,0.000,14
Classic CPU ROAM,RelWithDebInfo,OpenGL,NVIDIA GeForce RTX 5090 D/PCIe/SSE2,4.3.0 NVIDIA 591.86,false,assets/heightmaps/Hm_Terrain_Test_129.pgm,129,129,30.000,4.000,14,4.000,2.000,20000,0.845,0.000,6.000,0.968,6.769,10018,50136,10016,36,18,102,64,0,0,0,0,1,280.214,5.874,5.574,0.138,0.582,0.030,0.086,0.000,0.238,0.013,0.090,3.497,0.900,0.241,0.000,0.000,0.000,0.000,0.000,0.000,0.000,0.000,0.000,0.000,0.000,0.000,0.000,0.000,0.000,0,0,0.252,0.612,3.587,0.000,14
Classic CPU ROAM,RelWithDebInfo,OpenGL,NVIDIA GeForce RTX 5090 D/PCIe/SSE2,4.3.0 NVIDIA 591.86,false,assets/heightmaps/Hm_Terrain_Test_129.pgm,129,129,30.000,4.000,14,4.000,2.000,20000,0.852,0.000,6.000,0.892,6.516,10006,50236,10004,50,25,62,33,0,0,0,0,1,0.000,5.805,5.573,0.118,0.536,0.015,0.076,0.000,0.235,0.013,0.070,3.809,0.701,0.179,0.000,0.000,0.000,0.000,0.000,0.000,0.000,0.000,0.000,0.000,0.000,0.000,0.000,0.000,0.000,0,0,0.248,0.551,3.879,0.000,14
Classic CPU ROAM,RelWithDebInfo,OpenGL,NVIDIA GeForce RTX 5090 D/PCIe/SSE2,4.3.0 NVIDIA 591.86,false,assets/heightmaps/Hm_Terrain_Test_129.pgm,129,129,30.000,4.000,14,4.000,2.000,20000,0.858,0.000,6.000,0.822,6.280,9908,50324,9906,44,22,142,52,0,0,0,0,1,273.355,5.956,5.715,0.092,0.504,0.034,0.069,0.000,0.208,0.012,0.080,4.048,0.668,0.188,0.000,0.000,0.000,0.000,0.000,0.000,0.000,0.000,0.000,0.000,0.000,0.000,0.000,0.000,0.000,0,0,0.220,0.538,4.128,0.000,14
Classic CPU ROAM,RelWithDebInfo,OpenGL,NVIDIA GeForce RTX 5090 D/PCIe/SSE2,4.3.0 NVIDIA 591.86,false,assets/heightmaps/Hm_Terrain_Test_129.pgm,129,129,30.000,4.000,14,4.000,2.000,20000,0.864,0.000,6.000,0.753,6.423,9887,50432,9885,54,26,75,37,0,0,0,0,1,0.000,6.009,5.759,0.107,0.481,0.019,0.070,0.000,0.201,0.015,0.093,4.095,0.678,0.202,0.000,0.000,0.000,0.000,0.000,0.000,0.000,0.000,0.000,0.000,0.000,0.000,0.000,0.000,0.000,0,0,0.217,0.500,4.188,0.000,14
Classic CPU ROAM,RelWithDebInfo,OpenGL,NVIDIA GeForce RTX 5090 D/PCIe/SSE2,4.3.0 NVIDIA 591.86,false,assets/heightmaps/Hm_Terrain_Test_129.pgm,129,129,30.000,4.000,14,4.000,2.000,20000,0.871,0.000,6.000,0.687,6.426,9861,50548,9859,58,29,84,40,0,0,0,0,1,0.000,6.288,6.057,0.087,0.491,0.022,0.071,0.000,0.196,0.014,0.095,4.257,0.823,0.180,0.000,0.000,0.000,0.000,0.000,0.000,0.000,0.000,0.000,0.000,0.000,0.000,0.000,0.000,0.000,0,0,0.210,0.513,4.352,0.000,14
Classic CPU ROAM,RelWithDebInfo,OpenGL,NVIDIA GeForce RTX 5090 D/PCIe/SSE2,4.3.0 NVIDIA 591.86,false,assets/heightmaps/Hm_Terrain_Test_129.pgm,129,129,30.000,4.000,14,4.000,2.000,20000,0.878,0.000,6.000,0.620,6.763,9795,50616,9793,34,17,100,38,0,0,0,0,1,253.558,6.424,6.160,0.089,0.536,0.027,0.073,0.000,0.224,0.010,0.105,3.791,1.305,0.207,0.000,0.000,0.000,0.000,0.000,0.000,0.000,0.000,0.000,0.000,0.000,0.000,0.000,0.000,0.000,0,0,0.234,0.563,3.895,0.000,14
Classic CPU ROAM,RelWithDebInfo,OpenGL,NVIDIA GeForce RTX 5090 D/PCIe/SSE2,4.3.0 NVIDIA 591.86,false,assets/heightmaps/Hm_Terrain_Test_129.pgm,129,129,30.000,4.000,14,4.000,2.000,20000,0.885,0.000,6.000,0.552,7.125,9768,50704,9766,44,22,71,30,0,0,0,0,1,0.000,6.047,5.824,0.139,0.659,0.020,0.080,0.000,0.232,0.012,0.069,3.889,0.723,0.165,0.000,0.000,0.000,0.000,0.000,0.000,0.000,0.000,0.000,0.000,0.000,0.000,0.000,0.000,0.000,0,0,0.244,0.680,3.958,0.000,14
Classic CPU ROAM,RelWithDebInfo,OpenGL,NVIDIA GeForce RTX 5090 D/PCIe/SSE2,4.3.0 NVIDIA 591.86,false,assets/heightmaps/Hm_Terrain_Test_129.pgm,129,129,30.000,4.000,14,4.000,2.000,20000,0.891,0.000,6.000,0.494,6.536,9700,50756,9698,26,13,94,40,0,0,0,0,1,294.761,5.535,5.299,0.131,0.478,0.025,0.066,0.000,0.194,0.007,0.084,3.641,0.673,0.171,0.000,0.000,0.000,0.000,0.000,0.000,0.000,0.000,0.000,0.000,0.000,0.000,0.000,0.000,0.000,0,0,0.201,0.503,3.725,0.000,14
Classic CPU ROAM,RelWithDebInfo,OpenGL,NVIDIA GeForce RTX 5090 D/PCIe/SSE2,4.3.0 NVIDIA 591.86,false,assets/heightmaps/Hm_Terrain_Test_129.pgm,129,129,30.000,4.000,14,4.000,2.000,20000,0.897,0.000,6.000,0.444,5.852,9718,50828,9716,36,18,18,23,0,0,0,0,1,0.000,5.187,4.941,0.086,0.468,0.004,0.066,0.000,0.184,0.009,0.125,3.310,0.688,0.192,0.000,0.000,0.000,0.000,0.000,0.000,0.000,0.000,0.000,0.000,0.000,0.000,0.000,0.000,0.000,0,0,0.193,0.473,3.435,0.000,14
Classic CPU ROAM,RelWithDebInfo,OpenGL,NVIDIA GeForce RTX 5090 D/PCIe/SSE2,4.3.0 NVIDIA 591.86,false,assets/heightmaps/Hm_Terrain_Test_129.pgm,129,129,30.000,4.000,14,4.000,2.000,20000,0.903,0.000,6.000,0.399,5.577,9704,50884,9702,28,14,42,34,0,0,0,0,1,0.000,5.300,5.078,0.135,0.734,0.014,0.103,0.000,0.223,0.008,0.069,3.229,0.563,0.175,0.000,0.000,0.000,0.000,0.000,0.000,0.000,0.000,0.000,0.000,0.000,0.000,0.000,0.000,0.000,0,0,0.231,0.748,3.297,0.000,14
Classic CPU ROAM,RelWithDebInfo,OpenGL,NVIDIA GeForce RTX 5090 D/PCIe/SSE2,4.3.0 NVIDIA 591.86,false,assets/heightmaps/Hm_Terrain_Test_129.pgm,129,129,30.000,4.000,14,4.000,2.000,20000,0.908,0.000,6.000,0.355,5.652,9678,50924,9676,20,10,46,32,0,0,0,0,1,312.369,5.228,5.001,0.097,0.528,0.012,0.068,0.000,0.186,0.007,0.066,3.371,0.666,0.171,0.000,0.000,0.000,0.000,0.000,0.000,0.000,0.000,0.000,0.000,0.000,0.000,0.000,0.000,0.000,0,0,0.193,0.540,3.436,0.000,14
Classic CPU ROAM,RelWithDebInfo,OpenGL,NVIDIA GeForce RTX 5090 D/PCIe/SSE2,4.3.0 NVIDIA 591.86,false,assets/heightmaps/Hm_Terrain_Test_129.pgm,129,129,30.000,4.000,14,4.000,2.000,20000,0.914,0.000,6.000,0.314,5.610,9668,50964,9666,20,10,30,20,0,0,0,0,1,0.000,6.419,6.184,0.122,0.495,0.009,0.069,0.000,0.183,0.007,0.154,3.477,1.667,0.176,0.000,0.000,0.000,0.000,0.000,0.000,0.000,0.000,0.000,0.000,0.000,0.000,0.000,0.000,0.000,0,0,0.191,0.505,3.631,0.000,14
Classic CPU ROAM,RelWithDebInfo,OpenGL,NVIDIA GeForce RTX 5090 D/PCIe/SSE2,4.3.0 NVIDIA 591.86,false,assets/heightmaps/Hm_Terrain_Test_129.pgm,129,129,30.000,4.000,14,4.000,2.000,20000,0.921,0.000,6.000,0.268,6.843,9664,51016,9662,26,11,30,20,0,0,0,0,1,261.971,6.370,5.962,0.134,0.650,0.009,0.079,0.000,0.233,0.009,0.066,3.668,1.114,0.282,0.000,0.000,0.000,0.000,0.000,0.000,0.000,0.000,0.000,0.000,0.000,0.000,0.000,0.000,0.000,0,0,0.242,0.659,3.734,0.000,14
Classic CPU ROAM,RelWithDebInfo,OpenGL,NVIDIA GeForce RTX 5090 D/PCIe/SSE2,4.3.0 NVIDIA 591.86,false,assets/heightmaps/Hm_Terrain_Test_129.pgm,129,129,30.000,4.000,14,4.000,2.000,20000,0.928,0.000,6.000,0.222,7.264,9642,51064,9640,24,12,46,32,0,0,0,0,1,0.000,9.513,9.053,0.229,0.739,0.016,0.074,0.000,0.305,0.022,0.113,5.549,2.005,0.304,0.000,0.000,0.000,0.000,0.000,0.000,0.000,0.000,0.000,0.000,0.000,0.000,0.000,0.000,0.000,0,0,0.327,0.756,5.662,0.000,14
Classic CPU ROAM,RelWithDebInfo,OpenGL,NVIDIA GeForce RTX 5090 D/PCIe/SSE2,4.3.0 NVIDIA 591.86,false,assets/heightmaps/Hm_Terrain_Test_129.pgm,129,129,30.000,4.000,14,4.000,2.000,20000,0.938,0.000,6.000,0.163,10.462,9613,51162,9611,49,23,78,38,0,0,0,0,1,165.626,9.684,9.432,0.305,1.687,0.038,0.289,0.000,0.343,0.041,0.073,5.634,1.018,0.183,0.000,0.000,0.000,0.000,0.000,0.000,0.000,0.000,0.000,0.000,0.000,0.000,0.000,0.000,0.000,0,0,0.386,1.726,5.706,0.000,14
Classic CPU ROAM,RelWithDebInfo,OpenGL,NVIDIA GeForce RTX 5090 D/PCIe/SSE2,4.3.0 NVIDIA 591.86,false,assets/heightmaps/Hm_Terrain_Test_129.pgm,129,129,30.000,4.000,14,4.000,2.000,20000,0.949,0.000,6.000,0.115,10.108,9549,51222,9547,30,14,94,34,0,0,0,0,1,0.000,6.015,5.784,0.104,0.607,0.024,0.076,0.000,0.182,0.010,0.066,3.871,0.843,0.169,0.000,0.000,0.000,0.000,0.000,0.000,0.000,0.000,0.000,0.000,0.000,0.000,0.000,0.000,0.000,0,0,0.193,0.631,3.937,0.000,14
Classic CPU ROAM,RelWithDebInfo,OpenGL,NVIDIA GeForce RTX 5090 D/PCIe/SSE2,4.3.0 NVIDIA 591.86,false,assets/heightmaps/Hm_Terrain_Test_129.pgm,129,129,30.000,4.000,14,4.000,2.000,20000,0.955,0.000,6.000,0.088,6.413,9552,51260,9550,19,9,16,14,0,0,0,0,1,284.567,5.716,5.489,0.162,0.517,0.005,0.068,0.000,0.169,0.018,0.097,3.855,0.597,0.176,0.000,0.000,0.000,0.000,0.000,0.000,0.000,0.000,0.000,0.000,0.000,0.000,0.000,0.000,0.000,0,0,0.188,0.522,3.953,0.000,14
Classic CPU ROAM,RelWithDebInfo,OpenGL,NVIDIA GeForce RTX 5090 D/PCIe/SSE2,4.3.0 NVIDIA 591.86,false,assets/heightmaps/Hm_Terrain_Test_129.pgm,129,129,30.000,4.000,14,4.000,2.000,20000,0.961,0.000,6.000,0.066,6.075,9560,51280,9558,10,5,2,5,0,0,0,0,1,0.000,5.451,5.231,0.093,0.485,0.001,0.065,0.000,0.168,0.004,0.064,3.782,0.569,0.167,0.000,0.000,0.000,0.000,0.000,0.000,0.000,0.000,0.000,0.000,0.000,0.000,0.000,0.000,0.000,0,0,0.171,0.486,3.846,0.000,14
Classic CPU ROAM,RelWithDebInfo,OpenGL,NVIDIA GeForce RTX 5090 D/PCIe/SSE2,4.3.0 NVIDIA 591.86,false,assets/heightmaps/Hm_Terrain_Test_129.pgm,129,129,30.000,4.000,14,4.000,2.000,20000,0.967,0.000,6.000,0.048,5.797,9554,51296,9552,8,4,14,10,0,0,0,0,1,0.000,5.262,4.868,0.089,0.459,0.004,0.064,0.000,0.156,0.003,0.075,3.372,0.644,0.309,0.000,0.000,0.000,0.000,0.000,0.000,0.000,0.000,0.000,0.000,0.000,0.000,0.000,0.000,0.000,0,0,0.160,0.464,3.447,0.000,14
Classic CPU ROAM,RelWithDebInfo,OpenGL,NVIDIA GeForce RTX 5090 D/PCIe/SSE2,4.3.0 NVIDIA 591.86,false,assets/heightmaps/Hm_Terrain_Test_129.pgm,129,129,30.000,4.000,14,4.000,2.000,20000,0.973,0.000,6.000,0.032,6.030,9541,51302,9539,3,1,16,8,0,0,0,0,1,0.000,5.173,4.925,0.083,0.498,0.005,0.072,0.000,0.159,0.001,0.066,3.444,0.597,0.187,0.000,0.000,0.000,0.000,0.000,0.000,0.000,0.000,0.000,0.000,0.000,0.000,0.000,0.000,0.000,0,0,0.161,0.503,3.510,0.000,14
Classic CPU ROAM,RelWithDebInfo,OpenGL,NVIDIA GeForce RTX 5090 D/PCIe/SSE2,4.3.0 NVIDIA 591.86,false,assets/heightmaps/Hm_Terrain_Test_129.pgm,129,129,30.000,4.000,14,4.000,2.000,20000,0.979,0.000,6.000,0.020,5.764,9554,51328,9552,13,6,0,9,0,0,0,0,1,0.000,5.222,5.010,0.102,0.496,0.000,0.070,0.000,0.165,0.005,0.084,3.516,0.572,0.166,0.000,0.000,0.000,0.000,0.000,0.000,0.000,0.000,0.000,0.000,0.000,0.000,0.000,0.000,0.000,0,0,0.171,0.496,3.600,0.000,14
Classic CPU ROAM,RelWithDebInfo,OpenGL,NVIDIA GeForce RTX 5090 D/PCIe/SSE2,4.3.0 NVIDIA 591.86,false,assets/heightmaps/Hm_Terrain_Test_129.pgm,129,129,30.000,4.000,14,4.000,2.000,20000,0.984,0.000,6.000,0.011,5.583,9546,51332,9544,2,1,10,6,0,0,0,0,1,309.823,5.268,5.042,0.105,0.473,0.003,0.072,0.000,0.166,0.002,0.085,3.568,0.567,0.176,0.000,0.000,0.000,0.000,0.000,0.000,0.000,0.000,0.000,0.000,0.000,0.000,0.000,0.000,0.000,0,0,0.169,0.476,3.652,0.000,14
Classic CPU ROAM,RelWithDebInfo,OpenGL,NVIDIA GeForce RTX 5090 D/PCIe/SSE2,4.3.0 NVIDIA 591.86,false,assets/heightmaps/Hm_Terrain_Test_129.pgm,129,129,30.000,4.000,14,4.000,2.000,20000,0.990,0.000,6.000,0.005,5.701,9550,51340,9548,4,2,0,2,0,0,0,0,1,0.000,5.241,5.028,0.095,0.449,0.000,0.064,0.000,0.155,0.002,0.065,3.654,0.542,0.172,0.000,0.000,0.000,0.000,0.000,0.000,0.000,0.000,0.000,0.000,0.000,0.000,0.000,0.000,0.000,0,0,0.158,0.449,3.719,0.000,14
Classic CPU ROAM,RelWithDebInfo,OpenGL,NVIDIA GeForce RTX 5090 D/PCIe/SSE2,4.3.0 NVIDIA 591.86,false,assets/heightmaps/Hm_Terrain_Test_129.pgm,129,129,30.000,4.000,14,4.000,2.000,20000,0.996,0.000,6.000,0.001,5.564,9550,51340,9548,0,0,0,0,0,0,0,0,1,0.000,5.773,5.562,0.097,0.442,0.000,0.064,0.000,0.151,0.000,0.063,3.889,0.855,0.161,0.000,0.000,0.000,0.000,0.000,0.000,0.000,0.000,0.000,0.000,0.000,0.000,0.000,0.000,0.000,0,0,0.151,0.443,3.952,0.000,14
Classic CPU ROAM,RelWithDebInfo,OpenGL,NVIDIA GeForce RTX 5090 D/PCIe/SSE2,4.3.0 NVIDIA 591.86,false,assets/heightmaps/Hm_Terrain_Test_129.pgm,129,129,30.000,4.000,14,4.000,2.000,20000,1.000,0.000,6.000,0.000,6.086,9550,51340,9548,0,0,0,0,0,0,0,0,1,317.904,5.190,4.915,0.086,0.476,0.000,0.065,0.000,0.157,0.000,0.063,3.475,0.592,0.218,0.000,0.000,0.000,0.000,0.000,0.000,0.000,0.000,0.000,0.000,0.000,0.000,0.000,0.000,0.000,0,0,0.157,0.476,3.538,0.000,14
Data-Oriented CPU ROAM,RelWithDebInfo,OpenGL,NVIDIA GeForce RTX 5090 D/PCIe/SSE2,4.3.0 NVIDIA 591.86,false,assets/heightmaps/Hm_Terrain_Test_129.pgm,129,129,30.000,4.000,14,4.000,2.000,20000,0.000,0.000,6.000,15.000,24.093,15199,30396,15197,15197,7664,0,5233,0,0,0,0,8,73.736,21.554,21.188,6.782,0.000,0.002,0.000,0.001,0.001,10.199,0.332,1.978,1.893,0.292,0.000,0.000,0.000,0.000,0.000,0.000,0.000,0.000,0.000,0.000,0.000,0.000,0.000,0.000,0.000,0,0,10.201,0.003,2.310,0.000,14
Data-Oriented CPU ROAM,RelWithDebInfo,OpenGL,NVIDIA GeForce RTX 5090 D/PCIe/SSE2,4.3.0 NVIDIA 591.86,false,assets/heightmaps/Hm_Terrain_Test_129.pgm,129,129,30.000,4.000,14,4.000,2.000,20000,0.023,0.000,6.000,14.977,22.638,15234,30466,15232,35,17,0,19,0,0,0,0,8,851.143,5.874,5.504,0.319,0.562,0.004,0.279,0.296,1.013,0.064,0.253,1.006,1.707,0.280,0.000,0.000,0.000,0.000,0.000,0.000,0.000,0.000,0.000,0.000,0.000,0.000,0.000,0.000,0.000,0,0,1.373,0.566,1.259,0.000,14
Data-Oriented CPU ROAM,RelWithDebInfo,OpenGL,NVIDIA GeForce RTX 5090 D/PCIe/SSE2,4.3.0 NVIDIA 591.86,false,assets/heightmaps/Hm_Terrain_Test_129.pgm,129,129,30.000,4.000,14,4.000,2.000,20000,0.099,0.000,6.000,14.590,76.126,15040,31064,15038,299,145,493,261,0,0,0,0,8,231.629,7.350,6.738,1.179,0.573,0.391,0.279,0.149,0.800,0.312,0.246,0.954,1.853,0.472,0.000,0.000,0.000,0.000,0.000,0.000,0.000,0.000,0.000,0.000,0.000,0.000,0.000,0.000,0.000,0,0,1.261,0.964,1.201,0.000,14
Data-Oriented CPU ROAM,RelWithDebInfo,OpenGL,NVIDIA GeForce RTX 5090 D/PCIe/SSE2,4.3.0 NVIDIA 591.86,false,assets/heightmaps/Hm_Terrain_Test_129.pgm,129,129,30.000,4.000,14,4.000,2.000,20000,0.107,0.000,6.000,14.523,8.024,15038,31156,15036,46,23,48,30,0,0,0,0,8,0.000,5.246,4.875,0.217,0.524,0.047,0.264,0.149,1.137,0.054,0.242,0.919,1.323,0.294,0.000,0.000,0.000,0.000,0.000,0.000,0.000,0.000,0.000,0.000,0.000,0.000,0.000,0.000,0.000,0,0,1.339,0.571,1.161,0.000,14
Data-Oriented CPU ROAM,RelWithDebInfo,OpenGL,NVIDIA GeForce RTX 5090 D/PCIe/SSE2,4.3.0 NVIDIA 591.86,false,assets/heightmaps/Hm_Terrain_Test_129.pgm,129,129,30.000,4.000,14,4.000,2.000,20000,0.113,0.000,6.000,14.473,5.784,15056,31240,15054,42,21,24,24,0,0,0,0,8,0.000,6.223,5.799,0.362,0.983,0.042,0.282,0.158,1.171,0.061,0.247,0.979,1.513,0.331,0.000,0.000,0.000,0.000,0.000,0.000,0.000,0.000,0.000,0.000,0.000,0.000,0.000,0.000,0.000,0,0,1.390,1.026,1.227,0.000,14
Data-Oriented CPU ROAM,RelWithDebInfo,OpenGL,NVIDIA GeForce RTX 5090 D/PCIe/SSE2,4.3.0 NVIDIA 591.86,false,assets/heightmaps/Hm_Terrain_Test_129.pgm,129,129,30.000,4.000,14,4.000,2.000,20000,0.119,0.000,6.000,14.409,6.833,15053,31346,15051,53,26,56,33,0,0,0,0,8,0.000,5.719,5.297,0.249,0.720,0.066,0.260,0.162,1.060,0.073,0.249,1.038,1.420,0.345,0.000,0.000,0.000,0.000,0.000,0.000,0.000,0.000,0.000,0.000,0.000,0.000,0.000,0.000,0.000,0,0,1.295,0.786,1.288,0.000,14
Data-Oriented CPU ROAM,RelWithDebInfo,OpenGL,NVIDIA GeForce RTX 5090 D/PCIe/SSE2,4.3.0 NVIDIA 591.86,false,assets/heightmaps/Hm_Terrain_Test_129.pgm,129,129,30.000,4.000,14,4.000,2.000,20000,0.126,0.000,6.000,14.349,6.254,15040,31432,15038,43,21,56,38,0,0,0,0,8,0.000,5.483,5.081,0.178,0.947,0.071,0.271,0.152,0.952,0.057,0.252,0.947,1.254,0.331,0.000,0.000,0.000,0.000,0.000,0.000,0.000,0.000,0.000,0.000,0.000,0.000,0.000,0.000,0.000,0,0,1.161,1.018,1.199,0.000,14
Data-Oriented CPU ROAM,RelWithDebInfo,OpenGL,NVIDIA GeForce RTX 5090 D/PCIe/SSE2,4.3.0 NVIDIA 591.86,false,assets/heightmaps/Hm_Terrain_Test_129.pgm,129,129,30.000,4.000,14,4.000,2.000,20000,0.132,0.000,6.000,14.289,5.932,14992,31512,14990,40,20,88,33,0,0,0,0,8,1380.374,6.039,5.658,0.185,1.024,0.165,0.335,0.257,1.215,0.063,0.249,0.898,1.267,0.311,0.000,0.000,0.000,0.000,0.000,0.000,0.000,0.000,0.000,0.000,0.000,0.000,0.000,0.000,0.000,0,0,1.535,1.189,1.147,0.000,14
Data-Oriented CPU ROAM,RelWithDebInfo,OpenGL,NVIDIA GeForce RTX 5090 D/PCIe/SSE2,4.3.0 NVIDIA 591.86,false,assets/heightmaps/Hm_Terrain_Test_129.pgm,129,129,30.000,4.000,14,4.000,2.000,20000,0.138,0.000,6.000,14.221,6.458,14964,31620,14962,54,27,82,50,0,0,0,0,8,0.000,6.401,6.048,0.155,0.938,0.085,0.285,0.208,1.517,0.116,0.267,1.070,1.407,0.276,0.000,0.000,0.000,0.000,0.000,0.000,0.000,0.000,0.000,0.000,0.000,0.000,0.000,0.000,0.000,0,0,1.841,1.023,1.337,0.000,14
Data-Oriented CPU ROAM,RelWithDebInfo,OpenGL,NVIDIA GeForce RTX 5090 D/PCIe/SSE2,4.3.0 NVIDIA 591.86,false,assets/heightmaps/Hm_Terrain_Test_129.pgm,129,129,30.000,4.000,14,4.000,2.000,20000,0.145,0.000,6.000,14.146,6.930,14942,31732,14940,56,28,78,42,0,0,0,0,8,2075.102,6.383,6.022,0.226,0.924,0.081,0.287,0.156,1.109,0.112,0.269,1.490,1.368,0.282,0.000,0.000,0.000,0.000,0.000,0.000,0.000,0.000,0.000,0.000,0.000,0.000,0.000,0.000,0.000,0,0,1.377,1.005,1.758,0.000,14
Data-Oriented CPU ROAM,RelWithDebInfo,OpenGL,NVIDIA GeForce RTX 5090 D/PCIe/SSE2,4.3.0 NVIDIA 591.86,false,assets/heightmaps/Hm_Terrain_Test_129.pgm,129,129,30.000,4.000,14,4.000,2.000,20000,0.152,0.000,6.000,14.068,6.859,14948,31828,14946,48,24,42,36,0,0,0,0,8,0.000,5.627,5.242,0.287,0.952,0.049,0.280,0.185,0.804,0.070,0.248,0.946,1.422,0.293,0.000,0.000,0.000,0.000,0.000,0.000,0.000,0.000,0.000,0.000,0.000,0.000,0.000,0.000,0.000,0,0,1.058,1.001,1.194,0.000,14
Data-Oriented CPU ROAM,RelWithDebInfo,OpenGL,NVIDIA GeForce RTX 5090 D/PCIe/SSE2,4.3.0 NVIDIA 591.86,false,assets/heightmaps/Hm_Terrain_Test_129.pgm,129,129,30.000,4.000,14,4.000,2.000,20000,0.158,0.000,6.000,13.995,6.155,15006,31984,15004,78,39,20,50,0,0,0,0,8,0.000,5.032,4.665,0.230,0.560,0.027,0.259,0.152,0.729,0.090,0.250,1.042,1.325,0.272,0.000,0.000,0.000,0.000,0.000,0.000,0.000,0.000,0.000,0.000,0.000,0.000,0.000,0.000,0.000,0,0,0.971,0.587,1.293,0.000,14
Data-Oriented CPU ROAM,RelWithDebInfo,OpenGL,NVIDIA GeForce RTX 5090 D/PCIe/SSE2,4.3.0 NVIDIA 591.86,false,assets/heightmaps/Hm_Terrain_Test_129.pgm,129,129,30.000,4.000,14,4.000,2.000,20000,0.164,0.000,6.000,13.928,5.530,14995,32082,14993,49,24,60,34,0,0,0,0,8,306.938,5.488,5.090,0.188,1.000,0.099,0.286,0.151,1.026,0.060,0.249,0.889,1.143,0.323,0.000,0.000,0.000,0.000,0.000,0.000,0.000,0.000,0.000,0.000,0.000,0.000,0.000,0.000,0.000,0,0,1.237,1.098,1.138,0.000,14
Data-Oriented CPU ROAM,RelWithDebInfo,OpenGL,NVIDIA GeForce RTX 5090 D/PCIe/SSE2,4.3.0 NVIDIA 591.86,false,assets/heightmaps/Hm_Terrain_Test_129.pgm,129,129,30.000,4.000,14,4.000,2.000,20000,0.170,0.000,6.000,13.851,6.184,14925,32200,14923,59,29,129,36,0,0,0,0,8,0.000,5.212,4.832,0.375,0.520,0.136,0.259,0.147,0.999,0.071,0.249,0.879,1.198,0.296,0.000,0.000,0.000,0.000,0.000,0.000,0.000,0.000,0.000,0.000,0.000,0.000,0.000,0.000,0.000,0,0,1.217,0.656,1.127,0.000,14
Data-Oriented CPU ROAM,RelWithDebInfo,OpenGL,NVIDIA GeForce RTX 5090 D/PCIe/SSE2,4.3.0 NVIDIA 591.86,false,assets/heightmaps/Hm_Terrain_Test_129.pgm,129,129,30.000,4.000,14,4.000,2.000,20000,0.176,0.000,6.000,13.776,5.805,14780,32296,14778,48,24,193,41,0,0,0,0,8,0.000,5.137,4.804,0.312,0.536,0.182,0.253,0.147,1.022,0.059,0.239,0.865,1.188,0.254,0.000,0.000,0.000,0.000,0.000,0.000,0.000,0.000,0.000,0.000,0.000,0.000,0.000,0.000,0.000,0,0,1.229,0.718,1.104,0.000,14
Data-Oriented CPU ROAM,RelWithDebInfo,OpenGL,NVIDIA GeForce RTX 5090 D/PCIe/SSE2,4.3.0 NVIDIA 591.86,false,assets/heightmaps/Hm_Terrain_Test_129.pgm,129,129,30.000,4.000,14,4.000,2.000,20000,0.181,0.000,6.000,13.703,5.565,14709,32368,14707,36,18,107,30,0,0,0,0,8,0.000,5.569,5.211,0.183,0.516,0.105,0.257,0.176,1.340,0.057,0.249,1.014,1.314,0.274,0.000,0.000,0.000,0.000,0.000,0.000,0.000,0.000,0.000,0.000,0.000,0.000,0.000,0.000,0.000,0,0,1.573,0.620,1.263,0.000,14
Data-Oriented CPU ROAM,RelWithDebInfo,OpenGL,NVIDIA GeForce RTX 5090 D/PCIe/SSE2,4.3.0 NVIDIA 591.86,false,assets/heightmaps/Hm_Terrain_Test_129.pgm,129,129,30.000,4.000,14,4.000,2.000,20000,0.187,0.000,6.000,13.621,6.030,14701,32520,14699,76,38,84,54,0,0,0,0,8,0.000,5.335,4.957,0.271,0.520,0.077,0.263,0.154,1.086,0.099,0.243,0.922,1.321,0.293,0.000,0.000,0.000,0.000,0.000,0.000,0.000,0.000,0.000,0.000,0.000,0.000,0.000,0.000,0.000,0,0,1.339,0.598,1.164,0.000,14
Data-Oriented CPU ROAM,RelWithDebInfo,OpenGL,NVIDIA GeForce RTX 5090 D/PCIe/SSE2,4.3.0 NVIDIA 591.86,false,assets/heightmaps/Hm_Terrain_Test_129.pgm,129,129,30.000,4.000,14,4.000,2.000,20000,0.193,0.000,6.000,13.540,5.853,14718,32684,14716,82,41,65,57,0,0,0,0,8,263.100,6.293,5.938,0.177,0.991,0.062,0.269,0.273,1.119,0.103,0.248,1.427,1.269,0.276,0.000,0.000,0.000,0.000,0.000,0.000,0.000,0.000,0.000,0.000,0.000,0.000,0.000,0.000,0.000,0,0,1.495,1.053,1.676,0.000,14
Data-Oriented CPU ROAM,RelWithDebInfo,OpenGL,NVIDIA GeForce RTX 5090 D/PCIe/SSE2,4.3.0 NVIDIA 591.86,false,assets/heightmaps/Hm_Terrain_Test_129.pgm,129,129,30.000,4.000,14,4.000,2.000,20000,0.200,0.000,6.000,13.444,6.786,14719,32820,14717,68,33,67,45,0,0,0,0,8,0.000,6.681,6.345,0.209,1.039,0.089,0.276,0.273,1.054,0.093,0.249,1.875,1.186,0.264,0.000,0.000,0.000,0.000,0.000,0.000,0.000,0.000,0.000,0.000,0.000,0.000,0.000,0.000,0.000,0,0,1.420,1.128,2.125,0.000,14
Data-Oriented CPU ROAM,RelWithDebInfo,OpenGL,NVIDIA GeForce RTX 5090 D/PCIe/SSE2,4.3.0 NVIDIA 591.86,false,assets/heightmaps/Hm_Terrain_Test_129.pgm,129,129,30.000,4.000,14,4.000,2.000,20000,0.207,0.000,6.000,13.339,7.195,14650,32980,14648,80,40,149,54,0,0,0,0,8,0.000,5.889,5.549,0.212,0.994,0.138,0.275,0.157,1.102,0.110,0.243,1.176,1.140,0.261,0.000,0.000,0.000,0.000,0.000,0.000,0.000,0.000,0.000,0.000,0.000,0.000,0.000,0.000,0.000,0,0,1.370,1.132,1.420,0.000,14
Data-Oriented CPU ROAM,RelWithDebInfo,OpenGL,NVIDIA GeForce RTX 5090 D/PCIe/SSE2,4.3.0 NVIDIA 591.86,false,assets/heightmaps/Hm_Terrain_Test_129.pgm,129,129,30.000,4.000,14,4.000,2.000,20000,0.213,0.000,6.000,13.244,6.325,14630,33132,14628,76,38,96,51,0,0,0,0,8,0.000,5.504,5.121,0.215,0.560,0.097,0.257,0.147,1.039,0.081,0.235,1.223,1.268,0.305,0.000,0.000,0.000,0.000,0.000,0.000,0.000,0.000,0.000,0.000,0.000,0.000,0.000,0.000,0.000,0,0,1.266,0.656,1.458,0.000,14
Data-Oriented CPU ROAM,RelWithDebInfo,OpenGL,NVIDIA GeForce RTX 5090 D/PCIe/SSE2,4.3.0 NVIDIA 591.86,false,assets/heightmaps/Hm_Terrain_Test_129.pgm,129,129,30.000,4.000,14,4.000,2.000,20000,0.219,0.000,6.000,13.153,5.961,14664,33304,14662,86,43,52,60,0,0,0,0,8,0.000,5.039,4.679,0.230,0.538,0.059,0.270,0.148,0.977,0.095,0.240,0.886,1.236,0.281,0.000,0.000,0.000,0.000,0.000,0.000,0.000,0.000,0.000,0.000,0.000,0.000,0.000,0.000,0.000,0,0,1.220,0.597,1.126,0.000,14
Data-Oriented CPU ROAM,RelWithDebInfo,OpenGL,NVIDIA GeForce RTX 5090 D/PCIe/SSE2,4.3.0 NVIDIA 591.86,false,assets/heightmaps/Hm_Terrain_Test_129.pgm,129,129,30.000,4.000,14,4.000,2.000,20000,0.225,0.000,6.000,13.067,5.531,14684,33452,14682,74,37,54,47,0,0,0,0,8,307.355,5.419,5.082,0.237,0.961,0.057,0.260,0.151,1.017,0.090,0.243,0.919,1.147,0.260,0.000,0.000,0.000,0.000,0.000,0.000,0.000,0.000,0.000,0.000,0.000,0.000,0.000,0.000,0.000,0,0,1.258,1.018,1.162,0.000,14
Data-Oriented CPU ROAM,RelWithDebInfo,OpenGL,NVIDIA GeForce RTX 5090 D/PCIe/SSE2,4.3.0 NVIDIA 591.86,false,assets/heightmaps/Hm_Terrain_Test_129.pgm,129,129,30.000,4.000,14,4.000,2.000,20000,0.231,0.000,6.000,12.975,5.861,14636,33576,14634,62,30,110,45,0,0,0,0,8,0.000,5.281,4.944,0.239,1.099,0.156,0.254,0.150,0.728,0.078,0.244,0.864,1.132,0.266,0.000,0.000,0.000,0.000,0.000,0.000,0.000,0.000,0.000,0.000,0.000,0.000,0.000,0.000,0.000,0,0,0.956,1.255,1.108,0.000,14
Data-Oriented CPU ROAM,RelWithDebInfo,OpenGL,NVIDIA GeForce RTX 5090 D/PCIe/SSE2,4.3.0 NVIDIA 591.86,false,assets/heightmaps/Hm_Terrain_Test_129.pgm,129,129,30.000,4.000,14,4.000,2.000,20000,0.236,0.000,6.000,12.883,5.690,14569,33728,14567,76,38,143,53,0,0,0,0,8,0.000,5.599,5.275,0.172,0.863,0.134,0.249,0.164,1.345,0.094,0.244,0.843,1.166,0.255,0.000,0.000,0.000,0.000,0.000,0.000,0.000,0.000,0.000,0.000,0.000,0.000,0.000,0.000,0.000,0,0,1.604,0.997,1.087,0.000,14
Data-Oriented CPU ROAM,RelWithDebInfo,OpenGL,NVIDIA GeForce RTX 5090 D/PCIe/SSE2,4.3.0 NVIDIA 591.86,false,assets/heightmaps/Hm_Terrain_Test_129.pgm,129,129,30.000,4.000,14,4.000,2.000,20000,0.242,0.000,6.000,12.785,5.977,14478,33880,14476,76,38,167,47,0,0,0,0,8,1099.965,6.020,5.681,0.169,0.849,0.135,0.257,0.324,1.253,0.154,0.243,1.079,1.218,0.264,0.000,0.000,0.000,0.000,0.000,0.000,0.000,0.000,0.000,0.000,0.000,0.000,0.000,0.000,0.000,0,0,1.731,0.984,1.322,0.000,14
Data-Oriented CPU ROAM,RelWithDebInfo,OpenGL,NVIDIA GeForce RTX 5090 D/PCIe/SSE2,4.3.0 NVIDIA 591.86,false,assets/heightmaps/Hm_Terrain_Test_129.pgm,129,129,30.000,4.000,14,4.000,2.000,20000,0.249,0.000,6.000,12.677,6.459,14482,34072,14480,96,48,92,67,0,0,0,0,8,0.000,5.631,5.265,0.195,1.002,0.086,0.276,0.155,1.041,0.115,0.243,0.902,1.248,0.286,0.000,0.000,0.000,0.000,0.000,0.000,0.000,0.000,0.000,0.000,0.000,0.000,0.000,0.000,0.000,0,0,1.311,1.089,1.145,0.000,14
Data-Oriented CPU ROAM,RelWithDebInfo,OpenGL,NVIDIA GeForce RTX 5090 D/PCIe/SSE2,4.3.0 NVIDIA 591.86,false,assets/heightmaps/Hm_Terrain_Test_129.pgm,129,129,30.000,4.000,14,4.000,2.000,20000,0.255,0.000,6.000,12.574,6.124,14496,34272,14494,100,50,86,62,0,0,0,0,8,1380.617,5.988,5.657,0.224,1.017,0.092,0.262,0.272,1.087,0.115,0.241,1.094,1.252,0.259,0.000,0.000,0.000,0.000,0.000,0.000,0.000,0.000,0.000,0.000,0.000,0.000,0.000,0.000,0.000,0,0,1.475,1.109,1.335,0.000,14
Data-Oriented CPU ROAM,RelWithDebInfo,OpenGL,NVIDIA GeForce RTX 5090 D/PCIe/SSE2,4.3.0 NVIDIA 591.86,false,assets/heightmaps/Hm_Terrain_Test_129.pgm,129,129,30.000,4.000,14,4.000,2.000,20000,0.261,0.000,6.000,12.463,6.435,14444,34412,14442,70,34,122,48,0,0,0,0,8,0.000,4.708,4.269,0.189,0.558,0.123,0.271,0.145,0.705,0.076,0.232,0.872,1.101,0.339,0.000,0.000,0.000,0.000,0.000,0.000,0.000,0.000,0.000,0.000,0.000,0.000,0.000,0.000,0.000,0,0,0.925,0.680,1.104,0.000,14
Data-Oriented CPU ROAM,RelWithDebInfo,OpenGL,NVIDIA GeForce RTX 5090 D/PCIe/SSE2,4.3.0 NVIDIA 591.86,false,assets/heightmaps/Hm_Terrain_Test_129.pgm,129,129,30.000,4.000,14,4.000,2.000,20000,0.267,0.000,6.000,12.371,5.265,14392,34540,14390,64,32,116,43,0,0,0,0,8,0.000,5.281,4.946,0.192,1.010,0.111,0.254,0.141,1.025,0.074,0.231,0.845,1.064,0.270,0.000,0.000,0.000,0.000,0.000,0.000,0.000,0.000,0.000,0.000,0.000,0.000,0.000,0.000,0.000,0,0,1.240,1.121,1.075,0.000,14
Data-Oriented CPU ROAM,RelWithDebInfo,OpenGL,NVIDIA GeForce RTX 5090 D/PCIe/SSE2,4.3.0 NVIDIA 591.86,false,assets/heightmaps/Hm_Terrain_Test_129.pgm,129,129,30.000,4.000,14,4.000,2.000,20000,0.272,0.000,6.000,12.268,5.797,14412,34732,14410,96,48,76,62,0,0,0,0,8,897.989,5.553,5.219,0.212,0.754,0.144,0.261,0.147,1.334,0.102,0.240,0.852,1.171,0.250,0.000,0.000,0.000,0.000,0.000,0.000,0.000,0.000,0.000,0.000,0.000,0.000,0.000,0.000,0.000,0,0,1.584,0.899,1.092,0.000,14
Data-Oriented CPU ROAM,RelWithDebInfo,OpenGL,NVIDIA GeForce RTX 5090 D/PCIe/SSE2,4.3.0 NVIDIA 591.86,false,assets/heightmaps/Hm_Terrain_Test_129.pgm,129,129,30.000,4.000,14,4.000,2.000,20000,0.278,0.000,6.000,12.161,5.936,14408,34896,14406,82,41,86,58,0,0,0,0,8,0.000,5.444,5.095,0.179,0.812,0.103,0.257,0.182,0.965,0.136,0.247,0.973,1.242,0.272,0.000,0.000,0.000,0.000,0.000,0.000,0.000,0.000,0.000,0.000,0.000,0.000,0.000,0.000,0.000,0,0,1.282,0.915,1.220,0.000,14
Data-Oriented CPU ROAM,RelWithDebInfo,OpenGL,NVIDIA GeForce RTX 5090 D/PCIe/SSE2,4.3.0 NVIDIA 591.86,false,assets/heightmaps/Hm_Terrain_Test_129.pgm,129,129,30.000,4.000,14,4.000,2.000,20000,0.284,0.000,6.000,12.053,5.969,14407,35132,14405,118,58,119,72,0,0,0,0,8,0.000,5.618,5.241,0.303,0.805,0.121,0.259,0.150,1.082,0.133,0.241,0.882,1.264,0.303,0.000,0.000,0.000,0.000,0.000,0.000,0.000,0.000,0.000,0.000,0.000,0.000,0.000,0.000,0.000,0,0,1.365,0.927,1.123,0.000,14
Data-Oriented CPU ROAM,RelWithDebInfo,OpenGL,NVIDIA GeForce RTX 5090 D/PCIe/SSE2,4.3.0 NVIDIA 591.86,false,assets/heightmaps/Hm_Terrain_Test_129.pgm,129,129,30.000,4.000,14,4.000,2.000,20000,0.290,0.000,6.000,11.940,6.095,14265,35296,14263,82,41,224,51,0,0,0,0,8,0.000,6.038,5.710,0.207,0.749,0.181,0.273,0.211,1.331,0.129,0.243,1.194,1.191,0.253,0.000,0.000,0.000,0.000,0.000,0.000,0.000,0.000,0.000,0.000,0.000,0.000,0.000,0.000,0.000,0,0,1.671,0.930,1.437,0.000,14
Data-Oriented CPU ROAM,RelWithDebInfo,OpenGL,NVIDIA GeForce RTX 5090 D/PCIe/SSE2,4.3.0 NVIDIA 591.86,false,assets/heightmaps/Hm_Terrain_Test_129.pgm,129,129,30.000,4.000,14,4.000,2.000,20000,0.297,0.000,6.000,11.820,6.458,14216,35476,14214,90,45,139,62,0,0,0,0,8,0.000,6.121,5.802,0.183,1.022,0.126,0.263,0.266,1.105,0.122,0.242,1.324,1.148,0.248,0.000,0.000,0.000,0.000,0.000,0.000,0.000,0.000,0.000,0.000,0.000,0.000,0.000,0.000,0.000,0,0,1.494,1.148,1.566,0.000,14
Data-Oriented CPU ROAM,RelWithDebInfo,OpenGL,NVIDIA GeForce RTX 5090 D/PCIe/SSE2,4.3.0 NVIDIA 591.86,false,assets/heightmaps/Hm_Terrain_Test_129.pgm,129,129,30.000,4.000,14,4.000,2.000,20000,0.303,0.000,6.000,11.697,6.516,14202,35720,14200,122,61,136,85,0,0,0,0,8,296.777,5.682,5.264,0.169,0.537,0.113,0.261,0.144,1.040,0.115,0.233,1.271,1.381,0.309,0.000,0.000,0.000,0.000,0.000,0.000,0.000,0.000,0.000,0.000,0.000,0.000,0.000,0.000,0.000,0,0,1.300,0.649,1.504,0.000,14
Data-Oriented CPU ROAM,RelWithDebInfo,OpenGL,NVIDIA GeForce RTX 5090 D/PCIe/SSE2,4.3.0 NVIDIA 591.86,false,assets/heightmaps/Hm_Terrain_Test_129.pgm,129,129,30.000,4.000,14,4.000,2.000,20000,0.310,0.000,6.000,11.577,6.276,14209,35960,14207,120,59,113,68,0,0,0,0,8,0.000,5.326,4.815,0.194,0.550,0.117,0.259,0.143,1.090,0.126,0.231,0.843,1.262,0.382,0.000,0.000,0.000,0.000,0.000,0.000,0.000,0.000,0.000,0.000,0.000,0.000,0.000,0.000,0.000,0,0,1.359,0.667,1.074,0.000,14
Data-Oriented CPU ROAM,RelWithDebInfo,OpenGL,NVIDIA GeForce RTX 5090 D/PCIe/SSE2,4.3.0 NVIDIA 591.86,false,assets/heightmaps/Hm_Terrain_Test_129.pgm,129,129,30.000,4.000,14,4.000,2.000,20000,0.316,0.000,6.000,11.459,6.092,14170,36168,14168,104,52,143,63,0,0,0,0,8,0.000,5.377,5.016,0.277,1.038,0.138,0.249,0.142,0.761,0.116,0.230,0.843,1.221,0.281,0.000,0.000,0.000,0.000,0.000,0.000,0.000,0.000,0.000,0.000,0.000,0.000,0.000,0.000,0.000,0,0,1.019,1.176,1.074,0.000,14
Data-Oriented CPU ROAM,RelWithDebInfo,OpenGL,NVIDIA GeForce RTX 5090 D/PCIe/SSE2,4.3.0 NVIDIA 591.86,false,assets/heightmaps/Hm_Terrain_Test_129.pgm,129,129,30.000,4.000,14,4.000,2.000,20000,0.322,0.000,6.000,11.344,5.857,14140,36344,14138,88,44,118,56,0,0,0,0,8,0.000,5.434,5.089,0.249,0.932,0.128,0.258,0.144,0.999,0.105,0.240,0.837,1.197,0.270,0.000,0.000,0.000,0.000,0.000,0.000,0.000,0.000,0.000,0.000,0.000,0.000,0.000,0.000,0.000,0,0,1.247,1.061,1.077,0.000,14
Data-Oriented CPU ROAM,RelWithDebInfo,OpenGL,NVIDIA GeForce RTX 5090 D/PCIe/SSE2,4.3.0 NVIDIA 591.86,false,assets/heightmaps/Hm_Terrain_Test_129.pgm,129,129,30.000,4.000,14,4.000,2.000,20000,0.328,0.000,6.000,11.227,5.953,14153,36560,14151,108,54,95,72,0,0,0,0,8,0.000,5.139,4.827,0.191,0.704,0.108,0.250,0.142,1.129,0.121,0.239,0.821,1.121,0.243,0.000,0.000,0.000,0.000,0.000,0.000,0.000,0.000,0.000,0.000,0.000,0.000,0.000,0.000,0.000,0,0,1.392,0.813,1.060,0.000,14
Data-Oriented CPU ROAM,RelWithDebInfo,OpenGL,NVIDIA GeForce RTX 5090 D/PCIe/SSE2,4.3.0 NVIDIA 591.86,false,assets/heightmaps/Hm_Terrain_Test_129.pgm,129,129,30.000,4.000,14,4.000,2.000,20000,0.333,0.000,6.000,11.117,5.520,14111,36744,14109,92,45,134,59,0,0,0,0,8,1250.200,5.329,4.998,0.183,0.979,0.118,0.246,0.171,0.966,0.112,0.238,0.834,1.152,0.260,0.000,0.000,0.000,0.000,0.000,0.000,0.000,0.000,0.000,0.000,0.000,0.000,0.000,0.000,0.000,0,0,1.250,1.097,1.071,0.000,14
Data-Oriented CPU ROAM,RelWithDebInfo,OpenGL,NVIDIA GeForce RTX 5090 D/PCIe/SSE2,4.3.0 NVIDIA 591.86,false,assets/heightmaps/Hm_Terrain_Test_129.pgm,129,129,30.000,4.000,14,4.000,2.000,20000,0.339,0.000,6.000,11.002,5.720,13978,36952,13976,104,52,237,60,0,0,0,0,8,0.000,5.563,5.243,0.129,0.866,0.195,0.250,0.150,0.768,0.113,0.238,1.415,1.120,0.255,0.000,0.000,0.000,0.000,0.000,0.000,0.000,0.000,0.000,0.000,0.000,0.000,0.000,0.000,0.000,0,0,1.031,1.061,1.653,0.000,14
Data-Oriented CPU ROAM,RelWithDebInfo,OpenGL,NVIDIA GeForce RTX 5090 D/PCIe/SSE2,4.3.0 NVIDIA 591.86,false,assets/heightmaps/Hm_Terrain_Test_129.pgm,129,129,30.000,4.000,14,4.000,2.000,20000,0.345,0.000,6.000,10.882,5.954,13956,37100,13954,74,37,96,45,0,0,0,0,8,0.000,5.462,5.083,0.130,0.888,0.085,0.268,0.139,1.096,0.076,0.234,0.836,1.331,0.273,0.000,0.000,0.000,0.000,0.000,0.000,0.000,0.000,0.000,0.000,0.000,0.000,0.000,0.000,0.000,0,0,1.311,0.973,1.070,0.000,14
Data-Oriented CPU ROAM,RelWithDebInfo,OpenGL,NVIDIA GeForce RTX 5090 D/PCIe/SSE2,4.3.0 NVIDIA 591.86,false,assets/heightmaps/Hm_Terrain_Test_129.pgm,129,129,30.000,4.000,14,4.000,2.000,20000,0.351,0.000,6.000,10.761,5.906,13958,37284,13956,92,46,90,66,0,0,0,0,8,1200.008,5.584,5.207,0.136,1.063,0.093,0.258,0.143,0.991,0.109,0.235,0.866,1.313,0.289,0.000,0.000,0.000,0.000,0.000,0.000,0.000,0.000,0.000,0.000,0.000,0.000,0.000,0.000,0.000,0,0,1.243,1.155,1.101,0.000,14
Data-Oriented CPU ROAM,RelWithDebInfo,OpenGL,NVIDIA GeForce RTX 5090 D/PCIe/SSE2,4.3.0 NVIDIA 591.86,false,assets/heightmaps/Hm_Terrain_Test_129.pgm,129,129,30.000,4.000,14,4.000,2.000,20000,0.357,0.000,6.000,10.637,6.045,13898,37476,13896,96,47,156,65,0,0,0,0,8,0.000,5.541,5.183,0.191,1.125,0.165,0.255,0.141,0.983,0.108,0.234,0.847,1.135,0.283,0.000,0.000,0.000,0.000,0.000,0.000,0.000,0.000,0.000,0.000,0.000,0.000,0.000,0.000,0.000,0,0,1.232,1.291,1.081,0.000,14
Data-Oriented CPU ROAM,RelWithDebInfo,OpenGL,NVIDIA GeForce RTX 5090 D/PCIe/SSE2,4.3.0 NVIDIA 591.86,false,assets/heightmaps/Hm_Terrain_Test_129.pgm,129,129,30.000,4.000,14,4.000,2.000,20000,0.363,0.000,6.000,10.513,5.986,13910,37732,13908,128,64,116,77,0,0,0,0,8,0.000,5.293,4.912,0.150,1.057,0.130,0.250,0.139,0.944,0.135,0.228,0.806,1.074,0.313,0.000,0.000,0.000,0.000,0.000,0.000,0.000,0.000,0.000,0.000,0.000,0.000,0.000,0.000,0.000,0,0,1.219,1.186,1.034,0.000,14
Data-Oriented CPU ROAM,RelWithDebInfo,OpenGL,NVIDIA GeForce RTX 5090 D/PCIe/SSE2,4.3.0 NVIDIA 591.86,false,assets/heightmaps/Hm_Terrain_Test_129.pgm,129,129,30.000,4.000,14,4.000,2.000,20000,0.368,0.000,6.000,10.394,5.688,13862,37888,13860,78,39,126,60,0,0,0,0,8,0.000,5.607,5.281,0.130,1.000,0.150,0.249,0.144,1.350,0.105,0.233,0.848,1.071,0.259,0.000,0.000,0.000,0.000,0.000,0.000,0.000,0.000,0.000,0.000,0.000,0.000,0.000,0.000,0.000,0,0,1.600,1.150,1.081,0.000,14
Data-Oriented CPU ROAM,RelWithDebInfo,OpenGL,NVIDIA GeForce RTX 5090 D/PCIe/SSE2,4.3.0 NVIDIA 591.86,false,assets/heightmaps/Hm_Terrain_Test_129.pgm,129,129,30.000,4.000,14,4.000,2.000,20000,0.374,0.000,6.000,10.268,5.987,13840,38080,13838,96,48,118,69,0,0,0,0,8,0.000,5.487,5.153,0.124,0.876,0.110,0.249,0.182,1.293,0.114,0.254,0.846,1.105,0.268,0.000,0.000,0.000,0.000,0.000,0.000,0.000,0.000,0.000,0.000,0.000,0.000,0.000,0.000,0.000,0,0,1.590,0.986,1.100,0.000,14
Data-Oriented CPU ROAM,RelWithDebInfo,OpenGL,NVIDIA GeForce RTX 5090 D/PCIe/SSE2,4.3.0 NVIDIA 591.86,false,assets/heightmaps/Hm_Terrain_Test_129.pgm,129,129,30.000,4.000,14,4.000,2.000,20000,0.380,0.000,6.000,10.142,5.952,13742,38256,13740,88,43,186,50,0,0,0,0,8,264.315,6.285,5.910,0.147,0.896,0.159,0.247,0.257,0.789,0.098,0.242,1.897,1.179,0.302,0.000,0.000,0.000,0.000,0.000,0.000,0.000,0.000,0.000,0.000,0.000,0.000,0.000,0.000,0.000,0,0,1.144,1.055,2.139,0.000,14
Data-Oriented CPU ROAM,RelWithDebInfo,OpenGL,NVIDIA GeForce RTX 5090 D/PCIe/SSE2,4.3.0 NVIDIA 591.86,false,assets/heightmaps/Hm_Terrain_Test_129.pgm,129,129,30.000,4.000,14,4.000,2.000,20000,0.387,0.000,6.000,10.000,6.692,13631,38452,13629,98,49,209,63,0,0,0,0,8,0.000,5.790,5.419,0.209,0.990,0.181,0.252,0.264,0.967,0.125,0.232,0.977,1.220,0.294,0.000,0.000,0.000,0.000,0.000,0.000,0.000,0.000,0.000,0.000,0.000,0.000,0.000,0.000,0.000,0,0,1.357,1.172,1.209,0.000,14
Data-Oriented CPU ROAM,RelWithDebInfo,OpenGL,NVIDIA GeForce RTX 5090 D/PCIe/SSE2,4.3.0 NVIDIA 591.86,false,assets/heightmaps/Hm_Terrain_Test_129.pgm,129,129,30.000,4.000,14,4.000,2.000,20000,0.393,0.000,6.000,9.866,6.249,13658,38704,13656,126,63,99,81,0,0,0,0,8,0.000,6.214,5.885,0.294,0.829,0.095,0.298,0.192,1.294,0.137,0.226,1.310,1.210,0.253,0.000,0.000,0.000,0.000,0.000,0.000,0.000,0.000,0.000,0.000,0.000,0.000,0.000,0.000,0.000,0,0,1.623,0.924,1.536,0.000,14
Data-Oriented CPU ROAM,RelWithDebInfo,OpenGL,NVIDIA GeForce RTX 5090 D/PCIe/SSE2,4.3.0 NVIDIA 591.86,false,assets/heightmaps/Hm_Terrain_Test_129.pgm,129,129,30.000,4.000,14,4.000,2.000,20000,0.400,0.000,6.000,9.723,6.634,13599,38914,13597,105,52,164,75,0,0,0,0,8,0.000,5.846,5.135,0.160,1.033,0.181,0.248,0.141,0.812,0.114,0.231,0.836,1.377,0.547,0.000,0.000,0.000,0.000,0.000,0.000,0.000,0.000,0.000,0.000,0.000,0.000,0.000,0.000,0.000,0,0,1.068,1.214,1.067,0.000,14
Data-Oriented CPU ROAM,RelWithDebInfo,OpenGL,NVIDIA GeForce RTX 5090 D/PCIe/SSE2,4.3.0 NVIDIA 591.86,false,assets/heightmaps/Hm_Terrain_Test_129.pgm,129,129,30.000,4.000,14,4.000,2.000,20000,0.406,0.000,6.000,9.581,6.561,13546,39064,13544,75,37,128,51,0,0,0,0,8,0.000,5.174,4.733,0.208,0.573,0.146,0.249,0.140,0.970,0.094,0.223,0.797,1.333,0.318,0.000,0.000,0.000,0.000,0.000,0.000,0.000,0.000,0.000,0.000,0.000,0.000,0.000,0.000,0.000,0,0,1.204,0.719,1.020,0.000,14
Data-Oriented CPU ROAM,RelWithDebInfo,OpenGL,NVIDIA GeForce RTX 5090 D/PCIe/SSE2,4.3.0 NVIDIA 591.86,false,assets/heightmaps/Hm_Terrain_Test_129.pgm,129,129,30.000,4.000,14,4.000,2.000,20000,0.412,0.000,6.000,9.458,5.642,13506,39224,13504,80,40,120,52,0,0,0,0,8,309.345,5.371,5.050,0.326,0.840,0.183,0.258,0.144,0.945,0.100,0.231,0.850,1.173,0.246,0.000,0.000,0.000,0.000,0.000,0.000,0.000,0.000,0.000,0.000,0.000,0.000,0.000,0.000,0.000,0,0,1.189,1.023,1.081,0.000,14
Data-Oriented CPU ROAM,RelWithDebInfo,OpenGL,NVIDIA GeForce RTX 5090 D/PCIe/SSE2,4.3.0 NVIDIA 591.86,false,assets/heightmaps/Hm_Terrain_Test_129.pgm,129,129,30.000,4.000,14,4.000,2.000,20000,0.418,0.000,6.000,9.331,5.810,13500,39464,13498,120,60,126,81,0,0,0,0,8,0.000,5.405,5.084,0.144,0.973,0.141,0.250,0.139,0.982,0.146,0.228,0.873,1.207,0.247,0.000,0.000,0.000,0.000,0.000,0.000,0.000,0.000,0.000,0.000,0.000,0.000,0.000,0.000,0.000,0,0,1.268,1.115,1.101,0.000,14
Data-Oriented CPU ROAM,RelWithDebInfo,OpenGL,NVIDIA GeForce RTX 5090 D/PCIe/SSE2,4.3.0 NVIDIA 591.86,false,assets/heightmaps/Hm_Terrain_Test_129.pgm,129,129,30.000,4.000,14,4.000,2.000,20000,0.424,0.000,6.000,9.204,5.818,13473,39648,13471,92,45,119,66,0,0,0,0,8,0.000,5.163,4.843,0.139,0.811,0.192,0.343,0.146,0.881,0.133,0.242,0.817,1.139,0.247,0.000,0.000,0.000,0.000,0.000,0.000,0.000,0.000,0.000,0.000,0.000,0.000,0.000,0.000,0.000,0,0,1.160,1.002,1.059,0.000,14
Data-Oriented CPU ROAM,RelWithDebInfo,OpenGL,NVIDIA GeForce RTX 5090 D/PCIe/SSE2,4.3.0 NVIDIA 591.86,false,assets/heightmaps/Hm_Terrain_Test_129.pgm,129,129,30.000,4.000,14,4.000,2.000,20000,0.429,0.000,6.000,9.079,5.650,13370,39836,13368,94,47,197,56,0,0,0,0,8,290.142,5.694,5.384,0.156,0.865,0.190,0.256,0.249,0.813,0.113,0.230,1.388,1.125,0.240,0.000,0.000,0.000,0.000,0.000,0.000,0.000,0.000,0.000,0.000,0.000,0.000,0.000,0.000,0.000,0,0,1.174,1.055,1.618,0.000,14
Data-Oriented CPU ROAM,RelWithDebInfo,OpenGL,NVIDIA GeForce RTX 5090 D/PCIe/SSE2,4.3.0 NVIDIA 591.86,false,assets/heightmaps/Hm_Terrain_Test_129.pgm,129,129,30.000,4.000,14,4.000,2.000,20000,0.435,0.000,6.000,8.944,6.115,13348,40024,13346,94,47,116,63,0,0,0,0,8,0.000,7.264,6.947,0.139,0.842,0.112,0.257,0.147,1.166,1.140,0.592,1.215,1.335,0.250,0.000,0.000,0.000,0.000,0.000,0.000,0.000,0.000,0.000,0.000,0.000,0.000,0.000,0.000,0.000,0,0,2.453,0.955,1.808,0.000,14
Data-Oriented CPU ROAM,RelWithDebInfo,OpenGL,NVIDIA GeForce RTX 5090 D/PCIe/SSE2,4.3.0 NVIDIA 591.86,false,assets/heightmaps/Hm_Terrain_Test_129.pgm,129,129,30.000,4.000,14,4.000,2.000,20000,0.443,0.000,6.000,8.773,7.736,13373,40306,13371,141,70,116,104,0,0,0,0,8,242.135,6.777,6.452,0.214,0.864,0.122,0.257,0.249,1.232,0.236,0.233,1.780,1.265,0.257,0.000,0.000,0.000,0.000,0.000,0.000,0.000,0.000,0.000,0.000,0.000,0.000,0.000,0.000,0.000,0,0,1.717,0.987,2.013,0.000,14
Data-Oriented CPU ROAM,RelWithDebInfo,OpenGL,NVIDIA GeForce RTX 5090 D/PCIe/SSE2,4.3.0 NVIDIA 591.86,false,assets/heightmaps/Hm_Terrain_Test_129.pgm,129,129,30.000,4.000,14,4.000,2.000,20000,0.450,0.000,6.000,8.613,7.194,13296,40568,13294,131,65,208,89,0,0,0,0,8,0.000,5.500,5.159,0.229,0.808,0.211,0.263,0.249,0.807,0.161,0.223,0.889,1.320,0.255,0.000,0.000,0.000,0.000,0.000,0.000,0.000,0.000,0.000,0.000,0.000,0.000,0.000,0.000,0.000,0,0,1.217,1.018,1.112,0.000,14
Data-Oriented CPU ROAM,RelWithDebInfo,OpenGL,NVIDIA GeForce RTX 5090 D/PCIe/SSE2,4.3.0 NVIDIA 591.86,false,assets/heightmaps/Hm_Terrain_Test_129.pgm,129,129,30.000,4.000,14,4.000,2.000,20000,0.456,0.000,6.000,8.477,6.066,13242,40760,13240,96,48,150,64,0,0,0,0,8,0.000,5.987,5.677,0.299,0.943,0.148,0.255,0.247,1.320,0.121,0.225,0.895,1.227,0.240,0.000,0.000,0.000,0.000,0.000,0.000,0.000,0.000,0.000,0.000,0.000,0.000,0.000,0.000,0.000,0,0,1.687,1.090,1.119,0.000,14
Data-Oriented CPU ROAM,RelWithDebInfo,OpenGL,NVIDIA GeForce RTX 5090 D/PCIe/SSE2,4.3.0 NVIDIA 591.86,false,assets/heightmaps/Hm_Terrain_Test_129.pgm,129,129,30.000,4.000,14,4.000,2.000,20000,0.463,0.000,6.000,8.334,6.433,13275,40992,13273,116,58,83,79,0,0,0,0,8,0.000,4.839,4.418,0.177,0.550,0.085,0.250,0.133,0.959,0.126,0.219,0.779,1.140,0.322,0.000,0.000,0.000,0.000,0.000,0.000,0.000,0.000,0.000,0.000,0.000,0.000,0.000,0.000,0.000,0,0,1.218,0.635,0.998,0.000,14
Data-Oriented CPU ROAM,RelWithDebInfo,OpenGL,NVIDIA GeForce RTX 5090 D/PCIe/SSE2,4.3.0 NVIDIA 591.86,false,assets/heightmaps/Hm_Terrain_Test_129.pgm,129,129,30.000,4.000,14,4.000,2.000,20000,0.468,0.000,6.000,8.212,5.431,13246,41204,13244,106,52,135,72,0,0,0,0,8,0.000,5.058,4.746,0.139,0.903,0.126,0.239,0.131,1.127,0.104,0.218,0.772,0.986,0.239,0.000,0.000,0.000,0.000,0.000,0.000,0.000,0.000,0.000,0.000,0.000,0.000,0.000,0.000,0.000,0,0,1.363,1.030,0.990,0.000,14
Data-Oriented CPU ROAM,RelWithDebInfo,OpenGL,NVIDIA GeForce RTX 5090 D/PCIe/SSE2,4.3.0 NVIDIA 591.86,false,assets/heightmaps/Hm_Terrain_Test_129.pgm,129,129,30.000,4.000,14,4.000,2.000,20000,0.474,0.000,6.000,8.089,5.489,13144,41404,13142,100,50,202,67,0,0,0,0,8,2658.330,4.997,4.701,0.209,0.549,0.248,0.247,0.133,1.252,0.108,0.223,0.751,0.981,0.235,0.000,0.000,0.000,0.000,0.000,0.000,0.000,0.000,0.000,0.000,0.000,0.000,0.000,0.000,0.000,0,0,1.493,0.797,0.974,0.000,14
Data-Oriented CPU ROAM,RelWithDebInfo,OpenGL,NVIDIA GeForce RTX 5090 D/PCIe/SSE2,4.3.0 NVIDIA 591.86,false,assets/heightmaps/Hm_Terrain_Test_129.pgm,129,129,30.000,4.000,14,4.000,2.000,20000,0.479,0.000,6.000,7.967,5.440,13102,41548,13100,72,36,114,44,0,0,0,0,8,0.000,5.261,4.946,0.254,0.781,0.110,0.233,0.156,0.998,0.145,0.225,0.960,1.084,0.244,0.000,0.000,0.000,0.000,0.000,0.000,0.000,0.000,0.000,0.000,0.000,0.000,0.000,0.000,0.000,0,0,1.299,0.891,1.185,0.000,14
Data-Oriented CPU ROAM,RelWithDebInfo,OpenGL,NVIDIA GeForce RTX 5090 D/PCIe/SSE2,4.3.0 NVIDIA 591.86,false,assets/heightmaps/Hm_Terrain_Test_129.pgm,129,129,30.000,4.000,14,4.000,2.000,20000,0.485,0.000,6.000,7.839,5.675,13147,41814,13145,133,66,88,97,0,0,0,0,8,0.000,5.328,4.991,0.157,0.931,0.095,0.263,0.190,1.017,0.152,0.226,0.852,1.107,0.255,0.000,0.000,0.000,0.000,0.000,0.000,0.000,0.000,0.000,0.000,0.000,0.000,0.000,0.000,0.000,0,0,1.360,1.026,1.078,0.000,14
Data-Oriented CPU ROAM,RelWithDebInfo,OpenGL,NVIDIA GeForce RTX 5090 D/PCIe/SSE2,4.3.0 NVIDIA 591.86,false,assets/heightmaps/Hm_Terrain_Test_129.pgm,129,129,30.000,4.000,14,4.000,2.000,20000,0.491,0.000,6.000,7.708,5.837,13134,42040,13132,113,56,126,74,0,0,0,0,8,291.772,5.667,5.354,0.218,0.813,0.137,0.242,0.136,1.160,0.118,0.215,1.219,1.095,0.241,0.000,0.000,0.000,0.000,0.000,0.000,0.000,0.000,0.000,0.000,0.000,0.000,0.000,0.000,0.000,0,0,1.414,0.950,1.435,0.000,14
Data-Oriented CPU ROAM,RelWithDebInfo,OpenGL,NVIDIA GeForce RTX 5090 D/PCIe/SSE2,4.3.0 NVIDIA 591.86,false,assets/heightmaps/Hm_Terrain_Test_129.pgm,129,129,30.000,4.000,14,4.000,2.000,20000,0.497,0.000,6.000,7.571,6.099,13060,42244,13058,102,51,176,65,0,0,0,0,8,0.000,5.555,5.120,0.141,1.079,0.156,0.247,0.130,1.241,0.106,0.219,0.768,1.034,0.332,0.000,0.000,0.000,0.000,0.000,0.000,0.000,0.000,0.000,0.000,0.000,0.000,0.000,0.000,0.000,0,0,1.476,1.235,0.987,0.000,14
Data-Oriented CPU ROAM,RelWithDebInfo,OpenGL,NVIDIA GeForce RTX 5090 D/PCIe/SSE2,4.3.0 NVIDIA 591.86,false,assets/heightmaps/Hm_Terrain_Test_129.pgm,129,129,30.000,4.000,14,4.000,2.000,20000,0.503,0.000,6.000,7.434,6.103,13060,42416,13058,86,43,86,65,0,0,0,0,8,0.000,5.006,4.721,0.166,0.877,0.085,0.234,0.129,1.189,0.086,0.215,0.751,0.988,0.226,0.000,0.000,0.000,0.000,0.000,0.000,0.000,0.000,0.000,0.000,0.000,0.000,0.000,0.000,0.000,0,0,1.404,0.962,0.966,0.000,14
Data-Oriented CPU ROAM,RelWithDebInfo,OpenGL,NVIDIA GeForce RTX 5090 D/PCIe/SSE2,4.3.0 NVIDIA 591.86,false,assets/heightmaps/Hm_Terrain_Test_129.pgm,129,129,30.000,4.000,14,4.000,2.000,20000,0.508,0.000,6.000,7.311,5.428,13075,42664,13073,124,61,109,81,0,0,0,0,8,2044.488,4.896,4.584,0.130,0.810,0.147,0.252,0.149,0.940,0.125,0.222,0.771,1.038,0.246,0.000,0.000,0.000,0.000,0.000,0.000,0.000,0.000,0.000,0.000,0.000,0.000,0.000,0.000,0.000,0,0,1.214,0.957,0.993,0.000,14
Data-Oriented CPU ROAM,RelWithDebInfo,OpenGL,NVIDIA GeForce RTX 5090 D/PCIe/SSE2,4.3.0 NVIDIA 591.86,false,assets/heightmaps/Hm_Terrain_Test_129.pgm,129,129,30.000,4.000,14,4.000,2.000,20000,0.514,0.000,6.000,7.192,5.299,13008,42844,13006,90,45,157,52,0,0,0,0,8,0.000,5.676,5.363,0.173,0.843,0.158,0.273,0.153,1.322,0.179,0.235,0.961,1.064,0.243,0.000,0.000,0.000,0.000,0.000,0.000,0.000,0.000,0.000,0.000,0.000,0.000,0.000,0.000,0.000,0,0,1.654,1.002,1.196,0.000,14
Data-Oriented CPU ROAM,RelWithDebInfo,OpenGL,NVIDIA GeForce RTX 5090 D/PCIe/SSE2,4.3.0 NVIDIA 591.86,false,assets/heightmaps/Hm_Terrain_Test_129.pgm,129,129,30.000,4.000,14,4.000,2.000,20000,0.520,0.000,6.000,7.056,6.079,12942,43036,12940,96,48,162,65,0,0,0,0,8,0.000,5.402,5.031,0.146,1.004,0.151,0.257,0.133,1.106,0.117,0.220,0.796,1.100,0.282,0.000,0.000,0.000,0.000,0.000,0.000,0.000,0.000,0.000,0.000,0.000,0.000,0.000,0.000,0.000,0,0,1.356,1.156,1.016,0.000,14
Data-Oriented CPU ROAM,RelWithDebInfo,OpenGL,NVIDIA GeForce RTX 5090 D/PCIe/SSE2,4.3.0 NVIDIA 591.86,false,assets/heightmaps/Hm_Terrain_Test_129.pgm,129,129,30.000,4.000,14,4.000,2.000,20000,0.526,0.000,6.000,6.921,6.009,12978,43264,12976,114,57,78,77,0,0,0,0,8,0.000,5.393,5.092,0.251,0.538,0.080,0.233,0.139,1.210,0.124,0.221,1.181,1.113,0.237,0.000,0.000,0.000,0.000,0.000,0.000,0.000,0.000,0.000,0.000,0.000,0.000,0.000,0.000,0.000,0,0,1.473,0.618,1.403,0.000,14
Data-Oriented CPU ROAM,RelWithDebInfo,OpenGL,NVIDIA GeForce RTX 5090 D/PCIe/SSE2,4.3.0 NVIDIA 591.86,false,assets/heightmaps/Hm_Terrain_Test_129.pgm,129,129,30.000,4.000,14,4.000,2.000,20000,0.532,0.000,6.000,6.791,5.772,12972,43504,12970,120,59,126,74,0,0,0,0,8,0.000,4.993,4.598,0.121,0.720,0.116,0.241,0.128,1.208,0.119,0.215,0.759,0.970,0.312,0.000,0.000,0.000,0.000,0.000,0.000,0.000,0.000,0.000,0.000,0.000,0.000,0.000,0.000,0.000,0,0,1.456,0.836,0.974,0.000,14
Data-Oriented CPU ROAM,RelWithDebInfo,OpenGL,NVIDIA GeForce RTX 5090 D/PCIe/SSE2,4.3.0 NVIDIA 591.86,false,assets/heightmaps/Hm_Terrain_Test_129.pgm,129,129,30.000,4.000,14,4.000,2.000,20000,0.537,0.000,6.000,6.666,5.606,12930,43712,12928,104,52,146,66,0,0,0,0,8,323.352,5.113,4.831,0.147,0.932,0.143,0.228,0.130,1.224,0.103,0.213,0.764,0.946,0.222,0.000,0.000,0.000,0.000,0.000,0.000,0.000,0.000,0.000,0.000,0.000,0.000,0.000,0.000,0.000,0,0,1.457,1.075,0.978,0.000,14
Data-Oriented CPU ROAM,RelWithDebInfo,OpenGL,NVIDIA GeForce RTX 5090 D/PCIe/SSE2,4.3.0 NVIDIA 591.86,false,assets/heightmaps/Hm_Terrain_Test_129.pgm,129,129,30.000,4.000,14,4.000,2.000,20000,0.543,0.000,6.000,6.542,5.516,12878,43928,12876,108,54,160,70,0,0,0,0,8,0.000,5.071,4.763,0.123,0.892,0.210,0.238,0.135,1.045,0.121,0.219,0.771,1.008,0.239,0.000,0.000,0.000,0.000,0.000,0.000,0.000,0.000,0.000,0.000,0.000,0.000,0.000,0.000,0.000,0,0,1.301,1.102,0.991,0.000,14
Data-Oriented CPU ROAM,RelWithDebInfo,OpenGL,NVIDIA GeForce RTX 5090 D/PCIe/SSE2,4.3.0 NVIDIA 591.86,false,assets/heightmaps/Hm_Terrain_Test_129.pgm,129,129,30.000,4.000,14,4.000,2.000,20000,0.548,0.000,6.000,6.420,5.472,12858,44106,12856,89,44,109,62,0,0,0,0,8,0.000,5.650,5.337,0.139,0.938,0.120,0.237,0.159,0.971,0.170,0.225,1.327,1.051,0.240,0.000,0.000,0.000,0.000,0.000,0.000,0.000,0.000,0.000,0.000,0.000,0.000,0.000,0.000,0.000,0,0,1.300,1.058,1.552,0.000,14
Data-Oriented CPU ROAM,RelWithDebInfo,OpenGL,NVIDIA GeForce RTX 5090 D/PCIe/SSE2,4.3.0 NVIDIA 591.86,false,assets/heightmaps/Hm_Terrain_Test_129.pgm,129,129,30.000,4.000,14,4.000,2.000,20000,0.554,0.000,6.000,6.283,6.176,12757,44332,12755,113,56,214,68,0,0,0,0,8,319.745,5.240,4.885,0.212,0.846,0.196,0.245,0.141,0.902,0.123,0.218,0.919,1.084,0.275,0.000,0.000,0.000,0.000,0.000,0.000,0.000,0.000,0.000,0.000,0.000,0.000,0.000,0.000,0.000,0,0,1.166,1.043,1.136,0.000,14
Data-Oriented CPU ROAM,RelWithDebInfo,OpenGL,NVIDIA GeForce RTX 5090 D/PCIe/SSE2,4.3.0 NVIDIA 591.86,false,assets/heightmaps/Hm_Terrain_Test_129.pgm,129,129,30.000,4.000,14,4.000,2.000,20000,0.560,0.000,6.000,6.156,5.719,12704,44556,12702,112,56,165,66,0,0,0,0,8,0.000,5.743,5.435,0.238,0.964,0.162,0.248,0.130,1.173,0.127,0.209,0.983,1.201,0.238,0.000,0.000,0.000,0.000,0.000,0.000,0.000,0.000,0.000,0.000,0.000,0.000,0.000,0.000,0.000,0,0,1.429,1.126,1.192,0.000,14
Data-Oriented CPU ROAM,RelWithDebInfo,OpenGL,NVIDIA GeForce RTX 5090 D/PCIe/SSE2,4.3.0 NVIDIA 591.86,false,assets/heightmaps/Hm_Terrain_Test_129.pgm,129,129,30.000,4.000,14,4.000,2.000,20000,0.566,0.000,6.000,6.019,6.178,12722,44804,12720,124,62,106,82,0,0,0,0,8,0.000,4.777,4.417,0.153,0.916,0.114,0.234,0.129,0.839,0.127,0.217,0.742,0.947,0.285,0.000,0.000,0.000,0.000,0.000,0.000,0.000,0.000,0.000,0.000,0.000,0.000,0.000,0.000,0.000,0,0,1.094,1.030,0.960,0.000,14
Data-Oriented CPU ROAM,RelWithDebInfo,OpenGL,NVIDIA GeForce RTX 5090 D/PCIe/SSE2,4.3.0 NVIDIA 591.86,false,assets/heightmaps/Hm_Terrain_Test_129.pgm,129,129,30.000,4.000,14,4.000,2.000,20000,0.572,0.000,6.000,5.896,5.589,12720,45004,12718,100,49,102,66,0,0,0,0,8,0.000,5.209,4.889,0.228,0.741,0.195,0.297,0.164,0.945,0.124,0.228,0.782,1.187,0.249,0.000,0.000,0.000,0.000,0.000,0.000,0.000,0.000,0.000,0.000,0.000,0.000,0.000,0.000,0.000,0,0,1.232,0.936,1.010,0.000,14
Data-Oriented CPU ROAM,RelWithDebInfo,OpenGL,NVIDIA GeForce RTX 5090 D/PCIe/SSE2,4.3.0 NVIDIA 591.86,false,assets/heightmaps/Hm_Terrain_Test_129.pgm,129,129,30.000,4.000,14,4.000,2.000,20000,0.578,0.000,6.000,5.770,5.732,12656,45184,12654,90,45,154,56,0,0,0,0,8,0.000,5.517,5.200,0.212,0.729,0.235,0.231,0.159,1.011,0.189,0.223,1.023,1.187,0.241,0.000,0.000,0.000,0.000,0.000,0.000,0.000,0.000,0.000,0.000,0.000,0.000,0.000,0.000,0.000,0,0,1.359,0.964,1.246,0.000,14
Data-Oriented CPU ROAM,RelWithDebInfo,OpenGL,NVIDIA GeForce RTX 5090 D/PCIe/SSE2,4.3.0 NVIDIA 591.86,false,assets/heightmaps/Hm_Terrain_Test_129.pgm,129,129,30.000,4.000,14,4.000,2.000,20000,0.584,0.000,6.000,5.638,5.999,12646,45316,12644,66,33,76,44,0,0,0,0,8,2590.137,5.177,4.825,0.243,1.059,0.083,0.246,0.133,0.860,0.086,0.215,0.846,1.054,0.281,0.000,0.000,0.000,0.000,0.000,0.000,0.000,0.000,0.000,0.000,0.000,0.000,0.000,0.000,0.000,0,0,1.079,1.141,1.061,0.000,14
Data-Oriented CPU ROAM,RelWithDebInfo,OpenGL,NVIDIA GeForce RTX 5090 D/PCIe/SSE2,4.3.0 NVIDIA 591.86,false,assets/heightmaps/Hm_Terrain_Test_129.pgm,129,129,30.000,4.000,14,4.000,2.000,20000,0.589,0.000,6.000,5.514,5.666,12570,45500,12568,92,46,168,65,0,0,0,0,8,0.000,5.317,4.997,0.181,0.999,0.163,0.232,0.245,0.893,0.103,0.215,0.789,1.177,0.254,0.000,0.000,0.000,0.000,0.000,0.000,0.000,0.000,0.000,0.000,0.000,0.000,0.000,0.000,0.000,0,0,1.241,1.162,1.004,0.000,14
Data-Oriented CPU ROAM,RelWithDebInfo,OpenGL,NVIDIA GeForce RTX 5090 D/PCIe/SSE2,4.3.0 NVIDIA 591.86,false,assets/heightmaps/Hm_Terrain_Test_129.pgm,129,129,30.000,4.000,14,4.000,2.000,20000,0.595,0.000,6.000,5.390,5.736,12488,45660,12486,80,39,162,52,0,0,0,0,8,0.000,5.506,5.201,0.148,0.841,0.161,0.236,0.241,1.205,0.087,0.215,1.053,1.014,0.241,0.000,0.000,0.000,0.000,0.000,0.000,0.000,0.000,0.000,0.000,0.000,0.000,0.000,0.000,0.000,0,0,1.533,1.002,1.267,0.000,14
Data-Oriented CPU ROAM,RelWithDebInfo,OpenGL,NVIDIA GeForce RTX 5090 D/PCIe/SSE2,4.3.0 NVIDIA 591.86,false,assets/heightmaps/Hm_Terrain_Test_129.pgm,129,129,30.000,4.000,14,4.000,2.000,20000,0.601,0.000,6.000,5.262,5.888,12422,45804,12420,72,36,138,50,0,0,0,0,8,738.108,4.536,4.233,0.123,0.831,0.128,0.242,0.126,0.836,0.067,0.203,0.721,0.954,0.241,0.000,0.000,0.000,0.000,0.000,0.000,0.000,0.000,0.000,0.000,0.000,0.000,0.000,0.000,0.000,0,0,1.029,0.959,0.925,0.000,14
Data-Oriented CPU ROAM,RelWithDebInfo,OpenGL,NVIDIA GeForce RTX 5090 D/PCIe/SSE2,4.3.0 NVIDIA 591.86,false,assets/heightmaps/Hm_Terrain_Test_129.pgm,129,129,30.000,4.000,14,4.000,2.000,20000,0.606,0.000,6.000,5.155,4.965,12420,45900,12418,48,24,50,28,0,0,0,0,8,0.000,4.395,4.081,0.312,0.551,0.064,0.224,0.131,0.846,0.050,0.211,0.761,0.930,0.258,0.000,0.000,0.000,0.000,0.000,0.000,0.000,0.000,0.000,0.000,0.000,0.000,0.000,0.000,0.000,0,0,1.028,0.616,0.972,0.000,14
Data-Oriented CPU ROAM,RelWithDebInfo,OpenGL,NVIDIA GeForce RTX 5090 D/PCIe/SSE2,4.3.0 NVIDIA 591.86,false,assets/heightmaps/Hm_Terrain_Test_129.pgm,129,129,30.000,4.000,14,4.000,2.000,20000,0.611,0.000,6.000,5.053,4.778,12358,46032,12356,66,33,128,47,0,0,0,0,8,0.000,5.367,5.028,0.138,0.540,0.125,0.224,0.140,1.343,0.099,0.212,1.255,0.953,0.273,0.000,0.000,0.000,0.000,0.000,0.000,0.000,0.000,0.000,0.000,0.000,0.000,0.000,0.000,0.000,0,0,1.582,0.665,1.467,0.000,14
Data-Oriented CPU ROAM,RelWithDebInfo,OpenGL,NVIDIA GeForce RTX 5090 D/PCIe/SSE2,4.3.0 NVIDIA 591.86,false,assets/heightmaps/Hm_Terrain_Test_129.pgm,129,129,30.000,4.000,14,4.000,2.000,20000,0.616,0.000,6.000,4.928,5.832,12264,46144,12262,56,27,150,48,0,0,0,0,8,1037.379,4.846,4.517,0.137,0.832,0.152,0.233,0.128,0.876,0.065,0.213,0.908,0.973,0.263,0.000,0.000,0.000,0.000,0.000,0.000,0.000,0.000,0.000,0.000,0.000,0.000,0.000,0.000,0.000,0,0,1.069,0.985,1.121,0.000,14
Data-Oriented CPU ROAM,RelWithDebInfo,OpenGL,NVIDIA GeForce RTX 5090 D/PCIe/SSE2,4.3.0 NVIDIA 591.86,false,assets/heightmaps/Hm_Terrain_Test_129.pgm,129,129,30.000,4.000,14,4.000,2.000,20000,0.622,0.000,6.000,4.817,5.267,12230,46244,12228,50,25,84,35,0,0,0,0,8,0.000,4.708,4.395,0.224,0.937,0.097,0.240,0.125,0.873,0.051,0.199,0.736,0.913,0.254,0.000,0.000,0.000,0.000,0.000,0.000,0.000,0.000,0.000,0.000,0.000,0.000,0.000,0.000,0.000,0,0,1.049,1.034,0.935,0.000,14
Data-Oriented CPU ROAM,RelWithDebInfo,OpenGL,NVIDIA GeForce RTX 5090 D/PCIe/SSE2,4.3.0 NVIDIA 591.86,false,assets/heightmaps/Hm_Terrain_Test_129.pgm,129,129,30.000,4.000,14,4.000,2.000,20000,0.627,0.000,6.000,4.709,5.097,12218,46344,12216,50,25,62,37,0,0,0,0,8,0.000,4.314,4.040,0.140,0.524,0.065,0.220,0.132,1.038,0.059,0.210,0.734,0.918,0.214,0.000,0.000,0.000,0.000,0.000,0.000,0.000,0.000,0.000,0.000,0.000,0.000,0.000,0.000,0.000,0,0,1.229,0.589,0.944,0.000,14
Data-Oriented CPU ROAM,RelWithDebInfo,OpenGL,NVIDIA GeForce RTX 5090 D/PCIe/SSE2,4.3.0 NVIDIA 591.86,false,assets/heightmaps/Hm_Terrain_Test_129.pgm,129,129,30.000,4.000,14,4.000,2.000,20000,0.631,0.000,6.000,4.610,4.709,12198,46464,12196,60,30,80,43,0,0,0,0,8,2003.676,4.991,4.678,0.142,0.530,0.076,0.221,0.134,1.241,0.085,0.209,1.148,0.890,0.260,0.000,0.000,0.000,0.000,0.000,0.000,0.000,0.000,0.000,0.000,0.000,0.000,0.000,0.000,0.000,0,0,1.460,0.606,1.358,0.000,14
Data-Oriented CPU ROAM,RelWithDebInfo,OpenGL,NVIDIA GeForce RTX 5090 D/PCIe/SSE2,4.3.0 NVIDIA 591.86,false,assets/heightmaps/Hm_Terrain_Test_129.pgm,129,129,30.000,4.000,14,4.000,2.000,20000,0.637,0.000,6.000,4.498,5.362,11941,46564,11939,50,24,307,64,0,0,0,0,8,0.000,5.460,5.169,0.114,1.048,0.247,0.230,0.227,1.253,0.058,0.215,0.711,1.066,0.229,0.000,0.000,0.000,0.000,0.000,0.000,0.000,0.000,0.000,0.000,0.000,0.000,0.000,0.000,0.000,0,0,1.538,1.295,0.927,0.000,14
Data-Oriented CPU ROAM,RelWithDebInfo,OpenGL,NVIDIA GeForce RTX 5090 D/PCIe/SSE2,4.3.0 NVIDIA 591.86,false,assets/heightmaps/Hm_Terrain_Test_129.pgm,129,129,30.000,4.000,14,4.000,2.000,20000,0.643,0.000,6.000,4.378,5.810,11894,46684,11892,60,30,107,40,0,0,0,0,8,0.000,5.141,4.686,0.147,0.576,0.106,0.219,0.121,1.299,0.093,0.388,0.802,0.934,0.363,0.000,0.000,0.000,0.000,0.000,0.000,0.000,0.000,0.000,0.000,0.000,0.000,0.000,0.000,0.000,0,0,1.514,0.682,1.190,0.000,14
Data-Oriented CPU ROAM,RelWithDebInfo,OpenGL,NVIDIA GeForce RTX 5090 D/PCIe/SSE2,4.3.0 NVIDIA 591.86,false,assets/heightmaps/Hm_Terrain_Test_129.pgm,129,129,30.000,4.000,14,4.000,2.000,20000,0.648,0.000,6.000,4.260,5.725,11844,46800,11842,58,29,108,43,0,0,0,0,8,359.187,4.636,4.349,0.177,0.800,0.130,0.262,0.130,0.900,0.064,0.205,0.712,0.969,0.223,0.000,0.000,0.000,0.000,0.000,0.000,0.000,0.000,0.000,0.000,0.000,0.000,0.000,0.000,0.000,0,0,1.094,0.930,0.917,0.000,14
Data-Oriented CPU ROAM,RelWithDebInfo,OpenGL,NVIDIA GeForce RTX 5090 D/PCIe/SSE2,4.3.0 NVIDIA 591.86,false,assets/heightmaps/Hm_Terrain_Test_129.pgm,129,129,30.000,4.000,14,4.000,2.000,20000,0.653,0.000,6.000,4.157,5.045,11832,46924,11830,62,31,74,42,0,0,0,0,8,0.000,4.555,4.233,0.184,0.539,0.118,0.217,0.130,0.908,0.082,0.205,0.758,1.091,0.245,0.000,0.000,0.000,0.000,0.000,0.000,0.000,0.000,0.000,0.000,0.000,0.000,0.000,0.000,0.000,0,0,1.120,0.658,0.963,0.000,14
Data-Oriented CPU ROAM,RelWithDebInfo,OpenGL,NVIDIA GeForce RTX 5090 D/PCIe/SSE2,4.3.0 NVIDIA 591.86,false,assets/heightmaps/Hm_Terrain_Test_129.pgm,129,129,30.000,4.000,14,4.000,2.000,20000,0.658,0.000,6.000,4.055,4.986,11736,46986,11734,31,15,127,39,0,0,0,0,8,0.000,5.104,4.788,0.197,0.646,0.125,0.233,0.124,1.212,0.041,0.206,1.014,0.989,0.252,0.000,0.000,0.000,0.000,0.000,0.000,0.000,0.000,0.000,0.000,0.000,0.000,0.000,0.000,0.000,0,0,1.377,0.771,1.220,0.000,14
Data-Oriented CPU ROAM,RelWithDebInfo,OpenGL,NVIDIA GeForce RTX 5090 D/PCIe/SSE2,4.3.0 NVIDIA 591.86,false,assets/heightmaps/Hm_Terrain_Test_129.pgm,129,129,30.000,4.000,14,4.000,2.000,20000,0.664,0.000,6.000,3.944,5.537,11666,47100,11664,57,28,127,45,0,0,0,0,8,373.643,4.508,4.180,0.163,0.536,0.178,0.219,0.118,1.148,0.061,0.200,0.691,0.866,0.263,0.000,0.000,0.000,0.000,0.000,0.000,0.000,0.000,0.000,0.000,0.000,0.000,0.000,0.000,0.000,0,0,1.327,0.714,0.891,0.000,14
Data-Oriented CPU ROAM,RelWithDebInfo,OpenGL,NVIDIA GeForce RTX 5090 D/PCIe/SSE2,4.3.0 NVIDIA 591.86,false,assets/heightmaps/Hm_Terrain_Test_129.pgm,129,129,30.000,4.000,14,4.000,2.000,20000,0.669,0.000,6.000,3.843,5.056,11652,47192,11650,46,23,60,38,0,0,0,0,8,0.000,4.743,4.483,0.178,0.576,0.069,0.206,0.121,1.162,0.050,0.201,1.055,0.866,0.202,0.000,0.000,0.000,0.000,0.000,0.000,0.000,0.000,0.000,0.000,0.000,0.000,0.000,0.000,0.000,0,0,1.333,0.645,1.255,0.000,14
Data-Oriented CPU ROAM,RelWithDebInfo,OpenGL,NVIDIA GeForce RTX 5090 D/PCIe/SSE2,4.3.0 NVIDIA 591.86,false,assets/heightmaps/Hm_Terrain_Test_129.pgm,129,129,30.000,4.000,14,4.000,2.000,20000,0.674,0.000,6.000,3.741,5.108,11612,47292,11610,50,25,90,38,0,0,0,0,8,0.000,5.051,4.766,0.128,0.781,0.149,0.223,0.166,1.179,0.101,0.204,0.724,1.110,0.213,0.000,0.000,0.000,0.000,0.000,0.000,0.000,0.000,0.000,0.000,0.000,0.000,0.000,0.000,0.000,0,0,1.446,0.930,0.928,0.000,14
Data-Oriented CPU ROAM,RelWithDebInfo,OpenGL,NVIDIA GeForce RTX 5090 D/PCIe/SSE2,4.3.0 NVIDIA 591.86,false,assets/heightmaps/Hm_Terrain_Test_129.pgm,129,129,30.000,4.000,14,4.000,2.000,20000,0.680,0.000,6.000,3.633,5.507,11562,47412,11560,60,30,110,48,0,0,0,0,8,315.797,5.237,4.947,0.194,0.530,0.108,0.205,0.125,1.233,0.107,0.203,1.136,1.106,0.228,0.000,0.000,0.000,0.000,0.000,0.000,0.000,0.000,0.000,0.000,0.000,0.000,0.000,0.000,0.000,0,0,1.465,0.637,1.339,0.000,14
Data-Oriented CPU ROAM,RelWithDebInfo,OpenGL,NVIDIA GeForce RTX 5090 D/PCIe/SSE2,4.3.0 NVIDIA 591.86,false,assets/heightmaps/Hm_Terrain_Test_129.pgm,129,129,30.000,4.000,14,4.000,2.000,20000,0.685,0.000,6.000,3.522,5.664,11443,47516,11441,52,25,171,48,0,0,0,0,8,0.000,4.363,4.073,0.215,0.529,0.165,0.209,0.124,0.958,0.061,0.197,0.692,0.923,0.219,0.000,0.000,0.000,0.000,0.000,0.000,0.000,0.000,0.000,0.000,0.000,0.000,0.000,0.000,0.000,0,0,1.143,0.695,0.888,0.000,14
Data-Oriented CPU ROAM,RelWithDebInfo,OpenGL,NVIDIA GeForce RTX 5090 D/PCIe/SSE2,4.3.0 NVIDIA 591.86,false,assets/heightmaps/Hm_Terrain_Test_129.pgm,129,129,30.000,4.000,14,4.000,2.000,20000,0.690,0.000,6.000,3.430,4.794,11360,47600,11358,42,21,125,34,0,0,0,0,8,0.000,4.282,4.025,0.159,0.723,0.136,0.212,0.118,0.893,0.052,0.186,0.679,0.867,0.198,0.000,0.000,0.000,0.000,0.000,0.000,0.000,0.000,0.000,0.000,0.000,0.000,0.000,0.000,0.000,0,0,1.063,0.859,0.865,0.000,14
Data-Oriented CPU ROAM,RelWithDebInfo,OpenGL,NVIDIA GeForce RTX 5090 D/PCIe/SSE2,4.3.0 NVIDIA 591.86,false,assets/heightmaps/Hm_Terrain_Test_129.pgm,129,129,30.000,4.000,14,4.000,2.000,20000,0.695,0.000,6.000,3.340,4.651,11330,47708,11328,54,27,84,48,0,0,0,0,8,1065.850,4.664,4.397,0.156,0.803,0.087,0.205,0.124,0.959,0.101,0.201,0.898,0.863,0.202,0.000,0.000,0.000,0.000,0.000,0.000,0.000,0.000,0.000,0.000,0.000,0.000,0.000,0.000,0.000,0,0,1.184,0.890,1.099,0.000,14
Data-Oriented CPU ROAM,RelWithDebInfo,OpenGL,NVIDIA GeForce RTX 5090 D/PCIe/SSE2,4.3.0 NVIDIA 591.86,false,assets/heightmaps/Hm_Terrain_Test_129.pgm,129,129,30.000,4.000,14,4.000,2.000,20000,0.700,0.000,6.000,3.245,5.021,11284,47768,11282,30,15,76,23,0,0,0,0,8,0.000,4.722,4.458,0.096,0.835,0.089,0.235,0.239,0.951,0.037,0.194,0.834,0.947,0.199,0.000,0.000,0.000,0.000,0.000,0.000,0.000,0.000,0.000,0.000,0.000,0.000,0.000,0.000,0.000,0,0,1.228,0.923,1.029,0.000,14
Data-Oriented CPU ROAM,RelWithDebInfo,OpenGL,NVIDIA GeForce RTX 5090 D/PCIe/SSE2,4.3.0 NVIDIA 591.86,false,assets/heightmaps/Hm_Terrain_Test_129.pgm,129,129,30.000,4.000,14,4.000,2.000,20000,0.705,0.000,6.000,3.149,5.087,11276,47872,11274,52,26,60,39,0,0,0,0,8,0.000,4.494,4.241,0.100,0.734,0.065,0.211,0.214,1.194,0.057,0.194,0.656,0.817,0.194,0.000,0.000,0.000,0.000,0.000,0.000,0.000,0.000,0.000,0.000,0.000,0.000,0.000,0.000,0.000,0,0,1.464,0.799,0.850,0.000,14
Data-Oriented CPU ROAM,RelWithDebInfo,OpenGL,NVIDIA GeForce RTX 5090 D/PCIe/SSE2,4.3.0 NVIDIA 591.86,false,assets/heightmaps/Hm_Terrain_Test_129.pgm,129,129,30.000,4.000,14,4.000,2.000,20000,0.710,0.000,6.000,3.059,4.834,11226,47980,11224,54,26,104,46,0,0,0,0,8,348.050,4.744,4.488,0.095,0.744,0.174,0.294,0.127,1.199,0.064,0.198,0.661,0.932,0.197,0.000,0.000,0.000,0.000,0.000,0.000,0.000,0.000,0.000,0.000,0.000,0.000,0.000,0.000,0.000,0,0,1.390,0.918,0.859,0.000,14
Data-Oriented CPU ROAM,RelWithDebInfo,OpenGL,NVIDIA GeForce RTX 5090 D/PCIe/SSE2,4.3.0 NVIDIA 591.86,false,assets/heightmaps/Hm_Terrain_Test_129.pgm,129,129,30.000,4.000,14,4.000,2.000,20000,0.715,0.000,6.000,2.965,5.105,11174,48064,11172,42,21,94,32,0,0,0,0,8,0.000,5.131,4.849,0.090,0.733,0.105,0.205,0.241,1.002,0.057,0.196,1.219,1.000,0.213,0.000,0.000,0.000,0.000,0.000,0.000,0.000,0.000,0.000,0.000,0.000,0.000,0.000,0.000,0.000,0,0,1.300,0.838,1.415,0.000,14
Data-Oriented CPU ROAM,RelWithDebInfo,OpenGL,NVIDIA GeForce RTX 5090 D/PCIe/SSE2,4.3.0 NVIDIA 591.86,false,assets/heightmaps/Hm_Terrain_Test_129.pgm,129,129,30.000,4.000,14,4.000,2.000,20000,0.720,0.000,6.000,2.865,5.511,11101,48164,11099,50,25,123,37,0,0,0,0,8,0.000,4.902,4.628,0.158,0.843,0.133,0.221,0.116,0.866,0.053,0.184,1.121,0.933,0.206,0.000,0.000,0.000,0.000,0.000,0.000,0.000,0.000,0.000,0.000,0.000,0.000,0.000,0.000,0.000,0,0,1.035,0.976,1.305,0.000,14
Data-Oriented CPU ROAM,RelWithDebInfo,OpenGL,NVIDIA GeForce RTX 5090 D/PCIe/SSE2,4.3.0 NVIDIA 591.86,false,assets/heightmaps/Hm_Terrain_Test_129.pgm,129,129,30.000,4.000,14,4.000,2.000,20000,0.726,0.000,6.000,2.770,5.267,11007,48248,11005,42,21,136,46,0,0,0,0,8,693.689,4.756,4.503,0.131,1.014,0.153,0.248,0.119,1.120,0.049,0.190,0.647,0.832,0.195,0.000,0.000,0.000,0.000,0.000,0.000,0.000,0.000,0.000,0.000,0.000,0.000,0.000,0.000,0.000,0,0,1.288,1.166,0.837,0.000,14
Data-Oriented CPU ROAM,RelWithDebInfo,OpenGL,NVIDIA GeForce RTX 5090 D/PCIe/SSE2,4.3.0 NVIDIA 591.86,false,assets/heightmaps/Hm_Terrain_Test_129.pgm,129,129,30.000,4.000,14,4.000,2.000,20000,0.731,0.000,6.000,2.678,5.127,10990,48372,10988,62,31,79,48,0,0,0,0,8,0.000,4.173,3.930,0.153,0.740,0.110,0.219,0.120,0.881,0.063,0.190,0.641,0.812,0.190,0.000,0.000,0.000,0.000,0.000,0.000,0.000,0.000,0.000,0.000,0.000,0.000,0.000,0.000,0.000,0,0,1.064,0.850,0.831,0.000,14
Data-Oriented CPU ROAM,RelWithDebInfo,OpenGL,NVIDIA GeForce RTX 5090 D/PCIe/SSE2,4.3.0 NVIDIA 591.86,false,assets/heightmaps/Hm_Terrain_Test_129.pgm,129,129,30.000,4.000,14,4.000,2.000,20000,0.735,0.000,6.000,2.599,4.523,10905,48440,10903,34,16,119,48,0,0,0,0,8,0.000,4.755,4.503,0.114,0.493,0.114,0.202,0.215,1.169,0.046,0.190,1.115,0.844,0.196,0.000,0.000,0.000,0.000,0.000,0.000,0.000,0.000,0.000,0.000,0.000,0.000,0.000,0.000,0.000,0,0,1.430,0.607,1.306,0.000,14
Data-Oriented CPU ROAM,RelWithDebInfo,OpenGL,NVIDIA GeForce RTX 5090 D/PCIe/SSE2,4.3.0 NVIDIA 591.86,false,assets/heightmaps/Hm_Terrain_Test_129.pgm,129,129,30.000,4.000,14,4.000,2.000,20000,0.740,0.000,6.000,2.509,5.153,10809,48504,10807,32,16,128,46,0,0,0,0,8,3250.299,4.105,3.845,0.125,0.495,0.134,0.209,0.115,1.087,0.035,0.214,0.629,0.801,0.207,0.000,0.000,0.000,0.000,0.000,0.000,0.000,0.000,0.000,0.000,0.000,0.000,0.000,0.000,0.000,0,0,1.237,0.629,0.843,0.000,14
Data-Oriented CPU ROAM,RelWithDebInfo,OpenGL,NVIDIA GeForce RTX 5090 D/PCIe/SSE2,4.3.0 NVIDIA 591.86,false,assets/heightmaps/Hm_Terrain_Test_129.pgm,129,129,30.000,4.000,14,4.000,2.000,20000,0.745,0.000,6.000,2.427,4.747,10741,48592,10739,44,22,112,32,0,0,0,0,8,0.000,4.366,4.081,0.215,0.651,0.165,0.198,0.127,0.930,0.058,0.186,0.655,0.897,0.218,0.000,0.000,0.000,0.000,0.000,0.000,0.000,0.000,0.000,0.000,0.000,0.000,0.000,0.000,0.000,0,0,1.114,0.816,0.841,0.000,14
Data-Oriented CPU ROAM,RelWithDebInfo,OpenGL,NVIDIA GeForce RTX 5090 D/PCIe/SSE2,4.3.0 NVIDIA 591.86,false,assets/heightmaps/Hm_Terrain_Test_129.pgm,129,129,30.000,4.000,14,4.000,2.000,20000,0.750,0.000,6.000,2.347,4.750,10686,48700,10684,54,27,109,40,0,0,0,0,8,0.000,4.700,4.421,0.144,0.878,0.124,0.202,0.116,1.138,0.070,0.188,0.647,0.914,0.215,0.000,0.000,0.000,0.000,0.000,0.000,0.000,0.000,0.000,0.000,0.000,0.000,0.000,0.000,0.000,0,0,1.324,1.003,0.834,0.000,14
Data-Oriented CPU ROAM,RelWithDebInfo,OpenGL,NVIDIA GeForce RTX 5090 D/PCIe/SSE2,4.3.0 NVIDIA 591.86,false,assets/heightmaps/Hm_Terrain_Test_129.pgm,129,129,30.000,4.000,14,4.000,2.000,20000,0.755,0.000,6.000,2.260,5.131,10662,48780,10660,40,20,64,40,0,0,0,0,8,0.000,4.384,4.049,0.136,0.978,0.073,0.210,0.113,0.826,0.050,0.183,0.641,0.837,0.250,0.000,0.000,0.000,0.000,0.000,0.000,0.000,0.000,0.000,0.000,0.000,0.000,0.000,0.000,0.000,0,0,0.989,1.052,0.825,0.000,14
Data-Oriented CPU ROAM,RelWithDebInfo,OpenGL,NVIDIA GeForce RTX 5090 D/PCIe/SSE2,4.3.0 NVIDIA 591.86,false,assets/heightmaps/Hm_Terrain_Test_129.pgm,129,129,30.000,4.000,14,4.000,2.000,20000,0.760,0.000,6.000,2.178,5.006,10649,48882,10647,51,25,64,40,0,0,0,0,8,0.000,4.442,4.201,0.135,0.950,0.076,0.204,0.110,1.095,0.058,0.178,0.621,0.775,0.183,0.000,0.000,0.000,0.000,0.000,0.000,0.000,0.000,0.000,0.000,0.000,0.000,0.000,0.000,0.000,0,0,1.262,1.026,0.799,0.000,14
Data-Oriented CPU ROAM,RelWithDebInfo,OpenGL,NVIDIA GeForce RTX 5090 D/PCIe/SSE2,4.3.0 NVIDIA 591.86,false,assets/heightmaps/Hm_Terrain_Test_129.pgm,129,129,30.000,4.000,14,4.000,2.000,20000,0.765,0.000,6.000,2.099,4.836,10600,48940,10598,29,14,78,48,0,0,0,0,8,0.000,4.152,3.906,0.102,0.819,0.119,0.197,0.178,0.873,0.035,0.185,0.628,0.770,0.191,0.000,0.000,0.000,0.000,0.000,0.000,0.000,0.000,0.000,0.000,0.000,0.000,0.000,0.000,0.000,0,0,1.085,0.939,0.812,0.000,14
Data-Oriented CPU ROAM,RelWithDebInfo,OpenGL,NVIDIA GeForce RTX 5090 D/PCIe/SSE2,4.3.0 NVIDIA 591.86,false,assets/heightmaps/Hm_Terrain_Test_129.pgm,129,129,30.000,4.000,14,4.000,2.000,20000,0.769,0.000,6.000,2.027,4.481,10570,49000,10568,30,15,60,34,0,0,0,0,8,0.000,4.700,4.286,0.099,0.469,0.065,0.196,0.107,1.064,0.033,0.180,1.073,0.999,0.320,0.000,0.000,0.000,0.000,0.000,0.000,0.000,0.000,0.000,0.000,0.000,0.000,0.000,0.000,0.000,0,0,1.204,0.535,1.253,0.000,14
Data-Oriented CPU ROAM,RelWithDebInfo,OpenGL,NVIDIA GeForce RTX 5090 D/PCIe/SSE2,4.3.0 NVIDIA 591.86,false,assets/heightmaps/Hm_Terrain_Test_129.pgm,129,129,30.000,4.000,14,4.000,2.000,20000,0.775,0.000,6.000,1.942,5.347,10514,49088,10512,44,22,100,37,0,0,0,0,8,0.000,4.296,4.050,0.157,0.737,0.113,0.211,0.112,1.098,0.053,0.174,0.627,0.768,0.188,0.000,0.000,0.000,0.000,0.000,0.000,0.000,0.000,0.000,0.000,0.000,0.000,0.000,0.000,0.000,0,0,1.263,0.850,0.801,0.000,14
Data-Oriented CPU ROAM,RelWithDebInfo,OpenGL,NVIDIA GeForce RTX 5090 D/PCIe/SSE2,4.3.0 NVIDIA 591.86,false,assets/heightmaps/Hm_Terrain_Test_129.pgm,129,129,30.000,4.000,14,4.000,2.000,20000,0.779,0.000,6.000,1.870,4.632,10480,49172,10478,42,21,76,38,0,0,0,0,8,0.000,4.304,4.042,0.184,0.628,0.111,0.193,0.187,0.962,0.055,0.186,0.711,0.825,0.208,0.000,0.000,0.000,0.000,0.000,0.000,0.000,0.000,0.000,0.000,0.000,0.000,0.000,0.000,0.000,0,0,1.204,0.738,0.897,0.000,14
Data-Oriented CPU ROAM,RelWithDebInfo,OpenGL,NVIDIA GeForce RTX 5090 D/PCIe/SSE2,4.3.0 NVIDIA 591.86,false,assets/heightmaps/Hm_Terrain_Test_129.pgm,129,129,30.000,4.000,14,4.000,2.000,20000,0.784,0.000,6.000,1.798,4.658,10434,49240,10432,34,17,80,25,0,0,0,0,8,0.000,4.865,4.533,0.177,0.893,0.097,0.198,0.116,0.953,0.045,0.185,1.049,0.819,0.266,0.000,0.000,0.000,0.000,0.000,0.000,0.000,0.000,0.000,0.000,0.000,0.000,0.000,0.000,0.000,0,0,1.113,0.990,1.235,0.000,14
Data-Oriented CPU ROAM,RelWithDebInfo,OpenGL,NVIDIA GeForce RTX 5090 D/PCIe/SSE2,4.3.0 NVIDIA 591.86,false,assets/heightmaps/Hm_Terrain_Test_129.pgm,129,129,30.000,4.000,14,4.000,2.000,20000,0.789,0.000,6.000,1.719,5.278,10411,49338,10409,49,24,72,38,0,0,0,0,8,820.792,4.042,3.806,0.169,0.830,0.083,0.206,0.107,0.808,0.051,0.170,0.619,0.764,0.184,0.000,0.000,0.000,0.000,0.000,0.000,0.000,0.000,0.000,0.000,0.000,0.000,0.000,0.000,0.000,0,0,0.966,0.913,0.789,0.000,14
Data-Oriented CPU ROAM,RelWithDebInfo,OpenGL,NVIDIA GeForce RTX 5090 D/PCIe/SSE2,4.3.0 NVIDIA 591.86,false,assets/heightmaps/Hm_Terrain_Test_129.pgm,129,129,30.000,4.000,14,4.000,2.000,20000,0.794,0.000,6.000,1.654,4.358,10339,49424,10337,43,21,115,44,0,0,0,0,8,0.000,3.881,3.603,0.132,0.475,0.119,0.186,0.110,0.983,0.054,0.180,0.619,0.745,0.222,0.000,0.000,0.000,0.000,0.000,0.000,0.000,0.000,0.000,0.000,0.000,0.000,0.000,0.000,0.000,0,0,1.146,0.594,0.799,0.000,14
Data-Oriented CPU ROAM,RelWithDebInfo,OpenGL,NVIDIA GeForce RTX 5090 D/PCIe/SSE2,4.3.0 NVIDIA 591.86,false,assets/heightmaps/Hm_Terrain_Test_129.pgm,129,129,30.000,4.000,14,4.000,2.000,20000,0.798,0.000,6.000,1.592,4.228,10308,49484,10306,30,15,61,24,0,0,0,0,8,0.000,5.098,4.816,0.097,0.745,0.057,0.190,0.112,1.218,0.042,0.180,1.387,0.787,0.231,0.000,0.000,0.000,0.000,0.000,0.000,0.000,0.000,0.000,0.000,0.000,0.000,0.000,0.000,0.000,0,0,1.373,0.802,1.567,0.000,14
Data-Oriented CPU ROAM,RelWithDebInfo,OpenGL,NVIDIA GeForce RTX 5090 D/PCIe/SSE2,4.3.0 NVIDIA 591.86,false,assets/heightmaps/Hm_Terrain_Test_129.pgm,129,129,30.000,4.000,14,4.000,2.000,20000,0.803,0.000,6.000,1.514,5.429,10272,49548,10270,32,16,68,26,0,0,0,0,8,431.976,3.891,3.616,0.115,0.469,0.084,0.200,0.109,1.079,0.034,0.168,0.607,0.750,0.219,0.000,0.000,0.000,0.000,0.000,0.000,0.000,0.000,0.000,0.000,0.000,0.000,0.000,0.000,0.000,0,0,1.222,0.554,0.775,0.000,14
Data-Oriented CPU ROAM,RelWithDebInfo,OpenGL,NVIDIA GeForce RTX 5090 D/PCIe/SSE2,4.3.0 NVIDIA 591.86,false,assets/heightmaps/Hm_Terrain_Test_129.pgm,129,129,30.000,4.000,14,4.000,2.000,20000,0.808,0.000,6.000,1.451,4.432,10194,49568,10192,10,5,88,18,0,0,0,0,8,0.000,3.973,3.706,0.146,0.484,0.132,0.200,0.112,1.077,0.023,0.181,0.592,0.760,0.216,0.000,0.000,0.000,0.000,0.000,0.000,0.000,0.000,0.000,0.000,0.000,0.000,0.000,0.000,0.000,0,0,1.211,0.616,0.773,0.000,14
Data-Oriented CPU ROAM,RelWithDebInfo,OpenGL,NVIDIA GeForce RTX 5090 D/PCIe/SSE2,4.3.0 NVIDIA 591.86,false,assets/heightmaps/Hm_Terrain_Test_129.pgm,129,129,30.000,4.000,14,4.000,2.000,20000,0.812,0.000,6.000,1.392,4.308,10172,49612,10170,22,11,44,24,0,0,0,0,8,0.000,4.859,4.599,0.116,0.842,0.049,0.189,0.116,1.155,0.042,0.222,1.103,0.766,0.208,0.000,0.000,0.000,0.000,0.000,0.000,0.000,0.000,0.000,0.000,0.000,0.000,0.000,0.000,0.000,0,0,1.313,0.890,1.324,0.000,14
Data-Oriented CPU ROAM,RelWithDebInfo,OpenGL,NVIDIA GeForce RTX 5090 D/PCIe/SSE2,4.3.0 NVIDIA 591.86,false,assets/heightmaps/Hm_Terrain_Test_129.pgm,129,129,30.000,4.000,14,4.000,2.000,20000,0.817,0.000,6.000,1.321,5.198,10182,49732,10180,60,30,50,39,0,0,0,0,8,0.000,3.685,3.403,0.109,0.463,0.073,0.196,0.108,0.833,0.060,0.168,0.643,0.749,0.228,0.000,0.000,0.000,0.000,0.000,0.000,0.000,0.000,0.000,0.000,0.000,0.000,0.000,0.000,0.000,0,0,1.001,0.535,0.812,0.000,14
Data-Oriented CPU ROAM,RelWithDebInfo,OpenGL,NVIDIA GeForce RTX 5090 D/PCIe/SSE2,4.3.0 NVIDIA 591.86,false,assets/heightmaps/Hm_Terrain_Test_129.pgm,129,129,30.000,4.000,14,4.000,2.000,20000,0.821,0.000,6.000,1.267,4.057,10162,49816,10160,42,21,62,32,0,0,0,0,8,844.024,3.968,3.701,0.123,0.495,0.076,0.187,0.114,1.065,0.057,0.174,0.656,0.754,0.211,0.000,0.000,0.000,0.000,0.000,0.000,0.000,0.000,0.000,0.000,0.000,0.000,0.000,0.000,0.000,0,0,1.236,0.571,0.830,0.000,14
Data-Oriented CPU ROAM,RelWithDebInfo,OpenGL,NVIDIA GeForce RTX 5090 D/PCIe/SSE2,4.3.0 NVIDIA 591.86,false,assets/heightmaps/Hm_Terrain_Test_129.pgm,129,129,30.000,4.000,14,4.000,2.000,20000,0.826,0.000,6.000,1.210,4.314,10130,49880,10128,32,15,64,34,0,0,0,0,8,0.000,4.043,3.792,0.098,0.451,0.067,0.193,0.198,1.090,0.040,0.177,0.658,0.820,0.186,0.000,0.000,0.000,0.000,0.000,0.000,0.000,0.000,0.000,0.000,0.000,0.000,0.000,0.000,0.000,0,0,1.328,0.518,0.835,0.000,14
Data-Oriented CPU ROAM,RelWithDebInfo,OpenGL,NVIDIA GeForce RTX 5090 D/PCIe/SSE2,4.3.0 NVIDIA 591.86,false,assets/heightmaps/Hm_Terrain_Test_129.pgm,129,129,30.000,4.000,14,4.000,2.000,20000,0.830,0.000,6.000,1.154,4.365,10102,49928,10100,24,12,52,26,0,0,0,0,8,0.000,4.215,3.969,0.142,0.860,0.055,0.197,0.103,1.052,0.028,0.179,0.606,0.746,0.194,0.000,0.000,0.000,0.000,0.000,0.000,0.000,0.000,0.000,0.000,0.000,0.000,0.000,0.000,0.000,0,0,1.184,0.915,0.785,0.000,14
Data-Oriented CPU ROAM,RelWithDebInfo,OpenGL,NVIDIA GeForce RTX 5090 D/PCIe/SSE2,4.3.0 NVIDIA 591.86,false,assets/heightmaps/Hm_Terrain_Test_129.pgm,129,129,30.000,4.000,14,4.000,2.000,20000,0.834,0.000,6.000,1.097,4.551,10084,50012,10082,42,21,60,28,0,0,0,0,8,3667.302,3.634,3.408,0.102,0.459,0.071,0.183,0.116,0.944,0.051,0.175,0.587,0.720,0.176,0.000,0.000,0.000,0.000,0.000,0.000,0.000,0.000,0.000,0.000,0.000,0.000,0.000,0.000,0.000,0,0,1.110,0.530,0.762,0.000,14
Data-Oriented CPU ROAM,RelWithDebInfo,OpenGL,NVIDIA GeForce RTX 5090 D/PCIe/SSE2,4.3.0 NVIDIA 591.86,false,assets/heightmaps/Hm_Terrain_Test_129.pgm,129,129,30.000,4.000,14,4.000,2.000,20000,0.838,0.000,6.000,1.049,3.952,10084,50064,10082,26,13,26,20,0,0,0,0,8,0.000,3.764,3.482,0.096,0.450,0.029,0.187,0.103,1.090,0.028,0.167,0.620,0.713,0.227,0.000,0.000,0.000,0.000,0.000,0.000,0.000,0.000,0.000,0.000,0.000,0.000,0.000,0.000,0.000,0,0,1.221,0.478,0.787,0.000,14
Data-Oriented CPU ROAM,RelWithDebInfo,OpenGL,NVIDIA GeForce RTX 5090 D/PCIe/SSE2,4.3.0 NVIDIA 591.86,false,assets/heightmaps/Hm_Terrain_Test_129.pgm,129,129,30.000,4.000,14,4.000,2.000,20000,0.843,0.000,6.000,0.996,4.318,10036,50100,10034,18,9,66,13,0,0,0,0,8,0.000,3.871,3.635,0.220,0.522,0.120,0.195,0.113,0.845,0.029,0.221,0.590,0.780,0.179,0.000,0.000,0.000,0.000,0.000,0.000,0.000,0.000,0.000,0.000,0.000,0.000,0.000,0.000,0.000,0,0,0.986,0.642,0.812,0.000,14
Data-Oriented CPU ROAM,RelWithDebInfo,OpenGL,NVIDIA GeForce RTX 5090 D/PCIe/SSE2,4.3.0 NVIDIA 591.86,false,assets/heightmaps/Hm_Terrain_Test_129.pgm,129,129,30.000,4.000,14,4.000,2.000,20000,0.847,0.000,6.000,0.946,4.239,10024,50164,10022,32,16,44,30,0,0,0,0,8,0.000,4.560,4.284,0.112,0.850,0.053,0.181,0.214,0.959,0.065,0.179,0.705,0.964,0.221,0.000,0.000,0.000,0.000,0.000,0.000,0.000,0.000,0.000,0.000,0.000,0.000,0.000,0.000,0.000,0,0,1.238,0.903,0.885,0.000,14
Data-Oriented CPU ROAM,RelWithDebInfo,OpenGL,NVIDIA GeForce RTX 5090 D/PCIe/SSE2,4.3.0 NVIDIA 591.86,false,assets/heightmaps/Hm_Terrain_Test_129.pgm,129,129,30.000,4.000,14,4.000,2.000,20000,0.852,0.000,6.000,0.890,4.947,9992,50240,9990,38,19,70,26,0,0,0,0,8,1230.218,4.054,3.809,0.146,0.858,0.072,0.195,0.106,0.876,0.046,0.173,0.596,0.741,0.190,0.000,0.000,0.000,0.000,0.000,0.000,0.000,0.000,0.000,0.000,0.000,0.000,0.000,0.000,0.000,0,0,1.028,0.930,0.769,0.000,14
Data-Oriented CPU ROAM,RelWithDebInfo,OpenGL,NVIDIA GeForce RTX 5090 D/PCIe/SSE2,4.3.0 NVIDIA 591.86,false,assets/heightmaps/Hm_Terrain_Test_129.pgm,129,129,30.000,4.000,14,4.000,2.000,20000,0.856,0.000,6.000,0.840,4.409,9906,50284,9904,22,11,108,20,0,0,0,0,8,0.000,3.777,3.492,0.133,0.446,0.118,0.185,0.111,0.924,0.031,0.174,0.630,0.739,0.227,0.000,0.000,0.000,0.000,0.000,0.000,0.000,0.000,0.000,0.000,0.000,0.000,0.000,0.000,0.000,0,0,1.067,0.564,0.804,0.000,14
Data-Oriented CPU ROAM,RelWithDebInfo,OpenGL,NVIDIA GeForce RTX 5090 D/PCIe/SSE2,4.3.0 NVIDIA 591.86,false,assets/heightmaps/Hm_Terrain_Test_129.pgm,129,129,30.000,4.000,14,4.000,2.000,20000,0.860,0.000,6.000,0.795,4.098,9864,50348,9862,32,16,74,26,0,0,0,0,8,0.000,4.111,3.763,0.095,0.439,0.073,0.194,0.198,1.095,0.042,0.173,0.671,0.782,0.287,0.000,0.000,0.000,0.000,0.000,0.000,0.000,0.000,0.000,0.000,0.000,0.000,0.000,0.000,0.000,0,0,1.335,0.512,0.845,0.000,14
Data-Oriented CPU ROAM,RelWithDebInfo,OpenGL,NVIDIA GeForce RTX 5090 D/PCIe/SSE2,4.3.0 NVIDIA 591.86,false,assets/heightmaps/Hm_Terrain_Test_129.pgm,129,129,30.000,4.000,14,4.000,2.000,20000,0.865,0.000,6.000,0.748,4.448,9887,50436,9885,44,21,21,31,0,0,0,0,8,0.000,3.484,3.251,0.127,0.440,0.028,0.191,0.101,0.808,0.050,0.167,0.629,0.710,0.179,0.000,0.000,0.000,0.000,0.000,0.000,0.000,0.000,0.000,0.000,0.000,0.000,0.000,0.000,0.000,0,0,0.959,0.468,0.796,0.000,14
Data-Oriented CPU ROAM,RelWithDebInfo,OpenGL,NVIDIA GeForce RTX 5090 D/PCIe/SSE2,4.3.0 NVIDIA 591.86,false,assets/heightmaps/Hm_Terrain_Test_129.pgm,129,129,30.000,4.000,14,4.000,2.000,20000,0.869,0.000,6.000,0.709,3.777,9868,50508,9866,36,18,55,24,0,0,0,0,8,0.000,3.925,3.704,0.119,0.506,0.058,0.187,0.120,1.154,0.050,0.176,0.608,0.728,0.171,0.000,0.000,0.000,0.000,0.000,0.000,0.000,0.000,0.000,0.000,0.000,0.000,0.000,0.000,0.000,0,0,1.324,0.564,0.784,0.000,14
Data-Oriented CPU ROAM,RelWithDebInfo,OpenGL,NVIDIA GeForce RTX 5090 D/PCIe/SSE2,4.3.0 NVIDIA 591.86,false,assets/heightmaps/Hm_Terrain_Test_129.pgm,129,129,30.000,4.000,14,4.000,2.000,20000,0.873,0.000,6.000,0.666,4.223,9821,50564,9819,28,14,75,34,0,0,0,0,8,0.000,3.779,3.543,0.097,0.686,0.075,0.194,0.101,0.932,0.029,0.162,0.569,0.700,0.190,0.000,0.000,0.000,0.000,0.000,0.000,0.000,0.000,0.000,0.000,0.000,0.000,0.000,0.000,0.000,0,0,1.061,0.761,0.731,0.000,14
Data-Oriented CPU ROAM,RelWithDebInfo,OpenGL,NVIDIA GeForce RTX 5090 D/PCIe/SSE2,4.3.0 NVIDIA 591.86,false,assets/heightmaps/Hm_Terrain_Test_129.pgm,129,129,30.000,4.000,14,4.000,2.000,20000,0.877,0.000,6.000,0.625,4.184,9791,50608,9789,22,11,52,18,0,0,0,0,8,0.000,3.971,3.757,0.161,0.726,0.054,0.179,0.106,1.051,0.034,0.172,0.567,0.705,0.170,0.000,0.000,0.000,0.000,0.000,0.000,0.000,0.000,0.000,0.000,0.000,0.000,0.000,0.000,0.000,0,0,1.192,0.780,0.739,0.000,14
Data-Oriented CPU ROAM,RelWithDebInfo,OpenGL,NVIDIA GeForce RTX 5090 D/PCIe/SSE2,4.3.0 NVIDIA 591.86,false,assets/heightmaps/Hm_Terrain_Test_129.pgm,129,129,30.000,4.000,14,4.000,2.000,20000,0.881,0.000,6.000,0.584,4.254,9797,50672,9795,32,16,26,21,0,0,0,0,8,375.078,4.405,4.165,0.095,0.420,0.030,0.183,0.108,1.024,0.038,0.176,1.280,0.811,0.183,0.000,0.000,0.000,0.000,0.000,0.000,0.000,0.000,0.000,0.000,0.000,0.000,0.000,0.000,0.000,0,0,1.169,0.451,1.456,0.000,14
Data-Oriented CPU ROAM,RelWithDebInfo,OpenGL,NVIDIA GeForce RTX 5090 D/PCIe/SSE2,4.3.0 NVIDIA 591.86,false,assets/heightmaps/Hm_Terrain_Test_129.pgm,129,129,30.000,4.000,14,4.000,2.000,20000,0.886,0.000,6.000,0.540,4.722,9750,50724,9748,26,13,73,30,0,0,0,0,8,0.000,3.852,3.620,0.127,0.825,0.076,0.192,0.105,0.812,0.033,0.170,0.567,0.712,0.181,0.000,0.000,0.000,0.000,0.000,0.000,0.000,0.000,0.000,0.000,0.000,0.000,0.000,0.000,0.000,0,0,0.951,0.901,0.737,0.000,14
Data-Oriented CPU ROAM,RelWithDebInfo,OpenGL,NVIDIA GeForce RTX 5090 D/PCIe/SSE2,4.3.0 NVIDIA 591.86,false,assets/heightmaps/Hm_Terrain_Test_129.pgm,129,129,30.000,4.000,14,4.000,2.000,20000,0.890,0.000,6.000,0.503,4.204,9728,50756,9726,16,8,38,16,0,0,0,0,8,0.000,4.002,3.774,0.138,0.767,0.048,0.180,0.110,0.896,0.025,0.171,0.642,0.797,0.177,0.000,0.000,0.000,0.000,0.000,0.000,0.000,0.000,0.000,0.000,0.000,0.000,0.000,0.000,0.000,0,0,1.031,0.815,0.812,0.000,14
Data-Oriented CPU ROAM,RelWithDebInfo,OpenGL,NVIDIA GeForce RTX 5090 D/PCIe/SSE2,4.3.0 NVIDIA 591.86,false,assets/heightmaps/Hm_Terrain_Test_129.pgm,129,129,30.000,4.000,14,4.000,2.000,20000,0.895,0.000,6.000,0.465,4.335,9706,50792,9704,18,9,40,16,0,0,0,0,8,0.000,3.991,3.695,0.108,0.416,0.044,0.187,0.103,1.072,0.028,0.170,0.739,0.827,0.230,0.000,0.000,0.000,0.000,0.000,0.000,0.000,0.000,0.000,0.000,0.000,0.000,0.000,0.000,0.000,0,0,1.203,0.460,0.910,0.000,14
Data-Oriented CPU ROAM,RelWithDebInfo,OpenGL,NVIDIA GeForce RTX 5090 D/PCIe/SSE2,4.3.0 NVIDIA 591.86,false,assets/heightmaps/Hm_Terrain_Test_129.pgm,129,129,30.000,4.000,14,4.000,2.000,20000,0.899,0.000,6.000,0.428,4.406,9720,50852,9718,30,15,16,18,0,0,0,0,8,1452.441,4.654,4.302,0.143,0.789,0.026,0.186,0.122,0.891,0.088,0.192,0.939,0.925,0.244,0.000,0.000,0.000,0.000,0.000,0.000,0.000,0.000,0.000,0.000,0.000,0.000,0.000,0.000,0.000,0,0,1.102,0.815,1.131,0.000,14
Data-Oriented CPU ROAM,RelWithDebInfo,OpenGL,NVIDIA GeForce RTX 5090 D/PCIe/SSE2,4.3.0 NVIDIA 591.86,false,assets/heightmaps/Hm_Terrain_Test_129.pgm,129,129,30.000,4.000,14,4.000,2.000,20000,0.904,0.000,6.000,0.386,5.292,9684,50892,9682,20,10,56,40,0,0,0,0,8,0.000,6.059,5.730,0.183,0.750,0.142,0.228,0.128,1.259,0.062,0.192,1.665,1.120,0.233,0.000,0.000,0.000,0.000,0.000,0.000,0.000,0.000,0.000,0.000,0.000,0.000,0.000,0.000,0.000,0,0,1.449,0.892,1.858,0.000,14
Data-Oriented CPU ROAM,RelWithDebInfo,OpenGL,NVIDIA GeForce RTX 5090 D/PCIe/SSE2,4.3.0 NVIDIA 591.86,false,assets/heightmaps/Hm_Terrain_Test_129.pgm,129,129,30.000,4.000,14,4.000,2.000,20000,0.911,0.000,6.000,0.336,6.640,9682,50948,9680,28,14,30,20,0,0,0,0,8,2281.313,5.824,5.477,0.380,1.080,0.079,0.243,0.126,1.062,0.088,0.182,1.107,1.129,0.244,0.000,0.000,0.000,0.000,0.000,0.000,0.000,0.000,0.000,0.000,0.000,0.000,0.000,0.000,0.000,0,0,1.276,1.159,1.290,0.000,14
Data-Oriented CPU ROAM,RelWithDebInfo,OpenGL,NVIDIA GeForce RTX 5090 D/PCIe/SSE2,4.3.0 NVIDIA 591.86,false,assets/heightmaps/Hm_Terrain_Test_129.pgm,129,129,30.000,4.000,14,4.000,2.000,20000,0.917,0.000,6.000,0.290,6.457,9665,50986,9663,19,8,36,22,0,0,0,0,8,0.000,4.214,3.985,0.372,0.588,0.049,0.193,0.145,1.119,0.029,0.169,0.589,0.732,0.180,0.000,0.000,0.000,0.000,0.000,0.000,0.000,0.000,0.000,0.000,0.000,0.000,0.000,0.000,0.000,0,0,1.293,0.637,0.758,0.000,14
Data-Oriented CPU ROAM,RelWithDebInfo,OpenGL,NVIDIA GeForce RTX 5090 D/PCIe/SSE2,4.3.0 NVIDIA 591.86,false,assets/heightmaps/Hm_Terrain_Test_129.pgm,129,129,30.000,4.000,14,4.000,2.000,20000,0.922,0.000,6.000,0.260,4.594,9652,51024,9650,19,9,32,24,0,0,0,0,8,0.000,4.411,4.103,0.154,0.606,0.050,0.190,0.105,0.936,0.032,0.169,0.969,0.892,0.250,0.000,0.000,0.000,0.000,0.000,0.000,0.000,0.000,0.000,0.000,0.000,0.000,0.000,0.000,0.000,0,0,1.073,0.656,1.138,0.000,14
Data-Oriented CPU ROAM,RelWithDebInfo,OpenGL,NVIDIA GeForce RTX 5090 D/PCIe/SSE2,4.3.0 NVIDIA 591.86,false,assets/heightmaps/Hm_Terrain_Test_129.pgm,129,129,30.000,4.000,14,4.000,2.000,20000,0.927,0.000,6.000,0.228,5.051,9642,51060,9640,18,9,28,20,0,0,0,0,8,0.000,3.743,3.520,0.219,0.418,0.043,0.198,0.103,1.060,0.027,0.159,0.576,0.716,0.174,0.000,0.000,0.000,0.000,0.000,0.000,0.000,0.000,0.000,0.000,0.000,0.000,0.000,0.000,0.000,0,0,1.190,0.461,0.735,0.000,14
Data-Oriented CPU ROAM,RelWithDebInfo,OpenGL,NVIDIA GeForce RTX 5090 D/PCIe/SSE2,4.3.0 NVIDIA 591.86,false,assets/heightmaps/Hm_Terrain_Test_129.pgm,129,129,30.000,4.000,14,4.000,2.000,20000,0.931,0.000,6.000,0.204,4.072,9651,51102,9649,21,10,12,13,0,0,0,0,8,0.000,3.598,3.383,0.118,0.394,0.016,0.187,0.109,1.031,0.030,0.169,0.582,0.746,0.171,0.000,0.000,0.000,0.000,0.000,0.000,0.000,0.000,0.000,0.000,0.000,0.000,0.000,0.000,0.000,0,0,1.171,0.410,0.750,0.000,14
Data-Oriented CPU ROAM,RelWithDebInfo,OpenGL,NVIDIA GeForce RTX 5090 D/PCIe/SSE2,4.3.0 NVIDIA 591.86,false,assets/heightmaps/Hm_Terrain_Test_129.pgm,129,129,30.000,4.000,14,4.000,2.000,20000,0.935,0.000,6.000,0.182,3.942,9641,51150,9639,24,12,34,18,0,0,0,0,8,0.000,3.945,3.730,0.105,0.743,0.042,0.193,0.104,1.089,0.033,0.167,0.556,0.697,0.171,0.000,0.000,0.000,0.000,0.000,0.000,0.000,0.000,0.000,0.000,0.000,0.000,0.000,0.000,0.000,0,0,1.226,0.785,0.723,0.000,14
Data-Oriented CPU ROAM,RelWithDebInfo,OpenGL,NVIDIA GeForce RTX 5090 D/PCIe/SSE2,4.3.0 NVIDIA 591.86,false,assets/heightmaps/Hm_Terrain_Test_129.pgm,129,129,30.000,4.000,14,4.000,2.000,20000,0.940,0.000,6.000,0.158,4.517,9581,51166,9579,8,3,68,28,0,0,0,0,8,0.000,4.151,3.911,0.259,0.650,0.111,0.218,0.168,0.866,0.021,0.175,0.593,0.850,0.185,0.000,0.000,0.000,0.000,0.000,0.000,0.000,0.000,0.000,0.000,0.000,0.000,0.000,0.000,0.000,0,0,1.055,0.761,0.768,0.000,14
Data-Oriented CPU ROAM,RelWithDebInfo,OpenGL,NVIDIA GeForce RTX 5090 D/PCIe/SSE2,4.3.0 NVIDIA 591.86,false,assets/heightmaps/Hm_Terrain_Test_129.pgm,129,129,30.000,4.000,14,4.000,2.000,20000,0.944,0.000,6.000,0.136,4.521,9555,51210,9553,22,10,48,16,0,0,0,0,8,356.996,4.642,4.376,0.154,0.770,0.049,0.184,0.108,0.832,0.036,0.167,1.115,0.961,0.187,0.000,0.000,0.000,0.000,0.000,0.000,0.000,0.000,0.000,0.000,0.000,0.000,0.000,0.000,0.000,0,0,0.977,0.818,1.282,0.000,14
Data-Oriented CPU ROAM,RelWithDebInfo,OpenGL,NVIDIA GeForce RTX 5090 D/PCIe/SSE2,4.3.0 NVIDIA 591.86,false,assets/heightmaps/Hm_Terrain_Test_129.pgm,129,129,30.000,4.000,14,4.000,2.000,20000,0.949,0.000,6.000,0.113,5.032,9547,51226,9545,8,4,16,10,0,0,0,0,8,0.000,3.852,3.626,0.141,0.837,0.024,0.190,0.106,0.850,0.018,0.166,0.581,0.712,0.169,0.000,0.000,0.000,0.000,0.000,0.000,0.000,0.000,0.000,0.000,0.000,0.000,0.000,0.000,0.000,0,0,0.974,0.861,0.748,0.000,14
Data-Oriented CPU ROAM,RelWithDebInfo,OpenGL,NVIDIA GeForce RTX 5090 D/PCIe/SSE2,4.3.0 NVIDIA 591.86,false,assets/heightmaps/Hm_Terrain_Test_129.pgm,129,129,30.000,4.000,14,4.000,2.000,20000,0.953,0.000,6.000,0.095,4.175,9554,51260,9552,17,8,10,10,0,0,0,0,8,0.000,3.713,3.477,0.151,0.640,0.016,0.177,0.108,0.833,0.030,0.167,0.615,0.740,0.180,0.000,0.000,0.000,0.000,0.000,0.000,0.000,0.000,0.000,0.000,0.000,0.000,0.000,0.000,0.000,0,0,0.971,0.655,0.782,0.000,14
Data-Oriented CPU ROAM,RelWithDebInfo,OpenGL,NVIDIA GeForce RTX 5090 D/PCIe/SSE2,4.3.0 NVIDIA 591.86,false,assets/heightmaps/Hm_Terrain_Test_129.pgm,129,129,30.000,4.000,14,4.000,2.000,20000,0.957,0.000,6.000,0.080,4.077,9554,51264,9552,2,1,2,2,0,0,0,0,8,0.000,3.930,3.614,0.111,0.401,0.005,0.181,0.132,1.033,0.010,0.167,0.785,0.788,0.244,0.000,0.000,0.000,0.000,0.000,0.000,0.000,0.000,0.000,0.000,0.000,0.000,0.000,0.000,0.000,0,0,1.175,0.406,0.952,0.000,14
Data-Oriented CPU ROAM,RelWithDebInfo,OpenGL,NVIDIA GeForce RTX 5090 D/PCIe/SSE2,4.3.0 NVIDIA 591.86,false,assets/heightmaps/Hm_Terrain_Test_129.pgm,129,129,30.000,4.000,14,4.000,2.000,20000,0.962,0.000,6.000,0.065,4.305,9560,51280,9558,8,4,2,4,0,0,0,0,8,2938.924,3.932,3.721,0.140,0.560,0.006,0.194,0.100,1.226,0.014,0.156,0.544,0.782,0.162,0.000,0.000,0.000,0.000,0.000,0.000,0.000,0.000,0.000,0.000,0.000,0.000,0.000,0.000,0.000,0,0,1.340,0.566,0.700,0.000,14
Data-Oriented CPU ROAM,RelWithDebInfo,OpenGL,NVIDIA GeForce RTX 5090 D/PCIe/SSE2,4.3.0 NVIDIA 591.86,false,assets/heightmaps/Hm_Terrain_Test_129.pgm,129,129,30.000,4.000,14,4.000,2.000,20000,0.966,0.000,6.000,0.051,4.203,9556,51292,9554,6,3,10,6,0,0,0,0,8,0.000,3.771,3.553,0.091,0.573,0.016,0.178,0.112,0.978,0.023,0.173,0.721,0.687,0.169,0.000,0.000,0.000,0.000,0.000,0.000,0.000,0.000,0.000,0.000,0.000,0.000,0.000,0.000,0.000,0,0,1.113,0.589,0.895,0.000,14
Data-Oriented CPU ROAM,RelWithDebInfo,OpenGL,NVIDIA GeForce RTX 5090 D/PCIe/SSE2,4.3.0 NVIDIA 591.86,false,assets/heightmaps/Hm_Terrain_Test_129.pgm,129,129,30.000,4.000,14,4.000,2.000,20000,0.970,0.000,6.000,0.040,4.102,9545,51298,9543,3,1,14,8,0,0,0,0,8,0.000,4.167,3.858,0.125,0.767,0.020,0.200,0.100,0.849,0.008,0.156,0.929,0.704,0.240,0.000,0.000,0.000,0.000,0.000,0.000,0.000,0.000,0.000,0.000,0.000,0.000,0.000,0.000,0.000,0,0,0.958,0.786,1.086,0.000,14
Data-Oriented CPU ROAM,RelWithDebInfo,OpenGL,NVIDIA GeForce RTX 5090 D/PCIe/SSE2,4.3.0 NVIDIA 591.86,false,assets/heightmaps/Hm_Terrain_Test_129.pgm,129,129,30.000,4.000,14,4.000,2.000,20000,0.975,0.000,6.000,0.029,4.663,9546,51312,9544,7,3,6,4,0,0,0,0,8,401.166,4.120,3.893,0.159,0.423,0.014,0.206,0.107,1.199,0.017,0.167,0.887,0.715,0.170,0.000,0.000,0.000,0.000,0.000,0.000,0.000,0.000,0.000,0.000,0.000,0.000,0.000,0.000,0.000,0,0,1.323,0.437,1.054,0.000,14
Data-Oriented CPU ROAM,RelWithDebInfo,OpenGL,NVIDIA GeForce RTX 5090 D/PCIe/SSE2,4.3.0 NVIDIA 591.86,false,assets/heightmaps/Hm_Terrain_Test_129.pgm,129,129,30.000,4.000,14,4.000,2.000,20000,0.979,0.000,6.000,0.019,4.434,9554,51328,9552,8,4,0,5,0,0,0,0,8,0.000,4.777,4.537,0.148,0.749,0.001,0.184,0.111,1.254,0.026,0.172,0.948,0.943,0.181,0.000,0.000,0.000,0.000,0.000,0.000,0.000,0.000,0.000,0.000,0.000,0.000,0.000,0.000,0.000,0,0,1.391,0.750,1.121,0.000,14
Data-Oriented CPU ROAM,RelWithDebInfo,OpenGL,NVIDIA GeForce RTX 5090 D/PCIe/SSE2,4.3.0 NVIDIA 591.86,false,assets/heightmaps/Hm_Terrain_Test_129.pgm,129,129,30.000,4.000,14,4.000,2.000,20000,0.984,0.000,6.000,0.011,5.100,9546,51332,9544,2,1,10,6,0,0,0,0,8,0.000,3.790,3.541,0.140,0.758,0.017,0.187,0.102,0.789,0.009,0.158,0.571,0.811,0.190,0.000,0.000,0.000,0.000,0.000,0.000,0.000,0.000,0.000,0.000,0.000,0.000,0.000,0.000,0.000,0,0,0.899,0.775,0.729,0.000,14
Data-Oriented CPU ROAM,RelWithDebInfo,OpenGL,NVIDIA GeForce RTX 5090 D/PCIe/SSE2,4.3.0 NVIDIA 591.86,false,assets/heightmaps/Hm_Terrain_Test_129.pgm,129,129,30.000,4.000,14,4.000,2.000,20000,0.988,0.000,6.000,0.006,4.197,9550,51340,9548,4,2,0,2,0,0,0,0,8,0.000,3.502,3.279,0.192,0.394,0.001,0.176,0.103,0.896,0.014,0.168,0.601,0.734,0.171,0.000,0.000,0.000,0.000,0.000,0.000,0.000,0.000,0.000,0.000,0.000,0.000,0.000,0.000,0.000,0,0,1.013,0.396,0.769,0.000,14
Data-Oriented CPU ROAM,RelWithDebInfo,OpenGL,NVIDIA GeForce RTX 5090 D/PCIe/SSE2,4.3.0 NVIDIA 591.86,false,assets/heightmaps/Hm_Terrain_Test_129.pgm,129,129,30.000,4.000,14,4.000,2.000,20000,0.992,0.000,6.000,0.003,3.834,9550,51340,9548,0,0,0,0,0,0,0,0,8,1244.855,3.997,3.764,0.116,0.394,0.001,0.185,0.105,1.041,0.007,0.165,0.951,0.799,0.179,0.000,0.000,0.000,0.000,0.000,0.000,0.000,0.000,0.000,0.000,0.000,0.000,0.000,0.000,0.000,0,0,1.153,0.395,1.116,0.000,14
Data-Oriented CPU ROAM,RelWithDebInfo,OpenGL,NVIDIA GeForce RTX 5090 D/PCIe/SSE2,4.3.0 NVIDIA 591.86,false,assets/heightmaps/Hm_Terrain_Test_129.pgm,129,129,30.000,4.000,14,4.000,2.000,20000,0.997,0.000,6.000,0.001,4.346,9550,51340,9548,0,0,0,0,0,0,0,0,8,0.000,3.531,3.314,0.135,0.391,0.001,0.186,0.100,1.045,0.004,0.156,0.589,0.709,0.164,0.000,0.000,0.000,0.000,0.000,0.000,0.000,0.000,0.000,0.000,0.000,0.000,0.000,0.000,0.000,0,0,1.148,0.392,0.744,0.000,14
Data-Oriented CPU ROAM,RelWithDebInfo,OpenGL,NVIDIA GeForce RTX 5090 D/PCIe/SSE2,4.3.0 NVIDIA 591.86,false,assets/heightmaps/Hm_Terrain_Test_129.pgm,129,129,30.000,4.000,14,4.000,2.000,20000,1.000,0.000,6.000,0.000,3.821,9550,51340,9548,0,0,0,0,0,0,0,0,8,0.000,3.750,3.530,0.093,0.390,0.001,0.176,0.132,1.069,0.009,0.168,0.806,0.685,0.170,0.000,0.000,0.000,0.000,0.000,0.000,0.000,0.000,0.000,0.000,0.000,0.000,0.000,0.000,0.000,0,0,1.210,0.391,0.975,0.000,14
GPU ROAM-like,RelWithDebInfo,OpenGL,NVIDIA GeForce RTX 5090 D/PCIe/SSE2,4.3.0 NVIDIA 591.86,false,assets/heightmaps/Hm_Terrain_Test_129.pgm,129,129,30.000,4.000,14,4.000,2.000,20000,0.000,0.000,6.000,15.000,26.423,15199,30396,15197,15197,7664,0,5233,0,0,0,0,1,62.390,25.304,18.433,6.739,0.000,0.002,0.001,0.001,0.002,9.339,0.301,0.000,2.047,0.436,0.000,0.000,0.000,0.000,0.000,0.000,0.000,0.000,0.739,0.002,1.559,0.000,0.000,0.000,0.000,3470968,0,9.342,0.003,0.000,0.000,14
GPU ROAM-like,RelWithDebInfo,OpenGL,NVIDIA GeForce RTX 5090 D/PCIe/SSE2,4.3.0 NVIDIA 591.86,false,assets/heightmaps/Hm_Terrain_Test_129.pgm,129,129,30.000,4.000,14,4.000,2.000,20000,0.026,0.000,6.000,14.970,25.876,15238,30482,15236,43,21,4,25,0,0,0,0,8,191.188,8.560,5.838,0.546,0.934,0.011,0.322,0.157,1.478,0.073,0.284,0.000,2.034,0.397,0.000,0.000,0.000,0.000,0.000,0.000,0.000,0.000,0.885,0.001,0.106,0.000,0.000,0.000,0.000,3414036,0,1.707,0.945,0.000,0.000,14
GPU ROAM-like,RelWithDebInfo,OpenGL,NVIDIA GeForce RTX 5090 D/PCIe/SSE2,4.3.0 NVIDIA 591.86,false,assets/heightmaps/Hm_Terrain_Test_129.pgm,129,129,30.000,4.000,14,4.000,2.000,20000,0.035,0.000,6.000,14.947,8.822,15227,30546,15225,32,16,43,17,0,0,0,0,8,0.000,6.275,3.971,0.168,0.850,0.042,0.252,0.234,0.695,0.042,0.249,0.000,1.439,0.359,0.000,0.000,0.000,0.000,0.000,0.000,0.000,0.000,0.730,0.000,0.101,0.000,0.000,0.000,0.000,3421204,0,0.971,0.891,0.000,0.000,14
GPU ROAM-like,RelWithDebInfo,OpenGL,NVIDIA GeForce RTX 5090 D/PCIe/SSE2,4.3.0 NVIDIA 591.86,false,assets/heightmaps/Hm_Terrain_Test_129.pgm,129,129,30.000,4.000,14,4.000,2.000,20000,0.041,0.000,6.000,14.926,6.479,15242,30608,15240,31,15,16,19,0,0,0,0,8,248.996,6.590,4.109,0.160,0.911,0.021,0.290,0.161,0.857,0.044,0.253,0.000,1.411,0.373,0.000,0.000,0.000,0.000,0.000,0.000,0.000,0.000,0.929,0.000,0.095,0.000,0.000,0.000,0.000,3428148,0,1.062,0.932,0.000,0.000,14
GPU ROAM-like,RelWithDebInfo,OpenGL,NVIDIA GeForce RTX 5090 D/PCIe/SSE2,4.3.0 NVIDIA 591.86,false,assets/heightmaps/Hm_Terrain_Test_129.pgm,129,129,30.000,4.000,14,4.000,2.000,20000,0.048,0.000,6.000,14.900,6.805,15223,30624,15221,8,4,27,10,0,0,0,0,8,0.000,7.817,4.579,0.196,0.959,0.029,0.250,0.311,1.141,0.020,0.251,0.000,1.422,0.384,0.005,0.012,0.006,0.012,0.004,0.004,0.013,0.056,1.393,0.001,0.091,0.009,1.012,0.000,0.000,3429940,88,1.471,0.988,0.000,0.000,14
GPU ROAM-like,RelWithDebInfo,OpenGL,NVIDIA GeForce RTX 5090 D/PCIe/SSE2,4.3.0 NVIDIA 591.86,false,assets/heightmaps/Hm_Terrain_Test_129.pgm,129,129,30.000,4.000,14,4.000,2.000,20000,0.056,0.000,6.000,14.864,8.069,15214,30650,15212,13,5,22,10,0,0,0,0,8,218.651,7.491,4.638,0.181,0.980,0.023,0.249,0.161,1.182,0.030,0.252,0.000,1.580,0.433,0.006,0.012,0.013,0.011,0.004,0.004,0.013,0.063,0.878,0.002,0.129,0.003,1.036,0.000,0.000,3432852,88,1.373,1.003,0.000,0.000,14
GPU ROAM-like,RelWithDebInfo,OpenGL,NVIDIA GeForce RTX 5090 D/PCIe/SSE2,4.3.0 NVIDIA 591.86,false,assets/heightmaps/Hm_Terrain_Test_129.pgm,129,129,30.000,4.000,14,4.000,2.000,20000,0.064,0.000,6.000,14.825,7.749,15182,30710,15180,30,14,62,34,0,0,0,0,8,0.000,7.470,4.659,0.180,0.912,0.060,0.251,0.161,1.416,0.069,0.247,0.000,1.362,0.442,0.005,0.012,0.013,0.011,0.010,0.004,0.013,0.067,0.820,0.002,0.093,0.002,1.095,0.000,0.000,3439572,88,1.646,0.972,0.000,0.000,14
GPU ROAM-like,RelWithDebInfo,OpenGL,NVIDIA GeForce RTX 5090 D/PCIe/SSE2,4.3.0 NVIDIA 591.86,false,assets/heightmaps/Hm_Terrain_Test_129.pgm,129,129,30.000,4.000,14,4.000,2.000,20000,0.072,0.000,6.000,14.781,7.768,15174,30782,15172,36,18,44,23,0,0,0,0,8,241.275,6.817,4.153,0.178,0.917,0.050,0.252,0.220,1.023,0.052,0.251,0.000,1.210,0.378,0.005,0.012,0.013,0.010,0.012,0.004,0.013,0.069,0.797,0.000,0.088,0.002,1.041,0.000,0.000,3447636,88,1.296,0.966,0.000,0.000,14
GPU ROAM-like,RelWithDebInfo,OpenGL,NVIDIA GeForce RTX 5090 D/PCIe/SSE2,4.3.0 NVIDIA 591.86,false,assets/heightmaps/Hm_Terrain_Test_129.pgm,129,129,30.000,4.000,14,4.000,2.000,20000,0.079,0.000,6.000,14.736,7.061,15112,30862,15110,40,20,102,46,0,0,0,0,8,0.000,8.084,5.124,0.148,1.074,0.095,0.252,0.240,1.337,0.062,0.263,0.000,1.653,0.355,0.005,0.013,0.013,0.005,0.004,0.004,0.013,0.056,0.744,0.001,0.205,0.002,1.206,0.000,0.000,3456596,88,1.639,1.170,0.000,0.000,14
GPU ROAM-like,RelWithDebInfo,OpenGL,NVIDIA GeForce RTX 5090 D/PCIe/SSE2,4.3.0 NVIDIA 591.86,false,assets/heightmaps/Hm_Terrain_Test_129.pgm,129,129,30.000,4.000,14,4.000,2.000,20000,0.087,0.000,6.000,14.679,8.375,15090,30964,15088,51,25,73,32,0,0,0,0,8,237.943,7.024,4.283,0.329,0.644,0.111,0.259,0.184,0.879,0.073,0.252,0.000,1.551,0.351,0.005,0.005,0.013,0.011,0.010,0.004,0.013,0.061,0.773,0.001,0.117,0.002,1.010,0.000,0.000,3468020,88,1.137,0.754,0.000,0.000,14
GPU ROAM-like,RelWithDebInfo,OpenGL,NVIDIA GeForce RTX 5090 D/PCIe/SSE2,4.3.0 NVIDIA 591.86,false,assets/heightmaps/Hm_Terrain_Test_129.pgm,129,129,30.000,4.000,14,4.000,2.000,20000,0.094,0.000,6.000,14.624,7.363,15033,31014,15031,25,12,82,38,0,0,0,0,8,0.000,7.052,4.253,0.286,0.534,0.075,0.243,0.156,1.002,0.046,0.242,0.000,1.669,0.365,0.005,0.005,0.013,0.010,0.004,0.004,0.013,0.054,0.789,0.001,0.116,0.002,1.070,0.000,0.000,3473620,88,1.203,0.609,0.000,0.000,14
GPU ROAM-like,RelWithDebInfo,OpenGL,NVIDIA GeForce RTX 5090 D/PCIe/SSE2,4.3.0 NVIDIA 591.86,false,assets/heightmaps/Hm_Terrain_Test_129.pgm,129,129,30.000,4.000,14,4.000,2.000,20000,0.102,0.000,6.000,14.566,7.378,15018,31072,15016,29,14,44,20,0,0,0,0,8,238.437,7.156,3.720,0.257,0.544,0.040,0.248,0.154,1.027,0.042,0.250,0.000,1.159,0.361,0.005,0.006,0.013,0.011,0.010,0.004,0.013,0.061,0.700,0.001,0.176,0.002,1.563,0.000,0.000,3480116,88,1.222,0.584,0.000,0.000,14
GPU ROAM-like,RelWithDebInfo,OpenGL,NVIDIA GeForce RTX 5090 D/PCIe/SSE2,4.3.0 NVIDIA 591.86,false,assets/heightmaps/Hm_Terrain_Test_129.pgm,129,129,30.000,4.000,14,4.000,2.000,20000,0.109,0.000,6.000,14.502,7.453,15040,31180,15038,54,27,32,36,0,0,0,0,8,0.000,6.533,3.503,0.213,0.574,0.032,0.249,0.151,0.774,0.063,0.250,0.000,1.197,0.371,0.005,0.005,0.013,0.011,0.010,0.004,0.013,0.061,0.731,0.001,0.152,0.002,1.319,0.000,0.000,3492212,88,0.987,0.606,0.000,0.000,14
GPU ROAM-like,RelWithDebInfo,OpenGL,NVIDIA GeForce RTX 5090 D/PCIe/SSE2,4.3.0 NVIDIA 591.86,false,assets/heightmaps/Hm_Terrain_Test_129.pgm,129,129,30.000,4.000,14,4.000,2.000,20000,0.116,0.000,6.000,14.441,6.858,15052,31300,15050,60,30,48,36,0,0,0,0,8,455.473,7.229,3.686,0.191,0.533,0.044,0.246,0.151,1.037,0.066,0.247,0.000,1.170,0.499,0.005,0.005,0.014,0.011,0.004,0.004,0.013,0.055,0.737,0.001,0.120,0.002,1.792,0.000,0.000,3505652,88,1.254,0.578,0.000,0.000,14
GPU ROAM-like,RelWithDebInfo,OpenGL,NVIDIA GeForce RTX 5090 D/PCIe/SSE2,4.3.0 NVIDIA 591.86,false,assets/heightmaps/Hm_Terrain_Test_129.pgm,129,129,30.000,4.000,14,4.000,2.000,20000,0.124,0.000,6.000,14.369,7.517,15054,31408,15052,54,26,52,39,0,0,0,0,8,0.000,7.945,5.036,0.327,1.004,0.055,0.250,0.154,1.120,0.061,0.259,0.000,1.806,0.405,0.005,0.005,0.006,0.005,0.004,0.004,0.013,0.042,0.748,0.001,0.308,0.002,1.025,0.000,0.000,3517748,88,1.335,1.059,0.000,0.000,14
GPU ROAM-like,RelWithDebInfo,OpenGL,NVIDIA GeForce RTX 5090 D/PCIe/SSE2,4.3.0 NVIDIA 591.86,false,assets/heightmaps/Hm_Terrain_Test_129.pgm,129,129,30.000,4.000,14,4.000,2.000,20000,0.132,0.000,6.000,14.287,8.181,14992,31516,14990,54,27,116,46,0,0,0,0,8,447.759,7.315,4.737,0.252,1.028,0.121,0.276,0.154,1.037,0.070,0.262,0.000,1.537,0.360,0.005,0.012,0.013,0.010,0.004,0.004,0.013,0.062,0.706,0.001,0.090,0.002,1.062,0.000,0.000,3529844,88,1.261,1.149,0.000,0.000,14
GPU ROAM-like,RelWithDebInfo,OpenGL,NVIDIA GeForce RTX 5090 D/PCIe/SSE2,4.3.0 NVIDIA 591.86,false,assets/heightmaps/Hm_Terrain_Test_129.pgm,129,129,30.000,4.000,14,4.000,2.000,20000,0.139,0.000,6.000,14.208,7.545,14960,31636,14958,60,30,92,52,0,0,0,0,8,0.000,6.389,3.805,0.146,0.524,0.076,0.244,0.283,0.793,0.066,0.250,0.000,1.423,0.361,0.006,0.008,0.006,0.011,0.010,0.004,0.013,0.057,0.765,0.001,0.084,0.002,0.999,0.000,0.000,3543284,88,1.142,0.600,0.000,0.000,14
GPU ROAM-like,RelWithDebInfo,OpenGL,NVIDIA GeForce RTX 5090 D/PCIe/SSE2,4.3.0 NVIDIA 591.86,false,assets/heightmaps/Hm_Terrain_Test_129.pgm,129,129,30.000,4.000,14,4.000,2.000,20000,0.146,0.000,6.000,14.135,6.619,14944,31744,14942,54,27,70,40,0,0,0,0,8,0.000,6.588,4.034,0.185,0.551,0.059,0.247,0.160,1.119,0.061,0.248,0.000,1.403,0.374,0.005,0.012,0.014,0.011,0.004,0.004,0.013,0.061,0.754,0.001,0.084,0.002,0.992,0.000,0.000,3555380,88,1.340,0.610,0.000,0.000,14
GPU ROAM-like,RelWithDebInfo,OpenGL,NVIDIA GeForce RTX 5090 D/PCIe/SSE2,4.3.0 NVIDIA 591.86,false,assets/heightmaps/Hm_Terrain_Test_129.pgm,129,129,30.000,4.000,14,4.000,2.000,20000,0.153,0.000,6.000,14.057,6.810,14954,31840,14952,48,24,38,34,0,0,0,0,8,1239.371,6.935,3.705,0.218,0.541,0.038,0.248,0.156,0.810,0.053,0.261,0.000,1.381,0.375,0.006,0.005,0.014,0.011,0.007,0.004,0.013,0.059,1.168,0.000,0.111,0.002,0.924,0.000,0.000,3566132,88,1.019,0.579,0.000,0.000,14
GPU ROAM-like,RelWithDebInfo,OpenGL,NVIDIA GeForce RTX 5090 D/PCIe/SSE2,4.3.0 NVIDIA 591.86,false,assets/heightmaps/Hm_Terrain_Test_129.pgm,129,129,30.000,4.000,14,4.000,2.000,20000,0.160,0.000,6.000,13.972,7.165,15008,32012,15006,86,43,32,58,0,0,0,0,8,0.000,7.149,4.446,0.174,1.035,0.033,0.249,0.176,1.013,0.084,0.252,0.000,1.431,0.416,0.005,0.004,0.005,0.003,0.003,0.004,0.011,0.034,0.804,0.001,0.114,0.002,1.003,0.000,0.000,3585396,88,1.273,1.068,0.000,0.000,14
GPU ROAM-like,RelWithDebInfo,OpenGL,NVIDIA GeForce RTX 5090 D/PCIe/SSE2,4.3.0 NVIDIA 591.86,false,assets/heightmaps/Hm_Terrain_Test_129.pgm,129,129,30.000,4.000,14,4.000,2.000,20000,0.167,0.000,6.000,13.881,7.376,14976,32172,14974,80,39,112,50,0,0,0,0,8,1972.760,6.661,4.019,0.176,0.532,0.104,0.246,0.227,1.052,0.094,0.258,0.000,1.329,0.371,0.004,0.004,0.005,0.003,0.003,0.004,0.011,0.034,0.761,0.001,0.112,0.002,1.053,0.000,0.000,3603316,88,1.373,0.636,0.000,0.000,14
GPU ROAM-like,RelWithDebInfo,OpenGL,NVIDIA GeForce RTX 5090 D/PCIe/SSE2,4.3.0 NVIDIA 591.86,false,assets/heightmaps/Hm_Terrain_Test_129.pgm,129,129,30.000,4.000,14,4.000,2.000,20000,0.174,0.000,6.000,13.794,6.889,14815,32264,14813,46,23,207,47,0,0,0,0,8,0.000,6.496,3.889,0.136,0.532,0.148,0.245,0.159,1.093,0.049,0.253,0.000,1.274,0.356,0.005,0.004,0.005,0.003,0.003,0.004,0.011,0.035,0.755,0.001,0.090,0.001,1.064,0.000,0.000,3613620,88,1.302,0.679,0.000,0.000,14
GPU ROAM-like,RelWithDebInfo,OpenGL,NVIDIA GeForce RTX 5090 D/PCIe/SSE2,4.3.0 NVIDIA 591.86,false,assets/heightmaps/Hm_Terrain_Test_129.pgm,129,129,30.000,4.000,14,4.000,2.000,20000,0.181,0.000,6.000,13.705,6.724,14709,32368,14707,52,26,158,42,0,0,0,0,8,202.061,8.060,5.152,0.144,0.531,0.102,0.242,0.297,1.168,0.067,0.251,0.000,2.352,0.377,0.004,0.004,0.005,0.003,0.003,0.004,0.011,0.033,0.769,0.001,0.095,0.002,1.317,0.000,0.000,3625268,88,1.531,0.633,0.000,0.000,14
GPU ROAM-like,RelWithDebInfo,OpenGL,NVIDIA GeForce RTX 5090 D/PCIe/SSE2,4.3.0 NVIDIA 591.86,false,assets/heightmaps/Hm_Terrain_Test_129.pgm,129,129,30.000,4.000,14,4.000,2.000,20000,0.189,0.000,6.000,13.592,8.307,14707,32592,14705,112,56,114,79,0,0,0,0,8,0.000,7.830,4.777,0.189,0.847,0.106,0.276,0.160,0.885,0.192,0.258,0.000,1.863,0.389,0.004,0.004,0.005,0.003,0.003,0.004,0.011,0.033,0.814,0.002,0.154,0.002,1.237,0.000,0.000,3650356,88,1.236,0.954,0.000,0.000,14
GPU ROAM-like,RelWithDebInfo,OpenGL,NVIDIA GeForce RTX 5090 D/PCIe/SSE2,4.3.0 NVIDIA 591.86,false,assets/heightmaps/Hm_Terrain_Test_129.pgm,129,129,30.000,4.000,14,4.000,2.000,20000,0.197,0.000,6.000,13.478,8.153,14719,32766,14717,87,43,75,60,0,0,0,0,8,244.045,6.803,4.050,0.274,0.555,0.068,0.247,0.151,1.064,0.103,0.241,0.000,1.345,0.421,0.004,0.004,0.005,0.003,0.003,0.004,0.011,0.034,0.755,0.001,0.088,0.002,1.067,0.000,0.000,3669844,88,1.318,0.624,0.000,0.000,14
GPU ROAM-like,RelWithDebInfo,OpenGL,NVIDIA GeForce RTX 5090 D/PCIe/SSE2,4.3.0 NVIDIA 591.86,false,assets/heightmaps/Hm_Terrain_Test_129.pgm,129,129,30.000,4.000,14,4.000,2.000,20000,0.204,0.000,6.000,13.376,7.067,14692,32920,14690,77,38,104,52,0,0,0,0,8,0.000,7.019,3.965,0.151,0.536,0.119,0.246,0.151,1.132,0.086,0.255,0.000,1.290,0.379,0.005,0.004,0.005,0.003,0.003,0.004,0.011,0.035,0.777,0.001,0.210,0.002,1.271,0.000,0.000,3687092,88,1.368,0.655,0.000,0.000,14
GPU ROAM-like,RelWithDebInfo,OpenGL,NVIDIA GeForce RTX 5090 D/PCIe/SSE2,4.3.0 NVIDIA 591.86,false,assets/heightmaps/Hm_Terrain_Test_129.pgm,129,129,30.000,4.000,14,4.000,2.000,20000,0.212,0.000,6.000,13.267,7.353,14622,33100,14620,90,45,160,62,0,0,0,0,8,236.413,7.046,4.097,0.305,0.559,0.156,0.247,0.152,1.005,0.088,0.244,0.000,1.341,0.378,0.004,0.004,0.005,0.003,0.003,0.004,0.011,0.034,0.773,0.000,0.102,0.002,1.240,0.000,0.000,3707252,88,1.245,0.715,0.000,0.000,14
GPU ROAM-like,RelWithDebInfo,OpenGL,NVIDIA GeForce RTX 5090 D/PCIe/SSE2,4.3.0 NVIDIA 591.86,false,assets/heightmaps/Hm_Terrain_Test_129.pgm,129,129,30.000,4.000,14,4.000,2.000,20000,0.219,0.000,6.000,13.155,7.360,14664,33304,14662,102,51,60,68,0,0,0,0,8,0.000,7.237,4.232,0.349,0.539,0.066,0.246,0.147,1.089,0.103,0.237,0.000,1.454,0.416,0.004,0.004,0.005,0.003,0.003,0.004,0.011,0.034,0.808,0.001,0.100,0.002,1.280,0.000,0.000,3730100,88,1.340,0.605,0.000,0.000,14
GPU ROAM-like,RelWithDebInfo,OpenGL,NVIDIA GeForce RTX 5090 D/PCIe/SSE2,4.3.0 NVIDIA 591.86,false,assets/heightmaps/Hm_Terrain_Test_129.pgm,129,129,30.000,4.000,14,4.000,2.000,20000,0.227,0.000,6.000,13.037,7.566,14684,33484,14682,90,45,70,59,0,0,0,0,8,225.365,7.330,3.853,0.224,0.554,0.072,0.252,0.148,1.006,0.095,0.242,0.000,1.259,0.438,0.004,0.004,0.005,0.003,0.003,0.004,0.011,0.034,0.785,0.001,0.135,0.002,1.699,0.000,0.000,3750260,88,1.250,0.626,0.000,0.000,14
GPU ROAM-like,RelWithDebInfo,OpenGL,NVIDIA GeForce RTX 5090 D/PCIe/SSE2,4.3.0 NVIDIA 591.86,false,assets/heightmaps/Hm_Terrain_Test_129.pgm,129,129,30.000,4.000,14,4.000,2.000,20000,0.234,0.000,6.000,12.915,7.627,14603,33680,14601,98,48,179,69,0,0,0,0,8,0.000,7.231,3.664,0.181,0.831,0.128,0.236,0.145,0.756,0.086,0.235,0.000,1.065,0.630,0.004,0.004,0.005,0.003,0.003,0.004,0.011,0.034,0.912,0.001,0.082,0.003,1.571,0.000,0.000,3772212,88,0.987,0.960,0.000,0.000,14
GPU ROAM-like,RelWithDebInfo,OpenGL,NVIDIA GeForce RTX 5090 D/PCIe/SSE2,4.3.0 NVIDIA 591.86,false,assets/heightmaps/Hm_Terrain_Test_129.pgm,129,129,30.000,4.000,14,4.000,2.000,20000,0.242,0.000,6.000,12.794,7.419,14468,33852,14466,86,43,221,52,0,0,0,0,8,462.531,7.091,3.819,0.171,0.562,0.159,0.239,0.145,1.094,0.102,0.239,0.000,1.108,0.532,0.004,0.004,0.005,0.003,0.003,0.004,0.011,0.034,1.099,0.000,0.097,0.002,1.189,0.000,0.000,3791476,88,1.342,0.721,0.000,0.000,14
GPU ROAM-like,RelWithDebInfo,OpenGL,NVIDIA GeForce RTX 5090 D/PCIe/SSE2,4.3.0 NVIDIA 591.86,false,assets/heightmaps/Hm_Terrain_Test_129.pgm,129,129,30.000,4.000,14,4.000,2.000,20000,0.249,0.000,6.000,12.672,7.311,14490,34092,14488,120,60,98,82,0,0,0,0,8,0.000,7.365,3.864,0.223,0.523,0.105,0.250,0.149,0.967,0.118,0.242,0.000,1.288,0.539,0.005,0.004,0.005,0.003,0.003,0.004,0.011,0.034,0.886,0.001,0.110,0.005,1.524,0.000,0.000,3818356,88,1.234,0.628,0.000,0.000,14
GPU ROAM-like,RelWithDebInfo,OpenGL,NVIDIA GeForce RTX 5090 D/PCIe/SSE2,4.3.0 NVIDIA 591.86,false,assets/heightmaps/Hm_Terrain_Test_129.pgm,129,129,30.000,4.000,14,4.000,2.000,20000,0.257,0.000,6.000,12.542,7.647,14501,34322,14499,115,57,104,76,0,0,0,0,8,443.005,7.431,4.266,0.190,0.534,0.104,0.240,0.283,1.066,0.116,0.256,0.000,1.478,0.421,0.005,0.004,0.005,0.003,0.003,0.004,0.011,0.034,0.871,0.001,0.131,0.002,1.336,0.000,0.000,3844116,88,1.465,0.638,0.000,0.000,14
GPU ROAM-like,RelWithDebInfo,OpenGL,NVIDIA GeForce RTX 5090 D/PCIe/SSE2,4.3.0 NVIDIA 591.86,false,assets/heightmaps/Hm_Terrain_Test_129.pgm,129,129,30.000,4.000,14,4.000,2.000,20000,0.264,0.000,6.000,12.409,7.704,14406,34492,14404,85,42,180,66,0,0,0,0,8,0.000,7.344,4.574,0.218,0.538,0.146,0.239,0.152,1.304,0.100,0.240,0.000,1.636,0.397,0.004,0.004,0.005,0.003,0.003,0.004,0.011,0.034,0.764,0.001,0.081,0.002,1.111,0.000,0.000,3863156,88,1.556,0.685,0.000,0.000,14
GPU ROAM-like,RelWithDebInfo,OpenGL,NVIDIA GeForce RTX 5090 D/PCIe/SSE2,4.3.0 NVIDIA 591.86,false,assets/heightmaps/Hm_Terrain_Test_129.pgm,129,129,30.000,4.000,14,4.000,2.000,20000,0.272,0.000,6.000,12.275,7.597,14406,34720,14404,114,57,114,75,0,0,0,0,8,0.000,6.608,3.879,0.149,0.535,0.103,0.238,0.152,1.044,0.148,0.242,0.000,1.268,0.410,0.005,0.004,0.005,0.003,0.003,0.004,0.011,0.035,0.820,0.000,0.093,0.002,1.051,0.000,0.000,3888692,88,1.344,0.638,0.000,0.000,14
GPU ROAM-like,RelWithDebInfo,OpenGL,NVIDIA GeForce RTX 5090 D/PCIe/SSE2,4.3.0 NVIDIA 591.86,false,assets/heightmaps/Hm_Terrain_Test_129.pgm,129,129,30.000,4.000,14,4.000,2.000,20000,0.279,0.000,6.000,12.152,6.841,14398,34912,14396,96,48,104,70,0,0,0,0,8,0.000,7.598,4.884,0.146,0.530,0.096,0.238,0.165,1.373,0.174,0.275,0.000,1.886,0.405,0.004,0.004,0.005,0.003,0.003,0.004,0.011,0.034,0.802,0.001,0.121,0.002,0.998,0.000,0.000,3910196,88,1.712,0.626,0.000,0.000,14
GPU ROAM-like,RelWithDebInfo,OpenGL,NVIDIA GeForce RTX 5090 D/PCIe/SSE2,4.3.0 NVIDIA 591.86,false,assets/heightmaps/Hm_Terrain_Test_129.pgm,129,129,30.000,4.000,14,4.000,2.000,20000,0.287,0.000,6.000,12.009,7.837,14346,35188,14344,138,68,190,85,0,0,0,0,8,0.000,7.733,4.745,0.151,0.537,0.228,0.238,0.291,1.514,0.158,0.243,0.000,1.385,0.409,0.005,0.004,0.005,0.003,0.003,0.004,0.011,0.034,0.895,0.001,0.117,0.002,1.190,0.000,0.000,3941108,88,1.963,0.765,0.000,0.000,14
GPU ROAM-like,RelWithDebInfo,OpenGL,NVIDIA GeForce RTX 5090 D/PCIe/SSE2,4.3.0 NVIDIA 591.86,false,assets/heightmaps/Hm_Terrain_Test_129.pgm,129,129,30.000,4.000,14,4.000,2.000,20000,0.295,0.000,6.000,11.859,8.056,14247,35420,14245,116,58,215,75,0,0,0,0,8,0.000,7.504,4.507,0.275,0.549,0.162,0.240,0.147,1.055,0.163,0.301,0.000,1.615,0.425,0.005,0.004,0.005,0.003,0.003,0.004,0.011,0.034,0.829,0.001,0.102,0.002,1.199,0.000,0.000,3967092,88,1.365,0.712,0.000,0.000,14
GPU ROAM-like,RelWithDebInfo,OpenGL,NVIDIA GeForce RTX 5090 D/PCIe/SSE2,4.3.0 NVIDIA 591.86,false,assets/heightmaps/Hm_Terrain_Test_129.pgm,129,129,30.000,4.000,14,4.000,2.000,20000,0.303,0.000,6.000,11.712,7.791,14214,35708,14212,144,72,177,97,0,0,0,0,8,423.178,7.879,4.346,0.458,0.535,0.144,0.235,0.298,1.184,0.141,0.238,0.000,1.113,0.422,0.005,0.004,0.005,0.003,0.003,0.004,0.011,0.034,0.809,0.001,0.132,0.002,1.648,0.000,0.000,3999348,88,1.623,0.679,0.000,0.000,14
GPU ROAM-like,RelWithDebInfo,OpenGL,NVIDIA GeForce RTX 5090 D/PCIe/SSE2,4.3.0 NVIDIA 591.86,false,assets/heightmaps/Hm_Terrain_Test_129.pgm,129,129,30.000,4.000,14,4.000,2.000,20000,0.311,0.000,6.000,11.555,8.209,14210,36000,14208,146,72,150,85,0,0,0,0,8,0.000,7.587,3.830,0.177,0.537,0.141,0.231,0.143,1.155,0.134,0.235,0.000,1.076,0.664,0.004,0.004,0.005,0.003,0.003,0.004,0.011,0.033,0.965,0.002,0.099,0.005,1.597,0.000,0.000,4032052,88,1.432,0.678,0.000,0.000,14
GPU ROAM-like,RelWithDebInfo,OpenGL,NVIDIA GeForce RTX 5090 D/PCIe/SSE2,4.3.0 NVIDIA 591.86,false,assets/heightmaps/Hm_Terrain_Test_129.pgm,129,129,30.000,4.000,14,4.000,2.000,20000,0.319,0.000,6.000,11.403,7.817,14146,36240,14144,120,60,184,76,0,0,0,0,8,398.673,8.466,4.463,0.223,0.565,0.145,0.257,0.143,0.978,0.119,0.237,0.000,1.796,0.445,0.004,0.004,0.005,0.003,0.003,0.004,0.011,0.034,1.466,0.002,0.147,0.002,1.292,0.000,0.000,4058932,88,1.239,0.710,0.000,0.000,14
GPU ROAM-like,RelWithDebInfo,OpenGL,NVIDIA GeForce RTX 5090 D/PCIe/SSE2,4.3.0 NVIDIA 591.86,false,assets/heightmaps/Hm_Terrain_Test_129.pgm,129,129,30.000,4.000,14,4.000,2.000,20000,0.327,0.000,6.000,11.231,8.742,14157,36556,14155,158,79,147,110,0,0,0,0,8,0.000,7.778,4.761,0.287,0.576,0.152,0.239,0.199,1.150,0.207,0.243,0.000,1.707,0.433,0.004,0.004,0.005,0.003,0.003,0.004,0.011,0.034,0.870,0.001,0.097,0.002,1.173,0.000,0.000,4094324,88,1.556,0.728,0.000,0.000,14
GPU ROAM-like,RelWithDebInfo,OpenGL,NVIDIA GeForce RTX 5090 D/PCIe/SSE2,4.3.0 NVIDIA 591.86,false,assets/heightmaps/Hm_Terrain_Test_129.pgm,129,129,30.000,4.000,14,4.000,2.000,20000,0.335,0.000,6.000,11.071,8.039,14066,36824,14064,134,66,225,84,0,0,0,0,8,469.593,7.025,4.132,0.209,0.849,0.198,0.233,0.148,0.930,0.144,0.238,0.000,1.182,0.424,0.005,0.004,0.005,0.003,0.003,0.004,0.011,0.034,0.836,0.000,0.094,0.002,1.148,0.000,0.000,4124340,88,1.222,1.047,0.000,0.000,14
GPU ROAM-like,RelWithDebInfo,OpenGL,NVIDIA GeForce RTX 5090 D/PCIe/SSE2,4.3.0 NVIDIA 591.86,false,assets/heightmaps/Hm_Terrain_Test_129.pgm,129,129,30.000,4.000,14,4.000,2.000,20000,0.343,0.000,6.000,10.924,7.296,13964,37040,13962,108,54,210,66,0,0,0,0,8,0.000,7.312,4.388,0.165,1.074,0.228,0.236,0.147,1.062,0.116,0.235,0.000,1.125,0.421,0.005,0.004,0.005,0.003,0.003,0.004,0.011,0.034,0.810,0.000,0.135,0.001,1.138,0.000,0.000,4148532,88,1.324,1.302,0.000,0.000,14
GPU ROAM-like,RelWithDebInfo,OpenGL,NVIDIA GeForce RTX 5090 D/PCIe/SSE2,4.3.0 NVIDIA 591.86,false,assets/heightmaps/Hm_Terrain_Test_129.pgm,129,129,30.000,4.000,14,4.000,2.000,20000,0.350,0.000,6.000,10.767,7.719,13968,37284,13966,122,61,118,88,0,0,0,0,8,436.959,7.668,4.313,0.490,0.595,0.164,0.258,0.142,0.918,0.132,0.236,0.000,1.378,0.442,0.004,0.004,0.005,0.003,0.003,0.004,0.011,0.034,0.861,0.000,0.111,0.002,1.405,0.000,0.000,4175860,88,1.192,0.758,0.000,0.000,14
GPU ROAM-like,RelWithDebInfo,OpenGL,NVIDIA GeForce RTX 5090 D/PCIe/SSE2,4.3.0 NVIDIA 591.86,false,assets/heightmaps/Hm_Terrain_Test_129.pgm,129,129,30.000,4.000,14,4.000,2.000,20000,0.358,0.000,6.000,10.602,7.996,13902,37548,13900,132,65,198,83,0,0,0,0,8,0.000,7.901,4.381,0.505,0.615,0.223,0.251,0.138,0.962,0.140,0.230,0.000,1.318,0.474,0.004,0.004,0.005,0.003,0.003,0.004,0.011,0.034,0.958,0.001,0.107,0.002,1.370,0.000,0.000,4205428,88,1.239,0.838,0.000,0.000,14
GPU ROAM-like,RelWithDebInfo,OpenGL,NVIDIA GeForce RTX 5090 D/PCIe/SSE2,4.3.0 NVIDIA 591.86,false,assets/heightmaps/Hm_Terrain_Test_129.pgm,129,129,30.000,4.000,14,4.000,2.000,20000,0.367,0.000,6.000,10.432,8.183,13908,37856,13906,154,77,148,101,0,0,0,0,8,193.609,8.452,4.541,0.255,0.844,0.148,0.243,0.144,1.172,0.163,0.230,0.000,1.342,0.501,0.004,0.004,0.005,0.003,0.003,0.004,0.011,0.034,1.168,0.001,0.092,0.002,1.750,0.000,0.000,4239924,88,1.478,0.992,0.000,0.000,14
GPU ROAM-like,RelWithDebInfo,OpenGL,NVIDIA GeForce RTX 5090 D/PCIe/SSE2,4.3.0 NVIDIA 591.86,false,assets/heightmaps/Hm_Terrain_Test_129.pgm,129,129,30.000,4.000,14,4.000,2.000,20000,0.375,0.000,6.000,10.249,8.690,13814,38104,13812,124,62,218,91,0,0,0,0,8,0.000,7.377,4.344,0.235,0.592,0.177,0.230,0.277,1.110,0.126,0.253,0.000,1.343,0.438,0.004,0.004,0.005,0.003,0.003,0.004,0.011,0.034,0.904,0.001,0.109,0.002,1.206,0.000,0.000,4267700,88,1.513,0.769,0.000,0.000,14
GPU ROAM-like,RelWithDebInfo,OpenGL,NVIDIA GeForce RTX 5090 D/PCIe/SSE2,4.3.0 NVIDIA 591.86,false,assets/heightmaps/Hm_Terrain_Test_129.pgm,129,129,30.000,4.000,14,4.000,2.000,20000,0.383,0.000,6.000,10.088,7.624,13706,38328,13704,112,55,220,65,0,0,0,0,8,199.489,8.179,4.954,0.165,0.576,0.151,0.233,0.148,1.474,0.176,0.247,0.000,1.783,0.467,0.005,0.004,0.005,0.003,0.003,0.004,0.011,0.034,0.945,0.001,0.108,0.002,1.337,0.000,0.000,4292788,88,1.798,0.727,0.000,0.000,14
GPU ROAM-like,RelWithDebInfo,OpenGL,NVIDIA GeForce RTX 5090 D/PCIe/SSE2,4.3.0 NVIDIA 591.86,false,assets/heightmaps/Hm_Terrain_Test_129.pgm,129,129,30.000,4.000,14,4.000,2.000,20000,0.391,0.000,6.000,9.907,8.463,13636,38608,13634,140,70,210,94,0,0,0,0,8,0.000,8.404,4.666,0.161,0.868,0.194,0.241,0.146,0.902,0.179,0.234,0.000,1.741,0.478,0.004,0.004,0.005,0.003,0.003,0.004,0.011,0.034,0.994,0.002,0.127,0.003,1.715,0.000,0.000,4324148,88,1.227,1.062,0.000,0.000,14
GPU ROAM-like,RelWithDebInfo,OpenGL,NVIDIA GeForce RTX 5090 D/PCIe/SSE2,4.3.0 NVIDIA 591.86,false,assets/heightmaps/Hm_Terrain_Test_129.pgm,129,129,30.000,4.000,14,4.000,2.000,20000,0.400,0.000,6.000,9.720,8.703,13601,38918,13599,155,77,190,117,0,0,0,0,8,213.258,7.926,4.023,0.319,0.548,0.170,0.233,0.139,1.077,0.159,0.224,0.000,1.154,0.463,0.005,0.004,0.005,0.003,0.003,0.004,0.011,0.034,0.952,0.000,0.175,0.002,1.675,0.000,0.000,4358868,88,1.375,0.717,0.000,0.000,14
GPU ROAM-like,RelWithDebInfo,OpenGL,NVIDIA GeForce RTX 5090 D/PCIe/SSE2,4.3.0 NVIDIA 591.86,false,assets/heightmaps/Hm_Terrain_Test_129.pgm,129,129,30.000,4.000,14,4.000,2.000,20000,0.408,0.000,6.000,9.542,8.234,13508,39104,13506,93,46,186,66,0,0,0,0,8,0.000,7.386,3.717,0.151,0.544,0.140,0.228,0.137,1.134,0.094,0.236,0.000,1.052,0.565,0.005,0.004,0.005,0.003,0.003,0.004,0.011,0.034,0.945,0.001,0.105,0.002,1.620,0.000,0.000,4379700,88,1.365,0.684,0.000,0.000,14
GPU ROAM-like,RelWithDebInfo,OpenGL,NVIDIA GeForce RTX 5090 D/PCIe/SSE2,4.3.0 NVIDIA 591.86,false,assets/heightmaps/Hm_Terrain_Test_129.pgm,129,129,30.000,4.000,14,4.000,2.000,20000,0.416,0.000,6.000,9.375,7.625,13508,39396,13506,146,73,146,98,0,0,0,0,8,204.526,7.988,4.107,0.148,0.821,0.121,0.227,0.138,1.184,0.124,0.223,0.000,1.120,0.460,0.004,0.004,0.005,0.003,0.003,0.004,0.011,0.034,1.628,0.001,0.111,0.002,1.312,0.000,0.000,4412404,88,1.446,0.942,0.000,0.000,14
GPU ROAM-like,RelWithDebInfo,OpenGL,NVIDIA GeForce RTX 5090 D/PCIe/SSE2,4.3.0 NVIDIA 591.86,false,assets/heightmaps/Hm_Terrain_Test_129.pgm,129,129,30.000,4.000,14,4.000,2.000,20000,0.424,0.000,6.000,9.195,8.237,13483,39676,13481,140,69,165,106,0,0,0,0,8,0.000,9.256,5.287,0.211,0.887,0.138,0.226,0.143,1.507,0.176,0.227,0.000,1.772,0.521,0.004,0.004,0.005,0.003,0.003,0.004,0.010,0.033,0.970,0.002,0.131,0.002,1.921,0.000,0.000,4443764,88,1.826,1.025,0.000,0.000,14
GPU ROAM-like,RelWithDebInfo,OpenGL,NVIDIA GeForce RTX 5090 D/PCIe/SSE2,4.3.0 NVIDIA 591.86,false,assets/heightmaps/Hm_Terrain_Test_129.pgm,129,129,30.000,4.000,14,4.000,2.000,20000,0.434,0.000,6.000,8.984,9.555,13348,39956,13346,140,70,275,93,0,0,0,0,8,226.105,7.318,4.250,0.190,0.557,0.263,0.224,0.138,1.307,0.145,0.224,0.000,1.202,0.456,0.005,0.004,0.005,0.003,0.003,0.004,0.011,0.034,0.884,0.001,0.102,0.002,1.198,0.000,0.000,4475124,88,1.590,0.819,0.000,0.000,14
GPU ROAM-like,RelWithDebInfo,OpenGL,NVIDIA GeForce RTX 5090 D/PCIe/SSE2,4.3.0 NVIDIA 591.86,false,assets/heightmaps/Hm_Terrain_Test_129.pgm,129,129,30.000,4.000,14,4.000,2.000,20000,0.441,0.000,6.000,8.816,7.591,13362,40236,13360,140,70,126,98,0,0,0,0,8,0.000,8.380,4.609,0.235,0.599,0.112,0.230,0.134,1.237,0.807,0.241,0.000,1.013,0.597,0.005,0.004,0.005,0.003,0.003,0.004,0.011,0.034,0.912,0.001,0.208,0.003,1.396,0.000,0.000,4506484,88,2.178,0.711,0.000,0.000,14
GPU ROAM-like,RelWithDebInfo,OpenGL,NVIDIA GeForce RTX 5090 D/PCIe/SSE2,4.3.0 NVIDIA 591.86,false,assets/heightmaps/Hm_Terrain_Test_129.pgm,129,129,30.000,4.000,14,4.000,2.000,20000,0.450,0.000,6.000,8.621,8.783,13290,40548,13288,156,77,228,117,0,0,0,0,8,1520.385,8.742,4.722,0.247,0.884,0.197,0.256,0.135,1.192,0.153,0.217,0.000,1.440,0.470,0.004,0.004,0.005,0.003,0.003,0.004,0.011,0.034,1.566,0.001,0.109,0.002,1.329,0.000,0.000,4541428,88,1.480,1.081,0.000,0.000,14
GPU ROAM-like,RelWithDebInfo,OpenGL,NVIDIA GeForce RTX 5090 D/PCIe/SSE2,4.3.0 NVIDIA 591.86,false,assets/heightmaps/Hm_Terrain_Test_129.pgm,129,129,30.000,4.000,14,4.000,2.000,20000,0.459,0.000,6.000,8.419,9.022,13264,40844,13262,148,74,174,109,0,0,0,0,8,400.123,8.205,4.914,0.223,0.975,0.169,0.225,0.145,1.234,0.217,0.226,0.000,1.500,0.452,0.004,0.004,0.005,0.003,0.003,0.004,0.011,0.034,1.032,0.001,0.105,0.002,1.284,0.000,0.000,4574580,88,1.597,1.144,0.000,0.000,14
GPU ROAM-like,RelWithDebInfo,OpenGL,NVIDIA GeForce RTX 5090 D/PCIe/SSE2,4.3.0 NVIDIA 591.86,false,assets/heightmaps/Hm_Terrain_Test_129.pgm,129,129,30.000,4.000,14,4.000,2.000,20000,0.468,0.000,6.000,8.229,8.497,13258,41176,13256,166,82,172,122,0,0,0,0,8,0.000,7.502,4.230,0.197,0.757,0.169,0.235,0.139,1.168,0.182,0.225,0.000,1.157,0.460,0.004,0.004,0.005,0.003,0.003,0.004,0.010,0.033,0.905,0.000,0.166,0.002,1.280,0.000,0.000,4611764,88,1.489,0.926,0.000,0.000,14
GPU ROAM-like,RelWithDebInfo,OpenGL,NVIDIA GeForce RTX 5090 D/PCIe/SSE2,4.3.0 NVIDIA 591.86,false,assets/heightmaps/Hm_Terrain_Test_129.pgm,129,129,30.000,4.000,14,4.000,2.000,20000,0.475,0.000,6.000,8.052,7.910,13104,41456,13102,140,70,294,96,0,0,0,0,8,463.018,7.205,3.923,0.206,0.730,0.289,0.239,0.133,0.847,0.143,0.223,0.000,1.113,0.454,0.005,0.004,0.005,0.003,0.003,0.004,0.011,0.034,0.891,0.000,0.119,0.002,1.337,0.000,0.000,4643124,88,1.123,1.019,0.000,0.000,14
GPU ROAM-like,RelWithDebInfo,OpenGL,NVIDIA GeForce RTX 5090 D/PCIe/SSE2,4.3.0 NVIDIA 591.86,false,assets/heightmaps/Hm_Terrain_Test_129.pgm,129,129,30.000,4.000,14,4.000,2.000,20000,0.483,0.000,6.000,7.883,7.525,13132,41748,13130,146,73,118,107,0,0,0,0,8,0.000,7.708,4.285,0.711,0.564,0.112,0.230,0.131,1.033,0.150,0.217,0.000,1.137,0.456,0.005,0.004,0.005,0.003,0.003,0.004,0.011,0.035,0.902,0.000,0.127,0.002,1.413,0.000,0.000,4675828,88,1.314,0.676,0.000,0.000,14
GPU ROAM-like,RelWithDebInfo,OpenGL,NVIDIA GeForce RTX 5090 D/PCIe/SSE2,4.3.0 NVIDIA 591.86,false,assets/heightmaps/Hm_Terrain_Test_129.pgm,129,129,30.000,4.000,14,4.000,2.000,20000,0.491,0.000,6.000,7.698,8.207,13142,42056,13140,154,76,144,107,0,0,0,0,8,435.267,7.642,3.996,0.261,0.578,0.146,0.220,0.143,1.033,0.162,0.223,0.000,1.230,0.478,0.005,0.004,0.005,0.003,0.003,0.004,0.011,0.034,1.031,0.001,0.120,0.002,1.533,0.000,0.000,4710324,88,1.337,0.725,0.000,0.000,14
GPU ROAM-like,RelWithDebInfo,OpenGL,NVIDIA GeForce RTX 5090 D/PCIe/SSE2,4.3.0 NVIDIA 591.86,false,assets/heightmaps/Hm_Terrain_Test_129.pgm,129,129,30.000,4.000,14,4.000,2.000,20000,0.499,0.000,6.000,7.520,7.939,13052,42304,13050,124,62,214,84,0,0,0,0,8,0.000,8.452,4.742,0.238,0.824,0.187,0.227,0.242,1.251,0.135,0.219,0.000,1.420,0.468,0.005,0.004,0.005,0.003,0.003,0.004,0.011,0.034,0.990,0.001,0.101,0.002,1.384,0.000,0.000,4738100,88,1.627,1.011,0.000,0.000,14
GPU ROAM-like,RelWithDebInfo,OpenGL,NVIDIA GeForce RTX 5090 D/PCIe/SSE2,4.3.0 NVIDIA 591.86,false,assets/heightmaps/Hm_Terrain_Test_129.pgm,129,129,30.000,4.000,14,4.000,2.000,20000,0.508,0.000,6.000,7.324,8.704,13085,42636,13083,166,82,133,122,0,0,0,0,8,216.098,7.598,4.402,0.157,0.781,0.112,0.220,0.152,1.385,0.228,0.225,0.000,1.140,0.473,0.005,0.004,0.005,0.003,0.003,0.004,0.011,0.034,0.932,0.001,0.088,0.002,1.315,0.000,0.000,4775284,88,1.766,0.893,0.000,0.000,14
GPU ROAM-like,RelWithDebInfo,OpenGL,NVIDIA GeForce RTX 5090 D/PCIe/SSE2,4.3.0 NVIDIA 591.86,false,assets/heightmaps/Hm_Terrain_Test_129.pgm,129,129,30.000,4.000,14,4.000,2.000,20000,0.516,0.000,6.000,7.148,7.830,12980,42920,12978,142,71,247,96,0,0,0,0,8,0.000,7.528,4.385,0.161,1.084,0.224,0.223,0.221,1.026,0.159,0.221,0.000,1.065,0.472,0.005,0.004,0.005,0.003,0.003,0.004,0.011,0.034,0.980,0.000,0.101,0.002,1.211,0.000,0.000,4807092,88,1.407,1.308,0.000,0.000,14
GPU ROAM-like,RelWithDebInfo,OpenGL,NVIDIA GeForce RTX 5090 D/PCIe/SSE2,4.3.0 NVIDIA 591.86,false,assets/heightmaps/Hm_Terrain_Test_129.pgm,129,129,30.000,4.000,14,4.000,2.000,20000,0.523,0.000,6.000,6.972,7.834,12962,43184,12960,132,66,150,93,0,0,0,0,8,196.865,8.503,4.459,0.391,0.567,0.165,0.246,0.207,1.056,0.165,0.222,0.000,1.440,0.530,0.005,0.004,0.005,0.003,0.003,0.004,0.011,0.034,1.016,0.001,0.117,0.002,1.792,0.000,0.000,4836660,88,1.428,0.732,0.000,0.000,14
GPU ROAM-like,RelWithDebInfo,OpenGL,NVIDIA GeForce RTX 5090 D/PCIe/SSE2,4.3.0 NVIDIA 591.86,false,assets/heightmaps/Hm_Terrain_Test_129.pgm,129,129,30.000,4.000,14,4.000,2.000,20000,0.532,0.000,6.000,6.773,8.842,12960,43536,12958,176,87,178,118,0,0,0,0,8,0.000,7.840,3.971,0.305,0.555,0.164,0.228,0.130,0.921,0.181,0.219,0.000,1.270,0.547,0.005,0.004,0.005,0.003,0.003,0.004,0.010,0.034,0.990,0.000,0.091,0.002,1.814,0.000,0.000,4876084,88,1.232,0.719,0.000,0.000,14
GPU ROAM-like,RelWithDebInfo,OpenGL,NVIDIA GeForce RTX 5090 D/PCIe/SSE2,4.3.0 NVIDIA 591.86,false,assets/heightmaps/Hm_Terrain_Test_129.pgm,129,129,30.000,4.000,14,4.000,2.000,20000,0.540,0.000,6.000,6.593,8.082,12928,43832,12926,148,74,180,102,0,0,0,0,8,211.689,7.733,3.459,0.205,0.539,0.148,0.219,0.130,0.856,0.140,0.211,0.000,1.012,0.948,0.005,0.004,0.005,0.003,0.003,0.004,0.011,0.034,1.173,0.001,0.098,0.005,1.679,0.000,0.000,4909236,88,1.125,0.687,0.000,0.000,14
GPU ROAM-like,RelWithDebInfo,OpenGL,NVIDIA GeForce RTX 5090 D/PCIe/SSE2,4.3.0 NVIDIA 591.86,false,assets/heightmaps/Hm_Terrain_Test_129.pgm,129,129,30.000,4.000,14,4.000,2.000,20000,0.548,0.000,6.000,6.415,7.940,12863,44116,12861,142,70,207,108,0,0,0,0,8,0.000,8.334,4.443,0.211,0.541,0.159,0.218,0.249,1.209,0.135,0.219,0.000,1.502,0.611,0.004,0.004,0.005,0.003,0.003,0.004,0.010,0.033,1.392,0.001,0.092,0.002,1.392,0.000,0.000,4941044,88,1.593,0.700,0.000,0.000,14
GPU ROAM-like,RelWithDebInfo,OpenGL,NVIDIA GeForce RTX 5090 D/PCIe/SSE2,4.3.0 NVIDIA 591.86,false,assets/heightmaps/Hm_Terrain_Test_129.pgm,129,129,30.000,4.000,14,4.000,2.000,20000,0.557,0.000,6.000,6.225,8.575,12702,44428,12700,156,78,317,104,0,0,0,0,8,1573.218,8.337,4.790,0.223,0.998,0.264,0.213,0.136,1.309,0.171,0.215,0.000,1.262,0.511,0.005,0.004,0.005,0.003,0.003,0.004,0.010,0.033,1.063,0.001,0.115,0.002,1.441,0.000,0.000,4975988,88,1.615,1.263,0.000,0.000,14
GPU ROAM-like,RelWithDebInfo,OpenGL,NVIDIA GeForce RTX 5090 D/PCIe/SSE2,4.3.0 NVIDIA 591.86,false,assets/heightmaps/Hm_Terrain_Test_129.pgm,129,129,30.000,4.000,14,4.000,2.000,20000,0.566,0.000,6.000,6.033,8.635,12712,44764,12710,168,84,158,118,0,0,0,0,8,0.000,7.438,3.948,0.187,0.670,0.189,0.218,0.128,0.951,0.269,0.217,0.000,1.118,0.501,0.005,0.004,0.005,0.003,0.003,0.004,0.010,0.033,1.072,0.001,0.107,0.002,1.357,0.000,0.000,5013620,88,1.348,0.859,0.000,0.000,14
GPU ROAM-like,RelWithDebInfo,OpenGL,NVIDIA GeForce RTX 5090 D/PCIe/SSE2,4.3.0 NVIDIA 591.86,false,assets/heightmaps/Hm_Terrain_Test_129.pgm,129,129,30.000,4.000,14,4.000,2.000,20000,0.573,0.000,6.000,5.863,7.726,12704,45048,12702,142,70,150,97,0,0,0,0,8,216.467,7.878,3.845,0.288,0.728,0.131,0.221,0.127,0.971,0.126,0.214,0.000,1.039,0.493,0.005,0.004,0.005,0.003,0.003,0.004,0.010,0.034,1.046,0.000,0.171,0.002,1.624,0.000,0.000,5045428,88,1.224,0.859,0.000,0.000,14
GPU ROAM-like,RelWithDebInfo,OpenGL,NVIDIA GeForce RTX 5090 D/PCIe/SSE2,4.3.0 NVIDIA 591.86,false,assets/heightmaps/Hm_Terrain_Test_129.pgm,129,129,30.000,4.000,14,4.000,2.000,20000,0.582,0.000,6.000,5.680,8.324,12638,45268,12636,110,55,176,73,0,0,0,0,8,0.000,8.726,3.941,0.254,0.560,0.171,0.242,0.138,0.966,0.118,0.274,0.000,1.218,0.700,0.005,0.004,0.005,0.003,0.003,0.004,0.010,0.033,1.365,0.002,0.132,0.005,2.052,0.000,0.000,5070068,88,1.222,0.731,0.000,0.000,14
GPU ROAM-like,RelWithDebInfo,OpenGL,NVIDIA GeForce RTX 5090 D/PCIe/SSE2,4.3.0 NVIDIA 591.86,false,assets/heightmaps/Hm_Terrain_Test_129.pgm,129,129,30.000,4.000,14,4.000,2.000,20000,0.591,0.000,6.000,5.482,9.050,12557,45542,12555,137,68,218,105,0,0,0,0,8,1264.217,9.084,5.231,0.325,1.061,0.199,0.219,0.139,1.222,0.168,0.219,0.000,1.679,0.578,0.005,0.004,0.005,0.003,0.003,0.004,0.010,0.033,1.222,0.001,0.154,0.002,1.432,0.000,0.000,5100756,88,1.530,1.260,0.000,0.000,14
GPU ROAM-like,RelWithDebInfo,OpenGL,NVIDIA GeForce RTX 5090 D/PCIe/SSE2,4.3.0 NVIDIA 591.86,false,assets/heightmaps/Hm_Terrain_Test_129.pgm,129,129,30.000,4.000,14,4.000,2.000,20000,0.600,0.000,6.000,5.279,9.375,12432,45780,12430,119,59,244,84,0,0,0,0,8,450.983,7.363,3.928,0.198,0.554,0.222,0.216,0.134,1.128,0.124,0.211,0.000,1.142,0.488,0.005,0.004,0.005,0.003,0.003,0.004,0.010,0.034,0.991,0.000,0.093,0.002,1.411,0.000,0.000,5127412,88,1.386,0.775,0.000,0.000,14
GPU ROAM-like,RelWithDebInfo,OpenGL,NVIDIA GeForce RTX 5090 D/PCIe/SSE2,4.3.0 NVIDIA 591.86,false,assets/heightmaps/Hm_Terrain_Test_129.pgm,129,129,30.000,4.000,14,4.000,2.000,20000,0.608,0.000,6.000,5.115,7.610,12418,45944,12416,82,41,96,58,0,0,0,0,8,0.000,7.873,3.869,0.318,0.557,0.122,0.222,0.132,1.171,0.083,0.211,0.000,1.052,0.490,0.005,0.004,0.005,0.003,0.003,0.004,0.011,0.034,1.052,0.000,0.206,0.002,1.655,0.000,0.000,5145780,88,1.387,0.679,0.000,0.000,14
GPU ROAM-like,RelWithDebInfo,OpenGL,NVIDIA GeForce RTX 5090 D/PCIe/SSE2,4.3.0 NVIDIA 591.86,false,assets/heightmaps/Hm_Terrain_Test_129.pgm,129,129,30.000,4.000,14,4.000,2.000,20000,0.616,0.000,6.000,4.931,8.603,12264,46140,12262,98,48,252,88,0,0,0,0,8,158.186,10.563,6.018,0.624,0.891,0.240,0.282,0.238,1.355,0.113,0.215,0.000,2.059,0.543,0.005,0.004,0.005,0.003,0.003,0.004,0.010,0.033,1.595,0.003,0.140,0.003,1.549,0.000,0.000,5167732,88,1.705,1.132,0.000,0.000,14
GPU ROAM-like,RelWithDebInfo,OpenGL,NVIDIA GeForce RTX 5090 D/PCIe/SSE2,4.3.0 NVIDIA 591.86,false,assets/heightmaps/Hm_Terrain_Test_129.pgm,129,129,30.000,4.000,14,4.000,2.000,20000,0.627,0.000,6.000,4.700,10.920,12212,46348,12210,104,52,156,85,0,0,0,0,8,0.000,8.632,4.778,0.319,0.814,0.175,0.249,0.155,0.896,0.128,0.227,0.000,1.814,0.538,0.005,0.004,0.005,0.003,0.003,0.004,0.011,0.034,1.135,0.002,0.124,0.003,1.563,0.000,0.000,5191028,88,1.180,0.989,0.000,0.000,14
GPU ROAM-like,RelWithDebInfo,OpenGL,NVIDIA GeForce RTX 5090 D/PCIe/SSE2,4.3.0 NVIDIA 591.86,false,assets/heightmaps/Hm_Terrain_Test_129.pgm,129,129,30.000,4.000,14,4.000,2.000,20000,0.636,0.000,6.000,4.513,8.945,11944,46556,11942,104,51,372,83,0,0,0,0,8,438.289,7.675,3.687,0.335,0.567,0.288,0.203,0.127,0.876,0.103,0.203,0.000,0.984,0.502,0.005,0.004,0.005,0.003,0.003,0.004,0.010,0.033,1.002,0.001,0.170,0.002,1.737,0.000,0.000,5214324,88,1.106,0.855,0.000,0.000,14
GPU ROAM-like,RelWithDebInfo,OpenGL,NVIDIA GeForce RTX 5090 D/PCIe/SSE2,4.3.0 NVIDIA 591.86,false,assets/heightmaps/Hm_Terrain_Test_129.pgm,129,129,30.000,4.000,14,4.000,2.000,20000,0.644,0.000,6.000,4.346,8.062,11838,46712,11836,78,39,184,56,0,0,0,0,8,0.000,8.028,3.984,0.181,0.939,0.142,0.206,0.122,1.172,0.078,0.217,0.000,0.927,0.648,0.005,0.004,0.005,0.003,0.003,0.004,0.010,0.033,1.112,0.000,0.102,0.004,1.774,0.000,0.000,5231796,88,1.372,1.081,0.000,0.000,14
GPU ROAM-like,RelWithDebInfo,OpenGL,NVIDIA GeForce RTX 5090 D/PCIe/SSE2,4.3.0 NVIDIA 591.86,false,assets/heightmaps/Hm_Terrain_Test_129.pgm,129,129,30.000,4.000,14,4.000,2.000,20000,0.652,0.000,6.000,4.176,8.284,11828,46900,11826,94,47,104,70,0,0,0,0,8,986.776,8.309,3.779,0.194,0.535,0.106,0.205,0.125,1.237,0.091,0.204,0.000,1.082,0.553,0.004,0.004,0.005,0.003,0.003,0.004,0.010,0.033,1.987,0.001,0.103,0.002,1.466,0.000,0.000,5252852,88,1.452,0.641,0.000,0.000,14
GPU ROAM-like,RelWithDebInfo,OpenGL,NVIDIA GeForce RTX 5090 D/PCIe/SSE2,4.3.0 NVIDIA 591.86,false,assets/heightmaps/Hm_Terrain_Test_129.pgm,129,129,30.000,4.000,14,4.000,2.000,20000,0.661,0.000,6.000,4.002,8.577,11686,47020,11684,60,29,202,67,0,0,0,0,8,0.000,8.076,4.491,0.207,0.835,0.165,0.208,0.132,1.410,0.074,0.205,0.000,1.255,0.510,0.005,0.004,0.005,0.003,0.003,0.004,0.010,0.033,1.170,0.001,0.113,0.002,1.379,0.000,0.000,5266292,88,1.616,0.999,0.000,0.000,14
GPU ROAM-like,RelWithDebInfo,OpenGL,NVIDIA GeForce RTX 5090 D/PCIe/SSE2,4.3.0 NVIDIA 591.86,false,assets/heightmaps/Hm_Terrain_Test_129.pgm,129,129,30.000,4.000,14,4.000,2.000,20000,0.669,0.000,6.000,3.834,8.353,11656,47200,11654,90,45,120,71,0,0,0,0,8,0.000,7.250,3.794,0.226,0.757,0.130,0.204,0.239,0.911,0.088,0.199,0.000,1.041,0.516,0.005,0.004,0.005,0.003,0.003,0.004,0.010,0.033,1.003,0.000,0.078,0.002,1.424,0.000,0.000,5286452,88,1.238,0.887,0.000,0.000,14
GPU ROAM-like,RelWithDebInfo,OpenGL,NVIDIA GeForce RTX 5090 D/PCIe/SSE2,4.3.0 NVIDIA 591.86,false,assets/heightmaps/Hm_Terrain_Test_129.pgm,129,129,30.000,4.000,14,4.000,2.000,20000,0.677,0.000,6.000,3.686,7.510,11574,47352,11572,76,38,158,57,0,0,0,0,8,0.000,6.987,3.627,0.133,0.516,0.185,0.200,0.121,1.270,0.076,0.199,0.000,0.926,0.509,0.005,0.004,0.005,0.003,0.003,0.004,0.010,0.033,1.025,0.000,0.081,0.002,1.335,0.000,0.000,5303476,88,1.467,0.701,0.000,0.000,14
GPU ROAM-like,RelWithDebInfo,OpenGL,NVIDIA GeForce RTX 5090 D/PCIe/SSE2,4.3.0 NVIDIA 591.86,false,assets/heightmaps/Hm_Terrain_Test_129.pgm,129,129,30.000,4.000,14,4.000,2.000,20000,0.684,0.000,6.000,3.544,7.254,11467,47496,11465,72,35,179,52,0,0,0,0,8,1636.322,7.441,3.378,0.250,0.601,0.158,0.196,0.117,0.858,0.072,0.188,0.000,0.938,0.510,0.005,0.004,0.005,0.003,0.003,0.004,0.010,0.033,1.028,0.000,0.090,0.001,1.663,0.000,0.000,5319604,88,1.047,0.759,0.000,0.000,14
GPU ROAM-like,RelWithDebInfo,OpenGL,NVIDIA GeForce RTX 5090 D/PCIe/SSE2,4.3.0 NVIDIA 591.86,false,assets/heightmaps/Hm_Terrain_Test_129.pgm,129,129,30.000,4.000,14,4.000,2.000,20000,0.692,0.000,6.000,3.394,7.742,11360,47640,11358,72,36,179,56,0,0,0,0,8,0.000,8.352,4.135,0.346,0.759,0.167,0.196,0.120,1.154,0.079,0.191,0.000,1.122,0.598,0.005,0.004,0.005,0.003,0.003,0.004,0.010,0.033,1.157,0.001,0.136,0.002,1.695,0.000,0.000,5335732,88,1.353,0.926,0.000,0.000,14
GPU ROAM-like,RelWithDebInfo,OpenGL,NVIDIA GeForce RTX 5090 D/PCIe/SSE2,4.3.0 NVIDIA 591.86,false,assets/heightmaps/Hm_Terrain_Test_129.pgm,129,129,30.000,4.000,14,4.000,2.000,20000,0.701,0.000,6.000,3.229,8.675,11282,47792,11280,76,38,154,58,0,0,0,0,8,0.000,7.991,3.968,0.364,0.830,0.158,0.194,0.115,0.902,0.079,0.185,0.000,1.141,0.597,0.005,0.004,0.005,0.003,0.003,0.004,0.010,0.033,1.464,0.001,0.099,0.002,1.406,0.000,0.000,5352756,88,1.096,0.987,0.000,0.000,14
GPU ROAM-like,RelWithDebInfo,OpenGL,NVIDIA GeForce RTX 5090 D/PCIe/SSE2,4.3.0 NVIDIA 591.86,false,assets/heightmaps/Hm_Terrain_Test_129.pgm,129,129,30.000,4.000,14,4.000,2.000,20000,0.709,0.000,6.000,3.075,8.226,11239,47972,11237,90,44,133,74,0,0,0,0,8,363.965,8.962,5.058,0.168,0.785,0.123,0.191,0.233,1.329,0.122,0.201,0.000,1.905,0.629,0.005,0.004,0.005,0.003,0.003,0.004,0.010,0.033,1.189,0.001,0.110,0.002,1.568,0.000,0.000,5372916,88,1.684,0.908,0.000,0.000,14
GPU ROAM-like,RelWithDebInfo,OpenGL,NVIDIA GeForce RTX 5090 D/PCIe/SSE2,4.3.0 NVIDIA 591.86,false,assets/heightmaps/Hm_Terrain_Test_129.pgm,129,129,30.000,4.000,14,4.000,2.000,20000,0.718,0.000,6.000,2.905,9.227,11154,48120,11152,74,37,159,55,0,0,0,0,8,0.000,7.313,3.549,0.188,0.530,0.212,0.195,0.142,0.916,0.095,0.191,0.000,1.080,0.595,0.005,0.004,0.005,0.003,0.003,0.004,0.010,0.033,1.145,0.001,0.091,0.002,1.491,0.000,0.000,5389492,88,1.152,0.742,0.000,0.000,14
GPU ROAM-like,RelWithDebInfo,OpenGL,NVIDIA GeForce RTX 5090 D/PCIe/SSE2,4.3.0 NVIDIA 591.86,false,assets/heightmaps/Hm_Terrain_Test_129.pgm,129,129,30.000,4.000,14,4.000,2.000,20000,0.726,0.000,6.000,2.768,7.613,11009,48252,11007,66,33,211,53,0,0,0,0,8,420.174,7.915,3.765,0.312,0.537,0.205,0.212,0.120,0.961,0.071,0.184,0.000,1.163,0.617,0.005,0.004,0.005,0.003,0.003,0.004,0.010,0.033,1.128,0.000,0.104,0.002,1.801,0.000,0.000,5404276,88,1.153,0.742,0.000,0.000,14
GPU ROAM-like,RelWithDebInfo,OpenGL,NVIDIA GeForce RTX 5090 D/PCIe/SSE2,4.3.0 NVIDIA 591.86,false,assets/heightmaps/Hm_Terrain_Test_129.pgm,129,129,30.000,4.000,14,4.000,2.000,20000,0.734,0.000,6.000,2.622,8.231,10940,48428,10938,88,43,157,70,0,0,0,0,8,0.000,8.273,3.833,0.187,0.943,0.142,0.186,0.114,1.151,0.089,0.183,0.000,0.836,0.620,0.005,0.004,0.005,0.003,0.003,0.004,0.010,0.033,1.133,0.001,0.087,0.002,2.124,0.000,0.000,5423988,88,1.354,1.085,0.000,0.000,14
GPU ROAM-like,RelWithDebInfo,OpenGL,NVIDIA GeForce RTX 5090 D/PCIe/SSE2,4.3.0 NVIDIA 591.86,false,assets/heightmaps/Hm_Terrain_Test_129.pgm,129,129,30.000,4.000,14,4.000,2.000,20000,0.742,0.000,6.000,2.473,8.526,10772,48536,10770,54,27,222,47,0,0,0,0,8,205.535,7.971,3.387,0.119,0.719,0.163,0.178,0.110,1.076,0.051,0.175,0.000,0.797,0.560,0.005,0.004,0.005,0.003,0.003,0.004,0.010,0.034,2.049,0.001,0.097,0.002,1.489,0.000,0.000,5436084,88,1.236,0.882,0.000,0.000,14
GPU ROAM-like,RelWithDebInfo,OpenGL,NVIDIA GeForce RTX 5090 D/PCIe/SSE2,4.3.0 NVIDIA 591.86,false,assets/heightmaps/Hm_Terrain_Test_129.pgm,129,129,30.000,4.000,14,4.000,2.000,20000,0.751,0.000,6.000,2.334,8.201,10672,48708,10670,86,43,186,67,0,0,0,0,8,0.000,8.749,4.599,0.233,0.751,0.150,0.182,0.221,1.278,0.132,0.187,0.000,1.465,0.567,0.005,0.004,0.005,0.003,0.003,0.004,0.010,0.033,1.500,0.001,0.089,0.002,1.591,0.000,0.000,5455348,88,1.632,0.901,0.000,0.000,14
GPU ROAM-like,RelWithDebInfo,OpenGL,NVIDIA GeForce RTX 5090 D/PCIe/SSE2,4.3.0 NVIDIA 591.86,false,assets/heightmaps/Hm_Terrain_Test_129.pgm,129,129,30.000,4.000,14,4.000,2.000,20000,0.760,0.000,6.000,2.183,9.025,10649,48882,10647,87,43,110,68,0,0,0,0,8,210.597,7.819,4.071,0.155,0.711,0.115,0.182,0.127,1.314,0.088,0.184,0.000,1.194,0.547,0.005,0.004,0.005,0.003,0.003,0.004,0.010,0.033,1.159,0.001,0.131,0.002,1.485,0.000,0.000,5474836,88,1.529,0.825,0.000,0.000,14
GPU ROAM-like,RelWithDebInfo,OpenGL,NVIDIA GeForce RTX 5090 D/PCIe/SSE2,4.3.0 NVIDIA 591.86,false,assets/heightmaps/Hm_Terrain_Test_129.pgm,129,129,30.000,4.000,14,4.000,2.000,20000,0.768,0.000,6.000,2.052,8.104,10568,48972,10566,45,22,126,52,0,0,0,0,8,0.000,7.642,3.700,0.197,0.661,0.142,0.188,0.114,1.203,0.050,0.179,0.000,0.965,0.600,0.005,0.004,0.005,0.003,0.003,0.004,0.010,0.034,1.183,0.001,0.143,0.002,1.494,0.000,0.000,5484916,88,1.367,0.803,0.000,0.000,14
GPU ROAM-like,RelWithDebInfo,OpenGL,NVIDIA GeForce RTX 5090 D/PCIe/SSE2,4.3.0 NVIDIA 591.86,false,assets/heightmaps/Hm_Terrain_Test_129.pgm,129,129,30.000,4.000,14,4.000,2.000,20000,0.776,0.000,6.000,1.924,8.093,10508,49104,10506,66,33,126,57,0,0,0,0,8,394.980,8.339,3.935,0.215,1.105,0.148,0.191,0.293,0.864,0.065,0.185,0.000,0.869,0.809,0.005,0.004,0.005,0.003,0.003,0.004,0.010,0.033,1.228,0.001,0.163,0.002,1.735,0.000,0.000,5499700,88,1.222,1.253,0.000,0.000,14
GPU ROAM-like,RelWithDebInfo,OpenGL,NVIDIA GeForce RTX 5090 D/PCIe/SSE2,4.3.0 NVIDIA 591.86,false,assets/heightmaps/Hm_Terrain_Test_129.pgm,129,129,30.000,4.000,14,4.000,2.000,20000,0.784,0.000,6.000,1.790,8.669,10438,49256,10436,76,38,146,50,0,0,0,0,8,0.000,8.823,4.919,0.162,0.695,0.153,0.184,0.288,1.499,0.119,0.226,0.000,1.592,0.563,0.005,0.004,0.005,0.003,0.003,0.004,0.010,0.033,1.312,0.002,0.084,0.002,1.551,0.000,0.000,5516724,88,1.907,0.848,0.000,0.000,14
GPU ROAM-like,RelWithDebInfo,OpenGL,NVIDIA GeForce RTX 5090 D/PCIe/SSE2,4.3.0 NVIDIA 591.86,false,assets/heightmaps/Hm_Terrain_Test_129.pgm,129,129,30.000,4.000,14,4.000,2.000,20000,0.794,0.000,6.000,1.653,9.104,10339,49424,10337,84,41,183,65,0,0,0,0,8,1098.689,9.012,4.730,0.106,0.985,0.185,0.190,0.190,1.183,0.127,0.303,0.000,1.461,0.600,0.004,0.004,0.005,0.003,0.003,0.004,0.010,0.033,1.310,0.002,0.124,0.002,1.740,0.000,0.000,5535540,88,1.500,1.169,0.000,0.000,14
GPU ROAM-like,RelWithDebInfo,OpenGL,NVIDIA GeForce RTX 5090 D/PCIe/SSE2,4.3.0 NVIDIA 591.86,false,assets/heightmaps/Hm_Terrain_Test_129.pgm,129,129,30.000,4.000,14,4.000,2.000,20000,0.803,0.000,6.000,1.518,9.334,10278,49548,10276,62,31,123,46,0,0,0,0,8,386.447,8.645,3.962,0.384,0.821,0.135,0.222,0.196,0.901,0.106,0.280,0.000,0.917,0.583,0.004,0.004,0.005,0.003,0.003,0.004,0.010,0.032,1.093,0.001,0.147,0.002,2.271,0.000,0.000,5549428,88,1.203,0.955,0.000,0.000,14
GPU ROAM-like,RelWithDebInfo,OpenGL,NVIDIA GeForce RTX 5090 D/PCIe/SSE2,4.3.0 NVIDIA 591.86,false,assets/heightmaps/Hm_Terrain_Test_129.pgm,129,129,30.000,4.000,14,4.000,2.000,20000,0.812,0.000,6.000,1.393,8.936,10172,49604,10170,28,14,134,33,0,0,0,0,8,0.000,8.896,4.866,0.153,1.150,0.136,0.182,0.291,1.314,0.041,0.199,0.000,1.400,0.566,0.005,0.004,0.005,0.003,0.003,0.004,0.010,0.034,1.372,0.001,0.091,0.002,1.594,0.000,0.000,5555700,88,1.646,1.286,0.000,0.000,14
GPU ROAM-like,RelWithDebInfo,OpenGL,NVIDIA GeForce RTX 5090 D/PCIe/SSE2,4.3.0 NVIDIA 591.86,false,assets/heightmaps/Hm_Terrain_Test_129.pgm,129,129,30.000,4.000,14,4.000,2.000,20000,0.821,0.000,6.000,1.270,9.094,10166,49812,10164,104,52,110,76,0,0,0,0,8,197.497,8.313,4.783,0.090,1.117,0.120,0.195,0.303,1.613,0.141,0.345,0.000,0.859,0.566,0.005,0.004,0.005,0.003,0.003,0.004,0.010,0.033,1.089,0.001,0.074,0.001,1.387,0.000,0.000,5578996,88,2.057,1.237,0.000,0.000,14
GPU ROAM-like,RelWithDebInfo,OpenGL,NVIDIA GeForce RTX 5090 D/PCIe/SSE2,4.3.0 NVIDIA 591.86,false,assets/heightmaps/Hm_Terrain_Test_129.pgm,129,129,30.000,4.000,14,4.000,2.000,20000,0.829,0.000,6.000,1.160,8.504,10096,49916,10094,52,25,122,41,0,0,0,0,8,0.000,8.201,4.415,0.087,1.024,0.162,0.264,0.185,0.922,0.084,0.205,0.000,1.481,0.616,0.005,0.004,0.005,0.003,0.003,0.004,0.010,0.034,1.204,0.006,0.073,0.001,1.472,0.000,0.000,5590644,88,1.191,1.186,0.000,0.000,14
GPU ROAM-like,RelWithDebInfo,OpenGL,NVIDIA GeForce RTX 5090 D/PCIe/SSE2,4.3.0 NVIDIA 591.86,false,assets/heightmaps/Hm_Terrain_Test_129.pgm,129,129,30.000,4.000,14,4.000,2.000,20000,0.838,0.000,6.000,1.056,8.363,10080,50056,10078,70,35,86,47,0,0,0,0,8,205.373,7.916,4.292,0.421,0.998,0.087,0.171,0.181,1.284,0.075,0.216,0.000,0.860,0.642,0.005,0.004,0.005,0.003,0.003,0.004,0.010,0.033,1.069,0.000,0.069,0.002,1.520,0.000,0.000,5606324,88,1.539,1.084,0.000,0.000,14
GPU ROAM-like,RelWithDebInfo,OpenGL,NVIDIA GeForce RTX 5090 D/PCIe/SSE2,4.3.0 NVIDIA 591.86,false,assets/heightmaps/Hm_Terrain_Test_129.pgm,129,129,30.000,4.000,14,4.000,2.000,20000,0.846,0.000,6.000,0.959,8.064,10012,50140,10010,42,21,110,31,0,0,0,0,8,0.000,8.420,4.552,0.087,0.632,0.118,0.180,0.289,1.628,0.062,0.176,0.000,1.378,0.574,0.005,0.004,0.005,0.003,0.003,0.004,0.010,0.033,1.498,0.001,0.068,0.001,1.373,0.000,0.000,5615732,88,1.979,0.751,0.000,0.000,14
GPU ROAM-like,RelWithDebInfo,OpenGL,NVIDIA GeForce RTX 5090 D/PCIe/SSE2,4.3.0 NVIDIA 591.86,false,assets/heightmaps/Hm_Terrain_Test_129.pgm,129,129,30.000,4.000,14,4.000,2.000,20000,0.854,0.000,6.000,0.861,8.575,9960,50264,9958,62,31,114,41,0,0,0,0,8,188.687,8.664,4.756,0.204,0.828,0.128,0.189,0.217,1.252,0.136,0.236,0.000,1.566,0.622,0.005,0.004,0.005,0.003,0.003,0.004,0.010,0.033,1.190,0.002,0.125,0.003,1.555,0.000,0.000,5629620,88,1.604,0.956,0.000,0.000,14
GPU ROAM-like,RelWithDebInfo,OpenGL,NVIDIA GeForce RTX 5090 D/PCIe/SSE2,4.3.0 NVIDIA 591.86,false,assets/heightmaps/Hm_Terrain_Test_129.pgm,129,129,30.000,4.000,14,4.000,2.000,20000,0.863,0.000,6.000,0.763,8.963,9887,50428,9885,82,40,155,55,0,0,0,0,8,0.000,7.935,3.980,0.235,0.624,0.164,0.194,0.169,1.173,0.102,0.219,0.000,1.099,0.602,0.005,0.004,0.005,0.003,0.003,0.004,0.010,0.034,1.202,0.001,0.114,0.002,1.551,0.000,0.000,5647988,88,1.443,0.788,0.000,0.000,14
GPU ROAM-like,RelWithDebInfo,OpenGL,NVIDIA GeForce RTX 5090 D/PCIe/SSE2,4.3.0 NVIDIA 591.86,false,assets/heightmaps/Hm_Terrain_Test_129.pgm,129,129,30.000,4.000,14,4.000,2.000,20000,0.872,0.000,6.000,0.678,8.220,9839,50552,9837,62,31,110,37,0,0,0,0,8,117.310,14.173,5.871,0.308,0.730,0.129,0.197,0.189,1.413,0.156,0.358,0.000,2.391,1.004,0.005,0.004,0.005,0.003,0.003,0.004,0.010,0.033,3.341,0.001,0.167,0.005,2.908,0.000,0.000,5661876,88,1.758,0.859,0.000,0.000,14
GPU ROAM-like,RelWithDebInfo,OpenGL,NVIDIA GeForce RTX 5090 D/PCIe/SSE2,4.3.0 NVIDIA 591.86,false,assets/heightmaps/Hm_Terrain_Test_129.pgm,129,129,30.000,4.000,14,4.000,2.000,20000,0.886,0.000,6.000,0.539,14.502,9750,50724,9748,86,43,175,62,0,0,0,0,8,904.146,10.990,5.076,0.195,0.868,0.222,0.217,0.255,1.322,0.129,0.362,0.000,1.504,1.044,0.004,0.005,0.005,0.003,0.003,0.004,0.010,0.034,2.259,0.000,0.352,0.001,1.585,0.000,0.000,5681140,88,1.707,1.090,0.000,0.000,14
GPU ROAM-like,RelWithDebInfo,OpenGL,NVIDIA GeForce RTX 5090 D/PCIe/SSE2,4.3.0 NVIDIA 591.86,false,assets/heightmaps/Hm_Terrain_Test_129.pgm,129,129,30.000,4.000,14,4.000,2.000,20000,0.898,0.000,6.000,0.439,11.564,9722,50840,9720,58,29,86,35,0,0,0,0,8,132.183,12.806,4.830,0.172,0.887,0.124,0.209,0.464,1.209,0.109,0.367,0.000,1.287,1.163,0.004,0.004,0.005,0.003,0.003,0.004,0.010,0.033,2.741,0.001,0.125,0.002,2.909,0.000,0.000,5694132,88,1.782,1.012,0.000,0.000,14
GPU ROAM-like,RelWithDebInfo,OpenGL,NVIDIA GeForce RTX 5090 D/PCIe/SSE2,4.3.0 NVIDIA 591.86,false,assets/heightmaps/Hm_Terrain_Test_129.pgm,129,129,30.000,4.000,14,4.000,2.000,20000,0.911,0.000,6.000,0.337,13.074,9682,50948,9680,54,27,94,37,0,0,0,0,8,325.304,10.059,5.294,0.112,1.165,0.182,0.361,0.179,1.523,0.093,0.355,0.000,1.325,0.577,0.005,0.004,0.005,0.003,0.003,0.004,0.010,0.033,1.700,0.001,0.093,0.001,1.926,0.000,0.000,5706228,88,1.795,1.347,0.000,0.000,14
GPU ROAM-like,RelWithDebInfo,OpenGL,NVIDIA GeForce RTX 5090 D/PCIe/SSE2,4.3.0 NVIDIA 591.86,false,assets/heightmaps/Hm_Terrain_Test_129.pgm,129,129,30.000,4.000,14,4.000,2.000,20000,0.921,0.000,6.000,0.266,10.249,9666,51020,9664,36,16,52,36,0,0,0,0,8,0.000,8.240,3.983,0.082,0.730,0.076,0.302,0.282,1.148,0.048,0.304,0.000,1.011,0.604,0.005,0.004,0.005,0.003,0.003,0.004,0.010,0.033,1.607,0.001,0.067,0.001,1.314,0.000,0.000,5714292,88,1.478,0.807,0.000,0.000,14
GPU ROAM-like,RelWithDebInfo,OpenGL,NVIDIA GeForce RTX 5090 D/PCIe/SSE2,4.3.0 NVIDIA 591.86,false,assets/heightmaps/Hm_Terrain_Test_129.pgm,129,129,30.000,4.000,14,4.000,2.000,20000,0.929,0.000,6.000,0.214,8.401,9650,51080,9648,30,15,46,32,0,0,0,0,8,197.245,8.195,4.205,0.120,0.710,0.067,0.298,0.204,1.209,0.044,0.368,0.000,1.184,0.593,0.008,0.007,0.007,0.003,0.003,0.004,0.010,0.042,1.908,0.000,0.067,0.001,1.109,0.000,0.000,5721012,88,1.457,0.777,0.000,0.000,14
GPU ROAM-like,RelWithDebInfo,OpenGL,NVIDIA GeForce RTX 5090 D/PCIe/SSE2,4.3.0 NVIDIA 591.86,false,assets/heightmaps/Hm_Terrain_Test_129.pgm,129,129,30.000,4.000,14,4.000,2.000,20000,0.938,0.000,6.000,0.167,8.336,9617,51162,9615,41,19,74,34,0,0,0,0,8,0.000,9.007,5.093,0.357,1.026,0.090,0.233,0.216,1.203,0.081,0.255,0.000,1.633,0.597,0.005,0.004,0.005,0.003,0.003,0.004,0.010,0.033,1.196,0.002,0.120,0.003,1.591,0.000,0.000,5730196,88,1.500,1.116,0.000,0.000,14
GPU ROAM-like,RelWithDebInfo,OpenGL,NVIDIA GeForce RTX 5090 D/PCIe/SSE2,4.3.0 NVIDIA 591.86,false,assets/heightmaps/Hm_Terrain_Test_129.pgm,129,129,30.000,4.000,14,4.000,2.000,20000,0.947,0.000,6.000,0.122,9.299,9555,51222,9553,30,14,92,34,0,0,0,0,8,239.302,6.960,3.745,0.186,1.027,0.133,0.168,0.163,0.932,0.046,0.168,0.000,0.921,0.604,0.004,0.004,0.005,0.003,0.003,0.004,0.010,0.032,1.206,0.000,0.098,0.002,0.855,0.000,0.000,5736916,88,1.142,1.159,0.000,0.000,14
GPU ROAM-like,RelWithDebInfo,OpenGL,NVIDIA GeForce RTX 5090 D/PCIe/SSE2,4.3.0 NVIDIA 591.86,false,assets/heightmaps/Hm_Terrain_Test_129.pgm,129,129,30.000,4.000,14,4.000,2.000,20000,0.954,0.000,6.000,0.091,7.254,9552,51260,9550,19,9,22,14,0,0,0,0,8,0.000,8.318,4.160,0.368,0.997,0.032,0.198,0.280,1.158,0.037,0.178,0.000,0.910,0.617,0.004,0.005,0.005,0.003,0.003,0.004,0.010,0.033,1.267,0.000,0.151,0.002,0.921,0.000,0.000,5741172,88,1.476,1.030,0.000,0.000,14
GPU ROAM-like,RelWithDebInfo,OpenGL,NVIDIA GeForce RTX 5090 D/PCIe/SSE2,4.3.0 NVIDIA 591.86,false,assets/heightmaps/Hm_Terrain_Test_129.pgm,129,129,30.000,4.000,14,4.000,2.000,20000,0.963,0.000,6.000,0.060,8.663,9550,51280,9548,10,5,12,8,0,0,0,0,8,231.266,7.148,4.066,0.135,0.566,0.018,0.197,0.165,1.734,0.019,0.174,0.000,1.059,0.572,0.004,0.004,0.005,0.003,0.003,0.004,0.010,0.032,1.099,0.000,0.063,0.001,0.941,0.000,0.000,5743412,88,1.918,0.584,0.000,0.000,14
GPU ROAM-like,RelWithDebInfo,OpenGL,NVIDIA GeForce RTX 5090 D/PCIe/SSE2,4.3.0 NVIDIA 591.86,false,assets/heightmaps/Hm_Terrain_Test_129.pgm,129,129,30.000,4.000,14,4.000,2.000,20000,0.970,0.000,6.000,0.039,7.360,9545,51298,9543,9,4,14,8,0,0,0,0,8,0.000,7.645,3.689,0.084,0.828,0.024,0.207,0.289,0.874,0.025,0.181,0.000,1.176,0.707,0.004,0.004,0.005,0.003,0.003,0.004,0.010,0.032,1.187,0.000,0.146,0.003,1.495,0.000,0.000,5745428,88,1.188,0.852,0.000,0.000,14
GPU ROAM-like,RelWithDebInfo,OpenGL,NVIDIA GeForce RTX 5090 D/PCIe/SSE2,4.3.0 NVIDIA 591.86,false,assets/heightmaps/Hm_Terrain_Test_129.pgm,129,129,30.000,4.000,14,4.000,2.000,20000,0.978,0.000,6.000,0.021,7.925,9550,51320,9548,11,5,6,7,0,0,0,0,8,200.722,8.142,3.769,0.289,0.767,0.010,0.161,0.200,1.142,0.023,0.175,0.000,1.001,0.580,0.004,0.004,0.005,0.003,0.003,0.004,0.010,0.032,1.943,0.001,0.065,0.001,1.413,0.000,0.000,5747892,88,1.365,0.778,0.000,0.000,14
GPU ROAM-like,RelWithDebInfo,OpenGL,NVIDIA GeForce RTX 5090 D/PCIe/SSE2,4.3.0 NVIDIA 591.86,false,assets/heightmaps/Hm_Terrain_Test_129.pgm,129,129,30.000,4.000,14,4.000,2.000,20000,0.987,0.000,6.000,0.008,8.321,9546,51332,9544,6,3,10,6,0,0,0,0,8,0.000,8.850,4.790,0.129,0.774,0.018,0.255,0.202,1.220,0.023,0.162,0.000,2.007,0.622,0.004,0.004,0.005,0.003,0.003,0.004,0.010,0.032,1.410,0.009,0.124,0.004,1.508,0.000,0.000,5749236,88,1.445,0.791,0.000,0.000,14
GPU ROAM-like,RelWithDebInfo,OpenGL,NVIDIA GeForce RTX 5090 D/PCIe/SSE2,4.3.0 NVIDIA 591.86,false,assets/heightmaps/Hm_Terrain_Test_129.pgm,129,129,30.000,4.000,14,4.000,2.000,20000,0.996,0.000,6.000,0.001,9.163,9550,51340,9548,4,2,0,2,0,0,0,0,8,1018.101,8.140,4.252,0.331,0.710,0.004,0.254,0.164,1.346,0.017,0.174,0.000,1.251,0.587,0.004,0.004,0.005,0.003,0.003,0.004,0.010,0.032,1.130,0.001,0.121,0.002,1.558,0.000,0.000,5750132,88,1.528,0.714,0.000,0.000,14
GPU ROAM-like,RelWithDebInfo,OpenGL,NVIDIA GeForce RTX 5090 D/PCIe/SSE2,4.3.0 NVIDIA 591.86,false,assets/heightmaps/Hm_Terrain_Test_129.pgm,129,129,30.000,4.000,14,4.000,2.000,20000,1.000,0.000,6.000,0.000,8.450,9550,51340,9548,0,0,0,0,0,0,0,0,8,0.000,6.691,3.553,0.502,0.601,0.002,0.349,0.204,0.860,0.010,0.175,0.000,0.849,0.573,0.004,0.004,0.005,0.003,0.003,0.004,0.010,0.032,1.107,0.000,0.155,0.002,0.835,0.000,0.000,5750132,88,1.074,0.603,0.000,0.000,14
