algorithm,buildConfiguration,graphicsBackend,graphicsAdapter,graphicsVersion,vSyncEnabled,heightMapPath,heightMapWidth,heightMapHeight,terrainSize,heightScale,maxDepthSetting,screenSpaceSplitThresholdPixels,screenSpaceMergeThresholdPixels,triangleBudget,timeSeconds,cameraX,cameraY,cameraZ,frameMilliseconds,triangles,nodes,activeSplits,splits,forcedSplits,merges,candidatePeak,budgetRejectedSplits,tjunctions,invalidNeighbors,invalidTopology,cpuWorkers,cpuUtilizationPercent,lodTotalMilliseconds,cpuUpdateMilliseconds,cpuUploadMilliseconds,gpuComputeMilliseconds,gpuSnapshotBuildMilliseconds,gpuBufferAllocationMilliseconds,gpuDispatchWallMilliseconds,gpuQueryWaitMilliseconds,gpuReadbackWaitMilliseconds,frameFenceWaitMilliseconds,renderMilliseconds,cpuGpuUploadBytes,cpuGpuReadbackBytes,splitMilliseconds,mergeMilliseconds,emitMilliseconds,validateMilliseconds,maxDepthReached
Classic CPU ROAM,RelWithDebInfo,OpenGL,NVIDIA GeForce RTX 5090 D/PCIe/SSE2,4.3.0 NVIDIA 591.86,false,assets/heightmaps/Hm_Terrain_Test_129.pgm,129,129,30.000,4.000,20,2.530,1.110,200000,0.000,0.000,6.000,15.000,0.615,133539,267076,133537,133537,67042,0,63184,0,0,0,0,1,99.670,597.872,559.647,1.706,0.000,0.000,0.000,0.000,0.000,0.000,0.000,0.000,0,0,70.885,0.001,65.358,0.000,20
Classic CPU ROAM,RelWithDebInfo,OpenGL,NVIDIA GeForce RTX 5090 D/PCIe/SSE2,4.3.0 NVIDIA 591.86,false,assets/heightmaps/Hm_Terrain_Test_129.pgm,129,129,30.000,4.000,20,2.530,1.110,200000,0.642,0.000,6.000,14.823,641.546,133627,275342,133625,4135,2068,4047,3737,0,0,0,0,1,99.867,158.600,126.850,1.576,0.000,0.000,0.000,0.000,0.000,0.000,0.000,0.000,0,0,31.991,24.804,61.203,0.000,20
Classic CPU ROAM,RelWithDebInfo,OpenGL,NVIDIA GeForce RTX 5090 D/PCIe/SSE2,4.3.0 NVIDIA 591.86,false,assets/heightmaps/Hm_Terrain_Test_129.pgm,129,129,30.000,4.000,20,2.530,1.110,200000,0.801,0.000,6.000,14.727,159.286,133768,279610,133766,2158,1090,2017,1824,0,0,0,0,1,109.934,158.403,127.392,1.506,0.000,0.000,0.000,0.000,0.000,0.000,0.000,0.000,0,0,31.816,24.947,62.032,0.000,20
Classic CPU ROAM,RelWithDebInfo,OpenGL,NVIDIA GeForce RTX 5090 D/PCIe/SSE2,4.3.0 NVIDIA 591.86,false,assets/heightmaps/Hm_Terrain_Test_129.pgm,129,129,30.000,4.000,20,2.530,1.110,200000,0.960,0.000,6.000,14.612,159.001,133891,285066,133889,2792,1428,2669,2367,0,0,0,0,1,99.880,158.547,126.624,1.543,0.000,0.000,0.000,0.000,0.000,0.000,0.000,0.000,0,0,31.696,24.962,62.161,0.000,20
Classic CPU ROAM,RelWithDebInfo,OpenGL,NVIDIA GeForce RTX 5090 D/PCIe/SSE2,4.3.0 NVIDIA 591.86,false,assets/heightmaps/Hm_Terrain_Test_129.pgm,129,129,30.000,4.000,20,2.530,1.110,200000,1.119,0.000,6.000,14.479,159.129,134138,291770,134136,3420,1743,3173,3026,0,0,0,0,1,97.304,162.642,128.736,1.502,0.000,0.000,0.000,0.000,0.000,0.000,0.000,0.000,0,0,33.331,25.239,62.014,0.000,20
Classic CPU ROAM,RelWithDebInfo,OpenGL,NVIDIA GeForce RTX 5090 D/PCIe/SSE2,4.3.0 NVIDIA 591.86,false,assets/heightmaps/Hm_Terrain_Test_129.pgm,129,129,30.000,4.000,20,2.530,1.110,200000,1.282,0.000,6.000,14.323,163.218,134322,299498,134320,3932,2000,3748,3485,0,0,0,0,1,102.234,170.276,136.178,1.598,0.000,0.000,0.000,0.000,0.000,0.000,0.000,0.000,0,0,36.416,27.093,62.697,0.000,20
Classic CPU ROAM,RelWithDebInfo,OpenGL,NVIDIA GeForce RTX 5090 D/PCIe/SSE2,4.3.0 NVIDIA 591.86,false,assets/heightmaps/Hm_Terrain_Test_129.pgm,129,129,30.000,4.000,20,2.530,1.110,200000,1.453,0.000,6.000,14.142,170.840,134526,308662,134524,4692,2400,4488,4225,0,0,0,0,1,102.928,169.144,136.533,1.603,0.000,0.000,0.000,0.000,0.000,0.000,0.000,0.000,0,0,34.425,27.097,66.098,0.000,20
Classic CPU ROAM,RelWithDebInfo,OpenGL,NVIDIA GeForce RTX 5090 D/PCIe/SSE2,4.3.0 NVIDIA 591.86,false,assets/heightmaps/Hm_Terrain_Test_129.pgm,129,129,30.000,4.000,20,2.530,1.110,200000,1.623,0.000,6.000,13.943,169.745,134807,318898,134805,5166,2606,4885,4745,0,0,0,0,1,103.122,168.762,134.531,1.528,0.000,0.000,0.000,0.000,0.000,0.000,0.000,0.000,0,0,34.756,26.673,63.320,0.000,20
Classic CPU ROAM,RelWithDebInfo,OpenGL,NVIDIA GeForce RTX 5090 D/PCIe/SSE2,4.3.0 NVIDIA 591.86,false,assets/heightmaps/Hm_Terrain_Test_129.pgm,129,129,30.000,4.000,20,2.530,1.110,200000,1.792,0.000,6.000,13.727,169.338,134995,329834,134993,5490,2755,5302,5086,0,0,0,0,1,95.081,166.427,132.058,1.529,0.000,0.000,0.000,0.000,0.000,0.000,0.000,0.000,0,0,33.877,26.414,63.622,0.000,20
Classic CPU ROAM,RelWithDebInfo,OpenGL,NVIDIA GeForce RTX 5090 D/PCIe/SSE2,4.3.0 NVIDIA 591.86,false,assets/heightmaps/Hm_Terrain_Test_129.pgm,129,129,30.000,4.000,20,2.530,1.110,200000,1.959,0.000,6.000,13.498,167.005,134946,341258,134944,5750,2893,5799,5384,0,0,0,0,1,93.503,169.229,135.449,1.538,0.000,0.000,0.000,0.000,0.000,0.000,0.000,0.000,0,0,35.040,28.039,63.735,0.000,20
Classic CPU ROAM,RelWithDebInfo,OpenGL,NVIDIA GeForce RTX 5090 D/PCIe/SSE2,4.3.0 NVIDIA 591.86,false,assets/heightmaps/Hm_Terrain_Test_129.pgm,129,129,30.000,4.000,20,2.530,1.110,200000,2.129,0.000,6.000,13.250,169.783,134750,353490,134748,6156,3097,6352,5729,0,0,0,0,1,104.113,167.171,133.618,1.533,0.000,0.000,0.000,0.000,0.000,0.000,0.000,0.000,0,0,34.789,27.181,63.278,0.000,20
Classic CPU ROAM,RelWithDebInfo,OpenGL,NVIDIA GeForce RTX 5090 D/PCIe/SSE2,4.3.0 NVIDIA 591.86,false,assets/heightmaps/Hm_Terrain_Test_129.pgm,129,129,30.000,4.000,20,2.530,1.110,200000,2.297,0.000,6.000,12.990,167.738,134397,366006,134395,6308,3178,6661,5912,0,0,0,0,1,104.431,166.648,133.616,1.517,0.000,0.000,0.000,0.000,0.000,0.000,0.000,0.000,0,0,34.587,27.490,63.083,0.000,20
Classic CPU ROAM,RelWithDebInfo,OpenGL,NVIDIA GeForce RTX 5090 D/PCIe/SSE2,4.3.0 NVIDIA 591.86,false,assets/heightmaps/Hm_Terrain_Test_129.pgm,129,129,30.000,4.000,20,2.530,1.110,200000,2.464,0.000,6.000,12.717,167.224,134180,379298,134178,6702,3378,6919,6293,0,0,0,0,1,101.419,171.578,137.319,1.546,0.000,0.000,0.000,0.000,0.000,0.000,0.000,0.000,0,0,35.042,27.892,65.896,0.000,20
Classic CPU ROAM,RelWithDebInfo,OpenGL,NVIDIA GeForce RTX 5090 D/PCIe/SSE2,4.3.0 NVIDIA 591.86,false,assets/heightmaps/Hm_Terrain_Test_129.pgm,129,129,30.000,4.000,20,2.530,1.110,200000,2.636,0.000,6.000,12.423,172.155,133690,393766,133688,7344,3725,7834,6894,0,0,0,0,1,100.221,173.692,138.152,1.641,0.000,0.000,0.000,0.000,0.000,0.000,0.000,0.000,0,0,36.718,29.853,62.449,0.000,20
Classic CPU ROAM,RelWithDebInfo,OpenGL,NVIDIA GeForce RTX 5090 D/PCIe/SSE2,4.3.0 NVIDIA 591.86,false,assets/heightmaps/Hm_Terrain_Test_129.pgm,129,129,30.000,4.000,20,2.530,1.110,200000,2.810,0.000,6.000,12.112,174.229,132912,408278,132910,7390,3761,8168,6883,0,0,0,0,1,101.814,171.031,136.488,1.647,0.000,0.000,0.000,0.000,0.000,0.000,0.000,0.000,0,0,36.405,28.597,62.332,0.000,20
Classic CPU ROAM,RelWithDebInfo,OpenGL,NVIDIA GeForce RTX 5090 D/PCIe/SSE2,4.3.0 NVIDIA 591.86,false,assets/heightmaps/Hm_Terrain_Test_129.pgm,129,129,30.000,4.000,20,2.530,1.110,200000,2.982,0.000,6.000,11.794,171.585,132132,422866,132130,7366,3718,8146,6950,0,0,0,0,1,103.062,168.911,134.353,1.590,0.000,0.000,0.000,0.000,0.000,0.000,0.000,0.000,0,0,35.514,28.799,61.337,0.000,20
Classic CPU ROAM,RelWithDebInfo,OpenGL,NVIDIA GeForce RTX 5090 D/PCIe/SSE2,4.3.0 NVIDIA 591.86,false,assets/heightmaps/Hm_Terrain_Test_129.pgm,129,129,30.000,4.000,20,2.530,1.110,200000,3.151,0.000,6.000,11.470,169.456,131187,437378,131185,7298,3668,8243,6993,0,0,0,0,1,103.093,168.585,134.542,1.311,0.000,0.000,0.000,0.000,0.000,0.000,0.000,0.000,0,0,35.407,28.375,62.163,0.000,20
Classic CPU ROAM,RelWithDebInfo,OpenGL,NVIDIA GeForce RTX 5090 D/PCIe/SSE2,4.3.0 NVIDIA 591.86,false,assets/heightmaps/Hm_Terrain_Test_129.pgm,129,129,30.000,4.000,20,2.530,1.110,200000,3.321,0.000,6.000,11.136,169.561,130183,451746,130181,7216,3623,8220,6920,0,0,0,0,1,94.048,167.974,134.058,1.284,0.000,0.000,0.000,0.000,0.000,0.000,0.000,0.000,0,0,35.160,29.403,60.715,0.000,20
Classic CPU ROAM,RelWithDebInfo,OpenGL,NVIDIA GeForce RTX 5090 D/PCIe/SSE2,4.3.0 NVIDIA 591.86,false,assets/heightmaps/Hm_Terrain_Test_129.pgm,129,129,30.000,4.000,20,2.530,1.110,200000,3.489,0.000,6.000,10.795,168.536,129357,466354,129355,7355,3702,8181,7041,0,0,0,0,1,92.154,171.358,138.664,1.260,0.000,0.000,0.000,0.000,0.000,0.000,0.000,0.000,0,0,36.049,28.840,64.709,0.000,20
Classic CPU ROAM,RelWithDebInfo,OpenGL,NVIDIA GeForce RTX 5090 D/PCIe/SSE2,4.3.0 NVIDIA 591.86,false,assets/heightmaps/Hm_Terrain_Test_129.pgm,129,129,30.000,4.000,20,2.530,1.110,200000,3.661,0.000,6.000,10.440,171.919,129026,482014,129024,7888,3971,8219,7525,0,0,0,0,1,93.813,168.373,135.295,1.263,0.000,0.000,0.000,0.000,0.000,0.000,0.000,0.000,0,0,36.409,29.119,61.226,0.000,20
Classic CPU ROAM,RelWithDebInfo,OpenGL,NVIDIA GeForce RTX 5090 D/PCIe/SSE2,4.3.0 NVIDIA 591.86,false,assets/heightmaps/Hm_Terrain_Test_129.pgm,129,129,30.000,4.000,20,2.530,1.110,200000,3.830,0.000,6.000,10.084,168.925,129148,498726,129146,8430,4251,8308,8041,0,0,0,0,1,104.389,166.485,133.704,1.271,0.000,0.000,0.000,0.000,0.000,0.000,0.000,0.000,0,0,35.582,27.833,61.467,0.000,20
Classic CPU ROAM,RelWithDebInfo,OpenGL,NVIDIA GeForce RTX 5090 D/PCIe/SSE2,4.3.0 NVIDIA 591.86,false,assets/heightmaps/Hm_Terrain_Test_129.pgm,129,129,30.000,4.000,20,2.530,1.110,200000,3.997,0.000,6.000,9.726,167.043,129571,516010,129569,8692,4369,8269,8280,0,0,0,0,1,103.011,168.739,134.178,1.339,0.000,0.000,0.000,0.000,0.000,0.000,0.000,0.000,0,0,35.787,28.337,61.332,0.000,20
Classic CPU ROAM,RelWithDebInfo,OpenGL,NVIDIA GeForce RTX 5090 D/PCIe/SSE2,4.3.0 NVIDIA 591.86,false,assets/heightmaps/Hm_Terrain_Test_129.pgm,129,129,30.000,4.000,20,2.530,1.110,200000,4.167,0.000,6.000,9.358,169.295,130026,533630,130024,8842,4435,8387,8485,0,0,0,0,1,103.176,168.408,134.205,1.273,0.000,0.000,0.000,0.000,0.000,0.000,0.000,0.000,0,0,34.993,28.982,60.850,0.000,20
Classic CPU ROAM,RelWithDebInfo,OpenGL,NVIDIA GeForce RTX 5090 D/PCIe/SSE2,4.3.0 NVIDIA 591.86,false,assets/heightmaps/Hm_Terrain_Test_129.pgm,129,129,30.000,4.000,20,2.530,1.110,200000,4.336,0.000,6.000,8.986,168.967,130452,551658,130450,9068,4560,8642,8693,0,0,0,0,1,93.216,169.447,135.943,1.275,0.000,0.000,0.000,0.000,0.000,0.000,0.000,0.000,0,0,36.649,29.057,61.194,0.000,20
Classic CPU ROAM,RelWithDebInfo,OpenGL,NVIDIA GeForce RTX 5090 D/PCIe/SSE2,4.3.0 NVIDIA 591.86,false,assets/heightmaps/Hm_Terrain_Test_129.pgm,129,129,30.000,4.000,20,2.530,1.110,200000,4.506,0.000,6.000,8.609,170.002,131262,570718,131260,9720,4953,8910,9195,0,0,0,0,1,99.031,175.368,142.287,1.254,0.000,0.000,0.000,0.000,0.000,0.000,0.000,0.000,0,0,41.473,30.171,61.367,0.000,20
Classic CPU ROAM,RelWithDebInfo,OpenGL,NVIDIA GeForce RTX 5090 D/PCIe/SSE2,4.3.0 NVIDIA 591.86,false,assets/heightmaps/Hm_Terrain_Test_129.pgm,129,129,30.000,4.000,20,2.530,1.110,200000,4.681,0.000,6.000,8.216,175.914,132115,591824,132113,10701,5423,9848,10225,0,0,0,0,1,100.820,172.332,137.687,1.302,0.000,0.000,0.000,0.000,0.000,0.000,0.000,0.000,0,0,36.992,29.886,61.852,0.000,20
Classic CPU ROAM,RelWithDebInfo,OpenGL,NVIDIA GeForce RTX 5090 D/PCIe/SSE2,4.3.0 NVIDIA 591.86,false,assets/heightmaps/Hm_Terrain_Test_129.pgm,129,129,30.000,4.000,20,2.530,1.110,200000,4.854,0.000,6.000,7.828,172.885,132855,613698,132853,11025,5555,10285,10629,0,0,0,0,1,100.086,173.658,138.180,1.378,0.000,0.000,0.000,0.000,0.000,0.000,0.000,0.000,0,0,36.893,29.934,62.369,0.000,20
Classic CPU ROAM,RelWithDebInfo,OpenGL,NVIDIA GeForce RTX 5090 D/PCIe/SSE2,4.3.0 NVIDIA 591.86,false,assets/heightmaps/Hm_Terrain_Test_129.pgm,129,129,30.000,4.000,20,2.530,1.110,200000,5.029,0.000,6.000,7.436,174.210,133554,636102,133552,11324,5721,10625,10888,0,0,0,0,1,98.625,176.113,141.124,1.275,0.000,0.000,0.000,0.000,0.000,0.000,0.000,0.000,0,0,37.757,31.085,62.421,0.000,20
Classic CPU ROAM,RelWithDebInfo,OpenGL,NVIDIA GeForce RTX 5090 D/PCIe/SSE2,4.3.0 NVIDIA 591.86,false,assets/heightmaps/Hm_Terrain_Test_129.pgm,129,129,30.000,4.000,20,2.530,1.110,200000,5.205,0.000,6.000,7.039,176.663,134120,659214,134118,11636,5857,11070,11209,0,0,0,0,1,107.828,175.736,140.927,1.293,0.000,0.000,0.000,0.000,0.000,0.000,0.000,0.000,0,0,37.527,31.321,62.893,0.000,20
Classic CPU ROAM,RelWithDebInfo,OpenGL,NVIDIA GeForce RTX 5090 D/PCIe/SSE2,4.3.0 NVIDIA 591.86,false,assets/heightmaps/Hm_Terrain_Test_129.pgm,129,129,30.000,4.000,20,2.530,1.110,200000,5.382,0.000,6.000,6.642,176.689,134536,682674,134534,11802,5935,11386,11364,0,0,0,0,1,97.581,178.004,142.975,1.304,0.000,0.000,0.000,0.000,0.000,0.000,0.000,0.000,0,0,38.552,31.950,63.275,0.000,20
Classic CPU ROAM,RelWithDebInfo,OpenGL,NVIDIA GeForce RTX 5090 D/PCIe/SSE2,4.3.0 NVIDIA 591.86,false,assets/heightmaps/Hm_Terrain_Test_129.pgm,129,129,30.000,4.000,20,2.530,1.110,200000,5.561,0.000,6.000,6.243,179.039,134386,706414,134384,11936,5999,12086,11538,0,0,0,0,1,102.071,185.518,150.260,1.270,0.000,0.000,0.000,0.000,0.000,0.000,0.000,0.000,0,0,39.406,36.993,64.328,0.000,20
Classic CPU ROAM,RelWithDebInfo,OpenGL,NVIDIA GeForce RTX 5090 D/PCIe/SSE2,4.3.0 NVIDIA 591.86,false,assets/heightmaps/Hm_Terrain_Test_129.pgm,129,129,30.000,4.000,20,2.530,1.110,200000,5.747,0.000,6.000,5.832,186.070,134032,731046,134030,12394,6234,12748,12034,0,0,0,0,1,97.223,178.645,143.184,1.293,0.000,0.000,0.000,0.000,0.000,0.000,0.000,0.000,0,0,39.127,31.869,62.910,0.000,20
Classic CPU ROAM,RelWithDebInfo,OpenGL,NVIDIA GeForce RTX 5090 D/PCIe/SSE2,4.3.0 NVIDIA 591.86,false,assets/heightmaps/Hm_Terrain_Test_129.pgm,129,129,30.000,4.000,20,2.530,1.110,200000,5.926,0.000,6.000,5.440,179.217,133888,755070,133886,12118,6111,12262,11684,0,0,0,0,1,97.479,178.166,143.476,1.277,0.000,0.000,0.000,0.000,0.000,0.000,0.000,0.000,0,0,38.109,32.157,63.644,0.000,20
Classic CPU ROAM,RelWithDebInfo,OpenGL,NVIDIA GeForce RTX 5090 D/PCIe/SSE2,4.3.0 NVIDIA 591.86,false,assets/heightmaps/Hm_Terrain_Test_129.pgm,129,129,30.000,4.000,20,2.530,1.110,200000,6.105,0.000,6.000,5.054,178.710,133700,779242,133698,12126,6081,12314,11661,0,0,0,0,1,98.759,175.887,141.082,1.290,0.000,0.000,0.000,0.000,0.000,0.000,0.000,0.000,0,0,37.666,31.884,62.449,0.000,20
Classic CPU ROAM,RelWithDebInfo,OpenGL,NVIDIA GeForce RTX 5090 D/PCIe/SSE2,4.3.0 NVIDIA 591.86,false,assets/heightmaps/Hm_Terrain_Test_129.pgm,129,129,30.000,4.000,20,2.530,1.110,200000,6.281,0.000,6.000,4.680,176.446,133294,802950,133292,11876,5948,12282,11482,0,0,0,0,1,99.343,174.838,140.499,1.253,0.000,0.000,0.000,0.000,0.000,0.000,0.000,0.000,0,0,36.809,32.071,62.382,0.000,20
Classic CPU ROAM,RelWithDebInfo,OpenGL,NVIDIA GeForce RTX 5090 D/PCIe/SSE2,4.3.0 NVIDIA 591.86,false,assets/heightmaps/Hm_Terrain_Test_129.pgm,129,129,30.000,4.000,20,2.530,1.110,200000,6.457,0.000,6.000,4.315,175.417,132812,825674,132810,11420,5735,11902,10984,0,0,0,0,1,107.404,176.423,141.527,1.291,0.000,0.000,0.000,0.000,0.000,0.000,0.000,0.000,0,0,35.529,31.343,65.499,0.000,20
Classic CPU ROAM,RelWithDebInfo,OpenGL,NVIDIA GeForce RTX 5090 D/PCIe/SSE2,4.3.0 NVIDIA 591.86,false,assets/heightmaps/Hm_Terrain_Test_129.pgm,129,129,30.000,4.000,20,2.530,1.110,200000,6.634,0.000,6.000,3.955,176.981,132001,847388,131999,10953,5511,11764,10542,0,0,0,0,1,99.253,175.023,140.106,1.277,0.000,0.000,0.000,0.000,0.000,0.000,0.000,0.000,0,0,36.404,31.641,62.816,0.000,20
Classic CPU ROAM,RelWithDebInfo,OpenGL,NVIDIA GeForce RTX 5090 D/PCIe/SSE2,4.3.0 NVIDIA 591.86,false,assets/heightmaps/Hm_Terrain_Test_129.pgm,129,129,30.000,4.000,20,2.530,1.110,200000,6.809,0.000,6.000,3.607,175.576,131149,867846,131147,10309,5185,11161,9876,0,0,0,0,1,100.924,172.091,137.764,1.251,0.000,0.000,0.000,0.000,0.000,0.000,0.000,0.000,0,0,35.086,31.566,61.931,0.000,20
Classic CPU ROAM,RelWithDebInfo,OpenGL,NVIDIA GeForce RTX 5090 D/PCIe/SSE2,4.3.0 NVIDIA 591.86,false,assets/heightmaps/Hm_Terrain_Test_129.pgm,129,129,30.000,4.000,20,2.530,1.110,200000,6.982,0.000,6.000,3.274,172.642,129914,886794,129912,9554,4803,10789,9152,0,0,0,0,1,101.220,171.576,137.206,1.227,0.000,0.000,0.000,0.000,0.000,0.000,0.000,0.000,0,0,34.519,31.131,62.227,0.000,20
Classic CPU ROAM,RelWithDebInfo,OpenGL,NVIDIA GeForce RTX 5090 D/PCIe/SSE2,4.3.0 NVIDIA 591.86,false,assets/heightmaps/Hm_Terrain_Test_129.pgm,129,129,30.000,4.000,20,2.530,1.110,200000,7.154,0.000,6.000,2.953,172.116,128945,905176,128943,9245,4639,10214,8888,0,0,0,0,1,103.106,168.563,134.979,1.321,0.000,0.000,0.000,0.000,0.000,0.000,0.000,0.000,0,0,34.349,30.913,60.579,0.000,20
Classic CPU ROAM,RelWithDebInfo,OpenGL,NVIDIA GeForce RTX 5090 D/PCIe/SSE2,4.3.0 NVIDIA 591.86,false,assets/heightmaps/Hm_Terrain_Test_129.pgm,129,129,30.000,4.000,20,2.530,1.110,200000,7.323,0.000,6.000,2.649,169.113,127860,922470,127858,8669,4333,9754,8365,0,0,0,0,1,94.467,167.239,134.593,1.299,0.000,0.000,0.000,0.000,0.000,0.000,0.000,0.000,0,0,33.613,30.380,61.043,0.000,20
Classic CPU ROAM,RelWithDebInfo,OpenGL,NVIDIA GeForce RTX 5090 D/PCIe/SSE2,4.3.0 NVIDIA 591.86,false,assets/heightmaps/Hm_Terrain_Test_129.pgm,129,129,30.000,4.000,20,2.530,1.110,200000,7.491,0.000,6.000,2.359,167.788,126394,938676,126392,8139,4079,9605,7827,0,0,0,0,1,98.351,176.646,138.926,1.335,0.000,0.000,0.000,0.000,0.000,0.000,0.000,0.000,0,0,32.880,30.417,65.990,0.000,20
Classic CPU ROAM,RelWithDebInfo,OpenGL,NVIDIA GeForce RTX 5090 D/PCIe/SSE2,4.3.0 NVIDIA 591.86,false,assets/heightmaps/Hm_Terrain_Test_129.pgm,129,129,30.000,4.000,20,2.530,1.110,200000,7.668,0.000,6.000,2.066,177.242,125030,955106,125028,8259,4150,9623,7895,0,0,0,0,1,104.652,166.068,134.447,1.290,0.000,0.000,0.000,0.000,0.000,0.000,0.000,0.000,0,0,33.355,29.990,60.081,0.000,20
Classic CPU ROAM,RelWithDebInfo,OpenGL,NVIDIA GeForce RTX 5090 D/PCIe/SSE2,4.3.0 NVIDIA 591.86,false,assets/heightmaps/Hm_Terrain_Test_129.pgm,129,129,30.000,4.000,20,2.530,1.110,200000,7.835,0.000,6.000,1.805,166.616,123424,969306,123422,7114,3564,8720,6816,0,0,0,0,1,98.822,159.914,127.819,1.274,0.000,0.000,0.000,0.000,0.000,0.000,0.000,0.000,0,0,31.472,28.932,58.303,0.000,20
Classic CPU ROAM,RelWithDebInfo,OpenGL,NVIDIA GeForce RTX 5090 D/PCIe/SSE2,4.3.0 NVIDIA 591.86,false,assets/heightmaps/Hm_Terrain_Test_129.pgm,129,129,30.000,4.000,20,2.530,1.110,200000,7.995,0.000,6.000,1.567,160.467,122212,982774,122210,6748,3381,7960,6440,0,0,0,0,1,98.648,160.173,127.087,1.275,0.000,0.000,0.000,0.000,0.000,0.000,0.000,0.000,0,0,31.241,28.562,57.708,0.000,20
Classic CPU ROAM,RelWithDebInfo,OpenGL,NVIDIA GeForce RTX 5090 D/PCIe/SSE2,4.3.0 NVIDIA 591.86,false,assets/heightmaps/Hm_Terrain_Test_129.pgm,129,129,30.000,4.000,20,2.530,1.110,200000,8.156,0.000,6.000,1.342,160.711,120872,995026,120870,6166,3103,7506,5842,0,0,0,0,1,99.779,158.340,126.668,1.230,0.000,0.000,0.000,0.000,0.000,0.000,0.000,0.000,0,0,31.326,28.824,57.277,0.000,20
Classic CPU ROAM,RelWithDebInfo,OpenGL,NVIDIA GeForce RTX 5090 D/PCIe/SSE2,4.3.0 NVIDIA 591.86,false,assets/heightmaps/Hm_Terrain_Test_129.pgm,129,129,30.000,4.000,20,2.530,1.110,200000,8.315,0.000,6.000,1.134,158.927,119508,1006502,119506,5738,2869,7102,5447,0,0,0,0,1,102.152,154.723,123.535,1.251,0.000,0.000,0.000,0.000,0.000,0.000,0.000,0.000,0,0,29.733,27.767,57.305,0.000,20
Classic CPU ROAM,RelWithDebInfo,OpenGL,NVIDIA GeForce RTX 5090 D/PCIe/SSE2,4.3.0 NVIDIA 591.86,false,assets/heightmaps/Hm_Terrain_Test_129.pgm,129,129,30.000,4.000,20,2.530,1.110,200000,8.470,0.000,6.000,0.946,155.294,118446,1017206,118444,5364,2688,6426,5102,0,0,0,0,1,101.030,156.414,125.547,1.247,0.000,0.000,0.000,0.000,0.000,0.000,0.000,0.000,0,0,30.138,27.410,59.000,0.000,20
Classic CPU ROAM,RelWithDebInfo,OpenGL,NVIDIA GeForce RTX 5090 D/PCIe/SSE2,4.3.0 NVIDIA 591.86,false,assets/heightmaps/Hm_Terrain_Test_129.pgm,129,129,30.000,4.000,20,2.530,1.110,200000,8.627,0.000,6.000,0.770,156.985,117278,1026990,117276,4910,2464,6078,4601,0,0,0,0,1,103.892,152.079,121.547,1.186,0.000,0.000,0.000,0.000,0.000,0.000,0.000,0.000,0,0,29.404,27.413,55.632,0.000,20
Classic CPU ROAM,RelWithDebInfo,OpenGL,NVIDIA GeForce RTX 5090 D/PCIe/SSE2,4.3.0 NVIDIA 591.86,false,assets/heightmaps/Hm_Terrain_Test_129.pgm,129,129,30.000,4.000,20,2.530,1.110,200000,8.780,0.000,6.000,0.615,152.623,116366,1035578,116364,4330,2183,5242,4051,0,0,0,0,1,106.475,148.467,118.106,1.218,0.000,0.000,0.000,0.000,0.000,0.000,0.000,0.000,0,0,29.313,26.157,54.175,0.000,20
Classic CPU ROAM,RelWithDebInfo,OpenGL,NVIDIA GeForce RTX 5090 D/PCIe/SSE2,4.3.0 NVIDIA 591.86,false,assets/heightmaps/Hm_Terrain_Test_129.pgm,129,129,30.000,4.000,20,2.530,1.110,200000,8.929,0.000,6.000,0.479,149.014,115252,1043010,115250,3726,1868,4840,3495,0,0,0,0,1,95.491,148.897,118.788,1.142,0.000,0.000,0.000,0.000,0.000,0.000,0.000,0.000,0,0,28.559,25.622,55.699,0.000,20
Classic CPU ROAM,RelWithDebInfo,OpenGL,NVIDIA GeForce RTX 5090 D/PCIe/SSE2,4.3.0 NVIDIA 591.86,false,assets/heightmaps/Hm_Terrain_Test_129.pgm,129,129,30.000,4.000,20,2.530,1.110,200000,9.078,0.000,6.000,0.359,149.444,114438,1049874,114436,3448,1732,4262,3183,0,0,0,0,1,106.853,147.896,117.854,1.181,0.000,0.000,0.000,0.000,0.000,0.000,0.000,0.000,0,0,28.914,24.965,55.651,0.000,20
Classic CPU ROAM,RelWithDebInfo,OpenGL,NVIDIA GeForce RTX 5090 D/PCIe/SSE2,4.3.0 NVIDIA 591.86,false,assets/heightmaps/Hm_Terrain_Test_129.pgm,129,129,30.000,4.000,20,2.530,1.110,200000,9.227,0.000,6.000,0.255,148.439,113855,1055842,113853,2996,1504,3579,2740,0,0,0,0,1,99.759,142.614,112.876,1.180,0.000,0.000,0.000,0.000,0.000,0.000,0.000,0.000,0,0,26.441,24.425,53.702,0.000,20
Classic CPU ROAM,RelWithDebInfo,OpenGL,NVIDIA GeForce RTX 5090 D/PCIe/SSE2,4.3.0 NVIDIA 591.86,false,assets/heightmaps/Hm_Terrain_Test_129.pgm,129,129,30.000,4.000,20,2.530,1.110,200000,9.370,0.000,6.000,0.171,143.168,113577,1060858,113575,2514,1260,2792,2197,0,0,0,0,1,100.168,142.067,113.794,1.186,0.000,0.000,0.000,0.000,0.000,0.000,0.000,0.000,0,0,27.113,24.242,54.121,0.000,20
Classic CPU ROAM,RelWithDebInfo,OpenGL,NVIDIA GeForce RTX 5090 D/PCIe/SSE2,4.3.0 NVIDIA 591.86,false,assets/heightmaps/Hm_Terrain_Test_129.pgm,129,129,30.000,4.000,20,2.530,1.110,200000,9.513,0.000,6.000,0.103,142.626,113088,1064730,113086,1954,986,2443,1664,0,0,0,0,1,95.415,149.013,120.622,1.142,0.000,0.000,0.000,0.000,0.000,0.000,0.000,0.000,0,0,32.024,24.215,55.345,0.000,20
Classic CPU ROAM,RelWithDebInfo,OpenGL,NVIDIA GeForce RTX 5090 D/PCIe/SSE2,4.3.0 NVIDIA 591.86,false,assets/heightmaps/Hm_Terrain_Test_129.pgm,129,129,30.000,4.000,20,2.530,1.110,200000,9.662,0.000,6.000,0.050,149.567,112692,1067870,112690,1580,795,1976,1278,0,0,0,0,1,90.666,139.479,111.029,1.123,0.000,0.000,0.000,0.000,0.000,0.000,0.000,0.000,0,0,25.378,23.421,54.079,0.000,20
Classic CPU ROAM,RelWithDebInfo,OpenGL,NVIDIA GeForce RTX 5090 D/PCIe/SSE2,4.3.0 NVIDIA 591.86,false,assets/heightmaps/Hm_Terrain_Test_129.pgm,129,129,30.000,4.000,20,2.530,1.110,200000,9.802,0.000,6.000,0.017,140.039,112568,1069746,112566,938,469,1062,682,0,0,0,0,1,91.133,138.778,110.060,1.128,0.000,0.000,0.000,0.000,0.000,0.000,0.000,0.000,0,0,25.858,22.831,53.193,0.000,20
Classic CPU ROAM,RelWithDebInfo,OpenGL,NVIDIA GeForce RTX 5090 D/PCIe/SSE2,4.3.0 NVIDIA 591.86,false,assets/heightmaps/Hm_Terrain_Test_129.pgm,129,129,30.000,4.000,20,2.530,1.110,200000,9.941,0.000,6.000,0.002,139.321,112550,1070634,112548,444,222,462,261,0,0,0,0,1,90.896,139.128,109.550,1.125,0.000,0.000,0.000,0.000,0.000,0.000,0.000,0.000,0,0,25.149,22.578,53.498,0.000,20
Classic CPU ROAM,RelWithDebInfo,OpenGL,NVIDIA GeForce RTX 5090 D/PCIe/SSE2,4.3.0 NVIDIA 591.86,false,assets/heightmaps/Hm_Terrain_Test_129.pgm,129,129,30.000,4.000,20,2.530,1.110,200000,10.000,0.000,6.000,0.000,139.676,112540,1070702,112538,34,17,44,18,0,0,0,0,1,108.383,145.799,116.266,1.158,0.000,0.000,0.000,0.000,0.000,0.000,0.000,0.000,0,0,28.454,24.549,53.609,0.000,20
Data-Oriented CPU ROAM,RelWithDebInfo,OpenGL,NVIDIA GeForce RTX 5090 D/PCIe/SSE2,4.3.0 NVIDIA 591.86,false,assets/heightmaps/Hm_Terrain_Test_129.pgm,129,129,30.000,4.000,20,2.530,1.110,200000,0.000,0.000,6.000,15.000,718.622,133539,267076,133537,133537,67042,0,63184,0,0,0,0,8,101.519,556.113,530.203,1.547,0.000,0.000,0.000,0.000,0.000,0.000,0.000,0.000,0,0,90.082,0.005,12.029,0.000,20
Data-Oriented CPU ROAM,RelWithDebInfo,OpenGL,NVIDIA GeForce RTX 5090 D/PCIe/SSE2,4.3.0 NVIDIA 591.86,false,assets/heightmaps/Hm_Terrain_Test_129.pgm,129,129,30.000,4.000,20,2.530,1.110,200000,0.557,0.000,6.000,14.866,556.755,133566,273278,133564,3111,1560,3084,2772,0,0,0,0,8,553.329,61.236,40.499,1.388,0.000,0.000,0.000,0.000,0.000,0.000,0.000,0.000,0,0,12.519,10.376,11.160,0.000,20
Data-Oriented CPU ROAM,RelWithDebInfo,OpenGL,NVIDIA GeForce RTX 5090 D/PCIe/SSE2,4.3.0 NVIDIA 591.86,false,assets/heightmaps/Hm_Terrain_Test_129.pgm,129,129,30.000,4.000,20,2.530,1.110,200000,0.619,0.000,6.000,14.835,61.804,133717,274814,133715,768,384,617,484,0,0,0,0,8,360.617,58.215,37.450,1.346,0.000,0.000,0.000,0.000,0.000,0.000,0.000,0.000,0,0,10.943,9.201,11.561,0.000,20
Data-Oriented CPU ROAM,RelWithDebInfo,OpenGL,NVIDIA GeForce RTX 5090 D/PCIe/SSE2,4.3.0 NVIDIA 591.86,false,assets/heightmaps/Hm_Terrain_Test_129.pgm,129,129,30.000,4.000,20,2.530,1.110,200000,0.677,0.000,6.000,14.803,58.758,133615,276302,133613,744,372,846,502,0,0,0,0,8,85.394,56.785,35.762,1.335,0.000,0.000,0.000,0.000,0.000,0.000,0.000,0.000,0,0,10.538,8.442,11.072,0.000,20
Data-Oriented CPU ROAM,RelWithDebInfo,OpenGL,NVIDIA GeForce RTX 5090 D/PCIe/SSE2,4.3.0 NVIDIA 591.86,false,assets/heightmaps/Hm_Terrain_Test_129.pgm,129,129,30.000,4.000,20,2.530,1.110,200000,0.735,0.000,6.000,14.769,57.328,133719,277818,133717,758,378,654,529,0,0,0,0,8,368.127,61.307,39.196,1.381,0.000,0.000,0.000,0.000,0.000,0.000,0.000,0.000,0,0,11.286,9.086,12.955,0.000,20
Data-Oriented CPU ROAM,RelWithDebInfo,OpenGL,NVIDIA GeForce RTX 5090 D/PCIe/SSE2,4.3.0 NVIDIA 591.86,false,assets/heightmaps/Hm_Terrain_Test_129.pgm,129,129,30.000,4.000,20,2.530,1.110,200000,0.797,0.000,6.000,14.730,61.861,133788,279558,133786,886,451,817,611,0,0,0,0,8,378.168,59.789,37.841,1.398,0.000,0.000,0.000,0.000,0.000,0.000,0.000,0.000,0,0,11.514,8.525,11.181,0.000,20
Data-Oriented CPU ROAM,RelWithDebInfo,OpenGL,NVIDIA GeForce RTX 5090 D/PCIe/SSE2,4.3.0 NVIDIA 591.86,false,assets/heightmaps/Hm_Terrain_Test_129.pgm,129,129,30.000,4.000,20,2.530,1.110,200000,0.857,0.000,6.000,14.688,60.347,133763,281654,133761,1054,530,1079,746,0,0,0,0,8,467.468,58.759,37.058,1.380,0.000,0.000,0.000,0.000,0.000,0.000,0.000,0.000,0,0,11.263,9.258,10.657,0.000,20
Data-Oriented CPU ROAM,RelWithDebInfo,OpenGL,NVIDIA GeForce RTX 5090 D/PCIe/SSE2,4.3.0 NVIDIA 591.86,false,assets/heightmaps/Hm_Terrain_Test_129.pgm,129,129,30.000,4.000,20,2.530,1.110,200000,0.916,0.000,6.000,14.645,59.299,133777,283634,133775,1056,561,1042,702,0,0,0,0,8,386.288,58.658,36.649,1.489,0.000,0.000,0.000,0.000,0.000,0.000,0.000,0.000,0,0,11.607,8.472,10.760,0.000,20
Data-Oriented CPU ROAM,RelWithDebInfo,OpenGL,NVIDIA GeForce RTX 5090 D/PCIe/SSE2,4.3.0 NVIDIA 591.86,false,assets/heightmaps/Hm_Terrain_Test_129.pgm,129,129,30.000,4.000,20,2.530,1.110,200000,0.975,0.000,6.000,14.600,59.232,133901,285922,133899,1172,600,1048,831,0,0,0,0,8,132.265,60.965,39.140,1.349,0.000,0.000,0.000,0.000,0.000,0.000,0.000,0.000,0,0,12.132,9.056,11.205,0.000,20
Data-Oriented CPU ROAM,RelWithDebInfo,OpenGL,NVIDIA GeForce RTX 5090 D/PCIe/SSE2,4.3.0 NVIDIA 591.86,false,assets/heightmaps/Hm_Terrain_Test_129.pgm,129,129,30.000,4.000,20,2.530,1.110,200000,1.037,0.000,6.000,14.550,61.528,134186,288748,134184,1441,734,1156,1069,0,0,0,0,8,246.233,59.018,38.041,1.354,0.000,0.000,0.000,0.000,0.000,0.000,0.000,0.000,0,0,11.960,9.269,10.965,0.000,20
Data-Oriented CPU ROAM,RelWithDebInfo,OpenGL,NVIDIA GeForce RTX 5090 D/PCIe/SSE2,4.3.0 NVIDIA 591.86,false,assets/heightmaps/Hm_Terrain_Test_129.pgm,129,129,30.000,4.000,20,2.530,1.110,200000,1.096,0.000,6.000,14.499,59.575,134281,291306,134279,1285,645,1190,959,0,0,0,0,8,260.122,62.000,40.222,1.378,0.000,0.000,0.000,0.000,0.000,0.000,0.000,0.000,0,0,14.436,8.869,11.041,0.000,20
Data-Oriented CPU ROAM,RelWithDebInfo,OpenGL,NVIDIA GeForce RTX 5090 D/PCIe/SSE2,4.3.0 NVIDIA 591.86,false,assets/heightmaps/Hm_Terrain_Test_129.pgm,129,129,30.000,4.000,20,2.530,1.110,200000,1.159,0.000,6.000,14.442,62.547,134261,294190,134259,1456,735,1476,1094,0,0,0,0,8,270.471,59.696,37.745,1.368,0.000,0.000,0.000,0.000,0.000,0.000,0.000,0.000,0,0,11.831,8.841,11.205,0.000,20
Data-Oriented CPU ROAM,RelWithDebInfo,OpenGL,NVIDIA GeForce RTX 5090 D/PCIe/SSE2,4.3.0 NVIDIA 591.86,false,assets/heightmaps/Hm_Terrain_Test_129.pgm,129,129,30.000,4.000,20,2.530,1.110,200000,1.219,0.000,6.000,14.385,60.230,134230,297002,134228,1424,721,1455,1082,0,0,0,0,8,185.458,60.896,38.903,1.370,0.000,0.000,0.000,0.000,0.000,0.000,0.000,0.000,0,0,12.107,9.282,11.545,0.000,20
Data-Oriented CPU ROAM,RelWithDebInfo,OpenGL,NVIDIA GeForce RTX 5090 D/PCIe/SSE2,4.3.0 NVIDIA 591.86,false,assets/heightmaps/Hm_Terrain_Test_129.pgm,129,129,30.000,4.000,20,2.530,1.110,200000,1.281,0.000,6.000,14.325,61.441,134334,300078,134332,1552,783,1448,1201,0,0,0,0,8,369.426,61.116,39.098,1.370,0.000,0.000,0.000,0.000,0.000,0.000,0.000,0.000,0,0,12.587,9.439,11.115,0.000,20
Data-Oriented CPU ROAM,RelWithDebInfo,OpenGL,NVIDIA GeForce RTX 5090 D/PCIe/SSE2,4.3.0 NVIDIA 591.86,false,assets/heightmaps/Hm_Terrain_Test_129.pgm,129,129,30.000,4.000,20,2.530,1.110,200000,1.342,0.000,6.000,14.262,61.651,134364,303354,134362,1644,824,1614,1328,0,0,0,0,8,370.684,60.880,38.624,1.317,0.000,0.000,0.000,0.000,0.000,0.000,0.000,0.000,0,0,12.280,9.094,11.274,0.000,20
Data-Oriented CPU ROAM,RelWithDebInfo,OpenGL,NVIDIA GeForce RTX 5090 D/PCIe/SSE2,4.3.0 NVIDIA 591.86,false,assets/heightmaps/Hm_Terrain_Test_129.pgm,129,129,30.000,4.000,20,2.530,1.110,200000,1.404,0.000,6.000,14.196,61.425,134499,306846,134497,1746,873,1611,1405,0,0,0,0,8,247.661,64.989,43.414,1.353,0.000,0.000,0.000,0.000,0.000,0.000,0.000,0.000,0,0,16.086,9.355,11.901,0.000,20
Data-Oriented CPU ROAM,RelWithDebInfo,OpenGL,NVIDIA GeForce RTX 5090 D/PCIe/SSE2,4.3.0 NVIDIA 591.86,false,assets/heightmaps/Hm_Terrain_Test_129.pgm,129,129,30.000,4.000,20,2.530,1.110,200000,1.469,0.000,6.000,14.124,65.542,134500,310350,134498,1760,884,1759,1454,0,0,0,0,8,183.249,61.593,39.424,1.356,0.000,0.000,0.000,0.000,0.000,0.000,0.000,0.000,0,0,12.363,9.563,11.467,0.000,20
Data-Oriented CPU ROAM,RelWithDebInfo,OpenGL,NVIDIA GeForce RTX 5090 D/PCIe/SSE2,4.3.0 NVIDIA 591.86,false,assets/heightmaps/Hm_Terrain_Test_129.pgm,129,129,30.000,4.000,20,2.530,1.110,200000,1.531,0.000,6.000,14.052,62.133,134648,314058,134646,1880,952,1732,1482,0,0,0,0,8,177.793,63.406,41.844,1.337,0.000,0.000,0.000,0.000,0.000,0.000,0.000,0.000,0,0,15.139,9.012,11.476,0.000,20
Data-Oriented CPU ROAM,RelWithDebInfo,OpenGL,NVIDIA GeForce RTX 5090 D/PCIe/SSE2,4.3.0 NVIDIA 591.86,false,assets/heightmaps/Hm_Terrain_Test_129.pgm,129,129,30.000,4.000,20,2.530,1.110,200000,1.595,0.000,6.000,13.976,63.951,134810,318166,134808,2054,1027,1892,1703,0,0,0,0,8,157.911,61.256,39.440,1.331,0.000,0.000,0.000,0.000,0.000,0.000,0.000,0.000,0,0,12.755,9.075,11.567,0.000,20
Data-Oriented CPU ROAM,RelWithDebInfo,OpenGL,NVIDIA GeForce RTX 5090 D/PCIe/SSE2,4.3.0 NVIDIA 591.86,false,assets/heightmaps/Hm_Terrain_Test_129.pgm,129,129,30.000,4.000,20,2.530,1.110,200000,1.657,0.000,6.000,13.901,61.819,134778,322062,134776,1956,982,1988,1632,0,0,0,0,8,185.655,60.873,38.556,1.395,0.000,0.000,0.000,0.000,0.000,0.000,0.000,0.000,0,0,12.417,8.903,11.392,0.000,20
Data-Oriented CPU ROAM,RelWithDebInfo,OpenGL,NVIDIA GeForce RTX 5090 D/PCIe/SSE2,4.3.0 NVIDIA 591.86,false,assets/heightmaps/Hm_Terrain_Test_129.pgm,129,129,30.000,4.000,20,2.530,1.110,200000,1.719,0.000,6.000,13.823,61.423,134936,326066,134934,2040,1038,1882,1644,0,0,0,0,8,173.101,65.090,39.599,1.323,0.000,0.000,0.000,0.000,0.000,0.000,0.000,0.000,0,0,13.308,9.059,11.194,0.000,20
Data-Oriented CPU ROAM,RelWithDebInfo,OpenGL,NVIDIA GeForce RTX 5090 D/PCIe/SSE2,4.3.0 NVIDIA 591.86,false,assets/heightmaps/Hm_Terrain_Test_129.pgm,129,129,30.000,4.000,20,2.530,1.110,200000,1.784,0.000,6.000,13.738,65.647,134962,330386,134960,2164,1084,2138,1827,0,0,0,0,8,76.979,62.833,40.046,1.387,0.000,0.000,0.000,0.000,0.000,0.000,0.000,0.000,0,0,13.441,9.039,11.658,0.000,20
Data-Oriented CPU ROAM,RelWithDebInfo,OpenGL,NVIDIA GeForce RTX 5090 D/PCIe/SSE2,4.3.0 NVIDIA 591.86,false,assets/heightmaps/Hm_Terrain_Test_129.pgm,129,129,30.000,4.000,20,2.530,1.110,200000,1.848,0.000,6.000,13.653,63.401,134980,334754,134978,2216,1124,2198,1844,0,0,0,0,8,103.831,62.120,39.470,1.370,0.000,0.000,0.000,0.000,0.000,0.000,0.000,0.000,0,0,13.045,9.248,10.986,0.000,20
Data-Oriented CPU ROAM,RelWithDebInfo,OpenGL,NVIDIA GeForce RTX 5090 D/PCIe/SSE2,4.3.0 NVIDIA 591.86,false,assets/heightmaps/Hm_Terrain_Test_129.pgm,129,129,30.000,4.000,20,2.530,1.110,200000,1.910,0.000,6.000,13.567,62.659,135034,339042,135032,2148,1075,2094,1827,0,0,0,0,8,105.470,61.163,38.824,1.351,0.000,0.000,0.000,0.000,0.000,0.000,0.000,0.000,0,0,12.146,9.330,11.128,0.000,20
Data-Oriented CPU ROAM,RelWithDebInfo,OpenGL,NVIDIA GeForce RTX 5090 D/PCIe/SSE2,4.3.0 NVIDIA 591.86,false,assets/heightmaps/Hm_Terrain_Test_129.pgm,129,129,30.000,4.000,20,2.530,1.110,200000,1.972,0.000,6.000,13.480,61.703,135045,343718,135043,2348,1179,2337,1972,0,0,0,0,8,77.927,62.024,39.262,1.327,0.000,0.000,0.000,0.000,0.000,0.000,0.000,0.000,0,0,12.775,9.211,11.111,0.000,20
Data-Oriented CPU ROAM,RelWithDebInfo,OpenGL,NVIDIA GeForce RTX 5090 D/PCIe/SSE2,4.3.0 NVIDIA 591.86,false,assets/heightmaps/Hm_Terrain_Test_129.pgm,129,129,30.000,4.000,20,2.530,1.110,200000,2.035,0.000,6.000,13.390,62.573,134793,348006,134791,2166,1094,2418,1811,0,0,0,0,8,95.222,67.521,43.342,1.337,0.000,0.000,0.000,0.000,0.000,0.000,0.000,0.000,0,0,15.644,9.692,11.922,0.000,20
Data-Oriented CPU ROAM,RelWithDebInfo,OpenGL,NVIDIA GeForce RTX 5090 D/PCIe/SSE2,4.3.0 NVIDIA 591.86,false,assets/heightmaps/Hm_Terrain_Test_129.pgm,129,129,30.000,4.000,20,2.530,1.110,200000,2.103,0.000,6.000,13.289,68.081,134719,353082,134717,2580,1310,2654,2208,0,0,0,0,8,512.847,62.803,40.640,1.324,0.000,0.000,0.000,0.000,0.000,0.000,0.000,0.000,0,0,13.850,8.966,11.299,0.000,20
Data-Oriented CPU ROAM,RelWithDebInfo,OpenGL,NVIDIA GeForce RTX 5090 D/PCIe/SSE2,4.3.0 NVIDIA 591.86,false,assets/heightmaps/Hm_Terrain_Test_129.pgm,129,129,30.000,4.000,20,2.530,1.110,200000,2.166,0.000,6.000,13.194,63.359,134700,357842,134698,2404,1214,2423,2084,0,0,0,0,8,538.847,62.811,40.857,1.362,0.000,0.000,0.000,0.000,0.000,0.000,0.000,0.000,0,0,13.929,9.262,11.551,0.000,20
Data-Oriented CPU ROAM,RelWithDebInfo,OpenGL,NVIDIA GeForce RTX 5090 D/PCIe/SSE2,4.3.0 NVIDIA 591.86,false,assets/heightmaps/Hm_Terrain_Test_129.pgm,129,129,30.000,4.000,20,2.530,1.110,200000,2.229,0.000,6.000,13.096,63.361,134574,362846,134572,2502,1250,2628,2172,0,0,0,0,8,353.966,63.729,41.281,1.375,0.000,0.000,0.000,0.000,0.000,0.000,0.000,0.000,0,0,13.248,10.317,11.646,0.000,20
Data-Oriented CPU ROAM,RelWithDebInfo,OpenGL,NVIDIA GeForce RTX 5090 D/PCIe/SSE2,4.3.0 NVIDIA 591.86,false,assets/heightmaps/Hm_Terrain_Test_129.pgm,129,129,30.000,4.000,20,2.530,1.110,200000,2.294,0.000,6.000,12.995,64.267,134403,367766,134401,2476,1246,2647,2131,0,0,0,0,8,426.060,64.256,41.695,1.366,0.000,0.000,0.000,0.000,0.000,0.000,0.000,0.000,0,0,14.347,9.215,11.862,0.000,20
Data-Oriented CPU ROAM,RelWithDebInfo,OpenGL,NVIDIA GeForce RTX 5090 D/PCIe/SSE2,4.3.0 NVIDIA 591.86,false,assets/heightmaps/Hm_Terrain_Test_129.pgm,129,129,30.000,4.000,20,2.530,1.110,200000,2.359,0.000,6.000,12.890,64.812,134244,372946,134242,2602,1306,2761,2298,0,0,0,0,8,175.382,64.235,41.365,1.329,0.000,0.000,0.000,0.000,0.000,0.000,0.000,0.000,0,0,13.909,9.579,11.706,0.000,20
Data-Oriented CPU ROAM,RelWithDebInfo,OpenGL,NVIDIA GeForce RTX 5090 D/PCIe/SSE2,4.3.0 NVIDIA 591.86,false,assets/heightmaps/Hm_Terrain_Test_129.pgm,129,129,30.000,4.000,20,2.530,1.110,200000,2.423,0.000,6.000,12.784,64.834,134126,378278,134124,2674,1341,2792,2365,0,0,0,0,8,200.357,64.393,41.580,1.459,0.000,0.000,0.000,0.000,0.000,0.000,0.000,0.000,0,0,14.651,9.214,11.724,0.000,20
Data-Oriented CPU ROAM,RelWithDebInfo,OpenGL,NVIDIA GeForce RTX 5090 D/PCIe/SSE2,4.3.0 NVIDIA 591.86,false,assets/heightmaps/Hm_Terrain_Test_129.pgm,129,129,30.000,4.000,20,2.530,1.110,200000,2.488,0.000,6.000,12.676,64.959,134052,383578,134050,2672,1347,2746,2356,0,0,0,0,8,98.823,65.191,42.950,1.401,0.000,0.000,0.000,0.000,0.000,0.000,0.000,0.000,0,0,15.300,9.706,11.253,0.000,20
Data-Oriented CPU ROAM,RelWithDebInfo,OpenGL,NVIDIA GeForce RTX 5090 D/PCIe/SSE2,4.3.0 NVIDIA 591.86,false,assets/heightmaps/Hm_Terrain_Test_129.pgm,129,129,30.000,4.000,20,2.530,1.110,200000,2.554,0.000,6.000,12.564,65.743,133944,389370,133942,2910,1461,3018,2545,0,0,0,0,8,269.994,65.551,42.591,1.340,0.000,0.000,0.000,0.000,0.000,0.000,0.000,0.000,0,0,14.256,9.439,12.183,0.000,20
Data-Oriented CPU ROAM,RelWithDebInfo,OpenGL,NVIDIA GeForce RTX 5090 D/PCIe/SSE2,4.3.0 NVIDIA 591.86,false,assets/heightmaps/Hm_Terrain_Test_129.pgm,129,129,30.000,4.000,20,2.530,1.110,200000,2.620,0.000,6.000,12.450,66.107,133770,395296,133768,2981,1499,3155,2623,0,0,0,0,8,390.574,65.973,44.291,1.420,0.000,0.000,0.000,0.000,0.000,0.000,0.000,0.000,0,0,14.911,10.152,12.740,0.000,20
Data-Oriented CPU ROAM,RelWithDebInfo,OpenGL,NVIDIA GeForce RTX 5090 D/PCIe/SSE2,4.3.0 NVIDIA 591.86,false,assets/heightmaps/Hm_Terrain_Test_129.pgm,129,129,30.000,4.000,20,2.530,1.110,200000,2.687,0.000,6.000,12.334,66.553,133452,400902,133450,2833,1431,3151,2476,0,0,0,0,8,237.641,74.250,50.716,1.369,0.000,0.000,0.000,0.000,0.000,0.000,0.000,0.000,0,0,21.194,9.841,12.610,0.000,20
Data-Oriented CPU ROAM,RelWithDebInfo,OpenGL,NVIDIA GeForce RTX 5090 D/PCIe/SSE2,4.3.0 NVIDIA 591.86,false,assets/heightmaps/Hm_Terrain_Test_129.pgm,129,129,30.000,4.000,20,2.530,1.110,200000,2.762,0.000,6.000,12.200,74.808,133172,407410,133170,3274,1647,3554,2941,0,0,0,0,8,281.600,68.471,45.833,1.357,0.000,0.000,0.000,0.000,0.000,0.000,0.000,0.000,0,0,16.016,10.682,11.180,0.000,20
Data-Oriented CPU ROAM,RelWithDebInfo,OpenGL,NVIDIA GeForce RTX 5090 D/PCIe/SSE2,4.3.0 NVIDIA 591.86,false,assets/heightmaps/Hm_Terrain_Test_129.pgm,129,129,30.000,4.000,20,2.530,1.110,200000,2.831,0.000,6.000,12.075,69.034,132821,413594,132819,3116,1569,3467,2766,0,0,0,0,8,99.876,64.637,42.020,1.498,0.000,0.000,0.000,0.000,0.000,0.000,0.000,0.000,0,0,14.445,9.871,11.353,0.000,20
Data-Oriented CPU ROAM,RelWithDebInfo,OpenGL,NVIDIA GeForce RTX 5090 D/PCIe/SSE2,4.3.0 NVIDIA 591.86,false,assets/heightmaps/Hm_Terrain_Test_129.pgm,129,129,30.000,4.000,20,2.530,1.110,200000,2.896,0.000,6.000,11.955,65.197,132452,419442,132450,2934,1471,3303,2616,0,0,0,0,8,264.774,66.877,43.771,1.420,0.000,0.000,0.000,0.000,0.000,0.000,0.000,0.000,0,0,15.330,10.043,11.077,0.000,20
Data-Oriented CPU ROAM,RelWithDebInfo,OpenGL,NVIDIA GeForce RTX 5090 D/PCIe/SSE2,4.3.0 NVIDIA 591.86,false,assets/heightmaps/Hm_Terrain_Test_129.pgm,129,129,30.000,4.000,20,2.530,1.110,200000,2.963,0.000,6.000,11.829,67.441,132136,425402,132134,3016,1526,3332,2662,0,0,0,0,8,405.902,67.314,44.097,1.330,0.000,0.000,0.000,0.000,0.000,0.000,0.000,0.000,0,0,15.845,9.883,11.280,0.000,20
Data-Oriented CPU ROAM,RelWithDebInfo,OpenGL,NVIDIA GeForce RTX 5090 D/PCIe/SSE2,4.3.0 NVIDIA 591.86,false,assets/heightmaps/Hm_Terrain_Test_129.pgm,129,129,30.000,4.000,20,2.530,1.110,200000,3.031,0.000,6.000,11.701,67.861,131877,431794,131875,3284,1685,3543,2835,0,0,0,0,8,213.271,67.872,45.288,1.395,0.000,0.000,0.000,0.000,0.000,0.000,0.000,0.000,0,0,16.628,10.077,11.722,0.000,20
Data-Oriented CPU ROAM,RelWithDebInfo,OpenGL,NVIDIA GeForce RTX 5090 D/PCIe/SSE2,4.3.0 NVIDIA 591.86,false,assets/heightmaps/Hm_Terrain_Test_129.pgm,129,129,30.000,4.000,20,2.530,1.110,200000,3.099,0.000,6.000,11.570,68.412,131450,437918,131448,3098,1567,3525,2755,0,0,0,0,8,420.444,68.771,45.552,1.336,0.000,0.000,0.000,0.000,0.000,0.000,0.000,0.000,0,0,16.306,10.257,11.858,0.000,20
Data-Oriented CPU ROAM,RelWithDebInfo,OpenGL,NVIDIA GeForce RTX 5090 D/PCIe/SSE2,4.3.0 NVIDIA 591.86,false,assets/heightmaps/Hm_Terrain_Test_129.pgm,129,129,30.000,4.000,20,2.530,1.110,200000,3.169,0.000,6.000,11.436,69.310,130946,444030,130944,3058,1529,3562,2783,0,0,0,0,8,296.616,70.356,44.388,1.315,0.000,0.000,0.000,0.000,0.000,0.000,0.000,0.000,0,0,14.859,10.723,11.655,0.000,20
Data-Oriented CPU ROAM,RelWithDebInfo,OpenGL,NVIDIA GeForce RTX 5090 D/PCIe/SSE2,4.3.0 NVIDIA 591.86,false,assets/heightmaps/Hm_Terrain_Test_129.pgm,129,129,30.000,4.000,20,2.530,1.110,200000,3.240,0.000,6.000,11.297,70.911,130598,450306,130596,3154,1585,3502,2825,0,0,0,0,8,433.014,66.953,44.630,1.449,0.000,0.000,0.000,0.000,0.000,0.000,0.000,0.000,0,0,16.484,9.911,11.244,0.000,20
Data-Oriented CPU ROAM,RelWithDebInfo,OpenGL,NVIDIA GeForce RTX 5090 D/PCIe/SSE2,4.3.0 NVIDIA 591.86,false,assets/heightmaps/Hm_Terrain_Test_129.pgm,129,129,30.000,4.000,20,2.530,1.110,200000,3.307,0.000,6.000,11.163,67.525,130281,456162,130279,2932,1467,3249,2633,0,0,0,0,8,211.791,68.298,44.969,1.364,0.000,0.000,0.000,0.000,0.000,0.000,0.000,0.000,0,0,16.980,10.049,11.280,0.000,20
Data-Oriented CPU ROAM,RelWithDebInfo,OpenGL,NVIDIA GeForce RTX 5090 D/PCIe/SSE2,4.3.0 NVIDIA 591.86,false,assets/heightmaps/Hm_Terrain_Test_129.pgm,129,129,30.000,4.000,20,2.530,1.110,200000,3.376,0.000,6.000,11.025,68.862,129950,462248,129948,3049,1527,3380,2769,0,0,0,0,8,289.894,66.524,43.911,1.298,0.000,0.000,0.000,0.000,0.000,0.000,0.000,0.000,0,0,15.840,9.616,11.557,0.000,20
Data-Oriented CPU ROAM,RelWithDebInfo,OpenGL,NVIDIA GeForce RTX 5090 D/PCIe/SSE2,4.3.0 NVIDIA 591.86,false,assets/heightmaps/Hm_Terrain_Test_129.pgm,129,129,30.000,4.000,20,2.530,1.110,200000,3.443,0.000,6.000,10.890,67.067,129713,468166,129711,2963,1483,3200,2712,0,0,0,0,8,268.173,65.917,43.270,1.285,0.000,0.000,0.000,0.000,0.000,0.000,0.000,0.000,0,0,15.952,9.465,11.199,0.000,20
Data-Oriented CPU ROAM,RelWithDebInfo,OpenGL,NVIDIA GeForce RTX 5090 D/PCIe/SSE2,4.3.0 NVIDIA 591.86,false,assets/heightmaps/Hm_Terrain_Test_129.pgm,129,129,30.000,4.000,20,2.530,1.110,200000,3.510,0.000,6.000,10.754,66.454,129482,474426,129480,3140,1574,3371,2777,0,0,0,0,8,336.493,66.846,44.046,1.312,0.000,0.000,0.000,0.000,0.000,0.000,0.000,0.000,0,0,16.241,9.951,11.426,0.000,20
Data-Oriented CPU ROAM,RelWithDebInfo,OpenGL,NVIDIA GeForce RTX 5090 D/PCIe/SSE2,4.3.0 NVIDIA 591.86,false,assets/heightmaps/Hm_Terrain_Test_129.pgm,129,129,30.000,4.000,20,2.530,1.110,200000,3.577,0.000,6.000,10.615,67.394,129226,480566,129224,3120,1585,3376,2767,0,0,0,0,8,167.522,67.134,44.421,1.254,0.000,0.000,0.000,0.000,0.000,0.000,0.000,0.000,0,0,16.996,9.540,11.240,0.000,20
Data-Oriented CPU ROAM,RelWithDebInfo,OpenGL,NVIDIA GeForce RTX 5090 D/PCIe/SSE2,4.3.0 NVIDIA 591.86,false,assets/heightmaps/Hm_Terrain_Test_129.pgm,129,129,30.000,4.000,20,2.530,1.110,200000,3.645,0.000,6.000,10.475,67.696,129066,486930,129064,3220,1628,3380,2874,0,0,0,0,8,98.323,65.350,43.473,1.255,0.000,0.000,0.000,0.000,0.000,0.000,0.000,0.000,0,0,16.809,8.934,11.176,0.000,20
Data-Oriented CPU ROAM,RelWithDebInfo,OpenGL,NVIDIA GeForce RTX 5090 D/PCIe/SSE2,4.3.0 NVIDIA 591.86,false,assets/heightmaps/Hm_Terrain_Test_129.pgm,129,129,30.000,4.000,20,2.530,1.110,200000,3.711,0.000,6.000,10.337,65.894,129096,493486,129094,3302,1663,3272,2985,0,0,0,0,8,402.206,71.674,44.968,1.231,0.000,0.000,0.000,0.000,0.000,0.000,0.000,0.000,0,0,17.780,9.107,11.334,0.000,20
Data-Oriented CPU ROAM,RelWithDebInfo,OpenGL,NVIDIA GeForce RTX 5090 D/PCIe/SSE2,4.3.0 NVIDIA 591.86,false,assets/heightmaps/Hm_Terrain_Test_129.pgm,129,129,30.000,4.000,20,2.530,1.110,200000,3.783,0.000,6.000,10.185,72.227,129078,500910,129076,3766,1909,3784,3418,0,0,0,0,8,259.987,67.952,45.940,1.313,0.000,0.000,0.000,0.000,0.000,0.000,0.000,0.000,0,0,17.910,9.281,12.282,0.000,20
Data-Oriented CPU ROAM,RelWithDebInfo,OpenGL,NVIDIA GeForce RTX 5090 D/PCIe/SSE2,4.3.0 NVIDIA 591.86,false,assets/heightmaps/Hm_Terrain_Test_129.pgm,129,129,30.000,4.000,20,2.530,1.110,200000,3.851,0.000,6.000,10.039,68.504,129292,507990,129290,3564,1793,3350,3222,0,0,0,0,8,262.544,67.264,44.935,1.267,0.000,0.000,0.000,0.000,0.000,0.000,0.000,0.000,0,0,17.723,9.140,11.534,0.000,20
Data-Oriented CPU ROAM,RelWithDebInfo,OpenGL,NVIDIA GeForce RTX 5090 D/PCIe/SSE2,4.3.0 NVIDIA 591.86,false,assets/heightmaps/Hm_Terrain_Test_129.pgm,129,129,30.000,4.000,20,2.530,1.110,200000,3.919,0.000,6.000,9.894,67.811,129366,515074,129364,3548,1777,3474,3224,0,0,0,0,8,253.417,69.659,46.950,1.269,0.000,0.000,0.000,0.000,0.000,0.000,0.000,0.000,0,0,19.293,9.584,11.618,0.000,20
Data-Oriented CPU ROAM,RelWithDebInfo,OpenGL,NVIDIA GeForce RTX 5090 D/PCIe/SSE2,4.3.0 NVIDIA 591.86,false,assets/heightmaps/Hm_Terrain_Test_129.pgm,129,129,30.000,4.000,20,2.530,1.110,200000,3.989,0.000,6.000,9.743,70.207,129517,522614,129515,3774,1888,3623,3414,0,0,0,0,8,358.277,67.381,45.494,1.423,0.000,0.000,0.000,0.000,0.000,0.000,0.000,0.000,0,0,18.154,9.052,11.836,0.000,20
Data-Oriented CPU ROAM,RelWithDebInfo,OpenGL,NVIDIA GeForce RTX 5090 D/PCIe/SSE2,4.3.0 NVIDIA 591.86,false,assets/heightmaps/Hm_Terrain_Test_129.pgm,129,129,30.000,4.000,20,2.530,1.110,200000,4.057,0.000,6.000,9.596,67.940,129726,530002,129724,3704,1856,3495,3382,0,0,0,0,8,228.930,70.099,46.849,1.291,0.000,0.000,0.000,0.000,0.000,0.000,0.000,0.000,0,0,19.219,9.358,11.412,0.000,20
Data-Oriented CPU ROAM,RelWithDebInfo,OpenGL,NVIDIA GeForce RTX 5090 D/PCIe/SSE2,4.3.0 NVIDIA 591.86,false,assets/heightmaps/Hm_Terrain_Test_129.pgm,129,129,30.000,4.000,20,2.530,1.110,200000,4.128,0.000,6.000,9.442,70.646,129788,537474,129786,3754,1886,3692,3439,0,0,0,0,8,248.963,71.034,47.340,1.472,0.000,0.000,0.000,0.000,0.000,0.000,0.000,0.000,0,0,19.263,9.625,12.178,0.000,20
Data-Oriented CPU ROAM,RelWithDebInfo,OpenGL,NVIDIA GeForce RTX 5090 D/PCIe/SSE2,4.3.0 NVIDIA 591.86,false,assets/heightmaps/Hm_Terrain_Test_129.pgm,129,129,30.000,4.000,20,2.530,1.110,200000,4.200,0.000,6.000,9.286,71.606,130082,545454,130080,3994,1998,3700,3711,0,0,0,0,8,231.316,69.473,46.648,1.386,0.000,0.000,0.000,0.000,0.000,0.000,0.000,0.000,0,0,18.993,9.188,11.400,0.000,20
Data-Oriented CPU ROAM,RelWithDebInfo,OpenGL,NVIDIA GeForce RTX 5090 D/PCIe/SSE2,4.3.0 NVIDIA 591.86,false,assets/heightmaps/Hm_Terrain_Test_129.pgm,129,129,30.000,4.000,20,2.530,1.110,200000,4.270,0.000,6.000,9.132,70.038,130195,553024,130193,3803,1910,3690,3488,0,0,0,0,8,411.884,70.154,46.635,1.332,0.000,0.000,0.000,0.000,0.000,0.000,0.000,0.000,0,0,18.772,8.887,11.700,0.000,20
Data-Oriented CPU ROAM,RelWithDebInfo,OpenGL,NVIDIA GeForce RTX 5090 D/PCIe/SSE2,4.3.0 NVIDIA 591.86,false,assets/heightmaps/Hm_Terrain_Test_129.pgm,129,129,30.000,4.000,20,2.530,1.110,200000,4.340,0.000,6.000,8.976,70.696,130466,560966,130464,3997,2011,3726,3658,0,0,0,0,8,255.002,69.283,46.993,1.364,0.000,0.000,0.000,0.000,0.000,0.000,0.000,0.000,0,0,19.261,9.243,11.621,0.000,20
Data-Oriented CPU ROAM,RelWithDebInfo,OpenGL,NVIDIA GeForce RTX 5090 D/PCIe/SSE2,4.3.0 NVIDIA 591.86,false,assets/heightmaps/Hm_Terrain_Test_129.pgm,129,129,30.000,4.000,20,2.530,1.110,200000,4.410,0.000,6.000,8.821,69.831,130777,568910,130775,4070,2083,3759,3620,0,0,0,0,8,384.873,70.825,48.029,1.261,0.000,0.000,0.000,0.000,0.000,0.000,0.000,0.000,0,0,18.707,10.698,11.720,0.000,20
Data-Oriented CPU ROAM,RelWithDebInfo,OpenGL,NVIDIA GeForce RTX 5090 D/PCIe/SSE2,4.3.0 NVIDIA 591.86,false,assets/heightmaps/Hm_Terrain_Test_129.pgm,129,129,30.000,4.000,20,2.530,1.110,200000,4.481,0.000,6.000,8.663,71.370,131087,577716,131085,4519,2317,4209,4078,0,0,0,0,8,276.819,69.595,46.900,1.314,0.000,0.000,0.000,0.000,0.000,0.000,0.000,0.000,0,0,19.506,9.185,11.714,0.000,20
Data-Oriented CPU ROAM,RelWithDebInfo,OpenGL,NVIDIA GeForce RTX 5090 D/PCIe/SSE2,4.3.0 NVIDIA 591.86,false,assets/heightmaps/Hm_Terrain_Test_129.pgm,129,129,30.000,4.000,20,2.530,1.110,200000,4.552,0.000,6.000,8.506,70.130,131548,586470,131546,4425,2236,3964,4075,0,0,0,0,8,408.641,70.664,47.730,1.299,0.000,0.000,0.000,0.000,0.000,0.000,0.000,0.000,0,0,19.577,9.469,11.962,0.000,20
Data-Oriented CPU ROAM,RelWithDebInfo,OpenGL,NVIDIA GeForce RTX 5090 D/PCIe/SSE2,4.3.0 NVIDIA 591.86,false,assets/heightmaps/Hm_Terrain_Test_129.pgm,129,129,30.000,4.000,20,2.530,1.110,200000,4.623,0.000,6.000,8.347,71.206,131836,595450,131834,4522,2276,4234,4194,0,0,0,0,8,264.550,72.753,47.274,1.332,0.000,0.000,0.000,0.000,0.000,0.000,0.000,0.000,0,0,18.830,9.845,12.033,0.000,20
Data-Oriented CPU ROAM,RelWithDebInfo,OpenGL,NVIDIA GeForce RTX 5090 D/PCIe/SSE2,4.3.0 NVIDIA 591.86,false,assets/heightmaps/Hm_Terrain_Test_129.pgm,129,129,30.000,4.000,20,2.530,1.110,200000,4.696,0.000,6.000,8.183,73.302,132150,605074,132148,4842,2435,4528,4484,0,0,0,0,8,220.363,86.937,59.737,1.354,0.000,0.000,0.000,0.000,0.000,0.000,0.000,0.000,0,0,29.810,9.862,13.092,0.000,20
Data-Oriented CPU ROAM,RelWithDebInfo,OpenGL,NVIDIA GeForce RTX 5090 D/PCIe/SSE2,4.3.0 NVIDIA 591.86,false,assets/heightmaps/Hm_Terrain_Test_129.pgm,129,129,30.000,4.000,20,2.530,1.110,200000,4.784,0.000,6.000,7.987,87.490,132675,616232,132673,5633,2843,5108,5297,0,0,0,0,8,383.031,75.481,51.181,1.497,0.000,0.000,0.000,0.000,0.000,0.000,0.000,0.000,0,0,22.115,10.370,11.701,0.000,20
Data-Oriented CPU ROAM,RelWithDebInfo,OpenGL,NVIDIA GeForce RTX 5090 D/PCIe/SSE2,4.3.0 NVIDIA 591.86,false,assets/heightmaps/Hm_Terrain_Test_129.pgm,129,129,30.000,4.000,20,2.530,1.110,200000,4.860,0.000,6.000,7.816,76.030,132848,626226,132846,5039,2540,4866,4685,0,0,0,0,8,396.148,76.864,50.167,1.375,0.000,0.000,0.000,0.000,0.000,0.000,0.000,0.000,0,0,20.667,9.726,11.724,0.000,20
Data-Oriented CPU ROAM,RelWithDebInfo,OpenGL,NVIDIA GeForce RTX 5090 D/PCIe/SSE2,4.3.0 NVIDIA 591.86,false,assets/heightmaps/Hm_Terrain_Test_129.pgm,129,129,30.000,4.000,20,2.530,1.110,200000,4.937,0.000,6.000,7.642,77.409,133056,636366,133054,5106,2570,4898,4735,0,0,0,0,8,176.085,72.952,48.988,1.419,0.000,0.000,0.000,0.000,0.000,0.000,0.000,0.000,0,0,19.283,9.832,11.870,0.000,20
Data-Oriented CPU ROAM,RelWithDebInfo,OpenGL,NVIDIA GeForce RTX 5090 D/PCIe/SSE2,4.3.0 NVIDIA 591.86,false,assets/heightmaps/Hm_Terrain_Test_129.pgm,129,129,30.000,4.000,20,2.530,1.110,200000,5.011,0.000,6.000,7.476,73.513,133494,646386,133492,5048,2542,4610,4698,0,0,0,0,8,242.615,72.916,48.934,1.453,0.000,0.000,0.000,0.000,0.000,0.000,0.000,0.000,0,0,19.960,9.713,11.753,0.000,20
Data-Oriented CPU ROAM,RelWithDebInfo,OpenGL,NVIDIA GeForce RTX 5090 D/PCIe/SSE2,4.3.0 NVIDIA 591.86,false,assets/heightmaps/Hm_Terrain_Test_129.pgm,129,129,30.000,4.000,20,2.530,1.110,200000,5.084,0.000,6.000,7.311,73.475,133630,655858,133628,4788,2420,4652,4445,0,0,0,0,8,123.977,77.624,53.676,1.467,0.000,0.000,0.000,0.000,0.000,0.000,0.000,0.000,0,0,24.265,9.904,11.943,0.000,20
Data-Oriented CPU ROAM,RelWithDebInfo,OpenGL,NVIDIA GeForce RTX 5090 D/PCIe/SSE2,4.3.0 NVIDIA 591.86,false,assets/heightmaps/Hm_Terrain_Test_129.pgm,129,129,30.000,4.000,20,2.530,1.110,200000,5.162,0.000,6.000,7.135,78.179,133914,666442,133912,5296,2649,5012,4980,0,0,0,0,8,105.705,75.916,51.162,1.448,0.000,0.000,0.000,0.000,0.000,0.000,0.000,0.000,0,0,21.794,9.754,12.233,0.000,20
Data-Oriented CPU ROAM,RelWithDebInfo,OpenGL,NVIDIA GeForce RTX 5090 D/PCIe/SSE2,4.3.0 NVIDIA 591.86,false,assets/heightmaps/Hm_Terrain_Test_129.pgm,129,129,30.000,4.000,20,2.530,1.110,200000,5.239,0.000,6.000,6.963,76.454,134204,677214,134202,5428,2734,5138,5073,0,0,0,0,8,384.414,77.299,50.741,1.432,0.000,0.000,0.000,0.000,0.000,0.000,0.000,0.000,0,0,21.225,10.158,12.189,0.000,20
Data-Oriented CPU ROAM,RelWithDebInfo,OpenGL,NVIDIA GeForce RTX 5090 D/PCIe/SSE2,4.3.0 NVIDIA 591.86,false,assets/heightmaps/Hm_Terrain_Test_129.pgm,129,129,30.000,4.000,20,2.530,1.110,200000,5.317,0.000,6.000,6.789,77.865,134228,687562,134226,5206,2618,5182,4923,0,0,0,0,8,392.736,73.587,50.160,1.422,0.000,0.000,0.000,0.000,0.000,0.000,0.000,0.000,0,0,21.119,9.978,11.850,0.000,20
Data-Oriented CPU ROAM,RelWithDebInfo,OpenGL,NVIDIA GeForce RTX 5090 D/PCIe/SSE2,4.3.0 NVIDIA 591.86,false,assets/heightmaps/Hm_Terrain_Test_129.pgm,129,129,30.000,4.000,20,2.530,1.110,200000,5.391,0.000,6.000,6.623,74.136,134496,697878,134494,5186,2607,4918,4842,0,0,0,0,8,405.086,75.304,51.128,1.430,0.000,0.000,0.000,0.000,0.000,0.000,0.000,0.000,0,0,21.486,9.945,12.414,0.000,20
Data-Oriented CPU ROAM,RelWithDebInfo,OpenGL,NVIDIA GeForce RTX 5090 D/PCIe/SSE2,4.3.0 NVIDIA 591.86,false,assets/heightmaps/Hm_Terrain_Test_129.pgm,129,129,30.000,4.000,20,2.530,1.110,200000,5.466,0.000,6.000,6.453,75.858,134440,708162,134438,5190,2618,5246,4815,0,0,0,0,8,625.468,81.987,58.164,1.495,0.000,0.000,0.000,0.000,0.000,0.000,0.000,0.000,0,0,25.615,11.629,12.874,0.000,20
Data-Oriented CPU ROAM,RelWithDebInfo,OpenGL,NVIDIA GeForce RTX 5090 D/PCIe/SSE2,4.3.0 NVIDIA 591.86,false,assets/heightmaps/Hm_Terrain_Test_129.pgm,129,129,30.000,4.000,20,2.530,1.110,200000,5.549,0.000,6.000,6.270,82.548,134488,719226,134486,5558,2791,5510,5260,0,0,0,0,8,233.126,75.700,51.486,1.426,0.000,0.000,0.000,0.000,0.000,0.000,0.000,0.000,0,0,22.263,9.685,12.221,0.000,20
Data-Oriented CPU ROAM,RelWithDebInfo,OpenGL,NVIDIA GeForce RTX 5090 D/PCIe/SSE2,4.3.0 NVIDIA 591.86,false,assets/heightmaps/Hm_Terrain_Test_129.pgm,129,129,30.000,4.000,20,2.530,1.110,200000,5.625,0.000,6.000,6.100,76.256,134528,729934,134526,5368,2691,5328,5021,0,0,0,0,8,401.570,75.864,52.008,1.386,0.000,0.000,0.000,0.000,0.000,0.000,0.000,0.000,0,0,21.966,10.511,12.252,0.000,20
Data-Oriented CPU ROAM,RelWithDebInfo,OpenGL,NVIDIA GeForce RTX 5090 D/PCIe/SSE2,4.3.0 NVIDIA 591.86,false,assets/heightmaps/Hm_Terrain_Test_129.pgm,129,129,30.000,4.000,20,2.530,1.110,200000,5.702,0.000,6.000,5.932,76.408,134159,740138,134157,5124,2572,5493,4834,0,0,0,0,8,301.848,79.580,51.769,1.391,0.000,0.000,0.000,0.000,0.000,0.000,0.000,0.000,0,0,22.461,9.959,12.027,0.000,20
Data-Oriented CPU ROAM,RelWithDebInfo,OpenGL,NVIDIA GeForce RTX 5090 D/PCIe/SSE2,4.3.0 NVIDIA 591.86,false,assets/heightmaps/Hm_Terrain_Test_129.pgm,129,129,30.000,4.000,20,2.530,1.110,200000,5.782,0.000,6.000,5.755,80.138,134124,750922,134122,5404,2707,5439,5071,0,0,0,0,8,503.902,79.460,50.894,1.395,0.000,0.000,0.000,0.000,0.000,0.000,0.000,0.000,0,0,22.437,9.418,11.732,0.000,20
Data-Oriented CPU ROAM,RelWithDebInfo,OpenGL,NVIDIA GeForce RTX 5090 D/PCIe/SSE2,4.3.0 NVIDIA 591.86,false,assets/heightmaps/Hm_Terrain_Test_129.pgm,129,129,30.000,4.000,20,2.530,1.110,200000,5.862,0.000,6.000,5.580,80.018,134010,762002,134008,5556,2785,5670,5176,0,0,0,0,8,82.719,77.526,53.175,1.423,0.000,0.000,0.000,0.000,0.000,0.000,0.000,0.000,0,0,22.724,10.276,12.506,0.000,20
Data-Oriented CPU ROAM,RelWithDebInfo,OpenGL,NVIDIA GeForce RTX 5090 D/PCIe/SSE2,4.3.0 NVIDIA 591.86,false,assets/heightmaps/Hm_Terrain_Test_129.pgm,129,129,30.000,4.000,20,2.530,1.110,200000,5.940,0.000,6.000,5.410,78.089,133814,772438,133812,5238,2629,5434,4921,0,0,0,0,8,83.650,76.680,52.610,1.413,0.000,0.000,0.000,0.000,0.000,0.000,0.000,0.000,0,0,22.223,11.014,11.880,0.000,20
Data-Oriented CPU ROAM,RelWithDebInfo,OpenGL,NVIDIA GeForce RTX 5090 D/PCIe/SSE2,4.3.0 NVIDIA 591.86,false,assets/heightmaps/Hm_Terrain_Test_129.pgm,129,129,30.000,4.000,20,2.530,1.110,200000,6.017,0.000,6.000,5.243,77.238,133860,783154,133858,5394,2714,5348,5019,0,0,0,0,8,293.005,76.627,52.111,1.424,0.000,0.000,0.000,0.000,0.000,0.000,0.000,0.000,0,0,22.149,9.880,12.408,0.000,20
Data-Oriented CPU ROAM,RelWithDebInfo,OpenGL,NVIDIA GeForce RTX 5090 D/PCIe/SSE2,4.3.0 NVIDIA 591.86,false,assets/heightmaps/Hm_Terrain_Test_129.pgm,129,129,30.000,4.000,20,2.530,1.110,200000,6.094,0.000,6.000,5.077,77.178,133478,793598,133476,5228,2616,5610,4829,0,0,0,0,8,100.755,79.461,55.206,1.375,0.000,0.000,0.000,0.000,0.000,0.000,0.000,0.000,0,0,24.826,10.183,12.329,0.000,20
Data-Oriented CPU ROAM,RelWithDebInfo,OpenGL,NVIDIA GeForce RTX 5090 D/PCIe/SSE2,4.3.0 NVIDIA 591.86,false,assets/heightmaps/Hm_Terrain_Test_129.pgm,129,129,30.000,4.000,20,2.530,1.110,200000,6.174,0.000,6.000,4.906,80.023,133316,804410,133314,5416,2713,5578,5057,0,0,0,0,8,83.539,76.758,53.193,1.394,0.000,0.000,0.000,0.000,0.000,0.000,0.000,0.000,0,0,22.730,10.656,12.409,0.000,20
Data-Oriented CPU ROAM,RelWithDebInfo,OpenGL,NVIDIA GeForce RTX 5090 D/PCIe/SSE2,4.3.0 NVIDIA 591.86,false,assets/heightmaps/Hm_Terrain_Test_129.pgm,129,129,30.000,4.000,20,2.530,1.110,200000,6.252,0.000,6.000,4.742,77.322,133390,815214,133388,5416,2714,5342,5015,0,0,0,0,8,226.956,77.661,53.524,1.370,0.000,0.000,0.000,0.000,0.000,0.000,0.000,0.000,0,0,23.576,10.281,12.210,0.000,20
Data-Oriented CPU ROAM,RelWithDebInfo,OpenGL,NVIDIA GeForce RTX 5090 D/PCIe/SSE2,4.3.0 NVIDIA 591.86,false,assets/heightmaps/Hm_Terrain_Test_129.pgm,129,129,30.000,4.000,20,2.530,1.110,200000,6.330,0.000,6.000,4.578,78.224,133078,825514,133076,5152,2575,5464,4807,0,0,0,0,8,228.250,77.246,53.692,1.397,0.000,0.000,0.000,0.000,0.000,0.000,0.000,0.000,0,0,23.666,10.009,12.475,0.000,20
Data-Oriented CPU ROAM,RelWithDebInfo,OpenGL,NVIDIA GeForce RTX 5090 D/PCIe/SSE2,4.3.0 NVIDIA 591.86,false,assets/heightmaps/Hm_Terrain_Test_129.pgm,129,129,30.000,4.000,20,2.530,1.110,200000,6.408,0.000,6.000,4.416,77.812,133018,835926,133016,5218,2613,5278,4840,0,0,0,0,8,397.590,76.575,52.744,1.411,0.000,0.000,0.000,0.000,0.000,0.000,0.000,0.000,0,0,23.365,9.833,12.311,0.000,20
Data-Oriented CPU ROAM,RelWithDebInfo,OpenGL,NVIDIA GeForce RTX 5090 D/PCIe/SSE2,4.3.0 NVIDIA 591.86,false,assets/heightmaps/Hm_Terrain_Test_129.pgm,129,129,30.000,4.000,20,2.530,1.110,200000,6.485,0.000,6.000,4.257,77.136,132710,845690,132708,4886,2445,5194,4557,0,0,0,0,8,535.684,77.776,53.008,1.393,0.000,0.000,0.000,0.000,0.000,0.000,0.000,0.000,0,0,23.619,9.858,12.126,0.000,20
Data-Oriented CPU ROAM,RelWithDebInfo,OpenGL,NVIDIA GeForce RTX 5090 D/PCIe/SSE2,4.3.0 NVIDIA 591.86,false,assets/heightmaps/Hm_Terrain_Test_129.pgm,129,129,30.000,4.000,20,2.530,1.110,200000,6.563,0.000,6.000,4.097,78.326,132319,855618,132317,4982,2493,5373,4649,0,0,0,0,8,546.899,76.144,51.994,1.311,0.000,0.000,0.000,0.000,0.000,0.000,0.000,0.000,0,0,22.836,9.509,12.488,0.000,20
Data-Oriented CPU ROAM,RelWithDebInfo,OpenGL,NVIDIA GeForce RTX 5090 D/PCIe/SSE2,4.3.0 NVIDIA 591.86,false,assets/heightmaps/Hm_Terrain_Test_129.pgm,129,129,30.000,4.000,20,2.530,1.110,200000,6.640,0.000,6.000,3.943,76.699,132032,865242,132030,4842,2429,5129,4450,0,0,0,0,8,316.391,75.898,51.836,1.292,0.000,0.000,0.000,0.000,0.000,0.000,0.000,0.000,0,0,22.795,9.852,12.300,0.000,20
Data-Oriented CPU ROAM,RelWithDebInfo,OpenGL,NVIDIA GeForce RTX 5090 D/PCIe/SSE2,4.3.0 NVIDIA 591.86,false,assets/heightmaps/Hm_Terrain_Test_129.pgm,129,129,30.000,4.000,20,2.530,1.110,200000,6.716,0.000,6.000,3.790,76.444,131756,874502,131754,4636,2319,4912,4282,0,0,0,0,8,383.472,79.273,54.171,1.356,0.000,0.000,0.000,0.000,0.000,0.000,0.000,0.000,0,0,23.601,9.736,12.342,0.000,20
Data-Oriented CPU ROAM,RelWithDebInfo,OpenGL,NVIDIA GeForce RTX 5090 D/PCIe/SSE2,4.3.0 NVIDIA 591.86,false,assets/heightmaps/Hm_Terrain_Test_129.pgm,129,129,30.000,4.000,20,2.530,1.110,200000,6.796,0.000,6.000,3.632,79.827,131109,883760,131107,4637,2317,5284,4307,0,0,0,0,8,513.358,77.995,53.262,1.360,0.000,0.000,0.000,0.000,0.000,0.000,0.000,0.000,0,0,23.984,9.738,12.089,0.000,20
Data-Oriented CPU ROAM,RelWithDebInfo,OpenGL,NVIDIA GeForce RTX 5090 D/PCIe/SSE2,4.3.0 NVIDIA 591.86,false,assets/heightmaps/Hm_Terrain_Test_129.pgm,129,129,30.000,4.000,20,2.530,1.110,200000,6.875,0.000,6.000,3.480,78.542,130685,892864,130683,4560,2276,4984,4277,0,0,0,0,8,540.956,77.024,53.812,1.380,0.000,0.000,0.000,0.000,0.000,0.000,0.000,0.000,0,0,23.756,10.305,12.071,0.000,20
Data-Oriented CPU ROAM,RelWithDebInfo,OpenGL,NVIDIA GeForce RTX 5090 D/PCIe/SSE2,4.3.0 NVIDIA 591.86,false,assets/heightmaps/Hm_Terrain_Test_129.pgm,129,129,30.000,4.000,20,2.530,1.110,200000,6.952,0.000,6.000,3.331,77.575,130305,901572,130303,4370,2188,4750,4046,0,0,0,0,8,389.739,94.030,68.913,1.301,0.000,0.000,0.000,0.000,0.000,0.000,0.000,0.000,0,0,37.968,9.280,13.789,0.000,20
Data-Oriented CPU ROAM,RelWithDebInfo,OpenGL,NVIDIA GeForce RTX 5090 D/PCIe/SSE2,4.3.0 NVIDIA 591.86,false,assets/heightmaps/Hm_Terrain_Test_129.pgm,129,129,30.000,4.000,20,2.530,1.110,200000,7.047,0.000,6.000,3.152,94.659,129454,912048,129452,5260,2635,6111,4954,0,0,0,0,8,387.234,78.513,54.547,1.311,0.000,0.000,0.000,0.000,0.000,0.000,0.000,0.000,0,0,23.997,10.854,12.544,0.000,20
Data-Oriented CPU ROAM,RelWithDebInfo,OpenGL,NVIDIA GeForce RTX 5090 D/PCIe/SSE2,4.3.0 NVIDIA 591.86,false,assets/heightmaps/Hm_Terrain_Test_129.pgm,129,129,30.000,4.000,20,2.530,1.110,200000,7.126,0.000,6.000,3.005,79.077,129082,920870,129080,4427,2216,4799,4101,0,0,0,0,8,550.132,75.672,52.324,1.303,0.000,0.000,0.000,0.000,0.000,0.000,0.000,0.000,0,0,22.982,9.830,12.399,0.000,20
Data-Oriented CPU ROAM,RelWithDebInfo,OpenGL,NVIDIA GeForce RTX 5090 D/PCIe/SSE2,4.3.0 NVIDIA 591.86,false,assets/heightmaps/Hm_Terrain_Test_129.pgm,129,129,30.000,4.000,20,2.530,1.110,200000,7.202,0.000,6.000,2.865,76.217,128680,928914,128678,4030,2014,4432,3725,0,0,0,0,8,427.550,74.978,52.196,1.353,0.000,0.000,0.000,0.000,0.000,0.000,0.000,0.000,0,0,23.048,9.434,12.779,0.000,20
Data-Oriented CPU ROAM,RelWithDebInfo,OpenGL,NVIDIA GeForce RTX 5090 D/PCIe/SSE2,4.3.0 NVIDIA 591.86,false,assets/heightmaps/Hm_Terrain_Test_129.pgm,129,129,30.000,4.000,20,2.530,1.110,200000,7.278,0.000,6.000,2.730,75.534,128116,936778,128114,3936,1965,4500,3656,0,0,0,0,8,385.230,78.858,53.714,1.266,0.000,0.000,0.000,0.000,0.000,0.000,0.000,0.000,0,0,23.435,10.243,12.387,0.000,20
Data-Oriented CPU ROAM,RelWithDebInfo,OpenGL,NVIDIA GeForce RTX 5090 D/PCIe/SSE2,4.3.0 NVIDIA 591.86,false,assets/heightmaps/Hm_Terrain_Test_129.pgm,129,129,30.000,4.000,20,2.530,1.110,200000,7.357,0.000,6.000,2.589,79.415,127599,944962,127597,4102,2050,4619,3831,0,0,0,0,8,281.155,74.026,50.398,1.258,0.000,0.000,0.000,0.000,0.000,0.000,0.000,0.000,0,0,22.285,9.241,12.084,0.000,20
Data-Oriented CPU ROAM,RelWithDebInfo,OpenGL,NVIDIA GeForce RTX 5090 D/PCIe/SSE2,4.3.0 NVIDIA 591.86,false,assets/heightmaps/Hm_Terrain_Test_129.pgm,129,129,30.000,4.000,20,2.530,1.110,200000,7.432,0.000,6.000,2.460,74.569,126822,952168,126820,3609,1803,4386,3337,0,0,0,0,8,170.645,75.015,51.650,1.249,0.000,0.000,0.000,0.000,0.000,0.000,0.000,0.000,0,0,23.273,9.587,11.815,0.000,20
Data-Oriented CPU ROAM,RelWithDebInfo,OpenGL,NVIDIA GeForce RTX 5090 D/PCIe/SSE2,4.3.0 NVIDIA 591.86,false,assets/heightmaps/Hm_Terrain_Test_129.pgm,129,129,30.000,4.000,20,2.530,1.110,200000,7.507,0.000,6.000,2.331,75.570,126265,959494,126263,3677,1843,4234,3405,0,0,0,0,8,106.498,75.132,52.591,1.253,0.000,0.000,0.000,0.000,0.000,0.000,0.000,0.000,0,0,23.519,10.120,12.219,0.000,20
Data-Oriented CPU ROAM,RelWithDebInfo,OpenGL,NVIDIA GeForce RTX 5090 D/PCIe/SSE2,4.3.0 NVIDIA 591.86,false,assets/heightmaps/Hm_Terrain_Test_129.pgm,129,129,30.000,4.000,20,2.530,1.110,200000,7.583,0.000,6.000,2.205,75.670,125619,966598,125617,3566,1789,4212,3266,0,0,0,0,8,85.900,74.559,51.416,1.228,0.000,0.000,0.000,0.000,0.000,0.000,0.000,0.000,0,0,22.367,9.749,12.434,0.000,20
Data-Oriented CPU ROAM,RelWithDebInfo,OpenGL,NVIDIA GeForce RTX 5090 D/PCIe/SSE2,4.3.0 NVIDIA 591.86,false,assets/heightmaps/Hm_Terrain_Test_129.pgm,129,129,30.000,4.000,20,2.530,1.110,200000,7.658,0.000,6.000,2.083,75.093,125076,973614,125074,3548,1794,4091,3197,0,0,0,0,8,549.955,75.642,51.974,1.253,0.000,0.000,0.000,0.000,0.000,0.000,0.000,0.000,0,0,22.565,9.197,13.336,0.000,20
Data-Oriented CPU ROAM,RelWithDebInfo,OpenGL,NVIDIA GeForce RTX 5090 D/PCIe/SSE2,4.3.0 NVIDIA 591.86,false,assets/heightmaps/Hm_Terrain_Test_129.pgm,129,129,30.000,4.000,20,2.530,1.110,200000,7.734,0.000,6.000,1.961,76.188,124442,980522,124440,3474,1747,4108,3176,0,0,0,0,8,527.768,75.879,53.619,1.353,0.000,0.000,0.000,0.000,0.000,0.000,0.000,0.000,0,0,25.749,9.295,11.921,0.000,20
Data-Oriented CPU ROAM,RelWithDebInfo,OpenGL,NVIDIA GeForce RTX 5090 D/PCIe/SSE2,4.3.0 NVIDIA 591.86,false,assets/heightmaps/Hm_Terrain_Test_129.pgm,129,129,30.000,4.000,20,2.530,1.110,200000,7.811,0.000,6.000,1.842,76.458,123652,986894,123650,3210,1617,4000,2911,0,0,0,0,8,407.181,74.678,51.261,1.264,0.000,0.000,0.000,0.000,0.000,0.000,0.000,0.000,0,0,22.750,9.073,11.706,0.000,20
Data-Oriented CPU ROAM,RelWithDebInfo,OpenGL,NVIDIA GeForce RTX 5090 D/PCIe/SSE2,4.3.0 NVIDIA 591.86,false,assets/heightmaps/Hm_Terrain_Test_129.pgm,129,129,30.000,4.000,20,2.530,1.110,200000,7.886,0.000,6.000,1.728,75.223,123111,993318,123109,3230,1624,3771,2976,0,0,0,0,8,237.343,74.183,51.065,1.263,0.000,0.000,0.000,0.000,0.000,0.000,0.000,0.000,0,0,22.925,8.919,11.978,0.000,20
Data-Oriented CPU ROAM,RelWithDebInfo,OpenGL,NVIDIA GeForce RTX 5090 D/PCIe/SSE2,4.3.0 NVIDIA 591.86,false,assets/heightmaps/Hm_Terrain_Test_129.pgm,129,129,30.000,4.000,20,2.530,1.110,200000,7.961,0.000,6.000,1.617,74.726,122682,999922,122680,3306,1655,3735,3014,0,0,0,0,8,127.719,75.140,51.587,1.235,0.000,0.000,0.000,0.000,0.000,0.000,0.000,0.000,0,0,23.351,9.201,11.569,0.000,20
Data-Oriented CPU ROAM,RelWithDebInfo,OpenGL,NVIDIA GeForce RTX 5090 D/PCIe/SSE2,4.3.0 NVIDIA 591.86,false,assets/heightmaps/Hm_Terrain_Test_129.pgm,129,129,30.000,4.000,20,2.530,1.110,200000,8.036,0.000,6.000,1.508,75.673,121799,1005762,121797,2922,1462,3805,2701,0,0,0,0,8,88.244,72.581,49.905,1.255,0.000,0.000,0.000,0.000,0.000,0.000,0.000,0.000,0,0,22.111,9.352,11.414,0.000,20
Data-Oriented CPU ROAM,RelWithDebInfo,OpenGL,NVIDIA GeForce RTX 5090 D/PCIe/SSE2,4.3.0 NVIDIA 591.86,false,assets/heightmaps/Hm_Terrain_Test_129.pgm,129,129,30.000,4.000,20,2.530,1.110,200000,8.109,0.000,6.000,1.406,73.129,121152,1011498,121150,2886,1452,3533,2585,0,0,0,0,8,573.358,72.635,50.259,1.277,0.000,0.000,0.000,0.000,0.000,0.000,0.000,0.000,0,0,22.205,9.230,11.534,0.000,20
Data-Oriented CPU ROAM,RelWithDebInfo,OpenGL,NVIDIA GeForce RTX 5090 D/PCIe/SSE2,4.3.0 NVIDIA 591.86,false,assets/heightmaps/Hm_Terrain_Test_129.pgm,129,129,30.000,4.000,20,2.530,1.110,200000,8.183,0.000,6.000,1.306,73.271,120398,1016902,120396,2706,1355,3460,2440,0,0,0,0,8,265.634,72.345,49.399,1.251,0.000,0.000,0.000,0.000,0.000,0.000,0.000,0.000,0,0,21.653,9.360,11.372,0.000,20
Data-Oriented CPU ROAM,RelWithDebInfo,OpenGL,NVIDIA GeForce RTX 5090 D/PCIe/SSE2,4.3.0 NVIDIA 591.86,false,assets/heightmaps/Hm_Terrain_Test_129.pgm,129,129,30.000,4.000,20,2.530,1.110,200000,8.256,0.000,6.000,1.210,72.931,120009,1022418,120007,2766,1387,3155,2445,0,0,0,0,8,89.208,71.776,49.005,1.215,0.000,0.000,0.000,0.000,0.000,0.000,0.000,0.000,0,0,21.866,9.127,11.218,0.000,20
Data-Oriented CPU ROAM,RelWithDebInfo,OpenGL,NVIDIA GeForce RTX 5090 D/PCIe/SSE2,4.3.0 NVIDIA 591.86,false,assets/heightmaps/Hm_Terrain_Test_129.pgm,129,129,30.000,4.000,20,2.530,1.110,200000,8.328,0.000,6.000,1.118,72.314,119484,1027610,119482,2624,1326,3149,2261,0,0,0,0,8,303.491,68.662,47.819,1.234,0.000,0.000,0.000,0.000,0.000,0.000,0.000,0.000,0,0,20.691,9.174,11.135,0.000,20
Data-Oriented CPU ROAM,RelWithDebInfo,OpenGL,NVIDIA GeForce RTX 5090 D/PCIe/SSE2,4.3.0 NVIDIA 591.86,false,assets/heightmaps/Hm_Terrain_Test_129.pgm,129,129,30.000,4.000,20,2.530,1.110,200000,8.397,0.000,6.000,1.032,69.211,118608,1032050,118606,2224,1114,3100,2005,0,0,0,0,8,91.541,70.005,47.809,1.235,0.000,0.000,0.000,0.000,0.000,0.000,0.000,0.000,0,0,21.678,8.388,10.856,0.000,20
Data-Oriented CPU ROAM,RelWithDebInfo,OpenGL,NVIDIA GeForce RTX 5090 D/PCIe/SSE2,4.3.0 NVIDIA 591.86,false,assets/heightmaps/Hm_Terrain_Test_129.pgm,129,129,30.000,4.000,20,2.530,1.110,200000,8.468,0.000,6.000,0.949,70.559,118484,1037206,118482,2582,1293,2706,2300,0,0,0,0,8,135.665,70.756,48.147,1.167,0.000,0.000,0.000,0.000,0.000,0.000,0.000,0.000,0,0,21.220,8.544,11.349,0.000,20
Data-Oriented CPU ROAM,RelWithDebInfo,OpenGL,NVIDIA GeForce RTX 5090 D/PCIe/SSE2,4.3.0 NVIDIA 591.86,false,assets/heightmaps/Hm_Terrain_Test_129.pgm,129,129,30.000,4.000,20,2.530,1.110,200000,8.539,0.000,6.000,0.867,71.312,117902,1041674,117900,2246,1129,2828,1950,0,0,0,0,8,68.801,69.838,47.686,1.227,0.000,0.000,0.000,0.000,0.000,0.000,0.000,0.000,0,0,21.567,8.678,10.832,0.000,20
Data-Oriented CPU ROAM,RelWithDebInfo,OpenGL,NVIDIA GeForce RTX 5090 D/PCIe/SSE2,4.3.0 NVIDIA 591.86,false,assets/heightmaps/Hm_Terrain_Test_129.pgm,129,129,30.000,4.000,20,2.530,1.110,200000,8.609,0.000,6.000,0.789,70.387,117211,1046010,117209,2172,1088,2863,1919,0,0,0,0,8,323.560,69.330,47.106,1.241,0.000,0.000,0.000,0.000,0.000,0.000,0.000,0.000,0,0,20.912,8.670,10.900,0.000,20
Data-Oriented CPU ROAM,RelWithDebInfo,OpenGL,NVIDIA GeForce RTX 5090 D/PCIe/SSE2,4.3.0 NVIDIA 591.86,false,assets/heightmaps/Hm_Terrain_Test_129.pgm,129,129,30.000,4.000,20,2.530,1.110,200000,8.679,0.000,6.000,0.716,69.869,116908,1050166,116906,2084,1045,2387,1796,0,0,0,0,8,93.209,68.744,47.466,1.211,0.000,0.000,0.000,0.000,0.000,0.000,0.000,0.000,0,0,21.555,8.165,11.082,0.000,20
Data-Oriented CPU ROAM,RelWithDebInfo,OpenGL,NVIDIA GeForce RTX 5090 D/PCIe/SSE2,4.3.0 NVIDIA 591.86,false,assets/heightmaps/Hm_Terrain_Test_129.pgm,129,129,30.000,4.000,20,2.530,1.110,200000,8.749,0.000,6.000,0.646,69.286,116596,1054266,116594,2050,1025,2362,1724,0,0,0,0,8,312.149,71.718,49.607,1.155,0.000,0.000,0.000,0.000,0.000,0.000,0.000,0.000,0,0,20.894,10.146,12.038,0.000,20
Data-Oriented CPU ROAM,RelWithDebInfo,OpenGL,NVIDIA GeForce RTX 5090 D/PCIe/SSE2,4.3.0 NVIDIA 591.86,false,assets/heightmaps/Hm_Terrain_Test_129.pgm,129,129,30.000,4.000,20,2.530,1.110,200000,8.821,0.000,6.000,0.576,72.256,115850,1058158,115848,1950,977,2696,1628,0,0,0,0,8,95.933,66.773,45.623,1.134,0.000,0.000,0.000,0.000,0.000,0.000,0.000,0.000,0,0,20.320,8.394,10.778,0.000,20
Data-Oriented CPU ROAM,RelWithDebInfo,OpenGL,NVIDIA GeForce RTX 5090 D/PCIe/SSE2,4.3.0 NVIDIA 591.86,false,assets/heightmaps/Hm_Terrain_Test_129.pgm,129,129,30.000,4.000,20,2.530,1.110,200000,8.888,0.000,6.000,0.515,67.304,115604,1061466,115602,1654,827,1900,1379,0,0,0,0,8,281.954,68.126,46.550,1.143,0.000,0.000,0.000,0.000,0.000,0.000,0.000,0.000,0,0,20.494,7.946,12.013,0.000,20
Data-Oriented CPU ROAM,RelWithDebInfo,OpenGL,NVIDIA GeForce RTX 5090 D/PCIe/SSE2,4.3.0 NVIDIA 591.86,false,assets/heightmaps/Hm_Terrain_Test_129.pgm,129,129,30.000,4.000,20,2.530,1.110,200000,8.957,0.000,6.000,0.456,68.670,115148,1064910,115146,1730,869,2186,1378,0,0,0,0,8,214.460,67.197,46.102,1.158,0.000,0.000,0.000,0.000,0.000,0.000,0.000,0.000,0,0,20.836,7.873,11.252,0.000,20
Data-Oriented CPU ROAM,RelWithDebInfo,OpenGL,NVIDIA GeForce RTX 5090 D/PCIe/SSE2,4.3.0 NVIDIA 591.86,false,assets/heightmaps/Hm_Terrain_Test_129.pgm,129,129,30.000,4.000,20,2.530,1.110,200000,9.025,0.000,6.000,0.400,67.750,114792,1068010,114790,1552,777,1908,1229,0,0,0,0,8,120.217,66.590,45.948,1.124,0.000,0.000,0.000,0.000,0.000,0.000,0.000,0.000,0,0,21.066,7.635,11.189,0.000,20
Data-Oriented CPU ROAM,RelWithDebInfo,OpenGL,NVIDIA GeForce RTX 5090 D/PCIe/SSE2,4.3.0 NVIDIA 591.86,false,assets/heightmaps/Hm_Terrain_Test_129.pgm,129,129,30.000,4.000,20,2.530,1.110,200000,9.092,0.000,6.000,0.349,67.138,114575,1070962,114573,1476,738,1693,1165,0,0,0,0,8,306.758,67.833,46.915,1.147,0.000,0.000,0.000,0.000,0.000,0.000,0.000,0.000,0,0,20.751,8.871,10.797,0.000,20
Data-Oriented CPU ROAM,RelWithDebInfo,OpenGL,NVIDIA GeForce RTX 5090 D/PCIe/SSE2,4.3.0 NVIDIA 591.86,false,assets/heightmaps/Hm_Terrain_Test_129.pgm,129,129,30.000,4.000,20,2.530,1.110,200000,9.160,0.000,6.000,0.300,68.382,114094,1073742,114092,1410,715,1891,1118,0,0,0,0,8,145.366,66.085,45.556,1.122,0.000,0.000,0.000,0.000,0.000,0.000,0.000,0.000,0,0,20.855,8.083,10.741,0.000,20
Data-Oriented CPU ROAM,RelWithDebInfo,OpenGL,NVIDIA GeForce RTX 5090 D/PCIe/SSE2,4.3.0 NVIDIA 591.86,false,assets/heightmaps/Hm_Terrain_Test_129.pgm,129,129,30.000,4.000,20,2.530,1.110,200000,9.227,0.000,6.000,0.255,66.654,113855,1076214,113853,1240,622,1479,995,0,0,0,0,8,345.948,64.814,44.083,1.117,0.000,0.000,0.000,0.000,0.000,0.000,0.000,0.000,0,0,19.893,7.285,10.909,0.000,20
Data-Oriented CPU ROAM,RelWithDebInfo,OpenGL,NVIDIA GeForce RTX 5090 D/PCIe/SSE2,4.3.0 NVIDIA 591.86,false,assets/heightmaps/Hm_Terrain_Test_129.pgm,129,129,30.000,4.000,20,2.530,1.110,200000,9.292,0.000,6.000,0.215,65.360,113869,1078606,113867,1200,602,1186,915,0,0,0,0,8,214.756,67.076,46.495,1.129,0.000,0.000,0.000,0.000,0.000,0.000,0.000,0.000,0,0,20.623,8.941,10.926,0.000,20
Data-Oriented CPU ROAM,RelWithDebInfo,OpenGL,NVIDIA GeForce RTX 5090 D/PCIe/SSE2,4.3.0 NVIDIA 591.86,false,assets/heightmaps/Hm_Terrain_Test_129.pgm,129,129,30.000,4.000,20,2.530,1.110,200000,9.360,0.000,6.000,0.177,67.614,113551,1080978,113549,1188,595,1506,874,0,0,0,0,8,147.749,65.051,44.630,1.133,0.000,0.000,0.000,0.000,0.000,0.000,0.000,0.000,0,0,20.131,7.886,10.411,0.000,20
Data-Oriented CPU ROAM,RelWithDebInfo,OpenGL,NVIDIA GeForce RTX 5090 D/PCIe/SSE2,4.3.0 NVIDIA 591.86,false,assets/heightmaps/Hm_Terrain_Test_129.pgm,129,129,30.000,4.000,20,2.530,1.110,200000,9.425,0.000,6.000,0.143,65.602,113370,1082802,113368,912,456,1093,666,0,0,0,0,8,450.518,64.055,42.987,1.164,0.000,0.000,0.000,0.000,0.000,0.000,0.000,0.000,0,0,19.031,7.086,10.852,0.000,20
Data-Oriented CPU ROAM,RelWithDebInfo,OpenGL,NVIDIA GeForce RTX 5090 D/PCIe/SSE2,4.3.0 NVIDIA 591.86,false,assets/heightmaps/Hm_Terrain_Test_129.pgm,129,129,30.000,4.000,20,2.530,1.110,200000,9.490,0.000,6.000,0.113,64.618,113118,1084582,113116,898,453,1150,636,0,0,0,0,8,264.301,66.611,44.903,1.109,0.000,0.000,0.000,0.000,0.000,0.000,0.000,0.000,0,0,19.959,7.815,11.185,0.000,20
Data-Oriented CPU ROAM,RelWithDebInfo,OpenGL,NVIDIA GeForce RTX 5090 D/PCIe/SSE2,4.3.0 NVIDIA 591.86,false,assets/heightmaps/Hm_Terrain_Test_129.pgm,129,129,30.000,4.000,20,2.530,1.110,200000,9.557,0.000,6.000,0.086,67.150,112960,1086206,112958,816,410,974,560,0,0,0,0,8,145.463,66.039,44.201,1.111,0.000,0.000,0.000,0.000,0.000,0.000,0.000,0.000,0,0,20.311,7.315,10.601,0.000,20
Data-Oriented CPU ROAM,RelWithDebInfo,OpenGL,NVIDIA GeForce RTX 5090 D/PCIe/SSE2,4.3.0 NVIDIA 591.86,false,assets/heightmaps/Hm_Terrain_Test_129.pgm,129,129,30.000,4.000,20,2.530,1.110,200000,9.624,0.000,6.000,0.062,66.571,112748,1087614,112746,706,354,918,460,0,0,0,0,8,292.626,65.655,42.512,1.118,0.000,0.000,0.000,0.000,0.000,0.000,0.000,0.000,0,0,19.291,7.000,10.355,0.000,20
Data-Oriented CPU ROAM,RelWithDebInfo,OpenGL,NVIDIA GeForce RTX 5090 D/PCIe/SSE2,4.3.0 NVIDIA 591.86,false,assets/heightmaps/Hm_Terrain_Test_129.pgm,129,129,30.000,4.000,20,2.530,1.110,200000,9.690,0.000,6.000,0.042,66.188,112686,1088722,112684,554,277,616,348,0,0,0,0,8,314.408,66.184,44.346,1.113,0.000,0.000,0.000,0.000,0.000,0.000,0.000,0.000,0,0,20.506,6.617,11.015,0.000,20
Data-Oriented CPU ROAM,RelWithDebInfo,OpenGL,NVIDIA GeForce RTX 5090 D/PCIe/SSE2,4.3.0 NVIDIA 591.86,false,assets/heightmaps/Hm_Terrain_Test_129.pgm,129,129,30.000,4.000,20,2.530,1.110,200000,9.757,0.000,6.000,0.026,66.711,112644,1089566,112642,422,211,464,270,0,0,0,0,8,148.918,64.579,42.947,1.160,0.000,0.000,0.000,0.000,0.000,0.000,0.000,0.000,0,0,19.008,6.737,10.682,0.000,20
Data-Oriented CPU ROAM,RelWithDebInfo,OpenGL,NVIDIA GeForce RTX 5090 D/PCIe/SSE2,4.3.0 NVIDIA 591.86,false,assets/heightmaps/Hm_Terrain_Test_129.pgm,129,129,30.000,4.000,20,2.530,1.110,200000,9.822,0.000,6.000,0.014,65.122,112496,1090306,112494,370,185,518,231,0,0,0,0,8,285.468,67.339,44.302,1.186,0.000,0.000,0.000,0.000,0.000,0.000,0.000,0.000,0,0,19.212,6.791,12.236,0.000,20
Data-Oriented CPU ROAM,RelWithDebInfo,OpenGL,NVIDIA GeForce RTX 5090 D/PCIe/SSE2,4.3.0 NVIDIA 591.86,false,assets/heightmaps/Hm_Terrain_Test_129.pgm,129,129,30.000,4.000,20,2.530,1.110,200000,9.890,0.000,6.000,0.005,67.878,112524,1090794,112522,244,122,216,141,0,0,0,0,8,124.735,64.231,42.083,1.129,0.000,0.000,0.000,0.000,0.000,0.000,0.000,0.000,0,0,18.192,7.446,10.036,0.000,20
Data-Oriented CPU ROAM,RelWithDebInfo,OpenGL,NVIDIA GeForce RTX 5090 D/PCIe/SSE2,4.3.0 NVIDIA 591.86,false,assets/heightmaps/Hm_Terrain_Test_129.pgm,129,129,30.000,4.000,20,2.530,1.110,200000,9.954,0.000,6.000,0.001,64.781,112538,1091058,112536,132,66,118,79,0,0,0,0,8,122.566,65.341,42.594,1.138,0.000,0.000,0.000,0.000,0.000,0.000,0.000,0.000,0,0,19.136,6.301,10.488,0.000,20
Data-Oriented CPU ROAM,RelWithDebInfo,OpenGL,NVIDIA GeForce RTX 5090 D/PCIe/SSE2,4.3.0 NVIDIA 591.86,false,assets/heightmaps/Hm_Terrain_Test_129.pgm,129,129,30.000,4.000,20,2.530,1.110,200000,10.000,0.000,6.000,0.000,65.890,112542,1091102,112540,22,11,18,12,0,0,0,0,8,456.315,63.208,41.162,1.123,0.000,0.000,0.000,0.000,0.000,0.000,0.000,0.000,0,0,18.183,6.455,10.505,0.000,20
GPU ROAM-like,RelWithDebInfo,OpenGL,NVIDIA GeForce RTX 5090 D/PCIe/SSE2,4.3.0 NVIDIA 591.86,false,assets/heightmaps/Hm_Terrain_Test_129.pgm,129,129,30.000,4.000,20,2.530,1.110,200000,0.000,0.000,6.000,15.000,605.957,133539,267076,133537,133537,67042,0,63184,0,0,0,0,1,98.888,553.754,521.120,5.050,0.000,6.582,0.074,2.100,0.000,0.000,0.000,0.000,29979132,0,86.898,0.006,0.000,0.000,20
GPU ROAM-like,RelWithDebInfo,OpenGL,NVIDIA GeForce RTX 5090 D/PCIe/SSE2,4.3.0 NVIDIA 591.86,false,assets/heightmaps/Hm_Terrain_Test_129.pgm,129,129,30.000,4.000,20,2.530,1.110,200000,0.554,0.000,6.000,14.867,554.414,133552,273230,133550,3077,1538,3064,2750,0,0,0,0,8,351.450,62.902,34.307,5.081,0.000,6.941,0.836,0.074,0.000,0.000,0.000,0.000,30601816,0,12.504,10.050,0.000,0.000,20
GPU ROAM-like,RelWithDebInfo,OpenGL,NVIDIA GeForce RTX 5090 D/PCIe/SSE2,4.3.0 NVIDIA 591.86,false,assets/heightmaps/Hm_Terrain_Test_129.pgm,129,129,30.000,4.000,20,2.530,1.110,200000,0.618,0.000,6.000,14.835,63.420,133707,274782,133705,776,388,621,492,0,0,0,0,8,374.931,59.007,30.511,5.088,0.000,6.955,0.840,0.072,0.000,0.000,0.000,0.000,30775640,0,10.669,8.077,0.000,0.000,20
GPU ROAM-like,RelWithDebInfo,OpenGL,NVIDIA GeForce RTX 5090 D/PCIe/SSE2,4.3.0 NVIDIA 591.86,false,assets/heightmaps/Hm_Terrain_Test_129.pgm,129,129,30.000,4.000,20,2.530,1.110,200000,0.677,0.000,6.000,14.803,59.530,133615,276298,133613,758,379,850,514,0,0,0,0,8,350.872,63.025,33.075,5.089,0.000,6.802,0.861,0.074,0.000,0.000,0.000,0.000,30945432,0,11.752,8.932,0.000,0.000,20
GPU ROAM-like,RelWithDebInfo,OpenGL,NVIDIA GeForce RTX 5090 D/PCIe/SSE2,4.3.0 NVIDIA 591.86,false,assets/heightmaps/Hm_Terrain_Test_129.pgm,129,129,30.000,4.000,20,2.530,1.110,200000,0.741,0.000,6.000,14.765,63.572,133747,278018,133745,860,429,728,604,0,0,0,0,8,322.108,68.588,30.797,4.978,0.167,6.984,0.881,1.545,0.001,7.884,0.000,0.000,31138072,32,10.999,8.165,0.000,0.000,20
GPU ROAM-like,RelWithDebInfo,OpenGL,NVIDIA GeForce RTX 5090 D/PCIe/SSE2,4.3.0 NVIDIA 591.86,false,assets/heightmaps/Hm_Terrain_Test_129.pgm,129,129,30.000,4.000,20,2.530,1.110,200000,0.810,0.000,6.000,14.720,69.513,133712,280022,133710,1010,509,1045,720,0,0,0,0,8,181.674,69.500,32.205,5.327,0.169,7.202,0.891,0.170,0.001,7.983,0.000,0.000,31362520,32,11.693,8.450,0.000,0.000,20
GPU ROAM-like,RelWithDebInfo,OpenGL,NVIDIA GeForce RTX 5090 D/PCIe/SSE2,4.3.0 NVIDIA 591.86,false,assets/heightmaps/Hm_Terrain_Test_129.pgm,129,129,30.000,4.000,20,2.530,1.110,200000,0.880,0.000,6.000,14.672,70.047,133784,282350,133782,1216,634,1144,881,0,0,0,0,8,281.272,72.912,35.378,5.290,0.172,7.363,0.884,0.166,0.001,7.978,0.000,0.000,31623256,32,14.522,8.686,0.000,0.000,20
GPU ROAM-like,RelWithDebInfo,OpenGL,NVIDIA GeForce RTX 5090 D/PCIe/SSE2,4.3.0 NVIDIA 591.86,false,assets/heightmaps/Hm_Terrain_Test_129.pgm,129,129,30.000,4.000,20,2.530,1.110,200000,0.954,0.000,6.000,14.617,73.440,133865,284982,133863,1362,704,1281,992,0,0,0,0,8,88.608,71.230,33.398,5.251,0.157,7.402,0.941,0.160,0.001,8.033,0.000,0.000,31918040,32,12.318,8.900,0.000,0.000,20
GPU ROAM-like,RelWithDebInfo,OpenGL,NVIDIA GeForce RTX 5090 D/PCIe/SSE2,4.3.0 NVIDIA 591.86,false,assets/heightmaps/Hm_Terrain_Test_129.pgm,129,129,30.000,4.000,20,2.530,1.110,200000,1.026,0.000,6.000,14.559,71.792,134152,288160,134150,1635,840,1348,1214,0,0,0,0,8,265.628,71.295,32.390,5.841,1.558,7.370,0.863,0.168,0.001,7.988,0.000,0.000,32273976,32,11.597,8.782,0.000,0.000,20
GPU ROAM-like,RelWithDebInfo,OpenGL,NVIDIA GeForce RTX 5090 D/PCIe/SSE2,4.3.0 NVIDIA 591.86,false,assets/heightmaps/Hm_Terrain_Test_129.pgm,129,129,30.000,4.000,20,2.530,1.110,200000,1.098,0.000,6.000,14.498,71.822,134305,291266,134303,1563,786,1410,1213,0,0,0,0,8,124.446,76.061,33.156,5.423,1.166,7.046,0.859,0.212,0.001,7.977,0.000,0.000,32621848,32,12.704,8.352,0.000,0.000,20
GPU ROAM-like,RelWithDebInfo,OpenGL,NVIDIA GeForce RTX 5090 D/PCIe/SSE2,4.3.0 NVIDIA 591.86,false,assets/heightmaps/Hm_Terrain_Test_129.pgm,129,129,30.000,4.000,20,2.530,1.110,200000,1.174,0.000,6.000,14.428,76.601,134210,294726,134208,1752,887,1847,1404,0,0,0,0,8,86.029,73.388,32.975,5.614,1.147,7.291,0.904,1.742,0.001,7.996,0.000,0.000,33009368,32,12.145,8.827,0.000,0.000,20
GPU ROAM-like,RelWithDebInfo,OpenGL,NVIDIA GeForce RTX 5090 D/PCIe/SSE2,4.3.0 NVIDIA 591.86,false,assets/heightmaps/Hm_Terrain_Test_129.pgm,129,129,30.000,4.000,20,2.530,1.110,200000,1.248,0.000,6.000,14.357,73.927,134228,298290,134226,1782,891,1764,1446,0,0,0,0,8,175.651,71.892,33.624,5.451,1.137,7.544,0.931,0.182,0.001,8.386,0.000,0.000,33408536,32,12.855,9.112,0.000,0.000,20
GPU ROAM-like,RelWithDebInfo,OpenGL,NVIDIA GeForce RTX 5090 D/PCIe/SSE2,4.3.0 NVIDIA 591.86,false,assets/heightmaps/Hm_Terrain_Test_129.pgm,129,129,30.000,4.000,20,2.530,1.110,200000,1.320,0.000,6.000,14.284,72.410,134436,302134,134434,1950,988,1742,1584,0,0,0,0,8,328.957,71.992,33.503,5.470,1.176,7.697,0.942,0.172,0.001,8.368,0.000,0.000,33839064,32,12.675,8.889,0.000,0.000,20
GPU ROAM-like,RelWithDebInfo,OpenGL,NVIDIA GeForce RTX 5090 D/PCIe/SSE2,4.3.0 NVIDIA 591.86,false,assets/heightmaps/Hm_Terrain_Test_129.pgm,129,129,30.000,4.000,20,2.530,1.110,200000,1.393,0.000,6.000,14.208,72.524,134482,306098,134480,1984,993,1938,1633,0,0,0,0,8,87.262,72.359,33.240,5.610,1.193,7.788,0.942,0.180,0.001,8.583,0.000,0.000,34283032,32,11.799,9.231,0.000,0.000,20
GPU ROAM-like,RelWithDebInfo,OpenGL,NVIDIA GeForce RTX 5090 D/PCIe/SSE2,4.3.0 NVIDIA 591.86,false,assets/heightmaps/Hm_Terrain_Test_129.pgm,129,129,30.000,4.000,20,2.530,1.110,200000,1.466,0.000,6.000,14.128,72.896,134470,310014,134468,1964,985,1976,1662,0,0,0,0,8,168.233,75.039,34.524,5.801,1.253,7.731,0.970,0.183,0.001,8.843,0.000,0.000,34721624,32,13.130,8.986,0.000,0.000,20
GPU ROAM-like,RelWithDebInfo,OpenGL,NVIDIA GeForce RTX 5090 D/PCIe/SSE2,4.3.0 NVIDIA 591.86,false,assets/heightmaps/Hm_Terrain_Test_129.pgm,129,129,30.000,4.000,20,2.530,1.110,200000,1.541,0.000,6.000,14.041,75.573,134692,314594,134690,2308,1162,2086,1905,0,0,0,0,8,298.653,79.207,36.250,6.132,1.200,8.191,0.939,1.837,0.001,8.761,0.000,0.000,35234584,32,15.026,8.917,0.000,0.000,20
GPU ROAM-like,RelWithDebInfo,OpenGL,NVIDIA GeForce RTX 5090 D/PCIe/SSE2,4.3.0 NVIDIA 591.86,false,assets/heightmaps/Hm_Terrain_Test_129.pgm,129,129,30.000,4.000,20,2.530,1.110,200000,1.621,0.000,6.000,13.945,79.726,134813,319654,134811,2550,1285,2429,2167,0,0,0,0,8,163.994,76.998,34.579,6.121,1.214,8.567,0.952,1.576,0.001,9.189,0.000,0.000,35801304,32,13.143,9.359,0.000,0.000,20
GPU ROAM-like,RelWithDebInfo,OpenGL,NVIDIA GeForce RTX 5090 D/PCIe/SSE2,4.3.0 NVIDIA 591.86,false,assets/heightmaps/Hm_Terrain_Test_129.pgm,129,129,30.000,4.000,20,2.530,1.110,200000,1.699,0.000,6.000,13.849,77.509,134834,324606,134832,2480,1242,2459,2135,0,0,0,0,8,160.151,78.838,35.087,6.283,1.231,8.432,2.353,0.187,0.001,9.030,0.000,0.000,36355928,32,13.068,9.370,0.000,0.000,20
GPU ROAM-like,RelWithDebInfo,OpenGL,NVIDIA GeForce RTX 5090 D/PCIe/SSE2,4.3.0 NVIDIA 591.86,false,assets/heightmaps/Hm_Terrain_Test_129.pgm,129,129,30.000,4.000,20,2.530,1.110,200000,1.778,0.000,6.000,13.746,79.354,134896,329782,134894,2606,1311,2544,2268,0,0,0,0,8,159.297,79.280,35.043,6.401,1.241,8.633,0.986,1.973,0.001,9.199,0.000,0.000,36935640,32,13.844,9.057,0.000,0.000,20
GPU ROAM-like,RelWithDebInfo,OpenGL,NVIDIA GeForce RTX 5090 D/PCIe/SSE2,4.3.0 NVIDIA 591.86,false,assets/heightmaps/Hm_Terrain_Test_129.pgm,129,129,30.000,4.000,20,2.530,1.110,200000,1.858,0.000,6.000,13.639,79.804,135024,335310,135022,2794,1412,2666,2451,0,0,0,0,8,221.513,71.337,35.338,6.378,1.203,8.672,0.995,0.148,0.001,3.618,0.000,0.000,37554776,32,13.796,9.283,0.000,0.000,20
GPU ROAM-like,RelWithDebInfo,OpenGL,NVIDIA GeForce RTX 5090 D/PCIe/SSE2,4.3.0 NVIDIA 591.86,false,assets/heightmaps/Hm_Terrain_Test_129.pgm,129,129,30.000,4.000,20,2.530,1.110,200000,1.930,0.000,6.000,13.540,71.864,134991,340374,134989,2548,1281,2581,2162,0,0,0,0,8,197.553,72.039,34.961,6.746,1.320,8.843,0.996,0.142,0.001,3.457,0.000,0.000,38121944,32,13.170,9.358,0.000,0.000,20
GPU ROAM-like,RelWithDebInfo,OpenGL,NVIDIA GeForce RTX 5090 D/PCIe/SSE2,4.3.0 NVIDIA 591.86,false,assets/heightmaps/Hm_Terrain_Test_129.pgm,129,129,30.000,4.000,20,2.530,1.110,200000,2.002,0.000,6.000,13.437,72.573,134929,345622,134927,2650,1338,2712,2313,0,0,0,0,8,240.877,78.657,39.917,6.707,1.399,9.347,0.983,1.007,0.001,3.831,0.000,0.000,38709720,32,17.444,9.969,0.000,0.000,20
GPU ROAM-like,RelWithDebInfo,OpenGL,NVIDIA GeForce RTX 5090 D/PCIe/SSE2,4.3.0 NVIDIA 591.86,false,assets/heightmaps/Hm_Terrain_Test_129.pgm,129,129,30.000,4.000,20,2.530,1.110,200000,2.081,0.000,6.000,13.321,79.173,134743,351366,134741,2894,1457,3080,2524,0,0,0,0,8,276.135,80.040,38.646,6.472,1.311,13.835,1.006,0.145,0.001,3.695,0.000,0.000,39353048,32,14.179,12.149,0.000,0.000,20
GPU ROAM-like,RelWithDebInfo,OpenGL,NVIDIA GeForce RTX 5090 D/PCIe/SSE2,4.3.0 NVIDIA 591.86,false,assets/heightmaps/Hm_Terrain_Test_129.pgm,129,129,30.000,4.000,20,2.530,1.110,200000,2.162,0.000,6.000,13.200,80.567,134646,357350,134644,3002,1506,3099,2689,0,0,0,0,8,317.114,74.778,37.598,6.470,1.252,9.022,1.063,0.147,0.001,3.877,0.000,0.000,40023256,32,14.747,9.504,0.000,0.000,20
GPU ROAM-like,RelWithDebInfo,OpenGL,NVIDIA GeForce RTX 5090 D/PCIe/SSE2,4.3.0 NVIDIA 591.86,false,assets/heightmaps/Hm_Terrain_Test_129.pgm,129,129,30.000,4.000,20,2.530,1.110,200000,2.237,0.000,6.000,13.083,75.308,134614,363226,134612,2948,1478,2980,2607,0,0,0,0,8,230.298,75.490,36.940,6.586,1.304,8.932,1.061,1.054,0.001,3.890,0.000,0.000,40681368,32,14.547,9.730,0.000,0.000,20
GPU ROAM-like,RelWithDebInfo,OpenGL,NVIDIA GeForce RTX 5090 D/PCIe/SSE2,4.3.0 NVIDIA 591.86,false,assets/heightmaps/Hm_Terrain_Test_129.pgm,129,129,30.000,4.000,20,2.530,1.110,200000,2.313,0.000,6.000,12.963,76.017,134424,369162,134422,3000,1516,3190,2627,0,0,0,0,8,84.890,74.517,35.531,6.969,1.280,9.204,1.087,0.151,0.001,3.882,0.000,0.000,41346200,32,13.861,9.233,0.000,0.000,20
GPU ROAM-like,RelWithDebInfo,OpenGL,NVIDIA GeForce RTX 5090 D/PCIe/SSE2,4.3.0 NVIDIA 591.86,false,assets/heightmaps/Hm_Terrain_Test_129.pgm,129,129,30.000,4.000,20,2.530,1.110,200000,2.388,0.000,6.000,12.842,75.060,134188,375150,134186,3010,1512,3246,2663,0,0,0,0,8,235.533,73.879,35.891,6.948,1.294,9.701,1.098,0.157,0.001,4.092,0.000,0.000,42016856,32,13.907,9.630,0.000,0.000,20
GPU ROAM-like,RelWithDebInfo,OpenGL,NVIDIA GeForce RTX 5090 D/PCIe/SSE2,4.3.0 NVIDIA 591.86,false,assets/heightmaps/Hm_Terrain_Test_129.pgm,129,129,30.000,4.000,20,2.530,1.110,200000,2.464,0.000,6.000,12.717,75.469,134176,381310,134174,3106,1566,3118,2737,0,0,0,0,8,158.955,79.548,38.015,7.751,1.333,9.908,1.075,1.096,0.001,3.925,0.000,0.000,42706776,32,15.337,9.706,0.000,0.000,20
GPU ROAM-like,RelWithDebInfo,OpenGL,NVIDIA GeForce RTX 5090 D/PCIe/SSE2,4.3.0 NVIDIA 591.86,false,assets/heightmaps/Hm_Terrain_Test_129.pgm,129,129,30.000,4.000,20,2.530,1.110,200000,2.544,0.000,6.000,12.582,80.100,134025,388178,134023,3446,1728,3597,3074,0,0,0,0,8,182.657,77.908,37.164,7.478,1.356,10.426,1.126,0.163,0.001,4.082,0.000,0.000,43475992,32,15.077,9.446,0.000,0.000,20
GPU ROAM-like,RelWithDebInfo,OpenGL,NVIDIA GeForce RTX 5090 D/PCIe/SSE2,4.3.0 NVIDIA 591.86,false,assets/heightmaps/Hm_Terrain_Test_129.pgm,129,129,30.000,4.000,20,2.530,1.110,200000,2.622,0.000,6.000,12.446,78.444,133787,395180,133785,3515,1764,3753,3147,0,0,0,0,8,232.472,88.354,38.686,8.128,1.376,10.299,1.147,1.741,0.001,10.769,0.000,0.000,44260216,32,15.687,10.366,0.000,0.000,20
GPU ROAM-like,RelWithDebInfo,OpenGL,NVIDIA GeForce RTX 5090 D/PCIe/SSE2,4.3.0 NVIDIA 591.86,false,assets/heightmaps/Hm_Terrain_Test_129.pgm,129,129,30.000,4.000,20,2.530,1.110,200000,2.711,0.000,6.000,12.290,88.889,133374,402686,133372,3799,1922,4212,3394,0,0,0,0,8,194.704,97.249,47.400,8.377,2.418,10.382,1.085,0.218,0.001,11.535,0.000,0.000,45100888,32,22.842,10.358,0.000,0.000,20
GPU ROAM-like,RelWithDebInfo,OpenGL,NVIDIA GeForce RTX 5090 D/PCIe/SSE2,4.3.0 NVIDIA 591.86,false,assets/heightmaps/Hm_Terrain_Test_129.pgm,129,129,30.000,4.000,20,2.530,1.110,200000,2.809,0.000,6.000,12.114,97.773,132934,411198,132932,4294,2165,4734,3909,0,0,0,0,8,224.660,91.377,40.285,7.955,1.360,10.977,1.140,2.120,0.001,11.461,0.000,0.000,46054232,32,16.663,10.697,0.000,0.000,20
GPU ROAM-like,RelWithDebInfo,OpenGL,NVIDIA GeForce RTX 5090 D/PCIe/SSE2,4.3.0 NVIDIA 591.86,false,assets/heightmaps/Hm_Terrain_Test_129.pgm,129,129,30.000,4.000,20,2.530,1.110,200000,2.901,0.000,6.000,11.945,91.927,132430,419346,132428,4124,2086,4628,3738,0,0,0,0,8,155.764,91.272,40.556,8.418,1.488,10.976,1.134,0.203,0.001,12.264,0.000,0.000,46966808,32,16.251,10.993,0.000,0.000,20
GPU ROAM-like,RelWithDebInfo,OpenGL,NVIDIA GeForce RTX 5090 D/PCIe/SSE2,4.3.0 NVIDIA 591.86,false,assets/heightmaps/Hm_Terrain_Test_129.pgm,129,129,30.000,4.000,20,2.530,1.110,200000,2.993,0.000,6.000,11.774,91.797,132148,427546,132146,4224,2174,4506,3746,0,0,0,0,8,207.375,91.437,39.135,8.177,1.611,11.112,1.198,2.067,0.001,12.002,0.000,0.000,47885208,32,16.116,10.273,0.000,0.000,20
GPU ROAM-like,RelWithDebInfo,OpenGL,NVIDIA GeForce RTX 5090 D/PCIe/SSE2,4.3.0 NVIDIA 591.86,false,assets/heightmaps/Hm_Terrain_Test_129.pgm,129,129,30.000,4.000,20,2.530,1.110,200000,3.085,0.000,6.000,11.598,91.964,131507,435750,131505,4162,2110,4803,3809,0,0,0,0,8,165.227,86.180,39.685,7.645,1.956,14.732,1.167,0.148,0.001,4.558,0.000,0.000,48804056,32,16.210,10.474,0.000,0.000,20
GPU ROAM-like,RelWithDebInfo,OpenGL,NVIDIA GeForce RTX 5090 D/PCIe/SSE2,4.3.0 NVIDIA 591.86,false,assets/heightmaps/Hm_Terrain_Test_129.pgm,129,129,30.000,4.000,20,2.530,1.110,200000,3.172,0.000,6.000,11.431,86.723,130952,443398,130950,3828,1915,4383,3546,0,0,0,0,8,113.127,83.940,41.160,7.894,1.505,11.360,1.198,1.127,0.001,4.773,0.000,0.000,49660632,32,17.223,10.532,0.000,0.000,20
GPU ROAM-like,RelWithDebInfo,OpenGL,NVIDIA GeForce RTX 5090 D/PCIe/SSE2,4.3.0 NVIDIA 591.86,false,assets/heightmaps/Hm_Terrain_Test_129.pgm,129,129,30.000,4.000,20,2.530,1.110,200000,3.256,0.000,6.000,11.265,84.497,130632,450718,130630,3676,1846,3996,3382,0,0,0,0,8,130.420,84.912,41.737,8.096,1.641,11.176,1.253,0.150,0.001,4.793,0.000,0.000,50480472,32,19.092,9.732,0.000,0.000,20
GPU ROAM-like,RelWithDebInfo,OpenGL,NVIDIA GeForce RTX 5090 D/PCIe/SSE2,4.3.0 NVIDIA 591.86,false,assets/heightmaps/Hm_Terrain_Test_129.pgm,129,129,30.000,4.000,20,2.530,1.110,200000,3.341,0.000,6.000,11.095,85.447,130075,458278,130073,3796,1905,4353,3510,0,0,0,0,8,237.494,86.578,40.526,8.841,1.609,11.537,1.320,1.183,0.001,4.942,0.000,0.000,51327192,32,17.496,9.916,0.000,0.000,20
GPU ROAM-like,RelWithDebInfo,OpenGL,NVIDIA GeForce RTX 5090 D/PCIe/SSE2,4.3.0 NVIDIA 591.86,false,assets/heightmaps/Hm_Terrain_Test_129.pgm,129,129,30.000,4.000,20,2.530,1.110,200000,3.429,0.000,6.000,10.919,87.120,129707,465954,129705,3844,1924,4212,3563,0,0,0,0,8,194.013,94.736,42.190,8.945,1.660,12.473,1.310,1.183,0.001,5.030,0.000,0.000,52186904,32,18.015,10.432,0.000,0.000,20
GPU ROAM-like,RelWithDebInfo,OpenGL,NVIDIA GeForce RTX 5090 D/PCIe/SSE2,4.3.0 NVIDIA 591.86,false,assets/heightmaps/Hm_Terrain_Test_129.pgm,129,129,30.000,4.000,20,2.530,1.110,200000,3.524,0.000,6.000,10.725,95.276,129312,474642,129310,4396,2223,4791,4034,0,0,0,0,8,216.460,87.738,41.948,9.097,1.535,12.737,2.290,0.139,0.001,4.123,0.000,0.000,53159960,32,18.222,10.566,0.000,0.000,20
GPU ROAM-like,RelWithDebInfo,OpenGL,NVIDIA GeForce RTX 5090 D/PCIe/SSE2,4.3.0 NVIDIA 591.86,false,assets/heightmaps/Hm_Terrain_Test_129.pgm,129,129,30.000,4.000,20,2.530,1.110,200000,3.612,0.000,6.000,10.543,88.270,129204,482762,129202,4110,2079,4218,3771,0,0,0,0,8,216.762,87.640,40.135,9.212,1.710,12.648,2.163,0.834,0.001,4.330,0.000,0.000,54069400,32,17.742,9.552,0.000,0.000,20
GPU ROAM-like,RelWithDebInfo,OpenGL,NVIDIA GeForce RTX 5090 D/PCIe/SSE2,4.3.0 NVIDIA 591.86,false,assets/heightmaps/Hm_Terrain_Test_129.pgm,129,129,30.000,4.000,20,2.530,1.110,200000,3.700,0.000,6.000,10.358,88.169,129076,491342,129074,4352,2207,4480,3950,0,0,0,0,8,106.640,89.053,42.064,9.715,1.526,12.999,2.404,0.146,0.001,4.134,0.000,0.000,55030360,32,18.197,10.392,0.000,0.000,20
GPU ROAM-like,RelWithDebInfo,OpenGL,NVIDIA GeForce RTX 5090 D/PCIe/SSE2,4.3.0 NVIDIA 591.86,false,assets/heightmaps/Hm_Terrain_Test_129.pgm,129,129,30.000,4.000,20,2.530,1.110,200000,3.790,0.000,6.000,10.170,89.586,129110,500418,129108,4602,2332,4568,4231,0,0,0,0,8,211.788,89.711,41.529,9.459,6.625,13.200,2.580,0.922,0.001,4.227,0.000,0.000,56046872,32,19.024,9.634,0.000,0.000,20
GPU ROAM-like,RelWithDebInfo,OpenGL,NVIDIA GeForce RTX 5090 D/PCIe/SSE2,4.3.0 NVIDIA 591.86,false,assets/heightmaps/Hm_Terrain_Test_129.pgm,129,129,30.000,4.000,20,2.530,1.110,200000,3.880,0.000,6.000,9.978,90.240,129220,509742,129218,4694,2362,4584,4336,0,0,0,0,8,139.615,90.741,42.810,9.800,1.675,13.423,2.483,0.142,0.001,4.161,0.000,0.000,57091160,32,19.035,10.056,0.000,0.000,20
GPU ROAM-like,RelWithDebInfo,OpenGL,NVIDIA GeForce RTX 5090 D/PCIe/SSE2,4.3.0 NVIDIA 591.86,false,assets/heightmaps/Hm_Terrain_Test_129.pgm,129,129,30.000,4.000,20,2.530,1.110,200000,3.971,0.000,6.000,9.782,91.277,129417,519154,129415,4714,2360,4517,4400,0,0,0,0,8,209.881,90.564,41.427,9.845,1.613,13.606,2.631,0.906,0.001,4.420,0.000,0.000,58145304,32,18.678,9.842,0.000,0.000,20
GPU ROAM-like,RelWithDebInfo,OpenGL,NVIDIA GeForce RTX 5090 D/PCIe/SSE2,4.3.0 NVIDIA 591.86,false,assets/heightmaps/Hm_Terrain_Test_129.pgm,129,129,30.000,4.000,20,2.530,1.110,200000,4.063,0.000,6.000,9.585,91.103,129702,529002,129700,4934,2471,4649,4647,0,0,0,0,8,203.290,101.128,43.552,9.638,1.798,16.716,3.377,0.140,0.001,4.308,0.000,0.000,59248280,32,19.578,10.114,0.000,0.000,20
GPU ROAM-like,RelWithDebInfo,OpenGL,NVIDIA GeForce RTX 5090 D/PCIe/SSE2,4.3.0 NVIDIA 591.86,false,assets/heightmaps/Hm_Terrain_Test_129.pgm,129,129,30.000,4.000,20,2.530,1.110,200000,4.164,0.000,6.000,9.363,101.660,130033,540040,130031,5533,2773,5202,5185,0,0,0,0,8,213.702,96.277,46.411,9.772,1.721,13.405,2.753,0.929,0.001,4.536,0.000,0.000,60484536,32,20.970,10.144,0.000,0.000,20
GPU ROAM-like,RelWithDebInfo,OpenGL,NVIDIA GeForce RTX 5090 D/PCIe/SSE2,4.3.0 NVIDIA 591.86,false,assets/heightmaps/Hm_Terrain_Test_129.pgm,129,129,30.000,4.000,20,2.530,1.110,200000,4.261,0.000,6.000,9.151,96.803,130171,550400,130169,5204,2613,5066,4888,0,0,0,0,8,133.775,94.704,43.423,10.594,1.855,14.011,2.646,1.005,0.001,4.730,0.000,0.000,61644856,32,20.473,10.001,0.000,0.000,20
GPU ROAM-like,RelWithDebInfo,OpenGL,NVIDIA GeForce RTX 5090 D/PCIe/SSE2,4.3.0 NVIDIA 591.86,false,assets/heightmaps/Hm_Terrain_Test_129.pgm,129,129,30.000,4.000,20,2.530,1.110,200000,4.356,0.000,6.000,8.940,95.276,130512,560886,130510,5319,2697,4978,4954,0,0,0,0,8,215.057,95.776,43.653,11.163,1.796,14.829,2.859,0.157,0.001,4.779,0.000,0.000,62819288,32,19.658,10.302,0.000,0.000,20
GPU ROAM-like,RelWithDebInfo,OpenGL,NVIDIA GeForce RTX 5090 D/PCIe/SSE2,4.3.0 NVIDIA 591.86,false,assets/heightmaps/Hm_Terrain_Test_129.pgm,129,129,30.000,4.000,20,2.530,1.110,200000,4.453,0.000,6.000,8.725,97.099,130930,572238,130928,5762,2923,5344,5350,0,0,0,0,8,190.684,107.847,43.463,11.626,1.863,15.075,2.536,2.007,0.001,14.121,0.000,0.000,64090712,32,20.667,9.482,0.000,0.000,20
GPU ROAM-like,RelWithDebInfo,OpenGL,NVIDIA GeForce RTX 5090 D/PCIe/SSE2,4.3.0 NVIDIA 591.86,false,assets/heightmaps/Hm_Terrain_Test_129.pgm,129,129,30.000,4.000,20,2.530,1.110,200000,4.562,0.000,6.000,8.484,108.382,131598,585378,131596,6668,3382,6000,6247,0,0,0,0,8,185.627,110.810,45.113,11.769,1.771,15.785,2.854,2.073,0.001,14.462,0.000,0.000,65562392,32,21.158,10.678,0.000,0.000,20
GPU ROAM-like,RelWithDebInfo,OpenGL,NVIDIA GeForce RTX 5090 D/PCIe/SSE2,4.3.0 NVIDIA 591.86,false,assets/heightmaps/Hm_Terrain_Test_129.pgm,129,129,30.000,4.000,20,2.530,1.110,200000,4.673,0.000,6.000,8.235,111.339,132082,599390,132080,7076,3572,6592,6692,0,0,0,0,8,203.683,101.141,46.177,11.531,1.838,16.066,2.708,0.146,0.001,5.127,0.000,0.000,67131736,32,22.061,10.544,0.000,0.000,20
GPU ROAM-like,RelWithDebInfo,OpenGL,NVIDIA GeForce RTX 5090 D/PCIe/SSE2,4.3.0 NVIDIA 591.86,false,assets/heightmaps/Hm_Terrain_Test_129.pgm,129,129,30.000,4.000,20,2.530,1.110,200000,4.775,0.000,6.000,8.006,101.692,132590,612434,132588,6588,3326,6080,6229,0,0,0,0,8,192.451,115.054,57.567,11.861,2.574,16.504,2.959,1.156,0.001,5.326,0.000,0.000,68592664,32,32.531,10.076,0.000,0.000,20
GPU ROAM-like,RelWithDebInfo,OpenGL,NVIDIA GeForce RTX 5090 D/PCIe/SSE2,4.3.0 NVIDIA 591.86,false,assets/heightmaps/Hm_Terrain_Test_129.pgm,129,129,30.000,4.000,20,2.530,1.110,200000,4.890,0.000,6.000,7.747,115.604,133027,627434,133025,7580,3829,7143,7171,0,0,0,0,8,213.655,103.822,46.999,11.968,1.939,16.974,3.081,1.074,0.001,5.431,0.000,0.000,70272664,32,22.715,10.596,0.000,0.000,20
GPU ROAM-like,RelWithDebInfo,OpenGL,NVIDIA GeForce RTX 5090 D/PCIe/SSE2,4.3.0 NVIDIA 591.86,false,assets/heightmaps/Hm_Terrain_Test_129.pgm,129,129,30.000,4.000,20,2.530,1.110,200000,4.995,0.000,6.000,7.512,104.356,133556,641234,133554,6968,3517,6439,6550,0,0,0,0,8,138.323,103.292,45.782,12.186,1.975,17.180,2.898,1.191,0.001,5.565,0.000,0.000,71818264,32,21.333,10.498,0.000,0.000,20
GPU ROAM-like,RelWithDebInfo,OpenGL,NVIDIA GeForce RTX 5090 D/PCIe/SSE2,4.3.0 NVIDIA 591.86,false,assets/heightmaps/Hm_Terrain_Test_129.pgm,129,129,30.000,4.000,20,2.530,1.110,200000,5.099,0.000,6.000,7.278,103.841,133710,654782,133708,6858,3470,6704,6442,0,0,0,0,8,118.200,107.256,49.871,11.625,2.123,15.948,2.979,1.156,0.001,5.692,0.000,0.000,73335640,32,22.065,10.489,0.000,0.000,20
GPU ROAM-like,RelWithDebInfo,OpenGL,NVIDIA GeForce RTX 5090 D/PCIe/SSE2,4.3.0 NVIDIA 591.86,false,assets/heightmaps/Hm_Terrain_Test_129.pgm,129,129,30.000,4.000,20,2.530,1.110,200000,5.206,0.000,6.000,7.036,107.795,134130,669466,134128,7368,3696,6948,7024,0,0,0,0,8,91.653,103.836,46.869,12.719,1.966,16.727,2.891,0.169,0.001,6.115,0.000,0.000,74980248,32,22.555,10.538,0.000,0.000,20
GPU ROAM-like,RelWithDebInfo,OpenGL,NVIDIA GeForce RTX 5090 D/PCIe/SSE2,4.3.0 NVIDIA 591.86,false,assets/heightmaps/Hm_Terrain_Test_129.pgm,129,129,30.000,4.000,20,2.530,1.110,200000,5.311,0.000,6.000,6.802,104.375,134208,683578,134206,7066,3536,6988,6751,0,0,0,0,8,187.422,109.942,48.740,13.138,2.008,18.128,3.308,1.145,0.001,5.782,0.000,0.000,76560792,32,22.692,10.993,0.000,0.000,20
GPU ROAM-like,RelWithDebInfo,OpenGL,NVIDIA GeForce RTX 5090 D/PCIe/SSE2,4.3.0 NVIDIA 591.86,false,assets/heightmaps/Hm_Terrain_Test_129.pgm,129,129,30.000,4.000,20,2.530,1.110,200000,5.421,0.000,6.000,6.554,110.513,134502,698662,134500,7558,3787,7264,7212,0,0,0,0,8,126.393,112.858,48.128,13.318,2.238,19.117,3.547,1.174,0.001,5.943,0.000,0.000,78250200,32,23.464,10.647,0.000,0.000,20
GPU ROAM-like,RelWithDebInfo,OpenGL,NVIDIA GeForce RTX 5090 D/PCIe/SSE2,4.3.0 NVIDIA 591.86,false,assets/heightmaps/Hm_Terrain_Test_129.pgm,129,129,30.000,4.000,20,2.530,1.110,200000,5.535,0.000,6.000,6.302,113.397,134485,713968,134483,7695,3867,7712,7324,0,0,0,0,8,97.623,113.677,50.097,13.853,2.036,19.432,3.425,1.176,0.001,6.092,0.000,0.000,79964472,32,23.545,11.257,0.000,0.000,20
GPU ROAM-like,RelWithDebInfo,OpenGL,NVIDIA GeForce RTX 5090 D/PCIe/SSE2,4.3.0 NVIDIA 591.86,false,assets/heightmaps/Hm_Terrain_Test_129.pgm,129,129,30.000,4.000,20,2.530,1.110,200000,5.649,0.000,6.000,6.048,114.232,134461,729510,134459,7827,3940,7851,7473,0,0,0,0,8,198.207,127.804,49.848,14.694,2.383,19.996,2.983,2.237,0.001,18.375,0.000,0.000,81705176,32,24.005,10.990,0.000,0.000,20
GPU ROAM-like,RelWithDebInfo,OpenGL,NVIDIA GeForce RTX 5090 D/PCIe/SSE2,4.3.0 NVIDIA 591.86,false,assets/heightmaps/Hm_Terrain_Test_129.pgm,129,129,30.000,4.000,20,2.530,1.110,200000,5.777,0.000,6.000,5.765,128.372,134090,746570,134088,8564,4298,8935,8197,0,0,0,0,8,192.215,131.761,51.563,15.045,2.150,19.873,3.031,2.204,0.001,19.390,0.000,0.000,83615896,32,24.404,11.891,0.000,0.000,20
GPU ROAM-like,RelWithDebInfo,OpenGL,NVIDIA GeForce RTX 5090 D/PCIe/SSE2,4.3.0 NVIDIA 591.86,false,assets/heightmaps/Hm_Terrain_Test_129.pgm,129,129,30.000,4.000,20,2.530,1.110,200000,5.910,0.000,6.000,5.476,132.313,134054,764754,134052,9122,4575,9158,8716,0,0,0,0,8,167.630,132.223,50.990,15.229,2.160,20.482,3.088,2.141,0.001,20.443,0.000,0.000,85652504,32,24.581,12.159,0.000,0.000,20
GPU ROAM-like,RelWithDebInfo,OpenGL,NVIDIA GeForce RTX 5090 D/PCIe/SSE2,4.3.0 NVIDIA 591.86,false,assets/heightmaps/Hm_Terrain_Test_129.pgm,129,129,30.000,4.000,20,2.530,1.110,200000,6.042,0.000,6.000,5.189,132.760,133642,782498,133640,8902,4465,9314,8529,0,0,0,0,8,197.203,120.588,51.335,16.223,2.243,20.879,4.102,1.280,0.001,6.296,0.000,0.000,87639832,32,24.917,12.234,0.000,0.000,20
GPU ROAM-like,RelWithDebInfo,OpenGL,NVIDIA GeForce RTX 5090 D/PCIe/SSE2,4.3.0 NVIDIA 591.86,false,assets/heightmaps/Hm_Terrain_Test_129.pgm,129,129,30.000,4.000,20,2.530,1.110,200000,6.163,0.000,6.000,4.930,121.132,133550,798922,133548,8256,4149,8348,7840,0,0,0,0,8,199.714,119.163,51.374,15.307,2.326,20.160,3.861,1.327,0.001,6.782,0.000,0.000,89479320,32,24.605,12.101,0.000,0.000,20
GPU ROAM-like,RelWithDebInfo,OpenGL,NVIDIA GeForce RTX 5090 D/PCIe/SSE2,4.3.0 NVIDIA 591.86,false,assets/heightmaps/Hm_Terrain_Test_129.pgm,129,129,30.000,4.000,20,2.530,1.110,200000,6.283,0.000,6.000,4.676,119.713,133316,815266,133314,8188,4101,8422,7803,0,0,0,0,8,91.312,121.664,51.819,15.763,2.374,21.658,3.970,1.541,0.001,6.701,0.000,0.000,91309848,32,24.988,11.867,0.000,0.000,20
GPU ROAM-like,RelWithDebInfo,OpenGL,NVIDIA GeForce RTX 5090 D/PCIe/SSE2,4.3.0 NVIDIA 591.86,false,assets/heightmaps/Hm_Terrain_Test_129.pgm,129,129,30.000,4.000,20,2.530,1.110,200000,6.405,0.000,6.000,4.421,122.233,133080,831314,133078,8032,4016,8268,7643,0,0,0,0,8,92.753,136.651,57.047,16.026,2.371,22.830,3.934,1.385,0.001,7.077,0.000,0.000,93107224,32,27.308,11.736,0.000,0.000,20
GPU ROAM-like,RelWithDebInfo,OpenGL,NVIDIA GeForce RTX 5090 D/PCIe/SSE2,4.3.0 NVIDIA 591.86,false,assets/heightmaps/Hm_Terrain_Test_129.pgm,129,129,30.000,4.000,20,2.530,1.110,200000,6.543,0.000,6.000,4.139,137.206,132518,848642,132516,8680,4343,9242,8311,0,0,0,0,8,97.494,130.101,57.695,16.117,2.401,22.989,3.963,1.448,0.001,7.556,0.000,0.000,95047960,32,29.844,12.266,0.000,0.000,20
GPU ROAM-like,RelWithDebInfo,OpenGL,NVIDIA GeForce RTX 5090 D/PCIe/SSE2,4.3.0 NVIDIA 591.86,false,assets/heightmaps/Hm_Terrain_Test_129.pgm,129,129,30.000,4.000,20,2.530,1.110,200000,6.673,0.000,6.000,3.876,130.648,131802,864622,131800,7996,3991,8712,7646,0,0,0,0,8,101.401,125.239,52.536,16.412,2.516,23.062,4.026,1.566,0.001,7.361,0.000,0.000,96837720,32,26.003,11.804,0.000,0.000,20
GPU ROAM-like,RelWithDebInfo,OpenGL,NVIDIA GeForce RTX 5090 D/PCIe/SSE2,4.3.0 NVIDIA 591.86,false,assets/heightmaps/Hm_Terrain_Test_129.pgm,129,129,30.000,4.000,20,2.530,1.110,200000,6.799,0.000,6.000,3.627,125.793,131089,879488,131087,7513,3790,8226,7087,0,0,0,0,8,99.739,142.973,53.427,17.354,2.654,23.534,3.818,2.891,0.001,22.439,0.000,0.000,98502712,32,26.489,11.642,0.000,0.000,20
GPU ROAM-like,RelWithDebInfo,OpenGL,NVIDIA GeForce RTX 5090 D/PCIe/SSE2,4.3.0 NVIDIA 591.86,false,assets/heightmaps/Hm_Terrain_Test_129.pgm,129,129,30.000,4.000,20,2.530,1.110,200000,6.943,0.000,6.000,3.349,143.521,130269,895424,130267,8024,4027,8844,7651,0,0,0,0,8,131.770,144.326,52.240,17.593,2.639,23.995,3.581,3.250,0.001,23.532,0.000,0.000,100287544,32,25.874,11.528,0.000,0.000,20
GPU ROAM-like,RelWithDebInfo,OpenGL,NVIDIA GeForce RTX 5090 D/PCIe/SSE2,4.3.0 NVIDIA 591.86,false,assets/heightmaps/Hm_Terrain_Test_129.pgm,129,129,30.000,4.000,20,2.530,1.110,200000,7.087,0.000,6.000,3.076,144.870,129556,911392,129554,8034,4033,8747,7630,0,0,0,0,8,223.708,148.776,72.419,17.481,2.630,22.552,3.821,1.916,0.001,8.620,0.000,0.000,102075960,32,44.042,11.988,0.000,0.000,20
GPU ROAM-like,RelWithDebInfo,OpenGL,NVIDIA GeForce RTX 5090 D/PCIe/SSE2,4.3.0 NVIDIA 591.86,false,assets/heightmaps/Hm_Terrain_Test_129.pgm,129,129,30.000,4.000,20,2.530,1.110,200000,7.238,0.000,6.000,2.801,150.281,128289,927016,128287,7872,3956,9139,7534,0,0,0,0,8,96.324,131.870,53.756,17.788,2.875,24.505,4.208,2.098,0.001,8.136,0.000,0.000,103825848,32,26.301,12.583,0.000,0.000,20
GPU ROAM-like,RelWithDebInfo,OpenGL,NVIDIA GeForce RTX 5090 D/PCIe/SSE2,4.3.0 NVIDIA 591.86,false,assets/heightmaps/Hm_Terrain_Test_129.pgm,129,129,30.000,4.000,20,2.530,1.110,200000,7.370,0.000,6.000,2.567,132.447,127534,940748,127532,6954,3512,7709,6526,0,0,0,0,8,181.161,131.526,52.949,17.671,3.442,25.180,4.550,2.084,0.001,8.114,0.000,0.000,105363832,32,24.757,11.971,0.000,0.000,20
GPU ROAM-like,RelWithDebInfo,OpenGL,NVIDIA GeForce RTX 5090 D/PCIe/SSE2,4.3.0 NVIDIA 591.86,false,assets/heightmaps/Hm_Terrain_Test_129.pgm,129,129,30.000,4.000,20,2.530,1.110,200000,7.502,0.000,6.000,2.340,132.078,126226,953280,126224,6276,3137,7584,5993,0,0,0,0,8,120.700,131.626,52.259,18.020,4.068,25.546,4.064,2.314,0.001,8.680,0.000,0.000,106767416,32,24.989,11.657,0.000,0.000,20
GPU ROAM-like,RelWithDebInfo,OpenGL,NVIDIA GeForce RTX 5090 D/PCIe/SSE2,4.3.0 NVIDIA 591.86,false,assets/heightmaps/Hm_Terrain_Test_129.pgm,129,129,30.000,4.000,20,2.530,1.110,200000,7.634,0.000,6.000,2.121,132.191,125097,965410,125095,6079,3045,7208,5787,0,0,0,0,8,303.676,130.851,50.943,18.271,4.503,26.180,4.745,2.352,0.001,8.369,0.000,0.000,108125976,32,24.540,11.670,0.000,0.000,20
GPU ROAM-like,RelWithDebInfo,OpenGL,NVIDIA GeForce RTX 5090 D/PCIe/SSE2,4.3.0 NVIDIA 591.86,false,assets/heightmaps/Hm_Terrain_Test_129.pgm,129,129,30.000,4.000,20,2.530,1.110,200000,7.766,0.000,6.000,1.912,131.409,124064,977170,124062,5910,2970,6943,5616,0,0,0,0,8,96.982,131.139,50.948,18.463,3.868,26.012,4.296,1.833,0.001,8.620,0.000,0.000,109443096,32,24.352,11.225,0.000,0.000,20
GPU ROAM-like,RelWithDebInfo,OpenGL,NVIDIA GeForce RTX 5090 D/PCIe/SSE2,4.3.0 NVIDIA 591.86,false,assets/heightmaps/Hm_Terrain_Test_129.pgm,129,129,30.000,4.000,20,2.530,1.110,200000,7.898,0.000,6.000,1.710,131.713,122999,988198,122997,5544,2787,6609,5282,0,0,0,0,8,157.972,130.817,49.437,18.678,3.956,26.894,4.583,2.608,0.001,8.829,0.000,0.000,110678232,32,23.996,10.981,0.000,0.000,20
GPU ROAM-like,RelWithDebInfo,OpenGL,NVIDIA GeForce RTX 5090 D/PCIe/SSE2,4.3.0 NVIDIA 591.86,false,assets/heightmaps/Hm_Terrain_Test_129.pgm,129,129,30.000,4.000,20,2.530,1.110,200000,8.029,0.000,6.000,1.519,131.397,121834,999074,121832,5444,2725,6609,5207,0,0,0,0,8,109.002,131.229,49.522,19.469,4.243,26.636,4.625,2.535,0.001,8.190,0.000,0.000,111896344,32,24.084,11.322,0.000,0.000,20
GPU ROAM-like,RelWithDebInfo,OpenGL,NVIDIA GeForce RTX 5090 D/PCIe/SSE2,4.3.0 NVIDIA 591.86,false,assets/heightmaps/Hm_Terrain_Test_129.pgm,129,129,30.000,4.000,20,2.530,1.110,200000,8.161,0.000,6.000,1.336,131.797,120732,1009134,120730,5040,2525,6142,4757,0,0,0,0,8,95.474,133.218,49.898,19.169,4.299,26.760,4.770,2.739,0.001,8.610,0.000,0.000,113023064,32,23.578,11.176,0.000,0.000,20
GPU ROAM-like,RelWithDebInfo,OpenGL,NVIDIA GeForce RTX 5090 D/PCIe/SSE2,4.3.0 NVIDIA 591.86,false,assets/heightmaps/Hm_Terrain_Test_129.pgm,129,129,30.000,4.000,20,2.530,1.110,200000,8.295,0.000,6.000,1.160,133.783,119604,1018674,119602,4790,2405,5918,4545,0,0,0,0,8,109.477,130.774,48.960,19.591,4.986,27.386,4.614,1.999,0.001,8.847,0.000,0.000,114091544,32,23.545,11.187,0.000,0.000,20
GPU ROAM-like,RelWithDebInfo,OpenGL,NVIDIA GeForce RTX 5090 D/PCIe/SSE2,4.3.0 NVIDIA 591.86,false,assets/heightmaps/Hm_Terrain_Test_129.pgm,129,129,30.000,4.000,20,2.530,1.110,200000,8.426,0.000,6.000,0.998,131.346,118676,1028074,118674,4742,2392,5670,4413,0,0,0,0,8,96.995,131.245,48.133,19.340,4.749,27.795,4.769,2.889,0.001,9.022,0.000,0.000,115144344,32,23.653,10.602,0.000,0.000,20
GPU ROAM-like,RelWithDebInfo,OpenGL,NVIDIA GeForce RTX 5090 D/PCIe/SSE2,4.3.0 NVIDIA 591.86,false,assets/heightmaps/Hm_Terrain_Test_129.pgm,129,129,30.000,4.000,20,2.530,1.110,200000,8.558,0.000,6.000,0.846,131.830,117848,1036594,117846,4262,2132,5090,3951,0,0,0,0,8,351.604,135.658,47.548,19.795,4.514,27.781,4.572,5.079,0.001,11.758,0.000,0.000,116098584,32,22.661,11.120,0.000,0.000,20
GPU ROAM-like,RelWithDebInfo,OpenGL,NVIDIA GeForce RTX 5090 D/PCIe/SSE2,4.3.0 NVIDIA 591.86,false,assets/heightmaps/Hm_Terrain_Test_129.pgm,129,129,30.000,4.000,20,2.530,1.110,200000,8.694,0.000,6.000,0.701,136.389,116918,1044782,116916,4094,2047,5024,3778,0,0,0,0,8,87.525,163.035,46.924,21.468,4.968,28.233,43.943,3.422,0.001,0.088,0.000,0.000,117015640,32,22.963,10.071,0.000,0.000,20
GPU ROAM-like,RelWithDebInfo,OpenGL,NVIDIA GeForce RTX 5090 D/PCIe/SSE2,4.3.0 NVIDIA 591.86,false,assets/heightmaps/Hm_Terrain_Test_129.pgm,129,129,30.000,4.000,20,2.530,1.110,200000,8.858,0.000,6.000,0.542,163.596,115652,1053466,115650,4386,2215,5652,4090,0,0,0,0,8,109.325,131.015,46.744,20.043,5.337,28.211,4.706,3.081,0.001,9.509,0.000,0.000,117988248,32,22.860,10.469,0.000,0.000,20
GPU ROAM-like,RelWithDebInfo,OpenGL,NVIDIA GeForce RTX 5090 D/PCIe/SSE2,4.3.0 NVIDIA 591.86,false,assets/heightmaps/Hm_Terrain_Test_129.pgm,129,129,30.000,4.000,20,2.530,1.110,200000,8.989,0.000,6.000,0.429,131.600,115130,1060086,115128,3320,1665,3842,3020,0,0,0,0,8,97.468,130.635,44.932,20.382,5.235,28.667,5.524,3.045,0.001,8.839,0.000,0.000,118729688,32,21.542,9.517,0.000,0.000,20
GPU ROAM-like,RelWithDebInfo,OpenGL,NVIDIA GeForce RTX 5090 D/PCIe/SSE2,4.3.0 NVIDIA 591.86,false,assets/heightmaps/Hm_Terrain_Test_129.pgm,129,129,30.000,4.000,20,2.530,1.110,200000,9.120,0.000,6.000,0.328,131.206,114380,1065882,114378,2920,1471,3670,2573,0,0,0,0,8,214.603,126.206,44.464,20.158,7.353,26.186,5.152,2.394,0.001,9.210,0.000,0.000,119378840,32,21.288,9.705,0.000,0.000,20
GPU ROAM-like,RelWithDebInfo,OpenGL,NVIDIA GeForce RTX 5090 D/PCIe/SSE2,4.3.0 NVIDIA 591.86,false,assets/heightmaps/Hm_Terrain_Test_129.pgm,129,129,30.000,4.000,20,2.530,1.110,200000,9.247,0.000,6.000,0.242,126.782,113791,1070474,113789,2300,1152,2889,2034,0,0,0,0,8,237.247,127.548,42.564,21.037,7.677,28.799,5.102,2.315,0.001,9.304,0.000,0.000,119893144,32,20.589,8.772,0.000,0.000,20
GPU ROAM-like,RelWithDebInfo,OpenGL,NVIDIA GeForce RTX 5090 D/PCIe/SSE2,4.3.0 NVIDIA 591.86,false,assets/heightmaps/Hm_Terrain_Test_129.pgm,129,129,30.000,4.000,20,2.530,1.110,200000,9.375,0.000,6.000,0.168,128.115,113586,1074942,113584,2238,1121,2443,1935,0,0,0,0,8,111.374,128.690,42.592,20.615,5.562,28.988,4.689,3.246,0.001,9.735,0.000,0.000,120393560,32,20.493,8.329,0.000,0.000,20
GPU ROAM-like,RelWithDebInfo,OpenGL,NVIDIA GeForce RTX 5090 D/PCIe/SSE2,4.3.0 NVIDIA 591.86,false,assets/heightmaps/Hm_Terrain_Test_129.pgm,129,129,30.000,4.000,20,2.530,1.110,200000,9.505,0.000,6.000,0.107,129.264,113102,1078482,113100,1788,903,2272,1488,0,0,0,0,8,99.619,127.899,41.494,20.990,5.571,29.352,5.496,2.397,0.001,9.066,0.000,0.000,120790040,32,20.056,8.565,0.000,0.000,20
GPU ROAM-like,RelWithDebInfo,OpenGL,NVIDIA GeForce RTX 5090 D/PCIe/SSE2,4.3.0 NVIDIA 591.86,false,assets/heightmaps/Hm_Terrain_Test_129.pgm,129,129,30.000,4.000,20,2.530,1.110,200000,9.633,0.000,6.000,0.059,128.483,112714,1081294,112712,1416,713,1804,1102,0,0,0,0,8,163.546,126.640,41.756,20.307,6.007,29.115,4.597,2.468,0.001,9.681,0.000,0.000,121104984,32,19.987,8.611,0.000,0.000,20
GPU ROAM-like,RelWithDebInfo,OpenGL,NVIDIA GeForce RTX 5090 D/PCIe/SSE2,4.3.0 NVIDIA 591.86,false,assets/heightmaps/Hm_Terrain_Test_129.pgm,129,129,30.000,4.000,20,2.530,1.110,200000,9.760,0.000,6.000,0.025,127.216,112662,1083138,112660,922,461,974,683,0,0,0,0,8,200.444,127.162,40.955,21.047,5.921,29.328,4.769,2.524,0.001,9.976,0.000,0.000,121311512,32,19.924,8.067,0.000,0.000,20
GPU ROAM-like,RelWithDebInfo,OpenGL,NVIDIA GeForce RTX 5090 D/PCIe/SSE2,4.3.0 NVIDIA 591.86,false,assets/heightmaps/Hm_Terrain_Test_129.pgm,129,129,30.000,4.000,20,2.530,1.110,200000,9.888,0.000,6.000,0.006,127.749,112512,1084294,112510,582,293,732,367,0,0,0,0,8,116.185,123.496,38.963,20.382,5.780,28.943,4.746,2.515,0.001,9.693,0.000,0.000,121440984,32,19.106,7.229,0.000,0.000,20
GPU ROAM-like,RelWithDebInfo,OpenGL,NVIDIA GeForce RTX 5090 D/PCIe/SSE2,4.3.0 NVIDIA 591.86,false,assets/heightmaps/Hm_Terrain_Test_129.pgm,129,129,30.000,4.000,20,2.530,1.110,200000,10.000,0.000,6.000,0.000,124.067,112540,1084626,112538,166,83,138,100,0,0,0,0,8,115.452,124.253,38.263,21.591,6.125,29.270,4.943,2.546,0.001,9.322,0.000,0.000,121478168,32,18.798,6.464,0.000,0.000,20
